experiment,epoch,learning_rate,gradient_timing,loc_grad_norm,scale_grad_norm,pi_grad_norm,chosen_location_output_grad_mean_abs,chosen_scale_output_grad_mean_abs,pred_max_displacement_m,scale_mean,scale_max,GT_max_displacement_m
single_moving_actor_overfit,1,0.0005,train-mode backward before optimizer step,3.002437125907024,61.650980993250265,1.2469388568554174,0.06433217972517014,1.197561264038086,2.15960431098938,1.1700901985168457,4.166775226593018,49.5347785949707
single_moving_actor_overfit,2,0.0005,train-mode backward before optimizer step,2.9777742392240474,43.66357316102122,5.909420390897635,0.0551588349044323,0.9162036776542664,,,,
single_moving_actor_overfit,3,0.0005,train-mode backward before optimizer step,4.076270149643506,35.76333504113005,2.784516589130232,0.05947507172822952,0.7232567667961121,,,,
single_moving_actor_overfit,4,0.0005,train-mode backward before optimizer step,2.8320754532121004,37.87944859480502,1.6090248608180968,0.05713341385126114,0.8400543928146362,,,,
single_moving_actor_overfit,5,0.0005,train-mode backward before optimizer step,4.373885343898565,32.82746479336747,0.5931309120232584,0.06483075767755508,1.1902971267700195,,,,
single_moving_actor_overfit,6,0.0005,train-mode backward before optimizer step,3.075340475550054,30.494663430081932,0.464592659390628,0.04704920947551727,0.5403800010681152,,,,
single_moving_actor_overfit,7,0.0005,train-mode backward before optimizer step,2.727303317555697,16.687162870942817,0.4630726042481639,0.04957481473684311,0.3520013689994812,,,,
single_moving_actor_overfit,8,0.0005,train-mode backward before optimizer step,3.4363430189734947,22.803577353493576,0.44914435487332793,0.055351220071315765,0.6430027484893799,,,,
single_moving_actor_overfit,9,0.0005,train-mode backward before optimizer step,3.0370942019391407,35.04415138449036,0.5758567027100445,0.05136845260858536,0.5560742616653442,,,,
single_moving_actor_overfit,10,0.0005,train-mode backward before optimizer step,3.1249587052605086,19.661774803288086,0.5554737472207694,0.047643356025218964,0.43736183643341064,2.4044909477233887,1.415959358215332,3.0011708736419678,49.5347785949707
single_moving_actor_overfit,11,0.0005,train-mode backward before optimizer step,2.865225285858738,14.129013732317782,0.3206898766367736,0.047787897288799286,0.2724030613899231,,,,
single_moving_actor_overfit,12,0.0005,train-mode backward before optimizer step,3.483695385496305,10.822991741899717,0.41467629242984944,0.049763213843107224,0.21400398015975952,,,,
single_moving_actor_overfit,13,0.0005,train-mode backward before optimizer step,2.9387016773475394,16.219986029444158,0.4226328805726384,0.047876112163066864,0.25249382853507996,,,,
single_moving_actor_overfit,14,0.0005,train-mode backward before optimizer step,3.273241629440916,10.752068971353973,0.2828739392434105,0.05159347876906395,0.2201305478811264,,,,
single_moving_actor_overfit,15,0.0005,train-mode backward before optimizer step,3.9300940196852157,9.11538642488807,0.3485569422864761,0.05391666293144226,0.2114868015050888,,,,
single_moving_actor_overfit,16,0.0005,train-mode backward before optimizer step,2.8783578294270895,8.812487805389845,0.36084699372532825,0.05214975029230118,0.1911086142063141,,,,
single_moving_actor_overfit,17,0.0005,train-mode backward before optimizer step,2.4090918831745736,10.234491229971152,0.5195992722733093,0.043355174362659454,0.20477303862571716,,,,
single_moving_actor_overfit,18,0.0005,train-mode backward before optimizer step,2.556179029962954,9.63902896394345,0.31819323579910025,0.046076204627752304,0.17953525483608246,,,,
single_moving_actor_overfit,19,0.0005,train-mode backward before optimizer step,4.611239004103977,9.883138760453866,0.16173010035014257,0.06060299277305603,0.24777266383171082,,,,
single_moving_actor_overfit,20,0.0005,train-mode backward before optimizer step,2.814095053920139,8.107039524222138,0.351750069017564,0.05076266825199127,0.15235212445259094,2.044689178466797,1.4835346937179565,3.138417959213257,49.5347785949707
single_moving_actor_overfit,21,0.0005,train-mode backward before optimizer step,3.146535756038694,8.359298256112647,0.26321669688463994,0.049842432141304016,0.16455858945846558,,,,
single_moving_actor_overfit,22,0.0005,train-mode backward before optimizer step,2.947695265526987,6.753320967080843,0.5634846645890809,0.050128813832998276,0.15497708320617676,,,,
single_moving_actor_overfit,23,0.0005,train-mode backward before optimizer step,2.690584709692068,7.732805696204563,0.3353600017138158,0.0479925200343132,0.17601796984672546,,,,
single_moving_actor_overfit,24,0.0005,train-mode backward before optimizer step,2.926318890418763,7.104767052289573,0.22556505398473575,0.050508588552474976,0.1456279456615448,,,,
single_moving_actor_overfit,25,0.0005,train-mode backward before optimizer step,2.429210990276708,6.469196300825138,0.11696717361732413,0.04898293316364288,0.14524513483047485,,,,
single_moving_actor_overfit,26,0.0005,train-mode backward before optimizer step,2.6750317488995616,6.0956899981324435,0.2505897982333912,0.05288219451904297,0.1325094997882843,,,,
single_moving_actor_overfit,27,0.0005,train-mode backward before optimizer step,2.2985735043871665,6.702117383256732,0.12161602176609972,0.04923069477081299,0.13554680347442627,,,,
single_moving_actor_overfit,28,0.0005,train-mode backward before optimizer step,2.6200234538386287,6.524361181444731,0.4085238016717438,0.05001058429479599,0.13348090648651123,,,,
single_moving_actor_overfit,29,0.0005,train-mode backward before optimizer step,2.5866304904171735,6.465791221632,0.20934128288216902,0.05216201767325401,0.12728703022003174,,,,
single_moving_actor_overfit,30,0.0005,train-mode backward before optimizer step,2.6149671616259793,6.711328840389958,0.3582631426350707,0.057137757539749146,0.13819736242294312,1.8638148307800293,1.5043666362762451,3.384087562561035,49.5347785949707
single_moving_actor_overfit,31,0.0005,train-mode backward before optimizer step,2.757977377040148,6.277484098924441,0.31563817438646097,0.053011901676654816,0.13625232875347137,,,,
single_moving_actor_overfit,32,0.0005,train-mode backward before optimizer step,3.012654510360765,5.665099674941813,0.0987480604642273,0.05246129631996155,0.12235993146896362,,,,
single_moving_actor_overfit,33,0.0005,train-mode backward before optimizer step,3.4732637177136487,5.6434085559629334,0.3342350882873192,0.05730566382408142,0.11707007139921188,,,,
single_moving_actor_overfit,34,0.0005,train-mode backward before optimizer step,4.1676354946121,6.465195000535298,0.14595449884554484,0.059755876660346985,0.12944969534873962,,,,
single_moving_actor_overfit,35,0.0005,train-mode backward before optimizer step,3.2670003509585617,6.312109447352825,0.3082976379844786,0.05414514243602753,0.1281452178955078,,,,
single_moving_actor_overfit,36,0.0005,train-mode backward before optimizer step,3.8180994137170337,5.452628246761795,0.23733890898208285,0.062438368797302246,0.11655443906784058,,,,
single_moving_actor_overfit,37,0.0005,train-mode backward before optimizer step,3.344252312840335,6.523623897903659,0.35814147164663573,0.0653589516878128,0.14279630780220032,,,,
single_moving_actor_overfit,38,0.0005,train-mode backward before optimizer step,4.008838497643303,5.27517831839782,0.1988304822464206,0.06296850740909576,0.1325484812259674,,,,
single_moving_actor_overfit,39,0.0005,train-mode backward before optimizer step,3.0688634977976927,4.632481324154208,0.24718440393226246,0.06161622330546379,0.12012588977813721,,,,
single_moving_actor_overfit,40,0.0005,train-mode backward before optimizer step,3.4335212732636995,5.117688388320444,0.17313992584487678,0.058311834931373596,0.11412736028432846,1.9139107465744019,1.5418468713760376,3.5083353519439697,49.5347785949707
single_moving_actor_overfit,41,0.0005,train-mode backward before optimizer step,3.592502910419213,5.013955889590615,0.14554542570523923,0.06152414530515671,0.1171506866812706,,,,
single_moving_actor_overfit,42,0.0005,train-mode backward before optimizer step,3.8850277585127855,4.986699285476922,0.1664343619406751,0.06536825001239777,0.12205611914396286,,,,
single_moving_actor_overfit,43,0.0005,train-mode backward before optimizer step,3.456942860036094,5.0802688451071445,0.10936572638175496,0.06285535544157028,0.12408232688903809,,,,
single_moving_actor_overfit,44,0.0005,train-mode backward before optimizer step,3.654206328015475,4.24058567353678,0.4485074524091178,0.06276323646306992,0.11089029163122177,,,,
single_moving_actor_overfit,45,0.0005,train-mode backward before optimizer step,4.279658847970844,4.677791823494295,0.35405849697970143,0.06970667839050293,0.12193363159894943,,,,
single_moving_actor_overfit,46,0.0005,train-mode backward before optimizer step,3.8136597210040692,4.399079901541871,0.19473289276363337,0.06092631816864014,0.128850519657135,,,,
single_moving_actor_overfit,47,0.0005,train-mode backward before optimizer step,4.118579216238834,4.453311775211781,0.1259330933859025,0.06865714490413666,0.10445612668991089,,,,
single_moving_actor_overfit,48,0.0005,train-mode backward before optimizer step,4.460827077928743,4.308796246439678,0.22882835129220497,0.07288067787885666,0.12702402472496033,,,,
single_moving_actor_overfit,49,0.0005,train-mode backward before optimizer step,3.7378108928927345,4.04392410368422,0.09054708573036582,0.06639544665813446,0.11444665491580963,,,,
single_moving_actor_overfit,50,0.0005,train-mode backward before optimizer step,4.909825780704041,4.603162740730494,0.2838684028582503,0.07451529800891876,0.1216360330581665,1.9690698385238647,1.5792350769042969,3.7486677169799805,49.5347785949707
single_moving_actor_overfit,51,0.0005,train-mode backward before optimizer step,3.632985411646484,4.1326400625596404,0.21964824742702724,0.06979195773601532,0.11100572347640991,,,,
single_moving_actor_overfit,52,0.0005,train-mode backward before optimizer step,5.063569811028437,4.920716781258448,0.11692388816501428,0.07244310528039932,0.10774727165699005,,,,
single_moving_actor_overfit,53,0.0005,train-mode backward before optimizer step,4.029567061975462,3.8664917620617523,0.14777700786108927,0.07405901700258255,0.11670772731304169,,,,
single_moving_actor_overfit,54,0.0005,train-mode backward before optimizer step,4.948623978690642,4.456722210244738,0.3474615596977966,0.074280746281147,0.11450649797916412,,,,
single_moving_actor_overfit,55,0.0005,train-mode backward before optimizer step,3.8471164292683975,3.6763958947853586,0.29530346254933276,0.07160953432321548,0.09870217740535736,,,,
single_moving_actor_overfit,56,0.0005,train-mode backward before optimizer step,4.504367289046152,4.602970893128573,0.2037318746161277,0.07659240812063217,0.12265521287918091,,,,
single_moving_actor_overfit,57,0.0005,train-mode backward before optimizer step,4.436189892165556,4.35002750297006,0.1596329314319604,0.07399733364582062,0.10534729808568954,,,,
single_moving_actor_overfit,58,0.0005,train-mode backward before optimizer step,4.57246644993379,4.357493725765692,0.09755295917315088,0.08203650265932083,0.10875068604946136,,,,
single_moving_actor_overfit,59,0.0005,train-mode backward before optimizer step,4.6233035798185504,4.59332925475389,0.19814717582742572,0.0835341215133667,0.1177140399813652,,,,
single_moving_actor_overfit,60,0.0005,train-mode backward before optimizer step,4.29117833160684,3.75368497920372,0.1264904235659068,0.07898765802383423,0.10632762312889099,2.140843152999878,1.6121430397033691,3.9808785915374756,49.5347785949707
single_moving_actor_overfit,61,0.0005,train-mode backward before optimizer step,4.112398814060779,3.589258731891634,0.16114430550507985,0.07418829947710037,0.08869107812643051,,,,
single_moving_actor_overfit,62,0.0005,train-mode backward before optimizer step,3.4029385397954113,4.286575480744503,0.23970470460960724,0.06961002945899963,0.10267907381057739,,,,
single_moving_actor_overfit,63,0.0005,train-mode backward before optimizer step,4.904126801191522,3.635451842948741,0.16155158144283766,0.08508061617612839,0.10554724931716919,,,,
single_moving_actor_overfit,64,0.0005,train-mode backward before optimizer step,4.762233075437532,3.7448346222987277,0.09370039186756927,0.0839482843875885,0.11393380165100098,,,,
single_moving_actor_overfit,65,0.0005,train-mode backward before optimizer step,5.226913292486958,3.6764323210726464,0.13817401279256106,0.08905556797981262,0.11071287095546722,,,,
single_moving_actor_overfit,66,0.0005,train-mode backward before optimizer step,4.610281386765398,3.8625913402165826,0.1777120826172922,0.07998891919851303,0.09816640615463257,,,,
single_moving_actor_overfit,67,0.0005,train-mode backward before optimizer step,5.399252011947566,3.612494933988238,0.1381501434717867,0.09191842377185822,0.10333378612995148,,,,
single_moving_actor_overfit,68,0.0005,train-mode backward before optimizer step,4.517148046603101,3.911843768962059,0.11043401614695474,0.08248233050107956,0.10835298895835876,,,,
single_moving_actor_overfit,69,0.0005,train-mode backward before optimizer step,4.0548798992317625,3.5571906714041135,0.04972710276284255,0.08827897161245346,0.11004378646612167,,,,
single_moving_actor_overfit,70,0.0005,train-mode backward before optimizer step,5.359586318024969,3.412918264347793,0.0792192679065538,0.0866287350654602,0.10481846332550049,2.2498676776885986,1.649477243423462,4.162327289581299,49.5347785949707
single_moving_actor_overfit,71,0.0005,train-mode backward before optimizer step,5.716459671621759,3.5346122685514603,0.13753858598121496,0.09149987995624542,0.11323636770248413,,,,
single_moving_actor_overfit,72,0.0005,train-mode backward before optimizer step,5.140092187660292,3.303796335151909,0.0735009890995531,0.08758946508169174,0.09142719209194183,,,,
single_moving_actor_overfit,73,0.0005,train-mode backward before optimizer step,5.549027982508112,3.579008095433947,0.1626236824699782,0.09434410184621811,0.11698098480701447,,,,
single_moving_actor_overfit,74,0.0005,train-mode backward before optimizer step,5.3787019123522235,3.4325064126167124,0.10464588334929985,0.0906553715467453,0.11738072335720062,,,,
single_moving_actor_overfit,75,0.0005,train-mode backward before optimizer step,5.344178270668559,3.3305902216739414,0.08664690122916055,0.09357043355703354,0.11082778871059418,,,,
single_moving_actor_overfit,76,0.0005,train-mode backward before optimizer step,5.067704627561586,3.257421804579923,0.21772213383522673,0.08624021708965302,0.10553400963544846,,,,
single_moving_actor_overfit,77,0.0005,train-mode backward before optimizer step,5.172382357559242,3.122431258209733,0.11239686501828036,0.09474138915538788,0.10093215107917786,,,,
single_moving_actor_overfit,78,0.0005,train-mode backward before optimizer step,5.176869470696951,3.1230501116386664,0.11656748379507742,0.09759359061717987,0.11484654247760773,,,,
single_moving_actor_overfit,79,0.0005,train-mode backward before optimizer step,5.28035432655251,3.2510486767149245,0.11634730310789002,0.09722571820020676,0.12181263417005539,,,,
single_moving_actor_overfit,80,0.0005,train-mode backward before optimizer step,6.499476576242773,3.1494075875332626,0.1616289238100723,0.10796716064214706,0.0974646806716919,2.2627370357513428,1.6773558855056763,4.33665132522583,49.5347785949707
single_moving_actor_overfit,81,0.0005,train-mode backward before optimizer step,5.541399139163853,3.1749711615507,0.07658417416898655,0.09641867130994797,0.09990304708480835,,,,
single_moving_actor_overfit,82,0.0005,train-mode backward before optimizer step,5.959932395675524,2.9418990584852382,0.09169772753465567,0.10674508661031723,0.10403931140899658,,,,
single_moving_actor_overfit,83,0.0005,train-mode backward before optimizer step,6.13763700625933,3.2384776534350257,0.1856203258919952,0.10929635167121887,0.11007829755544662,,,,
single_moving_actor_overfit,84,0.0005,train-mode backward before optimizer step,6.158037475656943,3.0219320311595066,0.10423872705965496,0.10362684726715088,0.10548486560583115,,,,
single_moving_actor_overfit,85,0.0005,train-mode backward before optimizer step,6.715250817914816,3.1898573028314505,0.11452616969282554,0.11962944269180298,0.12102501094341278,,,,
single_moving_actor_overfit,86,0.0005,train-mode backward before optimizer step,5.640175253223912,3.263158159120492,0.1577504033341606,0.09982331097126007,0.10886725038290024,,,,
single_moving_actor_overfit,87,0.0005,train-mode backward before optimizer step,7.102368748227522,3.092500638289159,0.0817728885831352,0.11741596460342407,0.10019594430923462,,,,
single_moving_actor_overfit,88,0.0005,train-mode backward before optimizer step,5.969906543619147,3.025938494225216,0.09763139943876961,0.10406910628080368,0.1058962494134903,,,,
single_moving_actor_overfit,89,0.0005,train-mode backward before optimizer step,6.30932812848049,2.9522744286578244,0.08550039950005948,0.11452239751815796,0.10438460111618042,,,,
single_moving_actor_overfit,90,0.0005,train-mode backward before optimizer step,7.06737685286068,2.898529688835358,0.03779292376622917,0.11395030468702316,0.1036309003829956,2.4016106128692627,1.6995548009872437,4.47468900680542,49.5347785949707
single_moving_actor_overfit,91,0.0005,train-mode backward before optimizer step,7.238288076533743,3.2803327412891874,0.13455985486571614,0.1254383623600006,0.13555048406124115,,,,
single_moving_actor_overfit,92,0.0005,train-mode backward before optimizer step,6.259792944245511,3.398941293402851,0.12953861687538135,0.10952930897474289,0.09647691249847412,,,,
single_moving_actor_overfit,93,0.0005,train-mode backward before optimizer step,7.384360951466719,2.9050371229325904,0.08634226780725346,0.13058438897132874,0.10397148132324219,,,,
single_moving_actor_overfit,94,0.0005,train-mode backward before optimizer step,6.905154614171331,3.0646317527542917,0.07207904755932085,0.11885159462690353,0.10727483034133911,,,,
single_moving_actor_overfit,95,0.0005,train-mode backward before optimizer step,6.863076161562904,3.0149928452828862,0.09573630801162172,0.1297338306903839,0.1353544443845749,,,,
single_moving_actor_overfit,96,0.0005,train-mode backward before optimizer step,7.366570891609451,2.9131537142970156,0.05007851532076082,0.12437400221824646,0.08888133615255356,,,,
single_moving_actor_overfit,97,0.0005,train-mode backward before optimizer step,7.246558768685677,2.7414242138625915,0.10709877269906673,0.13216114044189453,0.12113738059997559,,,,
single_moving_actor_overfit,98,0.0005,train-mode backward before optimizer step,7.697595998550619,2.8364976214398725,0.09387664189399582,0.13379980623722076,0.12436091899871826,,,,
single_moving_actor_overfit,99,0.0005,train-mode backward before optimizer step,6.513700112094924,2.834309229536262,0.08400522504873417,0.1306850165128708,0.11614193767309189,,,,
single_moving_actor_overfit,100,0.0005,train-mode backward before optimizer step,6.117083670143328,2.7376361508548617,0.14669037181268763,0.126836359500885,0.11967355012893677,2.4348764419555664,1.725924015045166,4.528258323669434,49.5347785949707
single_moving_actor_overfit,101,0.0005,train-mode backward before optimizer step,7.6269256596454955,2.887768904206608,0.04949630401585824,0.14089223742485046,0.13630884885787964,,,,
single_moving_actor_overfit,102,0.0005,train-mode backward before optimizer step,7.858977769192427,2.859991826166328,0.05239055879871481,0.13862073421478271,0.11291538923978806,,,,
single_moving_actor_overfit,103,0.0005,train-mode backward before optimizer step,7.276024573361196,2.7504017315844123,0.0903610910762391,0.14236724376678467,0.10614679753780365,,,,
single_moving_actor_overfit,104,0.0005,train-mode backward before optimizer step,7.783182249247501,2.580930085893558,0.09047848072943993,0.13861867785453796,0.09191509336233139,,,,
single_moving_actor_overfit,105,0.0005,train-mode backward before optimizer step,8.478561859859465,2.601862703647793,0.04887187068303949,0.14284707605838776,0.09965132921934128,,,,
single_moving_actor_overfit,106,0.0005,train-mode backward before optimizer step,7.904153827773979,2.7221182670904605,0.052892457704177685,0.15197911858558655,0.12544670701026917,,,,
single_moving_actor_overfit,107,0.0005,train-mode backward before optimizer step,7.512282306178557,2.6492149319465907,0.07206361136300946,0.14438167214393616,0.12795156240463257,,,,
single_moving_actor_overfit,108,0.0005,train-mode backward before optimizer step,7.339835139918824,2.579858869254009,0.025773836498027038,0.1397232711315155,0.11615407466888428,,,,
single_moving_actor_overfit,109,0.0005,train-mode backward before optimizer step,7.38342071082772,2.620671948782618,0.0957013444186546,0.14070041477680206,0.12086135149002075,,,,
single_moving_actor_overfit,110,0.0005,train-mode backward before optimizer step,7.433420212781046,2.6102940997140327,0.04479178740248906,0.14601284265518188,0.11131024360656738,2.6095874309539795,1.7575318813323975,4.657025337219238,49.5347785949707
single_moving_actor_overfit,111,0.0005,train-mode backward before optimizer step,7.627317453041472,2.5728930334330347,0.06461513517566099,0.14820419251918793,0.12596318125724792,,,,
single_moving_actor_overfit,112,0.0005,train-mode backward before optimizer step,8.513926822175907,2.520477426992134,0.10659632043627319,0.1466069221496582,0.10060437768697739,,,,
single_moving_actor_overfit,113,0.0005,train-mode backward before optimizer step,7.869462238061656,2.50890389251701,0.09337231342429139,0.1427338421344757,0.09841841459274292,,,,
single_moving_actor_overfit,114,0.0005,train-mode backward before optimizer step,8.943063780130542,2.481595848866251,0.08645646783191784,0.16235512495040894,0.11350411176681519,,,,
single_moving_actor_overfit,115,0.0005,train-mode backward before optimizer step,9.44412406811572,2.5970180588148066,0.0661234430459923,0.16206084191799164,0.1422731578350067,,,,
single_moving_actor_overfit,116,0.0005,train-mode backward before optimizer step,8.704956116389527,2.4840445258976156,0.04225650221962256,0.15979698300361633,0.11949920654296875,,,,
single_moving_actor_overfit,117,0.0005,train-mode backward before optimizer step,8.695465669806413,2.5387773546558465,0.0472077808222169,0.1672811210155487,0.15124022960662842,,,,
single_moving_actor_overfit,118,0.0005,train-mode backward before optimizer step,8.88332611937668,2.510575870945217,0.08030144202831692,0.16155514121055603,0.14442744851112366,,,,
single_moving_actor_overfit,119,0.0005,train-mode backward before optimizer step,8.11091493236276,2.729312307741226,0.10122805678624516,0.16169409453868866,0.13678918778896332,,,,
single_moving_actor_overfit,120,0.0005,train-mode backward before optimizer step,9.066913082767128,2.4069369390340247,0.06019229529669181,0.16433332860469818,0.11076589673757553,2.671870708465576,1.7857952117919922,4.798350811004639,49.5347785949707
single_moving_actor_overfit,121,0.0005,train-mode backward before optimizer step,8.809643267798814,2.6867272093973513,0.10392843067032287,0.16805724799633026,0.15106281638145447,,,,
single_moving_actor_overfit,122,0.0005,train-mode backward before optimizer step,7.6164175883411955,2.3560057872822813,0.06809793958741078,0.16261541843414307,0.10983388125896454,,,,
single_moving_actor_overfit,123,0.0005,train-mode backward before optimizer step,9.1991736082615,2.5115625585517702,0.05410022205795469,0.16994456946849823,0.1432233452796936,,,,
single_moving_actor_overfit,124,0.0005,train-mode backward before optimizer step,9.124464123927627,2.3582350889889687,0.06201207151148295,0.17493753135204315,0.13560518622398376,,,,
single_moving_actor_overfit,125,0.0005,train-mode backward before optimizer step,9.407020019874652,2.353693499050305,0.052433899579798285,0.16989955306053162,0.11557964980602264,,,,
single_moving_actor_overfit,126,0.0005,train-mode backward before optimizer step,9.122508359585956,2.3388905720816755,0.07065016022255022,0.17405912280082703,0.11537891626358032,,,,
single_moving_actor_overfit,127,0.0005,train-mode backward before optimizer step,7.8907121241818805,2.4066542526315624,0.1134758631103141,0.16809622943401337,0.13484863936901093,,,,
single_moving_actor_overfit,128,0.0005,train-mode backward before optimizer step,9.92093185886138,2.3740744620604093,0.12510345221454686,0.1791064441204071,0.12579111754894257,,,,
single_moving_actor_overfit,129,0.0005,train-mode backward before optimizer step,9.13357585671813,2.4507463505899114,0.10054595236494651,0.17957282066345215,0.17674246430397034,,,,
single_moving_actor_overfit,130,0.0005,train-mode backward before optimizer step,10.101589510939524,2.2515591312810783,0.06829122250094251,0.18390107154846191,0.11861357092857361,2.7984015941619873,1.811759352684021,4.947919845581055,49.5347785949707
single_moving_actor_overfit,131,0.0005,train-mode backward before optimizer step,10.125538441469049,2.3038746936049894,0.06841161696461272,0.1894998550415039,0.12556511163711548,,,,
single_moving_actor_overfit,132,0.0005,train-mode backward before optimizer step,9.40250835006884,2.40701384861573,0.11606299025948667,0.19487452507019043,0.14787277579307556,,,,
single_moving_actor_overfit,133,0.0005,train-mode backward before optimizer step,10.681014049754813,2.2586532322656816,0.0404418437434894,0.1993408203125,0.1265571564435959,,,,
single_moving_actor_overfit,134,0.0005,train-mode backward before optimizer step,10.972951029989943,2.2980961009421805,0.08234948052350366,0.20404314994812012,0.16372787952423096,,,,
single_moving_actor_overfit,135,0.0005,train-mode backward before optimizer step,10.931064311506677,2.2336468733518897,0.06055293063156811,0.19394758343696594,0.13482581079006195,,,,
single_moving_actor_overfit,136,0.0005,train-mode backward before optimizer step,11.753209081207318,2.4753093257785763,0.10825249245555624,0.20795413851737976,0.13596129417419434,,,,
single_moving_actor_overfit,137,0.0005,train-mode backward before optimizer step,10.032266413721397,2.2245522613583066,0.10261293120923853,0.2017572522163391,0.14798370003700256,,,,
single_moving_actor_overfit,138,0.0005,train-mode backward before optimizer step,10.67757066793676,2.213542178946137,0.04388949705448408,0.2008863389492035,0.13242456316947937,,,,
single_moving_actor_overfit,139,0.0005,train-mode backward before optimizer step,10.798568203458212,2.276465383934436,0.04834930558121388,0.2113061398267746,0.14693644642829895,,,,
single_moving_actor_overfit,140,0.0005,train-mode backward before optimizer step,10.17154408300391,2.2138004707402192,0.10607519048722627,0.2035609483718872,0.1391868144273758,2.836057662963867,1.840606927871704,5.0890984535217285,49.5347785949707
single_moving_actor_overfit,141,0.0005,train-mode backward before optimizer step,11.594693546067196,2.1131016911631355,0.06046133654411839,0.20378077030181885,0.10450330376625061,,,,
single_moving_actor_overfit,142,0.0005,train-mode backward before optimizer step,10.73431772462744,2.226199692686557,0.14066047664783643,0.2106868475675583,0.16553686559200287,,,,
single_moving_actor_overfit,143,0.0005,train-mode backward before optimizer step,11.98389883558226,2.283316002817608,0.052712407660078175,0.227026104927063,0.1787925660610199,,,,
single_moving_actor_overfit,144,0.0005,train-mode backward before optimizer step,12.316139358387847,2.3070243520409504,0.03988305667281177,0.22224631905555725,0.11417436599731445,,,,
single_moving_actor_overfit,145,0.0005,train-mode backward before optimizer step,11.677681728606482,2.4299040649054824,0.04149626062899352,0.21936535835266113,0.15617385506629944,,,,
single_moving_actor_overfit,146,0.0005,train-mode backward before optimizer step,10.371452676387149,2.141019549278253,0.07103940204520481,0.2078576385974884,0.11379363387823105,,,,
single_moving_actor_overfit,147,0.0005,train-mode backward before optimizer step,11.242194386556317,2.199999432938284,0.03088492857340697,0.23002338409423828,0.17846238613128662,,,,
single_moving_actor_overfit,148,0.0005,train-mode backward before optimizer step,12.580126336712661,2.1446763641542343,0.04544126235142016,0.22252345085144043,0.1552065908908844,,,,
single_moving_actor_overfit,149,0.0005,train-mode backward before optimizer step,12.308099457944524,2.128870415065034,0.060920019100129744,0.23593191802501678,0.1276405155658722,,,,
single_moving_actor_overfit,150,0.0005,train-mode backward before optimizer step,13.060912014592995,2.0625565171040305,0.016530358413419,0.23964278399944305,0.12725673615932465,2.9899215698242188,1.8742815256118774,5.233039379119873,49.5347785949707
single_moving_actor_overfit,151,0.0005,train-mode backward before optimizer step,11.728009015147105,2.2010623327299443,0.027581454250970035,0.22845947742462158,0.15746621787548065,,,,
single_moving_actor_overfit,152,0.0005,train-mode backward before optimizer step,11.943634054695025,2.1517742030700853,0.030939119222153432,0.21720097959041595,0.16615095734596252,,,,
single_moving_actor_overfit,153,0.0005,train-mode backward before optimizer step,11.943379035339117,2.1380204124868363,0.03550020600519852,0.23464784026145935,0.17612242698669434,,,,
single_moving_actor_overfit,154,0.0005,train-mode backward before optimizer step,12.754349369775177,2.1210559918370513,0.06353692829357954,0.24112340807914734,0.1468603014945984,,,,
single_moving_actor_overfit,155,0.0005,train-mode backward before optimizer step,12.587902734169027,2.0748085563797773,0.046002947865361715,0.24250774085521698,0.1781301200389862,,,,
single_moving_actor_overfit,156,0.0005,train-mode backward before optimizer step,12.573441485988658,2.13742214175001,0.028437485303004915,0.24536633491516113,0.18366596102714539,,,,
single_moving_actor_overfit,157,0.0005,train-mode backward before optimizer step,14.73543552813192,2.1608090486753584,0.02060123252159942,0.2634980380535126,0.19153866171836853,,,,
single_moving_actor_overfit,158,0.0005,train-mode backward before optimizer step,12.459808111466808,2.089675189962375,0.0516639770575212,0.250759094953537,0.16144195199012756,,,,
single_moving_actor_overfit,159,0.0005,train-mode backward before optimizer step,13.252820750393365,2.0843353716102797,0.057360862119371255,0.2613040804862976,0.1804707646369934,,,,
single_moving_actor_overfit,160,0.0005,train-mode backward before optimizer step,12.704651020182945,2.065786322424831,0.02159077137700796,0.25040334463119507,0.16147670149803162,3.0881450176239014,1.9023020267486572,5.335114002227783,49.5347785949707
single_moving_actor_overfit,161,0.0005,train-mode backward before optimizer step,12.67523577879615,2.037583832445582,0.08066955760917759,0.26299721002578735,0.15874072909355164,,,,
single_moving_actor_overfit,162,0.0005,train-mode backward before optimizer step,12.917250312672985,2.0330084678727416,0.05403594033523885,0.2569885849952698,0.17268459498882294,,,,
single_moving_actor_overfit,163,0.0005,train-mode backward before optimizer step,15.663174401043083,2.122999308723379,0.06405376803062048,0.2710093557834625,0.17564916610717773,,,,
single_moving_actor_overfit,164,0.0005,train-mode backward before optimizer step,13.1069956057257,1.999696474072625,0.036724507389925255,0.2629282772541046,0.17036078870296478,,,,
single_moving_actor_overfit,165,0.0005,train-mode backward before optimizer step,13.984647120823615,1.9847381193809375,0.06493526212954642,0.2588784992694855,0.16242055594921112,,,,
single_moving_actor_overfit,166,0.0005,train-mode backward before optimizer step,13.837226124684474,1.9699732724009384,0.05729020837174475,0.260423481464386,0.14152944087982178,,,,
single_moving_actor_overfit,167,0.0005,train-mode backward before optimizer step,12.89992285564742,2.0202256881079466,0.028083939897434067,0.27110931277275085,0.17594283819198608,,,,
single_moving_actor_overfit,168,0.0005,train-mode backward before optimizer step,13.646671049894742,2.019310821946121,0.07775189084422539,0.2724553942680359,0.1669713705778122,,,,
single_moving_actor_overfit,169,0.0005,train-mode backward before optimizer step,11.969999993494056,2.101941192539078,0.057135802587831915,0.24397245049476624,0.18629875779151917,,,,
single_moving_actor_overfit,170,0.0005,train-mode backward before optimizer step,13.622456594691966,1.9499594439824366,0.0635884237435849,0.2897484600543976,0.16940534114837646,3.1862401962280273,1.9338139295578003,5.448573112487793,49.5347785949707
single_moving_actor_overfit,171,0.0005,train-mode backward before optimizer step,14.4493522570081,2.069417211286948,0.05969772357713571,0.2816910743713379,0.20229950547218323,,,,
single_moving_actor_overfit,172,0.0005,train-mode backward before optimizer step,16.25975374166213,1.9798021254177294,0.0620881912882375,0.3025907576084137,0.1590506136417389,,,,
single_moving_actor_overfit,173,0.0005,train-mode backward before optimizer step,14.509458623047752,2.0226317800224174,0.02956935350081186,0.30248555541038513,0.22418873012065887,,,,
single_moving_actor_overfit,174,0.0005,train-mode backward before optimizer step,12.971499090395385,2.0472558740227336,0.05072042038667011,0.29522961378097534,0.2502046823501587,,,,
single_moving_actor_overfit,175,0.0005,train-mode backward before optimizer step,15.039807770037793,1.9201793119252095,0.0522569702903728,0.2936849296092987,0.17517045140266418,,,,
single_moving_actor_overfit,176,0.0005,train-mode backward before optimizer step,14.78688657908508,1.8648698167106985,0.04070101177823207,0.2884288430213928,0.16485059261322021,,,,
single_moving_actor_overfit,177,0.0005,train-mode backward before optimizer step,15.501809540938154,1.9185558305514554,0.05167764341890164,0.3065136671066284,0.1901259869337082,,,,
single_moving_actor_overfit,178,0.0005,train-mode backward before optimizer step,15.084570564482727,1.9054976330296076,0.08164217001038555,0.29972463846206665,0.17700597643852234,,,,
single_moving_actor_overfit,179,0.0005,train-mode backward before optimizer step,16.153782965662444,1.8485093564957016,0.03881238274164935,0.31809866428375244,0.18042707443237305,,,,
single_moving_actor_overfit,180,0.0005,train-mode backward before optimizer step,15.66053977132274,1.98174225347854,0.07402856062760874,0.32452940940856934,0.2192460298538208,3.295161485671997,1.9651355743408203,5.538570404052734,49.5347785949707
single_moving_actor_overfit,181,0.0005,train-mode backward before optimizer step,17.02143303728813,1.8122034257103168,0.07335939128711996,0.33493560552597046,0.1562252938747406,,,,
single_moving_actor_overfit,182,0.0005,train-mode backward before optimizer step,15.33923130869891,1.9127774283065113,0.08958040406798295,0.3276650309562683,0.20362143218517303,,,,
single_moving_actor_overfit,183,0.0005,train-mode backward before optimizer step,16.694221089155846,1.8579646034778408,0.09167912680401538,0.32289570569992065,0.2090407907962799,,,,
single_moving_actor_overfit,184,0.0005,train-mode backward before optimizer step,16.901783505913677,1.8936457279721841,0.033656110189111736,0.32759660482406616,0.2301742285490036,,,,
single_moving_actor_overfit,185,0.0005,train-mode backward before optimizer step,15.823462036134826,1.8776633874564133,0.028834756775363776,0.33301061391830444,0.2416003942489624,,,,
single_moving_actor_overfit,186,0.0005,train-mode backward before optimizer step,15.725440080991117,1.8922655116881832,0.07147629799130897,0.330629825592041,0.22375087440013885,,,,
single_moving_actor_overfit,187,0.0005,train-mode backward before optimizer step,17.28537405801607,1.8188448367311914,0.05500106621178362,0.3475477695465088,0.19587290287017822,,,,
single_moving_actor_overfit,188,0.0005,train-mode backward before optimizer step,16.942582788534036,1.9027521420259166,0.16427840400152385,0.32991695404052734,0.2172584980726242,,,,
single_moving_actor_overfit,189,0.0005,train-mode backward before optimizer step,17.546944845298167,1.795894102689934,0.035224121481316734,0.34511852264404297,0.18151521682739258,,,,
single_moving_actor_overfit,190,0.0005,train-mode backward before optimizer step,17.300392118876363,1.805152146153194,0.04821484168575206,0.34717434644699097,0.19175097346305847,3.355847120285034,1.9973983764648438,5.636850357055664,49.5347785949707
single_moving_actor_overfit,191,0.0005,train-mode backward before optimizer step,14.915267545323657,1.913844876100098,0.11625789895972545,0.32956522703170776,0.1835797280073166,,,,
single_moving_actor_overfit,192,0.0005,train-mode backward before optimizer step,16.908098099049997,1.8878281302750894,0.037075536471520294,0.3534564673900604,0.2638756036758423,,,,
single_moving_actor_overfit,193,0.0005,train-mode backward before optimizer step,18.598263443070937,1.6560731904999701,0.016263393756086247,0.3653528392314911,0.12827633321285248,,,,
single_moving_actor_overfit,194,0.0005,train-mode backward before optimizer step,18.192097837385216,1.8692925480285578,0.0946536662000303,0.34920811653137207,0.22100922465324402,,,,
single_moving_actor_overfit,195,0.0005,train-mode backward before optimizer step,19.056716534070564,1.7669834351841769,0.05263739079193128,0.3733694553375244,0.2059972733259201,,,,
single_moving_actor_overfit,196,0.0005,train-mode backward before optimizer step,15.595171511422844,1.8453483703908993,0.10538574128766535,0.3395846486091614,0.1562100350856781,,,,
single_moving_actor_overfit,197,0.0005,train-mode backward before optimizer step,16.485339620472676,1.8160807895889213,0.047741451069103484,0.34057116508483887,0.18901938199996948,,,,
single_moving_actor_overfit,198,0.0005,train-mode backward before optimizer step,18.296705477276603,1.8651487322290439,0.06149864057225669,0.36273932456970215,0.23918156325817108,,,,
single_moving_actor_overfit,199,0.0005,train-mode backward before optimizer step,16.826829572103946,1.7357589040661099,0.06610430924312931,0.35650497674942017,0.1759631335735321,,,,
single_moving_actor_overfit,200,0.0005,train-mode backward before optimizer step,17.16706535766217,1.9005166564443692,0.06326598055423209,0.3505457043647766,0.22545525431632996,3.457667112350464,2.0343592166900635,5.764355182647705,49.5347785949707
single_moving_actor_overfit,201,0.0005,train-mode backward before optimizer step,16.81887031840544,1.8915963008580599,0.02304047834821506,0.3543446958065033,0.24478602409362793,,,,
single_moving_actor_overfit,202,0.0005,train-mode backward before optimizer step,18.07499430598135,1.792173645711846,0.07192443862929672,0.3700255751609802,0.2117285430431366,,,,
single_moving_actor_overfit,203,0.0005,train-mode backward before optimizer step,18.835786650333855,1.8502519150363477,0.04928031276482569,0.3873395621776581,0.27412450313568115,,,,
single_moving_actor_overfit,204,0.0005,train-mode backward before optimizer step,17.61808391130756,1.7857835570811313,0.04744829836828499,0.3768751621246338,0.26086145639419556,,,,
single_moving_actor_overfit,205,0.0005,train-mode backward before optimizer step,19.085545301588635,1.840111376520361,0.023173522186597503,0.38436055183410645,0.28628695011138916,,,,
single_moving_actor_overfit,206,0.0005,train-mode backward before optimizer step,19.038242018566315,1.8435350491601212,0.031699227050877986,0.37734341621398926,0.2904197573661804,,,,
single_moving_actor_overfit,207,0.0005,train-mode backward before optimizer step,17.70047543148454,1.8558584320962874,0.06626195692299634,0.3737826943397522,0.28121551871299744,,,,
single_moving_actor_overfit,208,0.0005,train-mode backward before optimizer step,18.300711050405795,1.850689725892982,0.04126018342263759,0.3878198564052582,0.2804146409034729,,,,
single_moving_actor_overfit,209,0.0005,train-mode backward before optimizer step,18.189540076181775,1.7951148376025616,0.036592295412286986,0.38535234332084656,0.25397759675979614,,,,
single_moving_actor_overfit,210,0.0005,train-mode backward before optimizer step,19.62272476812653,1.9424548693993613,0.04076396756754454,0.3972914218902588,0.3300448954105377,3.5365679264068604,2.0708060264587402,5.803812503814697,49.5347785949707
single_moving_actor_overfit,211,0.0005,train-mode backward before optimizer step,17.521711806981287,1.8835118212402224,0.07499803497043298,0.3733733892440796,0.3077320456504822,,,,
single_moving_actor_overfit,212,0.0005,train-mode backward before optimizer step,19.763517911377274,1.7550619419071392,0.03288751346977799,0.3930227756500244,0.25396600365638733,,,,
single_moving_actor_overfit,213,0.0005,train-mode backward before optimizer step,17.546315498880304,1.747869510557284,0.0338934519982139,0.3713623881340027,0.22488033771514893,,,,
single_moving_actor_overfit,214,0.0005,train-mode backward before optimizer step,20.983124068071536,1.7202255823871273,0.030593011225708063,0.39748629927635193,0.2620154321193695,,,,
single_moving_actor_overfit,215,0.0005,train-mode backward before optimizer step,19.894448966011648,1.7291126274490425,0.03524006284421767,0.4160563349723816,0.2705659568309784,,,,
single_moving_actor_overfit,216,0.0005,train-mode backward before optimizer step,19.100525389359994,1.6881191073946673,0.08404276774666175,0.40254053473472595,0.22558538615703583,,,,
single_moving_actor_overfit,217,0.0005,train-mode backward before optimizer step,20.65239339912657,1.6143767545929983,0.063160933179405,0.4078567624092102,0.20227158069610596,,,,
single_moving_actor_overfit,218,0.0005,train-mode backward before optimizer step,20.79766723350348,1.7471365056690025,0.055605921984565064,0.4178067147731781,0.28411155939102173,,,,
single_moving_actor_overfit,219,0.0005,train-mode backward before optimizer step,19.600775749692023,1.611972715943778,0.06327819089549874,0.40505123138427734,0.23037037253379822,,,,
single_moving_actor_overfit,220,0.0005,train-mode backward before optimizer step,19.097507809533173,1.7988198386094412,0.042357068671783814,0.3928835391998291,0.3054870367050171,3.647679090499878,2.1051299571990967,5.9022674560546875,49.5347785949707
single_moving_actor_overfit,221,0.0005,train-mode backward before optimizer step,18.468275007782157,1.562378926569037,0.040676075914026555,0.40310221910476685,0.1963367462158203,,,,
single_moving_actor_overfit,222,0.0005,train-mode backward before optimizer step,19.648237106395243,1.7621801745772365,0.061280596577520496,0.3934171199798584,0.2873879075050354,,,,
single_moving_actor_overfit,223,0.0005,train-mode backward before optimizer step,19.574178628448166,2.2559214207594307,0.06344203904465713,0.38625019788742065,0.37871313095092773,,,,
single_moving_actor_overfit,224,0.0005,train-mode backward before optimizer step,19.385249183310915,1.6230450194750095,0.03772712433888452,0.4092389941215515,0.24375104904174805,,,,
single_moving_actor_overfit,225,0.0005,train-mode backward before optimizer step,20.96727815202097,1.5280849534597087,0.02170275739248005,0.40991926193237305,0.16364800930023193,,,,
single_moving_actor_overfit,226,0.0005,train-mode backward before optimizer step,20.34127556419432,1.6554835424669898,0.019183386024720497,0.4173848330974579,0.26205241680145264,,,,
single_moving_actor_overfit,227,0.0005,train-mode backward before optimizer step,19.364743388859594,1.603617631575353,0.03236260698465024,0.41785821318626404,0.2156624048948288,,,,
single_moving_actor_overfit,228,0.0005,train-mode backward before optimizer step,20.15447650882496,1.6047659447819167,0.04879775439468117,0.42531129717826843,0.23574970662593842,,,,
single_moving_actor_overfit,229,0.0005,train-mode backward before optimizer step,19.590794627975026,1.563243470738264,0.05261478955691215,0.4059983193874359,0.18297593295574188,,,,
single_moving_actor_overfit,230,0.0005,train-mode backward before optimizer step,17.857430653684073,1.6653400493499384,0.03440403960555046,0.41079792380332947,0.24635499715805054,3.731649875640869,2.1394336223602295,6.025074005126953,49.5347785949707
single_moving_actor_overfit,231,0.0005,train-mode backward before optimizer step,20.098400817150537,1.5694456629309481,0.065068441203831,0.41149696707725525,0.2083168476819992,,,,
single_moving_actor_overfit,232,0.0005,train-mode backward before optimizer step,21.52912251727949,1.5600639636250437,0.07970502735263038,0.43260180950164795,0.24471119046211243,,,,
single_moving_actor_overfit,233,0.0005,train-mode backward before optimizer step,22.100007749388627,1.6059788193653797,0.04793407195549533,0.4364088177680969,0.295062780380249,,,,
single_moving_actor_overfit,234,0.0005,train-mode backward before optimizer step,22.258293203911823,2.0264309883736895,0.07507201040233538,0.4343845546245575,0.3735029697418213,,,,
single_moving_actor_overfit,235,0.0005,train-mode backward before optimizer step,18.90164709666753,1.590808627748202,0.07182714909625429,0.4041769206523895,0.2129397988319397,,,,
single_moving_actor_overfit,236,0.0005,train-mode backward before optimizer step,19.263932200872343,1.5249604918892372,0.01700465720884725,0.42261433601379395,0.18915478885173798,,,,
single_moving_actor_overfit,237,0.0005,train-mode backward before optimizer step,19.770868101941502,1.7713758252473732,0.036120925157698734,0.3996979594230652,0.2434789538383484,,,,
single_moving_actor_overfit,238,0.0005,train-mode backward before optimizer step,18.76429158859973,1.5949038860350109,0.015366064788084492,0.4165439307689667,0.2349574863910675,,,,
single_moving_actor_overfit,239,0.0005,train-mode backward before optimizer step,20.39696903093108,1.5562691694727777,0.05261692076239899,0.43015360832214355,0.20349574089050293,,,,
single_moving_actor_overfit,240,0.0005,train-mode backward before optimizer step,20.51085195963976,1.7973799505770585,0.028027942003638763,0.4181937575340271,0.2780628800392151,3.8242931365966797,2.173340320587158,6.121829032897949,49.5347785949707
single_moving_actor_overfit,241,0.0005,train-mode backward before optimizer step,21.341743856655125,1.584211106061589,0.033657799258289545,0.42372560501098633,0.21793781220912933,,,,
single_moving_actor_overfit,242,0.0005,train-mode backward before optimizer step,20.54512913825235,1.6016054229673085,0.032261168880155774,0.4277793765068054,0.2915673851966858,,,,
single_moving_actor_overfit,243,0.0005,train-mode backward before optimizer step,21.16091372000321,1.4800191162905705,0.03537293269548367,0.4275258779525757,0.18250875174999237,,,,
single_moving_actor_overfit,244,0.0005,train-mode backward before optimizer step,21.09352363762757,1.7138629504884013,0.016564458938549482,0.4431086778640747,0.3290922939777374,,,,
single_moving_actor_overfit,245,0.0005,train-mode backward before optimizer step,18.81692967033361,1.5241998791518994,0.049072084358474835,0.4282270073890686,0.21006083488464355,,,,
single_moving_actor_overfit,246,0.0005,train-mode backward before optimizer step,21.643480940911545,1.4709818574789024,0.05240417353475804,0.4425589442253113,0.2159251868724823,,,,
single_moving_actor_overfit,247,0.0005,train-mode backward before optimizer step,20.814614220080784,1.6228995586449535,0.037514070081608314,0.4152967929840088,0.28427380323410034,,,,
single_moving_actor_overfit,248,0.0005,train-mode backward before optimizer step,21.301033469369045,1.4361778255143114,0.06836315627536407,0.4496653079986572,0.18210479617118835,,,,
single_moving_actor_overfit,249,0.0005,train-mode backward before optimizer step,21.66332244430394,1.5415471160284857,0.058165943157975346,0.461849182844162,0.24348348379135132,,,,
single_moving_actor_overfit,250,0.0005,train-mode backward before optimizer step,21.241420435126752,1.4903138698737362,0.04889383354125178,0.46772488951683044,0.23154112696647644,3.9222958087921143,2.2053608894348145,6.260239124298096,49.5347785949707
single_moving_actor_overfit,251,0.0005,train-mode backward before optimizer step,23.68761128044762,1.5255991426378723,0.02986553997600862,0.46986398100852966,0.25048208236694336,,,,
single_moving_actor_overfit,252,0.0005,train-mode backward before optimizer step,21.273347918881115,1.304239756808964,0.0708075725636469,0.4510752558708191,0.1310037225484848,,,,
single_moving_actor_overfit,253,0.0005,train-mode backward before optimizer step,21.050617450986987,1.4570619846302084,0.07892716367469073,0.444284051656723,0.22346878051757812,,,,
single_moving_actor_overfit,254,0.0005,train-mode backward before optimizer step,20.986148480164566,1.6875930235821919,0.01611386418432366,0.44589757919311523,0.3359072804450989,,,,
single_moving_actor_overfit,255,0.0005,train-mode backward before optimizer step,20.27850034135839,1.6194272830843326,0.03110978703923969,0.45351332426071167,0.3083532452583313,,,,
single_moving_actor_overfit,256,0.0005,train-mode backward before optimizer step,21.659268182995007,1.3903125751308623,0.0336948834558446,0.46918219327926636,0.19719219207763672,,,,
single_moving_actor_overfit,257,0.0005,train-mode backward before optimizer step,22.061863181326363,1.3407091794676191,0.05772212217651768,0.4620473086833954,0.19094130396842957,,,,
single_moving_actor_overfit,258,0.0005,train-mode backward before optimizer step,23.36967775213135,1.4428669357550543,0.03118448182959387,0.4734674394130707,0.23586396872997284,,,,
single_moving_actor_overfit,259,0.0005,train-mode backward before optimizer step,21.715701265545047,1.4809808857471056,0.029454216275510654,0.47144004702568054,0.2336723655462265,,,,
single_moving_actor_overfit,260,0.0005,train-mode backward before optimizer step,22.694874466718744,1.6563970940026416,0.013492991007643361,0.48336267471313477,0.3572169542312622,3.9837985038757324,2.2419846057891846,6.363457202911377,49.5347785949707
single_moving_actor_overfit,261,0.0005,train-mode backward before optimizer step,21.742281085184242,1.460233562219419,0.02238655374149284,0.47217997908592224,0.24122798442840576,,,,
single_moving_actor_overfit,262,0.0005,train-mode backward before optimizer step,22.371825213335896,1.618226176244164,0.04340621120812199,0.4772814214229584,0.34513336420059204,,,,
single_moving_actor_overfit,263,0.0005,train-mode backward before optimizer step,23.43299227088542,1.4954668574475258,0.018338310023988513,0.4862684905529022,0.26741883158683777,,,,
single_moving_actor_overfit,264,0.0005,train-mode backward before optimizer step,22.92018816108148,1.530281792887932,0.035903758995268514,0.49061745405197144,0.29553619027137756,,,,
single_moving_actor_overfit,265,0.0005,train-mode backward before optimizer step,22.281899470512176,1.7488179139008397,0.04665436949461066,0.5053022503852844,0.38898247480392456,,,,
single_moving_actor_overfit,266,0.0005,train-mode backward before optimizer step,23.80509909197029,1.5098141150347153,0.05761119712215191,0.5045661330223083,0.33904027938842773,,,,
single_moving_actor_overfit,267,0.0005,train-mode backward before optimizer step,24.060893821663655,1.7693332001153852,0.05105169558936949,0.5173766613006592,0.3274596035480499,,,,
single_moving_actor_overfit,268,0.0005,train-mode backward before optimizer step,24.042456419534513,1.5612063391728748,0.014124671877542417,0.4909701347351074,0.35338282585144043,,,,
single_moving_actor_overfit,269,0.0005,train-mode backward before optimizer step,23.353637845220003,1.5414883007157296,0.02738175523713722,0.5243090987205505,0.34170815348625183,,,,
single_moving_actor_overfit,270,0.0005,train-mode backward before optimizer step,24.804901980954316,1.5509942164100345,0.030473743706812034,0.5280660390853882,0.27527400851249695,4.079152584075928,2.269012451171875,6.459198951721191,49.5347785949707
single_moving_actor_overfit,271,0.0005,train-mode backward before optimizer step,25.15633586207786,1.5074924444889746,0.06008252998992888,0.5464786291122437,0.3317890167236328,,,,
single_moving_actor_overfit,272,0.0005,train-mode backward before optimizer step,24.803060557073607,1.4366750294776969,0.04001286550133636,0.5366816520690918,0.28014636039733887,,,,
single_moving_actor_overfit,273,0.0005,train-mode backward before optimizer step,25.53734747786404,1.327086209867476,0.03431851571023848,0.5314809083938599,0.20255139470100403,,,,
single_moving_actor_overfit,274,0.0005,train-mode backward before optimizer step,25.535560708243878,1.5812711101700645,0.014845661121526282,0.5346236228942871,0.37837427854537964,,,,
single_moving_actor_overfit,275,0.0005,train-mode backward before optimizer step,26.127677884316256,1.754161521168751,0.02281700357421427,0.5382875204086304,0.403238981962204,,,,
single_moving_actor_overfit,276,0.0005,train-mode backward before optimizer step,24.228499815044398,1.8024596503771584,0.033550975759184525,0.5153841972351074,0.38265225291252136,,,,
single_moving_actor_overfit,277,0.0005,train-mode backward before optimizer step,26.124733735769116,1.8557713060212693,0.01217837616434043,0.5472170114517212,0.5005406141281128,,,,
single_moving_actor_overfit,278,0.0005,train-mode backward before optimizer step,23.806178218052867,1.613748201119079,0.032723802643967397,0.5314084887504578,0.3914158344268799,,,,
single_moving_actor_overfit,279,0.0005,train-mode backward before optimizer step,24.199288160543915,1.4850249737408565,0.018581241462367015,0.5695040225982666,0.35341954231262207,,,,
single_moving_actor_overfit,280,0.0005,train-mode backward before optimizer step,26.02827557138531,1.405590242060565,0.031569351683429794,0.5705746412277222,0.2790587842464447,4.169464111328125,2.2971315383911133,6.584898948669434,49.5347785949707
single_moving_actor_overfit,281,0.0005,train-mode backward before optimizer step,25.159314059890846,1.4949203560320254,0.02972573446816862,0.5548802614212036,0.33491095900535583,,,,
single_moving_actor_overfit,282,0.0005,train-mode backward before optimizer step,24.942237175446845,1.7701665535572002,0.02347155335034245,0.5556908845901489,0.4994503855705261,,,,
single_moving_actor_overfit,283,0.0005,train-mode backward before optimizer step,28.137870600591295,1.382590368004585,0.02728304504738196,0.587182879447937,0.30511045455932617,,,,
single_moving_actor_overfit,284,0.0005,train-mode backward before optimizer step,27.058050294821815,1.4612321858213657,0.0639208507721051,0.5888453722000122,0.303160160779953,,,,
single_moving_actor_overfit,285,0.0005,train-mode backward before optimizer step,26.374081671691947,1.4003167626249096,0.04095533113989649,0.5948313474655151,0.3610073924064636,,,,
single_moving_actor_overfit,286,0.0005,train-mode backward before optimizer step,27.63121424452874,1.8064579908926834,0.049783476162987554,0.5821676254272461,0.42791587114334106,,,,
single_moving_actor_overfit,287,0.0005,train-mode backward before optimizer step,29.63239105009073,1.4240923818321225,0.046418169011029776,0.6115837097167969,0.3964707851409912,,,,
single_moving_actor_overfit,288,0.0005,train-mode backward before optimizer step,27.93211180892011,1.4668960009695262,0.03831099442512145,0.6008721590042114,0.35808080434799194,,,,
single_moving_actor_overfit,289,0.0005,train-mode backward before optimizer step,27.489098709141306,1.4348106973956465,0.02751828511177428,0.5823328495025635,0.31274136900901794,,,,
single_moving_actor_overfit,290,0.0005,train-mode backward before optimizer step,25.97620803951979,1.336633132105197,0.04198878583935583,0.5989311933517456,0.27986466884613037,4.226362228393555,2.327688694000244,6.66667366027832,49.5347785949707
single_moving_actor_overfit,291,0.0005,train-mode backward before optimizer step,26.40027703639041,1.9220296789889255,0.057335884841061065,0.5625075101852417,0.48201054334640503,,,,
single_moving_actor_overfit,292,0.0005,train-mode backward before optimizer step,26.93274618271254,1.3673975037921935,0.02544898440340274,0.5934468507766724,0.3245229721069336,,,,
single_moving_actor_overfit,293,0.0005,train-mode backward before optimizer step,26.912368090384728,1.3292013181370859,0.024339871538892225,0.589343786239624,0.26435989141464233,,,,
single_moving_actor_overfit,294,0.0005,train-mode backward before optimizer step,26.380815345881356,1.6702399871411704,0.019435865865991563,0.5753040313720703,0.4388834834098816,,,,
single_moving_actor_overfit,295,0.0005,train-mode backward before optimizer step,28.12950569388521,1.7307630970742343,0.04582120174188195,0.5939102172851562,0.48007529973983765,,,,
single_moving_actor_overfit,296,0.0005,train-mode backward before optimizer step,28.4550423413961,1.3691425143437965,0.03500790700748746,0.6030269861221313,0.3319125771522522,,,,
single_moving_actor_overfit,297,0.0005,train-mode backward before optimizer step,28.595867239135455,1.5695114146820752,0.06519267155942324,0.5943737030029297,0.4453274607658386,,,,
single_moving_actor_overfit,298,0.0005,train-mode backward before optimizer step,26.84308730476976,1.3801752760730703,0.10125736904602686,0.5985283255577087,0.325827956199646,,,,
single_moving_actor_overfit,299,0.0005,train-mode backward before optimizer step,28.71097215646181,1.3269605153652584,0.03625026943996558,0.6065447330474854,0.3070709705352783,,,,
single_moving_actor_overfit,300,0.0005,train-mode backward before optimizer step,30.30272532357515,1.3468263247355132,0.039439276546824914,0.6308686137199402,0.3393435478210449,4.3025712966918945,2.357112407684326,6.78648567199707,49.5347785949707
single_moving_actor_overfit,301,0.0005,train-mode backward before optimizer step,28.455994233839125,1.4574589754768483,0.024317136444150622,0.6160132884979248,0.42208951711654663,,,,
single_moving_actor_overfit,302,0.0005,train-mode backward before optimizer step,28.193123258987608,1.4950787611761702,0.03209639007035163,0.6188376545906067,0.37270253896713257,,,,
single_moving_actor_overfit,303,0.0005,train-mode backward before optimizer step,25.993875162457183,1.4374804936778371,0.02174147829250853,0.5822485685348511,0.36161917448043823,,,,
single_moving_actor_overfit,304,0.0005,train-mode backward before optimizer step,29.21800322045827,1.2549180737932115,0.030057959080203454,0.6283010840415955,0.2575396001338959,,,,
single_moving_actor_overfit,305,0.0005,train-mode backward before optimizer step,28.375103161730795,1.4046247064570463,0.02595648696403112,0.623376727104187,0.33064356446266174,,,,
single_moving_actor_overfit,306,0.0005,train-mode backward before optimizer step,28.413646704502636,1.4687014204848279,0.05552495503442493,0.5895043015480042,0.3428266942501068,,,,
single_moving_actor_overfit,307,0.0005,train-mode backward before optimizer step,29.42890136710278,1.409405602130348,0.025022768767289885,0.6298787593841553,0.3984753489494324,,,,
single_moving_actor_overfit,308,0.0005,train-mode backward before optimizer step,29.039011358013003,1.234684799028586,0.03639236133745153,0.6240278482437134,0.2817486524581909,,,,
single_moving_actor_overfit,309,0.0005,train-mode backward before optimizer step,31.93412430425358,1.4395916026552327,0.04849195125456554,0.6307543516159058,0.34359341859817505,,,,
single_moving_actor_overfit,310,0.0005,train-mode backward before optimizer step,28.694260483168215,1.3593293365167118,0.026173282393640154,0.6210353374481201,0.30317574739456177,4.356912612915039,2.38667368888855,6.847484111785889,49.5347785949707
single_moving_actor_overfit,311,0.0005,train-mode backward before optimizer step,28.489260650225756,1.4600753950431218,0.017628056762944308,0.61042320728302,0.39433154463768005,,,,
single_moving_actor_overfit,312,0.0005,train-mode backward before optimizer step,30.51177949400303,1.568113380426153,0.015098042706362296,0.6342391967773438,0.4724132716655731,,,,
single_moving_actor_overfit,313,0.0005,train-mode backward before optimizer step,30.387561648232438,1.7673939359579847,0.08794603195376903,0.6559991836547852,0.5353075265884399,,,,
single_moving_actor_overfit,314,0.0005,train-mode backward before optimizer step,30.126560406996816,1.3800464192758155,0.021539582744964862,0.646284282207489,0.36587923765182495,,,,
single_moving_actor_overfit,315,0.0005,train-mode backward before optimizer step,30.970974532543757,1.2232529684804878,0.026166865671641105,0.6467094421386719,0.2527318298816681,,,,
single_moving_actor_overfit,316,0.0005,train-mode backward before optimizer step,28.79086592124997,1.5225019956908028,0.04528587324770263,0.6522505879402161,0.488739937543869,,,,
single_moving_actor_overfit,317,0.0005,train-mode backward before optimizer step,27.211460633961995,1.1938920896646712,0.02583666885060637,0.6292144060134888,0.25549426674842834,,,,
single_moving_actor_overfit,318,0.0005,train-mode backward before optimizer step,29.45590005469344,1.396199865146155,0.018531733664081514,0.6452149152755737,0.3883536756038666,,,,
single_moving_actor_overfit,319,0.0005,train-mode backward before optimizer step,28.21282139751665,1.3254481144256545,0.03474911749529903,0.6243075728416443,0.35529598593711853,,,,
single_moving_actor_overfit,320,0.0005,train-mode backward before optimizer step,30.08094187994785,1.3650231927490046,0.0539888452983405,0.6393545866012573,0.4072762131690979,4.437551975250244,2.4137420654296875,6.8764543533325195,49.5347785949707
single_moving_actor_overfit,321,0.0005,train-mode backward before optimizer step,28.7897973274034,1.3744749747485399,0.046071402674049536,0.6687021255493164,0.4031137228012085,,,,
single_moving_actor_overfit,322,0.0005,train-mode backward before optimizer step,30.016841391157328,1.3116815721728665,0.015902248652605554,0.6415740251541138,0.33572012186050415,,,,
single_moving_actor_overfit,323,0.0005,train-mode backward before optimizer step,29.790945840909085,1.6228331823169893,0.02151879018291625,0.6720457077026367,0.47333627939224243,,,,
single_moving_actor_overfit,324,0.0005,train-mode backward before optimizer step,29.234417735264653,1.260225494940604,0.03006204692272153,0.6757200956344604,0.33320969343185425,,,,
single_moving_actor_overfit,325,0.0005,train-mode backward before optimizer step,30.68213370495111,1.3040943562575702,0.027738158495290224,0.6605697870254517,0.32789769768714905,,,,
single_moving_actor_overfit,326,0.0005,train-mode backward before optimizer step,30.665707895272863,1.3182583512643282,0.03785365274759384,0.658460259437561,0.334340900182724,,,,
single_moving_actor_overfit,327,0.0005,train-mode backward before optimizer step,30.48415890633844,1.3089873959009366,0.025544334569821303,0.6832782626152039,0.3929826617240906,,,,
single_moving_actor_overfit,328,0.0005,train-mode backward before optimizer step,30.124017154507122,1.3558021787175552,0.039967657713671605,0.6734310388565063,0.3617750108242035,,,,
single_moving_actor_overfit,329,0.0005,train-mode backward before optimizer step,30.088454650803893,1.5658905080176353,0.033598748933347695,0.6882531046867371,0.5301614999771118,,,,
single_moving_actor_overfit,330,0.0005,train-mode backward before optimizer step,28.96814461555474,1.1374629199774322,0.030225379291782616,0.6470516920089722,0.25458773970603943,4.519444465637207,2.4361109733581543,6.92505407333374,49.5347785949707
single_moving_actor_overfit,331,0.0005,train-mode backward before optimizer step,30.032250365594283,1.297647308142674,0.02522088668422251,0.6697332262992859,0.34534701704978943,,,,
single_moving_actor_overfit,332,0.0005,train-mode backward before optimizer step,32.43446858873083,1.4873042956036902,0.018152150133925172,0.6782785654067993,0.4513877332210541,,,,
single_moving_actor_overfit,333,0.0005,train-mode backward before optimizer step,29.24384646238092,1.1444292343524938,0.04636246047074401,0.683295726776123,0.2699549198150635,,,,
single_moving_actor_overfit,334,0.0005,train-mode backward before optimizer step,30.334627273943322,1.455041290655324,0.02248508310733629,0.677605152130127,0.44924506545066833,,,,
single_moving_actor_overfit,335,0.0005,train-mode backward before optimizer step,32.392539572854076,1.5454261408710128,0.0193499105635264,0.7170929908752441,0.4713936448097229,,,,
single_moving_actor_overfit,336,0.0005,train-mode backward before optimizer step,29.58984302418416,1.6047094742031516,0.031155438638473247,0.6721428632736206,0.44620460271835327,,,,
single_moving_actor_overfit,337,0.0005,train-mode backward before optimizer step,32.12765505326526,1.3921722000841603,0.02777996224736715,0.6803339719772339,0.4300306737422943,,,,
single_moving_actor_overfit,338,0.0005,train-mode backward before optimizer step,30.979498534148362,1.451311573373943,0.03657193079807667,0.716530978679657,0.5223287343978882,,,,
single_moving_actor_overfit,339,0.0005,train-mode backward before optimizer step,33.80241647820623,2.1936008683305848,0.05761191676249413,0.7134604454040527,0.744121253490448,,,,
single_moving_actor_overfit,340,0.0005,train-mode backward before optimizer step,29.862650080356413,1.3219635950134259,0.014973443381834544,0.6988634467124939,0.41080260276794434,4.59389591217041,2.462671995162964,7.029107093811035,49.5347785949707
single_moving_actor_overfit,341,0.0005,train-mode backward before optimizer step,33.54070226743837,1.1531795794077595,0.021122050422166475,0.7194423675537109,0.3435405194759369,,,,
single_moving_actor_overfit,342,0.0005,train-mode backward before optimizer step,31.992455535316996,1.6757591056666334,0.04607348884326678,0.7471704483032227,0.570975124835968,,,,
single_moving_actor_overfit,343,0.0005,train-mode backward before optimizer step,33.40574301964835,1.1652172791214797,0.03167090503541472,0.7104628086090088,0.33646130561828613,,,,
single_moving_actor_overfit,344,0.0005,train-mode backward before optimizer step,32.75377997278926,1.2439550220924984,0.016735256127004827,0.721512496471405,0.34608662128448486,,,,
single_moving_actor_overfit,345,0.0005,train-mode backward before optimizer step,29.750942814295914,1.4719446916148096,0.0314252900357679,0.6955690383911133,0.45792293548583984,,,,
single_moving_actor_overfit,346,0.0005,train-mode backward before optimizer step,29.956157560725313,1.6239512004873022,0.05919241855430618,0.66304612159729,0.46469712257385254,,,,
single_moving_actor_overfit,347,0.0005,train-mode backward before optimizer step,31.82166396056161,1.3668010248030729,0.0369247092172949,0.7044433355331421,0.4890718460083008,,,,
single_moving_actor_overfit,348,0.0005,train-mode backward before optimizer step,32.4709386898925,1.2314080440125976,0.02674676898196342,0.7118247747421265,0.3532741665840149,,,,
single_moving_actor_overfit,349,0.0005,train-mode backward before optimizer step,31.19180354010328,1.2218062501880094,0.030348862178919172,0.7070500254631042,0.4001902937889099,,,,
single_moving_actor_overfit,350,0.0005,train-mode backward before optimizer step,33.158492908965144,1.0848690030034411,0.03198647620490224,0.7152150869369507,0.3302302658557892,4.701777458190918,2.4813053607940674,7.1437883377075195,49.5347785949707
single_moving_actor_overfit,351,0.0005,train-mode backward before optimizer step,32.204711349141654,1.164173837944145,0.029669517522573415,0.7075283527374268,0.3119218647480011,,,,
single_moving_actor_overfit,352,0.0005,train-mode backward before optimizer step,34.81554471088327,1.6771861579709295,0.05076241126955727,0.7381052374839783,0.6839138865470886,,,,
single_moving_actor_overfit,353,0.0005,train-mode backward before optimizer step,33.65600127985508,1.3477056740050075,0.02018330065253394,0.7347158789634705,0.4524734914302826,,,,
single_moving_actor_overfit,354,0.0005,train-mode backward before optimizer step,33.82632104021933,1.2143625602047423,0.025003778649989157,0.7470051646232605,0.3762631416320801,,,,
single_moving_actor_overfit,355,0.0005,train-mode backward before optimizer step,32.28576235559225,1.337593477787715,0.02448966229695914,0.7301604151725769,0.5133189558982849,,,,
single_moving_actor_overfit,356,0.0005,train-mode backward before optimizer step,34.867436566723526,1.463344277306696,0.015115924166859153,0.7283763885498047,0.5320702791213989,,,,
single_moving_actor_overfit,357,0.0005,train-mode backward before optimizer step,33.6760443158569,1.6102620558745164,0.02817819329957788,0.7278274297714233,0.42684540152549744,,,,
single_moving_actor_overfit,358,0.0005,train-mode backward before optimizer step,33.222254702704774,1.7163792058275622,0.015613309926759007,0.7226780652999878,0.6239748001098633,,,,
single_moving_actor_overfit,359,0.0005,train-mode backward before optimizer step,32.25367482803432,1.382523048110392,0.028326952425070065,0.7259065508842468,0.5065678954124451,,,,
single_moving_actor_overfit,360,0.0005,train-mode backward before optimizer step,33.56420846628688,1.2009402590158087,0.010909096207026202,0.7453435659408569,0.36107635498046875,4.773046493530273,2.509125232696533,7.226552963256836,49.5347785949707
single_moving_actor_overfit,361,0.0005,train-mode backward before optimizer step,31.25254967782887,1.2730239087402453,0.052174768479064375,0.7195083498954773,0.41034960746765137,,,,
single_moving_actor_overfit,362,0.0005,train-mode backward before optimizer step,35.543138470808046,1.8316746482229902,0.015391343695818249,0.73082035779953,0.701557993888855,,,,
single_moving_actor_overfit,363,0.0005,train-mode backward before optimizer step,31.435718792852914,1.4593109849322368,0.034808163148242165,0.7075693011283875,0.47972893714904785,,,,
single_moving_actor_overfit,364,0.0005,train-mode backward before optimizer step,34.464095468159094,1.483015637526372,0.04029938710190493,0.7146338224411011,0.5519922971725464,,,,
single_moving_actor_overfit,365,0.0005,train-mode backward before optimizer step,31.913578430719244,1.4738542286533438,0.024198880373879197,0.7092871069908142,0.5148875713348389,,,,
single_moving_actor_overfit,366,0.0005,train-mode backward before optimizer step,35.0177172952697,1.3142365136360181,0.020511959558763972,0.732485294342041,0.45827823877334595,,,,
single_moving_actor_overfit,367,0.0005,train-mode backward before optimizer step,34.37518924994915,1.4767655125965504,0.009723786951722263,0.7228468656539917,0.5499414205551147,,,,
single_moving_actor_overfit,368,0.0005,train-mode backward before optimizer step,32.28023740604601,1.9386416935927442,0.021134710526823093,0.7183734774589539,0.693567156791687,,,,
single_moving_actor_overfit,369,0.0005,train-mode backward before optimizer step,31.77902792101007,1.9239587672584388,0.017936667205330666,0.6776914596557617,0.6732820272445679,,,,
single_moving_actor_overfit,370,0.0005,train-mode backward before optimizer step,28.996436277070483,1.9223671319481472,0.049643431276295766,0.6746811866760254,0.6270307302474976,4.843893051147461,2.5281174182891846,7.345714569091797,49.5347785949707
single_moving_actor_overfit,371,0.0005,train-mode backward before optimizer step,31.304269527331225,1.187825329082249,0.020359370497128878,0.7035131454467773,0.28290054202079773,,,,
single_moving_actor_overfit,372,0.0005,train-mode backward before optimizer step,31.291113703570222,1.1677588947233757,0.045057916984928635,0.681520938873291,0.3183286488056183,,,,
single_moving_actor_overfit,373,0.0005,train-mode backward before optimizer step,30.6341334706961,1.3017470589034323,0.019022880810853807,0.6783978939056396,0.3858134150505066,,,,
single_moving_actor_overfit,374,0.0005,train-mode backward before optimizer step,32.27895154945475,1.3945626996452825,0.052178391666310955,0.7011327743530273,0.3928506076335907,,,,
single_moving_actor_overfit,375,0.0005,train-mode backward before optimizer step,28.220555722719812,1.2618934180436137,0.05089646871899638,0.6647800803184509,0.3989303708076477,,,,
single_moving_actor_overfit,376,0.0005,train-mode backward before optimizer step,29.12808992886622,1.3729034546905052,0.034420521939894734,0.6671590209007263,0.44327282905578613,,,,
single_moving_actor_overfit,377,0.0005,train-mode backward before optimizer step,29.55187352506421,1.1783088555559211,0.01824017981711121,0.6804258227348328,0.3295102119445801,,,,
single_moving_actor_overfit,378,0.0005,train-mode backward before optimizer step,29.799265061085073,1.4017099002815283,0.025331219781689382,0.6894793510437012,0.5432174205780029,,,,
single_moving_actor_overfit,379,0.0005,train-mode backward before optimizer step,33.46032214678103,1.5949310978224474,0.0321060106576003,0.7166422605514526,0.6327958106994629,,,,
single_moving_actor_overfit,380,0.0005,train-mode backward before optimizer step,28.53240947786135,1.3279693309672975,0.03230117022951747,0.6746701598167419,0.4181360602378845,4.9541096687316895,2.553043842315674,7.473580837249756,49.5347785949707
single_moving_actor_overfit,381,0.0005,train-mode backward before optimizer step,29.997690087363676,1.2581790638516752,0.0379034610972299,0.6867305040359497,0.37460029125213623,,,,
single_moving_actor_overfit,382,0.0005,train-mode backward before optimizer step,29.6676860565977,1.3826869837141385,0.04174176002562076,0.6864508986473083,0.45313704013824463,,,,
single_moving_actor_overfit,383,0.0005,train-mode backward before optimizer step,30.639592697077536,1.3378259018956382,0.03804466287690224,0.7154827117919922,0.43543314933776855,,,,
single_moving_actor_overfit,384,0.0005,train-mode backward before optimizer step,30.416476700909804,1.3767449328465686,0.03558171630352214,0.7048511505126953,0.4482996463775635,,,,
single_moving_actor_overfit,385,0.0005,train-mode backward before optimizer step,28.73793269002769,1.4754059693103212,0.018171680788964868,0.6699938774108887,0.40325605869293213,,,,
single_moving_actor_overfit,386,0.0005,train-mode backward before optimizer step,31.145244059836664,1.1838993382724177,0.039257464367997305,0.7039872407913208,0.34363776445388794,,,,
single_moving_actor_overfit,387,0.0005,train-mode backward before optimizer step,31.037498710435,1.3146557074640486,0.00519649974734619,0.7079206705093384,0.43645650148391724,,,,
single_moving_actor_overfit,388,0.0005,train-mode backward before optimizer step,29.218895692602068,1.2110749780832268,0.013439081128839967,0.6667798757553101,0.2915817201137543,,,,
single_moving_actor_overfit,389,0.0005,train-mode backward before optimizer step,33.8202763686188,1.1999657153895789,0.03389601828093544,0.7299534678459167,0.3128640651702881,,,,
single_moving_actor_overfit,390,0.0005,train-mode backward before optimizer step,31.69360322657994,1.3453712984565265,0.013808515663361028,0.745561957359314,0.4690401554107666,5.080778121948242,2.568638801574707,7.613821983337402,49.5347785949707
single_moving_actor_overfit,391,0.0005,train-mode backward before optimizer step,30.95606115683451,1.3025877157932486,0.02009564725206226,0.7138628959655762,0.4109029173851013,,,,
single_moving_actor_overfit,392,0.0005,train-mode backward before optimizer step,29.602733027806906,1.6168692803387112,0.04673670510150947,0.6825510263442993,0.49429821968078613,,,,
single_moving_actor_overfit,393,0.0005,train-mode backward before optimizer step,32.767080416582125,1.1197585474674274,0.0370682220424143,0.7278083562850952,0.3632449805736542,,,,
single_moving_actor_overfit,394,0.0005,train-mode backward before optimizer step,30.759969586525,1.240518685143496,0.01799888773482904,0.7132443785667419,0.36635643243789673,,,,
single_moving_actor_overfit,395,0.0005,train-mode backward before optimizer step,32.35376526944539,1.2519651952023694,0.025272937112261463,0.7161197066307068,0.4270473122596741,,,,
single_moving_actor_overfit,396,0.0005,train-mode backward before optimizer step,34.65893136259253,1.2148076218639279,0.034891140122220436,0.7416133880615234,0.3858814835548401,,,,
single_moving_actor_overfit,397,0.0005,train-mode backward before optimizer step,34.81851432761093,1.3205041047789667,0.020311964465939955,0.7462050318717957,0.45902693271636963,,,,
single_moving_actor_overfit,398,0.0005,train-mode backward before optimizer step,32.77090700942743,1.3042308682042305,0.014714512436610264,0.7636932134628296,0.4268531799316406,,,,
single_moving_actor_overfit,399,0.0005,train-mode backward before optimizer step,35.40675361515532,1.2383693094960795,0.03195525564826538,0.7899564504623413,0.45863673090934753,,,,
single_moving_actor_overfit,400,0.0005,train-mode backward before optimizer step,31.414378842965448,1.3083211784303834,0.03004342382690571,0.7364735007286072,0.47623372077941895,5.1412177085876465,2.5911734104156494,7.681722164154053,49.5347785949707
single_moving_actor_overfit,401,0.0005,train-mode backward before optimizer step,34.902188118026956,1.2359457518730925,0.02784479039474603,0.7427318096160889,0.3586483597755432,,,,
single_moving_actor_overfit,402,0.0005,train-mode backward before optimizer step,32.21907800878669,1.085199758543408,0.01575899490262232,0.7811262607574463,0.23832818865776062,,,,
single_moving_actor_overfit,403,0.0005,train-mode backward before optimizer step,36.89167853260279,1.2944784902901847,0.01545903139334731,0.8070371150970459,0.48689934611320496,,,,
single_moving_actor_overfit,404,0.0005,train-mode backward before optimizer step,34.476899842581595,1.1040743651284657,0.01637894859578028,0.7846969366073608,0.33119794726371765,,,,
single_moving_actor_overfit,405,0.0005,train-mode backward before optimizer step,35.993806360690655,1.2684502884363158,0.03562277628064575,0.804595947265625,0.4469132423400879,,,,
single_moving_actor_overfit,406,0.0005,train-mode backward before optimizer step,35.272143568732595,1.109731903227594,0.028232463855481366,0.8039786219596863,0.31380367279052734,,,,
single_moving_actor_overfit,407,0.0005,train-mode backward before optimizer step,36.86694260608337,1.2440423287851812,0.020116510347631233,0.8115792274475098,0.46908968687057495,,,,
single_moving_actor_overfit,408,0.0005,train-mode backward before optimizer step,36.83107506099729,1.2817032482921347,0.09135105288497988,0.8244479894638062,0.41831085085868835,,,,
single_moving_actor_overfit,409,0.0005,train-mode backward before optimizer step,34.51337092471205,1.348257026784118,0.042181637808354544,0.8225769400596619,0.5126087069511414,,,,
single_moving_actor_overfit,410,0.0005,train-mode backward before optimizer step,35.609303032411496,1.2868185586154288,0.046753046823039254,0.8344494700431824,0.510446310043335,5.227623462677002,2.61468505859375,7.777133464813232,49.5347785949707
single_moving_actor_overfit,411,0.0005,train-mode backward before optimizer step,38.07089960526245,1.1803764117270634,0.04528765409125552,0.848935604095459,0.3552933633327484,,,,
single_moving_actor_overfit,412,0.0005,train-mode backward before optimizer step,37.29069184284711,1.2497138975507092,0.047020815594030575,0.87160724401474,0.4718188941478729,,,,
single_moving_actor_overfit,413,0.0005,train-mode backward before optimizer step,38.32558756586858,1.120351888759301,0.015836671265391605,0.8645358085632324,0.40579354763031006,,,,
single_moving_actor_overfit,414,0.0005,train-mode backward before optimizer step,37.38818506501625,1.1270737105964101,0.012178860423515063,0.8658990263938904,0.40592527389526367,,,,
single_moving_actor_overfit,415,0.0005,train-mode backward before optimizer step,37.83431844441592,1.31330053234267,0.021541101058743,0.8931511640548706,0.5421141386032104,,,,
single_moving_actor_overfit,416,0.0005,train-mode backward before optimizer step,38.02440756083904,1.1116682992588807,0.02660794349234225,0.878578782081604,0.358940064907074,,,,
single_moving_actor_overfit,417,0.0005,train-mode backward before optimizer step,41.997873474208646,1.0134376305559756,0.025439486902919858,0.9129840731620789,0.2600615620613098,,,,
single_moving_actor_overfit,418,0.0005,train-mode backward before optimizer step,40.18302485648264,1.293320043251126,0.01560170718670287,0.9260944128036499,0.5229265689849854,,,,
single_moving_actor_overfit,419,0.0005,train-mode backward before optimizer step,40.5697964400392,1.3829865474637286,0.044907189249913944,0.9537415504455566,0.6030750274658203,,,,
single_moving_actor_overfit,420,0.0005,train-mode backward before optimizer step,38.36899953650734,1.2753295462514327,0.06358305132647545,0.9041746854782104,0.5092060565948486,5.332294464111328,2.637864351272583,7.877935886383057,49.5347785949707
single_moving_actor_overfit,421,0.0005,train-mode backward before optimizer step,38.84487212936076,1.3132276080188319,0.011358150526696224,0.9197722673416138,0.5611264109611511,,,,
single_moving_actor_overfit,422,0.0005,train-mode backward before optimizer step,40.39214507827297,1.25630149579252,0.04611389722147655,0.922614574432373,0.5085963010787964,,,,
single_moving_actor_overfit,423,0.0005,train-mode backward before optimizer step,41.800396851201995,1.5667961348625132,0.013892961414535842,0.9477292895317078,0.6501557230949402,,,,
single_moving_actor_overfit,424,0.0005,train-mode backward before optimizer step,39.100021805810066,1.3134930410987231,0.02777663392090682,0.9502401351928711,0.6373124122619629,,,,
single_moving_actor_overfit,425,0.0005,train-mode backward before optimizer step,40.47245870187808,1.2166073902269003,0.03493056285212432,0.9630001783370972,0.5418785810470581,,,,
single_moving_actor_overfit,426,0.0005,train-mode backward before optimizer step,44.66687964524972,1.3261170869866838,0.027699454607929854,0.9816064834594727,0.643011212348938,,,,
single_moving_actor_overfit,427,0.0005,train-mode backward before optimizer step,40.77023672115884,1.5299186606160258,0.011772039820616116,0.9722201228141785,0.6699606776237488,,,,
single_moving_actor_overfit,428,0.0005,train-mode backward before optimizer step,45.44363950631549,1.4259412011766275,0.015867279046515567,0.9865591526031494,0.7233297228813171,,,,
single_moving_actor_overfit,429,0.0005,train-mode backward before optimizer step,40.671603420170975,1.1645592386082155,0.024021951841902034,0.9743707180023193,0.5325801968574524,,,,
single_moving_actor_overfit,430,0.0005,train-mode backward before optimizer step,42.276120152925316,1.5762386871527638,0.022232446099498072,1.001417636871338,0.7176748514175415,5.409796714782715,2.6719441413879395,7.946786880493164,49.5347785949707
single_moving_actor_overfit,431,0.0005,train-mode backward before optimizer step,42.570015644391965,1.3238747959193309,0.011702708906832088,1.0042853355407715,0.6507822275161743,,,,
single_moving_actor_overfit,432,0.0005,train-mode backward before optimizer step,41.43140039875036,1.2285259686005368,0.02967500151717444,0.9690777659416199,0.6034444570541382,,,,
single_moving_actor_overfit,433,0.0005,train-mode backward before optimizer step,39.41663448928702,1.272895439350661,0.037891823169521284,0.9611725807189941,0.47533532977104187,,,,
single_moving_actor_overfit,434,0.0005,train-mode backward before optimizer step,40.927829311837996,1.0652836369931447,0.049658168804347154,0.9659615755081177,0.4505125880241394,,,,
single_moving_actor_overfit,435,0.0005,train-mode backward before optimizer step,42.751693523055934,1.280723299904016,0.016791856408194205,0.9793787002563477,0.6081044673919678,,,,
single_moving_actor_overfit,436,0.0005,train-mode backward before optimizer step,39.27317535187284,1.4455557986764538,0.03844730595055328,0.9356292486190796,0.6182695031166077,,,,
single_moving_actor_overfit,437,0.0005,train-mode backward before optimizer step,39.898361921767446,1.305574379221064,0.01559731473004105,0.9619547128677368,0.6280602216720581,,,,
single_moving_actor_overfit,438,0.0005,train-mode backward before optimizer step,40.25239083786084,1.130426694632074,0.028541307902192666,0.9691492915153503,0.3711642026901245,,,,
single_moving_actor_overfit,439,0.0005,train-mode backward before optimizer step,41.71952320590567,1.3024622216275445,0.009389782926437064,0.9675763845443726,0.6111065149307251,,,,
single_moving_actor_overfit,440,0.0005,train-mode backward before optimizer step,43.26137207165755,1.2328758364694727,0.022827221455858655,0.9817101359367371,0.575690507888794,5.49350643157959,2.7045700550079346,8.057129859924316,49.5347785949707
single_moving_actor_overfit,441,0.0005,train-mode backward before optimizer step,40.83840683840941,1.2460904434407283,0.013534197723568722,0.9743258357048035,0.6015530228614807,,,,
single_moving_actor_overfit,442,0.0005,train-mode backward before optimizer step,42.432365203159385,1.419936941961455,0.03224841081887053,0.9766918420791626,0.6860321760177612,,,,
single_moving_actor_overfit,443,0.0005,train-mode backward before optimizer step,42.25156841244035,1.1643694194966603,0.02741410654119454,0.9988932013511658,0.6276236772537231,,,,
single_moving_actor_overfit,444,0.0005,train-mode backward before optimizer step,42.966219508006105,1.2417793925348477,0.010382943567782688,0.9949769377708435,0.6361017227172852,,,,
single_moving_actor_overfit,445,0.0005,train-mode backward before optimizer step,43.6755419467048,1.702264134180931,0.014800213544474356,1.0080018043518066,0.8988114595413208,,,,
single_moving_actor_overfit,446,0.0005,train-mode backward before optimizer step,44.34057358720717,1.3202134864281159,0.023262098655504767,1.0136407613754272,0.6776890158653259,,,,
single_moving_actor_overfit,447,0.0005,train-mode backward before optimizer step,43.24575948762701,1.6751478847979042,0.01439548765738061,1.013880968093872,0.8247426748275757,,,,
single_moving_actor_overfit,448,0.0005,train-mode backward before optimizer step,43.91801759435993,1.187848593242627,0.032126309379619085,1.0301287174224854,0.5663620233535767,,,,
single_moving_actor_overfit,449,0.0005,train-mode backward before optimizer step,44.34258085979985,1.2001099502038084,0.014140426967085081,1.0302670001983643,0.5527377128601074,,,,
single_moving_actor_overfit,450,0.0005,train-mode backward before optimizer step,45.78439329269281,1.517565410125079,0.02579907937564702,1.0344164371490479,0.8601880073547363,5.564107418060303,2.7330069541931152,8.143914222717285,49.5347785949707
single_moving_actor_overfit,451,0.0005,train-mode backward before optimizer step,47.099311690028365,1.2579471454177973,0.021512890851086645,1.046506404876709,0.6990078687667847,,,,
single_moving_actor_overfit,452,0.0005,train-mode backward before optimizer step,46.61499434902096,0.9801505663260877,0.017017297988698863,1.0422766208648682,0.43723559379577637,,,,
single_moving_actor_overfit,453,0.0005,train-mode backward before optimizer step,45.12535926573379,1.0192247086604387,0.029983589279203766,1.046073317527771,0.48128002882003784,,,,
single_moving_actor_overfit,454,0.0005,train-mode backward before optimizer step,48.42437717802417,1.6722984919862065,0.015491610303089907,1.0502599477767944,0.7325167059898376,,,,
single_moving_actor_overfit,455,0.0005,train-mode backward before optimizer step,49.12377389164015,1.261481803294028,0.018562614323474717,1.0769751071929932,0.5432385206222534,,,,
single_moving_actor_overfit,456,0.0005,train-mode backward before optimizer step,48.21272069933406,2.012485245174467,0.01521916186884883,1.0483620166778564,0.9243666529655457,,,,
single_moving_actor_overfit,457,0.0005,train-mode backward before optimizer step,49.28407133855463,2.2698629087176663,0.04349960048723376,1.0539560317993164,1.1255710124969482,,,,
single_moving_actor_overfit,458,0.0005,train-mode backward before optimizer step,46.82183243738283,2.0573392541639732,0.009391841230631338,1.0434212684631348,1.0429363250732422,,,,
single_moving_actor_overfit,459,0.0005,train-mode backward before optimizer step,47.17436731624383,1.2804365275130491,0.02848001164511465,1.0944396257400513,0.5032719969749451,,,,
single_moving_actor_overfit,460,0.0005,train-mode backward before optimizer step,45.409269640466945,1.8277408286744414,0.015600831406384246,1.0789563655853271,0.9833092093467712,5.6423773765563965,2.7619802951812744,8.178778648376465,49.5347785949707
single_moving_actor_overfit,461,0.0005,train-mode backward before optimizer step,44.414627008466205,1.8107797467910514,0.026279495223576813,1.0500555038452148,0.9244746565818787,,,,
single_moving_actor_overfit,462,0.0005,train-mode backward before optimizer step,47.54664245875903,1.6682242457099579,0.03137205057512366,1.0535314083099365,0.8472971320152283,,,,
single_moving_actor_overfit,463,0.0005,train-mode backward before optimizer step,49.786632358106274,1.393018987253218,0.013881932350699308,1.0751612186431885,0.8213459849357605,,,,
single_moving_actor_overfit,464,0.0005,train-mode backward before optimizer step,50.017456529540304,1.0835790249435269,0.02592959569083976,1.081134557723999,0.5865507125854492,,,,
single_moving_actor_overfit,465,0.0005,train-mode backward before optimizer step,44.24408675977661,1.3842108546563445,0.02146789247665648,1.0405195951461792,0.7416426539421082,,,,
single_moving_actor_overfit,466,0.0005,train-mode backward before optimizer step,47.3789430623981,1.373987792106664,0.013409344374621454,1.0800198316574097,0.7729138731956482,,,,
single_moving_actor_overfit,467,0.0005,train-mode backward before optimizer step,47.68293155032195,1.433963399506962,0.014469742277054021,1.0690255165100098,0.7990037202835083,,,,
single_moving_actor_overfit,468,0.0005,train-mode backward before optimizer step,46.72502410919326,1.4011546337591396,0.03624901408716412,1.0835187435150146,0.6956576108932495,,,,
single_moving_actor_overfit,469,0.0005,train-mode backward before optimizer step,48.481166002911124,1.5152622642792026,0.022354698221611933,1.0607587099075317,0.7897294759750366,,,,
single_moving_actor_overfit,470,0.0005,train-mode backward before optimizer step,47.5261327125944,1.2415572471794245,0.011210638511448986,1.0724823474884033,0.6662585139274597,5.7445478439331055,2.7933661937713623,8.251402854919434,49.5347785949707
single_moving_actor_overfit,471,0.0005,train-mode backward before optimizer step,47.14092934574492,1.359070311747527,0.00778644036106713,1.0472075939178467,0.7454897165298462,,,,
single_moving_actor_overfit,472,0.0005,train-mode backward before optimizer step,44.14387150973523,1.5095762117097742,0.009668784491117317,1.0459930896759033,0.8345203399658203,,,,
single_moving_actor_overfit,473,0.0005,train-mode backward before optimizer step,45.08269866226942,1.2068486000991456,0.032908729306325206,1.0712167024612427,0.7058571577072144,,,,
single_moving_actor_overfit,474,0.0005,train-mode backward before optimizer step,43.53238405562377,1.273566387966852,0.026925276660389335,1.0393202304840088,0.680307149887085,,,,
single_moving_actor_overfit,475,0.0005,train-mode backward before optimizer step,45.5183233464619,1.3657046723706892,0.016942089483360796,1.067278504371643,0.8541569709777832,,,,
single_moving_actor_overfit,476,0.0005,train-mode backward before optimizer step,43.83869395048205,1.1783101903367341,0.012670074858733739,1.0356721878051758,0.5950188636779785,,,,
single_moving_actor_overfit,477,0.0005,train-mode backward before optimizer step,44.22646458598698,1.6196164243765532,0.00716944172382292,1.0197480916976929,0.7521090507507324,,,,
single_moving_actor_overfit,478,0.0005,train-mode backward before optimizer step,42.10259509886151,1.2948266825472767,0.00951984557548255,1.0194344520568848,0.507522463798523,,,,
single_moving_actor_overfit,479,0.0005,train-mode backward before optimizer step,40.10270407673579,1.3166279723961416,0.043087510956780685,0.986052393913269,0.6535770893096924,,,,
single_moving_actor_overfit,480,0.0005,train-mode backward before optimizer step,42.22494338606085,1.5779963622304434,0.019571463448957452,1.031362771987915,0.8433162569999695,5.787265777587891,2.821106433868408,8.374256134033203,49.5347785949707
single_moving_actor_overfit,481,0.0005,train-mode backward before optimizer step,45.08940604597697,1.272251849426018,0.01728901758753411,1.0319974422454834,0.6120938062667847,,,,
single_moving_actor_overfit,482,0.0005,train-mode backward before optimizer step,41.89956407274404,1.1697794375357864,0.011656135960112874,1.0239003896713257,0.5280730128288269,,,,
single_moving_actor_overfit,483,0.0005,train-mode backward before optimizer step,43.37103675438336,1.1158265583978557,0.01350129863528907,1.0385795831680298,0.3868788480758667,,,,
single_moving_actor_overfit,484,0.0005,train-mode backward before optimizer step,43.80464497805042,1.3033201126095195,0.018111399117362717,1.0307388305664062,0.691886305809021,,,,
single_moving_actor_overfit,485,0.0005,train-mode backward before optimizer step,43.333553749874085,1.3054523601349668,0.014841517321180492,1.0644112825393677,0.6357650756835938,,,,
single_moving_actor_overfit,486,0.0005,train-mode backward before optimizer step,44.1203138514124,1.2790064424158338,0.020032382619809115,1.0477063655853271,0.7145465612411499,,,,
single_moving_actor_overfit,487,0.0005,train-mode backward before optimizer step,43.015540934550266,1.28349131257625,0.01403526987199959,1.0590481758117676,0.5955446362495422,,,,
single_moving_actor_overfit,488,0.0005,train-mode backward before optimizer step,43.48737742812343,1.388667144827071,0.02439452244683151,1.0427460670471191,0.6519944071769714,,,,
single_moving_actor_overfit,489,0.0005,train-mode backward before optimizer step,44.454637246509385,1.092445111435008,0.022608017292637707,1.0593464374542236,0.5238336324691772,,,,
single_moving_actor_overfit,490,0.0005,train-mode backward before optimizer step,45.69423525373075,1.2808776403775362,0.015827686908702808,1.0622084140777588,0.5562286376953125,5.87498664855957,2.848851203918457,8.4878568649292,49.5347785949707
single_moving_actor_overfit,491,0.0005,train-mode backward before optimizer step,46.60209358096263,1.1641882397462444,0.021137691850832467,1.05171799659729,0.597922146320343,,,,
single_moving_actor_overfit,492,0.0005,train-mode backward before optimizer step,46.3956248337055,1.0998239881316911,0.032302396863268495,1.0844272375106812,0.5332934260368347,,,,
single_moving_actor_overfit,493,0.0005,train-mode backward before optimizer step,44.96199692064939,1.2300111389541912,0.02086711670992607,1.0663913488388062,0.5996963977813721,,,,
single_moving_actor_overfit,494,0.0005,train-mode backward before optimizer step,43.20465668538651,1.7240934169306747,0.030711671191354473,1.0501980781555176,0.9711092710494995,,,,
single_moving_actor_overfit,495,0.0005,train-mode backward before optimizer step,42.666654176813104,1.7254786618078644,0.014650751797123438,1.0339367389678955,0.8771740198135376,,,,
single_moving_actor_overfit,496,0.0005,train-mode backward before optimizer step,43.90463040371929,1.2534169706510845,0.03333204610440244,1.0465552806854248,0.6494338512420654,,,,
single_moving_actor_overfit,497,0.0005,train-mode backward before optimizer step,44.05007868790002,1.2618147482311917,0.02060932850780512,1.0602682828903198,0.656771183013916,,,,
single_moving_actor_overfit,498,0.0005,train-mode backward before optimizer step,43.395524314951146,1.1171531637323047,0.019873235398800846,1.0647801160812378,0.5685606002807617,,,,
single_moving_actor_overfit,499,0.0005,train-mode backward before optimizer step,45.96336711921733,1.0646801728466353,0.018152551255337483,1.0839639902114868,0.48350757360458374,,,,
single_moving_actor_overfit,500,0.0005,train-mode backward before optimizer step,43.25015734897186,1.3639841671470887,0.03449605841756238,1.074162244796753,0.5900758504867554,5.967004299163818,2.884450674057007,8.564476013183594,49.5347785949707
single_moving_actor_overfit_lr1e3,1,0.001,train-mode backward before optimizer step,3.002437260651621,61.65097552376765,1.246939431220407,0.06433217972517014,1.1975610256195068,2.13588809967041,1.0871334075927734,3.1149377822875977,49.5347785949707
single_moving_actor_overfit_lr1e3,2,0.001,train-mode backward before optimizer step,2.8323346518454016,47.6468036396447,5.060638876102947,0.05511409044265747,0.927855908870697,,,,
single_moving_actor_overfit_lr1e3,3,0.001,train-mode backward before optimizer step,3.9221921971952227,33.91970514944135,1.3589148020087658,0.058806344866752625,0.6356124877929688,,,,
single_moving_actor_overfit_lr1e3,4,0.001,train-mode backward before optimizer step,4.100055054940249,28.80271281910434,0.22675306561532632,0.05443192645907402,0.7361137270927429,,,,
single_moving_actor_overfit_lr1e3,5,0.001,train-mode backward before optimizer step,2.906052912274751,16.391978685000407,0.41127339899591375,0.04538026452064514,0.3526706099510193,,,,
single_moving_actor_overfit_lr1e3,6,0.001,train-mode backward before optimizer step,2.5716589057803576,17.7090793280704,0.36229225275360266,0.04601230472326279,0.27988022565841675,,,,
single_moving_actor_overfit_lr1e3,7,0.001,train-mode backward before optimizer step,3.11873640149303,10.540382409976893,0.26563711612154156,0.05258479714393616,0.20458683371543884,,,,
single_moving_actor_overfit_lr1e3,8,0.001,train-mode backward before optimizer step,3.23549708149908,10.649980050955937,0.27437032430521935,0.05157710611820221,0.2006000131368637,,,,
single_moving_actor_overfit_lr1e3,9,0.001,train-mode backward before optimizer step,3.3865541579065876,10.072303822167273,0.43557910440684555,0.05306340008974075,0.19920876622200012,,,,
single_moving_actor_overfit_lr1e3,10,0.001,train-mode backward before optimizer step,3.7764647570323944,8.805451978679734,0.26931263859974736,0.05879770964384079,0.1562361866235733,1.9145044088363647,1.488149642944336,3.188040256500244,49.5347785949707
single_moving_actor_overfit_lr1e3,11,0.001,train-mode backward before optimizer step,3.6085183342475933,7.123331143898896,0.1771231570862683,0.05296991392970085,0.1365114450454712,,,,
single_moving_actor_overfit_lr1e3,12,0.001,train-mode backward before optimizer step,3.4616657957044428,7.463008500620758,0.28724641634985676,0.050246965140104294,0.13397005200386047,,,,
single_moving_actor_overfit_lr1e3,13,0.001,train-mode backward before optimizer step,3.145689220775021,7.017769383351928,0.2515211483265534,0.05354288965463638,0.137020081281662,,,,
single_moving_actor_overfit_lr1e3,14,0.001,train-mode backward before optimizer step,3.6278888992674934,5.628140835346145,0.3925885945193289,0.05488712713122368,0.11559465527534485,,,,
single_moving_actor_overfit_lr1e3,15,0.001,train-mode backward before optimizer step,3.441416032315752,6.2825333550733236,0.09377259802124256,0.05487951636314392,0.11615242063999176,,,,
single_moving_actor_overfit_lr1e3,16,0.001,train-mode backward before optimizer step,3.453780514341833,5.19825218188872,0.05382965836940538,0.0541829913854599,0.10446619987487793,,,,
single_moving_actor_overfit_lr1e3,17,0.001,train-mode backward before optimizer step,3.728596773296814,5.176178683598529,0.11959494283772025,0.05344286561012268,0.12048181146383286,,,,
single_moving_actor_overfit_lr1e3,18,0.001,train-mode backward before optimizer step,2.9592967789371585,6.497725456480917,0.08487373015403486,0.049701087176799774,0.12950196862220764,,,,
single_moving_actor_overfit_lr1e3,19,0.001,train-mode backward before optimizer step,3.659227624331631,4.832023778119856,0.07631771880440312,0.05555390566587448,0.11027650535106659,,,,
single_moving_actor_overfit_lr1e3,20,0.001,train-mode backward before optimizer step,3.5554374239037583,4.438710436996589,0.05845375930835605,0.0567910298705101,0.10071223974227905,1.774057149887085,1.6384752988815308,3.608612060546875,49.5347785949707
single_moving_actor_overfit_lr1e3,21,0.001,train-mode backward before optimizer step,3.5067495493537217,4.385996276471165,0.12241230207680766,0.060323815792798996,0.10963398218154907,,,,
single_moving_actor_overfit_lr1e3,22,0.001,train-mode backward before optimizer step,3.00952057932396,4.38418645446772,0.048726626350860794,0.05744015425443649,0.10315214097499847,,,,
single_moving_actor_overfit_lr1e3,23,0.001,train-mode backward before optimizer step,3.3694686489402725,4.039263619890613,0.07248930920837308,0.055467963218688965,0.09129023551940918,,,,
single_moving_actor_overfit_lr1e3,24,0.001,train-mode backward before optimizer step,3.1728740249155627,4.55050888976049,0.1402111671733426,0.05867191404104233,0.1019948422908783,,,,
single_moving_actor_overfit_lr1e3,25,0.001,train-mode backward before optimizer step,4.209485708284056,3.759592077420649,0.057633601201042876,0.061721980571746826,0.1012350469827652,,,,
single_moving_actor_overfit_lr1e3,26,0.001,train-mode backward before optimizer step,3.266973202344068,3.809450738874074,0.07286235113104168,0.06108137220144272,0.09440667927265167,,,,
single_moving_actor_overfit_lr1e3,27,0.001,train-mode backward before optimizer step,3.6086271753774515,3.441899626693557,0.03098574246214802,0.06313129514455795,0.0891607403755188,,,,
single_moving_actor_overfit_lr1e3,28,0.001,train-mode backward before optimizer step,3.739891168029213,3.4472265536465234,0.07721198625115319,0.06329076737165451,0.09209460020065308,,,,
single_moving_actor_overfit_lr1e3,29,0.001,train-mode backward before optimizer step,3.7300439798284586,3.3715024802949283,0.041925123573572504,0.06384319067001343,0.09334419667720795,,,,
single_moving_actor_overfit_lr1e3,30,0.001,train-mode backward before optimizer step,4.434337834767035,3.3215162708133605,0.044388861653625995,0.0720902606844902,0.09580706804990768,2.0903639793395996,1.717858910560608,3.9109859466552734,49.5347785949707
single_moving_actor_overfit_lr1e3,31,0.001,train-mode backward before optimizer step,4.151096810156014,3.330761615789855,0.04871201369579327,0.06490081548690796,0.08370701968669891,,,,
single_moving_actor_overfit_lr1e3,32,0.001,train-mode backward before optimizer step,3.4071463204906234,3.125777594861914,0.057136135225228056,0.06806184351444244,0.08881395310163498,,,,
single_moving_actor_overfit_lr1e3,33,0.001,train-mode backward before optimizer step,4.217030752397986,3.1092090810348942,0.06182918501153775,0.07261915504932404,0.10094921290874481,,,,
single_moving_actor_overfit_lr1e3,34,0.001,train-mode backward before optimizer step,4.361940956641517,3.0514456627079602,0.03546869840451744,0.07844804227352142,0.08453287929296494,,,,
single_moving_actor_overfit_lr1e3,35,0.001,train-mode backward before optimizer step,4.1002820349308005,3.0418617463786597,0.0462054888115939,0.0727325826883316,0.0969434529542923,,,,
single_moving_actor_overfit_lr1e3,36,0.001,train-mode backward before optimizer step,3.9728198989207044,2.8803176072448737,0.03730603954232195,0.0791187509894371,0.08515860885381699,,,,
single_moving_actor_overfit_lr1e3,37,0.001,train-mode backward before optimizer step,4.67575899099589,3.0437415130763954,0.049628238420102416,0.08640461415052414,0.0861094743013382,,,,
single_moving_actor_overfit_lr1e3,38,0.001,train-mode backward before optimizer step,4.70340632483945,2.8704398992723905,0.03793973030118287,0.08597786724567413,0.0974230021238327,,,,
single_moving_actor_overfit_lr1e3,39,0.001,train-mode backward before optimizer step,4.806487947850475,2.7986036959526155,0.057131863025045464,0.08462756872177124,0.08782264590263367,,,,
single_moving_actor_overfit_lr1e3,40,0.001,train-mode backward before optimizer step,4.9872621171577505,2.728936960982739,0.05143075987498409,0.08799077570438385,0.09503719210624695,2.1883716583251953,1.7992340326309204,4.260406017303467,49.5347785949707
single_moving_actor_overfit_lr1e3,41,0.001,train-mode backward before optimizer step,4.906061669982773,2.70404051578678,0.052253423650868415,0.09428741782903671,0.10092585533857346,,,,
single_moving_actor_overfit_lr1e3,42,0.001,train-mode backward before optimizer step,4.789921351005271,2.615073009410953,0.09533525509576135,0.09223881363868713,0.08935943245887756,,,,
single_moving_actor_overfit_lr1e3,43,0.001,train-mode backward before optimizer step,5.821219339910609,2.5093183406282975,0.03127049379278332,0.1006634458899498,0.08948489278554916,,,,
single_moving_actor_overfit_lr1e3,44,0.001,train-mode backward before optimizer step,4.978485703120456,2.4505402963661775,0.018451767065009,0.09559990465641022,0.08697934448719025,,,,
single_moving_actor_overfit_lr1e3,45,0.001,train-mode backward before optimizer step,5.979505603880736,2.6290015613957323,0.04443441937261143,0.10939805209636688,0.09126153588294983,,,,
single_moving_actor_overfit_lr1e3,46,0.001,train-mode backward before optimizer step,5.831230459885019,2.4430606462283504,0.024923194986172646,0.09896781295537949,0.07981298863887787,,,,
single_moving_actor_overfit_lr1e3,47,0.001,train-mode backward before optimizer step,5.874128751276478,2.4116704152991257,0.034315364241998866,0.10326686501502991,0.0945897325873375,,,,
single_moving_actor_overfit_lr1e3,48,0.001,train-mode backward before optimizer step,6.597210927619185,2.28024566152793,0.01714566680683712,0.11402790993452072,0.07804033160209656,,,,
single_moving_actor_overfit_lr1e3,49,0.001,train-mode backward before optimizer step,6.158631637233635,2.375108898374906,0.0571391757692912,0.11611398309469223,0.10234956443309784,,,,
single_moving_actor_overfit_lr1e3,50,0.001,train-mode backward before optimizer step,7.208408136805205,2.357466680491816,0.017061576813883837,0.12393325567245483,0.12146186083555222,2.4127213954925537,1.8721550703048706,4.587764263153076,49.5347785949707
single_moving_actor_overfit_lr1e3,51,0.001,train-mode backward before optimizer step,6.1344912958398155,2.307037715314572,0.04843199516815217,0.12335707992315292,0.10630416870117188,,,,
single_moving_actor_overfit_lr1e3,52,0.001,train-mode backward before optimizer step,6.885927515537886,2.316204879920861,0.10807674018953106,0.12261351197957993,0.09743981063365936,,,,
single_moving_actor_overfit_lr1e3,53,0.001,train-mode backward before optimizer step,7.287257536994515,2.228317833772816,0.016522766648042503,0.12713593244552612,0.10434853285551071,,,,
single_moving_actor_overfit_lr1e3,54,0.001,train-mode backward before optimizer step,7.439471460816819,2.2072421591743723,0.03753703863422819,0.13252055644989014,0.09148083627223969,,,,
single_moving_actor_overfit_lr1e3,55,0.001,train-mode backward before optimizer step,7.00756002700721,2.2520525274812244,0.02269478757440729,0.13485963642597198,0.125885009765625,,,,
single_moving_actor_overfit_lr1e3,56,0.001,train-mode backward before optimizer step,7.148875281424092,2.150274284773857,0.03408533506116104,0.13533149659633636,0.11024405807256699,,,,
single_moving_actor_overfit_lr1e3,57,0.001,train-mode backward before optimizer step,7.258287863064016,2.0481734939296077,0.03146157235130172,0.1352270543575287,0.08812141418457031,,,,
single_moving_actor_overfit_lr1e3,58,0.001,train-mode backward before optimizer step,6.887095205265841,2.1702006219953502,0.03848862202650534,0.13247379660606384,0.09940002858638763,,,,
single_moving_actor_overfit_lr1e3,59,0.001,train-mode backward before optimizer step,8.273399296118434,2.130824643236098,0.0413458911873529,0.15219272673130035,0.1349431723356247,,,,
single_moving_actor_overfit_lr1e3,60,0.001,train-mode backward before optimizer step,8.01469950141272,2.0706174490683003,0.026399041924468677,0.15049651265144348,0.12048419564962387,2.4982731342315674,1.9319924116134644,4.957937717437744,49.5347785949707
single_moving_actor_overfit_lr1e3,61,0.001,train-mode backward before optimizer step,6.899789358660971,2.0552760215686043,0.03212957223389643,0.1493571698665619,0.11746200919151306,,,,
single_moving_actor_overfit_lr1e3,62,0.001,train-mode backward before optimizer step,7.786567877850821,2.059394839620834,0.006112288200803008,0.15109482407569885,0.08823838084936142,,,,
single_moving_actor_overfit_lr1e3,63,0.001,train-mode backward before optimizer step,8.58905587341638,2.1433565439186917,0.024704539435095492,0.16924528777599335,0.13308992981910706,,,,
single_moving_actor_overfit_lr1e3,64,0.001,train-mode backward before optimizer step,8.96159341949966,2.190154369834587,0.0361495855551343,0.16722100973129272,0.15225881338119507,,,,
single_moving_actor_overfit_lr1e3,65,0.001,train-mode backward before optimizer step,9.283489467089098,2.0974265128915466,0.0336909447302316,0.17242062091827393,0.09171569347381592,,,,
single_moving_actor_overfit_lr1e3,66,0.001,train-mode backward before optimizer step,8.261206319954418,1.8896125820616103,0.020338261264962784,0.1620539277791977,0.10128124058246613,,,,
single_moving_actor_overfit_lr1e3,67,0.001,train-mode backward before optimizer step,10.292689737749622,1.9849942733364956,0.02737615528749516,0.17672006785869598,0.11023484915494919,,,,
single_moving_actor_overfit_lr1e3,68,0.001,train-mode backward before optimizer step,8.604209911283629,1.8411294763427775,0.024673673964511523,0.158028244972229,0.08626347035169601,,,,
single_moving_actor_overfit_lr1e3,69,0.001,train-mode backward before optimizer step,8.530780821726712,2.0296216292173526,0.019262606449064194,0.16793648898601532,0.13786166906356812,,,,
single_moving_actor_overfit_lr1e3,70,0.001,train-mode backward before optimizer step,8.15666085591972,2.146996341057527,0.02766712171737499,0.15944501757621765,0.15533560514450073,2.6925270557403564,2.0126876831054688,5.227015018463135,49.5347785949707
single_moving_actor_overfit_lr1e3,71,0.001,train-mode backward before optimizer step,9.09811883873798,1.8018047782776936,0.016784859599052585,0.16998200118541718,0.0937853455543518,,,,
single_moving_actor_overfit_lr1e3,72,0.001,train-mode backward before optimizer step,8.35491997897955,1.79587083898511,0.020141020149894932,0.1648929864168167,0.10633908212184906,,,,
single_moving_actor_overfit_lr1e3,73,0.001,train-mode backward before optimizer step,8.967400836644984,1.8858000434459834,0.037802907911936294,0.18287214636802673,0.10906516760587692,,,,
single_moving_actor_overfit_lr1e3,74,0.001,train-mode backward before optimizer step,9.05357176068386,1.8594781763888781,0.0403207441289625,0.1769404113292694,0.12321732938289642,,,,
single_moving_actor_overfit_lr1e3,75,0.001,train-mode backward before optimizer step,8.814584328124468,1.8983055763794043,0.038016796468489225,0.17841903865337372,0.13127997517585754,,,,
single_moving_actor_overfit_lr1e3,76,0.001,train-mode backward before optimizer step,8.854100211175762,1.8007848268454996,0.03702126816263939,0.16976535320281982,0.12329389154911041,,,,
single_moving_actor_overfit_lr1e3,77,0.001,train-mode backward before optimizer step,8.403778482574973,1.8802666890468533,0.016213907800993934,0.1733826845884323,0.14111211895942688,,,,
single_moving_actor_overfit_lr1e3,78,0.001,train-mode backward before optimizer step,8.946594798308823,1.8062152142270316,0.013505478203697352,0.1834772229194641,0.1156385987997055,,,,
single_moving_actor_overfit_lr1e3,79,0.001,train-mode backward before optimizer step,9.478605291429497,1.7589309507508886,0.028295843780162956,0.1862344741821289,0.1259116530418396,,,,
single_moving_actor_overfit_lr1e3,80,0.001,train-mode backward before optimizer step,9.781444340926614,1.8321502532417135,0.019326307505337193,0.1956215500831604,0.15054170787334442,2.919220209121704,2.0766654014587402,5.384108066558838,49.5347785949707
single_moving_actor_overfit_lr1e3,81,0.001,train-mode backward before optimizer step,9.967357596279212,1.6832063776794004,0.07849732319245772,0.19782766699790955,0.09790746867656708,,,,
single_moving_actor_overfit_lr1e3,82,0.001,train-mode backward before optimizer step,9.922768643849775,1.787914686015151,0.024902354173465754,0.20226918160915375,0.1470853090286255,,,,
single_moving_actor_overfit_lr1e3,83,0.001,train-mode backward before optimizer step,9.987326527501914,1.857878854963435,0.014989678324420485,0.19498777389526367,0.14782655239105225,,,,
single_moving_actor_overfit_lr1e3,84,0.001,train-mode backward before optimizer step,9.378835786679039,1.789210458452157,0.011272544540705903,0.2048588991165161,0.14930926263332367,,,,
single_moving_actor_overfit_lr1e3,85,0.001,train-mode backward before optimizer step,10.675505608285592,1.6777688117076308,0.01334825778520097,0.21375833451747894,0.11613467335700989,,,,
single_moving_actor_overfit_lr1e3,86,0.001,train-mode backward before optimizer step,10.734723578790554,1.6681818411738745,0.023153812807864365,0.21223686635494232,0.11120140552520752,,,,
single_moving_actor_overfit_lr1e3,87,0.001,train-mode backward before optimizer step,10.498879568001756,1.6115571938543192,0.010163836021158116,0.2157323807477951,0.13825646042823792,,,,
single_moving_actor_overfit_lr1e3,88,0.001,train-mode backward before optimizer step,9.850923635719845,1.6190310585405172,0.03294033334462155,0.20669373869895935,0.10813723504543304,,,,
single_moving_actor_overfit_lr1e3,89,0.001,train-mode backward before optimizer step,11.990697967926296,1.699897859391695,0.025764820224568795,0.22924046218395233,0.15685594081878662,,,,
single_moving_actor_overfit_lr1e3,90,0.001,train-mode backward before optimizer step,10.226939725615747,1.6497723052998245,0.01621379543455387,0.21586981415748596,0.1258295625448227,3.046607732772827,2.1527061462402344,5.711948394775391,49.5347785949707
single_moving_actor_overfit_lr1e3,91,0.001,train-mode backward before optimizer step,11.270308486657825,1.5934381299386857,0.016722085822345006,0.23975984752178192,0.13892260193824768,,,,
single_moving_actor_overfit_lr1e3,92,0.001,train-mode backward before optimizer step,10.763511432061005,1.7081721141503807,0.034973545771672714,0.2243262231349945,0.16123664379119873,,,,
single_moving_actor_overfit_lr1e3,93,0.001,train-mode backward before optimizer step,10.373962917190532,1.7834358973824527,0.02190718042720593,0.228249192237854,0.17140565812587738,,,,
single_moving_actor_overfit_lr1e3,94,0.001,train-mode backward before optimizer step,12.07808766897647,1.6020783058765016,0.019107475806146516,0.2400379180908203,0.14091366529464722,,,,
single_moving_actor_overfit_lr1e3,95,0.001,train-mode backward before optimizer step,11.634054308945753,1.516505183560184,0.019397426533963532,0.250022292137146,0.1292182207107544,,,,
single_moving_actor_overfit_lr1e3,96,0.001,train-mode backward before optimizer step,12.171832813737115,1.8022376355827432,0.04199338956874766,0.23496446013450623,0.2031320035457611,,,,
single_moving_actor_overfit_lr1e3,97,0.001,train-mode backward before optimizer step,12.416048545398919,1.5333179437678774,0.019220066536138482,0.2508274018764496,0.14179691672325134,,,,
single_moving_actor_overfit_lr1e3,98,0.001,train-mode backward before optimizer step,12.383439825385407,1.4835233378499435,0.028143734901259553,0.24601337313652039,0.13337509334087372,,,,
single_moving_actor_overfit_lr1e3,99,0.001,train-mode backward before optimizer step,12.012812412461983,1.5633880935639017,0.021489604177665177,0.2566696107387543,0.1615772247314453,,,,
single_moving_actor_overfit_lr1e3,100,0.001,train-mode backward before optimizer step,10.88540832747715,1.9087849512752895,0.008792685130517628,0.232781320810318,0.23445597290992737,3.221271276473999,2.2239067554473877,5.992597579956055,49.5347785949707
single_moving_actor_overfit_lr1e3,101,0.001,train-mode backward before optimizer step,13.62971555499403,1.5129366390516483,0.02171727374079954,0.2664281725883484,0.14973187446594238,,,,
single_moving_actor_overfit_lr1e3,102,0.001,train-mode backward before optimizer step,12.674963647857131,1.7790398863648493,0.010264333518803563,0.2663007080554962,0.21565783023834229,,,,
single_moving_actor_overfit_lr1e3,103,0.001,train-mode backward before optimizer step,11.603829132213148,1.4466641656854606,0.02128415964768848,0.26387935876846313,0.1372716724872589,,,,
single_moving_actor_overfit_lr1e3,104,0.001,train-mode backward before optimizer step,12.795966672204365,1.60704936360758,0.018032347853198995,0.27789005637168884,0.19118838012218475,,,,
single_moving_actor_overfit_lr1e3,105,0.001,train-mode backward before optimizer step,12.798003693388877,1.36977921418486,0.03583144398182323,0.2712647318840027,0.12126211822032928,,,,
single_moving_actor_overfit_lr1e3,106,0.001,train-mode backward before optimizer step,12.766920593756742,1.487230706035786,0.054575203003329686,0.27801066637039185,0.16464251279830933,,,,
single_moving_actor_overfit_lr1e3,107,0.001,train-mode backward before optimizer step,12.960751705184222,1.4008607729738782,0.02264031163201462,0.29142963886260986,0.1360456943511963,,,,
single_moving_actor_overfit_lr1e3,108,0.001,train-mode backward before optimizer step,11.853069832684746,1.4807921190985234,0.01535344791788098,0.26891979575157166,0.14917901158332825,,,,
single_moving_actor_overfit_lr1e3,109,0.001,train-mode backward before optimizer step,13.539353393061928,1.542321622440737,0.030276011117344653,0.2875925302505493,0.18766283988952637,,,,
single_moving_actor_overfit_lr1e3,110,0.001,train-mode backward before optimizer step,13.212958618569827,1.407081129769817,0.007735321532879687,0.28567999601364136,0.14481791853904724,3.464608907699585,2.2970974445343018,6.1989946365356445,49.5347785949707
single_moving_actor_overfit_lr1e3,111,0.001,train-mode backward before optimizer step,13.178838255867566,1.6599142097803607,0.01578939082518286,0.2958940267562866,0.2222391963005066,,,,
single_moving_actor_overfit_lr1e3,112,0.001,train-mode backward before optimizer step,13.345588926423089,1.4953513209678022,0.03474017600402032,0.27799028158187866,0.1625497192144394,,,,
single_moving_actor_overfit_lr1e3,113,0.001,train-mode backward before optimizer step,14.15426186157616,1.5026831668098073,0.02363637563672859,0.300944983959198,0.18918275833129883,,,,
single_moving_actor_overfit_lr1e3,114,0.001,train-mode backward before optimizer step,14.993765083543533,1.5429490954117002,0.0172834023294942,0.31855204701423645,0.20321838557720184,,,,
single_moving_actor_overfit_lr1e3,115,0.001,train-mode backward before optimizer step,15.395424446918923,1.4098028444776105,0.023159275337132936,0.3252236247062683,0.19030234217643738,,,,
single_moving_actor_overfit_lr1e3,116,0.001,train-mode backward before optimizer step,14.463173080193842,1.4176503091292132,0.012637091348996331,0.3163594603538513,0.17880664765834808,,,,
single_moving_actor_overfit_lr1e3,117,0.001,train-mode backward before optimizer step,13.957274900217833,1.3867785646024984,0.022632653630910337,0.321611225605011,0.17597320675849915,,,,
single_moving_actor_overfit_lr1e3,118,0.001,train-mode backward before optimizer step,14.737362808604944,1.4549451212851219,0.011774328414639977,0.3079144060611725,0.19953221082687378,,,,
single_moving_actor_overfit_lr1e3,119,0.001,train-mode backward before optimizer step,14.21175623587192,1.5723393597098756,0.02974875965999515,0.31924059987068176,0.21785187721252441,,,,
single_moving_actor_overfit_lr1e3,120,0.001,train-mode backward before optimizer step,17.373192970987024,1.457116839189122,0.014156212702316564,0.3467148244380951,0.23751497268676758,3.624083995819092,2.3756327629089355,6.404211044311523,49.5347785949707
single_moving_actor_overfit_lr1e3,121,0.001,train-mode backward before optimizer step,16.91294799225777,1.751903500475468,0.04819671052594134,0.33087602257728577,0.2833816707134247,,,,
single_moving_actor_overfit_lr1e3,122,0.001,train-mode backward before optimizer step,15.334755838876669,1.3937736501534483,0.010382538765947422,0.3297949433326721,0.18197965621948242,,,,
single_moving_actor_overfit_lr1e3,123,0.001,train-mode backward before optimizer step,15.696044658021794,1.2976972232643118,0.018513101237240457,0.3455629050731659,0.18510934710502625,,,,
single_moving_actor_overfit_lr1e3,124,0.001,train-mode backward before optimizer step,15.984063227689912,1.5807670100629037,0.019704574420287668,0.33773431181907654,0.27261996269226074,,,,
single_moving_actor_overfit_lr1e3,125,0.001,train-mode backward before optimizer step,15.559521366054605,1.658321985334276,0.007947670492847976,0.3456518352031708,0.2813834846019745,,,,
single_moving_actor_overfit_lr1e3,126,0.001,train-mode backward before optimizer step,17.612980936989786,1.3389175435817353,0.023190856177065743,0.36250489950180054,0.1813739538192749,,,,
single_moving_actor_overfit_lr1e3,127,0.001,train-mode backward before optimizer step,15.497747448524056,1.3775469570361414,0.014174148050522216,0.3595832288265228,0.18469643592834473,,,,
single_moving_actor_overfit_lr1e3,128,0.001,train-mode backward before optimizer step,15.761270812922733,1.4083746157070238,0.007901034493053615,0.36599478125572205,0.22947433590888977,,,,
single_moving_actor_overfit_lr1e3,129,0.001,train-mode backward before optimizer step,17.255161762387708,1.2728449305552871,0.007401949820429643,0.37358248233795166,0.21813398599624634,,,,
single_moving_actor_overfit_lr1e3,130,0.001,train-mode backward before optimizer step,17.296774980214824,1.4491670997821855,0.008474183404167333,0.3597114086151123,0.24246308207511902,3.7794268131256104,2.438098192214966,6.6239094734191895,49.5347785949707
single_moving_actor_overfit_lr1e3,131,0.001,train-mode backward before optimizer step,16.643452020126144,1.5840064539094498,0.00967988115648102,0.39331740140914917,0.29951295256614685,,,,
single_moving_actor_overfit_lr1e3,132,0.001,train-mode backward before optimizer step,16.110149674635963,1.2627870478668977,0.02445102818659218,0.39102643728256226,0.19519630074501038,,,,
single_moving_actor_overfit_lr1e3,133,0.001,train-mode backward before optimizer step,16.08816012948908,1.3329279593460228,0.006768821118768142,0.37330079078674316,0.2134503424167633,,,,
single_moving_actor_overfit_lr1e3,134,0.001,train-mode backward before optimizer step,17.033024743741986,1.33673113386683,0.02269010934241283,0.39853888750076294,0.23487380146980286,,,,
single_moving_actor_overfit_lr1e3,135,0.001,train-mode backward before optimizer step,18.455704415946247,1.1361878355819237,0.009628456077538615,0.38963931798934937,0.13850510120391846,,,,
single_moving_actor_overfit_lr1e3,136,0.001,train-mode backward before optimizer step,16.737153326459953,1.3437807837347788,0.01670187753646851,0.3882382810115814,0.21774685382843018,,,,
single_moving_actor_overfit_lr1e3,137,0.001,train-mode backward before optimizer step,18.459938468908994,1.2478080352967194,0.005477458698139547,0.3953276574611664,0.1821863055229187,,,,
single_moving_actor_overfit_lr1e3,138,0.001,train-mode backward before optimizer step,19.332134630749643,1.4067124106587294,0.006268827732764519,0.4068771302700043,0.2540404200553894,,,,
single_moving_actor_overfit_lr1e3,139,0.001,train-mode backward before optimizer step,18.041022996065152,1.5809817861781703,0.011080793638879358,0.41881120204925537,0.3331977427005768,,,,
single_moving_actor_overfit_lr1e3,140,0.001,train-mode backward before optimizer step,17.929276600830683,1.4125788801773975,0.00961388520658861,0.4109764099121094,0.24557530879974365,3.961322784423828,2.4963200092315674,6.851177215576172,49.5347785949707
single_moving_actor_overfit_lr1e3,141,0.001,train-mode backward before optimizer step,18.69704217432443,1.2901871179829127,0.0059764439095718255,0.41436147689819336,0.21332573890686035,,,,
single_moving_actor_overfit_lr1e3,142,0.001,train-mode backward before optimizer step,19.838537004972743,1.1274295319220122,0.005036900876656174,0.4263020157814026,0.17544707655906677,,,,
single_moving_actor_overfit_lr1e3,143,0.001,train-mode backward before optimizer step,19.43122658624669,1.405878157583507,0.005734927175944397,0.43310606479644775,0.24836497008800507,,,,
single_moving_actor_overfit_lr1e3,144,0.001,train-mode backward before optimizer step,19.614325263901996,1.4152504488206807,0.0076788647630510205,0.4178440272808075,0.3086446523666382,,,,
single_moving_actor_overfit_lr1e3,145,0.001,train-mode backward before optimizer step,20.176625149059632,1.3297870355267514,0.008580144772731158,0.43649935722351074,0.2988489270210266,,,,
single_moving_actor_overfit_lr1e3,146,0.001,train-mode backward before optimizer step,19.33201275060472,1.2134303908231523,0.013320612982520354,0.4440959692001343,0.2453414648771286,,,,
single_moving_actor_overfit_lr1e3,147,0.001,train-mode backward before optimizer step,20.352172847324375,1.637306754696458,0.012784352398441579,0.4574638307094574,0.3569433093070984,,,,
single_moving_actor_overfit_lr1e3,148,0.001,train-mode backward before optimizer step,20.017713660703627,1.2397902025597134,0.014421548964679776,0.47093790769577026,0.2742457985877991,,,,
single_moving_actor_overfit_lr1e3,149,0.001,train-mode backward before optimizer step,20.11110666204495,1.3511413232687328,0.013085728118778221,0.463206946849823,0.2779664993286133,,,,
single_moving_actor_overfit_lr1e3,150,0.001,train-mode backward before optimizer step,21.539972020076664,1.2971941337837158,0.016089136541008735,0.48605769872665405,0.2846449017524719,4.150363922119141,2.5515708923339844,7.033275604248047,49.5347785949707
single_moving_actor_overfit_lr1e3,151,0.001,train-mode backward before optimizer step,21.26831563174313,1.805853217953577,0.014340222197544628,0.47062966227531433,0.3720270097255707,,,,
single_moving_actor_overfit_lr1e3,152,0.001,train-mode backward before optimizer step,20.0742915439439,1.2684202203483161,0.006607271274373939,0.48409217596054077,0.3241729438304901,,,,
single_moving_actor_overfit_lr1e3,153,0.001,train-mode backward before optimizer step,21.556138538998958,1.1675638480164892,0.020910553107241034,0.486149400472641,0.2290855348110199,,,,
single_moving_actor_overfit_lr1e3,154,0.001,train-mode backward before optimizer step,22.09390926492633,1.1333414529596653,0.010879442926441546,0.4944281578063965,0.2356472611427307,,,,
single_moving_actor_overfit_lr1e3,155,0.001,train-mode backward before optimizer step,20.7821415079376,1.311249850545074,0.015035230678116797,0.4929542541503906,0.29803815484046936,,,,
single_moving_actor_overfit_lr1e3,156,0.001,train-mode backward before optimizer step,23.143334421650092,1.147909897602076,0.008102576620888997,0.5023035407066345,0.22451850771903992,,,,
single_moving_actor_overfit_lr1e3,157,0.001,train-mode backward before optimizer step,22.051137959200428,1.1091917516854506,0.005471656584664362,0.5033773183822632,0.20183101296424866,,,,
single_moving_actor_overfit_lr1e3,158,0.001,train-mode backward before optimizer step,21.75441327080189,1.3211190113578763,0.007626135145778596,0.5030433535575867,0.29832252860069275,,,,
single_moving_actor_overfit_lr1e3,159,0.001,train-mode backward before optimizer step,24.28043738598952,1.2729842791685426,0.02601873212559178,0.5381826758384705,0.306222528219223,,,,
single_moving_actor_overfit_lr1e3,160,0.001,train-mode backward before optimizer step,21.7589520385418,1.292253071355055,0.004078770225038835,0.5189430117607117,0.2840454578399658,4.313368320465088,2.596593141555786,7.246869087219238,49.5347785949707
single_moving_actor_overfit_lr1e3,161,0.001,train-mode backward before optimizer step,24.453789754227024,1.2663200804501524,0.00980765613274779,0.5434402823448181,0.3764006495475769,,,,
single_moving_actor_overfit_lr1e3,162,0.001,train-mode backward before optimizer step,23.331996424357477,1.2662501579308318,0.0036276410969867854,0.5702701807022095,0.3295231759548187,,,,
single_moving_actor_overfit_lr1e3,163,0.001,train-mode backward before optimizer step,24.896740145042706,1.5196910769129641,0.02544339428087483,0.5709437131881714,0.5031225085258484,,,,
single_moving_actor_overfit_lr1e3,164,0.001,train-mode backward before optimizer step,25.459137051265635,1.3683122491918447,0.005947993047774701,0.5709058046340942,0.31244856119155884,,,,
single_moving_actor_overfit_lr1e3,165,0.001,train-mode backward before optimizer step,24.37920805274638,1.815298684784514,0.01128635833155287,0.5673532485961914,0.5011428594589233,,,,
single_moving_actor_overfit_lr1e3,166,0.001,train-mode backward before optimizer step,25.003604650770992,1.581381278487495,0.010720618187457568,0.5578244924545288,0.451600044965744,,,,
single_moving_actor_overfit_lr1e3,167,0.001,train-mode backward before optimizer step,25.525264453250706,1.2094593402600298,0.008666853210271401,0.5658449530601501,0.32232949137687683,,,,
single_moving_actor_overfit_lr1e3,168,0.001,train-mode backward before optimizer step,24.312464552148388,1.1610574798629145,0.011577255898775217,0.5668909549713135,0.2834729552268982,,,,
single_moving_actor_overfit_lr1e3,169,0.001,train-mode backward before optimizer step,23.06995928784961,2.5814062981116486,0.044807094845733336,0.5423518419265747,0.676564633846283,,,,
single_moving_actor_overfit_lr1e3,170,0.001,train-mode backward before optimizer step,25.079512701560027,1.367583529370074,0.012246375680008892,0.5575173497200012,0.3564283847808838,4.477941036224365,2.6447842121124268,7.43282413482666,49.5347785949707
single_moving_actor_overfit_lr1e3,171,0.001,train-mode backward before optimizer step,25.79849996585349,1.9895465216697499,0.014122951530347377,0.5727806687355042,0.6358562707901001,,,,
single_moving_actor_overfit_lr1e3,172,0.001,train-mode backward before optimizer step,24.950182963954394,1.9567305761014158,0.006492801337815165,0.5667769312858582,0.5836864709854126,,,,
single_moving_actor_overfit_lr1e3,173,0.001,train-mode backward before optimizer step,24.252051276506624,1.3782851883522642,0.014501599867855533,0.5252538919448853,0.32431554794311523,,,,
single_moving_actor_overfit_lr1e3,174,0.001,train-mode backward before optimizer step,22.051654800648613,1.4520297314422894,0.009368052228774884,0.5243251919746399,0.4136058986186981,,,,
single_moving_actor_overfit_lr1e3,175,0.001,train-mode backward before optimizer step,21.637795683202533,1.6728436279589853,0.017442748277244766,0.5132778882980347,0.45961546897888184,,,,
single_moving_actor_overfit_lr1e3,176,0.001,train-mode backward before optimizer step,22.729465664317804,1.633641637187889,0.009500518594649579,0.5047177076339722,0.3649190664291382,,,,
single_moving_actor_overfit_lr1e3,177,0.001,train-mode backward before optimizer step,22.10237777012494,1.4528038451616059,0.008502101872221356,0.4954221248626709,0.34309133887290955,,,,
single_moving_actor_overfit_lr1e3,178,0.001,train-mode backward before optimizer step,19.873417062609345,1.3279047517230447,0.012247380652923084,0.46690547466278076,0.3237721621990204,,,,
single_moving_actor_overfit_lr1e3,179,0.001,train-mode backward before optimizer step,21.01117102454962,1.1480225879341266,0.008566973020508257,0.4865412712097168,0.16074848175048828,,,,
single_moving_actor_overfit_lr1e3,180,0.001,train-mode backward before optimizer step,21.622765353835828,1.5337539996833776,0.007187492558922957,0.48457103967666626,0.30778297781944275,4.672351360321045,2.7020976543426514,7.553093910217285,49.5347785949707
single_moving_actor_overfit_lr1e3,181,0.001,train-mode backward before optimizer step,21.313642865057524,1.9480210123680612,0.007276223229188153,0.484446257352829,0.3611828684806824,,,,
single_moving_actor_overfit_lr1e3,182,0.001,train-mode backward before optimizer step,19.834268886222517,1.3277496660767836,0.006556787740002539,0.47148793935775757,0.25785860419273376,,,,
single_moving_actor_overfit_lr1e3,183,0.001,train-mode backward before optimizer step,19.14181726326006,1.2750192880804572,0.009001848001195797,0.4623342752456665,0.2754483222961426,,,,
single_moving_actor_overfit_lr1e3,184,0.001,train-mode backward before optimizer step,19.205946028872958,1.2020994120525574,0.0067001398426777365,0.4416235685348511,0.22861957550048828,,,,
single_moving_actor_overfit_lr1e3,185,0.001,train-mode backward before optimizer step,19.074749373518927,1.4150197774378004,0.007194489001640373,0.44645196199417114,0.2767776548862457,,,,
single_moving_actor_overfit_lr1e3,186,0.001,train-mode backward before optimizer step,18.330883034670016,1.6035626336665734,0.012310767294570606,0.43719789385795593,0.33612412214279175,,,,
single_moving_actor_overfit_lr1e3,187,0.001,train-mode backward before optimizer step,19.82190233359141,1.324774936271566,0.007925182535863034,0.44851869344711304,0.255104124546051,,,,
single_moving_actor_overfit_lr1e3,188,0.001,train-mode backward before optimizer step,19.05651380638822,1.152266419777824,0.011953763303572321,0.458046555519104,0.18749301135540009,,,,
single_moving_actor_overfit_lr1e3,189,0.001,train-mode backward before optimizer step,19.920841389603346,1.2850453096750103,0.008627958321330821,0.4667907655239105,0.29731330275535583,,,,
single_moving_actor_overfit_lr1e3,190,0.001,train-mode backward before optimizer step,20.045231261262302,1.2107882579890623,0.003143459800953626,0.46902209520339966,0.3168376386165619,4.797482490539551,2.751128673553467,7.757182598114014,49.5347785949707
single_moving_actor_overfit_lr1e3,191,0.001,train-mode backward before optimizer step,19.4504614551951,1.0131399150003864,0.007948234560258925,0.45806702971458435,0.17496077716350555,,,,
single_moving_actor_overfit_lr1e3,192,0.001,train-mode backward before optimizer step,20.1755353697909,1.214821987457245,0.004973293580033545,0.46238207817077637,0.2650075852870941,,,,
single_moving_actor_overfit_lr1e3,193,0.001,train-mode backward before optimizer step,18.84168348309371,1.3564037111636986,0.01036761073656062,0.45573729276657104,0.2706677317619324,,,,
single_moving_actor_overfit_lr1e3,194,0.001,train-mode backward before optimizer step,18.502088412637878,1.2360433776840178,0.006087686999600579,0.45594868063926697,0.2187821865081787,,,,
single_moving_actor_overfit_lr1e3,195,0.001,train-mode backward before optimizer step,21.93580446896381,1.5024410880195986,0.018211272666800598,0.49649667739868164,0.28439146280288696,,,,
single_moving_actor_overfit_lr1e3,196,0.001,train-mode backward before optimizer step,20.287609725539024,1.482723535719419,0.009173526122897213,0.46949297189712524,0.406484454870224,,,,
single_moving_actor_overfit_lr1e3,197,0.001,train-mode backward before optimizer step,20.883050280144523,1.3585031504153937,0.006267387177421119,0.48934632539749146,0.3137248158454895,,,,
single_moving_actor_overfit_lr1e3,198,0.001,train-mode backward before optimizer step,20.79667347041506,1.538988393138292,0.017289213850987223,0.48298823833465576,0.33261436223983765,,,,
single_moving_actor_overfit_lr1e3,199,0.001,train-mode backward before optimizer step,22.30061704824175,1.3960225082771271,0.01364646836905321,0.5037281513214111,0.3693183362483978,,,,
single_moving_actor_overfit_lr1e3,200,0.001,train-mode backward before optimizer step,20.79716436404993,1.2111142896251386,0.00780928207768441,0.48461031913757324,0.2641955018043518,4.9542999267578125,2.802370309829712,7.9755096435546875,49.5347785949707
single_moving_actor_overfit_lr1e3,201,0.001,train-mode backward before optimizer step,21.559623775571335,1.4424202474106704,0.0021789376523168426,0.506324052810669,0.33541199564933777,,,,
single_moving_actor_overfit_lr1e3,202,0.001,train-mode backward before optimizer step,21.60793643058802,1.3798360817511108,0.005624268478142833,0.5350890159606934,0.3496633470058441,,,,
single_moving_actor_overfit_lr1e3,203,0.001,train-mode backward before optimizer step,22.200472774977882,1.217556542667456,0.006301904526525449,0.5398485660552979,0.3360106945037842,,,,
single_moving_actor_overfit_lr1e3,204,0.001,train-mode backward before optimizer step,21.53721960379573,1.2280273552267535,0.005643176301897268,0.5417220592498779,0.33177274465560913,,,,
single_moving_actor_overfit_lr1e3,205,0.001,train-mode backward before optimizer step,22.924187395002402,1.5282394782282698,0.007194000153866573,0.5384190082550049,0.40672773122787476,,,,
single_moving_actor_overfit_lr1e3,206,0.001,train-mode backward before optimizer step,23.68850799822682,1.2349340546043195,0.00627685601640959,0.5571503639221191,0.31936925649642944,,,,
single_moving_actor_overfit_lr1e3,207,0.001,train-mode backward before optimizer step,22.493127304522123,1.526818037488581,0.0038771613333134173,0.545447826385498,0.42149627208709717,,,,
single_moving_actor_overfit_lr1e3,208,0.001,train-mode backward before optimizer step,22.62435974362046,1.2496588512156113,0.010159283338596444,0.5595874786376953,0.32309722900390625,,,,
single_moving_actor_overfit_lr1e3,209,0.001,train-mode backward before optimizer step,23.918914053042688,1.3987229219978652,0.0021307973553465515,0.5768808722496033,0.4220110774040222,,,,
single_moving_actor_overfit_lr1e3,210,0.001,train-mode backward before optimizer step,23.382476808572974,1.1564986835364037,0.01315320032128367,0.5809277296066284,0.353914350271225,5.085145473480225,2.8537566661834717,8.209198951721191,49.5347785949707
single_moving_actor_overfit_lr1e3,211,0.001,train-mode backward before optimizer step,24.67553227946119,1.176704946942249,0.005751452696836778,0.5834779739379883,0.294890820980072,,,,
single_moving_actor_overfit_lr1e3,212,0.001,train-mode backward before optimizer step,25.23488606688911,1.3978062756277394,0.008929582074178037,0.5749402046203613,0.43974781036376953,,,,
single_moving_actor_overfit_lr1e3,213,0.001,train-mode backward before optimizer step,23.516818773257913,1.1854724504824579,0.014626478304454852,0.5860270857810974,0.35055622458457947,,,,
single_moving_actor_overfit_lr1e3,214,0.001,train-mode backward before optimizer step,23.443912789052554,1.4206961132027498,0.002994123484150102,0.5884803533554077,0.4555071294307709,,,,
single_moving_actor_overfit_lr1e3,215,0.001,train-mode backward before optimizer step,25.224253619693222,1.6416504070979019,0.005055707422553809,0.6215552091598511,0.4797964096069336,,,,
single_moving_actor_overfit_lr1e3,216,0.001,train-mode backward before optimizer step,24.9292199345631,1.513733279578259,0.016688857794073014,0.5974764227867126,0.4180627465248108,,,,
single_moving_actor_overfit_lr1e3,217,0.001,train-mode backward before optimizer step,24.796155098043933,1.2538163063252084,0.008737273202763306,0.6208246350288391,0.3502647876739502,,,,
single_moving_actor_overfit_lr1e3,218,0.001,train-mode backward before optimizer step,25.07857529787718,1.1456519099876845,0.010004288303104528,0.6206398010253906,0.3799653947353363,,,,
single_moving_actor_overfit_lr1e3,219,0.001,train-mode backward before optimizer step,23.29398304432635,1.0540668206051276,0.003917546807075994,0.6011190414428711,0.27819955348968506,,,,
single_moving_actor_overfit_lr1e3,220,0.001,train-mode backward before optimizer step,24.451610665266976,1.1048908701965854,0.009130814516541146,0.6018015146255493,0.3120592534542084,5.248592376708984,2.9038212299346924,8.410056114196777,49.5347785949707
single_moving_actor_overfit_lr1e3,221,0.001,train-mode backward before optimizer step,24.544458990085307,1.4845424034678754,0.01327770056390028,0.6215591430664062,0.40731924772262573,,,,
single_moving_actor_overfit_lr1e3,222,0.001,train-mode backward before optimizer step,25.645523065572625,1.3137451190351,0.006849752747454145,0.6274582147598267,0.37153810262680054,,,,
single_moving_actor_overfit_lr1e3,223,0.001,train-mode backward before optimizer step,25.519957376933505,1.189534546883308,0.006722625652185383,0.6196272373199463,0.3769933581352234,,,,
single_moving_actor_overfit_lr1e3,224,0.001,train-mode backward before optimizer step,26.61515602108512,1.1368002056997633,0.0056105235012382905,0.6410760283470154,0.3365611732006073,,,,
single_moving_actor_overfit_lr1e3,225,0.001,train-mode backward before optimizer step,27.59268293873697,1.3334836969721475,0.007515510807917393,0.6415933966636658,0.43081575632095337,,,,
single_moving_actor_overfit_lr1e3,226,0.001,train-mode backward before optimizer step,28.415208983301437,1.3439905874411824,0.00811577023964668,0.6592896580696106,0.41930755972862244,,,,
single_moving_actor_overfit_lr1e3,227,0.001,train-mode backward before optimizer step,27.412665625055247,1.4357601933100048,0.009713197554700603,0.6663260459899902,0.461912602186203,,,,
single_moving_actor_overfit_lr1e3,228,0.001,train-mode backward before optimizer step,28.006112582900563,1.5288989911381499,0.009248876872192894,0.6798291206359863,0.5794703960418701,,,,
single_moving_actor_overfit_lr1e3,229,0.001,train-mode backward before optimizer step,26.24349268653732,1.4589820401660485,0.01301424566468343,0.6545118093490601,0.3918333649635315,,,,
single_moving_actor_overfit_lr1e3,230,0.001,train-mode backward before optimizer step,26.83587232219174,1.0804694859463215,0.008019027464840492,0.6837588548660278,0.35027119517326355,5.398296356201172,2.9586894512176514,8.547142028808594,49.5347785949707
single_moving_actor_overfit_lr1e3,231,0.001,train-mode backward before optimizer step,28.504558817036692,1.062527305276499,0.015429010866030041,0.6893510818481445,0.3528507947921753,,,,
single_moving_actor_overfit_lr1e3,232,0.001,train-mode backward before optimizer step,29.155764734456756,1.1919442241878964,0.010014524094855537,0.7098223567008972,0.3949577808380127,,,,
single_moving_actor_overfit_lr1e3,233,0.001,train-mode backward before optimizer step,29.068450024655572,1.065351945467339,0.01345310732827762,0.7193063497543335,0.3474346995353699,,,,
single_moving_actor_overfit_lr1e3,234,0.001,train-mode backward before optimizer step,30.949520145219655,1.1374144640461568,0.011158682424983775,0.7341429591178894,0.46306371688842773,,,,
single_moving_actor_overfit_lr1e3,235,0.001,train-mode backward before optimizer step,29.379698455484398,1.3826962359669612,0.010322921740808283,0.6997004747390747,0.4301074743270874,,,,
single_moving_actor_overfit_lr1e3,236,0.001,train-mode backward before optimizer step,30.459967329429837,1.626267325904304,0.009667544333220462,0.7313615679740906,0.6270583868026733,,,,
single_moving_actor_overfit_lr1e3,237,0.001,train-mode backward before optimizer step,29.22198104558121,1.8050770950503814,0.0021300588732117037,0.7137081027030945,0.7004183530807495,,,,
single_moving_actor_overfit_lr1e3,238,0.001,train-mode backward before optimizer step,31.253032168855892,1.573599141807991,0.005502633471136259,0.7417604327201843,0.59665447473526,,,,
single_moving_actor_overfit_lr1e3,239,0.001,train-mode backward before optimizer step,31.899334164170853,1.0059093930888163,0.011971156697460779,0.7697099447250366,0.3259297311306,,,,
single_moving_actor_overfit_lr1e3,240,0.001,train-mode backward before optimizer step,31.281296570845324,1.133301562972463,0.006572881055149853,0.7618905901908875,0.36975035071372986,5.617562294006348,3.0181686878204346,8.720572471618652,49.5347785949707
single_moving_actor_overfit_lr1e3,241,0.001,train-mode backward before optimizer step,31.43123339757665,1.4492138876746854,0.0037758783547538815,0.7551204562187195,0.5565306544303894,,,,
single_moving_actor_overfit_lr1e3,242,0.001,train-mode backward before optimizer step,33.01981799964371,1.900890982880306,0.008314111212573874,0.7756678462028503,0.7708660960197449,,,,
single_moving_actor_overfit_lr1e3,243,0.001,train-mode backward before optimizer step,31.837353904844203,1.359818294640122,0.014262522288763312,0.7672059535980225,0.5097650289535522,,,,
single_moving_actor_overfit_lr1e3,244,0.001,train-mode backward before optimizer step,31.55071085843767,1.4251451305739424,0.009496801940382821,0.7646403312683105,0.5606628656387329,,,,
single_moving_actor_overfit_lr1e3,245,0.001,train-mode backward before optimizer step,31.64576215155437,1.6046896775312718,0.007951071823690448,0.7674795985221863,0.6030566692352295,,,,
single_moving_actor_overfit_lr1e3,246,0.001,train-mode backward before optimizer step,31.00733871790932,1.399819645150309,0.014072617717657651,0.7419137358665466,0.4828871190547943,,,,
single_moving_actor_overfit_lr1e3,247,0.001,train-mode backward before optimizer step,30.675298969545917,1.32295557034076,0.004995202272517729,0.7432419657707214,0.5222213268280029,,,,
single_moving_actor_overfit_lr1e3,248,0.001,train-mode backward before optimizer step,30.53685970253955,1.2364264425522014,0.004826718754887615,0.7549241781234741,0.5241644978523254,,,,
single_moving_actor_overfit_lr1e3,249,0.001,train-mode backward before optimizer step,30.508679285857085,1.0104711142235576,0.00575769444796616,0.7646769881248474,0.3545463979244232,,,,
single_moving_actor_overfit_lr1e3,250,0.001,train-mode backward before optimizer step,30.252789282974867,1.2303417881584775,0.021719046726256803,0.7241450548171997,0.44293397665023804,5.781760215759277,3.079515218734741,8.868178367614746,49.5347785949707
single_moving_actor_overfit_lr1e3,251,0.001,train-mode backward before optimizer step,29.956945877236674,1.0002288126347514,0.0061962090153744225,0.7473804354667664,0.36046838760375977,,,,
single_moving_actor_overfit_lr1e3,252,0.001,train-mode backward before optimizer step,29.18706642546879,1.2207366012112328,0.011939871348974446,0.7251664996147156,0.508071780204773,,,,
single_moving_actor_overfit_lr1e3,253,0.001,train-mode backward before optimizer step,28.630848772307914,1.0292474217720307,0.011743573090814386,0.7198046445846558,0.33801180124282837,,,,
single_moving_actor_overfit_lr1e3,254,0.001,train-mode backward before optimizer step,31.88143736250978,1.0668274054990003,0.0037448957070524078,0.7245950102806091,0.3650132119655609,,,,
single_moving_actor_overfit_lr1e3,255,0.001,train-mode backward before optimizer step,30.18716960052062,0.9879314989869815,0.011826740348139525,0.7186428904533386,0.3163583278656006,,,,
single_moving_actor_overfit_lr1e3,256,0.001,train-mode backward before optimizer step,29.415423742598943,1.1128571674126693,0.007048523386792352,0.7260842323303223,0.33707916736602783,,,,
single_moving_actor_overfit_lr1e3,257,0.001,train-mode backward before optimizer step,30.26668281233572,1.2718720677328819,0.006003660644292643,0.7460753321647644,0.5242682695388794,,,,
single_moving_actor_overfit_lr1e3,258,0.001,train-mode backward before optimizer step,30.275729999733848,1.1429372247150367,0.006575379004142022,0.7505311965942383,0.4135996699333191,,,,
single_moving_actor_overfit_lr1e3,259,0.001,train-mode backward before optimizer step,32.84704620114823,1.2467429941847596,0.0038340998395427076,0.749588131904602,0.526009202003479,,,,
single_moving_actor_overfit_lr1e3,260,0.001,train-mode backward before optimizer step,30.874446441080575,1.1082255453485241,0.005382745846231017,0.7457464933395386,0.43399620056152344,5.985690593719482,3.1357290744781494,9.050700187683105,49.5347785949707
single_moving_actor_overfit_lr1e3,261,0.001,train-mode backward before optimizer step,31.223976056029873,1.1152246655826545,0.008713988478774541,0.751734733581543,0.3867191970348358,,,,
single_moving_actor_overfit_lr1e3,262,0.001,train-mode backward before optimizer step,31.24350936373871,0.8775922377204832,0.03283172046887451,0.770437479019165,0.2767813205718994,,,,
single_moving_actor_overfit_lr1e3,263,0.001,train-mode backward before optimizer step,31.733781392729558,1.3134476785507485,0.004958755124111286,0.7847801446914673,0.5630472898483276,,,,
single_moving_actor_overfit_lr1e3,264,0.001,train-mode backward before optimizer step,33.48912281215411,1.371651637288532,0.01996229681524411,0.7938167452812195,0.5390238761901855,,,,
single_moving_actor_overfit_lr1e3,265,0.001,train-mode backward before optimizer step,32.37862791834514,1.0017501198430527,0.007045790377725182,0.8194829821586609,0.40793800354003906,,,,
single_moving_actor_overfit_lr1e3,266,0.001,train-mode backward before optimizer step,31.098800878888866,1.04728578620363,0.005753218387258779,0.8150133490562439,0.47956210374832153,,,,
single_moving_actor_overfit_lr1e3,267,0.001,train-mode backward before optimizer step,33.80363145276941,1.0092979274273912,0.004170148914566662,0.8431800603866577,0.42487892508506775,,,,
single_moving_actor_overfit_lr1e3,268,0.001,train-mode backward before optimizer step,33.07139858660813,1.330185318036374,0.012294700918150015,0.803964376449585,0.5111861228942871,,,,
single_moving_actor_overfit_lr1e3,269,0.001,train-mode backward before optimizer step,33.245015327244936,1.1784635091416067,0.004491386126448955,0.8240222930908203,0.47819897532463074,,,,
single_moving_actor_overfit_lr1e3,270,0.001,train-mode backward before optimizer step,34.78331765169827,1.0123010233189789,0.005098767093628242,0.8527597784996033,0.44388121366500854,6.194957256317139,3.189575672149658,9.267364501953125,49.5347785949707
single_moving_actor_overfit_lr1e3,271,0.001,train-mode backward before optimizer step,34.893808907455686,1.1304344467967542,0.010799319689179741,0.8451743125915527,0.4779752194881439,,,,
single_moving_actor_overfit_lr1e3,272,0.001,train-mode backward before optimizer step,34.65141872104625,1.2127856462284798,0.007156880000057412,0.851759135723114,0.5065059661865234,,,,
single_moving_actor_overfit_lr1e3,273,0.001,train-mode backward before optimizer step,34.304190644959654,1.1719965518853708,0.003157177891121301,0.8461871147155762,0.5063778758049011,,,,
single_moving_actor_overfit_lr1e3,274,0.001,train-mode backward before optimizer step,32.753367076451376,1.0161030438159406,0.0012805926817255461,0.8606518507003784,0.3316798210144043,,,,
single_moving_actor_overfit_lr1e3,275,0.001,train-mode backward before optimizer step,37.22676835116184,1.2678566982135706,0.004982695442396806,0.8739706873893738,0.49721384048461914,,,,
single_moving_actor_overfit_lr1e3,276,0.001,train-mode backward before optimizer step,37.24649723493274,1.2229945467085046,0.0070540935529098585,0.8749496340751648,0.5857890844345093,,,,
single_moving_actor_overfit_lr1e3,277,0.001,train-mode backward before optimizer step,35.24844701503708,1.1627121163183611,0.009936937622636904,0.887818455696106,0.4488556981086731,,,,
single_moving_actor_overfit_lr1e3,278,0.001,train-mode backward before optimizer step,38.68959381523813,1.333865245318644,0.004980120517977126,0.9158987998962402,0.6378728151321411,,,,
single_moving_actor_overfit_lr1e3,279,0.001,train-mode backward before optimizer step,38.871732244927244,1.6393577229409844,0.006039340411069767,0.9147817492485046,0.7163949012756348,,,,
single_moving_actor_overfit_lr1e3,280,0.001,train-mode backward before optimizer step,36.544793944553014,2.068583275451445,0.00795810143649504,0.9012233018875122,0.8955216407775879,6.428853988647461,3.23594331741333,9.509296417236328,49.5347785949707
single_moving_actor_overfit_lr1e3,281,0.001,train-mode backward before optimizer step,36.6838774865527,1.496106563964506,0.0030014413566085505,0.9017524719238281,0.6597128510475159,,,,
single_moving_actor_overfit_lr1e3,282,0.001,train-mode backward before optimizer step,35.34024374908739,1.1981290243939302,0.01043943522793318,0.9055808782577515,0.5501318573951721,,,,
single_moving_actor_overfit_lr1e3,283,0.001,train-mode backward before optimizer step,36.660465615362824,1.0974010468902207,0.0030259408666605757,0.8990799784660339,0.46111899614334106,,,,
single_moving_actor_overfit_lr1e3,284,0.001,train-mode backward before optimizer step,35.66261777068317,1.0367589179142784,0.0013519520092681774,0.9119623899459839,0.4177579879760742,,,,
single_moving_actor_overfit_lr1e3,285,0.001,train-mode backward before optimizer step,36.713160736270105,1.5431957523479927,0.005477240690935362,0.9192694425582886,0.7024344205856323,,,,
single_moving_actor_overfit_lr1e3,286,0.001,train-mode backward before optimizer step,36.51311005285185,1.2097576600529794,0.011289646123472965,0.8983652591705322,0.4507940411567688,,,,
single_moving_actor_overfit_lr1e3,287,0.001,train-mode backward before optimizer step,36.61083000541721,1.3415304643980779,0.0022188714542961765,0.9003180265426636,0.5482329726219177,,,,
single_moving_actor_overfit_lr1e3,288,0.001,train-mode backward before optimizer step,34.82486028861621,0.9542161386509973,0.0037611960861053447,0.8795310854911804,0.3683612048625946,,,,
single_moving_actor_overfit_lr1e3,289,0.001,train-mode backward before optimizer step,32.851384885750086,1.1798477526376194,0.003600155348212286,0.8674015402793884,0.5606899261474609,,,,
single_moving_actor_overfit_lr1e3,290,0.001,train-mode backward before optimizer step,34.57196118954466,1.4623098525870593,0.006249933925892732,0.8813329935073853,0.6733986139297485,6.6252851486206055,3.281630277633667,9.691679000854492,49.5347785949707
single_moving_actor_overfit_lr1e3,291,0.001,train-mode backward before optimizer step,35.69885983568619,1.242000347030275,0.005910232056845658,0.8788465261459351,0.5492803454399109,,,,
single_moving_actor_overfit_lr1e3,292,0.001,train-mode backward before optimizer step,36.63096863277638,1.0292322751188077,0.0026901313461652693,0.8898309469223022,0.404043972492218,,,,
single_moving_actor_overfit_lr1e3,293,0.001,train-mode backward before optimizer step,34.85276332334108,0.9293401585915143,0.0031498696074419223,0.876827597618103,0.3639635443687439,,,,
single_moving_actor_overfit_lr1e3,294,0.001,train-mode backward before optimizer step,35.7284732023687,1.120487169731477,0.003220410339586478,0.9008669853210449,0.519859254360199,,,,
single_moving_actor_overfit_lr1e3,295,0.001,train-mode backward before optimizer step,39.06229944195681,1.0761086855287114,0.0021669711024470935,0.9289249181747437,0.48412904143333435,,,,
single_moving_actor_overfit_lr1e3,296,0.001,train-mode backward before optimizer step,36.19377637127824,1.2791108206653987,0.0035336309324343965,0.9013077020645142,0.5634641051292419,,,,
single_moving_actor_overfit_lr1e3,297,0.001,train-mode backward before optimizer step,38.090879304492574,1.0139574928678468,0.006432467571210372,0.9203075766563416,0.4170553684234619,,,,
single_moving_actor_overfit_lr1e3,298,0.001,train-mode backward before optimizer step,37.916959254874016,1.6647942796929298,0.0044274408288121694,0.8939701914787292,0.6005860567092896,,,,
single_moving_actor_overfit_lr1e3,299,0.001,train-mode backward before optimizer step,36.93577221513779,1.156839552803664,0.0018745370650407249,0.9040247797966003,0.45453327894210815,,,,
single_moving_actor_overfit_lr1e3,300,0.001,train-mode backward before optimizer step,37.29353135829055,1.2412384863146273,0.0036947972889541892,0.920491099357605,0.5988234281539917,6.892521858215332,3.33160662651062,9.862785339355469,49.5347785949707
single_moving_actor_overfit_lr1e3,301,0.001,train-mode backward before optimizer step,36.368169860003164,1.2819377544718016,0.0018211568944041692,0.9069360494613647,0.5817282199859619,,,,
single_moving_actor_overfit_lr1e3,302,0.001,train-mode backward before optimizer step,38.88945752204927,1.2728244123644825,0.004412405683000467,0.9488987922668457,0.5944029688835144,,,,
single_moving_actor_overfit_lr1e3,303,0.001,train-mode backward before optimizer step,38.68836639244163,1.0859868278073066,0.0066261873480118645,0.9231456518173218,0.5779057741165161,,,,
single_moving_actor_overfit_lr1e3,304,0.001,train-mode backward before optimizer step,39.40291401672637,1.3566982135711962,0.005515906024335446,0.9465010166168213,0.6437525749206543,,,,
single_moving_actor_overfit_lr1e3,305,0.001,train-mode backward before optimizer step,39.424396023728015,0.9830435543777146,0.005014694902404788,0.949375569820404,0.4694891571998596,,,,
single_moving_actor_overfit_lr1e3,306,0.001,train-mode backward before optimizer step,39.81770834169162,0.9277135101729481,0.004637487229131065,0.9447954893112183,0.3643387258052826,,,,
single_moving_actor_overfit_lr1e3,307,0.001,train-mode backward before optimizer step,38.33696298511761,1.3285827265492751,0.008809068715389267,0.9298627376556396,0.7041476964950562,,,,
single_moving_actor_overfit_lr1e3,308,0.001,train-mode backward before optimizer step,39.335386709061346,1.1644653131206064,0.004325175325313728,0.9408262968063354,0.5229823589324951,,,,
single_moving_actor_overfit_lr1e3,309,0.001,train-mode backward before optimizer step,41.43065391193245,1.8919093138301266,0.006063791349496779,0.9558228254318237,1.0763729810714722,,,,
single_moving_actor_overfit_lr1e3,310,0.001,train-mode backward before optimizer step,39.1335096776774,1.5116122375525771,0.0030253150222114503,0.9499567747116089,0.7186882495880127,7.14660120010376,3.379573106765747,10.01010799407959,49.5347785949707
single_moving_actor_overfit_lr1e3,311,0.001,train-mode backward before optimizer step,37.47439380615891,1.1264306321508146,0.0013464186587566493,0.9466123580932617,0.5454373359680176,,,,
single_moving_actor_overfit_lr1e3,312,0.001,train-mode backward before optimizer step,37.332177115603926,1.3087705535607967,0.005507994538601589,0.9213463664054871,0.6426080465316772,,,,
single_moving_actor_overfit_lr1e3,313,0.001,train-mode backward before optimizer step,38.64767290237874,0.8559061595102553,0.005032697928930488,0.9495126605033875,0.40550681948661804,,,,
single_moving_actor_overfit_lr1e3,314,0.001,train-mode backward before optimizer step,39.88025559945794,1.029390279165607,0.004092900959078507,0.9579566717147827,0.4241522252559662,,,,
single_moving_actor_overfit_lr1e3,315,0.001,train-mode backward before optimizer step,38.03685385134436,1.2873307664145388,0.006616205855653152,0.9677421450614929,0.6051509976387024,,,,
single_moving_actor_overfit_lr1e3,316,0.001,train-mode backward before optimizer step,39.45991732595036,1.5084328754948992,0.0029748222785880257,0.9752683639526367,0.7319554686546326,,,,
single_moving_actor_overfit_lr1e3,317,0.001,train-mode backward before optimizer step,39.44628578964647,1.2482217711765726,0.0029858050676683976,0.9431709051132202,0.47218459844589233,,,,
single_moving_actor_overfit_lr1e3,318,0.001,train-mode backward before optimizer step,37.06895477911407,1.324223749617357,0.004182844582233674,0.9473241567611694,0.6688189506530762,,,,
single_moving_actor_overfit_lr1e3,319,0.001,train-mode backward before optimizer step,37.85467008054228,1.2476039354043633,0.0038539789249746907,0.9712035059928894,0.5391900539398193,,,,
single_moving_actor_overfit_lr1e3,320,0.001,train-mode backward before optimizer step,39.75941151701552,0.81444347541725,0.0022939153181403527,0.9773720502853394,0.37673163414001465,7.494926929473877,3.408661365509033,10.135972023010254,49.5347785949707
single_moving_actor_overfit_lr1e3,321,0.001,train-mode backward before optimizer step,43.029710930615856,1.237567326643819,0.013263975015574537,1.010319709777832,0.6378206014633179,,,,
single_moving_actor_overfit_lr1e3,322,0.001,train-mode backward before optimizer step,40.53537792919796,1.2014591131384766,0.003013370511819006,1.0236767530441284,0.64886075258255,,,,
single_moving_actor_overfit_lr1e3,323,0.001,train-mode backward before optimizer step,41.16079284728436,1.3192855947972415,0.006182383095609602,1.0407029390335083,0.6675401926040649,,,,
single_moving_actor_overfit_lr1e3,324,0.001,train-mode backward before optimizer step,40.57217509708082,2.0462467694374924,0.0019913108353260163,1.0351775884628296,1.209093689918518,,,,
single_moving_actor_overfit_lr1e3,325,0.001,train-mode backward before optimizer step,41.19714295110779,2.220733506232058,0.008954875426374234,1.0466206073760986,1.2306240797042847,,,,
single_moving_actor_overfit_lr1e3,326,0.001,train-mode backward before optimizer step,42.01989369786485,2.2086882242832453,0.006309329229516577,1.0467016696929932,1.10520339012146,,,,
single_moving_actor_overfit_lr1e3,327,0.001,train-mode backward before optimizer step,39.36049767819871,1.1752833076801303,0.0016105898355484429,1.0523508787155151,0.5877571105957031,,,,
single_moving_actor_overfit_lr1e3,328,0.001,train-mode backward before optimizer step,39.45248346741518,1.075916329534697,0.00649201740545842,1.0109933614730835,0.6414748430252075,,,,
single_moving_actor_overfit_lr1e3,329,0.001,train-mode backward before optimizer step,40.28277752542337,1.2518612239441738,0.007238452218986456,1.0470936298370361,0.6517359018325806,,,,
single_moving_actor_overfit_lr1e3,330,0.001,train-mode backward before optimizer step,41.99064372544076,0.9679718363634855,0.003662548634253658,1.0260123014450073,0.5212202668190002,7.789554595947266,3.440789222717285,10.231070518493652,49.5347785949707
single_moving_actor_overfit_lr1e3,331,0.001,train-mode backward before optimizer step,41.995362444934635,0.9731361786537859,0.009615864756645578,1.0406229496002197,0.4994255006313324,,,,
single_moving_actor_overfit_lr1e3,332,0.001,train-mode backward before optimizer step,41.91325878100363,1.6320936784688385,0.004567009425894433,1.0637922286987305,0.864884078502655,,,,
single_moving_actor_overfit_lr1e3,333,0.001,train-mode backward before optimizer step,42.35969991876763,1.2351417558425482,0.0025990226804870104,1.0442652702331543,0.6177430748939514,,,,
single_moving_actor_overfit_lr1e3,334,0.001,train-mode backward before optimizer step,43.36146320641967,1.6118521134534431,0.0015972336912176053,1.0325326919555664,0.8808941841125488,,,,
single_moving_actor_overfit_lr1e3,335,0.001,train-mode backward before optimizer step,42.399853637193885,1.1986062915262636,0.0036002958718710483,1.051812767982483,0.6222562789916992,,,,
single_moving_actor_overfit_lr1e3,336,0.001,train-mode backward before optimizer step,41.55634196791187,1.2659148672998022,0.017780720046863662,1.0495331287384033,0.7073845267295837,,,,
single_moving_actor_overfit_lr1e3,337,0.001,train-mode backward before optimizer step,39.30591487228261,1.0259331384680206,0.010870661577029922,1.022703766822815,0.5384901762008667,,,,
single_moving_actor_overfit_lr1e3,338,0.001,train-mode backward before optimizer step,42.276664894572704,1.6404073005058035,0.010576207874213327,1.0453035831451416,0.8692433834075928,,,,
single_moving_actor_overfit_lr1e3,339,0.001,train-mode backward before optimizer step,40.10424768688625,2.1303113852869755,0.0024700448398413794,1.0064384937286377,0.9540243148803711,,,,
single_moving_actor_overfit_lr1e3,340,0.001,train-mode backward before optimizer step,38.043378406780114,1.9082618736308787,0.002081646932958306,0.9969252347946167,0.9688541293144226,7.955637454986572,3.4842770099639893,10.358842849731445,49.5347785949707
single_moving_actor_overfit_lr1e3,341,0.001,train-mode backward before optimizer step,37.26649301685368,1.483812065979621,0.007616731557877498,0.954825758934021,0.637675940990448,,,,
single_moving_actor_overfit_lr1e3,342,0.001,train-mode backward before optimizer step,41.07819764926923,1.8271519903046978,0.010086509941141962,1.0153732299804688,0.7834157347679138,,,,
single_moving_actor_overfit_lr1e3,343,0.001,train-mode backward before optimizer step,36.122916451453925,1.3508779124397075,0.001817299961029399,0.94086092710495,0.5877257585525513,,,,
single_moving_actor_overfit_lr1e3,344,0.001,train-mode backward before optimizer step,35.57176268404696,1.3759828430414227,0.01636536338414554,0.940382719039917,0.7154638171195984,,,,
single_moving_actor_overfit_lr1e3,345,0.001,train-mode backward before optimizer step,35.37166611702541,1.285597074226126,0.014575672731532208,0.9154815673828125,0.6000996232032776,,,,
single_moving_actor_overfit_lr1e3,346,0.001,train-mode backward before optimizer step,34.36715484213882,1.2037119651777206,0.003936042179164206,0.8917858600616455,0.49049195647239685,,,,
single_moving_actor_overfit_lr1e3,347,0.001,train-mode backward before optimizer step,35.323921533840554,1.3178968116004277,0.004110356432981769,0.8936995267868042,0.5382053852081299,,,,
single_moving_actor_overfit_lr1e3,348,0.001,train-mode backward before optimizer step,35.487895178994854,1.2180238693724792,0.004634734562977863,0.8831654787063599,0.4975354075431824,,,,
single_moving_actor_overfit_lr1e3,349,0.001,train-mode backward before optimizer step,34.63719974630635,0.9640769793569353,0.005905968784764152,0.8895047903060913,0.3681514263153076,,,,
single_moving_actor_overfit_lr1e3,350,0.001,train-mode backward before optimizer step,32.95809323125142,1.4097837758562881,0.002183514216820892,0.8465935587882996,0.6176131963729858,7.932627201080322,3.523200035095215,10.556478500366211,49.5347785949707
single_moving_actor_overfit_lr1e3,351,0.001,train-mode backward before optimizer step,35.35092422110684,1.0328056163347534,0.005517985875564561,0.8609206080436707,0.3749813735485077,,,,
single_moving_actor_overfit_lr1e3,352,0.001,train-mode backward before optimizer step,34.39906635159687,1.3104797011838605,0.0021242689648992025,0.8646811246871948,0.5766230821609497,,,,
single_moving_actor_overfit_lr1e3,353,0.001,train-mode backward before optimizer step,34.37029835359837,1.2604222892326333,0.0012480910989664856,0.850182056427002,0.5479388236999512,,,,
single_moving_actor_overfit_lr1e3,354,0.001,train-mode backward before optimizer step,32.78306112300034,1.2656151472009076,0.004382790660861287,0.8395489454269409,0.5203422904014587,,,,
single_moving_actor_overfit_lr1e3,355,0.001,train-mode backward before optimizer step,33.79819250908863,1.227885024866859,0.009886972875705132,0.8615793585777283,0.46142682433128357,,,,
single_moving_actor_overfit_lr1e3,356,0.001,train-mode backward before optimizer step,33.39828368104752,1.1664615110646257,0.004439668465309366,0.8470011949539185,0.4476048946380615,,,,
single_moving_actor_overfit_lr1e3,357,0.001,train-mode backward before optimizer step,33.34952993677102,1.3488134442765378,0.0053179693855694935,0.8210306167602539,0.5893505811691284,,,,
single_moving_actor_overfit_lr1e3,358,0.001,train-mode backward before optimizer step,33.37333866004949,1.296095608269219,0.005291405938439953,0.8460124731063843,0.5430419445037842,,,,
single_moving_actor_overfit_lr1e3,359,0.001,train-mode backward before optimizer step,33.04866778967627,1.3623399083394703,0.005131286020039496,0.8389055728912354,0.47140198945999146,,,,
single_moving_actor_overfit_lr1e3,360,0.001,train-mode backward before optimizer step,33.81809312290645,1.7659707169150771,0.00219893179745301,0.8713819980621338,0.5372345447540283,7.990547180175781,3.5491509437561035,10.714826583862305,49.5347785949707
single_moving_actor_overfit_lr1e3,361,0.001,train-mode backward before optimizer step,33.97299510848751,1.8093288329273616,0.002266394579639575,0.8711925745010376,0.6696023941040039,,,,
single_moving_actor_overfit_lr1e3,362,0.001,train-mode backward before optimizer step,34.312107889056975,1.32146456785127,0.0066543744321041235,0.8581154346466064,0.5257285833358765,,,,
single_moving_actor_overfit_lr1e3,363,0.001,train-mode backward before optimizer step,33.73065631634133,0.9465720836938897,0.0029408018979184603,0.8737438917160034,0.42458653450012207,,,,
single_moving_actor_overfit_lr1e3,364,0.001,train-mode backward before optimizer step,33.19989385449362,0.8422336894258287,0.017711466828664604,0.8421279788017273,0.2894885540008545,,,,
single_moving_actor_overfit_lr1e3,365,0.001,train-mode backward before optimizer step,35.107046226551304,1.1588006638833392,0.0025608511158153125,0.8614007830619812,0.4592413902282715,,,,
single_moving_actor_overfit_lr1e3,366,0.001,train-mode backward before optimizer step,31.60793990423227,1.2002000602410956,0.003427193096569857,0.8435236215591431,0.43902331590652466,,,,
single_moving_actor_overfit_lr1e3,367,0.001,train-mode backward before optimizer step,35.67373787548021,1.0678255843071678,0.0073283441437426745,0.8930980563163757,0.3752838969230652,,,,
single_moving_actor_overfit_lr1e3,368,0.001,train-mode backward before optimizer step,34.42909002947972,1.29259035460922,0.0032090181308331934,0.8955440521240234,0.6039693355560303,,,,
single_moving_actor_overfit_lr1e3,369,0.001,train-mode backward before optimizer step,36.867639625860924,1.0787850207953091,0.005192240776283632,0.9263763427734375,0.44845303893089294,,,,
single_moving_actor_overfit_lr1e3,370,0.001,train-mode backward before optimizer step,36.23432656901153,1.0231553830594962,0.007012419708945732,0.9185653924942017,0.3699653148651123,7.965146541595459,3.576772451400757,10.860140800476074,49.5347785949707
single_moving_actor_overfit_lr1e3,371,0.001,train-mode backward before optimizer step,40.180482442999335,0.9990328836320824,0.00442895052529888,0.9715017080307007,0.44395551085472107,,,,
single_moving_actor_overfit_lr1e3,372,0.001,train-mode backward before optimizer step,37.60784224387497,1.1935730214988205,0.01787925316116611,0.9686772227287292,0.6412177085876465,,,,
single_moving_actor_overfit_lr1e3,373,0.001,train-mode backward before optimizer step,38.671857375005466,1.0617500395114956,0.006031444261593676,0.9656928777694702,0.49703383445739746,,,,
single_moving_actor_overfit_lr1e3,374,0.001,train-mode backward before optimizer step,38.79393128755907,1.224517114896779,0.004727090781860236,1.0159213542938232,0.6147255897521973,,,,
single_moving_actor_overfit_lr1e3,375,0.001,train-mode backward before optimizer step,39.811397887213424,0.9101999255057455,0.009391820270112972,0.9958207011222839,0.45661744475364685,,,,
single_moving_actor_overfit_lr1e3,376,0.001,train-mode backward before optimizer step,38.11526961929712,1.1280373763204217,0.012357010697610329,0.984545886516571,0.5796941518783569,,,,
single_moving_actor_overfit_lr1e3,377,0.001,train-mode backward before optimizer step,39.21597383208863,1.2002836107280286,0.004128138435114257,1.0063472986221313,0.6570800542831421,,,,
single_moving_actor_overfit_lr1e3,378,0.001,train-mode backward before optimizer step,40.53686837463071,1.5292715736934854,0.004155478956791253,1.038888931274414,0.7237834930419922,,,,
single_moving_actor_overfit_lr1e3,379,0.001,train-mode backward before optimizer step,41.36478865953184,1.7271131960404518,0.003685787040149339,1.0357760190963745,0.9560834765434265,,,,
single_moving_actor_overfit_lr1e3,380,0.001,train-mode backward before optimizer step,41.84739617549972,1.4810601989210557,0.0038553447067733904,1.0525850057601929,0.8184266090393066,7.979250907897949,3.6153557300567627,10.930563926696777,49.5347785949707
single_moving_actor_overfit_lr1e3,381,0.001,train-mode backward before optimizer step,41.78041401006559,1.588461425626934,0.003422771220029254,1.0448322296142578,0.8140597343444824,,,,
single_moving_actor_overfit_lr1e3,382,0.001,train-mode backward before optimizer step,42.13278230421727,1.7070853352819986,0.006630740069624437,1.0632519721984863,0.9793490171432495,,,,
single_moving_actor_overfit_lr1e3,383,0.001,train-mode backward before optimizer step,41.89840446786665,1.5680690553512826,0.004760297817307629,1.0556864738464355,0.7673245668411255,,,,
single_moving_actor_overfit_lr1e3,384,0.001,train-mode backward before optimizer step,41.12432484451888,1.070522268358106,0.004548830339873855,1.03987455368042,0.46065229177474976,,,,
single_moving_actor_overfit_lr1e3,385,0.001,train-mode backward before optimizer step,41.01443314874692,1.0203689707387051,0.0032361561907778115,1.0356422662734985,0.6280627250671387,,,,
single_moving_actor_overfit_lr1e3,386,0.001,train-mode backward before optimizer step,43.00280676011211,1.0125776196886875,0.0029597682291467066,1.0679728984832764,0.5512605309486389,,,,
single_moving_actor_overfit_lr1e3,387,0.001,train-mode backward before optimizer step,43.23875652871511,1.2449674090417358,0.005706002570009815,1.0764552354812622,0.6254895329475403,,,,
single_moving_actor_overfit_lr1e3,388,0.001,train-mode backward before optimizer step,43.307788200663836,1.474982674627078,0.005934646180059232,1.0716590881347656,0.7695105075836182,,,,
single_moving_actor_overfit_lr1e3,389,0.001,train-mode backward before optimizer step,41.88521475123819,2.2360681961677655,0.004023053965554231,1.0531245470046997,1.1760904788970947,,,,
single_moving_actor_overfit_lr1e3,390,0.001,train-mode backward before optimizer step,41.774093984973796,1.9000534626814949,0.007985207242254723,1.077364444732666,0.9541389346122742,7.977781772613525,3.6505746841430664,11.028385162353516,49.5347785949707
single_moving_actor_overfit_lr1e3,391,0.001,train-mode backward before optimizer step,42.09830748062808,1.7357515456016006,0.0033439393279430223,1.0640288591384888,0.8089043498039246,,,,
single_moving_actor_overfit_lr1e3,392,0.001,train-mode backward before optimizer step,42.079261910591214,1.6829309462562365,0.006018078576847389,1.0408934354782104,0.8878766298294067,,,,
single_moving_actor_overfit_lr1e3,393,0.001,train-mode backward before optimizer step,41.114195797330346,1.523053385675759,0.0024230274644669817,1.0358006954193115,0.9161167144775391,,,,
single_moving_actor_overfit_lr1e3,394,0.001,train-mode backward before optimizer step,39.40917419305443,1.506209425906008,0.006669917366916092,1.0293179750442505,0.772207498550415,,,,
single_moving_actor_overfit_lr1e3,395,0.001,train-mode backward before optimizer step,41.1034108055486,1.6194979876937903,0.00369195676806586,1.0392818450927734,0.8143212199211121,,,,
single_moving_actor_overfit_lr1e3,396,0.001,train-mode backward before optimizer step,40.57101151070108,1.2872198445561418,0.014192105550330519,1.0420979261398315,0.8018428683280945,,,,
single_moving_actor_overfit_lr1e3,397,0.001,train-mode backward before optimizer step,38.452935760459034,1.001298862354814,0.004293600936114581,1.0240514278411865,0.4253242015838623,,,,
single_moving_actor_overfit_lr1e3,398,0.001,train-mode backward before optimizer step,38.19651981103288,1.1206653045499406,0.0029132140153113927,1.0158551931381226,0.5286104083061218,,,,
single_moving_actor_overfit_lr1e3,399,0.001,train-mode backward before optimizer step,38.78437729907775,1.3637690187883125,0.005898781771682061,1.0126006603240967,0.717286229133606,,,,
single_moving_actor_overfit_lr1e3,400,0.001,train-mode backward before optimizer step,36.61534625993023,1.3867007371291578,0.0058760140977324885,1.001624584197998,0.6461977958679199,8.019979476928711,3.689847230911255,11.210131645202637,49.5347785949707
single_moving_actor_overfit_lr1e3,401,0.001,train-mode backward before optimizer step,38.827139415013114,0.9743755926291595,0.0028211826698058794,1.0016686916351318,0.47244858741760254,,,,
single_moving_actor_overfit_lr1e3,402,0.001,train-mode backward before optimizer step,37.44711512546646,1.1182370220228675,0.009924290900971449,1.0386629104614258,0.5602930784225464,,,,
single_moving_actor_overfit_lr1e3,403,0.001,train-mode backward before optimizer step,37.20301794428189,0.9805358355935246,0.006128010858943856,1.0175235271453857,0.5035383701324463,,,,
single_moving_actor_overfit_lr1e3,404,0.001,train-mode backward before optimizer step,38.41552736557863,1.1585876451630426,0.004652492739572842,1.0219199657440186,0.6598415374755859,,,,
single_moving_actor_overfit_lr1e3,405,0.001,train-mode backward before optimizer step,37.86574695200627,1.0286313281983381,0.005036380281051249,1.034077525138855,0.5942890048027039,,,,
single_moving_actor_overfit_lr1e3,406,0.001,train-mode backward before optimizer step,39.23721116319734,1.3062110325978915,0.005366657459362784,1.042832612991333,0.702135443687439,,,,
single_moving_actor_overfit_lr1e3,407,0.001,train-mode backward before optimizer step,41.033330664223286,1.7277178130840416,0.016317868814902856,1.0466499328613281,0.7008892893791199,,,,
single_moving_actor_overfit_lr1e3,408,0.001,train-mode backward before optimizer step,41.10092905213343,1.0761139313342463,0.0083047637370368,1.059831142425537,0.5985877513885498,,,,
single_moving_actor_overfit_lr1e3,409,0.001,train-mode backward before optimizer step,39.41740070880909,1.3869462232362368,0.002566422693809865,1.0592960119247437,0.6784269213676453,,,,
single_moving_actor_overfit_lr1e3,410,0.001,train-mode backward before optimizer step,39.17198205397246,1.3234474947064472,0.0021689441450667415,1.0570197105407715,0.661666989326477,8.166473388671875,3.728959083557129,11.397372245788574,49.5347785949707
single_moving_actor_overfit_lr1e3,411,0.001,train-mode backward before optimizer step,41.67165050498088,0.9227835492065318,0.003477544081410493,1.079058289527893,0.36992597579956055,,,,
single_moving_actor_overfit_lr1e3,412,0.001,train-mode backward before optimizer step,41.59760381475588,1.1903354471726975,0.0073268556444249485,1.083806037902832,0.6338202953338623,,,,
single_moving_actor_overfit_lr1e3,413,0.001,train-mode backward before optimizer step,43.31728762699358,1.1851210810147068,0.0036964634517549504,1.0987637042999268,0.638566255569458,,,,
single_moving_actor_overfit_lr1e3,414,0.001,train-mode backward before optimizer step,43.98930266028506,0.927123801570035,0.0006659279203497773,1.0941722393035889,0.47386372089385986,,,,
single_moving_actor_overfit_lr1e3,415,0.001,train-mode backward before optimizer step,43.99105290712418,1.1034618472111375,0.0037519698777657823,1.1240556240081787,0.631662130355835,,,,
single_moving_actor_overfit_lr1e3,416,0.001,train-mode backward before optimizer step,42.30969512752523,1.022900360606888,0.0055769045186818186,1.1081464290618896,0.5294827222824097,,,,
single_moving_actor_overfit_lr1e3,417,0.001,train-mode backward before optimizer step,43.832954707245,1.2519838056557198,0.0023087031293345327,1.1277693510055542,0.6759850382804871,,,,
single_moving_actor_overfit_lr1e3,418,0.001,train-mode backward before optimizer step,43.77366372387594,1.3139888955913832,0.0021106027175973557,1.1326220035552979,0.6198725700378418,,,,
single_moving_actor_overfit_lr1e3,419,0.001,train-mode backward before optimizer step,45.95085072071065,1.4036454354590664,0.0050453025198778124,1.1674891710281372,0.7507109642028809,,,,
single_moving_actor_overfit_lr1e3,420,0.001,train-mode backward before optimizer step,43.5409752269991,1.1950642764135118,0.005152391252011334,1.1232162714004517,0.6565333008766174,8.33647632598877,3.781984567642212,11.614063262939453,49.5347785949707
single_moving_actor_overfit_lr1e3,421,0.001,train-mode backward before optimizer step,44.20026701087227,1.1077562932233223,0.005464919530935565,1.1301604509353638,0.5636382102966309,,,,
single_moving_actor_overfit_lr1e3,422,0.001,train-mode backward before optimizer step,45.420952958628455,1.2354292240206541,0.003872743947868796,1.154799461364746,0.6796624660491943,,,,
single_moving_actor_overfit_lr1e3,423,0.001,train-mode backward before optimizer step,46.168989468455365,1.3253605413037937,0.016894042887799814,1.179118037223816,0.7364401817321777,,,,
single_moving_actor_overfit_lr1e3,424,0.001,train-mode backward before optimizer step,45.39783236987521,1.170878992303349,0.0045888746146405205,1.199988603591919,0.6172593832015991,,,,
single_moving_actor_overfit_lr1e3,425,0.001,train-mode backward before optimizer step,45.7089070633081,1.0703164601517416,0.0025918730269257817,1.2066783905029297,0.6026898622512817,,,,
single_moving_actor_overfit_lr1e3,426,0.001,train-mode backward before optimizer step,47.83696574064413,1.8446246840703655,0.005110376815288463,1.2103264331817627,1.0893751382827759,,,,
single_moving_actor_overfit_lr1e3,427,0.001,train-mode backward before optimizer step,48.40481463704826,1.3240121581320132,0.0031601121777959243,1.2090823650360107,0.7245747447013855,,,,
single_moving_actor_overfit_lr1e3,428,0.001,train-mode backward before optimizer step,50.17640173977618,0.9544162214648235,0.005853689993364068,1.2419861555099487,0.5443888902664185,,,,
single_moving_actor_overfit_lr1e3,429,0.001,train-mode backward before optimizer step,48.42376327334856,1.1904445210717725,0.0047957794223353585,1.214061975479126,0.6727368235588074,,,,
single_moving_actor_overfit_lr1e3,430,0.001,train-mode backward before optimizer step,49.5750408710702,1.8393834946316812,0.00367769493195946,1.2601851224899292,1.1435294151306152,8.490788459777832,3.8273637294769287,11.741278648376465,49.5347785949707
single_moving_actor_overfit_lr1e3,431,0.001,train-mode backward before optimizer step,49.362193005580885,1.535867676041405,0.006015197608530404,1.2547682523727417,0.9214227199554443,,,,
single_moving_actor_overfit_lr1e3,432,0.001,train-mode backward before optimizer step,47.419421629988285,1.5585466836984776,0.0031943805746411386,1.247589111328125,0.9203166961669922,,,,
single_moving_actor_overfit_lr1e3,433,0.001,train-mode backward before optimizer step,47.92671089721992,1.9353296662646307,0.018893811730233218,1.2488670349121094,1.069638729095459,,,,
single_moving_actor_overfit_lr1e3,434,0.001,train-mode backward before optimizer step,49.892909388545256,0.9769014326141352,0.0030027842607968838,1.2339627742767334,0.5963364839553833,,,,
single_moving_actor_overfit_lr1e3,435,0.001,train-mode backward before optimizer step,46.487896332878215,1.3361421865508567,0.004619415524671748,1.2462670803070068,0.8179717063903809,,,,
single_moving_actor_overfit_lr1e3,436,0.001,train-mode backward before optimizer step,47.3844962166396,2.4924996886459327,0.003950824280693284,1.2189366817474365,1.5735869407653809,,,,
single_moving_actor_overfit_lr1e3,437,0.001,train-mode backward before optimizer step,47.02208595337149,3.039673533909017,0.003573277574619129,1.201606273651123,1.7237696647644043,,,,
single_moving_actor_overfit_lr1e3,438,0.001,train-mode backward before optimizer step,45.007004935276726,2.624696338234932,0.004871804156123791,1.176125407218933,1.4604028463363647,,,,
single_moving_actor_overfit_lr1e3,439,0.001,train-mode backward before optimizer step,43.56055516167616,2.207076174269843,0.00315355817448937,1.1602191925048828,1.153512954711914,,,,
single_moving_actor_overfit_lr1e3,440,0.001,train-mode backward before optimizer step,41.12696740415005,1.7495964577218426,0.006170103480411181,1.1226067543029785,0.9041961431503296,8.63780689239502,3.86228609085083,11.81855583190918,49.5347785949707
single_moving_actor_overfit_lr1e3,441,0.001,train-mode backward before optimizer step,41.02978522093676,1.8500331119978586,0.006400100085767694,1.1052383184432983,0.887675404548645,,,,
single_moving_actor_overfit_lr1e3,442,0.001,train-mode backward before optimizer step,42.62530853912589,1.723792132180255,0.003671025209107823,1.0863251686096191,0.8358842134475708,,,,
single_moving_actor_overfit_lr1e3,443,0.001,train-mode backward before optimizer step,40.33100915882319,1.413576860550418,0.0024775067155543354,1.075544834136963,0.7789162993431091,,,,
single_moving_actor_overfit_lr1e3,444,0.001,train-mode backward before optimizer step,39.973423227337264,1.196706165802203,0.004096825534786582,1.049957275390625,0.5961818695068359,,,,
single_moving_actor_overfit_lr1e3,445,0.001,train-mode backward before optimizer step,38.06660826894467,1.2074945256306266,0.00287218264347787,1.0323466062545776,0.5004252195358276,,,,
single_moving_actor_overfit_lr1e3,446,0.001,train-mode backward before optimizer step,38.27044727319501,1.0596302393334678,0.0026503949719524104,1.0340969562530518,0.5284265279769897,,,,
single_moving_actor_overfit_lr1e3,447,0.001,train-mode backward before optimizer step,38.98041013968326,1.1152690039185877,0.002510907451842724,1.0233771800994873,0.5901480913162231,,,,
single_moving_actor_overfit_lr1e3,448,0.001,train-mode backward before optimizer step,39.02963202750117,1.117580826144439,0.0033849435293898836,1.0382506847381592,0.6189107894897461,,,,
single_moving_actor_overfit_lr1e3,449,0.001,train-mode backward before optimizer step,39.91494075461954,1.1507253003537288,0.003036400134862667,1.0470837354660034,0.576382577419281,,,,
single_moving_actor_overfit_lr1e3,450,0.001,train-mode backward before optimizer step,39.32317478800009,1.124519364564014,0.002255909715536418,1.007995843887329,0.5292503833770752,8.835123062133789,3.9000635147094727,11.822903633117676,49.5347785949707
single_moving_actor_overfit_lr1e3,451,0.001,train-mode backward before optimizer step,38.391227645475986,1.270591641379633,0.002425071350928363,1.0474638938903809,0.6026952266693115,,,,
single_moving_actor_overfit_lr1e3,452,0.001,train-mode backward before optimizer step,39.39214401635631,1.1593686914702177,0.0034854620657747675,1.0511189699172974,0.5186324119567871,,,,
single_moving_actor_overfit_lr1e3,453,0.001,train-mode backward before optimizer step,40.33757932984048,1.0913011441843687,0.003568003223191816,1.0654900074005127,0.5908812880516052,,,,
single_moving_actor_overfit_lr1e3,454,0.001,train-mode backward before optimizer step,41.05974672909443,1.256709049162525,0.00504478882117304,1.0716954469680786,0.6606271266937256,,,,
single_moving_actor_overfit_lr1e3,455,0.001,train-mode backward before optimizer step,41.183540319462345,1.1254006062862114,0.001983763722989312,1.0971729755401611,0.6052401661872864,,,,
single_moving_actor_overfit_lr1e3,456,0.001,train-mode backward before optimizer step,42.09272597473015,1.119466519825203,0.004726960653392512,1.1143029928207397,0.6023610234260559,,,,
single_moving_actor_overfit_lr1e3,457,0.001,train-mode backward before optimizer step,43.61004695059581,1.0829852968630462,0.014632852441218832,1.124916434288025,0.5294233560562134,,,,
single_moving_actor_overfit_lr1e3,458,0.001,train-mode backward before optimizer step,43.337481426396096,1.5080776863047263,0.004006274633057477,1.140507698059082,0.8590868711471558,,,,
single_moving_actor_overfit_lr1e3,459,0.001,train-mode backward before optimizer step,45.69039030235819,1.4213465078529364,0.004573600305854885,1.1910346746444702,0.9024406671524048,,,,
single_moving_actor_overfit_lr1e3,460,0.001,train-mode backward before optimizer step,48.362331710381724,1.1241299419663457,0.008596384015499661,1.215898036956787,0.6995948553085327,9.003741264343262,3.943955421447754,11.96044635772705,49.5347785949707
single_moving_actor_overfit_lr1e3,461,0.001,train-mode backward before optimizer step,48.92265532238443,0.8566161723838874,0.002152665262109191,1.198570966720581,0.4446832537651062,,,,
single_moving_actor_overfit_lr1e3,462,0.001,train-mode backward before optimizer step,46.016251554017344,1.2585310184875278,0.01631253990330238,1.1992504596710205,0.7402348518371582,,,,
single_moving_actor_overfit_lr1e3,463,0.001,train-mode backward before optimizer step,48.703353447592825,1.546010392261175,0.003273392506549288,1.2470464706420898,0.9632568359375,,,,
single_moving_actor_overfit_lr1e3,464,0.001,train-mode backward before optimizer step,48.275164213237026,1.5008160673342001,0.002751667974007636,1.266376256942749,0.9616842269897461,,,,
single_moving_actor_overfit_lr1e3,465,0.001,train-mode backward before optimizer step,49.968002018884775,0.9501921443950465,0.003680281572615408,1.2903814315795898,0.6018599271774292,,,,
single_moving_actor_overfit_lr1e3,466,0.001,train-mode backward before optimizer step,51.61651998260861,1.8693651439046197,0.0030168428232197043,1.303879737854004,1.0015404224395752,,,,
single_moving_actor_overfit_lr1e3,467,0.001,train-mode backward before optimizer step,50.53595696808391,1.6452065484541616,0.0017928505698437528,1.3493140935897827,1.070110559463501,,,,
single_moving_actor_overfit_lr1e3,468,0.001,train-mode backward before optimizer step,52.37482418135671,2.317931704813539,0.010711546473576564,1.367134928703308,1.426727056503296,,,,
single_moving_actor_overfit_lr1e3,469,0.001,train-mode backward before optimizer step,52.01850742938991,1.7647863499090302,0.0022284603186919277,1.3352127075195312,1.049196720123291,,,,
single_moving_actor_overfit_lr1e3,470,0.001,train-mode backward before optimizer step,51.119668331596685,1.8950830305085602,0.003088353959073015,1.3728793859481812,1.1026663780212402,9.077125549316406,3.9903366565704346,12.145553588867188,49.5347785949707
single_moving_actor_overfit_lr1e3,471,0.001,train-mode backward before optimizer step,51.41457518118428,1.5659884363949408,0.0028966815152405494,1.344684362411499,1.0447434186935425,,,,
single_moving_actor_overfit_lr1e3,472,0.001,train-mode backward before optimizer step,50.88400158836422,1.1140495069730896,0.00291586278200228,1.374794363975525,0.7535881996154785,,,,
single_moving_actor_overfit_lr1e3,473,0.001,train-mode backward before optimizer step,53.657734213127426,1.2571721794070159,0.006597440353604049,1.3811991214752197,0.8249708414077759,,,,
single_moving_actor_overfit_lr1e3,474,0.001,train-mode backward before optimizer step,53.22635938974702,1.2152175550300814,0.0035857268390826476,1.3610186576843262,0.7788658142089844,,,,
single_moving_actor_overfit_lr1e3,475,0.001,train-mode backward before optimizer step,52.140858580557826,1.238660853006092,0.0027131113915109394,1.3720247745513916,0.7132377624511719,,,,
single_moving_actor_overfit_lr1e3,476,0.001,train-mode backward before optimizer step,53.04418015991669,1.698850928254949,0.002025176954336416,1.36537766456604,1.0644055604934692,,,,
single_moving_actor_overfit_lr1e3,477,0.001,train-mode backward before optimizer step,52.915212642806665,1.5698508336186998,0.002461631331918623,1.3643754720687866,0.8770670294761658,,,,
single_moving_actor_overfit_lr1e3,478,0.001,train-mode backward before optimizer step,51.74773830642922,1.2748304619966762,0.0011801018083620793,1.372446060180664,0.8693076968193054,,,,
single_moving_actor_overfit_lr1e3,479,0.001,train-mode backward before optimizer step,52.10555989600012,1.7333149443551188,0.0038603929737278295,1.3756049871444702,1.2282373905181885,,,,
single_moving_actor_overfit_lr1e3,480,0.001,train-mode backward before optimizer step,52.72324618046433,1.7609386252529844,0.003508427180917776,1.382370948791504,1.2440221309661865,9.201555252075195,4.030511856079102,12.376678466796875,49.5347785949707
single_moving_actor_overfit_lr1e3,481,0.001,train-mode backward before optimizer step,54.5792129431398,2.064640895058353,0.00409764346635917,1.427075743675232,1.476714849472046,,,,
single_moving_actor_overfit_lr1e3,482,0.001,train-mode backward before optimizer step,55.28641638923239,1.5089009208293604,0.004523011082376357,1.41777503490448,1.1535710096359253,,,,
single_moving_actor_overfit_lr1e3,483,0.001,train-mode backward before optimizer step,54.087794070079106,1.0816521033874074,0.006025374681914145,1.3843015432357788,0.6751275062561035,,,,
single_moving_actor_overfit_lr1e3,484,0.001,train-mode backward before optimizer step,51.41042965907245,1.178064643536545,0.0024051525917331614,1.3783674240112305,0.8186023235321045,,,,
single_moving_actor_overfit_lr1e3,485,0.001,train-mode backward before optimizer step,53.40135480610783,1.3046411612789366,0.0034148131761896723,1.3787574768066406,0.9903353452682495,,,,
single_moving_actor_overfit_lr1e3,486,0.001,train-mode backward before optimizer step,53.962588231131036,1.3061438440631985,0.003434705812093933,1.3876146078109741,0.6728865504264832,,,,
single_moving_actor_overfit_lr1e3,487,0.001,train-mode backward before optimizer step,55.0153850046033,1.1258712909467226,0.002064494869496037,1.3748703002929688,0.6104016304016113,,,,
single_moving_actor_overfit_lr1e3,488,0.001,train-mode backward before optimizer step,53.838090911099584,1.567880180158968,0.0017424237459820226,1.4094241857528687,1.0930161476135254,,,,
single_moving_actor_overfit_lr1e3,489,0.001,train-mode backward before optimizer step,53.26107900373499,1.2902523174140208,0.008581778502033295,1.3935022354125977,0.9381061792373657,,,,
single_moving_actor_overfit_lr1e3,490,0.001,train-mode backward before optimizer step,53.717691383235184,1.6653563991167386,0.003096856789544429,1.3833520412445068,0.8923344016075134,9.45156478881836,4.055620193481445,12.490667343139648,49.5347785949707
single_moving_actor_overfit_lr1e3,491,0.001,train-mode backward before optimizer step,53.43077471420793,1.315596981435999,0.006666851041116685,1.3645356893539429,0.7791049480438232,,,,
single_moving_actor_overfit_lr1e3,492,0.001,train-mode backward before optimizer step,52.15773626906712,1.0377775624545693,0.001492954843672268,1.3245158195495605,0.7686349749565125,,,,
single_moving_actor_overfit_lr1e3,493,0.001,train-mode backward before optimizer step,50.3654040301388,1.0840912580742736,0.0041282304686676785,1.336227297782898,0.6707082986831665,,,,
single_moving_actor_overfit_lr1e3,494,0.001,train-mode backward before optimizer step,53.09857661357098,1.2283632536779883,0.001625059289146432,1.3422679901123047,0.8629543781280518,,,,
single_moving_actor_overfit_lr1e3,495,0.001,train-mode backward before optimizer step,52.85473715088797,1.3016524063377533,0.002410620658097331,1.3158771991729736,0.9235726594924927,,,,
single_moving_actor_overfit_lr1e3,496,0.001,train-mode backward before optimizer step,48.62144033251287,1.088603031061508,0.0041168773019424915,1.299959421157837,0.6845698356628418,,,,
single_moving_actor_overfit_lr1e3,497,0.001,train-mode backward before optimizer step,53.66134178975379,1.2322265714035736,0.0032862000771736056,1.3259165287017822,0.7513071894645691,,,,
single_moving_actor_overfit_lr1e3,498,0.001,train-mode backward before optimizer step,54.303068419594396,0.8818211000070221,0.004184257501099038,1.3367332220077515,0.5659825801849365,,,,
single_moving_actor_overfit_lr1e3,499,0.001,train-mode backward before optimizer step,52.68311142134581,1.3436994161299476,0.0056448714852849,1.351854681968689,0.9675453901290894,,,,
single_moving_actor_overfit_lr1e3,500,0.001,train-mode backward before optimizer step,53.2551092210538,1.0853091917626945,0.0035226783917475927,1.3575365543365479,0.7895640730857849,9.598895072937012,4.087388038635254,12.620753288269043,49.5347785949707
single_moving_actor_k1,1,0.001,train-mode backward before optimizer step,6.5286901628452965,137.9045303699961,0.0,0.10136246681213379,5.699216842651367,1.5324143171310425,1.247300386428833,2.913863182067871,49.5347785949707
single_moving_actor_k1,2,0.001,train-mode backward before optimizer step,5.4428592276129795,79.26611903490777,0.0,0.0697208046913147,2.349752902984619,,,,
single_moving_actor_k1,3,0.001,train-mode backward before optimizer step,4.176826811595766,21.72322461078676,0.0,0.05351351946592331,0.3079301714897156,,,,
single_moving_actor_k1,4,0.001,train-mode backward before optimizer step,2.884295471316675,13.681927095549673,0.0,0.04304742068052292,0.2179567813873291,,,,
single_moving_actor_k1,5,0.001,train-mode backward before optimizer step,2.9366013825457546,17.05820644000227,0.0,0.043269574642181396,0.23617509007453918,,,,
single_moving_actor_k1,6,0.001,train-mode backward before optimizer step,2.8574291760202852,12.415167653775983,0.0,0.04220875725150108,0.205824613571167,,,,
single_moving_actor_k1,7,0.001,train-mode backward before optimizer step,3.6194334968995734,11.133568024351582,0.0,0.04569011926651001,0.18380746245384216,,,,
single_moving_actor_k1,8,0.001,train-mode backward before optimizer step,3.655072092145613,9.897755009896004,0.0,0.045307260006666183,0.2030540406703949,,,,
single_moving_actor_k1,9,0.001,train-mode backward before optimizer step,4.871119307994139,9.655356062680404,0.0,0.051136478781700134,0.18409013748168945,,,,
single_moving_actor_k1,10,0.001,train-mode backward before optimizer step,4.707600209799918,9.175747058465838,0.0,0.05249540135264397,0.22048711776733398,1.3268382549285889,1.6020011901855469,3.0528311729431152,49.5347785949707
single_moving_actor_k1,11,0.001,train-mode backward before optimizer step,4.2566461791929155,8.25115172279173,0.0,0.05050739273428917,0.13981780409812927,,,,
single_moving_actor_k1,12,0.001,train-mode backward before optimizer step,3.638721904013352,7.743137496940668,0.0,0.04794520139694214,0.13545939326286316,,,,
single_moving_actor_k1,13,0.001,train-mode backward before optimizer step,3.9787744226128243,6.807214166717576,0.0,0.045844271779060364,0.12455824017524719,,,,
single_moving_actor_k1,14,0.001,train-mode backward before optimizer step,4.129049255752019,6.471433383143779,0.0,0.04703059047460556,0.13095545768737793,,,,
single_moving_actor_k1,15,0.001,train-mode backward before optimizer step,3.687969398918459,5.855449847400142,0.0,0.045688286423683167,0.14255142211914062,,,,
single_moving_actor_k1,16,0.001,train-mode backward before optimizer step,3.7063619702218236,5.62080362699426,0.0,0.04740983992815018,0.12801729142665863,,,,
single_moving_actor_k1,17,0.001,train-mode backward before optimizer step,2.844992951585302,5.775512906371484,0.0,0.04281787574291229,0.10504451394081116,,,,
single_moving_actor_k1,18,0.001,train-mode backward before optimizer step,3.002035431434857,4.828350817365053,0.0,0.044940318912267685,0.10177915543317795,,,,
single_moving_actor_k1,19,0.001,train-mode backward before optimizer step,2.8938688394596777,5.386835918906813,0.0,0.04601948708295822,0.10655240714550018,,,,
single_moving_actor_k1,20,0.001,train-mode backward before optimizer step,2.7018205009058285,4.917157684163123,0.0,0.043463658541440964,0.09733331203460693,1.9292492866516113,1.758692979812622,3.4597277641296387,49.5347785949707
single_moving_actor_k1,21,0.001,train-mode backward before optimizer step,2.436011969353134,4.928579781212849,0.0,0.042179256677627563,0.09748958051204681,,,,
single_moving_actor_k1,22,0.001,train-mode backward before optimizer step,2.369880279856183,5.100558691255663,0.0,0.0403115451335907,0.09235630929470062,,,,
single_moving_actor_k1,23,0.001,train-mode backward before optimizer step,2.950177756200873,4.493796914501196,0.0,0.04664718359708786,0.09363280236721039,,,,
single_moving_actor_k1,24,0.001,train-mode backward before optimizer step,2.5903607887481774,4.155207909255378,0.0,0.04198509082198143,0.0942017138004303,,,,
single_moving_actor_k1,25,0.001,train-mode backward before optimizer step,3.200834833468724,4.1269774447721685,0.0,0.048145197331905365,0.08869551122188568,,,,
single_moving_actor_k1,26,0.001,train-mode backward before optimizer step,3.639276125121124,3.9134487978439294,0.0,0.048168446868658066,0.0876086875796318,,,,
single_moving_actor_k1,27,0.001,train-mode backward before optimizer step,3.7717245885655664,3.992195346558953,0.0,0.05204017087817192,0.08557464927434921,,,,
single_moving_actor_k1,28,0.001,train-mode backward before optimizer step,3.6288402631526413,3.5130507328022196,0.0,0.051515012979507446,0.08412498235702515,,,,
single_moving_actor_k1,29,0.001,train-mode backward before optimizer step,3.68646787802147,3.6182456789843838,0.0,0.05371851474046707,0.08193592727184296,,,,
single_moving_actor_k1,30,0.001,train-mode backward before optimizer step,3.6834963471429085,3.763582110357626,0.0,0.05389288067817688,0.09103574603796005,2.3995137214660645,1.8440468311309814,3.927716016769409,49.5347785949707
single_moving_actor_k1,31,0.001,train-mode backward before optimizer step,3.921300547458859,3.3484896513940314,0.0,0.056224387139081955,0.07650472223758698,,,,
single_moving_actor_k1,32,0.001,train-mode backward before optimizer step,4.411550833033831,3.307398964493407,0.0,0.05844758450984955,0.08525136113166809,,,,
single_moving_actor_k1,33,0.001,train-mode backward before optimizer step,3.4712121211446996,3.2463514307102015,0.0,0.053708694875240326,0.07347235083580017,,,,
single_moving_actor_k1,34,0.001,train-mode backward before optimizer step,3.228619837216841,3.1489748646922524,0.0,0.05397827550768852,0.08628357946872711,,,,
single_moving_actor_k1,35,0.001,train-mode backward before optimizer step,4.010063390000067,3.1957024703087,0.0,0.06042729318141937,0.07745890319347382,,,,
single_moving_actor_k1,36,0.001,train-mode backward before optimizer step,4.822874758922102,3.0255609629716074,0.0,0.06302806735038757,0.09289216995239258,,,,
single_moving_actor_k1,37,0.001,train-mode backward before optimizer step,3.4290989946130312,3.0029435634250468,0.0,0.05938052386045456,0.08716513961553574,,,,
single_moving_actor_k1,38,0.001,train-mode backward before optimizer step,4.518853382543726,2.9560478327113286,0.0,0.06365012377500534,0.09456852078437805,,,,
single_moving_actor_k1,39,0.001,train-mode backward before optimizer step,4.736173052302669,2.85182849666888,0.0,0.06623441725969315,0.08683592081069946,,,,
single_moving_actor_k1,40,0.001,train-mode backward before optimizer step,4.727525477821998,2.7781710852204564,0.0,0.06684932112693787,0.07273022085428238,2.7351999282836914,1.8926916122436523,4.2754034996032715,49.5347785949707
single_moving_actor_k1,41,0.001,train-mode backward before optimizer step,5.300994473339649,2.849457514444393,0.0,0.07269233465194702,0.07945296168327332,,,,
single_moving_actor_k1,42,0.001,train-mode backward before optimizer step,5.064829983097877,2.781714085092498,0.0,0.07318468391895294,0.08262880891561508,,,,
single_moving_actor_k1,43,0.001,train-mode backward before optimizer step,4.004744787864136,2.716782827937804,0.0,0.06897635757923126,0.0846191868185997,,,,
single_moving_actor_k1,44,0.001,train-mode backward before optimizer step,5.072810500520601,2.6345452549392596,0.0,0.07233457267284393,0.08284950256347656,,,,
single_moving_actor_k1,45,0.001,train-mode backward before optimizer step,5.139910501632653,2.599815463095634,0.0,0.07346132397651672,0.0816446840763092,,,,
single_moving_actor_k1,46,0.001,train-mode backward before optimizer step,4.912876922182217,2.607694071657582,0.0,0.07621226459741592,0.0878586620092392,,,,
single_moving_actor_k1,47,0.001,train-mode backward before optimizer step,5.427246177471545,2.568936402242964,0.0,0.07822885364294052,0.08474387973546982,,,,
single_moving_actor_k1,48,0.001,train-mode backward before optimizer step,4.925699101563412,2.49862242756306,0.0,0.08070343732833862,0.09349846839904785,,,,
single_moving_actor_k1,49,0.001,train-mode backward before optimizer step,5.027000518010063,2.4683772207152774,0.0,0.08452555537223816,0.0973091572523117,,,,
single_moving_actor_k1,50,0.001,train-mode backward before optimizer step,5.565771818955148,2.446349321162878,0.0,0.08467181026935577,0.09586086869239807,2.9143245220184326,1.9530606269836426,4.657041549682617,49.5347785949707
single_moving_actor_k1,51,0.001,train-mode backward before optimizer step,5.973455080080688,2.420021833413252,0.0,0.09139444679021835,0.08653293550014496,,,,
single_moving_actor_k1,52,0.001,train-mode backward before optimizer step,5.942851921845358,2.3749138441682014,0.0,0.09150394052267075,0.09783393144607544,,,,
single_moving_actor_k1,53,0.001,train-mode backward before optimizer step,5.581938939993393,2.322108420120249,0.0,0.0944029688835144,0.09188614785671234,,,,
single_moving_actor_k1,54,0.001,train-mode backward before optimizer step,5.170368587079104,2.3340547170336343,0.0,0.0924215167760849,0.09033600986003876,,,,
single_moving_actor_k1,55,0.001,train-mode backward before optimizer step,6.083394061816426,2.3015918234338177,0.0,0.09778855741024017,0.08845633268356323,,,,
single_moving_actor_k1,56,0.001,train-mode backward before optimizer step,6.324898171927335,2.199377758412882,0.0,0.0985531359910965,0.07332261651754379,,,,
single_moving_actor_k1,57,0.001,train-mode backward before optimizer step,6.144636744256056,2.351553235889462,0.0,0.09786705672740936,0.07291726768016815,,,,
single_moving_actor_k1,58,0.001,train-mode backward before optimizer step,7.208310318937175,2.177034778366193,0.0,0.10476791858673096,0.08159210532903671,,,,
single_moving_actor_k1,59,0.001,train-mode backward before optimizer step,6.685994714526338,2.2176341649063995,0.0,0.10869928449392319,0.09589903056621552,,,,
single_moving_actor_k1,60,0.001,train-mode backward before optimizer step,6.776206379355673,2.166678186108894,0.0,0.11240234971046448,0.09932087361812592,3.151041030883789,2.0013952255249023,4.9246296882629395,49.5347785949707
single_moving_actor_k1,61,0.001,train-mode backward before optimizer step,8.551322853354968,2.2175329772020986,0.0,0.11794634163379669,0.10484635829925537,,,,
single_moving_actor_k1,62,0.001,train-mode backward before optimizer step,8.394153036941695,2.0820779213168916,0.0,0.11616512387990952,0.08682084083557129,,,,
single_moving_actor_k1,63,0.001,train-mode backward before optimizer step,7.367670194885526,2.1184414468510644,0.0,0.11895126104354858,0.10444486141204834,,,,
single_moving_actor_k1,64,0.001,train-mode backward before optimizer step,8.346079694550367,2.1298199914076292,0.0,0.12663999199867249,0.11884535849094391,,,,
single_moving_actor_k1,65,0.001,train-mode backward before optimizer step,7.732038604721408,2.1057539421943336,0.0,0.1211152896285057,0.09349971264600754,,,,
single_moving_actor_k1,66,0.001,train-mode backward before optimizer step,7.170586647772266,2.119913799367951,0.0,0.1278563141822815,0.12320053577423096,,,,
single_moving_actor_k1,67,0.001,train-mode backward before optimizer step,8.784664455877273,2.191255647126909,0.0,0.1319529414176941,0.14380894601345062,,,,
single_moving_actor_k1,68,0.001,train-mode backward before optimizer step,7.748152839720387,2.3330341171040474,0.0,0.13201412558555603,0.15301352739334106,,,,
single_moving_actor_k1,69,0.001,train-mode backward before optimizer step,8.44830472347178,2.0833054306317957,0.0,0.1363573968410492,0.12230619043111801,,,,
single_moving_actor_k1,70,0.001,train-mode backward before optimizer step,8.708353799525591,2.0631547590174115,0.0,0.1373068243265152,0.10541167110204697,3.3446710109710693,2.063859701156616,5.1969380378723145,49.5347785949707
single_moving_actor_k1,71,0.001,train-mode backward before optimizer step,7.579372771672511,1.9814268306801812,0.0,0.14163589477539062,0.09479262679815292,,,,
single_moving_actor_k1,72,0.001,train-mode backward before optimizer step,7.584955085056369,1.9136026346741428,0.0,0.14506177604198456,0.0952317863702774,,,,
single_moving_actor_k1,73,0.001,train-mode backward before optimizer step,9.040760934326878,2.03070598422827,0.0,0.14953330159187317,0.13058117032051086,,,,
single_moving_actor_k1,74,0.001,train-mode backward before optimizer step,8.268714287500128,1.8760017891750007,0.0,0.1515243947505951,0.10976117849349976,,,,
single_moving_actor_k1,75,0.001,train-mode backward before optimizer step,10.083485539691853,1.8368638641447665,0.0,0.1561785638332367,0.10044082999229431,,,,
single_moving_actor_k1,76,0.001,train-mode backward before optimizer step,9.626392279461486,1.9110387757093894,0.0,0.158589705824852,0.11155186593532562,,,,
single_moving_actor_k1,77,0.001,train-mode backward before optimizer step,9.799936736494002,1.8492385285763377,0.0,0.15758901834487915,0.12043371051549911,,,,
single_moving_actor_k1,78,0.001,train-mode backward before optimizer step,10.329710382512884,1.8273928498403864,0.0,0.1667833775281906,0.12265845388174057,,,,
single_moving_actor_k1,79,0.001,train-mode backward before optimizer step,10.487148010045596,1.9941842307916033,0.0,0.16756050288677216,0.1810343861579895,,,,
single_moving_actor_k1,80,0.001,train-mode backward before optimizer step,9.767470907957597,1.8323083955018213,0.0,0.17734216153621674,0.10310979932546616,3.551567554473877,2.1286885738372803,5.46352481842041,49.5347785949707
single_moving_actor_k1,81,0.001,train-mode backward before optimizer step,10.420290069433008,1.853235120817047,0.0,0.1757100522518158,0.1400582194328308,,,,
single_moving_actor_k1,82,0.001,train-mode backward before optimizer step,9.8975518877753,1.724554181707947,0.0,0.17713043093681335,0.10522456467151642,,,,
single_moving_actor_k1,83,0.001,train-mode backward before optimizer step,10.798332890470027,1.742495735854361,0.0,0.18540965020656586,0.12319006770849228,,,,
single_moving_actor_k1,84,0.001,train-mode backward before optimizer step,9.861125164530565,1.7208884988239865,0.0,0.1811385452747345,0.09349682927131653,,,,
single_moving_actor_k1,85,0.001,train-mode backward before optimizer step,10.099400338824857,1.7335358509350305,0.0,0.19288913905620575,0.12263770401477814,,,,
single_moving_actor_k1,86,0.001,train-mode backward before optimizer step,11.022673581460854,1.7655760015003177,0.0,0.19506749510765076,0.15335248410701752,,,,
single_moving_actor_k1,87,0.001,train-mode backward before optimizer step,10.59626556142749,1.6674924039106247,0.0,0.18928992748260498,0.1097061038017273,,,,
single_moving_actor_k1,88,0.001,train-mode backward before optimizer step,10.934553444703916,1.6941727734986394,0.0,0.20079825818538666,0.1415863335132599,,,,
single_moving_actor_k1,89,0.001,train-mode backward before optimizer step,11.377919061285194,1.6971196726993534,0.0,0.1995566338300705,0.1300523281097412,,,,
single_moving_actor_k1,90,0.001,train-mode backward before optimizer step,11.664907385749068,1.8245047783449726,0.0,0.20694372057914734,0.17166392505168915,3.7715320587158203,2.192730665206909,5.724955081939697,49.5347785949707
single_moving_actor_k1,91,0.001,train-mode backward before optimizer step,12.378320594933928,1.7183390403687404,0.0,0.210516095161438,0.16516421735286713,,,,
single_moving_actor_k1,92,0.001,train-mode backward before optimizer step,11.8054241926515,1.848672210603831,0.0,0.20891951024532318,0.1690138280391693,,,,
single_moving_actor_k1,93,0.001,train-mode backward before optimizer step,10.99585992035548,1.7046378395684796,0.0,0.21591709554195404,0.13773976266384125,,,,
single_moving_actor_k1,94,0.001,train-mode backward before optimizer step,11.561280029658827,1.6139618187887053,0.0,0.21572403609752655,0.12790249288082123,,,,
single_moving_actor_k1,95,0.001,train-mode backward before optimizer step,11.154271162012678,1.6050915843194768,0.0,0.2202204167842865,0.12846742570400238,,,,
single_moving_actor_k1,96,0.001,train-mode backward before optimizer step,12.25152978664224,1.556963055263749,0.0,0.23049353063106537,0.11308002471923828,,,,
single_moving_actor_k1,97,0.001,train-mode backward before optimizer step,12.459416740747873,1.6217450519504961,0.0,0.23225772380828857,0.14014586806297302,,,,
single_moving_actor_k1,98,0.001,train-mode backward before optimizer step,12.521442963315515,1.6445839755354932,0.0,0.2331557273864746,0.14363250136375427,,,,
single_moving_actor_k1,99,0.001,train-mode backward before optimizer step,13.288565092075784,1.7335533611846394,0.0,0.25281327962875366,0.1840631663799286,,,,
single_moving_actor_k1,100,0.001,train-mode backward before optimizer step,13.768842031367011,1.8189385258386845,0.0,0.2424938976764679,0.19104234874248505,3.9112515449523926,2.2728655338287354,5.918072700500488,49.5347785949707
single_moving_actor_k1,101,0.001,train-mode backward before optimizer step,12.36674726182976,1.594414466268916,0.0,0.24491100013256073,0.16269265115261078,,,,
single_moving_actor_k1,102,0.001,train-mode backward before optimizer step,12.685020253311622,1.4670455804303848,0.0,0.25706803798675537,0.12934386730194092,,,,
single_moving_actor_k1,103,0.001,train-mode backward before optimizer step,14.376648975534646,1.5300077304093616,0.0,0.2555237412452698,0.1592341959476471,,,,
single_moving_actor_k1,104,0.001,train-mode backward before optimizer step,13.590159676177386,1.5195210940796238,0.0,0.2583651542663574,0.13399799168109894,,,,
single_moving_actor_k1,105,0.001,train-mode backward before optimizer step,14.303237393197227,1.4162835341978635,0.0,0.26895827054977417,0.1250382661819458,,,,
single_moving_actor_k1,106,0.001,train-mode backward before optimizer step,15.21632353115912,1.6171074586668064,0.0,0.27479660511016846,0.19743601977825165,,,,
single_moving_actor_k1,107,0.001,train-mode backward before optimizer step,14.406274421783452,1.3578289497352374,0.0,0.2708420753479004,0.1043994352221489,,,,
single_moving_actor_k1,108,0.001,train-mode backward before optimizer step,13.834332260959554,1.486610870477877,0.0,0.27721694111824036,0.16743072867393494,,,,
single_moving_actor_k1,109,0.001,train-mode backward before optimizer step,15.184780072456283,1.67760081016242,0.0,0.2876835763454437,0.2075297087430954,,,,
single_moving_actor_k1,110,0.001,train-mode backward before optimizer step,14.306651388126882,1.567508424419999,0.0,0.2910946309566498,0.18765676021575928,4.074164867401123,2.3362793922424316,6.166262149810791,49.5347785949707
single_moving_actor_k1,111,0.001,train-mode backward before optimizer step,16.04073142164163,1.4050391490854972,0.0,0.30068257451057434,0.13175496459007263,,,,
single_moving_actor_k1,112,0.001,train-mode backward before optimizer step,16.52504215329482,1.4345151244749186,0.0,0.3074990510940552,0.1512366682291031,,,,
single_moving_actor_k1,113,0.001,train-mode backward before optimizer step,17.436785262083202,1.4630825366156643,0.0,0.30899578332901,0.15416467189788818,,,,
single_moving_actor_k1,114,0.001,train-mode backward before optimizer step,17.72734813598982,1.5448992943505235,0.0,0.3188571333885193,0.18910442292690277,,,,
single_moving_actor_k1,115,0.001,train-mode backward before optimizer step,16.37892624326543,1.456384397396767,0.0,0.30291837453842163,0.18112337589263916,,,,
single_moving_actor_k1,116,0.001,train-mode backward before optimizer step,16.823805356997752,1.3410291280532196,0.0,0.3184719681739807,0.1725919097661972,,,,
single_moving_actor_k1,117,0.001,train-mode backward before optimizer step,17.685706056695015,1.6556722265914692,0.0,0.3265172243118286,0.2495444267988205,,,,
single_moving_actor_k1,118,0.001,train-mode backward before optimizer step,17.678576871616052,1.4589267978190406,0.0,0.33350515365600586,0.21723508834838867,,,,
single_moving_actor_k1,119,0.001,train-mode backward before optimizer step,16.688050142830477,1.4961376532604693,0.0,0.3112783133983612,0.17966479063034058,,,,
single_moving_actor_k1,120,0.001,train-mode backward before optimizer step,18.528231241823725,1.4660501030003945,0.0,0.34105318784713745,0.22673577070236206,4.340815544128418,2.408515453338623,6.432948112487793,49.5347785949707
single_moving_actor_k1,121,0.001,train-mode backward before optimizer step,18.84858806938071,1.6390551268876454,0.0,0.33883699774742126,0.2600347399711609,,,,
single_moving_actor_k1,122,0.001,train-mode backward before optimizer step,19.23714112735952,1.676968616347915,0.0,0.3366217613220215,0.3101442754268646,,,,
single_moving_actor_k1,123,0.001,train-mode backward before optimizer step,18.506647278657102,1.3883187698105126,0.0,0.3384396433830261,0.20780329406261444,,,,
single_moving_actor_k1,124,0.001,train-mode backward before optimizer step,18.605335474878753,1.2972098685159064,0.0,0.3453505039215088,0.17643499374389648,,,,
single_moving_actor_k1,125,0.001,train-mode backward before optimizer step,17.386491766631902,1.2692306562015692,0.0,0.34615644812583923,0.1677652895450592,,,,
single_moving_actor_k1,126,0.001,train-mode backward before optimizer step,18.113244698103536,1.3758719961937738,0.0,0.3366204500198364,0.19012823700904846,,,,
single_moving_actor_k1,127,0.001,train-mode backward before optimizer step,19.3277549879096,1.6016165381930787,0.0,0.3370975852012634,0.23867952823638916,,,,
single_moving_actor_k1,128,0.001,train-mode backward before optimizer step,17.83886695375213,1.3694517617296282,0.0,0.35073399543762207,0.18528316915035248,,,,
single_moving_actor_k1,129,0.001,train-mode backward before optimizer step,18.79902357522563,1.5925989911132317,0.0,0.359432578086853,0.31517696380615234,,,,
single_moving_actor_k1,130,0.001,train-mode backward before optimizer step,18.155194588501736,1.5435915680909162,0.0,0.3545979857444763,0.280450701713562,4.5434651374816895,2.4798479080200195,6.641289710998535,49.5347785949707
single_moving_actor_k1,131,0.001,train-mode backward before optimizer step,18.21320877917959,1.2723122210930302,0.0,0.3606868386268616,0.1774837076663971,,,,
single_moving_actor_k1,132,0.001,train-mode backward before optimizer step,17.87230385491184,1.2022667037330725,0.0,0.3628881573677063,0.16441656649112701,,,,
single_moving_actor_k1,133,0.001,train-mode backward before optimizer step,19.417033854884117,1.3121514663330136,0.0,0.3626723289489746,0.2223319411277771,,,,
single_moving_actor_k1,134,0.001,train-mode backward before optimizer step,19.31825241424408,1.3034519263132027,0.0,0.3602580726146698,0.20034652948379517,,,,
single_moving_actor_k1,135,0.001,train-mode backward before optimizer step,18.716678043730415,1.640451451431393,0.0,0.3660212457180023,0.32323604822158813,,,,
single_moving_actor_k1,136,0.001,train-mode backward before optimizer step,19.89377769410817,1.4072894717358062,0.0,0.369640588760376,0.20048938691616058,,,,
single_moving_actor_k1,137,0.001,train-mode backward before optimizer step,20.29354834699478,1.3811796269974608,0.0,0.37134653329849243,0.23501472175121307,,,,
single_moving_actor_k1,138,0.001,train-mode backward before optimizer step,19.49201729381461,1.3671059375811603,0.0,0.3718823194503784,0.21962067484855652,,,,
single_moving_actor_k1,139,0.001,train-mode backward before optimizer step,19.603214220029244,1.3736271520146055,0.0,0.36909884214401245,0.22207066416740417,,,,
single_moving_actor_k1,140,0.001,train-mode backward before optimizer step,20.86019794900375,1.2857840320201337,0.0,0.384904146194458,0.21401208639144897,4.784148693084717,2.5355422496795654,6.903585910797119,49.5347785949707
single_moving_actor_k1,141,0.001,train-mode backward before optimizer step,19.82526236070705,1.31790300645649,0.0,0.383482426404953,0.2178884744644165,,,,
single_moving_actor_k1,142,0.001,train-mode backward before optimizer step,21.00803474459349,1.3715006392172688,0.0,0.3980028033256531,0.26730647683143616,,,,
single_moving_actor_k1,143,0.001,train-mode backward before optimizer step,20.967652031933074,1.2754094000649014,0.0,0.40158018469810486,0.21296334266662598,,,,
single_moving_actor_k1,144,0.001,train-mode backward before optimizer step,20.01949812451766,1.3671636145350483,0.0,0.41439566016197205,0.3103782534599304,,,,
single_moving_actor_k1,145,0.001,train-mode backward before optimizer step,21.066233248616218,1.2671449700111506,0.0,0.42100292444229126,0.21149878203868866,,,,
single_moving_actor_k1,146,0.001,train-mode backward before optimizer step,22.961442873752326,1.4887853722837716,0.0,0.42698273062705994,0.282102108001709,,,,
single_moving_actor_k1,147,0.001,train-mode backward before optimizer step,22.005723179552227,1.2884434540211935,0.0,0.442752480506897,0.2503863573074341,,,,
single_moving_actor_k1,148,0.001,train-mode backward before optimizer step,22.651513826954904,1.4246060343270726,0.0,0.4463805556297302,0.3583502173423767,,,,
single_moving_actor_k1,149,0.001,train-mode backward before optimizer step,22.6190534255656,1.330398259350938,0.0,0.46352633833885193,0.2868017852306366,,,,
single_moving_actor_k1,150,0.001,train-mode backward before optimizer step,24.40950817028355,1.5997766382798624,0.0,0.47390657663345337,0.3964384198188782,5.000189304351807,2.584132432937622,7.121038913726807,49.5347785949707
single_moving_actor_k1,151,0.001,train-mode backward before optimizer step,23.791105007222765,1.3263339136504038,0.0,0.4801065921783447,0.27762049436569214,,,,
single_moving_actor_k1,152,0.001,train-mode backward before optimizer step,25.52754290518046,1.271104589985824,0.0,0.4844754636287689,0.2728283703327179,,,,
single_moving_actor_k1,153,0.001,train-mode backward before optimizer step,25.6760922615199,1.208118872377838,0.0,0.4928130507469177,0.2574671804904938,,,,
single_moving_actor_k1,154,0.001,train-mode backward before optimizer step,25.189697296254575,1.178697259516445,0.0,0.4938898980617523,0.23716513812541962,,,,
single_moving_actor_k1,155,0.001,train-mode backward before optimizer step,26.070362285187706,1.262273479679232,0.0,0.5231634378433228,0.3216952681541443,,,,
single_moving_actor_k1,156,0.001,train-mode backward before optimizer step,26.15773817522877,1.2991233327453957,0.0,0.5176650881767273,0.2899082899093628,,,,
single_moving_actor_k1,157,0.001,train-mode backward before optimizer step,28.435844925314175,1.6072203221914239,0.0,0.5381578207015991,0.4748656749725342,,,,
single_moving_actor_k1,158,0.001,train-mode backward before optimizer step,27.4508970647315,1.2721648977716415,0.0,0.5329397916793823,0.3036683201789856,,,,
single_moving_actor_k1,159,0.001,train-mode backward before optimizer step,26.958634080530103,1.4707520014392552,0.0,0.5429093241691589,0.39659255743026733,,,,
single_moving_actor_k1,160,0.001,train-mode backward before optimizer step,25.397137712626858,1.224601732656967,0.0,0.540247917175293,0.27200233936309814,5.284737586975098,2.6286704540252686,7.309471130371094,49.5347785949707
single_moving_actor_k1,161,0.001,train-mode backward before optimizer step,28.04648451178157,1.3946723943729333,0.0,0.5310704112052917,0.33056291937828064,,,,
single_moving_actor_k1,162,0.001,train-mode backward before optimizer step,29.816307740394706,1.1805340456011681,0.0,0.547124981880188,0.28260642290115356,,,,
single_moving_actor_k1,163,0.001,train-mode backward before optimizer step,26.95279701465144,1.1097709211331783,0.0,0.5380276441574097,0.21102643013000488,,,,
single_moving_actor_k1,164,0.001,train-mode backward before optimizer step,28.245786051308567,1.3167805846206746,0.0,0.5637403726577759,0.3543381094932556,,,,
single_moving_actor_k1,165,0.001,train-mode backward before optimizer step,26.54636596151221,1.2478134235707745,0.0,0.5753138065338135,0.3266528844833374,,,,
single_moving_actor_k1,166,0.001,train-mode backward before optimizer step,27.52406085972331,1.4699361970278217,0.0,0.5725431442260742,0.3749909996986389,,,,
single_moving_actor_k1,167,0.001,train-mode backward before optimizer step,28.62594495772267,1.118618014529554,0.0,0.5670191049575806,0.2961376905441284,,,,
single_moving_actor_k1,168,0.001,train-mode backward before optimizer step,28.854026659670975,1.1268016704495338,0.0,0.5884666442871094,0.25044405460357666,,,,
single_moving_actor_k1,169,0.001,train-mode backward before optimizer step,27.081892366384338,1.145793323897321,0.0,0.5788664221763611,0.3097877502441406,,,,
single_moving_actor_k1,170,0.001,train-mode backward before optimizer step,29.63892122610115,1.3052859500732619,0.0,0.5792388916015625,0.3606897294521332,5.538064479827881,2.6725363731384277,7.470473766326904,49.5347785949707
single_moving_actor_k1,171,0.001,train-mode backward before optimizer step,27.08146091842359,1.1853712950708803,0.0,0.5778724551200867,0.3331962823867798,,,,
single_moving_actor_k1,172,0.001,train-mode backward before optimizer step,27.48867860191701,1.7993906009948237,0.0,0.5743439197540283,0.5607147216796875,,,,
single_moving_actor_k1,173,0.001,train-mode backward before optimizer step,28.72895437624748,1.3872859028610678,0.0,0.5884084105491638,0.3860331177711487,,,,
single_moving_actor_k1,174,0.001,train-mode backward before optimizer step,29.11458722871414,1.459076001689986,0.0,0.5922938585281372,0.49095290899276733,,,,
single_moving_actor_k1,175,0.001,train-mode backward before optimizer step,29.17360468443671,1.0890318636855167,0.0,0.6042567491531372,0.2889774441719055,,,,
single_moving_actor_k1,176,0.001,train-mode backward before optimizer step,28.864985571716378,1.1418939341620522,0.0,0.5720115900039673,0.30057331919670105,,,,
single_moving_actor_k1,177,0.001,train-mode backward before optimizer step,29.3993071061122,1.1255405021596374,0.0,0.5865141153335571,0.2778133153915405,,,,
single_moving_actor_k1,178,0.001,train-mode backward before optimizer step,29.562201684175466,1.3980405005992091,0.0,0.5900997519493103,0.4201887249946594,,,,
single_moving_actor_k1,179,0.001,train-mode backward before optimizer step,27.51964980746216,1.4175582826385882,0.0,0.5962567329406738,0.4132622480392456,,,,
single_moving_actor_k1,180,0.001,train-mode backward before optimizer step,29.912034117900866,1.7769981695189874,0.0,0.6147028803825378,0.4808236062526703,5.79678201675415,2.7096495628356934,7.741069316864014,49.5347785949707
single_moving_actor_k1,181,0.001,train-mode backward before optimizer step,29.389281477510075,2.151942479139649,0.0,0.5998421311378479,0.5254309177398682,,,,
single_moving_actor_k1,182,0.001,train-mode backward before optimizer step,30.134540665445957,1.4289305037662117,0.0,0.5979741215705872,0.3086664080619812,,,,
single_moving_actor_k1,183,0.001,train-mode backward before optimizer step,29.86588214180952,1.2695940873210168,0.0,0.6007091403007507,0.37481889128685,,,,
single_moving_actor_k1,184,0.001,train-mode backward before optimizer step,28.99910899417074,1.345597593526982,0.0,0.6001403331756592,0.4342042803764343,,,,
single_moving_actor_k1,185,0.001,train-mode backward before optimizer step,31.684609902252486,1.5375046030258468,0.0,0.599968433380127,0.492354154586792,,,,
single_moving_actor_k1,186,0.001,train-mode backward before optimizer step,28.672690044871572,1.1975690470201659,0.0,0.5890567302703857,0.2790178060531616,,,,
single_moving_actor_k1,187,0.001,train-mode backward before optimizer step,27.30267014715415,1.2094277924467596,0.0,0.5742931365966797,0.3234426975250244,,,,
single_moving_actor_k1,188,0.001,train-mode backward before optimizer step,28.99243914146146,1.2298478030807152,0.0,0.5798056125640869,0.29369792342185974,,,,
single_moving_actor_k1,189,0.001,train-mode backward before optimizer step,29.50606710956998,1.6367886367418067,0.0,0.595283031463623,0.4990740716457367,,,,
single_moving_actor_k1,190,0.001,train-mode backward before optimizer step,29.08770137422105,1.2522002074232557,0.0,0.5855996608734131,0.32381078600883484,6.188652038574219,2.734898090362549,7.924740791320801,49.5347785949707
single_moving_actor_k1,191,0.001,train-mode backward before optimizer step,28.174898778581724,1.313646270311304,0.0,0.5849533677101135,0.3633670508861542,,,,
single_moving_actor_k1,192,0.001,train-mode backward before optimizer step,29.810178308611817,1.4724559155377355,0.0,0.5941925048828125,0.4061562418937683,,,,
single_moving_actor_k1,193,0.001,train-mode backward before optimizer step,29.81600511018119,1.4615283930620655,0.0,0.5855900049209595,0.4473831057548523,,,,
single_moving_actor_k1,194,0.001,train-mode backward before optimizer step,27.72652147654217,0.9339808536389058,0.0,0.5800399780273438,0.17935246229171753,,,,
single_moving_actor_k1,195,0.001,train-mode backward before optimizer step,28.219783154720357,1.6180574997770805,0.0,0.579708993434906,0.49126583337783813,,,,
single_moving_actor_k1,196,0.001,train-mode backward before optimizer step,26.578767515567478,1.146388545683616,0.0,0.5469257831573486,0.2733445465564728,,,,
single_moving_actor_k1,197,0.001,train-mode backward before optimizer step,27.62033140186081,1.0966416438132949,0.0,0.5795338153839111,0.2619529962539673,,,,
single_moving_actor_k1,198,0.001,train-mode backward before optimizer step,27.093272239741783,1.2497781181787315,0.0,0.54927659034729,0.3349115252494812,,,,
single_moving_actor_k1,199,0.001,train-mode backward before optimizer step,26.99906545031805,1.3037426076307785,0.0,0.5513558387756348,0.3137368857860565,,,,
single_moving_actor_k1,200,0.001,train-mode backward before optimizer step,25.9889330650384,1.5242407933658721,0.0,0.5494128465652466,0.42479729652404785,6.518624305725098,2.7697229385375977,8.200961112976074,49.5347785949707
single_moving_actor_k1,201,0.001,train-mode backward before optimizer step,25.750237842594302,1.2746952521462747,0.0,0.5538367629051208,0.35298892855644226,,,,
single_moving_actor_k1,202,0.001,train-mode backward before optimizer step,25.926095883398233,1.561190914929514,0.0,0.5480577945709229,0.5023176670074463,,,,
single_moving_actor_k1,203,0.001,train-mode backward before optimizer step,26.93362755528193,1.4528971726501145,0.0,0.5604262351989746,0.4539797902107239,,,,
single_moving_actor_k1,204,0.001,train-mode backward before optimizer step,26.935737581703954,1.4771316311234304,0.0,0.5579873919487,0.37514838576316833,,,,
single_moving_actor_k1,205,0.001,train-mode backward before optimizer step,27.50701975427874,1.250184523949247,0.0,0.5691912174224854,0.36244457960128784,,,,
single_moving_actor_k1,206,0.001,train-mode backward before optimizer step,26.25509267894969,1.090497455483783,0.0,0.5635007619857788,0.282502681016922,,,,
single_moving_actor_k1,207,0.001,train-mode backward before optimizer step,26.494290623268668,1.2275382543964086,0.0,0.5582162141799927,0.29893776774406433,,,,
single_moving_actor_k1,208,0.001,train-mode backward before optimizer step,27.378508890598994,1.0990962238906343,0.0,0.5673074126243591,0.25587400794029236,,,,
single_moving_actor_k1,209,0.001,train-mode backward before optimizer step,27.117103572219108,1.2107795370160883,0.0,0.5685460567474365,0.37260565161705017,,,,
single_moving_actor_k1,210,0.001,train-mode backward before optimizer step,27.530767217818408,1.197329326949156,0.0,0.5779613852500916,0.3409256339073181,6.916807174682617,2.813558340072632,8.485796928405762,49.5347785949707
single_moving_actor_k1,211,0.001,train-mode backward before optimizer step,29.368836155443564,1.0219640200534383,0.0,0.5919489860534668,0.24150776863098145,,,,
single_moving_actor_k1,212,0.001,train-mode backward before optimizer step,28.613412451208113,0.9999863262481326,0.0,0.5988025069236755,0.26026278734207153,,,,
single_moving_actor_k1,213,0.001,train-mode backward before optimizer step,27.958407187552464,1.1534455818973273,0.0,0.5892232656478882,0.2952195703983307,,,,
single_moving_actor_k1,214,0.001,train-mode backward before optimizer step,28.47562840429472,1.179432536249342,0.0,0.5959779024124146,0.2893187403678894,,,,
single_moving_actor_k1,215,0.001,train-mode backward before optimizer step,32.07787228748439,1.1200441216879544,0.0,0.6349848508834839,0.24209384620189667,,,,
single_moving_actor_k1,216,0.001,train-mode backward before optimizer step,28.793104277555397,1.601025563214101,0.0,0.6109781265258789,0.4858975410461426,,,,
single_moving_actor_k1,217,0.001,train-mode backward before optimizer step,29.923761366008122,1.0279116668312376,0.0,0.64534991979599,0.3174512982368469,,,,
single_moving_actor_k1,218,0.001,train-mode backward before optimizer step,31.62615382531969,1.8431170667192815,0.0,0.6498934626579285,0.5983489751815796,,,,
single_moving_actor_k1,219,0.001,train-mode backward before optimizer step,29.834034052259984,0.9407124802694566,0.0,0.6264468431472778,0.25282347202301025,,,,
single_moving_actor_k1,220,0.001,train-mode backward before optimizer step,29.70275976407264,1.3850820530171728,0.0,0.6348545551300049,0.5030556917190552,7.361830711364746,2.8528573513031006,8.680716514587402,49.5347785949707
single_moving_actor_k1,221,0.001,train-mode backward before optimizer step,32.586890823160886,0.8949608083365008,0.0,0.6572168469429016,0.23716402053833008,,,,
single_moving_actor_k1,222,0.001,train-mode backward before optimizer step,30.796449351030216,1.0969868598410704,0.0,0.6679438352584839,0.34372827410697937,,,,
single_moving_actor_k1,223,0.001,train-mode backward before optimizer step,33.194044023723066,1.753081180789187,0.0,0.6550273895263672,0.5992631316184998,,,,
single_moving_actor_k1,224,0.001,train-mode backward before optimizer step,32.13542632066529,1.1595106791696443,0.0,0.6577513813972473,0.3250175714492798,,,,
single_moving_actor_k1,225,0.001,train-mode backward before optimizer step,29.060275847370217,1.1472865896240014,0.0,0.6396290063858032,0.3776375651359558,,,,
single_moving_actor_k1,226,0.001,train-mode backward before optimizer step,30.10717919703726,1.079781788744864,0.0,0.6802970767021179,0.29842525720596313,,,,
single_moving_actor_k1,227,0.001,train-mode backward before optimizer step,29.91841187192576,1.1697650878388222,0.0,0.6579244136810303,0.38003993034362793,,,,
single_moving_actor_k1,228,0.001,train-mode backward before optimizer step,31.03365863512137,1.1021392629080482,0.0,0.6488425135612488,0.36738404631614685,,,,
single_moving_actor_k1,229,0.001,train-mode backward before optimizer step,34.32234759427835,1.247327087819227,0.0,0.6812505722045898,0.3521694540977478,,,,
single_moving_actor_k1,230,0.001,train-mode backward before optimizer step,31.0404550681759,1.1251395960211414,0.0,0.6776281595230103,0.3761173188686371,7.926981449127197,2.873725414276123,8.797907829284668,49.5347785949707
single_moving_actor_k1,231,0.001,train-mode backward before optimizer step,32.33809893722034,1.1173748098437726,0.0,0.707114577293396,0.39783382415771484,,,,
single_moving_actor_k1,232,0.001,train-mode backward before optimizer step,33.53957963806072,1.4729573971038332,0.0,0.7132142782211304,0.5865569114685059,,,,
single_moving_actor_k1,233,0.001,train-mode backward before optimizer step,33.364649954349275,1.4524131002866787,0.0,0.7220157384872437,0.46958214044570923,,,,
single_moving_actor_k1,234,0.001,train-mode backward before optimizer step,32.321139360341846,1.1391958138784237,0.0,0.7253758311271667,0.3956579864025116,,,,
single_moving_actor_k1,235,0.001,train-mode backward before optimizer step,36.07550586804274,1.056284690846988,0.0,0.7530145645141602,0.3960975408554077,,,,
single_moving_actor_k1,236,0.001,train-mode backward before optimizer step,33.67515896013423,1.1038907836613274,0.0,0.7224756479263306,0.3828375041484833,,,,
single_moving_actor_k1,237,0.001,train-mode backward before optimizer step,35.31759391000917,0.9890764040104995,0.0,0.7412641048431396,0.34254512190818787,,,,
single_moving_actor_k1,238,0.001,train-mode backward before optimizer step,36.66792059802573,1.0738208018878252,0.0,0.7887951135635376,0.35122019052505493,,,,
single_moving_actor_k1,239,0.001,train-mode backward before optimizer step,35.84247583253242,1.1883645885902863,0.0,0.7719991207122803,0.42017924785614014,,,,
single_moving_actor_k1,240,0.001,train-mode backward before optimizer step,34.77459571275243,1.0971789569848152,0.0,0.7724186182022095,0.36431628465652466,7.936884880065918,2.9044368267059326,8.956315040588379,49.5347785949707
single_moving_actor_k1,241,0.001,train-mode backward before optimizer step,38.87442553182525,1.0165751728009693,0.0,0.8009451627731323,0.3217913806438446,,,,
single_moving_actor_k1,242,0.001,train-mode backward before optimizer step,38.74014212606567,1.2448012330689395,0.0,0.8231963515281677,0.4803466498851776,,,,
single_moving_actor_k1,243,0.001,train-mode backward before optimizer step,37.496561129805315,1.1128089981637992,0.0,0.8241714239120483,0.5102582573890686,,,,
single_moving_actor_k1,244,0.001,train-mode backward before optimizer step,39.23643036235947,1.3903138333259104,0.0,0.8554520606994629,0.5372971296310425,,,,
single_moving_actor_k1,245,0.001,train-mode backward before optimizer step,37.891176098539205,1.404724668881256,0.0,0.8230900168418884,0.5625426769256592,,,,
single_moving_actor_k1,246,0.001,train-mode backward before optimizer step,40.066088059074644,1.886248306889005,0.0,0.8383333086967468,0.7140482664108276,,,,
single_moving_actor_k1,247,0.001,train-mode backward before optimizer step,39.41822797269396,1.4129158623935985,0.0,0.8433408737182617,0.6110081672668457,,,,
single_moving_actor_k1,248,0.001,train-mode backward before optimizer step,39.99259007088238,1.5531466654909982,0.0,0.8570841550827026,0.6609665751457214,,,,
single_moving_actor_k1,249,0.001,train-mode backward before optimizer step,39.24739702137513,1.2132424803777104,0.0,0.8401052355766296,0.5313764810562134,,,,
single_moving_actor_k1,250,0.001,train-mode backward before optimizer step,41.15593975131354,1.076300152143967,0.0,0.8634424209594727,0.4555937945842743,7.911916732788086,2.9546523094177246,9.205963134765625,49.5347785949707
single_moving_actor_k1,251,0.001,train-mode backward before optimizer step,41.51459328238482,1.7228972838306813,0.0,0.8703885078430176,0.7529252767562866,,,,
single_moving_actor_k1,252,0.001,train-mode backward before optimizer step,39.6673928070477,1.1522582989209795,0.0,0.864170253276825,0.45649608969688416,,,,
single_moving_actor_k1,253,0.001,train-mode backward before optimizer step,37.07319795284678,1.4142778775797773,0.0,0.8457834720611572,0.590406596660614,,,,
single_moving_actor_k1,254,0.001,train-mode backward before optimizer step,38.16100678830167,1.4118249007553147,0.0,0.8226994276046753,0.47506818175315857,,,,
single_moving_actor_k1,255,0.001,train-mode backward before optimizer step,37.243456819842166,1.3321939263494473,0.0,0.8072008490562439,0.5076065063476562,,,,
single_moving_actor_k1,256,0.001,train-mode backward before optimizer step,37.65998502723492,1.3487553989717784,0.0,0.8024131059646606,0.5555678606033325,,,,
single_moving_actor_k1,257,0.001,train-mode backward before optimizer step,37.88851625835808,1.5779793726561708,0.0,0.8444139957427979,0.683748722076416,,,,
single_moving_actor_k1,258,0.001,train-mode backward before optimizer step,37.02343367289185,1.1349422093089025,0.0,0.8301956057548523,0.481393039226532,,,,
single_moving_actor_k1,259,0.001,train-mode backward before optimizer step,35.66493298176256,1.5420173733212899,0.0,0.8137132525444031,0.5767033100128174,,,,
single_moving_actor_k1,260,0.001,train-mode backward before optimizer step,37.05537992698566,2.195497117075362,0.0,0.7889833450317383,0.7800371050834656,7.995171070098877,3.022005081176758,9.49502182006836,49.5347785949707
single_moving_actor_k1,261,0.001,train-mode backward before optimizer step,37.30681113538814,0.918805547816924,0.0,0.8134612441062927,0.35651668906211853,,,,
single_moving_actor_k1,262,0.001,train-mode backward before optimizer step,37.950639339325505,0.9766942874487559,0.0,0.8205634951591492,0.3456531763076782,,,,
single_moving_actor_k1,263,0.001,train-mode backward before optimizer step,37.71596384618433,1.5715331606463951,0.0,0.8198415637016296,0.5473343729972839,,,,
single_moving_actor_k1,264,0.001,train-mode backward before optimizer step,36.128463389124384,1.708121261352171,0.0,0.8204257488250732,0.7138001322746277,,,,
single_moving_actor_k1,265,0.001,train-mode backward before optimizer step,38.324973859790276,1.3024818061560555,0.0,0.8116747736930847,0.517279863357544,,,,
single_moving_actor_k1,266,0.001,train-mode backward before optimizer step,38.24279132388048,1.6392962219772769,0.0,0.817132830619812,0.5753196477890015,,,,
single_moving_actor_k1,267,0.001,train-mode backward before optimizer step,37.69621939626525,1.1798353339031165,0.0,0.801097571849823,0.43730998039245605,,,,
single_moving_actor_k1,268,0.001,train-mode backward before optimizer step,35.519330770614914,1.1174540544150968,0.0,0.8101035952568054,0.43325114250183105,,,,
single_moving_actor_k1,269,0.001,train-mode backward before optimizer step,36.05567968754647,1.2396475353500531,0.0,0.7709555625915527,0.43536096811294556,,,,
single_moving_actor_k1,270,0.001,train-mode backward before optimizer step,35.60892148220711,1.1887833146020226,0.0,0.802847146987915,0.41838914155960083,8.01465129852295,3.080019474029541,9.684961318969727,49.5347785949707
single_moving_actor_k1,271,0.001,train-mode backward before optimizer step,37.797868635715034,1.6003448453305718,0.0,0.8064178228378296,0.6349364519119263,,,,
single_moving_actor_k1,272,0.001,train-mode backward before optimizer step,36.00248919009802,1.1902004725436173,0.0,0.7989615201950073,0.44950050115585327,,,,
single_moving_actor_k1,273,0.001,train-mode backward before optimizer step,35.67785018634622,1.343919417126805,0.0,0.8051189184188843,0.5450015664100647,,,,
single_moving_actor_k1,274,0.001,train-mode backward before optimizer step,34.09479275249188,1.3401345463897443,0.0,0.8000912070274353,0.55379718542099,,,,
single_moving_actor_k1,275,0.001,train-mode backward before optimizer step,35.23243898256079,1.5543454736949145,0.0,0.795275866985321,0.5628471374511719,,,,
single_moving_actor_k1,276,0.001,train-mode backward before optimizer step,37.158366679789324,1.694295332367463,0.0,0.8279565572738647,0.5791811347007751,,,,
single_moving_actor_k1,277,0.001,train-mode backward before optimizer step,38.241050850695096,1.4860167748154804,0.0,0.8278868198394775,0.6116712093353271,,,,
single_moving_actor_k1,278,0.001,train-mode backward before optimizer step,37.11939034433582,1.3052774681084276,0.0,0.8427506685256958,0.49516934156417847,,,,
single_moving_actor_k1,279,0.001,train-mode backward before optimizer step,36.51278842154136,1.1698488501815627,0.0,0.8498203158378601,0.43807029724121094,,,,
single_moving_actor_k1,280,0.001,train-mode backward before optimizer step,37.869000519493085,1.2082881758957753,0.0,0.8435792922973633,0.4534945487976074,8.053807258605957,3.12825083732605,9.812886238098145,49.5347785949707
single_moving_actor_k1,281,0.001,train-mode backward before optimizer step,39.85973860798912,1.339264780109407,0.0,0.8569750785827637,0.5366503596305847,,,,
single_moving_actor_k1,282,0.001,train-mode backward before optimizer step,39.378215801221415,1.1931964665774288,0.0,0.8718823790550232,0.5429525375366211,,,,
single_moving_actor_k1,283,0.001,train-mode backward before optimizer step,38.61502045952039,1.4039181466567296,0.0,0.8677975535392761,0.6189215183258057,,,,
single_moving_actor_k1,284,0.001,train-mode backward before optimizer step,40.98388345644041,1.3619409947506484,0.0,0.9005641937255859,0.5972543954849243,,,,
single_moving_actor_k1,285,0.001,train-mode backward before optimizer step,40.560359634042676,1.610007741964066,0.0,0.9136061072349548,0.7253226637840271,,,,
single_moving_actor_k1,286,0.001,train-mode backward before optimizer step,41.55964337518746,1.4131543255656303,0.0,0.9419490098953247,0.6807879209518433,,,,
single_moving_actor_k1,287,0.001,train-mode backward before optimizer step,42.477667536788495,1.0927625014643279,0.0,0.9631523489952087,0.4557878375053406,,,,
single_moving_actor_k1,288,0.001,train-mode backward before optimizer step,43.1530796355959,1.3107139651839101,0.0,0.9511499404907227,0.5651359558105469,,,,
single_moving_actor_k1,289,0.001,train-mode backward before optimizer step,41.97420098549595,1.0732576914771252,0.0,0.9713443517684937,0.5394904017448425,,,,
single_moving_actor_k1,290,0.001,train-mode backward before optimizer step,47.59555529478435,1.7169223148842279,0.0,0.9993224143981934,0.8151935338973999,7.920485496520996,3.167870283126831,9.866250038146973,49.5347785949707
single_moving_actor_k1,291,0.001,train-mode backward before optimizer step,45.088440352125865,2.0425198033226675,0.0,1.0150926113128662,1.0206316709518433,,,,
single_moving_actor_k1,292,0.001,train-mode backward before optimizer step,42.90756282979022,1.8284161718521281,0.0,0.9892723560333252,0.8664642572402954,,,,
single_moving_actor_k1,293,0.001,train-mode backward before optimizer step,46.05339735785412,1.6966207590705964,0.0,1.0081226825714111,0.7560434341430664,,,,
single_moving_actor_k1,294,0.001,train-mode backward before optimizer step,46.40324319817879,2.1345255166429,0.0,1.0242480039596558,1.0177620649337769,,,,
single_moving_actor_k1,295,0.001,train-mode backward before optimizer step,45.436190838649196,1.184474219162142,0.0,0.9993512034416199,0.6175654530525208,,,,
single_moving_actor_k1,296,0.001,train-mode backward before optimizer step,43.498757232502214,1.8771986111023808,0.0,0.9904665946960449,0.749780535697937,,,,
single_moving_actor_k1,297,0.001,train-mode backward before optimizer step,43.97749794935923,1.7465761626416225,0.0,0.9732980728149414,0.7191070318222046,,,,
single_moving_actor_k1,298,0.001,train-mode backward before optimizer step,43.528009097049626,1.2664749078099997,0.0,0.9757363200187683,0.6734030246734619,,,,
single_moving_actor_k1,299,0.001,train-mode backward before optimizer step,43.32006661681978,0.9896074719087086,0.0,0.9718636274337769,0.5074262619018555,,,,
single_moving_actor_k1,300,0.001,train-mode backward before optimizer step,45.0574259383011,1.507722942299662,0.0,0.9843887090682983,0.8438475131988525,8.107776641845703,3.209324598312378,9.901890754699707,49.5347785949707
single_moving_actor_k1,301,0.001,train-mode backward before optimizer step,41.8156211031851,1.2700267725423549,0.0,0.9498227834701538,0.5578821897506714,,,,
single_moving_actor_k1,302,0.001,train-mode backward before optimizer step,44.00085855562188,1.17966058642821,0.0,0.9579135179519653,0.5716818571090698,,,,
single_moving_actor_k1,303,0.001,train-mode backward before optimizer step,42.08128837935944,1.0261332500295377,0.0,0.950839638710022,0.49994874000549316,,,,
single_moving_actor_k1,304,0.001,train-mode backward before optimizer step,43.39000156750223,1.260372532689398,0.0,0.9468399882316589,0.5840258002281189,,,,
single_moving_actor_k1,305,0.001,train-mode backward before optimizer step,41.487664936664416,1.1318432246881769,0.0,0.9431416392326355,0.4871554970741272,,,,
single_moving_actor_k1,306,0.001,train-mode backward before optimizer step,42.951248215058975,1.3137510030375634,0.0,0.9562430381774902,0.5955746173858643,,,,
single_moving_actor_k1,307,0.001,train-mode backward before optimizer step,43.80626152728543,1.1923159784147113,0.0,0.9391822218894958,0.5219237208366394,,,,
single_moving_actor_k1,308,0.001,train-mode backward before optimizer step,42.67865247592686,0.8501741247173522,0.0,0.9494714736938477,0.33894845843315125,,,,
single_moving_actor_k1,309,0.001,train-mode backward before optimizer step,44.82174278873648,1.5953376032493833,0.0,0.9676191210746765,0.7034511566162109,,,,
single_moving_actor_k1,310,0.001,train-mode backward before optimizer step,43.36531104548345,1.369806990611573,0.0,0.9775738716125488,0.5511085987091064,8.340739250183105,3.271677017211914,10.204408645629883,49.5347785949707
single_moving_actor_k1,311,0.001,train-mode backward before optimizer step,42.84883697218355,1.2641101506210723,0.0,0.9809904098510742,0.706011176109314,,,,
single_moving_actor_k1,312,0.001,train-mode backward before optimizer step,43.75127985797768,1.4000972599152504,0.0,0.9521839022636414,0.685621440410614,,,,
single_moving_actor_k1,313,0.001,train-mode backward before optimizer step,44.332044587302725,1.132008473667543,0.0,0.9788264036178589,0.6243449449539185,,,,
single_moving_actor_k1,314,0.001,train-mode backward before optimizer step,45.26201737916211,1.4336925198833064,0.0,0.9934710264205933,0.8603212833404541,,,,
single_moving_actor_k1,315,0.001,train-mode backward before optimizer step,44.070011107309284,0.8065170719952636,0.0,1.0061438083648682,0.408797025680542,,,,
single_moving_actor_k1,316,0.001,train-mode backward before optimizer step,45.87272693962348,1.5032581960506024,0.0,0.9884219169616699,0.8246915340423584,,,,
single_moving_actor_k1,317,0.001,train-mode backward before optimizer step,45.52824953810751,1.6372959610152764,0.0,1.0138956308364868,0.6764949560165405,,,,
single_moving_actor_k1,318,0.001,train-mode backward before optimizer step,45.33980068974821,1.4806832444891962,0.0,0.9993040561676025,0.7087975740432739,,,,
single_moving_actor_k1,319,0.001,train-mode backward before optimizer step,43.893391152704886,1.2022379607504616,0.0,0.9926962852478027,0.5772881507873535,,,,
single_moving_actor_k1,320,0.001,train-mode backward before optimizer step,44.80579982147233,1.4290860169820316,0.0,0.9964241981506348,0.7251738905906677,8.55555534362793,3.323948621749878,10.445951461791992,49.5347785949707
single_moving_actor_k1,321,0.001,train-mode backward before optimizer step,45.91146254037086,1.5981414091067019,0.0,1.0300931930541992,0.810097873210907,,,,
single_moving_actor_k1,322,0.001,train-mode backward before optimizer step,47.369205621499546,0.976599722437616,0.0,1.0238794088363647,0.48056554794311523,,,,
single_moving_actor_k1,323,0.001,train-mode backward before optimizer step,48.076624973943126,0.9307548947530715,0.0,1.0404508113861084,0.42197394371032715,,,,
single_moving_actor_k1,324,0.001,train-mode backward before optimizer step,46.01843157741643,1.1202557449659658,0.0,1.057554006576538,0.5841485261917114,,,,
single_moving_actor_k1,325,0.001,train-mode backward before optimizer step,47.250884557072986,1.1423355791536576,0.0,1.0770810842514038,0.605538547039032,,,,
single_moving_actor_k1,326,0.001,train-mode backward before optimizer step,46.382138271012465,1.3154459955171978,0.0,1.094303846359253,0.7392541170120239,,,,
single_moving_actor_k1,327,0.001,train-mode backward before optimizer step,48.5879268890647,1.796712048673406,0.0,1.1047784090042114,0.9185830950737,,,,
single_moving_actor_k1,328,0.001,train-mode backward before optimizer step,52.02449042295258,1.551167591770324,0.0,1.1332252025604248,0.9374369382858276,,,,
single_moving_actor_k1,329,0.001,train-mode backward before optimizer step,50.57046393798135,1.5229514422179373,0.0,1.1404228210449219,0.9467395544052124,,,,
single_moving_actor_k1,330,0.001,train-mode backward before optimizer step,50.19882182982294,2.1763876815078675,0.0,1.1512837409973145,0.9688229560852051,8.77651596069336,3.367588758468628,10.647558212280273,49.5347785949707
single_moving_actor_k1,331,0.001,train-mode backward before optimizer step,50.694586274540484,2.1382103410560083,0.0,1.1670973300933838,1.003647804260254,,,,
single_moving_actor_k1,332,0.001,train-mode backward before optimizer step,48.086035394516095,2.280811944389233,0.0,1.1415464878082275,1.063454031944275,,,,
single_moving_actor_k1,333,0.001,train-mode backward before optimizer step,52.6201277031729,1.6914595933035586,0.0,1.182318925857544,0.9892248511314392,,,,
single_moving_actor_k1,334,0.001,train-mode backward before optimizer step,51.778558473339935,1.034503603232175,0.0,1.1487421989440918,0.6433125138282776,,,,
single_moving_actor_k1,335,0.001,train-mode backward before optimizer step,52.023114379230044,1.596161293287331,0.0,1.180577278137207,0.8794862627983093,,,,
single_moving_actor_k1,336,0.001,train-mode backward before optimizer step,54.69600429554944,1.7885084215950375,0.0,1.1823562383651733,0.9650640487670898,,,,
single_moving_actor_k1,337,0.001,train-mode backward before optimizer step,53.37284484556715,2.477207243469466,0.0,1.155368685722351,1.2372702360153198,,,,
single_moving_actor_k1,338,0.001,train-mode backward before optimizer step,50.61125987190468,2.152233079208103,0.0,1.1150426864624023,1.221155047416687,,,,
single_moving_actor_k1,339,0.001,train-mode backward before optimizer step,48.175724746288935,2.078968528282719,0.0,1.0951865911483765,1.3516390323638916,,,,
single_moving_actor_k1,340,0.001,train-mode backward before optimizer step,49.20649910119961,1.3183852782950656,0.0,1.1037484407424927,0.8273442983627319,9.00248908996582,3.4208037853240967,10.767882347106934,49.5347785949707
single_moving_actor_k1,341,0.001,train-mode backward before optimizer step,46.87513113875282,1.4611639469144446,0.0,1.0738153457641602,0.8915510177612305,,,,
single_moving_actor_k1,342,0.001,train-mode backward before optimizer step,47.750240847967866,1.1473260334497175,0.0,1.071009874343872,0.638770580291748,,,,
single_moving_actor_k1,343,0.001,train-mode backward before optimizer step,46.65046221107984,1.352501484668269,0.0,1.0760791301727295,0.7605047225952148,,,,
single_moving_actor_k1,344,0.001,train-mode backward before optimizer step,45.63527586071451,2.086159656960861,0.0,1.059090495109558,1.0321505069732666,,,,
single_moving_actor_k1,345,0.001,train-mode backward before optimizer step,45.57601355409836,1.990932785138636,0.0,1.0345546007156372,1.0531904697418213,,,,
single_moving_actor_k1,346,0.001,train-mode backward before optimizer step,44.6957922543585,1.8551950127673862,0.0,1.0233399868011475,0.897750973701477,,,,
single_moving_actor_k1,347,0.001,train-mode backward before optimizer step,44.87663582772752,1.5488381438587386,0.0,1.018364667892456,0.6435317993164062,,,,
single_moving_actor_k1,348,0.001,train-mode backward before optimizer step,43.84665135848637,1.0206080544879979,0.0,1.007018804550171,0.5526590347290039,,,,
single_moving_actor_k1,349,0.001,train-mode backward before optimizer step,43.93998595096151,1.0664220691471402,0.0,1.0208470821380615,0.5181918144226074,,,,
single_moving_actor_k1,350,0.001,train-mode backward before optimizer step,44.59181531050925,1.2883073579117674,0.0,1.0200121402740479,0.6475812196731567,9.204384803771973,3.4531030654907227,10.781294822692871,49.5347785949707
single_moving_actor_k1,351,0.001,train-mode backward before optimizer step,42.151628224826155,1.4686605470599037,0.0,1.0009068250656128,0.6466018557548523,,,,
single_moving_actor_k1,352,0.001,train-mode backward before optimizer step,43.943670935114774,1.2178775938453237,0.0,0.9992059469223022,0.48160064220428467,,,,
single_moving_actor_k1,353,0.001,train-mode backward before optimizer step,43.575232942372665,1.1591689217610275,0.0,1.0166783332824707,0.6639836430549622,,,,
single_moving_actor_k1,354,0.001,train-mode backward before optimizer step,43.960100517933405,1.341548061011897,0.0,1.011875867843628,0.667808473110199,,,,
single_moving_actor_k1,355,0.001,train-mode backward before optimizer step,44.35468891960849,1.2593307353863445,0.0,1.0276360511779785,0.6654174327850342,,,,
single_moving_actor_k1,356,0.001,train-mode backward before optimizer step,44.95968468604053,1.4751726999356476,0.0,1.0540827512741089,0.8225224018096924,,,,
single_moving_actor_k1,357,0.001,train-mode backward before optimizer step,46.39797573221652,1.2728074421317626,0.0,1.045892596244812,0.7704281806945801,,,,
single_moving_actor_k1,358,0.001,train-mode backward before optimizer step,47.88954550409284,1.0036308039781885,0.0,1.065223217010498,0.543716311454773,,,,
single_moving_actor_k1,359,0.001,train-mode backward before optimizer step,46.23666310962705,1.1817788292660962,0.0,1.0367709398269653,0.5807186365127563,,,,
single_moving_actor_k1,360,0.001,train-mode backward before optimizer step,47.524656400779804,1.0587202464137173,0.0,1.041478157043457,0.49666938185691833,9.478092193603516,3.4894959926605225,10.936942100524902,49.5347785949707
single_moving_actor_k1,361,0.001,train-mode backward before optimizer step,47.26843027138007,1.0788685438723025,0.0,1.0500710010528564,0.445657342672348,,,,
single_moving_actor_k1,362,0.001,train-mode backward before optimizer step,48.935585709519245,1.232878715524834,0.0,1.060783863067627,0.7380126714706421,,,,
single_moving_actor_k1,363,0.001,train-mode backward before optimizer step,47.732621920702876,1.1058748091268014,0.0,1.0522372722625732,0.6433913707733154,,,,
single_moving_actor_k1,364,0.001,train-mode backward before optimizer step,48.77457341242801,1.0860583961199934,0.0,1.073169231414795,0.6409180760383606,,,,
single_moving_actor_k1,365,0.001,train-mode backward before optimizer step,50.227174883451056,1.2712041327627825,0.0,1.0861525535583496,0.6666361093521118,,,,
single_moving_actor_k1,366,0.001,train-mode backward before optimizer step,48.720885935880105,1.560601304960661,0.0,1.0710183382034302,0.7723532915115356,,,,
single_moving_actor_k1,367,0.001,train-mode backward before optimizer step,50.70386677911695,1.697141408836125,0.0,1.1023766994476318,0.8690904974937439,,,,
single_moving_actor_k1,368,0.001,train-mode backward before optimizer step,51.997531469479384,1.4892409436819518,0.0,1.1138981580734253,0.931599497795105,,,,
single_moving_actor_k1,369,0.001,train-mode backward before optimizer step,48.97652215622483,0.9743776962210694,0.0,1.0746797323226929,0.5025501251220703,,,,
single_moving_actor_k1,370,0.001,train-mode backward before optimizer step,48.71346386244783,1.2894052523828081,0.0,1.0988643169403076,0.7666722536087036,9.710840225219727,3.545334577560425,11.242385864257812,49.5347785949707
single_moving_actor_k1,371,0.001,train-mode backward before optimizer step,48.38570764123257,1.187001884160664,0.0,1.077623724937439,0.5920136570930481,,,,
single_moving_actor_k1,372,0.001,train-mode backward before optimizer step,51.4779154911107,1.6501196422950297,0.0,1.0837528705596924,0.8066789507865906,,,,
single_moving_actor_k1,373,0.001,train-mode backward before optimizer step,47.58461817594365,2.0327479086810256,0.0,1.0865734815597534,1.207977056503296,,,,
single_moving_actor_k1,374,0.001,train-mode backward before optimizer step,48.103896797572844,1.7944083693309454,0.0,1.0662596225738525,0.9002717733383179,,,,
single_moving_actor_k1,375,0.001,train-mode backward before optimizer step,49.14792180489008,1.6880211510493444,0.0,1.0789145231246948,0.9429685473442078,,,,
single_moving_actor_k1,376,0.001,train-mode backward before optimizer step,47.05940822165623,1.9037725833106658,0.0,1.0521931648254395,0.8482162356376648,,,,
single_moving_actor_k1,377,0.001,train-mode backward before optimizer step,47.7457363890398,1.4478892847115483,0.0,1.0294381380081177,0.8440133929252625,,,,
single_moving_actor_k1,378,0.001,train-mode backward before optimizer step,47.48199505445183,1.630948067711638,0.0,1.0380767583847046,0.8338899612426758,,,,
single_moving_actor_k1,379,0.001,train-mode backward before optimizer step,46.70883940163849,1.8417379419666013,0.0,1.0441737174987793,1.0195311307907104,,,,
single_moving_actor_k1,380,0.001,train-mode backward before optimizer step,46.15673008236077,1.7833158929552562,0.0,1.0049810409545898,0.9679875373840332,10.011714935302734,3.5931239128112793,11.440895080566406,49.5347785949707
single_moving_actor_k1,381,0.001,train-mode backward before optimizer step,44.43698837766823,1.2472392001004269,0.0,1.0106725692749023,0.633552074432373,,,,
single_moving_actor_k1,382,0.001,train-mode backward before optimizer step,44.95524931359017,1.2587987006274297,0.0,0.99986732006073,0.608717143535614,,,,
single_moving_actor_k1,383,0.001,train-mode backward before optimizer step,45.206077073156905,1.2481493204502687,0.0,1.0145343542099,0.5946115255355835,,,,
single_moving_actor_k1,384,0.001,train-mode backward before optimizer step,46.82534436950365,1.4359425809421371,0.0,1.0333611965179443,0.7334535121917725,,,,
single_moving_actor_k1,385,0.001,train-mode backward before optimizer step,44.636293438914784,1.2505170046741823,0.0,1.0189580917358398,0.6274423599243164,,,,
single_moving_actor_k1,386,0.001,train-mode backward before optimizer step,45.25537720595636,1.3441369962250729,0.0,0.9933084845542908,0.7983805537223816,,,,
single_moving_actor_k1,387,0.001,train-mode backward before optimizer step,45.218723065476155,1.2699193433459428,0.0,1.010789155960083,0.6189002990722656,,,,
single_moving_actor_k1,388,0.001,train-mode backward before optimizer step,45.610899539949315,1.1280357670042784,0.0,1.0072789192199707,0.5773738622665405,,,,
single_moving_actor_k1,389,0.001,train-mode backward before optimizer step,46.239974451394595,1.307702503784985,0.0,1.024214744567871,0.6262637376785278,,,,
single_moving_actor_k1,390,0.001,train-mode backward before optimizer step,44.56246507002244,0.9530178835650329,0.0,1.004946231842041,0.4176212251186371,10.234000205993652,3.633625030517578,11.626063346862793,49.5347785949707
single_moving_actor_k1,391,0.001,train-mode backward before optimizer step,46.59597485674041,1.1431638455344948,0.0,1.0298082828521729,0.5670036673545837,,,,
single_moving_actor_k1,392,0.001,train-mode backward before optimizer step,46.44509687338764,1.054916446638061,0.0,1.0140190124511719,0.49314552545547485,,,,
single_moving_actor_k1,393,0.001,train-mode backward before optimizer step,45.64393624552206,1.0082589253291405,0.0,1.028003454208374,0.445535272359848,,,,
single_moving_actor_k1,394,0.001,train-mode backward before optimizer step,47.32676536659608,0.9536419254918629,0.0,1.0392197370529175,0.5351270437240601,,,,
single_moving_actor_k1,395,0.001,train-mode backward before optimizer step,47.8737243081792,0.9454175937053216,0.0,1.0474692583084106,0.4566408395767212,,,,
single_moving_actor_k1,396,0.001,train-mode backward before optimizer step,48.14776954689344,1.047984801311207,0.0,1.0424344539642334,0.5217661261558533,,,,
single_moving_actor_k1,397,0.001,train-mode backward before optimizer step,48.06470870397259,1.2663990290811455,0.0,1.0651729106903076,0.6797528266906738,,,,
single_moving_actor_k1,398,0.001,train-mode backward before optimizer step,48.65352228487929,1.1218299849012168,0.0,1.0792362689971924,0.6584407687187195,,,,
single_moving_actor_k1,399,0.001,train-mode backward before optimizer step,48.96586379052822,1.3138079704252554,0.0,1.077593445777893,0.754511833190918,,,,
single_moving_actor_k1,400,0.001,train-mode backward before optimizer step,51.94790079617924,1.4602833147352843,0.0,1.0922390222549438,0.6580172181129456,10.48388385772705,3.670506238937378,11.793134689331055,49.5347785949707
single_moving_actor_k1,401,0.001,train-mode backward before optimizer step,50.046331837539014,0.8366253333460686,0.0,1.0948665142059326,0.4648621678352356,,,,
single_moving_actor_k1,402,0.001,train-mode backward before optimizer step,48.985984290961,1.0899764617347476,0.0,1.0997462272644043,0.573872983455658,,,,
single_moving_actor_k1,403,0.001,train-mode backward before optimizer step,50.36163375684103,1.0099455129271462,0.0,1.1005523204803467,0.5599343180656433,,,,
single_moving_actor_k1,404,0.001,train-mode backward before optimizer step,50.62355251739579,1.5749660495802202,0.0,1.1148415803909302,0.6355559229850769,,,,
single_moving_actor_k1,405,0.001,train-mode backward before optimizer step,49.7904598352721,1.553396138396013,0.0,1.1183470487594604,0.8237401843070984,,,,
single_moving_actor_k1,406,0.001,train-mode backward before optimizer step,49.29737953025723,2.039091290120719,0.0,1.112626552581787,0.9158759117126465,,,,
single_moving_actor_k1,407,0.001,train-mode backward before optimizer step,49.877178493830925,1.2038938352560609,0.0,1.1286333799362183,0.705838680267334,,,,
single_moving_actor_k1,408,0.001,train-mode backward before optimizer step,52.50305995224283,1.3428826079202487,0.0,1.1532151699066162,0.8443896174430847,,,,
single_moving_actor_k1,409,0.001,train-mode backward before optimizer step,51.706723728506645,1.3792639983116868,0.0,1.1497890949249268,0.819433867931366,,,,
single_moving_actor_k1,410,0.001,train-mode backward before optimizer step,53.07356191951988,1.361055123255491,0.0,1.156966209411621,0.7727409601211548,10.733353614807129,3.6872735023498535,11.822566986083984,49.5347785949707
single_moving_actor_k1,411,0.001,train-mode backward before optimizer step,53.273335824012854,1.3020583519672508,0.0,1.1604758501052856,0.8542419672012329,,,,
single_moving_actor_k1,412,0.001,train-mode backward before optimizer step,52.92036496233219,1.3326371900420442,0.0,1.1567065715789795,0.799975574016571,,,,
single_moving_actor_k1,413,0.001,train-mode backward before optimizer step,53.05000639262082,1.2535780521380873,0.0,1.1406031847000122,0.7331315875053406,,,,
single_moving_actor_k1,414,0.001,train-mode backward before optimizer step,51.718066775610836,1.3038437868929524,0.0,1.1611945629119873,0.8500918745994568,,,,
single_moving_actor_k1,415,0.001,train-mode backward before optimizer step,51.63214613108531,1.2894958603559585,0.0,1.1721559762954712,0.7330333590507507,,,,
single_moving_actor_k1,416,0.001,train-mode backward before optimizer step,51.390680672164365,1.6523602393673382,0.0,1.15956449508667,0.9749718904495239,,,,
single_moving_actor_k1,417,0.001,train-mode backward before optimizer step,53.096830601520324,2.02510395942885,0.0,1.171416997909546,1.266289234161377,,,,
single_moving_actor_k1,418,0.001,train-mode backward before optimizer step,51.46012417775436,1.472334013186189,0.0,1.167846918106079,1.1093719005584717,,,,
single_moving_actor_k1,419,0.001,train-mode backward before optimizer step,53.52972580899433,1.602239081872739,0.0,1.1750462055206299,1.0216238498687744,,,,
single_moving_actor_k1,420,0.001,train-mode backward before optimizer step,51.52444376677476,1.11389423186785,0.0,1.1661185026168823,0.6054438352584839,11.002080917358398,3.6982498168945312,11.915743827819824,49.5347785949707
single_moving_actor_k1,421,0.001,train-mode backward before optimizer step,52.32831626834824,1.2707926675336396,0.0,1.188184142112732,0.6516277194023132,,,,
single_moving_actor_k1,422,0.001,train-mode backward before optimizer step,51.27252333533124,1.6830238785444147,0.0,1.1766482591629028,1.0594213008880615,,,,
single_moving_actor_k1,423,0.001,train-mode backward before optimizer step,51.20189208864603,1.9394275827201535,0.0,1.1663496494293213,1.1648828983306885,,,,
single_moving_actor_k1,424,0.001,train-mode backward before optimizer step,49.872130131427994,2.0707938236404426,0.0,1.1636018753051758,1.126444935798645,,,,
single_moving_actor_k1,425,0.001,train-mode backward before optimizer step,51.12014025032086,2.566895819377229,0.0,1.1518820524215698,1.3963251113891602,,,,
single_moving_actor_k1,426,0.001,train-mode backward before optimizer step,50.37985261327856,1.6675906110840413,0.0,1.147078037261963,0.9157880544662476,,,,
single_moving_actor_k1,427,0.001,train-mode backward before optimizer step,49.91701827984829,1.1370218900909843,0.0,1.1387338638305664,0.6430130004882812,,,,
single_moving_actor_k1,428,0.001,train-mode backward before optimizer step,47.794784106455495,1.0720281772548748,0.0,1.142709493637085,0.570850133895874,,,,
single_moving_actor_k1,429,0.001,train-mode backward before optimizer step,48.360308954502095,1.2537625328853863,0.0,1.1349365711212158,0.7380597591400146,,,,
single_moving_actor_k1,430,0.001,train-mode backward before optimizer step,49.95855983128803,1.2566951356854672,0.0,1.1399927139282227,0.6870195865631104,11.289777755737305,3.7417304515838623,12.138273239135742,49.5347785949707
single_moving_actor_k1,431,0.001,train-mode backward before optimizer step,50.90499351279233,1.2530888683134684,0.0,1.1462922096252441,0.6926330327987671,,,,
single_moving_actor_k1,432,0.001,train-mode backward before optimizer step,47.32754307785008,1.1458706123203308,0.0,1.1405376195907593,0.6884924173355103,,,,
single_moving_actor_k1,433,0.001,train-mode backward before optimizer step,49.822373722727164,1.0283117668604167,0.0,1.1568119525909424,0.5965375304222107,,,,
single_moving_actor_k1,434,0.001,train-mode backward before optimizer step,51.05014276510816,0.951149390705379,0.0,1.1379311084747314,0.4865040183067322,,,,
single_moving_actor_k1,435,0.001,train-mode backward before optimizer step,51.064070776597504,0.9632198254195852,0.0,1.1650447845458984,0.5357677936553955,,,,
single_moving_actor_k1,436,0.001,train-mode backward before optimizer step,51.47099849413703,1.2481266521260939,0.0,1.1783467531204224,0.7380973696708679,,,,
single_moving_actor_k1,437,0.001,train-mode backward before optimizer step,53.24886935654674,1.0159587021804897,0.0,1.1872167587280273,0.5891415476799011,,,,
single_moving_actor_k1,438,0.001,train-mode backward before optimizer step,55.27427339834277,1.3712438400127605,0.0,1.206770896911621,0.8367659449577332,,,,
single_moving_actor_k1,439,0.001,train-mode backward before optimizer step,52.940909926952905,1.148705360468594,0.0,1.183668851852417,0.7661794424057007,,,,
single_moving_actor_k1,440,0.001,train-mode backward before optimizer step,51.3899113392017,1.2166297406876052,0.0,1.209179401397705,0.7998833060264587,11.654656410217285,3.782562255859375,12.34996509552002,49.5347785949707
single_moving_actor_k1,441,0.001,train-mode backward before optimizer step,54.70205389290944,1.8969299731677687,0.0,1.2295259237289429,1.183453917503357,,,,
single_moving_actor_k1,442,0.001,train-mode backward before optimizer step,55.667380267040016,2.163930447574977,0.0,1.203087568283081,1.3301737308502197,,,,
single_moving_actor_k1,443,0.001,train-mode backward before optimizer step,54.766556085948906,1.9680971607357356,0.0,1.224912166595459,1.2220553159713745,,,,
single_moving_actor_k1,444,0.001,train-mode backward before optimizer step,52.923923661067015,1.9454803161603267,0.0,1.2257564067840576,1.281274676322937,,,,
single_moving_actor_k1,445,0.001,train-mode backward before optimizer step,51.47460409414031,2.4350599924452485,0.0,1.213623046875,1.5073397159576416,,,,
single_moving_actor_k1,446,0.001,train-mode backward before optimizer step,53.52884014827121,2.018897264265243,0.0,1.2142975330352783,1.2260082960128784,,,,
single_moving_actor_k1,447,0.001,train-mode backward before optimizer step,52.24785111335589,2.1920366300645866,0.0,1.2228524684906006,1.2650803327560425,,,,
single_moving_actor_k1,448,0.001,train-mode backward before optimizer step,51.76876579763549,1.9599007474710233,0.0,1.1830213069915771,1.0586812496185303,,,,
single_moving_actor_k1,449,0.001,train-mode backward before optimizer step,51.1603370986216,1.5342762572927737,0.0,1.1917176246643066,0.9027444124221802,,,,
single_moving_actor_k1,450,0.001,train-mode backward before optimizer step,49.18738769345238,1.3298993177710228,0.0,1.166741967201233,0.8212458491325378,11.994694709777832,3.7949588298797607,12.440855026245117,49.5347785949707
single_moving_actor_k1,451,0.001,train-mode backward before optimizer step,48.49406126612453,1.0169430187520925,0.0,1.1312010288238525,0.5908247232437134,,,,
single_moving_actor_k1,452,0.001,train-mode backward before optimizer step,52.872272766113134,1.2081431275372514,0.0,1.1519052982330322,0.6038227081298828,,,,
single_moving_actor_k1,453,0.001,train-mode backward before optimizer step,48.82323969349691,1.1884681029228292,0.0,1.1220521926879883,0.5684886574745178,,,,
single_moving_actor_k1,454,0.001,train-mode backward before optimizer step,48.82105252410361,1.0819287018719401,0.0,1.1207584142684937,0.5183097124099731,,,,
single_moving_actor_k1,455,0.001,train-mode backward before optimizer step,47.94541095455039,1.1366675799457462,0.0,1.0933620929718018,0.6000913381576538,,,,
single_moving_actor_k1,456,0.001,train-mode backward before optimizer step,48.64423897736335,1.3346495378720071,0.0,1.1011452674865723,0.8020216226577759,,,,
single_moving_actor_k1,457,0.001,train-mode backward before optimizer step,48.767342059045,1.18293039203192,0.0,1.1128981113433838,0.6548728942871094,,,,
single_moving_actor_k1,458,0.001,train-mode backward before optimizer step,48.683904958903085,1.1948576455964672,0.0,1.0943039655685425,0.6547551155090332,,,,
single_moving_actor_k1,459,0.001,train-mode backward before optimizer step,47.09621342169245,1.4236148716620143,0.0,1.0910000801086426,0.7520715594291687,,,,
single_moving_actor_k1,460,0.001,train-mode backward before optimizer step,46.80716333450449,1.0225236260677315,0.0,1.1116297245025635,0.5274490118026733,12.370634078979492,3.8067712783813477,12.546859741210938,49.5347785949707
single_moving_actor_k1,461,0.001,train-mode backward before optimizer step,49.757024075573355,1.4249961315230817,0.0,1.1069419384002686,0.8020172119140625,,,,
single_moving_actor_k1,462,0.001,train-mode backward before optimizer step,50.309886109374254,0.8570991275729126,0.0,1.1174675226211548,0.41120657324790955,,,,
single_moving_actor_k1,463,0.001,train-mode backward before optimizer step,48.24172326105365,1.4115295322395012,0.0,1.1435185670852661,0.8291098475456238,,,,
single_moving_actor_k1,464,0.001,train-mode backward before optimizer step,48.91991300418425,1.0467989440378787,0.0,1.1192830801010132,0.6121230721473694,,,,
single_moving_actor_k1,465,0.001,train-mode backward before optimizer step,49.50538512410522,1.1620018252435587,0.0,1.1395012140274048,0.6542236804962158,,,,
single_moving_actor_k1,466,0.001,train-mode backward before optimizer step,50.38345264593291,0.8682742469899037,0.0,1.137066125869751,0.4963516592979431,,,,
single_moving_actor_k1,467,0.001,train-mode backward before optimizer step,50.3250809672665,1.4031967187494374,0.0,1.159376621246338,0.8522756099700928,,,,
single_moving_actor_k1,468,0.001,train-mode backward before optimizer step,49.80881873008371,1.1694420272787733,0.0,1.164107084274292,0.6023840308189392,,,,
single_moving_actor_k1,469,0.001,train-mode backward before optimizer step,52.707770842544704,1.182762546188464,0.0,1.1657741069793701,0.6567869186401367,,,,
single_moving_actor_k1,470,0.001,train-mode backward before optimizer step,50.718081089154104,1.2233465798728922,0.0,1.177372932434082,0.8096396923065186,12.422389030456543,3.828216552734375,12.754790306091309,49.5347785949707
single_moving_actor_k1,471,0.001,train-mode backward before optimizer step,51.650482964899155,1.4100773675324652,0.0,1.1886053085327148,0.8682652711868286,,,,
single_moving_actor_k1,472,0.001,train-mode backward before optimizer step,52.58660459664642,1.364954523632155,0.0,1.2210657596588135,0.885326623916626,,,,
single_moving_actor_k1,473,0.001,train-mode backward before optimizer step,52.14755936574616,1.467566582032043,0.0,1.2220687866210938,0.7378832101821899,,,,
single_moving_actor_k1,474,0.001,train-mode backward before optimizer step,52.68180259313129,1.2595633159558894,0.0,1.2320055961608887,0.7162639498710632,,,,
single_moving_actor_k1,475,0.001,train-mode backward before optimizer step,53.653717055995735,1.0471456801588497,0.0,1.2618114948272705,0.5575225353240967,,,,
single_moving_actor_k1,476,0.001,train-mode backward before optimizer step,54.15153264811093,1.275889041614841,0.0,1.2804958820343018,0.8257719874382019,,,,
single_moving_actor_k1,477,0.001,train-mode backward before optimizer step,57.22774310762826,0.9928385987369759,0.0,1.2873338460922241,0.5965566635131836,,,,
single_moving_actor_k1,478,0.001,train-mode backward before optimizer step,57.1284955821545,1.0432171916467516,0.0,1.3316903114318848,0.56345134973526,,,,
single_moving_actor_k1,479,0.001,train-mode backward before optimizer step,57.596033229019575,1.269625251531938,0.0,1.3456262350082397,0.7019068598747253,,,,
single_moving_actor_k1,480,0.001,train-mode backward before optimizer step,58.4951624794053,1.299631209228523,0.0,1.3581583499908447,0.7657922506332397,12.312155723571777,3.854281187057495,12.954833030700684,49.5347785949707
single_moving_actor_k1,481,0.001,train-mode backward before optimizer step,60.023111114395036,1.4469883471703675,0.0,1.3880327939987183,0.9441584944725037,,,,
single_moving_actor_k1,482,0.001,train-mode backward before optimizer step,60.96430791493739,2.096671432473596,0.0,1.4195408821105957,1.3695907592773438,,,,
single_moving_actor_k1,483,0.001,train-mode backward before optimizer step,60.71959605903336,1.896614560263634,0.0,1.4406702518463135,1.1518837213516235,,,,
single_moving_actor_k1,484,0.001,train-mode backward before optimizer step,63.217793084556014,1.3215792010089538,0.0,1.4465055465698242,0.8527001142501831,,,,
single_moving_actor_k1,485,0.001,train-mode backward before optimizer step,63.28422598682475,1.1080270942660988,0.0,1.4598851203918457,0.7972020506858826,,,,
single_moving_actor_k1,486,0.001,train-mode backward before optimizer step,62.46599786215687,1.1345578856188232,0.0,1.487123727798462,0.7455556392669678,,,,
single_moving_actor_k1,487,0.001,train-mode backward before optimizer step,63.07710598765252,1.6232936765884702,0.0,1.4747824668884277,1.292685866355896,,,,
single_moving_actor_k1,488,0.001,train-mode backward before optimizer step,64.94773831017037,1.8720037813549784,0.0,1.5190443992614746,1.3485406637191772,,,,
single_moving_actor_k1,489,0.001,train-mode backward before optimizer step,63.76086449162286,1.620752830157765,0.0,1.500983476638794,1.189734935760498,,,,
single_moving_actor_k1,490,0.001,train-mode backward before optimizer step,65.1114008956058,1.5622334977133112,0.0,1.5381083488464355,1.2578524351119995,12.343865394592285,3.8426387310028076,12.952940940856934,49.5347785949707
single_moving_actor_k1,491,0.001,train-mode backward before optimizer step,67.55198461023713,2.296508442174491,0.0,1.5438408851623535,1.7841233015060425,,,,
single_moving_actor_k1,492,0.001,train-mode backward before optimizer step,65.03229680213055,1.7887551566574866,0.0,1.5194239616394043,1.403895616531372,,,,
single_moving_actor_k1,493,0.001,train-mode backward before optimizer step,67.78077947314613,2.1230260059346944,0.0,1.558211326599121,1.6899011135101318,,,,
single_moving_actor_k1,494,0.001,train-mode backward before optimizer step,68.23557660400267,1.9418109627415203,0.0,1.5571091175079346,1.3201117515563965,,,,
single_moving_actor_k1,495,0.001,train-mode backward before optimizer step,65.67253896560533,1.6545168029841688,0.0,1.5380752086639404,1.013412594795227,,,,
single_moving_actor_k1,496,0.001,train-mode backward before optimizer step,66.13093841807851,1.5135006416704726,0.0,1.5107152462005615,1.1001429557800293,,,,
single_moving_actor_k1,497,0.001,train-mode backward before optimizer step,62.91290274632056,1.5481994456628165,0.0,1.4893012046813965,0.9439668655395508,,,,
single_moving_actor_k1,498,0.001,train-mode backward before optimizer step,64.76553998576757,1.9694739950500129,0.0,1.4858951568603516,1.3574376106262207,,,,
single_moving_actor_k1,499,0.001,train-mode backward before optimizer step,62.48005359826611,1.8834899648667407,0.0,1.4417937994003296,1.1232609748840332,,,,
single_moving_actor_k1,500,0.001,train-mode backward before optimizer step,60.38893033492859,1.7751235626455217,0.0,1.453329086303711,0.9884127378463745,12.405991554260254,3.857928991317749,13.013595581054688,49.5347785949707
single_moving_actor_fixed_scale,1,0.001,train-mode backward before optimizer step,1.9165963296540813,0.0,0.0,0.0416666679084301,0.0,1.5443110466003418,1.0,1.0,49.5347785949707
single_moving_actor_fixed_scale,2,0.001,train-mode backward before optimizer step,1.925810507021446,0.0,0.0,0.0416666679084301,0.0,,,,
single_moving_actor_fixed_scale,3,0.001,train-mode backward before optimizer step,1.8720714120323676,0.0,0.0,0.0416666679084301,0.0,,,,
single_moving_actor_fixed_scale,4,0.001,train-mode backward before optimizer step,1.9215059131555772,0.0,0.0,0.0416666679084301,0.0,,,,
single_moving_actor_fixed_scale,5,0.001,train-mode backward before optimizer step,1.994665678748981,0.0,0.0,0.0416666679084301,0.0,,,,
single_moving_actor_fixed_scale,6,0.001,train-mode backward before optimizer step,1.6875444885685378,0.0,0.0,0.0416666679084301,0.0,,,,
single_moving_actor_fixed_scale,7,0.001,train-mode backward before optimizer step,1.6836761027586726,0.0,0.0,0.0416666679084301,0.0,,,,
single_moving_actor_fixed_scale,8,0.001,train-mode backward before optimizer step,1.6758653169778681,0.0,0.0,0.0416666679084301,0.0,,,,
single_moving_actor_fixed_scale,9,0.001,train-mode backward before optimizer step,2.1481316023260413,0.0,0.0,0.0416666679084301,0.0,,,,
single_moving_actor_fixed_scale,10,0.001,train-mode backward before optimizer step,1.8106432493312212,0.0,0.0,0.0416666679084301,0.0,2.44313645362854,1.0,1.0,49.5347785949707
single_moving_actor_fixed_scale,11,0.001,train-mode backward before optimizer step,1.826063425396698,0.0,0.0,0.0416666679084301,0.0,,,,
single_moving_actor_fixed_scale,12,0.001,train-mode backward before optimizer step,1.6989129416788016,0.0,0.0,0.0416666679084301,0.0,,,,
single_moving_actor_fixed_scale,13,0.001,train-mode backward before optimizer step,1.8699474743523519,0.0,0.0,0.0416666679084301,0.0,,,,
single_moving_actor_fixed_scale,14,0.001,train-mode backward before optimizer step,1.6651857876581133,0.0,0.0,0.0416666679084301,0.0,,,,
single_moving_actor_fixed_scale,15,0.001,train-mode backward before optimizer step,1.89464101498541,0.0,0.0,0.0416666679084301,0.0,,,,
single_moving_actor_fixed_scale,16,0.001,train-mode backward before optimizer step,1.7407134920412553,0.0,0.0,0.0416666679084301,0.0,,,,
single_moving_actor_fixed_scale,17,0.001,train-mode backward before optimizer step,1.8978378937313052,0.0,0.0,0.0416666679084301,0.0,,,,
single_moving_actor_fixed_scale,18,0.001,train-mode backward before optimizer step,2.0729380992242237,0.0,0.0,0.0416666679084301,0.0,,,,
single_moving_actor_fixed_scale,19,0.001,train-mode backward before optimizer step,1.761408622807603,0.0,0.0,0.0416666679084301,0.0,,,,
single_moving_actor_fixed_scale,20,0.001,train-mode backward before optimizer step,1.771847176037174,0.0,0.0,0.0416666679084301,0.0,3.155872106552124,1.0,1.0,49.5347785949707
single_moving_actor_fixed_scale,21,0.001,train-mode backward before optimizer step,1.7137140231345456,0.0,0.0,0.0416666679084301,0.0,,,,
single_moving_actor_fixed_scale,22,0.001,train-mode backward before optimizer step,1.9598641104623222,0.0,0.0,0.0416666679084301,0.0,,,,
single_moving_actor_fixed_scale,23,0.001,train-mode backward before optimizer step,1.702465865301199,0.0,0.0,0.0416666679084301,0.0,,,,
single_moving_actor_fixed_scale,24,0.001,train-mode backward before optimizer step,1.7251559799414455,0.0,0.0,0.0416666679084301,0.0,,,,
single_moving_actor_fixed_scale,25,0.001,train-mode backward before optimizer step,1.7914427047651857,0.0,0.0,0.0416666679084301,0.0,,,,
single_moving_actor_fixed_scale,26,0.001,train-mode backward before optimizer step,1.7499356326733786,0.0,0.0,0.0416666679084301,0.0,,,,
single_moving_actor_fixed_scale,27,0.001,train-mode backward before optimizer step,1.6908991564633864,0.0,0.0,0.0416666679084301,0.0,,,,
single_moving_actor_fixed_scale,28,0.001,train-mode backward before optimizer step,1.6801369931151122,0.0,0.0,0.0416666679084301,0.0,,,,
single_moving_actor_fixed_scale,29,0.001,train-mode backward before optimizer step,1.7445640372323594,0.0,0.0,0.0416666679084301,0.0,,,,
single_moving_actor_fixed_scale,30,0.001,train-mode backward before optimizer step,1.7742457015974555,0.0,0.0,0.0416666679084301,0.0,3.8028886318206787,1.0,1.0,49.5347785949707
single_moving_actor_fixed_scale,31,0.001,train-mode backward before optimizer step,1.8310612147199423,0.0,0.0,0.0416666679084301,0.0,,,,
single_moving_actor_fixed_scale,32,0.001,train-mode backward before optimizer step,1.7859843687181187,0.0,0.0,0.0416666679084301,0.0,,,,
single_moving_actor_fixed_scale,33,0.001,train-mode backward before optimizer step,1.9294042349072202,0.0,0.0,0.0416666679084301,0.0,,,,
single_moving_actor_fixed_scale,34,0.001,train-mode backward before optimizer step,1.8481559213876615,0.0,0.0,0.0416666679084301,0.0,,,,
single_moving_actor_fixed_scale,35,0.001,train-mode backward before optimizer step,1.7373942815908012,0.0,0.0,0.0416666679084301,0.0,,,,
single_moving_actor_fixed_scale,36,0.001,train-mode backward before optimizer step,1.8719971288257788,0.0,0.0,0.0416666679084301,0.0,,,,
single_moving_actor_fixed_scale,37,0.001,train-mode backward before optimizer step,1.844172853824433,0.0,0.0,0.0416666679084301,0.0,,,,
single_moving_actor_fixed_scale,38,0.001,train-mode backward before optimizer step,1.8050366695180446,0.0,0.0,0.0416666679084301,0.0,,,,
single_moving_actor_fixed_scale,39,0.001,train-mode backward before optimizer step,1.9162235687188802,0.0,0.0,0.0416666679084301,0.0,,,,
single_moving_actor_fixed_scale,40,0.001,train-mode backward before optimizer step,1.767917570288365,0.0,0.0,0.0416666679084301,0.0,4.164635181427002,1.0,1.0,49.5347785949707
single_moving_actor_fixed_scale,41,0.001,train-mode backward before optimizer step,1.7840183610677511,0.0,0.0,0.0416666679084301,0.0,,,,
single_moving_actor_fixed_scale,42,0.001,train-mode backward before optimizer step,1.767815395134425,0.0,0.0,0.0416666679084301,0.0,,,,
single_moving_actor_fixed_scale,43,0.001,train-mode backward before optimizer step,1.8038212586452929,0.0,0.0,0.0416666679084301,0.0,,,,
single_moving_actor_fixed_scale,44,0.001,train-mode backward before optimizer step,1.7757256630128895,0.0,0.0,0.0416666679084301,0.0,,,,
single_moving_actor_fixed_scale,45,0.001,train-mode backward before optimizer step,1.8405008169297998,0.0,0.0,0.0416666679084301,0.0,,,,
single_moving_actor_fixed_scale,46,0.001,train-mode backward before optimizer step,1.7648851056501058,0.0,0.0,0.0416666679084301,0.0,,,,
single_moving_actor_fixed_scale,47,0.001,train-mode backward before optimizer step,1.7983909756121224,0.0,0.0,0.0416666679084301,0.0,,,,
single_moving_actor_fixed_scale,48,0.001,train-mode backward before optimizer step,1.753600052031563,0.0,0.0,0.0416666679084301,0.0,,,,
single_moving_actor_fixed_scale,49,0.001,train-mode backward before optimizer step,1.8010338038758045,0.0,0.0,0.0416666679084301,0.0,,,,
single_moving_actor_fixed_scale,50,0.001,train-mode backward before optimizer step,1.914346360586036,0.0,0.0,0.0416666679084301,0.0,4.569318771362305,1.0,1.0,49.5347785949707
single_moving_actor_fixed_scale,51,0.001,train-mode backward before optimizer step,1.7694057816029634,0.0,0.0,0.0416666679084301,0.0,,,,
single_moving_actor_fixed_scale,52,0.001,train-mode backward before optimizer step,1.8863105266088764,0.0,0.0,0.0416666679084301,0.0,,,,
single_moving_actor_fixed_scale,53,0.001,train-mode backward before optimizer step,1.8253528534475547,0.0,0.0,0.0416666679084301,0.0,,,,
single_moving_actor_fixed_scale,54,0.001,train-mode backward before optimizer step,1.8272902116305763,0.0,0.0,0.0416666679084301,0.0,,,,
single_moving_actor_fixed_scale,55,0.001,train-mode backward before optimizer step,1.8453270336220575,0.0,0.0,0.0416666679084301,0.0,,,,
single_moving_actor_fixed_scale,56,0.001,train-mode backward before optimizer step,1.845731723039784,0.0,0.0,0.0416666679084301,0.0,,,,
single_moving_actor_fixed_scale,57,0.001,train-mode backward before optimizer step,1.7712542616906908,0.0,0.0,0.0416666679084301,0.0,,,,
single_moving_actor_fixed_scale,58,0.001,train-mode backward before optimizer step,1.8345844553572137,0.0,0.0,0.0416666679084301,0.0,,,,
single_moving_actor_fixed_scale,59,0.001,train-mode backward before optimizer step,1.8905430398845657,0.0,0.0,0.0416666679084301,0.0,,,,
single_moving_actor_fixed_scale,60,0.001,train-mode backward before optimizer step,1.873035928957844,0.0,0.0,0.0416666679084301,0.0,5.00528621673584,1.0,1.0,49.5347785949707
single_moving_actor_fixed_scale,61,0.001,train-mode backward before optimizer step,1.8564640984236436,0.0,0.0,0.0416666679084301,0.0,,,,
single_moving_actor_fixed_scale,62,0.001,train-mode backward before optimizer step,1.9063458349670797,0.0,0.0,0.0416666679084301,0.0,,,,
single_moving_actor_fixed_scale,63,0.001,train-mode backward before optimizer step,1.8171649060436845,0.0,0.0,0.0416666679084301,0.0,,,,
single_moving_actor_fixed_scale,64,0.001,train-mode backward before optimizer step,1.7773940151963734,0.0,0.0,0.0416666679084301,0.0,,,,
single_moving_actor_fixed_scale,65,0.001,train-mode backward before optimizer step,1.7261995033983082,0.0,0.0,0.0416666679084301,0.0,,,,
single_moving_actor_fixed_scale,66,0.001,train-mode backward before optimizer step,1.9590591465027594,0.0,0.0,0.0416666679084301,0.0,,,,
single_moving_actor_fixed_scale,67,0.001,train-mode backward before optimizer step,1.9165045798931257,0.0,0.0,0.0416666679084301,0.0,,,,
single_moving_actor_fixed_scale,68,0.001,train-mode backward before optimizer step,1.9443096867493368,0.0,0.0,0.0416666679084301,0.0,,,,
single_moving_actor_fixed_scale,69,0.001,train-mode backward before optimizer step,1.9105287146139094,0.0,0.0,0.0416666679084301,0.0,,,,
single_moving_actor_fixed_scale,70,0.001,train-mode backward before optimizer step,1.8828340087339168,0.0,0.0,0.0416666679084301,0.0,5.427613735198975,1.0,1.0,49.5347785949707
single_moving_actor_fixed_scale,71,0.001,train-mode backward before optimizer step,1.93230840100166,0.0,0.0,0.0416666679084301,0.0,,,,
single_moving_actor_fixed_scale,72,0.001,train-mode backward before optimizer step,1.9352790565200881,0.0,0.0,0.0416666679084301,0.0,,,,
single_moving_actor_fixed_scale,73,0.001,train-mode backward before optimizer step,1.9366307637407865,0.0,0.0,0.0416666679084301,0.0,,,,
single_moving_actor_fixed_scale,74,0.001,train-mode backward before optimizer step,1.936428154944768,0.0,0.0,0.0416666679084301,0.0,,,,
single_moving_actor_fixed_scale,75,0.001,train-mode backward before optimizer step,1.8747235614490605,0.0,0.0,0.0416666679084301,0.0,,,,
single_moving_actor_fixed_scale,76,0.001,train-mode backward before optimizer step,1.8334402653558317,0.0,0.0,0.0416666679084301,0.0,,,,
single_moving_actor_fixed_scale,77,0.001,train-mode backward before optimizer step,1.9217090446984808,0.0,0.0,0.0416666679084301,0.0,,,,
single_moving_actor_fixed_scale,78,0.001,train-mode backward before optimizer step,1.9248231050904856,0.0,0.0,0.0416666679084301,0.0,,,,
single_moving_actor_fixed_scale,79,0.001,train-mode backward before optimizer step,1.9137080996808573,0.0,0.0,0.0416666679084301,0.0,,,,
single_moving_actor_fixed_scale,80,0.001,train-mode backward before optimizer step,1.8474605869287086,0.0,0.0,0.0416666679084301,0.0,5.816494941711426,1.0,1.0,49.5347785949707
single_moving_actor_fixed_scale,81,0.001,train-mode backward before optimizer step,1.8430911142267075,0.0,0.0,0.0416666679084301,0.0,,,,
single_moving_actor_fixed_scale,82,0.001,train-mode backward before optimizer step,1.8567901772863173,0.0,0.0,0.0416666679084301,0.0,,,,
single_moving_actor_fixed_scale,83,0.001,train-mode backward before optimizer step,1.8900155637650575,0.0,0.0,0.0416666679084301,0.0,,,,
single_moving_actor_fixed_scale,84,0.001,train-mode backward before optimizer step,1.8133742746919383,0.0,0.0,0.0416666679084301,0.0,,,,
single_moving_actor_fixed_scale,85,0.001,train-mode backward before optimizer step,1.9665817975067714,0.0,0.0,0.0416666679084301,0.0,,,,
single_moving_actor_fixed_scale,86,0.001,train-mode backward before optimizer step,2.0867822298152547,0.0,0.0,0.0416666679084301,0.0,,,,
single_moving_actor_fixed_scale,87,0.001,train-mode backward before optimizer step,2.017276472984736,0.0,0.0,0.0416666679084301,0.0,,,,
single_moving_actor_fixed_scale,88,0.001,train-mode backward before optimizer step,2.0434239349295082,0.0,0.0,0.0416666679084301,0.0,,,,
single_moving_actor_fixed_scale,89,0.001,train-mode backward before optimizer step,1.941488475019961,0.0,0.0,0.0416666679084301,0.0,,,,
single_moving_actor_fixed_scale,90,0.001,train-mode backward before optimizer step,2.0558695786432044,0.0,0.0,0.0416666679084301,0.0,6.335083961486816,1.0,1.0,49.5347785949707
single_moving_actor_fixed_scale,91,0.001,train-mode backward before optimizer step,1.9700786912813855,0.0,0.0,0.0416666679084301,0.0,,,,
single_moving_actor_fixed_scale,92,0.001,train-mode backward before optimizer step,1.9500385552253032,0.0,0.0,0.0416666679084301,0.0,,,,
single_moving_actor_fixed_scale,93,0.001,train-mode backward before optimizer step,2.0584542590769574,0.0,0.0,0.0416666679084301,0.0,,,,
single_moving_actor_fixed_scale,94,0.001,train-mode backward before optimizer step,2.0126935790695915,0.0,0.0,0.0416666679084301,0.0,,,,
single_moving_actor_fixed_scale,95,0.001,train-mode backward before optimizer step,1.9856710371196125,0.0,0.0,0.0416666679084301,0.0,,,,
single_moving_actor_fixed_scale,96,0.001,train-mode backward before optimizer step,1.9417148224104535,0.0,0.0,0.0416666679084301,0.0,,,,
single_moving_actor_fixed_scale,97,0.001,train-mode backward before optimizer step,1.958689698313369,0.0,0.0,0.0416666679084301,0.0,,,,
single_moving_actor_fixed_scale,98,0.001,train-mode backward before optimizer step,2.0147736516270243,0.0,0.0,0.0416666679084301,0.0,,,,
single_moving_actor_fixed_scale,99,0.001,train-mode backward before optimizer step,2.0231769845001275,0.0,0.0,0.0416666679084301,0.0,,,,
single_moving_actor_fixed_scale,100,0.001,train-mode backward before optimizer step,2.0152279949190324,0.0,0.0,0.0416666679084301,0.0,6.877100944519043,1.0,1.0,49.5347785949707
single_moving_actor_fixed_scale,101,0.001,train-mode backward before optimizer step,2.0524466729816915,0.0,0.0,0.0416666679084301,0.0,,,,
single_moving_actor_fixed_scale,102,0.001,train-mode backward before optimizer step,2.014829006155655,0.0,0.0,0.0416666679084301,0.0,,,,
single_moving_actor_fixed_scale,103,0.001,train-mode backward before optimizer step,2.019298041977008,0.0,0.0,0.0416666679084301,0.0,,,,
single_moving_actor_fixed_scale,104,0.001,train-mode backward before optimizer step,1.9866445580661853,0.0,0.0,0.0416666679084301,0.0,,,,
single_moving_actor_fixed_scale,105,0.001,train-mode backward before optimizer step,1.9581726581371046,0.0,0.0,0.0416666679084301,0.0,,,,
single_moving_actor_fixed_scale,106,0.001,train-mode backward before optimizer step,1.9864215488143904,0.0,0.0,0.0416666679084301,0.0,,,,
single_moving_actor_fixed_scale,107,0.001,train-mode backward before optimizer step,2.0001402582136185,0.0,0.0,0.0416666679084301,0.0,,,,
single_moving_actor_fixed_scale,108,0.001,train-mode backward before optimizer step,1.9655320809141632,0.0,0.0,0.0416666679084301,0.0,,,,
single_moving_actor_fixed_scale,109,0.001,train-mode backward before optimizer step,2.0227636726072546,0.0,0.0,0.0416666679084301,0.0,,,,
single_moving_actor_fixed_scale,110,0.001,train-mode backward before optimizer step,2.083614584091408,0.0,0.0,0.0416666679084301,0.0,7.3193159103393555,1.0,1.0,49.5347785949707
single_moving_actor_fixed_scale,111,0.001,train-mode backward before optimizer step,2.057736590956424,0.0,0.0,0.0416666679084301,0.0,,,,
single_moving_actor_fixed_scale,112,0.001,train-mode backward before optimizer step,1.9879021743376113,0.0,0.0,0.0416666679084301,0.0,,,,
single_moving_actor_fixed_scale,113,0.001,train-mode backward before optimizer step,2.029832670335651,0.0,0.0,0.0416666679084301,0.0,,,,
single_moving_actor_fixed_scale,114,0.001,train-mode backward before optimizer step,1.9653377170216306,0.0,0.0,0.0416666679084301,0.0,,,,
single_moving_actor_fixed_scale,115,0.001,train-mode backward before optimizer step,2.0458525699803927,0.0,0.0,0.0416666679084301,0.0,,,,
single_moving_actor_fixed_scale,116,0.001,train-mode backward before optimizer step,2.003244337708444,0.0,0.0,0.0416666679084301,0.0,,,,
single_moving_actor_fixed_scale,117,0.001,train-mode backward before optimizer step,1.9459660334150617,0.0,0.0,0.0416666679084301,0.0,,,,
single_moving_actor_fixed_scale,118,0.001,train-mode backward before optimizer step,2.0263738662923236,0.0,0.0,0.0416666679084301,0.0,,,,
single_moving_actor_fixed_scale,119,0.001,train-mode backward before optimizer step,2.0400351991273844,0.0,0.0,0.0416666679084301,0.0,,,,
single_moving_actor_fixed_scale,120,0.001,train-mode backward before optimizer step,2.0465901994037012,0.0,0.0,0.0416666679084301,0.0,7.820003986358643,1.0,1.0,49.5347785949707
single_moving_actor_fixed_scale,121,0.001,train-mode backward before optimizer step,2.0950029554955063,0.0,0.0,0.0416666679084301,0.0,,,,
single_moving_actor_fixed_scale,122,0.001,train-mode backward before optimizer step,2.056957765394257,0.0,0.0,0.0416666679084301,0.0,,,,
single_moving_actor_fixed_scale,123,0.001,train-mode backward before optimizer step,2.209790220186143,0.0,0.0,0.0416666679084301,0.0,,,,
single_moving_actor_fixed_scale,124,0.001,train-mode backward before optimizer step,1.9977526432345327,0.0,0.0,0.0416666679084301,0.0,,,,
single_moving_actor_fixed_scale,125,0.001,train-mode backward before optimizer step,2.1790716165841952,0.0,0.0,0.0416666679084301,0.0,,,,
single_moving_actor_fixed_scale,126,0.001,train-mode backward before optimizer step,2.0959435743324475,0.0,0.0,0.0416666679084301,0.0,,,,
single_moving_actor_fixed_scale,127,0.001,train-mode backward before optimizer step,2.1671550396246175,0.0,0.0,0.0416666679084301,0.0,,,,
single_moving_actor_fixed_scale,128,0.001,train-mode backward before optimizer step,2.1985552661567773,0.0,0.0,0.0416666679084301,0.0,,,,
single_moving_actor_fixed_scale,129,0.001,train-mode backward before optimizer step,2.0519095703596864,0.0,0.0,0.0416666679084301,0.0,,,,
single_moving_actor_fixed_scale,130,0.001,train-mode backward before optimizer step,2.1485466922992322,0.0,0.0,0.0416666679084301,0.0,8.339960098266602,1.0,1.0,49.5347785949707
single_moving_actor_fixed_scale,131,0.001,train-mode backward before optimizer step,2.1812193887475493,0.0,0.0,0.0416666679084301,0.0,,,,
single_moving_actor_fixed_scale,132,0.001,train-mode backward before optimizer step,2.193960851718288,0.0,0.0,0.0416666679084301,0.0,,,,
single_moving_actor_fixed_scale,133,0.001,train-mode backward before optimizer step,2.150390750508642,0.0,0.0,0.0416666679084301,0.0,,,,
single_moving_actor_fixed_scale,134,0.001,train-mode backward before optimizer step,2.0523245340339744,0.0,0.0,0.0416666679084301,0.0,,,,
single_moving_actor_fixed_scale,135,0.001,train-mode backward before optimizer step,2.091358018815712,0.0,0.0,0.0416666679084301,0.0,,,,
single_moving_actor_fixed_scale,136,0.001,train-mode backward before optimizer step,2.084568838033685,0.0,0.0,0.0416666679084301,0.0,,,,
single_moving_actor_fixed_scale,137,0.001,train-mode backward before optimizer step,2.2074300745179087,0.0,0.0,0.0416666679084301,0.0,,,,
single_moving_actor_fixed_scale,138,0.001,train-mode backward before optimizer step,2.152419130101105,0.0,0.0,0.0416666679084301,0.0,,,,
single_moving_actor_fixed_scale,139,0.001,train-mode backward before optimizer step,2.0787416172930793,0.0,0.0,0.0416666679084301,0.0,,,,
single_moving_actor_fixed_scale,140,0.001,train-mode backward before optimizer step,2.1360199924113425,0.0,0.0,0.0416666679084301,0.0,8.896224975585938,1.0,1.0,49.5347785949707
single_moving_actor_fixed_scale,141,0.001,train-mode backward before optimizer step,2.170523713108554,0.0,0.0,0.0416666679084301,0.0,,,,
single_moving_actor_fixed_scale,142,0.001,train-mode backward before optimizer step,2.1808155263009987,0.0,0.0,0.0416666679084301,0.0,,,,
single_moving_actor_fixed_scale,143,0.001,train-mode backward before optimizer step,2.208781540508603,0.0,0.0,0.0416666679084301,0.0,,,,
single_moving_actor_fixed_scale,144,0.001,train-mode backward before optimizer step,2.1900246493111624,0.0,0.0,0.0416666679084301,0.0,,,,
single_moving_actor_fixed_scale,145,0.001,train-mode backward before optimizer step,2.2182225926390906,0.0,0.0,0.0416666679084301,0.0,,,,
single_moving_actor_fixed_scale,146,0.001,train-mode backward before optimizer step,2.1108970261766067,0.0,0.0,0.0416666679084301,0.0,,,,
single_moving_actor_fixed_scale,147,0.001,train-mode backward before optimizer step,2.0968267718161897,0.0,0.0,0.0416666679084301,0.0,,,,
single_moving_actor_fixed_scale,148,0.001,train-mode backward before optimizer step,2.192644792875409,0.0,0.0,0.0416666679084301,0.0,,,,
single_moving_actor_fixed_scale,149,0.001,train-mode backward before optimizer step,2.207938001321374,0.0,0.0,0.0416666679084301,0.0,,,,
single_moving_actor_fixed_scale,150,0.001,train-mode backward before optimizer step,2.1776528573529874,0.0,0.0,0.0416666679084301,0.0,9.443883895874023,1.0,1.0,49.5347785949707
single_moving_actor_fixed_scale,151,0.001,train-mode backward before optimizer step,2.129442056273039,0.0,0.0,0.0416666679084301,0.0,,,,
single_moving_actor_fixed_scale,152,0.001,train-mode backward before optimizer step,2.1746473405848246,0.0,0.0,0.0416666679084301,0.0,,,,
single_moving_actor_fixed_scale,153,0.001,train-mode backward before optimizer step,2.199242626932514,0.0,0.0,0.0416666679084301,0.0,,,,
single_moving_actor_fixed_scale,154,0.001,train-mode backward before optimizer step,2.144168686716066,0.0,0.0,0.0416666679084301,0.0,,,,
single_moving_actor_fixed_scale,155,0.001,train-mode backward before optimizer step,2.2208820495019084,0.0,0.0,0.0416666679084301,0.0,,,,
single_moving_actor_fixed_scale,156,0.001,train-mode backward before optimizer step,2.4146661336125486,0.0,0.0,0.0416666679084301,0.0,,,,
single_moving_actor_fixed_scale,157,0.001,train-mode backward before optimizer step,2.1412916349600897,0.0,0.0,0.0416666679084301,0.0,,,,
single_moving_actor_fixed_scale,158,0.001,train-mode backward before optimizer step,2.133410040054652,0.0,0.0,0.0416666679084301,0.0,,,,
single_moving_actor_fixed_scale,159,0.001,train-mode backward before optimizer step,2.172143870944426,0.0,0.0,0.0416666679084301,0.0,,,,
single_moving_actor_fixed_scale,160,0.001,train-mode backward before optimizer step,2.2371910286130086,0.0,0.0,0.0416666679084301,0.0,10.069828033447266,1.0,1.0,49.5347785949707
single_moving_actor_fixed_scale,161,0.001,train-mode backward before optimizer step,2.2284553985109423,0.0,0.0,0.0416666679084301,0.0,,,,
single_moving_actor_fixed_scale,162,0.001,train-mode backward before optimizer step,2.200146804191348,0.0,0.0,0.0416666679084301,0.0,,,,
single_moving_actor_fixed_scale,163,0.001,train-mode backward before optimizer step,2.228159218376244,0.0,0.0,0.0416666679084301,0.0,,,,
single_moving_actor_fixed_scale,164,0.001,train-mode backward before optimizer step,2.1579855584185004,0.0,0.0,0.0416666679084301,0.0,,,,
single_moving_actor_fixed_scale,165,0.001,train-mode backward before optimizer step,2.1903193142166737,0.0,0.0,0.0416666679084301,0.0,,,,
single_moving_actor_fixed_scale,166,0.001,train-mode backward before optimizer step,2.2320690060389246,0.0,0.0,0.0416666679084301,0.0,,,,
single_moving_actor_fixed_scale,167,0.001,train-mode backward before optimizer step,2.2187729160931204,0.0,0.0,0.0416666679084301,0.0,,,,
single_moving_actor_fixed_scale,168,0.001,train-mode backward before optimizer step,2.2579181506096,0.0,0.0,0.0416666679084301,0.0,,,,
single_moving_actor_fixed_scale,169,0.001,train-mode backward before optimizer step,2.32893769968595,0.0,0.0,0.0416666679084301,0.0,,,,
single_moving_actor_fixed_scale,170,0.001,train-mode backward before optimizer step,2.1947265091382158,0.0,0.0,0.0416666679084301,0.0,10.655790328979492,1.0,1.0,49.5347785949707
single_moving_actor_fixed_scale,171,0.001,train-mode backward before optimizer step,2.2591758412760328,0.0,0.0,0.0416666679084301,0.0,,,,
single_moving_actor_fixed_scale,172,0.001,train-mode backward before optimizer step,2.261805772723082,0.0,0.0,0.0416666679084301,0.0,,,,
single_moving_actor_fixed_scale,173,0.001,train-mode backward before optimizer step,2.2816716118332474,0.0,0.0,0.0416666679084301,0.0,,,,
single_moving_actor_fixed_scale,174,0.001,train-mode backward before optimizer step,2.29773981230118,0.0,0.0,0.0416666679084301,0.0,,,,
single_moving_actor_fixed_scale,175,0.001,train-mode backward before optimizer step,2.2324253564849452,0.0,0.0,0.0416666679084301,0.0,,,,
single_moving_actor_fixed_scale,176,0.001,train-mode backward before optimizer step,2.285841999391684,0.0,0.0,0.0416666679084301,0.0,,,,
single_moving_actor_fixed_scale,177,0.001,train-mode backward before optimizer step,2.268850041253551,0.0,0.0,0.0416666679084301,0.0,,,,
single_moving_actor_fixed_scale,178,0.001,train-mode backward before optimizer step,2.201877638922723,0.0,0.0,0.0416666679084301,0.0,,,,
single_moving_actor_fixed_scale,179,0.001,train-mode backward before optimizer step,2.2676291199360583,0.0,0.0,0.0416666679084301,0.0,,,,
single_moving_actor_fixed_scale,180,0.001,train-mode backward before optimizer step,2.3928296756897796,0.0,0.0,0.0416666679084301,0.0,11.247344970703125,1.0,1.0,49.5347785949707
single_moving_actor_fixed_scale,181,0.001,train-mode backward before optimizer step,2.3373227939226964,0.0,0.0,0.0416666679084301,0.0,,,,
single_moving_actor_fixed_scale,182,0.001,train-mode backward before optimizer step,2.286186002317129,0.0,0.0,0.0416666679084301,0.0,,,,
single_moving_actor_fixed_scale,183,0.001,train-mode backward before optimizer step,2.2730179948578666,0.0,0.0,0.0416666679084301,0.0,,,,
single_moving_actor_fixed_scale,184,0.001,train-mode backward before optimizer step,2.3486705274997965,0.0,0.0,0.0416666679084301,0.0,,,,
single_moving_actor_fixed_scale,185,0.001,train-mode backward before optimizer step,2.2699068185259748,0.0,0.0,0.0416666679084301,0.0,,,,
single_moving_actor_fixed_scale,186,0.001,train-mode backward before optimizer step,2.275524555856228,0.0,0.0,0.0416666679084301,0.0,,,,
single_moving_actor_fixed_scale,187,0.001,train-mode backward before optimizer step,2.2912384291827337,0.0,0.0,0.0416666679084301,0.0,,,,
single_moving_actor_fixed_scale,188,0.001,train-mode backward before optimizer step,2.3478504395435182,0.0,0.0,0.0416666679084301,0.0,,,,
single_moving_actor_fixed_scale,189,0.001,train-mode backward before optimizer step,2.3588440574461087,0.0,0.0,0.0416666679084301,0.0,,,,
single_moving_actor_fixed_scale,190,0.001,train-mode backward before optimizer step,2.2816480189113886,0.0,0.0,0.0416666679084301,0.0,11.885247230529785,1.0,1.0,49.5347785949707
single_moving_actor_fixed_scale,191,0.001,train-mode backward before optimizer step,2.3680302002089815,0.0,0.0,0.0416666679084301,0.0,,,,
single_moving_actor_fixed_scale,192,0.001,train-mode backward before optimizer step,2.2824591584070735,0.0,0.0,0.0416666679084301,0.0,,,,
single_moving_actor_fixed_scale,193,0.001,train-mode backward before optimizer step,2.2614781318549477,0.0,0.0,0.0416666679084301,0.0,,,,
single_moving_actor_fixed_scale,194,0.001,train-mode backward before optimizer step,2.2565210323731533,0.0,0.0,0.0416666679084301,0.0,,,,
single_moving_actor_fixed_scale,195,0.001,train-mode backward before optimizer step,2.339856953962929,0.0,0.0,0.0416666679084301,0.0,,,,
single_moving_actor_fixed_scale,196,0.001,train-mode backward before optimizer step,2.4030212247885654,0.0,0.0,0.0416666679084301,0.0,,,,
single_moving_actor_fixed_scale,197,0.001,train-mode backward before optimizer step,2.3187700964803435,0.0,0.0,0.0416666679084301,0.0,,,,
single_moving_actor_fixed_scale,198,0.001,train-mode backward before optimizer step,2.3704824267875884,0.0,0.0,0.0416666679084301,0.0,,,,
single_moving_actor_fixed_scale,199,0.001,train-mode backward before optimizer step,2.3156038936572565,0.0,0.0,0.0416666679084301,0.0,,,,
single_moving_actor_fixed_scale,200,0.001,train-mode backward before optimizer step,2.2724865295371637,0.0,0.0,0.0416666679084301,0.0,12.533987045288086,1.0,1.0,49.5347785949707
single_moving_actor_fixed_scale,201,0.001,train-mode backward before optimizer step,2.379049104967407,0.0,0.0,0.0416666679084301,0.0,,,,
single_moving_actor_fixed_scale,202,0.001,train-mode backward before optimizer step,2.3358484789441887,0.0,0.0,0.0416666679084301,0.0,,,,
single_moving_actor_fixed_scale,203,0.001,train-mode backward before optimizer step,2.2624761529251916,0.0,0.0,0.0416666679084301,0.0,,,,
single_moving_actor_fixed_scale,204,0.001,train-mode backward before optimizer step,2.353956340702837,0.0,0.0,0.0416666679084301,0.0,,,,
single_moving_actor_fixed_scale,205,0.001,train-mode backward before optimizer step,2.4522906593279536,0.0,0.0,0.0416666679084301,0.0,,,,
single_moving_actor_fixed_scale,206,0.001,train-mode backward before optimizer step,2.3331888641241565,0.0,0.0,0.0416666679084301,0.0,,,,
single_moving_actor_fixed_scale,207,0.001,train-mode backward before optimizer step,2.408984293177353,0.0,0.0,0.0416666679084301,0.0,,,,
single_moving_actor_fixed_scale,208,0.001,train-mode backward before optimizer step,2.4278335031394285,0.0,0.0,0.0416666679084301,0.0,,,,
single_moving_actor_fixed_scale,209,0.001,train-mode backward before optimizer step,2.371027877246883,0.0,0.0,0.0416666679084301,0.0,,,,
single_moving_actor_fixed_scale,210,0.001,train-mode backward before optimizer step,2.312327472631028,0.0,0.0,0.0416666679084301,0.0,13.225380897521973,1.0,1.0,49.5347785949707
single_moving_actor_fixed_scale,211,0.001,train-mode backward before optimizer step,2.3579116877493815,0.0,0.0,0.0416666679084301,0.0,,,,
single_moving_actor_fixed_scale,212,0.001,train-mode backward before optimizer step,2.311157401203409,0.0,0.0,0.0416666679084301,0.0,,,,
single_moving_actor_fixed_scale,213,0.001,train-mode backward before optimizer step,2.366947488018392,0.0,0.0,0.0416666679084301,0.0,,,,
single_moving_actor_fixed_scale,214,0.001,train-mode backward before optimizer step,2.385690483628703,0.0,0.0,0.0416666679084301,0.0,,,,
single_moving_actor_fixed_scale,215,0.001,train-mode backward before optimizer step,2.344665444768411,0.0,0.0,0.0416666679084301,0.0,,,,
single_moving_actor_fixed_scale,216,0.001,train-mode backward before optimizer step,2.478079809697707,0.0,0.0,0.0416666679084301,0.0,,,,
single_moving_actor_fixed_scale,217,0.001,train-mode backward before optimizer step,2.4486352157947833,0.0,0.0,0.0416666679084301,0.0,,,,
single_moving_actor_fixed_scale,218,0.001,train-mode backward before optimizer step,2.3143117173955527,0.0,0.0,0.0416666679084301,0.0,,,,
single_moving_actor_fixed_scale,219,0.001,train-mode backward before optimizer step,2.4163519573081342,0.0,0.0,0.0416666679084301,0.0,,,,
single_moving_actor_fixed_scale,220,0.001,train-mode backward before optimizer step,2.3745816732968996,0.0,0.0,0.0416666679084301,0.0,13.924664497375488,1.0,1.0,49.5347785949707
single_moving_actor_fixed_scale,221,0.001,train-mode backward before optimizer step,2.4432984020557376,0.0,0.0,0.0416666679084301,0.0,,,,
single_moving_actor_fixed_scale,222,0.001,train-mode backward before optimizer step,2.3617255964048622,0.0,0.0,0.0416666679084301,0.0,,,,
single_moving_actor_fixed_scale,223,0.001,train-mode backward before optimizer step,2.351826845977394,0.0,0.0,0.0416666679084301,0.0,,,,
single_moving_actor_fixed_scale,224,0.001,train-mode backward before optimizer step,2.4334800183185545,0.0,0.0,0.0416666679084301,0.0,,,,
single_moving_actor_fixed_scale,225,0.001,train-mode backward before optimizer step,2.29943387561494,0.0,0.0,0.0416666679084301,0.0,,,,
single_moving_actor_fixed_scale,226,0.001,train-mode backward before optimizer step,2.421756842856105,0.0,0.0,0.0416666679084301,0.0,,,,
single_moving_actor_fixed_scale,227,0.001,train-mode backward before optimizer step,2.4717534865765916,0.0,0.0,0.0416666679084301,0.0,,,,
single_moving_actor_fixed_scale,228,0.001,train-mode backward before optimizer step,2.5068007911272057,0.0,0.0,0.0416666679084301,0.0,,,,
single_moving_actor_fixed_scale,229,0.001,train-mode backward before optimizer step,2.4406118327989414,0.0,0.0,0.0416666679084301,0.0,,,,
single_moving_actor_fixed_scale,230,0.001,train-mode backward before optimizer step,2.4182954279964264,0.0,0.0,0.0416666679084301,0.0,14.655967712402344,1.0,1.0,49.5347785949707
single_moving_actor_fixed_scale,231,0.001,train-mode backward before optimizer step,2.3783654504500005,0.0,0.0,0.0416666679084301,0.0,,,,
single_moving_actor_fixed_scale,232,0.001,train-mode backward before optimizer step,2.426554232039562,0.0,0.0,0.0416666679084301,0.0,,,,
single_moving_actor_fixed_scale,233,0.001,train-mode backward before optimizer step,2.4310103949898885,0.0,0.0,0.0416666679084301,0.0,,,,
single_moving_actor_fixed_scale,234,0.001,train-mode backward before optimizer step,2.5573284070769673,0.0,0.0,0.0416666679084301,0.0,,,,
single_moving_actor_fixed_scale,235,0.001,train-mode backward before optimizer step,2.417321411972978,0.0,0.0,0.0416666679084301,0.0,,,,
single_moving_actor_fixed_scale,236,0.001,train-mode backward before optimizer step,2.4724705933062774,0.0,0.0,0.0416666679084301,0.0,,,,
single_moving_actor_fixed_scale,237,0.001,train-mode backward before optimizer step,2.510405016457986,0.0,0.0,0.0416666679084301,0.0,,,,
single_moving_actor_fixed_scale,238,0.001,train-mode backward before optimizer step,2.468025605399014,0.0,0.0,0.0416666679084301,0.0,,,,
single_moving_actor_fixed_scale,239,0.001,train-mode backward before optimizer step,2.3941385592630082,0.0,0.0,0.0416666679084301,0.0,,,,
single_moving_actor_fixed_scale,240,0.001,train-mode backward before optimizer step,2.4540281283032233,0.0,0.0,0.0416666679084301,0.0,15.379166603088379,1.0,1.0,49.5347785949707
single_moving_actor_fixed_scale,241,0.001,train-mode backward before optimizer step,2.4031565443091214,0.0,0.0,0.0416666679084301,0.0,,,,
single_moving_actor_fixed_scale,242,0.001,train-mode backward before optimizer step,2.3855507353439953,0.0,0.0,0.0416666679084301,0.0,,,,
single_moving_actor_fixed_scale,243,0.001,train-mode backward before optimizer step,2.409924917468058,0.0,0.0,0.0416666679084301,0.0,,,,
single_moving_actor_fixed_scale,244,0.001,train-mode backward before optimizer step,2.4481893330191795,0.0,0.0,0.0416666679084301,0.0,,,,
single_moving_actor_fixed_scale,245,0.001,train-mode backward before optimizer step,2.6165645383975265,0.0,0.0,0.0416666679084301,0.0,,,,
single_moving_actor_fixed_scale,246,0.001,train-mode backward before optimizer step,2.4964149991234508,0.0,0.0,0.0416666679084301,0.0,,,,
single_moving_actor_fixed_scale,247,0.001,train-mode backward before optimizer step,2.55531445543671,0.0,0.0,0.0416666679084301,0.0,,,,
single_moving_actor_fixed_scale,248,0.001,train-mode backward before optimizer step,2.398889368522253,0.0,0.0,0.0416666679084301,0.0,,,,
single_moving_actor_fixed_scale,249,0.001,train-mode backward before optimizer step,2.517114544521194,0.0,0.0,0.0416666679084301,0.0,,,,
single_moving_actor_fixed_scale,250,0.001,train-mode backward before optimizer step,2.4772494211040774,0.0,0.0,0.0416666679084301,0.0,16.14212417602539,1.0,1.0,49.5347785949707
single_moving_actor_fixed_scale,251,0.001,train-mode backward before optimizer step,2.4655391284538224,0.0,0.0,0.0416666679084301,0.0,,,,
single_moving_actor_fixed_scale,252,0.001,train-mode backward before optimizer step,2.4750728221325105,0.0,0.0,0.0416666679084301,0.0,,,,
single_moving_actor_fixed_scale,253,0.001,train-mode backward before optimizer step,2.6047093794765592,0.0,0.0,0.0416666679084301,0.0,,,,
single_moving_actor_fixed_scale,254,0.001,train-mode backward before optimizer step,2.6069883242860814,0.0,0.0,0.0416666679084301,0.0,,,,
single_moving_actor_fixed_scale,255,0.001,train-mode backward before optimizer step,2.5264578241475872,0.0,0.0,0.0416666679084301,0.0,,,,
single_moving_actor_fixed_scale,256,0.001,train-mode backward before optimizer step,2.452181885831225,0.0,0.0,0.0416666679084301,0.0,,,,
single_moving_actor_fixed_scale,257,0.001,train-mode backward before optimizer step,2.5975451275063346,0.0,0.0,0.0416666679084301,0.0,,,,
single_moving_actor_fixed_scale,258,0.001,train-mode backward before optimizer step,2.5132539206765334,0.0,0.0,0.0416666679084301,0.0,,,,
single_moving_actor_fixed_scale,259,0.001,train-mode backward before optimizer step,2.6485192622962437,0.0,0.0,0.0416666679084301,0.0,,,,
single_moving_actor_fixed_scale,260,0.001,train-mode backward before optimizer step,2.603881596623498,0.0,0.0,0.0416666679084301,0.0,16.95294189453125,1.0,1.0,49.5347785949707
single_moving_actor_fixed_scale,261,0.001,train-mode backward before optimizer step,2.5905728114748556,0.0,0.0,0.0416666679084301,0.0,,,,
single_moving_actor_fixed_scale,262,0.001,train-mode backward before optimizer step,2.5175883659544858,0.0,0.0,0.0416666679084301,0.0,,,,
single_moving_actor_fixed_scale,263,0.001,train-mode backward before optimizer step,2.669276941384578,0.0,0.0,0.0416666679084301,0.0,,,,
single_moving_actor_fixed_scale,264,0.001,train-mode backward before optimizer step,2.5599390352964675,0.0,0.0,0.0416666679084301,0.0,,,,
single_moving_actor_fixed_scale,265,0.001,train-mode backward before optimizer step,2.6693551944178457,0.0,0.0,0.0416666679084301,0.0,,,,
single_moving_actor_fixed_scale,266,0.001,train-mode backward before optimizer step,2.479492268359095,0.0,0.0,0.0416666679084301,0.0,,,,
single_moving_actor_fixed_scale,267,0.001,train-mode backward before optimizer step,2.5275359135279682,0.0,0.0,0.0416666679084301,0.0,,,,
single_moving_actor_fixed_scale,268,0.001,train-mode backward before optimizer step,2.5501434510677603,0.0,0.0,0.0416666679084301,0.0,,,,
single_moving_actor_fixed_scale,269,0.001,train-mode backward before optimizer step,2.657191870006553,0.0,0.0,0.0416666679084301,0.0,,,,
single_moving_actor_fixed_scale,270,0.001,train-mode backward before optimizer step,2.6386359840155196,0.0,0.0,0.0416666679084301,0.0,17.77412223815918,1.0,1.0,49.5347785949707
single_moving_actor_fixed_scale,271,0.001,train-mode backward before optimizer step,2.553850599155497,0.0,0.0,0.0416666679084301,0.0,,,,
single_moving_actor_fixed_scale,272,0.001,train-mode backward before optimizer step,2.5464694123952056,0.0,0.0,0.0416666679084301,0.0,,,,
single_moving_actor_fixed_scale,273,0.001,train-mode backward before optimizer step,2.4112330850823973,0.0,0.0,0.0416666679084301,0.0,,,,
single_moving_actor_fixed_scale,274,0.001,train-mode backward before optimizer step,2.616842865645177,0.0,0.0,0.0416666679084301,0.0,,,,
single_moving_actor_fixed_scale,275,0.001,train-mode backward before optimizer step,2.767295501095213,0.0,0.0,0.0416666679084301,0.0,,,,
single_moving_actor_fixed_scale,276,0.001,train-mode backward before optimizer step,2.6334382624323447,0.0,0.0,0.0416666679084301,0.0,,,,
single_moving_actor_fixed_scale,277,0.001,train-mode backward before optimizer step,2.5411538139814946,0.0,0.0,0.0416666679084301,0.0,,,,
single_moving_actor_fixed_scale,278,0.001,train-mode backward before optimizer step,2.532410855769953,0.0,0.0,0.0416666679084301,0.0,,,,
single_moving_actor_fixed_scale,279,0.001,train-mode backward before optimizer step,2.5198854256561556,0.0,0.0,0.0416666679084301,0.0,,,,
single_moving_actor_fixed_scale,280,0.001,train-mode backward before optimizer step,2.536734863064547,0.0,0.0,0.0416666679084301,0.0,18.55486488342285,1.0,1.0,49.5347785949707
single_moving_actor_fixed_scale,281,0.001,train-mode backward before optimizer step,2.4284816075214724,0.0,0.0,0.0416666679084301,0.0,,,,
single_moving_actor_fixed_scale,282,0.001,train-mode backward before optimizer step,2.5977747801356634,0.0,0.0,0.0416666679084301,0.0,,,,
single_moving_actor_fixed_scale,283,0.001,train-mode backward before optimizer step,2.667462511042337,0.0,0.0,0.0416666679084301,0.0,,,,
single_moving_actor_fixed_scale,284,0.001,train-mode backward before optimizer step,2.9425649038525297,0.0,0.0,0.0416666679084301,0.0,,,,
single_moving_actor_fixed_scale,285,0.001,train-mode backward before optimizer step,2.5775089203868156,0.0,0.0,0.0416666679084301,0.0,,,,
single_moving_actor_fixed_scale,286,0.001,train-mode backward before optimizer step,2.634082636265932,0.0,0.0,0.0416666679084301,0.0,,,,
single_moving_actor_fixed_scale,287,0.001,train-mode backward before optimizer step,2.6064746005717714,0.0,0.0,0.0416666679084301,0.0,,,,
single_moving_actor_fixed_scale,288,0.001,train-mode backward before optimizer step,2.602755853994922,0.0,0.0,0.0416666679084301,0.0,,,,
single_moving_actor_fixed_scale,289,0.001,train-mode backward before optimizer step,2.6237294087417253,0.0,0.0,0.0416666679084301,0.0,,,,
single_moving_actor_fixed_scale,290,0.001,train-mode backward before optimizer step,2.5336839506770965,0.0,0.0,0.0416666679084301,0.0,19.40988540649414,1.0,1.0,49.5347785949707
single_moving_actor_fixed_scale,291,0.001,train-mode backward before optimizer step,2.545431218553925,0.0,0.0,0.0416666679084301,0.0,,,,
single_moving_actor_fixed_scale,292,0.001,train-mode backward before optimizer step,2.6533198111793608,0.0,0.0,0.0416666679084301,0.0,,,,
single_moving_actor_fixed_scale,293,0.001,train-mode backward before optimizer step,2.618916639287273,0.0,0.0,0.0416666679084301,0.0,,,,
single_moving_actor_fixed_scale,294,0.001,train-mode backward before optimizer step,2.637026460834397,0.0,0.0,0.0416666679084301,0.0,,,,
single_moving_actor_fixed_scale,295,0.001,train-mode backward before optimizer step,2.6558005801043008,0.0,0.0,0.0416666679084301,0.0,,,,
single_moving_actor_fixed_scale,296,0.001,train-mode backward before optimizer step,2.70303303719771,0.0,0.0,0.0416666679084301,0.0,,,,
single_moving_actor_fixed_scale,297,0.001,train-mode backward before optimizer step,2.649782049814081,0.0,0.0,0.0416666679084301,0.0,,,,
single_moving_actor_fixed_scale,298,0.001,train-mode backward before optimizer step,2.5876066959545563,0.0,0.0,0.0416666679084301,0.0,,,,
single_moving_actor_fixed_scale,299,0.001,train-mode backward before optimizer step,2.570429497230882,0.0,0.0,0.0416666679084301,0.0,,,,
single_moving_actor_fixed_scale,300,0.001,train-mode backward before optimizer step,2.5505236823668205,0.0,0.0,0.0416666679084301,0.0,20.251375198364258,1.0,1.0,49.5347785949707
single_moving_actor_fixed_scale,301,0.001,train-mode backward before optimizer step,2.5682464172451547,0.0,0.0,0.0416666679084301,0.0,,,,
single_moving_actor_fixed_scale,302,0.001,train-mode backward before optimizer step,2.6128422465379133,0.0,0.0,0.0416666679084301,0.0,,,,
single_moving_actor_fixed_scale,303,0.001,train-mode backward before optimizer step,2.7217786598755103,0.0,0.0,0.0416666679084301,0.0,,,,
single_moving_actor_fixed_scale,304,0.001,train-mode backward before optimizer step,2.8457098450083307,0.0,0.0,0.0416666679084301,0.0,,,,
single_moving_actor_fixed_scale,305,0.001,train-mode backward before optimizer step,2.672289712920287,0.0,0.0,0.0416666679084301,0.0,,,,
single_moving_actor_fixed_scale,306,0.001,train-mode backward before optimizer step,2.64958221833803,0.0,0.0,0.0416666679084301,0.0,,,,
single_moving_actor_fixed_scale,307,0.001,train-mode backward before optimizer step,2.7387020931661237,0.0,0.0,0.0416666679084301,0.0,,,,
single_moving_actor_fixed_scale,308,0.001,train-mode backward before optimizer step,2.655246350994734,0.0,0.0,0.0416666679084301,0.0,,,,
single_moving_actor_fixed_scale,309,0.001,train-mode backward before optimizer step,2.5390098170107147,0.0,0.0,0.0416666679084301,0.0,,,,
single_moving_actor_fixed_scale,310,0.001,train-mode backward before optimizer step,2.6704688440188438,0.0,0.0,0.0416666679084301,0.0,21.138566970825195,1.0,1.0,49.5347785949707
single_moving_actor_fixed_scale,311,0.001,train-mode backward before optimizer step,2.744356729362114,0.0,0.0,0.0416666679084301,0.0,,,,
single_moving_actor_fixed_scale,312,0.001,train-mode backward before optimizer step,2.8133440133002843,0.0,0.0,0.0416666679084301,0.0,,,,
single_moving_actor_fixed_scale,313,0.001,train-mode backward before optimizer step,2.5856970386459213,0.0,0.0,0.0416666679084301,0.0,,,,
single_moving_actor_fixed_scale,314,0.001,train-mode backward before optimizer step,2.678508087484402,0.0,0.0,0.0416666679084301,0.0,,,,
single_moving_actor_fixed_scale,315,0.001,train-mode backward before optimizer step,2.654203630624615,0.0,0.0,0.0416666679084301,0.0,,,,
single_moving_actor_fixed_scale,316,0.001,train-mode backward before optimizer step,2.8562008314716065,0.0,0.0,0.0416666679084301,0.0,,,,
single_moving_actor_fixed_scale,317,0.001,train-mode backward before optimizer step,2.767546298913821,0.0,0.0,0.0416666679084301,0.0,,,,
single_moving_actor_fixed_scale,318,0.001,train-mode backward before optimizer step,2.8430753785971414,0.0,0.0,0.0416666679084301,0.0,,,,
single_moving_actor_fixed_scale,319,0.001,train-mode backward before optimizer step,2.7451399717182916,0.0,0.0,0.0416666679084301,0.0,,,,
single_moving_actor_fixed_scale,320,0.001,train-mode backward before optimizer step,2.765956788023148,0.0,0.0,0.0416666679084301,0.0,22.05994987487793,1.0,1.0,49.5347785949707
single_moving_actor_fixed_scale,321,0.001,train-mode backward before optimizer step,2.8167841225526504,0.0,0.0,0.0416666679084301,0.0,,,,
single_moving_actor_fixed_scale,322,0.001,train-mode backward before optimizer step,2.7121749417568517,0.0,0.0,0.0416666679084301,0.0,,,,
single_moving_actor_fixed_scale,323,0.001,train-mode backward before optimizer step,2.7250194288379688,0.0,0.0,0.0416666679084301,0.0,,,,
single_moving_actor_fixed_scale,324,0.001,train-mode backward before optimizer step,2.7624977318892907,0.0,0.0,0.0416666679084301,0.0,,,,
single_moving_actor_fixed_scale,325,0.001,train-mode backward before optimizer step,2.637832622817874,0.0,0.0,0.0416666679084301,0.0,,,,
single_moving_actor_fixed_scale,326,0.001,train-mode backward before optimizer step,2.6033351268662486,0.0,0.0,0.0416666679084301,0.0,,,,
single_moving_actor_fixed_scale,327,0.001,train-mode backward before optimizer step,2.6191506211839273,0.0,0.0,0.0416666679084301,0.0,,,,
single_moving_actor_fixed_scale,328,0.001,train-mode backward before optimizer step,2.653816878297824,0.0,0.0,0.0416666679084301,0.0,,,,
single_moving_actor_fixed_scale,329,0.001,train-mode backward before optimizer step,2.9894583658033675,0.0,0.0,0.0416666679084301,0.0,,,,
single_moving_actor_fixed_scale,330,0.001,train-mode backward before optimizer step,2.926785295717478,0.0,0.0,0.0416666679084301,0.0,23.038799285888672,1.0,1.0,49.5347785949707
single_moving_actor_fixed_scale,331,0.001,train-mode backward before optimizer step,2.6627313420445278,0.0,0.0,0.0416666679084301,0.0,,,,
single_moving_actor_fixed_scale,332,0.001,train-mode backward before optimizer step,2.7510455622508503,0.0,0.0,0.0416666679084301,0.0,,,,
single_moving_actor_fixed_scale,333,0.001,train-mode backward before optimizer step,2.6177830972442004,0.0,0.0,0.0416666679084301,0.0,,,,
single_moving_actor_fixed_scale,334,0.001,train-mode backward before optimizer step,2.728701581151352,0.0,0.0,0.0416666679084301,0.0,,,,
single_moving_actor_fixed_scale,335,0.001,train-mode backward before optimizer step,2.619349396182921,0.0,0.0,0.0416666679084301,0.0,,,,
single_moving_actor_fixed_scale,336,0.001,train-mode backward before optimizer step,2.62184430450177,0.0,0.0,0.0416666679084301,0.0,,,,
single_moving_actor_fixed_scale,337,0.001,train-mode backward before optimizer step,2.7186859784397193,0.0,0.0,0.0416666679084301,0.0,,,,
single_moving_actor_fixed_scale,338,0.001,train-mode backward before optimizer step,2.969774421127939,0.0,0.0,0.0416666679084301,0.0,,,,
single_moving_actor_fixed_scale,339,0.001,train-mode backward before optimizer step,2.8941616797868064,0.0,0.0,0.0416666679084301,0.0,,,,
single_moving_actor_fixed_scale,340,0.001,train-mode backward before optimizer step,2.9375545696310024,0.0,0.0,0.0416666679084301,0.0,24.015701293945312,1.0,1.0,49.5347785949707
single_moving_actor_fixed_scale,341,0.001,train-mode backward before optimizer step,2.7726349254263107,0.0,0.0,0.0416666679084301,0.0,,,,
single_moving_actor_fixed_scale,342,0.001,train-mode backward before optimizer step,2.6835936152223616,0.0,0.0,0.0416666679084301,0.0,,,,
single_moving_actor_fixed_scale,343,0.001,train-mode backward before optimizer step,2.715471651595671,0.0,0.0,0.0416666679084301,0.0,,,,
single_moving_actor_fixed_scale,344,0.001,train-mode backward before optimizer step,2.828058016962386,0.0,0.0,0.0416666679084301,0.0,,,,
single_moving_actor_fixed_scale,345,0.001,train-mode backward before optimizer step,2.649574550408235,0.0,0.0,0.0416666679084301,0.0,,,,
single_moving_actor_fixed_scale,346,0.001,train-mode backward before optimizer step,2.7532199851804418,0.0,0.0,0.0416666679084301,0.0,,,,
single_moving_actor_fixed_scale,347,0.001,train-mode backward before optimizer step,2.738318865175309,0.0,0.0,0.0416666679084301,0.0,,,,
single_moving_actor_fixed_scale,348,0.001,train-mode backward before optimizer step,2.8364227839653604,0.0,0.0,0.0416666679084301,0.0,,,,
single_moving_actor_fixed_scale,349,0.001,train-mode backward before optimizer step,2.9596554659369874,0.0,0.0,0.0416666679084301,0.0,,,,
single_moving_actor_fixed_scale,350,0.001,train-mode backward before optimizer step,2.852949875080585,0.0,0.0,0.0416666679084301,0.0,24.994577407836914,1.0,1.0,49.5347785949707
single_moving_actor_fixed_scale,351,0.001,train-mode backward before optimizer step,2.7827181295560073,0.0,0.0,0.0416666679084301,0.0,,,,
single_moving_actor_fixed_scale,352,0.001,train-mode backward before optimizer step,2.571234300376727,0.0,0.0,0.0416666679084301,0.0,,,,
single_moving_actor_fixed_scale,353,0.001,train-mode backward before optimizer step,2.768423084505082,0.0,0.0,0.0416666679084301,0.0,,,,
single_moving_actor_fixed_scale,354,0.001,train-mode backward before optimizer step,2.6781506509049584,0.0,0.0,0.0416666679084301,0.0,,,,
single_moving_actor_fixed_scale,355,0.001,train-mode backward before optimizer step,2.92749308605178,0.0,0.0,0.0416666679084301,0.0,,,,
single_moving_actor_fixed_scale,356,0.001,train-mode backward before optimizer step,2.879801750786801,0.0,0.0,0.0416666679084301,0.0,,,,
single_moving_actor_fixed_scale,357,0.001,train-mode backward before optimizer step,3.0813354063452025,0.0,0.0,0.0416666679084301,0.0,,,,
single_moving_actor_fixed_scale,358,0.001,train-mode backward before optimizer step,3.0910916505876007,0.0,0.0,0.0416666679084301,0.0,,,,
single_moving_actor_fixed_scale,359,0.001,train-mode backward before optimizer step,2.918675386243251,0.0,0.0,0.0416666679084301,0.0,,,,
single_moving_actor_fixed_scale,360,0.001,train-mode backward before optimizer step,2.7345981454029813,0.0,0.0,0.0416666679084301,0.0,25.973495483398438,1.0,1.0,49.5347785949707
single_moving_actor_fixed_scale,361,0.001,train-mode backward before optimizer step,2.7774421380211525,0.0,0.0,0.0416666679084301,0.0,,,,
single_moving_actor_fixed_scale,362,0.001,train-mode backward before optimizer step,2.720137080747286,0.0,0.0,0.0416666679084301,0.0,,,,
single_moving_actor_fixed_scale,363,0.001,train-mode backward before optimizer step,2.778065926959601,0.0,0.0,0.0416666679084301,0.0,,,,
single_moving_actor_fixed_scale,364,0.001,train-mode backward before optimizer step,2.8343299611509765,0.0,0.0,0.0416666679084301,0.0,,,,
single_moving_actor_fixed_scale,365,0.001,train-mode backward before optimizer step,2.744059970640438,0.0,0.0,0.0416666679084301,0.0,,,,
single_moving_actor_fixed_scale,366,0.001,train-mode backward before optimizer step,3.0710525375960898,0.0,0.0,0.0416666679084301,0.0,,,,
single_moving_actor_fixed_scale,367,0.001,train-mode backward before optimizer step,3.0331660660538056,0.0,0.0,0.0416666679084301,0.0,,,,
single_moving_actor_fixed_scale,368,0.001,train-mode backward before optimizer step,2.8718699950259983,0.0,0.0,0.0416666679084301,0.0,,,,
single_moving_actor_fixed_scale,369,0.001,train-mode backward before optimizer step,2.935795724442302,0.0,0.0,0.0416666679084301,0.0,,,,
single_moving_actor_fixed_scale,370,0.001,train-mode backward before optimizer step,2.719316400532211,0.0,0.0,0.0416666679084301,0.0,26.980022430419922,1.0,1.0,49.5347785949707
single_moving_actor_fixed_scale,371,0.001,train-mode backward before optimizer step,2.767412218721413,0.0,0.0,0.0416666679084301,0.0,,,,
single_moving_actor_fixed_scale,372,0.001,train-mode backward before optimizer step,2.8779278658926217,0.0,0.0,0.0416666679084301,0.0,,,,
single_moving_actor_fixed_scale,373,0.001,train-mode backward before optimizer step,2.8585835870214655,0.0,0.0,0.0416666679084301,0.0,,,,
single_moving_actor_fixed_scale,374,0.001,train-mode backward before optimizer step,2.841746078881895,0.0,0.0,0.0416666679084301,0.0,,,,
single_moving_actor_fixed_scale,375,0.001,train-mode backward before optimizer step,2.712054702761592,0.0,0.0,0.0416666679084301,0.0,,,,
single_moving_actor_fixed_scale,376,0.001,train-mode backward before optimizer step,2.7298037600735405,0.0,0.0,0.0416666679084301,0.0,,,,
single_moving_actor_fixed_scale,377,0.001,train-mode backward before optimizer step,2.8512955895159644,0.0,0.0,0.0416666679084301,0.0,,,,
single_moving_actor_fixed_scale,378,0.001,train-mode backward before optimizer step,2.8335087518179765,0.0,0.0,0.0416666679084301,0.0,,,,
single_moving_actor_fixed_scale,379,0.001,train-mode backward before optimizer step,2.8529009368860017,0.0,0.0,0.0416666679084301,0.0,,,,
single_moving_actor_fixed_scale,380,0.001,train-mode backward before optimizer step,2.951494677448706,0.0,0.0,0.0416666679084301,0.0,27.98002815246582,1.0,1.0,49.5347785949707
single_moving_actor_fixed_scale,381,0.001,train-mode backward before optimizer step,3.044881976648256,0.0,0.0,0.0416666679084301,0.0,,,,
single_moving_actor_fixed_scale,382,0.001,train-mode backward before optimizer step,2.998150552038817,0.0,0.0,0.0416666679084301,0.0,,,,
single_moving_actor_fixed_scale,383,0.001,train-mode backward before optimizer step,3.048184073511118,0.0,0.0,0.0416666679084301,0.0,,,,
single_moving_actor_fixed_scale,384,0.001,train-mode backward before optimizer step,2.982744409016543,0.0,0.0,0.0416666679084301,0.0,,,,
single_moving_actor_fixed_scale,385,0.001,train-mode backward before optimizer step,2.822001267274884,0.0,0.0,0.0416666679084301,0.0,,,,
single_moving_actor_fixed_scale,386,0.001,train-mode backward before optimizer step,2.8011785738891497,0.0,0.0,0.0416666679084301,0.0,,,,
single_moving_actor_fixed_scale,387,0.001,train-mode backward before optimizer step,2.915403000799431,0.0,0.0,0.0416666679084301,0.0,,,,
single_moving_actor_fixed_scale,388,0.001,train-mode backward before optimizer step,2.8339414537317533,0.0,0.0,0.0416666679084301,0.0,,,,
single_moving_actor_fixed_scale,389,0.001,train-mode backward before optimizer step,2.885303895290562,0.0,0.0,0.0416666679084301,0.0,,,,
single_moving_actor_fixed_scale,390,0.001,train-mode backward before optimizer step,2.8287368546356637,0.0,0.0,0.0416666679084301,0.0,29.025495529174805,1.0,1.0,49.5347785949707
single_moving_actor_fixed_scale,391,0.001,train-mode backward before optimizer step,2.8841184879362944,0.0,0.0,0.0416666679084301,0.0,,,,
single_moving_actor_fixed_scale,392,0.001,train-mode backward before optimizer step,2.90064349569289,0.0,0.0,0.0416666679084301,0.0,,,,
single_moving_actor_fixed_scale,393,0.001,train-mode backward before optimizer step,3.0283999402696846,0.0,0.0,0.0416666679084301,0.0,,,,
single_moving_actor_fixed_scale,394,0.001,train-mode backward before optimizer step,2.921615972856992,0.0,0.0,0.0416666679084301,0.0,,,,
single_moving_actor_fixed_scale,395,0.001,train-mode backward before optimizer step,2.8775883890116623,0.0,0.0,0.0416666679084301,0.0,,,,
single_moving_actor_fixed_scale,396,0.001,train-mode backward before optimizer step,3.014587009743101,0.0,0.0,0.0416666679084301,0.0,,,,
single_moving_actor_fixed_scale,397,0.001,train-mode backward before optimizer step,2.91472809475973,0.0,0.0,0.0416666679084301,0.0,,,,
single_moving_actor_fixed_scale,398,0.001,train-mode backward before optimizer step,2.9428007774092597,0.0,0.0,0.0416666679084301,0.0,,,,
single_moving_actor_fixed_scale,399,0.001,train-mode backward before optimizer step,2.8856220569520348,0.0,0.0,0.0416666679084301,0.0,,,,
single_moving_actor_fixed_scale,400,0.001,train-mode backward before optimizer step,3.0113071693034343,0.0,0.0,0.0416666679084301,0.0,30.081693649291992,1.0,1.0,49.5347785949707
single_moving_actor_fixed_scale,401,0.001,train-mode backward before optimizer step,3.001766292564499,0.0,0.0,0.0416666679084301,0.0,,,,
single_moving_actor_fixed_scale,402,0.001,train-mode backward before optimizer step,2.8497980892488495,0.0,0.0,0.0416666679084301,0.0,,,,
single_moving_actor_fixed_scale,403,0.001,train-mode backward before optimizer step,2.9253962976379055,0.0,0.0,0.0416666679084301,0.0,,,,
single_moving_actor_fixed_scale,404,0.001,train-mode backward before optimizer step,2.8371932046296653,0.0,0.0,0.0416666679084301,0.0,,,,
single_moving_actor_fixed_scale,405,0.001,train-mode backward before optimizer step,2.9052765759032386,0.0,0.0,0.0416666679084301,0.0,,,,
single_moving_actor_fixed_scale,406,0.001,train-mode backward before optimizer step,2.7555757785410058,0.0,0.0,0.0416666679084301,0.0,,,,
single_moving_actor_fixed_scale,407,0.001,train-mode backward before optimizer step,2.9862255727600506,0.0,0.0,0.0416666679084301,0.0,,,,
single_moving_actor_fixed_scale,408,0.001,train-mode backward before optimizer step,2.8681189622700765,0.0,0.0,0.0416666679084301,0.0,,,,
single_moving_actor_fixed_scale,409,0.001,train-mode backward before optimizer step,2.907258493139545,0.0,0.0,0.0416666679084301,0.0,,,,
single_moving_actor_fixed_scale,410,0.001,train-mode backward before optimizer step,3.0603037473163957,0.0,0.0,0.0416666679084301,0.0,31.139057159423828,1.0,1.0,49.5347785949707
single_moving_actor_fixed_scale,411,0.001,train-mode backward before optimizer step,2.9166911393448034,0.0,0.0,0.0416666679084301,0.0,,,,
single_moving_actor_fixed_scale,412,0.001,train-mode backward before optimizer step,2.9255734049629867,0.0,0.0,0.0416666679084301,0.0,,,,
single_moving_actor_fixed_scale,413,0.001,train-mode backward before optimizer step,2.8847647324392516,0.0,0.0,0.0416666679084301,0.0,,,,
single_moving_actor_fixed_scale,414,0.001,train-mode backward before optimizer step,2.7824320350110066,0.0,0.0,0.0416666679084301,0.0,,,,
single_moving_actor_fixed_scale,415,0.001,train-mode backward before optimizer step,2.822035373048029,0.0,0.0,0.0416666679084301,0.0,,,,
single_moving_actor_fixed_scale,416,0.001,train-mode backward before optimizer step,2.8676419162011215,0.0,0.0,0.0416666679084301,0.0,,,,
single_moving_actor_fixed_scale,417,0.001,train-mode backward before optimizer step,2.936940238425199,0.0,0.0,0.0416666679084301,0.0,,,,
single_moving_actor_fixed_scale,418,0.001,train-mode backward before optimizer step,3.0950963317873392,0.0,0.0,0.0416666679084301,0.0,,,,
single_moving_actor_fixed_scale,419,0.001,train-mode backward before optimizer step,2.9082537621633913,0.0,0.0,0.0416666679084301,0.0,,,,
single_moving_actor_fixed_scale,420,0.001,train-mode backward before optimizer step,2.935750110466678,0.0,0.0,0.0416666679084301,0.0,32.18034362792969,1.0,1.0,49.5347785949707
single_moving_actor_fixed_scale,421,0.001,train-mode backward before optimizer step,2.8570606655400415,0.0,0.0,0.0416666679084301,0.0,,,,
single_moving_actor_fixed_scale,422,0.001,train-mode backward before optimizer step,3.035093743745324,0.0,0.0,0.0416666679084301,0.0,,,,
single_moving_actor_fixed_scale,423,0.001,train-mode backward before optimizer step,2.880659170705995,0.0,0.0,0.0416666679084301,0.0,,,,
single_moving_actor_fixed_scale,424,0.001,train-mode backward before optimizer step,2.8624531641406445,0.0,0.0,0.0416666679084301,0.0,,,,
single_moving_actor_fixed_scale,425,0.001,train-mode backward before optimizer step,2.882558570758327,0.0,0.0,0.0416666679084301,0.0,,,,
single_moving_actor_fixed_scale,426,0.001,train-mode backward before optimizer step,2.786114184898686,0.0,0.0,0.0416666679084301,0.0,,,,
single_moving_actor_fixed_scale,427,0.001,train-mode backward before optimizer step,2.8492784334771355,0.0,0.0,0.0416666679084301,0.0,,,,
single_moving_actor_fixed_scale,428,0.001,train-mode backward before optimizer step,3.028338160102592,0.0,0.0,0.0416666679084301,0.0,,,,
single_moving_actor_fixed_scale,429,0.001,train-mode backward before optimizer step,2.8791170251808595,0.0,0.0,0.0416666679084301,0.0,,,,
single_moving_actor_fixed_scale,430,0.001,train-mode backward before optimizer step,2.8242253973601708,0.0,0.0,0.0416666679084301,0.0,33.24898147583008,1.0,1.0,49.5347785949707
single_moving_actor_fixed_scale,431,0.001,train-mode backward before optimizer step,2.8220391426554783,0.0,0.0,0.0416666679084301,0.0,,,,
single_moving_actor_fixed_scale,432,0.001,train-mode backward before optimizer step,3.208953459210606,0.0,0.0,0.0416666679084301,0.0,,,,
single_moving_actor_fixed_scale,433,0.001,train-mode backward before optimizer step,2.8107798827427435,0.0,0.0,0.0416666679084301,0.0,,,,
single_moving_actor_fixed_scale,434,0.001,train-mode backward before optimizer step,2.95928675067523,0.0,0.0,0.0416666679084301,0.0,,,,
single_moving_actor_fixed_scale,435,0.001,train-mode backward before optimizer step,2.91954923328522,0.0,0.0,0.0416666679084301,0.0,,,,
single_moving_actor_fixed_scale,436,0.001,train-mode backward before optimizer step,2.9951571990645913,0.0,0.0,0.0416666679084301,0.0,,,,
single_moving_actor_fixed_scale,437,0.001,train-mode backward before optimizer step,3.098860428762065,0.0,0.0,0.0416666679084301,0.0,,,,
single_moving_actor_fixed_scale,438,0.001,train-mode backward before optimizer step,2.7978409354845537,0.0,0.0,0.0416666679084301,0.0,,,,
single_moving_actor_fixed_scale,439,0.001,train-mode backward before optimizer step,2.807677545973306,0.0,0.0,0.0416666679084301,0.0,,,,
single_moving_actor_fixed_scale,440,0.001,train-mode backward before optimizer step,2.940830741665623,0.0,0.0,0.0416666679084301,0.0,34.276573181152344,1.0,1.0,49.5347785949707
single_moving_actor_fixed_scale,441,0.001,train-mode backward before optimizer step,2.977142828006597,0.0,0.0,0.0416666679084301,0.0,,,,
single_moving_actor_fixed_scale,442,0.001,train-mode backward before optimizer step,2.901579750453484,0.0,0.0,0.0416666679084301,0.0,,,,
single_moving_actor_fixed_scale,443,0.001,train-mode backward before optimizer step,2.8706158548228315,0.0,0.0,0.0416666679084301,0.0,,,,
single_moving_actor_fixed_scale,444,0.001,train-mode backward before optimizer step,2.776325571799871,0.0,0.0,0.0416666679084301,0.0,,,,
single_moving_actor_fixed_scale,445,0.001,train-mode backward before optimizer step,2.7646764363109133,0.0,0.0,0.0416666679084301,0.0,,,,
single_moving_actor_fixed_scale,446,0.001,train-mode backward before optimizer step,2.8048247741220904,0.0,0.0,0.0416666679084301,0.0,,,,
single_moving_actor_fixed_scale,447,0.001,train-mode backward before optimizer step,3.2932536190741084,0.0,0.0,0.0416666679084301,0.0,,,,
single_moving_actor_fixed_scale,448,0.001,train-mode backward before optimizer step,2.8709419526653805,0.0,0.0,0.0416666679084301,0.0,,,,
single_moving_actor_fixed_scale,449,0.001,train-mode backward before optimizer step,2.963450488669479,0.0,0.0,0.0416666679084301,0.0,,,,
single_moving_actor_fixed_scale,450,0.001,train-mode backward before optimizer step,2.9297085282876942,0.0,0.0,0.0416666679084301,0.0,35.17416763305664,1.0,1.0,49.5347785949707
single_moving_actor_fixed_scale,451,0.001,train-mode backward before optimizer step,2.822245078537299,0.0,0.0,0.0416666679084301,0.0,,,,
single_moving_actor_fixed_scale,452,0.001,train-mode backward before optimizer step,3.0800101999501024,0.0,0.0,0.0416666679084301,0.0,,,,
single_moving_actor_fixed_scale,453,0.001,train-mode backward before optimizer step,3.0468319175505174,0.0,0.0,0.0416666679084301,0.0,,,,
single_moving_actor_fixed_scale,454,0.001,train-mode backward before optimizer step,3.0723321659238745,0.0,0.0,0.0416666679084301,0.0,,,,
single_moving_actor_fixed_scale,455,0.001,train-mode backward before optimizer step,3.097138409420818,0.0,0.0,0.0416666679084301,0.0,,,,
single_moving_actor_fixed_scale,456,0.001,train-mode backward before optimizer step,2.843123257355912,0.0,0.0,0.0416666679084301,0.0,,,,
single_moving_actor_fixed_scale,457,0.001,train-mode backward before optimizer step,2.843576697109354,0.0,0.0,0.0416666679084301,0.0,,,,
single_moving_actor_fixed_scale,458,0.001,train-mode backward before optimizer step,2.8411429455246386,0.0,0.0,0.0416666679084301,0.0,,,,
single_moving_actor_fixed_scale,459,0.001,train-mode backward before optimizer step,2.904365126894906,0.0,0.0,0.0416666679084301,0.0,,,,
single_moving_actor_fixed_scale,460,0.001,train-mode backward before optimizer step,2.910309800903507,0.0,0.0,0.0416666679084301,0.0,36.14830017089844,1.0,1.0,49.5347785949707
single_moving_actor_fixed_scale,461,0.001,train-mode backward before optimizer step,3.3145586848686106,0.0,0.0,0.0416666679084301,0.0,,,,
single_moving_actor_fixed_scale,462,0.001,train-mode backward before optimizer step,3.3555368919385336,0.0,0.0,0.0416666679084301,0.0,,,,
single_moving_actor_fixed_scale,463,0.001,train-mode backward before optimizer step,2.9228794754788345,0.0,0.0,0.0416666679084301,0.0,,,,
single_moving_actor_fixed_scale,464,0.001,train-mode backward before optimizer step,2.891025581991674,0.0,0.0,0.0416666679084301,0.0,,,,
single_moving_actor_fixed_scale,465,0.001,train-mode backward before optimizer step,2.9826531483375534,0.0,0.0,0.0416666679084301,0.0,,,,
single_moving_actor_fixed_scale,466,0.001,train-mode backward before optimizer step,2.9975421996330325,0.0,0.0,0.0416666679084301,0.0,,,,
single_moving_actor_fixed_scale,467,0.001,train-mode backward before optimizer step,3.131995989448502,0.0,0.0,0.0416666679084301,0.0,,,,
single_moving_actor_fixed_scale,468,0.001,train-mode backward before optimizer step,2.931839033103576,0.0,0.0,0.0416666679084301,0.0,,,,
single_moving_actor_fixed_scale,469,0.001,train-mode backward before optimizer step,2.7937353676773613,0.0,0.0,0.0416666679084301,0.0,,,,
single_moving_actor_fixed_scale,470,0.001,train-mode backward before optimizer step,3.0136936429392636,0.0,0.0,0.0416666679084301,0.0,37.03057098388672,1.0,1.0,49.5347785949707
single_moving_actor_fixed_scale,471,0.001,train-mode backward before optimizer step,3.0072131432780105,0.0,0.0,0.0416666679084301,0.0,,,,
single_moving_actor_fixed_scale,472,0.001,train-mode backward before optimizer step,2.8556809143450046,0.0,0.0,0.0416666679084301,0.0,,,,
single_moving_actor_fixed_scale,473,0.001,train-mode backward before optimizer step,2.9509259506882435,0.0,0.0,0.0416666679084301,0.0,,,,
single_moving_actor_fixed_scale,474,0.001,train-mode backward before optimizer step,2.9263830334446936,0.0,0.0,0.0416666679084301,0.0,,,,
single_moving_actor_fixed_scale,475,0.001,train-mode backward before optimizer step,2.7651683142499635,0.0,0.0,0.0416666679084301,0.0,,,,
single_moving_actor_fixed_scale,476,0.001,train-mode backward before optimizer step,2.873039237643335,0.0,0.0,0.0416666679084301,0.0,,,,
single_moving_actor_fixed_scale,477,0.001,train-mode backward before optimizer step,2.9736075430498183,0.0,0.0,0.0416666679084301,0.0,,,,
single_moving_actor_fixed_scale,478,0.001,train-mode backward before optimizer step,3.2591544557448,0.0,0.0,0.0416666679084301,0.0,,,,
single_moving_actor_fixed_scale,479,0.001,train-mode backward before optimizer step,2.940510663499978,0.0,0.0,0.0416666679084301,0.0,,,,
single_moving_actor_fixed_scale,480,0.001,train-mode backward before optimizer step,3.391472066827668,0.0,0.0,0.0416666679084301,0.0,37.77522659301758,1.0,1.0,49.5347785949707
single_moving_actor_fixed_scale,481,0.001,train-mode backward before optimizer step,3.418616370829866,0.0,0.0,0.0416666679084301,0.0,,,,
single_moving_actor_fixed_scale,482,0.001,train-mode backward before optimizer step,3.022879741692372,0.0,0.0,0.0416666679084301,0.0,,,,
single_moving_actor_fixed_scale,483,0.001,train-mode backward before optimizer step,2.9841262324663456,0.0,0.0,0.0416666679084301,0.0,,,,
single_moving_actor_fixed_scale,484,0.001,train-mode backward before optimizer step,2.9879310975842355,0.0,0.0,0.0416666679084301,0.0,,,,
single_moving_actor_fixed_scale,485,0.001,train-mode backward before optimizer step,2.8522741072577156,0.0,0.0,0.0416666679084301,0.0,,,,
single_moving_actor_fixed_scale,486,0.001,train-mode backward before optimizer step,3.028194458343929,0.0,0.0,0.0416666679084301,0.0,,,,
single_moving_actor_fixed_scale,487,0.001,train-mode backward before optimizer step,3.024105800299515,0.0,0.0,0.0416666679084301,0.0,,,,
single_moving_actor_fixed_scale,488,0.001,train-mode backward before optimizer step,2.976578079749113,0.0,0.0,0.0416666679084301,0.0,,,,
single_moving_actor_fixed_scale,489,0.001,train-mode backward before optimizer step,2.9948038328147235,0.0,0.0,0.0416666679084301,0.0,,,,
single_moving_actor_fixed_scale,490,0.001,train-mode backward before optimizer step,2.892986832272758,0.0,0.0,0.0416666679084301,0.0,38.78034591674805,1.0,1.0,49.5347785949707
single_moving_actor_fixed_scale,491,0.001,train-mode backward before optimizer step,2.9471933789725426,0.0,0.0,0.0416666679084301,0.0,,,,
single_moving_actor_fixed_scale,492,0.001,train-mode backward before optimizer step,3.142697810705539,0.0,0.0,0.0416666679084301,0.0,,,,
single_moving_actor_fixed_scale,493,0.001,train-mode backward before optimizer step,3.037383943484007,0.0,0.0,0.0416666679084301,0.0,,,,
single_moving_actor_fixed_scale,494,0.001,train-mode backward before optimizer step,2.889035898040612,0.0,0.0,0.0416666679084301,0.0,,,,
single_moving_actor_fixed_scale,495,0.001,train-mode backward before optimizer step,2.9157605150237105,0.0,0.0,0.0416666679084301,0.0,,,,
single_moving_actor_fixed_scale,496,0.001,train-mode backward before optimizer step,2.943929054500117,0.0,0.0,0.0416666679084301,0.0,,,,
single_moving_actor_fixed_scale,497,0.001,train-mode backward before optimizer step,3.077314428613888,0.0,0.0,0.0416666679084301,0.0,,,,
single_moving_actor_fixed_scale,498,0.001,train-mode backward before optimizer step,3.0143485844540896,0.0,0.0,0.0416666679084301,0.0,,,,
single_moving_actor_fixed_scale,499,0.001,train-mode backward before optimizer step,2.9492568765274854,0.0,0.0,0.0416666679084301,0.0,,,,
single_moving_actor_fixed_scale,500,0.001,train-mode backward before optimizer step,2.997806249488026,0.0,0.0,0.0416666679084301,0.0,39.75151062011719,1.0,1.0,49.5347785949707
single_moving_actor_k1_budget1000,1,0.001,train-mode backward before optimizer step,6.52868889921698,137.9045259861063,0.0,0.10136246681213379,5.699216842651367,1.532414197921753,1.2473005056381226,2.913863182067871,49.5347785949707
single_moving_actor_k1_budget1000,2,0.001,train-mode backward before optimizer step,5.442855462130568,79.26610686118813,0.0,0.0697207897901535,2.349752426147461,,,,
single_moving_actor_k1_budget1000,3,0.001,train-mode backward before optimizer step,4.176838209604729,21.72323949134254,0.0,0.05351359769701958,0.3079303503036499,,,,
single_moving_actor_k1_budget1000,4,0.001,train-mode backward before optimizer step,2.8842954708193957,13.681929017887384,0.0,0.043047428131103516,0.21795690059661865,,,,
single_moving_actor_k1_budget1000,5,0.001,train-mode backward before optimizer step,2.936602142725593,17.05821528803435,0.0,0.04326958209276199,0.2361752837896347,,,,
single_moving_actor_k1_budget1000,6,0.001,train-mode backward before optimizer step,2.8574271855776057,12.415173828264846,0.0,0.04220874607563019,0.2058248221874237,,,,
single_moving_actor_k1_budget1000,7,0.001,train-mode backward before optimizer step,3.619434878195389,11.133570719502458,0.0,0.045690130442380905,0.18380755186080933,,,,
single_moving_actor_k1_budget1000,8,0.001,train-mode backward before optimizer step,3.655068442049134,9.897757249743968,0.0,0.04530724138021469,0.20305387675762177,,,,
single_moving_actor_k1_budget1000,9,0.001,train-mode backward before optimizer step,4.871112605157167,9.655353201445239,0.0,0.05113644525408745,0.1840898096561432,,,,
single_moving_actor_k1_budget1000,10,0.001,train-mode backward before optimizer step,4.707596946481462,9.175748415242472,0.0,0.052495382726192474,0.22048704326152802,1.3268382549285889,1.602001428604126,3.0528311729431152,49.5347785949707
single_moving_actor_k1_budget1000,11,0.001,train-mode backward before optimizer step,4.25664280661165,8.251154429434653,0.0,0.05050737410783768,0.13981780409812927,,,,
single_moving_actor_k1_budget1000,12,0.001,train-mode backward before optimizer step,3.638721579440499,7.74313641027909,0.0,0.04794519394636154,0.135459303855896,,,,
single_moving_actor_k1_budget1000,13,0.001,train-mode backward before optimizer step,3.978773735303161,6.8072183587365105,0.0,0.045844271779060364,0.1245584487915039,,,,
single_moving_actor_k1_budget1000,14,0.001,train-mode backward before optimizer step,4.129048212682974,6.4714342729465395,0.0,0.04703059047460556,0.13095533847808838,,,,
single_moving_actor_k1_budget1000,15,0.001,train-mode backward before optimizer step,3.68796750676811,5.855450398807876,0.0,0.04568827897310257,0.14255128800868988,,,,
single_moving_actor_k1_budget1000,16,0.001,train-mode backward before optimizer step,3.7063596949127895,5.620803416008577,0.0,0.04740982502698898,0.1280171424150467,,,,
single_moving_actor_k1_budget1000,17,0.001,train-mode backward before optimizer step,2.844992654704361,5.775513266794041,0.0,0.04281788319349289,0.10504446923732758,,,,
single_moving_actor_k1_budget1000,18,0.001,train-mode backward before optimizer step,3.002035551448146,4.828351189970758,0.0,0.044940318912267685,0.10177908837795258,,,,
single_moving_actor_k1_budget1000,19,0.001,train-mode backward before optimizer step,2.8938699004863113,5.386834809391522,0.0,0.04601949453353882,0.10655245184898376,,,,
single_moving_actor_k1_budget1000,20,0.001,train-mode backward before optimizer step,2.7018222790655395,4.9171575087321395,0.0,0.04346366971731186,0.0973334014415741,1.9292492866516113,1.758692741394043,3.4597270488739014,49.5347785949707
single_moving_actor_k1_budget1000,21,0.001,train-mode backward before optimizer step,2.4360129388503493,4.9285788570418525,0.0,0.04217926785349846,0.09748955816030502,,,,
single_moving_actor_k1_budget1000,22,0.001,train-mode backward before optimizer step,2.369881016294344,5.1005557458443285,0.0,0.040311552584171295,0.09235627949237823,,,,
single_moving_actor_k1_budget1000,23,0.001,train-mode backward before optimizer step,2.9501781952276627,4.493796721339962,0.0,0.04664718732237816,0.0936327576637268,,,,
single_moving_actor_k1_budget1000,24,0.001,train-mode backward before optimizer step,2.590361112398679,4.15520814424752,0.0,0.04198509082198143,0.09420174360275269,,,,
single_moving_actor_k1_budget1000,25,0.001,train-mode backward before optimizer step,3.2008337471350234,4.126978020969749,0.0,0.04814518988132477,0.08869552612304688,,,,
single_moving_actor_k1_budget1000,26,0.001,train-mode backward before optimizer step,3.639275345682453,3.9134484600525123,0.0,0.048168450593948364,0.08760865777730942,,,,
single_moving_actor_k1_budget1000,27,0.001,train-mode backward before optimizer step,3.7717231228761645,3.992195430228359,0.0,0.05204017087817192,0.08557471632957458,,,,
single_moving_actor_k1_budget1000,28,0.001,train-mode backward before optimizer step,3.6288393091397233,3.5130509261459286,0.0,0.05151500925421715,0.08412490785121918,,,,
single_moving_actor_k1_budget1000,29,0.001,train-mode backward before optimizer step,3.686464444258532,3.6182460094572453,0.0,0.05371849983930588,0.08193601667881012,,,,
single_moving_actor_k1_budget1000,30,0.001,train-mode backward before optimizer step,3.68349438743125,3.763581910150907,0.0,0.05389287695288658,0.09103578329086304,2.3995134830474854,1.8440468311309814,3.9277162551879883,49.5347785949707
single_moving_actor_k1_budget1000,31,0.001,train-mode backward before optimizer step,3.92129717097996,3.3484902912290537,0.0,0.05622437596321106,0.07650487124919891,,,,
single_moving_actor_k1_budget1000,32,0.001,train-mode backward before optimizer step,4.411548058252999,3.307398586648087,0.0,0.058447565883398056,0.08525137603282928,,,,
single_moving_actor_k1_budget1000,33,0.001,train-mode backward before optimizer step,3.4712151721110183,3.2463510519815455,0.0,0.053708724677562714,0.07347241044044495,,,,
single_moving_actor_k1_budget1000,34,0.001,train-mode backward before optimizer step,3.2286210656775536,3.1489749089462387,0.0,0.05397828668355942,0.08628357946872711,,,,
single_moving_actor_k1_budget1000,35,0.001,train-mode backward before optimizer step,4.010063668764562,3.1957030137358267,0.0,0.06042730063199997,0.07745888829231262,,,,
single_moving_actor_k1_budget1000,36,0.001,train-mode backward before optimizer step,4.822877612006425,3.0255617880785515,0.0,0.06302809715270996,0.09289222955703735,,,,
single_moving_actor_k1_budget1000,37,0.001,train-mode backward before optimizer step,3.4291012079482295,3.0029438869889873,0.0,0.05938054621219635,0.08716516941785812,,,,
single_moving_actor_k1_budget1000,38,0.001,train-mode backward before optimizer step,4.518855959356036,2.956048223112235,0.0,0.06365014612674713,0.09456859529018402,,,,
single_moving_actor_k1_budget1000,39,0.001,train-mode backward before optimizer step,4.736176314812867,2.8518291644296827,0.0,0.06623445451259613,0.08683596551418304,,,,
single_moving_actor_k1_budget1000,40,0.001,train-mode backward before optimizer step,4.727527539792723,2.7781714168693945,0.0,0.06684935092926025,0.07273003458976746,2.7351999282836914,1.8926916122436523,4.275402069091797,49.5347785949707
single_moving_actor_k1_budget1000,41,0.001,train-mode backward before optimizer step,5.30099888322591,2.849458135511858,0.0,0.07269236445426941,0.07945281267166138,,,,
single_moving_actor_k1_budget1000,42,0.001,train-mode backward before optimizer step,5.064828992157681,2.781714291640694,0.0,0.07318468391895294,0.08262868225574493,,,,
single_moving_actor_k1_budget1000,43,0.001,train-mode backward before optimizer step,4.004746188816328,2.7167829462836526,0.0,0.06897637248039246,0.08461923897266388,,,,
single_moving_actor_k1_budget1000,44,0.001,train-mode backward before optimizer step,5.072808957305989,2.6345449695517273,0.0,0.07233455032110214,0.08284947276115417,,,,
single_moving_actor_k1_budget1000,45,0.001,train-mode backward before optimizer step,5.139910994703711,2.599815587621905,0.0,0.07346133887767792,0.08164474368095398,,,,
single_moving_actor_k1_budget1000,46,0.001,train-mode backward before optimizer step,4.912876035687461,2.607693704313368,0.0,0.07621225714683533,0.08785852789878845,,,,
single_moving_actor_k1_budget1000,47,0.001,train-mode backward before optimizer step,5.427245839749573,2.568936691528233,0.0,0.07822886109352112,0.08474387973546982,,,,
single_moving_actor_k1_budget1000,48,0.001,train-mode backward before optimizer step,4.925697638059235,2.4986221805093076,0.0,0.08070342987775803,0.0934983342885971,,,,
single_moving_actor_k1_budget1000,49,0.001,train-mode backward before optimizer step,5.026999013701301,2.4683772474488666,0.0,0.08452554792165756,0.09730895608663559,,,,
single_moving_actor_k1_budget1000,50,0.001,train-mode backward before optimizer step,5.565773104975012,2.4463501762808786,0.0,0.08467181771993637,0.09586098790168762,2.9143240451812744,1.9530608654022217,4.657042026519775,49.5347785949707
single_moving_actor_k1_budget1000,51,0.001,train-mode backward before optimizer step,5.973451777354937,2.4200214495231682,0.0,0.09139443933963776,0.08653265237808228,,,,
single_moving_actor_k1_budget1000,52,0.001,train-mode backward before optimizer step,5.942849412108389,2.3749131744875815,0.0,0.09150391817092896,0.09783360362052917,,,,
single_moving_actor_k1_budget1000,53,0.001,train-mode backward before optimizer step,5.581937749589305,2.3221077890585637,0.0,0.0944029688835144,0.09188579022884369,,,,
single_moving_actor_k1_budget1000,54,0.001,train-mode backward before optimizer step,5.1703688846518405,2.3340554267500018,0.0,0.0924215167760849,0.09033618867397308,,,,
single_moving_actor_k1_budget1000,55,0.001,train-mode backward before optimizer step,6.083393352440044,2.3015922880442656,0.0,0.09778853505849838,0.08845635503530502,,,,
single_moving_actor_k1_budget1000,56,0.001,train-mode backward before optimizer step,6.3248982563350244,2.1993775675045093,0.0,0.0985531434416771,0.07332287728786469,,,,
single_moving_actor_k1_budget1000,57,0.001,train-mode backward before optimizer step,6.144638929095887,2.3515521639212977,0.0,0.09786707162857056,0.07291721552610397,,,,
single_moving_actor_k1_budget1000,58,0.001,train-mode backward before optimizer step,7.2083106883306085,2.177034222155061,0.0,0.10476794093847275,0.08159209787845612,,,,
single_moving_actor_k1_budget1000,59,0.001,train-mode backward before optimizer step,6.685994106698811,2.217634398389755,0.0,0.10869928449392319,0.09589923918247223,,,,
single_moving_actor_k1_budget1000,60,0.001,train-mode backward before optimizer step,6.7762052043199565,2.166678392245598,0.0,0.11240234225988388,0.09932103008031845,3.151040554046631,2.0013949871063232,4.9246296882629395,49.5347785949707
single_moving_actor_k1_budget1000,61,0.001,train-mode backward before optimizer step,8.551323554832056,2.2175328025757777,0.0,0.11794637143611908,0.10484631359577179,,,,
single_moving_actor_k1_budget1000,62,0.001,train-mode backward before optimizer step,8.394153630315193,2.0820784809229633,0.0,0.11616512387990952,0.08682101964950562,,,,
single_moving_actor_k1_budget1000,63,0.001,train-mode backward before optimizer step,7.367674746071518,2.1184423866958775,0.0,0.11895131319761276,0.10444504022598267,,,,
single_moving_actor_k1_budget1000,64,0.001,train-mode backward before optimizer step,8.346077055155504,2.1298184228731847,0.0,0.1266399621963501,0.11884518712759018,,,,
single_moving_actor_k1_budget1000,65,0.001,train-mode backward before optimizer step,7.73204413002391,2.1057568802116173,0.0,0.12111534923315048,0.09350042045116425,,,,
single_moving_actor_k1_budget1000,66,0.001,train-mode backward before optimizer step,7.17059171124803,2.1199151670406247,0.0,0.12785637378692627,0.12320084869861603,,,,
single_moving_actor_k1_budget1000,67,0.001,train-mode backward before optimizer step,8.784673391279446,2.19126085876983,0.0,0.13195303082466125,0.14380991458892822,,,,
single_moving_actor_k1_budget1000,68,0.001,train-mode backward before optimizer step,7.748160898307068,2.333040664330615,0.0,0.132014200091362,0.15301446616649628,,,,
single_moving_actor_k1_budget1000,69,0.001,train-mode backward before optimizer step,8.448310677013643,2.083308504088839,0.0,0.13635745644569397,0.12230690568685532,,,,
single_moving_actor_k1_budget1000,70,0.001,train-mode backward before optimizer step,8.708360644348522,2.0631568230074246,0.0,0.13730689883232117,0.10541228950023651,3.3446707725524902,2.0638599395751953,5.1969380378723145,49.5347785949707
single_moving_actor_k1_budget1000,71,0.001,train-mode backward before optimizer step,7.57937648151148,1.9814269861011922,0.0,0.1416359543800354,0.09479254484176636,,,,
single_moving_actor_k1_budget1000,72,0.001,train-mode backward before optimizer step,7.5849573276549895,1.913603577006138,0.0,0.14506179094314575,0.09523198008537292,,,,
single_moving_actor_k1_budget1000,73,0.001,train-mode backward before optimizer step,9.040768378107847,2.0307074837720926,0.0,0.14953342080116272,0.13058164715766907,,,,
single_moving_actor_k1_budget1000,74,0.001,train-mode backward before optimizer step,8.26872138313581,1.8760020368092714,0.0,0.15152446925640106,0.10976116359233856,,,,
single_moving_actor_k1_budget1000,75,0.001,train-mode backward before optimizer step,10.083494737657935,1.8368632098488529,0.0,0.15617865324020386,0.10044096410274506,,,,
single_moving_actor_k1_budget1000,76,0.001,train-mode backward before optimizer step,9.626401650616629,1.9110376872013077,0.0,0.15858982503414154,0.11155210435390472,,,,
single_moving_actor_k1_budget1000,77,0.001,train-mode backward before optimizer step,9.799944940934402,1.84923985365138,0.0,0.1575891226530075,0.12043426930904388,,,,
single_moving_actor_k1_budget1000,78,0.001,train-mode backward before optimizer step,10.329717307974263,1.8273933035372485,0.0,0.16678345203399658,0.12265853583812714,,,,
single_moving_actor_k1_budget1000,79,0.001,train-mode backward before optimizer step,10.487157267370522,1.9941860583711983,0.0,0.16756057739257812,0.18103429675102234,,,,
single_moving_actor_k1_budget1000,80,0.001,train-mode backward before optimizer step,9.767473769834929,1.832305308652771,0.0,0.17734217643737793,0.10310902446508408,3.551567554473877,2.1286885738372803,5.46352481842041,49.5347785949707
single_moving_actor_k1_budget1000,81,0.001,train-mode backward before optimizer step,10.42029579147091,1.8532367412964714,0.0,0.17571012675762177,0.14005908370018005,,,,
single_moving_actor_k1_budget1000,82,0.001,train-mode backward before optimizer step,9.897559673020984,1.7245552081806812,0.0,0.1771305501461029,0.10522463917732239,,,,
single_moving_actor_k1_budget1000,83,0.001,train-mode backward before optimizer step,10.798339287766007,1.7424954240392774,0.0,0.18540972471237183,0.12319009751081467,,,,
single_moving_actor_k1_budget1000,84,0.001,train-mode backward before optimizer step,9.861128648136555,1.7208877142265577,0.0,0.18113860487937927,0.0934964045882225,,,,
single_moving_actor_k1_budget1000,85,0.001,train-mode backward before optimizer step,10.099402039704229,1.733536495993283,0.0,0.19288913905620575,0.1226377785205841,,,,
single_moving_actor_k1_budget1000,86,0.001,train-mode backward before optimizer step,11.022676882346996,1.765575172104727,0.0,0.19506752490997314,0.15335224568843842,,,,
single_moving_actor_k1_budget1000,87,0.001,train-mode backward before optimizer step,10.596268291525329,1.6674946145171403,0.0,0.18928997218608856,0.10970668494701385,,,,
single_moving_actor_k1_budget1000,88,0.001,train-mode backward before optimizer step,10.934555483426477,1.6941742062990626,0.0,0.20079831779003143,0.14158624410629272,,,,
single_moving_actor_k1_budget1000,89,0.001,train-mode backward before optimizer step,11.377921452812348,1.697120075621627,0.0,0.1995566338300705,0.13005247712135315,,,,
single_moving_actor_k1_budget1000,90,0.001,train-mode backward before optimizer step,11.664905808020693,1.824504467419843,0.0,0.20694372057914734,0.1716632843017578,3.7715320587158203,2.192730665206909,5.724956035614014,49.5347785949707
single_moving_actor_k1_budget1000,91,0.001,train-mode backward before optimizer step,12.378308312636024,1.718343179171939,0.0,0.2105158418416977,0.16516394913196564,,,,
single_moving_actor_k1_budget1000,92,0.001,train-mode backward before optimizer step,11.805422623494733,1.8486691859830153,0.0,0.208919495344162,0.16901372373104095,,,,
single_moving_actor_k1_budget1000,93,0.001,train-mode backward before optimizer step,10.995861070462833,1.7046376936462995,0.0,0.21591711044311523,0.1377401500940323,,,,
single_moving_actor_k1_budget1000,94,0.001,train-mode backward before optimizer step,11.56128094136182,1.6139633966229814,0.0,0.21572397649288177,0.12790238857269287,,,,
single_moving_actor_k1_budget1000,95,0.001,train-mode backward before optimizer step,11.154278638455848,1.6050922352991994,0.0,0.22022047638893127,0.1284674108028412,,,,
single_moving_actor_k1_budget1000,96,0.001,train-mode backward before optimizer step,12.251533353536377,1.5569606347362097,0.0,0.23049357533454895,0.11307939141988754,,,,
single_moving_actor_k1_budget1000,97,0.001,train-mode backward before optimizer step,12.459424477432718,1.6217479976174787,0.0,0.23225784301757812,0.1401461809873581,,,,
single_moving_actor_k1_budget1000,98,0.001,train-mode backward before optimizer step,12.521448814144366,1.6445873962100794,0.0,0.23315578699111938,0.14363308250904083,,,,
single_moving_actor_k1_budget1000,99,0.001,train-mode backward before optimizer step,13.288585025221218,1.7335600774718856,0.0,0.2528133988380432,0.18406489491462708,,,,
single_moving_actor_k1_budget1000,100,0.001,train-mode backward before optimizer step,13.768851591983493,1.818942428638136,0.0,0.24249401688575745,0.19104337692260742,3.9112517833709717,2.2728652954101562,5.91807222366333,49.5347785949707
single_moving_actor_k1_budget1000,101,0.001,train-mode backward before optimizer step,12.366756181299733,1.594419439552513,0.0,0.24491111934185028,0.16269373893737793,,,,
single_moving_actor_k1_budget1000,102,0.001,train-mode backward before optimizer step,12.685026112901616,1.4670457458453092,0.0,0.25706812739372253,0.12934453785419464,,,,
single_moving_actor_k1_budget1000,103,0.001,train-mode backward before optimizer step,14.37665064810317,1.5300071211038,0.0,0.25552380084991455,0.1592342108488083,,,,
single_moving_actor_k1_budget1000,104,0.001,train-mode backward before optimizer step,13.590168522664229,1.5195202135263863,0.0,0.2583652436733246,0.1339976042509079,,,,
single_moving_actor_k1_budget1000,105,0.001,train-mode backward before optimizer step,14.303238957878605,1.416285896508744,0.0,0.26895833015441895,0.12503887712955475,,,,
single_moving_actor_k1_budget1000,106,0.001,train-mode backward before optimizer step,15.216326847849492,1.6171068481239532,0.0,0.2747966945171356,0.19743546843528748,,,,
single_moving_actor_k1_budget1000,107,0.001,train-mode backward before optimizer step,14.406269480751872,1.3578291008721324,0.0,0.2708419859409332,0.10439889132976532,,,,
single_moving_actor_k1_budget1000,108,0.001,train-mode backward before optimizer step,13.834330748774343,1.4866083203042866,0.0,0.2772168815135956,0.16742974519729614,,,,
single_moving_actor_k1_budget1000,109,0.001,train-mode backward before optimizer step,15.184777219415855,1.6775989506066036,0.0,0.28768354654312134,0.20752882957458496,,,,
single_moving_actor_k1_budget1000,110,0.001,train-mode backward before optimizer step,14.306657300775004,1.5675083089146609,0.0,0.29109475016593933,0.18765661120414734,4.074164867401123,2.3362793922424316,6.166261672973633,49.5347785949707
single_moving_actor_k1_budget1000,111,0.001,train-mode backward before optimizer step,16.040731960332863,1.4050418442476218,0.0,0.30068257451057434,0.13175591826438904,,,,
single_moving_actor_k1_budget1000,112,0.001,train-mode backward before optimizer step,16.52503779312236,1.4345120744946973,0.0,0.307498961687088,0.15123490989208221,,,,
single_moving_actor_k1_budget1000,113,0.001,train-mode backward before optimizer step,17.43678236468553,1.4630786608878843,0.0,0.30899566411972046,0.15416383743286133,,,,
single_moving_actor_k1_budget1000,114,0.001,train-mode backward before optimizer step,17.72734688651509,1.5448995992549135,0.0,0.3188570439815521,0.18910524249076843,,,,
single_moving_actor_k1_budget1000,115,0.001,train-mode backward before optimizer step,16.378922653321286,1.4563859851038023,0.0,0.3029182553291321,0.18112444877624512,,,,
single_moving_actor_k1_budget1000,116,0.001,train-mode backward before optimizer step,16.823801942283975,1.341031646040733,0.0,0.31847184896469116,0.17259304225444794,,,,
single_moving_actor_k1_budget1000,117,0.001,train-mode backward before optimizer step,17.68570849422262,1.6556748656321472,0.0,0.32651716470718384,0.24954549968242645,,,,
single_moving_actor_k1_budget1000,118,0.001,train-mode backward before optimizer step,17.678570202787096,1.4589306753657574,0.0,0.3335050046443939,0.21723634004592896,,,,
single_moving_actor_k1_budget1000,119,0.001,train-mode backward before optimizer step,16.688047391279408,1.4961359384610693,0.0,0.31127825379371643,0.17966318130493164,,,,
single_moving_actor_k1_budget1000,120,0.001,train-mode backward before optimizer step,18.52821245056024,1.4660532742348282,0.0,0.3410528600215912,0.22673672437667847,4.340814590454102,2.408515453338623,6.432947158813477,49.5347785949707
single_moving_actor_k1_budget1000,121,0.001,train-mode backward before optimizer step,18.848587222018455,1.6390532666313065,0.0,0.3388369679450989,0.2600342929363251,,,,
single_moving_actor_k1_budget1000,122,0.001,train-mode backward before optimizer step,19.237135117980266,1.676976208656043,0.0,0.33662161231040955,0.3101460337638855,,,,
single_moving_actor_k1_budget1000,123,0.001,train-mode backward before optimizer step,18.506638856757878,1.388316887221409,0.0,0.3384395241737366,0.2078029364347458,,,,
single_moving_actor_k1_budget1000,124,0.001,train-mode backward before optimizer step,18.6053307229253,1.297206810321257,0.0,0.345350444316864,0.17643296718597412,,,,
single_moving_actor_k1_budget1000,125,0.001,train-mode backward before optimizer step,17.386495391791385,1.269233698389101,0.0,0.3461567759513855,0.16777901351451874,,,,
single_moving_actor_k1_budget1000,126,0.001,train-mode backward before optimizer step,18.11327149245619,1.3759007189949104,0.0,0.3366203010082245,0.19014522433280945,,,,
single_moving_actor_k1_budget1000,127,0.001,train-mode backward before optimizer step,19.327701784445402,1.601707220383679,0.0,0.33709701895713806,0.2387211173772812,,,,
single_moving_actor_k1_budget1000,128,0.001,train-mode backward before optimizer step,17.8389147500722,1.3694623550042766,0.0,0.35073456168174744,0.1853150576353073,,,,
single_moving_actor_k1_budget1000,129,0.001,train-mode backward before optimizer step,18.798950003115184,1.5928102178512313,0.0,0.3594321608543396,0.31522101163864136,,,,
single_moving_actor_k1_budget1000,130,0.001,train-mode backward before optimizer step,18.154925320251795,1.5432755437329186,0.0,0.3545924425125122,0.28030407428741455,4.543468952178955,2.479842185974121,6.641310691833496,49.5347785949707
single_moving_actor_k1_budget1000,131,0.001,train-mode backward before optimizer step,18.21301357301013,1.272060983252419,0.0,0.36068496108055115,0.17737916111946106,,,,
single_moving_actor_k1_budget1000,132,0.001,train-mode backward before optimizer step,17.871860767545478,1.2021602701739413,0.0,0.3628804385662079,0.1644248068332672,,,,
single_moving_actor_k1_budget1000,133,0.001,train-mode backward before optimizer step,19.41709525612391,1.312105278679109,0.0,0.3626742362976074,0.22237178683280945,,,,
single_moving_actor_k1_budget1000,134,0.001,train-mode backward before optimizer step,19.317638234420684,1.3034977894073487,0.0,0.36024659872055054,0.20041215419769287,,,,
single_moving_actor_k1_budget1000,135,0.001,train-mode backward before optimizer step,18.7168521257241,1.6403150774643729,0.0,0.3660280406475067,0.3231046199798584,,,,
single_moving_actor_k1_budget1000,136,0.001,train-mode backward before optimizer step,19.89411928579782,1.4071039376345253,0.0,0.36964845657348633,0.20055055618286133,,,,
single_moving_actor_k1_budget1000,137,0.001,train-mode backward before optimizer step,20.29373972091695,1.3805887387022422,0.0,0.3713460862636566,0.23484735190868378,,,,
single_moving_actor_k1_budget1000,138,0.001,train-mode backward before optimizer step,19.492806226891457,1.3667735882583352,0.0,0.37189948558807373,0.2195831835269928,,,,
single_moving_actor_k1_budget1000,139,0.001,train-mode backward before optimizer step,19.604442107717826,1.3737211302710661,0.0,0.36912959814071655,0.22193250060081482,,,,
single_moving_actor_k1_budget1000,140,0.001,train-mode backward before optimizer step,20.861672298937915,1.285653227917421,0.0,0.3849310874938965,0.21408316493034363,4.784204006195068,2.5355327129364014,6.90380334854126,49.5347785949707
single_moving_actor_k1_budget1000,141,0.001,train-mode backward before optimizer step,19.8264676318038,1.317818149513518,0.0,0.383506715297699,0.21779274940490723,,,,
single_moving_actor_k1_budget1000,142,0.001,train-mode backward before optimizer step,21.00914695537805,1.3718971162921305,0.0,0.3980412185192108,0.2674274444580078,,,,
single_moving_actor_k1_budget1000,143,0.001,train-mode backward before optimizer step,20.968871776433666,1.2744183581848403,0.0,0.40159282088279724,0.21217870712280273,,,,
single_moving_actor_k1_budget1000,144,0.001,train-mode backward before optimizer step,20.019251199111306,1.3679257165439684,0.0,0.4143856167793274,0.3106766939163208,,,,
single_moving_actor_k1_budget1000,145,0.001,train-mode backward before optimizer step,21.066166076548495,1.268079012891526,0.0,0.42100679874420166,0.21171985566616058,,,,
single_moving_actor_k1_budget1000,146,0.001,train-mode backward before optimizer step,22.960927361667327,1.4865970217704259,0.0,0.4270060956478119,0.2811940908432007,,,,
single_moving_actor_k1_budget1000,147,0.001,train-mode backward before optimizer step,22.005071363375666,1.2883041946520462,0.0,0.4427797794342041,0.2503816485404968,,,,
single_moving_actor_k1_budget1000,148,0.001,train-mode backward before optimizer step,22.648483533666678,1.4209854825503463,0.0,0.44638389348983765,0.35729628801345825,,,,
single_moving_actor_k1_budget1000,149,0.001,train-mode backward before optimizer step,22.61920444404114,1.3277480799612724,0.0,0.4635542631149292,0.28638359904289246,,,,
single_moving_actor_k1_budget1000,150,0.001,train-mode backward before optimizer step,24.404805918185293,1.5995221509501407,0.0,0.47386473417282104,0.39534521102905273,5.000123500823975,2.5841526985168457,7.12135124206543,49.5347785949707
single_moving_actor_k1_budget1000,151,0.001,train-mode backward before optimizer step,23.79133844819439,1.326343903408939,0.0,0.4801740050315857,0.27964770793914795,,,,
single_moving_actor_k1_budget1000,152,0.001,train-mode backward before optimizer step,25.529816127871463,1.2690373020865655,0.0,0.4845854938030243,0.2711496353149414,,,,
single_moving_actor_k1_budget1000,153,0.001,train-mode backward before optimizer step,25.671649506274324,1.2089918870422607,0.0,0.49273645877838135,0.25715741515159607,,,,
single_moving_actor_k1_budget1000,154,0.001,train-mode backward before optimizer step,25.19284155621394,1.179442184267118,0.0,0.49393412470817566,0.23909226059913635,,,,
single_moving_actor_k1_budget1000,155,0.001,train-mode backward before optimizer step,26.06720315996732,1.2604014671269783,0.0,0.5230554342269897,0.32147008180618286,,,,
single_moving_actor_k1_budget1000,156,0.001,train-mode backward before optimizer step,26.148823779200466,1.3007180942864756,0.0,0.5174590349197388,0.2891871929168701,,,,
single_moving_actor_k1_budget1000,157,0.001,train-mode backward before optimizer step,28.426779257079634,1.6074577705827569,0.0,0.5380120277404785,0.47427457571029663,,,,
single_moving_actor_k1_budget1000,158,0.001,train-mode backward before optimizer step,27.44263993024213,1.274635453895902,0.0,0.5328071117401123,0.3044106662273407,,,,
single_moving_actor_k1_budget1000,159,0.001,train-mode backward before optimizer step,26.950182995436148,1.4744006341245885,0.0,0.5427082180976868,0.39733970165252686,,,,
single_moving_actor_k1_budget1000,160,0.001,train-mode backward before optimizer step,25.394089500025416,1.224947294892797,0.0,0.5401515960693359,0.27141910791397095,5.284964561462402,2.628716230392456,7.309420585632324,49.5347785949707
single_moving_actor_k1_budget1000,161,0.001,train-mode backward before optimizer step,28.038158049765006,1.3948082226830818,0.0,0.5308796763420105,0.33061033487319946,,,,
single_moving_actor_k1_budget1000,162,0.001,train-mode backward before optimizer step,29.804375700154022,1.1771323397176598,0.0,0.5469259023666382,0.2815731167793274,,,,
single_moving_actor_k1_budget1000,163,0.001,train-mode backward before optimizer step,26.941535071856112,1.1083772659289526,0.0,0.53780597448349,0.20977286994457245,,,,
single_moving_actor_k1_budget1000,164,0.001,train-mode backward before optimizer step,28.241723297285255,1.314946143323341,0.0,0.5636916160583496,0.35299405455589294,,,,
single_moving_actor_k1_budget1000,165,0.001,train-mode backward before optimizer step,26.536855822028578,1.2468792337680201,0.0,0.5750921964645386,0.3270602226257324,,,,
single_moving_actor_k1_budget1000,166,0.001,train-mode backward before optimizer step,27.516399397907747,1.4699229355598793,0.0,0.5724226236343384,0.3743637800216675,,,,
single_moving_actor_k1_budget1000,167,0.001,train-mode backward before optimizer step,28.61697532969025,1.120763877492047,0.0,0.5667731165885925,0.29638394713401794,,,,
single_moving_actor_k1_budget1000,168,0.001,train-mode backward before optimizer step,28.84068508571865,1.1321063112574783,0.0,0.5881739854812622,0.2516724467277527,,,,
single_moving_actor_k1_budget1000,169,0.001,train-mode backward before optimizer step,27.071651000562447,1.156522880524813,0.0,0.5786376595497131,0.31450551748275757,,,,
single_moving_actor_k1_budget1000,170,0.001,train-mode backward before optimizer step,29.630534476130332,1.3015339937674413,0.0,0.5790973901748657,0.3550567626953125,5.538458824157715,2.6725306510925293,7.470486164093018,49.5347785949707
single_moving_actor_k1_budget1000,171,0.001,train-mode backward before optimizer step,27.076955550117816,1.183445472542889,0.0,0.5778194069862366,0.3315905034542084,,,,
single_moving_actor_k1_budget1000,172,0.001,train-mode backward before optimizer step,27.48743643856782,1.789406632285174,0.0,0.5743898153305054,0.5584661960601807,,,,
single_moving_actor_k1_budget1000,173,0.001,train-mode backward before optimizer step,28.72959690262628,1.3874519782474704,0.0,0.5884824991226196,0.3875158727169037,,,,
single_moving_actor_k1_budget1000,174,0.001,train-mode backward before optimizer step,29.119347262009924,1.4594972774125172,0.0,0.5924687385559082,0.49028438329696655,,,,
single_moving_actor_k1_budget1000,175,0.001,train-mode backward before optimizer step,29.175189380750894,1.0838185213695284,0.0,0.604282021522522,0.28493040800094604,,,,
single_moving_actor_k1_budget1000,176,0.001,train-mode backward before optimizer step,28.872485523906914,1.1387593159942428,0.0,0.5721778273582458,0.29866161942481995,,,,
single_moving_actor_k1_budget1000,177,0.001,train-mode backward before optimizer step,29.417063495129714,1.1176223008473605,0.0,0.5868726372718811,0.27431720495224,,,,
single_moving_actor_k1_budget1000,178,0.001,train-mode backward before optimizer step,29.573401562427957,1.4021253909987443,0.0,0.5903042554855347,0.4217798411846161,,,,
single_moving_actor_k1_budget1000,179,0.001,train-mode backward before optimizer step,27.53369281077385,1.4002398632460207,0.0,0.5966408252716064,0.4076967239379883,,,,
single_moving_actor_k1_budget1000,180,0.001,train-mode backward before optimizer step,29.9207342701627,1.7736122331950732,0.0,0.6149203777313232,0.4782317280769348,5.79733419418335,2.7097060680389404,7.741364479064941,49.5347785949707
single_moving_actor_k1_budget1000,181,0.001,train-mode backward before optimizer step,29.3942597842521,2.1517476604602037,0.0,0.5999583601951599,0.5302280187606812,,,,
single_moving_actor_k1_budget1000,182,0.001,train-mode backward before optimizer step,30.129372483964723,1.4317102638573704,0.0,0.5978890061378479,0.3098868131637573,,,,
single_moving_actor_k1_budget1000,183,0.001,train-mode backward before optimizer step,29.862658437995574,1.2716556474133034,0.0,0.6006972789764404,0.3742561340332031,,,,
single_moving_actor_k1_budget1000,184,0.001,train-mode backward before optimizer step,29.00778343087461,1.3408452272805773,0.0,0.6003009080886841,0.4321085214614868,,,,
single_moving_actor_k1_budget1000,185,0.001,train-mode backward before optimizer step,31.67914161267924,1.5379909504800158,0.0,0.5998470783233643,0.4940987825393677,,,,
single_moving_actor_k1_budget1000,186,0.001,train-mode backward before optimizer step,28.68150807513945,1.2031221041059712,0.0,0.5892400741577148,0.2826077938079834,,,,
single_moving_actor_k1_budget1000,187,0.001,train-mode backward before optimizer step,27.294693955566718,1.2085026187815784,0.0,0.5741645097732544,0.3224804401397705,,,,
single_moving_actor_k1_budget1000,188,0.001,train-mode backward before optimizer step,28.97010433956618,1.2341705835339005,0.0,0.5793477296829224,0.29584062099456787,,,,
single_moving_actor_k1_budget1000,189,0.001,train-mode backward before optimizer step,29.505947261055343,1.6307665101630593,0.0,0.5952139496803284,0.4965282380580902,,,,
single_moving_actor_k1_budget1000,190,0.001,train-mode backward before optimizer step,29.067020363956935,1.2526299855644942,0.0,0.5851519703865051,0.32467126846313477,6.189131736755371,2.735013484954834,7.925163745880127,49.5347785949707
single_moving_actor_k1_budget1000,191,0.001,train-mode backward before optimizer step,28.15764242079973,1.3214025818452688,0.0,0.5845003724098206,0.3667113184928894,,,,
single_moving_actor_k1_budget1000,192,0.001,train-mode backward before optimizer step,29.801142634840584,1.4879384569375758,0.0,0.5940756797790527,0.41493701934814453,,,,
single_moving_actor_k1_budget1000,193,0.001,train-mode backward before optimizer step,29.790756503893807,1.46742881936491,0.0,0.5850148797035217,0.44995030760765076,,,,
single_moving_actor_k1_budget1000,194,0.001,train-mode backward before optimizer step,27.698755562232204,0.9337181126681683,0.0,0.5794018507003784,0.17798015475273132,,,,
single_moving_actor_k1_budget1000,195,0.001,train-mode backward before optimizer step,28.19918642201268,1.6096532773321357,0.0,0.5793131589889526,0.49038708209991455,,,,
single_moving_actor_k1_budget1000,196,0.001,train-mode backward before optimizer step,26.55031489604955,1.1386685824516822,0.0,0.5463995933532715,0.2677907943725586,,,,
single_moving_actor_k1_budget1000,197,0.001,train-mode backward before optimizer step,27.604778249954542,1.0973038889719453,0.0,0.5793997049331665,0.26229968667030334,,,,
single_moving_actor_k1_budget1000,198,0.001,train-mode backward before optimizer step,27.085656403230278,1.2462494369463708,0.0,0.5491886138916016,0.3362993896007538,,,,
single_moving_actor_k1_budget1000,199,0.001,train-mode backward before optimizer step,26.982543182034963,1.2982959975755457,0.0,0.550975501537323,0.31125375628471375,,,,
single_moving_actor_k1_budget1000,200,0.001,train-mode backward before optimizer step,26.271253531292118,1.5149125962567624,0.0,0.5495098829269409,0.42052504420280457,6.521640777587891,2.7697978019714355,8.200013160705566,49.5347785949707
single_moving_actor_k1_budget1000,201,0.001,train-mode backward before optimizer step,25.835438424790645,1.2683283921568547,0.0,0.5533981323242188,0.3614327311515808,,,,
single_moving_actor_k1_budget1000,202,0.001,train-mode backward before optimizer step,25.544410719427937,1.488183560614006,0.0,0.5484154224395752,0.4571112096309662,,,,
single_moving_actor_k1_budget1000,203,0.001,train-mode backward before optimizer step,27.43694827829392,1.5139702667723065,0.0,0.5616374015808105,0.48611700534820557,,,,
single_moving_actor_k1_budget1000,204,0.001,train-mode backward before optimizer step,27.248195625881714,1.516297286943941,0.0,0.5598493814468384,0.4182368516921997,,,,
single_moving_actor_k1_budget1000,205,0.001,train-mode backward before optimizer step,26.834764175061576,1.2623512156661454,0.0,0.572191059589386,0.3630300462245941,,,,
single_moving_actor_k1_budget1000,206,0.001,train-mode backward before optimizer step,26.798803120965122,1.037019073652126,0.0,0.5671710968017578,0.24814030528068542,,,,
single_moving_actor_k1_budget1000,207,0.001,train-mode backward before optimizer step,26.50645390580902,1.1425968906661659,0.0,0.561710774898529,0.28627169132232666,,,,
single_moving_actor_k1_budget1000,208,0.001,train-mode backward before optimizer step,28.31846806702316,0.8769292099488749,0.0,0.5734038352966309,0.199807807803154,,,,
single_moving_actor_k1_budget1000,209,0.001,train-mode backward before optimizer step,27.490009910118445,1.0386181059103798,0.0,0.572630763053894,0.31258735060691833,,,,
single_moving_actor_k1_budget1000,210,0.001,train-mode backward before optimizer step,28.722225079316747,1.1320994830065405,0.0,0.5802640914916992,0.2960071265697479,6.9056220054626465,2.8091893196105957,8.486746788024902,49.5347785949707
single_moving_actor_k1_budget1000,211,0.001,train-mode backward before optimizer step,29.351385338764,1.1462468303442095,0.0,0.590043842792511,0.3020315170288086,,,,
single_moving_actor_k1_budget1000,212,0.001,train-mode backward before optimizer step,28.07585952222498,1.4914055913652058,0.0,0.5919004082679749,0.4300031363964081,,,,
single_moving_actor_k1_budget1000,213,0.001,train-mode backward before optimizer step,28.68168294141113,2.0792161343040867,0.0,0.5773437023162842,0.5760502219200134,,,,
single_moving_actor_k1_budget1000,214,0.001,train-mode backward before optimizer step,28.18775776157544,1.4841810831237257,0.0,0.5737019777297974,0.42870163917541504,,,,
single_moving_actor_k1_budget1000,215,0.001,train-mode backward before optimizer step,29.183358852463208,0.9785036444073967,0.0,0.6009351015090942,0.2934759259223938,,,,
single_moving_actor_k1_budget1000,216,0.001,train-mode backward before optimizer step,26.455119547557178,1.1713353683010421,0.0,0.5716454386711121,0.28093549609184265,,,,
single_moving_actor_k1_budget1000,217,0.001,train-mode backward before optimizer step,28.84166058580532,1.5276745886114629,0.0,0.595491349697113,0.4130723178386688,,,,
single_moving_actor_k1_budget1000,218,0.001,train-mode backward before optimizer step,28.301380080267737,1.32626136236605,0.0,0.5958681106567383,0.38504278659820557,,,,
single_moving_actor_k1_budget1000,219,0.001,train-mode backward before optimizer step,27.368705370683745,1.1561060825797087,0.0,0.565550684928894,0.3196537494659424,,,,
single_moving_actor_k1_budget1000,220,0.001,train-mode backward before optimizer step,27.050719551323816,1.2482695835057496,0.0,0.5700543522834778,0.31284525990486145,7.35406494140625,2.8510005474090576,8.665726661682129,49.5347785949707
single_moving_actor_k1_budget1000,221,0.001,train-mode backward before optimizer step,29.070512927248394,1.380185092292935,0.0,0.5831221342086792,0.4385773539543152,,,,
single_moving_actor_k1_budget1000,222,0.001,train-mode backward before optimizer step,28.771850955426913,1.3083589369374269,0.0,0.5940711498260498,0.4208853244781494,,,,
single_moving_actor_k1_budget1000,223,0.001,train-mode backward before optimizer step,27.125604114462664,1.0516231591849803,0.0,0.5819064378738403,0.26701971888542175,,,,
single_moving_actor_k1_budget1000,224,0.001,train-mode backward before optimizer step,27.50265337097564,1.0372549570190555,0.0,0.584243893623352,0.2571711540222168,,,,
single_moving_actor_k1_budget1000,225,0.001,train-mode backward before optimizer step,27.152074167727758,1.1091875900033292,0.0,0.5733413100242615,0.31613415479660034,,,,
single_moving_actor_k1_budget1000,226,0.001,train-mode backward before optimizer step,28.49696741927184,1.1502437162182577,0.0,0.618198037147522,0.3553677201271057,,,,
single_moving_actor_k1_budget1000,227,0.001,train-mode backward before optimizer step,29.17034046000888,1.2678212056546194,0.0,0.6015214920043945,0.3983817994594574,,,,
single_moving_actor_k1_budget1000,228,0.001,train-mode backward before optimizer step,28.152090317871846,1.1607835582135748,0.0,0.5959584712982178,0.29805976152420044,,,,
single_moving_actor_k1_budget1000,229,0.001,train-mode backward before optimizer step,30.590766799635304,1.3183851931029271,0.0,0.6285926699638367,0.42831510305404663,,,,
single_moving_actor_k1_budget1000,230,0.001,train-mode backward before optimizer step,29.19957548367648,1.0825794377397784,0.0,0.6362271904945374,0.28282034397125244,7.900029182434082,2.8796334266662598,8.801115989685059,49.5347785949707
single_moving_actor_k1_budget1000,231,0.001,train-mode backward before optimizer step,31.55628552668078,1.0339144304201686,0.0,0.6636725664138794,0.2670489251613617,,,,
single_moving_actor_k1_budget1000,232,0.001,train-mode backward before optimizer step,31.437819029524444,1.1123423980353446,0.0,0.674233078956604,0.33075326681137085,,,,
single_moving_actor_k1_budget1000,233,0.001,train-mode backward before optimizer step,33.530722338369564,1.5570778838815804,0.0,0.688163161277771,0.4935794770717621,,,,
single_moving_actor_k1_budget1000,234,0.001,train-mode backward before optimizer step,33.1675455460866,1.101394087217599,0.0,0.6975488662719727,0.38840121030807495,,,,
single_moving_actor_k1_budget1000,235,0.001,train-mode backward before optimizer step,35.87422169335977,1.2307749343819483,0.0,0.7350364923477173,0.43139371275901794,,,,
single_moving_actor_k1_budget1000,236,0.001,train-mode backward before optimizer step,33.902686448993464,1.5126396343388016,0.0,0.7095681428909302,0.5410833358764648,,,,
single_moving_actor_k1_budget1000,237,0.001,train-mode backward before optimizer step,35.83898998251163,1.216967199001966,0.0,0.7342371344566345,0.42899665236473083,,,,
single_moving_actor_k1_budget1000,238,0.001,train-mode backward before optimizer step,36.50049455170166,1.1976103953550412,0.0,0.7718340158462524,0.4680992066860199,,,,
single_moving_actor_k1_budget1000,239,0.001,train-mode backward before optimizer step,34.28433793056999,1.2044777230468076,0.0,0.7534048557281494,0.3879386782646179,,,,
single_moving_actor_k1_budget1000,240,0.001,train-mode backward before optimizer step,36.050836683837005,1.1072534816799204,0.0,0.7551584243774414,0.4156562089920044,7.889854431152344,2.909700393676758,8.96511459350586,49.5347785949707
single_moving_actor_k1_budget1000,241,0.001,train-mode backward before optimizer step,36.97019421943449,1.0864387170367706,0.0,0.7822837829589844,0.3932066857814789,,,,
single_moving_actor_k1_budget1000,242,0.001,train-mode backward before optimizer step,38.164632747520656,1.1834810357406704,0.0,0.795583963394165,0.543192982673645,,,,
single_moving_actor_k1_budget1000,243,0.001,train-mode backward before optimizer step,36.68590155631491,2.9464958362174363,0.0,0.8033878207206726,1.1918449401855469,,,,
single_moving_actor_k1_budget1000,244,0.001,train-mode backward before optimizer step,38.474188275858715,1.863865736575407,0.0,0.8220243453979492,0.8314197063446045,,,,
single_moving_actor_k1_budget1000,245,0.001,train-mode backward before optimizer step,36.50405999970354,1.7543505568217386,0.0,0.7839642763137817,0.7664036750793457,,,,
single_moving_actor_k1_budget1000,246,0.001,train-mode backward before optimizer step,36.16536914827066,2.36514020366948,0.0,0.7848806381225586,0.9059769511222839,,,,
single_moving_actor_k1_budget1000,247,0.001,train-mode backward before optimizer step,34.89423412728869,1.407776232312882,0.0,0.7671526670455933,0.5262243747711182,,,,
single_moving_actor_k1_budget1000,248,0.001,train-mode backward before optimizer step,34.593671380734236,1.490158876495027,0.0,0.7662975192070007,0.5689724683761597,,,,
single_moving_actor_k1_budget1000,249,0.001,train-mode backward before optimizer step,33.231583299405386,1.1403062503174644,0.0,0.739271342754364,0.4099932909011841,,,,
single_moving_actor_k1_budget1000,250,0.001,train-mode backward before optimizer step,33.086273680272484,1.0746469369430474,0.0,0.761110246181488,0.3279838562011719,7.9196248054504395,2.963521957397461,9.230241775512695,49.5347785949707
single_moving_actor_k1_budget1000,251,0.001,train-mode backward before optimizer step,33.77577321418294,1.579753602114055,0.0,0.7639569044113159,0.5970518589019775,,,,
single_moving_actor_k1_budget1000,252,0.001,train-mode backward before optimizer step,34.02254918708733,1.1464165998048048,0.0,0.7661136388778687,0.3947054147720337,,,,
single_moving_actor_k1_budget1000,253,0.001,train-mode backward before optimizer step,34.96684498914206,1.903998401867864,0.0,0.7556513547897339,0.676226019859314,,,,
single_moving_actor_k1_budget1000,254,0.001,train-mode backward before optimizer step,32.42279374167618,1.4828100755100577,0.0,0.729902446269989,0.5422786474227905,,,,
single_moving_actor_k1_budget1000,255,0.001,train-mode backward before optimizer step,31.24320058049405,1.216872542123576,0.0,0.7225563526153564,0.4388553500175476,,,,
single_moving_actor_k1_budget1000,256,0.001,train-mode backward before optimizer step,33.30900912673982,1.1351985080618692,0.0,0.7111198902130127,0.36347708106040955,,,,
single_moving_actor_k1_budget1000,257,0.001,train-mode backward before optimizer step,33.369543410279746,1.0939290837221707,0.0,0.7510732412338257,0.4126887321472168,,,,
single_moving_actor_k1_budget1000,258,0.001,train-mode backward before optimizer step,36.066686547529,0.9607559248002664,0.0,0.7462252378463745,0.31670647859573364,,,,
single_moving_actor_k1_budget1000,259,0.001,train-mode backward before optimizer step,33.78651916130901,1.0681769993485284,0.0,0.7360810041427612,0.332253098487854,,,,
single_moving_actor_k1_budget1000,260,0.001,train-mode backward before optimizer step,33.65306673558727,1.3648947782801801,0.0,0.7188957929611206,0.39383888244628906,7.986178398132324,3.016200065612793,9.392821311950684,49.5347785949707
single_moving_actor_k1_budget1000,261,0.001,train-mode backward before optimizer step,35.38407297649195,1.1005524116146426,0.0,0.7362269163131714,0.39585503935813904,,,,
single_moving_actor_k1_budget1000,262,0.001,train-mode backward before optimizer step,36.32104811965052,0.9906801525427881,0.0,0.7537623643875122,0.39061886072158813,,,,
single_moving_actor_k1_budget1000,263,0.001,train-mode backward before optimizer step,34.373576810054736,1.0943549189032622,0.0,0.7537775039672852,0.37539011240005493,,,,
single_moving_actor_k1_budget1000,264,0.001,train-mode backward before optimizer step,32.510793229487476,1.3008986738158401,0.0,0.7481942176818848,0.5252090096473694,,,,
single_moving_actor_k1_budget1000,265,0.001,train-mode backward before optimizer step,34.76541984219455,1.3192969400099743,0.0,0.7504233121871948,0.5156440734863281,,,,
single_moving_actor_k1_budget1000,266,0.001,train-mode backward before optimizer step,36.71247770326218,1.2777037614574545,0.0,0.767447829246521,0.49931463599205017,,,,
single_moving_actor_k1_budget1000,267,0.001,train-mode backward before optimizer step,35.02407843364683,1.1941993682733412,0.0,0.7645047903060913,0.44689321517944336,,,,
single_moving_actor_k1_budget1000,268,0.001,train-mode backward before optimizer step,35.23588802934441,1.2156158758432,0.0,0.7801469564437866,0.4297780394554138,,,,
single_moving_actor_k1_budget1000,269,0.001,train-mode backward before optimizer step,33.59344908429586,1.2157349291877824,0.0,0.74729323387146,0.4035564064979553,,,,
single_moving_actor_k1_budget1000,270,0.001,train-mode backward before optimizer step,35.150787091705176,0.9196536412330687,0.0,0.789435625076294,0.30528566241264343,8.002069473266602,3.0688934326171875,9.52170181274414,49.5347785949707
single_moving_actor_k1_budget1000,271,0.001,train-mode backward before optimizer step,36.90836440551646,1.477362557560073,0.0,0.7926573753356934,0.5839247703552246,,,,
single_moving_actor_k1_budget1000,272,0.001,train-mode backward before optimizer step,35.80147240936002,1.130414443454654,0.0,0.8033212423324585,0.5058338642120361,,,,
single_moving_actor_k1_budget1000,273,0.001,train-mode backward before optimizer step,35.95102108347074,1.1922116167987984,0.0,0.8016489744186401,0.4496908187866211,,,,
single_moving_actor_k1_budget1000,274,0.001,train-mode backward before optimizer step,34.61481242730228,0.9387248951255185,0.0,0.8011568784713745,0.36322879791259766,,,,
single_moving_actor_k1_budget1000,275,0.001,train-mode backward before optimizer step,34.82865258297125,1.0978591448115758,0.0,0.796750009059906,0.47755393385887146,,,,
single_moving_actor_k1_budget1000,276,0.001,train-mode backward before optimizer step,37.30823013592025,1.8853920105428652,0.0,0.8257879614830017,0.6612074971199036,,,,
single_moving_actor_k1_budget1000,277,0.001,train-mode backward before optimizer step,37.8988592464422,2.1674909756806815,0.0,0.8253159523010254,0.799068808555603,,,,
single_moving_actor_k1_budget1000,278,0.001,train-mode backward before optimizer step,37.463306237258884,1.9605579696531266,0.0,0.8490687608718872,0.6939775943756104,,,,
single_moving_actor_k1_budget1000,279,0.001,train-mode backward before optimizer step,37.63556032148695,1.491350863116423,0.0,0.8509881496429443,0.5903885364532471,,,,
single_moving_actor_k1_budget1000,280,0.001,train-mode backward before optimizer step,36.51660132044984,1.54382764087272,0.0,0.8327209949493408,0.6123861074447632,7.937038421630859,3.1247763633728027,9.714332580566406,49.5347785949707
single_moving_actor_k1_budget1000,281,0.001,train-mode backward before optimizer step,37.8286859493566,2.269739072401183,0.0,0.8481247425079346,0.9590263366699219,,,,
single_moving_actor_k1_budget1000,282,0.001,train-mode backward before optimizer step,38.99500737521767,1.6471279138918047,0.0,0.8546156883239746,0.641532838344574,,,,
single_moving_actor_k1_budget1000,283,0.001,train-mode backward before optimizer step,37.80084475830819,1.4540301858428877,0.0,0.8345283269882202,0.6019989252090454,,,,
single_moving_actor_k1_budget1000,284,0.001,train-mode backward before optimizer step,36.72788025258493,1.3688814621411243,0.0,0.8507275581359863,0.6261253356933594,,,,
single_moving_actor_k1_budget1000,285,0.001,train-mode backward before optimizer step,38.152893639528905,1.9125592753916647,0.0,0.8310006856918335,0.8381592631340027,,,,
single_moving_actor_k1_budget1000,286,0.001,train-mode backward before optimizer step,37.195452153006784,1.2577321492918256,0.0,0.8575130701065063,0.5744491219520569,,,,
single_moving_actor_k1_budget1000,287,0.001,train-mode backward before optimizer step,37.95087244537801,1.2776968067880086,0.0,0.8555414080619812,0.4996509253978729,,,,
single_moving_actor_k1_budget1000,288,0.001,train-mode backward before optimizer step,37.06273613484512,1.713122302081895,0.0,0.8311015963554382,0.6262375116348267,,,,
single_moving_actor_k1_budget1000,289,0.001,train-mode backward before optimizer step,36.84784082783165,1.642203169673431,0.0,0.8436816930770874,0.6733347177505493,,,,
single_moving_actor_k1_budget1000,290,0.001,train-mode backward before optimizer step,38.046175676545055,1.532095816475415,0.0,0.8617315292358398,0.6793187856674194,7.967189311981201,3.169079542160034,9.907407760620117,49.5347785949707
single_moving_actor_k1_budget1000,291,0.001,train-mode backward before optimizer step,38.095166535700656,1.6513209000955453,0.0,0.8691247701644897,0.735634446144104,,,,
single_moving_actor_k1_budget1000,292,0.001,train-mode backward before optimizer step,38.67628766516541,1.9981998309654503,0.0,0.8545511960983276,0.9112156629562378,,,,
single_moving_actor_k1_budget1000,293,0.001,train-mode backward before optimizer step,39.08335277330943,1.7552902334336187,0.0,0.859433114528656,0.845615565776825,,,,
single_moving_actor_k1_budget1000,294,0.001,train-mode backward before optimizer step,39.3526002763825,1.3515667411658934,0.0,0.8655316829681396,0.47908782958984375,,,,
single_moving_actor_k1_budget1000,295,0.001,train-mode backward before optimizer step,37.80636034011163,1.4565696134870052,0.0,0.844582200050354,0.5250253081321716,,,,
single_moving_actor_k1_budget1000,296,0.001,train-mode backward before optimizer step,38.60355543734858,1.0460880273287532,0.0,0.8422657251358032,0.47261232137680054,,,,
single_moving_actor_k1_budget1000,297,0.001,train-mode backward before optimizer step,39.93863731794071,1.3727487169469752,0.0,0.8332836627960205,0.5613846778869629,,,,
single_moving_actor_k1_budget1000,298,0.001,train-mode backward before optimizer step,38.41420043664185,0.97323207985022,0.0,0.8327275514602661,0.4226994216442108,,,,
single_moving_actor_k1_budget1000,299,0.001,train-mode backward before optimizer step,38.66749909903682,1.106290957144657,0.0,0.8341560363769531,0.41196486353874207,,,,
single_moving_actor_k1_budget1000,300,0.001,train-mode backward before optimizer step,41.02833364188426,1.4504469506016273,0.0,0.8549332022666931,0.6189913749694824,8.113451957702637,3.2180099487304688,10.084715843200684,49.5347785949707
single_moving_actor_k1_budget1000,301,0.001,train-mode backward before optimizer step,38.49523224870443,1.0881758629134652,0.0,0.8278424739837646,0.3725053071975708,,,,
single_moving_actor_k1_budget1000,302,0.001,train-mode backward before optimizer step,37.23448273150392,1.062760960081477,0.0,0.8377677202224731,0.4298735558986664,,,,
single_moving_actor_k1_budget1000,303,0.001,train-mode backward before optimizer step,40.274052076811756,1.1305266011039254,0.0,0.8392257690429688,0.5210657715797424,,,,
single_moving_actor_k1_budget1000,304,0.001,train-mode backward before optimizer step,37.360296020858065,0.8889537271692862,0.0,0.8377720713615417,0.30195754766464233,,,,
single_moving_actor_k1_budget1000,305,0.001,train-mode backward before optimizer step,37.46354247043294,0.9844996618249188,0.0,0.8471354842185974,0.4124588370323181,,,,
single_moving_actor_k1_budget1000,306,0.001,train-mode backward before optimizer step,39.201103567261605,0.9170609141647514,0.0,0.8572778701782227,0.3293399214744568,,,,
single_moving_actor_k1_budget1000,307,0.001,train-mode backward before optimizer step,38.76047723358225,1.0262822121156978,0.0,0.8467528223991394,0.4159707725048065,,,,
single_moving_actor_k1_budget1000,308,0.001,train-mode backward before optimizer step,38.74022635339774,0.9685125076496481,0.0,0.8619016408920288,0.34032997488975525,,,,
single_moving_actor_k1_budget1000,309,0.001,train-mode backward before optimizer step,39.540286061285,1.1219809731865773,0.0,0.8794655203819275,0.47671687602996826,,,,
single_moving_actor_k1_budget1000,310,0.001,train-mode backward before optimizer step,41.920009813363365,0.954206279801489,0.0,0.8913683295249939,0.4282185435295105,8.282378196716309,3.2715606689453125,10.284601211547852,49.5347785949707
single_moving_actor_k1_budget1000,311,0.001,train-mode backward before optimizer step,41.014451471757226,1.1082041672291574,0.0,0.905658483505249,0.4450220465660095,,,,
single_moving_actor_k1_budget1000,312,0.001,train-mode backward before optimizer step,40.83273388218245,0.9379769068039921,0.0,0.8916925191879272,0.29518964886665344,,,,
single_moving_actor_k1_budget1000,313,0.001,train-mode backward before optimizer step,43.86730907890426,0.9422897045103455,0.0,0.9265326261520386,0.44742462038993835,,,,
single_moving_actor_k1_budget1000,314,0.001,train-mode backward before optimizer step,43.37658764531198,1.4392038749678504,0.0,0.942543625831604,0.6700390577316284,,,,
single_moving_actor_k1_budget1000,315,0.001,train-mode backward before optimizer step,44.71004729847366,1.2651136177196476,0.0,0.9644156694412231,0.6298977732658386,,,,
single_moving_actor_k1_budget1000,316,0.001,train-mode backward before optimizer step,43.746113714740126,1.144784124386497,0.0,0.9639981985092163,0.5784649848937988,,,,
single_moving_actor_k1_budget1000,317,0.001,train-mode backward before optimizer step,43.856006258232036,1.3967090089338976,0.0,0.976974368095398,0.6930975914001465,,,,
single_moving_actor_k1_budget1000,318,0.001,train-mode backward before optimizer step,45.64808263953911,1.4171173863653268,0.0,0.975829005241394,0.6784811019897461,,,,
single_moving_actor_k1_budget1000,319,0.001,train-mode backward before optimizer step,41.97463868511476,1.1200606370746513,0.0,0.9511842727661133,0.5717132091522217,,,,
single_moving_actor_k1_budget1000,320,0.001,train-mode backward before optimizer step,43.06021441701897,1.354056066924816,0.0,0.9677329063415527,0.6355181336402893,8.487800598144531,3.3219668865203857,10.4461088180542,49.5347785949707
single_moving_actor_k1_budget1000,321,0.001,train-mode backward before optimizer step,45.34612779353316,1.0502614998444595,0.0,0.9962424039840698,0.5362193584442139,,,,
single_moving_actor_k1_budget1000,322,0.001,train-mode backward before optimizer step,43.81545660421917,1.1059608770795497,0.0,0.9885813593864441,0.6014980673789978,,,,
single_moving_actor_k1_budget1000,323,0.001,train-mode backward before optimizer step,45.06865039754128,1.3050055465591204,0.0,1.011289119720459,0.6761956214904785,,,,
single_moving_actor_k1_budget1000,324,0.001,train-mode backward before optimizer step,46.20295928399161,1.374662776406674,0.0,1.0023982524871826,0.7633954882621765,,,,
single_moving_actor_k1_budget1000,325,0.001,train-mode backward before optimizer step,44.802534661575116,1.576713718225299,0.0,1.0126290321350098,0.8851275444030762,,,,
single_moving_actor_k1_budget1000,326,0.001,train-mode backward before optimizer step,44.75458226110603,1.1868055969237985,0.0,1.0152584314346313,0.6107162833213806,,,,
single_moving_actor_k1_budget1000,327,0.001,train-mode backward before optimizer step,45.41323081469538,1.0775096582740677,0.0,1.0277658700942993,0.5307063460350037,,,,
single_moving_actor_k1_budget1000,328,0.001,train-mode backward before optimizer step,44.99999167899565,1.640700532225435,0.0,1.037632942199707,0.8303186893463135,,,,
single_moving_actor_k1_budget1000,329,0.001,train-mode backward before optimizer step,45.07959291685965,1.2940977755720495,0.0,1.0328007936477661,0.6689963340759277,,,,
single_moving_actor_k1_budget1000,330,0.001,train-mode backward before optimizer step,45.745581423053984,1.9877208815907956,0.0,1.0338577032089233,1.0834946632385254,8.726434707641602,3.3684794902801514,10.542600631713867,49.5347785949707
single_moving_actor_k1_budget1000,331,0.001,train-mode backward before optimizer step,45.0606905778967,1.9713263506978609,0.0,1.0381011962890625,0.9668146967887878,,,,
single_moving_actor_k1_budget1000,332,0.001,train-mode backward before optimizer step,45.08450169477688,1.9665861972974679,0.0,1.0190846920013428,0.9757549166679382,,,,
single_moving_actor_k1_budget1000,333,0.001,train-mode backward before optimizer step,45.635931044097546,1.1162084733641033,0.0,1.0264029502868652,0.6154356002807617,,,,
single_moving_actor_k1_budget1000,334,0.001,train-mode backward before optimizer step,43.69275982782528,1.2925712410986632,0.0,0.9966942667961121,0.6718642115592957,,,,
single_moving_actor_k1_budget1000,335,0.001,train-mode backward before optimizer step,45.52026041817799,1.3341136981617836,0.0,1.0252354145050049,0.7314490079879761,,,,
single_moving_actor_k1_budget1000,336,0.001,train-mode backward before optimizer step,46.07767641230524,1.9440792852028477,0.0,1.027290940284729,0.9830593466758728,,,,
single_moving_actor_k1_budget1000,337,0.001,train-mode backward before optimizer step,45.12453291670672,1.397363016322326,0.0,1.0088155269622803,0.7057797908782959,,,,
single_moving_actor_k1_budget1000,338,0.001,train-mode backward before optimizer step,43.42174451412764,1.9193477992846057,0.0,0.9866297245025635,0.7442376613616943,,,,
single_moving_actor_k1_budget1000,339,0.001,train-mode backward before optimizer step,44.136464352693366,1.4017002959138996,0.0,0.9894427061080933,0.6149824261665344,,,,
single_moving_actor_k1_budget1000,340,0.001,train-mode backward before optimizer step,43.136317344429386,1.1427353261768651,0.0,1.0030739307403564,0.5084071755409241,8.967613220214844,3.429757595062256,10.864655494689941,49.5347785949707
single_moving_actor_k1_budget1000,341,0.001,train-mode backward before optimizer step,43.385576243123914,1.4228924936038643,0.0,0.9883838891983032,0.5669708847999573,,,,
single_moving_actor_k1_budget1000,342,0.001,train-mode backward before optimizer step,43.10487702442901,1.4406761788051294,0.0,0.9905189871788025,0.49874186515808105,,,,
single_moving_actor_k1_budget1000,343,0.001,train-mode backward before optimizer step,42.601422620091995,2.011789411315521,0.0,1.0068575143814087,0.8785118460655212,,,,
single_moving_actor_k1_budget1000,344,0.001,train-mode backward before optimizer step,43.15289080585221,1.1534992698665436,0.0,0.9924483299255371,0.4699742794036865,,,,
single_moving_actor_k1_budget1000,345,0.001,train-mode backward before optimizer step,42.597917001006536,1.7766574068569339,0.0,0.9914135932922363,0.6910313963890076,,,,
single_moving_actor_k1_budget1000,346,0.001,train-mode backward before optimizer step,42.87737680161517,1.1830226319605655,0.0,0.9819309115409851,0.5238269567489624,,,,
single_moving_actor_k1_budget1000,347,0.001,train-mode backward before optimizer step,43.63070019473285,0.9342600306151813,0.0,0.9972949028015137,0.4592511057853699,,,,
single_moving_actor_k1_budget1000,348,0.001,train-mode backward before optimizer step,43.295762395583104,1.0715908555316855,0.0,0.9968142509460449,0.509998083114624,,,,
single_moving_actor_k1_budget1000,349,0.001,train-mode backward before optimizer step,43.97097179861315,1.6083251128745542,0.0,1.0035796165466309,0.7529675364494324,,,,
single_moving_actor_k1_budget1000,350,0.001,train-mode backward before optimizer step,45.10782974173672,0.9573266203731101,0.0,1.0153107643127441,0.5049270391464233,9.191895484924316,3.4787073135375977,11.058693885803223,49.5347785949707
single_moving_actor_k1_budget1000,351,0.001,train-mode backward before optimizer step,46.33535131480174,1.0160415615316927,0.0,1.0185028314590454,0.5351455211639404,,,,
single_moving_actor_k1_budget1000,352,0.001,train-mode backward before optimizer step,47.135924983461905,1.1260897449587601,0.0,1.0201094150543213,0.5957679152488708,,,,
single_moving_actor_k1_budget1000,353,0.001,train-mode backward before optimizer step,48.27254659717007,1.0631788031803961,0.0,1.0327099561691284,0.6086693406105042,,,,
single_moving_actor_k1_budget1000,354,0.001,train-mode backward before optimizer step,43.364940439039565,1.2285986154756554,0.0,1.0224311351776123,0.59943687915802,,,,
single_moving_actor_k1_budget1000,355,0.001,train-mode backward before optimizer step,46.419681664199835,1.127404503148609,0.0,1.0537922382354736,0.538193941116333,,,,
single_moving_actor_k1_budget1000,356,0.001,train-mode backward before optimizer step,46.505707577223596,1.3055188761603995,0.0,1.0736654996871948,0.7901298999786377,,,,
single_moving_actor_k1_budget1000,357,0.001,train-mode backward before optimizer step,47.920821599804924,1.364606320697267,0.0,1.0847829580307007,0.686158299446106,,,,
single_moving_actor_k1_budget1000,358,0.001,train-mode backward before optimizer step,47.345615043245246,1.0853503609763249,0.0,1.1038678884506226,0.6304232478141785,,,,
single_moving_actor_k1_budget1000,359,0.001,train-mode backward before optimizer step,48.665535506341435,1.0104080421005424,0.0,1.1014169454574585,0.502859354019165,,,,
single_moving_actor_k1_budget1000,360,0.001,train-mode backward before optimizer step,49.3241602823661,1.1331227607592593,0.0,1.113743543624878,0.7038940191268921,9.426430702209473,3.508175849914551,11.229670524597168,49.5347785949707
single_moving_actor_k1_budget1000,361,0.001,train-mode backward before optimizer step,50.012918291978295,1.1138631629647786,0.0,1.1310148239135742,0.6952480673789978,,,,
single_moving_actor_k1_budget1000,362,0.001,train-mode backward before optimizer step,51.31529718192199,1.728664168509668,0.0,1.143388032913208,1.0032860040664673,,,,
single_moving_actor_k1_budget1000,363,0.001,train-mode backward before optimizer step,49.195097635307825,1.309004242618525,0.0,1.1368331909179688,0.7221764326095581,,,,
single_moving_actor_k1_budget1000,364,0.001,train-mode backward before optimizer step,50.11236905858317,2.128050695541767,0.0,1.1646486520767212,1.1486289501190186,,,,
single_moving_actor_k1_budget1000,365,0.001,train-mode backward before optimizer step,51.46096982224565,1.3612782388052613,0.0,1.174485445022583,0.912250280380249,,,,
single_moving_actor_k1_budget1000,366,0.001,train-mode backward before optimizer step,51.25725525904125,0.9804554691987414,0.0,1.154102087020874,0.4832073152065277,,,,
single_moving_actor_k1_budget1000,367,0.001,train-mode backward before optimizer step,52.531639951953146,1.6023720573973024,0.0,1.1803075075149536,1.0163320302963257,,,,
single_moving_actor_k1_budget1000,368,0.001,train-mode backward before optimizer step,51.9873551629442,1.131000810333849,0.0,1.1814751625061035,0.6461780071258545,,,,
single_moving_actor_k1_budget1000,369,0.001,train-mode backward before optimizer step,51.16464647266559,0.9761959084972962,0.0,1.1669061183929443,0.5901389122009277,,,,
single_moving_actor_k1_budget1000,370,0.001,train-mode backward before optimizer step,52.568851459783495,1.1568069780584613,0.0,1.1986520290374756,0.653866708278656,9.621894836425781,3.532522201538086,11.361522674560547,49.5347785949707
single_moving_actor_k1_budget1000,371,0.001,train-mode backward before optimizer step,50.85704825771389,1.34731795294877,0.0,1.1671442985534668,0.7198646068572998,,,,
single_moving_actor_k1_budget1000,372,0.001,train-mode backward before optimizer step,51.91347551323319,1.3701908482853213,0.0,1.1732745170593262,0.8706436157226562,,,,
single_moving_actor_k1_budget1000,373,0.001,train-mode backward before optimizer step,51.98037600782195,1.5442393673384531,0.0,1.173775553703308,0.8527101278305054,,,,
single_moving_actor_k1_budget1000,374,0.001,train-mode backward before optimizer step,54.69381909310194,1.3994026320099502,0.0,1.1711854934692383,0.7766860723495483,,,,
single_moving_actor_k1_budget1000,375,0.001,train-mode backward before optimizer step,51.554999255850475,0.6783078369841118,0.0,1.1668150424957275,0.41390901803970337,,,,
single_moving_actor_k1_budget1000,376,0.001,train-mode backward before optimizer step,53.11077998840414,2.499792234818933,0.0,1.1684935092926025,1.4314377307891846,,,,
single_moving_actor_k1_budget1000,377,0.001,train-mode backward before optimizer step,48.793460618159884,2.2311533740527043,0.0,1.1526155471801758,1.1822134256362915,,,,
single_moving_actor_k1_budget1000,378,0.001,train-mode backward before optimizer step,51.51266655565853,1.5958177118585535,0.0,1.1486841440200806,0.838354766368866,,,,
single_moving_actor_k1_budget1000,379,0.001,train-mode backward before optimizer step,51.04774873170343,0.9977750547456128,0.0,1.1417813301086426,0.5564892888069153,,,,
single_moving_actor_k1_budget1000,380,0.001,train-mode backward before optimizer step,48.46004253614367,0.9434496781395167,0.0,1.1046347618103027,0.42556843161582947,9.84656810760498,3.578908920288086,11.467881202697754,49.5347785949707
single_moving_actor_k1_budget1000,381,0.001,train-mode backward before optimizer step,51.58015292931972,1.4907215468381982,0.0,1.111645221710205,0.8708435297012329,,,,
single_moving_actor_k1_budget1000,382,0.001,train-mode backward before optimizer step,50.490055616215656,1.625680631097478,0.0,1.0993783473968506,0.8765761256217957,,,,
single_moving_actor_k1_budget1000,383,0.001,train-mode backward before optimizer step,47.440298303635814,1.663880414281778,0.0,1.091356873512268,0.8976256847381592,,,,
single_moving_actor_k1_budget1000,384,0.001,train-mode backward before optimizer step,46.00305465685216,1.2676514636045753,0.0,1.099705696105957,0.734056830406189,,,,
single_moving_actor_k1_budget1000,385,0.001,train-mode backward before optimizer step,46.71053660201023,0.9623712105848734,0.0,1.0896447896957397,0.5131639242172241,,,,
single_moving_actor_k1_budget1000,386,0.001,train-mode backward before optimizer step,48.58682107847427,1.2639936994493008,0.0,1.0741091966629028,0.5788761973381042,,,,
single_moving_actor_k1_budget1000,387,0.001,train-mode backward before optimizer step,46.28014555951923,1.0350571970430211,0.0,1.071749210357666,0.5285800695419312,,,,
single_moving_actor_k1_budget1000,388,0.001,train-mode backward before optimizer step,45.99406369077569,1.2042152846431962,0.0,1.063079595565796,0.5870679616928101,,,,
single_moving_actor_k1_budget1000,389,0.001,train-mode backward before optimizer step,49.0302970275128,1.3540354050492016,0.0,1.0792258977890015,0.7193290591239929,,,,
single_moving_actor_k1_budget1000,390,0.001,train-mode backward before optimizer step,43.808803467124484,1.217415219497832,0.0,1.0558075904846191,0.6285754442214966,10.15201187133789,3.6324081420898438,11.58626937866211,49.5347785949707
single_moving_actor_k1_budget1000,391,0.001,train-mode backward before optimizer step,47.27842566121229,1.0730266364627852,0.0,1.0958458185195923,0.6400243043899536,,,,
single_moving_actor_k1_budget1000,392,0.001,train-mode backward before optimizer step,46.78192325773774,1.2219129044419885,0.0,1.0720775127410889,0.7125649452209473,,,,
single_moving_actor_k1_budget1000,393,0.001,train-mode backward before optimizer step,46.545367923358306,1.2072574448575635,0.0,1.0854064226150513,0.637543797492981,,,,
single_moving_actor_k1_budget1000,394,0.001,train-mode backward before optimizer step,47.89242314919569,1.6225249815980098,0.0,1.0935041904449463,0.8045660257339478,,,,
single_moving_actor_k1_budget1000,395,0.001,train-mode backward before optimizer step,48.13890830358988,1.125143712452566,0.0,1.106736660003662,0.5302019119262695,,,,
single_moving_actor_k1_budget1000,396,0.001,train-mode backward before optimizer step,47.277164097968196,1.022791089837135,0.0,1.1018767356872559,0.5217002630233765,,,,
single_moving_actor_k1_budget1000,397,0.001,train-mode backward before optimizer step,51.01173407078851,1.097476004966927,0.0,1.1273422241210938,0.6553577780723572,,,,
single_moving_actor_k1_budget1000,398,0.001,train-mode backward before optimizer step,52.27666693580899,1.0130701604705428,0.0,1.144904613494873,0.6195477843284607,,,,
single_moving_actor_k1_budget1000,399,0.001,train-mode backward before optimizer step,50.35159743320842,1.4355155942754747,0.0,1.1437965631484985,0.851887583732605,,,,
single_moving_actor_k1_budget1000,400,0.001,train-mode backward before optimizer step,52.86827714606301,1.134517954517516,0.0,1.1755530834197998,0.6508916020393372,10.38192367553711,3.6784732341766357,11.668959617614746,49.5347785949707
single_moving_actor_k1_budget1000,401,0.001,train-mode backward before optimizer step,53.736268286939946,1.4117685810486789,0.0,1.1630187034606934,0.6691114902496338,,,,
single_moving_actor_k1_budget1000,402,0.001,train-mode backward before optimizer step,54.080753008300825,1.3284723033988564,0.0,1.186200499534607,0.710965633392334,,,,
single_moving_actor_k1_budget1000,403,0.001,train-mode backward before optimizer step,54.24894188589517,1.3144488375382655,0.0,1.1847937107086182,0.7529445886611938,,,,
single_moving_actor_k1_budget1000,404,0.001,train-mode backward before optimizer step,53.48744935721861,1.0604449284671973,0.0,1.1913737058639526,0.6959033012390137,,,,
single_moving_actor_k1_budget1000,405,0.001,train-mode backward before optimizer step,54.11461442542944,0.8247315727551767,0.0,1.2166261672973633,0.4216274917125702,,,,
single_moving_actor_k1_budget1000,406,0.001,train-mode backward before optimizer step,55.43167053899536,1.5380469810735822,0.0,1.2116377353668213,0.787901759147644,,,,
single_moving_actor_k1_budget1000,407,0.001,train-mode backward before optimizer step,54.114120120718276,1.3118984831238423,0.0,1.2254436016082764,0.6774527430534363,,,,
single_moving_actor_k1_budget1000,408,0.001,train-mode backward before optimizer step,54.029125728260254,1.439380979890814,0.0,1.240227222442627,1.0579606294631958,,,,
single_moving_actor_k1_budget1000,409,0.001,train-mode backward before optimizer step,54.8764289280191,1.5918481328186818,0.0,1.2435344457626343,0.9831389784812927,,,,
single_moving_actor_k1_budget1000,410,0.001,train-mode backward before optimizer step,54.70499900662387,1.1106340685459575,0.0,1.240635633468628,0.6535554528236389,10.661144256591797,3.7048137187957764,11.750941276550293,49.5347785949707
single_moving_actor_k1_budget1000,411,0.001,train-mode backward before optimizer step,53.907973374433226,0.720655506861006,0.0,1.233548641204834,0.38911402225494385,,,,
single_moving_actor_k1_budget1000,412,0.001,train-mode backward before optimizer step,54.501310664299524,1.0303278503480982,0.0,1.2336609363555908,0.6456395387649536,,,,
single_moving_actor_k1_budget1000,413,0.001,train-mode backward before optimizer step,53.34925108057766,1.018048008187408,0.0,1.2074763774871826,0.5568050742149353,,,,
single_moving_actor_k1_budget1000,414,0.001,train-mode backward before optimizer step,54.853515418471986,1.4822123646911112,0.0,1.2311910390853882,0.8988825082778931,,,,
single_moving_actor_k1_budget1000,415,0.001,train-mode backward before optimizer step,53.55174360133959,1.239669984090576,0.0,1.2422692775726318,0.7775416374206543,,,,
single_moving_actor_k1_budget1000,416,0.001,train-mode backward before optimizer step,52.71066402840617,0.9902297310505885,0.0,1.2228407859802246,0.6816190481185913,,,,
single_moving_actor_k1_budget1000,417,0.001,train-mode backward before optimizer step,53.78342120512788,1.0439807898004658,0.0,1.2267141342163086,0.6671848297119141,,,,
single_moving_actor_k1_budget1000,418,0.001,train-mode backward before optimizer step,52.99018945633562,1.0493855251537676,0.0,1.216784119606018,0.6675354838371277,,,,
single_moving_actor_k1_budget1000,419,0.001,train-mode backward before optimizer step,53.13522894354698,1.1774030017210826,0.0,1.243288516998291,0.8456206321716309,,,,
single_moving_actor_k1_budget1000,420,0.001,train-mode backward before optimizer step,53.34110770870312,1.5446145815299792,0.0,1.2353397607803345,0.8057596683502197,10.933392524719238,3.7271697521209717,11.876514434814453,49.5347785949707
single_moving_actor_k1_budget1000,421,0.001,train-mode backward before optimizer step,55.62585340371839,1.1671071775654782,0.0,1.2811583280563354,0.6505444645881653,,,,
single_moving_actor_k1_budget1000,422,0.001,train-mode backward before optimizer step,56.127685962362385,1.285707762311875,0.0,1.2811427116394043,0.757343053817749,,,,
single_moving_actor_k1_budget1000,423,0.001,train-mode backward before optimizer step,54.410787865789544,1.6050390422621632,0.0,1.2677536010742188,0.9185132384300232,,,,
single_moving_actor_k1_budget1000,424,0.001,train-mode backward before optimizer step,56.50833040835552,1.9251026289590558,0.0,1.2850236892700195,0.8154332041740417,,,,
single_moving_actor_k1_budget1000,425,0.001,train-mode backward before optimizer step,56.517880348880404,2.2602782657405545,0.0,1.2820725440979004,0.9280673265457153,,,,
single_moving_actor_k1_budget1000,426,0.001,train-mode backward before optimizer step,56.21667594084882,1.9437640684769943,0.0,1.2997169494628906,0.9947124719619751,,,,
single_moving_actor_k1_budget1000,427,0.001,train-mode backward before optimizer step,56.82443626217687,1.2010871979851792,0.0,1.3055380582809448,0.8833135366439819,,,,
single_moving_actor_k1_budget1000,428,0.001,train-mode backward before optimizer step,59.10038463220226,1.4262214505809174,0.0,1.3178389072418213,1.0601457357406616,,,,
single_moving_actor_k1_budget1000,429,0.001,train-mode backward before optimizer step,57.6163719827372,0.7946780940092316,0.0,1.2997791767120361,0.46356698870658875,,,,
single_moving_actor_k1_budget1000,430,0.001,train-mode backward before optimizer step,57.35561145712288,1.415192152550473,0.0,1.3099851608276367,1.01250422000885,11.261001586914062,3.7523226737976074,11.996020317077637,49.5347785949707
single_moving_actor_k1_budget1000,431,0.001,train-mode backward before optimizer step,57.508539083410035,1.857715577595381,0.0,1.313549280166626,1.0345096588134766,,,,
single_moving_actor_k1_budget1000,432,0.001,train-mode backward before optimizer step,57.35344564018401,1.4459551259440344,0.0,1.309161901473999,0.8332438468933105,,,,
single_moving_actor_k1_budget1000,433,0.001,train-mode backward before optimizer step,57.201576045496175,1.174822943062803,0.0,1.3111525774002075,0.8182430267333984,,,,
single_moving_actor_k1_budget1000,434,0.001,train-mode backward before optimizer step,55.40896756149341,1.4554933847490292,0.0,1.2690598964691162,1.0090749263763428,,,,
single_moving_actor_k1_budget1000,435,0.001,train-mode backward before optimizer step,56.844556157213454,1.6645417180768678,0.0,1.2956805229187012,1.053621768951416,,,,
single_moving_actor_k1_budget1000,436,0.001,train-mode backward before optimizer step,56.30856307855753,1.454803983138398,0.0,1.2851653099060059,0.8988388776779175,,,,
single_moving_actor_k1_budget1000,437,0.001,train-mode backward before optimizer step,54.496973630471246,1.0044121559281363,0.0,1.2697123289108276,0.5081783533096313,,,,
single_moving_actor_k1_budget1000,438,0.001,train-mode backward before optimizer step,54.58691997894838,1.0508073844684813,0.0,1.2857837677001953,0.5432603359222412,,,,
single_moving_actor_k1_budget1000,439,0.001,train-mode backward before optimizer step,55.35717134584253,1.2523194186830071,0.0,1.2534966468811035,0.8364445567131042,,,,
single_moving_actor_k1_budget1000,440,0.001,train-mode backward before optimizer step,57.05863438243325,1.1575662893155567,0.0,1.2559332847595215,0.863945484161377,11.56868839263916,3.7671432495117188,12.048008918762207,49.5347785949707
single_moving_actor_k1_budget1000,441,0.001,train-mode backward before optimizer step,55.10794594073988,1.2392154275534195,0.0,1.2587075233459473,0.9171650409698486,,,,
single_moving_actor_k1_budget1000,442,0.001,train-mode backward before optimizer step,53.72424010402736,1.0898677112916053,0.0,1.24560546875,0.7853668928146362,,,,
single_moving_actor_k1_budget1000,443,0.001,train-mode backward before optimizer step,55.494724000278154,1.0419278335660525,0.0,1.2484805583953857,0.5934834480285645,,,,
single_moving_actor_k1_budget1000,444,0.001,train-mode backward before optimizer step,54.39577310201385,1.3758797079531195,0.0,1.2327858209609985,0.9591962099075317,,,,
single_moving_actor_k1_budget1000,445,0.001,train-mode backward before optimizer step,55.351497739727606,1.778954506925945,0.0,1.217646598815918,1.1684595346450806,,,,
single_moving_actor_k1_budget1000,446,0.001,train-mode backward before optimizer step,55.5041748191865,1.644185604679208,0.0,1.2198963165283203,0.9532032012939453,,,,
single_moving_actor_k1_budget1000,447,0.001,train-mode backward before optimizer step,53.75783383216645,1.2366499274883342,0.0,1.20550537109375,0.7322278022766113,,,,
single_moving_actor_k1_budget1000,448,0.001,train-mode backward before optimizer step,49.74954349946458,1.4004558876990876,0.0,1.156860589981079,0.7735147476196289,,,,
single_moving_actor_k1_budget1000,449,0.001,train-mode backward before optimizer step,53.19043474250156,1.0035261373743383,0.0,1.1780942678451538,0.6266723871231079,,,,
single_moving_actor_k1_budget1000,450,0.001,train-mode backward before optimizer step,50.592101921542465,1.4846939487876722,0.0,1.1615362167358398,0.8298563957214355,11.915603637695312,3.7861099243164062,12.21042251586914,49.5347785949707
single_moving_actor_k1_budget1000,451,0.001,train-mode backward before optimizer step,52.38274783954282,1.2651928695058148,0.0,1.1320250034332275,0.7722419500350952,,,,
single_moving_actor_k1_budget1000,452,0.001,train-mode backward before optimizer step,50.37148258343775,1.3420715397655545,0.0,1.1649988889694214,0.7608315348625183,,,,
single_moving_actor_k1_budget1000,453,0.001,train-mode backward before optimizer step,50.44992719257675,1.0501145712102125,0.0,1.1391258239746094,0.6561511158943176,,,,
single_moving_actor_k1_budget1000,454,0.001,train-mode backward before optimizer step,51.615184593108964,1.0049655247330265,0.0,1.1468758583068848,0.6770554780960083,,,,
single_moving_actor_k1_budget1000,455,0.001,train-mode backward before optimizer step,51.904665182519715,1.3104887279487192,0.0,1.129820466041565,0.7689026594161987,,,,
single_moving_actor_k1_budget1000,456,0.001,train-mode backward before optimizer step,49.21304664273636,1.2665181695196108,0.0,1.1297224760055542,0.7871125936508179,,,,
single_moving_actor_k1_budget1000,457,0.001,train-mode backward before optimizer step,49.53638147464187,1.6159901990850793,0.0,1.145193099975586,0.8738028407096863,,,,
single_moving_actor_k1_budget1000,458,0.001,train-mode backward before optimizer step,49.40463103182846,1.4835996366961206,0.0,1.128976821899414,0.8407031893730164,,,,
single_moving_actor_k1_budget1000,459,0.001,train-mode backward before optimizer step,49.73623426216628,1.133421416428478,0.0,1.1357097625732422,0.7175083160400391,,,,
single_moving_actor_k1_budget1000,460,0.001,train-mode backward before optimizer step,50.78955630061014,1.147019448101843,0.0,1.1456259489059448,0.6658943295478821,12.295318603515625,3.8163866996765137,12.480311393737793,49.5347785949707
single_moving_actor_k1_budget1000,461,0.001,train-mode backward before optimizer step,49.17314645208758,1.2634052228868566,0.0,1.1338880062103271,0.7059364318847656,,,,
single_moving_actor_k1_budget1000,462,0.001,train-mode backward before optimizer step,48.42298476172129,1.0405724637925302,0.0,1.1328234672546387,0.5948414206504822,,,,
single_moving_actor_k1_budget1000,463,0.001,train-mode backward before optimizer step,48.79783079665671,0.9121798306083366,0.0,1.1411652565002441,0.49235638976097107,,,,
single_moving_actor_k1_budget1000,464,0.001,train-mode backward before optimizer step,49.30707178211962,1.277251707823929,0.0,1.1354187726974487,0.781680703163147,,,,
single_moving_actor_k1_budget1000,465,0.001,train-mode backward before optimizer step,51.29061378403155,1.1812912975742504,0.0,1.16500723361969,0.7374426126480103,,,,
single_moving_actor_k1_budget1000,466,0.001,train-mode backward before optimizer step,50.56628687300605,1.0738194900962825,0.0,1.1630257368087769,0.6152517795562744,,,,
single_moving_actor_k1_budget1000,467,0.001,train-mode backward before optimizer step,52.09782955808782,1.1040297925826947,0.0,1.1835384368896484,0.6987621188163757,,,,
single_moving_actor_k1_budget1000,468,0.001,train-mode backward before optimizer step,51.879087363718384,1.403855846080004,0.0,1.1985228061676025,0.9294370412826538,,,,
single_moving_actor_k1_budget1000,469,0.001,train-mode backward before optimizer step,53.239980559146204,1.4976914442480596,0.0,1.198390007019043,0.9225090742111206,,,,
single_moving_actor_k1_budget1000,470,0.001,train-mode backward before optimizer step,52.240612203757095,1.3044145032011025,0.0,1.1916970014572144,0.7875544428825378,12.42674446105957,3.8376426696777344,12.72696590423584,49.5347785949707
single_moving_actor_k1_budget1000,471,0.001,train-mode backward before optimizer step,51.53531449340389,1.0477181285334929,0.0,1.1803228855133057,0.6497141122817993,,,,
single_moving_actor_k1_budget1000,472,0.001,train-mode backward before optimizer step,53.08248921007188,1.153490241991364,0.0,1.2158066034317017,0.706151008605957,,,,
single_moving_actor_k1_budget1000,473,0.001,train-mode backward before optimizer step,52.327249985273085,1.510532837909848,0.0,1.1988961696624756,0.8525499105453491,,,,
single_moving_actor_k1_budget1000,474,0.001,train-mode backward before optimizer step,52.43094681314439,1.7632343116207132,0.0,1.213222861289978,0.9458889961242676,,,,
single_moving_actor_k1_budget1000,475,0.001,train-mode backward before optimizer step,52.65473450264558,1.8869757638627527,0.0,1.2200500965118408,0.9833077192306519,,,,
single_moving_actor_k1_budget1000,476,0.001,train-mode backward before optimizer step,50.277747333533576,1.7156438236820675,0.0,1.2161412239074707,0.983473002910614,,,,
single_moving_actor_k1_budget1000,477,0.001,train-mode backward before optimizer step,53.45046487337032,2.210340636116764,0.0,1.2054870128631592,1.0317528247833252,,,,
single_moving_actor_k1_budget1000,478,0.001,train-mode backward before optimizer step,52.9579774547498,1.3075988126884523,0.0,1.2071895599365234,0.7864596247673035,,,,
single_moving_actor_k1_budget1000,479,0.001,train-mode backward before optimizer step,51.74869107613352,1.1886848180997904,0.0,1.1957683563232422,0.7176710963249207,,,,
single_moving_actor_k1_budget1000,480,0.001,train-mode backward before optimizer step,51.45083199622023,1.4165148938354817,0.0,1.1897763013839722,0.7710974216461182,12.372644424438477,3.846022605895996,12.938075065612793,49.5347785949707
single_moving_actor_k1_budget1000,481,0.001,train-mode backward before optimizer step,51.563274929040006,1.404403155097584,0.0,1.188905119895935,0.7807453870773315,,,,
single_moving_actor_k1_budget1000,482,0.001,train-mode backward before optimizer step,52.425863599575365,1.1706127768267858,0.0,1.185471534729004,0.6698558330535889,,,,
single_moving_actor_k1_budget1000,483,0.001,train-mode backward before optimizer step,51.191582757076915,1.086172031431788,0.0,1.1870278120040894,0.6317874789237976,,,,
single_moving_actor_k1_budget1000,484,0.001,train-mode backward before optimizer step,53.550698444922396,1.3083573031022782,0.0,1.1905593872070312,0.770932674407959,,,,
single_moving_actor_k1_budget1000,485,0.001,train-mode backward before optimizer step,50.39218768902065,1.7345473190631628,0.0,1.1787257194519043,0.9126850962638855,,,,
single_moving_actor_k1_budget1000,486,0.001,train-mode backward before optimizer step,50.71384219421991,1.6618963009527374,0.0,1.1948342323303223,0.9702744483947754,,,,
single_moving_actor_k1_budget1000,487,0.001,train-mode backward before optimizer step,49.689266133265534,1.6409095524305741,0.0,1.1632611751556396,0.8721587061882019,,,,
single_moving_actor_k1_budget1000,488,0.001,train-mode backward before optimizer step,50.68068827489019,1.4701666024719617,0.0,1.1918634176254272,0.8840924501419067,,,,
single_moving_actor_k1_budget1000,489,0.001,train-mode backward before optimizer step,50.47310513965875,1.2980654090344779,0.0,1.1709234714508057,0.7239673137664795,,,,
single_moving_actor_k1_budget1000,490,0.001,train-mode backward before optimizer step,50.304374968598054,1.2883522635160654,0.0,1.1767444610595703,0.6709739565849304,12.321907043457031,3.8317718505859375,13.00054931640625,49.5347785949707
single_moving_actor_k1_budget1000,491,0.001,train-mode backward before optimizer step,50.27247085543364,1.5617318002841616,0.0,1.1806796789169312,0.817729651927948,,,,
single_moving_actor_k1_budget1000,492,0.001,train-mode backward before optimizer step,50.62961492992737,1.7690534912278781,0.0,1.1713745594024658,1.1045124530792236,,,,
single_moving_actor_k1_budget1000,493,0.001,train-mode backward before optimizer step,52.025553310565975,1.457034496326302,0.0,1.1886258125305176,0.8600853681564331,,,,
single_moving_actor_k1_budget1000,494,0.001,train-mode backward before optimizer step,51.654161694138736,1.1353768706044098,0.0,1.1888917684555054,0.533719539642334,,,,
single_moving_actor_k1_budget1000,495,0.001,train-mode backward before optimizer step,51.86864344276507,1.3374712432327918,0.0,1.1888383626937866,0.6497969627380371,,,,
single_moving_actor_k1_budget1000,496,0.001,train-mode backward before optimizer step,51.731838857034035,1.2522558131835169,0.0,1.1891015768051147,0.6723390817642212,,,,
single_moving_actor_k1_budget1000,497,0.001,train-mode backward before optimizer step,52.70982534239713,0.9577159366526644,0.0,1.1935839653015137,0.46049875020980835,,,,
single_moving_actor_k1_budget1000,498,0.001,train-mode backward before optimizer step,52.26914418840484,1.0990643624605705,0.0,1.2066223621368408,0.5380086302757263,,,,
single_moving_actor_k1_budget1000,499,0.001,train-mode backward before optimizer step,50.18078351423845,1.1180799069349727,0.0,1.1835485696792603,0.5399816036224365,,,,
single_moving_actor_k1_budget1000,500,0.001,train-mode backward before optimizer step,53.13731562190095,1.281666543819332,0.0,1.2124017477035522,0.7093026041984558,12.338884353637695,3.841582775115967,12.923503875732422,49.5347785949707
single_moving_actor_k1_budget1000,501,0.001,train-mode backward before optimizer step,53.912268428624365,1.1061078003532405,0.0,1.2381919622421265,0.6396437883377075,,,,
single_moving_actor_k1_budget1000,502,0.001,train-mode backward before optimizer step,53.691844145097136,0.8142003809820713,0.0,1.2604496479034424,0.34667354822158813,,,,
single_moving_actor_k1_budget1000,503,0.001,train-mode backward before optimizer step,55.957399846672864,1.1462264135559008,0.0,1.2810182571411133,0.6678495407104492,,,,
single_moving_actor_k1_budget1000,504,0.001,train-mode backward before optimizer step,58.4786782202772,1.2094810902960835,0.0,1.300537109375,0.7409919500350952,,,,
single_moving_actor_k1_budget1000,505,0.001,train-mode backward before optimizer step,58.43069787828571,1.4004490488776766,0.0,1.3203022480010986,0.8667876124382019,,,,
single_moving_actor_k1_budget1000,506,0.001,train-mode backward before optimizer step,58.77793311198604,1.1720812119781983,0.0,1.3573625087738037,0.760093092918396,,,,
single_moving_actor_k1_budget1000,507,0.001,train-mode backward before optimizer step,59.34169155617177,1.990626067872348,0.0,1.3538329601287842,1.4997657537460327,,,,
single_moving_actor_k1_budget1000,508,0.001,train-mode backward before optimizer step,59.967850607664644,1.323082063724744,0.0,1.376761794090271,0.9405251741409302,,,,
single_moving_actor_k1_budget1000,509,0.001,train-mode backward before optimizer step,57.646256607251054,1.3294082353790393,0.0,1.3716256618499756,0.9492760896682739,,,,
single_moving_actor_k1_budget1000,510,0.001,train-mode backward before optimizer step,59.75919511299902,1.4781249388460471,0.0,1.3991402387619019,1.0895018577575684,12.436827659606934,3.879870891571045,12.946099281311035,49.5347785949707
single_moving_actor_k1_budget1000,511,0.001,train-mode backward before optimizer step,59.03989554284558,1.5858033881745812,0.0,1.4012370109558105,1.165860652923584,,,,
single_moving_actor_k1_budget1000,512,0.001,train-mode backward before optimizer step,62.47789376820786,2.0661386421460906,0.0,1.439528465270996,1.4757959842681885,,,,
single_moving_actor_k1_budget1000,513,0.001,train-mode backward before optimizer step,64.41121348433934,1.877028316812082,0.0,1.4704170227050781,1.3343307971954346,,,,
single_moving_actor_k1_budget1000,514,0.001,train-mode backward before optimizer step,62.953355722263204,1.4108928826197975,0.0,1.4387081861495972,0.9474674463272095,,,,
single_moving_actor_k1_budget1000,515,0.001,train-mode backward before optimizer step,62.211981378073176,1.336810528456785,0.0,1.4607415199279785,0.9128950834274292,,,,
single_moving_actor_k1_budget1000,516,0.001,train-mode backward before optimizer step,64.60572258037377,1.5344775550952496,0.0,1.476172685623169,1.1021721363067627,,,,
single_moving_actor_k1_budget1000,517,0.001,train-mode backward before optimizer step,63.9441087629911,1.7274569008116478,0.0,1.4737539291381836,0.9980210661888123,,,,
single_moving_actor_k1_budget1000,518,0.001,train-mode backward before optimizer step,63.31249253623127,1.344578179334251,0.0,1.478150725364685,0.7665390968322754,,,,
single_moving_actor_k1_budget1000,519,0.001,train-mode backward before optimizer step,64.17171313537968,1.976828279538632,0.0,1.4714579582214355,1.3868240118026733,,,,
single_moving_actor_k1_budget1000,520,0.001,train-mode backward before optimizer step,62.753181757240746,1.4640097669920287,0.0,1.4746173620224,0.7677788734436035,12.463440895080566,3.930410861968994,13.047011375427246,49.5347785949707
single_moving_actor_k1_budget1000,521,0.001,train-mode backward before optimizer step,65.91485844459032,1.5123030819185972,0.0,1.4785164594650269,1.1691462993621826,,,,
single_moving_actor_k1_budget1000,522,0.001,train-mode backward before optimizer step,62.12270504019662,1.572440483213155,0.0,1.4527395963668823,1.114469051361084,,,,
single_moving_actor_k1_budget1000,523,0.001,train-mode backward before optimizer step,62.992059520738216,1.5701619588115694,0.0,1.4671052694320679,0.9908527135848999,,,,
single_moving_actor_k1_budget1000,524,0.001,train-mode backward before optimizer step,64.50300834956357,1.3739918738274393,0.0,1.4372785091400146,0.9078129529953003,,,,
single_moving_actor_k1_budget1000,525,0.001,train-mode backward before optimizer step,60.800173716800266,1.6451926004513735,0.0,1.4621113538742065,1.134640097618103,,,,
single_moving_actor_k1_budget1000,526,0.001,train-mode backward before optimizer step,60.07685669435234,1.587637828123725,0.0,1.4383395910263062,1.0772671699523926,,,,
single_moving_actor_k1_budget1000,527,0.001,train-mode backward before optimizer step,62.46934676934393,1.3648480995976622,0.0,1.4525893926620483,0.8363739848136902,,,,
single_moving_actor_k1_budget1000,528,0.001,train-mode backward before optimizer step,62.14541394157414,1.1271122433499368,0.0,1.4483736753463745,0.7795906066894531,,,,
single_moving_actor_k1_budget1000,529,0.001,train-mode backward before optimizer step,62.681589804158335,1.2158199917598727,0.0,1.4551379680633545,0.9004793167114258,,,,
single_moving_actor_k1_budget1000,530,0.001,train-mode backward before optimizer step,63.64361053521577,1.446127837335591,0.0,1.469923496246338,1.0135411024093628,12.372284889221191,3.96525239944458,13.2594575881958,49.5347785949707
single_moving_actor_k1_budget1000,531,0.001,train-mode backward before optimizer step,60.801269732430406,1.355909926979681,0.0,1.4476768970489502,0.6845071315765381,,,,
single_moving_actor_k1_budget1000,532,0.001,train-mode backward before optimizer step,63.62265264467294,1.2555255425738372,0.0,1.4686009883880615,0.8039323687553406,,,,
single_moving_actor_k1_budget1000,533,0.001,train-mode backward before optimizer step,65.35097031395676,1.449299842747156,0.0,1.4838403463363647,0.8721768260002136,,,,
single_moving_actor_k1_budget1000,534,0.001,train-mode backward before optimizer step,64.24923031084667,1.2459335218961887,0.0,1.5090806484222412,0.936954140663147,,,,
single_moving_actor_k1_budget1000,535,0.001,train-mode backward before optimizer step,65.75244903183588,1.6756102918980573,0.0,1.508723258972168,1.3376888036727905,,,,
single_moving_actor_k1_budget1000,536,0.001,train-mode backward before optimizer step,64.6552588384065,1.5675110989231884,0.0,1.5063174962997437,1.0863044261932373,,,,
single_moving_actor_k1_budget1000,537,0.001,train-mode backward before optimizer step,65.24596073060927,0.9853628012943275,0.0,1.5187697410583496,0.751488447189331,,,,
single_moving_actor_k1_budget1000,538,0.001,train-mode backward before optimizer step,68.43459838233197,2.0544124576145446,0.0,1.5618165731430054,1.363922119140625,,,,
single_moving_actor_k1_budget1000,539,0.001,train-mode backward before optimizer step,68.40547004844711,3.044866292196228,0.0,1.5758084058761597,1.9502580165863037,,,,
single_moving_actor_k1_budget1000,540,0.001,train-mode backward before optimizer step,67.35096416444355,2.37267189888956,0.0,1.554762363433838,1.5771806240081787,12.409677505493164,4.002449989318848,13.519855499267578,49.5347785949707
single_moving_actor_k1_budget1000,541,0.001,train-mode backward before optimizer step,65.34326786790429,1.4690298814711584,0.0,1.555647850036621,1.0722627639770508,,,,
single_moving_actor_k1_budget1000,542,0.001,train-mode backward before optimizer step,69.90574435512444,1.3733407695911466,0.0,1.5933459997177124,1.042564034461975,,,,
single_moving_actor_k1_budget1000,543,0.001,train-mode backward before optimizer step,67.78711208557343,1.1279032962843083,0.0,1.5446298122406006,0.9423121213912964,,,,
single_moving_actor_k1_budget1000,544,0.001,train-mode backward before optimizer step,69.3477972050496,1.0368384069263359,0.0,1.564651370048523,0.7371830940246582,,,,
single_moving_actor_k1_budget1000,545,0.001,train-mode backward before optimizer step,67.87782102917166,0.9725238176813535,0.0,1.5438563823699951,0.8141915798187256,,,,
single_moving_actor_k1_budget1000,546,0.001,train-mode backward before optimizer step,67.99565841743006,2.014790846121429,0.0,1.5466253757476807,1.7922037839889526,,,,
single_moving_actor_k1_budget1000,547,0.001,train-mode backward before optimizer step,69.05722426848445,1.630986480650204,0.0,1.5433053970336914,1.1388493776321411,,,,
single_moving_actor_k1_budget1000,548,0.001,train-mode backward before optimizer step,66.2752050510584,1.731746163487385,0.0,1.5093309879302979,0.9602702856063843,,,,
single_moving_actor_k1_budget1000,549,0.001,train-mode backward before optimizer step,65.42981560647566,1.7461545123115163,0.0,1.5019676685333252,1.0619406700134277,,,,
single_moving_actor_k1_budget1000,550,0.001,train-mode backward before optimizer step,64.68157500616711,1.3169382164377064,0.0,1.5007718801498413,0.8308932781219482,12.35075855255127,4.034853935241699,13.693586349487305,49.5347785949707
single_moving_actor_k1_budget1000,551,0.001,train-mode backward before optimizer step,66.79544674938847,1.2928367566708923,0.0,1.5201209783554077,0.799717128276825,,,,
single_moving_actor_k1_budget1000,552,0.001,train-mode backward before optimizer step,64.72462467323277,2.4801525495784045,0.0,1.4810872077941895,1.3055026531219482,,,,
single_moving_actor_k1_budget1000,553,0.001,train-mode backward before optimizer step,65.02432120535909,1.6710150381515738,0.0,1.49832284450531,1.1769053936004639,,,,
single_moving_actor_k1_budget1000,554,0.001,train-mode backward before optimizer step,66.68172756980715,1.3848459658123364,0.0,1.4854164123535156,1.0447337627410889,,,,
single_moving_actor_k1_budget1000,555,0.001,train-mode backward before optimizer step,60.00998678691115,1.2744886490744167,0.0,1.484863042831421,0.9047058820724487,,,,
single_moving_actor_k1_budget1000,556,0.001,train-mode backward before optimizer step,64.51245269047581,1.4441772170438991,0.0,1.4848817586898804,0.826025128364563,,,,
single_moving_actor_k1_budget1000,557,0.001,train-mode backward before optimizer step,61.95197817846247,1.8673162234792129,0.0,1.4691836833953857,1.0219331979751587,,,,
single_moving_actor_k1_budget1000,558,0.001,train-mode backward before optimizer step,63.121403712104545,1.6295354159953324,0.0,1.5109761953353882,0.9613857269287109,,,,
single_moving_actor_k1_budget1000,559,0.001,train-mode backward before optimizer step,63.065911158140665,1.4951281570864603,0.0,1.5006674528121948,0.7641491293907166,,,,
single_moving_actor_k1_budget1000,560,0.001,train-mode backward before optimizer step,63.6324247274026,0.9201350267044524,0.0,1.5151805877685547,0.5889662504196167,12.449137687683105,4.049413681030273,13.685758590698242,49.5347785949707
single_moving_actor_k1_budget1000,561,0.001,train-mode backward before optimizer step,63.62921578360601,0.8959042777914297,0.0,1.5313405990600586,0.5996872186660767,,,,
single_moving_actor_k1_budget1000,562,0.001,train-mode backward before optimizer step,66.25726632003726,1.1798386122189852,0.0,1.540593147277832,0.8480743169784546,,,,
single_moving_actor_k1_budget1000,563,0.001,train-mode backward before optimizer step,65.96942888039098,1.4148557224073153,0.0,1.5477843284606934,0.9808552265167236,,,,
single_moving_actor_k1_budget1000,564,0.001,train-mode backward before optimizer step,65.43241530322416,1.148024375171221,0.0,1.5415668487548828,0.7795864939689636,,,,
single_moving_actor_k1_budget1000,565,0.001,train-mode backward before optimizer step,65.6300157086079,1.095897984990254,0.0,1.5493454933166504,0.7908861637115479,,,,
single_moving_actor_k1_budget1000,566,0.001,train-mode backward before optimizer step,68.33327811037746,1.3042524845248475,0.0,1.5713069438934326,1.011242151260376,,,,
single_moving_actor_k1_budget1000,567,0.001,train-mode backward before optimizer step,66.18083042810325,0.9505807848178963,0.0,1.5802253484725952,0.7201443910598755,,,,
single_moving_actor_k1_budget1000,568,0.001,train-mode backward before optimizer step,66.76483228305044,0.9468982351487683,0.0,1.5937331914901733,0.6708964109420776,,,,
single_moving_actor_k1_budget1000,569,0.001,train-mode backward before optimizer step,69.59755860715205,1.4369155382657322,0.0,1.6337279081344604,1.1339399814605713,,,,
single_moving_actor_k1_budget1000,570,0.001,train-mode backward before optimizer step,73.46563525508722,1.5167823905312285,0.0,1.6357133388519287,1.3733247518539429,12.621246337890625,4.070403099060059,13.800511360168457,49.5347785949707
single_moving_actor_k1_budget1000,571,0.001,train-mode backward before optimizer step,69.67915195096964,1.424186123400802,0.0,1.6478594541549683,1.2004055976867676,,,,
single_moving_actor_k1_budget1000,572,0.001,train-mode backward before optimizer step,69.98843409217828,1.6625117164632621,0.0,1.6563670635223389,1.2996726036071777,,,,
single_moving_actor_k1_budget1000,573,0.001,train-mode backward before optimizer step,71.63963863875104,2.431501074589335,0.0,1.6465848684310913,1.8557493686676025,,,,
single_moving_actor_k1_budget1000,574,0.001,train-mode backward before optimizer step,69.57661459469813,1.7477062086984514,0.0,1.6543073654174805,1.3967790603637695,,,,
single_moving_actor_k1_budget1000,575,0.001,train-mode backward before optimizer step,68.27311794192975,1.102522415253777,0.0,1.6368427276611328,0.7730256915092468,,,,
single_moving_actor_k1_budget1000,576,0.001,train-mode backward before optimizer step,67.37845185059304,1.3974852957607575,0.0,1.622986078262329,1.181525707244873,,,,
single_moving_actor_k1_budget1000,577,0.001,train-mode backward before optimizer step,69.89742952591375,1.822520289634236,0.0,1.6237869262695312,1.3093600273132324,,,,
single_moving_actor_k1_budget1000,578,0.001,train-mode backward before optimizer step,69.00863632412005,1.7178277424843984,0.0,1.6088366508483887,1.3307039737701416,,,,
single_moving_actor_k1_budget1000,579,0.001,train-mode backward before optimizer step,68.40646352455882,1.6820923565205999,0.0,1.5823867321014404,1.422306776046753,,,,
single_moving_actor_k1_budget1000,580,0.001,train-mode backward before optimizer step,65.01416075498888,1.5242813597676648,0.0,1.582984209060669,1.0726892948150635,12.80723762512207,4.0996599197387695,13.926934242248535,49.5347785949707
single_moving_actor_k1_budget1000,581,0.001,train-mode backward before optimizer step,63.177968680320745,1.8493597607131924,0.0,1.5363954305648804,1.190261721611023,,,,
single_moving_actor_k1_budget1000,582,0.001,train-mode backward before optimizer step,62.92609955749387,2.1187538528903245,0.0,1.5192335844039917,1.2135709524154663,,,,
single_moving_actor_k1_budget1000,583,0.001,train-mode backward before optimizer step,64.10910301128101,2.4359699110628097,0.0,1.5073411464691162,1.6685718297958374,,,,
single_moving_actor_k1_budget1000,584,0.001,train-mode backward before optimizer step,63.659740611384706,2.0013471954093407,0.0,1.4763215780258179,1.3286383152008057,,,,
single_moving_actor_k1_budget1000,585,0.001,train-mode backward before optimizer step,61.222441501510446,1.5857113727818888,0.0,1.4428482055664062,1.166309118270874,,,,
single_moving_actor_k1_budget1000,586,0.001,train-mode backward before optimizer step,60.12238843082584,1.0681094488926552,0.0,1.4226287603378296,0.8168491125106812,,,,
single_moving_actor_k1_budget1000,587,0.001,train-mode backward before optimizer step,56.87285885756947,1.0466557970219936,0.0,1.3921765089035034,0.7014163732528687,,,,
single_moving_actor_k1_budget1000,588,0.001,train-mode backward before optimizer step,59.52806453446099,1.1652773846886955,0.0,1.3997782468795776,0.7777477502822876,,,,
single_moving_actor_k1_budget1000,589,0.001,train-mode backward before optimizer step,58.879135293940465,1.5063448703698055,0.0,1.3609836101531982,0.9502758979797363,,,,
single_moving_actor_k1_budget1000,590,0.001,train-mode backward before optimizer step,56.698134966037216,1.5828832254963079,0.0,1.3704174757003784,1.007260799407959,12.9773588180542,4.126143455505371,13.999702453613281,49.5347785949707
single_moving_actor_k1_budget1000,591,0.001,train-mode backward before optimizer step,57.11749435139051,1.3483719525945,0.0,1.3359493017196655,0.8715900182723999,,,,
single_moving_actor_k1_budget1000,592,0.001,train-mode backward before optimizer step,55.62000617453073,1.3057577812233878,0.0,1.3217971324920654,0.8288471698760986,,,,
single_moving_actor_k1_budget1000,593,0.001,train-mode backward before optimizer step,56.728966099984206,1.2524795447548975,0.0,1.3229129314422607,0.7906926870346069,,,,
single_moving_actor_k1_budget1000,594,0.001,train-mode backward before optimizer step,53.91889990585273,1.1852230318404051,0.0,1.2911961078643799,0.7703492045402527,,,,
single_moving_actor_k1_budget1000,595,0.001,train-mode backward before optimizer step,54.49241693138935,0.917659001206413,0.0,1.2913780212402344,0.5387383699417114,,,,
single_moving_actor_k1_budget1000,596,0.001,train-mode backward before optimizer step,52.39048463169471,1.2487398814617685,0.0,1.2735011577606201,0.697248637676239,,,,
single_moving_actor_k1_budget1000,597,0.001,train-mode backward before optimizer step,54.933526466840604,1.3884837485614474,0.0,1.296631097793579,0.6285640597343445,,,,
single_moving_actor_k1_budget1000,598,0.001,train-mode backward before optimizer step,53.863945036988234,1.1938208009230398,0.0,1.2896642684936523,0.6678786277770996,,,,
single_moving_actor_k1_budget1000,599,0.001,train-mode backward before optimizer step,53.938444665513984,1.113069074538668,0.0,1.288966178894043,0.6720337271690369,,,,
single_moving_actor_k1_budget1000,600,0.001,train-mode backward before optimizer step,55.00425819558452,1.0591039181358042,0.0,1.2881231307983398,0.5268806219100952,13.179932594299316,4.1484270095825195,14.056161880493164,49.5347785949707
single_moving_actor_k1_budget1000,601,0.001,train-mode backward before optimizer step,55.103246101953516,1.169496321929553,0.0,1.3095659017562866,0.6358915567398071,,,,
single_moving_actor_k1_budget1000,602,0.001,train-mode backward before optimizer step,57.1810687590555,1.2783458603375886,0.0,1.3376554250717163,0.7701482772827148,,,,
single_moving_actor_k1_budget1000,603,0.001,train-mode backward before optimizer step,55.73188543377327,1.2337668950182077,0.0,1.3320820331573486,0.8265914916992188,,,,
single_moving_actor_k1_budget1000,604,0.001,train-mode backward before optimizer step,55.30857031086213,1.4330334819023594,0.0,1.3197343349456787,0.8763613104820251,,,,
single_moving_actor_k1_budget1000,605,0.001,train-mode backward before optimizer step,60.32722229576613,1.902612666815958,0.0,1.372301459312439,1.1952693462371826,,,,
single_moving_actor_k1_budget1000,606,0.001,train-mode backward before optimizer step,58.7082982743624,1.2191784849483671,0.0,1.3729143142700195,0.6946684718132019,,,,
single_moving_actor_k1_budget1000,607,0.001,train-mode backward before optimizer step,59.622710318950816,1.23744728895866,0.0,1.3892834186553955,0.9210306406021118,,,,
single_moving_actor_k1_budget1000,608,0.001,train-mode backward before optimizer step,57.614721088855696,1.095975990788164,0.0,1.3792989253997803,0.6239230632781982,,,,
single_moving_actor_k1_budget1000,609,0.001,train-mode backward before optimizer step,58.87165847709653,0.9731055961154922,0.0,1.3890784978866577,0.6931421160697937,,,,
single_moving_actor_k1_budget1000,610,0.001,train-mode backward before optimizer step,58.571158955902014,1.3509101175190728,0.0,1.3897775411605835,0.8365452289581299,13.347040176391602,4.188894271850586,14.289291381835938,49.5347785949707
single_moving_actor_k1_budget1000,611,0.001,train-mode backward before optimizer step,58.14482103533763,0.9692840234177408,0.0,1.3948822021484375,0.567780613899231,,,,
single_moving_actor_k1_budget1000,612,0.001,train-mode backward before optimizer step,57.50677534662197,1.0564743546077027,0.0,1.3998537063598633,0.6938897371292114,,,,
single_moving_actor_k1_budget1000,613,0.001,train-mode backward before optimizer step,59.59371143422934,1.6456013305016426,0.0,1.4281408786773682,1.1552667617797852,,,,
single_moving_actor_k1_budget1000,614,0.001,train-mode backward before optimizer step,59.731602754032075,1.4865392991898556,0.0,1.4153859615325928,1.0850589275360107,,,,
single_moving_actor_k1_budget1000,615,0.001,train-mode backward before optimizer step,59.30507498429876,1.188883212447463,0.0,1.4010775089263916,0.8639642000198364,,,,
single_moving_actor_k1_budget1000,616,0.001,train-mode backward before optimizer step,60.619268485993395,1.7339700061745877,0.0,1.4331903457641602,0.9556841254234314,,,,
single_moving_actor_k1_budget1000,617,0.001,train-mode backward before optimizer step,58.38835910509787,1.7845297013328916,0.0,1.4398529529571533,1.2216404676437378,,,,
single_moving_actor_k1_budget1000,618,0.001,train-mode backward before optimizer step,62.41910888293006,2.0891269596473645,0.0,1.465806484222412,1.274324655532837,,,,
single_moving_actor_k1_budget1000,619,0.001,train-mode backward before optimizer step,60.10364541631837,1.5431175632804597,0.0,1.4602410793304443,0.9463906288146973,,,,
single_moving_actor_k1_budget1000,620,0.001,train-mode backward before optimizer step,60.18952022189919,1.2419495500085886,0.0,1.4683427810668945,0.7877556681632996,13.514813423156738,4.227485179901123,14.524571418762207,49.5347785949707
single_moving_actor_k1_budget1000,621,0.001,train-mode backward before optimizer step,60.43957546408683,1.5738294656640757,0.0,1.4538562297821045,1.1110804080963135,,,,
single_moving_actor_k1_budget1000,622,0.001,train-mode backward before optimizer step,61.0931904555742,1.7871765579821166,0.0,1.4640573263168335,1.302730679512024,,,,
single_moving_actor_k1_budget1000,623,0.001,train-mode backward before optimizer step,63.504522919833335,1.0137740031894686,0.0,1.4792249202728271,0.6727650165557861,,,,
single_moving_actor_k1_budget1000,624,0.001,train-mode backward before optimizer step,60.45160594314933,1.0141845900872057,0.0,1.46365487575531,0.6805059313774109,,,,
single_moving_actor_k1_budget1000,625,0.001,train-mode backward before optimizer step,59.3505435431368,1.1400927371919463,0.0,1.4768264293670654,0.6793877482414246,,,,
single_moving_actor_k1_budget1000,626,0.001,train-mode backward before optimizer step,61.38726027598786,1.4195964443406976,0.0,1.4960987567901611,1.0029094219207764,,,,
single_moving_actor_k1_budget1000,627,0.001,train-mode backward before optimizer step,66.01029041121213,1.3733921984502924,0.0,1.5136322975158691,0.7572681903839111,,,,
single_moving_actor_k1_budget1000,628,0.001,train-mode backward before optimizer step,64.98080153068173,1.152975550828609,0.0,1.5170310735702515,0.7261413931846619,,,,
single_moving_actor_k1_budget1000,629,0.001,train-mode backward before optimizer step,63.54014334415233,1.3966979012633702,0.0,1.5360336303710938,1.0235055685043335,,,,
single_moving_actor_k1_budget1000,630,0.001,train-mode backward before optimizer step,63.11358864135851,1.3026750814055852,0.0,1.5211752653121948,0.7923180460929871,13.65114688873291,4.257923126220703,14.75951862335205,49.5347785949707
single_moving_actor_k1_budget1000,631,0.001,train-mode backward before optimizer step,67.90868330207343,1.142916931102302,0.0,1.5547959804534912,0.7617907524108887,,,,
single_moving_actor_k1_budget1000,632,0.001,train-mode backward before optimizer step,67.40361897811205,1.2536903117295217,0.0,1.5731611251831055,0.9169522523880005,,,,
single_moving_actor_k1_budget1000,633,0.001,train-mode backward before optimizer step,70.4226824111742,0.9784997871622853,0.0,1.610194444656372,0.6925947666168213,,,,
single_moving_actor_k1_budget1000,634,0.001,train-mode backward before optimizer step,69.3868717943218,1.0365221541115703,0.0,1.6359227895736694,0.8297899961471558,,,,
single_moving_actor_k1_budget1000,635,0.001,train-mode backward before optimizer step,68.39524861523972,1.2099498600816727,0.0,1.6481879949569702,1.1489275693893433,,,,
single_moving_actor_k1_budget1000,636,0.001,train-mode backward before optimizer step,69.45680923326861,1.8980275789798435,0.0,1.6728532314300537,1.372847318649292,,,,
single_moving_actor_k1_budget1000,637,0.001,train-mode backward before optimizer step,72.1482531816712,1.6961296019983072,0.0,1.6918821334838867,1.5193045139312744,,,,
single_moving_actor_k1_budget1000,638,0.001,train-mode backward before optimizer step,70.15400693160551,1.0064233315027695,0.0,1.7135614156723022,0.8598089218139648,,,,
single_moving_actor_k1_budget1000,639,0.001,train-mode backward before optimizer step,70.95010764762101,1.3000308254475164,0.0,1.7049565315246582,0.8946493864059448,,,,
single_moving_actor_k1_budget1000,640,0.001,train-mode backward before optimizer step,71.45933242293921,1.137136590367526,0.0,1.737877607345581,0.8027229309082031,13.877490043640137,4.275302886962891,14.85509967803955,49.5347785949707
single_moving_actor_k1_budget1000,641,0.001,train-mode backward before optimizer step,71.54443219261407,0.9823890082307923,0.0,1.7597564458847046,0.8419564962387085,,,,
single_moving_actor_k1_budget1000,642,0.001,train-mode backward before optimizer step,74.94722909464399,1.1153265204000777,0.0,1.7746984958648682,1.0202347040176392,,,,
single_moving_actor_k1_budget1000,643,0.001,train-mode backward before optimizer step,73.77838691878243,0.9774359173804954,0.0,1.7783706188201904,0.7897473573684692,,,,
single_moving_actor_k1_budget1000,644,0.001,train-mode backward before optimizer step,75.89199496513181,1.2988247501828056,0.0,1.8098084926605225,1.1324074268341064,,,,
single_moving_actor_k1_budget1000,645,0.001,train-mode backward before optimizer step,76.21897701481335,2.4955179880207314,0.0,1.841496229171753,1.7926712036132812,,,,
single_moving_actor_k1_budget1000,646,0.001,train-mode backward before optimizer step,77.08917750404673,1.8394274373167752,0.0,1.8413012027740479,1.3843317031860352,,,,
single_moving_actor_k1_budget1000,647,0.001,train-mode backward before optimizer step,78.32873720988353,1.7900496882267993,0.0,1.8875863552093506,1.4570903778076172,,,,
single_moving_actor_k1_budget1000,648,0.001,train-mode backward before optimizer step,77.28906604383621,1.9163663882238848,0.0,1.8942372798919678,1.8011796474456787,,,,
single_moving_actor_k1_budget1000,649,0.001,train-mode backward before optimizer step,76.03056775482597,1.9934777632563603,0.0,1.8865903615951538,1.6959164142608643,,,,
single_moving_actor_k1_budget1000,650,0.001,train-mode backward before optimizer step,78.57677577219296,2.2109459436851604,0.0,1.8803471326828003,2.1755504608154297,14.08154010772705,4.2767462730407715,14.824141502380371,49.5347785949707
single_moving_actor_k1_budget1000,651,0.001,train-mode backward before optimizer step,79.85820069164232,1.6952376882046802,0.0,1.8949825763702393,1.5886528491973877,,,,
single_moving_actor_k1_budget1000,652,0.001,train-mode backward before optimizer step,80.3024043413822,1.9076259394261839,0.0,1.8962459564208984,1.6466751098632812,,,,
single_moving_actor_k1_budget1000,653,0.001,train-mode backward before optimizer step,77.89064679589221,1.6685704624295277,0.0,1.8812750577926636,1.4636529684066772,,,,
single_moving_actor_k1_budget1000,654,0.001,train-mode backward before optimizer step,78.83800603217486,2.35746081485191,0.0,1.8750181198120117,2.1817078590393066,,,,
single_moving_actor_k1_budget1000,655,0.001,train-mode backward before optimizer step,78.36554577490583,2.682920213445216,0.0,1.8605931997299194,2.527385711669922,,,,
single_moving_actor_k1_budget1000,656,0.001,train-mode backward before optimizer step,80.33889965831915,1.9146513072087303,0.0,1.8496456146240234,1.8614249229431152,,,,
single_moving_actor_k1_budget1000,657,0.001,train-mode backward before optimizer step,75.74218409087429,1.8017626607058173,0.0,1.816069483757019,1.422034740447998,,,,
single_moving_actor_k1_budget1000,658,0.001,train-mode backward before optimizer step,76.446742551651,2.216756189922296,0.0,1.7965059280395508,1.7472031116485596,,,,
single_moving_actor_k1_budget1000,659,0.001,train-mode backward before optimizer step,75.5376074506497,3.142284154086869,0.0,1.7534751892089844,2.377016305923462,,,,
single_moving_actor_k1_budget1000,660,0.001,train-mode backward before optimizer step,71.08156549589161,2.0813245678479246,0.0,1.719178557395935,1.4340076446533203,14.36179256439209,4.295351028442383,14.902608871459961,49.5347785949707
single_moving_actor_k1_budget1000,661,0.001,train-mode backward before optimizer step,69.6521552387259,1.7024223513374759,0.0,1.6684026718139648,1.3842859268188477,,,,
single_moving_actor_k1_budget1000,662,0.001,train-mode backward before optimizer step,69.08476220212918,2.200175021037356,0.0,1.639671802520752,1.4184073209762573,,,,
single_moving_actor_k1_budget1000,663,0.001,train-mode backward before optimizer step,66.66635119518193,1.6282109691257167,0.0,1.6034090518951416,1.3760087490081787,,,,
single_moving_actor_k1_budget1000,664,0.001,train-mode backward before optimizer step,67.29023682832283,1.7343097600611923,0.0,1.576178789138794,1.4054373502731323,,,,
single_moving_actor_k1_budget1000,665,0.001,train-mode backward before optimizer step,64.71445095166534,1.2203279622885643,0.0,1.5482711791992188,0.973633885383606,,,,
single_moving_actor_k1_budget1000,666,0.001,train-mode backward before optimizer step,64.24652605098844,1.3776338496031788,0.0,1.5255639553070068,0.9401644468307495,,,,
single_moving_actor_k1_budget1000,667,0.001,train-mode backward before optimizer step,64.20313081607942,1.1027895264140293,0.0,1.5049657821655273,0.8529381155967712,,,,
single_moving_actor_k1_budget1000,668,0.001,train-mode backward before optimizer step,63.12732162794349,1.402350287272599,0.0,1.468584418296814,1.0284088850021362,,,,
single_moving_actor_k1_budget1000,669,0.001,train-mode backward before optimizer step,60.555475072049006,1.2735101532830735,0.0,1.4669126272201538,0.7167408466339111,,,,
single_moving_actor_k1_budget1000,670,0.001,train-mode backward before optimizer step,60.630240804981284,1.7851441144288076,0.0,1.4336676597595215,1.0658738613128662,14.604876518249512,4.3193182945251465,15.00749397277832,49.5347785949707
single_moving_actor_k1_budget1000,671,0.001,train-mode backward before optimizer step,62.09166263564579,1.6185295531457957,0.0,1.4378128051757812,1.1259649991989136,,,,
single_moving_actor_k1_budget1000,672,0.001,train-mode backward before optimizer step,59.93145279649517,1.2639869497100094,0.0,1.4430574178695679,0.770361065864563,,,,
single_moving_actor_k1_budget1000,673,0.001,train-mode backward before optimizer step,58.66417407157881,1.0511736163559104,0.0,1.4510473012924194,0.7778217792510986,,,,
single_moving_actor_k1_budget1000,674,0.001,train-mode backward before optimizer step,60.95566461700967,1.1227770972374114,0.0,1.4575512409210205,0.8003057837486267,,,,
single_moving_actor_k1_budget1000,675,0.001,train-mode backward before optimizer step,60.226080500321395,1.207539348145451,0.0,1.4341087341308594,0.9219903945922852,,,,
single_moving_actor_k1_budget1000,676,0.001,train-mode backward before optimizer step,60.77262683362184,1.0992523208421974,0.0,1.4640891551971436,0.7774187922477722,,,,
single_moving_actor_k1_budget1000,677,0.001,train-mode backward before optimizer step,61.54205980703543,1.314730070461593,0.0,1.4654455184936523,0.9152437448501587,,,,
single_moving_actor_k1_budget1000,678,0.001,train-mode backward before optimizer step,62.424087068988214,0.9976560547806909,0.0,1.4690196514129639,0.7219385504722595,,,,
single_moving_actor_k1_budget1000,679,0.001,train-mode backward before optimizer step,62.53016810872127,1.2189103480932524,0.0,1.4992297887802124,0.8349143266677856,,,,
single_moving_actor_k1_budget1000,680,0.001,train-mode backward before optimizer step,63.59079450487411,1.3760841693941326,0.0,1.5077083110809326,0.8967629671096802,14.838933944702148,4.340204238891602,15.154401779174805,49.5347785949707
single_moving_actor_k1_budget1000,681,0.001,train-mode backward before optimizer step,62.5600719159692,0.9825364121791359,0.0,1.503103494644165,0.6091799139976501,,,,
single_moving_actor_k1_budget1000,682,0.001,train-mode backward before optimizer step,63.02289343695823,1.2331992051513632,0.0,1.5264934301376343,0.7695392370223999,,,,
single_moving_actor_k1_budget1000,683,0.001,train-mode backward before optimizer step,65.08667087665124,1.0428648192548637,0.0,1.5629148483276367,0.6715232729911804,,,,
single_moving_actor_k1_budget1000,684,0.001,train-mode backward before optimizer step,67.30738461812341,1.0509632891056864,0.0,1.5714735984802246,0.7282476425170898,,,,
single_moving_actor_k1_budget1000,685,0.001,train-mode backward before optimizer step,67.76682709845309,1.1513863012815964,0.0,1.597630262374878,0.8450455665588379,,,,
single_moving_actor_k1_budget1000,686,0.001,train-mode backward before optimizer step,69.76070529651767,0.8148613358551582,0.0,1.6223127841949463,0.5621920824050903,,,,
single_moving_actor_k1_budget1000,687,0.001,train-mode backward before optimizer step,68.66038936092555,1.1565704689490859,0.0,1.6407769918441772,0.8889331221580505,,,,
single_moving_actor_k1_budget1000,688,0.001,train-mode backward before optimizer step,70.93184673663141,1.2578878472991493,0.0,1.6669597625732422,1.0043959617614746,,,,
single_moving_actor_k1_budget1000,689,0.001,train-mode backward before optimizer step,73.18461360275245,1.1118705040807066,0.0,1.6878783702850342,0.7938166856765747,,,,
single_moving_actor_k1_budget1000,690,0.001,train-mode backward before optimizer step,71.99729120785769,1.89554577281493,0.0,1.7033674716949463,1.3995898962020874,15.078130722045898,4.355563640594482,15.246847152709961,49.5347785949707
single_moving_actor_k1_budget1000,691,0.001,train-mode backward before optimizer step,73.06297976885925,1.9528963843016829,0.0,1.7100911140441895,1.4037861824035645,,,,
single_moving_actor_k1_budget1000,692,0.001,train-mode backward before optimizer step,74.88935423313532,1.4594603187229667,0.0,1.7361506223678589,1.2092409133911133,,,,
single_moving_actor_k1_budget1000,693,0.001,train-mode backward before optimizer step,75.50005128876704,1.626602920218556,0.0,1.7641315460205078,1.2866437435150146,,,,
single_moving_actor_k1_budget1000,694,0.001,train-mode backward before optimizer step,75.2395853059049,1.4136523444798286,0.0,1.7447741031646729,1.1895925998687744,,,,
single_moving_actor_k1_budget1000,695,0.001,train-mode backward before optimizer step,74.05338891147916,1.4291422593884902,0.0,1.7389386892318726,1.0388462543487549,,,,
single_moving_actor_k1_budget1000,696,0.001,train-mode backward before optimizer step,74.71636155120585,1.256899332240898,0.0,1.7725424766540527,1.1959128379821777,,,,
single_moving_actor_k1_budget1000,697,0.001,train-mode backward before optimizer step,75.80718697047818,1.5924722411280765,0.0,1.7976335287094116,1.2607934474945068,,,,
single_moving_actor_k1_budget1000,698,0.001,train-mode backward before optimizer step,75.40348103902191,1.9536442576725022,0.0,1.7835644483566284,1.8636468648910522,,,,
single_moving_actor_k1_budget1000,699,0.001,train-mode backward before optimizer step,74.18238542112744,2.028685999664456,0.0,1.775620460510254,1.9049161672592163,,,,
single_moving_actor_k1_budget1000,700,0.001,train-mode backward before optimizer step,72.5843748408977,1.4806208165128334,0.0,1.7497081756591797,1.1382522583007812,15.3278169631958,4.368379592895508,15.324660301208496,49.5347785949707
single_moving_actor_k1_budget1000,701,0.001,train-mode backward before optimizer step,73.31104974753153,1.1344065899350333,0.0,1.7197234630584717,0.8654499053955078,,,,
single_moving_actor_k1_budget1000,702,0.001,train-mode backward before optimizer step,70.92525837035622,1.5495857074824297,0.0,1.7138001918792725,1.2418038845062256,,,,
single_moving_actor_k1_budget1000,703,0.001,train-mode backward before optimizer step,69.05650725674656,1.6180113654705581,0.0,1.7136270999908447,1.2730603218078613,,,,
single_moving_actor_k1_budget1000,704,0.001,train-mode backward before optimizer step,67.46969019081587,1.4667479610818872,0.0,1.690108299255371,1.2359530925750732,,,,
single_moving_actor_k1_budget1000,705,0.001,train-mode backward before optimizer step,70.27322820277573,1.1805231680535468,0.0,1.665611982345581,0.912653923034668,,,,
single_moving_actor_k1_budget1000,706,0.001,train-mode backward before optimizer step,69.60265544097656,1.0956401364646722,0.0,1.6569331884384155,0.8420276641845703,,,,
single_moving_actor_k1_budget1000,707,0.001,train-mode backward before optimizer step,65.47239194536604,1.2310911411212029,0.0,1.642468810081482,0.9173730611801147,,,,
single_moving_actor_k1_budget1000,708,0.001,train-mode backward before optimizer step,67.27602416831239,1.512392563877534,0.0,1.634771704673767,1.2030012607574463,,,,
single_moving_actor_k1_budget1000,709,0.001,train-mode backward before optimizer step,64.6023117639386,1.2910066431624059,0.0,1.6229579448699951,0.9425818920135498,,,,
single_moving_actor_k1_budget1000,710,0.001,train-mode backward before optimizer step,67.8394385542231,1.3340819596627056,0.0,1.6299521923065186,0.9744439125061035,15.619924545288086,4.381139755249023,15.409557342529297,49.5347785949707
single_moving_actor_k1_budget1000,711,0.001,train-mode backward before optimizer step,68.51772586509848,1.254275947973212,0.0,1.6261948347091675,0.9934765696525574,,,,
single_moving_actor_k1_budget1000,712,0.001,train-mode backward before optimizer step,65.61720045958279,0.9531867590582539,0.0,1.6154816150665283,0.6763831973075867,,,,
single_moving_actor_k1_budget1000,713,0.001,train-mode backward before optimizer step,66.87863496043427,1.0246049107352646,0.0,1.6241281032562256,0.7867892980575562,,,,
single_moving_actor_k1_budget1000,714,0.001,train-mode backward before optimizer step,66.37915472998813,1.2502248680684984,0.0,1.6089643239974976,0.9582878947257996,,,,
single_moving_actor_k1_budget1000,715,0.001,train-mode backward before optimizer step,66.56811600370841,1.6008199482508876,0.0,1.614177942276001,1.2076255083084106,,,,
single_moving_actor_k1_budget1000,716,0.001,train-mode backward before optimizer step,63.71944590400156,0.9670245642038118,0.0,1.5919965505599976,0.6801671981811523,,,,
single_moving_actor_k1_budget1000,717,0.001,train-mode backward before optimizer step,68.53583212744867,1.2954358074432917,0.0,1.6038665771484375,0.9868917465209961,,,,
single_moving_actor_k1_budget1000,718,0.001,train-mode backward before optimizer step,66.51810816307315,1.3283222515744257,0.0,1.6224088668823242,0.9800572395324707,,,,
single_moving_actor_k1_budget1000,719,0.001,train-mode backward before optimizer step,69.01704077992534,1.3177517346088312,0.0,1.6269404888153076,1.0041279792785645,,,,
single_moving_actor_k1_budget1000,720,0.001,train-mode backward before optimizer step,66.72036860835622,1.711395151874569,0.0,1.6466435194015503,1.2988489866256714,15.839016914367676,4.3835062980651855,15.503891944885254,49.5347785949707
single_moving_actor_k1_budget1000,721,0.001,train-mode backward before optimizer step,67.01154552627989,2.084579596516927,0.0,1.6600263118743896,1.2761156558990479,,,,
single_moving_actor_k1_budget1000,722,0.001,train-mode backward before optimizer step,67.94412621786583,1.5353402942932823,0.0,1.6420588493347168,1.017817497253418,,,,
single_moving_actor_k1_budget1000,723,0.001,train-mode backward before optimizer step,68.59276487392097,1.096111362682464,0.0,1.6723384857177734,0.8357269763946533,,,,
single_moving_actor_k1_budget1000,724,0.001,train-mode backward before optimizer step,68.41484149480281,1.2418956991087904,0.0,1.6902002096176147,0.9701169729232788,,,,
single_moving_actor_k1_budget1000,725,0.001,train-mode backward before optimizer step,70.82130384830957,1.1473013872921456,0.0,1.6952099800109863,0.8654146194458008,,,,
single_moving_actor_k1_budget1000,726,0.001,train-mode backward before optimizer step,70.74466239580342,1.401202654405254,0.0,1.7123355865478516,1.240790605545044,,,,
single_moving_actor_k1_budget1000,727,0.001,train-mode backward before optimizer step,70.56741592659507,1.179141565101245,0.0,1.7115072011947632,0.977837324142456,,,,
single_moving_actor_k1_budget1000,728,0.001,train-mode backward before optimizer step,70.72706286215573,1.265798263573553,0.0,1.7397089004516602,1.214719533920288,,,,
single_moving_actor_k1_budget1000,729,0.001,train-mode backward before optimizer step,71.2202560526747,1.4891579859668516,0.0,1.7426745891571045,1.2514889240264893,,,,
single_moving_actor_k1_budget1000,730,0.001,train-mode backward before optimizer step,72.54162183876188,2.0731334416784275,0.0,1.7444353103637695,1.572737693786621,16.15475845336914,4.379427909851074,15.652115821838379,49.5347785949707
single_moving_actor_k1_budget1000,731,0.001,train-mode backward before optimizer step,72.80343869794817,1.7853754003237217,0.0,1.7582721710205078,1.1912872791290283,,,,
single_moving_actor_k1_budget1000,732,0.001,train-mode backward before optimizer step,71.81819323260501,1.4917106341008277,0.0,1.773625135421753,1.079531192779541,,,,
single_moving_actor_k1_budget1000,733,0.001,train-mode backward before optimizer step,71.6211789538266,1.1739359823777835,0.0,1.7697761058807373,0.8988038897514343,,,,
single_moving_actor_k1_budget1000,734,0.001,train-mode backward before optimizer step,75.7747632734288,1.1686174559211182,0.0,1.763540267944336,0.8721833229064941,,,,
single_moving_actor_k1_budget1000,735,0.001,train-mode backward before optimizer step,73.72659578586658,1.1382483878314111,0.0,1.7948310375213623,0.9785341620445251,,,,
single_moving_actor_k1_budget1000,736,0.001,train-mode backward before optimizer step,76.82961869415848,1.1150109757513629,0.0,1.7957266569137573,1.0479233264923096,,,,
single_moving_actor_k1_budget1000,737,0.001,train-mode backward before optimizer step,72.53428206699596,1.409665153249941,0.0,1.7839001417160034,1.1663289070129395,,,,
single_moving_actor_k1_budget1000,738,0.001,train-mode backward before optimizer step,77.72036351084415,1.3754636715202975,0.0,1.82282292842865,1.2176649570465088,,,,
single_moving_actor_k1_budget1000,739,0.001,train-mode backward before optimizer step,74.89522251850052,1.1773374875631823,0.0,1.8122795820236206,1.0555838346481323,,,,
single_moving_actor_k1_budget1000,740,0.001,train-mode backward before optimizer step,75.70252284599648,1.006410320231466,0.0,1.847779631614685,0.9210273027420044,16.421045303344727,4.390712261199951,15.767314910888672,49.5347785949707
single_moving_actor_k1_budget1000,741,0.001,train-mode backward before optimizer step,80.86061744737961,1.126637707675998,0.0,1.8610808849334717,0.9269928336143494,,,,
single_moving_actor_k1_budget1000,742,0.001,train-mode backward before optimizer step,78.46754185980765,1.240074606696152,0.0,1.8774926662445068,1.2068355083465576,,,,
single_moving_actor_k1_budget1000,743,0.001,train-mode backward before optimizer step,79.55763952989366,1.5993369170071352,0.0,1.8989834785461426,1.5766222476959229,,,,
single_moving_actor_k1_budget1000,744,0.001,train-mode backward before optimizer step,79.7204544114019,1.933921702956807,0.0,1.899327278137207,1.7719167470932007,,,,
single_moving_actor_k1_budget1000,745,0.001,train-mode backward before optimizer step,81.14775647782176,1.1004283543530875,0.0,1.9038766622543335,1.0336596965789795,,,,
single_moving_actor_k1_budget1000,746,0.001,train-mode backward before optimizer step,79.13776138878968,1.1245635563857512,0.0,1.886106252670288,1.07038414478302,,,,
single_moving_actor_k1_budget1000,747,0.001,train-mode backward before optimizer step,79.63690134446041,1.1896664855431267,0.0,1.9132894277572632,1.2360843420028687,,,,
single_moving_actor_k1_budget1000,748,0.001,train-mode backward before optimizer step,79.23820886155328,1.320394641334014,0.0,1.9142783880233765,1.3000986576080322,,,,
single_moving_actor_k1_budget1000,749,0.001,train-mode backward before optimizer step,82.27696883063477,1.4719936961613642,0.0,1.9208520650863647,1.3385536670684814,,,,
single_moving_actor_k1_budget1000,750,0.001,train-mode backward before optimizer step,80.6674974817632,1.3961621617773647,0.0,1.918117880821228,1.2426209449768066,16.386493682861328,4.399277687072754,15.775590896606445,49.5347785949707
single_moving_actor_k1_budget1000,751,0.001,train-mode backward before optimizer step,82.41367433649043,1.3898108709053871,0.0,1.9046581983566284,1.1343553066253662,,,,
single_moving_actor_k1_budget1000,752,0.001,train-mode backward before optimizer step,77.28565763382221,1.60414230288204,0.0,1.9097859859466553,1.2759571075439453,,,,
single_moving_actor_k1_budget1000,753,0.001,train-mode backward before optimizer step,79.61730397858412,1.4764331732970648,0.0,1.9201698303222656,1.0338330268859863,,,,
single_moving_actor_k1_budget1000,754,0.001,train-mode backward before optimizer step,78.15636103982214,1.1195480724423734,0.0,1.907725214958191,0.9986305236816406,,,,
single_moving_actor_k1_budget1000,755,0.001,train-mode backward before optimizer step,76.62691687740559,1.2766071823901455,0.0,1.8964571952819824,1.1264575719833374,,,,
single_moving_actor_k1_budget1000,756,0.001,train-mode backward before optimizer step,80.97447101281725,1.047505343461885,0.0,1.9078162908554077,0.8930043578147888,,,,
single_moving_actor_k1_budget1000,757,0.001,train-mode backward before optimizer step,77.70877778541852,0.976958830233732,0.0,1.8857824802398682,0.8786877393722534,,,,
single_moving_actor_k1_budget1000,758,0.001,train-mode backward before optimizer step,80.62831018343095,1.318708915913151,0.0,1.8950046300888062,1.225773811340332,,,,
single_moving_actor_k1_budget1000,759,0.001,train-mode backward before optimizer step,81.76005854894488,1.2427474593277588,0.0,1.8999226093292236,1.117302417755127,,,,
single_moving_actor_k1_budget1000,760,0.001,train-mode backward before optimizer step,77.52679987714383,1.0170248192680782,0.0,1.8886445760726929,0.9358595609664917,16.378782272338867,4.407426834106445,15.805412292480469,49.5347785949707
single_moving_actor_k1_budget1000,761,0.001,train-mode backward before optimizer step,78.64077366420591,1.3279558966223297,0.0,1.8945939540863037,1.3413116931915283,,,,
single_moving_actor_k1_budget1000,762,0.001,train-mode backward before optimizer step,80.7237448741679,1.7032265416602905,0.0,1.925032615661621,1.422203779220581,,,,
single_moving_actor_k1_budget1000,763,0.001,train-mode backward before optimizer step,82.00271571803403,1.907660057923374,0.0,1.9259594678878784,1.7249643802642822,,,,
single_moving_actor_k1_budget1000,764,0.001,train-mode backward before optimizer step,81.67232255141937,1.7632363231795312,0.0,1.9345319271087646,1.6698780059814453,,,,
single_moving_actor_k1_budget1000,765,0.001,train-mode backward before optimizer step,82.39553582824438,1.474741229224587,0.0,1.9149041175842285,1.0944985151290894,,,,
single_moving_actor_k1_budget1000,766,0.001,train-mode backward before optimizer step,80.14103260607878,1.9052564135968761,0.0,1.9212263822555542,1.8559026718139648,,,,
single_moving_actor_k1_budget1000,767,0.001,train-mode backward before optimizer step,81.19835053522102,1.9569824523384016,0.0,1.9347553253173828,1.799192190170288,,,,
single_moving_actor_k1_budget1000,768,0.001,train-mode backward before optimizer step,81.71978606953023,1.8257240005446211,0.0,1.921076774597168,1.486532211303711,,,,
single_moving_actor_k1_budget1000,769,0.001,train-mode backward before optimizer step,84.8008399547194,1.1241938199797608,0.0,1.9323004484176636,0.9673746824264526,,,,
single_moving_actor_k1_budget1000,770,0.001,train-mode backward before optimizer step,79.41255518091025,1.4738429606773338,0.0,1.9096789360046387,1.3215750455856323,16.48369598388672,4.405848503112793,15.81421947479248,49.5347785949707
single_moving_actor_k1_budget1000,771,0.001,train-mode backward before optimizer step,81.37613787110037,1.6407655976816065,0.0,1.8940443992614746,1.496155023574829,,,,
single_moving_actor_k1_budget1000,772,0.001,train-mode backward before optimizer step,83.08369698966062,1.7920479482831813,0.0,1.9373865127563477,1.5326848030090332,,,,
single_moving_actor_k1_budget1000,773,0.001,train-mode backward before optimizer step,82.806841463859,1.4239466010118735,0.0,1.9408038854599,1.1457469463348389,,,,
single_moving_actor_k1_budget1000,774,0.001,train-mode backward before optimizer step,81.86216473063801,2.071459696032909,0.0,1.934745192527771,1.6414377689361572,,,,
single_moving_actor_k1_budget1000,775,0.001,train-mode backward before optimizer step,78.78604553922452,2.3699823611323314,0.0,1.909088134765625,2.0397250652313232,,,,
single_moving_actor_k1_budget1000,776,0.001,train-mode backward before optimizer step,80.0004467379944,2.6938133858699516,0.0,1.9149234294891357,2.622138500213623,,,,
single_moving_actor_k1_budget1000,777,0.001,train-mode backward before optimizer step,80.3834102816219,1.9330752631498926,0.0,1.9095373153686523,1.6867589950561523,,,,
single_moving_actor_k1_budget1000,778,0.001,train-mode backward before optimizer step,80.323644064158,1.9295131466254376,0.0,1.8830890655517578,1.5680663585662842,,,,
single_moving_actor_k1_budget1000,779,0.001,train-mode backward before optimizer step,75.62322181788012,1.4983882534799609,0.0,1.8672144412994385,1.4188058376312256,,,,
single_moving_actor_k1_budget1000,780,0.001,train-mode backward before optimizer step,77.90342728545691,1.7042002319158347,0.0,1.8811054229736328,1.5043702125549316,16.370162963867188,4.396578788757324,15.9359769821167,49.5347785949707
single_moving_actor_k1_budget1000,781,0.001,train-mode backward before optimizer step,78.97691928840004,1.6942403292005928,0.0,1.87550950050354,1.3230863809585571,,,,
single_moving_actor_k1_budget1000,782,0.001,train-mode backward before optimizer step,79.68966306902763,1.9937162415726966,0.0,1.869776725769043,1.7206754684448242,,,,
single_moving_actor_k1_budget1000,783,0.001,train-mode backward before optimizer step,75.26941076614393,1.8699443972765608,0.0,1.8631179332733154,1.5495580434799194,,,,
single_moving_actor_k1_budget1000,784,0.001,train-mode backward before optimizer step,75.40609099746486,1.411710951237689,0.0,1.864022970199585,1.2581104040145874,,,,
single_moving_actor_k1_budget1000,785,0.001,train-mode backward before optimizer step,75.7539382524751,1.3654677010617524,0.0,1.8444007635116577,1.1948633193969727,,,,
single_moving_actor_k1_budget1000,786,0.001,train-mode backward before optimizer step,74.76281062065989,1.0901299096662591,0.0,1.8327888250350952,0.823067843914032,,,,
single_moving_actor_k1_budget1000,787,0.001,train-mode backward before optimizer step,77.81109348968245,1.123389305410918,0.0,1.8443114757537842,0.8660981059074402,,,,
single_moving_actor_k1_budget1000,788,0.001,train-mode backward before optimizer step,74.95747115453776,1.224491677987847,0.0,1.8269752264022827,0.9391075372695923,,,,
single_moving_actor_k1_budget1000,789,0.001,train-mode backward before optimizer step,73.64975493141256,0.9263618081878123,0.0,1.8288888931274414,0.8048140406608582,,,,
single_moving_actor_k1_budget1000,790,0.001,train-mode backward before optimizer step,74.78107565696801,1.3039117820047064,0.0,1.8245553970336914,1.2238739728927612,16.475727081298828,4.379509449005127,16.114540100097656,49.5347785949707
single_moving_actor_k1_budget1000,791,0.001,train-mode backward before optimizer step,76.60864621556605,1.2160068219467324,0.0,1.847518801689148,1.1109966039657593,,,,
single_moving_actor_k1_budget1000,792,0.001,train-mode backward before optimizer step,75.74445045650107,1.2471958805446153,0.0,1.8625472784042358,1.1502885818481445,,,,
single_moving_actor_k1_budget1000,793,0.001,train-mode backward before optimizer step,77.5774398041784,1.403362566541942,0.0,1.8604373931884766,1.1973354816436768,,,,
single_moving_actor_k1_budget1000,794,0.001,train-mode backward before optimizer step,77.32120975732913,1.945312786969808,0.0,1.8820775747299194,1.7558382749557495,,,,
single_moving_actor_k1_budget1000,795,0.001,train-mode backward before optimizer step,79.88280957686909,1.6069018312025083,0.0,1.876833438873291,1.4365476369857788,,,,
single_moving_actor_k1_budget1000,796,0.001,train-mode backward before optimizer step,79.38850173215401,1.1270961271734856,0.0,1.8995370864868164,0.9965001344680786,,,,
single_moving_actor_k1_budget1000,797,0.001,train-mode backward before optimizer step,77.27243653243254,1.4363325217880163,0.0,1.8805038928985596,1.3853553533554077,,,,
single_moving_actor_k1_budget1000,798,0.001,train-mode backward before optimizer step,82.71278834619739,1.587068878640903,0.0,1.8871383666992188,1.3361282348632812,,,,
single_moving_actor_k1_budget1000,799,0.001,train-mode backward before optimizer step,77.65867965684356,1.6724848247743775,0.0,1.886418342590332,1.4209699630737305,,,,
single_moving_actor_k1_budget1000,800,0.001,train-mode backward before optimizer step,79.3746932524724,1.300335091687239,0.0,1.8972280025482178,1.2460901737213135,16.697816848754883,4.371591567993164,16.228424072265625,49.5347785949707
single_moving_actor_k1_budget1000,801,0.001,train-mode backward before optimizer step,81.57488507002805,1.0218103902737001,0.0,1.9034605026245117,0.7622207999229431,,,,
single_moving_actor_k1_budget1000,802,0.001,train-mode backward before optimizer step,80.30347788760483,1.1100430389295701,0.0,1.9140453338623047,0.9191339015960693,,,,
single_moving_actor_k1_budget1000,803,0.001,train-mode backward before optimizer step,80.53593723610749,1.1471182550963501,0.0,1.907602310180664,0.9370203018188477,,,,
single_moving_actor_k1_budget1000,804,0.001,train-mode backward before optimizer step,78.41796639214608,1.1005230758845745,0.0,1.920907974243164,0.9915283918380737,,,,
single_moving_actor_k1_budget1000,805,0.001,train-mode backward before optimizer step,80.95476246322006,1.2776638152392623,0.0,1.9408483505249023,1.2916343212127686,,,,
single_moving_actor_k1_budget1000,806,0.001,train-mode backward before optimizer step,82.47013504357274,1.5477187988452503,0.0,1.9265029430389404,1.3925492763519287,,,,
single_moving_actor_k1_budget1000,807,0.001,train-mode backward before optimizer step,81.73402144155591,1.1642016069769878,0.0,1.9638183116912842,1.0366228818893433,,,,
single_moving_actor_k1_budget1000,808,0.001,train-mode backward before optimizer step,82.14134045509604,1.166180623024621,0.0,1.9567985534667969,0.9619907736778259,,,,
single_moving_actor_k1_budget1000,809,0.001,train-mode backward before optimizer step,83.01799924997228,1.737882413548701,0.0,1.9669559001922607,1.5183484554290771,,,,
single_moving_actor_k1_budget1000,810,0.001,train-mode backward before optimizer step,84.22497884040926,1.9920940592365228,0.0,1.9982857704162598,1.709111213684082,16.830347061157227,4.358416557312012,16.346790313720703,49.5347785949707
single_moving_actor_k1_budget1000,811,0.001,train-mode backward before optimizer step,82.83407485052153,1.5037148690257303,0.0,2.006592273712158,1.3502898216247559,,,,
single_moving_actor_k1_budget1000,812,0.001,train-mode backward before optimizer step,82.91147964379729,1.5209810718699188,0.0,2.0104176998138428,1.3700282573699951,,,,
single_moving_actor_k1_budget1000,813,0.001,train-mode backward before optimizer step,85.30003408750359,1.7677595794318655,0.0,2.011653184890747,1.5661991834640503,,,,
single_moving_actor_k1_budget1000,814,0.001,train-mode backward before optimizer step,80.86327758140426,1.781342581087944,0.0,2.0011892318725586,1.4760208129882812,,,,
single_moving_actor_k1_budget1000,815,0.001,train-mode backward before optimizer step,81.16443039838585,1.6318007005128894,0.0,2.004953384399414,1.2795257568359375,,,,
single_moving_actor_k1_budget1000,816,0.001,train-mode backward before optimizer step,80.99057645487022,1.3225847104070885,0.0,2.0146851539611816,1.295026421546936,,,,
single_moving_actor_k1_budget1000,817,0.001,train-mode backward before optimizer step,83.33068820272932,1.2150520903502682,0.0,1.9961297512054443,1.0076674222946167,,,,
single_moving_actor_k1_budget1000,818,0.001,train-mode backward before optimizer step,81.1686347689646,1.7529239072490534,0.0,2.0128173828125,1.6907377243041992,,,,
single_moving_actor_k1_budget1000,819,0.001,train-mode backward before optimizer step,84.14694255672072,1.1451920821170827,0.0,2.0003628730773926,0.998332679271698,,,,
single_moving_actor_k1_budget1000,820,0.001,train-mode backward before optimizer step,85.74535810101284,1.2600466636356853,0.0,2.010073184967041,1.221841812133789,17.04612922668457,4.3599138259887695,16.43865394592285,49.5347785949707
single_moving_actor_k1_budget1000,821,0.001,train-mode backward before optimizer step,79.37516450498751,1.3278223367690878,0.0,2.0094125270843506,1.3226213455200195,,,,
single_moving_actor_k1_budget1000,822,0.001,train-mode backward before optimizer step,83.76363921225348,1.0063971880944154,0.0,2.0253610610961914,0.9933869242668152,,,,
single_moving_actor_k1_budget1000,823,0.001,train-mode backward before optimizer step,83.9687547917405,1.2215914522259326,0.0,2.0507760047912598,0.9626771807670593,,,,
single_moving_actor_k1_budget1000,824,0.001,train-mode backward before optimizer step,84.33144772029404,1.1757684274506348,0.0,2.0362343788146973,1.1169822216033936,,,,
single_moving_actor_k1_budget1000,825,0.001,train-mode backward before optimizer step,84.70069791354682,1.4000220052472747,0.0,2.076141834259033,1.3605782985687256,,,,
single_moving_actor_k1_budget1000,826,0.001,train-mode backward before optimizer step,85.77141932913663,1.6914470999031772,0.0,2.0530009269714355,1.5174570083618164,,,,
single_moving_actor_k1_budget1000,827,0.001,train-mode backward before optimizer step,85.05286476305045,1.3641373929514395,0.0,2.0772016048431396,1.3771686553955078,,,,
single_moving_actor_k1_budget1000,828,0.001,train-mode backward before optimizer step,84.45425912851097,1.143113072664136,0.0,2.0761470794677734,1.104629397392273,,,,
single_moving_actor_k1_budget1000,829,0.001,train-mode backward before optimizer step,85.47491462620111,1.9181186216308421,0.0,2.071120500564575,1.673419713973999,,,,
single_moving_actor_k1_budget1000,830,0.001,train-mode backward before optimizer step,87.03170230295103,1.754984467037125,0.0,2.084230661392212,1.5656425952911377,17.226112365722656,4.370660781860352,16.503108978271484,49.5347785949707
single_moving_actor_k1_budget1000,831,0.001,train-mode backward before optimizer step,81.78889053619419,1.3443830661309784,0.0,2.0596022605895996,1.137861967086792,,,,
single_moving_actor_k1_budget1000,832,0.001,train-mode backward before optimizer step,84.75303274279986,1.138201440685876,0.0,2.111807346343994,1.125707983970642,,,,
single_moving_actor_k1_budget1000,833,0.001,train-mode backward before optimizer step,84.33159708497544,1.6590754776190377,0.0,2.0605006217956543,1.6523089408874512,,,,
single_moving_actor_k1_budget1000,834,0.001,train-mode backward before optimizer step,82.6230973005943,1.8211738165150848,0.0,2.0889322757720947,1.8067563772201538,,,,
single_moving_actor_k1_budget1000,835,0.001,train-mode backward before optimizer step,83.22892283690074,2.068005596883749,0.0,2.0719728469848633,1.8579610586166382,,,,
single_moving_actor_k1_budget1000,836,0.001,train-mode backward before optimizer step,83.42482004772907,1.6992951421687226,0.0,2.078752040863037,1.4388573169708252,,,,
single_moving_actor_k1_budget1000,837,0.001,train-mode backward before optimizer step,81.071822184613,1.3542977702656505,0.0,2.0614278316497803,1.2011759281158447,,,,
single_moving_actor_k1_budget1000,838,0.001,train-mode backward before optimizer step,82.88313826003,1.4130190217232226,0.0,2.066749334335327,1.3569672107696533,,,,
single_moving_actor_k1_budget1000,839,0.001,train-mode backward before optimizer step,80.75683448620278,1.4680703655702145,0.0,2.05826473236084,1.255284070968628,,,,
single_moving_actor_k1_budget1000,840,0.001,train-mode backward before optimizer step,81.28331676833477,1.4984873845487154,0.0,2.043168067932129,1.598026990890503,17.422990798950195,4.370108604431152,16.55164337158203,49.5347785949707
single_moving_actor_k1_budget1000,841,0.001,train-mode backward before optimizer step,82.77412342679743,1.418320459188381,0.0,2.0474331378936768,1.5305242538452148,,,,
single_moving_actor_k1_budget1000,842,0.001,train-mode backward before optimizer step,82.4716691440394,1.7844115239494407,0.0,2.0323867797851562,1.8883769512176514,,,,
single_moving_actor_k1_budget1000,843,0.001,train-mode backward before optimizer step,83.53119335394543,1.6276656207783724,0.0,2.016918659210205,1.4283297061920166,,,,
single_moving_actor_k1_budget1000,844,0.001,train-mode backward before optimizer step,79.4450920657857,1.2267026489625836,0.0,2.007122755050659,1.0594934225082397,,,,
single_moving_actor_k1_budget1000,845,0.001,train-mode backward before optimizer step,79.44214749887068,1.5910645031143,0.0,1.9961702823638916,1.6882909536361694,,,,
single_moving_actor_k1_budget1000,846,0.001,train-mode backward before optimizer step,78.48218754357991,0.9983533778912795,0.0,1.9825174808502197,0.9582748413085938,,,,
single_moving_actor_k1_budget1000,847,0.001,train-mode backward before optimizer step,78.56985431568157,2.031313573866104,0.0,1.978162169456482,1.9113643169403076,,,,
single_moving_actor_k1_budget1000,848,0.001,train-mode backward before optimizer step,82.95729767748209,1.7019229119396257,0.0,2.001249074935913,1.468622088432312,,,,
single_moving_actor_k1_budget1000,849,0.001,train-mode backward before optimizer step,81.88421657528446,1.5426868757096404,0.0,1.9777196645736694,1.3114311695098877,,,,
single_moving_actor_k1_budget1000,850,0.001,train-mode backward before optimizer step,81.5542593587314,1.5222514993187184,0.0,2.001978874206543,1.543973684310913,17.61615753173828,4.361045837402344,16.611736297607422,49.5347785949707
single_moving_actor_k1_budget1000,851,0.001,train-mode backward before optimizer step,79.13510651102676,1.4957150188054424,0.0,1.974132776260376,1.5224828720092773,,,,
single_moving_actor_k1_budget1000,852,0.001,train-mode backward before optimizer step,81.42889621982182,1.768454230663696,0.0,1.9826784133911133,1.6487187147140503,,,,
single_moving_actor_k1_budget1000,853,0.001,train-mode backward before optimizer step,80.65044643161495,1.637618398290291,0.0,1.9781759977340698,1.377442717552185,,,,
single_moving_actor_k1_budget1000,854,0.001,train-mode backward before optimizer step,80.15944282400402,1.1399960900254167,0.0,1.9897016286849976,1.017532229423523,,,,
single_moving_actor_k1_budget1000,855,0.001,train-mode backward before optimizer step,81.02344290145035,1.1985024662391648,0.0,1.9848039150238037,1.0558643341064453,,,,
single_moving_actor_k1_budget1000,856,0.001,train-mode backward before optimizer step,80.20265470058385,1.6556735445051678,0.0,2.004065990447998,1.2171063423156738,,,,
single_moving_actor_k1_budget1000,857,0.001,train-mode backward before optimizer step,81.07629332578641,1.729034164912226,0.0,1.987865686416626,1.259652853012085,,,,
single_moving_actor_k1_budget1000,858,0.001,train-mode backward before optimizer step,79.14741904242871,1.1730994895501832,0.0,1.9845846891403198,0.850958526134491,,,,
single_moving_actor_k1_budget1000,859,0.001,train-mode backward before optimizer step,85.21229868947255,1.9104399808564105,0.0,1.9903655052185059,1.867656946182251,,,,
single_moving_actor_k1_budget1000,860,0.001,train-mode backward before optimizer step,81.78026289571686,1.9466735350693498,0.0,1.9951971769332886,1.6332340240478516,17.810148239135742,4.363219261169434,16.70156478881836,49.5347785949707
single_moving_actor_k1_budget1000,861,0.001,train-mode backward before optimizer step,78.5557604590946,2.1277656520136468,0.0,1.9960362911224365,1.8809621334075928,,,,
single_moving_actor_k1_budget1000,862,0.001,train-mode backward before optimizer step,81.24871644628567,1.3721639998650552,0.0,1.9887802600860596,1.089489221572876,,,,
single_moving_actor_k1_budget1000,863,0.001,train-mode backward before optimizer step,79.2128792981713,1.2571245764540502,0.0,1.9742333889007568,1.177427053451538,,,,
single_moving_actor_k1_budget1000,864,0.001,train-mode backward before optimizer step,80.94180613001441,1.2794440288976592,0.0,1.9917395114898682,1.1291216611862183,,,,
single_moving_actor_k1_budget1000,865,0.001,train-mode backward before optimizer step,79.28888830019115,1.6641790130431084,0.0,1.964477300643921,1.5203903913497925,,,,
single_moving_actor_k1_budget1000,866,0.001,train-mode backward before optimizer step,78.21355679479478,1.7484114546164937,0.0,1.982635498046875,1.692365050315857,,,,
single_moving_actor_k1_budget1000,867,0.001,train-mode backward before optimizer step,76.1508309118422,1.6425885448839754,0.0,1.9747905731201172,1.5636892318725586,,,,
single_moving_actor_k1_budget1000,868,0.001,train-mode backward before optimizer step,78.87149299673148,1.1727336202464105,0.0,1.9779841899871826,0.9736365079879761,,,,
single_moving_actor_k1_budget1000,869,0.001,train-mode backward before optimizer step,79.46524662817073,1.0717496907469668,0.0,1.9669036865234375,0.9465610980987549,,,,
single_moving_actor_k1_budget1000,870,0.001,train-mode backward before optimizer step,77.20131751926098,1.3708578601792347,0.0,1.980842113494873,1.3650591373443604,17.96832275390625,4.365256309509277,16.645198822021484,49.5347785949707
single_moving_actor_k1_budget1000,871,0.001,train-mode backward before optimizer step,80.48081530295477,1.3420992556857199,0.0,1.9798533916473389,1.3270457983016968,,,,
single_moving_actor_k1_budget1000,872,0.001,train-mode backward before optimizer step,79.2781121800532,1.1522596834354326,0.0,1.97389817237854,1.0656933784484863,,,,
single_moving_actor_k1_budget1000,873,0.001,train-mode backward before optimizer step,77.64494794527405,1.0630068513950208,0.0,1.9648551940917969,1.0017735958099365,,,,
single_moving_actor_k1_budget1000,874,0.001,train-mode backward before optimizer step,79.12822921893823,1.2953086091005435,0.0,1.9687917232513428,1.135350227355957,,,,
single_moving_actor_k1_budget1000,875,0.001,train-mode backward before optimizer step,76.38359215875808,1.0047789003523977,0.0,1.9685544967651367,0.9710454940795898,,,,
single_moving_actor_k1_budget1000,876,0.001,train-mode backward before optimizer step,80.13304045728191,1.9491744635323802,0.0,1.9785704612731934,1.7701929807662964,,,,
single_moving_actor_k1_budget1000,877,0.001,train-mode backward before optimizer step,79.8038312600835,1.9846664547085848,0.0,1.9841207265853882,1.764294981956482,,,,
single_moving_actor_k1_budget1000,878,0.001,train-mode backward before optimizer step,79.83580257050968,1.9642426875866594,0.0,2.0098776817321777,1.6830576658248901,,,,
single_moving_actor_k1_budget1000,879,0.001,train-mode backward before optimizer step,78.89053209103089,1.422057106680317,0.0,1.9947909116744995,1.2606068849563599,,,,
single_moving_actor_k1_budget1000,880,0.001,train-mode backward before optimizer step,81.71969178598732,1.1779761032697427,0.0,1.9896070957183838,1.0938854217529297,18.2150936126709,4.368717193603516,16.639923095703125,49.5347785949707
single_moving_actor_k1_budget1000,881,0.001,train-mode backward before optimizer step,87.94398031751004,1.3682930335335242,0.0,2.0087878704071045,1.1923131942749023,,,,
single_moving_actor_k1_budget1000,882,0.001,train-mode backward before optimizer step,82.37287145527159,1.2094002213011086,0.0,2.0069761276245117,1.0132451057434082,,,,
single_moving_actor_k1_budget1000,883,0.001,train-mode backward before optimizer step,82.67480881900111,1.2289794078230991,0.0,1.9786937236785889,1.127036452293396,,,,
single_moving_actor_k1_budget1000,884,0.001,train-mode backward before optimizer step,82.24302703079252,1.57663693819245,0.0,1.9740798473358154,1.267585039138794,,,,
single_moving_actor_k1_budget1000,885,0.001,train-mode backward before optimizer step,85.5096722790695,1.9375151943278623,0.0,1.9989956617355347,1.7016210556030273,,,,
single_moving_actor_k1_budget1000,886,0.001,train-mode backward before optimizer step,85.18405352441516,2.26042123218539,0.0,1.986854076385498,2.1931538581848145,,,,
single_moving_actor_k1_budget1000,887,0.001,train-mode backward before optimizer step,81.98646900313359,2.897245808456917,0.0,1.9545725584030151,2.7332210540771484,,,,
single_moving_actor_k1_budget1000,888,0.001,train-mode backward before optimizer step,79.89815251323964,2.7556527042072823,0.0,1.9380773305892944,2.2250304222106934,,,,
single_moving_actor_k1_budget1000,889,0.001,train-mode backward before optimizer step,80.25470611499831,2.1254330527016276,0.0,1.9291760921478271,1.971935749053955,,,,
single_moving_actor_k1_budget1000,890,0.001,train-mode backward before optimizer step,77.64958767098734,1.4907715323657018,0.0,1.916263461112976,1.4356276988983154,18.370756149291992,4.39133358001709,16.73210906982422,49.5347785949707
single_moving_actor_k1_budget1000,891,0.001,train-mode backward before optimizer step,81.32511478391827,1.1130677360323864,0.0,1.913313388824463,0.9918121099472046,,,,
single_moving_actor_k1_budget1000,892,0.001,train-mode backward before optimizer step,74.77060686570687,1.1422896951376602,0.0,1.8820022344589233,0.969139575958252,,,,
single_moving_actor_k1_budget1000,893,0.001,train-mode backward before optimizer step,74.86088141829092,1.6837840292765454,0.0,1.8802096843719482,1.4096797704696655,,,,
single_moving_actor_k1_budget1000,894,0.001,train-mode backward before optimizer step,75.12252076423066,1.3368814415573773,0.0,1.8595170974731445,1.0636863708496094,,,,
single_moving_actor_k1_budget1000,895,0.001,train-mode backward before optimizer step,74.69924090524772,1.4595571685191446,0.0,1.8478457927703857,1.3614120483398438,,,,
single_moving_actor_k1_budget1000,896,0.001,train-mode backward before optimizer step,73.0029474858078,1.2262239775744652,0.0,1.8346242904663086,1.1053500175476074,,,,
single_moving_actor_k1_budget1000,897,0.001,train-mode backward before optimizer step,71.92899647509468,0.9139700729027339,0.0,1.8014320135116577,0.655062198638916,,,,
single_moving_actor_k1_budget1000,898,0.001,train-mode backward before optimizer step,70.26423790436965,1.3890474947982971,0.0,1.7829046249389648,1.0858051776885986,,,,
single_moving_actor_k1_budget1000,899,0.001,train-mode backward before optimizer step,70.45202331589682,1.5291769909464579,0.0,1.8000068664550781,1.2820231914520264,,,,
single_moving_actor_k1_budget1000,900,0.001,train-mode backward before optimizer step,71.83786830007887,1.4175518780031564,0.0,1.8042104244232178,1.112044334411621,18.620262145996094,4.4110565185546875,16.734373092651367,49.5347785949707
single_moving_actor_k1_budget1000,901,0.001,train-mode backward before optimizer step,72.96965490641418,1.1522905551370657,0.0,1.7862660884857178,0.9986152052879333,,,,
single_moving_actor_k1_budget1000,902,0.001,train-mode backward before optimizer step,72.00409515611267,0.8266846979908684,0.0,1.7929179668426514,0.6394655704498291,,,,
single_moving_actor_k1_budget1000,903,0.001,train-mode backward before optimizer step,69.58021702187085,1.01766116062437,0.0,1.7862086296081543,0.8461302518844604,,,,
single_moving_actor_k1_budget1000,904,0.001,train-mode backward before optimizer step,73.32576230920789,1.4935632276762967,0.0,1.7932796478271484,1.177204966545105,,,,
single_moving_actor_k1_budget1000,905,0.001,train-mode backward before optimizer step,71.72971680977943,1.6110534851604223,0.0,1.808685302734375,1.2427608966827393,,,,
single_moving_actor_k1_budget1000,906,0.001,train-mode backward before optimizer step,73.65293386803545,1.506724369800698,0.0,1.8060922622680664,1.0891940593719482,,,,
single_moving_actor_k1_budget1000,907,0.001,train-mode backward before optimizer step,72.89502891907337,1.2905869947422581,0.0,1.813176155090332,1.0015859603881836,,,,
single_moving_actor_k1_budget1000,908,0.001,train-mode backward before optimizer step,75.98895160385815,1.3330058490359058,0.0,1.8275468349456787,1.1545361280441284,,,,
single_moving_actor_k1_budget1000,909,0.001,train-mode backward before optimizer step,77.869577367487,1.4631184176241174,0.0,1.833403468132019,1.302468180656433,,,,
single_moving_actor_k1_budget1000,910,0.001,train-mode backward before optimizer step,73.28025596430469,1.5324021071100968,0.0,1.8315142393112183,1.3655232191085815,18.80593490600586,4.41286039352417,16.747947692871094,49.5347785949707
single_moving_actor_k1_budget1000,911,0.001,train-mode backward before optimizer step,72.04388707137896,1.2855603784143257,0.0,1.832833170890808,1.1709239482879639,,,,
single_moving_actor_k1_budget1000,912,0.001,train-mode backward before optimizer step,73.19735517876721,1.3841704752358925,0.0,1.8263585567474365,1.1596345901489258,,,,
single_moving_actor_k1_budget1000,913,0.001,train-mode backward before optimizer step,77.98563181776161,1.6271206086913261,0.0,1.8334598541259766,1.3711223602294922,,,,
single_moving_actor_k1_budget1000,914,0.001,train-mode backward before optimizer step,73.82142943420266,1.1891679400405766,0.0,1.8298323154449463,1.1642999649047852,,,,
single_moving_actor_k1_budget1000,915,0.001,train-mode backward before optimizer step,75.0559093918612,0.9293196875585964,0.0,1.8275011777877808,0.7325202822685242,,,,
single_moving_actor_k1_budget1000,916,0.001,train-mode backward before optimizer step,72.80847787542218,1.2919320995447785,0.0,1.8442143201828003,1.160158395767212,,,,
single_moving_actor_k1_budget1000,917,0.001,train-mode backward before optimizer step,75.98448854804998,1.6572676094442431,0.0,1.8438518047332764,1.3286209106445312,,,,
single_moving_actor_k1_budget1000,918,0.001,train-mode backward before optimizer step,76.41563254265097,1.7703783938728488,0.0,1.837227702140808,1.2427399158477783,,,,
single_moving_actor_k1_budget1000,919,0.001,train-mode backward before optimizer step,74.61298828685123,1.5137150866235414,0.0,1.826242208480835,0.8590375781059265,,,,
single_moving_actor_k1_budget1000,920,0.001,train-mode backward before optimizer step,75.11018432538336,1.3086944381040941,0.0,1.830450415611267,1.0216779708862305,18.991804122924805,4.4151930809021,16.846778869628906,49.5347785949707
single_moving_actor_k1_budget1000,921,0.001,train-mode backward before optimizer step,74.05848907300015,1.202838831084348,0.0,1.8359596729278564,0.9767386317253113,,,,
single_moving_actor_k1_budget1000,922,0.001,train-mode backward before optimizer step,76.00247953436832,1.3384590448385145,0.0,1.8282661437988281,1.1729745864868164,,,,
single_moving_actor_k1_budget1000,923,0.001,train-mode backward before optimizer step,73.57973311752438,1.297318574380329,0.0,1.854608416557312,0.9925051927566528,,,,
single_moving_actor_k1_budget1000,924,0.001,train-mode backward before optimizer step,76.69405588741454,1.7704431433146173,0.0,1.8574512004852295,1.1772195100784302,,,,
single_moving_actor_k1_budget1000,925,0.001,train-mode backward before optimizer step,76.55874046772614,1.4726991455227798,0.0,1.8485912084579468,1.2675129175186157,,,,
single_moving_actor_k1_budget1000,926,0.001,train-mode backward before optimizer step,77.15559698680259,0.944127256839759,0.0,1.8537092208862305,0.7977659106254578,,,,
single_moving_actor_k1_budget1000,927,0.001,train-mode backward before optimizer step,76.72886678979698,1.1086986558320604,0.0,1.8464794158935547,0.9119430780410767,,,,
single_moving_actor_k1_budget1000,928,0.001,train-mode backward before optimizer step,74.89724177712891,1.0735680395346152,0.0,1.8293542861938477,0.9709693789482117,,,,
single_moving_actor_k1_budget1000,929,0.001,train-mode backward before optimizer step,74.16408988519522,0.9430871460718316,0.0,1.8427833318710327,0.7916457056999207,,,,
single_moving_actor_k1_budget1000,930,0.001,train-mode backward before optimizer step,74.91715248942,1.2489528443034394,0.0,1.8448566198349,1.1658889055252075,19.17201805114746,4.443068504333496,17.06287956237793,49.5347785949707
single_moving_actor_k1_budget1000,931,0.001,train-mode backward before optimizer step,77.37185920034496,1.1015385908430526,0.0,1.8557078838348389,0.9384547472000122,,,,
single_moving_actor_k1_budget1000,932,0.001,train-mode backward before optimizer step,79.36626103286684,1.5118525232413909,0.0,1.8644216060638428,1.2397488355636597,,,,
single_moving_actor_k1_budget1000,933,0.001,train-mode backward before optimizer step,76.39933413523376,1.1120995889302763,0.0,1.8848246335983276,0.9165729880332947,,,,
single_moving_actor_k1_budget1000,934,0.001,train-mode backward before optimizer step,75.82786118370497,0.9628353667422589,0.0,1.9018821716308594,0.9438047409057617,,,,
single_moving_actor_k1_budget1000,935,0.001,train-mode backward before optimizer step,79.0764788382215,1.3406704034628427,0.0,1.9070708751678467,1.0623893737792969,,,,
single_moving_actor_k1_budget1000,936,0.001,train-mode backward before optimizer step,76.47363988222341,1.5423232287606745,0.0,1.903409719467163,1.2932889461517334,,,,
single_moving_actor_k1_budget1000,937,0.001,train-mode backward before optimizer step,78.50412069982781,1.2475979166214886,0.0,1.9026429653167725,1.0627098083496094,,,,
single_moving_actor_k1_budget1000,938,0.001,train-mode backward before optimizer step,78.25866436866887,1.2541618983136793,0.0,1.9230949878692627,1.2397258281707764,,,,
single_moving_actor_k1_budget1000,939,0.001,train-mode backward before optimizer step,79.57298764343781,1.2758030044856026,0.0,1.9234098196029663,1.1123771667480469,,,,
single_moving_actor_k1_budget1000,940,0.001,train-mode backward before optimizer step,78.50147719732463,1.0696676077919764,0.0,1.9135618209838867,0.8747302293777466,19.41973876953125,4.481427192687988,17.239017486572266,49.5347785949707
single_moving_actor_k1_budget1000,941,0.001,train-mode backward before optimizer step,78.36935594743997,1.2857149464738409,0.0,1.9384212493896484,1.1018812656402588,,,,
single_moving_actor_k1_budget1000,942,0.001,train-mode backward before optimizer step,82.1507022692297,1.91433784463037,0.0,1.9529964923858643,1.6195110082626343,,,,
single_moving_actor_k1_budget1000,943,0.001,train-mode backward before optimizer step,78.20593288300748,1.8340236897601483,0.0,1.945408582687378,1.6287540197372437,,,,
single_moving_actor_k1_budget1000,944,0.001,train-mode backward before optimizer step,79.83864482620618,1.5853340986041509,0.0,1.9796967506408691,1.2175184488296509,,,,
single_moving_actor_k1_budget1000,945,0.001,train-mode backward before optimizer step,80.23786331081445,1.0134988045158515,0.0,1.9805591106414795,0.9524416327476501,,,,
single_moving_actor_k1_budget1000,946,0.001,train-mode backward before optimizer step,85.67882685822403,1.2909560919096437,0.0,1.9857196807861328,1.029736876487732,,,,
single_moving_actor_k1_budget1000,947,0.001,train-mode backward before optimizer step,80.53276896150686,1.554542119563985,0.0,2.018124580383301,1.4350168704986572,,,,
single_moving_actor_k1_budget1000,948,0.001,train-mode backward before optimizer step,83.01238546892183,1.3892725487961008,0.0,2.014248847961426,1.412444829940796,,,,
single_moving_actor_k1_budget1000,949,0.001,train-mode backward before optimizer step,82.16527066613546,1.68013096597761,0.0,2.032728910446167,1.62843918800354,,,,
single_moving_actor_k1_budget1000,950,0.001,train-mode backward before optimizer step,81.88964114775612,1.2894291157944395,0.0,2.035828113555908,1.2397063970565796,19.600854873657227,4.499361038208008,17.204288482666016,49.5347785949707
single_moving_actor_k1_budget1000,951,0.001,train-mode backward before optimizer step,85.04502325337002,2.1331237777458067,0.0,2.058929681777954,2.1814992427825928,,,,
single_moving_actor_k1_budget1000,952,0.001,train-mode backward before optimizer step,82.93786171327994,2.266770261386627,0.0,2.035994052886963,1.7687718868255615,,,,
single_moving_actor_k1_budget1000,953,0.001,train-mode backward before optimizer step,81.71899930878793,2.1430659395980425,0.0,2.0473554134368896,1.6671589612960815,,,,
single_moving_actor_k1_budget1000,954,0.001,train-mode backward before optimizer step,82.22555577939448,1.7314048717664474,0.0,2.050719738006592,1.4512505531311035,,,,
single_moving_actor_k1_budget1000,955,0.001,train-mode backward before optimizer step,84.62013101507512,1.5031532429516155,0.0,2.058478832244873,1.2301578521728516,,,,
single_moving_actor_k1_budget1000,956,0.001,train-mode backward before optimizer step,81.03782121995042,1.3565629239245907,0.0,2.0423896312713623,1.1423101425170898,,,,
single_moving_actor_k1_budget1000,957,0.001,train-mode backward before optimizer step,81.5317405088821,1.9041289756086903,0.0,2.026501178741455,1.7351481914520264,,,,
single_moving_actor_k1_budget1000,958,0.001,train-mode backward before optimizer step,82.06262006862943,2.0188845156288235,0.0,1.987297534942627,1.4596370458602905,,,,
single_moving_actor_k1_budget1000,959,0.001,train-mode backward before optimizer step,80.6168671573289,1.9433490909425597,0.0,1.9684345722198486,1.5288666486740112,,,,
single_moving_actor_k1_budget1000,960,0.001,train-mode backward before optimizer step,84.234931329679,1.3538962052736407,0.0,1.9924192428588867,1.3779678344726562,19.81403350830078,4.483022689819336,16.98029327392578,49.5347785949707
single_moving_actor_k1_budget1000,961,0.001,train-mode backward before optimizer step,83.39197958951861,1.3939982824730923,0.0,1.9903547763824463,1.298679232597351,,,,
single_moving_actor_k1_budget1000,962,0.001,train-mode backward before optimizer step,84.19689106868226,1.8405969608649362,0.0,1.9745566844940186,1.6229523420333862,,,,
single_moving_actor_k1_budget1000,963,0.001,train-mode backward before optimizer step,80.24492105008724,1.5668829321437068,0.0,1.9650039672851562,1.5664175748825073,,,,
single_moving_actor_k1_budget1000,964,0.001,train-mode backward before optimizer step,82.44582355619822,1.5735863118030413,0.0,1.955509066581726,1.3565483093261719,,,,
single_moving_actor_k1_budget1000,965,0.001,train-mode backward before optimizer step,83.39001610819933,1.7205563553899128,0.0,1.9469588994979858,1.488374948501587,,,,
single_moving_actor_k1_budget1000,966,0.001,train-mode backward before optimizer step,79.72124269296394,1.4267845532950114,0.0,1.9234395027160645,1.17497980594635,,,,
single_moving_actor_k1_budget1000,967,0.001,train-mode backward before optimizer step,77.04311008761002,1.1238307404098846,0.0,1.9113051891326904,0.9398537874221802,,,,
single_moving_actor_k1_budget1000,968,0.001,train-mode backward before optimizer step,80.81489938812595,1.0928924931510822,0.0,1.909069299697876,0.8220745921134949,,,,
single_moving_actor_k1_budget1000,969,0.001,train-mode backward before optimizer step,76.43191985379798,1.3231482522336298,0.0,1.885791540145874,1.1916232109069824,,,,
single_moving_actor_k1_budget1000,970,0.001,train-mode backward before optimizer step,76.29744055341993,1.5070133744482535,0.0,1.8834556341171265,1.1809840202331543,19.974462509155273,4.465327262878418,16.852306365966797,49.5347785949707
single_moving_actor_k1_budget1000,971,0.001,train-mode backward before optimizer step,77.04967296781075,1.7736483417652598,0.0,1.8753665685653687,1.4622901678085327,,,,
single_moving_actor_k1_budget1000,972,0.001,train-mode backward before optimizer step,78.59589109904576,1.2064422701734052,0.0,1.8965644836425781,1.0892243385314941,,,,
single_moving_actor_k1_budget1000,973,0.001,train-mode backward before optimizer step,77.80344811690783,1.128985126127447,0.0,1.8849353790283203,1.044927954673767,,,,
single_moving_actor_k1_budget1000,974,0.001,train-mode backward before optimizer step,77.23349502443209,1.172373503067853,0.0,1.8852375745773315,1.050988793373108,,,,
single_moving_actor_k1_budget1000,975,0.001,train-mode backward before optimizer step,78.20071552537111,1.2777059171939975,0.0,1.9090074300765991,1.2743377685546875,,,,
single_moving_actor_k1_budget1000,976,0.001,train-mode backward before optimizer step,78.09657883381364,1.1156884997487546,0.0,1.9326637983322144,1.0553163290023804,,,,
single_moving_actor_k1_budget1000,977,0.001,train-mode backward before optimizer step,77.57062709355354,1.3425197383384058,0.0,1.9279974699020386,1.2946057319641113,,,,
single_moving_actor_k1_budget1000,978,0.001,train-mode backward before optimizer step,78.99312375980575,1.3668899569103474,0.0,1.9671027660369873,1.12241530418396,,,,
single_moving_actor_k1_budget1000,979,0.001,train-mode backward before optimizer step,80.05958779698575,1.270592687742562,0.0,2.023743152618408,1.214953064918518,,,,
single_moving_actor_k1_budget1000,980,0.001,train-mode backward before optimizer step,85.4273482423693,0.9893051231733943,0.0,2.0529534816741943,0.9787938594818115,20.195165634155273,4.46669340133667,16.882614135742188,49.5347785949707
single_moving_actor_k1_budget1000,981,0.001,train-mode backward before optimizer step,87.10310204596458,1.1611591849937235,0.0,2.089421272277832,1.1595932245254517,,,,
single_moving_actor_k1_budget1000,982,0.001,train-mode backward before optimizer step,85.98481954050074,0.7415875611913867,0.0,2.1267030239105225,0.8028804659843445,,,,
single_moving_actor_k1_budget1000,983,0.001,train-mode backward before optimizer step,88.36300770096275,0.9719727879299968,0.0,2.182159423828125,1.1692695617675781,,,,
single_moving_actor_k1_budget1000,984,0.001,train-mode backward before optimizer step,88.91023135640418,1.3212042620482534,0.0,2.211174726486206,1.3619369268417358,,,,
single_moving_actor_k1_budget1000,985,0.001,train-mode backward before optimizer step,92.65174294424193,1.3154719207931553,0.0,2.2337822914123535,1.4845645427703857,,,,
single_moving_actor_k1_budget1000,986,0.001,train-mode backward before optimizer step,91.59969359397496,1.1151425885890878,0.0,2.261226177215576,0.9368634223937988,,,,
single_moving_actor_k1_budget1000,987,0.001,train-mode backward before optimizer step,93.69551048572318,1.4112895308810949,0.0,2.2855889797210693,1.4570320844650269,,,,
single_moving_actor_k1_budget1000,988,0.001,train-mode backward before optimizer step,94.31473349898579,1.5695871501987595,0.0,2.3296899795532227,1.5810215473175049,,,,
single_moving_actor_k1_budget1000,989,0.001,train-mode backward before optimizer step,99.99862286253045,1.96648517138674,0.0,2.373533010482788,2.2430763244628906,,,,
single_moving_actor_k1_budget1000,990,0.001,train-mode backward before optimizer step,96.01386731067385,2.0251822365821432,0.0,2.385253429412842,1.99607253074646,20.412094116210938,4.49289608001709,17.08431625366211,49.5347785949707
single_moving_actor_k1_budget1000,991,0.001,train-mode backward before optimizer step,97.00171648155832,2.019822024751215,0.0,2.413188934326172,2.0555973052978516,,,,
single_moving_actor_k1_budget1000,992,0.001,train-mode backward before optimizer step,97.58202245156389,1.82961419764653,0.0,2.4279277324676514,2.439824104309082,,,,
single_moving_actor_k1_budget1000,993,0.001,train-mode backward before optimizer step,99.04374410409817,1.6303152117653759,0.0,2.4443519115448,2.0204336643218994,,,,
single_moving_actor_k1_budget1000,994,0.001,train-mode backward before optimizer step,98.60370742435842,1.463862689322872,0.0,2.454134225845337,1.626613974571228,,,,
single_moving_actor_k1_budget1000,995,0.001,train-mode backward before optimizer step,95.54379875264131,2.0631736582016367,0.0,2.4326837062835693,2.2779312133789062,,,,
single_moving_actor_k1_budget1000,996,0.001,train-mode backward before optimizer step,98.73626194261519,1.8797394266457732,0.0,2.4264588356018066,2.0244340896606445,,,,
single_moving_actor_k1_budget1000,997,0.001,train-mode backward before optimizer step,98.67964996185238,1.6817497358227294,0.0,2.4274845123291016,1.7717170715332031,,,,
single_moving_actor_k1_budget1000,998,0.001,train-mode backward before optimizer step,96.51610424001836,1.7646657382406001,0.0,2.4111907482147217,2.135378360748291,,,,
single_moving_actor_k1_budget1000,999,0.001,train-mode backward before optimizer step,99.81159835996554,1.610481187084436,0.0,2.415342330932617,1.8090317249298096,,,,
single_moving_actor_k1_budget1000,1000,0.001,train-mode backward before optimizer step,98.86438238879721,1.88472053282372,0.0,2.4108970165252686,1.998700499534607,20.62855339050293,4.512494087219238,17.400348663330078,49.5347785949707
single_moving_actor_fixed_scale_budget1000,1,0.001,train-mode backward before optimizer step,1.9165963654951985,0.0,0.0,0.0416666679084301,0.0,1.5443110466003418,1.0,1.0,49.5347785949707
single_moving_actor_fixed_scale_budget1000,2,0.001,train-mode backward before optimizer step,1.9258105250599165,0.0,0.0,0.0416666679084301,0.0,,,,
single_moving_actor_fixed_scale_budget1000,3,0.001,train-mode backward before optimizer step,1.8720714135740861,0.0,0.0,0.0416666679084301,0.0,,,,
single_moving_actor_fixed_scale_budget1000,4,0.001,train-mode backward before optimizer step,1.921505982091454,0.0,0.0,0.0416666679084301,0.0,,,,
single_moving_actor_fixed_scale_budget1000,5,0.001,train-mode backward before optimizer step,1.9946654586491428,0.0,0.0,0.0416666679084301,0.0,,,,
single_moving_actor_fixed_scale_budget1000,6,0.001,train-mode backward before optimizer step,1.687544445231082,0.0,0.0,0.0416666679084301,0.0,,,,
single_moving_actor_fixed_scale_budget1000,7,0.001,train-mode backward before optimizer step,1.6836760586293662,0.0,0.0,0.0416666679084301,0.0,,,,
single_moving_actor_fixed_scale_budget1000,8,0.001,train-mode backward before optimizer step,1.6758651417824508,0.0,0.0,0.0416666679084301,0.0,,,,
single_moving_actor_fixed_scale_budget1000,9,0.001,train-mode backward before optimizer step,2.148131613277854,0.0,0.0,0.0416666679084301,0.0,,,,
single_moving_actor_fixed_scale_budget1000,10,0.001,train-mode backward before optimizer step,1.8106431994642234,0.0,0.0,0.0416666679084301,0.0,2.443135976791382,1.0,1.0,49.5347785949707
single_moving_actor_fixed_scale_budget1000,11,0.001,train-mode backward before optimizer step,1.8260634330074916,0.0,0.0,0.0416666679084301,0.0,,,,
single_moving_actor_fixed_scale_budget1000,12,0.001,train-mode backward before optimizer step,1.6989128026150506,0.0,0.0,0.0416666679084301,0.0,,,,
single_moving_actor_fixed_scale_budget1000,13,0.001,train-mode backward before optimizer step,1.8699473819559367,0.0,0.0,0.0416666679084301,0.0,,,,
single_moving_actor_fixed_scale_budget1000,14,0.001,train-mode backward before optimizer step,1.6651857608105578,0.0,0.0,0.0416666679084301,0.0,,,,
single_moving_actor_fixed_scale_budget1000,15,0.001,train-mode backward before optimizer step,1.8946410169324337,0.0,0.0,0.0416666679084301,0.0,,,,
single_moving_actor_fixed_scale_budget1000,16,0.001,train-mode backward before optimizer step,1.7407135370043139,0.0,0.0,0.0416666679084301,0.0,,,,
single_moving_actor_fixed_scale_budget1000,17,0.001,train-mode backward before optimizer step,1.8978380194841673,0.0,0.0,0.0416666679084301,0.0,,,,
single_moving_actor_fixed_scale_budget1000,18,0.001,train-mode backward before optimizer step,2.072938132242917,0.0,0.0,0.0416666679084301,0.0,,,,
single_moving_actor_fixed_scale_budget1000,19,0.001,train-mode backward before optimizer step,1.7614087277589638,0.0,0.0,0.0416666679084301,0.0,,,,
single_moving_actor_fixed_scale_budget1000,20,0.001,train-mode backward before optimizer step,1.771847117847454,0.0,0.0,0.0416666679084301,0.0,3.155871629714966,1.0,1.0,49.5347785949707
single_moving_actor_fixed_scale_budget1000,21,0.001,train-mode backward before optimizer step,1.7137139382244955,0.0,0.0,0.0416666679084301,0.0,,,,
single_moving_actor_fixed_scale_budget1000,22,0.001,train-mode backward before optimizer step,1.959864053263684,0.0,0.0,0.0416666679084301,0.0,,,,
single_moving_actor_fixed_scale_budget1000,23,0.001,train-mode backward before optimizer step,1.7024657890401256,0.0,0.0,0.0416666679084301,0.0,,,,
single_moving_actor_fixed_scale_budget1000,24,0.001,train-mode backward before optimizer step,1.7251559600606263,0.0,0.0,0.0416666679084301,0.0,,,,
single_moving_actor_fixed_scale_budget1000,25,0.001,train-mode backward before optimizer step,1.7914426650432247,0.0,0.0,0.0416666679084301,0.0,,,,
single_moving_actor_fixed_scale_budget1000,26,0.001,train-mode backward before optimizer step,1.7499357370216226,0.0,0.0,0.0416666679084301,0.0,,,,
single_moving_actor_fixed_scale_budget1000,27,0.001,train-mode backward before optimizer step,1.6908992325411072,0.0,0.0,0.0416666679084301,0.0,,,,
single_moving_actor_fixed_scale_budget1000,28,0.001,train-mode backward before optimizer step,1.6801369438503093,0.0,0.0,0.0416666679084301,0.0,,,,
single_moving_actor_fixed_scale_budget1000,29,0.001,train-mode backward before optimizer step,1.7445640909911795,0.0,0.0,0.0416666679084301,0.0,,,,
single_moving_actor_fixed_scale_budget1000,30,0.001,train-mode backward before optimizer step,1.7742456861286946,0.0,0.0,0.0416666679084301,0.0,3.8028881549835205,1.0,1.0,49.5347785949707
single_moving_actor_fixed_scale_budget1000,31,0.001,train-mode backward before optimizer step,1.8310612852466914,0.0,0.0,0.0416666679084301,0.0,,,,
single_moving_actor_fixed_scale_budget1000,32,0.001,train-mode backward before optimizer step,1.785984306703721,0.0,0.0,0.0416666679084301,0.0,,,,
single_moving_actor_fixed_scale_budget1000,33,0.001,train-mode backward before optimizer step,1.9294041078229076,0.0,0.0,0.0416666679084301,0.0,,,,
single_moving_actor_fixed_scale_budget1000,34,0.001,train-mode backward before optimizer step,1.8481559446797864,0.0,0.0,0.0416666679084301,0.0,,,,
single_moving_actor_fixed_scale_budget1000,35,0.001,train-mode backward before optimizer step,1.7373941655569953,0.0,0.0,0.0416666679084301,0.0,,,,
single_moving_actor_fixed_scale_budget1000,36,0.001,train-mode backward before optimizer step,1.8719970832192798,0.0,0.0,0.0416666679084301,0.0,,,,
single_moving_actor_fixed_scale_budget1000,37,0.001,train-mode backward before optimizer step,1.8441727389760534,0.0,0.0,0.0416666679084301,0.0,,,,
single_moving_actor_fixed_scale_budget1000,38,0.001,train-mode backward before optimizer step,1.8050367524904403,0.0,0.0,0.0416666679084301,0.0,,,,
single_moving_actor_fixed_scale_budget1000,39,0.001,train-mode backward before optimizer step,1.9162235377248964,0.0,0.0,0.0416666679084301,0.0,,,,
single_moving_actor_fixed_scale_budget1000,40,0.001,train-mode backward before optimizer step,1.7679175833584577,0.0,0.0,0.0416666679084301,0.0,4.164634704589844,1.0,1.0,49.5347785949707
single_moving_actor_fixed_scale_budget1000,41,0.001,train-mode backward before optimizer step,1.7840185124502101,0.0,0.0,0.0416666679084301,0.0,,,,
single_moving_actor_fixed_scale_budget1000,42,0.001,train-mode backward before optimizer step,1.7678152691576756,0.0,0.0,0.0416666679084301,0.0,,,,
single_moving_actor_fixed_scale_budget1000,43,0.001,train-mode backward before optimizer step,1.8038212584737698,0.0,0.0,0.0416666679084301,0.0,,,,
single_moving_actor_fixed_scale_budget1000,44,0.001,train-mode backward before optimizer step,1.775725597877246,0.0,0.0,0.0416666679084301,0.0,,,,
single_moving_actor_fixed_scale_budget1000,45,0.001,train-mode backward before optimizer step,1.8405008581964089,0.0,0.0,0.0416666679084301,0.0,,,,
single_moving_actor_fixed_scale_budget1000,46,0.001,train-mode backward before optimizer step,1.764885181356258,0.0,0.0,0.0416666679084301,0.0,,,,
single_moving_actor_fixed_scale_budget1000,47,0.001,train-mode backward before optimizer step,1.7983910315496878,0.0,0.0,0.0416666679084301,0.0,,,,
single_moving_actor_fixed_scale_budget1000,48,0.001,train-mode backward before optimizer step,1.7535999648636256,0.0,0.0,0.0416666679084301,0.0,,,,
single_moving_actor_fixed_scale_budget1000,49,0.001,train-mode backward before optimizer step,1.8010336646753924,0.0,0.0,0.0416666679084301,0.0,,,,
single_moving_actor_fixed_scale_budget1000,50,0.001,train-mode backward before optimizer step,1.9143462886866434,0.0,0.0,0.0416666679084301,0.0,4.569319725036621,1.0,1.0,49.5347785949707
single_moving_actor_fixed_scale_budget1000,51,0.001,train-mode backward before optimizer step,1.7694057154856728,0.0,0.0,0.0416666679084301,0.0,,,,
single_moving_actor_fixed_scale_budget1000,52,0.001,train-mode backward before optimizer step,1.8863104730961642,0.0,0.0,0.0416666679084301,0.0,,,,
single_moving_actor_fixed_scale_budget1000,53,0.001,train-mode backward before optimizer step,1.8253528333333224,0.0,0.0,0.0416666679084301,0.0,,,,
single_moving_actor_fixed_scale_budget1000,54,0.001,train-mode backward before optimizer step,1.8272902501363206,0.0,0.0,0.0416666679084301,0.0,,,,
single_moving_actor_fixed_scale_budget1000,55,0.001,train-mode backward before optimizer step,1.8453271738513382,0.0,0.0,0.0416666679084301,0.0,,,,
single_moving_actor_fixed_scale_budget1000,56,0.001,train-mode backward before optimizer step,1.8457316619154733,0.0,0.0,0.0416666679084301,0.0,,,,
single_moving_actor_fixed_scale_budget1000,57,0.001,train-mode backward before optimizer step,1.7712541248965479,0.0,0.0,0.0416666679084301,0.0,,,,
single_moving_actor_fixed_scale_budget1000,58,0.001,train-mode backward before optimizer step,1.8345846131594303,0.0,0.0,0.0416666679084301,0.0,,,,
single_moving_actor_fixed_scale_budget1000,59,0.001,train-mode backward before optimizer step,1.890543183450442,0.0,0.0,0.0416666679084301,0.0,,,,
single_moving_actor_fixed_scale_budget1000,60,0.001,train-mode backward before optimizer step,1.8730359471421967,0.0,0.0,0.0416666679084301,0.0,5.005286693572998,1.0,1.0,49.5347785949707
single_moving_actor_fixed_scale_budget1000,61,0.001,train-mode backward before optimizer step,1.856464224150159,0.0,0.0,0.0416666679084301,0.0,,,,
single_moving_actor_fixed_scale_budget1000,62,0.001,train-mode backward before optimizer step,1.906345849569758,0.0,0.0,0.0416666679084301,0.0,,,,
single_moving_actor_fixed_scale_budget1000,63,0.001,train-mode backward before optimizer step,1.8171649371821892,0.0,0.0,0.0416666679084301,0.0,,,,
single_moving_actor_fixed_scale_budget1000,64,0.001,train-mode backward before optimizer step,1.7773940570133275,0.0,0.0,0.0416666679084301,0.0,,,,
single_moving_actor_fixed_scale_budget1000,65,0.001,train-mode backward before optimizer step,1.7261996893393077,0.0,0.0,0.0416666679084301,0.0,,,,
single_moving_actor_fixed_scale_budget1000,66,0.001,train-mode backward before optimizer step,1.9590590009703297,0.0,0.0,0.0416666679084301,0.0,,,,
single_moving_actor_fixed_scale_budget1000,67,0.001,train-mode backward before optimizer step,1.9165042779325185,0.0,0.0,0.0416666679084301,0.0,,,,
single_moving_actor_fixed_scale_budget1000,68,0.001,train-mode backward before optimizer step,1.9443097695452551,0.0,0.0,0.0416666679084301,0.0,,,,
single_moving_actor_fixed_scale_budget1000,69,0.001,train-mode backward before optimizer step,1.910528913638449,0.0,0.0,0.0416666679084301,0.0,,,,
single_moving_actor_fixed_scale_budget1000,70,0.001,train-mode backward before optimizer step,1.8828340871400295,0.0,0.0,0.0416666679084301,0.0,5.427614212036133,1.0,1.0,49.5347785949707
single_moving_actor_fixed_scale_budget1000,71,0.001,train-mode backward before optimizer step,1.9323082119784412,0.0,0.0,0.0416666679084301,0.0,,,,
single_moving_actor_fixed_scale_budget1000,72,0.001,train-mode backward before optimizer step,1.9352790243130724,0.0,0.0,0.0416666679084301,0.0,,,,
single_moving_actor_fixed_scale_budget1000,73,0.001,train-mode backward before optimizer step,1.9366308692905139,0.0,0.0,0.0416666679084301,0.0,,,,
single_moving_actor_fixed_scale_budget1000,74,0.001,train-mode backward before optimizer step,1.936428039969064,0.0,0.0,0.0416666679084301,0.0,,,,
single_moving_actor_fixed_scale_budget1000,75,0.001,train-mode backward before optimizer step,1.8747234063797247,0.0,0.0,0.0416666679084301,0.0,,,,
single_moving_actor_fixed_scale_budget1000,76,0.001,train-mode backward before optimizer step,1.833440307700842,0.0,0.0,0.0416666679084301,0.0,,,,
single_moving_actor_fixed_scale_budget1000,77,0.001,train-mode backward before optimizer step,1.9217090778405346,0.0,0.0,0.0416666679084301,0.0,,,,
single_moving_actor_fixed_scale_budget1000,78,0.001,train-mode backward before optimizer step,1.924822851962371,0.0,0.0,0.0416666679084301,0.0,,,,
single_moving_actor_fixed_scale_budget1000,79,0.001,train-mode backward before optimizer step,1.9137080032944964,0.0,0.0,0.0416666679084301,0.0,,,,
single_moving_actor_fixed_scale_budget1000,80,0.001,train-mode backward before optimizer step,1.8474604978245663,0.0,0.0,0.0416666679084301,0.0,5.816495895385742,1.0,1.0,49.5347785949707
single_moving_actor_fixed_scale_budget1000,81,0.001,train-mode backward before optimizer step,1.8430912445408991,0.0,0.0,0.0416666679084301,0.0,,,,
single_moving_actor_fixed_scale_budget1000,82,0.001,train-mode backward before optimizer step,1.8567902925480528,0.0,0.0,0.0416666679084301,0.0,,,,
single_moving_actor_fixed_scale_budget1000,83,0.001,train-mode backward before optimizer step,1.890015381098191,0.0,0.0,0.0416666679084301,0.0,,,,
single_moving_actor_fixed_scale_budget1000,84,0.001,train-mode backward before optimizer step,1.813374369724314,0.0,0.0,0.0416666679084301,0.0,,,,
single_moving_actor_fixed_scale_budget1000,85,0.001,train-mode backward before optimizer step,1.9665817128496785,0.0,0.0,0.0416666679084301,0.0,,,,
single_moving_actor_fixed_scale_budget1000,86,0.001,train-mode backward before optimizer step,2.086782216150571,0.0,0.0,0.0416666679084301,0.0,,,,
single_moving_actor_fixed_scale_budget1000,87,0.001,train-mode backward before optimizer step,2.017276747491681,0.0,0.0,0.0416666679084301,0.0,,,,
single_moving_actor_fixed_scale_budget1000,88,0.001,train-mode backward before optimizer step,2.0434239524589635,0.0,0.0,0.0416666679084301,0.0,,,,
single_moving_actor_fixed_scale_budget1000,89,0.001,train-mode backward before optimizer step,1.9414885520281868,0.0,0.0,0.0416666679084301,0.0,,,,
single_moving_actor_fixed_scale_budget1000,90,0.001,train-mode backward before optimizer step,2.055869619419286,0.0,0.0,0.0416666679084301,0.0,6.335083961486816,1.0,1.0,49.5347785949707
single_moving_actor_fixed_scale_budget1000,91,0.001,train-mode backward before optimizer step,1.9700786473767593,0.0,0.0,0.0416666679084301,0.0,,,,
single_moving_actor_fixed_scale_budget1000,92,0.001,train-mode backward before optimizer step,1.9500383398447576,0.0,0.0,0.0416666679084301,0.0,,,,
single_moving_actor_fixed_scale_budget1000,93,0.001,train-mode backward before optimizer step,2.0584544782839846,0.0,0.0,0.0416666679084301,0.0,,,,
single_moving_actor_fixed_scale_budget1000,94,0.001,train-mode backward before optimizer step,2.0126935985590664,0.0,0.0,0.0416666679084301,0.0,,,,
single_moving_actor_fixed_scale_budget1000,95,0.001,train-mode backward before optimizer step,1.985671111878079,0.0,0.0,0.0416666679084301,0.0,,,,
single_moving_actor_fixed_scale_budget1000,96,0.001,train-mode backward before optimizer step,1.9417147445618914,0.0,0.0,0.0416666679084301,0.0,,,,
single_moving_actor_fixed_scale_budget1000,97,0.001,train-mode backward before optimizer step,1.9586897212802878,0.0,0.0,0.0416666679084301,0.0,,,,
single_moving_actor_fixed_scale_budget1000,98,0.001,train-mode backward before optimizer step,2.0147736273865484,0.0,0.0,0.0416666679084301,0.0,,,,
single_moving_actor_fixed_scale_budget1000,99,0.001,train-mode backward before optimizer step,2.023176703216937,0.0,0.0,0.0416666679084301,0.0,,,,
single_moving_actor_fixed_scale_budget1000,100,0.001,train-mode backward before optimizer step,2.0152279657232435,0.0,0.0,0.0416666679084301,0.0,6.877101421356201,1.0,1.0,49.5347785949707
single_moving_actor_fixed_scale_budget1000,101,0.001,train-mode backward before optimizer step,2.0524467166859086,0.0,0.0,0.0416666679084301,0.0,,,,
single_moving_actor_fixed_scale_budget1000,102,0.001,train-mode backward before optimizer step,2.0148290347848405,0.0,0.0,0.0416666679084301,0.0,,,,
single_moving_actor_fixed_scale_budget1000,103,0.001,train-mode backward before optimizer step,2.019298231979068,0.0,0.0,0.0416666679084301,0.0,,,,
single_moving_actor_fixed_scale_budget1000,104,0.001,train-mode backward before optimizer step,1.9866444739299591,0.0,0.0,0.0416666679084301,0.0,,,,
single_moving_actor_fixed_scale_budget1000,105,0.001,train-mode backward before optimizer step,1.9581726466020495,0.0,0.0,0.0416666679084301,0.0,,,,
single_moving_actor_fixed_scale_budget1000,106,0.001,train-mode backward before optimizer step,1.9864215698447858,0.0,0.0,0.0416666679084301,0.0,,,,
single_moving_actor_fixed_scale_budget1000,107,0.001,train-mode backward before optimizer step,2.000140163194637,0.0,0.0,0.0416666679084301,0.0,,,,
single_moving_actor_fixed_scale_budget1000,108,0.001,train-mode backward before optimizer step,1.965532253302914,0.0,0.0,0.0416666679084301,0.0,,,,
single_moving_actor_fixed_scale_budget1000,109,0.001,train-mode backward before optimizer step,2.022763707076261,0.0,0.0,0.0416666679084301,0.0,,,,
single_moving_actor_fixed_scale_budget1000,110,0.001,train-mode backward before optimizer step,2.0836143590102187,0.0,0.0,0.0416666679084301,0.0,7.3193159103393555,1.0,1.0,49.5347785949707
single_moving_actor_fixed_scale_budget1000,111,0.001,train-mode backward before optimizer step,2.0577366064264346,0.0,0.0,0.0416666679084301,0.0,,,,
single_moving_actor_fixed_scale_budget1000,112,0.001,train-mode backward before optimizer step,1.9879022055764244,0.0,0.0,0.0416666679084301,0.0,,,,
single_moving_actor_fixed_scale_budget1000,113,0.001,train-mode backward before optimizer step,2.0298326104767574,0.0,0.0,0.0416666679084301,0.0,,,,
single_moving_actor_fixed_scale_budget1000,114,0.001,train-mode backward before optimizer step,1.9653375713910928,0.0,0.0,0.0416666679084301,0.0,,,,
single_moving_actor_fixed_scale_budget1000,115,0.001,train-mode backward before optimizer step,2.045852492903052,0.0,0.0,0.0416666679084301,0.0,,,,
single_moving_actor_fixed_scale_budget1000,116,0.001,train-mode backward before optimizer step,2.0032442409068882,0.0,0.0,0.0416666679084301,0.0,,,,
single_moving_actor_fixed_scale_budget1000,117,0.001,train-mode backward before optimizer step,1.945965957927886,0.0,0.0,0.0416666679084301,0.0,,,,
single_moving_actor_fixed_scale_budget1000,118,0.001,train-mode backward before optimizer step,2.0263740524902163,0.0,0.0,0.0416666679084301,0.0,,,,
single_moving_actor_fixed_scale_budget1000,119,0.001,train-mode backward before optimizer step,2.0400350602727233,0.0,0.0,0.0416666679084301,0.0,,,,
single_moving_actor_fixed_scale_budget1000,120,0.001,train-mode backward before optimizer step,2.046590301039167,0.0,0.0,0.0416666679084301,0.0,7.820003509521484,1.0,1.0,49.5347785949707
single_moving_actor_fixed_scale_budget1000,121,0.001,train-mode backward before optimizer step,2.095003058756767,0.0,0.0,0.0416666679084301,0.0,,,,
single_moving_actor_fixed_scale_budget1000,122,0.001,train-mode backward before optimizer step,2.056957900035019,0.0,0.0,0.0416666679084301,0.0,,,,
single_moving_actor_fixed_scale_budget1000,123,0.001,train-mode backward before optimizer step,2.2097905472105372,0.0,0.0,0.0416666679084301,0.0,,,,
single_moving_actor_fixed_scale_budget1000,124,0.001,train-mode backward before optimizer step,1.9977526496974585,0.0,0.0,0.0416666679084301,0.0,,,,
single_moving_actor_fixed_scale_budget1000,125,0.001,train-mode backward before optimizer step,2.1790715429152057,0.0,0.0,0.0416666679084301,0.0,,,,
single_moving_actor_fixed_scale_budget1000,126,0.001,train-mode backward before optimizer step,2.095943578959268,0.0,0.0,0.0416666679084301,0.0,,,,
single_moving_actor_fixed_scale_budget1000,127,0.001,train-mode backward before optimizer step,2.1671548734233195,0.0,0.0,0.0416666679084301,0.0,,,,
single_moving_actor_fixed_scale_budget1000,128,0.001,train-mode backward before optimizer step,2.1985551450708245,0.0,0.0,0.0416666679084301,0.0,,,,
single_moving_actor_fixed_scale_budget1000,129,0.001,train-mode backward before optimizer step,2.0519094210452025,0.0,0.0,0.0416666679084301,0.0,,,,
single_moving_actor_fixed_scale_budget1000,130,0.001,train-mode backward before optimizer step,2.1485466217748552,0.0,0.0,0.0416666679084301,0.0,8.339960098266602,1.0,1.0,49.5347785949707
single_moving_actor_fixed_scale_budget1000,131,0.001,train-mode backward before optimizer step,2.1812193800030144,0.0,0.0,0.0416666679084301,0.0,,,,
single_moving_actor_fixed_scale_budget1000,132,0.001,train-mode backward before optimizer step,2.1939608433429445,0.0,0.0,0.0416666679084301,0.0,,,,
single_moving_actor_fixed_scale_budget1000,133,0.001,train-mode backward before optimizer step,2.1503909781859565,0.0,0.0,0.0416666679084301,0.0,,,,
single_moving_actor_fixed_scale_budget1000,134,0.001,train-mode backward before optimizer step,2.0523247901064656,0.0,0.0,0.0416666679084301,0.0,,,,
single_moving_actor_fixed_scale_budget1000,135,0.001,train-mode backward before optimizer step,2.091357932120659,0.0,0.0,0.0416666679084301,0.0,,,,
single_moving_actor_fixed_scale_budget1000,136,0.001,train-mode backward before optimizer step,2.084569014410344,0.0,0.0,0.0416666679084301,0.0,,,,
single_moving_actor_fixed_scale_budget1000,137,0.001,train-mode backward before optimizer step,2.207430124288715,0.0,0.0,0.0416666679084301,0.0,,,,
single_moving_actor_fixed_scale_budget1000,138,0.001,train-mode backward before optimizer step,2.15241921429355,0.0,0.0,0.0416666679084301,0.0,,,,
single_moving_actor_fixed_scale_budget1000,139,0.001,train-mode backward before optimizer step,2.078741827595253,0.0,0.0,0.0416666679084301,0.0,,,,
single_moving_actor_fixed_scale_budget1000,140,0.001,train-mode backward before optimizer step,2.1360199459714715,0.0,0.0,0.0416666679084301,0.0,8.896224975585938,1.0,1.0,49.5347785949707
single_moving_actor_fixed_scale_budget1000,141,0.001,train-mode backward before optimizer step,2.170523895412393,0.0,0.0,0.0416666679084301,0.0,,,,
single_moving_actor_fixed_scale_budget1000,142,0.001,train-mode backward before optimizer step,2.180815725474918,0.0,0.0,0.0416666679084301,0.0,,,,
single_moving_actor_fixed_scale_budget1000,143,0.001,train-mode backward before optimizer step,2.2087816984813586,0.0,0.0,0.0416666679084301,0.0,,,,
single_moving_actor_fixed_scale_budget1000,144,0.001,train-mode backward before optimizer step,2.1900246716688985,0.0,0.0,0.0416666679084301,0.0,,,,
single_moving_actor_fixed_scale_budget1000,145,0.001,train-mode backward before optimizer step,2.2182223376285126,0.0,0.0,0.0416666679084301,0.0,,,,
single_moving_actor_fixed_scale_budget1000,146,0.001,train-mode backward before optimizer step,2.1108972618799027,0.0,0.0,0.0416666679084301,0.0,,,,
single_moving_actor_fixed_scale_budget1000,147,0.001,train-mode backward before optimizer step,2.0968269941078876,0.0,0.0,0.0416666679084301,0.0,,,,
single_moving_actor_fixed_scale_budget1000,148,0.001,train-mode backward before optimizer step,2.192644663220474,0.0,0.0,0.0416666679084301,0.0,,,,
single_moving_actor_fixed_scale_budget1000,149,0.001,train-mode backward before optimizer step,2.207938055012148,0.0,0.0,0.0416666679084301,0.0,,,,
single_moving_actor_fixed_scale_budget1000,150,0.001,train-mode backward before optimizer step,2.177652904843007,0.0,0.0,0.0416666679084301,0.0,9.443882942199707,1.0,1.0,49.5347785949707
single_moving_actor_fixed_scale_budget1000,151,0.001,train-mode backward before optimizer step,2.129441910413378,0.0,0.0,0.0416666679084301,0.0,,,,
single_moving_actor_fixed_scale_budget1000,152,0.001,train-mode backward before optimizer step,2.1746473874139927,0.0,0.0,0.0416666679084301,0.0,,,,
single_moving_actor_fixed_scale_budget1000,153,0.001,train-mode backward before optimizer step,2.1992426870550537,0.0,0.0,0.0416666679084301,0.0,,,,
single_moving_actor_fixed_scale_budget1000,154,0.001,train-mode backward before optimizer step,2.144168835351393,0.0,0.0,0.0416666679084301,0.0,,,,
single_moving_actor_fixed_scale_budget1000,155,0.001,train-mode backward before optimizer step,2.220882209021108,0.0,0.0,0.0416666679084301,0.0,,,,
single_moving_actor_fixed_scale_budget1000,156,0.001,train-mode backward before optimizer step,2.4146662975569058,0.0,0.0,0.0416666679084301,0.0,,,,
single_moving_actor_fixed_scale_budget1000,157,0.001,train-mode backward before optimizer step,2.1412915177406893,0.0,0.0,0.0416666679084301,0.0,,,,
single_moving_actor_fixed_scale_budget1000,158,0.001,train-mode backward before optimizer step,2.1334099938814317,0.0,0.0,0.0416666679084301,0.0,,,,
single_moving_actor_fixed_scale_budget1000,159,0.001,train-mode backward before optimizer step,2.1721439067991537,0.0,0.0,0.0416666679084301,0.0,,,,
single_moving_actor_fixed_scale_budget1000,160,0.001,train-mode backward before optimizer step,2.237191245291935,0.0,0.0,0.0416666679084301,0.0,10.069828033447266,1.0,1.0,49.5347785949707
single_moving_actor_fixed_scale_budget1000,161,0.001,train-mode backward before optimizer step,2.2284555679161597,0.0,0.0,0.0416666679084301,0.0,,,,
single_moving_actor_fixed_scale_budget1000,162,0.001,train-mode backward before optimizer step,2.200147085009569,0.0,0.0,0.0416666679084301,0.0,,,,
single_moving_actor_fixed_scale_budget1000,163,0.001,train-mode backward before optimizer step,2.228159178754371,0.0,0.0,0.0416666679084301,0.0,,,,
single_moving_actor_fixed_scale_budget1000,164,0.001,train-mode backward before optimizer step,2.1579855316558336,0.0,0.0,0.0416666679084301,0.0,,,,
single_moving_actor_fixed_scale_budget1000,165,0.001,train-mode backward before optimizer step,2.1903193890311323,0.0,0.0,0.0416666679084301,0.0,,,,
single_moving_actor_fixed_scale_budget1000,166,0.001,train-mode backward before optimizer step,2.2320689997167666,0.0,0.0,0.0416666679084301,0.0,,,,
single_moving_actor_fixed_scale_budget1000,167,0.001,train-mode backward before optimizer step,2.218772823222778,0.0,0.0,0.0416666679084301,0.0,,,,
single_moving_actor_fixed_scale_budget1000,168,0.001,train-mode backward before optimizer step,2.2579182508503517,0.0,0.0,0.0416666679084301,0.0,,,,
single_moving_actor_fixed_scale_budget1000,169,0.001,train-mode backward before optimizer step,2.328937677086515,0.0,0.0,0.0416666679084301,0.0,,,,
single_moving_actor_fixed_scale_budget1000,170,0.001,train-mode backward before optimizer step,2.1947262984226072,0.0,0.0,0.0416666679084301,0.0,10.655789375305176,1.0,1.0,49.5347785949707
single_moving_actor_fixed_scale_budget1000,171,0.001,train-mode backward before optimizer step,2.259175856131161,0.0,0.0,0.0416666679084301,0.0,,,,
single_moving_actor_fixed_scale_budget1000,172,0.001,train-mode backward before optimizer step,2.261805808731485,0.0,0.0,0.0416666679084301,0.0,,,,
single_moving_actor_fixed_scale_budget1000,173,0.001,train-mode backward before optimizer step,2.2816717459732323,0.0,0.0,0.0416666679084301,0.0,,,,
single_moving_actor_fixed_scale_budget1000,174,0.001,train-mode backward before optimizer step,2.297739618285724,0.0,0.0,0.0416666679084301,0.0,,,,
single_moving_actor_fixed_scale_budget1000,175,0.001,train-mode backward before optimizer step,2.232424991912585,0.0,0.0,0.0416666679084301,0.0,,,,
single_moving_actor_fixed_scale_budget1000,176,0.001,train-mode backward before optimizer step,2.2858420760159146,0.0,0.0,0.0416666679084301,0.0,,,,
single_moving_actor_fixed_scale_budget1000,177,0.001,train-mode backward before optimizer step,2.2688502141368088,0.0,0.0,0.0416666679084301,0.0,,,,
single_moving_actor_fixed_scale_budget1000,178,0.001,train-mode backward before optimizer step,2.201877786872821,0.0,0.0,0.0416666679084301,0.0,,,,
single_moving_actor_fixed_scale_budget1000,179,0.001,train-mode backward before optimizer step,2.2676291637239103,0.0,0.0,0.0416666679084301,0.0,,,,
single_moving_actor_fixed_scale_budget1000,180,0.001,train-mode backward before optimizer step,2.392829445236913,0.0,0.0,0.0416666679084301,0.0,11.247344970703125,1.0,1.0,49.5347785949707
single_moving_actor_fixed_scale_budget1000,181,0.001,train-mode backward before optimizer step,2.3373227858064767,0.0,0.0,0.0416666679084301,0.0,,,,
single_moving_actor_fixed_scale_budget1000,182,0.001,train-mode backward before optimizer step,2.2861863843190733,0.0,0.0,0.0416666679084301,0.0,,,,
single_moving_actor_fixed_scale_budget1000,183,0.001,train-mode backward before optimizer step,2.2730180243121674,0.0,0.0,0.0416666679084301,0.0,,,,
single_moving_actor_fixed_scale_budget1000,184,0.001,train-mode backward before optimizer step,2.348670412099074,0.0,0.0,0.0416666679084301,0.0,,,,
single_moving_actor_fixed_scale_budget1000,185,0.001,train-mode backward before optimizer step,2.2699070578594474,0.0,0.0,0.0416666679084301,0.0,,,,
single_moving_actor_fixed_scale_budget1000,186,0.001,train-mode backward before optimizer step,2.275524712132623,0.0,0.0,0.0416666679084301,0.0,,,,
single_moving_actor_fixed_scale_budget1000,187,0.001,train-mode backward before optimizer step,2.2912385713902776,0.0,0.0,0.0416666679084301,0.0,,,,
single_moving_actor_fixed_scale_budget1000,188,0.001,train-mode backward before optimizer step,2.347849934711064,0.0,0.0,0.0416666679084301,0.0,,,,
single_moving_actor_fixed_scale_budget1000,189,0.001,train-mode backward before optimizer step,2.3588442067252955,0.0,0.0,0.0416666679084301,0.0,,,,
single_moving_actor_fixed_scale_budget1000,190,0.001,train-mode backward before optimizer step,2.2816480193624065,0.0,0.0,0.0416666679084301,0.0,11.885247230529785,1.0,1.0,49.5347785949707
single_moving_actor_fixed_scale_budget1000,191,0.001,train-mode backward before optimizer step,2.368030025754851,0.0,0.0,0.0416666679084301,0.0,,,,
single_moving_actor_fixed_scale_budget1000,192,0.001,train-mode backward before optimizer step,2.2824591563685264,0.0,0.0,0.0416666679084301,0.0,,,,
single_moving_actor_fixed_scale_budget1000,193,0.001,train-mode backward before optimizer step,2.2614783062219677,0.0,0.0,0.0416666679084301,0.0,,,,
single_moving_actor_fixed_scale_budget1000,194,0.001,train-mode backward before optimizer step,2.256520897657626,0.0,0.0,0.0416666679084301,0.0,,,,
single_moving_actor_fixed_scale_budget1000,195,0.001,train-mode backward before optimizer step,2.339856949780868,0.0,0.0,0.0416666679084301,0.0,,,,
single_moving_actor_fixed_scale_budget1000,196,0.001,train-mode backward before optimizer step,2.4030213080564873,0.0,0.0,0.0416666679084301,0.0,,,,
single_moving_actor_fixed_scale_budget1000,197,0.001,train-mode backward before optimizer step,2.3187701100505773,0.0,0.0,0.0416666679084301,0.0,,,,
single_moving_actor_fixed_scale_budget1000,198,0.001,train-mode backward before optimizer step,2.3704825215998597,0.0,0.0,0.0416666679084301,0.0,,,,
single_moving_actor_fixed_scale_budget1000,199,0.001,train-mode backward before optimizer step,2.3156040005764407,0.0,0.0,0.0416666679084301,0.0,,,,
single_moving_actor_fixed_scale_budget1000,200,0.001,train-mode backward before optimizer step,2.2724861579731126,0.0,0.0,0.0416666679084301,0.0,12.53398609161377,1.0,1.0,49.5347785949707
single_moving_actor_fixed_scale_budget1000,201,0.001,train-mode backward before optimizer step,2.379049063433906,0.0,0.0,0.0416666679084301,0.0,,,,
single_moving_actor_fixed_scale_budget1000,202,0.001,train-mode backward before optimizer step,2.3358482562699425,0.0,0.0,0.0416666679084301,0.0,,,,
single_moving_actor_fixed_scale_budget1000,203,0.001,train-mode backward before optimizer step,2.262475957888662,0.0,0.0,0.0416666679084301,0.0,,,,
single_moving_actor_fixed_scale_budget1000,204,0.001,train-mode backward before optimizer step,2.3539562310927167,0.0,0.0,0.0416666679084301,0.0,,,,
single_moving_actor_fixed_scale_budget1000,205,0.001,train-mode backward before optimizer step,2.4522904582662766,0.0,0.0,0.0416666679084301,0.0,,,,
single_moving_actor_fixed_scale_budget1000,206,0.001,train-mode backward before optimizer step,2.333189023866363,0.0,0.0,0.0416666679084301,0.0,,,,
single_moving_actor_fixed_scale_budget1000,207,0.001,train-mode backward before optimizer step,2.4089846985068952,0.0,0.0,0.0416666679084301,0.0,,,,
single_moving_actor_fixed_scale_budget1000,208,0.001,train-mode backward before optimizer step,2.42783256472819,0.0,0.0,0.0416666679084301,0.0,,,,
single_moving_actor_fixed_scale_budget1000,209,0.001,train-mode backward before optimizer step,2.3710280289994037,0.0,0.0,0.0416666679084301,0.0,,,,
single_moving_actor_fixed_scale_budget1000,210,0.001,train-mode backward before optimizer step,2.3123274733295065,0.0,0.0,0.0416666679084301,0.0,13.225380897521973,1.0,1.0,49.5347785949707
single_moving_actor_fixed_scale_budget1000,211,0.001,train-mode backward before optimizer step,2.3579128803285103,0.0,0.0,0.0416666679084301,0.0,,,,
single_moving_actor_fixed_scale_budget1000,212,0.001,train-mode backward before optimizer step,2.3111583283900217,0.0,0.0,0.0416666679084301,0.0,,,,
single_moving_actor_fixed_scale_budget1000,213,0.001,train-mode backward before optimizer step,2.3669481566674566,0.0,0.0,0.0416666679084301,0.0,,,,
single_moving_actor_fixed_scale_budget1000,214,0.001,train-mode backward before optimizer step,2.385689458605423,0.0,0.0,0.0416666679084301,0.0,,,,
single_moving_actor_fixed_scale_budget1000,215,0.001,train-mode backward before optimizer step,2.34466452795551,0.0,0.0,0.0416666679084301,0.0,,,,
single_moving_actor_fixed_scale_budget1000,216,0.001,train-mode backward before optimizer step,2.478079287512695,0.0,0.0,0.0416666679084301,0.0,,,,
single_moving_actor_fixed_scale_budget1000,217,0.001,train-mode backward before optimizer step,2.4486347292445907,0.0,0.0,0.0416666679084301,0.0,,,,
single_moving_actor_fixed_scale_budget1000,218,0.001,train-mode backward before optimizer step,2.314310124998179,0.0,0.0,0.0416666679084301,0.0,,,,
single_moving_actor_fixed_scale_budget1000,219,0.001,train-mode backward before optimizer step,2.416351491404733,0.0,0.0,0.0416666679084301,0.0,,,,
single_moving_actor_fixed_scale_budget1000,220,0.001,train-mode backward before optimizer step,2.374581787437978,0.0,0.0,0.0416666679084301,0.0,13.924660682678223,1.0,1.0,49.5347785949707
single_moving_actor_fixed_scale_budget1000,221,0.001,train-mode backward before optimizer step,2.4432979295959396,0.0,0.0,0.0416666679084301,0.0,,,,
single_moving_actor_fixed_scale_budget1000,222,0.001,train-mode backward before optimizer step,2.361727453284842,0.0,0.0,0.0416666679084301,0.0,,,,
single_moving_actor_fixed_scale_budget1000,223,0.001,train-mode backward before optimizer step,2.3518274391856995,0.0,0.0,0.0416666679084301,0.0,,,,
single_moving_actor_fixed_scale_budget1000,224,0.001,train-mode backward before optimizer step,2.4334796652476816,0.0,0.0,0.0416666679084301,0.0,,,,
single_moving_actor_fixed_scale_budget1000,225,0.001,train-mode backward before optimizer step,2.2994362331593394,0.0,0.0,0.0416666679084301,0.0,,,,
single_moving_actor_fixed_scale_budget1000,226,0.001,train-mode backward before optimizer step,2.4217622231176072,0.0,0.0,0.0416666679084301,0.0,,,,
single_moving_actor_fixed_scale_budget1000,227,0.001,train-mode backward before optimizer step,2.4717538028348653,0.0,0.0,0.0416666679084301,0.0,,,,
single_moving_actor_fixed_scale_budget1000,228,0.001,train-mode backward before optimizer step,2.506807308404129,0.0,0.0,0.0416666679084301,0.0,,,,
single_moving_actor_fixed_scale_budget1000,229,0.001,train-mode backward before optimizer step,2.4406137068114337,0.0,0.0,0.0416666679084301,0.0,,,,
single_moving_actor_fixed_scale_budget1000,230,0.001,train-mode backward before optimizer step,2.4182949302604695,0.0,0.0,0.0416666679084301,0.0,14.656013488769531,1.0,1.0,49.5347785949707
single_moving_actor_fixed_scale_budget1000,231,0.001,train-mode backward before optimizer step,2.378366113097796,0.0,0.0,0.0416666679084301,0.0,,,,
single_moving_actor_fixed_scale_budget1000,232,0.001,train-mode backward before optimizer step,2.426537868918033,0.0,0.0,0.0416666679084301,0.0,,,,
single_moving_actor_fixed_scale_budget1000,233,0.001,train-mode backward before optimizer step,2.431015549661351,0.0,0.0,0.0416666679084301,0.0,,,,
single_moving_actor_fixed_scale_budget1000,234,0.001,train-mode backward before optimizer step,2.5573228614027106,0.0,0.0,0.0416666679084301,0.0,,,,
single_moving_actor_fixed_scale_budget1000,235,0.001,train-mode backward before optimizer step,2.417337251130063,0.0,0.0,0.0416666679084301,0.0,,,,
single_moving_actor_fixed_scale_budget1000,236,0.001,train-mode backward before optimizer step,2.4724645805911543,0.0,0.0,0.0416666679084301,0.0,,,,
single_moving_actor_fixed_scale_budget1000,237,0.001,train-mode backward before optimizer step,2.510399483467545,0.0,0.0,0.0416666679084301,0.0,,,,
single_moving_actor_fixed_scale_budget1000,238,0.001,train-mode backward before optimizer step,2.468027919632962,0.0,0.0,0.0416666679084301,0.0,,,,
single_moving_actor_fixed_scale_budget1000,239,0.001,train-mode backward before optimizer step,2.394130680898734,0.0,0.0,0.0416666679084301,0.0,,,,
single_moving_actor_fixed_scale_budget1000,240,0.001,train-mode backward before optimizer step,2.4540270149973273,0.0,0.0,0.0416666679084301,0.0,15.379156112670898,1.0,1.0,49.5347785949707
single_moving_actor_fixed_scale_budget1000,241,0.001,train-mode backward before optimizer step,2.4031628489306964,0.0,0.0,0.0416666679084301,0.0,,,,
single_moving_actor_fixed_scale_budget1000,242,0.001,train-mode backward before optimizer step,2.3855631850082974,0.0,0.0,0.0416666679084301,0.0,,,,
single_moving_actor_fixed_scale_budget1000,243,0.001,train-mode backward before optimizer step,2.409934404937585,0.0,0.0,0.0416666679084301,0.0,,,,
single_moving_actor_fixed_scale_budget1000,244,0.001,train-mode backward before optimizer step,2.4481858464192925,0.0,0.0,0.0416666679084301,0.0,,,,
single_moving_actor_fixed_scale_budget1000,245,0.001,train-mode backward before optimizer step,2.6165619383322642,0.0,0.0,0.0416666679084301,0.0,,,,
single_moving_actor_fixed_scale_budget1000,246,0.001,train-mode backward before optimizer step,2.496410269778846,0.0,0.0,0.0416666679084301,0.0,,,,
single_moving_actor_fixed_scale_budget1000,247,0.001,train-mode backward before optimizer step,2.555327761381554,0.0,0.0,0.0416666679084301,0.0,,,,
single_moving_actor_fixed_scale_budget1000,248,0.001,train-mode backward before optimizer step,2.398869678927665,0.0,0.0,0.0416666679084301,0.0,,,,
single_moving_actor_fixed_scale_budget1000,249,0.001,train-mode backward before optimizer step,2.517120095782979,0.0,0.0,0.0416666679084301,0.0,,,,
single_moving_actor_fixed_scale_budget1000,250,0.001,train-mode backward before optimizer step,2.4772623173558097,0.0,0.0,0.0416666679084301,0.0,16.14211082458496,1.0,1.0,49.5347785949707
single_moving_actor_fixed_scale_budget1000,251,0.001,train-mode backward before optimizer step,2.4655444043849513,0.0,0.0,0.0416666679084301,0.0,,,,
single_moving_actor_fixed_scale_budget1000,252,0.001,train-mode backward before optimizer step,2.47510971570811,0.0,0.0,0.0416666679084301,0.0,,,,
single_moving_actor_fixed_scale_budget1000,253,0.001,train-mode backward before optimizer step,2.604734046796778,0.0,0.0,0.0416666679084301,0.0,,,,
single_moving_actor_fixed_scale_budget1000,254,0.001,train-mode backward before optimizer step,2.606938549026003,0.0,0.0,0.0416666679084301,0.0,,,,
single_moving_actor_fixed_scale_budget1000,255,0.001,train-mode backward before optimizer step,2.526438781892227,0.0,0.0,0.0416666679084301,0.0,,,,
single_moving_actor_fixed_scale_budget1000,256,0.001,train-mode backward before optimizer step,2.4522125300968254,0.0,0.0,0.0416666679084301,0.0,,,,
single_moving_actor_fixed_scale_budget1000,257,0.001,train-mode backward before optimizer step,2.5975623398544063,0.0,0.0,0.0416666679084301,0.0,,,,
single_moving_actor_fixed_scale_budget1000,258,0.001,train-mode backward before optimizer step,2.5132829773720475,0.0,0.0,0.0416666679084301,0.0,,,,
single_moving_actor_fixed_scale_budget1000,259,0.001,train-mode backward before optimizer step,2.6485257845823225,0.0,0.0,0.0416666679084301,0.0,,,,
single_moving_actor_fixed_scale_budget1000,260,0.001,train-mode backward before optimizer step,2.6038892158464693,0.0,0.0,0.0416666679084301,0.0,16.952943801879883,1.0,1.0,49.5347785949707
single_moving_actor_fixed_scale_budget1000,261,0.001,train-mode backward before optimizer step,2.5905496256006475,0.0,0.0,0.0416666679084301,0.0,,,,
single_moving_actor_fixed_scale_budget1000,262,0.001,train-mode backward before optimizer step,2.517586528810343,0.0,0.0,0.0416666679084301,0.0,,,,
single_moving_actor_fixed_scale_budget1000,263,0.001,train-mode backward before optimizer step,2.6692758857653467,0.0,0.0,0.0416666679084301,0.0,,,,
single_moving_actor_fixed_scale_budget1000,264,0.001,train-mode backward before optimizer step,2.55993479580444,0.0,0.0,0.0416666679084301,0.0,,,,
single_moving_actor_fixed_scale_budget1000,265,0.001,train-mode backward before optimizer step,2.6693450496183537,0.0,0.0,0.0416666679084301,0.0,,,,
single_moving_actor_fixed_scale_budget1000,266,0.001,train-mode backward before optimizer step,2.4794984891688783,0.0,0.0,0.0416666679084301,0.0,,,,
single_moving_actor_fixed_scale_budget1000,267,0.001,train-mode backward before optimizer step,2.527556349160014,0.0,0.0,0.0416666679084301,0.0,,,,
single_moving_actor_fixed_scale_budget1000,268,0.001,train-mode backward before optimizer step,2.550146137881641,0.0,0.0,0.0416666679084301,0.0,,,,
single_moving_actor_fixed_scale_budget1000,269,0.001,train-mode backward before optimizer step,2.6572150664304393,0.0,0.0,0.0416666679084301,0.0,,,,
single_moving_actor_fixed_scale_budget1000,270,0.001,train-mode backward before optimizer step,2.638649120466457,0.0,0.0,0.0416666679084301,0.0,17.77408218383789,1.0,1.0,49.5347785949707
single_moving_actor_fixed_scale_budget1000,271,0.001,train-mode backward before optimizer step,2.5538590217773325,0.0,0.0,0.0416666679084301,0.0,,,,
single_moving_actor_fixed_scale_budget1000,272,0.001,train-mode backward before optimizer step,2.5464858256976037,0.0,0.0,0.0416666679084301,0.0,,,,
single_moving_actor_fixed_scale_budget1000,273,0.001,train-mode backward before optimizer step,2.4112297975151837,0.0,0.0,0.0416666679084301,0.0,,,,
single_moving_actor_fixed_scale_budget1000,274,0.001,train-mode backward before optimizer step,2.616848577614322,0.0,0.0,0.0416666679084301,0.0,,,,
single_moving_actor_fixed_scale_budget1000,275,0.001,train-mode backward before optimizer step,2.7673161076881447,0.0,0.0,0.0416666679084301,0.0,,,,
single_moving_actor_fixed_scale_budget1000,276,0.001,train-mode backward before optimizer step,2.5076466676008473,0.0,0.0,0.0416666679084301,0.0,,,,
single_moving_actor_fixed_scale_budget1000,277,0.001,train-mode backward before optimizer step,2.5410133542416085,0.0,0.0,0.0416666679084301,0.0,,,,
single_moving_actor_fixed_scale_budget1000,278,0.001,train-mode backward before optimizer step,2.4773475985186497,0.0,0.0,0.0416666679084301,0.0,,,,
single_moving_actor_fixed_scale_budget1000,279,0.001,train-mode backward before optimizer step,2.431559266919581,0.0,0.0,0.0416666679084301,0.0,,,,
single_moving_actor_fixed_scale_budget1000,280,0.001,train-mode backward before optimizer step,2.5367030355721765,0.0,0.0,0.0416666679084301,0.0,18.545015335083008,1.0,1.0,49.5347785949707
single_moving_actor_fixed_scale_budget1000,281,0.001,train-mode backward before optimizer step,2.482453458778528,0.0,0.0,0.0416666679084301,0.0,,,,
single_moving_actor_fixed_scale_budget1000,282,0.001,train-mode backward before optimizer step,2.5602237679374817,0.0,0.0,0.0416666679084301,0.0,,,,
single_moving_actor_fixed_scale_budget1000,283,0.001,train-mode backward before optimizer step,2.636027525586387,0.0,0.0,0.0416666679084301,0.0,,,,
single_moving_actor_fixed_scale_budget1000,284,0.001,train-mode backward before optimizer step,2.9371393245759316,0.0,0.0,0.0416666679084301,0.0,,,,
single_moving_actor_fixed_scale_budget1000,285,0.001,train-mode backward before optimizer step,2.5913699139812607,0.0,0.0,0.0416666679084301,0.0,,,,
single_moving_actor_fixed_scale_budget1000,286,0.001,train-mode backward before optimizer step,2.596927829380481,0.0,0.0,0.0416666679084301,0.0,,,,
single_moving_actor_fixed_scale_budget1000,287,0.001,train-mode backward before optimizer step,2.651634279204611,0.0,0.0,0.0416666679084301,0.0,,,,
single_moving_actor_fixed_scale_budget1000,288,0.001,train-mode backward before optimizer step,2.6085469641402534,0.0,0.0,0.0416666679084301,0.0,,,,
single_moving_actor_fixed_scale_budget1000,289,0.001,train-mode backward before optimizer step,2.5856431831068267,0.0,0.0,0.0416666679084301,0.0,,,,
single_moving_actor_fixed_scale_budget1000,290,0.001,train-mode backward before optimizer step,2.5689750032025254,0.0,0.0,0.0416666679084301,0.0,19.398653030395508,1.0,1.0,49.5347785949707
single_moving_actor_fixed_scale_budget1000,291,0.001,train-mode backward before optimizer step,2.5850057779038385,0.0,0.0,0.0416666679084301,0.0,,,,
single_moving_actor_fixed_scale_budget1000,292,0.001,train-mode backward before optimizer step,2.6397148636028422,0.0,0.0,0.0416666679084301,0.0,,,,
single_moving_actor_fixed_scale_budget1000,293,0.001,train-mode backward before optimizer step,2.6578638695474273,0.0,0.0,0.0416666679084301,0.0,,,,
single_moving_actor_fixed_scale_budget1000,294,0.001,train-mode backward before optimizer step,2.6886157331755864,0.0,0.0,0.0416666679084301,0.0,,,,
single_moving_actor_fixed_scale_budget1000,295,0.001,train-mode backward before optimizer step,2.659074569698715,0.0,0.0,0.0416666679084301,0.0,,,,
single_moving_actor_fixed_scale_budget1000,296,0.001,train-mode backward before optimizer step,2.513198813678983,0.0,0.0,0.0416666679084301,0.0,,,,
single_moving_actor_fixed_scale_budget1000,297,0.001,train-mode backward before optimizer step,2.6056108577245447,0.0,0.0,0.0416666679084301,0.0,,,,
single_moving_actor_fixed_scale_budget1000,298,0.001,train-mode backward before optimizer step,2.6485781338327317,0.0,0.0,0.0416666679084301,0.0,,,,
single_moving_actor_fixed_scale_budget1000,299,0.001,train-mode backward before optimizer step,2.6147147121309886,0.0,0.0,0.0416666679084301,0.0,,,,
single_moving_actor_fixed_scale_budget1000,300,0.001,train-mode backward before optimizer step,2.4456621873683724,0.0,0.0,0.0416666679084301,0.0,20.259254455566406,1.0,1.0,49.5347785949707
single_moving_actor_fixed_scale_budget1000,301,0.001,train-mode backward before optimizer step,2.560505937085724,0.0,0.0,0.0416666679084301,0.0,,,,
single_moving_actor_fixed_scale_budget1000,302,0.001,train-mode backward before optimizer step,2.586255482400375,0.0,0.0,0.0416666679084301,0.0,,,,
single_moving_actor_fixed_scale_budget1000,303,0.001,train-mode backward before optimizer step,2.7780206708664834,0.0,0.0,0.0416666679084301,0.0,,,,
single_moving_actor_fixed_scale_budget1000,304,0.001,train-mode backward before optimizer step,2.840517533965822,0.0,0.0,0.0416666679084301,0.0,,,,
single_moving_actor_fixed_scale_budget1000,305,0.001,train-mode backward before optimizer step,2.7049322001220757,0.0,0.0,0.0416666679084301,0.0,,,,
single_moving_actor_fixed_scale_budget1000,306,0.001,train-mode backward before optimizer step,2.7046374974788803,0.0,0.0,0.0416666679084301,0.0,,,,
single_moving_actor_fixed_scale_budget1000,307,0.001,train-mode backward before optimizer step,2.7449313105219213,0.0,0.0,0.0416666679084301,0.0,,,,
single_moving_actor_fixed_scale_budget1000,308,0.001,train-mode backward before optimizer step,2.6199511031853677,0.0,0.0,0.0416666679084301,0.0,,,,
single_moving_actor_fixed_scale_budget1000,309,0.001,train-mode backward before optimizer step,2.701664263198122,0.0,0.0,0.0416666679084301,0.0,,,,
single_moving_actor_fixed_scale_budget1000,310,0.001,train-mode backward before optimizer step,2.628074861621152,0.0,0.0,0.0416666679084301,0.0,21.138275146484375,1.0,1.0,49.5347785949707
single_moving_actor_fixed_scale_budget1000,311,0.001,train-mode backward before optimizer step,2.6989924839297865,0.0,0.0,0.0416666679084301,0.0,,,,
single_moving_actor_fixed_scale_budget1000,312,0.001,train-mode backward before optimizer step,2.6868803977226112,0.0,0.0,0.0416666679084301,0.0,,,,
single_moving_actor_fixed_scale_budget1000,313,0.001,train-mode backward before optimizer step,2.677134185790162,0.0,0.0,0.0416666679084301,0.0,,,,
single_moving_actor_fixed_scale_budget1000,314,0.001,train-mode backward before optimizer step,2.788649084903173,0.0,0.0,0.0416666679084301,0.0,,,,
single_moving_actor_fixed_scale_budget1000,315,0.001,train-mode backward before optimizer step,2.8267970558199744,0.0,0.0,0.0416666679084301,0.0,,,,
single_moving_actor_fixed_scale_budget1000,316,0.001,train-mode backward before optimizer step,2.692165556277152,0.0,0.0,0.0416666679084301,0.0,,,,
single_moving_actor_fixed_scale_budget1000,317,0.001,train-mode backward before optimizer step,2.688869207662236,0.0,0.0,0.0416666679084301,0.0,,,,
single_moving_actor_fixed_scale_budget1000,318,0.001,train-mode backward before optimizer step,2.7472044484407228,0.0,0.0,0.0416666679084301,0.0,,,,
single_moving_actor_fixed_scale_budget1000,319,0.001,train-mode backward before optimizer step,2.753609579085014,0.0,0.0,0.0416666679084301,0.0,,,,
single_moving_actor_fixed_scale_budget1000,320,0.001,train-mode backward before optimizer step,2.760581184975975,0.0,0.0,0.0416666679084301,0.0,22.04018211364746,1.0,1.0,49.5347785949707
single_moving_actor_fixed_scale_budget1000,321,0.001,train-mode backward before optimizer step,2.8576056586544496,0.0,0.0,0.0416666679084301,0.0,,,,
single_moving_actor_fixed_scale_budget1000,322,0.001,train-mode backward before optimizer step,2.899162061159229,0.0,0.0,0.0416666679084301,0.0,,,,
single_moving_actor_fixed_scale_budget1000,323,0.001,train-mode backward before optimizer step,2.7930500557061295,0.0,0.0,0.0416666679084301,0.0,,,,
single_moving_actor_fixed_scale_budget1000,324,0.001,train-mode backward before optimizer step,2.746685703837032,0.0,0.0,0.0416666679084301,0.0,,,,
single_moving_actor_fixed_scale_budget1000,325,0.001,train-mode backward before optimizer step,2.7277447909662493,0.0,0.0,0.0416666679084301,0.0,,,,
single_moving_actor_fixed_scale_budget1000,326,0.001,train-mode backward before optimizer step,2.7515075510058127,0.0,0.0,0.0416666679084301,0.0,,,,
single_moving_actor_fixed_scale_budget1000,327,0.001,train-mode backward before optimizer step,2.779648498660498,0.0,0.0,0.0416666679084301,0.0,,,,
single_moving_actor_fixed_scale_budget1000,328,0.001,train-mode backward before optimizer step,2.682015562463286,0.0,0.0,0.0416666679084301,0.0,,,,
single_moving_actor_fixed_scale_budget1000,329,0.001,train-mode backward before optimizer step,2.8963065689518186,0.0,0.0,0.0416666679084301,0.0,,,,
single_moving_actor_fixed_scale_budget1000,330,0.001,train-mode backward before optimizer step,3.024116266036382,0.0,0.0,0.0416666679084301,0.0,23.00779151916504,1.0,1.0,49.5347785949707
single_moving_actor_fixed_scale_budget1000,331,0.001,train-mode backward before optimizer step,2.869926679130986,0.0,0.0,0.0416666679084301,0.0,,,,
single_moving_actor_fixed_scale_budget1000,332,0.001,train-mode backward before optimizer step,2.6844184271205442,0.0,0.0,0.0416666679084301,0.0,,,,
single_moving_actor_fixed_scale_budget1000,333,0.001,train-mode backward before optimizer step,2.7042716643082465,0.0,0.0,0.0416666679084301,0.0,,,,
single_moving_actor_fixed_scale_budget1000,334,0.001,train-mode backward before optimizer step,2.6885004478901915,0.0,0.0,0.0416666679084301,0.0,,,,
single_moving_actor_fixed_scale_budget1000,335,0.001,train-mode backward before optimizer step,2.71903583438722,0.0,0.0,0.0416666679084301,0.0,,,,
single_moving_actor_fixed_scale_budget1000,336,0.001,train-mode backward before optimizer step,2.7552025249568177,0.0,0.0,0.0416666679084301,0.0,,,,
single_moving_actor_fixed_scale_budget1000,337,0.001,train-mode backward before optimizer step,2.697766379356695,0.0,0.0,0.0416666679084301,0.0,,,,
single_moving_actor_fixed_scale_budget1000,338,0.001,train-mode backward before optimizer step,2.736859443739452,0.0,0.0,0.0416666679084301,0.0,,,,
single_moving_actor_fixed_scale_budget1000,339,0.001,train-mode backward before optimizer step,3.0941972525454795,0.0,0.0,0.0416666679084301,0.0,,,,
single_moving_actor_fixed_scale_budget1000,340,0.001,train-mode backward before optimizer step,2.9192946867048915,0.0,0.0,0.0416666679084301,0.0,24.01828956604004,1.0,1.0,49.5347785949707
single_moving_actor_fixed_scale_budget1000,341,0.001,train-mode backward before optimizer step,2.9390114215602297,0.0,0.0,0.0416666679084301,0.0,,,,
single_moving_actor_fixed_scale_budget1000,342,0.001,train-mode backward before optimizer step,2.801454007740126,0.0,0.0,0.0416666679084301,0.0,,,,
single_moving_actor_fixed_scale_budget1000,343,0.001,train-mode backward before optimizer step,2.6912689973048094,0.0,0.0,0.0416666679084301,0.0,,,,
single_moving_actor_fixed_scale_budget1000,344,0.001,train-mode backward before optimizer step,2.801886260049562,0.0,0.0,0.0416666679084301,0.0,,,,
single_moving_actor_fixed_scale_budget1000,345,0.001,train-mode backward before optimizer step,2.7206016640750548,0.0,0.0,0.0416666679084301,0.0,,,,
single_moving_actor_fixed_scale_budget1000,346,0.001,train-mode backward before optimizer step,2.7312599989149264,0.0,0.0,0.0416666679084301,0.0,,,,
single_moving_actor_fixed_scale_budget1000,347,0.001,train-mode backward before optimizer step,2.7432533992186867,0.0,0.0,0.0416666679084301,0.0,,,,
single_moving_actor_fixed_scale_budget1000,348,0.001,train-mode backward before optimizer step,2.674616780564713,0.0,0.0,0.0416666679084301,0.0,,,,
single_moving_actor_fixed_scale_budget1000,349,0.001,train-mode backward before optimizer step,2.817756070557683,0.0,0.0,0.0416666679084301,0.0,,,,
single_moving_actor_fixed_scale_budget1000,350,0.001,train-mode backward before optimizer step,2.959972598699041,0.0,0.0,0.0416666679084301,0.0,25.013277053833008,1.0,1.0,49.5347785949707
single_moving_actor_fixed_scale_budget1000,351,0.001,train-mode backward before optimizer step,2.985278451792454,0.0,0.0,0.0416666679084301,0.0,,,,
single_moving_actor_fixed_scale_budget1000,352,0.001,train-mode backward before optimizer step,2.791049306225253,0.0,0.0,0.0416666679084301,0.0,,,,
single_moving_actor_fixed_scale_budget1000,353,0.001,train-mode backward before optimizer step,2.722844866528374,0.0,0.0,0.0416666679084301,0.0,,,,
single_moving_actor_fixed_scale_budget1000,354,0.001,train-mode backward before optimizer step,2.6696281005527354,0.0,0.0,0.0416666679084301,0.0,,,,
single_moving_actor_fixed_scale_budget1000,355,0.001,train-mode backward before optimizer step,2.7822614076707577,0.0,0.0,0.0416666679084301,0.0,,,,
single_moving_actor_fixed_scale_budget1000,356,0.001,train-mode backward before optimizer step,2.8051555953289737,0.0,0.0,0.0416666679084301,0.0,,,,
single_moving_actor_fixed_scale_budget1000,357,0.001,train-mode backward before optimizer step,2.7174111464750905,0.0,0.0,0.0416666679084301,0.0,,,,
single_moving_actor_fixed_scale_budget1000,358,0.001,train-mode backward before optimizer step,2.882565761970698,0.0,0.0,0.0416666679084301,0.0,,,,
single_moving_actor_fixed_scale_budget1000,359,0.001,train-mode backward before optimizer step,2.8685693644022545,0.0,0.0,0.0416666679084301,0.0,,,,
single_moving_actor_fixed_scale_budget1000,360,0.001,train-mode backward before optimizer step,2.767354738233008,0.0,0.0,0.0416666679084301,0.0,25.951784133911133,1.0,1.0,49.5347785949707
single_moving_actor_fixed_scale_budget1000,361,0.001,train-mode backward before optimizer step,2.812257326121193,0.0,0.0,0.0416666679084301,0.0,,,,
single_moving_actor_fixed_scale_budget1000,362,0.001,train-mode backward before optimizer step,2.9008902444023614,0.0,0.0,0.0416666679084301,0.0,,,,
single_moving_actor_fixed_scale_budget1000,363,0.001,train-mode backward before optimizer step,2.7564337989766625,0.0,0.0,0.0416666679084301,0.0,,,,
single_moving_actor_fixed_scale_budget1000,364,0.001,train-mode backward before optimizer step,2.654358473481648,0.0,0.0,0.0416666679084301,0.0,,,,
single_moving_actor_fixed_scale_budget1000,365,0.001,train-mode backward before optimizer step,2.681285840807612,0.0,0.0,0.0416666679084301,0.0,,,,
single_moving_actor_fixed_scale_budget1000,366,0.001,train-mode backward before optimizer step,2.8133452686909473,0.0,0.0,0.0416666679084301,0.0,,,,
single_moving_actor_fixed_scale_budget1000,367,0.001,train-mode backward before optimizer step,2.7639423935373655,0.0,0.0,0.0416666679084301,0.0,,,,
single_moving_actor_fixed_scale_budget1000,368,0.001,train-mode backward before optimizer step,2.8009623226648555,0.0,0.0,0.0416666679084301,0.0,,,,
single_moving_actor_fixed_scale_budget1000,369,0.001,train-mode backward before optimizer step,2.939599247588171,0.0,0.0,0.0416666679084301,0.0,,,,
single_moving_actor_fixed_scale_budget1000,370,0.001,train-mode backward before optimizer step,2.8568686042621803,0.0,0.0,0.0416666679084301,0.0,26.95909881591797,1.0,1.0,49.5347785949707
single_moving_actor_fixed_scale_budget1000,371,0.001,train-mode backward before optimizer step,2.7123665036945974,0.0,0.0,0.0416666679084301,0.0,,,,
single_moving_actor_fixed_scale_budget1000,372,0.001,train-mode backward before optimizer step,2.7925496057723977,0.0,0.0,0.0416666679084301,0.0,,,,
single_moving_actor_fixed_scale_budget1000,373,0.001,train-mode backward before optimizer step,2.785730826462009,0.0,0.0,0.0416666679084301,0.0,,,,
single_moving_actor_fixed_scale_budget1000,374,0.001,train-mode backward before optimizer step,2.8888938286187877,0.0,0.0,0.0416666679084301,0.0,,,,
single_moving_actor_fixed_scale_budget1000,375,0.001,train-mode backward before optimizer step,2.7925083449344643,0.0,0.0,0.0416666679084301,0.0,,,,
single_moving_actor_fixed_scale_budget1000,376,0.001,train-mode backward before optimizer step,2.833946811738526,0.0,0.0,0.0416666679084301,0.0,,,,
single_moving_actor_fixed_scale_budget1000,377,0.001,train-mode backward before optimizer step,2.808591014400563,0.0,0.0,0.0416666679084301,0.0,,,,
single_moving_actor_fixed_scale_budget1000,378,0.001,train-mode backward before optimizer step,2.8537625875410226,0.0,0.0,0.0416666679084301,0.0,,,,
single_moving_actor_fixed_scale_budget1000,379,0.001,train-mode backward before optimizer step,3.0224559882533386,0.0,0.0,0.0416666679084301,0.0,,,,
single_moving_actor_fixed_scale_budget1000,380,0.001,train-mode backward before optimizer step,3.0104724902330484,0.0,0.0,0.0416666679084301,0.0,28.007972717285156,1.0,1.0,49.5347785949707
single_moving_actor_fixed_scale_budget1000,381,0.001,train-mode backward before optimizer step,2.8260128401800295,0.0,0.0,0.0416666679084301,0.0,,,,
single_moving_actor_fixed_scale_budget1000,382,0.001,train-mode backward before optimizer step,3.0110325207904203,0.0,0.0,0.0416666679084301,0.0,,,,
single_moving_actor_fixed_scale_budget1000,383,0.001,train-mode backward before optimizer step,3.0354765589015273,0.0,0.0,0.0416666679084301,0.0,,,,
single_moving_actor_fixed_scale_budget1000,384,0.001,train-mode backward before optimizer step,2.780079662322145,0.0,0.0,0.0416666679084301,0.0,,,,
single_moving_actor_fixed_scale_budget1000,385,0.001,train-mode backward before optimizer step,2.8083041398678774,0.0,0.0,0.0416666679084301,0.0,,,,
single_moving_actor_fixed_scale_budget1000,386,0.001,train-mode backward before optimizer step,2.7177809837711293,0.0,0.0,0.0416666679084301,0.0,,,,
single_moving_actor_fixed_scale_budget1000,387,0.001,train-mode backward before optimizer step,2.842705469607792,0.0,0.0,0.0416666679084301,0.0,,,,
single_moving_actor_fixed_scale_budget1000,388,0.001,train-mode backward before optimizer step,2.9725909585466175,0.0,0.0,0.0416666679084301,0.0,,,,
single_moving_actor_fixed_scale_budget1000,389,0.001,train-mode backward before optimizer step,2.747450388038852,0.0,0.0,0.0416666679084301,0.0,,,,
single_moving_actor_fixed_scale_budget1000,390,0.001,train-mode backward before optimizer step,2.9089087921561787,0.0,0.0,0.0416666679084301,0.0,29.01128578186035,1.0,1.0,49.5347785949707
single_moving_actor_fixed_scale_budget1000,391,0.001,train-mode backward before optimizer step,2.9512334282107253,0.0,0.0,0.0416666679084301,0.0,,,,
single_moving_actor_fixed_scale_budget1000,392,0.001,train-mode backward before optimizer step,2.9522330927793354,0.0,0.0,0.0416666679084301,0.0,,,,
single_moving_actor_fixed_scale_budget1000,393,0.001,train-mode backward before optimizer step,3.052221766779297,0.0,0.0,0.0416666679084301,0.0,,,,
single_moving_actor_fixed_scale_budget1000,394,0.001,train-mode backward before optimizer step,3.0396236525610103,0.0,0.0,0.0416666679084301,0.0,,,,
single_moving_actor_fixed_scale_budget1000,395,0.001,train-mode backward before optimizer step,3.0326385974370904,0.0,0.0,0.0416666679084301,0.0,,,,
single_moving_actor_fixed_scale_budget1000,396,0.001,train-mode backward before optimizer step,3.2078363379116315,0.0,0.0,0.0416666679084301,0.0,,,,
single_moving_actor_fixed_scale_budget1000,397,0.001,train-mode backward before optimizer step,2.872995566378406,0.0,0.0,0.0416666679084301,0.0,,,,
single_moving_actor_fixed_scale_budget1000,398,0.001,train-mode backward before optimizer step,2.922250024825848,0.0,0.0,0.0416666679084301,0.0,,,,
single_moving_actor_fixed_scale_budget1000,399,0.001,train-mode backward before optimizer step,2.8380055815894933,0.0,0.0,0.0416666679084301,0.0,,,,
single_moving_actor_fixed_scale_budget1000,400,0.001,train-mode backward before optimizer step,2.8722935060342456,0.0,0.0,0.0416666679084301,0.0,30.072751998901367,1.0,1.0,49.5347785949707
single_moving_actor_fixed_scale_budget1000,401,0.001,train-mode backward before optimizer step,2.86317954578139,0.0,0.0,0.0416666679084301,0.0,,,,
single_moving_actor_fixed_scale_budget1000,402,0.001,train-mode backward before optimizer step,3.018041622705677,0.0,0.0,0.0416666679084301,0.0,,,,
single_moving_actor_fixed_scale_budget1000,403,0.001,train-mode backward before optimizer step,3.2091152341488307,0.0,0.0,0.0416666679084301,0.0,,,,
single_moving_actor_fixed_scale_budget1000,404,0.001,train-mode backward before optimizer step,2.9018014427822045,0.0,0.0,0.0416666679084301,0.0,,,,
single_moving_actor_fixed_scale_budget1000,405,0.001,train-mode backward before optimizer step,2.8550571997307914,0.0,0.0,0.0416666679084301,0.0,,,,
single_moving_actor_fixed_scale_budget1000,406,0.001,train-mode backward before optimizer step,2.8799753490972844,0.0,0.0,0.0416666679084301,0.0,,,,
single_moving_actor_fixed_scale_budget1000,407,0.001,train-mode backward before optimizer step,2.9182798529960015,0.0,0.0,0.0416666679084301,0.0,,,,
single_moving_actor_fixed_scale_budget1000,408,0.001,train-mode backward before optimizer step,2.9882008998888763,0.0,0.0,0.0416666679084301,0.0,,,,
single_moving_actor_fixed_scale_budget1000,409,0.001,train-mode backward before optimizer step,2.9738746323062424,0.0,0.0,0.0416666679084301,0.0,,,,
single_moving_actor_fixed_scale_budget1000,410,0.001,train-mode backward before optimizer step,2.9611384585930076,0.0,0.0,0.0416666679084301,0.0,31.13079833984375,1.0,1.0,49.5347785949707
single_moving_actor_fixed_scale_budget1000,411,0.001,train-mode backward before optimizer step,2.990853430218125,0.0,0.0,0.0416666679084301,0.0,,,,
single_moving_actor_fixed_scale_budget1000,412,0.001,train-mode backward before optimizer step,3.137063712014655,0.0,0.0,0.0416666679084301,0.0,,,,
single_moving_actor_fixed_scale_budget1000,413,0.001,train-mode backward before optimizer step,2.942132669386163,0.0,0.0,0.0416666679084301,0.0,,,,
single_moving_actor_fixed_scale_budget1000,414,0.001,train-mode backward before optimizer step,2.7601405259291223,0.0,0.0,0.0416666679084301,0.0,,,,
single_moving_actor_fixed_scale_budget1000,415,0.001,train-mode backward before optimizer step,2.7857591479549106,0.0,0.0,0.0416666679084301,0.0,,,,
single_moving_actor_fixed_scale_budget1000,416,0.001,train-mode backward before optimizer step,2.8430854305697033,0.0,0.0,0.0416666679084301,0.0,,,,
single_moving_actor_fixed_scale_budget1000,417,0.001,train-mode backward before optimizer step,2.9396680744263017,0.0,0.0,0.0416666679084301,0.0,,,,
single_moving_actor_fixed_scale_budget1000,418,0.001,train-mode backward before optimizer step,2.9537597322952145,0.0,0.0,0.0416666679084301,0.0,,,,
single_moving_actor_fixed_scale_budget1000,419,0.001,train-mode backward before optimizer step,2.8920061904712093,0.0,0.0,0.0416666679084301,0.0,,,,
single_moving_actor_fixed_scale_budget1000,420,0.001,train-mode backward before optimizer step,2.88005973822266,0.0,0.0,0.0416666679084301,0.0,32.17245864868164,1.0,1.0,49.5347785949707
single_moving_actor_fixed_scale_budget1000,421,0.001,train-mode backward before optimizer step,2.816716307359379,0.0,0.0,0.0416666679084301,0.0,,,,
single_moving_actor_fixed_scale_budget1000,422,0.001,train-mode backward before optimizer step,2.938262174059838,0.0,0.0,0.0416666679084301,0.0,,,,
single_moving_actor_fixed_scale_budget1000,423,0.001,train-mode backward before optimizer step,2.928592088763098,0.0,0.0,0.0416666679084301,0.0,,,,
single_moving_actor_fixed_scale_budget1000,424,0.001,train-mode backward before optimizer step,3.0599448033713257,0.0,0.0,0.0416666679084301,0.0,,,,
single_moving_actor_fixed_scale_budget1000,425,0.001,train-mode backward before optimizer step,3.0159929532394063,0.0,0.0,0.0416666679084301,0.0,,,,
single_moving_actor_fixed_scale_budget1000,426,0.001,train-mode backward before optimizer step,3.0629601612700603,0.0,0.0,0.0416666679084301,0.0,,,,
single_moving_actor_fixed_scale_budget1000,427,0.001,train-mode backward before optimizer step,2.7821154493451767,0.0,0.0,0.0416666679084301,0.0,,,,
single_moving_actor_fixed_scale_budget1000,428,0.001,train-mode backward before optimizer step,2.831688225558733,0.0,0.0,0.0416666679084301,0.0,,,,
single_moving_actor_fixed_scale_budget1000,429,0.001,train-mode backward before optimizer step,2.8664235087063084,0.0,0.0,0.0416666679084301,0.0,,,,
single_moving_actor_fixed_scale_budget1000,430,0.001,train-mode backward before optimizer step,2.8663097072299757,0.0,0.0,0.0416666679084301,0.0,33.27095413208008,1.0,1.0,49.5347785949707
single_moving_actor_fixed_scale_budget1000,431,0.001,train-mode backward before optimizer step,2.820108375127398,0.0,0.0,0.0416666679084301,0.0,,,,
single_moving_actor_fixed_scale_budget1000,432,0.001,train-mode backward before optimizer step,2.9094795832385483,0.0,0.0,0.0416666679084301,0.0,,,,
single_moving_actor_fixed_scale_budget1000,433,0.001,train-mode backward before optimizer step,2.8986741992988514,0.0,0.0,0.0416666679084301,0.0,,,,
single_moving_actor_fixed_scale_budget1000,434,0.001,train-mode backward before optimizer step,3.0229621212873554,0.0,0.0,0.0416666679084301,0.0,,,,
single_moving_actor_fixed_scale_budget1000,435,0.001,train-mode backward before optimizer step,3.084702070609116,0.0,0.0,0.0416666679084301,0.0,,,,
single_moving_actor_fixed_scale_budget1000,436,0.001,train-mode backward before optimizer step,2.9932758279612464,0.0,0.0,0.0416666679084301,0.0,,,,
single_moving_actor_fixed_scale_budget1000,437,0.001,train-mode backward before optimizer step,2.9368576326269005,0.0,0.0,0.0416666679084301,0.0,,,,
single_moving_actor_fixed_scale_budget1000,438,0.001,train-mode backward before optimizer step,2.8922474547682344,0.0,0.0,0.0416666679084301,0.0,,,,
single_moving_actor_fixed_scale_budget1000,439,0.001,train-mode backward before optimizer step,2.977441249100207,0.0,0.0,0.0416666679084301,0.0,,,,
single_moving_actor_fixed_scale_budget1000,440,0.001,train-mode backward before optimizer step,2.8587290593786436,0.0,0.0,0.0416666679084301,0.0,34.25604248046875,1.0,1.0,49.5347785949707
single_moving_actor_fixed_scale_budget1000,441,0.001,train-mode backward before optimizer step,2.9395394739543006,0.0,0.0,0.0416666679084301,0.0,,,,
single_moving_actor_fixed_scale_budget1000,442,0.001,train-mode backward before optimizer step,2.9290345608013317,0.0,0.0,0.0416666679084301,0.0,,,,
single_moving_actor_fixed_scale_budget1000,443,0.001,train-mode backward before optimizer step,2.912257642738605,0.0,0.0,0.0416666679084301,0.0,,,,
single_moving_actor_fixed_scale_budget1000,444,0.001,train-mode backward before optimizer step,2.955735198064012,0.0,0.0,0.0416666679084301,0.0,,,,
single_moving_actor_fixed_scale_budget1000,445,0.001,train-mode backward before optimizer step,2.927026192596095,0.0,0.0,0.0416666679084301,0.0,,,,
single_moving_actor_fixed_scale_budget1000,446,0.001,train-mode backward before optimizer step,3.086744484628685,0.0,0.0,0.0416666679084301,0.0,,,,
single_moving_actor_fixed_scale_budget1000,447,0.001,train-mode backward before optimizer step,3.113678282016567,0.0,0.0,0.0416666679084301,0.0,,,,
single_moving_actor_fixed_scale_budget1000,448,0.001,train-mode backward before optimizer step,3.1818562082441795,0.0,0.0,0.0416666679084301,0.0,,,,
single_moving_actor_fixed_scale_budget1000,449,0.001,train-mode backward before optimizer step,2.955236159599515,0.0,0.0,0.0416666679084301,0.0,,,,
single_moving_actor_fixed_scale_budget1000,450,0.001,train-mode backward before optimizer step,2.88081587460444,0.0,0.0,0.0416666679084301,0.0,35.17262649536133,1.0,1.0,49.5347785949707
single_moving_actor_fixed_scale_budget1000,451,0.001,train-mode backward before optimizer step,2.8859246206927107,0.0,0.0,0.0416666679084301,0.0,,,,
single_moving_actor_fixed_scale_budget1000,452,0.001,train-mode backward before optimizer step,2.9156260021426244,0.0,0.0,0.0416666679084301,0.0,,,,
single_moving_actor_fixed_scale_budget1000,453,0.001,train-mode backward before optimizer step,2.829604071130771,0.0,0.0,0.0416666679084301,0.0,,,,
single_moving_actor_fixed_scale_budget1000,454,0.001,train-mode backward before optimizer step,3.297642386683884,0.0,0.0,0.0416666679084301,0.0,,,,
single_moving_actor_fixed_scale_budget1000,455,0.001,train-mode backward before optimizer step,3.2964567088751258,0.0,0.0,0.0416666679084301,0.0,,,,
single_moving_actor_fixed_scale_budget1000,456,0.001,train-mode backward before optimizer step,2.933663735910811,0.0,0.0,0.0416666679084301,0.0,,,,
single_moving_actor_fixed_scale_budget1000,457,0.001,train-mode backward before optimizer step,2.9058766213626757,0.0,0.0,0.0416666679084301,0.0,,,,
single_moving_actor_fixed_scale_budget1000,458,0.001,train-mode backward before optimizer step,2.906162584826353,0.0,0.0,0.0416666679084301,0.0,,,,
single_moving_actor_fixed_scale_budget1000,459,0.001,train-mode backward before optimizer step,2.954191340401472,0.0,0.0,0.0416666679084301,0.0,,,,
single_moving_actor_fixed_scale_budget1000,460,0.001,train-mode backward before optimizer step,3.2264094790921707,0.0,0.0,0.0416666679084301,0.0,36.13896942138672,1.0,1.0,49.5347785949707
single_moving_actor_fixed_scale_budget1000,461,0.001,train-mode backward before optimizer step,3.1775816709200293,0.0,0.0,0.0416666679084301,0.0,,,,
single_moving_actor_fixed_scale_budget1000,462,0.001,train-mode backward before optimizer step,2.9405189725904357,0.0,0.0,0.0416666679084301,0.0,,,,
single_moving_actor_fixed_scale_budget1000,463,0.001,train-mode backward before optimizer step,2.9732193847655712,0.0,0.0,0.0416666679084301,0.0,,,,
single_moving_actor_fixed_scale_budget1000,464,0.001,train-mode backward before optimizer step,3.0045710087176465,0.0,0.0,0.0416666679084301,0.0,,,,
single_moving_actor_fixed_scale_budget1000,465,0.001,train-mode backward before optimizer step,2.8581247244977526,0.0,0.0,0.0416666679084301,0.0,,,,
single_moving_actor_fixed_scale_budget1000,466,0.001,train-mode backward before optimizer step,2.914338529899028,0.0,0.0,0.0416666679084301,0.0,,,,
single_moving_actor_fixed_scale_budget1000,467,0.001,train-mode backward before optimizer step,3.133261890770752,0.0,0.0,0.0416666679084301,0.0,,,,
single_moving_actor_fixed_scale_budget1000,468,0.001,train-mode backward before optimizer step,3.1124867783001418,0.0,0.0,0.0416666679084301,0.0,,,,
single_moving_actor_fixed_scale_budget1000,469,0.001,train-mode backward before optimizer step,2.832375807355811,0.0,0.0,0.0416666679084301,0.0,,,,
single_moving_actor_fixed_scale_budget1000,470,0.001,train-mode backward before optimizer step,2.9886248689374986,0.0,0.0,0.0416666679084301,0.0,37.061458587646484,1.0,1.0,49.5347785949707
single_moving_actor_fixed_scale_budget1000,471,0.001,train-mode backward before optimizer step,2.9906804451139064,0.0,0.0,0.0416666679084301,0.0,,,,
single_moving_actor_fixed_scale_budget1000,472,0.001,train-mode backward before optimizer step,3.029171971480971,0.0,0.0,0.0416666679084301,0.0,,,,
single_moving_actor_fixed_scale_budget1000,473,0.001,train-mode backward before optimizer step,2.8671185850517844,0.0,0.0,0.0416666679084301,0.0,,,,
single_moving_actor_fixed_scale_budget1000,474,0.001,train-mode backward before optimizer step,3.156725302552,0.0,0.0,0.0416666679084301,0.0,,,,
single_moving_actor_fixed_scale_budget1000,475,0.001,train-mode backward before optimizer step,3.0084130956042854,0.0,0.0,0.0416666679084301,0.0,,,,
single_moving_actor_fixed_scale_budget1000,476,0.001,train-mode backward before optimizer step,2.896291103311654,0.0,0.0,0.0416666679084301,0.0,,,,
single_moving_actor_fixed_scale_budget1000,477,0.001,train-mode backward before optimizer step,3.022380665118467,0.0,0.0,0.0416666679084301,0.0,,,,
single_moving_actor_fixed_scale_budget1000,478,0.001,train-mode backward before optimizer step,2.9043243419038625,0.0,0.0,0.0416666679084301,0.0,,,,
single_moving_actor_fixed_scale_budget1000,479,0.001,train-mode backward before optimizer step,2.825030011027885,0.0,0.0,0.0416666679084301,0.0,,,,
single_moving_actor_fixed_scale_budget1000,480,0.001,train-mode backward before optimizer step,3.0968374152637055,0.0,0.0,0.0416666679084301,0.0,37.7756233215332,1.0,1.0,49.5347785949707
single_moving_actor_fixed_scale_budget1000,481,0.001,train-mode backward before optimizer step,3.4983094598207845,0.0,0.0,0.0416666679084301,0.0,,,,
single_moving_actor_fixed_scale_budget1000,482,0.001,train-mode backward before optimizer step,2.9898127827886785,0.0,0.0,0.0416666679084301,0.0,,,,
single_moving_actor_fixed_scale_budget1000,483,0.001,train-mode backward before optimizer step,2.919429137575942,0.0,0.0,0.0416666679084301,0.0,,,,
single_moving_actor_fixed_scale_budget1000,484,0.001,train-mode backward before optimizer step,2.985476014832978,0.0,0.0,0.0416666679084301,0.0,,,,
single_moving_actor_fixed_scale_budget1000,485,0.001,train-mode backward before optimizer step,2.952375103075115,0.0,0.0,0.0416666679084301,0.0,,,,
single_moving_actor_fixed_scale_budget1000,486,0.001,train-mode backward before optimizer step,3.1894953106815773,0.0,0.0,0.0416666679084301,0.0,,,,
single_moving_actor_fixed_scale_budget1000,487,0.001,train-mode backward before optimizer step,2.9778158097630114,0.0,0.0,0.0416666679084301,0.0,,,,
single_moving_actor_fixed_scale_budget1000,488,0.001,train-mode backward before optimizer step,2.868862317359996,0.0,0.0,0.0416666679084301,0.0,,,,
single_moving_actor_fixed_scale_budget1000,489,0.001,train-mode backward before optimizer step,3.4403579500824972,0.0,0.0,0.0416666679084301,0.0,,,,
single_moving_actor_fixed_scale_budget1000,490,0.001,train-mode backward before optimizer step,3.0593837709850145,0.0,0.0,0.0416666679084301,0.0,38.740291595458984,1.0,1.0,49.5347785949707
single_moving_actor_fixed_scale_budget1000,491,0.001,train-mode backward before optimizer step,2.94381187190367,0.0,0.0,0.0416666679084301,0.0,,,,
single_moving_actor_fixed_scale_budget1000,492,0.001,train-mode backward before optimizer step,3.0383702282789162,0.0,0.0,0.0416666679084301,0.0,,,,
single_moving_actor_fixed_scale_budget1000,493,0.001,train-mode backward before optimizer step,2.920020123430751,0.0,0.0,0.0416666679084301,0.0,,,,
single_moving_actor_fixed_scale_budget1000,494,0.001,train-mode backward before optimizer step,2.995936737695784,0.0,0.0,0.0416666679084301,0.0,,,,
single_moving_actor_fixed_scale_budget1000,495,0.001,train-mode backward before optimizer step,3.0667893188441586,0.0,0.0,0.0416666679084301,0.0,,,,
single_moving_actor_fixed_scale_budget1000,496,0.001,train-mode backward before optimizer step,2.9764711259233305,0.0,0.0,0.0416666679084301,0.0,,,,
single_moving_actor_fixed_scale_budget1000,497,0.001,train-mode backward before optimizer step,2.9713643946583463,0.0,0.0,0.0416666679084301,0.0,,,,
single_moving_actor_fixed_scale_budget1000,498,0.001,train-mode backward before optimizer step,3.2360882444342356,0.0,0.0,0.0416666679084301,0.0,,,,
single_moving_actor_fixed_scale_budget1000,499,0.001,train-mode backward before optimizer step,2.942292992636372,0.0,0.0,0.0416666679084301,0.0,,,,
single_moving_actor_fixed_scale_budget1000,500,0.001,train-mode backward before optimizer step,2.9936250078085407,0.0,0.0,0.0416666679084301,0.0,39.74014663696289,1.0,1.0,49.5347785949707
single_moving_actor_fixed_scale_budget1000,501,0.001,train-mode backward before optimizer step,3.0260416104152372,0.0,0.0,0.0416666679084301,0.0,,,,
single_moving_actor_fixed_scale_budget1000,502,0.001,train-mode backward before optimizer step,3.2006982841499148,0.0,0.0,0.0416666679084301,0.0,,,,
single_moving_actor_fixed_scale_budget1000,503,0.001,train-mode backward before optimizer step,3.098186667669545,0.0,0.0,0.0416666679084301,0.0,,,,
single_moving_actor_fixed_scale_budget1000,504,0.001,train-mode backward before optimizer step,2.8727097294998636,0.0,0.0,0.0416666679084301,0.0,,,,
single_moving_actor_fixed_scale_budget1000,505,0.001,train-mode backward before optimizer step,3.582974334070554,0.0,0.0,0.0416666679084301,0.0,,,,
single_moving_actor_fixed_scale_budget1000,506,0.001,train-mode backward before optimizer step,3.3070107501069512,0.0,0.0,0.0416666679084301,0.0,,,,
single_moving_actor_fixed_scale_budget1000,507,0.001,train-mode backward before optimizer step,3.3402812062816585,0.0,0.0,0.0416666679084301,0.0,,,,
single_moving_actor_fixed_scale_budget1000,508,0.001,train-mode backward before optimizer step,3.0354255141859996,0.0,0.0,0.0416666679084301,0.0,,,,
single_moving_actor_fixed_scale_budget1000,509,0.001,train-mode backward before optimizer step,3.147808638818849,0.0,0.0,0.0416666679084301,0.0,,,,
single_moving_actor_fixed_scale_budget1000,510,0.001,train-mode backward before optimizer step,3.2146685968254167,0.0,0.0,0.0416666679084301,0.0,40.70632553100586,1.0,1.0,49.5347785949707
single_moving_actor_fixed_scale_budget1000,511,0.001,train-mode backward before optimizer step,2.967905275021434,0.0,0.0,0.0416666679084301,0.0,,,,
single_moving_actor_fixed_scale_budget1000,512,0.001,train-mode backward before optimizer step,2.947188000178679,0.0,0.0,0.0416666679084301,0.0,,,,
single_moving_actor_fixed_scale_budget1000,513,0.001,train-mode backward before optimizer step,3.0606859627515446,0.0,0.0,0.0416666679084301,0.0,,,,
single_moving_actor_fixed_scale_budget1000,514,0.001,train-mode backward before optimizer step,3.2328823693627298,0.0,0.0,0.0416666679084301,0.0,,,,
single_moving_actor_fixed_scale_budget1000,515,0.001,train-mode backward before optimizer step,2.955272578948477,0.0,0.0,0.0416666679084301,0.0,,,,
single_moving_actor_fixed_scale_budget1000,516,0.001,train-mode backward before optimizer step,3.2382688708962473,0.0,0.0,0.0416666679084301,0.0,,,,
single_moving_actor_fixed_scale_budget1000,517,0.001,train-mode backward before optimizer step,2.9185868253412663,0.0,0.0,0.0416666679084301,0.0,,,,
single_moving_actor_fixed_scale_budget1000,518,0.001,train-mode backward before optimizer step,2.9991035224354925,0.0,0.0,0.0416666679084301,0.0,,,,
single_moving_actor_fixed_scale_budget1000,519,0.001,train-mode backward before optimizer step,2.948188901666811,0.0,0.0,0.0416666679084301,0.0,,,,
single_moving_actor_fixed_scale_budget1000,520,0.001,train-mode backward before optimizer step,3.074855645610329,0.0,0.0,0.0416666679084301,0.0,41.74009704589844,1.0,1.0,49.5347785949707
single_moving_actor_fixed_scale_budget1000,521,0.001,train-mode backward before optimizer step,3.069734627925279,0.0,0.0,0.0416666679084301,0.0,,,,
single_moving_actor_fixed_scale_budget1000,522,0.001,train-mode backward before optimizer step,2.9781925167559993,0.0,0.0,0.0416666679084301,0.0,,,,
single_moving_actor_fixed_scale_budget1000,523,0.001,train-mode backward before optimizer step,3.530515135263284,0.0,0.0,0.0416666679084301,0.0,,,,
single_moving_actor_fixed_scale_budget1000,524,0.001,train-mode backward before optimizer step,3.0291647480437343,0.0,0.0,0.0416666679084301,0.0,,,,
single_moving_actor_fixed_scale_budget1000,525,0.001,train-mode backward before optimizer step,3.133510550072587,0.0,0.0,0.0416666679084301,0.0,,,,
single_moving_actor_fixed_scale_budget1000,526,0.001,train-mode backward before optimizer step,3.1222737287610296,0.0,0.0,0.0416666679084301,0.0,,,,
single_moving_actor_fixed_scale_budget1000,527,0.001,train-mode backward before optimizer step,3.0520275025588544,0.0,0.0,0.0416666679084301,0.0,,,,
single_moving_actor_fixed_scale_budget1000,528,0.001,train-mode backward before optimizer step,3.269450361985042,0.0,0.0,0.0416666679084301,0.0,,,,
single_moving_actor_fixed_scale_budget1000,529,0.001,train-mode backward before optimizer step,3.497149971854713,0.0,0.0,0.0416666679084301,0.0,,,,
single_moving_actor_fixed_scale_budget1000,530,0.001,train-mode backward before optimizer step,3.023826918995438,0.0,0.0,0.0416666679084301,0.0,42.84867858886719,1.0,1.0,49.5347785949707
single_moving_actor_fixed_scale_budget1000,531,0.001,train-mode backward before optimizer step,3.3054820456628153,0.0,0.0,0.0416666679084301,0.0,,,,
single_moving_actor_fixed_scale_budget1000,532,0.001,train-mode backward before optimizer step,3.0785442453525267,0.0,0.0,0.0416666679084301,0.0,,,,
single_moving_actor_fixed_scale_budget1000,533,0.001,train-mode backward before optimizer step,3.1765662618354997,0.0,0.0,0.0416666679084301,0.0,,,,
single_moving_actor_fixed_scale_budget1000,534,0.001,train-mode backward before optimizer step,2.9891563055879393,0.0,0.0,0.0416666679084301,0.0,,,,
single_moving_actor_fixed_scale_budget1000,535,0.001,train-mode backward before optimizer step,2.9920863271503624,0.0,0.0,0.0416666679084301,0.0,,,,
single_moving_actor_fixed_scale_budget1000,536,0.001,train-mode backward before optimizer step,2.9515286087873918,0.0,0.0,0.0416666679084301,0.0,,,,
single_moving_actor_fixed_scale_budget1000,537,0.001,train-mode backward before optimizer step,3.4753823684768292,0.0,0.0,0.0416666679084301,0.0,,,,
single_moving_actor_fixed_scale_budget1000,538,0.001,train-mode backward before optimizer step,3.2000502325686146,0.0,0.0,0.0416666679084301,0.0,,,,
single_moving_actor_fixed_scale_budget1000,539,0.001,train-mode backward before optimizer step,3.0380857182800627,0.0,0.0,0.0416666679084301,0.0,,,,
single_moving_actor_fixed_scale_budget1000,540,0.001,train-mode backward before optimizer step,3.31493091721649,0.0,0.0,0.0416666679084301,0.0,43.86442565917969,1.0,1.0,49.5347785949707
single_moving_actor_fixed_scale_budget1000,541,0.001,train-mode backward before optimizer step,3.2366131948041845,0.0,0.0,0.0416666679084301,0.0,,,,
single_moving_actor_fixed_scale_budget1000,542,0.001,train-mode backward before optimizer step,3.1912038877556377,0.0,0.0,0.0416666679084301,0.0,,,,
single_moving_actor_fixed_scale_budget1000,543,0.001,train-mode backward before optimizer step,3.6936341321629085,0.0,0.0,0.0416666679084301,0.0,,,,
single_moving_actor_fixed_scale_budget1000,544,0.001,train-mode backward before optimizer step,3.04417127511976,0.0,0.0,0.0416666679084301,0.0,,,,
single_moving_actor_fixed_scale_budget1000,545,0.001,train-mode backward before optimizer step,3.064378126689387,0.0,0.0,0.0416666679084301,0.0,,,,
single_moving_actor_fixed_scale_budget1000,546,0.001,train-mode backward before optimizer step,3.082753036433055,0.0,0.0,0.0416666679084301,0.0,,,,
single_moving_actor_fixed_scale_budget1000,547,0.001,train-mode backward before optimizer step,3.346825931390551,0.0,0.0,0.0416666679084301,0.0,,,,
single_moving_actor_fixed_scale_budget1000,548,0.001,train-mode backward before optimizer step,3.182866526764766,0.0,0.0,0.0416666679084301,0.0,,,,
single_moving_actor_fixed_scale_budget1000,549,0.001,train-mode backward before optimizer step,3.1451856214404996,0.0,0.0,0.0416666679084301,0.0,,,,
single_moving_actor_fixed_scale_budget1000,550,0.001,train-mode backward before optimizer step,3.080732239077814,0.0,0.0,0.0416666679084301,0.0,44.85236358642578,1.0,1.0,49.5347785949707
single_moving_actor_fixed_scale_budget1000,551,0.001,train-mode backward before optimizer step,3.01155062454248,0.0,0.0,0.0416666679084301,0.0,,,,
single_moving_actor_fixed_scale_budget1000,552,0.001,train-mode backward before optimizer step,3.0528199542051424,0.0,0.0,0.0416666679084301,0.0,,,,
single_moving_actor_fixed_scale_budget1000,553,0.001,train-mode backward before optimizer step,3.6097937511676177,0.0,0.0,0.0416666679084301,0.0,,,,
single_moving_actor_fixed_scale_budget1000,554,0.001,train-mode backward before optimizer step,3.409292228489989,0.0,0.0,0.0416666679084301,0.0,,,,
single_moving_actor_fixed_scale_budget1000,555,0.001,train-mode backward before optimizer step,3.1483123479866126,0.0,0.0,0.0416666679084301,0.0,,,,
single_moving_actor_fixed_scale_budget1000,556,0.001,train-mode backward before optimizer step,3.151831698132762,0.0,0.0,0.0416666679084301,0.0,,,,
single_moving_actor_fixed_scale_budget1000,557,0.001,train-mode backward before optimizer step,3.359673796022692,0.0,0.0,0.0416666679084301,0.0,,,,
single_moving_actor_fixed_scale_budget1000,558,0.001,train-mode backward before optimizer step,3.2567147106703986,0.0,0.0,0.0416666679084301,0.0,,,,
single_moving_actor_fixed_scale_budget1000,559,0.001,train-mode backward before optimizer step,3.432532787428726,0.0,0.0,0.0416666679084301,0.0,,,,
single_moving_actor_fixed_scale_budget1000,560,0.001,train-mode backward before optimizer step,3.2426804075213207,0.0,0.0,0.0416666679084301,0.0,45.61476135253906,1.0,1.0,49.5347785949707
single_moving_actor_fixed_scale_budget1000,561,0.001,train-mode backward before optimizer step,3.500992179877991,0.0,0.0,0.0416666679084301,0.0,,,,
single_moving_actor_fixed_scale_budget1000,562,0.001,train-mode backward before optimizer step,3.458060435228816,0.0,0.0,0.0416666679084301,0.0,,,,
single_moving_actor_fixed_scale_budget1000,563,0.001,train-mode backward before optimizer step,3.295682876326132,0.0,0.0,0.0416666679084301,0.0,,,,
single_moving_actor_fixed_scale_budget1000,564,0.001,train-mode backward before optimizer step,3.353904125346603,0.0,0.0,0.0416666679084301,0.0,,,,
single_moving_actor_fixed_scale_budget1000,565,0.001,train-mode backward before optimizer step,3.052636293718125,0.0,0.0,0.0416666679084301,0.0,,,,
single_moving_actor_fixed_scale_budget1000,566,0.001,train-mode backward before optimizer step,3.3680975062243634,0.0,0.0,0.0416666679084301,0.0,,,,
single_moving_actor_fixed_scale_budget1000,567,0.001,train-mode backward before optimizer step,2.989107147061954,0.0,0.0,0.0416666679084301,0.0,,,,
single_moving_actor_fixed_scale_budget1000,568,0.001,train-mode backward before optimizer step,3.4391011537621066,0.0,0.0,0.0416666679084301,0.0,,,,
single_moving_actor_fixed_scale_budget1000,569,0.001,train-mode backward before optimizer step,3.0295360033402714,0.0,0.0,0.0416666679084301,0.0,,,,
single_moving_actor_fixed_scale_budget1000,570,0.001,train-mode backward before optimizer step,3.378130792950282,0.0,0.0,0.0416666679084301,0.0,45.47352981567383,1.0,1.0,49.5347785949707
single_moving_actor_fixed_scale_budget1000,571,0.001,train-mode backward before optimizer step,3.2039347216464256,0.0,0.0,0.0416666679084301,0.0,,,,
single_moving_actor_fixed_scale_budget1000,572,0.001,train-mode backward before optimizer step,3.1470820253466005,0.0,0.0,0.0416666679084301,0.0,,,,
single_moving_actor_fixed_scale_budget1000,573,0.001,train-mode backward before optimizer step,3.0521566891483847,0.0,0.0,0.0416666679084301,0.0,,,,
single_moving_actor_fixed_scale_budget1000,574,0.001,train-mode backward before optimizer step,3.1562459707627553,0.0,0.0,0.0416666679084301,0.0,,,,
single_moving_actor_fixed_scale_budget1000,575,0.001,train-mode backward before optimizer step,3.0947693859162544,0.0,0.0,0.0416666679084301,0.0,,,,
single_moving_actor_fixed_scale_budget1000,576,0.001,train-mode backward before optimizer step,3.085524478443443,0.0,0.0,0.0416666679084301,0.0,,,,
single_moving_actor_fixed_scale_budget1000,577,0.001,train-mode backward before optimizer step,3.3841023299787736,0.0,0.0,0.0416666679084301,0.0,,,,
single_moving_actor_fixed_scale_budget1000,578,0.001,train-mode backward before optimizer step,3.1577089319483753,0.0,0.0,0.0416666679084301,0.0,,,,
single_moving_actor_fixed_scale_budget1000,579,0.001,train-mode backward before optimizer step,3.4498391349925166,0.0,0.0,0.0416666679084301,0.0,,,,
single_moving_actor_fixed_scale_budget1000,580,0.001,train-mode backward before optimizer step,3.3912838198107327,0.0,0.0,0.0416666679084301,0.0,46.463096618652344,1.0,1.0,49.5347785949707
single_moving_actor_fixed_scale_budget1000,581,0.001,train-mode backward before optimizer step,3.039600820928245,0.0,0.0,0.0416666679084301,0.0,,,,
single_moving_actor_fixed_scale_budget1000,582,0.001,train-mode backward before optimizer step,3.119893471552248,0.0,0.0,0.0416666679084301,0.0,,,,
single_moving_actor_fixed_scale_budget1000,583,0.001,train-mode backward before optimizer step,3.2465192241615517,0.0,0.0,0.0416666679084301,0.0,,,,
single_moving_actor_fixed_scale_budget1000,584,0.001,train-mode backward before optimizer step,3.1339244060447156,0.0,0.0,0.0416666679084301,0.0,,,,
single_moving_actor_fixed_scale_budget1000,585,0.001,train-mode backward before optimizer step,3.365686154589086,0.0,0.0,0.0416666679084301,0.0,,,,
single_moving_actor_fixed_scale_budget1000,586,0.001,train-mode backward before optimizer step,3.4563074443862303,0.0,0.0,0.0416666679084301,0.0,,,,
single_moving_actor_fixed_scale_budget1000,587,0.001,train-mode backward before optimizer step,3.1979355737134947,0.0,0.0,0.0416666679084301,0.0,,,,
single_moving_actor_fixed_scale_budget1000,588,0.001,train-mode backward before optimizer step,3.306922221822843,0.0,0.0,0.0416666679084301,0.0,,,,
single_moving_actor_fixed_scale_budget1000,589,0.001,train-mode backward before optimizer step,3.2783421030106656,0.0,0.0,0.0416666679084301,0.0,,,,
single_moving_actor_fixed_scale_budget1000,590,0.001,train-mode backward before optimizer step,3.0401686492434887,0.0,0.0,0.0416666679084301,0.0,47.3851432800293,1.0,1.0,49.5347785949707
single_moving_actor_fixed_scale_budget1000,591,0.001,train-mode backward before optimizer step,3.068146267881613,0.0,0.0,0.0416666679084301,0.0,,,,
single_moving_actor_fixed_scale_budget1000,592,0.001,train-mode backward before optimizer step,3.2554846056425055,0.0,0.0,0.0416666679084301,0.0,,,,
single_moving_actor_fixed_scale_budget1000,593,0.001,train-mode backward before optimizer step,3.1007191310994586,0.0,0.0,0.0416666679084301,0.0,,,,
single_moving_actor_fixed_scale_budget1000,594,0.001,train-mode backward before optimizer step,3.3661428556184134,0.0,0.0,0.0416666679084301,0.0,,,,
single_moving_actor_fixed_scale_budget1000,595,0.001,train-mode backward before optimizer step,3.2983666040566475,0.0,0.0,0.0416666679084301,0.0,,,,
single_moving_actor_fixed_scale_budget1000,596,0.001,train-mode backward before optimizer step,3.384446159709872,0.0,0.0,0.0416666679084301,0.0,,,,
single_moving_actor_fixed_scale_budget1000,597,0.001,train-mode backward before optimizer step,3.6129169696896497,0.0,0.0,0.0416666679084301,0.0,,,,
single_moving_actor_fixed_scale_budget1000,598,0.001,train-mode backward before optimizer step,3.135041422050814,0.0,0.0,0.0416666679084301,0.0,,,,
single_moving_actor_fixed_scale_budget1000,599,0.001,train-mode backward before optimizer step,3.208939782524404,0.0,0.0,0.0416666679084301,0.0,,,,
single_moving_actor_fixed_scale_budget1000,600,0.001,train-mode backward before optimizer step,3.3970980241812856,0.0,0.0,0.0416666679084301,0.0,48.30271911621094,1.0,1.0,49.5347785949707
single_moving_actor_fixed_scale_budget1000,601,0.001,train-mode backward before optimizer step,3.1263583065054723,0.0,0.0,0.0416666679084301,0.0,,,,
single_moving_actor_fixed_scale_budget1000,602,0.001,train-mode backward before optimizer step,3.243259531767375,0.0,0.0,0.0416666679084301,0.0,,,,
single_moving_actor_fixed_scale_budget1000,603,0.001,train-mode backward before optimizer step,3.170534391908872,0.0,0.0,0.0416666679084301,0.0,,,,
single_moving_actor_fixed_scale_budget1000,604,0.001,train-mode backward before optimizer step,3.098839275733687,0.0,0.0,0.0416666679084301,0.0,,,,
single_moving_actor_fixed_scale_budget1000,605,0.001,train-mode backward before optimizer step,3.3215471187183847,0.0,0.0,0.0416666679084301,0.0,,,,
single_moving_actor_fixed_scale_budget1000,606,0.001,train-mode backward before optimizer step,3.125542407148787,0.0,0.0,0.0416666679084301,0.0,,,,
single_moving_actor_fixed_scale_budget1000,607,0.001,train-mode backward before optimizer step,3.6690290094162177,0.0,0.0,0.0416666679084301,0.0,,,,
single_moving_actor_fixed_scale_budget1000,608,0.001,train-mode backward before optimizer step,3.166222058224182,0.0,0.0,0.0416666679084301,0.0,,,,
single_moving_actor_fixed_scale_budget1000,609,0.001,train-mode backward before optimizer step,3.6507393793267338,0.0,0.0,0.0416666679084301,0.0,,,,
single_moving_actor_fixed_scale_budget1000,610,0.001,train-mode backward before optimizer step,3.1637833654018994,0.0,0.0,0.0416666679084301,0.0,49.196285247802734,1.0,1.0,49.5347785949707
moving_only_4,1,0.001,train-mode backward before optimizer step,1.4533738461181076,0.0,0.0,0.010416666977107525,0.0,2.1307525634765625,1.0,1.0,49.5347785949707
moving_only_4,2,0.001,train-mode backward before optimizer step,1.4565203146547885,0.0,0.0,0.010416666977107525,0.0,,,,
moving_only_4,3,0.001,train-mode backward before optimizer step,1.22935457274089,0.0,0.0,0.010416666977107525,0.0,,,,
moving_only_4,4,0.001,train-mode backward before optimizer step,1.2496563478893277,0.0,0.0,0.010416666977107525,0.0,,,,
moving_only_4,5,0.001,train-mode backward before optimizer step,1.400560378559985,0.0,0.0,0.010416666977107525,0.0,,,,
moving_only_4,6,0.001,train-mode backward before optimizer step,1.2637703713281818,0.0,0.0,0.010416666977107525,0.0,,,,
moving_only_4,7,0.001,train-mode backward before optimizer step,1.2507783425839456,0.0,0.0,0.010416666977107525,0.0,,,,
moving_only_4,8,0.001,train-mode backward before optimizer step,1.2824428456205956,0.0,0.0,0.010416666977107525,0.0,,,,
moving_only_4,9,0.001,train-mode backward before optimizer step,1.19990052388094,0.0,0.0,0.010416666977107525,0.0,,,,
moving_only_4,10,0.001,train-mode backward before optimizer step,1.1850435977667306,0.0,0.0,0.010416666977107525,0.0,3.140615224838257,1.0,1.0,49.5347785949707
moving_only_4,11,0.001,train-mode backward before optimizer step,1.172470297983115,0.0,0.0,0.010416666977107525,0.0,,,,
moving_only_4,12,0.001,train-mode backward before optimizer step,1.210850717441239,0.0,0.0,0.010416666977107525,0.0,,,,
moving_only_4,13,0.001,train-mode backward before optimizer step,1.1755502152216375,0.0,0.0,0.010416666977107525,0.0,,,,
moving_only_4,14,0.001,train-mode backward before optimizer step,1.1722697245739448,0.0,0.0,0.010416666977107525,0.0,,,,
moving_only_4,15,0.001,train-mode backward before optimizer step,1.1477056800518353,0.0,0.0,0.010416666977107525,0.0,,,,
moving_only_4,16,0.001,train-mode backward before optimizer step,1.2191283296110924,0.0,0.0,0.010416666977107525,0.0,,,,
moving_only_4,17,0.001,train-mode backward before optimizer step,1.1734509880285866,0.0,0.0,0.010416666977107525,0.0,,,,
moving_only_4,18,0.001,train-mode backward before optimizer step,1.2118011834457412,0.0,0.0,0.010416666977107525,0.0,,,,
moving_only_4,19,0.001,train-mode backward before optimizer step,1.1793636247440256,0.0,0.0,0.010416666977107525,0.0,,,,
moving_only_4,20,0.001,train-mode backward before optimizer step,1.1759327275551186,0.0,0.0,0.010416666977107525,0.0,3.6267175674438477,1.0,1.0,49.5347785949707
moving_only_4,21,0.001,train-mode backward before optimizer step,1.1585463505130922,0.0,0.0,0.010416666977107525,0.0,,,,
moving_only_4,22,0.001,train-mode backward before optimizer step,1.1843831882918205,0.0,0.0,0.010416666977107525,0.0,,,,
moving_only_4,23,0.001,train-mode backward before optimizer step,1.1753000687878674,0.0,0.0,0.010416666977107525,0.0,,,,
moving_only_4,24,0.001,train-mode backward before optimizer step,1.19622940782465,0.0,0.0,0.010416666977107525,0.0,,,,
moving_only_4,25,0.001,train-mode backward before optimizer step,1.2524664302321293,0.0,0.0,0.010416666977107525,0.0,,,,
moving_only_4,26,0.001,train-mode backward before optimizer step,1.2132847533107154,0.0,0.0,0.010416666977107525,0.0,,,,
moving_only_4,27,0.001,train-mode backward before optimizer step,1.2024661284163638,0.0,0.0,0.010416666977107525,0.0,,,,
moving_only_4,28,0.001,train-mode backward before optimizer step,1.1653718924882073,0.0,0.0,0.010416666977107525,0.0,,,,
moving_only_4,29,0.001,train-mode backward before optimizer step,1.1507804518808853,0.0,0.0,0.010416666977107525,0.0,,,,
moving_only_4,30,0.001,train-mode backward before optimizer step,1.1681665971144484,0.0,0.0,0.010416666977107525,0.0,4.121824264526367,1.0,1.0,49.5347785949707
moving_only_4,31,0.001,train-mode backward before optimizer step,1.1923665848997842,0.0,0.0,0.010416666977107525,0.0,,,,
moving_only_4,32,0.001,train-mode backward before optimizer step,1.2079759696020413,0.0,0.0,0.010416666977107525,0.0,,,,
moving_only_4,33,0.001,train-mode backward before optimizer step,1.2130862067880277,0.0,0.0,0.010416666977107525,0.0,,,,
moving_only_4,34,0.001,train-mode backward before optimizer step,1.1879796572887324,0.0,0.0,0.010416666977107525,0.0,,,,
moving_only_4,35,0.001,train-mode backward before optimizer step,1.1981597598088616,0.0,0.0,0.010416666977107525,0.0,,,,
moving_only_4,36,0.001,train-mode backward before optimizer step,1.2293161508564436,0.0,0.0,0.010416666977107525,0.0,,,,
moving_only_4,37,0.001,train-mode backward before optimizer step,1.2209644175752659,0.0,0.0,0.010416666977107525,0.0,,,,
moving_only_4,38,0.001,train-mode backward before optimizer step,1.3045927067812386,0.0,0.0,0.010416666977107525,0.0,,,,
moving_only_4,39,0.001,train-mode backward before optimizer step,1.2700426451868414,0.0,0.0,0.010416666977107525,0.0,,,,
moving_only_4,40,0.001,train-mode backward before optimizer step,1.1998034849218917,0.0,0.0,0.010416666977107525,0.0,4.6231865882873535,1.0,1.0,49.5347785949707
moving_only_4,41,0.001,train-mode backward before optimizer step,1.166094105228509,0.0,0.0,0.010416666977107525,0.0,,,,
moving_only_4,42,0.001,train-mode backward before optimizer step,1.2211085899069105,0.0,0.0,0.010416666977107525,0.0,,,,
moving_only_4,43,0.001,train-mode backward before optimizer step,1.2363604169196318,0.0,0.0,0.010416666977107525,0.0,,,,
moving_only_4,44,0.001,train-mode backward before optimizer step,1.2710515927524486,0.0,0.0,0.010416666977107525,0.0,,,,
moving_only_4,45,0.001,train-mode backward before optimizer step,1.2770272277943318,0.0,0.0,0.010416666977107525,0.0,,,,
moving_only_4,46,0.001,train-mode backward before optimizer step,1.2611783627604713,0.0,0.0,0.010416666977107525,0.0,,,,
moving_only_4,47,0.001,train-mode backward before optimizer step,1.2125488572610588,0.0,0.0,0.010416666977107525,0.0,,,,
moving_only_4,48,0.001,train-mode backward before optimizer step,1.19683255391003,0.0,0.0,0.010416666977107525,0.0,,,,
moving_only_4,49,0.001,train-mode backward before optimizer step,1.278304212880812,0.0,0.0,0.010416666977107525,0.0,,,,
moving_only_4,50,0.001,train-mode backward before optimizer step,1.3212566337706033,0.0,0.0,0.010416666977107525,0.0,5.204276084899902,1.0,1.0,49.5347785949707
moving_only_4,51,0.001,train-mode backward before optimizer step,1.2363237498749067,0.0,0.0,0.010416666977107525,0.0,,,,
moving_only_4,52,0.001,train-mode backward before optimizer step,1.2489629037601073,0.0,0.0,0.010416666977107525,0.0,,,,
moving_only_4,53,0.001,train-mode backward before optimizer step,1.2874653724880316,0.0,0.0,0.010416666977107525,0.0,,,,
moving_only_4,54,0.001,train-mode backward before optimizer step,1.219468213780313,0.0,0.0,0.010416666977107525,0.0,,,,
moving_only_4,55,0.001,train-mode backward before optimizer step,1.3064625691713767,0.0,0.0,0.010416666977107525,0.0,,,,
moving_only_4,56,0.001,train-mode backward before optimizer step,1.2918870644858234,0.0,0.0,0.010416666977107525,0.0,,,,
moving_only_4,57,0.001,train-mode backward before optimizer step,1.2230171459760755,0.0,0.0,0.010416666977107525,0.0,,,,
moving_only_4,58,0.001,train-mode backward before optimizer step,1.270954807667845,0.0,0.0,0.010416666977107525,0.0,,,,
moving_only_4,59,0.001,train-mode backward before optimizer step,1.2971297043717673,0.0,0.0,0.010416666977107525,0.0,,,,
moving_only_4,60,0.001,train-mode backward before optimizer step,1.2478595954379579,0.0,0.0,0.010416666977107525,0.0,5.696396827697754,1.0,1.0,49.5347785949707
moving_only_4,61,0.001,train-mode backward before optimizer step,1.4378655277910906,0.0,0.0,0.010416666977107525,0.0,,,,
moving_only_4,62,0.001,train-mode backward before optimizer step,1.262374941254516,0.0,0.0,0.010416666977107525,0.0,,,,
moving_only_4,63,0.001,train-mode backward before optimizer step,1.2711551090759543,0.0,0.0,0.010416666977107525,0.0,,,,
moving_only_4,64,0.001,train-mode backward before optimizer step,1.3051668212550787,0.0,0.0,0.010416666977107525,0.0,,,,
moving_only_4,65,0.001,train-mode backward before optimizer step,1.3100752922454373,0.0,0.0,0.010416666977107525,0.0,,,,
moving_only_4,66,0.001,train-mode backward before optimizer step,1.282114808370669,0.0,0.0,0.010416666977107525,0.0,,,,
moving_only_4,67,0.001,train-mode backward before optimizer step,1.3528865965038521,0.0,0.0,0.010416666977107525,0.0,,,,
moving_only_4,68,0.001,train-mode backward before optimizer step,1.2934573154998252,0.0,0.0,0.010416666977107525,0.0,,,,
moving_only_4,69,0.001,train-mode backward before optimizer step,1.3548501832869047,0.0,0.0,0.010416666977107525,0.0,,,,
moving_only_4,70,0.001,train-mode backward before optimizer step,1.304371536920049,0.0,0.0,0.010416666977107525,0.0,6.469619274139404,1.0,1.0,49.5347785949707
moving_only_4,71,0.001,train-mode backward before optimizer step,1.2930055144728836,0.0,0.0,0.010416666977107525,0.0,,,,
moving_only_4,72,0.001,train-mode backward before optimizer step,1.349548034308822,0.0,0.0,0.010416666977107525,0.0,,,,
moving_only_4,73,0.001,train-mode backward before optimizer step,1.3447708619699807,0.0,0.0,0.010416666977107525,0.0,,,,
moving_only_4,74,0.001,train-mode backward before optimizer step,1.2711385463914244,0.0,0.0,0.010416666977107525,0.0,,,,
moving_only_4,75,0.001,train-mode backward before optimizer step,1.3185972299827664,0.0,0.0,0.010416666977107525,0.0,,,,
moving_only_4,76,0.001,train-mode backward before optimizer step,1.5111922640231716,0.0,0.0,0.010416666977107525,0.0,,,,
moving_only_4,77,0.001,train-mode backward before optimizer step,1.2726433296489277,0.0,0.0,0.010416666977107525,0.0,,,,
moving_only_4,78,0.001,train-mode backward before optimizer step,1.3068200929088085,0.0,0.0,0.010416666977107525,0.0,,,,
moving_only_4,79,0.001,train-mode backward before optimizer step,1.309598881287696,0.0,0.0,0.010416666977107525,0.0,,,,
moving_only_4,80,0.001,train-mode backward before optimizer step,1.2973767514022259,0.0,0.0,0.010416666977107525,0.0,7.027273654937744,1.0,1.0,49.5347785949707
moving_only_4,81,0.001,train-mode backward before optimizer step,1.3890554501611099,0.0,0.0,0.010416666977107525,0.0,,,,
moving_only_4,82,0.001,train-mode backward before optimizer step,1.4939441070420438,0.0,0.0,0.010416666977107525,0.0,,,,
moving_only_4,83,0.001,train-mode backward before optimizer step,1.4127261285306285,0.0,0.0,0.010416666977107525,0.0,,,,
moving_only_4,84,0.001,train-mode backward before optimizer step,1.3373727662098545,0.0,0.0,0.010416666977107525,0.0,,,,
moving_only_4,85,0.001,train-mode backward before optimizer step,1.362917866182996,0.0,0.0,0.010416666977107525,0.0,,,,
moving_only_4,86,0.001,train-mode backward before optimizer step,1.3299917777054848,0.0,0.0,0.010416666977107525,0.0,,,,
moving_only_4,87,0.001,train-mode backward before optimizer step,1.346123040444856,0.0,0.0,0.010416666977107525,0.0,,,,
moving_only_4,88,0.001,train-mode backward before optimizer step,1.4312634639359376,0.0,0.0,0.010416666977107525,0.0,,,,
moving_only_4,89,0.001,train-mode backward before optimizer step,1.5646914558396223,0.0,0.0,0.010416666977107525,0.0,,,,
moving_only_4,90,0.001,train-mode backward before optimizer step,1.3213984855720533,0.0,0.0,0.010416666977107525,0.0,7.646018981933594,1.0,1.0,49.5347785949707
moving_only_4,91,0.001,train-mode backward before optimizer step,1.430135118045303,0.0,0.0,0.010416666977107525,0.0,,,,
moving_only_4,92,0.001,train-mode backward before optimizer step,1.3731856336679455,0.0,0.0,0.010416666977107525,0.0,,,,
moving_only_4,93,0.001,train-mode backward before optimizer step,1.4790165423044521,0.0,0.0,0.010416666977107525,0.0,,,,
moving_only_4,94,0.001,train-mode backward before optimizer step,1.50594212723492,0.0,0.0,0.010416666977107525,0.0,,,,
moving_only_4,95,0.001,train-mode backward before optimizer step,1.72358635747783,0.0,0.0,0.010416666977107525,0.0,,,,
moving_only_4,96,0.001,train-mode backward before optimizer step,1.4959300337785055,0.0,0.0,0.010416666977107525,0.0,,,,
moving_only_4,97,0.001,train-mode backward before optimizer step,1.4507310757463616,0.0,0.0,0.010416666977107525,0.0,,,,
moving_only_4,98,0.001,train-mode backward before optimizer step,1.4765041306397395,0.0,0.0,0.010416666977107525,0.0,,,,
moving_only_4,99,0.001,train-mode backward before optimizer step,1.5599519012363066,0.0,0.0,0.010416666977107525,0.0,,,,
moving_only_4,100,0.001,train-mode backward before optimizer step,1.512845192712525,0.0,0.0,0.010416666977107525,0.0,8.147541046142578,1.0,1.0,49.5347785949707
moving_only_4,101,0.001,train-mode backward before optimizer step,1.3667363579971399,0.0,0.0,0.010416666977107525,0.0,,,,
moving_only_4,102,0.001,train-mode backward before optimizer step,1.6633093031421102,0.0,0.0,0.010416666977107525,0.0,,,,
moving_only_4,103,0.001,train-mode backward before optimizer step,1.8073450279101195,0.0,0.0,0.010416666977107525,0.0,,,,
moving_only_4,104,0.001,train-mode backward before optimizer step,1.7070761810280526,0.0,0.0,0.010416666977107525,0.0,,,,
moving_only_4,105,0.001,train-mode backward before optimizer step,1.400047967400037,0.0,0.0,0.010416666977107525,0.0,,,,
moving_only_4,106,0.001,train-mode backward before optimizer step,1.5627831056710064,0.0,0.0,0.010416666977107525,0.0,,,,
moving_only_4,107,0.001,train-mode backward before optimizer step,1.514273498765684,0.0,0.0,0.010416666977107525,0.0,,,,
moving_only_4,108,0.001,train-mode backward before optimizer step,1.527284232942523,0.0,0.0,0.010416666977107525,0.0,,,,
moving_only_4,109,0.001,train-mode backward before optimizer step,1.5062921538254828,0.0,0.0,0.010416666977107525,0.0,,,,
moving_only_4,110,0.001,train-mode backward before optimizer step,1.3810215892146738,0.0,0.0,0.010416666977107525,0.0,8.696060180664062,1.0,1.0,49.5347785949707
moving_only_4,111,0.001,train-mode backward before optimizer step,1.6620313914509592,0.0,0.0,0.010416666977107525,0.0,,,,
moving_only_4,112,0.001,train-mode backward before optimizer step,1.7087455647148164,0.0,0.0,0.010416666977107525,0.0,,,,
moving_only_4,113,0.001,train-mode backward before optimizer step,1.594780021505679,0.0,0.0,0.010416666977107525,0.0,,,,
moving_only_4,114,0.001,train-mode backward before optimizer step,1.4108115057301347,0.0,0.0,0.010416666977107525,0.0,,,,
moving_only_4,115,0.001,train-mode backward before optimizer step,1.4467373222701154,0.0,0.0,0.010416666977107525,0.0,,,,
moving_only_4,116,0.001,train-mode backward before optimizer step,1.5487232894304868,0.0,0.0,0.010416666977107525,0.0,,,,
moving_only_4,117,0.001,train-mode backward before optimizer step,1.488547019652645,0.0,0.0,0.010416666977107525,0.0,,,,
moving_only_4,118,0.001,train-mode backward before optimizer step,1.5767282858246245,0.0,0.0,0.010416666977107525,0.0,,,,
moving_only_4,119,0.001,train-mode backward before optimizer step,1.5466020704509318,0.0,0.0,0.010416666977107525,0.0,,,,
moving_only_4,120,0.001,train-mode backward before optimizer step,1.546078578373709,0.0,0.0,0.010416666977107525,0.0,9.139887809753418,1.0,1.0,49.5347785949707
moving_only_4,121,0.001,train-mode backward before optimizer step,1.806718994302835,0.0,0.0,0.010416666977107525,0.0,,,,
moving_only_4,122,0.001,train-mode backward before optimizer step,1.9045992277886288,0.0,0.0,0.010416666977107525,0.0,,,,
moving_only_4,123,0.001,train-mode backward before optimizer step,1.4660605479225695,0.0,0.0,0.010416666977107525,0.0,,,,
moving_only_4,124,0.001,train-mode backward before optimizer step,1.4549555095745363,0.0,0.0,0.010416666977107525,0.0,,,,
moving_only_4,125,0.001,train-mode backward before optimizer step,1.5959585467735387,0.0,0.0,0.010416666977107525,0.0,,,,
moving_only_4,126,0.001,train-mode backward before optimizer step,1.5254979028218818,0.0,0.0,0.010416666977107525,0.0,,,,
moving_only_4,127,0.001,train-mode backward before optimizer step,1.490404514767703,0.0,0.0,0.010416666977107525,0.0,,,,
moving_only_4,128,0.001,train-mode backward before optimizer step,1.4184931603241027,0.0,0.0,0.010416666977107525,0.0,,,,
moving_only_4,129,0.001,train-mode backward before optimizer step,1.3780609527392982,0.0,0.0,0.010416666977107525,0.0,,,,
moving_only_4,130,0.001,train-mode backward before optimizer step,1.509861086725631,0.0,0.0,0.010416666977107525,0.0,9.577499389648438,1.0,1.0,49.5347785949707
moving_only_4,131,0.001,train-mode backward before optimizer step,1.5961065906157728,0.0,0.0,0.010416666977107525,0.0,,,,
moving_only_4,132,0.001,train-mode backward before optimizer step,1.5493613214923045,0.0,0.0,0.010416666977107525,0.0,,,,
moving_only_4,133,0.001,train-mode backward before optimizer step,1.4078983502472862,0.0,0.0,0.010416666977107525,0.0,,,,
moving_only_4,134,0.001,train-mode backward before optimizer step,1.4086351617847646,0.0,0.0,0.010416666977107525,0.0,,,,
moving_only_4,135,0.001,train-mode backward before optimizer step,1.5496927222673877,0.0,0.0,0.010416666977107525,0.0,,,,
moving_only_4,136,0.001,train-mode backward before optimizer step,1.4391118767004445,0.0,0.0,0.010416666977107525,0.0,,,,
moving_only_4,137,0.001,train-mode backward before optimizer step,1.5257912416403299,0.0,0.0,0.010416666977107525,0.0,,,,
moving_only_4,138,0.001,train-mode backward before optimizer step,1.4966938114527195,0.0,0.0,0.010416666977107525,0.0,,,,
moving_only_4,139,0.001,train-mode backward before optimizer step,1.5136993512927708,0.0,0.0,0.010416666977107525,0.0,,,,
moving_only_4,140,0.001,train-mode backward before optimizer step,1.5329878480514403,0.0,0.0,0.010416666977107525,0.0,10.164432525634766,1.0,1.0,49.5347785949707
moving_only_4,141,0.001,train-mode backward before optimizer step,1.8666801054909696,0.0,0.0,0.010416666977107525,0.0,,,,
moving_only_4,142,0.001,train-mode backward before optimizer step,1.4490991487081857,0.0,0.0,0.010416666977107525,0.0,,,,
moving_only_4,143,0.001,train-mode backward before optimizer step,1.6321207323419091,0.0,0.0,0.010416666977107525,0.0,,,,
moving_only_4,144,0.001,train-mode backward before optimizer step,1.6554060217236142,0.0,0.0,0.010416666977107525,0.0,,,,
moving_only_4,145,0.001,train-mode backward before optimizer step,1.687732319219255,0.0,0.0,0.010416666977107525,0.0,,,,
moving_only_4,146,0.001,train-mode backward before optimizer step,1.5734887730012106,0.0,0.0,0.010416666977107525,0.0,,,,
moving_only_4,147,0.001,train-mode backward before optimizer step,1.5261311413955467,0.0,0.0,0.010416666977107525,0.0,,,,
moving_only_4,148,0.001,train-mode backward before optimizer step,1.8469919343466346,0.0,0.0,0.010416666977107525,0.0,,,,
moving_only_4,149,0.001,train-mode backward before optimizer step,2.1713862421331163,0.0,0.0,0.010416666977107525,0.0,,,,
moving_only_4,150,0.001,train-mode backward before optimizer step,1.582746211897842,0.0,0.0,0.010416666977107525,0.0,10.666020393371582,1.0,1.0,49.5347785949707
moving_only_4,151,0.001,train-mode backward before optimizer step,1.621138591728307,0.0,0.0,0.010416666977107525,0.0,,,,
moving_only_4,152,0.001,train-mode backward before optimizer step,1.6520526859281048,0.0,0.0,0.010416666977107525,0.0,,,,
moving_only_4,153,0.001,train-mode backward before optimizer step,1.6656668428882748,0.0,0.0,0.010416666977107525,0.0,,,,
moving_only_4,154,0.001,train-mode backward before optimizer step,1.7359120589389812,0.0,0.0,0.010416666977107525,0.0,,,,
moving_only_4,155,0.001,train-mode backward before optimizer step,1.5722431207001437,0.0,0.0,0.010416666977107525,0.0,,,,
moving_only_4,156,0.001,train-mode backward before optimizer step,2.1422647135963464,0.0,0.0,0.010416666977107525,0.0,,,,
moving_only_4,157,0.001,train-mode backward before optimizer step,2.2575247808080325,0.0,0.0,0.010416666977107525,0.0,,,,
moving_only_4,158,0.001,train-mode backward before optimizer step,1.552962922254599,0.0,0.0,0.010416666977107525,0.0,,,,
moving_only_4,159,0.001,train-mode backward before optimizer step,1.687446348871511,0.0,0.0,0.010416666977107525,0.0,,,,
moving_only_4,160,0.001,train-mode backward before optimizer step,1.6414733979836666,0.0,0.0,0.010416666977107525,0.0,11.23488998413086,1.0,1.0,49.5347785949707
moving_only_4,161,0.001,train-mode backward before optimizer step,1.5272076376755468,0.0,0.0,0.010416666977107525,0.0,,,,
moving_only_4,162,0.001,train-mode backward before optimizer step,1.68223871064633,0.0,0.0,0.010416666977107525,0.0,,,,
moving_only_4,163,0.001,train-mode backward before optimizer step,1.6113567052345814,0.0,0.0,0.010416666977107525,0.0,,,,
moving_only_4,164,0.001,train-mode backward before optimizer step,1.5871436325956656,0.0,0.0,0.010416666977107525,0.0,,,,
moving_only_4,165,0.001,train-mode backward before optimizer step,2.0334130208123047,0.0,0.0,0.010416666977107525,0.0,,,,
moving_only_4,166,0.001,train-mode backward before optimizer step,1.88830594103602,0.0,0.0,0.010416666977107525,0.0,,,,
moving_only_4,167,0.001,train-mode backward before optimizer step,1.5457237051914365,0.0,0.0,0.010416666977107525,0.0,,,,
moving_only_4,168,0.001,train-mode backward before optimizer step,1.5839668072032813,0.0,0.0,0.010416666977107525,0.0,,,,
moving_only_4,169,0.001,train-mode backward before optimizer step,1.7026196301758867,0.0,0.0,0.010416666977107525,0.0,,,,
moving_only_4,170,0.001,train-mode backward before optimizer step,1.7466649173172701,0.0,0.0,0.010416666977107525,0.0,11.886998176574707,1.0,1.0,49.5347785949707
moving_only_4,171,0.001,train-mode backward before optimizer step,1.7699713507299206,0.0,0.0,0.010416666977107525,0.0,,,,
moving_only_4,172,0.001,train-mode backward before optimizer step,1.813384838708601,0.0,0.0,0.010416666977107525,0.0,,,,
moving_only_4,173,0.001,train-mode backward before optimizer step,1.631165106776632,0.0,0.0,0.010416666977107525,0.0,,,,
moving_only_4,174,0.001,train-mode backward before optimizer step,1.9984046418842938,0.0,0.0,0.010416666977107525,0.0,,,,
moving_only_4,175,0.001,train-mode backward before optimizer step,2.235432526723556,0.0,0.0,0.010416666977107525,0.0,,,,
moving_only_4,176,0.001,train-mode backward before optimizer step,1.7815580284986008,0.0,0.0,0.010416666977107525,0.0,,,,
moving_only_4,177,0.001,train-mode backward before optimizer step,1.7805870702457014,0.0,0.0,0.010416666977107525,0.0,,,,
moving_only_4,178,0.001,train-mode backward before optimizer step,1.7159748007488347,0.0,0.0,0.010416666977107525,0.0,,,,
moving_only_4,179,0.001,train-mode backward before optimizer step,1.7853456413840751,0.0,0.0,0.010416666977107525,0.0,,,,
moving_only_4,180,0.001,train-mode backward before optimizer step,1.7040655636342097,0.0,0.0,0.010416666977107525,0.0,12.482308387756348,1.0,1.0,49.5347785949707
moving_only_4,181,0.001,train-mode backward before optimizer step,1.6473217578762247,0.0,0.0,0.010416666977107525,0.0,,,,
moving_only_4,182,0.001,train-mode backward before optimizer step,1.8538331693415806,0.0,0.0,0.010416666977107525,0.0,,,,
moving_only_4,183,0.001,train-mode backward before optimizer step,2.226847002558332,0.0,0.0,0.010416666977107525,0.0,,,,
moving_only_4,184,0.001,train-mode backward before optimizer step,1.8863173755631435,0.0,0.0,0.010416666977107525,0.0,,,,
moving_only_4,185,0.001,train-mode backward before optimizer step,1.6468279002756192,0.0,0.0,0.010416666977107525,0.0,,,,
moving_only_4,186,0.001,train-mode backward before optimizer step,1.7090532547825648,0.0,0.0,0.010416666977107525,0.0,,,,
moving_only_4,187,0.001,train-mode backward before optimizer step,1.823753945696288,0.0,0.0,0.010416666977107525,0.0,,,,
moving_only_4,188,0.001,train-mode backward before optimizer step,1.811422585358425,0.0,0.0,0.010416666977107525,0.0,,,,
moving_only_4,189,0.001,train-mode backward before optimizer step,1.5551837378695939,0.0,0.0,0.010416666977107525,0.0,,,,
moving_only_4,190,0.001,train-mode backward before optimizer step,1.5885562373701574,0.0,0.0,0.010416666977107525,0.0,13.127830505371094,1.0,1.0,49.5347785949707
moving_only_4,191,0.001,train-mode backward before optimizer step,1.8192395306123832,0.0,0.0,0.010416666977107525,0.0,,,,
moving_only_4,192,0.001,train-mode backward before optimizer step,2.1144265742387383,0.0,0.0,0.010416666977107525,0.0,,,,
moving_only_4,193,0.001,train-mode backward before optimizer step,1.58073657274285,0.0,0.0,0.010416666977107525,0.0,,,,
moving_only_4,194,0.001,train-mode backward before optimizer step,1.7192049614899874,0.0,0.0,0.010416666977107525,0.0,,,,
moving_only_4,195,0.001,train-mode backward before optimizer step,1.7828364924708502,0.0,0.0,0.010416666977107525,0.0,,,,
moving_only_4,196,0.001,train-mode backward before optimizer step,1.789584662071036,0.0,0.0,0.010416666977107525,0.0,,,,
moving_only_4,197,0.001,train-mode backward before optimizer step,1.7760886529318691,0.0,0.0,0.010416666977107525,0.0,,,,
moving_only_4,198,0.001,train-mode backward before optimizer step,1.6591867009494177,0.0,0.0,0.010416666977107525,0.0,,,,
moving_only_4,199,0.001,train-mode backward before optimizer step,1.8957235658911047,0.0,0.0,0.010416666977107525,0.0,,,,
moving_only_4,200,0.001,train-mode backward before optimizer step,1.6886808489857132,0.0,0.0,0.010416666977107525,0.0,13.781755447387695,1.0,1.0,49.5347785949707
moving_only_4,201,0.001,train-mode backward before optimizer step,1.6821412683067178,0.0,0.0,0.010416666977107525,0.0,,,,
moving_only_4,202,0.001,train-mode backward before optimizer step,1.654967394078772,0.0,0.0,0.010416666977107525,0.0,,,,
moving_only_4,203,0.001,train-mode backward before optimizer step,1.6734540973061098,0.0,0.0,0.010416666977107525,0.0,,,,
moving_only_4,204,0.001,train-mode backward before optimizer step,1.669582947541982,0.0,0.0,0.010416666977107525,0.0,,,,
moving_only_4,205,0.001,train-mode backward before optimizer step,1.7240521523092058,0.0,0.0,0.010416666977107525,0.0,,,,
moving_only_4,206,0.001,train-mode backward before optimizer step,1.6444884269512325,0.0,0.0,0.010416666977107525,0.0,,,,
moving_only_4,207,0.001,train-mode backward before optimizer step,1.9248291645995637,0.0,0.0,0.010416666977107525,0.0,,,,
moving_only_4,208,0.001,train-mode backward before optimizer step,1.8690816963444712,0.0,0.0,0.010416666977107525,0.0,,,,
moving_only_4,209,0.001,train-mode backward before optimizer step,1.6107473375044041,0.0,0.0,0.010416666977107525,0.0,,,,
moving_only_4,210,0.001,train-mode backward before optimizer step,1.6949557227720942,0.0,0.0,0.010416666977107525,0.0,14.429475784301758,1.0,1.0,49.5347785949707
moving_only_4,211,0.001,train-mode backward before optimizer step,1.7888274731585145,0.0,0.0,0.010416666977107525,0.0,,,,
moving_only_4,212,0.001,train-mode backward before optimizer step,1.6620404383037244,0.0,0.0,0.010416666977107525,0.0,,,,
moving_only_4,213,0.001,train-mode backward before optimizer step,1.6757881625911966,0.0,0.0,0.010416666977107525,0.0,,,,
moving_only_4,214,0.001,train-mode backward before optimizer step,1.7023034054963069,0.0,0.0,0.010416666977107525,0.0,,,,
moving_only_4,215,0.001,train-mode backward before optimizer step,1.7137602499085731,0.0,0.0,0.010416666977107525,0.0,,,,
moving_only_4,216,0.001,train-mode backward before optimizer step,1.624188774292952,0.0,0.0,0.010416666977107525,0.0,,,,
moving_only_4,217,0.001,train-mode backward before optimizer step,1.5895298018350497,0.0,0.0,0.010416666977107525,0.0,,,,
moving_only_4,218,0.001,train-mode backward before optimizer step,1.7339024929679345,0.0,0.0,0.010416666977107525,0.0,,,,
moving_only_4,219,0.001,train-mode backward before optimizer step,1.6457451054174541,0.0,0.0,0.010416666977107525,0.0,,,,
moving_only_4,220,0.001,train-mode backward before optimizer step,1.755080486382263,0.0,0.0,0.010416666977107525,0.0,15.055532455444336,1.0,1.0,49.5347785949707
moving_only_4,221,0.001,train-mode backward before optimizer step,1.7066065320662587,0.0,0.0,0.010416666977107525,0.0,,,,
moving_only_4,222,0.001,train-mode backward before optimizer step,1.728769259720732,0.0,0.0,0.010416666977107525,0.0,,,,
moving_only_4,223,0.001,train-mode backward before optimizer step,1.5758439116657599,0.0,0.0,0.010416666977107525,0.0,,,,
moving_only_4,224,0.001,train-mode backward before optimizer step,1.6729393379073059,0.0,0.0,0.010416666977107525,0.0,,,,
moving_only_4,225,0.001,train-mode backward before optimizer step,1.6420941325799499,0.0,0.0,0.010416666977107525,0.0,,,,
moving_only_4,226,0.001,train-mode backward before optimizer step,1.8475138076974948,0.0,0.0,0.010416666977107525,0.0,,,,
moving_only_4,227,0.001,train-mode backward before optimizer step,1.710309184020325,0.0,0.0,0.010416666977107525,0.0,,,,
moving_only_4,228,0.001,train-mode backward before optimizer step,1.8460050625759972,0.0,0.0,0.010416666977107525,0.0,,,,
moving_only_4,229,0.001,train-mode backward before optimizer step,1.8834008544508662,0.0,0.0,0.010416666977107525,0.0,,,,
moving_only_4,230,0.001,train-mode backward before optimizer step,1.715634937483933,0.0,0.0,0.010416666977107525,0.0,15.886472702026367,1.0,1.0,49.5347785949707
moving_only_4,231,0.001,train-mode backward before optimizer step,1.7414913604068907,0.0,0.0,0.010416666977107525,0.0,,,,
moving_only_4,232,0.001,train-mode backward before optimizer step,1.6046128222102527,0.0,0.0,0.010416666977107525,0.0,,,,
moving_only_4,233,0.001,train-mode backward before optimizer step,1.7088119619338815,0.0,0.0,0.010416666977107525,0.0,,,,
moving_only_4,234,0.001,train-mode backward before optimizer step,2.018796999140346,0.0,0.0,0.010416666977107525,0.0,,,,
moving_only_4,235,0.001,train-mode backward before optimizer step,1.8138283590516786,0.0,0.0,0.010416666977107525,0.0,,,,
moving_only_4,236,0.001,train-mode backward before optimizer step,1.8909225044848614,0.0,0.0,0.010416666977107525,0.0,,,,
moving_only_4,237,0.001,train-mode backward before optimizer step,2.2611340461804907,0.0,0.0,0.010416666977107525,0.0,,,,
moving_only_4,238,0.001,train-mode backward before optimizer step,2.3570703020302712,0.0,0.0,0.010416666977107525,0.0,,,,
moving_only_4,239,0.001,train-mode backward before optimizer step,2.102453179021971,0.0,0.0,0.010416666977107525,0.0,,,,
moving_only_4,240,0.001,train-mode backward before optimizer step,2.144883212848262,0.0,0.0,0.010416666977107525,0.0,16.637104034423828,1.0,1.0,49.5347785949707
moving_only_4,241,0.001,train-mode backward before optimizer step,1.723310208623129,0.0,0.0,0.010416666977107525,0.0,,,,
moving_only_4,242,0.001,train-mode backward before optimizer step,1.7060477028449155,0.0,0.0,0.010416666977107525,0.0,,,,
moving_only_4,243,0.001,train-mode backward before optimizer step,2.261052982640213,0.0,0.0,0.010416666977107525,0.0,,,,
moving_only_4,244,0.001,train-mode backward before optimizer step,1.657230058533272,0.0,0.0,0.010416666977107525,0.0,,,,
moving_only_4,245,0.001,train-mode backward before optimizer step,1.6904980993175982,0.0,0.0,0.010416666977107525,0.0,,,,
moving_only_4,246,0.001,train-mode backward before optimizer step,1.7066094012253115,0.0,0.0,0.010416666977107525,0.0,,,,
moving_only_4,247,0.001,train-mode backward before optimizer step,1.8183296788644647,0.0,0.0,0.010416666977107525,0.0,,,,
moving_only_4,248,0.001,train-mode backward before optimizer step,1.766241613970711,0.0,0.0,0.010416666977107525,0.0,,,,
moving_only_4,249,0.001,train-mode backward before optimizer step,1.796110321065007,0.0,0.0,0.010416666977107525,0.0,,,,
moving_only_4,250,0.001,train-mode backward before optimizer step,1.991513106758334,0.0,0.0,0.010416666977107525,0.0,17.372900009155273,1.0,1.0,49.5347785949707
moving_only_4,251,0.001,train-mode backward before optimizer step,1.8008234227710083,0.0,0.0,0.010416666977107525,0.0,,,,
moving_only_4,252,0.001,train-mode backward before optimizer step,1.9232139928749716,0.0,0.0,0.010416666977107525,0.0,,,,
moving_only_4,253,0.001,train-mode backward before optimizer step,1.9604121312072387,0.0,0.0,0.010416666977107525,0.0,,,,
moving_only_4,254,0.001,train-mode backward before optimizer step,2.028568138353595,0.0,0.0,0.010416666977107525,0.0,,,,
moving_only_4,255,0.001,train-mode backward before optimizer step,1.8033668160570413,0.0,0.0,0.010416666977107525,0.0,,,,
moving_only_4,256,0.001,train-mode backward before optimizer step,2.5392470114825763,0.0,0.0,0.010416666977107525,0.0,,,,
moving_only_4,257,0.001,train-mode backward before optimizer step,2.4582197535305044,0.0,0.0,0.010416666977107525,0.0,,,,
moving_only_4,258,0.001,train-mode backward before optimizer step,1.6895251531968536,0.0,0.0,0.010416666977107525,0.0,,,,
moving_only_4,259,0.001,train-mode backward before optimizer step,2.2690682376674007,0.0,0.0,0.010416666977107525,0.0,,,,
moving_only_4,260,0.001,train-mode backward before optimizer step,2.2554556007923203,0.0,0.0,0.010416666977107525,0.0,18.14493179321289,1.0,1.0,49.5347785949707
moving_only_4,261,0.001,train-mode backward before optimizer step,2.096753045600181,0.0,0.0,0.010416666977107525,0.0,,,,
moving_only_4,262,0.001,train-mode backward before optimizer step,1.9290727975008177,0.0,0.0,0.010416666977107525,0.0,,,,
moving_only_4,263,0.001,train-mode backward before optimizer step,2.247941505174516,0.0,0.0,0.010416666977107525,0.0,,,,
moving_only_4,264,0.001,train-mode backward before optimizer step,2.0037327067881456,0.0,0.0,0.010416666977107525,0.0,,,,
moving_only_4,265,0.001,train-mode backward before optimizer step,1.6946971718036499,0.0,0.0,0.010416666977107525,0.0,,,,
moving_only_4,266,0.001,train-mode backward before optimizer step,1.9168131340776848,0.0,0.0,0.010416666977107525,0.0,,,,
moving_only_4,267,0.001,train-mode backward before optimizer step,2.1132974284289445,0.0,0.0,0.010416666977107525,0.0,,,,
moving_only_4,268,0.001,train-mode backward before optimizer step,2.257693913451069,0.0,0.0,0.010416666977107525,0.0,,,,
moving_only_4,269,0.001,train-mode backward before optimizer step,2.0953387131041588,0.0,0.0,0.010416666977107525,0.0,,,,
moving_only_4,270,0.001,train-mode backward before optimizer step,1.8869839205191739,0.0,0.0,0.010416666977107525,0.0,18.918153762817383,1.0,1.0,49.5347785949707
moving_only_4,271,0.001,train-mode backward before optimizer step,2.9386277736417408,0.0,0.0,0.010416666977107525,0.0,,,,
moving_only_4,272,0.001,train-mode backward before optimizer step,2.3136609588267865,0.0,0.0,0.010416666977107525,0.0,,,,
moving_only_4,273,0.001,train-mode backward before optimizer step,1.960953000852538,0.0,0.0,0.010416666977107525,0.0,,,,
moving_only_4,274,0.001,train-mode backward before optimizer step,1.89956819869483,0.0,0.0,0.010416666977107525,0.0,,,,
moving_only_4,275,0.001,train-mode backward before optimizer step,2.028663974335878,0.0,0.0,0.010416666977107525,0.0,,,,
moving_only_4,276,0.001,train-mode backward before optimizer step,1.7863427530241631,0.0,0.0,0.010416666977107525,0.0,,,,
moving_only_4,277,0.001,train-mode backward before optimizer step,1.8992287241315746,0.0,0.0,0.010416666977107525,0.0,,,,
moving_only_4,278,0.001,train-mode backward before optimizer step,2.1089137775639415,0.0,0.0,0.010416666977107525,0.0,,,,
moving_only_4,279,0.001,train-mode backward before optimizer step,2.499490214818979,0.0,0.0,0.010416666977107525,0.0,,,,
moving_only_4,280,0.001,train-mode backward before optimizer step,1.7797329387327316,0.0,0.0,0.010416666977107525,0.0,19.85175323486328,1.0,1.0,49.5347785949707
moving_only_4,281,0.001,train-mode backward before optimizer step,1.831173359053326,0.0,0.0,0.010416666977107525,0.0,,,,
moving_only_4,282,0.001,train-mode backward before optimizer step,2.1668427406421618,0.0,0.0,0.010416666977107525,0.0,,,,
moving_only_4,283,0.001,train-mode backward before optimizer step,1.9780394505940693,0.0,0.0,0.010416666977107525,0.0,,,,
moving_only_4,284,0.001,train-mode backward before optimizer step,1.9232435865178177,0.0,0.0,0.010416666977107525,0.0,,,,
moving_only_4,285,0.001,train-mode backward before optimizer step,1.8130400812467984,0.0,0.0,0.010416666977107525,0.0,,,,
moving_only_4,286,0.001,train-mode backward before optimizer step,2.032725662280643,0.0,0.0,0.010416666977107525,0.0,,,,
moving_only_4,287,0.001,train-mode backward before optimizer step,1.7350692172448052,0.0,0.0,0.010416666977107525,0.0,,,,
moving_only_4,288,0.001,train-mode backward before optimizer step,1.853749478470087,0.0,0.0,0.010416666977107525,0.0,,,,
moving_only_4,289,0.001,train-mode backward before optimizer step,1.9297569333084577,0.0,0.0,0.010416666977107525,0.0,,,,
moving_only_4,290,0.001,train-mode backward before optimizer step,2.042243932494419,0.0,0.0,0.010416666977107525,0.0,20.678876876831055,1.0,1.0,49.5347785949707
moving_only_4,291,0.001,train-mode backward before optimizer step,1.9227502068880113,0.0,0.0,0.010416666977107525,0.0,,,,
moving_only_4,292,0.001,train-mode backward before optimizer step,2.107358807954071,0.0,0.0,0.010416666977107525,0.0,,,,
moving_only_4,293,0.001,train-mode backward before optimizer step,1.9604771382842971,0.0,0.0,0.010416666977107525,0.0,,,,
moving_only_4,294,0.001,train-mode backward before optimizer step,2.0319423142904696,0.0,0.0,0.010416666977107525,0.0,,,,
moving_only_4,295,0.001,train-mode backward before optimizer step,1.9313764021302375,0.0,0.0,0.010416666977107525,0.0,,,,
moving_only_4,296,0.001,train-mode backward before optimizer step,2.1141242986577726,0.0,0.0,0.010416666977107525,0.0,,,,
moving_only_4,297,0.001,train-mode backward before optimizer step,1.8952724408419432,0.0,0.0,0.010416666977107525,0.0,,,,
moving_only_4,298,0.001,train-mode backward before optimizer step,2.0613325630148798,0.0,0.0,0.010416666977107525,0.0,,,,
moving_only_4,299,0.001,train-mode backward before optimizer step,2.0194914099742975,0.0,0.0,0.010416666977107525,0.0,,,,
moving_only_4,300,0.001,train-mode backward before optimizer step,1.9046012594092654,0.0,0.0,0.010416666977107525,0.0,21.491960525512695,1.0,1.0,49.5347785949707
moving_only_4,301,0.001,train-mode backward before optimizer step,2.5874850744447935,0.0,0.0,0.010416666977107525,0.0,,,,
moving_only_4,302,0.001,train-mode backward before optimizer step,2.2708493607727696,0.0,0.0,0.010416666977107525,0.0,,,,
moving_only_4,303,0.001,train-mode backward before optimizer step,1.9164115462145488,0.0,0.0,0.010416666977107525,0.0,,,,
moving_only_4,304,0.001,train-mode backward before optimizer step,2.260807478362862,0.0,0.0,0.010416666977107525,0.0,,,,
moving_only_4,305,0.001,train-mode backward before optimizer step,2.2002265847959364,0.0,0.0,0.010416666977107525,0.0,,,,
moving_only_4,306,0.001,train-mode backward before optimizer step,1.8744090860453662,0.0,0.0,0.010416666977107525,0.0,,,,
moving_only_4,307,0.001,train-mode backward before optimizer step,2.0194194306681,0.0,0.0,0.010416666977107525,0.0,,,,
moving_only_4,308,0.001,train-mode backward before optimizer step,2.435343823005847,0.0,0.0,0.010416666977107525,0.0,,,,
moving_only_4,309,0.001,train-mode backward before optimizer step,2.114156193351894,0.0,0.0,0.010416666977107525,0.0,,,,
moving_only_4,310,0.001,train-mode backward before optimizer step,1.9822256177484086,0.0,0.0,0.010416666977107525,0.0,22.40837287902832,1.0,1.0,49.5347785949707
moving_only_4,311,0.001,train-mode backward before optimizer step,2.1881507277745693,0.0,0.0,0.010416666977107525,0.0,,,,
moving_only_4,312,0.001,train-mode backward before optimizer step,2.4210536121743256,0.0,0.0,0.010416666977107525,0.0,,,,
moving_only_4,313,0.001,train-mode backward before optimizer step,1.872333755773066,0.0,0.0,0.010416666977107525,0.0,,,,
moving_only_4,314,0.001,train-mode backward before optimizer step,2.557573308335094,0.0,0.0,0.010416666977107525,0.0,,,,
moving_only_4,315,0.001,train-mode backward before optimizer step,2.48476104484234,0.0,0.0,0.010416666977107525,0.0,,,,
moving_only_4,316,0.001,train-mode backward before optimizer step,2.027986757944834,0.0,0.0,0.010416666977107525,0.0,,,,
moving_only_4,317,0.001,train-mode backward before optimizer step,2.0143112110042716,0.0,0.0,0.010416666977107525,0.0,,,,
moving_only_4,318,0.001,train-mode backward before optimizer step,2.0420203646270387,0.0,0.0,0.010416666977107525,0.0,,,,
moving_only_4,319,0.001,train-mode backward before optimizer step,1.9064101147583357,0.0,0.0,0.010416666977107525,0.0,,,,
moving_only_4,320,0.001,train-mode backward before optimizer step,2.0571757703545104,0.0,0.0,0.010416666977107525,0.0,23.302642822265625,1.0,1.0,49.5347785949707
moving_only_4,321,0.001,train-mode backward before optimizer step,2.2099190643586812,0.0,0.0,0.010416666977107525,0.0,,,,
moving_only_4,322,0.001,train-mode backward before optimizer step,1.9192926239305699,0.0,0.0,0.010416666977107525,0.0,,,,
moving_only_4,323,0.001,train-mode backward before optimizer step,2.052016008985201,0.0,0.0,0.010416666977107525,0.0,,,,
moving_only_4,324,0.001,train-mode backward before optimizer step,2.0586143618103345,0.0,0.0,0.010416666977107525,0.0,,,,
moving_only_4,325,0.001,train-mode backward before optimizer step,1.9940378879980285,0.0,0.0,0.010416666977107525,0.0,,,,
moving_only_4,326,0.001,train-mode backward before optimizer step,1.9985007924598035,0.0,0.0,0.010416666977107525,0.0,,,,
moving_only_4,327,0.001,train-mode backward before optimizer step,1.9026617395607233,0.0,0.0,0.010416666977107525,0.0,,,,
moving_only_4,328,0.001,train-mode backward before optimizer step,1.9974742106371417,0.0,0.0,0.010416666977107525,0.0,,,,
moving_only_4,329,0.001,train-mode backward before optimizer step,2.546513437609063,0.0,0.0,0.010416666977107525,0.0,,,,
moving_only_4,330,0.001,train-mode backward before optimizer step,1.9040736226527348,0.0,0.0,0.010416666977107525,0.0,24.29498291015625,1.0,1.0,49.5347785949707
moving_only_4,331,0.001,train-mode backward before optimizer step,2.6239214336892602,0.0,0.0,0.010416666977107525,0.0,,,,
moving_only_4,332,0.001,train-mode backward before optimizer step,2.072440493691559,0.0,0.0,0.010416666977107525,0.0,,,,
moving_only_4,333,0.001,train-mode backward before optimizer step,2.216412112591544,0.0,0.0,0.010416666977107525,0.0,,,,
moving_only_4,334,0.001,train-mode backward before optimizer step,2.0643883321465735,0.0,0.0,0.010416666977107525,0.0,,,,
moving_only_4,335,0.001,train-mode backward before optimizer step,1.9506034658155982,0.0,0.0,0.010416666977107525,0.0,,,,
moving_only_4,336,0.001,train-mode backward before optimizer step,2.4418574137567797,0.0,0.0,0.010416666977107525,0.0,,,,
moving_only_4,337,0.001,train-mode backward before optimizer step,2.00804015441299,0.0,0.0,0.010416666977107525,0.0,,,,
moving_only_4,338,0.001,train-mode backward before optimizer step,2.4247854447072292,0.0,0.0,0.010416666977107525,0.0,,,,
moving_only_4,339,0.001,train-mode backward before optimizer step,2.256104475798422,0.0,0.0,0.010416666977107525,0.0,,,,
moving_only_4,340,0.001,train-mode backward before optimizer step,1.8664622552877297,0.0,0.0,0.010416666977107525,0.0,25.254831314086914,1.0,1.0,49.5347785949707
moving_only_4,341,0.001,train-mode backward before optimizer step,1.7963148968682894,0.0,0.0,0.010416666977107525,0.0,,,,
moving_only_4,342,0.001,train-mode backward before optimizer step,2.2290842096547507,0.0,0.0,0.010416666977107525,0.0,,,,
moving_only_4,343,0.001,train-mode backward before optimizer step,2.7233838052422668,0.0,0.0,0.010416666977107525,0.0,,,,
moving_only_4,344,0.001,train-mode backward before optimizer step,1.7644547199993643,0.0,0.0,0.010416666977107525,0.0,,,,
moving_only_4,345,0.001,train-mode backward before optimizer step,2.2864161297596794,0.0,0.0,0.010416666977107525,0.0,,,,
moving_only_4,346,0.001,train-mode backward before optimizer step,1.7243243492231926,0.0,0.0,0.010416666977107525,0.0,,,,
moving_only_4,347,0.001,train-mode backward before optimizer step,1.5759372052268252,0.0,0.0,0.010416666977107525,0.0,,,,
moving_only_4,348,0.001,train-mode backward before optimizer step,1.5803450739405194,0.0,0.0,0.010416666977107525,0.0,,,,
moving_only_4,349,0.001,train-mode backward before optimizer step,1.5759259927680203,0.0,0.0,0.010416666977107525,0.0,,,,
moving_only_4,350,0.001,train-mode backward before optimizer step,2.3075050637932994,0.0,0.0,0.010416666977107525,0.0,25.970861434936523,1.0,1.0,49.5347785949707
moving_only_4,351,0.001,train-mode backward before optimizer step,1.8579326114789845,0.0,0.0,0.010416666977107525,0.0,,,,
moving_only_4,352,0.001,train-mode backward before optimizer step,1.8815608906488912,0.0,0.0,0.010416666977107525,0.0,,,,
moving_only_4,353,0.001,train-mode backward before optimizer step,1.678092848160987,0.0,0.0,0.010416666977107525,0.0,,,,
moving_only_4,354,0.001,train-mode backward before optimizer step,1.6239438154210606,0.0,0.0,0.010416666977107525,0.0,,,,
moving_only_4,355,0.001,train-mode backward before optimizer step,1.85574357296684,0.0,0.0,0.010416666977107525,0.0,,,,
moving_only_4,356,0.001,train-mode backward before optimizer step,2.1188089954773135,0.0,0.0,0.010416666977107525,0.0,,,,
moving_only_4,357,0.001,train-mode backward before optimizer step,2.203683248807537,0.0,0.0,0.010416666977107525,0.0,,,,
moving_only_4,358,0.001,train-mode backward before optimizer step,1.7400364414960017,0.0,0.0,0.010416666977107525,0.0,,,,
moving_only_4,359,0.001,train-mode backward before optimizer step,1.844123046467128,0.0,0.0,0.010416666977107525,0.0,,,,
moving_only_4,360,0.001,train-mode backward before optimizer step,2.0749640226962613,0.0,0.0,0.010416666977107525,0.0,26.622005462646484,1.0,1.0,49.5347785949707
moving_only_4,361,0.001,train-mode backward before optimizer step,1.5109396708642588,0.0,0.0,0.010416666977107525,0.0,,,,
moving_only_4,362,0.001,train-mode backward before optimizer step,1.6532019320929403,0.0,0.0,0.010416666977107525,0.0,,,,
moving_only_4,363,0.001,train-mode backward before optimizer step,2.1407082045992083,0.0,0.0,0.010416666977107525,0.0,,,,
moving_only_4,364,0.001,train-mode backward before optimizer step,1.5346415054629188,0.0,0.0,0.010416666977107525,0.0,,,,
moving_only_4,365,0.001,train-mode backward before optimizer step,1.6183290261079044,0.0,0.0,0.010416666977107525,0.0,,,,
moving_only_4,366,0.001,train-mode backward before optimizer step,1.4666501550175914,0.0,0.0,0.010416666977107525,0.0,,,,
moving_only_4,367,0.001,train-mode backward before optimizer step,1.6477393040607005,0.0,0.0,0.010416666977107525,0.0,,,,
moving_only_4,368,0.001,train-mode backward before optimizer step,2.2224071581021416,0.0,0.0,0.010416666977107525,0.0,,,,
moving_only_4,369,0.001,train-mode backward before optimizer step,1.9468544461782655,0.0,0.0,0.010416666977107525,0.0,,,,
moving_only_4,370,0.001,train-mode backward before optimizer step,1.686981942704302,0.0,0.0,0.010416666977107525,0.0,27.22771453857422,1.0,1.0,49.5347785949707
moving_only_4,371,0.001,train-mode backward before optimizer step,2.251064978733114,0.0,0.0,0.010416666977107525,0.0,,,,
moving_only_4,372,0.001,train-mode backward before optimizer step,1.1554127818314752,0.0,0.0,0.010416666977107525,0.0,,,,
moving_only_4,373,0.001,train-mode backward before optimizer step,1.3696215026685161,0.0,0.0,0.010416666977107525,0.0,,,,
moving_only_4,374,0.001,train-mode backward before optimizer step,1.328436757965993,0.0,0.0,0.010416666977107525,0.0,,,,
moving_only_4,375,0.001,train-mode backward before optimizer step,1.671225058893282,0.0,0.0,0.010416666977107525,0.0,,,,
moving_only_4,376,0.001,train-mode backward before optimizer step,1.864048585919862,0.0,0.0,0.010416666977107525,0.0,,,,
moving_only_4,377,0.001,train-mode backward before optimizer step,1.9391863464940813,0.0,0.0,0.010416666977107525,0.0,,,,
moving_only_4,378,0.001,train-mode backward before optimizer step,2.24364064063999,0.0,0.0,0.010416666977107525,0.0,,,,
moving_only_4,379,0.001,train-mode backward before optimizer step,1.4358018050760768,0.0,0.0,0.010416666977107525,0.0,,,,
moving_only_4,380,0.001,train-mode backward before optimizer step,2.476370640482651,0.0,0.0,0.010416666977107525,0.0,28.125762939453125,1.0,1.0,49.5347785949707
moving_only_4,381,0.001,train-mode backward before optimizer step,1.3081822606781695,0.0,0.0,0.010416666977107525,0.0,,,,
moving_only_4,382,0.001,train-mode backward before optimizer step,1.442153986394559,0.0,0.0,0.010416666977107525,0.0,,,,
moving_only_4,383,0.001,train-mode backward before optimizer step,1.9459282051288331,0.0,0.0,0.010416666977107525,0.0,,,,
moving_only_4,384,0.001,train-mode backward before optimizer step,1.694780532704351,0.0,0.0,0.010416666977107525,0.0,,,,
moving_only_4,385,0.001,train-mode backward before optimizer step,1.9090216044275456,0.0,0.0,0.010416666977107525,0.0,,,,
moving_only_4,386,0.001,train-mode backward before optimizer step,1.7703657505732255,0.0,0.0,0.010416666977107525,0.0,,,,
moving_only_4,387,0.001,train-mode backward before optimizer step,1.6772474487708917,0.0,0.0,0.010416666977107525,0.0,,,,
moving_only_4,388,0.001,train-mode backward before optimizer step,2.0030144892521022,0.0,0.0,0.010416666977107525,0.0,,,,
moving_only_4,389,0.001,train-mode backward before optimizer step,1.4846481438222645,0.0,0.0,0.010416666977107525,0.0,,,,
moving_only_4,390,0.001,train-mode backward before optimizer step,1.4986306618397638,0.0,0.0,0.010416666977107525,0.0,28.59687042236328,1.0,1.0,49.5347785949707
moving_only_4,391,0.001,train-mode backward before optimizer step,1.734994070835728,0.0,0.0,0.010416666977107525,0.0,,,,
moving_only_4,392,0.001,train-mode backward before optimizer step,1.6268467949180565,0.0,0.0,0.010416666977107525,0.0,,,,
moving_only_4,393,0.001,train-mode backward before optimizer step,1.5460701787794415,0.0,0.0,0.010416666977107525,0.0,,,,
moving_only_4,394,0.001,train-mode backward before optimizer step,1.798495704867899,0.0,0.0,0.010416666977107525,0.0,,,,
moving_only_4,395,0.001,train-mode backward before optimizer step,2.212459622526707,0.0,0.0,0.010416666977107525,0.0,,,,
moving_only_4,396,0.001,train-mode backward before optimizer step,1.4282610834842735,0.0,0.0,0.010416666977107525,0.0,,,,
moving_only_4,397,0.001,train-mode backward before optimizer step,1.9416304916699267,0.0,0.0,0.010416666977107525,0.0,,,,
moving_only_4,398,0.001,train-mode backward before optimizer step,2.018636731626608,0.0,0.0,0.010416666977107525,0.0,,,,
moving_only_4,399,0.001,train-mode backward before optimizer step,1.5921034291107887,0.0,0.0,0.010416666977107525,0.0,,,,
moving_only_4,400,0.001,train-mode backward before optimizer step,1.859863823442749,0.0,0.0,0.010416666977107525,0.0,29.4285831451416,1.0,1.0,49.5347785949707
moving_only_4,401,0.001,train-mode backward before optimizer step,2.189656347326513,0.0,0.0,0.010416666977107525,0.0,,,,
moving_only_4,402,0.001,train-mode backward before optimizer step,1.3523752141091403,0.0,0.0,0.010416666977107525,0.0,,,,
moving_only_4,403,0.001,train-mode backward before optimizer step,1.7524398166855677,0.0,0.0,0.010416666977107525,0.0,,,,
moving_only_4,404,0.001,train-mode backward before optimizer step,1.732582821637762,0.0,0.0,0.010416666977107525,0.0,,,,
moving_only_4,405,0.001,train-mode backward before optimizer step,1.7372283130921706,0.0,0.0,0.010416666977107525,0.0,,,,
moving_only_4,406,0.001,train-mode backward before optimizer step,1.3451252489968315,0.0,0.0,0.010416666977107525,0.0,,,,
moving_only_4,407,0.001,train-mode backward before optimizer step,1.958965880114967,0.0,0.0,0.010416666977107525,0.0,,,,
moving_only_4,408,0.001,train-mode backward before optimizer step,1.7305679602051225,0.0,0.0,0.010416666977107525,0.0,,,,
moving_only_4,409,0.001,train-mode backward before optimizer step,1.56553526023895,0.0,0.0,0.010416666977107525,0.0,,,,
moving_only_4,410,0.001,train-mode backward before optimizer step,1.9518785538798087,0.0,0.0,0.010416666977107525,0.0,30.144855499267578,1.0,1.0,49.5347785949707
moving_only_4,411,0.001,train-mode backward before optimizer step,1.6191529852295867,0.0,0.0,0.010416666977107525,0.0,,,,
moving_only_4,412,0.001,train-mode backward before optimizer step,2.2603334567636213,0.0,0.0,0.010416666977107525,0.0,,,,
moving_only_4,413,0.001,train-mode backward before optimizer step,1.8155791743425558,0.0,0.0,0.010416666977107525,0.0,,,,
moving_only_4,414,0.001,train-mode backward before optimizer step,1.8706311534673348,0.0,0.0,0.010416666977107525,0.0,,,,
moving_only_4,415,0.001,train-mode backward before optimizer step,1.9761215142698856,0.0,0.0,0.010416666977107525,0.0,,,,
moving_only_4,416,0.001,train-mode backward before optimizer step,2.397045827185781,0.0,0.0,0.010416666977107525,0.0,,,,
moving_only_4,417,0.001,train-mode backward before optimizer step,1.5764280129432604,0.0,0.0,0.010416666977107525,0.0,,,,
moving_only_4,418,0.001,train-mode backward before optimizer step,2.416568065071846,0.0,0.0,0.010416666977107525,0.0,,,,
moving_only_4,419,0.001,train-mode backward before optimizer step,2.7522138305248958,0.0,0.0,0.010416666977107525,0.0,,,,
moving_only_4,420,0.001,train-mode backward before optimizer step,2.0956760067760802,0.0,0.0,0.010416666977107525,0.0,31.016321182250977,1.0,1.0,49.5347785949707
moving_only_4,421,0.001,train-mode backward before optimizer step,2.5770702604246445,0.0,0.0,0.010416666977107525,0.0,,,,
moving_only_4,422,0.001,train-mode backward before optimizer step,2.754440627529357,0.0,0.0,0.010416666977107525,0.0,,,,
moving_only_4,423,0.001,train-mode backward before optimizer step,1.3359124712647616,0.0,0.0,0.010416666977107525,0.0,,,,
moving_only_4,424,0.001,train-mode backward before optimizer step,1.6900326858167998,0.0,0.0,0.010416666977107525,0.0,,,,
moving_only_4,425,0.001,train-mode backward before optimizer step,2.01251960775382,0.0,0.0,0.010416666977107525,0.0,,,,
moving_only_4,426,0.001,train-mode backward before optimizer step,2.486980494627466,0.0,0.0,0.010416666977107525,0.0,,,,
moving_only_4,427,0.001,train-mode backward before optimizer step,2.2592781565102817,0.0,0.0,0.010416666977107525,0.0,,,,
moving_only_4,428,0.001,train-mode backward before optimizer step,1.6234835553710434,0.0,0.0,0.010416666977107525,0.0,,,,
moving_only_4,429,0.001,train-mode backward before optimizer step,1.7998707760161086,0.0,0.0,0.010416666977107525,0.0,,,,
moving_only_4,430,0.001,train-mode backward before optimizer step,2.462477019596644,0.0,0.0,0.010416666977107525,0.0,31.753807067871094,1.0,1.0,49.5347785949707
moving_only_4,431,0.001,train-mode backward before optimizer step,1.7731730608502227,0.0,0.0,0.010416666977107525,0.0,,,,
moving_only_4,432,0.001,train-mode backward before optimizer step,2.209935547050234,0.0,0.0,0.010416666977107525,0.0,,,,
moving_only_4,433,0.001,train-mode backward before optimizer step,2.153979860937437,0.0,0.0,0.010416666977107525,0.0,,,,
moving_only_4,434,0.001,train-mode backward before optimizer step,2.178079653410127,0.0,0.0,0.010416666977107525,0.0,,,,
moving_only_4,435,0.001,train-mode backward before optimizer step,2.3991817295115494,0.0,0.0,0.010416666977107525,0.0,,,,
moving_only_4,436,0.001,train-mode backward before optimizer step,3.4834584477608064,0.0,0.0,0.010416666977107525,0.0,,,,
moving_only_4,437,0.001,train-mode backward before optimizer step,1.5822737185072595,0.0,0.0,0.010416666977107525,0.0,,,,
moving_only_4,438,0.001,train-mode backward before optimizer step,2.1333821266167936,0.0,0.0,0.010416666977107525,0.0,,,,
moving_only_4,439,0.001,train-mode backward before optimizer step,2.0484636534666016,0.0,0.0,0.010416666977107525,0.0,,,,
moving_only_4,440,0.001,train-mode backward before optimizer step,2.336876794625985,0.0,0.0,0.010416666977107525,0.0,32.56741714477539,1.0,1.0,49.5347785949707
moving_only_4,441,0.001,train-mode backward before optimizer step,2.0666648579005598,0.0,0.0,0.010416666977107525,0.0,,,,
moving_only_4,442,0.001,train-mode backward before optimizer step,1.7233264098595158,0.0,0.0,0.010416666977107525,0.0,,,,
moving_only_4,443,0.001,train-mode backward before optimizer step,1.480580709148099,0.0,0.0,0.010416666977107525,0.0,,,,
moving_only_4,444,0.001,train-mode backward before optimizer step,2.21579802817724,0.0,0.0,0.010416666977107525,0.0,,,,
moving_only_4,445,0.001,train-mode backward before optimizer step,2.45558554589594,0.0,0.0,0.010416666977107525,0.0,,,,
moving_only_4,446,0.001,train-mode backward before optimizer step,2.608997274023687,0.0,0.0,0.010416666977107525,0.0,,,,
moving_only_4,447,0.001,train-mode backward before optimizer step,2.430223044432479,0.0,0.0,0.010416666977107525,0.0,,,,
moving_only_4,448,0.001,train-mode backward before optimizer step,1.6735740550155556,0.0,0.0,0.010416666977107525,0.0,,,,
moving_only_4,449,0.001,train-mode backward before optimizer step,2.2738000335328543,0.0,0.0,0.010416666977107525,0.0,,,,
moving_only_4,450,0.001,train-mode backward before optimizer step,2.1755686116478206,0.0,0.0,0.010416666977107525,0.0,33.30689239501953,1.0,1.0,49.5347785949707
moving_only_4,451,0.001,train-mode backward before optimizer step,2.050684984809061,0.0,0.0,0.010416666977107525,0.0,,,,
moving_only_4,452,0.001,train-mode backward before optimizer step,2.463309549131561,0.0,0.0,0.010416666977107525,0.0,,,,
moving_only_4,453,0.001,train-mode backward before optimizer step,1.8049631487332283,0.0,0.0,0.010416666977107525,0.0,,,,
moving_only_4,454,0.001,train-mode backward before optimizer step,2.0773884076358184,0.0,0.0,0.010416666977107525,0.0,,,,
moving_only_4,455,0.001,train-mode backward before optimizer step,2.572776251917494,0.0,0.0,0.010416666977107525,0.0,,,,
moving_only_4,456,0.001,train-mode backward before optimizer step,2.4416880445541658,0.0,0.0,0.010416666977107525,0.0,,,,
moving_only_4,457,0.001,train-mode backward before optimizer step,2.7811278191990567,0.0,0.0,0.010416666977107525,0.0,,,,
moving_only_4,458,0.001,train-mode backward before optimizer step,1.8252414142182964,0.0,0.0,0.010416666977107525,0.0,,,,
moving_only_4,459,0.001,train-mode backward before optimizer step,1.8142936075189033,0.0,0.0,0.010416666977107525,0.0,,,,
moving_only_4,460,0.001,train-mode backward before optimizer step,1.8858789248674932,0.0,0.0,0.010416666977107525,0.0,34.18448257446289,1.0,1.0,49.5347785949707
moving_only_4,461,0.001,train-mode backward before optimizer step,2.567166920522643,0.0,0.0,0.010416666977107525,0.0,,,,
moving_only_4,462,0.001,train-mode backward before optimizer step,1.4508489551313237,0.0,0.0,0.010416666977107525,0.0,,,,
moving_only_4,463,0.001,train-mode backward before optimizer step,2.9484552722578488,0.0,0.0,0.010416666977107525,0.0,,,,
moving_only_4,464,0.001,train-mode backward before optimizer step,1.97964905646718,0.0,0.0,0.010416666977107525,0.0,,,,
moving_only_4,465,0.001,train-mode backward before optimizer step,1.7115794272552571,0.0,0.0,0.010416666977107525,0.0,,,,
moving_only_4,466,0.001,train-mode backward before optimizer step,2.4211271447520653,0.0,0.0,0.010416666977107525,0.0,,,,
moving_only_4,467,0.001,train-mode backward before optimizer step,2.501546685470208,0.0,0.0,0.010416666977107525,0.0,,,,
moving_only_4,468,0.001,train-mode backward before optimizer step,1.6659029803223502,0.0,0.0,0.010416666977107525,0.0,,,,
moving_only_4,469,0.001,train-mode backward before optimizer step,1.7854551682955293,0.0,0.0,0.010416666977107525,0.0,,,,
moving_only_4,470,0.001,train-mode backward before optimizer step,1.8684265944884024,0.0,0.0,0.010416666977107525,0.0,35.03278350830078,1.0,1.0,49.5347785949707
moving_only_4,471,0.001,train-mode backward before optimizer step,2.1388545367647014,0.0,0.0,0.010416666977107525,0.0,,,,
moving_only_4,472,0.001,train-mode backward before optimizer step,2.488154502710828,0.0,0.0,0.010416666977107525,0.0,,,,
moving_only_4,473,0.001,train-mode backward before optimizer step,2.1824131783627276,0.0,0.0,0.010416666977107525,0.0,,,,
moving_only_4,474,0.001,train-mode backward before optimizer step,2.9050560941708,0.0,0.0,0.010416666977107525,0.0,,,,
moving_only_4,475,0.001,train-mode backward before optimizer step,2.8379568024315796,0.0,0.0,0.010416666977107525,0.0,,,,
moving_only_4,476,0.001,train-mode backward before optimizer step,1.923593890679325,0.0,0.0,0.010416666977107525,0.0,,,,
moving_only_4,477,0.001,train-mode backward before optimizer step,2.302148542299914,0.0,0.0,0.010416666977107525,0.0,,,,
moving_only_4,478,0.001,train-mode backward before optimizer step,1.7155925638888434,0.0,0.0,0.010416666977107525,0.0,,,,
moving_only_4,479,0.001,train-mode backward before optimizer step,1.9202067882372542,0.0,0.0,0.010416666977107525,0.0,,,,
moving_only_4,480,0.001,train-mode backward before optimizer step,2.490389102335261,0.0,0.0,0.010416666977107525,0.0,35.639076232910156,1.0,1.0,49.5347785949707
moving_only_4,481,0.001,train-mode backward before optimizer step,2.059586703199496,0.0,0.0,0.010416666977107525,0.0,,,,
moving_only_4,482,0.001,train-mode backward before optimizer step,2.4701451116218185,0.0,0.0,0.010416666977107525,0.0,,,,
moving_only_4,483,0.001,train-mode backward before optimizer step,2.0175406083989675,0.0,0.0,0.010416666977107525,0.0,,,,
moving_only_4,484,0.001,train-mode backward before optimizer step,1.6944379251241588,0.0,0.0,0.010416666977107525,0.0,,,,
moving_only_4,485,0.001,train-mode backward before optimizer step,2.044018140961431,0.0,0.0,0.010416666977107525,0.0,,,,
moving_only_4,486,0.001,train-mode backward before optimizer step,1.988237677635842,0.0,0.0,0.010416666977107525,0.0,,,,
moving_only_4,487,0.001,train-mode backward before optimizer step,1.8633536266188888,0.0,0.0,0.010416666977107525,0.0,,,,
moving_only_4,488,0.001,train-mode backward before optimizer step,1.993523863555728,0.0,0.0,0.010416666977107525,0.0,,,,
moving_only_4,489,0.001,train-mode backward before optimizer step,2.0691567811989118,0.0,0.0,0.010416666977107525,0.0,,,,
moving_only_4,490,0.001,train-mode backward before optimizer step,1.832166558822958,0.0,0.0,0.010416666977107525,0.0,36.46541213989258,1.0,1.0,49.5347785949707
moving_only_4,491,0.001,train-mode backward before optimizer step,2.7736457601615485,0.0,0.0,0.010416666977107525,0.0,,,,
moving_only_4,492,0.001,train-mode backward before optimizer step,1.9578847768317558,0.0,0.0,0.010416666977107525,0.0,,,,
moving_only_4,493,0.001,train-mode backward before optimizer step,2.464714349964238,0.0,0.0,0.010416666977107525,0.0,,,,
moving_only_4,494,0.001,train-mode backward before optimizer step,1.8061165031761608,0.0,0.0,0.010416666977107525,0.0,,,,
moving_only_4,495,0.001,train-mode backward before optimizer step,1.7028318748638498,0.0,0.0,0.010416666977107525,0.0,,,,
moving_only_4,496,0.001,train-mode backward before optimizer step,1.838770524913487,0.0,0.0,0.010416666977107525,0.0,,,,
moving_only_4,497,0.001,train-mode backward before optimizer step,1.9977837828355194,0.0,0.0,0.010416666977107525,0.0,,,,
moving_only_4,498,0.001,train-mode backward before optimizer step,1.893314563308932,0.0,0.0,0.010416666977107525,0.0,,,,
moving_only_4,499,0.001,train-mode backward before optimizer step,1.8541205467841408,0.0,0.0,0.010416666977107525,0.0,,,,
moving_only_4,500,0.001,train-mode backward before optimizer step,1.5340806825936177,0.0,0.0,0.010416666977107525,0.0,37.28451156616211,1.0,1.0,49.5347785949707
moving_only_4,501,0.001,train-mode backward before optimizer step,2.8123479738649206,0.0,0.0,0.010416666977107525,0.0,,,,
moving_only_4,502,0.001,train-mode backward before optimizer step,2.5959721117164936,0.0,0.0,0.010416666977107525,0.0,,,,
moving_only_4,503,0.001,train-mode backward before optimizer step,3.2407070099368065,0.0,0.0,0.010416666977107525,0.0,,,,
moving_only_4,504,0.001,train-mode backward before optimizer step,1.9089019292894742,0.0,0.0,0.010416666977107525,0.0,,,,
moving_only_4,505,0.001,train-mode backward before optimizer step,2.648474030428298,0.0,0.0,0.010416666977107525,0.0,,,,
moving_only_4,506,0.001,train-mode backward before optimizer step,2.192613950078466,0.0,0.0,0.010416666977107525,0.0,,,,
moving_only_4,507,0.001,train-mode backward before optimizer step,2.4576095464416796,0.0,0.0,0.010416666977107525,0.0,,,,
moving_only_4,508,0.001,train-mode backward before optimizer step,2.3312574883870996,0.0,0.0,0.010416666977107525,0.0,,,,
moving_only_4,509,0.001,train-mode backward before optimizer step,2.3206198318013103,0.0,0.0,0.010416666977107525,0.0,,,,
moving_only_4,510,0.001,train-mode backward before optimizer step,3.0067085772705915,0.0,0.0,0.010416666977107525,0.0,37.86675262451172,1.0,1.0,49.5347785949707
moving_only_4,511,0.001,train-mode backward before optimizer step,1.7490877022478384,0.0,0.0,0.010416666977107525,0.0,,,,
moving_only_4,512,0.001,train-mode backward before optimizer step,3.02336300725193,0.0,0.0,0.010416666977107525,0.0,,,,
moving_only_4,513,0.001,train-mode backward before optimizer step,2.563364237570437,0.0,0.0,0.010416666977107525,0.0,,,,
moving_only_4,514,0.001,train-mode backward before optimizer step,2.602668261011832,0.0,0.0,0.010416666977107525,0.0,,,,
moving_only_4,515,0.001,train-mode backward before optimizer step,3.244255898825569,0.0,0.0,0.010416666977107525,0.0,,,,
moving_only_4,516,0.001,train-mode backward before optimizer step,3.402698253469442,0.0,0.0,0.010416666977107525,0.0,,,,
moving_only_4,517,0.001,train-mode backward before optimizer step,2.4847184210049242,0.0,0.0,0.010416666977107525,0.0,,,,
moving_only_4,518,0.001,train-mode backward before optimizer step,2.141146559603812,0.0,0.0,0.010416666977107525,0.0,,,,
moving_only_4,519,0.001,train-mode backward before optimizer step,2.97166739963194,0.0,0.0,0.010416666977107525,0.0,,,,
moving_only_4,520,0.001,train-mode backward before optimizer step,2.99752219892571,0.0,0.0,0.010416666977107525,0.0,38.57298278808594,1.0,1.0,49.5347785949707
moving_only_4,521,0.001,train-mode backward before optimizer step,1.961701921196127,0.0,0.0,0.010416666977107525,0.0,,,,
moving_only_4,522,0.001,train-mode backward before optimizer step,2.3638659755226064,0.0,0.0,0.010416666977107525,0.0,,,,
moving_only_4,523,0.001,train-mode backward before optimizer step,3.822671167256974,0.0,0.0,0.010416666977107525,0.0,,,,
moving_only_4,524,0.001,train-mode backward before optimizer step,3.0091970714099627,0.0,0.0,0.010416666977107525,0.0,,,,
moving_only_4,525,0.001,train-mode backward before optimizer step,1.985112871088057,0.0,0.0,0.010416666977107525,0.0,,,,
moving_only_4,526,0.001,train-mode backward before optimizer step,2.881227554716849,0.0,0.0,0.010416666977107525,0.0,,,,
moving_only_4,527,0.001,train-mode backward before optimizer step,3.3186620722303877,0.0,0.0,0.010416666977107525,0.0,,,,
moving_only_4,528,0.001,train-mode backward before optimizer step,2.530566664866134,0.0,0.0,0.010416666977107525,0.0,,,,
moving_only_4,529,0.001,train-mode backward before optimizer step,3.318778737701489,0.0,0.0,0.010416666977107525,0.0,,,,
moving_only_4,530,0.001,train-mode backward before optimizer step,3.2215193358522654,0.0,0.0,0.010416666977107525,0.0,39.36848449707031,1.0,1.0,49.5347785949707
moving_only_4,531,0.001,train-mode backward before optimizer step,2.176351854758593,0.0,0.0,0.010416666977107525,0.0,,,,
moving_only_4,532,0.001,train-mode backward before optimizer step,2.152126343268991,0.0,0.0,0.010416666977107525,0.0,,,,
moving_only_4,533,0.001,train-mode backward before optimizer step,2.3127326513337607,0.0,0.0,0.010416666977107525,0.0,,,,
moving_only_4,534,0.001,train-mode backward before optimizer step,2.429782754041227,0.0,0.0,0.010416666977107525,0.0,,,,
moving_only_4,535,0.001,train-mode backward before optimizer step,2.1900142019814584,0.0,0.0,0.010416666977107525,0.0,,,,
moving_only_4,536,0.001,train-mode backward before optimizer step,2.188252304174945,0.0,0.0,0.010416666977107525,0.0,,,,
moving_only_4,537,0.001,train-mode backward before optimizer step,2.1113883169020644,0.0,0.0,0.010416666977107525,0.0,,,,
moving_only_4,538,0.001,train-mode backward before optimizer step,2.167986910399387,0.0,0.0,0.010416666977107525,0.0,,,,
moving_only_4,539,0.001,train-mode backward before optimizer step,2.6542762820154193,0.0,0.0,0.010416666977107525,0.0,,,,
moving_only_4,540,0.001,train-mode backward before optimizer step,2.0722631656891886,0.0,0.0,0.010416666977107525,0.0,40.33449935913086,1.0,1.0,49.5347785949707
moving_only_4,541,0.001,train-mode backward before optimizer step,2.121075928122441,0.0,0.0,0.010416666977107525,0.0,,,,
moving_only_4,542,0.001,train-mode backward before optimizer step,1.6764966951942593,0.0,0.0,0.010416666977107525,0.0,,,,
moving_only_4,543,0.001,train-mode backward before optimizer step,1.8541333326651344,0.0,0.0,0.010416666977107525,0.0,,,,
moving_only_4,544,0.001,train-mode backward before optimizer step,1.7392880275750748,0.0,0.0,0.010416666977107525,0.0,,,,
moving_only_4,545,0.001,train-mode backward before optimizer step,2.151512919442114,0.0,0.0,0.010416666977107525,0.0,,,,
moving_only_4,546,0.001,train-mode backward before optimizer step,2.3948155289904816,0.0,0.0,0.010416666977107525,0.0,,,,
moving_only_4,547,0.001,train-mode backward before optimizer step,1.900971897210094,0.0,0.0,0.010416666977107525,0.0,,,,
moving_only_4,548,0.001,train-mode backward before optimizer step,2.424646338906777,0.0,0.0,0.010416666977107525,0.0,,,,
moving_only_4,549,0.001,train-mode backward before optimizer step,3.002176910451745,0.0,0.0,0.010416666977107525,0.0,,,,
moving_only_4,550,0.001,train-mode backward before optimizer step,2.626498480816256,0.0,0.0,0.010416666977107525,0.0,40.90773010253906,1.0,1.0,49.5347785949707
moving_only_4,551,0.001,train-mode backward before optimizer step,2.571731407378559,0.0,0.0,0.010416666977107525,0.0,,,,
moving_only_4,552,0.001,train-mode backward before optimizer step,2.775013437304059,0.0,0.0,0.010416666977107525,0.0,,,,
moving_only_4,553,0.001,train-mode backward before optimizer step,2.8253706510729626,0.0,0.0,0.010416666977107525,0.0,,,,
moving_only_4,554,0.001,train-mode backward before optimizer step,2.242347021440444,0.0,0.0,0.010416666977107525,0.0,,,,
moving_only_4,555,0.001,train-mode backward before optimizer step,3.333175246252681,0.0,0.0,0.010416666977107525,0.0,,,,
moving_only_4,556,0.001,train-mode backward before optimizer step,3.1190659833139187,0.0,0.0,0.010416666977107525,0.0,,,,
moving_only_4,557,0.001,train-mode backward before optimizer step,2.1437935777688506,0.0,0.0,0.010416666977107525,0.0,,,,
moving_only_4,558,0.001,train-mode backward before optimizer step,1.9397620260197503,0.0,0.0,0.010416666977107525,0.0,,,,
moving_only_4,559,0.001,train-mode backward before optimizer step,2.3420240387464837,0.0,0.0,0.010416666977107525,0.0,,,,
moving_only_4,560,0.001,train-mode backward before optimizer step,3.6402968476656055,0.0,0.0,0.010416666977107525,0.0,41.42412567138672,1.0,1.0,49.5347785949707
moving_only_4,561,0.001,train-mode backward before optimizer step,2.4654779818050505,0.0,0.0,0.010416666977107525,0.0,,,,
moving_only_4,562,0.001,train-mode backward before optimizer step,3.1977697714399893,0.0,0.0,0.010416666977107525,0.0,,,,
moving_only_4,563,0.001,train-mode backward before optimizer step,2.425382936354395,0.0,0.0,0.010416666977107525,0.0,,,,
moving_only_4,564,0.001,train-mode backward before optimizer step,2.356152088678538,0.0,0.0,0.010416666977107525,0.0,,,,
moving_only_4,565,0.001,train-mode backward before optimizer step,2.5893556811806655,0.0,0.0,0.010416666977107525,0.0,,,,
moving_only_4,566,0.001,train-mode backward before optimizer step,2.1663243011231574,0.0,0.0,0.010416666977107525,0.0,,,,
moving_only_4,567,0.001,train-mode backward before optimizer step,2.380277171997467,0.0,0.0,0.010416666977107525,0.0,,,,
moving_only_4,568,0.001,train-mode backward before optimizer step,1.8451371877480245,0.0,0.0,0.010416666977107525,0.0,,,,
moving_only_4,569,0.001,train-mode backward before optimizer step,2.583636920972668,0.0,0.0,0.010416666977107525,0.0,,,,
moving_only_4,570,0.001,train-mode backward before optimizer step,2.803722639646433,0.0,0.0,0.010416666977107525,0.0,42.514198303222656,1.0,1.0,49.5347785949707
moving_only_4,571,0.001,train-mode backward before optimizer step,2.634741917931443,0.0,0.0,0.010416666977107525,0.0,,,,
moving_only_4,572,0.001,train-mode backward before optimizer step,2.2928306464673494,0.0,0.0,0.010416666977107525,0.0,,,,
moving_only_4,573,0.001,train-mode backward before optimizer step,2.2547516555325724,0.0,0.0,0.010416666977107525,0.0,,,,
moving_only_4,574,0.001,train-mode backward before optimizer step,2.1833928241920133,0.0,0.0,0.010416666977107525,0.0,,,,
moving_only_4,575,0.001,train-mode backward before optimizer step,2.894654078576221,0.0,0.0,0.010416666977107525,0.0,,,,
moving_only_4,576,0.001,train-mode backward before optimizer step,2.8726718368655346,0.0,0.0,0.010416666977107525,0.0,,,,
moving_only_4,577,0.001,train-mode backward before optimizer step,2.1898237975849826,0.0,0.0,0.010416666977107525,0.0,,,,
moving_only_4,578,0.001,train-mode backward before optimizer step,2.9851378772895774,0.0,0.0,0.010416666977107525,0.0,,,,
moving_only_4,579,0.001,train-mode backward before optimizer step,3.3246498214977875,0.0,0.0,0.010416666977107525,0.0,,,,
moving_only_4,580,0.001,train-mode backward before optimizer step,2.2217505102730075,0.0,0.0,0.010416666977107525,0.0,43.2028694152832,1.0,1.0,49.5347785949707
moving_only_4,581,0.001,train-mode backward before optimizer step,1.7400041586421238,0.0,0.0,0.010416666977107525,0.0,,,,
moving_only_4,582,0.001,train-mode backward before optimizer step,2.035055322896746,0.0,0.0,0.010416666977107525,0.0,,,,
moving_only_4,583,0.001,train-mode backward before optimizer step,2.604733548178114,0.0,0.0,0.010416666977107525,0.0,,,,
moving_only_4,584,0.001,train-mode backward before optimizer step,2.628473504945469,0.0,0.0,0.010416666977107525,0.0,,,,
moving_only_4,585,0.001,train-mode backward before optimizer step,2.4551110382548234,0.0,0.0,0.010416666977107525,0.0,,,,
moving_only_4,586,0.001,train-mode backward before optimizer step,2.4014000366516233,0.0,0.0,0.010416666977107525,0.0,,,,
moving_only_4,587,0.001,train-mode backward before optimizer step,2.736736081560233,0.0,0.0,0.010416666977107525,0.0,,,,
moving_only_4,588,0.001,train-mode backward before optimizer step,2.370103177235108,0.0,0.0,0.010416666977107525,0.0,,,,
moving_only_4,589,0.001,train-mode backward before optimizer step,2.115548569717041,0.0,0.0,0.010416666977107525,0.0,,,,
moving_only_4,590,0.001,train-mode backward before optimizer step,2.248453353626497,0.0,0.0,0.010416666977107525,0.0,43.83934020996094,1.0,1.0,49.5347785949707
moving_only_4,591,0.001,train-mode backward before optimizer step,1.6831569115220266,0.0,0.0,0.010416666977107525,0.0,,,,
moving_only_4,592,0.001,train-mode backward before optimizer step,3.2302478503355663,0.0,0.0,0.010416666977107525,0.0,,,,
moving_only_4,593,0.001,train-mode backward before optimizer step,2.26208064689504,0.0,0.0,0.010416666977107525,0.0,,,,
moving_only_4,594,0.001,train-mode backward before optimizer step,2.3793142558432625,0.0,0.0,0.010416666977107525,0.0,,,,
moving_only_4,595,0.001,train-mode backward before optimizer step,2.2510733748590583,0.0,0.0,0.010416666977107525,0.0,,,,
moving_only_4,596,0.001,train-mode backward before optimizer step,2.2692817652515336,0.0,0.0,0.010416666977107525,0.0,,,,
moving_only_4,597,0.001,train-mode backward before optimizer step,3.0001314314178305,0.0,0.0,0.010416666977107525,0.0,,,,
moving_only_4,598,0.001,train-mode backward before optimizer step,2.8428495007251957,0.0,0.0,0.010416666977107525,0.0,,,,
moving_only_4,599,0.001,train-mode backward before optimizer step,2.488108693438451,0.0,0.0,0.010416666977107525,0.0,,,,
moving_only_4,600,0.001,train-mode backward before optimizer step,2.4304891629977026,0.0,0.0,0.010416666977107525,0.0,44.16252899169922,1.0,1.0,49.5347785949707
moving_only_4,601,0.001,train-mode backward before optimizer step,2.6607048509780014,0.0,0.0,0.010416666977107525,0.0,,,,
moving_only_4,602,0.001,train-mode backward before optimizer step,2.1390753327431757,0.0,0.0,0.010416666977107525,0.0,,,,
moving_only_4,603,0.001,train-mode backward before optimizer step,2.7946784564442417,0.0,0.0,0.010416666977107525,0.0,,,,
moving_only_4,604,0.001,train-mode backward before optimizer step,2.8204045921207768,0.0,0.0,0.010416666977107525,0.0,,,,
moving_only_4,605,0.001,train-mode backward before optimizer step,2.9774091695618865,0.0,0.0,0.010416666977107525,0.0,,,,
moving_only_4,606,0.001,train-mode backward before optimizer step,2.501174061658174,0.0,0.0,0.010416666977107525,0.0,,,,
moving_only_4,607,0.001,train-mode backward before optimizer step,3.5748823598604744,0.0,0.0,0.010416666977107525,0.0,,,,
moving_only_4,608,0.001,train-mode backward before optimizer step,2.829433663513383,0.0,0.0,0.010416666977107525,0.0,,,,
moving_only_4,609,0.001,train-mode backward before optimizer step,2.413379420740536,0.0,0.0,0.010416666977107525,0.0,,,,
moving_only_4,610,0.001,train-mode backward before optimizer step,3.396518075319667,0.0,0.0,0.010416666977107525,0.0,44.52867889404297,1.0,1.0,49.5347785949707
moving_only_4,611,0.001,train-mode backward before optimizer step,2.822213662962885,0.0,0.0,0.010416666977107525,0.0,,,,
moving_only_4,612,0.001,train-mode backward before optimizer step,2.5664069003572125,0.0,0.0,0.010416666977107525,0.0,,,,
moving_only_4,613,0.001,train-mode backward before optimizer step,2.485061619346903,0.0,0.0,0.010416666977107525,0.0,,,,
moving_only_4,614,0.001,train-mode backward before optimizer step,2.6272267352634753,0.0,0.0,0.010416666977107525,0.0,,,,
moving_only_4,615,0.001,train-mode backward before optimizer step,2.007192652653274,0.0,0.0,0.010416666977107525,0.0,,,,
moving_only_4,616,0.001,train-mode backward before optimizer step,2.3083036936932557,0.0,0.0,0.010416666977107525,0.0,,,,
moving_only_4,617,0.001,train-mode backward before optimizer step,2.9643211373387093,0.0,0.0,0.010416666977107525,0.0,,,,
moving_only_4,618,0.001,train-mode backward before optimizer step,2.7869412658064743,0.0,0.0,0.010416666977107525,0.0,,,,
moving_only_4,619,0.001,train-mode backward before optimizer step,2.7068024898691037,0.0,0.0,0.010416666977107525,0.0,,,,
moving_only_4,620,0.001,train-mode backward before optimizer step,2.1939245353806287,0.0,0.0,0.010416666977107525,0.0,44.888423919677734,1.0,1.0,49.5347785949707
moving_only_4,621,0.001,train-mode backward before optimizer step,2.69021554507256,0.0,0.0,0.010416666977107525,0.0,,,,
moving_only_4,622,0.001,train-mode backward before optimizer step,2.337327061217568,0.0,0.0,0.010416666977107525,0.0,,,,
moving_only_4,623,0.001,train-mode backward before optimizer step,3.0579401434991014,0.0,0.0,0.010416666977107525,0.0,,,,
moving_only_4,624,0.001,train-mode backward before optimizer step,2.363056475276042,0.0,0.0,0.010416666977107525,0.0,,,,
moving_only_4,625,0.001,train-mode backward before optimizer step,2.730343029278744,0.0,0.0,0.010416666977107525,0.0,,,,
moving_only_4,626,0.001,train-mode backward before optimizer step,2.5686428676204422,0.0,0.0,0.010416666977107525,0.0,,,,
moving_only_4,627,0.001,train-mode backward before optimizer step,2.6110009730031307,0.0,0.0,0.010416666977107525,0.0,,,,
moving_only_4,628,0.001,train-mode backward before optimizer step,2.39085396504914,0.0,0.0,0.010416666977107525,0.0,,,,
moving_only_4,629,0.001,train-mode backward before optimizer step,2.2523323892366847,0.0,0.0,0.010416666977107525,0.0,,,,
moving_only_4,630,0.001,train-mode backward before optimizer step,2.7546851423692003,0.0,0.0,0.010416666977107525,0.0,44.58415603637695,1.0,1.0,49.5347785949707
moving_only_4,631,0.001,train-mode backward before optimizer step,2.296740953578826,0.0,0.0,0.010416666977107525,0.0,,,,
moving_only_4,632,0.001,train-mode backward before optimizer step,2.482988572761433,0.0,0.0,0.010416666977107525,0.0,,,,
moving_only_4,633,0.001,train-mode backward before optimizer step,2.6288655227408273,0.0,0.0,0.010416666977107525,0.0,,,,
moving_only_4,634,0.001,train-mode backward before optimizer step,2.209575655603652,0.0,0.0,0.010416666977107525,0.0,,,,
moving_only_4,635,0.001,train-mode backward before optimizer step,3.4114945367919307,0.0,0.0,0.010416666977107525,0.0,,,,
moving_only_4,636,0.001,train-mode backward before optimizer step,2.437919106268899,0.0,0.0,0.010416666977107525,0.0,,,,
moving_only_4,637,0.001,train-mode backward before optimizer step,2.764465571254581,0.0,0.0,0.010416666977107525,0.0,,,,
moving_only_4,638,0.001,train-mode backward before optimizer step,2.221865465767838,0.0,0.0,0.010416666977107525,0.0,,,,
moving_only_4,639,0.001,train-mode backward before optimizer step,2.144677880006101,0.0,0.0,0.010416666977107525,0.0,,,,
moving_only_4,640,0.001,train-mode backward before optimizer step,3.483178761775939,0.0,0.0,0.010416666977107525,0.0,44.70042037963867,1.0,1.0,49.5347785949707
moving_only_4,641,0.001,train-mode backward before optimizer step,3.1958265314968406,0.0,0.0,0.010416666977107525,0.0,,,,
moving_only_4,642,0.001,train-mode backward before optimizer step,2.9606952604757226,0.0,0.0,0.010416666977107525,0.0,,,,
moving_only_4,643,0.001,train-mode backward before optimizer step,2.3487781386743243,0.0,0.0,0.010416666977107525,0.0,,,,
moving_only_4,644,0.001,train-mode backward before optimizer step,4.053799209961782,0.0,0.0,0.010416666977107525,0.0,,,,
moving_only_4,645,0.001,train-mode backward before optimizer step,3.193184086686693,0.0,0.0,0.010416666977107525,0.0,,,,
moving_only_4,646,0.001,train-mode backward before optimizer step,2.7637532838068033,0.0,0.0,0.010416666977107525,0.0,,,,
moving_only_4,647,0.001,train-mode backward before optimizer step,3.1057594081905466,0.0,0.0,0.010416666977107525,0.0,,,,
moving_only_4,648,0.001,train-mode backward before optimizer step,2.7059346677872598,0.0,0.0,0.010416666977107525,0.0,,,,
moving_only_4,649,0.001,train-mode backward before optimizer step,3.284835946196676,0.0,0.0,0.010416666977107525,0.0,,,,
moving_only_4,650,0.001,train-mode backward before optimizer step,2.857108575985192,0.0,0.0,0.010416666977107525,0.0,44.96013641357422,1.0,1.0,49.5347785949707
moving_only_4,651,0.001,train-mode backward before optimizer step,2.5104831529676535,0.0,0.0,0.010416666977107525,0.0,,,,
moving_only_4,652,0.001,train-mode backward before optimizer step,2.173663961438226,0.0,0.0,0.010416666977107525,0.0,,,,
moving_only_4,653,0.001,train-mode backward before optimizer step,2.1421503107756448,0.0,0.0,0.010416666977107525,0.0,,,,
moving_only_4,654,0.001,train-mode backward before optimizer step,2.72675385633179,0.0,0.0,0.010416666977107525,0.0,,,,
moving_only_4,655,0.001,train-mode backward before optimizer step,2.2400947937538103,0.0,0.0,0.010416666977107525,0.0,,,,
moving_only_4,656,0.001,train-mode backward before optimizer step,2.399392299771978,0.0,0.0,0.010416666977107525,0.0,,,,
moving_only_4,657,0.001,train-mode backward before optimizer step,2.948653945398416,0.0,0.0,0.010416666977107525,0.0,,,,
moving_only_4,658,0.001,train-mode backward before optimizer step,3.209293161381963,0.0,0.0,0.010416666977107525,0.0,,,,
moving_only_4,659,0.001,train-mode backward before optimizer step,3.1279937089771224,0.0,0.0,0.010416666977107525,0.0,,,,
moving_only_4,660,0.001,train-mode backward before optimizer step,2.7126361748111325,0.0,0.0,0.010416666977107525,0.0,44.861961364746094,1.0,1.0,49.5347785949707
moving_only_4,661,0.001,train-mode backward before optimizer step,3.3223500093597407,0.0,0.0,0.010416666977107525,0.0,,,,
moving_only_4,662,0.001,train-mode backward before optimizer step,2.3152307901780387,0.0,0.0,0.010416666977107525,0.0,,,,
moving_only_4,663,0.001,train-mode backward before optimizer step,2.7969028218534224,0.0,0.0,0.010416666977107525,0.0,,,,
moving_only_4,664,0.001,train-mode backward before optimizer step,2.949070875155631,0.0,0.0,0.010416666977107525,0.0,,,,
moving_only_4,665,0.001,train-mode backward before optimizer step,2.3931144814169816,0.0,0.0,0.010416666977107525,0.0,,,,
moving_only_4,666,0.001,train-mode backward before optimizer step,2.2745091695824717,0.0,0.0,0.010416666977107525,0.0,,,,
moving_only_4,667,0.001,train-mode backward before optimizer step,2.419531623428507,0.0,0.0,0.010416666977107525,0.0,,,,
moving_only_4,668,0.001,train-mode backward before optimizer step,2.7691597007474615,0.0,0.0,0.010416666977107525,0.0,,,,
moving_only_4,669,0.001,train-mode backward before optimizer step,2.168136237902147,0.0,0.0,0.010416666977107525,0.0,,,,
moving_only_4,670,0.001,train-mode backward before optimizer step,2.8229857074825797,0.0,0.0,0.010416666977107525,0.0,44.6680793762207,1.0,1.0,49.5347785949707
moving_only_4,671,0.001,train-mode backward before optimizer step,2.464326321729426,0.0,0.0,0.010416666977107525,0.0,,,,
moving_only_4,672,0.001,train-mode backward before optimizer step,3.131002497477233,0.0,0.0,0.010416666977107525,0.0,,,,
moving_only_4,673,0.001,train-mode backward before optimizer step,2.4954249580386167,0.0,0.0,0.010416666977107525,0.0,,,,
moving_only_4,674,0.001,train-mode backward before optimizer step,1.970651072128636,0.0,0.0,0.010416666977107525,0.0,,,,
moving_only_4,675,0.001,train-mode backward before optimizer step,2.1503913548017497,0.0,0.0,0.010416666977107525,0.0,,,,
moving_only_4,676,0.001,train-mode backward before optimizer step,2.817124573705653,0.0,0.0,0.010416666977107525,0.0,,,,
moving_only_4,677,0.001,train-mode backward before optimizer step,2.7069561919569383,0.0,0.0,0.010416666977107525,0.0,,,,
moving_only_4,678,0.001,train-mode backward before optimizer step,2.6623300146313666,0.0,0.0,0.010416666977107525,0.0,,,,
moving_only_4,679,0.001,train-mode backward before optimizer step,2.0411352705621244,0.0,0.0,0.010416666977107525,0.0,,,,
moving_only_4,680,0.001,train-mode backward before optimizer step,3.4448897101271694,0.0,0.0,0.010416666977107525,0.0,44.76124572753906,1.0,1.0,49.5347785949707
moving_only_4,681,0.001,train-mode backward before optimizer step,2.4095843610812113,0.0,0.0,0.010416666977107525,0.0,,,,
moving_only_4,682,0.001,train-mode backward before optimizer step,2.4261521233147696,0.0,0.0,0.010416666977107525,0.0,,,,
moving_only_4,683,0.001,train-mode backward before optimizer step,2.5427521744615307,0.0,0.0,0.010416666977107525,0.0,,,,
moving_only_4,684,0.001,train-mode backward before optimizer step,3.097963194622501,0.0,0.0,0.010416666977107525,0.0,,,,
moving_only_4,685,0.001,train-mode backward before optimizer step,3.7888945542227823,0.0,0.0,0.010416666977107525,0.0,,,,
moving_only_4,686,0.001,train-mode backward before optimizer step,2.54683237179107,0.0,0.0,0.010416666977107525,0.0,,,,
moving_only_4,687,0.001,train-mode backward before optimizer step,2.65223143429452,0.0,0.0,0.010416666977107525,0.0,,,,
moving_only_4,688,0.001,train-mode backward before optimizer step,3.0653863468796922,0.0,0.0,0.010416666977107525,0.0,,,,
moving_only_4,689,0.001,train-mode backward before optimizer step,2.3867882334575605,0.0,0.0,0.010416666977107525,0.0,,,,
moving_only_4,690,0.001,train-mode backward before optimizer step,2.4935158774775275,0.0,0.0,0.010416666977107525,0.0,44.81160354614258,1.0,1.0,49.5347785949707
moving_only_4,691,0.001,train-mode backward before optimizer step,2.3414425568207204,0.0,0.0,0.010416666977107525,0.0,,,,
moving_only_4,692,0.001,train-mode backward before optimizer step,2.630197164538217,0.0,0.0,0.010416666977107525,0.0,,,,
moving_only_4,693,0.001,train-mode backward before optimizer step,2.2086763080588554,0.0,0.0,0.010416666977107525,0.0,,,,
moving_only_4,694,0.001,train-mode backward before optimizer step,2.834215931528905,0.0,0.0,0.010416666977107525,0.0,,,,
moving_only_4,695,0.001,train-mode backward before optimizer step,3.34651118055849,0.0,0.0,0.010416666977107525,0.0,,,,
moving_only_4,696,0.001,train-mode backward before optimizer step,3.2034786700110103,0.0,0.0,0.010416666977107525,0.0,,,,
moving_only_4,697,0.001,train-mode backward before optimizer step,2.372634661243679,0.0,0.0,0.010416666977107525,0.0,,,,
moving_only_4,698,0.001,train-mode backward before optimizer step,3.243669402834454,0.0,0.0,0.010416666977107525,0.0,,,,
moving_only_4,699,0.001,train-mode backward before optimizer step,3.211627900042927,0.0,0.0,0.010416666977107525,0.0,,,,
moving_only_4,700,0.001,train-mode backward before optimizer step,2.6060417838961114,0.0,0.0,0.010416666977107525,0.0,44.967620849609375,1.0,1.0,49.5347785949707
moving_only_8,1,0.001,train-mode backward before optimizer step,1.3290650940944313,0.0,0.0,0.0052083334885537624,0.0,2.0330042839050293,1.0,1.0,49.5347785949707
moving_only_8,2,0.001,train-mode backward before optimizer step,1.3967383391023953,0.0,0.0,0.0052083334885537624,0.0,,,,
moving_only_8,3,0.001,train-mode backward before optimizer step,1.4445951089064195,0.0,0.0,0.0052083334885537624,0.0,,,,
moving_only_8,4,0.001,train-mode backward before optimizer step,1.375278365155663,0.0,0.0,0.0052083334885537624,0.0,,,,
moving_only_8,5,0.001,train-mode backward before optimizer step,1.2496821419345103,0.0,0.0,0.0052083334885537624,0.0,,,,
moving_only_8,6,0.001,train-mode backward before optimizer step,1.2362391898134915,0.0,0.0,0.0052083334885537624,0.0,,,,
moving_only_8,7,0.001,train-mode backward before optimizer step,1.263586426067272,0.0,0.0,0.0052083334885537624,0.0,,,,
moving_only_8,8,0.001,train-mode backward before optimizer step,1.190590749362935,0.0,0.0,0.0052083334885537624,0.0,,,,
moving_only_8,9,0.001,train-mode backward before optimizer step,1.2629929877560333,0.0,0.0,0.0052083334885537624,0.0,,,,
moving_only_8,10,0.001,train-mode backward before optimizer step,1.2577346365051272,0.0,0.0,0.0052083334885537624,0.0,2.9225244522094727,1.0,1.0,49.5347785949707
moving_only_8,11,0.001,train-mode backward before optimizer step,1.2104716751905578,0.0,0.0,0.0052083334885537624,0.0,,,,
moving_only_8,12,0.001,train-mode backward before optimizer step,1.2219701800592326,0.0,0.0,0.0052083334885537624,0.0,,,,
moving_only_8,13,0.001,train-mode backward before optimizer step,1.1944167832272414,0.0,0.0,0.0052083334885537624,0.0,,,,
moving_only_8,14,0.001,train-mode backward before optimizer step,1.1862894749857602,0.0,0.0,0.0052083334885537624,0.0,,,,
moving_only_8,15,0.001,train-mode backward before optimizer step,1.1886605261057743,0.0,0.0,0.0052083334885537624,0.0,,,,
moving_only_8,16,0.001,train-mode backward before optimizer step,1.170164404542241,0.0,0.0,0.0052083334885537624,0.0,,,,
moving_only_8,17,0.001,train-mode backward before optimizer step,1.170013233102397,0.0,0.0,0.0052083334885537624,0.0,,,,
moving_only_8,18,0.001,train-mode backward before optimizer step,1.157039061676539,0.0,0.0,0.0052083334885537624,0.0,,,,
moving_only_8,19,0.001,train-mode backward before optimizer step,1.1619578771484869,0.0,0.0,0.0052083334885537624,0.0,,,,
moving_only_8,20,0.001,train-mode backward before optimizer step,1.1678489129257665,0.0,0.0,0.0052083334885537624,0.0,4.2756876945495605,1.0,1.0,49.5347785949707
moving_only_8,21,0.001,train-mode backward before optimizer step,1.168629459670826,0.0,0.0,0.0052083334885537624,0.0,,,,
moving_only_8,22,0.001,train-mode backward before optimizer step,1.1890340808848558,0.0,0.0,0.0052083334885537624,0.0,,,,
moving_only_8,23,0.001,train-mode backward before optimizer step,1.1736514597264025,0.0,0.0,0.0052083334885537624,0.0,,,,
moving_only_8,24,0.001,train-mode backward before optimizer step,1.1794948686339757,0.0,0.0,0.0052083334885537624,0.0,,,,
moving_only_8,25,0.001,train-mode backward before optimizer step,1.1796079722071127,0.0,0.0,0.0052083334885537624,0.0,,,,
moving_only_8,26,0.001,train-mode backward before optimizer step,1.1749967401684904,0.0,0.0,0.0052083334885537624,0.0,,,,
moving_only_8,27,0.001,train-mode backward before optimizer step,1.1933860542490917,0.0,0.0,0.0052083334885537624,0.0,,,,
moving_only_8,28,0.001,train-mode backward before optimizer step,1.2028322141572536,0.0,0.0,0.0052083334885537624,0.0,,,,
moving_only_8,29,0.001,train-mode backward before optimizer step,1.187854520255921,0.0,0.0,0.0052083334885537624,0.0,,,,
moving_only_8,30,0.001,train-mode backward before optimizer step,1.1883352960368518,0.0,0.0,0.0052083334885537624,0.0,4.704861164093018,1.0,1.0,49.5347785949707
moving_only_8,31,0.001,train-mode backward before optimizer step,1.2185610392791462,0.0,0.0,0.0052083334885537624,0.0,,,,
moving_only_8,32,0.001,train-mode backward before optimizer step,1.1990811284403413,0.0,0.0,0.0052083334885537624,0.0,,,,
moving_only_8,33,0.001,train-mode backward before optimizer step,1.1986715207541259,0.0,0.0,0.0052083334885537624,0.0,,,,
moving_only_8,34,0.001,train-mode backward before optimizer step,1.1937776961279383,0.0,0.0,0.0052083334885537624,0.0,,,,
moving_only_8,35,0.001,train-mode backward before optimizer step,1.185126844038164,0.0,0.0,0.0052083334885537624,0.0,,,,
moving_only_8,36,0.001,train-mode backward before optimizer step,1.2018231111008857,0.0,0.0,0.0052083334885537624,0.0,,,,
moving_only_8,37,0.001,train-mode backward before optimizer step,1.184613792045526,0.0,0.0,0.0052083334885537624,0.0,,,,
moving_only_8,38,0.001,train-mode backward before optimizer step,1.2010040797796182,0.0,0.0,0.0052083334885537624,0.0,,,,
moving_only_8,39,0.001,train-mode backward before optimizer step,1.2134486306193732,0.0,0.0,0.0052083334885537624,0.0,,,,
moving_only_8,40,0.001,train-mode backward before optimizer step,1.2121615395319254,0.0,0.0,0.0052083334885537624,0.0,5.215566635131836,1.0,1.0,49.5347785949707
moving_only_8,41,0.001,train-mode backward before optimizer step,1.2135926978312654,0.0,0.0,0.0052083334885537624,0.0,,,,
moving_only_8,42,0.001,train-mode backward before optimizer step,1.2049781987982493,0.0,0.0,0.0052083334885537624,0.0,,,,
moving_only_8,43,0.001,train-mode backward before optimizer step,1.2240524379781992,0.0,0.0,0.0052083334885537624,0.0,,,,
moving_only_8,44,0.001,train-mode backward before optimizer step,1.2096207482843004,0.0,0.0,0.0052083334885537624,0.0,,,,
moving_only_8,45,0.001,train-mode backward before optimizer step,1.200516826154562,0.0,0.0,0.0052083334885537624,0.0,,,,
moving_only_8,46,0.001,train-mode backward before optimizer step,1.2159753943110883,0.0,0.0,0.0052083334885537624,0.0,,,,
moving_only_8,47,0.001,train-mode backward before optimizer step,1.1997236404784086,0.0,0.0,0.0052083334885537624,0.0,,,,
moving_only_8,48,0.001,train-mode backward before optimizer step,1.209571287499057,0.0,0.0,0.0052083334885537624,0.0,,,,
moving_only_8,49,0.001,train-mode backward before optimizer step,1.2805976452896308,0.0,0.0,0.0052083334885537624,0.0,,,,
moving_only_8,50,0.001,train-mode backward before optimizer step,1.1976431979787274,0.0,0.0,0.0052083334885537624,0.0,5.711482524871826,1.0,1.0,49.5347785949707
moving_only_8,51,0.001,train-mode backward before optimizer step,1.212758209516089,0.0,0.0,0.0052083334885537624,0.0,,,,
moving_only_8,52,0.001,train-mode backward before optimizer step,1.2227159855551974,0.0,0.0,0.0052083334885537624,0.0,,,,
moving_only_8,53,0.001,train-mode backward before optimizer step,1.251056215362336,0.0,0.0,0.0052083334885537624,0.0,,,,
moving_only_8,54,0.001,train-mode backward before optimizer step,1.2575715468479367,0.0,0.0,0.0052083334885537624,0.0,,,,
moving_only_8,55,0.001,train-mode backward before optimizer step,1.217482338478031,0.0,0.0,0.0052083334885537624,0.0,,,,
moving_only_8,56,0.001,train-mode backward before optimizer step,1.2119130618202985,0.0,0.0,0.0052083334885537624,0.0,,,,
moving_only_8,57,0.001,train-mode backward before optimizer step,1.2422976904359255,0.0,0.0,0.0052083334885537624,0.0,,,,
moving_only_8,58,0.001,train-mode backward before optimizer step,1.2041676265414187,0.0,0.0,0.0052083334885537624,0.0,,,,
moving_only_8,59,0.001,train-mode backward before optimizer step,1.2680934353052313,0.0,0.0,0.0052083334885537624,0.0,,,,
moving_only_8,60,0.001,train-mode backward before optimizer step,1.216643573912509,0.0,0.0,0.0052083334885537624,0.0,6.133546829223633,1.0,1.0,49.5347785949707
moving_only_8,61,0.001,train-mode backward before optimizer step,1.234762254073899,0.0,0.0,0.0052083334885537624,0.0,,,,
moving_only_8,62,0.001,train-mode backward before optimizer step,1.2593093700673859,0.0,0.0,0.0052083334885537624,0.0,,,,
moving_only_8,63,0.001,train-mode backward before optimizer step,1.2443499679977272,0.0,0.0,0.0052083334885537624,0.0,,,,
moving_only_8,64,0.001,train-mode backward before optimizer step,1.2220567886433702,0.0,0.0,0.0052083334885537624,0.0,,,,
moving_only_8,65,0.001,train-mode backward before optimizer step,1.216611169129549,0.0,0.0,0.0052083334885537624,0.0,,,,
moving_only_8,66,0.001,train-mode backward before optimizer step,1.2669742306952212,0.0,0.0,0.0052083334885537624,0.0,,,,
moving_only_8,67,0.001,train-mode backward before optimizer step,1.2816332029802493,0.0,0.0,0.0052083334885537624,0.0,,,,
moving_only_8,68,0.001,train-mode backward before optimizer step,1.227161310043795,0.0,0.0,0.0052083334885537624,0.0,,,,
moving_only_8,69,0.001,train-mode backward before optimizer step,1.2289307942907517,0.0,0.0,0.0052083334885537624,0.0,,,,
moving_only_8,70,0.001,train-mode backward before optimizer step,1.2462962039176961,0.0,0.0,0.0052083334885537624,0.0,6.620449066162109,1.0,1.0,49.5347785949707
moving_only_8,71,0.001,train-mode backward before optimizer step,1.2943125901420067,0.0,0.0,0.0052083334885537624,0.0,,,,
moving_only_8,72,0.001,train-mode backward before optimizer step,1.2751572637952142,0.0,0.0,0.0052083334885537624,0.0,,,,
moving_only_8,73,0.001,train-mode backward before optimizer step,1.4265081330366876,0.0,0.0,0.0052083334885537624,0.0,,,,
moving_only_8,74,0.001,train-mode backward before optimizer step,1.2490549904374062,0.0,0.0,0.0052083334885537624,0.0,,,,
moving_only_8,75,0.001,train-mode backward before optimizer step,1.2852247811848216,0.0,0.0,0.0052083334885537624,0.0,,,,
moving_only_8,76,0.001,train-mode backward before optimizer step,1.283019816672591,0.0,0.0,0.0052083334885537624,0.0,,,,
moving_only_8,77,0.001,train-mode backward before optimizer step,1.3036905911029495,0.0,0.0,0.0052083334885537624,0.0,,,,
moving_only_8,78,0.001,train-mode backward before optimizer step,1.361354293530864,0.0,0.0,0.0052083334885537624,0.0,,,,
moving_only_8,79,0.001,train-mode backward before optimizer step,1.268514711194857,0.0,0.0,0.0052083334885537624,0.0,,,,
moving_only_8,80,0.001,train-mode backward before optimizer step,1.3296580775997153,0.0,0.0,0.0052083334885537624,0.0,7.193429470062256,1.0,1.0,49.5347785949707
moving_only_8,81,0.001,train-mode backward before optimizer step,1.2896311148661515,0.0,0.0,0.0052083334885537624,0.0,,,,
moving_only_8,82,0.001,train-mode backward before optimizer step,1.407352137275872,0.0,0.0,0.0052083334885537624,0.0,,,,
moving_only_8,83,0.001,train-mode backward before optimizer step,1.3604679707881548,0.0,0.0,0.0052083334885537624,0.0,,,,
moving_only_8,84,0.001,train-mode backward before optimizer step,1.3141542037340816,0.0,0.0,0.0052083334885537624,0.0,,,,
moving_only_8,85,0.001,train-mode backward before optimizer step,1.3829663160091343,0.0,0.0,0.0052083334885537624,0.0,,,,
moving_only_8,86,0.001,train-mode backward before optimizer step,1.3025833680366148,0.0,0.0,0.0052083334885537624,0.0,,,,
moving_only_8,87,0.001,train-mode backward before optimizer step,1.3213373025556299,0.0,0.0,0.0052083334885537624,0.0,,,,
moving_only_8,88,0.001,train-mode backward before optimizer step,1.5242834238978211,0.0,0.0,0.0052083334885537624,0.0,,,,
moving_only_8,89,0.001,train-mode backward before optimizer step,1.3249424699867371,0.0,0.0,0.0052083334885537624,0.0,,,,
moving_only_8,90,0.001,train-mode backward before optimizer step,1.3886741822698419,0.0,0.0,0.0052083334885537624,0.0,7.76606559753418,1.0,1.0,49.5347785949707
moving_only_8,91,0.001,train-mode backward before optimizer step,1.3710223719942283,0.0,0.0,0.0052083334885537624,0.0,,,,
moving_only_8,92,0.001,train-mode backward before optimizer step,1.364852107763802,0.0,0.0,0.0052083334885537624,0.0,,,,
moving_only_8,93,0.001,train-mode backward before optimizer step,1.2852156028801711,0.0,0.0,0.0052083334885537624,0.0,,,,
moving_only_8,94,0.001,train-mode backward before optimizer step,1.3682000869820083,0.0,0.0,0.0052083334885537624,0.0,,,,
moving_only_8,95,0.001,train-mode backward before optimizer step,1.3455873895227641,0.0,0.0,0.0052083334885537624,0.0,,,,
moving_only_8,96,0.001,train-mode backward before optimizer step,1.2949772639660528,0.0,0.0,0.0052083334885537624,0.0,,,,
moving_only_8,97,0.001,train-mode backward before optimizer step,1.3156282061812967,0.0,0.0,0.0052083334885537624,0.0,,,,
moving_only_8,98,0.001,train-mode backward before optimizer step,1.3045958570282787,0.0,0.0,0.0052083334885537624,0.0,,,,
moving_only_8,99,0.001,train-mode backward before optimizer step,1.3071687973861743,0.0,0.0,0.0052083334885537624,0.0,,,,
moving_only_8,100,0.001,train-mode backward before optimizer step,1.3022147521885021,0.0,0.0,0.0052083334885537624,0.0,8.367839813232422,1.0,1.0,49.5347785949707
moving_only_8,101,0.001,train-mode backward before optimizer step,1.3290438830857307,0.0,0.0,0.0052083334885537624,0.0,,,,
moving_only_8,102,0.001,train-mode backward before optimizer step,1.3784589859326268,0.0,0.0,0.0052083334885537624,0.0,,,,
moving_only_8,103,0.001,train-mode backward before optimizer step,1.3149536673615019,0.0,0.0,0.0052083334885537624,0.0,,,,
moving_only_8,104,0.001,train-mode backward before optimizer step,1.3958257652137864,0.0,0.0,0.0052083334885537624,0.0,,,,
moving_only_8,105,0.001,train-mode backward before optimizer step,1.372930102997353,0.0,0.0,0.0052083334885537624,0.0,,,,
moving_only_8,106,0.001,train-mode backward before optimizer step,1.4406762438427785,0.0,0.0,0.0052083334885537624,0.0,,,,
moving_only_8,107,0.001,train-mode backward before optimizer step,1.3817019961479566,0.0,0.0,0.0052083334885537624,0.0,,,,
moving_only_8,108,0.001,train-mode backward before optimizer step,1.3444167092649053,0.0,0.0,0.0052083334885537624,0.0,,,,
moving_only_8,109,0.001,train-mode backward before optimizer step,1.4703753528551529,0.0,0.0,0.0052083334885537624,0.0,,,,
moving_only_8,110,0.001,train-mode backward before optimizer step,1.3763701726947968,0.0,0.0,0.0052083334885537624,0.0,8.969673156738281,1.0,1.0,49.5347785949707
moving_only_8,111,0.001,train-mode backward before optimizer step,1.3428912715717691,0.0,0.0,0.0052083334885537624,0.0,,,,
moving_only_8,112,0.001,train-mode backward before optimizer step,1.5509803878904471,0.0,0.0,0.0052083334885537624,0.0,,,,
moving_only_8,113,0.001,train-mode backward before optimizer step,1.394395509641975,0.0,0.0,0.0052083334885537624,0.0,,,,
moving_only_8,114,0.001,train-mode backward before optimizer step,1.44858338062853,0.0,0.0,0.0052083334885537624,0.0,,,,
moving_only_8,115,0.001,train-mode backward before optimizer step,1.3486977462203413,0.0,0.0,0.0052083334885537624,0.0,,,,
moving_only_8,116,0.001,train-mode backward before optimizer step,1.3583969798455233,0.0,0.0,0.0052083334885537624,0.0,,,,
moving_only_8,117,0.001,train-mode backward before optimizer step,1.4189020573826236,0.0,0.0,0.0052083334885537624,0.0,,,,
moving_only_8,118,0.001,train-mode backward before optimizer step,1.4311593758561147,0.0,0.0,0.0052083334885537624,0.0,,,,
moving_only_8,119,0.001,train-mode backward before optimizer step,1.4259374082986855,0.0,0.0,0.0052083334885537624,0.0,,,,
moving_only_8,120,0.001,train-mode backward before optimizer step,1.4238507151975328,0.0,0.0,0.0052083334885537624,0.0,9.54541301727295,1.0,1.0,49.5347785949707
moving_only_8,121,0.001,train-mode backward before optimizer step,1.4192505423734856,0.0,0.0,0.0052083334885537624,0.0,,,,
moving_only_8,122,0.001,train-mode backward before optimizer step,1.438736972787549,0.0,0.0,0.0052083334885537624,0.0,,,,
moving_only_8,123,0.001,train-mode backward before optimizer step,1.5007997409547336,0.0,0.0,0.0052083334885537624,0.0,,,,
moving_only_8,124,0.001,train-mode backward before optimizer step,1.4320399856952082,0.0,0.0,0.0052083334885537624,0.0,,,,
moving_only_8,125,0.001,train-mode backward before optimizer step,1.3901251676430733,0.0,0.0,0.0052083334885537624,0.0,,,,
moving_only_8,126,0.001,train-mode backward before optimizer step,1.4235293180460589,0.0,0.0,0.0052083334885537624,0.0,,,,
moving_only_8,127,0.001,train-mode backward before optimizer step,1.4619829563321702,0.0,0.0,0.0052083334885537624,0.0,,,,
moving_only_8,128,0.001,train-mode backward before optimizer step,1.4512820463579759,0.0,0.0,0.0052083334885537624,0.0,,,,
moving_only_8,129,0.001,train-mode backward before optimizer step,1.4540006683229023,0.0,0.0,0.0052083334885537624,0.0,,,,
moving_only_8,130,0.001,train-mode backward before optimizer step,1.4512445648837715,0.0,0.0,0.0052083334885537624,0.0,10.131081581115723,1.0,1.0,49.5347785949707
moving_only_8,131,0.001,train-mode backward before optimizer step,1.4323398180415905,0.0,0.0,0.0052083334885537624,0.0,,,,
moving_only_8,132,0.001,train-mode backward before optimizer step,1.4481137497090395,0.0,0.0,0.0052083334885537624,0.0,,,,
moving_only_8,133,0.001,train-mode backward before optimizer step,1.5354187884033175,0.0,0.0,0.0052083334885537624,0.0,,,,
moving_only_8,134,0.001,train-mode backward before optimizer step,1.50716284053748,0.0,0.0,0.0052083334885537624,0.0,,,,
moving_only_8,135,0.001,train-mode backward before optimizer step,1.480274981463855,0.0,0.0,0.0052083334885537624,0.0,,,,
moving_only_8,136,0.001,train-mode backward before optimizer step,1.5789329677634818,0.0,0.0,0.0052083334885537624,0.0,,,,
moving_only_8,137,0.001,train-mode backward before optimizer step,1.4701666749824933,0.0,0.0,0.0052083334885537624,0.0,,,,
moving_only_8,138,0.001,train-mode backward before optimizer step,1.4992776756868866,0.0,0.0,0.0052083334885537624,0.0,,,,
moving_only_8,139,0.001,train-mode backward before optimizer step,1.5446870085804152,0.0,0.0,0.0052083334885537624,0.0,,,,
moving_only_8,140,0.001,train-mode backward before optimizer step,1.4408176665660255,0.0,0.0,0.0052083334885537624,0.0,10.613872528076172,1.0,1.0,49.5347785949707
moving_only_8,141,0.001,train-mode backward before optimizer step,1.465816601393596,0.0,0.0,0.0052083334885537624,0.0,,,,
moving_only_8,142,0.001,train-mode backward before optimizer step,1.533470975470818,0.0,0.0,0.0052083334885537624,0.0,,,,
moving_only_8,143,0.001,train-mode backward before optimizer step,1.6575060198590754,0.0,0.0,0.0052083334885537624,0.0,,,,
moving_only_8,144,0.001,train-mode backward before optimizer step,1.5918919606656212,0.0,0.0,0.0052083334885537624,0.0,,,,
moving_only_8,145,0.001,train-mode backward before optimizer step,1.5872093176700024,0.0,0.0,0.0052083334885537624,0.0,,,,
moving_only_8,146,0.001,train-mode backward before optimizer step,1.5831864366549475,0.0,0.0,0.0052083334885537624,0.0,,,,
moving_only_8,147,0.001,train-mode backward before optimizer step,1.6423146660851458,0.0,0.0,0.0052083334885537624,0.0,,,,
moving_only_8,148,0.001,train-mode backward before optimizer step,1.599159045391021,0.0,0.0,0.0052083334885537624,0.0,,,,
moving_only_8,149,0.001,train-mode backward before optimizer step,1.472858261331295,0.0,0.0,0.0052083334885537624,0.0,,,,
moving_only_8,150,0.001,train-mode backward before optimizer step,1.557885588290514,0.0,0.0,0.0052083334885537624,0.0,11.192802429199219,1.0,1.0,49.5347785949707
moving_only_8,151,0.001,train-mode backward before optimizer step,1.5518806820720956,0.0,0.0,0.0052083334885537624,0.0,,,,
moving_only_8,152,0.001,train-mode backward before optimizer step,1.5569187644474514,0.0,0.0,0.0052083334885537624,0.0,,,,
moving_only_8,153,0.001,train-mode backward before optimizer step,1.4767384448144567,0.0,0.0,0.0052083334885537624,0.0,,,,
moving_only_8,154,0.001,train-mode backward before optimizer step,1.7544157928582538,0.0,0.0,0.0052083334885537624,0.0,,,,
moving_only_8,155,0.001,train-mode backward before optimizer step,1.5138051122922314,0.0,0.0,0.0052083334885537624,0.0,,,,
moving_only_8,156,0.001,train-mode backward before optimizer step,1.5143362955096051,0.0,0.0,0.0052083334885537624,0.0,,,,
moving_only_8,157,0.001,train-mode backward before optimizer step,1.6280854178421933,0.0,0.0,0.0052083334885537624,0.0,,,,
moving_only_8,158,0.001,train-mode backward before optimizer step,1.4919015880565296,0.0,0.0,0.0052083334885537624,0.0,,,,
moving_only_8,159,0.001,train-mode backward before optimizer step,1.6380966945774589,0.0,0.0,0.0052083334885537624,0.0,,,,
moving_only_8,160,0.001,train-mode backward before optimizer step,1.4798391786676761,0.0,0.0,0.0052083334885537624,0.0,11.795303344726562,1.0,1.0,49.5347785949707
moving_only_8,161,0.001,train-mode backward before optimizer step,1.5436620565872556,0.0,0.0,0.0052083334885537624,0.0,,,,
moving_only_8,162,0.001,train-mode backward before optimizer step,1.5161281801766744,0.0,0.0,0.0052083334885537624,0.0,,,,
moving_only_8,163,0.001,train-mode backward before optimizer step,1.5165498493407392,0.0,0.0,0.0052083334885537624,0.0,,,,
moving_only_8,164,0.001,train-mode backward before optimizer step,1.6143322044627184,0.0,0.0,0.0052083334885537624,0.0,,,,
moving_only_8,165,0.001,train-mode backward before optimizer step,1.5983857262092784,0.0,0.0,0.0052083334885537624,0.0,,,,
moving_only_8,166,0.001,train-mode backward before optimizer step,1.5459708312179232,0.0,0.0,0.0052083334885537624,0.0,,,,
moving_only_8,167,0.001,train-mode backward before optimizer step,1.5514982638669468,0.0,0.0,0.0052083334885537624,0.0,,,,
moving_only_8,168,0.001,train-mode backward before optimizer step,1.7279290699507093,0.0,0.0,0.0052083334885537624,0.0,,,,
moving_only_8,169,0.001,train-mode backward before optimizer step,1.5218698302193765,0.0,0.0,0.0052083334885537624,0.0,,,,
moving_only_8,170,0.001,train-mode backward before optimizer step,1.707506211431464,0.0,0.0,0.0052083334885537624,0.0,12.399768829345703,1.0,1.0,49.5347785949707
moving_only_8,171,0.001,train-mode backward before optimizer step,1.5480216643026639,0.0,0.0,0.0052083334885537624,0.0,,,,
moving_only_8,172,0.001,train-mode backward before optimizer step,1.5483955374883325,0.0,0.0,0.0052083334885537624,0.0,,,,
moving_only_8,173,0.001,train-mode backward before optimizer step,1.6205395398353752,0.0,0.0,0.0052083334885537624,0.0,,,,
moving_only_8,174,0.001,train-mode backward before optimizer step,1.5617875687346732,0.0,0.0,0.0052083334885537624,0.0,,,,
moving_only_8,175,0.001,train-mode backward before optimizer step,1.611686288872506,0.0,0.0,0.0052083334885537624,0.0,,,,
moving_only_8,176,0.001,train-mode backward before optimizer step,1.646153275311922,0.0,0.0,0.0052083334885537624,0.0,,,,
moving_only_8,177,0.001,train-mode backward before optimizer step,1.4920379590111863,0.0,0.0,0.0052083334885537624,0.0,,,,
moving_only_8,178,0.001,train-mode backward before optimizer step,1.4724152881990236,0.0,0.0,0.0052083334885537624,0.0,,,,
moving_only_8,179,0.001,train-mode backward before optimizer step,1.4989020266857112,0.0,0.0,0.0052083334885537624,0.0,,,,
moving_only_8,180,0.001,train-mode backward before optimizer step,1.5969885682444325,0.0,0.0,0.0052083334885537624,0.0,13.025666236877441,1.0,1.0,49.5347785949707
moving_only_8,181,0.001,train-mode backward before optimizer step,1.5764767582724981,0.0,0.0,0.0052083334885537624,0.0,,,,
moving_only_8,182,0.001,train-mode backward before optimizer step,1.6155434446854515,0.0,0.0,0.0052083334885537624,0.0,,,,
moving_only_8,183,0.001,train-mode backward before optimizer step,1.5542305798361906,0.0,0.0,0.0052083334885537624,0.0,,,,
moving_only_8,184,0.001,train-mode backward before optimizer step,1.7076346521545893,0.0,0.0,0.0052083334885537624,0.0,,,,
moving_only_8,185,0.001,train-mode backward before optimizer step,1.5004381217364244,0.0,0.0,0.0052083334885537624,0.0,,,,
moving_only_8,186,0.001,train-mode backward before optimizer step,1.8036954501915348,0.0,0.0,0.0052083334885537624,0.0,,,,
moving_only_8,187,0.001,train-mode backward before optimizer step,1.6515732914844177,0.0,0.0,0.0052083334885537624,0.0,,,,
moving_only_8,188,0.001,train-mode backward before optimizer step,1.7178265504473624,0.0,0.0,0.0052083334885537624,0.0,,,,
moving_only_8,189,0.001,train-mode backward before optimizer step,1.7415400036822484,0.0,0.0,0.0052083334885537624,0.0,,,,
moving_only_8,190,0.001,train-mode backward before optimizer step,1.683190628100187,0.0,0.0,0.0052083334885537624,0.0,13.620509147644043,1.0,1.0,49.5347785949707
moving_only_8,191,0.001,train-mode backward before optimizer step,1.6189461765051663,0.0,0.0,0.0052083334885537624,0.0,,,,
moving_only_8,192,0.001,train-mode backward before optimizer step,1.5758658864567645,0.0,0.0,0.0052083334885537624,0.0,,,,
moving_only_8,193,0.001,train-mode backward before optimizer step,1.6059157572037255,0.0,0.0,0.0052083334885537624,0.0,,,,
moving_only_8,194,0.001,train-mode backward before optimizer step,1.6285797210525133,0.0,0.0,0.0052083334885537624,0.0,,,,
moving_only_8,195,0.001,train-mode backward before optimizer step,1.5482815026906909,0.0,0.0,0.0052083334885537624,0.0,,,,
moving_only_8,196,0.001,train-mode backward before optimizer step,1.7761051235086798,0.0,0.0,0.0052083334885537624,0.0,,,,
moving_only_8,197,0.001,train-mode backward before optimizer step,1.5539157593922364,0.0,0.0,0.0052083334885537624,0.0,,,,
moving_only_8,198,0.001,train-mode backward before optimizer step,1.606496653223589,0.0,0.0,0.0052083334885537624,0.0,,,,
moving_only_8,199,0.001,train-mode backward before optimizer step,1.64547051497177,0.0,0.0,0.0052083334885537624,0.0,,,,
moving_only_8,200,0.001,train-mode backward before optimizer step,1.6437423684208903,0.0,0.0,0.0052083334885537624,0.0,14.362056732177734,1.0,1.0,49.5347785949707
moving_only_8,201,0.001,train-mode backward before optimizer step,1.6546666705377795,0.0,0.0,0.0052083334885537624,0.0,,,,
moving_only_8,202,0.001,train-mode backward before optimizer step,1.5910874882785548,0.0,0.0,0.0052083334885537624,0.0,,,,
moving_only_8,203,0.001,train-mode backward before optimizer step,1.7611072459787356,0.0,0.0,0.0052083334885537624,0.0,,,,
moving_only_8,204,0.001,train-mode backward before optimizer step,1.8545174373934243,0.0,0.0,0.0052083334885537624,0.0,,,,
moving_only_8,205,0.001,train-mode backward before optimizer step,1.6885042099881353,0.0,0.0,0.0052083334885537624,0.0,,,,
moving_only_8,206,0.001,train-mode backward before optimizer step,1.8962769310278673,0.0,0.0,0.0052083334885537624,0.0,,,,
moving_only_8,207,0.001,train-mode backward before optimizer step,1.8226421047551524,0.0,0.0,0.0052083334885537624,0.0,,,,
moving_only_8,208,0.001,train-mode backward before optimizer step,1.576273301314868,0.0,0.0,0.0052083334885537624,0.0,,,,
moving_only_8,209,0.001,train-mode backward before optimizer step,1.7210158268464406,0.0,0.0,0.0052083334885537624,0.0,,,,
moving_only_8,210,0.001,train-mode backward before optimizer step,1.6015602524262722,0.0,0.0,0.0052083334885537624,0.0,15.102812767028809,1.0,1.0,49.5347785949707
moving_only_8,211,0.001,train-mode backward before optimizer step,1.6216566326023287,0.0,0.0,0.0052083334885537624,0.0,,,,
moving_only_8,212,0.001,train-mode backward before optimizer step,1.6114319291328782,0.0,0.0,0.0052083334885537624,0.0,,,,
moving_only_8,213,0.001,train-mode backward before optimizer step,1.6720232462656854,0.0,0.0,0.0052083334885537624,0.0,,,,
moving_only_8,214,0.001,train-mode backward before optimizer step,1.7681365462576357,0.0,0.0,0.0052083334885537624,0.0,,,,
moving_only_8,215,0.001,train-mode backward before optimizer step,1.619890915016859,0.0,0.0,0.0052083334885537624,0.0,,,,
moving_only_8,216,0.001,train-mode backward before optimizer step,1.752480657911704,0.0,0.0,0.0052083334885537624,0.0,,,,
moving_only_8,217,0.001,train-mode backward before optimizer step,1.6289534526171736,0.0,0.0,0.0052083334885537624,0.0,,,,
moving_only_8,218,0.001,train-mode backward before optimizer step,1.664377133608878,0.0,0.0,0.0052083334885537624,0.0,,,,
moving_only_8,219,0.001,train-mode backward before optimizer step,1.6360377898170229,0.0,0.0,0.0052083334885537624,0.0,,,,
moving_only_8,220,0.001,train-mode backward before optimizer step,1.602179091450176,0.0,0.0,0.0052083334885537624,0.0,15.810266494750977,1.0,1.0,49.5347785949707
moving_only_8,221,0.001,train-mode backward before optimizer step,1.8181782444953165,0.0,0.0,0.0052083334885537624,0.0,,,,
moving_only_8,222,0.001,train-mode backward before optimizer step,1.665533368383054,0.0,0.0,0.0052083334885537624,0.0,,,,
moving_only_8,223,0.001,train-mode backward before optimizer step,1.9802144744278716,0.0,0.0,0.0052083334885537624,0.0,,,,
moving_only_8,224,0.001,train-mode backward before optimizer step,1.6149020602667739,0.0,0.0,0.0052083334885537624,0.0,,,,
moving_only_8,225,0.001,train-mode backward before optimizer step,1.634596450863487,0.0,0.0,0.0052083334885537624,0.0,,,,
moving_only_8,226,0.001,train-mode backward before optimizer step,1.6135005142109158,0.0,0.0,0.0052083334885537624,0.0,,,,
moving_only_8,227,0.001,train-mode backward before optimizer step,1.6411660131967285,0.0,0.0,0.0052083334885537624,0.0,,,,
moving_only_8,228,0.001,train-mode backward before optimizer step,2.1508474927971237,0.0,0.0,0.0052083334885537624,0.0,,,,
moving_only_8,229,0.001,train-mode backward before optimizer step,1.694323945927612,0.0,0.0,0.0052083334885537624,0.0,,,,
moving_only_8,230,0.001,train-mode backward before optimizer step,1.7569519629365808,0.0,0.0,0.0052083334885537624,0.0,16.530776977539062,1.0,1.0,49.5347785949707
moving_only_8,231,0.001,train-mode backward before optimizer step,1.724167331032793,0.0,0.0,0.0052083334885537624,0.0,,,,
moving_only_8,232,0.001,train-mode backward before optimizer step,1.82373224079365,0.0,0.0,0.0052083334885537624,0.0,,,,
moving_only_8,233,0.001,train-mode backward before optimizer step,1.8087847062788054,0.0,0.0,0.0052083334885537624,0.0,,,,
moving_only_8,234,0.001,train-mode backward before optimizer step,1.7637220468846007,0.0,0.0,0.0052083334885537624,0.0,,,,
moving_only_8,235,0.001,train-mode backward before optimizer step,1.6511656582610394,0.0,0.0,0.0052083334885537624,0.0,,,,
moving_only_8,236,0.001,train-mode backward before optimizer step,1.6946966560636108,0.0,0.0,0.0052083334885537624,0.0,,,,
moving_only_8,237,0.001,train-mode backward before optimizer step,1.661018318018975,0.0,0.0,0.0052083334885537624,0.0,,,,
moving_only_8,238,0.001,train-mode backward before optimizer step,1.6196976466781434,0.0,0.0,0.0052083334885537624,0.0,,,,
moving_only_8,239,0.001,train-mode backward before optimizer step,1.7362779019830603,0.0,0.0,0.0052083334885537624,0.0,,,,
moving_only_8,240,0.001,train-mode backward before optimizer step,1.6572874130512025,0.0,0.0,0.0052083334885537624,0.0,17.296363830566406,1.0,1.0,49.5347785949707
moving_only_8,241,0.001,train-mode backward before optimizer step,1.5844663028695434,0.0,0.0,0.0052083334885537624,0.0,,,,
moving_only_8,242,0.001,train-mode backward before optimizer step,1.639792441290466,0.0,0.0,0.0052083334885537624,0.0,,,,
moving_only_8,243,0.001,train-mode backward before optimizer step,1.6334578547608303,0.0,0.0,0.0052083334885537624,0.0,,,,
moving_only_8,244,0.001,train-mode backward before optimizer step,2.16249998396275,0.0,0.0,0.0052083334885537624,0.0,,,,
moving_only_8,245,0.001,train-mode backward before optimizer step,1.5739981174330775,0.0,0.0,0.0052083334885537624,0.0,,,,
moving_only_8,246,0.001,train-mode backward before optimizer step,1.8149466066259243,0.0,0.0,0.0052083334885537624,0.0,,,,
moving_only_8,247,0.001,train-mode backward before optimizer step,2.020355565572542,0.0,0.0,0.0052083334885537624,0.0,,,,
moving_only_8,248,0.001,train-mode backward before optimizer step,1.5796294336772885,0.0,0.0,0.0052083334885537624,0.0,,,,
moving_only_8,249,0.001,train-mode backward before optimizer step,2.2524506413205434,0.0,0.0,0.0052083334885537624,0.0,,,,
moving_only_8,250,0.001,train-mode backward before optimizer step,1.9704991397898515,0.0,0.0,0.0052083334885537624,0.0,18.004011154174805,1.0,1.0,49.5347785949707
moving_only_8,251,0.001,train-mode backward before optimizer step,1.9693180956014127,0.0,0.0,0.0052083334885537624,0.0,,,,
moving_only_8,252,0.001,train-mode backward before optimizer step,1.9411009363011118,0.0,0.0,0.0052083334885537624,0.0,,,,
moving_only_8,253,0.001,train-mode backward before optimizer step,1.715634750334082,0.0,0.0,0.0052083334885537624,0.0,,,,
moving_only_8,254,0.001,train-mode backward before optimizer step,1.8910160502627864,0.0,0.0,0.0052083334885537624,0.0,,,,
moving_only_8,255,0.001,train-mode backward before optimizer step,1.6219520452212388,0.0,0.0,0.0052083334885537624,0.0,,,,
moving_only_8,256,0.001,train-mode backward before optimizer step,1.7796745307422062,0.0,0.0,0.0052083334885537624,0.0,,,,
moving_only_8,257,0.001,train-mode backward before optimizer step,1.6296164546509124,0.0,0.0,0.0052083334885537624,0.0,,,,
moving_only_8,258,0.001,train-mode backward before optimizer step,1.6565322200683663,0.0,0.0,0.0052083334885537624,0.0,,,,
moving_only_8,259,0.001,train-mode backward before optimizer step,1.7490971129346786,0.0,0.0,0.0052083334885537624,0.0,,,,
moving_only_8,260,0.001,train-mode backward before optimizer step,1.692390148928078,0.0,0.0,0.0052083334885537624,0.0,18.733570098876953,1.0,1.0,49.5347785949707
moving_only_8,261,0.001,train-mode backward before optimizer step,1.6522390790662425,0.0,0.0,0.0052083334885537624,0.0,,,,
moving_only_8,262,0.001,train-mode backward before optimizer step,1.678603632180897,0.0,0.0,0.0052083334885537624,0.0,,,,
moving_only_8,263,0.001,train-mode backward before optimizer step,1.6144617559817944,0.0,0.0,0.0052083334885537624,0.0,,,,
moving_only_8,264,0.001,train-mode backward before optimizer step,1.6271378958161553,0.0,0.0,0.0052083334885537624,0.0,,,,
moving_only_8,265,0.001,train-mode backward before optimizer step,2.037939827486328,0.0,0.0,0.0052083334885537624,0.0,,,,
moving_only_8,266,0.001,train-mode backward before optimizer step,1.7354491999546553,0.0,0.0,0.0052083334885537624,0.0,,,,
moving_only_8,267,0.001,train-mode backward before optimizer step,1.9008173383964873,0.0,0.0,0.0052083334885537624,0.0,,,,
moving_only_8,268,0.001,train-mode backward before optimizer step,1.7548237795518808,0.0,0.0,0.0052083334885537624,0.0,,,,
moving_only_8,269,0.001,train-mode backward before optimizer step,1.6872161850396177,0.0,0.0,0.0052083334885537624,0.0,,,,
moving_only_8,270,0.001,train-mode backward before optimizer step,1.969398972123311,0.0,0.0,0.0052083334885537624,0.0,19.626882553100586,1.0,1.0,49.5347785949707
moving_only_8,271,0.001,train-mode backward before optimizer step,2.0166671792655797,0.0,0.0,0.0052083334885537624,0.0,,,,
moving_only_8,272,0.001,train-mode backward before optimizer step,2.0413378631622523,0.0,0.0,0.0052083334885537624,0.0,,,,
moving_only_8,273,0.001,train-mode backward before optimizer step,1.7351183659782532,0.0,0.0,0.0052083334885537624,0.0,,,,
moving_only_8,274,0.001,train-mode backward before optimizer step,2.115999196296641,0.0,0.0,0.0052083334885537624,0.0,,,,
moving_only_8,275,0.001,train-mode backward before optimizer step,1.7481638004200264,0.0,0.0,0.0052083334885537624,0.0,,,,
moving_only_8,276,0.001,train-mode backward before optimizer step,1.77031046876613,0.0,0.0,0.0052083334885537624,0.0,,,,
moving_only_8,277,0.001,train-mode backward before optimizer step,1.755335669457417,0.0,0.0,0.0052083334885537624,0.0,,,,
moving_only_8,278,0.001,train-mode backward before optimizer step,1.8366552492584751,0.0,0.0,0.0052083334885537624,0.0,,,,
moving_only_8,279,0.001,train-mode backward before optimizer step,2.0270288569292596,0.0,0.0,0.0052083334885537624,0.0,,,,
moving_only_8,280,0.001,train-mode backward before optimizer step,1.8944369074830754,0.0,0.0,0.0052083334885537624,0.0,20.425769805908203,1.0,1.0,49.5347785949707
moving_only_8,281,0.001,train-mode backward before optimizer step,1.8839089662309823,0.0,0.0,0.0052083334885537624,0.0,,,,
moving_only_8,282,0.001,train-mode backward before optimizer step,1.7548156210414445,0.0,0.0,0.0052083334885537624,0.0,,,,
moving_only_8,283,0.001,train-mode backward before optimizer step,1.6982554155720304,0.0,0.0,0.0052083334885537624,0.0,,,,
moving_only_8,284,0.001,train-mode backward before optimizer step,1.7546725509339478,0.0,0.0,0.0052083334885537624,0.0,,,,
moving_only_8,285,0.001,train-mode backward before optimizer step,1.8353356182732712,0.0,0.0,0.0052083334885537624,0.0,,,,
moving_only_8,286,0.001,train-mode backward before optimizer step,1.7452530498450303,0.0,0.0,0.0052083334885537624,0.0,,,,
moving_only_8,287,0.001,train-mode backward before optimizer step,1.8493027080399989,0.0,0.0,0.0052083334885537624,0.0,,,,
moving_only_8,288,0.001,train-mode backward before optimizer step,1.7153601402539946,0.0,0.0,0.0052083334885537624,0.0,,,,
moving_only_8,289,0.001,train-mode backward before optimizer step,1.7506480796328427,0.0,0.0,0.0052083334885537624,0.0,,,,
moving_only_8,290,0.001,train-mode backward before optimizer step,1.7269511851621473,0.0,0.0,0.0052083334885537624,0.0,21.28818130493164,1.0,1.0,49.5347785949707
moving_only_8,291,0.001,train-mode backward before optimizer step,1.7677662166348134,0.0,0.0,0.0052083334885537624,0.0,,,,
moving_only_8,292,0.001,train-mode backward before optimizer step,1.787365943431461,0.0,0.0,0.0052083334885537624,0.0,,,,
moving_only_8,293,0.001,train-mode backward before optimizer step,1.7916507028149689,0.0,0.0,0.0052083334885537624,0.0,,,,
moving_only_8,294,0.001,train-mode backward before optimizer step,1.747765712249433,0.0,0.0,0.0052083334885537624,0.0,,,,
moving_only_8,295,0.001,train-mode backward before optimizer step,2.1730383629099395,0.0,0.0,0.0052083334885537624,0.0,,,,
moving_only_8,296,0.001,train-mode backward before optimizer step,2.6790374692554906,0.0,0.0,0.0052083334885537624,0.0,,,,
moving_only_8,297,0.001,train-mode backward before optimizer step,2.327401463670012,0.0,0.0,0.0052083334885537624,0.0,,,,
moving_only_8,298,0.001,train-mode backward before optimizer step,1.7869867518719946,0.0,0.0,0.0052083334885537624,0.0,,,,
moving_only_8,299,0.001,train-mode backward before optimizer step,1.8609190392836479,0.0,0.0,0.0052083334885537624,0.0,,,,
moving_only_8,300,0.001,train-mode backward before optimizer step,1.8230983856054452,0.0,0.0,0.0052083334885537624,0.0,22.09084129333496,1.0,1.0,49.5347785949707
moving_only_8,301,0.001,train-mode backward before optimizer step,1.909661247868209,0.0,0.0,0.0052083334885537624,0.0,,,,
moving_only_8,302,0.001,train-mode backward before optimizer step,1.780230709930923,0.0,0.0,0.0052083334885537624,0.0,,,,
moving_only_8,303,0.001,train-mode backward before optimizer step,1.8257314320523488,0.0,0.0,0.0052083334885537624,0.0,,,,
moving_only_8,304,0.001,train-mode backward before optimizer step,1.8757561690713722,0.0,0.0,0.0052083334885537624,0.0,,,,
moving_only_8,305,0.001,train-mode backward before optimizer step,2.3409655775333023,0.0,0.0,0.0052083334885537624,0.0,,,,
moving_only_8,306,0.001,train-mode backward before optimizer step,1.8804501733889813,0.0,0.0,0.0052083334885537624,0.0,,,,
moving_only_8,307,0.001,train-mode backward before optimizer step,1.9782606540174792,0.0,0.0,0.0052083334885537624,0.0,,,,
moving_only_8,308,0.001,train-mode backward before optimizer step,2.4723565993641627,0.0,0.0,0.0052083334885537624,0.0,,,,
moving_only_8,309,0.001,train-mode backward before optimizer step,1.8851727646743677,0.0,0.0,0.0052083334885537624,0.0,,,,
moving_only_8,310,0.001,train-mode backward before optimizer step,1.7862002992662165,0.0,0.0,0.0052083334885537624,0.0,22.90042495727539,1.0,1.0,49.5347785949707
moving_only_8,311,0.001,train-mode backward before optimizer step,2.4793610082000037,0.0,0.0,0.0052083334885537624,0.0,,,,
moving_only_8,312,0.001,train-mode backward before optimizer step,2.6846358511898742,0.0,0.0,0.0052083334885537624,0.0,,,,
moving_only_8,313,0.001,train-mode backward before optimizer step,1.9495384494896923,0.0,0.0,0.0052083334885537624,0.0,,,,
moving_only_8,314,0.001,train-mode backward before optimizer step,2.251349429758443,0.0,0.0,0.0052083334885537624,0.0,,,,
moving_only_8,315,0.001,train-mode backward before optimizer step,2.268834063167506,0.0,0.0,0.0052083334885537624,0.0,,,,
moving_only_8,316,0.001,train-mode backward before optimizer step,1.8141986827018661,0.0,0.0,0.0052083334885537624,0.0,,,,
moving_only_8,317,0.001,train-mode backward before optimizer step,2.195151505735925,0.0,0.0,0.0052083334885537624,0.0,,,,
moving_only_8,318,0.001,train-mode backward before optimizer step,1.9053259516992023,0.0,0.0,0.0052083334885537624,0.0,,,,
moving_only_8,319,0.001,train-mode backward before optimizer step,1.7503728189813916,0.0,0.0,0.0052083334885537624,0.0,,,,
moving_only_8,320,0.001,train-mode backward before optimizer step,1.9795177409646778,0.0,0.0,0.0052083334885537624,0.0,23.868593215942383,1.0,1.0,49.5347785949707
moving_only_8,321,0.001,train-mode backward before optimizer step,1.953957686934614,0.0,0.0,0.0052083334885537624,0.0,,,,
moving_only_8,322,0.001,train-mode backward before optimizer step,1.7286434873377277,0.0,0.0,0.0052083334885537624,0.0,,,,
moving_only_8,323,0.001,train-mode backward before optimizer step,1.8775870170056106,0.0,0.0,0.0052083334885537624,0.0,,,,
moving_only_8,324,0.001,train-mode backward before optimizer step,1.9028093444661258,0.0,0.0,0.0052083334885537624,0.0,,,,
moving_only_8,325,0.001,train-mode backward before optimizer step,1.807383551003394,0.0,0.0,0.0052083334885537624,0.0,,,,
moving_only_8,326,0.001,train-mode backward before optimizer step,2.344795495773934,0.0,0.0,0.0052083334885537624,0.0,,,,
moving_only_8,327,0.001,train-mode backward before optimizer step,1.7547010643371468,0.0,0.0,0.0052083334885537624,0.0,,,,
moving_only_8,328,0.001,train-mode backward before optimizer step,1.7559014593489062,0.0,0.0,0.0052083334885537624,0.0,,,,
moving_only_8,329,0.001,train-mode backward before optimizer step,1.9635642544473377,0.0,0.0,0.0052083334885537624,0.0,,,,
moving_only_8,330,0.001,train-mode backward before optimizer step,1.74266513679774,0.0,0.0,0.0052083334885537624,0.0,24.79214859008789,1.0,1.0,49.5347785949707
moving_only_8,331,0.001,train-mode backward before optimizer step,1.8437237974279688,0.0,0.0,0.0052083334885537624,0.0,,,,
moving_only_8,332,0.001,train-mode backward before optimizer step,1.8618596857877223,0.0,0.0,0.0052083334885537624,0.0,,,,
moving_only_8,333,0.001,train-mode backward before optimizer step,1.6952417602053496,0.0,0.0,0.0052083334885537624,0.0,,,,
moving_only_8,334,0.001,train-mode backward before optimizer step,2.503979602825586,0.0,0.0,0.0052083334885537624,0.0,,,,
moving_only_8,335,0.001,train-mode backward before optimizer step,1.7083706802776426,0.0,0.0,0.0052083334885537624,0.0,,,,
moving_only_8,336,0.001,train-mode backward before optimizer step,2.043979011467011,0.0,0.0,0.0052083334885537624,0.0,,,,
moving_only_8,337,0.001,train-mode backward before optimizer step,2.0647979848712605,0.0,0.0,0.0052083334885537624,0.0,,,,
moving_only_8,338,0.001,train-mode backward before optimizer step,1.6835450201639002,0.0,0.0,0.0052083334885537624,0.0,,,,
moving_only_8,339,0.001,train-mode backward before optimizer step,2.188436641979432,0.0,0.0,0.0052083334885537624,0.0,,,,
moving_only_8,340,0.001,train-mode backward before optimizer step,2.0580281420742947,0.0,0.0,0.0052083334885537624,0.0,25.68640899658203,1.0,1.0,49.5347785949707
moving_only_8,341,0.001,train-mode backward before optimizer step,1.9285077829260244,0.0,0.0,0.0052083334885537624,0.0,,,,
moving_only_8,342,0.001,train-mode backward before optimizer step,2.538227060272436,0.0,0.0,0.0052083334885537624,0.0,,,,
moving_only_8,343,0.001,train-mode backward before optimizer step,1.712303731929102,0.0,0.0,0.0052083334885537624,0.0,,,,
moving_only_8,344,0.001,train-mode backward before optimizer step,1.7886194414872971,0.0,0.0,0.0052083334885537624,0.0,,,,
moving_only_8,345,0.001,train-mode backward before optimizer step,2.025327108609289,0.0,0.0,0.0052083334885537624,0.0,,,,
moving_only_8,346,0.001,train-mode backward before optimizer step,2.242266531893835,0.0,0.0,0.0052083334885537624,0.0,,,,
moving_only_8,347,0.001,train-mode backward before optimizer step,1.9059295070300788,0.0,0.0,0.0052083334885537624,0.0,,,,
moving_only_8,348,0.001,train-mode backward before optimizer step,2.391995921529694,0.0,0.0,0.0052083334885537624,0.0,,,,
moving_only_8,349,0.001,train-mode backward before optimizer step,2.386127805899452,0.0,0.0,0.0052083334885537624,0.0,,,,
moving_only_8,350,0.001,train-mode backward before optimizer step,1.7849253501107323,0.0,0.0,0.0052083334885537624,0.0,26.599891662597656,1.0,1.0,49.5347785949707
moving_only_8,351,0.001,train-mode backward before optimizer step,1.649651729609413,0.0,0.0,0.0052083334885537624,0.0,,,,
moving_only_8,352,0.001,train-mode backward before optimizer step,2.102636653715603,0.0,0.0,0.0052083334885537624,0.0,,,,
moving_only_8,353,0.001,train-mode backward before optimizer step,2.287807624302697,0.0,0.0,0.0052083334885537624,0.0,,,,
moving_only_8,354,0.001,train-mode backward before optimizer step,2.005067912436853,0.0,0.0,0.0052083334885537624,0.0,,,,
moving_only_8,355,0.001,train-mode backward before optimizer step,2.638116115413356,0.0,0.0,0.0052083334885537624,0.0,,,,
moving_only_8,356,0.001,train-mode backward before optimizer step,1.7491333476406334,0.0,0.0,0.0052083334885537624,0.0,,,,
moving_only_8,357,0.001,train-mode backward before optimizer step,2.6981091761505445,0.0,0.0,0.0052083334885537624,0.0,,,,
moving_only_8,358,0.001,train-mode backward before optimizer step,1.5957350830552306,0.0,0.0,0.0052083334885537624,0.0,,,,
moving_only_8,359,0.001,train-mode backward before optimizer step,1.6061492125087824,0.0,0.0,0.0052083334885537624,0.0,,,,
moving_only_8,360,0.001,train-mode backward before optimizer step,2.000067795216238,0.0,0.0,0.0052083334885537624,0.0,27.45077133178711,1.0,1.0,49.5347785949707
moving_only_8,361,0.001,train-mode backward before optimizer step,1.9045219979306947,0.0,0.0,0.0052083334885537624,0.0,,,,
moving_only_8,362,0.001,train-mode backward before optimizer step,1.9390618989871793,0.0,0.0,0.0052083334885537624,0.0,,,,
moving_only_8,363,0.001,train-mode backward before optimizer step,2.4038885420654346,0.0,0.0,0.0052083334885537624,0.0,,,,
moving_only_8,364,0.001,train-mode backward before optimizer step,1.4840321925551014,0.0,0.0,0.0052083334885537624,0.0,,,,
moving_only_8,365,0.001,train-mode backward before optimizer step,1.6516602052336766,0.0,0.0,0.0052083334885537624,0.0,,,,
moving_only_8,366,0.001,train-mode backward before optimizer step,2.473939310519016,0.0,0.0,0.0052083334885537624,0.0,,,,
moving_only_8,367,0.001,train-mode backward before optimizer step,1.396586964128975,0.0,0.0,0.0052083334885537624,0.0,,,,
moving_only_8,368,0.001,train-mode backward before optimizer step,1.7451976577507349,0.0,0.0,0.0052083334885537624,0.0,,,,
moving_only_8,369,0.001,train-mode backward before optimizer step,1.885994755925448,0.0,0.0,0.0052083334885537624,0.0,,,,
moving_only_8,370,0.001,train-mode backward before optimizer step,1.4896845179504028,0.0,0.0,0.0052083334885537624,0.0,28.245817184448242,1.0,1.0,49.5347785949707
moving_only_8,371,0.001,train-mode backward before optimizer step,1.5965529581735471,0.0,0.0,0.0052083334885537624,0.0,,,,
moving_only_8,372,0.001,train-mode backward before optimizer step,1.899552634135432,0.0,0.0,0.0052083334885537624,0.0,,,,
moving_only_8,373,0.001,train-mode backward before optimizer step,1.5387592822969518,0.0,0.0,0.0052083334885537624,0.0,,,,
moving_only_8,374,0.001,train-mode backward before optimizer step,1.849720348632991,0.0,0.0,0.0052083334885537624,0.0,,,,
moving_only_8,375,0.001,train-mode backward before optimizer step,1.6897892742395397,0.0,0.0,0.0052083334885537624,0.0,,,,
moving_only_8,376,0.001,train-mode backward before optimizer step,1.8463740612887136,0.0,0.0,0.0052083334885537624,0.0,,,,
moving_only_8,377,0.001,train-mode backward before optimizer step,1.4345855267137764,0.0,0.0,0.0052083334885537624,0.0,,,,
moving_only_8,378,0.001,train-mode backward before optimizer step,1.8545735600409674,0.0,0.0,0.0052083334885537624,0.0,,,,
moving_only_8,379,0.001,train-mode backward before optimizer step,1.321326099735984,0.0,0.0,0.0052083334885537624,0.0,,,,
moving_only_8,380,0.001,train-mode backward before optimizer step,2.014330238141295,0.0,0.0,0.0052083334885537624,0.0,29.0203857421875,1.0,1.0,49.5347785949707
moving_only_8,381,0.001,train-mode backward before optimizer step,1.4724328866093235,0.0,0.0,0.0052083334885537624,0.0,,,,
moving_only_8,382,0.001,train-mode backward before optimizer step,1.462981852006056,0.0,0.0,0.0052083334885537624,0.0,,,,
moving_only_8,383,0.001,train-mode backward before optimizer step,1.7513749594774752,0.0,0.0,0.0052083334885537624,0.0,,,,
moving_only_8,384,0.001,train-mode backward before optimizer step,1.5809886355333882,0.0,0.0,0.0052083334885537624,0.0,,,,
moving_only_8,385,0.001,train-mode backward before optimizer step,1.3204387825938113,0.0,0.0,0.0052083334885537624,0.0,,,,
moving_only_8,386,0.001,train-mode backward before optimizer step,1.7512178525364654,0.0,0.0,0.0052083334885537624,0.0,,,,
moving_only_8,387,0.001,train-mode backward before optimizer step,1.4297570689837202,0.0,0.0,0.0052083334885537624,0.0,,,,
moving_only_8,388,0.001,train-mode backward before optimizer step,1.9511210540370898,0.0,0.0,0.0052083334885537624,0.0,,,,
moving_only_8,389,0.001,train-mode backward before optimizer step,2.114941989111217,0.0,0.0,0.0052083334885537624,0.0,,,,
moving_only_8,390,0.001,train-mode backward before optimizer step,1.292365591618084,0.0,0.0,0.0052083334885537624,0.0,29.748517990112305,1.0,1.0,49.5347785949707
moving_only_8,391,0.001,train-mode backward before optimizer step,2.3068766133827316,0.0,0.0,0.0052083334885537624,0.0,,,,
moving_only_8,392,0.001,train-mode backward before optimizer step,2.276201333988898,0.0,0.0,0.0052083334885537624,0.0,,,,
moving_only_8,393,0.001,train-mode backward before optimizer step,1.4176146190035113,0.0,0.0,0.0052083334885537624,0.0,,,,
moving_only_8,394,0.001,train-mode backward before optimizer step,1.8256258580783653,0.0,0.0,0.0052083334885537624,0.0,,,,
moving_only_8,395,0.001,train-mode backward before optimizer step,1.854221370778344,0.0,0.0,0.0052083334885537624,0.0,,,,
moving_only_8,396,0.001,train-mode backward before optimizer step,1.6397091088395515,0.0,0.0,0.0052083334885537624,0.0,,,,
moving_only_8,397,0.001,train-mode backward before optimizer step,1.2018507560414935,0.0,0.0,0.0052083334885537624,0.0,,,,
moving_only_8,398,0.001,train-mode backward before optimizer step,2.618325508455996,0.0,0.0,0.0052083334885537624,0.0,,,,
moving_only_8,399,0.001,train-mode backward before optimizer step,1.4032410515292,0.0,0.0,0.0052083334885537624,0.0,,,,
moving_only_8,400,0.001,train-mode backward before optimizer step,1.2682110240563056,0.0,0.0,0.0052083334885537624,0.0,30.67421531677246,1.0,1.0,49.5347785949707
moving_only_8,401,0.001,train-mode backward before optimizer step,1.5628958276491427,0.0,0.0,0.0052083334885537624,0.0,,,,
moving_only_8,402,0.001,train-mode backward before optimizer step,1.3915758816237789,0.0,0.0,0.0052083334885537624,0.0,,,,
moving_only_8,403,0.001,train-mode backward before optimizer step,1.5080922163874284,0.0,0.0,0.0052083334885537624,0.0,,,,
moving_only_8,404,0.001,train-mode backward before optimizer step,1.5764434523547615,0.0,0.0,0.0052083334885537624,0.0,,,,
moving_only_8,405,0.001,train-mode backward before optimizer step,2.2102924611552863,0.0,0.0,0.0052083334885537624,0.0,,,,
moving_only_8,406,0.001,train-mode backward before optimizer step,1.3102187293877638,0.0,0.0,0.0052083334885537624,0.0,,,,
moving_only_8,407,0.001,train-mode backward before optimizer step,1.3373324719985873,0.0,0.0,0.0052083334885537624,0.0,,,,
moving_only_8,408,0.001,train-mode backward before optimizer step,1.9749989838478421,0.0,0.0,0.0052083334885537624,0.0,,,,
moving_only_8,409,0.001,train-mode backward before optimizer step,1.5040583989112795,0.0,0.0,0.0052083334885537624,0.0,,,,
moving_only_8,410,0.001,train-mode backward before optimizer step,1.6519126834658875,0.0,0.0,0.0052083334885537624,0.0,31.436716079711914,1.0,1.0,49.5347785949707
moving_only_8,411,0.001,train-mode backward before optimizer step,2.3265882379850473,0.0,0.0,0.0052083334885537624,0.0,,,,
moving_only_8,412,0.001,train-mode backward before optimizer step,1.5977343793716068,0.0,0.0,0.0052083334885537624,0.0,,,,
moving_only_8,413,0.001,train-mode backward before optimizer step,1.5223542437122919,0.0,0.0,0.0052083334885537624,0.0,,,,
moving_only_8,414,0.001,train-mode backward before optimizer step,2.1007168931044284,0.0,0.0,0.0052083334885537624,0.0,,,,
moving_only_8,415,0.001,train-mode backward before optimizer step,1.9639997246780063,0.0,0.0,0.0052083334885537624,0.0,,,,
moving_only_8,416,0.001,train-mode backward before optimizer step,1.4939003377181463,0.0,0.0,0.0052083334885537624,0.0,,,,
moving_only_8,417,0.001,train-mode backward before optimizer step,1.5320347540137844,0.0,0.0,0.0052083334885537624,0.0,,,,
moving_only_8,418,0.001,train-mode backward before optimizer step,2.331323749514074,0.0,0.0,0.0052083334885537624,0.0,,,,
moving_only_8,419,0.001,train-mode backward before optimizer step,1.4280097114821744,0.0,0.0,0.0052083334885537624,0.0,,,,
moving_only_8,420,0.001,train-mode backward before optimizer step,1.4272981031570462,0.0,0.0,0.0052083334885537624,0.0,32.26736831665039,1.0,1.0,49.5347785949707
moving_only_8,421,0.001,train-mode backward before optimizer step,2.10379327774891,0.0,0.0,0.0052083334885537624,0.0,,,,
moving_only_8,422,0.001,train-mode backward before optimizer step,1.6082914930184122,0.0,0.0,0.0052083334885537624,0.0,,,,
moving_only_8,423,0.001,train-mode backward before optimizer step,1.521704255697127,0.0,0.0,0.0052083334885537624,0.0,,,,
moving_only_8,424,0.001,train-mode backward before optimizer step,2.514461709715959,0.0,0.0,0.0052083334885537624,0.0,,,,
moving_only_8,425,0.001,train-mode backward before optimizer step,2.6177403439819056,0.0,0.0,0.0052083334885537624,0.0,,,,
moving_only_8,426,0.001,train-mode backward before optimizer step,1.6291350626221313,0.0,0.0,0.0052083334885537624,0.0,,,,
moving_only_8,427,0.001,train-mode backward before optimizer step,1.95462619817293,0.0,0.0,0.0052083334885537624,0.0,,,,
moving_only_8,428,0.001,train-mode backward before optimizer step,2.5637144285185998,0.0,0.0,0.0052083334885537624,0.0,,,,
moving_only_8,429,0.001,train-mode backward before optimizer step,2.110782261638782,0.0,0.0,0.0052083334885537624,0.0,,,,
moving_only_8,430,0.001,train-mode backward before optimizer step,1.3516248517905736,0.0,0.0,0.0052083334885537624,0.0,33.025394439697266,1.0,1.0,49.5347785949707
moving_only_8,431,0.001,train-mode backward before optimizer step,1.4041287733039913,0.0,0.0,0.0052083334885537624,0.0,,,,
moving_only_8,432,0.001,train-mode backward before optimizer step,2.9476110762365555,0.0,0.0,0.0052083334885537624,0.0,,,,
moving_only_8,433,0.001,train-mode backward before optimizer step,1.7202524761239648,0.0,0.0,0.0052083334885537624,0.0,,,,
moving_only_8,434,0.001,train-mode backward before optimizer step,1.203349627537928,0.0,0.0,0.0052083334885537624,0.0,,,,
moving_only_8,435,0.001,train-mode backward before optimizer step,1.6360505731122277,0.0,0.0,0.0052083334885537624,0.0,,,,
moving_only_8,436,0.001,train-mode backward before optimizer step,1.7536948111401893,0.0,0.0,0.0052083334885537624,0.0,,,,
moving_only_8,437,0.001,train-mode backward before optimizer step,1.7809118734026406,0.0,0.0,0.0052083334885537624,0.0,,,,
moving_only_8,438,0.001,train-mode backward before optimizer step,1.3819578519668554,0.0,0.0,0.0052083334885537624,0.0,,,,
moving_only_8,439,0.001,train-mode backward before optimizer step,1.828011225212671,0.0,0.0,0.0052083334885537624,0.0,,,,
moving_only_8,440,0.001,train-mode backward before optimizer step,2.1466456902514772,0.0,0.0,0.0052083334885537624,0.0,33.45685958862305,1.0,1.0,49.5347785949707
moving_only_8,441,0.001,train-mode backward before optimizer step,1.5393002845661867,0.0,0.0,0.0052083334885537624,0.0,,,,
moving_only_8,442,0.001,train-mode backward before optimizer step,1.2378739304201758,0.0,0.0,0.0052083334885537624,0.0,,,,
moving_only_8,443,0.001,train-mode backward before optimizer step,1.7141614956880034,0.0,0.0,0.0052083334885537624,0.0,,,,
moving_only_8,444,0.001,train-mode backward before optimizer step,1.650096260524623,0.0,0.0,0.0052083334885537624,0.0,,,,
moving_only_8,445,0.001,train-mode backward before optimizer step,1.9010734716360482,0.0,0.0,0.0052083334885537624,0.0,,,,
moving_only_8,446,0.001,train-mode backward before optimizer step,1.3559727120760303,0.0,0.0,0.0052083334885537624,0.0,,,,
moving_only_8,447,0.001,train-mode backward before optimizer step,2.1319490628196607,0.0,0.0,0.0052083334885537624,0.0,,,,
moving_only_8,448,0.001,train-mode backward before optimizer step,1.7449124680462826,0.0,0.0,0.0052083334885537624,0.0,,,,
moving_only_8,449,0.001,train-mode backward before optimizer step,1.743698541841263,0.0,0.0,0.0052083334885537624,0.0,,,,
moving_only_8,450,0.001,train-mode backward before optimizer step,1.2680964585827648,0.0,0.0,0.0052083334885537624,0.0,34.08238983154297,1.0,1.0,49.5347785949707
moving_only_8,451,0.001,train-mode backward before optimizer step,1.2889773092634327,0.0,0.0,0.0052083334885537624,0.0,,,,
moving_only_8,452,0.001,train-mode backward before optimizer step,1.1205685000709757,0.0,0.0,0.0052083334885537624,0.0,,,,
moving_only_8,453,0.001,train-mode backward before optimizer step,1.1551198478788858,0.0,0.0,0.0052083334885537624,0.0,,,,
moving_only_8,454,0.001,train-mode backward before optimizer step,1.376257153376529,0.0,0.0,0.0052083334885537624,0.0,,,,
moving_only_8,455,0.001,train-mode backward before optimizer step,1.3200186116913613,0.0,0.0,0.0052083334885537624,0.0,,,,
moving_only_8,456,0.001,train-mode backward before optimizer step,1.2732260087391083,0.0,0.0,0.0052083334885537624,0.0,,,,
moving_only_8,457,0.001,train-mode backward before optimizer step,1.406035082761923,0.0,0.0,0.0052083334885537624,0.0,,,,
moving_only_8,458,0.001,train-mode backward before optimizer step,1.2553147862609284,0.0,0.0,0.0052083334885537624,0.0,,,,
moving_only_8,459,0.001,train-mode backward before optimizer step,1.2987315293741821,0.0,0.0,0.0052083334885537624,0.0,,,,
moving_only_8,460,0.001,train-mode backward before optimizer step,1.9088642509159153,0.0,0.0,0.0052083334885537624,0.0,34.3441276550293,1.0,1.0,49.5347785949707
moving_only_8,461,0.001,train-mode backward before optimizer step,1.3205405557528065,0.0,0.0,0.0052083334885537624,0.0,,,,
moving_only_8,462,0.001,train-mode backward before optimizer step,1.2670687671023615,0.0,0.0,0.0052083334885537624,0.0,,,,
moving_only_8,463,0.001,train-mode backward before optimizer step,2.1011217065624104,0.0,0.0,0.0052083334885537624,0.0,,,,
moving_only_8,464,0.001,train-mode backward before optimizer step,1.6274358157381241,0.0,0.0,0.0052083334885537624,0.0,,,,
moving_only_8,465,0.001,train-mode backward before optimizer step,1.6598816281110647,0.0,0.0,0.0052083334885537624,0.0,,,,
moving_only_8,466,0.001,train-mode backward before optimizer step,1.7164507818888037,0.0,0.0,0.0052083334885537624,0.0,,,,
moving_only_8,467,0.001,train-mode backward before optimizer step,1.7654329007769236,0.0,0.0,0.0052083334885537624,0.0,,,,
moving_only_8,468,0.001,train-mode backward before optimizer step,1.2319249946641202,0.0,0.0,0.0052083334885537624,0.0,,,,
moving_only_8,469,0.001,train-mode backward before optimizer step,1.4732856984149552,0.0,0.0,0.0052083334885537624,0.0,,,,
moving_only_8,470,0.001,train-mode backward before optimizer step,1.8291421231718377,0.0,0.0,0.0052083334885537624,0.0,34.73374938964844,1.0,1.0,49.5347785949707
moving_only_8,471,0.001,train-mode backward before optimizer step,1.4891911200519679,0.0,0.0,0.0052083334885537624,0.0,,,,
moving_only_8,472,0.001,train-mode backward before optimizer step,1.6891814418407582,0.0,0.0,0.0052083334885537624,0.0,,,,
moving_only_8,473,0.001,train-mode backward before optimizer step,1.2689419280652827,0.0,0.0,0.0052083334885537624,0.0,,,,
moving_only_8,474,0.001,train-mode backward before optimizer step,1.4744179552076973,0.0,0.0,0.0052083334885537624,0.0,,,,
moving_only_8,475,0.001,train-mode backward before optimizer step,1.1965578686437701,0.0,0.0,0.0052083334885537624,0.0,,,,
moving_only_8,476,0.001,train-mode backward before optimizer step,1.5130050930524934,0.0,0.0,0.0052083334885537624,0.0,,,,
moving_only_8,477,0.001,train-mode backward before optimizer step,1.6150146602092446,0.0,0.0,0.0052083334885537624,0.0,,,,
moving_only_8,478,0.001,train-mode backward before optimizer step,1.3229692310204488,0.0,0.0,0.0052083334885537624,0.0,,,,
moving_only_8,479,0.001,train-mode backward before optimizer step,1.4699869773993093,0.0,0.0,0.0052083334885537624,0.0,,,,
moving_only_8,480,0.001,train-mode backward before optimizer step,1.3215666407617588,0.0,0.0,0.0052083334885537624,0.0,35.61644744873047,1.0,1.0,49.5347785949707
moving_only_8,481,0.001,train-mode backward before optimizer step,1.5027870705879725,0.0,0.0,0.0052083334885537624,0.0,,,,
moving_only_8,482,0.001,train-mode backward before optimizer step,1.2216959229504285,0.0,0.0,0.0052083334885537624,0.0,,,,
moving_only_8,483,0.001,train-mode backward before optimizer step,1.1544762986796675,0.0,0.0,0.0052083334885537624,0.0,,,,
moving_only_8,484,0.001,train-mode backward before optimizer step,1.494772225734243,0.0,0.0,0.0052083334885537624,0.0,,,,
moving_only_8,485,0.001,train-mode backward before optimizer step,1.3739684616790866,0.0,0.0,0.0052083334885537624,0.0,,,,
moving_only_8,486,0.001,train-mode backward before optimizer step,2.008869690133832,0.0,0.0,0.0052083334885537624,0.0,,,,
moving_only_8,487,0.001,train-mode backward before optimizer step,1.540216121976315,0.0,0.0,0.0052083334885537624,0.0,,,,
moving_only_8,488,0.001,train-mode backward before optimizer step,1.4927995204435311,0.0,0.0,0.0052083334885537624,0.0,,,,
moving_only_8,489,0.001,train-mode backward before optimizer step,1.944143056098685,0.0,0.0,0.0052083334885537624,0.0,,,,
moving_only_8,490,0.001,train-mode backward before optimizer step,1.7785252182109348,0.0,0.0,0.0052083334885537624,0.0,36.1549186706543,1.0,1.0,49.5347785949707
moving_only_8,491,0.001,train-mode backward before optimizer step,1.9048799528749107,0.0,0.0,0.0052083334885537624,0.0,,,,
moving_only_8,492,0.001,train-mode backward before optimizer step,1.3911383718811403,0.0,0.0,0.0052083334885537624,0.0,,,,
moving_only_8,493,0.001,train-mode backward before optimizer step,1.1817529815979269,0.0,0.0,0.0052083334885537624,0.0,,,,
moving_only_8,494,0.001,train-mode backward before optimizer step,1.3822305815208524,0.0,0.0,0.0052083334885537624,0.0,,,,
moving_only_8,495,0.001,train-mode backward before optimizer step,1.472310506899791,0.0,0.0,0.0052083334885537624,0.0,,,,
moving_only_8,496,0.001,train-mode backward before optimizer step,1.4163610558759598,0.0,0.0,0.0052083334885537624,0.0,,,,
moving_only_8,497,0.001,train-mode backward before optimizer step,1.7516727632160616,0.0,0.0,0.0052083334885537624,0.0,,,,
moving_only_8,498,0.001,train-mode backward before optimizer step,1.8385742450856408,0.0,0.0,0.0052083334885537624,0.0,,,,
moving_only_8,499,0.001,train-mode backward before optimizer step,1.1438913987233164,0.0,0.0,0.0052083334885537624,0.0,,,,
moving_only_8,500,0.001,train-mode backward before optimizer step,1.4680606233780955,0.0,0.0,0.0052083334885537624,0.0,36.215110778808594,1.0,1.0,49.5347785949707
moving_only_8,501,0.001,train-mode backward before optimizer step,1.440415829418699,0.0,0.0,0.0052083334885537624,0.0,,,,
moving_only_8,502,0.001,train-mode backward before optimizer step,1.3267527701053081,0.0,0.0,0.0052083334885537624,0.0,,,,
moving_only_8,503,0.001,train-mode backward before optimizer step,1.6720666425104398,0.0,0.0,0.0052083334885537624,0.0,,,,
moving_only_8,504,0.001,train-mode backward before optimizer step,2.418672049567311,0.0,0.0,0.0052083334885537624,0.0,,,,
moving_only_8,505,0.001,train-mode backward before optimizer step,1.3409554476275736,0.0,0.0,0.0052083334885537624,0.0,,,,
moving_only_8,506,0.001,train-mode backward before optimizer step,1.3699386858370015,0.0,0.0,0.0052083334885537624,0.0,,,,
moving_only_8,507,0.001,train-mode backward before optimizer step,1.5381872775283416,0.0,0.0,0.0052083334885537624,0.0,,,,
moving_only_8,508,0.001,train-mode backward before optimizer step,1.7791837257254215,0.0,0.0,0.0052083334885537624,0.0,,,,
moving_only_8,509,0.001,train-mode backward before optimizer step,1.2451442437495333,0.0,0.0,0.0052083334885537624,0.0,,,,
moving_only_8,510,0.001,train-mode backward before optimizer step,1.823342551768307,0.0,0.0,0.0052083334885537624,0.0,36.40695571899414,1.0,1.0,49.5347785949707
moving_only_8,511,0.001,train-mode backward before optimizer step,1.8857907242020444,0.0,0.0,0.0052083334885537624,0.0,,,,
moving_only_8,512,0.001,train-mode backward before optimizer step,1.4872105371785382,0.0,0.0,0.0052083334885537624,0.0,,,,
moving_only_8,513,0.001,train-mode backward before optimizer step,1.1887769952040503,0.0,0.0,0.0052083334885537624,0.0,,,,
moving_only_8,514,0.001,train-mode backward before optimizer step,2.054134422485756,0.0,0.0,0.0052083334885537624,0.0,,,,
moving_only_8,515,0.001,train-mode backward before optimizer step,1.8797351587003504,0.0,0.0,0.0052083334885537624,0.0,,,,
moving_only_8,516,0.001,train-mode backward before optimizer step,1.906479663686371,0.0,0.0,0.0052083334885537624,0.0,,,,
moving_only_8,517,0.001,train-mode backward before optimizer step,1.9714414856777893,0.0,0.0,0.0052083334885537624,0.0,,,,
moving_only_8,518,0.001,train-mode backward before optimizer step,1.5102255606739368,0.0,0.0,0.0052083334885537624,0.0,,,,
moving_only_8,519,0.001,train-mode backward before optimizer step,1.7781226507957657,0.0,0.0,0.0052083334885537624,0.0,,,,
moving_only_8,520,0.001,train-mode backward before optimizer step,1.4087517902404068,0.0,0.0,0.0052083334885537624,0.0,37.147682189941406,1.0,1.0,49.5347785949707
moving_only_8,521,0.001,train-mode backward before optimizer step,1.4469133865930548,0.0,0.0,0.0052083334885537624,0.0,,,,
moving_only_8,522,0.001,train-mode backward before optimizer step,2.6726745350149512,0.0,0.0,0.0052083334885537624,0.0,,,,
moving_only_8,523,0.001,train-mode backward before optimizer step,1.5311781951821193,0.0,0.0,0.0052083334885537624,0.0,,,,
moving_only_8,524,0.001,train-mode backward before optimizer step,2.039076222573796,0.0,0.0,0.0052083334885537624,0.0,,,,
moving_only_8,525,0.001,train-mode backward before optimizer step,1.3632454634980067,0.0,0.0,0.0052083334885537624,0.0,,,,
moving_only_8,526,0.001,train-mode backward before optimizer step,2.3004899024364898,0.0,0.0,0.0052083334885537624,0.0,,,,
moving_only_8,527,0.001,train-mode backward before optimizer step,1.6146122283270108,0.0,0.0,0.0052083334885537624,0.0,,,,
moving_only_8,528,0.001,train-mode backward before optimizer step,1.267602879450127,0.0,0.0,0.0052083334885537624,0.0,,,,
moving_only_8,529,0.001,train-mode backward before optimizer step,2.0285687155594747,0.0,0.0,0.0052083334885537624,0.0,,,,
moving_only_8,530,0.001,train-mode backward before optimizer step,2.1013249547626716,0.0,0.0,0.0052083334885537624,0.0,37.78848648071289,1.0,1.0,49.5347785949707
moving_only_8,531,0.001,train-mode backward before optimizer step,1.8341797700824467,0.0,0.0,0.0052083334885537624,0.0,,,,
moving_only_8,532,0.001,train-mode backward before optimizer step,1.5289478409971353,0.0,0.0,0.0052083334885537624,0.0,,,,
moving_only_8,533,0.001,train-mode backward before optimizer step,2.437702287317068,0.0,0.0,0.0052083334885537624,0.0,,,,
moving_only_8,534,0.001,train-mode backward before optimizer step,1.8117171426357672,0.0,0.0,0.0052083334885537624,0.0,,,,
moving_only_8,535,0.001,train-mode backward before optimizer step,1.437191935219038,0.0,0.0,0.0052083334885537624,0.0,,,,
moving_only_8,536,0.001,train-mode backward before optimizer step,1.7443419803387552,0.0,0.0,0.0052083334885537624,0.0,,,,
moving_only_8,537,0.001,train-mode backward before optimizer step,1.6102761031054182,0.0,0.0,0.0052083334885537624,0.0,,,,
moving_only_8,538,0.001,train-mode backward before optimizer step,1.352610150450406,0.0,0.0,0.0052083334885537624,0.0,,,,
moving_only_8,539,0.001,train-mode backward before optimizer step,2.178039550193351,0.0,0.0,0.0052083334885537624,0.0,,,,
moving_only_8,540,0.001,train-mode backward before optimizer step,1.6130552310737811,0.0,0.0,0.0052083334885537624,0.0,38.486358642578125,1.0,1.0,49.5347785949707
moving_only_8,541,0.001,train-mode backward before optimizer step,1.898389751355426,0.0,0.0,0.0052083334885537624,0.0,,,,
moving_only_8,542,0.001,train-mode backward before optimizer step,2.1419138999630243,0.0,0.0,0.0052083334885537624,0.0,,,,
moving_only_8,543,0.001,train-mode backward before optimizer step,1.4875929213445478,0.0,0.0,0.0052083334885537624,0.0,,,,
moving_only_8,544,0.001,train-mode backward before optimizer step,2.1477141566835107,0.0,0.0,0.0052083334885537624,0.0,,,,
moving_only_8,545,0.001,train-mode backward before optimizer step,2.284181559605331,0.0,0.0,0.0052083334885537624,0.0,,,,
moving_only_8,546,0.001,train-mode backward before optimizer step,2.4353931261915114,0.0,0.0,0.0052083334885537624,0.0,,,,
moving_only_8,547,0.001,train-mode backward before optimizer step,1.2659323266165095,0.0,0.0,0.0052083334885537624,0.0,,,,
moving_only_8,548,0.001,train-mode backward before optimizer step,1.7407685701661388,0.0,0.0,0.0052083334885537624,0.0,,,,
moving_only_8,549,0.001,train-mode backward before optimizer step,1.4756009249166873,0.0,0.0,0.0052083334885537624,0.0,,,,
moving_only_8,550,0.001,train-mode backward before optimizer step,1.208505286105125,0.0,0.0,0.0052083334885537624,0.0,39.026119232177734,1.0,1.0,49.5347785949707
moving_only_8,551,0.001,train-mode backward before optimizer step,2.022672889521306,0.0,0.0,0.0052083334885537624,0.0,,,,
moving_only_8,552,0.001,train-mode backward before optimizer step,2.748316031794088,0.0,0.0,0.0052083334885537624,0.0,,,,
moving_only_8,553,0.001,train-mode backward before optimizer step,1.5697178319036842,0.0,0.0,0.0052083334885537624,0.0,,,,
moving_only_8,554,0.001,train-mode backward before optimizer step,1.7239952929766118,0.0,0.0,0.0052083334885537624,0.0,,,,
moving_only_8,555,0.001,train-mode backward before optimizer step,2.687280710646202,0.0,0.0,0.0052083334885537624,0.0,,,,
moving_only_8,556,0.001,train-mode backward before optimizer step,2.3186911492850566,0.0,0.0,0.0052083334885537624,0.0,,,,
moving_only_8,557,0.001,train-mode backward before optimizer step,1.9580206731145116,0.0,0.0,0.0052083334885537624,0.0,,,,
moving_only_8,558,0.001,train-mode backward before optimizer step,2.0811714774847356,0.0,0.0,0.0052083334885537624,0.0,,,,
moving_only_8,559,0.001,train-mode backward before optimizer step,1.706577500992883,0.0,0.0,0.0052083334885537624,0.0,,,,
moving_only_8,560,0.001,train-mode backward before optimizer step,1.8461822898652975,0.0,0.0,0.0052083334885537624,0.0,39.26939010620117,1.0,1.0,49.5347785949707
moving_only_8,561,0.001,train-mode backward before optimizer step,1.532261614699992,0.0,0.0,0.0052083334885537624,0.0,,,,
moving_only_8,562,0.001,train-mode backward before optimizer step,1.419425683197744,0.0,0.0,0.0052083334885537624,0.0,,,,
moving_only_8,563,0.001,train-mode backward before optimizer step,1.3918349956590288,0.0,0.0,0.0052083334885537624,0.0,,,,
moving_only_8,564,0.001,train-mode backward before optimizer step,2.214386590798991,0.0,0.0,0.0052083334885537624,0.0,,,,
moving_only_8,565,0.001,train-mode backward before optimizer step,2.2881115674078853,0.0,0.0,0.0052083334885537624,0.0,,,,
moving_only_8,566,0.001,train-mode backward before optimizer step,2.250063949939881,0.0,0.0,0.0052083334885537624,0.0,,,,
moving_only_8,567,0.001,train-mode backward before optimizer step,1.5809231138994022,0.0,0.0,0.0052083334885537624,0.0,,,,
moving_only_8,568,0.001,train-mode backward before optimizer step,1.777297023222819,0.0,0.0,0.0052083334885537624,0.0,,,,
moving_only_8,569,0.001,train-mode backward before optimizer step,2.2971338465724505,0.0,0.0,0.0052083334885537624,0.0,,,,
moving_only_8,570,0.001,train-mode backward before optimizer step,2.0900042525753797,0.0,0.0,0.0052083334885537624,0.0,39.48480224609375,1.0,1.0,49.5347785949707
moving_only_8,571,0.001,train-mode backward before optimizer step,1.5212037783929517,0.0,0.0,0.0052083334885537624,0.0,,,,
moving_only_8,572,0.001,train-mode backward before optimizer step,2.5689139292975285,0.0,0.0,0.0052083334885537624,0.0,,,,
moving_only_8,573,0.001,train-mode backward before optimizer step,2.1650121236266804,0.0,0.0,0.0052083334885537624,0.0,,,,
moving_only_8,574,0.001,train-mode backward before optimizer step,1.8583294438283278,0.0,0.0,0.0052083334885537624,0.0,,,,
moving_only_8,575,0.001,train-mode backward before optimizer step,1.5615393239100608,0.0,0.0,0.0052083334885537624,0.0,,,,
moving_only_8,576,0.001,train-mode backward before optimizer step,2.2628436675309613,0.0,0.0,0.0052083334885537624,0.0,,,,
moving_only_8,577,0.001,train-mode backward before optimizer step,2.0491749999185296,0.0,0.0,0.0052083334885537624,0.0,,,,
moving_only_8,578,0.001,train-mode backward before optimizer step,1.5419397375882298,0.0,0.0,0.0052083334885537624,0.0,,,,
moving_only_8,579,0.001,train-mode backward before optimizer step,2.4606160697734647,0.0,0.0,0.0052083334885537624,0.0,,,,
moving_only_8,580,0.001,train-mode backward before optimizer step,2.5083752128212105,0.0,0.0,0.0052083334885537624,0.0,39.314693450927734,1.0,1.0,49.5347785949707
moving_only_8,581,0.001,train-mode backward before optimizer step,1.295808518027632,0.0,0.0,0.0052083334885537624,0.0,,,,
moving_only_8,582,0.001,train-mode backward before optimizer step,2.6626261516715033,0.0,0.0,0.0052083334885537624,0.0,,,,
moving_only_8,583,0.001,train-mode backward before optimizer step,2.7149670676628017,0.0,0.0,0.0052083334885537624,0.0,,,,
moving_only_8,584,0.001,train-mode backward before optimizer step,1.4384756666885867,0.0,0.0,0.0052083334885537624,0.0,,,,
moving_only_8,585,0.001,train-mode backward before optimizer step,1.2755084123110647,0.0,0.0,0.0052083334885537624,0.0,,,,
moving_only_8,586,0.001,train-mode backward before optimizer step,1.7698127210943317,0.0,0.0,0.0052083334885537624,0.0,,,,
moving_only_8,587,0.001,train-mode backward before optimizer step,1.583514885655809,0.0,0.0,0.0052083334885537624,0.0,,,,
moving_only_8,588,0.001,train-mode backward before optimizer step,1.3201536544621233,0.0,0.0,0.0052083334885537624,0.0,,,,
moving_only_8,589,0.001,train-mode backward before optimizer step,2.4030619685895345,0.0,0.0,0.0052083334885537624,0.0,,,,
moving_only_8,590,0.001,train-mode backward before optimizer step,1.8715536582390258,0.0,0.0,0.0052083334885537624,0.0,39.44482421875,1.0,1.0,49.5347785949707
moving_only_8,591,0.001,train-mode backward before optimizer step,1.8446211246269517,0.0,0.0,0.0052083334885537624,0.0,,,,
moving_only_8,592,0.001,train-mode backward before optimizer step,2.14620149284924,0.0,0.0,0.0052083334885537624,0.0,,,,
moving_only_8,593,0.001,train-mode backward before optimizer step,1.7684315924148575,0.0,0.0,0.0052083334885537624,0.0,,,,
moving_only_8,594,0.001,train-mode backward before optimizer step,1.4503071091563091,0.0,0.0,0.0052083334885537624,0.0,,,,
moving_only_8,595,0.001,train-mode backward before optimizer step,2.408184362090776,0.0,0.0,0.0052083334885537624,0.0,,,,
moving_only_8,596,0.001,train-mode backward before optimizer step,1.5181668449759576,0.0,0.0,0.0052083334885537624,0.0,,,,
moving_only_8,597,0.001,train-mode backward before optimizer step,1.5219049327936038,0.0,0.0,0.0052083334885537624,0.0,,,,
moving_only_8,598,0.001,train-mode backward before optimizer step,2.36761672547043,0.0,0.0,0.0052083334885537624,0.0,,,,
moving_only_8,599,0.001,train-mode backward before optimizer step,1.7261379181216499,0.0,0.0,0.0052083334885537624,0.0,,,,
moving_only_8,600,0.001,train-mode backward before optimizer step,1.679944715720105,0.0,0.0,0.0052083334885537624,0.0,39.60198211669922,1.0,1.0,49.5347785949707
moving_only_8,601,0.001,train-mode backward before optimizer step,1.4940374119675133,0.0,0.0,0.0052083334885537624,0.0,,,,
moving_only_8,602,0.001,train-mode backward before optimizer step,2.0398759976738106,0.0,0.0,0.0052083334885537624,0.0,,,,
moving_only_8,603,0.001,train-mode backward before optimizer step,1.638497661196239,0.0,0.0,0.0052083334885537624,0.0,,,,
moving_only_8,604,0.001,train-mode backward before optimizer step,2.122046614894483,0.0,0.0,0.0052083334885537624,0.0,,,,
moving_only_8,605,0.001,train-mode backward before optimizer step,2.1219139744505746,0.0,0.0,0.0052083334885537624,0.0,,,,
moving_only_8,606,0.001,train-mode backward before optimizer step,1.711706417036836,0.0,0.0,0.0052083334885537624,0.0,,,,
moving_only_8,607,0.001,train-mode backward before optimizer step,2.1107789421095435,0.0,0.0,0.0052083334885537624,0.0,,,,
moving_only_8,608,0.001,train-mode backward before optimizer step,2.1001986312017107,0.0,0.0,0.0052083334885537624,0.0,,,,
moving_only_8,609,0.001,train-mode backward before optimizer step,2.2165205933020506,0.0,0.0,0.0052083334885537624,0.0,,,,
moving_only_8,610,0.001,train-mode backward before optimizer step,1.6559148244503459,0.0,0.0,0.0052083334885537624,0.0,39.933441162109375,1.0,1.0,49.5347785949707
moving_only_8,611,0.001,train-mode backward before optimizer step,2.3930004461223886,0.0,0.0,0.0052083334885537624,0.0,,,,
moving_only_8,612,0.001,train-mode backward before optimizer step,1.7214006913749638,0.0,0.0,0.0052083334885537624,0.0,,,,
moving_only_8,613,0.001,train-mode backward before optimizer step,1.8248251487148783,0.0,0.0,0.0052083334885537624,0.0,,,,
moving_only_8,614,0.001,train-mode backward before optimizer step,1.6667133077657912,0.0,0.0,0.0052083334885537624,0.0,,,,
moving_only_8,615,0.001,train-mode backward before optimizer step,2.959549768963247,0.0,0.0,0.0052083334885537624,0.0,,,,
moving_only_8,616,0.001,train-mode backward before optimizer step,2.188344015542924,0.0,0.0,0.0052083334885537624,0.0,,,,
moving_only_8,617,0.001,train-mode backward before optimizer step,1.3246092488009313,0.0,0.0,0.0052083334885537624,0.0,,,,
moving_only_8,618,0.001,train-mode backward before optimizer step,2.4162252732498177,0.0,0.0,0.0052083334885537624,0.0,,,,
moving_only_8,619,0.001,train-mode backward before optimizer step,2.3357504876010484,0.0,0.0,0.0052083334885537624,0.0,,,,
moving_only_8,620,0.001,train-mode backward before optimizer step,2.1187586281167414,0.0,0.0,0.0052083334885537624,0.0,39.98017883300781,1.0,1.0,49.5347785949707
moving_only_8,621,0.001,train-mode backward before optimizer step,2.2956951693957905,0.0,0.0,0.0052083334885537624,0.0,,,,
moving_only_8,622,0.001,train-mode backward before optimizer step,2.1170999906226604,0.0,0.0,0.0052083334885537624,0.0,,,,
moving_only_8,623,0.001,train-mode backward before optimizer step,2.0293364652613697,0.0,0.0,0.0052083334885537624,0.0,,,,
moving_only_8,624,0.001,train-mode backward before optimizer step,1.23932644550781,0.0,0.0,0.0052083334885537624,0.0,,,,
moving_only_8,625,0.001,train-mode backward before optimizer step,1.3172797100577,0.0,0.0,0.0052083334885537624,0.0,,,,
moving_only_8,626,0.001,train-mode backward before optimizer step,1.979676147814453,0.0,0.0,0.0052083334885537624,0.0,,,,
moving_only_8,627,0.001,train-mode backward before optimizer step,1.8590352420717302,0.0,0.0,0.0052083334885537624,0.0,,,,
moving_only_8,628,0.001,train-mode backward before optimizer step,1.9844033716716332,0.0,0.0,0.0052083334885537624,0.0,,,,
moving_only_8,629,0.001,train-mode backward before optimizer step,2.0055599534500392,0.0,0.0,0.0052083334885537624,0.0,,,,
moving_only_8,630,0.001,train-mode backward before optimizer step,1.5576142990636925,0.0,0.0,0.0052083334885537624,0.0,40.12071228027344,1.0,1.0,49.5347785949707
moving_only_8,631,0.001,train-mode backward before optimizer step,1.5527498768000978,0.0,0.0,0.0052083334885537624,0.0,,,,
moving_only_8,632,0.001,train-mode backward before optimizer step,1.4801783786991618,0.0,0.0,0.0052083334885537624,0.0,,,,
moving_only_8,633,0.001,train-mode backward before optimizer step,1.562761440535924,0.0,0.0,0.0052083334885537624,0.0,,,,
moving_only_8,634,0.001,train-mode backward before optimizer step,1.8796791495041427,0.0,0.0,0.0052083334885537624,0.0,,,,
moving_only_8,635,0.001,train-mode backward before optimizer step,2.1786281904327383,0.0,0.0,0.0052083334885537624,0.0,,,,
moving_only_8,636,0.001,train-mode backward before optimizer step,2.2830716025211344,0.0,0.0,0.0052083334885537624,0.0,,,,
moving_only_8,637,0.001,train-mode backward before optimizer step,1.4981039509036518,0.0,0.0,0.0052083334885537624,0.0,,,,
moving_only_8,638,0.001,train-mode backward before optimizer step,1.8310536336423484,0.0,0.0,0.0052083334885537624,0.0,,,,
moving_only_8,639,0.001,train-mode backward before optimizer step,2.4202830129121247,0.0,0.0,0.0052083334885537624,0.0,,,,
moving_only_8,640,0.001,train-mode backward before optimizer step,1.4105621404532858,0.0,0.0,0.0052083334885537624,0.0,40.116851806640625,1.0,1.0,49.5347785949707
moving_only_8,641,0.001,train-mode backward before optimizer step,1.8064091882768547,0.0,0.0,0.0052083334885537624,0.0,,,,
moving_only_8,642,0.001,train-mode backward before optimizer step,1.9652343135270407,0.0,0.0,0.0052083334885537624,0.0,,,,
moving_only_8,643,0.001,train-mode backward before optimizer step,2.9124611223854577,0.0,0.0,0.0052083334885537624,0.0,,,,
moving_only_8,644,0.001,train-mode backward before optimizer step,2.2130463866001358,0.0,0.0,0.0052083334885537624,0.0,,,,
moving_only_8,645,0.001,train-mode backward before optimizer step,1.8967064712919013,0.0,0.0,0.0052083334885537624,0.0,,,,
moving_only_8,646,0.001,train-mode backward before optimizer step,2.84462387066146,0.0,0.0,0.0052083334885537624,0.0,,,,
moving_only_8,647,0.001,train-mode backward before optimizer step,2.598526941025662,0.0,0.0,0.0052083334885537624,0.0,,,,
moving_only_8,648,0.001,train-mode backward before optimizer step,2.2801173078793284,0.0,0.0,0.0052083334885537624,0.0,,,,
moving_only_8,649,0.001,train-mode backward before optimizer step,1.6631017251534055,0.0,0.0,0.0052083334885537624,0.0,,,,
moving_only_8,650,0.001,train-mode backward before optimizer step,2.7208309166510416,0.0,0.0,0.0052083334885537624,0.0,40.37650680541992,1.0,1.0,49.5347785949707
moving_only_8,651,0.001,train-mode backward before optimizer step,3.298456695192634,0.0,0.0,0.0052083334885537624,0.0,,,,
moving_only_8,652,0.001,train-mode backward before optimizer step,1.888256394952059,0.0,0.0,0.0052083334885537624,0.0,,,,
moving_only_8,653,0.001,train-mode backward before optimizer step,2.3160496862316498,0.0,0.0,0.0052083334885537624,0.0,,,,
moving_only_8,654,0.001,train-mode backward before optimizer step,2.560902656810589,0.0,0.0,0.0052083334885537624,0.0,,,,
moving_only_8,655,0.001,train-mode backward before optimizer step,1.8100318685860797,0.0,0.0,0.0052083334885537624,0.0,,,,
moving_only_8,656,0.001,train-mode backward before optimizer step,1.833105970109647,0.0,0.0,0.0052083334885537624,0.0,,,,
moving_only_8,657,0.001,train-mode backward before optimizer step,1.4314391611167074,0.0,0.0,0.0052083334885537624,0.0,,,,
moving_only_8,658,0.001,train-mode backward before optimizer step,1.8802695554043578,0.0,0.0,0.0052083334885537624,0.0,,,,
moving_only_8,659,0.001,train-mode backward before optimizer step,2.1019557956612243,0.0,0.0,0.0052083334885537624,0.0,,,,
moving_only_8,660,0.001,train-mode backward before optimizer step,1.93593517378287,0.0,0.0,0.0052083334885537624,0.0,40.58830642700195,1.0,1.0,49.5347785949707
moving_only_8,661,0.001,train-mode backward before optimizer step,1.7142405132107525,0.0,0.0,0.0052083334885537624,0.0,,,,
moving_only_8,662,0.001,train-mode backward before optimizer step,2.021848447559697,0.0,0.0,0.0052083334885537624,0.0,,,,
moving_only_8,663,0.001,train-mode backward before optimizer step,1.7319615827812802,0.0,0.0,0.0052083334885537624,0.0,,,,
moving_only_8,664,0.001,train-mode backward before optimizer step,1.958720163882235,0.0,0.0,0.0052083334885537624,0.0,,,,
moving_only_8,665,0.001,train-mode backward before optimizer step,1.671561962561673,0.0,0.0,0.0052083334885537624,0.0,,,,
moving_only_8,666,0.001,train-mode backward before optimizer step,2.3106749841649257,0.0,0.0,0.0052083334885537624,0.0,,,,
moving_only_8,667,0.001,train-mode backward before optimizer step,1.9955321085987325,0.0,0.0,0.0052083334885537624,0.0,,,,
moving_only_8,668,0.001,train-mode backward before optimizer step,1.4633121955383426,0.0,0.0,0.0052083334885537624,0.0,,,,
moving_only_8,669,0.001,train-mode backward before optimizer step,1.8932171976132506,0.0,0.0,0.0052083334885537624,0.0,,,,
moving_only_8,670,0.001,train-mode backward before optimizer step,1.4726038798574403,0.0,0.0,0.0052083334885537624,0.0,40.769287109375,1.0,1.0,49.5347785949707
moving_only_8,671,0.001,train-mode backward before optimizer step,1.6629902522396451,0.0,0.0,0.0052083334885537624,0.0,,,,
moving_only_8,672,0.001,train-mode backward before optimizer step,1.9890706749616565,0.0,0.0,0.0052083334885537624,0.0,,,,
moving_only_8,673,0.001,train-mode backward before optimizer step,1.4902728027936014,0.0,0.0,0.0052083334885537624,0.0,,,,
moving_only_8,674,0.001,train-mode backward before optimizer step,1.4160350768357495,0.0,0.0,0.0052083334885537624,0.0,,,,
moving_only_8,675,0.001,train-mode backward before optimizer step,1.2924057651364593,0.0,0.0,0.0052083334885537624,0.0,,,,
moving_only_8,676,0.001,train-mode backward before optimizer step,1.7281311857401376,0.0,0.0,0.0052083334885537624,0.0,,,,
moving_only_8,677,0.001,train-mode backward before optimizer step,1.4066506171674966,0.0,0.0,0.0052083334885537624,0.0,,,,
moving_only_8,678,0.001,train-mode backward before optimizer step,1.6417335997861722,0.0,0.0,0.0052083334885537624,0.0,,,,
moving_only_8,679,0.001,train-mode backward before optimizer step,1.9153921073471394,0.0,0.0,0.0052083334885537624,0.0,,,,
moving_only_8,680,0.001,train-mode backward before optimizer step,2.139273220109495,0.0,0.0,0.0052083334885537624,0.0,40.89879608154297,1.0,1.0,49.5347785949707
moving_only_8,681,0.001,train-mode backward before optimizer step,1.6910094810199336,0.0,0.0,0.0052083334885537624,0.0,,,,
moving_only_8,682,0.001,train-mode backward before optimizer step,1.7922628071644189,0.0,0.0,0.0052083334885537624,0.0,,,,
moving_only_8,683,0.001,train-mode backward before optimizer step,1.7042259153512636,0.0,0.0,0.0052083334885537624,0.0,,,,
moving_only_8,684,0.001,train-mode backward before optimizer step,1.5777167248975061,0.0,0.0,0.0052083334885537624,0.0,,,,
moving_only_8,685,0.001,train-mode backward before optimizer step,1.6528801676346099,0.0,0.0,0.0052083334885537624,0.0,,,,
moving_only_8,686,0.001,train-mode backward before optimizer step,1.814161247688121,0.0,0.0,0.0052083334885537624,0.0,,,,
moving_only_8,687,0.001,train-mode backward before optimizer step,1.4397342286879282,0.0,0.0,0.0052083334885537624,0.0,,,,
moving_only_8,688,0.001,train-mode backward before optimizer step,1.9948030569492432,0.0,0.0,0.0052083334885537624,0.0,,,,
moving_only_8,689,0.001,train-mode backward before optimizer step,2.0743156815330135,0.0,0.0,0.0052083334885537624,0.0,,,,
moving_only_8,690,0.001,train-mode backward before optimizer step,1.631309357087648,0.0,0.0,0.0052083334885537624,0.0,41.11440658569336,1.0,1.0,49.5347785949707
moving_only_8,691,0.001,train-mode backward before optimizer step,2.1072675353959016,0.0,0.0,0.0052083334885537624,0.0,,,,
moving_only_8,692,0.001,train-mode backward before optimizer step,2.23024813650875,0.0,0.0,0.0052083334885537624,0.0,,,,
moving_only_8,693,0.001,train-mode backward before optimizer step,1.6050004653188168,0.0,0.0,0.0052083334885537624,0.0,,,,
moving_only_8,694,0.001,train-mode backward before optimizer step,1.6522806494119522,0.0,0.0,0.0052083334885537624,0.0,,,,
moving_only_8,695,0.001,train-mode backward before optimizer step,1.8426290529486917,0.0,0.0,0.0052083334885537624,0.0,,,,
moving_only_8,696,0.001,train-mode backward before optimizer step,1.6609189331636784,0.0,0.0,0.0052083334885537624,0.0,,,,
moving_only_8,697,0.001,train-mode backward before optimizer step,1.6080884069323615,0.0,0.0,0.0052083334885537624,0.0,,,,
moving_only_8,698,0.001,train-mode backward before optimizer step,1.808744511476882,0.0,0.0,0.0052083334885537624,0.0,,,,
moving_only_8,699,0.001,train-mode backward before optimizer step,1.6896124135652804,0.0,0.0,0.0052083334885537624,0.0,,,,
moving_only_8,700,0.001,train-mode backward before optimizer step,1.6113400534177291,0.0,0.0,0.0052083334885537624,0.0,41.2518196105957,1.0,1.0,49.5347785949707
moving_only_8,701,0.001,train-mode backward before optimizer step,1.9617915887072315,0.0,0.0,0.0052083334885537624,0.0,,,,
moving_only_8,702,0.001,train-mode backward before optimizer step,1.9820949605799454,0.0,0.0,0.0052083334885537624,0.0,,,,
moving_only_8,703,0.001,train-mode backward before optimizer step,1.5036266304552142,0.0,0.0,0.0052083334885537624,0.0,,,,
moving_only_8,704,0.001,train-mode backward before optimizer step,1.7370311444011868,0.0,0.0,0.0052083334885537624,0.0,,,,
moving_only_8,705,0.001,train-mode backward before optimizer step,1.5855490482274053,0.0,0.0,0.0052083334885537624,0.0,,,,
moving_only_8,706,0.001,train-mode backward before optimizer step,1.8832252533225393,0.0,0.0,0.0052083334885537624,0.0,,,,
moving_only_8,707,0.001,train-mode backward before optimizer step,1.863033165815194,0.0,0.0,0.0052083334885537624,0.0,,,,
moving_only_8,708,0.001,train-mode backward before optimizer step,2.043305705658124,0.0,0.0,0.0052083334885537624,0.0,,,,
moving_only_8,709,0.001,train-mode backward before optimizer step,1.4585243186194023,0.0,0.0,0.0052083334885537624,0.0,,,,
moving_only_8,710,0.001,train-mode backward before optimizer step,2.006638748501045,0.0,0.0,0.0052083334885537624,0.0,41.40701675415039,1.0,1.0,49.5347785949707
moving_only_8,711,0.001,train-mode backward before optimizer step,1.953258757550733,0.0,0.0,0.0052083334885537624,0.0,,,,
moving_only_8,712,0.001,train-mode backward before optimizer step,1.9064495591090969,0.0,0.0,0.0052083334885537624,0.0,,,,
moving_only_8,713,0.001,train-mode backward before optimizer step,1.8836649792485487,0.0,0.0,0.0052083334885537624,0.0,,,,
moving_only_8,714,0.001,train-mode backward before optimizer step,2.048789554516395,0.0,0.0,0.0052083334885537624,0.0,,,,
moving_only_8,715,0.001,train-mode backward before optimizer step,1.4863284667113486,0.0,0.0,0.0052083334885537624,0.0,,,,
moving_only_8,716,0.001,train-mode backward before optimizer step,1.8283042383839316,0.0,0.0,0.0052083334885537624,0.0,,,,
moving_only_8,717,0.001,train-mode backward before optimizer step,1.8246977811346805,0.0,0.0,0.0052083334885537624,0.0,,,,
moving_only_8,718,0.001,train-mode backward before optimizer step,2.339770456993729,0.0,0.0,0.0052083334885537624,0.0,,,,
moving_only_8,719,0.001,train-mode backward before optimizer step,1.539729627385307,0.0,0.0,0.0052083334885537624,0.0,,,,
moving_only_8,720,0.001,train-mode backward before optimizer step,1.750426327590256,0.0,0.0,0.0052083334885537624,0.0,41.54833984375,1.0,1.0,49.5347785949707
moving_only_16,1,0.001,train-mode backward before optimizer step,1.4727556028751099,0.0,0.0,0.024892878446590785,0.0,2.7566030025482178,1.0,1.0,49.5347785949707
moving_only_16,2,0.001,train-mode backward before optimizer step,1.4363037384041752,0.0,0.0,0.024892878446590785,0.0,,,,
moving_only_16,3,0.001,train-mode backward before optimizer step,1.4775153999318467,0.0,0.0,0.024892878446590785,0.0,,,,
moving_only_16,4,0.001,train-mode backward before optimizer step,1.4911949404818095,0.0,0.0,0.01303047518622439,0.0,,,,
moving_only_16,5,0.001,train-mode backward before optimizer step,1.4040542439534518,0.0,0.0,0.024534125857526935,0.0,,,,
moving_only_16,6,0.001,train-mode backward before optimizer step,1.231470731859081,0.0,0.0,0.010373711312435299,0.0,,,,
moving_only_16,7,0.001,train-mode backward before optimizer step,1.385707860451747,0.0,0.0,0.02465033319045593,0.0,,,,
moving_only_16,8,0.001,train-mode backward before optimizer step,1.2760716627466429,0.0,0.0,0.009822973529069646,0.0,,,,
moving_only_16,9,0.001,train-mode backward before optimizer step,1.454389917710782,0.0,0.0,0.01303047518622439,0.0,,,,
moving_only_16,10,0.001,train-mode backward before optimizer step,1.4079894485949935,0.0,0.0,0.024534125857526935,0.0,4.013278484344482,1.0,1.0,49.5347785949707
moving_only_16,11,0.001,train-mode backward before optimizer step,1.4041178516237598,0.0,0.0,0.008433707032343415,0.0,,,,
moving_only_16,12,0.001,train-mode backward before optimizer step,1.434397055888287,0.0,0.0,0.0244858380337258,0.0,,,,
moving_only_16,13,0.001,train-mode backward before optimizer step,1.3684289525045839,0.0,0.0,0.008433707032343415,0.0,,,,
moving_only_16,14,0.001,train-mode backward before optimizer step,1.4154478769475034,0.0,0.0,0.024892878446590785,0.0,,,,
moving_only_16,15,0.001,train-mode backward before optimizer step,1.5083909997189513,0.0,0.0,0.0244858380337258,0.0,,,,
moving_only_16,16,0.001,train-mode backward before optimizer step,1.4612835631443815,0.0,0.0,0.024534125857526935,0.0,,,,
moving_only_16,17,0.001,train-mode backward before optimizer step,1.456322859327866,0.0,0.0,0.02465033319045593,0.0,,,,
moving_only_16,18,0.001,train-mode backward before optimizer step,1.2424200705064052,0.0,0.0,0.010373711312435299,0.0,,,,
moving_only_16,19,0.001,train-mode backward before optimizer step,1.5645027588949274,0.0,0.0,0.0244858380337258,0.0,,,,
moving_only_16,20,0.001,train-mode backward before optimizer step,1.3809750322623777,0.0,0.0,0.009822973529069646,0.0,5.319601535797119,1.0,1.0,49.5347785949707
moving_only_16,21,0.001,train-mode backward before optimizer step,1.478983278115801,0.0,0.0,0.024534125857526935,0.0,,,,
moving_only_16,22,0.001,train-mode backward before optimizer step,1.4556421002307391,0.0,0.0,0.024534125857526935,0.0,,,,
moving_only_16,23,0.001,train-mode backward before optimizer step,1.531443701288993,0.0,0.0,0.0244858380337258,0.0,,,,
moving_only_16,24,0.001,train-mode backward before optimizer step,1.5615592441716588,0.0,0.0,0.013661330675570228,0.0,,,,
moving_only_16,25,0.001,train-mode backward before optimizer step,1.4459696718794102,0.0,0.0,0.008433707032343415,0.0,,,,
moving_only_16,26,0.001,train-mode backward before optimizer step,1.5840100471350564,0.0,0.0,0.02465033319045593,0.0,,,,
moving_only_16,27,0.001,train-mode backward before optimizer step,1.611818529441171,0.0,0.0,0.024534125857526935,0.0,,,,
moving_only_16,28,0.001,train-mode backward before optimizer step,1.5380758927765301,0.0,0.0,0.024534125857526935,0.0,,,,
moving_only_16,29,0.001,train-mode backward before optimizer step,1.638012968732263,0.0,0.0,0.02465033319045593,0.0,,,,
moving_only_16,30,0.001,train-mode backward before optimizer step,1.4276553512805676,0.0,0.0,0.009822973529069646,0.0,6.88165283203125,1.0,1.0,49.5347785949707
moving_only_16,31,0.001,train-mode backward before optimizer step,1.3607815854988736,0.0,0.0,0.010373711312435299,0.0,,,,
moving_only_16,32,0.001,train-mode backward before optimizer step,1.6432955725460203,0.0,0.0,0.01303047518622439,0.0,,,,
moving_only_16,33,0.001,train-mode backward before optimizer step,1.6352897140534421,0.0,0.0,0.024534125857526935,0.0,,,,
moving_only_16,34,0.001,train-mode backward before optimizer step,1.5977435004154803,0.0,0.0,0.024534125857526935,0.0,,,,
moving_only_16,35,0.001,train-mode backward before optimizer step,1.6147328796031775,0.0,0.0,0.008433707032343415,0.0,,,,
moving_only_16,36,0.001,train-mode backward before optimizer step,1.6671706056499351,0.0,0.0,0.02465033319045593,0.0,,,,
moving_only_16,37,0.001,train-mode backward before optimizer step,1.6046542003716067,0.0,0.0,0.024534125857526935,0.0,,,,
moving_only_16,38,0.001,train-mode backward before optimizer step,1.602243187612965,0.0,0.0,0.02465033319045593,0.0,,,,
moving_only_16,39,0.001,train-mode backward before optimizer step,1.565718957705883,0.0,0.0,0.007897556852949688,0.0,,,,
moving_only_16,40,0.001,train-mode backward before optimizer step,1.7011342492186,0.0,0.0,0.02465033319045593,0.0,8.387157440185547,1.0,1.0,49.5347785949707
moving_only_16,41,0.001,train-mode backward before optimizer step,1.6913536572913916,0.0,0.0,0.02465033319045593,0.0,,,,
moving_only_16,42,0.001,train-mode backward before optimizer step,1.6708704875394698,0.0,0.0,0.0244858380337258,0.0,,,,
moving_only_16,43,0.001,train-mode backward before optimizer step,1.6775733175196148,0.0,0.0,0.02465033319045593,0.0,,,,
moving_only_16,44,0.001,train-mode backward before optimizer step,1.758434296963075,0.0,0.0,0.02465033319045593,0.0,,,,
moving_only_16,45,0.001,train-mode backward before optimizer step,1.7221674812775356,0.0,0.0,0.024534125857526935,0.0,,,,
moving_only_16,46,0.001,train-mode backward before optimizer step,1.7009681967627566,0.0,0.0,0.02465033319045593,0.0,,,,
moving_only_16,47,0.001,train-mode backward before optimizer step,1.7572816846162531,0.0,0.0,0.01303047518622439,0.0,,,,
moving_only_16,48,0.001,train-mode backward before optimizer step,1.7673140783094248,0.0,0.0,0.024892878446590785,0.0,,,,
moving_only_16,49,0.001,train-mode backward before optimizer step,1.808244382626329,0.0,0.0,0.0244858380337258,0.0,,,,
moving_only_16,50,0.001,train-mode backward before optimizer step,1.6976586512943628,0.0,0.0,0.024534125857526935,0.0,10.379874229431152,1.0,1.0,49.5347785949707
moving_only_16,51,0.001,train-mode backward before optimizer step,1.6010780393002042,0.0,0.0,0.010373711312435299,0.0,,,,
moving_only_16,52,0.001,train-mode backward before optimizer step,1.7019220756264273,0.0,0.0,0.008433707032343415,0.0,,,,
moving_only_16,53,0.001,train-mode backward before optimizer step,1.8715746862427072,0.0,0.0,0.0244858380337258,0.0,,,,
moving_only_16,54,0.001,train-mode backward before optimizer step,1.7651343825480774,0.0,0.0,0.024892878446590785,0.0,,,,
moving_only_16,55,0.001,train-mode backward before optimizer step,1.7764866300119955,0.0,0.0,0.02465033319045593,0.0,,,,
moving_only_16,56,0.001,train-mode backward before optimizer step,1.8600431969247735,0.0,0.0,0.02465033319045593,0.0,,,,
moving_only_16,57,0.001,train-mode backward before optimizer step,1.8293343449289787,0.0,0.0,0.02465033319045593,0.0,,,,
moving_only_16,58,0.001,train-mode backward before optimizer step,1.8284081542056778,0.0,0.0,0.013661330675570228,0.0,,,,
moving_only_16,59,0.001,train-mode backward before optimizer step,1.775850613015556,0.0,0.0,0.024892878446590785,0.0,,,,
moving_only_16,60,0.001,train-mode backward before optimizer step,1.8550528566372249,0.0,0.0,0.02465033319045593,0.0,12.221136093139648,1.0,1.0,49.5347785949707
moving_only_16,61,0.001,train-mode backward before optimizer step,1.8032674550387946,0.0,0.0,0.024534125857526935,0.0,,,,
moving_only_16,62,0.001,train-mode backward before optimizer step,1.7731688989516055,0.0,0.0,0.0244858380337258,0.0,,,,
moving_only_16,63,0.001,train-mode backward before optimizer step,1.8575958637008096,0.0,0.0,0.024534125857526935,0.0,,,,
moving_only_16,64,0.001,train-mode backward before optimizer step,1.855058414683263,0.0,0.0,0.0244858380337258,0.0,,,,
moving_only_16,65,0.001,train-mode backward before optimizer step,1.9133516066754892,0.0,0.0,0.0244858380337258,0.0,,,,
moving_only_16,66,0.001,train-mode backward before optimizer step,2.007146940819885,0.0,0.0,0.02465033319045593,0.0,,,,
moving_only_16,67,0.001,train-mode backward before optimizer step,1.8949033335150038,0.0,0.0,0.02465033319045593,0.0,,,,
moving_only_16,68,0.001,train-mode backward before optimizer step,1.8846138981494645,0.0,0.0,0.0244858380337258,0.0,,,,
moving_only_16,69,0.001,train-mode backward before optimizer step,1.9294022230911398,0.0,0.0,0.02465033319045593,0.0,,,,
moving_only_16,70,0.001,train-mode backward before optimizer step,1.8574460232683827,0.0,0.0,0.024534125857526935,0.0,14.380590438842773,1.0,1.0,49.5347785949707
moving_only_16,71,0.001,train-mode backward before optimizer step,1.8468112544383835,0.0,0.0,0.01303047518622439,0.0,,,,
moving_only_16,72,0.001,train-mode backward before optimizer step,2.075546653557188,0.0,0.0,0.0244858380337258,0.0,,,,
moving_only_16,73,0.001,train-mode backward before optimizer step,1.8917654410215325,0.0,0.0,0.024534125857526935,0.0,,,,
moving_only_16,74,0.001,train-mode backward before optimizer step,1.9614575804812413,0.0,0.0,0.024534125857526935,0.0,,,,
moving_only_16,75,0.001,train-mode backward before optimizer step,1.8718241202244628,0.0,0.0,0.02465033319045593,0.0,,,,
moving_only_16,76,0.001,train-mode backward before optimizer step,1.907919426515346,0.0,0.0,0.024892878446590785,0.0,,,,
moving_only_16,77,0.001,train-mode backward before optimizer step,1.9170205619933203,0.0,0.0,0.02465033319045593,0.0,,,,
moving_only_16,78,0.001,train-mode backward before optimizer step,1.9543061235047998,0.0,0.0,0.02465033319045593,0.0,,,,
moving_only_16,79,0.001,train-mode backward before optimizer step,2.053235516208011,0.0,0.0,0.024534125857526935,0.0,,,,
moving_only_16,80,0.001,train-mode backward before optimizer step,1.955118866556628,0.0,0.0,0.024534125857526935,0.0,16.480207443237305,1.0,1.0,49.5347785949707
moving_only_16,81,0.001,train-mode backward before optimizer step,2.0692212280141757,0.0,0.0,0.024892878446590785,0.0,,,,
moving_only_16,82,0.001,train-mode backward before optimizer step,2.0401652333525995,0.0,0.0,0.013661330675570228,0.0,,,,
moving_only_16,83,0.001,train-mode backward before optimizer step,1.8488275643951,0.0,0.0,0.009822973529069646,0.0,,,,
moving_only_16,84,0.001,train-mode backward before optimizer step,1.7507329653309158,0.0,0.0,0.010373711312435299,0.0,,,,
moving_only_16,85,0.001,train-mode backward before optimizer step,2.12656331385177,0.0,0.0,0.02465033319045593,0.0,,,,
moving_only_16,86,0.001,train-mode backward before optimizer step,2.0685645234224483,0.0,0.0,0.0244858380337258,0.0,,,,
moving_only_16,87,0.001,train-mode backward before optimizer step,2.1035706553041593,0.0,0.0,0.024534125857526935,0.0,,,,
moving_only_16,88,0.001,train-mode backward before optimizer step,2.1021464050071565,0.0,0.0,0.024534125857526935,0.0,,,,
moving_only_16,89,0.001,train-mode backward before optimizer step,2.0052341608209225,0.0,0.0,0.024892878446590785,0.0,,,,
moving_only_16,90,0.001,train-mode backward before optimizer step,2.0567516748688948,0.0,0.0,0.024534125857526935,0.0,18.31114959716797,1.0,1.0,49.5347785949707
moving_only_16,91,0.001,train-mode backward before optimizer step,2.205105939701332,0.0,0.0,0.024534125857526935,0.0,,,,
moving_only_16,92,0.001,train-mode backward before optimizer step,2.4037411556271078,0.0,0.0,0.024892878446590785,0.0,,,,
moving_only_16,93,0.001,train-mode backward before optimizer step,1.8321337724020128,0.0,0.0,0.008433707032343415,0.0,,,,
moving_only_16,94,0.001,train-mode backward before optimizer step,2.2721938598662903,0.0,0.0,0.02465033319045593,0.0,,,,
moving_only_16,95,0.001,train-mode backward before optimizer step,2.215426423266004,0.0,0.0,0.02465033319045593,0.0,,,,
moving_only_16,96,0.001,train-mode backward before optimizer step,1.9942531277057851,0.0,0.0,0.007897556852949688,0.0,,,,
moving_only_16,97,0.001,train-mode backward before optimizer step,1.9995316054187005,0.0,0.0,0.007897556852949688,0.0,,,,
moving_only_16,98,0.001,train-mode backward before optimizer step,2.20383250018165,0.0,0.0,0.024892878446590785,0.0,,,,
moving_only_16,99,0.001,train-mode backward before optimizer step,2.198982820372576,0.0,0.0,0.02465033319045593,0.0,,,,
moving_only_16,100,0.001,train-mode backward before optimizer step,2.367389189643009,0.0,0.0,0.024892878446590785,0.0,20.57021141052246,1.0,1.0,49.5347785949707
moving_only_16,101,0.001,train-mode backward before optimizer step,2.1687570127448197,0.0,0.0,0.02465033319045593,0.0,,,,
moving_only_16,102,0.001,train-mode backward before optimizer step,2.1364427738203,0.0,0.0,0.024534125857526935,0.0,,,,
moving_only_16,103,0.001,train-mode backward before optimizer step,1.857241259394734,0.0,0.0,0.010373711312435299,0.0,,,,
moving_only_16,104,0.001,train-mode backward before optimizer step,2.181878440171487,0.0,0.0,0.024892878446590785,0.0,,,,
moving_only_16,105,0.001,train-mode backward before optimizer step,2.2373971788922615,0.0,0.0,0.02465033319045593,0.0,,,,
moving_only_16,106,0.001,train-mode backward before optimizer step,2.345198992496743,0.0,0.0,0.02465033319045593,0.0,,,,
moving_only_16,107,0.001,train-mode backward before optimizer step,2.2190808846361594,0.0,0.0,0.02465033319045593,0.0,,,,
moving_only_16,108,0.001,train-mode backward before optimizer step,2.3312765219730855,0.0,0.0,0.02465033319045593,0.0,,,,
moving_only_16,109,0.001,train-mode backward before optimizer step,2.0196950985606805,0.0,0.0,0.009822973529069646,0.0,,,,
moving_only_16,110,0.001,train-mode backward before optimizer step,2.152656829564384,0.0,0.0,0.01303047518622439,0.0,23.058265686035156,1.0,1.0,49.5347785949707
moving_only_16,111,0.001,train-mode backward before optimizer step,2.316055679343704,0.0,0.0,0.024534125857526935,0.0,,,,
moving_only_16,112,0.001,train-mode backward before optimizer step,2.313000233626996,0.0,0.0,0.010373711312435299,0.0,,,,
moving_only_16,113,0.001,train-mode backward before optimizer step,2.0516962169842077,0.0,0.0,0.02465033319045593,0.0,,,,
moving_only_16,114,0.001,train-mode backward before optimizer step,2.359323446705471,0.0,0.0,0.024534125857526935,0.0,,,,
moving_only_16,115,0.001,train-mode backward before optimizer step,2.216350541157357,0.0,0.0,0.01303047518622439,0.0,,,,
moving_only_16,116,0.001,train-mode backward before optimizer step,2.79074453327319,0.0,0.0,0.02465033319045593,0.0,,,,
moving_only_16,117,0.001,train-mode backward before optimizer step,2.3827905034176733,0.0,0.0,0.024534125857526935,0.0,,,,
moving_only_16,118,0.001,train-mode backward before optimizer step,2.1619160496568415,0.0,0.0,0.01303047518622439,0.0,,,,
moving_only_16,119,0.001,train-mode backward before optimizer step,2.011264435565153,0.0,0.0,0.007897556852949688,0.0,,,,
moving_only_16,120,0.001,train-mode backward before optimizer step,2.268166871927184,0.0,0.0,0.024892878446590785,0.0,25.51477813720703,1.0,1.0,49.5347785949707
moving_only_16,121,0.001,train-mode backward before optimizer step,2.3245481820927822,0.0,0.0,0.0244858380337258,0.0,,,,
moving_only_16,122,0.001,train-mode backward before optimizer step,2.2273073272922024,0.0,0.0,0.024892878446590785,0.0,,,,
moving_only_16,123,0.001,train-mode backward before optimizer step,2.272738665064412,0.0,0.0,0.0244858380337258,0.0,,,,
moving_only_16,124,0.001,train-mode backward before optimizer step,2.242333900511198,0.0,0.0,0.02465033319045593,0.0,,,,
moving_only_16,125,0.001,train-mode backward before optimizer step,2.212378009392652,0.0,0.0,0.01303047518622439,0.0,,,,
moving_only_16,126,0.001,train-mode backward before optimizer step,2.2373133950017046,0.0,0.0,0.02465033319045593,0.0,,,,
moving_only_16,127,0.001,train-mode backward before optimizer step,2.139558724734481,0.0,0.0,0.01303047518622439,0.0,,,,
moving_only_16,128,0.001,train-mode backward before optimizer step,2.259330194138799,0.0,0.0,0.0244858380337258,0.0,,,,
moving_only_16,129,0.001,train-mode backward before optimizer step,1.814915072479901,0.0,0.0,0.010373711312435299,0.0,,,,
moving_only_16,130,0.001,train-mode backward before optimizer step,1.9093595644030108,0.0,0.0,0.01303047518622439,0.0,27.793560028076172,1.0,1.0,49.5347785949707
moving_only_16,131,0.001,train-mode backward before optimizer step,2.7994152723816565,0.0,0.0,0.0244858380337258,0.0,,,,
moving_only_16,132,0.001,train-mode backward before optimizer step,2.2545576874266526,0.0,0.0,0.024892878446590785,0.0,,,,
moving_only_16,133,0.001,train-mode backward before optimizer step,2.2535956436163564,0.0,0.0,0.0244858380337258,0.0,,,,
moving_only_16,134,0.001,train-mode backward before optimizer step,1.9548010516105623,0.0,0.0,0.008433707032343415,0.0,,,,
moving_only_16,135,0.001,train-mode backward before optimizer step,2.35531789179372,0.0,0.0,0.01303047518622439,0.0,,,,
moving_only_16,136,0.001,train-mode backward before optimizer step,2.890900187198038,0.0,0.0,0.01303047518622439,0.0,,,,
moving_only_16,137,0.001,train-mode backward before optimizer step,2.3121485682371987,0.0,0.0,0.009822973529069646,0.0,,,,
moving_only_16,138,0.001,train-mode backward before optimizer step,2.508029065100663,0.0,0.0,0.02465033319045593,0.0,,,,
moving_only_16,139,0.001,train-mode backward before optimizer step,2.912800518393469,0.0,0.0,0.02465033319045593,0.0,,,,
moving_only_16,140,0.001,train-mode backward before optimizer step,2.7825410085528546,0.0,0.0,0.02465033319045593,0.0,29.78197479248047,1.0,1.0,49.5347785949707
moving_only_16,141,0.001,train-mode backward before optimizer step,2.5752067985598455,0.0,0.0,0.02465033319045593,0.0,,,,
moving_only_16,142,0.001,train-mode backward before optimizer step,2.2721159750332296,0.0,0.0,0.02465033319045593,0.0,,,,
moving_only_16,143,0.001,train-mode backward before optimizer step,2.2296587019037135,0.0,0.0,0.02465033319045593,0.0,,,,
moving_only_16,144,0.001,train-mode backward before optimizer step,1.8574413995053847,0.0,0.0,0.009822973529069646,0.0,,,,
moving_only_16,145,0.001,train-mode backward before optimizer step,1.578282715431792,0.0,0.0,0.007897556852949688,0.0,,,,
moving_only_16,146,0.001,train-mode backward before optimizer step,1.7431583733239815,0.0,0.0,0.008433707032343415,0.0,,,,
moving_only_16,147,0.001,train-mode backward before optimizer step,1.851028258057663,0.0,0.0,0.010373711312435299,0.0,,,,
moving_only_16,148,0.001,train-mode backward before optimizer step,2.24223415718115,0.0,0.0,0.024534125857526935,0.0,,,,
moving_only_16,149,0.001,train-mode backward before optimizer step,2.101707672824054,0.0,0.0,0.0244858380337258,0.0,,,,
moving_only_16,150,0.001,train-mode backward before optimizer step,2.052877317081988,0.0,0.0,0.024534125857526935,0.0,31.974964141845703,1.0,1.0,49.5347785949707
moving_only_16,151,0.001,train-mode backward before optimizer step,1.7998619730168752,0.0,0.0,0.009822973529069646,0.0,,,,
moving_only_16,152,0.001,train-mode backward before optimizer step,2.441458871328348,0.0,0.0,0.0244858380337258,0.0,,,,
moving_only_16,153,0.001,train-mode backward before optimizer step,2.361746471147102,0.0,0.0,0.0244858380337258,0.0,,,,
moving_only_16,154,0.001,train-mode backward before optimizer step,2.4508696143400144,0.0,0.0,0.024892878446590785,0.0,,,,
moving_only_16,155,0.001,train-mode backward before optimizer step,2.3470342257708317,0.0,0.0,0.02465033319045593,0.0,,,,
moving_only_16,156,0.001,train-mode backward before optimizer step,2.2527034983121825,0.0,0.0,0.008433707032343415,0.0,,,,
moving_only_16,157,0.001,train-mode backward before optimizer step,2.279842857434513,0.0,0.0,0.02465033319045593,0.0,,,,
moving_only_16,158,0.001,train-mode backward before optimizer step,2.6532985825951334,0.0,0.0,0.024534125857526935,0.0,,,,
moving_only_16,159,0.001,train-mode backward before optimizer step,2.283402412378636,0.0,0.0,0.01303047518622439,0.0,,,,
moving_only_16,160,0.001,train-mode backward before optimizer step,2.3370183421217248,0.0,0.0,0.024892878446590785,0.0,33.91630935668945,1.0,1.0,49.5347785949707
moving_only_16,161,0.001,train-mode backward before optimizer step,3.4559214005247787,0.0,0.0,0.024534125857526935,0.0,,,,
moving_only_16,162,0.001,train-mode backward before optimizer step,2.2690197923928133,0.0,0.0,0.0244858380337258,0.0,,,,
moving_only_16,163,0.001,train-mode backward before optimizer step,1.9531906032650803,0.0,0.0,0.007897556852949688,0.0,,,,
moving_only_16,164,0.001,train-mode backward before optimizer step,3.7373517620454635,0.0,0.0,0.02465033319045593,0.0,,,,
moving_only_16,165,0.001,train-mode backward before optimizer step,2.4376559476082047,0.0,0.0,0.0244858380337258,0.0,,,,
moving_only_16,166,0.001,train-mode backward before optimizer step,3.7542309158394422,0.0,0.0,0.024892878446590785,0.0,,,,
moving_only_16,167,0.001,train-mode backward before optimizer step,2.5734820372971345,0.0,0.0,0.010373711312435299,0.0,,,,
moving_only_16,168,0.001,train-mode backward before optimizer step,1.948544731737452,0.0,0.0,0.013661330675570228,0.0,,,,
moving_only_16,169,0.001,train-mode backward before optimizer step,2.005565247690888,0.0,0.0,0.024534125857526935,0.0,,,,
moving_only_16,170,0.001,train-mode backward before optimizer step,2.292499551132851,0.0,0.0,0.0244858380337258,0.0,35.225074768066406,1.0,1.0,49.5347785949707
moving_only_16,171,0.001,train-mode backward before optimizer step,2.886666035270621,0.0,0.0,0.0244858380337258,0.0,,,,
moving_only_16,172,0.001,train-mode backward before optimizer step,2.619633823542643,0.0,0.0,0.024892878446590785,0.0,,,,
moving_only_16,173,0.001,train-mode backward before optimizer step,2.821580558831358,0.0,0.0,0.0244858380337258,0.0,,,,
moving_only_16,174,0.001,train-mode backward before optimizer step,2.8949244264486342,0.0,0.0,0.024892878446590785,0.0,,,,
moving_only_16,175,0.001,train-mode backward before optimizer step,3.258518055785647,0.0,0.0,0.024534125857526935,0.0,,,,
moving_only_16,176,0.001,train-mode backward before optimizer step,2.6126063680267064,0.0,0.0,0.007897556852949688,0.0,,,,
moving_only_16,177,0.001,train-mode backward before optimizer step,2.5901428684406778,0.0,0.0,0.0244858380337258,0.0,,,,
moving_only_16,178,0.001,train-mode backward before optimizer step,1.8324904601944814,0.0,0.0,0.010373711312435299,0.0,,,,
moving_only_16,179,0.001,train-mode backward before optimizer step,1.8695935893143936,0.0,0.0,0.010373711312435299,0.0,,,,
moving_only_16,180,0.001,train-mode backward before optimizer step,2.0082950712665384,0.0,0.0,0.01303047518622439,0.0,36.640289306640625,1.0,1.0,49.5347785949707
moving_only_16,181,0.001,train-mode backward before optimizer step,2.8985835731939726,0.0,0.0,0.02465033319045593,0.0,,,,
moving_only_16,182,0.001,train-mode backward before optimizer step,2.505945154471985,0.0,0.0,0.01303047518622439,0.0,,,,
moving_only_16,183,0.001,train-mode backward before optimizer step,2.513088308319649,0.0,0.0,0.024534125857526935,0.0,,,,
moving_only_16,184,0.001,train-mode backward before optimizer step,1.8563442944893798,0.0,0.0,0.009822973529069646,0.0,,,,
moving_only_16,185,0.001,train-mode backward before optimizer step,1.9527816956155488,0.0,0.0,0.010373711312435299,0.0,,,,
moving_only_16,186,0.001,train-mode backward before optimizer step,2.995604652660719,0.0,0.0,0.0244858380337258,0.0,,,,
moving_only_16,187,0.001,train-mode backward before optimizer step,4.672963812618279,0.0,0.0,0.02465033319045593,0.0,,,,
moving_only_16,188,0.001,train-mode backward before optimizer step,2.395685224085878,0.0,0.0,0.02465033319045593,0.0,,,,
moving_only_16,189,0.001,train-mode backward before optimizer step,2.985056420021031,0.0,0.0,0.0244858380337258,0.0,,,,
moving_only_16,190,0.001,train-mode backward before optimizer step,1.9691067179315147,0.0,0.0,0.013661330675570228,0.0,38.492828369140625,1.0,1.0,49.5347785949707
moving_only_16,191,0.001,train-mode backward before optimizer step,2.7339215637828165,0.0,0.0,0.009822973529069646,0.0,,,,
moving_only_16,192,0.001,train-mode backward before optimizer step,3.3953174430431448,0.0,0.0,0.024892878446590785,0.0,,,,
moving_only_16,193,0.001,train-mode backward before optimizer step,2.45356035587538,0.0,0.0,0.024534125857526935,0.0,,,,
moving_only_16,194,0.001,train-mode backward before optimizer step,3.0851044968071153,0.0,0.0,0.024534125857526935,0.0,,,,
moving_only_16,195,0.001,train-mode backward before optimizer step,2.986269971029617,0.0,0.0,0.024534125857526935,0.0,,,,
moving_only_16,196,0.001,train-mode backward before optimizer step,2.4642034350194826,0.0,0.0,0.02465033319045593,0.0,,,,
moving_only_16,197,0.001,train-mode backward before optimizer step,2.651071247236594,0.0,0.0,0.024892878446590785,0.0,,,,
moving_only_16,198,0.001,train-mode backward before optimizer step,2.730544726101981,0.0,0.0,0.0244858380337258,0.0,,,,
moving_only_16,199,0.001,train-mode backward before optimizer step,2.4010965200979673,0.0,0.0,0.0244858380337258,0.0,,,,
moving_only_16,200,0.001,train-mode backward before optimizer step,2.1535615679448896,0.0,0.0,0.009822973529069646,0.0,40.38058853149414,1.0,1.0,49.5347785949707
moving_only_16,201,0.001,train-mode backward before optimizer step,1.8803780281989275,0.0,0.0,0.01303047518622439,0.0,,,,
moving_only_16,202,0.001,train-mode backward before optimizer step,2.1521663349907074,0.0,0.0,0.013661330675570228,0.0,,,,
moving_only_16,203,0.001,train-mode backward before optimizer step,2.9847976240714305,0.0,0.0,0.0244858380337258,0.0,,,,
moving_only_16,204,0.001,train-mode backward before optimizer step,2.9938234281525986,0.0,0.0,0.02465033319045593,0.0,,,,
moving_only_16,205,0.001,train-mode backward before optimizer step,2.6369032974057367,0.0,0.0,0.0244858380337258,0.0,,,,
moving_only_16,206,0.001,train-mode backward before optimizer step,2.5095047369029078,0.0,0.0,0.007897556852949688,0.0,,,,
moving_only_16,207,0.001,train-mode backward before optimizer step,2.441982610016324,0.0,0.0,0.0244858380337258,0.0,,,,
moving_only_16,208,0.001,train-mode backward before optimizer step,1.916076741435242,0.0,0.0,0.007897556852949688,0.0,,,,
moving_only_16,209,0.001,train-mode backward before optimizer step,3.1228835760986087,0.0,0.0,0.02465033319045593,0.0,,,,
moving_only_16,210,0.001,train-mode backward before optimizer step,1.6263734491487902,0.0,0.0,0.007897556852949688,0.0,42.020263671875,1.0,1.0,49.5347785949707
moving_only_16,211,0.001,train-mode backward before optimizer step,2.6089713715124274,0.0,0.0,0.024534125857526935,0.0,,,,
moving_only_16,212,0.001,train-mode backward before optimizer step,2.7509934362821995,0.0,0.0,0.0244858380337258,0.0,,,,
moving_only_16,213,0.001,train-mode backward before optimizer step,3.6160366097998975,0.0,0.0,0.02465033319045593,0.0,,,,
moving_only_16,214,0.001,train-mode backward before optimizer step,3.3532159984004544,0.0,0.0,0.02465033319045593,0.0,,,,
moving_only_16,215,0.001,train-mode backward before optimizer step,2.756953301987673,0.0,0.0,0.02465033319045593,0.0,,,,
moving_only_16,216,0.001,train-mode backward before optimizer step,2.265084189031878,0.0,0.0,0.008433707032343415,0.0,,,,
moving_only_16,217,0.001,train-mode backward before optimizer step,2.7110822000316874,0.0,0.0,0.024534125857526935,0.0,,,,
moving_only_16,218,0.001,train-mode backward before optimizer step,3.1476238084017916,0.0,0.0,0.024892878446590785,0.0,,,,
moving_only_16,219,0.001,train-mode backward before optimizer step,3.5494125033097097,0.0,0.0,0.01303047518622439,0.0,,,,
moving_only_16,220,0.001,train-mode backward before optimizer step,2.6920451590506493,0.0,0.0,0.009822973529069646,0.0,43.249534606933594,1.0,1.0,49.5347785949707
moving_only_16,221,0.001,train-mode backward before optimizer step,2.6107811100031517,0.0,0.0,0.024534125857526935,0.0,,,,
moving_only_16,222,0.001,train-mode backward before optimizer step,3.0299947343967872,0.0,0.0,0.024534125857526935,0.0,,,,
moving_only_16,223,0.001,train-mode backward before optimizer step,3.4062852768125285,0.0,0.0,0.0244858380337258,0.0,,,,
moving_only_16,224,0.001,train-mode backward before optimizer step,2.656522760374174,0.0,0.0,0.009822973529069646,0.0,,,,
moving_only_16,225,0.001,train-mode backward before optimizer step,2.8799980687546896,0.0,0.0,0.02465033319045593,0.0,,,,
moving_only_16,226,0.001,train-mode backward before optimizer step,2.9156812576415803,0.0,0.0,0.02465033319045593,0.0,,,,
moving_only_16,227,0.001,train-mode backward before optimizer step,2.6423803574122484,0.0,0.0,0.009822973529069646,0.0,,,,
moving_only_16,228,0.001,train-mode backward before optimizer step,3.581116923992344,0.0,0.0,0.02465033319045593,0.0,,,,
moving_only_16,229,0.001,train-mode backward before optimizer step,2.2550299825989786,0.0,0.0,0.01303047518622439,0.0,,,,
moving_only_16,230,0.001,train-mode backward before optimizer step,2.4172769322383387,0.0,0.0,0.013661330675570228,0.0,44.80166244506836,1.0,1.0,49.5347785949707
moving_only_16,231,0.001,train-mode backward before optimizer step,2.737612705759558,0.0,0.0,0.013661330675570228,0.0,,,,
moving_only_16,232,0.001,train-mode backward before optimizer step,3.1072721872782365,0.0,0.0,0.024892878446590785,0.0,,,,
moving_only_16,233,0.001,train-mode backward before optimizer step,4.207456063610728,0.0,0.0,0.024892878446590785,0.0,,,,
moving_only_16,234,0.001,train-mode backward before optimizer step,2.9612756346395903,0.0,0.0,0.0244858380337258,0.0,,,,
moving_only_16,235,0.001,train-mode backward before optimizer step,2.6879074902637647,0.0,0.0,0.02465033319045593,0.0,,,,
moving_only_16,236,0.001,train-mode backward before optimizer step,3.6242924745594065,0.0,0.0,0.0244858380337258,0.0,,,,
moving_only_16,237,0.001,train-mode backward before optimizer step,2.5877243716252543,0.0,0.0,0.010373711312435299,0.0,,,,
moving_only_16,238,0.001,train-mode backward before optimizer step,3.185697144538969,0.0,0.0,0.0244858380337258,0.0,,,,
moving_only_16,239,0.001,train-mode backward before optimizer step,3.24947216434395,0.0,0.0,0.02465033319045593,0.0,,,,
moving_only_16,240,0.001,train-mode backward before optimizer step,3.8443301073859697,0.0,0.0,0.02465033319045593,0.0,45.83360290527344,1.0,1.0,49.5347785949707
moving_only_16,241,0.001,train-mode backward before optimizer step,3.066019284825819,0.0,0.0,0.024534125857526935,0.0,,,,
moving_only_16,242,0.001,train-mode backward before optimizer step,3.1070049733197163,0.0,0.0,0.013661330675570228,0.0,,,,
moving_only_16,243,0.001,train-mode backward before optimizer step,4.416964742764526,0.0,0.0,0.02465033319045593,0.0,,,,
moving_only_16,244,0.001,train-mode backward before optimizer step,4.793237311427631,0.0,0.0,0.02465033319045593,0.0,,,,
moving_only_16,245,0.001,train-mode backward before optimizer step,2.8281874573189807,0.0,0.0,0.02465033319045593,0.0,,,,
moving_only_16,246,0.001,train-mode backward before optimizer step,3.7918163325231586,0.0,0.0,0.0244858380337258,0.0,,,,
moving_only_16,247,0.001,train-mode backward before optimizer step,3.178968605435831,0.0,0.0,0.024892878446590785,0.0,,,,
moving_only_16,248,0.001,train-mode backward before optimizer step,2.659827564076708,0.0,0.0,0.007897556852949688,0.0,,,,
moving_only_16,249,0.001,train-mode backward before optimizer step,2.772072246294782,0.0,0.0,0.024534125857526935,0.0,,,,
moving_only_16,250,0.001,train-mode backward before optimizer step,2.817105772098732,0.0,0.0,0.0244858380337258,0.0,46.12107467651367,1.0,1.0,49.5347785949707
moving_only_16,251,0.001,train-mode backward before optimizer step,2.4489427854774677,0.0,0.0,0.007897556852949688,0.0,,,,
moving_only_16,252,0.001,train-mode backward before optimizer step,2.1160081173959435,0.0,0.0,0.01303047518622439,0.0,,,,
moving_only_16,253,0.001,train-mode backward before optimizer step,2.556108337084422,0.0,0.0,0.01303047518622439,0.0,,,,
moving_only_16,254,0.001,train-mode backward before optimizer step,3.3524579734753344,0.0,0.0,0.024534125857526935,0.0,,,,
moving_only_16,255,0.001,train-mode backward before optimizer step,2.223792681809873,0.0,0.0,0.009822973529069646,0.0,,,,
moving_only_16,256,0.001,train-mode backward before optimizer step,2.98526140927763,0.0,0.0,0.024892878446590785,0.0,,,,
moving_only_16,257,0.001,train-mode backward before optimizer step,3.504705795436989,0.0,0.0,0.02465033319045593,0.0,,,,
moving_only_16,258,0.001,train-mode backward before optimizer step,3.1326623103124414,0.0,0.0,0.024534125857526935,0.0,,,,
moving_only_16,259,0.001,train-mode backward before optimizer step,2.5678446621586426,0.0,0.0,0.02465033319045593,0.0,,,,
moving_only_16,260,0.001,train-mode backward before optimizer step,2.4596688381291676,0.0,0.0,0.02465033319045593,0.0,46.92974853515625,1.0,1.0,49.5347785949707
moving_only_16,261,0.001,train-mode backward before optimizer step,3.0564455706916176,0.0,0.0,0.024534125857526935,0.0,,,,
moving_only_16,262,0.001,train-mode backward before optimizer step,2.7771172983981134,0.0,0.0,0.024892878446590785,0.0,,,,
moving_only_16,263,0.001,train-mode backward before optimizer step,2.504031475289352,0.0,0.0,0.008433707032343415,0.0,,,,
moving_only_16,264,0.001,train-mode backward before optimizer step,2.368079717721837,0.0,0.0,0.010373711312435299,0.0,,,,
moving_only_16,265,0.001,train-mode backward before optimizer step,3.162312794761214,0.0,0.0,0.0244858380337258,0.0,,,,
moving_only_16,266,0.001,train-mode backward before optimizer step,2.9479063009623254,0.0,0.0,0.007897556852949688,0.0,,,,
moving_only_16,267,0.001,train-mode backward before optimizer step,2.857150017528228,0.0,0.0,0.024534125857526935,0.0,,,,
moving_only_16,268,0.001,train-mode backward before optimizer step,2.582006071473615,0.0,0.0,0.010373711312435299,0.0,,,,
moving_only_16,269,0.001,train-mode backward before optimizer step,4.200202507325394,0.0,0.0,0.024892878446590785,0.0,,,,
moving_only_16,270,0.001,train-mode backward before optimizer step,3.7057639993058693,0.0,0.0,0.024892878446590785,0.0,47.88252258300781,1.0,1.0,49.5347785949707
moving_only_16,271,0.001,train-mode backward before optimizer step,2.343997929577922,0.0,0.0,0.008433707032343415,0.0,,,,
moving_only_16,272,0.001,train-mode backward before optimizer step,3.810920341419859,0.0,0.0,0.024892878446590785,0.0,,,,
moving_only_16,273,0.001,train-mode backward before optimizer step,3.217068693036533,0.0,0.0,0.024892878446590785,0.0,,,,
moving_only_16,274,0.001,train-mode backward before optimizer step,2.51439461713756,0.0,0.0,0.007897556852949688,0.0,,,,
moving_only_16,275,0.001,train-mode backward before optimizer step,2.735124274284343,0.0,0.0,0.024892878446590785,0.0,,,,
moving_only_16,276,0.001,train-mode backward before optimizer step,2.241774946496092,0.0,0.0,0.008433707032343415,0.0,,,,
moving_only_16,277,0.001,train-mode backward before optimizer step,2.972767050832365,0.0,0.0,0.024892878446590785,0.0,,,,
moving_only_16,278,0.001,train-mode backward before optimizer step,2.420472790517368,0.0,0.0,0.008433707032343415,0.0,,,,
moving_only_16,279,0.001,train-mode backward before optimizer step,2.824189907737945,0.0,0.0,0.0244858380337258,0.0,,,,
moving_only_16,280,0.001,train-mode backward before optimizer step,3.4901953653058984,0.0,0.0,0.0244858380337258,0.0,48.5836067199707,1.0,1.0,49.5347785949707
moving_only_16,281,0.001,train-mode backward before optimizer step,2.497502281706948,0.0,0.0,0.024534125857526935,0.0,,,,
moving_only_16,282,0.001,train-mode backward before optimizer step,3.3258810585598275,0.0,0.0,0.02465033319045593,0.0,,,,
moving_only_16,283,0.001,train-mode backward before optimizer step,3.503428776110817,0.0,0.0,0.02465033319045593,0.0,,,,
moving_only_16,284,0.001,train-mode backward before optimizer step,2.509138731903858,0.0,0.0,0.013661330675570228,0.0,,,,
moving_only_16,285,0.001,train-mode backward before optimizer step,2.8145596676147226,0.0,0.0,0.02465033319045593,0.0,,,,
moving_only_16,286,0.001,train-mode backward before optimizer step,2.811098828726233,0.0,0.0,0.009822973529069646,0.0,,,,
moving_only_16,287,0.001,train-mode backward before optimizer step,3.7645488516031187,0.0,0.0,0.024892878446590785,0.0,,,,
moving_only_16,288,0.001,train-mode backward before optimizer step,3.4012106055135582,0.0,0.0,0.024892878446590785,0.0,,,,
moving_only_16,289,0.001,train-mode backward before optimizer step,2.3192105623610777,0.0,0.0,0.007897556852949688,0.0,,,,
moving_only_16,290,0.001,train-mode backward before optimizer step,2.7216448372823785,0.0,0.0,0.007897556852949688,0.0,47.842166900634766,1.0,1.0,49.5347785949707
moving_only_16,291,0.001,train-mode backward before optimizer step,3.186597281566083,0.0,0.0,0.01303047518622439,0.0,,,,
moving_only_16,292,0.001,train-mode backward before optimizer step,3.224611850516499,0.0,0.0,0.024892878446590785,0.0,,,,
moving_only_16,293,0.001,train-mode backward before optimizer step,3.1950460869211232,0.0,0.0,0.013661330675570228,0.0,,,,
moving_only_16,294,0.001,train-mode backward before optimizer step,2.846322189925324,0.0,0.0,0.013661330675570228,0.0,,,,
moving_only_16,295,0.001,train-mode backward before optimizer step,3.630819152414203,0.0,0.0,0.02465033319045593,0.0,,,,
moving_only_16,296,0.001,train-mode backward before optimizer step,3.7341229172942176,0.0,0.0,0.01303047518622439,0.0,,,,
moving_only_16,297,0.001,train-mode backward before optimizer step,3.7820049385745893,0.0,0.0,0.02465033319045593,0.0,,,,
moving_only_16,298,0.001,train-mode backward before optimizer step,3.411843040338072,0.0,0.0,0.01303047518622439,0.0,,,,
moving_only_16,299,0.001,train-mode backward before optimizer step,3.297755229703587,0.0,0.0,0.0244858380337258,0.0,,,,
moving_only_16,300,0.001,train-mode backward before optimizer step,2.6467121005211913,0.0,0.0,0.008433707032343415,0.0,48.857330322265625,1.0,1.0,49.5347785949707
moving_only_16,301,0.001,train-mode backward before optimizer step,3.3661626185030173,0.0,0.0,0.0244858380337258,0.0,,,,
moving_only_16,302,0.001,train-mode backward before optimizer step,2.9558351058911216,0.0,0.0,0.01303047518622439,0.0,,,,
moving_only_16,303,0.001,train-mode backward before optimizer step,4.207646220093309,0.0,0.0,0.024534125857526935,0.0,,,,
moving_only_16,304,0.001,train-mode backward before optimizer step,2.723015215920243,0.0,0.0,0.010373711312435299,0.0,,,,
moving_only_16,305,0.001,train-mode backward before optimizer step,3.4827016500298367,0.0,0.0,0.02465033319045593,0.0,,,,
moving_only_16,306,0.001,train-mode backward before optimizer step,4.212647596666828,0.0,0.0,0.024892878446590785,0.0,,,,
moving_only_16,307,0.001,train-mode backward before optimizer step,2.7224652093166415,0.0,0.0,0.0244858380337258,0.0,,,,
moving_only_16,308,0.001,train-mode backward before optimizer step,2.8682690414877263,0.0,0.0,0.02465033319045593,0.0,,,,
moving_only_16,309,0.001,train-mode backward before optimizer step,2.843667495611113,0.0,0.0,0.02465033319045593,0.0,,,,
moving_only_16,310,0.001,train-mode backward before optimizer step,4.012539880784907,0.0,0.0,0.02465033319045593,0.0,49.22108459472656,1.0,1.0,49.5347785949707
moving_only_16,311,0.001,train-mode backward before optimizer step,2.7974657136111634,0.0,0.0,0.024892878446590785,0.0,,,,
moving_only_16,312,0.001,train-mode backward before optimizer step,2.9769824740646498,0.0,0.0,0.0244858380337258,0.0,,,,
moving_only_16,313,0.001,train-mode backward before optimizer step,2.693815708029759,0.0,0.0,0.024534125857526935,0.0,,,,
moving_only_16,314,0.001,train-mode backward before optimizer step,2.799623068850768,0.0,0.0,0.024892878446590785,0.0,,,,
moving_only_16,315,0.001,train-mode backward before optimizer step,3.146063096651798,0.0,0.0,0.02465033319045593,0.0,,,,
moving_only_16,316,0.001,train-mode backward before optimizer step,3.12861764480493,0.0,0.0,0.0244858380337258,0.0,,,,
moving_only_16,317,0.001,train-mode backward before optimizer step,3.224706511190175,0.0,0.0,0.024534125857526935,0.0,,,,
moving_only_16,318,0.001,train-mode backward before optimizer step,1.9525672562941239,0.0,0.0,0.008433707032343415,0.0,,,,
moving_only_16,319,0.001,train-mode backward before optimizer step,3.99342838295044,0.0,0.0,0.0244858380337258,0.0,,,,
moving_only_16,320,0.001,train-mode backward before optimizer step,3.773503933183967,0.0,0.0,0.02465033319045593,0.0,48.354454040527344,1.0,1.0,49.5347785949707
moving_only_16,321,0.001,train-mode backward before optimizer step,3.2703210356994274,0.0,0.0,0.0244858380337258,0.0,,,,
moving_only_16,322,0.001,train-mode backward before optimizer step,2.2443922869759803,0.0,0.0,0.010373711312435299,0.0,,,,
moving_only_16,323,0.001,train-mode backward before optimizer step,3.639775262360075,0.0,0.0,0.024892878446590785,0.0,,,,
moving_only_16,324,0.001,train-mode backward before optimizer step,2.7153353227983525,0.0,0.0,0.02465033319045593,0.0,,,,
moving_only_16,325,0.001,train-mode backward before optimizer step,2.7723673832425124,0.0,0.0,0.007897556852949688,0.0,,,,
moving_only_16,326,0.001,train-mode backward before optimizer step,2.555768559509986,0.0,0.0,0.01303047518622439,0.0,,,,
moving_only_16,327,0.001,train-mode backward before optimizer step,3.9007570077538416,0.0,0.0,0.024534125857526935,0.0,,,,
moving_only_16,328,0.001,train-mode backward before optimizer step,2.619865202870261,0.0,0.0,0.013661330675570228,0.0,,,,
moving_only_16,329,0.001,train-mode backward before optimizer step,3.5232453251121494,0.0,0.0,0.024534125857526935,0.0,,,,
moving_only_16,330,0.001,train-mode backward before optimizer step,2.325955049070528,0.0,0.0,0.024534125857526935,0.0,48.89731216430664,1.0,1.0,49.5347785949707
moving_only_16,331,0.001,train-mode backward before optimizer step,2.515053444421115,0.0,0.0,0.01303047518622439,0.0,,,,
moving_only_16,332,0.001,train-mode backward before optimizer step,3.308005096822528,0.0,0.0,0.024534125857526935,0.0,,,,
moving_only_16,333,0.001,train-mode backward before optimizer step,2.845936555515155,0.0,0.0,0.010373711312435299,0.0,,,,
moving_only_16,334,0.001,train-mode backward before optimizer step,4.023152199265886,0.0,0.0,0.024534125857526935,0.0,,,,
moving_only_16,335,0.001,train-mode backward before optimizer step,2.1764051285486565,0.0,0.0,0.007897556852949688,0.0,,,,
moving_only_16,336,0.001,train-mode backward before optimizer step,3.117395797030644,0.0,0.0,0.009822973529069646,0.0,,,,
moving_only_16,337,0.001,train-mode backward before optimizer step,3.100441328356703,0.0,0.0,0.024892878446590785,0.0,,,,
moving_only_16,338,0.001,train-mode backward before optimizer step,2.7256654703448326,0.0,0.0,0.01303047518622439,0.0,,,,
moving_only_16,339,0.001,train-mode backward before optimizer step,3.737281534006608,0.0,0.0,0.02465033319045593,0.0,,,,
moving_only_16,340,0.001,train-mode backward before optimizer step,3.848825660356371,0.0,0.0,0.02465033319045593,0.0,48.674659729003906,1.0,1.0,49.5347785949707
moving_only_16,341,0.001,train-mode backward before optimizer step,3.031711042776586,0.0,0.0,0.010373711312435299,0.0,,,,
moving_only_16,342,0.001,train-mode backward before optimizer step,4.191326240057108,0.0,0.0,0.02465033319045593,0.0,,,,
moving_only_16,343,0.001,train-mode backward before optimizer step,4.560485269385644,0.0,0.0,0.024534125857526935,0.0,,,,
moving_only_16,344,0.001,train-mode backward before optimizer step,2.967319640811714,0.0,0.0,0.024534125857526935,0.0,,,,
moving_only_16,345,0.001,train-mode backward before optimizer step,2.590255754400864,0.0,0.0,0.01303047518622439,0.0,,,,
moving_only_16,346,0.001,train-mode backward before optimizer step,3.5051969761991884,0.0,0.0,0.024892878446590785,0.0,,,,
moving_only_16,347,0.001,train-mode backward before optimizer step,3.393813573640136,0.0,0.0,0.024534125857526935,0.0,,,,
moving_only_16,348,0.001,train-mode backward before optimizer step,4.000927003329454,0.0,0.0,0.024534125857526935,0.0,,,,
moving_only_16,349,0.001,train-mode backward before optimizer step,2.7162297054720916,0.0,0.0,0.0244858380337258,0.0,,,,
moving_only_16,350,0.001,train-mode backward before optimizer step,1.9688305486326907,0.0,0.0,0.009822973529069646,0.0,48.82011795043945,1.0,1.0,49.5347785949707
moving_only_16,351,0.001,train-mode backward before optimizer step,4.000446987382448,0.0,0.0,0.024534125857526935,0.0,,,,
moving_only_16,352,0.001,train-mode backward before optimizer step,3.3062342774633438,0.0,0.0,0.0244858380337258,0.0,,,,
moving_only_16,353,0.001,train-mode backward before optimizer step,2.4874299923876597,0.0,0.0,0.008433707032343415,0.0,,,,
moving_only_16,354,0.001,train-mode backward before optimizer step,3.7516664092885836,0.0,0.0,0.024534125857526935,0.0,,,,
moving_only_16,355,0.001,train-mode backward before optimizer step,2.3693031772194795,0.0,0.0,0.009822973529069646,0.0,,,,
moving_only_16,356,0.001,train-mode backward before optimizer step,4.240287227655173,0.0,0.0,0.024892878446590785,0.0,,,,
moving_only_16,357,0.001,train-mode backward before optimizer step,4.013295918237976,0.0,0.0,0.024892878446590785,0.0,,,,
moving_only_16,358,0.001,train-mode backward before optimizer step,3.6301867242252026,0.0,0.0,0.0244858380337258,0.0,,,,
moving_only_16,359,0.001,train-mode backward before optimizer step,3.5180097130552244,0.0,0.0,0.007897556852949688,0.0,,,,
moving_only_16,360,0.001,train-mode backward before optimizer step,3.8101251091322808,0.0,0.0,0.024534125857526935,0.0,48.75905990600586,1.0,1.0,49.5347785949707
moving_only_16,361,0.001,train-mode backward before optimizer step,3.6613793950567666,0.0,0.0,0.0244858380337258,0.0,,,,
moving_only_16,362,0.001,train-mode backward before optimizer step,3.7191656989974637,0.0,0.0,0.0244858380337258,0.0,,,,
moving_only_16,363,0.001,train-mode backward before optimizer step,4.0224828652310425,0.0,0.0,0.024534125857526935,0.0,,,,
moving_only_16,364,0.001,train-mode backward before optimizer step,2.1616785334662136,0.0,0.0,0.009822973529069646,0.0,,,,
moving_only_16,365,0.001,train-mode backward before optimizer step,4.24295736327314,0.0,0.0,0.0244858380337258,0.0,,,,
moving_only_16,366,0.001,train-mode backward before optimizer step,2.4599212447454386,0.0,0.0,0.01303047518622439,0.0,,,,
moving_only_16,367,0.001,train-mode backward before optimizer step,3.620883696474582,0.0,0.0,0.0244858380337258,0.0,,,,
moving_only_16,368,0.001,train-mode backward before optimizer step,2.890451791887783,0.0,0.0,0.024534125857526935,0.0,,,,
moving_only_16,369,0.001,train-mode backward before optimizer step,2.5270835113271533,0.0,0.0,0.024892878446590785,0.0,,,,
moving_only_16,370,0.001,train-mode backward before optimizer step,3.8182003446721673,0.0,0.0,0.0244858380337258,0.0,48.824867248535156,1.0,1.0,49.5347785949707
moving_only_16,371,0.001,train-mode backward before optimizer step,2.0876188042996673,0.0,0.0,0.007897556852949688,0.0,,,,
moving_only_16,372,0.001,train-mode backward before optimizer step,2.8451540896608942,0.0,0.0,0.024534125857526935,0.0,,,,
moving_only_16,373,0.001,train-mode backward before optimizer step,2.037237573388253,0.0,0.0,0.010373711312435299,0.0,,,,
moving_only_16,374,0.001,train-mode backward before optimizer step,2.1083227251335575,0.0,0.0,0.008433707032343415,0.0,,,,
moving_only_16,375,0.001,train-mode backward before optimizer step,3.2982409094676015,0.0,0.0,0.02465033319045593,0.0,,,,
moving_only_16,376,0.001,train-mode backward before optimizer step,2.5436509202448665,0.0,0.0,0.01303047518622439,0.0,,,,
moving_only_16,377,0.001,train-mode backward before optimizer step,2.3314042766999483,0.0,0.0,0.009822973529069646,0.0,,,,
moving_only_16,378,0.001,train-mode backward before optimizer step,3.012741697703687,0.0,0.0,0.024534125857526935,0.0,,,,
moving_only_16,379,0.001,train-mode backward before optimizer step,2.8169560149966766,0.0,0.0,0.024892878446590785,0.0,,,,
moving_only_16,380,0.001,train-mode backward before optimizer step,3.635405216506259,0.0,0.0,0.0244858380337258,0.0,48.67045593261719,1.0,1.0,49.5347785949707
moving_only_16,381,0.001,train-mode backward before optimizer step,3.3850291144963864,0.0,0.0,0.024892878446590785,0.0,,,,
moving_only_16,382,0.001,train-mode backward before optimizer step,2.420031179456686,0.0,0.0,0.008433707032343415,0.0,,,,
moving_only_16,383,0.001,train-mode backward before optimizer step,1.897973189413612,0.0,0.0,0.007897556852949688,0.0,,,,
moving_only_16,384,0.001,train-mode backward before optimizer step,3.117014179781716,0.0,0.0,0.0244858380337258,0.0,,,,
moving_only_16,385,0.001,train-mode backward before optimizer step,3.488970391949544,0.0,0.0,0.01303047518622439,0.0,,,,
moving_only_16,386,0.001,train-mode backward before optimizer step,2.905732912465533,0.0,0.0,0.007897556852949688,0.0,,,,
moving_only_16,387,0.001,train-mode backward before optimizer step,3.0167658890345934,0.0,0.0,0.007897556852949688,0.0,,,,
moving_only_16,388,0.001,train-mode backward before optimizer step,3.917799255893761,0.0,0.0,0.01303047518622439,0.0,,,,
moving_only_16,389,0.001,train-mode backward before optimizer step,2.705251276514077,0.0,0.0,0.007897556852949688,0.0,,,,
moving_only_16,390,0.001,train-mode backward before optimizer step,2.646062214716688,0.0,0.0,0.010373711312435299,0.0,48.838748931884766,1.0,1.0,49.5347785949707
moving_only_16,391,0.001,train-mode backward before optimizer step,4.1187827542530835,0.0,0.0,0.02465033319045593,0.0,,,,
moving_only_16,392,0.001,train-mode backward before optimizer step,3.429207103529231,0.0,0.0,0.02465033319045593,0.0,,,,
moving_only_16,393,0.001,train-mode backward before optimizer step,4.170814471508218,0.0,0.0,0.013661330675570228,0.0,,,,
moving_only_16,394,0.001,train-mode backward before optimizer step,4.133289937374621,0.0,0.0,0.02465033319045593,0.0,,,,
moving_only_16,395,0.001,train-mode backward before optimizer step,3.4742105086497292,0.0,0.0,0.024892878446590785,0.0,,,,
moving_only_16,396,0.001,train-mode backward before optimizer step,3.446562856577729,0.0,0.0,0.024534125857526935,0.0,,,,
moving_only_16,397,0.001,train-mode backward before optimizer step,4.379432832118089,0.0,0.0,0.024892878446590785,0.0,,,,
moving_only_16,398,0.001,train-mode backward before optimizer step,4.210747813580008,0.0,0.0,0.02465033319045593,0.0,,,,
moving_only_16,399,0.001,train-mode backward before optimizer step,3.7688449952499896,0.0,0.0,0.0244858380337258,0.0,,,,
moving_only_16,400,0.001,train-mode backward before optimizer step,3.8311011976108484,0.0,0.0,0.0244858380337258,0.0,49.230525970458984,1.0,1.0,49.5347785949707
moving_only_16,401,0.001,train-mode backward before optimizer step,2.7844572964546916,0.0,0.0,0.007897556852949688,0.0,,,,
moving_only_16,402,0.001,train-mode backward before optimizer step,3.9513517366001767,0.0,0.0,0.024892878446590785,0.0,,,,
moving_only_16,403,0.001,train-mode backward before optimizer step,3.4760244996912473,0.0,0.0,0.013661330675570228,0.0,,,,
moving_only_16,404,0.001,train-mode backward before optimizer step,2.91826269011707,0.0,0.0,0.0244858380337258,0.0,,,,
moving_only_16,405,0.001,train-mode backward before optimizer step,2.3824606712398197,0.0,0.0,0.0244858380337258,0.0,,,,
moving_only_16,406,0.001,train-mode backward before optimizer step,3.2696338688394864,0.0,0.0,0.024534125857526935,0.0,,,,
moving_only_16,407,0.001,train-mode backward before optimizer step,3.0334313388515532,0.0,0.0,0.007897556852949688,0.0,,,,
moving_only_16,408,0.001,train-mode backward before optimizer step,2.9390973826453974,0.0,0.0,0.01303047518622439,0.0,,,,
moving_only_16,409,0.001,train-mode backward before optimizer step,3.875559747026335,0.0,0.0,0.024892878446590785,0.0,,,,
moving_only_16,410,0.001,train-mode backward before optimizer step,3.7814451180601494,0.0,0.0,0.02465033319045593,0.0,48.92034912109375,1.0,1.0,49.5347785949707
moving_only_16,411,0.001,train-mode backward before optimizer step,3.6021878840109567,0.0,0.0,0.024892878446590785,0.0,,,,
moving_only_16,412,0.001,train-mode backward before optimizer step,2.4617402937170154,0.0,0.0,0.007897556852949688,0.0,,,,
moving_only_16,413,0.001,train-mode backward before optimizer step,2.097471433978682,0.0,0.0,0.013661330675570228,0.0,,,,
moving_only_16,414,0.001,train-mode backward before optimizer step,3.634976814845672,0.0,0.0,0.0244858380337258,0.0,,,,
moving_only_16,415,0.001,train-mode backward before optimizer step,3.450127602368774,0.0,0.0,0.024534125857526935,0.0,,,,
moving_only_16,416,0.001,train-mode backward before optimizer step,4.367661982743664,0.0,0.0,0.024892878446590785,0.0,,,,
moving_only_16,417,0.001,train-mode backward before optimizer step,2.716189026429534,0.0,0.0,0.024534125857526935,0.0,,,,
moving_only_16,418,0.001,train-mode backward before optimizer step,2.4030549027504087,0.0,0.0,0.0244858380337258,0.0,,,,
moving_only_16,419,0.001,train-mode backward before optimizer step,3.735624066199176,0.0,0.0,0.024892878446590785,0.0,,,,
moving_only_16,420,0.001,train-mode backward before optimizer step,2.6556190916435916,0.0,0.0,0.024892878446590785,0.0,49.18152618408203,1.0,1.0,49.5347785949707
moving_only_16,421,0.001,train-mode backward before optimizer step,4.218746324574073,0.0,0.0,0.024534125857526935,0.0,,,,
moving_only_16,422,0.001,train-mode backward before optimizer step,2.7124228757697115,0.0,0.0,0.007897556852949688,0.0,,,,
moving_only_16,423,0.001,train-mode backward before optimizer step,2.166282977690232,0.0,0.0,0.009822973529069646,0.0,,,,
moving_only_16,424,0.001,train-mode backward before optimizer step,3.7517315384834564,0.0,0.0,0.0244858380337258,0.0,,,,
moving_only_16,425,0.001,train-mode backward before optimizer step,2.2183064573806894,0.0,0.0,0.01303047518622439,0.0,,,,
moving_only_16,426,0.001,train-mode backward before optimizer step,2.3652919121326454,0.0,0.0,0.024534125857526935,0.0,,,,
moving_only_16,427,0.001,train-mode backward before optimizer step,3.9634381945538806,0.0,0.0,0.010373711312435299,0.0,,,,
moving_only_16,428,0.001,train-mode backward before optimizer step,3.800762492031975,0.0,0.0,0.010373711312435299,0.0,,,,
moving_only_16,429,0.001,train-mode backward before optimizer step,2.644663516715398,0.0,0.0,0.008433707032343415,0.0,,,,
moving_only_16,430,0.001,train-mode backward before optimizer step,3.9424241751558835,0.0,0.0,0.024534125857526935,0.0,48.79021453857422,1.0,1.0,49.5347785949707
moving_only_16,431,0.001,train-mode backward before optimizer step,4.769557054899755,0.0,0.0,0.024892878446590785,0.0,,,,
moving_only_16,432,0.001,train-mode backward before optimizer step,3.2363695255856837,0.0,0.0,0.024534125857526935,0.0,,,,
moving_only_16,433,0.001,train-mode backward before optimizer step,4.4546661635121,0.0,0.0,0.024534125857526935,0.0,,,,
moving_only_16,434,0.001,train-mode backward before optimizer step,3.4786168833056643,0.0,0.0,0.024892878446590785,0.0,,,,
moving_only_16,435,0.001,train-mode backward before optimizer step,3.19269946224937,0.0,0.0,0.02465033319045593,0.0,,,,
moving_only_16,436,0.001,train-mode backward before optimizer step,3.093888908221734,0.0,0.0,0.0244858380337258,0.0,,,,
moving_only_16,437,0.001,train-mode backward before optimizer step,2.2989546548969826,0.0,0.0,0.010373711312435299,0.0,,,,
moving_only_16,438,0.001,train-mode backward before optimizer step,2.655823094603661,0.0,0.0,0.010373711312435299,0.0,,,,
moving_only_16,439,0.001,train-mode backward before optimizer step,2.9599175498866517,0.0,0.0,0.02465033319045593,0.0,,,,
moving_only_16,440,0.001,train-mode backward before optimizer step,3.249756128539739,0.0,0.0,0.024534125857526935,0.0,48.78504943847656,1.0,1.0,49.5347785949707
moving_only_16,441,0.001,train-mode backward before optimizer step,3.377455868083681,0.0,0.0,0.02465033319045593,0.0,,,,
moving_only_16,442,0.001,train-mode backward before optimizer step,2.381523391579421,0.0,0.0,0.010373711312435299,0.0,,,,
moving_only_16,443,0.001,train-mode backward before optimizer step,2.7199284874995078,0.0,0.0,0.01303047518622439,0.0,,,,
moving_only_16,444,0.001,train-mode backward before optimizer step,2.214735288785375,0.0,0.0,0.010373711312435299,0.0,,,,
moving_only_16,445,0.001,train-mode backward before optimizer step,2.3352014197015323,0.0,0.0,0.009822973529069646,0.0,,,,
moving_only_16,446,0.001,train-mode backward before optimizer step,3.3668531004522126,0.0,0.0,0.024534125857526935,0.0,,,,
moving_only_16,447,0.001,train-mode backward before optimizer step,2.360094288946124,0.0,0.0,0.010373711312435299,0.0,,,,
moving_only_16,448,0.001,train-mode backward before optimizer step,2.3457088559037675,0.0,0.0,0.02465033319045593,0.0,,,,
moving_only_16,449,0.001,train-mode backward before optimizer step,3.650935824682815,0.0,0.0,0.024892878446590785,0.0,,,,
moving_only_16,450,0.001,train-mode backward before optimizer step,3.2642749126353325,0.0,0.0,0.010373711312435299,0.0,48.678070068359375,1.0,1.0,49.5347785949707
moving_only_16,451,0.001,train-mode backward before optimizer step,2.623896276777796,0.0,0.0,0.02465033319045593,0.0,,,,
moving_only_16,452,0.001,train-mode backward before optimizer step,3.5369310169442523,0.0,0.0,0.024534125857526935,0.0,,,,
moving_only_16,453,0.001,train-mode backward before optimizer step,3.9980644712265563,0.0,0.0,0.02465033319045593,0.0,,,,
moving_only_16,454,0.001,train-mode backward before optimizer step,4.556709476533985,0.0,0.0,0.0244858380337258,0.0,,,,
moving_only_16,455,0.001,train-mode backward before optimizer step,4.126633045508579,0.0,0.0,0.024534125857526935,0.0,,,,
moving_only_16,456,0.001,train-mode backward before optimizer step,3.3557618233611963,0.0,0.0,0.024892878446590785,0.0,,,,
moving_only_16,457,0.001,train-mode backward before optimizer step,3.597096055313042,0.0,0.0,0.0244858380337258,0.0,,,,
moving_only_16,458,0.001,train-mode backward before optimizer step,3.364805515801965,0.0,0.0,0.024534125857526935,0.0,,,,
moving_only_16,459,0.001,train-mode backward before optimizer step,2.6125831922914373,0.0,0.0,0.007897556852949688,0.0,,,,
moving_only_16,460,0.001,train-mode backward before optimizer step,4.001271230712996,0.0,0.0,0.024892878446590785,0.0,49.125858306884766,1.0,1.0,49.5347785949707
moving_only_16,461,0.001,train-mode backward before optimizer step,3.6083154299241627,0.0,0.0,0.009822973529069646,0.0,,,,
moving_only_16,462,0.001,train-mode backward before optimizer step,2.7144800202177115,0.0,0.0,0.008433707032343415,0.0,,,,
moving_only_16,463,0.001,train-mode backward before optimizer step,3.407962673040718,0.0,0.0,0.024534125857526935,0.0,,,,
moving_only_16,464,0.001,train-mode backward before optimizer step,3.7206974545808285,0.0,0.0,0.0244858380337258,0.0,,,,
moving_only_16,465,0.001,train-mode backward before optimizer step,3.6650453767094393,0.0,0.0,0.02465033319045593,0.0,,,,
moving_only_16,466,0.001,train-mode backward before optimizer step,3.425441926408188,0.0,0.0,0.01303047518622439,0.0,,,,
moving_only_16,467,0.001,train-mode backward before optimizer step,3.2335598316360317,0.0,0.0,0.02465033319045593,0.0,,,,
moving_only_16,468,0.001,train-mode backward before optimizer step,4.9414835661248935,0.0,0.0,0.024534125857526935,0.0,,,,
moving_only_16,469,0.001,train-mode backward before optimizer step,3.0711535251288633,0.0,0.0,0.02465033319045593,0.0,,,,
moving_only_16,470,0.001,train-mode backward before optimizer step,3.7966774044843707,0.0,0.0,0.02465033319045593,0.0,48.73430633544922,1.0,1.0,49.5347785949707
moving_only_16,471,0.001,train-mode backward before optimizer step,4.0394578039257,0.0,0.0,0.024534125857526935,0.0,,,,
moving_only_16,472,0.001,train-mode backward before optimizer step,3.0460529330535646,0.0,0.0,0.024534125857526935,0.0,,,,
moving_only_16,473,0.001,train-mode backward before optimizer step,3.546483493367536,0.0,0.0,0.02465033319045593,0.0,,,,
moving_only_16,474,0.001,train-mode backward before optimizer step,3.602416452111263,0.0,0.0,0.024534125857526935,0.0,,,,
moving_only_16,475,0.001,train-mode backward before optimizer step,3.3594164466649405,0.0,0.0,0.0244858380337258,0.0,,,,
moving_only_16,476,0.001,train-mode backward before optimizer step,2.315540947850986,0.0,0.0,0.01303047518622439,0.0,,,,
moving_only_16,477,0.001,train-mode backward before optimizer step,3.770627802361061,0.0,0.0,0.024892878446590785,0.0,,,,
moving_only_16,478,0.001,train-mode backward before optimizer step,2.502510327078559,0.0,0.0,0.008433707032343415,0.0,,,,
moving_only_16,479,0.001,train-mode backward before optimizer step,3.5681061421939897,0.0,0.0,0.024892878446590785,0.0,,,,
moving_only_16,480,0.001,train-mode backward before optimizer step,3.542263893409971,0.0,0.0,0.024534125857526935,0.0,48.55067443847656,1.0,1.0,49.5347785949707
moving_only_16,481,0.001,train-mode backward before optimizer step,3.4341834978927452,0.0,0.0,0.02465033319045593,0.0,,,,
moving_only_16,482,0.001,train-mode backward before optimizer step,1.9428581179371383,0.0,0.0,0.008433707032343415,0.0,,,,
moving_only_16,483,0.001,train-mode backward before optimizer step,2.583764707611362,0.0,0.0,0.01303047518622439,0.0,,,,
moving_only_16,484,0.001,train-mode backward before optimizer step,2.7946023663614117,0.0,0.0,0.01303047518622439,0.0,,,,
moving_only_16,485,0.001,train-mode backward before optimizer step,2.760398287894648,0.0,0.0,0.0244858380337258,0.0,,,,
moving_only_16,486,0.001,train-mode backward before optimizer step,2.988453299873959,0.0,0.0,0.024892878446590785,0.0,,,,
moving_only_16,487,0.001,train-mode backward before optimizer step,3.521576618969089,0.0,0.0,0.024892878446590785,0.0,,,,
moving_only_16,488,0.001,train-mode backward before optimizer step,2.210072506368866,0.0,0.0,0.008433707032343415,0.0,,,,
moving_only_16,489,0.001,train-mode backward before optimizer step,3.5728638136630773,0.0,0.0,0.024534125857526935,0.0,,,,
moving_only_16,490,0.001,train-mode backward before optimizer step,3.295160763237231,0.0,0.0,0.02465033319045593,0.0,48.718505859375,1.0,1.0,49.5347785949707
moving_only_16,491,0.001,train-mode backward before optimizer step,3.8998047936031575,0.0,0.0,0.0244858380337258,0.0,,,,
moving_only_16,492,0.001,train-mode backward before optimizer step,3.5636409527327335,0.0,0.0,0.0244858380337258,0.0,,,,
moving_only_16,493,0.001,train-mode backward before optimizer step,3.75883116760502,0.0,0.0,0.02465033319045593,0.0,,,,
moving_only_16,494,0.001,train-mode backward before optimizer step,3.408258288400944,0.0,0.0,0.007897556852949688,0.0,,,,
moving_only_16,495,0.001,train-mode backward before optimizer step,2.444474374429973,0.0,0.0,0.007897556852949688,0.0,,,,
moving_only_16,496,0.001,train-mode backward before optimizer step,3.8616320398858104,0.0,0.0,0.024892878446590785,0.0,,,,
moving_only_16,497,0.001,train-mode backward before optimizer step,2.7999690507960278,0.0,0.0,0.013661330675570228,0.0,,,,
moving_only_16,498,0.001,train-mode backward before optimizer step,2.8729588054094055,0.0,0.0,0.02465033319045593,0.0,,,,
moving_only_16,499,0.001,train-mode backward before optimizer step,2.573308527760727,0.0,0.0,0.024534125857526935,0.0,,,,
moving_only_16,500,0.001,train-mode backward before optimizer step,2.504166492936486,0.0,0.0,0.009822973529069646,0.0,48.97595977783203,1.0,1.0,49.5347785949707
moving_only_16,501,0.001,train-mode backward before optimizer step,4.420139164812715,0.0,0.0,0.0244858380337258,0.0,,,,
moving_only_16,502,0.001,train-mode backward before optimizer step,2.342307106895138,0.0,0.0,0.024534125857526935,0.0,,,,
moving_only_16,503,0.001,train-mode backward before optimizer step,2.9206648267710795,0.0,0.0,0.024534125857526935,0.0,,,,
moving_only_16,504,0.001,train-mode backward before optimizer step,3.552473946025142,0.0,0.0,0.0244858380337258,0.0,,,,
moving_only_16,505,0.001,train-mode backward before optimizer step,3.1948266263689984,0.0,0.0,0.024534125857526935,0.0,,,,
moving_only_16,506,0.001,train-mode backward before optimizer step,2.7971099608142898,0.0,0.0,0.024892878446590785,0.0,,,,
moving_only_16,507,0.001,train-mode backward before optimizer step,2.2403538446823172,0.0,0.0,0.013661330675570228,0.0,,,,
moving_only_16,508,0.001,train-mode backward before optimizer step,3.2616222764143057,0.0,0.0,0.0244858380337258,0.0,,,,
moving_only_16,509,0.001,train-mode backward before optimizer step,2.2528981300682087,0.0,0.0,0.01303047518622439,0.0,,,,
moving_only_16,510,0.001,train-mode backward before optimizer step,4.0452568792882815,0.0,0.0,0.024534125857526935,0.0,48.98758316040039,1.0,1.0,49.5347785949707
moving_only_16,511,0.001,train-mode backward before optimizer step,2.09098709926838,0.0,0.0,0.010373711312435299,0.0,,,,
moving_only_16,512,0.001,train-mode backward before optimizer step,3.538010836920374,0.0,0.0,0.0244858380337258,0.0,,,,
moving_only_16,513,0.001,train-mode backward before optimizer step,2.8262690262460466,0.0,0.0,0.007897556852949688,0.0,,,,
moving_only_16,514,0.001,train-mode backward before optimizer step,2.9094626135096195,0.0,0.0,0.0244858380337258,0.0,,,,
moving_only_16,515,0.001,train-mode backward before optimizer step,3.406266548345264,0.0,0.0,0.024534125857526935,0.0,,,,
moving_only_16,516,0.001,train-mode backward before optimizer step,3.559780150409096,0.0,0.0,0.013661330675570228,0.0,,,,
moving_only_16,517,0.001,train-mode backward before optimizer step,3.444381192962184,0.0,0.0,0.0244858380337258,0.0,,,,
moving_only_16,518,0.001,train-mode backward before optimizer step,3.4309363139570737,0.0,0.0,0.02465033319045593,0.0,,,,
moving_only_16,519,0.001,train-mode backward before optimizer step,3.922192761174456,0.0,0.0,0.02465033319045593,0.0,,,,
moving_only_16,520,0.001,train-mode backward before optimizer step,3.101076905710944,0.0,0.0,0.010373711312435299,0.0,48.66979217529297,1.0,1.0,49.5347785949707
moving_only_16,521,0.001,train-mode backward before optimizer step,3.2447171206439354,0.0,0.0,0.0244858380337258,0.0,,,,
moving_only_16,522,0.001,train-mode backward before optimizer step,2.88719434072917,0.0,0.0,0.024892878446590785,0.0,,,,
moving_only_16,523,0.001,train-mode backward before optimizer step,2.7036654530566646,0.0,0.0,0.007897556852949688,0.0,,,,
moving_only_16,524,0.001,train-mode backward before optimizer step,2.9664249326445304,0.0,0.0,0.024534125857526935,0.0,,,,
moving_only_16,525,0.001,train-mode backward before optimizer step,3.492748938800199,0.0,0.0,0.024534125857526935,0.0,,,,
moving_only_16,526,0.001,train-mode backward before optimizer step,3.171979758369305,0.0,0.0,0.024534125857526935,0.0,,,,
moving_only_16,527,0.001,train-mode backward before optimizer step,2.4248106736573543,0.0,0.0,0.01303047518622439,0.0,,,,
moving_only_16,528,0.001,train-mode backward before optimizer step,3.6317385556836532,0.0,0.0,0.013661330675570228,0.0,,,,
moving_only_16,529,0.001,train-mode backward before optimizer step,1.82046147306608,0.0,0.0,0.010373711312435299,0.0,,,,
moving_only_16,530,0.001,train-mode backward before optimizer step,3.8495887343300446,0.0,0.0,0.024892878446590785,0.0,48.7789421081543,1.0,1.0,49.5347785949707
moving_only_16,531,0.001,train-mode backward before optimizer step,2.2347550829309513,0.0,0.0,0.007897556852949688,0.0,,,,
moving_only_16,532,0.001,train-mode backward before optimizer step,3.2132015099755575,0.0,0.0,0.0244858380337258,0.0,,,,
moving_only_16,533,0.001,train-mode backward before optimizer step,2.7564596446243566,0.0,0.0,0.024534125857526935,0.0,,,,
moving_only_16,534,0.001,train-mode backward before optimizer step,3.1711107403902448,0.0,0.0,0.024534125857526935,0.0,,,,
moving_only_16,535,0.001,train-mode backward before optimizer step,4.059043715287296,0.0,0.0,0.024534125857526935,0.0,,,,
moving_only_16,536,0.001,train-mode backward before optimizer step,2.540676073846478,0.0,0.0,0.007897556852949688,0.0,,,,
moving_only_16,537,0.001,train-mode backward before optimizer step,3.6287432477892954,0.0,0.0,0.013661330675570228,0.0,,,,
moving_only_16,538,0.001,train-mode backward before optimizer step,2.4986210237161983,0.0,0.0,0.024534125857526935,0.0,,,,
moving_only_16,539,0.001,train-mode backward before optimizer step,3.4908392850592214,0.0,0.0,0.024534125857526935,0.0,,,,
moving_only_16,540,0.001,train-mode backward before optimizer step,3.1684278566749393,0.0,0.0,0.024534125857526935,0.0,48.807777404785156,1.0,1.0,49.5347785949707
moving_only_16,541,0.001,train-mode backward before optimizer step,3.0128484637673854,0.0,0.0,0.024534125857526935,0.0,,,,
moving_only_16,542,0.001,train-mode backward before optimizer step,3.369677539946609,0.0,0.0,0.024892878446590785,0.0,,,,
moving_only_16,543,0.001,train-mode backward before optimizer step,3.6179851222571777,0.0,0.0,0.0244858380337258,0.0,,,,
moving_only_16,544,0.001,train-mode backward before optimizer step,3.0856825543156403,0.0,0.0,0.024534125857526935,0.0,,,,
moving_only_16,545,0.001,train-mode backward before optimizer step,3.195675352415184,0.0,0.0,0.024534125857526935,0.0,,,,
moving_only_16,546,0.001,train-mode backward before optimizer step,3.8767773817448123,0.0,0.0,0.01303047518622439,0.0,,,,
moving_only_16,547,0.001,train-mode backward before optimizer step,3.670366278853447,0.0,0.0,0.024534125857526935,0.0,,,,
moving_only_16,548,0.001,train-mode backward before optimizer step,3.323107635963494,0.0,0.0,0.013661330675570228,0.0,,,,
moving_only_16,549,0.001,train-mode backward before optimizer step,3.5403938154523056,0.0,0.0,0.013661330675570228,0.0,,,,
moving_only_16,550,0.001,train-mode backward before optimizer step,3.4998526685888947,0.0,0.0,0.024534125857526935,0.0,48.31914520263672,1.0,1.0,49.5347785949707
moving_only_16,551,0.001,train-mode backward before optimizer step,4.023827404061826,0.0,0.0,0.024892878446590785,0.0,,,,
moving_only_16,552,0.001,train-mode backward before optimizer step,4.417550964393907,0.0,0.0,0.0244858380337258,0.0,,,,
moving_only_16,553,0.001,train-mode backward before optimizer step,3.218843031748607,0.0,0.0,0.024892878446590785,0.0,,,,
moving_only_16,554,0.001,train-mode backward before optimizer step,3.655069061236454,0.0,0.0,0.0244858380337258,0.0,,,,
moving_only_16,555,0.001,train-mode backward before optimizer step,3.8823936518080333,0.0,0.0,0.024892878446590785,0.0,,,,
moving_only_16,556,0.001,train-mode backward before optimizer step,3.9080982000031264,0.0,0.0,0.024534125857526935,0.0,,,,
moving_only_16,557,0.001,train-mode backward before optimizer step,4.218853737584184,0.0,0.0,0.024534125857526935,0.0,,,,
moving_only_16,558,0.001,train-mode backward before optimizer step,2.818636115773599,0.0,0.0,0.0244858380337258,0.0,,,,
moving_only_16,559,0.001,train-mode backward before optimizer step,2.6981267728652214,0.0,0.0,0.024892878446590785,0.0,,,,
moving_only_16,560,0.001,train-mode backward before optimizer step,3.5602654368290425,0.0,0.0,0.024534125857526935,0.0,48.69613265991211,1.0,1.0,49.5347785949707
moving_only_16,561,0.001,train-mode backward before optimizer step,3.7569556212516892,0.0,0.0,0.024534125857526935,0.0,,,,
moving_only_16,562,0.001,train-mode backward before optimizer step,3.740581921003829,0.0,0.0,0.010373711312435299,0.0,,,,
moving_only_16,563,0.001,train-mode backward before optimizer step,4.2910762351650185,0.0,0.0,0.02465033319045593,0.0,,,,
moving_only_16,564,0.001,train-mode backward before optimizer step,2.9421582365667,0.0,0.0,0.013661330675570228,0.0,,,,
moving_only_16,565,0.001,train-mode backward before optimizer step,4.552111455259921,0.0,0.0,0.0244858380337258,0.0,,,,
moving_only_16,566,0.001,train-mode backward before optimizer step,3.418981165428611,0.0,0.0,0.009822973529069646,0.0,,,,
moving_only_16,567,0.001,train-mode backward before optimizer step,4.1005896665984904,0.0,0.0,0.024534125857526935,0.0,,,,
moving_only_16,568,0.001,train-mode backward before optimizer step,4.15636373251394,0.0,0.0,0.0244858380337258,0.0,,,,
moving_only_16,569,0.001,train-mode backward before optimizer step,4.8827877921394975,0.0,0.0,0.024892878446590785,0.0,,,,
moving_only_16,570,0.001,train-mode backward before optimizer step,4.157868263155694,0.0,0.0,0.0244858380337258,0.0,48.67909622192383,1.0,1.0,49.5347785949707
moving_only_16,571,0.001,train-mode backward before optimizer step,3.8645885605639467,0.0,0.0,0.007897556852949688,0.0,,,,
moving_only_16,572,0.001,train-mode backward before optimizer step,3.7379199444392572,0.0,0.0,0.024892878446590785,0.0,,,,
moving_only_16,573,0.001,train-mode backward before optimizer step,3.570129765937933,0.0,0.0,0.01303047518622439,0.0,,,,
moving_only_16,574,0.001,train-mode backward before optimizer step,4.134804185029102,0.0,0.0,0.02465033319045593,0.0,,,,
moving_only_16,575,0.001,train-mode backward before optimizer step,3.822998775900495,0.0,0.0,0.013661330675570228,0.0,,,,
moving_only_16,576,0.001,train-mode backward before optimizer step,2.9464071103143596,0.0,0.0,0.009822973529069646,0.0,,,,
moving_only_16,577,0.001,train-mode backward before optimizer step,3.0007703806799197,0.0,0.0,0.0244858380337258,0.0,,,,
moving_only_16,578,0.001,train-mode backward before optimizer step,3.652418230887243,0.0,0.0,0.010373711312435299,0.0,,,,
moving_only_16,579,0.001,train-mode backward before optimizer step,2.350748181789547,0.0,0.0,0.009822973529069646,0.0,,,,
moving_only_16,580,0.001,train-mode backward before optimizer step,3.4185923600931294,0.0,0.0,0.02465033319045593,0.0,49.07875061035156,1.0,1.0,49.5347785949707
moving_only_16,581,0.001,train-mode backward before optimizer step,2.428647040349925,0.0,0.0,0.007897556852949688,0.0,,,,
moving_only_16,582,0.001,train-mode backward before optimizer step,3.379336467075846,0.0,0.0,0.01303047518622439,0.0,,,,
moving_only_16,583,0.001,train-mode backward before optimizer step,3.2063548163564475,0.0,0.0,0.02465033319045593,0.0,,,,
moving_only_16,584,0.001,train-mode backward before optimizer step,2.6180125894896236,0.0,0.0,0.008433707032343415,0.0,,,,
moving_only_16,585,0.001,train-mode backward before optimizer step,2.9031145123918867,0.0,0.0,0.009822973529069646,0.0,,,,
moving_only_16,586,0.001,train-mode backward before optimizer step,3.9052856037929544,0.0,0.0,0.024534125857526935,0.0,,,,
moving_only_16,587,0.001,train-mode backward before optimizer step,2.6793757323158873,0.0,0.0,0.010373711312435299,0.0,,,,
moving_only_16,588,0.001,train-mode backward before optimizer step,3.6264549308927863,0.0,0.0,0.024534125857526935,0.0,,,,
moving_only_16,589,0.001,train-mode backward before optimizer step,3.2245464494656906,0.0,0.0,0.01303047518622439,0.0,,,,
moving_only_16,590,0.001,train-mode backward before optimizer step,2.294397909424667,0.0,0.0,0.01303047518622439,0.0,48.8289909362793,1.0,1.0,49.5347785949707
moving_only_16,591,0.001,train-mode backward before optimizer step,2.9191387786639735,0.0,0.0,0.0244858380337258,0.0,,,,
moving_only_16,592,0.001,train-mode backward before optimizer step,2.4408445823926415,0.0,0.0,0.024892878446590785,0.0,,,,
moving_only_16,593,0.001,train-mode backward before optimizer step,3.7249458001242695,0.0,0.0,0.0244858380337258,0.0,,,,
moving_only_16,594,0.001,train-mode backward before optimizer step,2.97110525250611,0.0,0.0,0.009822973529069646,0.0,,,,
moving_only_16,595,0.001,train-mode backward before optimizer step,2.4006940160034946,0.0,0.0,0.008433707032343415,0.0,,,,
moving_only_16,596,0.001,train-mode backward before optimizer step,2.845520553049086,0.0,0.0,0.0244858380337258,0.0,,,,
moving_only_16,597,0.001,train-mode backward before optimizer step,2.621426445020979,0.0,0.0,0.010373711312435299,0.0,,,,
moving_only_16,598,0.001,train-mode backward before optimizer step,3.1854739207755407,0.0,0.0,0.02465033319045593,0.0,,,,
moving_only_16,599,0.001,train-mode backward before optimizer step,3.877900497470622,0.0,0.0,0.0244858380337258,0.0,,,,
moving_only_16,600,0.001,train-mode backward before optimizer step,3.618655589708279,0.0,0.0,0.0244858380337258,0.0,49.15302276611328,1.0,1.0,49.5347785949707
moving_only_16,601,0.001,train-mode backward before optimizer step,3.7669068695408714,0.0,0.0,0.0244858380337258,0.0,,,,
moving_only_16,602,0.001,train-mode backward before optimizer step,3.1876516276382896,0.0,0.0,0.024534125857526935,0.0,,,,
moving_only_16,603,0.001,train-mode backward before optimizer step,2.517825864892105,0.0,0.0,0.02465033319045593,0.0,,,,
moving_only_16,604,0.001,train-mode backward before optimizer step,2.2970176319894677,0.0,0.0,0.009822973529069646,0.0,,,,
moving_only_16,605,0.001,train-mode backward before optimizer step,2.1149871603626784,0.0,0.0,0.009822973529069646,0.0,,,,
moving_only_16,606,0.001,train-mode backward before optimizer step,2.9830929541014566,0.0,0.0,0.0244858380337258,0.0,,,,
moving_only_16,607,0.001,train-mode backward before optimizer step,2.492579652256383,0.0,0.0,0.0244858380337258,0.0,,,,
moving_only_16,608,0.001,train-mode backward before optimizer step,2.1177536835022615,0.0,0.0,0.010373711312435299,0.0,,,,
moving_only_16,609,0.001,train-mode backward before optimizer step,2.6861273772213514,0.0,0.0,0.01303047518622439,0.0,,,,
moving_only_16,610,0.001,train-mode backward before optimizer step,2.037098522161232,0.0,0.0,0.008433707032343415,0.0,48.767906188964844,1.0,1.0,49.5347785949707
moving_only_16,611,0.001,train-mode backward before optimizer step,2.812483415832736,0.0,0.0,0.0244858380337258,0.0,,,,
moving_only_16,612,0.001,train-mode backward before optimizer step,2.7250418107768044,0.0,0.0,0.009822973529069646,0.0,,,,
moving_only_16,613,0.001,train-mode backward before optimizer step,2.8433777556771305,0.0,0.0,0.0244858380337258,0.0,,,,
moving_only_16,614,0.001,train-mode backward before optimizer step,3.380090831707587,0.0,0.0,0.010373711312435299,0.0,,,,
moving_only_16,615,0.001,train-mode backward before optimizer step,3.1501982373032638,0.0,0.0,0.0244858380337258,0.0,,,,
moving_only_16,616,0.001,train-mode backward before optimizer step,2.6007475758988767,0.0,0.0,0.024892878446590785,0.0,,,,
moving_only_16,617,0.001,train-mode backward before optimizer step,2.8114121772739136,0.0,0.0,0.02465033319045593,0.0,,,,
moving_only_16,618,0.001,train-mode backward before optimizer step,3.1854609861232452,0.0,0.0,0.024534125857526935,0.0,,,,
moving_only_16,619,0.001,train-mode backward before optimizer step,3.19475227056415,0.0,0.0,0.0244858380337258,0.0,,,,
moving_only_16,620,0.001,train-mode backward before optimizer step,2.5574131073979514,0.0,0.0,0.009822973529069646,0.0,48.64970397949219,1.0,1.0,49.5347785949707
moving_only_16,621,0.001,train-mode backward before optimizer step,4.033528657881842,0.0,0.0,0.01303047518622439,0.0,,,,
moving_only_16,622,0.001,train-mode backward before optimizer step,4.1932562220565135,0.0,0.0,0.02465033319045593,0.0,,,,
moving_only_16,623,0.001,train-mode backward before optimizer step,3.5111785247388223,0.0,0.0,0.024534125857526935,0.0,,,,
moving_only_16,624,0.001,train-mode backward before optimizer step,3.9258521719609787,0.0,0.0,0.0244858380337258,0.0,,,,
moving_only_16,625,0.001,train-mode backward before optimizer step,2.960368778068685,0.0,0.0,0.02465033319045593,0.0,,,,
moving_only_16,626,0.001,train-mode backward before optimizer step,3.416974599410694,0.0,0.0,0.010373711312435299,0.0,,,,
moving_only_16,627,0.001,train-mode backward before optimizer step,3.810408919795728,0.0,0.0,0.024892878446590785,0.0,,,,
moving_only_16,628,0.001,train-mode backward before optimizer step,3.621475197994746,0.0,0.0,0.024534125857526935,0.0,,,,
moving_only_16,629,0.001,train-mode backward before optimizer step,2.5835776949547067,0.0,0.0,0.02465033319045593,0.0,,,,
moving_only_16,630,0.001,train-mode backward before optimizer step,3.34321693501326,0.0,0.0,0.02465033319045593,0.0,48.73251724243164,1.0,1.0,49.5347785949707
moving_only_16,631,0.001,train-mode backward before optimizer step,3.274986791555349,0.0,0.0,0.02465033319045593,0.0,,,,
moving_only_16,632,0.001,train-mode backward before optimizer step,3.6447419201537996,0.0,0.0,0.0244858380337258,0.0,,,,
moving_only_16,633,0.001,train-mode backward before optimizer step,2.4046081979438254,0.0,0.0,0.010373711312435299,0.0,,,,
moving_only_16,634,0.001,train-mode backward before optimizer step,3.545615710128162,0.0,0.0,0.0244858380337258,0.0,,,,
moving_only_16,635,0.001,train-mode backward before optimizer step,3.3025288483241595,0.0,0.0,0.0244858380337258,0.0,,,,
moving_only_16,636,0.001,train-mode backward before optimizer step,4.1403883473615934,0.0,0.0,0.02465033319045593,0.0,,,,
moving_only_16,637,0.001,train-mode backward before optimizer step,3.209854675341141,0.0,0.0,0.02465033319045593,0.0,,,,
moving_only_16,638,0.001,train-mode backward before optimizer step,3.9052672477004142,0.0,0.0,0.01303047518622439,0.0,,,,
moving_only_16,639,0.001,train-mode backward before optimizer step,3.6036525415825964,0.0,0.0,0.02465033319045593,0.0,,,,
moving_only_16,640,0.001,train-mode backward before optimizer step,3.5893110944988877,0.0,0.0,0.010373711312435299,0.0,48.53349304199219,1.0,1.0,49.5347785949707
moving_only_16,641,0.001,train-mode backward before optimizer step,2.690708858675896,0.0,0.0,0.007897556852949688,0.0,,,,
moving_only_16,642,0.001,train-mode backward before optimizer step,2.7318210717709013,0.0,0.0,0.007897556852949688,0.0,,,,
moving_only_16,643,0.001,train-mode backward before optimizer step,3.4876736668275035,0.0,0.0,0.01303047518622439,0.0,,,,
moving_only_16,644,0.001,train-mode backward before optimizer step,2.7942533972160835,0.0,0.0,0.007897556852949688,0.0,,,,
moving_only_16,645,0.001,train-mode backward before optimizer step,3.7039757520160457,0.0,0.0,0.0244858380337258,0.0,,,,
moving_only_16,646,0.001,train-mode backward before optimizer step,3.7456806259322066,0.0,0.0,0.0244858380337258,0.0,,,,
moving_only_16,647,0.001,train-mode backward before optimizer step,3.1153718051241173,0.0,0.0,0.0244858380337258,0.0,,,,
moving_only_16,648,0.001,train-mode backward before optimizer step,3.5423008390979254,0.0,0.0,0.02465033319045593,0.0,,,,
moving_only_16,649,0.001,train-mode backward before optimizer step,2.432846420273755,0.0,0.0,0.009822973529069646,0.0,,,,
moving_only_16,650,0.001,train-mode backward before optimizer step,2.7706893887113506,0.0,0.0,0.013661330675570228,0.0,49.27157974243164,1.0,1.0,49.5347785949707
moving_only_16,651,0.001,train-mode backward before optimizer step,2.5504008203276785,0.0,0.0,0.007897556852949688,0.0,,,,
moving_only_16,652,0.001,train-mode backward before optimizer step,2.7811906010351257,0.0,0.0,0.024534125857526935,0.0,,,,
moving_only_16,653,0.001,train-mode backward before optimizer step,4.186793605181547,0.0,0.0,0.024534125857526935,0.0,,,,
moving_only_16,654,0.001,train-mode backward before optimizer step,3.5722494003129994,0.0,0.0,0.024892878446590785,0.0,,,,
moving_only_16,655,0.001,train-mode backward before optimizer step,2.727561013356905,0.0,0.0,0.010373711312435299,0.0,,,,
moving_only_16,656,0.001,train-mode backward before optimizer step,2.521522667745359,0.0,0.0,0.010373711312435299,0.0,,,,
moving_only_16,657,0.001,train-mode backward before optimizer step,3.9077631481669433,0.0,0.0,0.0244858380337258,0.0,,,,
moving_only_16,658,0.001,train-mode backward before optimizer step,2.8987346508060137,0.0,0.0,0.024892878446590785,0.0,,,,
moving_only_16,659,0.001,train-mode backward before optimizer step,3.5064995359929756,0.0,0.0,0.024892878446590785,0.0,,,,
moving_only_16,660,0.001,train-mode backward before optimizer step,3.3600470629253216,0.0,0.0,0.024534125857526935,0.0,48.753910064697266,1.0,1.0,49.5347785949707
moving_only_16,661,0.001,train-mode backward before optimizer step,3.7250681005715407,0.0,0.0,0.02465033319045593,0.0,,,,
moving_only_16,662,0.001,train-mode backward before optimizer step,3.6005509096395185,0.0,0.0,0.024892878446590785,0.0,,,,
moving_only_16,663,0.001,train-mode backward before optimizer step,2.809027462105304,0.0,0.0,0.0244858380337258,0.0,,,,
moving_only_16,664,0.001,train-mode backward before optimizer step,3.622120329504136,0.0,0.0,0.024534125857526935,0.0,,,,
moving_only_16,665,0.001,train-mode backward before optimizer step,3.417946043052826,0.0,0.0,0.024892878446590785,0.0,,,,
moving_only_16,666,0.001,train-mode backward before optimizer step,3.2176855720628628,0.0,0.0,0.024892878446590785,0.0,,,,
moving_only_16,667,0.001,train-mode backward before optimizer step,2.2449563413875446,0.0,0.0,0.007897556852949688,0.0,,,,
moving_only_16,668,0.001,train-mode backward before optimizer step,3.2433302046527492,0.0,0.0,0.013661330675570228,0.0,,,,
moving_only_16,669,0.001,train-mode backward before optimizer step,2.9093948285816205,0.0,0.0,0.013661330675570228,0.0,,,,
moving_only_16,670,0.001,train-mode backward before optimizer step,2.2377198736106165,0.0,0.0,0.024534125857526935,0.0,48.80039596557617,1.0,1.0,49.5347785949707
moving_only_16,671,0.001,train-mode backward before optimizer step,2.8259697982777467,0.0,0.0,0.024534125857526935,0.0,,,,
moving_only_16,672,0.001,train-mode backward before optimizer step,3.417824154472319,0.0,0.0,0.02465033319045593,0.0,,,,
moving_only_16,673,0.001,train-mode backward before optimizer step,3.915510634511107,0.0,0.0,0.01303047518622439,0.0,,,,
moving_only_16,674,0.001,train-mode backward before optimizer step,2.786591311705839,0.0,0.0,0.024534125857526935,0.0,,,,
moving_only_16,675,0.001,train-mode backward before optimizer step,3.572516053246523,0.0,0.0,0.0244858380337258,0.0,,,,
moving_only_16,676,0.001,train-mode backward before optimizer step,3.661971569981251,0.0,0.0,0.02465033319045593,0.0,,,,
moving_only_16,677,0.001,train-mode backward before optimizer step,3.341329462931355,0.0,0.0,0.024892878446590785,0.0,,,,
moving_only_16,678,0.001,train-mode backward before optimizer step,2.401988662160667,0.0,0.0,0.009822973529069646,0.0,,,,
moving_only_16,679,0.001,train-mode backward before optimizer step,3.476784766038023,0.0,0.0,0.024534125857526935,0.0,,,,
moving_only_16,680,0.001,train-mode backward before optimizer step,3.216891896202388,0.0,0.0,0.024892878446590785,0.0,48.9166259765625,1.0,1.0,49.5347785949707
moving_only_16,681,0.001,train-mode backward before optimizer step,3.623073691853481,0.0,0.0,0.024892878446590785,0.0,,,,
moving_only_16,682,0.001,train-mode backward before optimizer step,2.9514818791586204,0.0,0.0,0.024534125857526935,0.0,,,,
moving_only_16,683,0.001,train-mode backward before optimizer step,3.1094564280813612,0.0,0.0,0.02465033319045593,0.0,,,,
moving_only_16,684,0.001,train-mode backward before optimizer step,3.1765151024175378,0.0,0.0,0.0244858380337258,0.0,,,,
moving_only_16,685,0.001,train-mode backward before optimizer step,3.4201986362678194,0.0,0.0,0.0244858380337258,0.0,,,,
moving_only_16,686,0.001,train-mode backward before optimizer step,3.270662604285595,0.0,0.0,0.024534125857526935,0.0,,,,
moving_only_16,687,0.001,train-mode backward before optimizer step,2.9166258761011377,0.0,0.0,0.01303047518622439,0.0,,,,
moving_only_16,688,0.001,train-mode backward before optimizer step,3.380120478842717,0.0,0.0,0.02465033319045593,0.0,,,,
moving_only_16,689,0.001,train-mode backward before optimizer step,2.4706060233806073,0.0,0.0,0.008433707032343415,0.0,,,,
moving_only_16,690,0.001,train-mode backward before optimizer step,3.1209161876565337,0.0,0.0,0.013661330675570228,0.0,48.648101806640625,1.0,1.0,49.5347785949707
moving_only_16,691,0.001,train-mode backward before optimizer step,3.8407556721005736,0.0,0.0,0.0244858380337258,0.0,,,,
moving_only_16,692,0.001,train-mode backward before optimizer step,3.327313948082429,0.0,0.0,0.024892878446590785,0.0,,,,
moving_only_16,693,0.001,train-mode backward before optimizer step,3.7610087921913617,0.0,0.0,0.0244858380337258,0.0,,,,
moving_only_16,694,0.001,train-mode backward before optimizer step,3.2561439118349584,0.0,0.0,0.01303047518622439,0.0,,,,
moving_only_16,695,0.001,train-mode backward before optimizer step,4.303206229930768,0.0,0.0,0.0244858380337258,0.0,,,,
moving_only_16,696,0.001,train-mode backward before optimizer step,3.740852539796234,0.0,0.0,0.013661330675570228,0.0,,,,
moving_only_16,697,0.001,train-mode backward before optimizer step,3.354036428475502,0.0,0.0,0.02465033319045593,0.0,,,,
moving_only_16,698,0.001,train-mode backward before optimizer step,3.083375388506623,0.0,0.0,0.02465033319045593,0.0,,,,
moving_only_16,699,0.001,train-mode backward before optimizer step,4.049259889222719,0.0,0.0,0.024534125857526935,0.0,,,,
moving_only_16,700,0.001,train-mode backward before optimizer step,4.456839338026502,0.0,0.0,0.02465033319045593,0.0,48.72177505493164,1.0,1.0,49.5347785949707
moving_only_16,701,0.001,train-mode backward before optimizer step,2.938804184870158,0.0,0.0,0.0244858380337258,0.0,,,,
moving_only_16,702,0.001,train-mode backward before optimizer step,2.2431322544976653,0.0,0.0,0.010373711312435299,0.0,,,,
moving_only_16,703,0.001,train-mode backward before optimizer step,3.677863366410448,0.0,0.0,0.024534125857526935,0.0,,,,
moving_only_16,704,0.001,train-mode backward before optimizer step,2.9883219500537046,0.0,0.0,0.0244858380337258,0.0,,,,
moving_only_16,705,0.001,train-mode backward before optimizer step,2.8403292154863395,0.0,0.0,0.01303047518622439,0.0,,,,
moving_only_16,706,0.001,train-mode backward before optimizer step,3.250073007494542,0.0,0.0,0.02465033319045593,0.0,,,,
moving_only_16,707,0.001,train-mode backward before optimizer step,3.9581407650835376,0.0,0.0,0.024892878446590785,0.0,,,,
moving_only_16,708,0.001,train-mode backward before optimizer step,4.306733652725474,0.0,0.0,0.02465033319045593,0.0,,,,
moving_only_16,709,0.001,train-mode backward before optimizer step,3.1902322342839224,0.0,0.0,0.0244858380337258,0.0,,,,
moving_only_16,710,0.001,train-mode backward before optimizer step,2.9892958724660614,0.0,0.0,0.010373711312435299,0.0,49.081703186035156,1.0,1.0,49.5347785949707
moving_only_16,711,0.001,train-mode backward before optimizer step,4.351903048974919,0.0,0.0,0.024892878446590785,0.0,,,,
moving_only_16,712,0.001,train-mode backward before optimizer step,2.9332719621703394,0.0,0.0,0.01303047518622439,0.0,,,,
moving_only_16,713,0.001,train-mode backward before optimizer step,3.4832170512566294,0.0,0.0,0.02465033319045593,0.0,,,,
moving_only_16,714,0.001,train-mode backward before optimizer step,3.847158600691902,0.0,0.0,0.024534125857526935,0.0,,,,
moving_only_16,715,0.001,train-mode backward before optimizer step,4.220363192040409,0.0,0.0,0.0244858380337258,0.0,,,,
moving_only_16,716,0.001,train-mode backward before optimizer step,3.7686696724642763,0.0,0.0,0.010373711312435299,0.0,,,,
moving_only_16,717,0.001,train-mode backward before optimizer step,2.2960031650467974,0.0,0.0,0.01303047518622439,0.0,,,,
moving_only_16,718,0.001,train-mode backward before optimizer step,3.991455972873887,0.0,0.0,0.009822973529069646,0.0,,,,
moving_only_16,719,0.001,train-mode backward before optimizer step,3.9925313164417457,0.0,0.0,0.024534125857526935,0.0,,,,
moving_only_16,720,0.001,train-mode backward before optimizer step,3.9802325947568997,0.0,0.0,0.02465033319045593,0.0,48.85816192626953,1.0,1.0,49.5347785949707
moving_only_16,721,0.001,train-mode backward before optimizer step,3.5052970203365947,0.0,0.0,0.024534125857526935,0.0,,,,
moving_only_16,722,0.001,train-mode backward before optimizer step,3.695124451771231,0.0,0.0,0.0244858380337258,0.0,,,,
moving_only_16,723,0.001,train-mode backward before optimizer step,3.6921417606818703,0.0,0.0,0.024534125857526935,0.0,,,,
moving_only_16,724,0.001,train-mode backward before optimizer step,3.5400169732851205,0.0,0.0,0.02465033319045593,0.0,,,,
moving_only_16,725,0.001,train-mode backward before optimizer step,2.616492555977186,0.0,0.0,0.007897556852949688,0.0,,,,
moving_only_16,726,0.001,train-mode backward before optimizer step,2.9941594414698014,0.0,0.0,0.0244858380337258,0.0,,,,
moving_only_16,727,0.001,train-mode backward before optimizer step,3.7236140671199154,0.0,0.0,0.02465033319045593,0.0,,,,
moving_only_16,728,0.001,train-mode backward before optimizer step,4.4793033885850235,0.0,0.0,0.024534125857526935,0.0,,,,
moving_only_16,729,0.001,train-mode backward before optimizer step,3.4879565624441224,0.0,0.0,0.01303047518622439,0.0,,,,
moving_only_16,730,0.001,train-mode backward before optimizer step,3.5881710781011518,0.0,0.0,0.0244858380337258,0.0,49.03837585449219,1.0,1.0,49.5347785949707
moving_only_16,731,0.001,train-mode backward before optimizer step,2.810464144637738,0.0,0.0,0.024534125857526935,0.0,,,,
moving_only_16,732,0.001,train-mode backward before optimizer step,3.9805946159231955,0.0,0.0,0.02465033319045593,0.0,,,,
moving_only_16,733,0.001,train-mode backward before optimizer step,3.4398550259870775,0.0,0.0,0.013661330675570228,0.0,,,,
moving_only_16,734,0.001,train-mode backward before optimizer step,3.655181983489609,0.0,0.0,0.024534125857526935,0.0,,,,
moving_only_16,735,0.001,train-mode backward before optimizer step,2.9367800832906146,0.0,0.0,0.0244858380337258,0.0,,,,
moving_only_16,736,0.001,train-mode backward before optimizer step,3.42403576896772,0.0,0.0,0.0244858380337258,0.0,,,,
moving_only_16,737,0.001,train-mode backward before optimizer step,3.2137912349022097,0.0,0.0,0.0244858380337258,0.0,,,,
moving_only_16,738,0.001,train-mode backward before optimizer step,3.4971130002262276,0.0,0.0,0.0244858380337258,0.0,,,,
moving_only_16,739,0.001,train-mode backward before optimizer step,3.1847308370675527,0.0,0.0,0.024892878446590785,0.0,,,,
moving_only_16,740,0.001,train-mode backward before optimizer step,2.5495932194565123,0.0,0.0,0.008433707032343415,0.0,48.84251022338867,1.0,1.0,49.5347785949707
moving_only_16,741,0.001,train-mode backward before optimizer step,3.59312016777909,0.0,0.0,0.02465033319045593,0.0,,,,
moving_only_16,742,0.001,train-mode backward before optimizer step,2.9979514283023128,0.0,0.0,0.02465033319045593,0.0,,,,
moving_only_16,743,0.001,train-mode backward before optimizer step,3.283701841505035,0.0,0.0,0.024534125857526935,0.0,,,,
moving_only_16,744,0.001,train-mode backward before optimizer step,3.697908983931026,0.0,0.0,0.02465033319045593,0.0,,,,
moving_only_16,745,0.001,train-mode backward before optimizer step,3.3851782383182085,0.0,0.0,0.0244858380337258,0.0,,,,
moving_only_16,746,0.001,train-mode backward before optimizer step,4.13502238219148,0.0,0.0,0.024534125857526935,0.0,,,,
moving_only_16,747,0.001,train-mode backward before optimizer step,2.3395301546358698,0.0,0.0,0.009822973529069646,0.0,,,,
moving_only_16,748,0.001,train-mode backward before optimizer step,3.4703632885947773,0.0,0.0,0.02465033319045593,0.0,,,,
moving_only_16,749,0.001,train-mode backward before optimizer step,2.9154337064374416,0.0,0.0,0.010373711312435299,0.0,,,,
moving_only_16,750,0.001,train-mode backward before optimizer step,3.2294404322590973,0.0,0.0,0.024534125857526935,0.0,48.97358322143555,1.0,1.0,49.5347785949707
moving_only_16,751,0.001,train-mode backward before optimizer step,3.8000760315681172,0.0,0.0,0.024534125857526935,0.0,,,,
moving_only_16,752,0.001,train-mode backward before optimizer step,2.7925440413244402,0.0,0.0,0.02465033319045593,0.0,,,,
moving_only_16,753,0.001,train-mode backward before optimizer step,2.129440072436451,0.0,0.0,0.01303047518622439,0.0,,,,
moving_only_16,754,0.001,train-mode backward before optimizer step,3.077615155389898,0.0,0.0,0.02465033319045593,0.0,,,,
moving_only_16,755,0.001,train-mode backward before optimizer step,2.8034167797839573,0.0,0.0,0.008433707032343415,0.0,,,,
moving_only_16,756,0.001,train-mode backward before optimizer step,3.7499538037925646,0.0,0.0,0.0244858380337258,0.0,,,,
moving_only_16,757,0.001,train-mode backward before optimizer step,2.306319391659514,0.0,0.0,0.01303047518622439,0.0,,,,
moving_only_16,758,0.001,train-mode backward before optimizer step,3.205661914510737,0.0,0.0,0.0244858380337258,0.0,,,,
moving_only_16,759,0.001,train-mode backward before optimizer step,2.4580175938947706,0.0,0.0,0.007897556852949688,0.0,,,,
moving_only_16,760,0.001,train-mode backward before optimizer step,2.6939825894410103,0.0,0.0,0.02465033319045593,0.0,48.861549377441406,1.0,1.0,49.5347785949707
moving_only_16,761,0.001,train-mode backward before optimizer step,3.0719047441736076,0.0,0.0,0.02465033319045593,0.0,,,,
moving_only_16,762,0.001,train-mode backward before optimizer step,2.590110399518815,0.0,0.0,0.008433707032343415,0.0,,,,
moving_only_16,763,0.001,train-mode backward before optimizer step,2.852677487332109,0.0,0.0,0.02465033319045593,0.0,,,,
moving_only_16,764,0.001,train-mode backward before optimizer step,2.5498999738767716,0.0,0.0,0.02465033319045593,0.0,,,,
moving_only_16,765,0.001,train-mode backward before optimizer step,3.4518776633898396,0.0,0.0,0.024534125857526935,0.0,,,,
moving_only_16,766,0.001,train-mode backward before optimizer step,2.867203947653224,0.0,0.0,0.010373711312435299,0.0,,,,
moving_only_16,767,0.001,train-mode backward before optimizer step,3.5329767331239115,0.0,0.0,0.024534125857526935,0.0,,,,
moving_only_16,768,0.001,train-mode backward before optimizer step,2.448906360232511,0.0,0.0,0.024534125857526935,0.0,,,,
moving_only_16,769,0.001,train-mode backward before optimizer step,3.129847555046464,0.0,0.0,0.0244858380337258,0.0,,,,
moving_only_16,770,0.001,train-mode backward before optimizer step,3.335958126701237,0.0,0.0,0.02465033319045593,0.0,49.002716064453125,1.0,1.0,49.5347785949707
moving_only_16,771,0.001,train-mode backward before optimizer step,2.6981866398151197,0.0,0.0,0.009822973529069646,0.0,,,,
moving_only_16,772,0.001,train-mode backward before optimizer step,4.3873878745282076,0.0,0.0,0.024534125857526935,0.0,,,,
moving_only_16,773,0.001,train-mode backward before optimizer step,3.7416234238783797,0.0,0.0,0.0244858380337258,0.0,,,,
moving_only_16,774,0.001,train-mode backward before optimizer step,3.2264185812923234,0.0,0.0,0.009822973529069646,0.0,,,,
moving_only_16,775,0.001,train-mode backward before optimizer step,3.87284622173813,0.0,0.0,0.0244858380337258,0.0,,,,
moving_only_16,776,0.001,train-mode backward before optimizer step,3.340242087095993,0.0,0.0,0.0244858380337258,0.0,,,,
moving_only_16,777,0.001,train-mode backward before optimizer step,3.1171671947081503,0.0,0.0,0.024534125857526935,0.0,,,,
moving_only_16,778,0.001,train-mode backward before optimizer step,3.36170717912252,0.0,0.0,0.024892878446590785,0.0,,,,
moving_only_16,779,0.001,train-mode backward before optimizer step,3.8366714154694246,0.0,0.0,0.02465033319045593,0.0,,,,
moving_only_16,780,0.001,train-mode backward before optimizer step,4.176129808044431,0.0,0.0,0.0244858380337258,0.0,48.73320388793945,1.0,1.0,49.5347785949707
moving_only_16,781,0.001,train-mode backward before optimizer step,3.4311200993526,0.0,0.0,0.02465033319045593,0.0,,,,
moving_only_16,782,0.001,train-mode backward before optimizer step,3.212892440271983,0.0,0.0,0.008433707032343415,0.0,,,,
moving_only_16,783,0.001,train-mode backward before optimizer step,3.6868488926744987,0.0,0.0,0.02465033319045593,0.0,,,,
moving_only_16,784,0.001,train-mode backward before optimizer step,3.943374895397302,0.0,0.0,0.013661330675570228,0.0,,,,
moving_only_16,785,0.001,train-mode backward before optimizer step,4.29050302467365,0.0,0.0,0.02465033319045593,0.0,,,,
moving_only_16,786,0.001,train-mode backward before optimizer step,2.8276381055152906,0.0,0.0,0.008433707032343415,0.0,,,,
moving_only_16,787,0.001,train-mode backward before optimizer step,3.2853050878655097,0.0,0.0,0.007897556852949688,0.0,,,,
moving_only_16,788,0.001,train-mode backward before optimizer step,3.2434164907231984,0.0,0.0,0.02465033319045593,0.0,,,,
moving_only_16,789,0.001,train-mode backward before optimizer step,3.1316127995422467,0.0,0.0,0.02465033319045593,0.0,,,,
moving_only_16,790,0.001,train-mode backward before optimizer step,3.1219959288004655,0.0,0.0,0.0244858380337258,0.0,48.851356506347656,1.0,1.0,49.5347785949707
moving_only_16,791,0.001,train-mode backward before optimizer step,3.1077839021766374,0.0,0.0,0.0244858380337258,0.0,,,,
moving_only_16,792,0.001,train-mode backward before optimizer step,3.3190809127610565,0.0,0.0,0.010373711312435299,0.0,,,,
moving_only_16,793,0.001,train-mode backward before optimizer step,3.9996352172021794,0.0,0.0,0.024892878446590785,0.0,,,,
moving_only_16,794,0.001,train-mode backward before optimizer step,3.1726940930123737,0.0,0.0,0.024534125857526935,0.0,,,,
moving_only_16,795,0.001,train-mode backward before optimizer step,4.020897351219966,0.0,0.0,0.0244858380337258,0.0,,,,
moving_only_16,796,0.001,train-mode backward before optimizer step,2.643209352962481,0.0,0.0,0.0244858380337258,0.0,,,,
moving_only_16,797,0.001,train-mode backward before optimizer step,3.341398648203881,0.0,0.0,0.0244858380337258,0.0,,,,
moving_only_16,798,0.001,train-mode backward before optimizer step,2.997031894708537,0.0,0.0,0.0244858380337258,0.0,,,,
moving_only_16,799,0.001,train-mode backward before optimizer step,2.3891401263260854,0.0,0.0,0.007897556852949688,0.0,,,,
moving_only_16,800,0.001,train-mode backward before optimizer step,2.209794053437679,0.0,0.0,0.01303047518622439,0.0,49.15618896484375,1.0,1.0,49.5347785949707
moving_only_16,801,0.001,train-mode backward before optimizer step,2.962190748918337,0.0,0.0,0.01303047518622439,0.0,,,,
moving_only_16,802,0.001,train-mode backward before optimizer step,3.946569064869674,0.0,0.0,0.0244858380337258,0.0,,,,
moving_only_16,803,0.001,train-mode backward before optimizer step,3.9006791165731602,0.0,0.0,0.024534125857526935,0.0,,,,
moving_only_16,804,0.001,train-mode backward before optimizer step,3.075116005633063,0.0,0.0,0.0244858380337258,0.0,,,,
moving_only_16,805,0.001,train-mode backward before optimizer step,3.631298612833342,0.0,0.0,0.0244858380337258,0.0,,,,
moving_only_16,806,0.001,train-mode backward before optimizer step,3.0821880319638155,0.0,0.0,0.01303047518622439,0.0,,,,
moving_only_16,807,0.001,train-mode backward before optimizer step,3.2284700016904164,0.0,0.0,0.0244858380337258,0.0,,,,
moving_only_16,808,0.001,train-mode backward before optimizer step,2.844396934632422,0.0,0.0,0.0244858380337258,0.0,,,,
moving_only_16,809,0.001,train-mode backward before optimizer step,3.765348556751924,0.0,0.0,0.0244858380337258,0.0,,,,
moving_only_16,810,0.001,train-mode backward before optimizer step,2.840380416323873,0.0,0.0,0.01303047518622439,0.0,48.82587432861328,1.0,1.0,49.5347785949707
moving_only_16,811,0.001,train-mode backward before optimizer step,3.638049720552925,0.0,0.0,0.024534125857526935,0.0,,,,
moving_only_16,812,0.001,train-mode backward before optimizer step,2.7546539687905693,0.0,0.0,0.009822973529069646,0.0,,,,
moving_only_16,813,0.001,train-mode backward before optimizer step,3.0453270248116717,0.0,0.0,0.01303047518622439,0.0,,,,
moving_only_16,814,0.001,train-mode backward before optimizer step,4.289672364321508,0.0,0.0,0.0244858380337258,0.0,,,,
moving_only_16,815,0.001,train-mode backward before optimizer step,3.486992199781433,0.0,0.0,0.02465033319045593,0.0,,,,
moving_only_16,816,0.001,train-mode backward before optimizer step,3.4246887945958036,0.0,0.0,0.0244858380337258,0.0,,,,
moving_only_16,817,0.001,train-mode backward before optimizer step,3.548827345213912,0.0,0.0,0.0244858380337258,0.0,,,,
moving_only_16,818,0.001,train-mode backward before optimizer step,3.1514776505467377,0.0,0.0,0.007897556852949688,0.0,,,,
moving_only_16,819,0.001,train-mode backward before optimizer step,3.909487210319126,0.0,0.0,0.01303047518622439,0.0,,,,
moving_only_16,820,0.001,train-mode backward before optimizer step,2.5335971173990917,0.0,0.0,0.02465033319045593,0.0,47.93440246582031,1.0,1.0,49.5347785949707
moving_only_16,821,0.001,train-mode backward before optimizer step,3.968082204317623,0.0,0.0,0.0244858380337258,0.0,,,,
moving_only_16,822,0.001,train-mode backward before optimizer step,4.082664087925558,0.0,0.0,0.024892878446590785,0.0,,,,
moving_only_16,823,0.001,train-mode backward before optimizer step,3.093566617461838,0.0,0.0,0.0244858380337258,0.0,,,,
moving_only_16,824,0.001,train-mode backward before optimizer step,2.5761192766209797,0.0,0.0,0.009822973529069646,0.0,,,,
moving_only_16,825,0.001,train-mode backward before optimizer step,3.0888499400411247,0.0,0.0,0.02465033319045593,0.0,,,,
moving_only_16,826,0.001,train-mode backward before optimizer step,3.1703198200576628,0.0,0.0,0.0244858380337258,0.0,,,,
moving_only_16,827,0.001,train-mode backward before optimizer step,3.9768738113249262,0.0,0.0,0.024534125857526935,0.0,,,,
moving_only_16,828,0.001,train-mode backward before optimizer step,3.785964177277828,0.0,0.0,0.024534125857526935,0.0,,,,
moving_only_16,829,0.001,train-mode backward before optimizer step,3.2080464391182995,0.0,0.0,0.02465033319045593,0.0,,,,
moving_only_16,830,0.001,train-mode backward before optimizer step,2.582412339826044,0.0,0.0,0.0244858380337258,0.0,48.86576461791992,1.0,1.0,49.5347785949707
moving_only_16,831,0.001,train-mode backward before optimizer step,3.097280397271959,0.0,0.0,0.013661330675570228,0.0,,,,
moving_only_16,832,0.001,train-mode backward before optimizer step,4.441082690963364,0.0,0.0,0.02465033319045593,0.0,,,,
moving_only_16,833,0.001,train-mode backward before optimizer step,3.4183335466023075,0.0,0.0,0.01303047518622439,0.0,,,,
moving_only_16,834,0.001,train-mode backward before optimizer step,3.115477654021073,0.0,0.0,0.024534125857526935,0.0,,,,
moving_only_16,835,0.001,train-mode backward before optimizer step,2.8226091347084017,0.0,0.0,0.013661330675570228,0.0,,,,
moving_only_16,836,0.001,train-mode backward before optimizer step,3.934932912642453,0.0,0.0,0.0244858380337258,0.0,,,,
moving_only_16,837,0.001,train-mode backward before optimizer step,3.1742755205796214,0.0,0.0,0.01303047518622439,0.0,,,,
moving_only_16,838,0.001,train-mode backward before optimizer step,2.4976021957430885,0.0,0.0,0.010373711312435299,0.0,,,,
moving_only_16,839,0.001,train-mode backward before optimizer step,3.3305205119642367,0.0,0.0,0.02465033319045593,0.0,,,,
moving_only_16,840,0.001,train-mode backward before optimizer step,4.252794385794459,0.0,0.0,0.02465033319045593,0.0,48.65546417236328,1.0,1.0,49.5347785949707
moving_only_16,841,0.001,train-mode backward before optimizer step,2.882806284115436,0.0,0.0,0.010373711312435299,0.0,,,,
moving_only_16,842,0.001,train-mode backward before optimizer step,3.5310687420412763,0.0,0.0,0.02465033319045593,0.0,,,,
moving_only_16,843,0.001,train-mode backward before optimizer step,3.129615567038672,0.0,0.0,0.024892878446590785,0.0,,,,
moving_only_16,844,0.001,train-mode backward before optimizer step,3.5690423414224832,0.0,0.0,0.024892878446590785,0.0,,,,
moving_only_16,845,0.001,train-mode backward before optimizer step,3.762584978604461,0.0,0.0,0.024892878446590785,0.0,,,,
moving_only_16,846,0.001,train-mode backward before optimizer step,4.060404309646076,0.0,0.0,0.01303047518622439,0.0,,,,
moving_only_16,847,0.001,train-mode backward before optimizer step,3.190131643934604,0.0,0.0,0.007897556852949688,0.0,,,,
moving_only_16,848,0.001,train-mode backward before optimizer step,2.6677903907476614,0.0,0.0,0.009822973529069646,0.0,,,,
moving_only_16,849,0.001,train-mode backward before optimizer step,2.9712247976650863,0.0,0.0,0.0244858380337258,0.0,,,,
moving_only_16,850,0.001,train-mode backward before optimizer step,4.058526396381051,0.0,0.0,0.024534125857526935,0.0,48.79710388183594,1.0,1.0,49.5347785949707
moving_only_16,851,0.001,train-mode backward before optimizer step,3.834575901079526,0.0,0.0,0.0244858380337258,0.0,,,,
moving_only_16,852,0.001,train-mode backward before optimizer step,4.048323158848047,0.0,0.0,0.024534125857526935,0.0,,,,
moving_only_16,853,0.001,train-mode backward before optimizer step,3.550818218000455,0.0,0.0,0.024892878446590785,0.0,,,,
moving_only_16,854,0.001,train-mode backward before optimizer step,2.5188685957407952,0.0,0.0,0.009822973529069646,0.0,,,,
moving_only_16,855,0.001,train-mode backward before optimizer step,3.4143986847512995,0.0,0.0,0.02465033319045593,0.0,,,,
moving_only_16,856,0.001,train-mode backward before optimizer step,2.4046309134463106,0.0,0.0,0.007897556852949688,0.0,,,,
moving_only_16,857,0.001,train-mode backward before optimizer step,2.982523472120284,0.0,0.0,0.02465033319045593,0.0,,,,
moving_only_16,858,0.001,train-mode backward before optimizer step,2.693686411578172,0.0,0.0,0.007897556852949688,0.0,,,,
moving_only_16,859,0.001,train-mode backward before optimizer step,3.8677793643345786,0.0,0.0,0.024892878446590785,0.0,,,,
moving_only_16,860,0.001,train-mode backward before optimizer step,3.7953843334113246,0.0,0.0,0.024534125857526935,0.0,49.083412170410156,1.0,1.0,49.5347785949707
moving_only_16,861,0.001,train-mode backward before optimizer step,3.5394795045531695,0.0,0.0,0.0244858380337258,0.0,,,,
moving_only_16,862,0.001,train-mode backward before optimizer step,3.527138837927691,0.0,0.0,0.0244858380337258,0.0,,,,
moving_only_16,863,0.001,train-mode backward before optimizer step,3.233730698295658,0.0,0.0,0.024534125857526935,0.0,,,,
moving_only_16,864,0.001,train-mode backward before optimizer step,2.79347144458586,0.0,0.0,0.01303047518622439,0.0,,,,
moving_only_16,865,0.001,train-mode backward before optimizer step,3.519174766044668,0.0,0.0,0.024534125857526935,0.0,,,,
moving_only_16,866,0.001,train-mode backward before optimizer step,3.17816925504595,0.0,0.0,0.010373711312435299,0.0,,,,
moving_only_16,867,0.001,train-mode backward before optimizer step,3.0518593747561145,0.0,0.0,0.024892878446590785,0.0,,,,
moving_only_16,868,0.001,train-mode backward before optimizer step,3.9834025166932916,0.0,0.0,0.024892878446590785,0.0,,,,
moving_only_16,869,0.001,train-mode backward before optimizer step,2.276217585541186,0.0,0.0,0.024892878446590785,0.0,,,,
moving_only_16,870,0.001,train-mode backward before optimizer step,4.318475751069724,0.0,0.0,0.0244858380337258,0.0,48.84367370605469,1.0,1.0,49.5347785949707
moving_only_16,871,0.001,train-mode backward before optimizer step,2.8910299862911395,0.0,0.0,0.024534125857526935,0.0,,,,
moving_only_16,872,0.001,train-mode backward before optimizer step,3.0191617257040795,0.0,0.0,0.010373711312435299,0.0,,,,
moving_only_16,873,0.001,train-mode backward before optimizer step,2.6625587456678512,0.0,0.0,0.010373711312435299,0.0,,,,
moving_only_16,874,0.001,train-mode backward before optimizer step,3.895488599418702,0.0,0.0,0.02465033319045593,0.0,,,,
moving_only_16,875,0.001,train-mode backward before optimizer step,3.301057810841215,0.0,0.0,0.009822973529069646,0.0,,,,
moving_only_16,876,0.001,train-mode backward before optimizer step,3.1644224167915276,0.0,0.0,0.024534125857526935,0.0,,,,
moving_only_16,877,0.001,train-mode backward before optimizer step,3.312628807887594,0.0,0.0,0.0244858380337258,0.0,,,,
moving_only_16,878,0.001,train-mode backward before optimizer step,3.5473512642224763,0.0,0.0,0.02465033319045593,0.0,,,,
moving_only_16,879,0.001,train-mode backward before optimizer step,3.5857386901077932,0.0,0.0,0.02465033319045593,0.0,,,,
moving_only_16,880,0.001,train-mode backward before optimizer step,2.8960107294614015,0.0,0.0,0.013661330675570228,0.0,48.61102294921875,1.0,1.0,49.5347785949707
moving_only_16,881,0.001,train-mode backward before optimizer step,3.2985387408396254,0.0,0.0,0.0244858380337258,0.0,,,,
moving_only_16,882,0.001,train-mode backward before optimizer step,3.446866437336158,0.0,0.0,0.024534125857526935,0.0,,,,
moving_only_16,883,0.001,train-mode backward before optimizer step,3.370881279168877,0.0,0.0,0.009822973529069646,0.0,,,,
moving_only_16,884,0.001,train-mode backward before optimizer step,3.277854731849477,0.0,0.0,0.009822973529069646,0.0,,,,
moving_only_16,885,0.001,train-mode backward before optimizer step,2.5884108237632857,0.0,0.0,0.0244858380337258,0.0,,,,
moving_only_16,886,0.001,train-mode backward before optimizer step,3.0408615214168844,0.0,0.0,0.0244858380337258,0.0,,,,
moving_only_16,887,0.001,train-mode backward before optimizer step,3.127049634847042,0.0,0.0,0.02465033319045593,0.0,,,,
moving_only_16,888,0.001,train-mode backward before optimizer step,3.3827581781419145,0.0,0.0,0.02465033319045593,0.0,,,,
moving_only_16,889,0.001,train-mode backward before optimizer step,3.460523022695902,0.0,0.0,0.02465033319045593,0.0,,,,
moving_only_16,890,0.001,train-mode backward before optimizer step,3.248198475574768,0.0,0.0,0.024534125857526935,0.0,48.99817657470703,1.0,1.0,49.5347785949707
moving_only_16,891,0.001,train-mode backward before optimizer step,2.6108298422186764,0.0,0.0,0.009822973529069646,0.0,,,,
moving_only_16,892,0.001,train-mode backward before optimizer step,2.272882747163044,0.0,0.0,0.010373711312435299,0.0,,,,
moving_only_16,893,0.001,train-mode backward before optimizer step,3.744764658955287,0.0,0.0,0.0244858380337258,0.0,,,,
moving_only_16,894,0.001,train-mode backward before optimizer step,3.155896286739781,0.0,0.0,0.01303047518622439,0.0,,,,
moving_only_16,895,0.001,train-mode backward before optimizer step,2.190307320368162,0.0,0.0,0.007897556852949688,0.0,,,,
moving_only_16,896,0.001,train-mode backward before optimizer step,1.9977377759367356,0.0,0.0,0.007897556852949688,0.0,,,,
moving_only_16,897,0.001,train-mode backward before optimizer step,3.1928134675067334,0.0,0.0,0.0244858380337258,0.0,,,,
moving_only_16,898,0.001,train-mode backward before optimizer step,2.731626740178465,0.0,0.0,0.024534125857526935,0.0,,,,
moving_only_16,899,0.001,train-mode backward before optimizer step,3.4930650984102316,0.0,0.0,0.02465033319045593,0.0,,,,
moving_only_16,900,0.001,train-mode backward before optimizer step,4.1106329914041,0.0,0.0,0.024892878446590785,0.0,49.13273239135742,1.0,1.0,49.5347785949707
moving_only_16,901,0.001,train-mode backward before optimizer step,3.541908682845767,0.0,0.0,0.024534125857526935,0.0,,,,
moving_only_16,902,0.001,train-mode backward before optimizer step,4.032766639338871,0.0,0.0,0.02465033319045593,0.0,,,,
moving_only_16,903,0.001,train-mode backward before optimizer step,3.4971948324229505,0.0,0.0,0.0244858380337258,0.0,,,,
moving_only_16,904,0.001,train-mode backward before optimizer step,3.193472280030391,0.0,0.0,0.010373711312435299,0.0,,,,
moving_only_16,905,0.001,train-mode backward before optimizer step,3.4861682082890444,0.0,0.0,0.02465033319045593,0.0,,,,
moving_only_16,906,0.001,train-mode backward before optimizer step,3.088091147279225,0.0,0.0,0.009822973529069646,0.0,,,,
moving_only_16,907,0.001,train-mode backward before optimizer step,3.144161107013588,0.0,0.0,0.013661330675570228,0.0,,,,
moving_only_16,908,0.001,train-mode backward before optimizer step,3.1617946137071664,0.0,0.0,0.009822973529069646,0.0,,,,
moving_only_16,909,0.001,train-mode backward before optimizer step,3.650987135880282,0.0,0.0,0.024892878446590785,0.0,,,,
moving_only_16,910,0.001,train-mode backward before optimizer step,3.650401878454977,0.0,0.0,0.024534125857526935,0.0,49.216835021972656,1.0,1.0,49.5347785949707
moving_only_16,911,0.001,train-mode backward before optimizer step,4.002139919118191,0.0,0.0,0.02465033319045593,0.0,,,,
moving_only_16,912,0.001,train-mode backward before optimizer step,3.3768361131028652,0.0,0.0,0.024534125857526935,0.0,,,,
moving_only_16,913,0.001,train-mode backward before optimizer step,3.781651653556084,0.0,0.0,0.009822973529069646,0.0,,,,
moving_only_16,914,0.001,train-mode backward before optimizer step,2.8204517948328105,0.0,0.0,0.013661330675570228,0.0,,,,
moving_only_16,915,0.001,train-mode backward before optimizer step,3.735099560022047,0.0,0.0,0.0244858380337258,0.0,,,,
moving_only_16,916,0.001,train-mode backward before optimizer step,3.2566453580944037,0.0,0.0,0.02465033319045593,0.0,,,,
moving_only_16,917,0.001,train-mode backward before optimizer step,3.6798207467722763,0.0,0.0,0.01303047518622439,0.0,,,,
moving_only_16,918,0.001,train-mode backward before optimizer step,3.7001951804648265,0.0,0.0,0.0244858380337258,0.0,,,,
moving_only_16,919,0.001,train-mode backward before optimizer step,2.7369948552442263,0.0,0.0,0.024892878446590785,0.0,,,,
moving_only_16,920,0.001,train-mode backward before optimizer step,3.8316758554108357,0.0,0.0,0.0244858380337258,0.0,48.87234878540039,1.0,1.0,49.5347785949707
moving_only_16,921,0.001,train-mode backward before optimizer step,3.457696179506451,0.0,0.0,0.0244858380337258,0.0,,,,
moving_only_16,922,0.001,train-mode backward before optimizer step,4.024607206027737,0.0,0.0,0.0244858380337258,0.0,,,,
moving_only_16,923,0.001,train-mode backward before optimizer step,4.193273872970461,0.0,0.0,0.0244858380337258,0.0,,,,
moving_only_16,924,0.001,train-mode backward before optimizer step,3.2008187065257236,0.0,0.0,0.01303047518622439,0.0,,,,
moving_only_16,925,0.001,train-mode backward before optimizer step,3.903278992340765,0.0,0.0,0.0244858380337258,0.0,,,,
moving_only_16,926,0.001,train-mode backward before optimizer step,3.1628070841141875,0.0,0.0,0.01303047518622439,0.0,,,,
moving_only_16,927,0.001,train-mode backward before optimizer step,3.5682323995105074,0.0,0.0,0.024892878446590785,0.0,,,,
moving_only_16,928,0.001,train-mode backward before optimizer step,3.3859762735950416,0.0,0.0,0.02465033319045593,0.0,,,,
moving_only_16,929,0.001,train-mode backward before optimizer step,2.9610905945867865,0.0,0.0,0.0244858380337258,0.0,,,,
moving_only_16,930,0.001,train-mode backward before optimizer step,3.6536035718445734,0.0,0.0,0.0244858380337258,0.0,49.30958938598633,1.0,1.0,49.5347785949707
moving_only_16,931,0.001,train-mode backward before optimizer step,3.8656808598137293,0.0,0.0,0.0244858380337258,0.0,,,,
moving_only_16,932,0.001,train-mode backward before optimizer step,3.102010107272706,0.0,0.0,0.009822973529069646,0.0,,,,
moving_only_16,933,0.001,train-mode backward before optimizer step,3.735726041141828,0.0,0.0,0.024892878446590785,0.0,,,,
moving_only_16,934,0.001,train-mode backward before optimizer step,2.523609793497656,0.0,0.0,0.02465033319045593,0.0,,,,
moving_only_16,935,0.001,train-mode backward before optimizer step,3.2339977252784684,0.0,0.0,0.0244858380337258,0.0,,,,
moving_only_16,936,0.001,train-mode backward before optimizer step,4.006654807933512,0.0,0.0,0.024534125857526935,0.0,,,,
moving_only_16,937,0.001,train-mode backward before optimizer step,2.6766851366288678,0.0,0.0,0.0244858380337258,0.0,,,,
moving_only_16,938,0.001,train-mode backward before optimizer step,3.8252705146541,0.0,0.0,0.0244858380337258,0.0,,,,
moving_only_16,939,0.001,train-mode backward before optimizer step,2.690064402839597,0.0,0.0,0.024534125857526935,0.0,,,,
moving_only_16,940,0.001,train-mode backward before optimizer step,3.894099200841176,0.0,0.0,0.013661330675570228,0.0,49.24277114868164,1.0,1.0,49.5347785949707
moving_only_16,941,0.001,train-mode backward before optimizer step,3.4614379786527825,0.0,0.0,0.02465033319045593,0.0,,,,
moving_only_16,942,0.001,train-mode backward before optimizer step,3.608944739892482,0.0,0.0,0.0244858380337258,0.0,,,,
moving_only_16,943,0.001,train-mode backward before optimizer step,3.6884083387364317,0.0,0.0,0.02465033319045593,0.0,,,,
moving_only_16,944,0.001,train-mode backward before optimizer step,2.338187209791223,0.0,0.0,0.010373711312435299,0.0,,,,
moving_only_16,945,0.001,train-mode backward before optimizer step,2.041977718721776,0.0,0.0,0.010373711312435299,0.0,,,,
moving_only_16,946,0.001,train-mode backward before optimizer step,2.2272504304452316,0.0,0.0,0.007897556852949688,0.0,,,,
moving_only_16,947,0.001,train-mode backward before optimizer step,3.281822233954574,0.0,0.0,0.0244858380337258,0.0,,,,
moving_only_16,948,0.001,train-mode backward before optimizer step,2.7211659035646925,0.0,0.0,0.02465033319045593,0.0,,,,
moving_only_16,949,0.001,train-mode backward before optimizer step,3.3800586537922905,0.0,0.0,0.013661330675570228,0.0,,,,
moving_only_16,950,0.001,train-mode backward before optimizer step,3.740998958163282,0.0,0.0,0.02465033319045593,0.0,49.13283157348633,1.0,1.0,49.5347785949707
moving_only_16,951,0.001,train-mode backward before optimizer step,2.14687000762649,0.0,0.0,0.009822973529069646,0.0,,,,
moving_only_16,952,0.001,train-mode backward before optimizer step,3.452134674849684,0.0,0.0,0.024534125857526935,0.0,,,,
moving_only_16,953,0.001,train-mode backward before optimizer step,3.2700177108249404,0.0,0.0,0.009822973529069646,0.0,,,,
moving_only_16,954,0.001,train-mode backward before optimizer step,3.7264650304000853,0.0,0.0,0.024534125857526935,0.0,,,,
moving_only_16,955,0.001,train-mode backward before optimizer step,3.4213107172539727,0.0,0.0,0.007897556852949688,0.0,,,,
moving_only_16,956,0.001,train-mode backward before optimizer step,2.7678078378635496,0.0,0.0,0.02465033319045593,0.0,,,,
moving_only_16,957,0.001,train-mode backward before optimizer step,2.8918204793487385,0.0,0.0,0.024534125857526935,0.0,,,,
moving_only_16,958,0.001,train-mode backward before optimizer step,2.6660542053355516,0.0,0.0,0.007897556852949688,0.0,,,,
moving_only_16,959,0.001,train-mode backward before optimizer step,2.9645495864629883,0.0,0.0,0.007897556852949688,0.0,,,,
moving_only_16,960,0.001,train-mode backward before optimizer step,3.2041343169096472,0.0,0.0,0.024534125857526935,0.0,49.24589157104492,1.0,1.0,49.5347785949707
moving_only_16,961,0.001,train-mode backward before optimizer step,3.9121637207289344,0.0,0.0,0.02465033319045593,0.0,,,,
moving_only_16,962,0.001,train-mode backward before optimizer step,2.686702187221382,0.0,0.0,0.007897556852949688,0.0,,,,
moving_only_16,963,0.001,train-mode backward before optimizer step,3.9501531311003766,0.0,0.0,0.0244858380337258,0.0,,,,
moving_only_16,964,0.001,train-mode backward before optimizer step,3.872954393494294,0.0,0.0,0.0244858380337258,0.0,,,,
moving_only_16,965,0.001,train-mode backward before optimizer step,4.037701023520359,0.0,0.0,0.024892878446590785,0.0,,,,
moving_only_16,966,0.001,train-mode backward before optimizer step,3.480859185997013,0.0,0.0,0.02465033319045593,0.0,,,,
moving_only_16,967,0.001,train-mode backward before optimizer step,2.532167048033332,0.0,0.0,0.008433707032343415,0.0,,,,
moving_only_16,968,0.001,train-mode backward before optimizer step,2.909333519200512,0.0,0.0,0.013661330675570228,0.0,,,,
moving_only_16,969,0.001,train-mode backward before optimizer step,3.5707180249820922,0.0,0.0,0.024892878446590785,0.0,,,,
moving_only_16,970,0.001,train-mode backward before optimizer step,2.8048500800011005,0.0,0.0,0.007897556852949688,0.0,49.47576141357422,1.0,1.0,49.5347785949707
moving_only_16,971,0.001,train-mode backward before optimizer step,3.717453684681496,0.0,0.0,0.02465033319045593,0.0,,,,
moving_only_16,972,0.001,train-mode backward before optimizer step,3.121920446595253,0.0,0.0,0.024534125857526935,0.0,,,,
moving_only_16,973,0.001,train-mode backward before optimizer step,3.1035026095944773,0.0,0.0,0.0244858380337258,0.0,,,,
moving_only_16,974,0.001,train-mode backward before optimizer step,2.8924011022869838,0.0,0.0,0.008433707032343415,0.0,,,,
moving_only_16,975,0.001,train-mode backward before optimizer step,2.3517413985449447,0.0,0.0,0.007897556852949688,0.0,,,,
moving_only_16,976,0.001,train-mode backward before optimizer step,3.501520569866529,0.0,0.0,0.024534125857526935,0.0,,,,
moving_only_16,977,0.001,train-mode backward before optimizer step,3.3548421816446106,0.0,0.0,0.024534125857526935,0.0,,,,
moving_only_16,978,0.001,train-mode backward before optimizer step,2.643648606747841,0.0,0.0,0.0244858380337258,0.0,,,,
moving_only_16,979,0.001,train-mode backward before optimizer step,2.5706338747237965,0.0,0.0,0.02465033319045593,0.0,,,,
moving_only_16,980,0.001,train-mode backward before optimizer step,2.623460877142408,0.0,0.0,0.009822973529069646,0.0,49.322357177734375,1.0,1.0,49.5347785949707
moving_only_16,981,0.001,train-mode backward before optimizer step,2.541879770034786,0.0,0.0,0.013661330675570228,0.0,,,,
moving_only_16,982,0.001,train-mode backward before optimizer step,3.267156106281172,0.0,0.0,0.009822973529069646,0.0,,,,
moving_only_16,983,0.001,train-mode backward before optimizer step,3.7318252320796423,0.0,0.0,0.024534125857526935,0.0,,,,
moving_only_16,984,0.001,train-mode backward before optimizer step,3.344284926757505,0.0,0.0,0.0244858380337258,0.0,,,,
moving_only_16,985,0.001,train-mode backward before optimizer step,3.5366941123923645,0.0,0.0,0.024534125857526935,0.0,,,,
moving_only_16,986,0.001,train-mode backward before optimizer step,3.9239154534830094,0.0,0.0,0.024534125857526935,0.0,,,,
moving_only_16,987,0.001,train-mode backward before optimizer step,3.1445214340331487,0.0,0.0,0.024534125857526935,0.0,,,,
moving_only_16,988,0.001,train-mode backward before optimizer step,3.8383488825211614,0.0,0.0,0.024534125857526935,0.0,,,,
moving_only_16,989,0.001,train-mode backward before optimizer step,3.1165476934160563,0.0,0.0,0.024892878446590785,0.0,,,,
moving_only_16,990,0.001,train-mode backward before optimizer step,3.2603913627779293,0.0,0.0,0.024534125857526935,0.0,49.45383071899414,1.0,1.0,49.5347785949707
moving_only_16,991,0.001,train-mode backward before optimizer step,4.072974464886085,0.0,0.0,0.0244858380337258,0.0,,,,
moving_only_16,992,0.001,train-mode backward before optimizer step,3.4745962517791487,0.0,0.0,0.024892878446590785,0.0,,,,
moving_only_16,993,0.001,train-mode backward before optimizer step,4.169697496889055,0.0,0.0,0.02465033319045593,0.0,,,,
moving_only_16,994,0.001,train-mode backward before optimizer step,3.6673421980043655,0.0,0.0,0.0244858380337258,0.0,,,,
moving_only_16,995,0.001,train-mode backward before optimizer step,4.0164286870316515,0.0,0.0,0.0244858380337258,0.0,,,,
moving_only_16,996,0.001,train-mode backward before optimizer step,3.440835087141288,0.0,0.0,0.02465033319045593,0.0,,,,
moving_only_16,997,0.001,train-mode backward before optimizer step,2.574238364206874,0.0,0.0,0.009822973529069646,0.0,,,,
moving_only_16,998,0.001,train-mode backward before optimizer step,3.3086730005075116,0.0,0.0,0.013661330675570228,0.0,,,,
moving_only_16,999,0.001,train-mode backward before optimizer step,3.7251148729775365,0.0,0.0,0.02465033319045593,0.0,,,,
moving_only_16,1000,0.001,train-mode backward before optimizer step,3.23268089918265,0.0,0.0,0.013661330675570228,0.0,49.6188850402832,1.0,1.0,49.5347785949707
balanced_8_moving_8_stationary,1,0.001,train-mode backward before optimizer step,1.38961554283188,0.0,0.0,0.02952818369243013,0.0,2.687713861465454,1.0,1.0,49.5347785949707
balanced_8_moving_8_stationary,2,0.001,train-mode backward before optimizer step,1.3985555431200918,0.0,0.0,0.02952818369243013,0.0,,,,
balanced_8_moving_8_stationary,3,0.001,train-mode backward before optimizer step,0.8938525856565506,0.0,0.0,0.006472730422894798,0.0,,,,
balanced_8_moving_8_stationary,4,0.001,train-mode backward before optimizer step,0.8213610520841302,0.0,0.0,0.006472730422894798,0.0,,,,
balanced_8_moving_8_stationary,5,0.001,train-mode backward before optimizer step,1.309653201351849,0.0,0.0,0.02952818369243013,0.0,,,,
balanced_8_moving_8_stationary,6,0.001,train-mode backward before optimizer step,1.320191916449419,0.0,0.0,0.02952818369243013,0.0,,,,
balanced_8_moving_8_stationary,7,0.001,train-mode backward before optimizer step,1.3410779500634624,0.0,0.0,0.02952818369243013,0.0,,,,
balanced_8_moving_8_stationary,8,0.001,train-mode backward before optimizer step,1.3481579530007595,0.0,0.0,0.02952818369243013,0.0,,,,
balanced_8_moving_8_stationary,9,0.001,train-mode backward before optimizer step,1.367328783364458,0.0,0.0,0.02952818369243013,0.0,,,,
balanced_8_moving_8_stationary,10,0.001,train-mode backward before optimizer step,1.3469056591797188,0.0,0.0,0.02952818369243013,0.0,3.079085350036621,1.0,1.0,49.5347785949707
balanced_8_moving_8_stationary,11,0.001,train-mode backward before optimizer step,1.3286820010955058,0.0,0.0,0.02952818369243013,0.0,,,,
balanced_8_moving_8_stationary,12,0.001,train-mode backward before optimizer step,0.9423384510066753,0.0,0.0,0.006472730422894798,0.0,,,,
balanced_8_moving_8_stationary,13,0.001,train-mode backward before optimizer step,0.9570611786173157,0.0,0.0,0.006472730422894798,0.0,,,,
balanced_8_moving_8_stationary,14,0.001,train-mode backward before optimizer step,0.9206253549027658,0.0,0.0,0.006472730422894798,0.0,,,,
balanced_8_moving_8_stationary,15,0.001,train-mode backward before optimizer step,1.2347486838558677,0.0,0.0,0.02952818369243013,0.0,,,,
balanced_8_moving_8_stationary,16,0.001,train-mode backward before optimizer step,0.9758254122870457,0.0,0.0,0.01488095282111317,0.0,,,,
balanced_8_moving_8_stationary,17,0.001,train-mode backward before optimizer step,0.9207082125829917,0.0,0.0,0.006472730422894798,0.0,,,,
balanced_8_moving_8_stationary,18,0.001,train-mode backward before optimizer step,1.322458053174129,0.0,0.0,0.02952818369243013,0.0,,,,
balanced_8_moving_8_stationary,19,0.001,train-mode backward before optimizer step,1.2550332180174315,0.0,0.0,0.02952818369243013,0.0,,,,
balanced_8_moving_8_stationary,20,0.001,train-mode backward before optimizer step,1.3153274633282157,0.0,0.0,0.02952818369243013,0.0,3.7639265060424805,1.0,1.0,49.5347785949707
balanced_8_moving_8_stationary,21,0.001,train-mode backward before optimizer step,1.391791768649497,0.0,0.0,0.02952818369243013,0.0,,,,
balanced_8_moving_8_stationary,22,0.001,train-mode backward before optimizer step,1.004809886366501,0.0,0.0,0.01488095282111317,0.0,,,,
balanced_8_moving_8_stationary,23,0.001,train-mode backward before optimizer step,1.0832593951572849,0.0,0.0,0.01488095282111317,0.0,,,,
balanced_8_moving_8_stationary,24,0.001,train-mode backward before optimizer step,0.9592168621876141,0.0,0.0,0.006472730422894798,0.0,,,,
balanced_8_moving_8_stationary,25,0.001,train-mode backward before optimizer step,1.4229944553505807,0.0,0.0,0.02952818369243013,0.0,,,,
balanced_8_moving_8_stationary,26,0.001,train-mode backward before optimizer step,1.3604705645151596,0.0,0.0,0.02952818369243013,0.0,,,,
balanced_8_moving_8_stationary,27,0.001,train-mode backward before optimizer step,0.9851669978003741,0.0,0.0,0.006472730422894798,0.0,,,,
balanced_8_moving_8_stationary,28,0.001,train-mode backward before optimizer step,1.2497226504373564,0.0,0.0,0.02952818369243013,0.0,,,,
balanced_8_moving_8_stationary,29,0.001,train-mode backward before optimizer step,1.4361562996206458,0.0,0.0,0.02952818369243013,0.0,,,,
balanced_8_moving_8_stationary,30,0.001,train-mode backward before optimizer step,1.439979107480859,0.0,0.0,0.02952818369243013,0.0,4.261748790740967,1.0,1.0,49.5347785949707
balanced_8_moving_8_stationary,31,0.001,train-mode backward before optimizer step,1.0789898805070157,0.0,0.0,0.006472730422894798,0.0,,,,
balanced_8_moving_8_stationary,32,0.001,train-mode backward before optimizer step,0.9624795017899275,0.0,0.0,0.006472730422894798,0.0,,,,
balanced_8_moving_8_stationary,33,0.001,train-mode backward before optimizer step,0.9492173059462848,0.0,0.0,0.006472730422894798,0.0,,,,
balanced_8_moving_8_stationary,34,0.001,train-mode backward before optimizer step,1.071317161284786,0.0,0.0,0.01488095282111317,0.0,,,,
balanced_8_moving_8_stationary,35,0.001,train-mode backward before optimizer step,1.3119680503412394,0.0,0.0,0.02952818369243013,0.0,,,,
balanced_8_moving_8_stationary,36,0.001,train-mode backward before optimizer step,1.3215481802106444,0.0,0.0,0.02952818369243013,0.0,,,,
balanced_8_moving_8_stationary,37,0.001,train-mode backward before optimizer step,1.0315796448320027,0.0,0.0,0.006472730422894798,0.0,,,,
balanced_8_moving_8_stationary,38,0.001,train-mode backward before optimizer step,1.4099001057040457,0.0,0.0,0.02952818369243013,0.0,,,,
balanced_8_moving_8_stationary,39,0.001,train-mode backward before optimizer step,1.055352313380208,0.0,0.0,0.01488095282111317,0.0,,,,
balanced_8_moving_8_stationary,40,0.001,train-mode backward before optimizer step,1.0612309370838244,0.0,0.0,0.01488095282111317,0.0,5.191277503967285,1.0,1.0,49.5347785949707
balanced_8_moving_8_stationary,41,0.001,train-mode backward before optimizer step,1.3867585033309604,0.0,0.0,0.02952818369243013,0.0,,,,
balanced_8_moving_8_stationary,42,0.001,train-mode backward before optimizer step,1.0372397504223267,0.0,0.0,0.01488095282111317,0.0,,,,
balanced_8_moving_8_stationary,43,0.001,train-mode backward before optimizer step,1.4453985677883654,0.0,0.0,0.02952818369243013,0.0,,,,
balanced_8_moving_8_stationary,44,0.001,train-mode backward before optimizer step,1.3635994769864832,0.0,0.0,0.02952818369243013,0.0,,,,
balanced_8_moving_8_stationary,45,0.001,train-mode backward before optimizer step,1.2846926473879297,0.0,0.0,0.02952818369243013,0.0,,,,
balanced_8_moving_8_stationary,46,0.001,train-mode backward before optimizer step,1.4605226805375953,0.0,0.0,0.02952818369243013,0.0,,,,
balanced_8_moving_8_stationary,47,0.001,train-mode backward before optimizer step,1.390343196643899,0.0,0.0,0.02952818369243013,0.0,,,,
balanced_8_moving_8_stationary,48,0.001,train-mode backward before optimizer step,1.3840845618661584,0.0,0.0,0.02952818369243013,0.0,,,,
balanced_8_moving_8_stationary,49,0.001,train-mode backward before optimizer step,1.2563191985090876,0.0,0.0,0.02952818369243013,0.0,,,,
balanced_8_moving_8_stationary,50,0.001,train-mode backward before optimizer step,1.4587082946682635,0.0,0.0,0.02952818369243013,0.0,6.074061393737793,1.0,1.0,49.5347785949707
balanced_8_moving_8_stationary,51,0.001,train-mode backward before optimizer step,1.1501536222901896,0.0,0.0,0.01488095282111317,0.0,,,,
balanced_8_moving_8_stationary,52,0.001,train-mode backward before optimizer step,1.0781385177056855,0.0,0.0,0.01488095282111317,0.0,,,,
balanced_8_moving_8_stationary,53,0.001,train-mode backward before optimizer step,1.4702563497360421,0.0,0.0,0.02952818369243013,0.0,,,,
balanced_8_moving_8_stationary,54,0.001,train-mode backward before optimizer step,0.9680781174341485,0.0,0.0,0.006472730422894798,0.0,,,,
balanced_8_moving_8_stationary,55,0.001,train-mode backward before optimizer step,1.4525852077980408,0.0,0.0,0.02952818369243013,0.0,,,,
balanced_8_moving_8_stationary,56,0.001,train-mode backward before optimizer step,1.1160126223910347,0.0,0.0,0.01488095282111317,0.0,,,,
balanced_8_moving_8_stationary,57,0.001,train-mode backward before optimizer step,1.4855315760599208,0.0,0.0,0.02952818369243013,0.0,,,,
balanced_8_moving_8_stationary,58,0.001,train-mode backward before optimizer step,1.471540307940381,0.0,0.0,0.02952818369243013,0.0,,,,
balanced_8_moving_8_stationary,59,0.001,train-mode backward before optimizer step,0.9822189973680794,0.0,0.0,0.006472730422894798,0.0,,,,
balanced_8_moving_8_stationary,60,0.001,train-mode backward before optimizer step,1.0509513555509986,0.0,0.0,0.006472730422894798,0.0,7.2300286293029785,1.0,1.0,49.5347785949707
balanced_8_moving_8_stationary,61,0.001,train-mode backward before optimizer step,1.509147961388904,0.0,0.0,0.02952818369243013,0.0,,,,
balanced_8_moving_8_stationary,62,0.001,train-mode backward before optimizer step,1.49973776843229,0.0,0.0,0.02952818369243013,0.0,,,,
balanced_8_moving_8_stationary,63,0.001,train-mode backward before optimizer step,1.0454391103678125,0.0,0.0,0.006472730422894798,0.0,,,,
balanced_8_moving_8_stationary,64,0.001,train-mode backward before optimizer step,1.1231772683430303,0.0,0.0,0.01488095282111317,0.0,,,,
balanced_8_moving_8_stationary,65,0.001,train-mode backward before optimizer step,1.1089246651067126,0.0,0.0,0.01488095282111317,0.0,,,,
balanced_8_moving_8_stationary,66,0.001,train-mode backward before optimizer step,1.1145033713456218,0.0,0.0,0.01488095282111317,0.0,,,,
balanced_8_moving_8_stationary,67,0.001,train-mode backward before optimizer step,1.484482319010555,0.0,0.0,0.02952818369243013,0.0,,,,
balanced_8_moving_8_stationary,68,0.001,train-mode backward before optimizer step,0.9536331554696202,0.0,0.0,0.006472730422894798,0.0,,,,
balanced_8_moving_8_stationary,69,0.001,train-mode backward before optimizer step,1.5425900979625349,0.0,0.0,0.02952818369243013,0.0,,,,
balanced_8_moving_8_stationary,70,0.001,train-mode backward before optimizer step,0.946622627395808,0.0,0.0,0.006472730422894798,0.0,8.346748352050781,1.0,1.0,49.5347785949707
balanced_8_moving_8_stationary,71,0.001,train-mode backward before optimizer step,1.4259746452371556,0.0,0.0,0.02952818369243013,0.0,,,,
balanced_8_moving_8_stationary,72,0.001,train-mode backward before optimizer step,1.1236020020823376,0.0,0.0,0.006472730422894798,0.0,,,,
balanced_8_moving_8_stationary,73,0.001,train-mode backward before optimizer step,1.2073745854278293,0.0,0.0,0.01488095282111317,0.0,,,,
balanced_8_moving_8_stationary,74,0.001,train-mode backward before optimizer step,0.971820973676929,0.0,0.0,0.006472730422894798,0.0,,,,
balanced_8_moving_8_stationary,75,0.001,train-mode backward before optimizer step,1.559902377035769,0.0,0.0,0.02952818369243013,0.0,,,,
balanced_8_moving_8_stationary,76,0.001,train-mode backward before optimizer step,1.1408596240512165,0.0,0.0,0.01488095282111317,0.0,,,,
balanced_8_moving_8_stationary,77,0.001,train-mode backward before optimizer step,1.018852008174587,0.0,0.0,0.006472730422894798,0.0,,,,
balanced_8_moving_8_stationary,78,0.001,train-mode backward before optimizer step,1.6853097671779986,0.0,0.0,0.02952818369243013,0.0,,,,
balanced_8_moving_8_stationary,79,0.001,train-mode backward before optimizer step,1.0251484846973942,0.0,0.0,0.006472730422894798,0.0,,,,
balanced_8_moving_8_stationary,80,0.001,train-mode backward before optimizer step,1.6123832487720904,0.0,0.0,0.02952818369243013,0.0,9.461750030517578,1.0,1.0,49.5347785949707
balanced_8_moving_8_stationary,81,0.001,train-mode backward before optimizer step,1.0371237440626595,0.0,0.0,0.006472730422894798,0.0,,,,
balanced_8_moving_8_stationary,82,0.001,train-mode backward before optimizer step,1.6346925244727617,0.0,0.0,0.02952818369243013,0.0,,,,
balanced_8_moving_8_stationary,83,0.001,train-mode backward before optimizer step,1.641758687800589,0.0,0.0,0.02952818369243013,0.0,,,,
balanced_8_moving_8_stationary,84,0.001,train-mode backward before optimizer step,1.7239205760349492,0.0,0.0,0.02952818369243013,0.0,,,,
balanced_8_moving_8_stationary,85,0.001,train-mode backward before optimizer step,1.0409525774806423,0.0,0.0,0.006472730422894798,0.0,,,,
balanced_8_moving_8_stationary,86,0.001,train-mode backward before optimizer step,1.109386519967311,0.0,0.0,0.006472730422894798,0.0,,,,
balanced_8_moving_8_stationary,87,0.001,train-mode backward before optimizer step,1.6771073204236728,0.0,0.0,0.02952818369243013,0.0,,,,
balanced_8_moving_8_stationary,88,0.001,train-mode backward before optimizer step,1.2433012711920017,0.0,0.0,0.01488095282111317,0.0,,,,
balanced_8_moving_8_stationary,89,0.001,train-mode backward before optimizer step,1.0522333462585505,0.0,0.0,0.006472730422894798,0.0,,,,
balanced_8_moving_8_stationary,90,0.001,train-mode backward before optimizer step,1.6185743635905958,0.0,0.0,0.02952818369243013,0.0,10.69143295288086,1.0,1.0,49.5347785949707
balanced_8_moving_8_stationary,91,0.001,train-mode backward before optimizer step,1.6444268767915722,0.0,0.0,0.02952818369243013,0.0,,,,
balanced_8_moving_8_stationary,92,0.001,train-mode backward before optimizer step,1.2546721547548132,0.0,0.0,0.01488095282111317,0.0,,,,
balanced_8_moving_8_stationary,93,0.001,train-mode backward before optimizer step,1.0939751537264397,0.0,0.0,0.006472730422894798,0.0,,,,
balanced_8_moving_8_stationary,94,0.001,train-mode backward before optimizer step,1.7173151875533128,0.0,0.0,0.02952818369243013,0.0,,,,
balanced_8_moving_8_stationary,95,0.001,train-mode backward before optimizer step,1.214006958690084,0.0,0.0,0.01488095282111317,0.0,,,,
balanced_8_moving_8_stationary,96,0.001,train-mode backward before optimizer step,1.2276943037060173,0.0,0.0,0.006472730422894798,0.0,,,,
balanced_8_moving_8_stationary,97,0.001,train-mode backward before optimizer step,1.0786740079261343,0.0,0.0,0.006472730422894798,0.0,,,,
balanced_8_moving_8_stationary,98,0.001,train-mode backward before optimizer step,1.743774937611759,0.0,0.0,0.02952818369243013,0.0,,,,
balanced_8_moving_8_stationary,99,0.001,train-mode backward before optimizer step,1.203920173170416,0.0,0.0,0.01488095282111317,0.0,,,,
balanced_8_moving_8_stationary,100,0.001,train-mode backward before optimizer step,1.1664614388768402,0.0,0.0,0.006472730422894798,0.0,12.015865325927734,1.0,1.0,49.5347785949707
balanced_8_moving_8_stationary,101,0.001,train-mode backward before optimizer step,1.226026948316996,0.0,0.0,0.01488095282111317,0.0,,,,
balanced_8_moving_8_stationary,102,0.001,train-mode backward before optimizer step,1.2280638538455872,0.0,0.0,0.01488095282111317,0.0,,,,
balanced_8_moving_8_stationary,103,0.001,train-mode backward before optimizer step,1.689836293638165,0.0,0.0,0.02952818369243013,0.0,,,,
balanced_8_moving_8_stationary,104,0.001,train-mode backward before optimizer step,1.1226951460534755,0.0,0.0,0.006472730422894798,0.0,,,,
balanced_8_moving_8_stationary,105,0.001,train-mode backward before optimizer step,1.6658852798203683,0.0,0.0,0.02952818369243013,0.0,,,,
balanced_8_moving_8_stationary,106,0.001,train-mode backward before optimizer step,1.771784191382856,0.0,0.0,0.02952818369243013,0.0,,,,
balanced_8_moving_8_stationary,107,0.001,train-mode backward before optimizer step,1.7832401127250275,0.0,0.0,0.02952818369243013,0.0,,,,
balanced_8_moving_8_stationary,108,0.001,train-mode backward before optimizer step,1.8149650488658151,0.0,0.0,0.02952818369243013,0.0,,,,
balanced_8_moving_8_stationary,109,0.001,train-mode backward before optimizer step,1.8226332960209966,0.0,0.0,0.02952818369243013,0.0,,,,
balanced_8_moving_8_stationary,110,0.001,train-mode backward before optimizer step,1.4761814339826043,0.0,0.0,0.006472730422894798,0.0,13.277167320251465,1.0,1.0,49.5347785949707
balanced_8_moving_8_stationary,111,0.001,train-mode backward before optimizer step,1.8519710203394857,0.0,0.0,0.02952818369243013,0.0,,,,
balanced_8_moving_8_stationary,112,0.001,train-mode backward before optimizer step,1.8247429281489385,0.0,0.0,0.02952818369243013,0.0,,,,
balanced_8_moving_8_stationary,113,0.001,train-mode backward before optimizer step,1.359797722445061,0.0,0.0,0.01488095282111317,0.0,,,,
balanced_8_moving_8_stationary,114,0.001,train-mode backward before optimizer step,1.9588347434009654,0.0,0.0,0.02952818369243013,0.0,,,,
balanced_8_moving_8_stationary,115,0.001,train-mode backward before optimizer step,1.9723651693852011,0.0,0.0,0.02952818369243013,0.0,,,,
balanced_8_moving_8_stationary,116,0.001,train-mode backward before optimizer step,1.3815048918463153,0.0,0.0,0.01488095282111317,0.0,,,,
balanced_8_moving_8_stationary,117,0.001,train-mode backward before optimizer step,1.671137414961983,0.0,0.0,0.01488095282111317,0.0,,,,
balanced_8_moving_8_stationary,118,0.001,train-mode backward before optimizer step,1.9153887025477834,0.0,0.0,0.02952818369243013,0.0,,,,
balanced_8_moving_8_stationary,119,0.001,train-mode backward before optimizer step,1.564926450822272,0.0,0.0,0.006472730422894798,0.0,,,,
balanced_8_moving_8_stationary,120,0.001,train-mode backward before optimizer step,1.935150580104587,0.0,0.0,0.02952818369243013,0.0,14.451370239257812,1.0,1.0,49.5347785949707
balanced_8_moving_8_stationary,121,0.001,train-mode backward before optimizer step,1.2315680953637307,0.0,0.0,0.006472730422894798,0.0,,,,
balanced_8_moving_8_stationary,122,0.001,train-mode backward before optimizer step,1.3239275003981499,0.0,0.0,0.01488095282111317,0.0,,,,
balanced_8_moving_8_stationary,123,0.001,train-mode backward before optimizer step,1.2925744709174476,0.0,0.0,0.01488095282111317,0.0,,,,
balanced_8_moving_8_stationary,124,0.001,train-mode backward before optimizer step,1.8484574148325932,0.0,0.0,0.02952818369243013,0.0,,,,
balanced_8_moving_8_stationary,125,0.001,train-mode backward before optimizer step,1.1534609704341823,0.0,0.0,0.006472730422894798,0.0,,,,
balanced_8_moving_8_stationary,126,0.001,train-mode backward before optimizer step,1.8833001608210898,0.0,0.0,0.02952818369243013,0.0,,,,
balanced_8_moving_8_stationary,127,0.001,train-mode backward before optimizer step,1.880206937916247,0.0,0.0,0.02952818369243013,0.0,,,,
balanced_8_moving_8_stationary,128,0.001,train-mode backward before optimizer step,1.4746432872924071,0.0,0.0,0.006472730422894798,0.0,,,,
balanced_8_moving_8_stationary,129,0.001,train-mode backward before optimizer step,1.814023120480897,0.0,0.0,0.02952818369243013,0.0,,,,
balanced_8_moving_8_stationary,130,0.001,train-mode backward before optimizer step,1.9017434368303077,0.0,0.0,0.02952818369243013,0.0,15.82618522644043,1.0,1.0,49.5347785949707
balanced_8_moving_8_stationary,131,0.001,train-mode backward before optimizer step,2.0480715576995276,0.0,0.0,0.02952818369243013,0.0,,,,
balanced_8_moving_8_stationary,132,0.001,train-mode backward before optimizer step,1.2621419144208592,0.0,0.0,0.006472730422894798,0.0,,,,
balanced_8_moving_8_stationary,133,0.001,train-mode backward before optimizer step,2.075344640943141,0.0,0.0,0.02952818369243013,0.0,,,,
balanced_8_moving_8_stationary,134,0.001,train-mode backward before optimizer step,2.0619768292215213,0.0,0.0,0.02952818369243013,0.0,,,,
balanced_8_moving_8_stationary,135,0.001,train-mode backward before optimizer step,1.9118825992671555,0.0,0.0,0.02952818369243013,0.0,,,,
balanced_8_moving_8_stationary,136,0.001,train-mode backward before optimizer step,2.0314588332784442,0.0,0.0,0.02952818369243013,0.0,,,,
balanced_8_moving_8_stationary,137,0.001,train-mode backward before optimizer step,1.6755422360804195,0.0,0.0,0.01488095282111317,0.0,,,,
balanced_8_moving_8_stationary,138,0.001,train-mode backward before optimizer step,1.980998891968833,0.0,0.0,0.02952818369243013,0.0,,,,
balanced_8_moving_8_stationary,139,0.001,train-mode backward before optimizer step,2.007881382722737,0.0,0.0,0.02952818369243013,0.0,,,,
balanced_8_moving_8_stationary,140,0.001,train-mode backward before optimizer step,2.0290165075804696,0.0,0.0,0.02952818369243013,0.0,17.192934036254883,1.0,1.0,49.5347785949707
balanced_8_moving_8_stationary,141,0.001,train-mode backward before optimizer step,1.3565072874921646,0.0,0.0,0.01488095282111317,0.0,,,,
balanced_8_moving_8_stationary,142,0.001,train-mode backward before optimizer step,1.384384895860231,0.0,0.0,0.01488095282111317,0.0,,,,
balanced_8_moving_8_stationary,143,0.001,train-mode backward before optimizer step,1.2295541694236467,0.0,0.0,0.006472730422894798,0.0,,,,
balanced_8_moving_8_stationary,144,0.001,train-mode backward before optimizer step,1.9011021059741513,0.0,0.0,0.02952818369243013,0.0,,,,
balanced_8_moving_8_stationary,145,0.001,train-mode backward before optimizer step,1.264498497946572,0.0,0.0,0.006472730422894798,0.0,,,,
balanced_8_moving_8_stationary,146,0.001,train-mode backward before optimizer step,2.258375135700649,0.0,0.0,0.02952818369243013,0.0,,,,
balanced_8_moving_8_stationary,147,0.001,train-mode backward before optimizer step,1.6184589889185153,0.0,0.0,0.01488095282111317,0.0,,,,
balanced_8_moving_8_stationary,148,0.001,train-mode backward before optimizer step,1.5397493662200992,0.0,0.0,0.006472730422894798,0.0,,,,
balanced_8_moving_8_stationary,149,0.001,train-mode backward before optimizer step,1.5455341331057757,0.0,0.0,0.01488095282111317,0.0,,,,
balanced_8_moving_8_stationary,150,0.001,train-mode backward before optimizer step,1.4323502017652225,0.0,0.0,0.006472730422894798,0.0,18.738628387451172,1.0,1.0,49.5347785949707
balanced_8_moving_8_stationary,151,0.001,train-mode backward before optimizer step,1.9250239306133186,0.0,0.0,0.02952818369243013,0.0,,,,
balanced_8_moving_8_stationary,152,0.001,train-mode backward before optimizer step,1.7502366100074147,0.0,0.0,0.01488095282111317,0.0,,,,
balanced_8_moving_8_stationary,153,0.001,train-mode backward before optimizer step,1.6786507741456875,0.0,0.0,0.01488095282111317,0.0,,,,
balanced_8_moving_8_stationary,154,0.001,train-mode backward before optimizer step,1.2053963806717267,0.0,0.0,0.006472730422894798,0.0,,,,
balanced_8_moving_8_stationary,155,0.001,train-mode backward before optimizer step,1.3296245917300062,0.0,0.0,0.01488095282111317,0.0,,,,
balanced_8_moving_8_stationary,156,0.001,train-mode backward before optimizer step,1.997787477284045,0.0,0.0,0.02952818369243013,0.0,,,,
balanced_8_moving_8_stationary,157,0.001,train-mode backward before optimizer step,2.0628657577069793,0.0,0.0,0.02952818369243013,0.0,,,,
balanced_8_moving_8_stationary,158,0.001,train-mode backward before optimizer step,2.3614408585630065,0.0,0.0,0.02952818369243013,0.0,,,,
balanced_8_moving_8_stationary,159,0.001,train-mode backward before optimizer step,1.8556821869286027,0.0,0.0,0.02952818369243013,0.0,,,,
balanced_8_moving_8_stationary,160,0.001,train-mode backward before optimizer step,1.5573964427921612,0.0,0.0,0.006472730422894798,0.0,20.13548469543457,1.0,1.0,49.5347785949707
balanced_8_moving_8_stationary,161,0.001,train-mode backward before optimizer step,1.3583609289414758,0.0,0.0,0.006472730422894798,0.0,,,,
balanced_8_moving_8_stationary,162,0.001,train-mode backward before optimizer step,2.2606314368141622,0.0,0.0,0.02952818369243013,0.0,,,,
balanced_8_moving_8_stationary,163,0.001,train-mode backward before optimizer step,1.3579019515604933,0.0,0.0,0.006472730422894798,0.0,,,,
balanced_8_moving_8_stationary,164,0.001,train-mode backward before optimizer step,1.2856648700172477,0.0,0.0,0.006472730422894798,0.0,,,,
balanced_8_moving_8_stationary,165,0.001,train-mode backward before optimizer step,2.0203526238649774,0.0,0.0,0.02952818369243013,0.0,,,,
balanced_8_moving_8_stationary,166,0.001,train-mode backward before optimizer step,1.2912986301864124,0.0,0.0,0.006472730422894798,0.0,,,,
balanced_8_moving_8_stationary,167,0.001,train-mode backward before optimizer step,2.127172349040393,0.0,0.0,0.02952818369243013,0.0,,,,
balanced_8_moving_8_stationary,168,0.001,train-mode backward before optimizer step,1.6789873961638782,0.0,0.0,0.01488095282111317,0.0,,,,
balanced_8_moving_8_stationary,169,0.001,train-mode backward before optimizer step,2.162402706571478,0.0,0.0,0.02952818369243013,0.0,,,,
balanced_8_moving_8_stationary,170,0.001,train-mode backward before optimizer step,2.2837667936235104,0.0,0.0,0.02952818369243013,0.0,21.669261932373047,1.0,1.0,49.5347785949707
balanced_8_moving_8_stationary,171,0.001,train-mode backward before optimizer step,2.730323087823952,0.0,0.0,0.02952818369243013,0.0,,,,
balanced_8_moving_8_stationary,172,0.001,train-mode backward before optimizer step,2.087814497064205,0.0,0.0,0.02952818369243013,0.0,,,,
balanced_8_moving_8_stationary,173,0.001,train-mode backward before optimizer step,2.142497750642513,0.0,0.0,0.02952818369243013,0.0,,,,
balanced_8_moving_8_stationary,174,0.001,train-mode backward before optimizer step,1.330623622295284,0.0,0.0,0.006472730422894798,0.0,,,,
balanced_8_moving_8_stationary,175,0.001,train-mode backward before optimizer step,1.7537220550268284,0.0,0.0,0.01488095282111317,0.0,,,,
balanced_8_moving_8_stationary,176,0.001,train-mode backward before optimizer step,2.3096570824935476,0.0,0.0,0.02952818369243013,0.0,,,,
balanced_8_moving_8_stationary,177,0.001,train-mode backward before optimizer step,1.9818732765658493,0.0,0.0,0.01488095282111317,0.0,,,,
balanced_8_moving_8_stationary,178,0.001,train-mode backward before optimizer step,1.8105179082481004,0.0,0.0,0.01488095282111317,0.0,,,,
balanced_8_moving_8_stationary,179,0.001,train-mode backward before optimizer step,1.8854250106400077,0.0,0.0,0.01488095282111317,0.0,,,,
balanced_8_moving_8_stationary,180,0.001,train-mode backward before optimizer step,2.126790301704519,0.0,0.0,0.02952818369243013,0.0,23.282672882080078,1.0,1.0,49.5347785949707
balanced_8_moving_8_stationary,181,0.001,train-mode backward before optimizer step,2.5392432133196117,0.0,0.0,0.02952818369243013,0.0,,,,
balanced_8_moving_8_stationary,182,0.001,train-mode backward before optimizer step,2.365505331817311,0.0,0.0,0.02952818369243013,0.0,,,,
balanced_8_moving_8_stationary,183,0.001,train-mode backward before optimizer step,1.9332346922109025,0.0,0.0,0.02952818369243013,0.0,,,,
balanced_8_moving_8_stationary,184,0.001,train-mode backward before optimizer step,1.7264520927075935,0.0,0.0,0.006472730422894798,0.0,,,,
balanced_8_moving_8_stationary,185,0.001,train-mode backward before optimizer step,1.9271505663210964,0.0,0.0,0.01488095282111317,0.0,,,,
balanced_8_moving_8_stationary,186,0.001,train-mode backward before optimizer step,2.278890800097553,0.0,0.0,0.02952818369243013,0.0,,,,
balanced_8_moving_8_stationary,187,0.001,train-mode backward before optimizer step,1.426514379323723,0.0,0.0,0.02952818369243013,0.0,,,,
balanced_8_moving_8_stationary,188,0.001,train-mode backward before optimizer step,1.5426001213194567,0.0,0.0,0.02952818369243013,0.0,,,,
balanced_8_moving_8_stationary,189,0.001,train-mode backward before optimizer step,1.4895442510195318,0.0,0.0,0.01488095282111317,0.0,,,,
balanced_8_moving_8_stationary,190,0.001,train-mode backward before optimizer step,2.136979680881068,0.0,0.0,0.02952818369243013,0.0,24.715805053710938,1.0,1.0,49.5347785949707
balanced_8_moving_8_stationary,191,0.001,train-mode backward before optimizer step,2.2160143063959854,0.0,0.0,0.02952818369243013,0.0,,,,
balanced_8_moving_8_stationary,192,0.001,train-mode backward before optimizer step,1.5686040640611845,0.0,0.0,0.02952818369243013,0.0,,,,
balanced_8_moving_8_stationary,193,0.001,train-mode backward before optimizer step,1.7205689840723233,0.0,0.0,0.02952818369243013,0.0,,,,
balanced_8_moving_8_stationary,194,0.001,train-mode backward before optimizer step,1.5458726379510486,0.0,0.0,0.01488095282111317,0.0,,,,
balanced_8_moving_8_stationary,195,0.001,train-mode backward before optimizer step,2.461642350349753,0.0,0.0,0.02952818369243013,0.0,,,,
balanced_8_moving_8_stationary,196,0.001,train-mode backward before optimizer step,2.1188354402350127,0.0,0.0,0.02952818369243013,0.0,,,,
balanced_8_moving_8_stationary,197,0.001,train-mode backward before optimizer step,2.303404043615724,0.0,0.0,0.02952818369243013,0.0,,,,
balanced_8_moving_8_stationary,198,0.001,train-mode backward before optimizer step,2.2068583528464503,0.0,0.0,0.02952818369243013,0.0,,,,
balanced_8_moving_8_stationary,199,0.001,train-mode backward before optimizer step,1.52890008825388,0.0,0.0,0.01488095282111317,0.0,,,,
balanced_8_moving_8_stationary,200,0.001,train-mode backward before optimizer step,1.6019158400003137,0.0,0.0,0.01488095282111317,0.0,26.166582107543945,1.0,1.0,49.5347785949707
balanced_8_moving_8_stationary,201,0.001,train-mode backward before optimizer step,2.656815911591085,0.0,0.0,0.02952818369243013,0.0,,,,
balanced_8_moving_8_stationary,202,0.001,train-mode backward before optimizer step,2.0658447733675915,0.0,0.0,0.02952818369243013,0.0,,,,
balanced_8_moving_8_stationary,203,0.001,train-mode backward before optimizer step,2.145464661175695,0.0,0.0,0.02952818369243013,0.0,,,,
balanced_8_moving_8_stationary,204,0.001,train-mode backward before optimizer step,2.353793039278479,0.0,0.0,0.02952818369243013,0.0,,,,
balanced_8_moving_8_stationary,205,0.001,train-mode backward before optimizer step,2.270956364846382,0.0,0.0,0.02952818369243013,0.0,,,,
balanced_8_moving_8_stationary,206,0.001,train-mode backward before optimizer step,2.712591957726935,0.0,0.0,0.02952818369243013,0.0,,,,
balanced_8_moving_8_stationary,207,0.001,train-mode backward before optimizer step,2.4291800251940887,0.0,0.0,0.02952818369243013,0.0,,,,
balanced_8_moving_8_stationary,208,0.001,train-mode backward before optimizer step,1.5199237440527968,0.0,0.0,0.006472730422894798,0.0,,,,
balanced_8_moving_8_stationary,209,0.001,train-mode backward before optimizer step,1.4730977735802366,0.0,0.0,0.006472730422894798,0.0,,,,
balanced_8_moving_8_stationary,210,0.001,train-mode backward before optimizer step,1.422703731100843,0.0,0.0,0.006472730422894798,0.0,27.459205627441406,1.0,1.0,49.5347785949707
balanced_8_moving_8_stationary,211,0.001,train-mode backward before optimizer step,2.078611493700232,0.0,0.0,0.02952818369243013,0.0,,,,
balanced_8_moving_8_stationary,212,0.001,train-mode backward before optimizer step,2.3503088936141254,0.0,0.0,0.02952818369243013,0.0,,,,
balanced_8_moving_8_stationary,213,0.001,train-mode backward before optimizer step,1.3104635487903864,0.0,0.0,0.006472730422894798,0.0,,,,
balanced_8_moving_8_stationary,214,0.001,train-mode backward before optimizer step,1.2281775895529405,0.0,0.0,0.006472730422894798,0.0,,,,
balanced_8_moving_8_stationary,215,0.001,train-mode backward before optimizer step,2.575467674150271,0.0,0.0,0.02952818369243013,0.0,,,,
balanced_8_moving_8_stationary,216,0.001,train-mode backward before optimizer step,1.2615406784723222,0.0,0.0,0.006472730422894798,0.0,,,,
balanced_8_moving_8_stationary,217,0.001,train-mode backward before optimizer step,2.2856365811978754,0.0,0.0,0.02952818369243013,0.0,,,,
balanced_8_moving_8_stationary,218,0.001,train-mode backward before optimizer step,2.373586723523419,0.0,0.0,0.02952818369243013,0.0,,,,
balanced_8_moving_8_stationary,219,0.001,train-mode backward before optimizer step,2.137674703032829,0.0,0.0,0.02952818369243013,0.0,,,,
balanced_8_moving_8_stationary,220,0.001,train-mode backward before optimizer step,2.8006438018553053,0.0,0.0,0.02952818369243013,0.0,28.355640411376953,1.0,1.0,49.5347785949707
balanced_8_moving_8_stationary,221,0.001,train-mode backward before optimizer step,2.4718902845895867,0.0,0.0,0.02952818369243013,0.0,,,,
balanced_8_moving_8_stationary,222,0.001,train-mode backward before optimizer step,1.85686060906178,0.0,0.0,0.01488095282111317,0.0,,,,
balanced_8_moving_8_stationary,223,0.001,train-mode backward before optimizer step,1.6432136150694452,0.0,0.0,0.02952818369243013,0.0,,,,
balanced_8_moving_8_stationary,224,0.001,train-mode backward before optimizer step,1.6669871531288023,0.0,0.0,0.02952818369243013,0.0,,,,
balanced_8_moving_8_stationary,225,0.001,train-mode backward before optimizer step,3.217153478775967,0.0,0.0,0.02952818369243013,0.0,,,,
balanced_8_moving_8_stationary,226,0.001,train-mode backward before optimizer step,2.6155284111085004,0.0,0.0,0.02952818369243013,0.0,,,,
balanced_8_moving_8_stationary,227,0.001,train-mode backward before optimizer step,2.1989486999320693,0.0,0.0,0.02952818369243013,0.0,,,,
balanced_8_moving_8_stationary,228,0.001,train-mode backward before optimizer step,2.5979477505907176,0.0,0.0,0.02952818369243013,0.0,,,,
balanced_8_moving_8_stationary,229,0.001,train-mode backward before optimizer step,1.5178334507672193,0.0,0.0,0.01488095282111317,0.0,,,,
balanced_8_moving_8_stationary,230,0.001,train-mode backward before optimizer step,2.243977155407747,0.0,0.0,0.02952818369243013,0.0,29.529104232788086,1.0,1.0,49.5347785949707
balanced_8_moving_8_stationary,231,0.001,train-mode backward before optimizer step,1.7054013283976357,0.0,0.0,0.02952818369243013,0.0,,,,
balanced_8_moving_8_stationary,232,0.001,train-mode backward before optimizer step,2.233405130923247,0.0,0.0,0.02952818369243013,0.0,,,,
balanced_8_moving_8_stationary,233,0.001,train-mode backward before optimizer step,2.471318744386734,0.0,0.0,0.02952818369243013,0.0,,,,
balanced_8_moving_8_stationary,234,0.001,train-mode backward before optimizer step,1.7735414901656705,0.0,0.0,0.006472730422894798,0.0,,,,
balanced_8_moving_8_stationary,235,0.001,train-mode backward before optimizer step,3.103926737354863,0.0,0.0,0.02952818369243013,0.0,,,,
balanced_8_moving_8_stationary,236,0.001,train-mode backward before optimizer step,1.6988606940381474,0.0,0.0,0.01488095282111317,0.0,,,,
balanced_8_moving_8_stationary,237,0.001,train-mode backward before optimizer step,1.2058760742955346,0.0,0.0,0.006472730422894798,0.0,,,,
balanced_8_moving_8_stationary,238,0.001,train-mode backward before optimizer step,2.4252973791776427,0.0,0.0,0.02952818369243013,0.0,,,,
balanced_8_moving_8_stationary,239,0.001,train-mode backward before optimizer step,2.139411318189069,0.0,0.0,0.02952818369243013,0.0,,,,
balanced_8_moving_8_stationary,240,0.001,train-mode backward before optimizer step,1.5802565829425397,0.0,0.0,0.01488095282111317,0.0,30.843658447265625,1.0,1.0,49.5347785949707
balanced_8_moving_8_stationary,241,0.001,train-mode backward before optimizer step,3.152879742130581,0.0,0.0,0.02952818369243013,0.0,,,,
balanced_8_moving_8_stationary,242,0.001,train-mode backward before optimizer step,3.2624373448190473,0.0,0.0,0.02952818369243013,0.0,,,,
balanced_8_moving_8_stationary,243,0.001,train-mode backward before optimizer step,1.4968025778313554,0.0,0.0,0.01488095282111317,0.0,,,,
balanced_8_moving_8_stationary,244,0.001,train-mode backward before optimizer step,1.6808450123485408,0.0,0.0,0.01488095282111317,0.0,,,,
balanced_8_moving_8_stationary,245,0.001,train-mode backward before optimizer step,2.3603433149769866,0.0,0.0,0.02952818369243013,0.0,,,,
balanced_8_moving_8_stationary,246,0.001,train-mode backward before optimizer step,2.634729470333163,0.0,0.0,0.02952818369243013,0.0,,,,
balanced_8_moving_8_stationary,247,0.001,train-mode backward before optimizer step,1.5944448693066609,0.0,0.0,0.01488095282111317,0.0,,,,
balanced_8_moving_8_stationary,248,0.001,train-mode backward before optimizer step,0.9686703002286439,0.0,0.0,0.006472730422894798,0.0,,,,
balanced_8_moving_8_stationary,249,0.001,train-mode backward before optimizer step,2.365185050720985,0.0,0.0,0.02952818369243013,0.0,,,,
balanced_8_moving_8_stationary,250,0.001,train-mode backward before optimizer step,2.2573551576687194,0.0,0.0,0.02952818369243013,0.0,31.77623748779297,1.0,1.0,49.5347785949707
balanced_8_moving_8_stationary,251,0.001,train-mode backward before optimizer step,2.9732954382480274,0.0,0.0,0.02952818369243013,0.0,,,,
balanced_8_moving_8_stationary,252,0.001,train-mode backward before optimizer step,1.0046691805756853,0.0,0.0,0.006472730422894798,0.0,,,,
balanced_8_moving_8_stationary,253,0.001,train-mode backward before optimizer step,2.5758105969343736,0.0,0.0,0.02952818369243013,0.0,,,,
balanced_8_moving_8_stationary,254,0.001,train-mode backward before optimizer step,2.1784050105104487,0.0,0.0,0.01488095282111317,0.0,,,,
balanced_8_moving_8_stationary,255,0.001,train-mode backward before optimizer step,2.6399565482138976,0.0,0.0,0.02952818369243013,0.0,,,,
balanced_8_moving_8_stationary,256,0.001,train-mode backward before optimizer step,1.93190776950587,0.0,0.0,0.01488095282111317,0.0,,,,
balanced_8_moving_8_stationary,257,0.001,train-mode backward before optimizer step,2.649142157906808,0.0,0.0,0.02952818369243013,0.0,,,,
balanced_8_moving_8_stationary,258,0.001,train-mode backward before optimizer step,2.1299925766349324,0.0,0.0,0.01488095282111317,0.0,,,,
balanced_8_moving_8_stationary,259,0.001,train-mode backward before optimizer step,1.9692956098095975,0.0,0.0,0.02952818369243013,0.0,,,,
balanced_8_moving_8_stationary,260,0.001,train-mode backward before optimizer step,2.3871100931222564,0.0,0.0,0.01488095282111317,0.0,32.824859619140625,1.0,1.0,49.5347785949707
balanced_8_moving_8_stationary,261,0.001,train-mode backward before optimizer step,1.7305475925168012,0.0,0.0,0.02952818369243013,0.0,,,,
balanced_8_moving_8_stationary,262,0.001,train-mode backward before optimizer step,2.416418657688842,0.0,0.0,0.02952818369243013,0.0,,,,
balanced_8_moving_8_stationary,263,0.001,train-mode backward before optimizer step,2.0936008146333642,0.0,0.0,0.006472730422894798,0.0,,,,
balanced_8_moving_8_stationary,264,0.001,train-mode backward before optimizer step,2.5089709596133205,0.0,0.0,0.02952818369243013,0.0,,,,
balanced_8_moving_8_stationary,265,0.001,train-mode backward before optimizer step,1.498042930174932,0.0,0.0,0.006472730422894798,0.0,,,,
balanced_8_moving_8_stationary,266,0.001,train-mode backward before optimizer step,1.9345260364716996,0.0,0.0,0.02952818369243013,0.0,,,,
balanced_8_moving_8_stationary,267,0.001,train-mode backward before optimizer step,2.593179453926242,0.0,0.0,0.02952818369243013,0.0,,,,
balanced_8_moving_8_stationary,268,0.001,train-mode backward before optimizer step,1.4960324603616486,0.0,0.0,0.006472730422894798,0.0,,,,
balanced_8_moving_8_stationary,269,0.001,train-mode backward before optimizer step,2.280401034383657,0.0,0.0,0.02952818369243013,0.0,,,,
balanced_8_moving_8_stationary,270,0.001,train-mode backward before optimizer step,2.555453479113475,0.0,0.0,0.02952818369243013,0.0,33.59041976928711,1.0,1.0,49.5347785949707
balanced_8_moving_8_stationary,271,0.001,train-mode backward before optimizer step,2.195831537072485,0.0,0.0,0.02952818369243013,0.0,,,,
balanced_8_moving_8_stationary,272,0.001,train-mode backward before optimizer step,1.9994992666220477,0.0,0.0,0.01488095282111317,0.0,,,,
balanced_8_moving_8_stationary,273,0.001,train-mode backward before optimizer step,4.0956561956867334,0.0,0.0,0.02952818369243013,0.0,,,,
balanced_8_moving_8_stationary,274,0.001,train-mode backward before optimizer step,2.109090734692849,0.0,0.0,0.01488095282111317,0.0,,,,
balanced_8_moving_8_stationary,275,0.001,train-mode backward before optimizer step,1.608895950157813,0.0,0.0,0.02952818369243013,0.0,,,,
balanced_8_moving_8_stationary,276,0.001,train-mode backward before optimizer step,2.289373720928812,0.0,0.0,0.02952818369243013,0.0,,,,
balanced_8_moving_8_stationary,277,0.001,train-mode backward before optimizer step,2.2939402783592473,0.0,0.0,0.02952818369243013,0.0,,,,
balanced_8_moving_8_stationary,278,0.001,train-mode backward before optimizer step,3.8071636335611143,0.0,0.0,0.02952818369243013,0.0,,,,
balanced_8_moving_8_stationary,279,0.001,train-mode backward before optimizer step,3.196778076418811,0.0,0.0,0.02952818369243013,0.0,,,,
balanced_8_moving_8_stationary,280,0.001,train-mode backward before optimizer step,1.7609349402541405,0.0,0.0,0.02952818369243013,0.0,34.11684036254883,1.0,1.0,49.5347785949707
balanced_8_moving_8_stationary,281,0.001,train-mode backward before optimizer step,1.3039049777101108,0.0,0.0,0.006472730422894798,0.0,,,,
balanced_8_moving_8_stationary,282,0.001,train-mode backward before optimizer step,1.5607192481498096,0.0,0.0,0.006472730422894798,0.0,,,,
balanced_8_moving_8_stationary,283,0.001,train-mode backward before optimizer step,2.1564759823372395,0.0,0.0,0.02952818369243013,0.0,,,,
balanced_8_moving_8_stationary,284,0.001,train-mode backward before optimizer step,1.634660971520752,0.0,0.0,0.02952818369243013,0.0,,,,
balanced_8_moving_8_stationary,285,0.001,train-mode backward before optimizer step,3.0121627212176216,0.0,0.0,0.02952818369243013,0.0,,,,
balanced_8_moving_8_stationary,286,0.001,train-mode backward before optimizer step,2.570374542390011,0.0,0.0,0.02952818369243013,0.0,,,,
balanced_8_moving_8_stationary,287,0.001,train-mode backward before optimizer step,3.234874902127333,0.0,0.0,0.02952818369243013,0.0,,,,
balanced_8_moving_8_stationary,288,0.001,train-mode backward before optimizer step,2.1077518621600464,0.0,0.0,0.006472730422894798,0.0,,,,
balanced_8_moving_8_stationary,289,0.001,train-mode backward before optimizer step,1.8001779596667549,0.0,0.0,0.006472730422894798,0.0,,,,
balanced_8_moving_8_stationary,290,0.001,train-mode backward before optimizer step,2.254286728599785,0.0,0.0,0.01488095282111317,0.0,34.2692985534668,1.0,1.0,49.5347785949707
balanced_8_moving_8_stationary,291,0.001,train-mode backward before optimizer step,2.409672105689594,0.0,0.0,0.02952818369243013,0.0,,,,
balanced_8_moving_8_stationary,292,0.001,train-mode backward before optimizer step,2.368626088967179,0.0,0.0,0.02952818369243013,0.0,,,,
balanced_8_moving_8_stationary,293,0.001,train-mode backward before optimizer step,2.263531723125373,0.0,0.0,0.006472730422894798,0.0,,,,
balanced_8_moving_8_stationary,294,0.001,train-mode backward before optimizer step,2.6304875571413873,0.0,0.0,0.02952818369243013,0.0,,,,
balanced_8_moving_8_stationary,295,0.001,train-mode backward before optimizer step,2.293343237699405,0.0,0.0,0.02952818369243013,0.0,,,,
balanced_8_moving_8_stationary,296,0.001,train-mode backward before optimizer step,2.174284364104,0.0,0.0,0.006472730422894798,0.0,,,,
balanced_8_moving_8_stationary,297,0.001,train-mode backward before optimizer step,2.637820894211012,0.0,0.0,0.02952818369243013,0.0,,,,
balanced_8_moving_8_stationary,298,0.001,train-mode backward before optimizer step,3.127784768056524,0.0,0.0,0.02952818369243013,0.0,,,,
balanced_8_moving_8_stationary,299,0.001,train-mode backward before optimizer step,2.792806334394348,0.0,0.0,0.02952818369243013,0.0,,,,
balanced_8_moving_8_stationary,300,0.001,train-mode backward before optimizer step,2.314074808749112,0.0,0.0,0.02952818369243013,0.0,35.070716857910156,1.0,1.0,49.5347785949707
balanced_8_moving_8_stationary,301,0.001,train-mode backward before optimizer step,2.4222060883695318,0.0,0.0,0.02952818369243013,0.0,,,,
balanced_8_moving_8_stationary,302,0.001,train-mode backward before optimizer step,2.3339833562842154,0.0,0.0,0.02952818369243013,0.0,,,,
balanced_8_moving_8_stationary,303,0.001,train-mode backward before optimizer step,2.660525518718524,0.0,0.0,0.02952818369243013,0.0,,,,
balanced_8_moving_8_stationary,304,0.001,train-mode backward before optimizer step,1.3938191552885821,0.0,0.0,0.01488095282111317,0.0,,,,
balanced_8_moving_8_stationary,305,0.001,train-mode backward before optimizer step,2.9952697912401374,0.0,0.0,0.02952818369243013,0.0,,,,
balanced_8_moving_8_stationary,306,0.001,train-mode backward before optimizer step,1.674912400321727,0.0,0.0,0.01488095282111317,0.0,,,,
balanced_8_moving_8_stationary,307,0.001,train-mode backward before optimizer step,3.4685609319771844,0.0,0.0,0.02952818369243013,0.0,,,,
balanced_8_moving_8_stationary,308,0.001,train-mode backward before optimizer step,1.397861089756965,0.0,0.0,0.01488095282111317,0.0,,,,
balanced_8_moving_8_stationary,309,0.001,train-mode backward before optimizer step,1.3196612077942664,0.0,0.0,0.02952818369243013,0.0,,,,
balanced_8_moving_8_stationary,310,0.001,train-mode backward before optimizer step,1.3240525981683426,0.0,0.0,0.02952818369243013,0.0,35.763423919677734,1.0,1.0,49.5347785949707
balanced_8_moving_8_stationary,311,0.001,train-mode backward before optimizer step,3.415355035449072,0.0,0.0,0.02952818369243013,0.0,,,,
balanced_8_moving_8_stationary,312,0.001,train-mode backward before optimizer step,1.2761331419996755,0.0,0.0,0.02952818369243013,0.0,,,,
balanced_8_moving_8_stationary,313,0.001,train-mode backward before optimizer step,1.708179047948701,0.0,0.0,0.01488095282111317,0.0,,,,
balanced_8_moving_8_stationary,314,0.001,train-mode backward before optimizer step,2.4186101984897705,0.0,0.0,0.02952818369243013,0.0,,,,
balanced_8_moving_8_stationary,315,0.001,train-mode backward before optimizer step,2.67294638081611,0.0,0.0,0.02952818369243013,0.0,,,,
balanced_8_moving_8_stationary,316,0.001,train-mode backward before optimizer step,2.339645627975218,0.0,0.0,0.02952818369243013,0.0,,,,
balanced_8_moving_8_stationary,317,0.001,train-mode backward before optimizer step,1.6320393750220958,0.0,0.0,0.02952818369243013,0.0,,,,
balanced_8_moving_8_stationary,318,0.001,train-mode backward before optimizer step,2.6641245691966633,0.0,0.0,0.02952818369243013,0.0,,,,
balanced_8_moving_8_stationary,319,0.001,train-mode backward before optimizer step,1.5443632185245468,0.0,0.0,0.006472730422894798,0.0,,,,
balanced_8_moving_8_stationary,320,0.001,train-mode backward before optimizer step,2.44811035921537,0.0,0.0,0.02952818369243013,0.0,37.087581634521484,1.0,1.0,49.5347785949707
balanced_8_moving_8_stationary,321,0.001,train-mode backward before optimizer step,1.6320129598499218,0.0,0.0,0.006472730422894798,0.0,,,,
balanced_8_moving_8_stationary,322,0.001,train-mode backward before optimizer step,2.0509165578519077,0.0,0.0,0.02952818369243013,0.0,,,,
balanced_8_moving_8_stationary,323,0.001,train-mode backward before optimizer step,2.8453532254479184,0.0,0.0,0.02952818369243013,0.0,,,,
balanced_8_moving_8_stationary,324,0.001,train-mode backward before optimizer step,1.8850768188429097,0.0,0.0,0.01488095282111317,0.0,,,,
balanced_8_moving_8_stationary,325,0.001,train-mode backward before optimizer step,2.5138945504839953,0.0,0.0,0.02952818369243013,0.0,,,,
balanced_8_moving_8_stationary,326,0.001,train-mode backward before optimizer step,2.756604410115214,0.0,0.0,0.02952818369243013,0.0,,,,
balanced_8_moving_8_stationary,327,0.001,train-mode backward before optimizer step,1.3126822685637118,0.0,0.0,0.02952818369243013,0.0,,,,
balanced_8_moving_8_stationary,328,0.001,train-mode backward before optimizer step,1.8508113345338673,0.0,0.0,0.02952818369243013,0.0,,,,
balanced_8_moving_8_stationary,329,0.001,train-mode backward before optimizer step,2.6892858371416515,0.0,0.0,0.02952818369243013,0.0,,,,
balanced_8_moving_8_stationary,330,0.001,train-mode backward before optimizer step,1.9927163048477852,0.0,0.0,0.01488095282111317,0.0,37.86366271972656,1.0,1.0,49.5347785949707
balanced_8_moving_8_stationary,331,0.001,train-mode backward before optimizer step,2.719599419884865,0.0,0.0,0.02952818369243013,0.0,,,,
balanced_8_moving_8_stationary,332,0.001,train-mode backward before optimizer step,2.366646165643887,0.0,0.0,0.01488095282111317,0.0,,,,
balanced_8_moving_8_stationary,333,0.001,train-mode backward before optimizer step,1.6323522542005622,0.0,0.0,0.01488095282111317,0.0,,,,
balanced_8_moving_8_stationary,334,0.001,train-mode backward before optimizer step,2.45500541719292,0.0,0.0,0.02952818369243013,0.0,,,,
balanced_8_moving_8_stationary,335,0.001,train-mode backward before optimizer step,2.243504546980461,0.0,0.0,0.02952818369243013,0.0,,,,
balanced_8_moving_8_stationary,336,0.001,train-mode backward before optimizer step,2.345661324554429,0.0,0.0,0.02952818369243013,0.0,,,,
balanced_8_moving_8_stationary,337,0.001,train-mode backward before optimizer step,2.738838467914768,0.0,0.0,0.02952818369243013,0.0,,,,
balanced_8_moving_8_stationary,338,0.001,train-mode backward before optimizer step,1.5679796972790307,0.0,0.0,0.02952818369243013,0.0,,,,
balanced_8_moving_8_stationary,339,0.001,train-mode backward before optimizer step,2.029391990932974,0.0,0.0,0.01488095282111317,0.0,,,,
balanced_8_moving_8_stationary,340,0.001,train-mode backward before optimizer step,4.500674828226836,0.0,0.0,0.02952818369243013,0.0,38.40512466430664,1.0,1.0,49.5347785949707
balanced_8_moving_8_stationary,341,0.001,train-mode backward before optimizer step,2.0865349574192753,0.0,0.0,0.01488095282111317,0.0,,,,
balanced_8_moving_8_stationary,342,0.001,train-mode backward before optimizer step,4.725002381529274,0.0,0.0,0.02952818369243013,0.0,,,,
balanced_8_moving_8_stationary,343,0.001,train-mode backward before optimizer step,1.9101368692271956,0.0,0.0,0.01488095282111317,0.0,,,,
balanced_8_moving_8_stationary,344,0.001,train-mode backward before optimizer step,2.233295369357099,0.0,0.0,0.01488095282111317,0.0,,,,
balanced_8_moving_8_stationary,345,0.001,train-mode backward before optimizer step,2.6022519349215996,0.0,0.0,0.02952818369243013,0.0,,,,
balanced_8_moving_8_stationary,346,0.001,train-mode backward before optimizer step,2.004107593537993,0.0,0.0,0.01488095282111317,0.0,,,,
balanced_8_moving_8_stationary,347,0.001,train-mode backward before optimizer step,1.8554819269063647,0.0,0.0,0.01488095282111317,0.0,,,,
balanced_8_moving_8_stationary,348,0.001,train-mode backward before optimizer step,1.619409095353529,0.0,0.0,0.006472730422894798,0.0,,,,
balanced_8_moving_8_stationary,349,0.001,train-mode backward before optimizer step,1.4449640337161611,0.0,0.0,0.006472730422894798,0.0,,,,
balanced_8_moving_8_stationary,350,0.001,train-mode backward before optimizer step,3.576525679452284,0.0,0.0,0.02952818369243013,0.0,39.328792572021484,1.0,1.0,49.5347785949707
balanced_8_moving_8_stationary,351,0.001,train-mode backward before optimizer step,2.8703495727590944,0.0,0.0,0.02952818369243013,0.0,,,,
balanced_8_moving_8_stationary,352,0.001,train-mode backward before optimizer step,2.0147395795584178,0.0,0.0,0.006472730422894798,0.0,,,,
balanced_8_moving_8_stationary,353,0.001,train-mode backward before optimizer step,2.7862506766843844,0.0,0.0,0.02952818369243013,0.0,,,,
balanced_8_moving_8_stationary,354,0.001,train-mode backward before optimizer step,2.5602950464557264,0.0,0.0,0.02952818369243013,0.0,,,,
balanced_8_moving_8_stationary,355,0.001,train-mode backward before optimizer step,1.8617107084574818,0.0,0.0,0.01488095282111317,0.0,,,,
balanced_8_moving_8_stationary,356,0.001,train-mode backward before optimizer step,2.6000563624838406,0.0,0.0,0.02952818369243013,0.0,,,,
balanced_8_moving_8_stationary,357,0.001,train-mode backward before optimizer step,1.6835194022432158,0.0,0.0,0.006472730422894798,0.0,,,,
balanced_8_moving_8_stationary,358,0.001,train-mode backward before optimizer step,1.6286042197801152,0.0,0.0,0.02952818369243013,0.0,,,,
balanced_8_moving_8_stationary,359,0.001,train-mode backward before optimizer step,3.078457969577566,0.0,0.0,0.02952818369243013,0.0,,,,
balanced_8_moving_8_stationary,360,0.001,train-mode backward before optimizer step,3.205575280381804,0.0,0.0,0.02952818369243013,0.0,39.80855178833008,1.0,1.0,49.5347785949707
balanced_8_moving_8_stationary,361,0.001,train-mode backward before optimizer step,3.1891557425200796,0.0,0.0,0.02952818369243013,0.0,,,,
balanced_8_moving_8_stationary,362,0.001,train-mode backward before optimizer step,1.8060043009374096,0.0,0.0,0.006472730422894798,0.0,,,,
balanced_8_moving_8_stationary,363,0.001,train-mode backward before optimizer step,3.0680816005611358,0.0,0.0,0.02952818369243013,0.0,,,,
balanced_8_moving_8_stationary,364,0.001,train-mode backward before optimizer step,1.946016800423171,0.0,0.0,0.006472730422894798,0.0,,,,
balanced_8_moving_8_stationary,365,0.001,train-mode backward before optimizer step,1.9478487390821884,0.0,0.0,0.006472730422894798,0.0,,,,
balanced_8_moving_8_stationary,366,0.001,train-mode backward before optimizer step,2.8479454635096513,0.0,0.0,0.02952818369243013,0.0,,,,
balanced_8_moving_8_stationary,367,0.001,train-mode backward before optimizer step,4.296269031911223,0.0,0.0,0.02952818369243013,0.0,,,,
balanced_8_moving_8_stationary,368,0.001,train-mode backward before optimizer step,2.7141641085257926,0.0,0.0,0.02952818369243013,0.0,,,,
balanced_8_moving_8_stationary,369,0.001,train-mode backward before optimizer step,5.223464437588663,0.0,0.0,0.02952818369243013,0.0,,,,
balanced_8_moving_8_stationary,370,0.001,train-mode backward before optimizer step,4.495450348706,0.0,0.0,0.02952818369243013,0.0,39.878753662109375,1.0,1.0,49.5347785949707
balanced_8_moving_8_stationary,371,0.001,train-mode backward before optimizer step,2.6295666353193528,0.0,0.0,0.02952818369243013,0.0,,,,
balanced_8_moving_8_stationary,372,0.001,train-mode backward before optimizer step,2.149811150893331,0.0,0.0,0.01488095282111317,0.0,,,,
balanced_8_moving_8_stationary,373,0.001,train-mode backward before optimizer step,4.505555702865741,0.0,0.0,0.02952818369243013,0.0,,,,
balanced_8_moving_8_stationary,374,0.001,train-mode backward before optimizer step,2.308682648618808,0.0,0.0,0.01488095282111317,0.0,,,,
balanced_8_moving_8_stationary,375,0.001,train-mode backward before optimizer step,4.152142177877079,0.0,0.0,0.02952818369243013,0.0,,,,
balanced_8_moving_8_stationary,376,0.001,train-mode backward before optimizer step,2.3196577487082277,0.0,0.0,0.02952818369243013,0.0,,,,
balanced_8_moving_8_stationary,377,0.001,train-mode backward before optimizer step,1.7961620392746775,0.0,0.0,0.01488095282111317,0.0,,,,
balanced_8_moving_8_stationary,378,0.001,train-mode backward before optimizer step,2.608452417666768,0.0,0.0,0.02952818369243013,0.0,,,,
balanced_8_moving_8_stationary,379,0.001,train-mode backward before optimizer step,1.8983745046641405,0.0,0.0,0.01488095282111317,0.0,,,,
balanced_8_moving_8_stationary,380,0.001,train-mode backward before optimizer step,1.8993496405786203,0.0,0.0,0.01488095282111317,0.0,40.04161071777344,1.0,1.0,49.5347785949707
balanced_8_moving_8_stationary,381,0.001,train-mode backward before optimizer step,3.4343893982216906,0.0,0.0,0.02952818369243013,0.0,,,,
balanced_8_moving_8_stationary,382,0.001,train-mode backward before optimizer step,1.6393956702999912,0.0,0.0,0.02952818369243013,0.0,,,,
balanced_8_moving_8_stationary,383,0.001,train-mode backward before optimizer step,2.658241907917743,0.0,0.0,0.02952818369243013,0.0,,,,
balanced_8_moving_8_stationary,384,0.001,train-mode backward before optimizer step,1.4782939241190047,0.0,0.0,0.006472730422894798,0.0,,,,
balanced_8_moving_8_stationary,385,0.001,train-mode backward before optimizer step,2.39339614501319,0.0,0.0,0.02952818369243013,0.0,,,,
balanced_8_moving_8_stationary,386,0.001,train-mode backward before optimizer step,1.4780855509371105,0.0,0.0,0.02952818369243013,0.0,,,,
balanced_8_moving_8_stationary,387,0.001,train-mode backward before optimizer step,3.8678848566526107,0.0,0.0,0.02952818369243013,0.0,,,,
balanced_8_moving_8_stationary,388,0.001,train-mode backward before optimizer step,1.644669695642161,0.0,0.0,0.01488095282111317,0.0,,,,
balanced_8_moving_8_stationary,389,0.001,train-mode backward before optimizer step,1.441346127834083,0.0,0.0,0.006472730422894798,0.0,,,,
balanced_8_moving_8_stationary,390,0.001,train-mode backward before optimizer step,2.7319257791553286,0.0,0.0,0.02952818369243013,0.0,40.470176696777344,1.0,1.0,49.5347785949707
balanced_8_moving_8_stationary,391,0.001,train-mode backward before optimizer step,4.013214768117171,0.0,0.0,0.02952818369243013,0.0,,,,
balanced_8_moving_8_stationary,392,0.001,train-mode backward before optimizer step,1.967893459308747,0.0,0.0,0.02952818369243013,0.0,,,,
balanced_8_moving_8_stationary,393,0.001,train-mode backward before optimizer step,2.7896666861116777,0.0,0.0,0.02952818369243013,0.0,,,,
balanced_8_moving_8_stationary,394,0.001,train-mode backward before optimizer step,1.8222084872492066,0.0,0.0,0.02952818369243013,0.0,,,,
balanced_8_moving_8_stationary,395,0.001,train-mode backward before optimizer step,2.0808333521862536,0.0,0.0,0.01488095282111317,0.0,,,,
balanced_8_moving_8_stationary,396,0.001,train-mode backward before optimizer step,4.292604896536639,0.0,0.0,0.02952818369243013,0.0,,,,
balanced_8_moving_8_stationary,397,0.001,train-mode backward before optimizer step,1.836624159367285,0.0,0.0,0.006472730422894798,0.0,,,,
balanced_8_moving_8_stationary,398,0.001,train-mode backward before optimizer step,3.0360031776392207,0.0,0.0,0.02952818369243013,0.0,,,,
balanced_8_moving_8_stationary,399,0.001,train-mode backward before optimizer step,3.2355943672394867,0.0,0.0,0.02952818369243013,0.0,,,,
balanced_8_moving_8_stationary,400,0.001,train-mode backward before optimizer step,1.8963639472059144,0.0,0.0,0.006472730422894798,0.0,40.87762451171875,1.0,1.0,49.5347785949707
balanced_8_moving_8_stationary,401,0.001,train-mode backward before optimizer step,1.8364178273961578,0.0,0.0,0.006472730422894798,0.0,,,,
balanced_8_moving_8_stationary,402,0.001,train-mode backward before optimizer step,2.2097253248385496,0.0,0.0,0.01488095282111317,0.0,,,,
balanced_8_moving_8_stationary,403,0.001,train-mode backward before optimizer step,2.409969239653931,0.0,0.0,0.02952818369243013,0.0,,,,
balanced_8_moving_8_stationary,404,0.001,train-mode backward before optimizer step,2.6403855544945887,0.0,0.0,0.02952818369243013,0.0,,,,
balanced_8_moving_8_stationary,405,0.001,train-mode backward before optimizer step,2.549778983368057,0.0,0.0,0.02952818369243013,0.0,,,,
balanced_8_moving_8_stationary,406,0.001,train-mode backward before optimizer step,2.0243578610320516,0.0,0.0,0.006472730422894798,0.0,,,,
balanced_8_moving_8_stationary,407,0.001,train-mode backward before optimizer step,4.045872930688245,0.0,0.0,0.02952818369243013,0.0,,,,
balanced_8_moving_8_stationary,408,0.001,train-mode backward before optimizer step,3.0438532920696577,0.0,0.0,0.02952818369243013,0.0,,,,
balanced_8_moving_8_stationary,409,0.001,train-mode backward before optimizer step,3.0493024213698483,0.0,0.0,0.02952818369243013,0.0,,,,
balanced_8_moving_8_stationary,410,0.001,train-mode backward before optimizer step,4.540018952613895,0.0,0.0,0.02952818369243013,0.0,41.208770751953125,1.0,1.0,49.5347785949707
balanced_8_moving_8_stationary,411,0.001,train-mode backward before optimizer step,2.514353788947876,0.0,0.0,0.01488095282111317,0.0,,,,
balanced_8_moving_8_stationary,412,0.001,train-mode backward before optimizer step,2.639707569371534,0.0,0.0,0.01488095282111317,0.0,,,,
balanced_8_moving_8_stationary,413,0.001,train-mode backward before optimizer step,2.9199447024119025,0.0,0.0,0.02952818369243013,0.0,,,,
balanced_8_moving_8_stationary,414,0.001,train-mode backward before optimizer step,1.672781815510347,0.0,0.0,0.006472730422894798,0.0,,,,
balanced_8_moving_8_stationary,415,0.001,train-mode backward before optimizer step,2.585614754772408,0.0,0.0,0.02952818369243013,0.0,,,,
balanced_8_moving_8_stationary,416,0.001,train-mode backward before optimizer step,1.80339483479962,0.0,0.0,0.01488095282111317,0.0,,,,
balanced_8_moving_8_stationary,417,0.001,train-mode backward before optimizer step,2.365828220829392,0.0,0.0,0.02952818369243013,0.0,,,,
balanced_8_moving_8_stationary,418,0.001,train-mode backward before optimizer step,2.4923770027873227,0.0,0.0,0.01488095282111317,0.0,,,,
balanced_8_moving_8_stationary,419,0.001,train-mode backward before optimizer step,2.484261933155236,0.0,0.0,0.01488095282111317,0.0,,,,
balanced_8_moving_8_stationary,420,0.001,train-mode backward before optimizer step,2.7004995580088242,0.0,0.0,0.02952818369243013,0.0,41.71028518676758,1.0,1.0,49.5347785949707
balanced_8_moving_8_stationary,421,0.001,train-mode backward before optimizer step,1.680311518123542,0.0,0.0,0.006472730422894798,0.0,,,,
balanced_8_moving_8_stationary,422,0.001,train-mode backward before optimizer step,1.8663948304213753,0.0,0.0,0.01488095282111317,0.0,,,,
balanced_8_moving_8_stationary,423,0.001,train-mode backward before optimizer step,2.503429910631879,0.0,0.0,0.01488095282111317,0.0,,,,
balanced_8_moving_8_stationary,424,0.001,train-mode backward before optimizer step,3.1354033507937147,0.0,0.0,0.02952818369243013,0.0,,,,
balanced_8_moving_8_stationary,425,0.001,train-mode backward before optimizer step,3.4457157150253397,0.0,0.0,0.02952818369243013,0.0,,,,
balanced_8_moving_8_stationary,426,0.001,train-mode backward before optimizer step,3.617922688850111,0.0,0.0,0.02952818369243013,0.0,,,,
balanced_8_moving_8_stationary,427,0.001,train-mode backward before optimizer step,4.233556579772323,0.0,0.0,0.02952818369243013,0.0,,,,
balanced_8_moving_8_stationary,428,0.001,train-mode backward before optimizer step,3.0737938350959695,0.0,0.0,0.02952818369243013,0.0,,,,
balanced_8_moving_8_stationary,429,0.001,train-mode backward before optimizer step,2.7785895771359326,0.0,0.0,0.02952818369243013,0.0,,,,
balanced_8_moving_8_stationary,430,0.001,train-mode backward before optimizer step,2.9648604981215816,0.0,0.0,0.02952818369243013,0.0,42.4472770690918,1.0,1.0,49.5347785949707
