Fold,Group,Model,Bin,Lower,Upper,Count,MeanConfidence,OracleHitRate
0,Overall,R0,0,0,0.0666666666667,0,,
0,Overall,R0,1,0.0666666666667,0.133333333333,0,,
0,Overall,R0,2,0.133333333333,0.2,9105,0.195831803836,0.175837451949
0,Overall,R0,3,0.2,0.266666666667,209857,0.231263648314,0.456901604426
0,Overall,R0,4,0.266666666667,0.333333333333,41163,0.289991342229,0.486893569468
0,Overall,R0,5,0.333333333333,0.4,22,0.372792231766,0.727272727273
0,Overall,R0,6,0.4,0.466666666667,4,0.425199568272,0.25
0,Overall,R0,7,0.466666666667,0.533333333333,0,,
0,Overall,R0,8,0.533333333333,0.6,0,,
0,Overall,R0,9,0.6,0.666666666667,0,,
0,Overall,R0,10,0.666666666667,0.733333333333,0,,
0,Overall,R0,11,0.733333333333,0.8,0,,
0,Overall,R0,12,0.8,0.866666666667,0,,
0,Overall,R0,13,0.866666666667,0.933333333333,0,,
0,Overall,R0,14,0.933333333333,1,0,,
0,Vehicle,R0,0,0,0.0666666666667,0,,
0,Vehicle,R0,1,0.0666666666667,0.133333333333,0,,
0,Vehicle,R0,2,0.133333333333,0.2,7525,0.195978239929,0.178870431894
0,Vehicle,R0,3,0.2,0.266666666667,147090,0.232803647695,0.504303487661
0,Vehicle,R0,4,0.266666666667,0.333333333333,36385,0.291831855838,0.493197746324
0,Vehicle,R0,5,0.333333333333,0.4,22,0.372792231766,0.727272727273
0,Vehicle,R0,6,0.4,0.466666666667,4,0.425199568272,0.25
0,Vehicle,R0,7,0.466666666667,0.533333333333,0,,
0,Vehicle,R0,8,0.533333333333,0.6,0,,
0,Vehicle,R0,9,0.6,0.666666666667,0,,
0,Vehicle,R0,10,0.666666666667,0.733333333333,0,,
0,Vehicle,R0,11,0.733333333333,0.8,0,,
0,Vehicle,R0,12,0.8,0.866666666667,0,,
0,Vehicle,R0,13,0.866666666667,0.933333333333,0,,
0,Vehicle,R0,14,0.933333333333,1,0,,
0,Pedestrian,R0,0,0,0.0666666666667,0,,
0,Pedestrian,R0,1,0.0666666666667,0.133333333333,0,,
0,Pedestrian,R0,2,0.133333333333,0.2,1556,0.195125854816,0.160025706941
0,Pedestrian,R0,3,0.2,0.266666666667,60312,0.227408301423,0.339998673564
0,Pedestrian,R0,4,0.266666666667,0.333333333333,4277,0.274796373053,0.426467149871
0,Pedestrian,R0,5,0.333333333333,0.4,0,,
0,Pedestrian,R0,6,0.4,0.466666666667,0,,
0,Pedestrian,R0,7,0.466666666667,0.533333333333,0,,
0,Pedestrian,R0,8,0.533333333333,0.6,0,,
0,Pedestrian,R0,9,0.6,0.666666666667,0,,
0,Pedestrian,R0,10,0.666666666667,0.733333333333,0,,
0,Pedestrian,R0,11,0.733333333333,0.8,0,,
0,Pedestrian,R0,12,0.8,0.866666666667,0,,
0,Pedestrian,R0,13,0.866666666667,0.933333333333,0,,
0,Pedestrian,R0,14,0.933333333333,1,0,,
0,Bicycle,R0,0,0,0.0666666666667,0,,
0,Bicycle,R0,1,0.0666666666667,0.133333333333,0,,
0,Bicycle,R0,2,0.133333333333,0.2,24,0.19568701523,0.25
0,Bicycle,R0,3,0.2,0.266666666667,2455,0.2337097472,0.488798370672
0,Bicycle,R0,4,0.266666666667,0.333333333333,501,0.286042830247,0.544910179641
0,Bicycle,R0,5,0.333333333333,0.4,0,,
0,Bicycle,R0,6,0.4,0.466666666667,0,,
0,Bicycle,R0,7,0.466666666667,0.533333333333,0,,
0,Bicycle,R0,8,0.533333333333,0.6,0,,
0,Bicycle,R0,9,0.6,0.666666666667,0,,
0,Bicycle,R0,10,0.666666666667,0.733333333333,0,,
0,Bicycle,R0,11,0.733333333333,0.8,0,,
0,Bicycle,R0,12,0.8,0.866666666667,0,,
0,Bicycle,R0,13,0.866666666667,0.933333333333,0,,
0,Bicycle,R0,14,0.933333333333,1,0,,
0,MovingVehicle,R0,0,0,0.0666666666667,0,,
0,MovingVehicle,R0,1,0.0666666666667,0.133333333333,0,,
0,MovingVehicle,R0,2,0.133333333333,0.2,7170,0.195968977685,0.176847977685
0,MovingVehicle,R0,3,0.2,0.266666666667,31112,0.224478616594,0.215222422217
0,MovingVehicle,R0,4,0.266666666667,0.333333333333,3420,0.28926652371,0.27865497076
0,MovingVehicle,R0,5,0.333333333333,0.4,22,0.372792231766,0.727272727273
0,MovingVehicle,R0,6,0.4,0.466666666667,4,0.425199568272,0.25
0,MovingVehicle,R0,7,0.466666666667,0.533333333333,0,,
0,MovingVehicle,R0,8,0.533333333333,0.6,0,,
0,MovingVehicle,R0,9,0.6,0.666666666667,0,,
0,MovingVehicle,R0,10,0.666666666667,0.733333333333,0,,
0,MovingVehicle,R0,11,0.733333333333,0.8,0,,
0,MovingVehicle,R0,12,0.8,0.866666666667,0,,
0,MovingVehicle,R0,13,0.866666666667,0.933333333333,0,,
0,MovingVehicle,R0,14,0.933333333333,1,0,,
1,Overall,R0,0,0,0.0666666666667,0,,
1,Overall,R0,1,0.0666666666667,0.133333333333,0,,
1,Overall,R0,2,0.133333333333,0.2,55,0.197070087899,0.272727272727
1,Overall,R0,3,0.2,0.266666666667,42536,0.244164896406,0.488433327064
1,Overall,R0,4,0.266666666667,0.333333333333,40082,0.290499622322,0.491068309965
1,Overall,R0,5,0.333333333333,0.4,0,,
1,Overall,R0,6,0.4,0.466666666667,0,,
1,Overall,R0,7,0.466666666667,0.533333333333,0,,
1,Overall,R0,8,0.533333333333,0.6,0,,
1,Overall,R0,9,0.6,0.666666666667,0,,
1,Overall,R0,10,0.666666666667,0.733333333333,0,,
1,Overall,R0,11,0.733333333333,0.8,0,,
1,Overall,R0,12,0.8,0.866666666667,0,,
1,Overall,R0,13,0.866666666667,0.933333333333,0,,
1,Overall,R0,14,0.933333333333,1,0,,
1,Vehicle,R0,0,0,0.0666666666667,0,,
1,Vehicle,R0,1,0.0666666666667,0.133333333333,0,,
1,Vehicle,R0,2,0.133333333333,0.2,55,0.197070087899,0.272727272727
1,Vehicle,R0,3,0.2,0.266666666667,26167,0.246045586019,0.576030878588
1,Vehicle,R0,4,0.266666666667,0.333333333333,35334,0.292444941437,0.498160412068
1,Vehicle,R0,5,0.333333333333,0.4,0,,
1,Vehicle,R0,6,0.4,0.466666666667,0,,
1,Vehicle,R0,7,0.466666666667,0.533333333333,0,,
1,Vehicle,R0,8,0.533333333333,0.6,0,,
1,Vehicle,R0,9,0.6,0.666666666667,0,,
1,Vehicle,R0,10,0.666666666667,0.733333333333,0,,
1,Vehicle,R0,11,0.733333333333,0.8,0,,
1,Vehicle,R0,12,0.8,0.866666666667,0,,
1,Vehicle,R0,13,0.866666666667,0.933333333333,0,,
1,Vehicle,R0,14,0.933333333333,1,0,,
1,Pedestrian,R0,0,0,0.0666666666667,0,,
1,Pedestrian,R0,1,0.0666666666667,0.133333333333,0,,
1,Pedestrian,R0,2,0.133333333333,0.2,0,,
1,Pedestrian,R0,3,0.2,0.266666666667,15988,0.240818777421,0.343132349262
1,Pedestrian,R0,4,0.266666666667,0.333333333333,4262,0.274819799547,0.42491787893
1,Pedestrian,R0,5,0.333333333333,0.4,0,,
1,Pedestrian,R0,6,0.4,0.466666666667,0,,
1,Pedestrian,R0,7,0.466666666667,0.533333333333,0,,
1,Pedestrian,R0,8,0.533333333333,0.6,0,,
1,Pedestrian,R0,9,0.6,0.666666666667,0,,
1,Pedestrian,R0,10,0.666666666667,0.733333333333,0,,
1,Pedestrian,R0,11,0.733333333333,0.8,0,,
1,Pedestrian,R0,12,0.8,0.866666666667,0,,
1,Pedestrian,R0,13,0.866666666667,0.933333333333,0,,
1,Pedestrian,R0,14,0.933333333333,1,0,,
1,Bicycle,R0,0,0,0.0666666666667,0,,
1,Bicycle,R0,1,0.0666666666667,0.133333333333,0,,
1,Bicycle,R0,2,0.133333333333,0.2,0,,
1,Bicycle,R0,3,0.2,0.266666666667,381,0.255413571602,0.569553805774
1,Bicycle,R0,4,0.266666666667,0.333333333333,486,0.286572665651,0.555555555556
1,Bicycle,R0,5,0.333333333333,0.4,0,,
1,Bicycle,R0,6,0.4,0.466666666667,0,,
1,Bicycle,R0,7,0.466666666667,0.533333333333,0,,
1,Bicycle,R0,8,0.533333333333,0.6,0,,
1,Bicycle,R0,9,0.6,0.666666666667,0,,
1,Bicycle,R0,10,0.666666666667,0.733333333333,0,,
1,Bicycle,R0,11,0.733333333333,0.8,0,,
1,Bicycle,R0,12,0.8,0.866666666667,0,,
1,Bicycle,R0,13,0.866666666667,0.933333333333,0,,
1,Bicycle,R0,14,0.933333333333,1,0,,
1,MovingVehicle,R0,0,0,0.0666666666667,0,,
1,MovingVehicle,R0,1,0.0666666666667,0.133333333333,0,,
1,MovingVehicle,R0,2,0.133333333333,0.2,48,0.197154856597,0.291666666667
1,MovingVehicle,R0,3,0.2,0.266666666667,9847,0.2323029957,0.246877221489
1,MovingVehicle,R0,4,0.266666666667,0.333333333333,2898,0.292522359297,0.291235334714
1,MovingVehicle,R0,5,0.333333333333,0.4,0,,
1,MovingVehicle,R0,6,0.4,0.466666666667,0,,
1,MovingVehicle,R0,7,0.466666666667,0.533333333333,0,,
1,MovingVehicle,R0,8,0.533333333333,0.6,0,,
1,MovingVehicle,R0,9,0.6,0.666666666667,0,,
1,MovingVehicle,R0,10,0.666666666667,0.733333333333,0,,
1,MovingVehicle,R0,11,0.733333333333,0.8,0,,
1,MovingVehicle,R0,12,0.8,0.866666666667,0,,
1,MovingVehicle,R0,13,0.866666666667,0.933333333333,0,,
1,MovingVehicle,R0,14,0.933333333333,1,0,,
2,Overall,R0,0,0,0.0666666666667,0,,
2,Overall,R0,1,0.0666666666667,0.133333333333,0,,
2,Overall,R0,2,0.133333333333,0.2,3990,0.196183214589,0.172932330827
2,Overall,R0,3,0.2,0.266666666667,79357,0.234705119251,0.408420177174
2,Overall,R0,4,0.266666666667,0.333333333333,364,0.269445463933,0.28021978022
2,Overall,R0,5,0.333333333333,0.4,0,,
2,Overall,R0,6,0.4,0.466666666667,0,,
2,Overall,R0,7,0.466666666667,0.533333333333,0,,
2,Overall,R0,8,0.533333333333,0.6,0,,
2,Overall,R0,9,0.6,0.666666666667,0,,
2,Overall,R0,10,0.666666666667,0.733333333333,0,,
2,Overall,R0,11,0.733333333333,0.8,0,,
2,Overall,R0,12,0.8,0.866666666667,0,,
2,Overall,R0,13,0.866666666667,0.933333333333,0,,
2,Overall,R0,14,0.933333333333,1,0,,
2,Vehicle,R0,0,0,0.0666666666667,0,,
2,Vehicle,R0,1,0.0666666666667,0.133333333333,0,,
2,Vehicle,R0,2,0.133333333333,0.2,2732,0.196761608833,0.177891654466
2,Vehicle,R0,3,0.2,0.266666666667,57363,0.241927780415,0.464079633213
2,Vehicle,R0,4,0.266666666667,0.333333333333,356,0.269476282128,0.283707865169
2,Vehicle,R0,5,0.333333333333,0.4,0,,
2,Vehicle,R0,6,0.4,0.466666666667,0,,
2,Vehicle,R0,7,0.466666666667,0.533333333333,0,,
2,Vehicle,R0,8,0.533333333333,0.6,0,,
2,Vehicle,R0,9,0.6,0.666666666667,0,,
2,Vehicle,R0,10,0.666666666667,0.733333333333,0,,
2,Vehicle,R0,11,0.733333333333,0.8,0,,
2,Vehicle,R0,12,0.8,0.866666666667,0,,
2,Vehicle,R0,13,0.866666666667,0.933333333333,0,,
2,Vehicle,R0,14,0.933333333333,1,0,,
2,Pedestrian,R0,0,0,0.0666666666667,0,,
2,Pedestrian,R0,1,0.0666666666667,0.133333333333,0,,
2,Pedestrian,R0,2,0.133333333333,0.2,1250,0.194903488731,0.1616
2,Pedestrian,R0,3,0.2,0.266666666667,20858,0.214756798282,0.250982836322
2,Pedestrian,R0,4,0.266666666667,0.333333333333,0,,
2,Pedestrian,R0,5,0.333333333333,0.4,0,,
2,Pedestrian,R0,6,0.4,0.466666666667,0,,
2,Pedestrian,R0,7,0.466666666667,0.533333333333,0,,
2,Pedestrian,R0,8,0.533333333333,0.6,0,,
2,Pedestrian,R0,9,0.6,0.666666666667,0,,
2,Pedestrian,R0,10,0.666666666667,0.733333333333,0,,
2,Pedestrian,R0,11,0.733333333333,0.8,0,,
2,Pedestrian,R0,12,0.8,0.866666666667,0,,
2,Pedestrian,R0,13,0.866666666667,0.933333333333,0,,
2,Pedestrian,R0,14,0.933333333333,1,0,,
2,Bicycle,R0,0,0,0.0666666666667,0,,
2,Bicycle,R0,1,0.0666666666667,0.133333333333,0,,
2,Bicycle,R0,2,0.133333333333,0.2,8,0.198618745431,0.25
2,Bicycle,R0,3,0.2,0.266666666667,1136,0.236261955843,0.488556338028
2,Bicycle,R0,4,0.266666666667,0.333333333333,8,0.268074054271,0.125
2,Bicycle,R0,5,0.333333333333,0.4,0,,
2,Bicycle,R0,6,0.4,0.466666666667,0,,
2,Bicycle,R0,7,0.466666666667,0.533333333333,0,,
2,Bicycle,R0,8,0.533333333333,0.6,0,,
2,Bicycle,R0,9,0.6,0.666666666667,0,,
2,Bicycle,R0,10,0.666666666667,0.733333333333,0,,
2,Bicycle,R0,11,0.733333333333,0.8,0,,
2,Bicycle,R0,12,0.8,0.866666666667,0,,
2,Bicycle,R0,13,0.866666666667,0.933333333333,0,,
2,Bicycle,R0,14,0.933333333333,1,0,,
2,MovingVehicle,R0,0,0,0.0666666666667,0,,
2,MovingVehicle,R0,1,0.0666666666667,0.133333333333,0,,
2,MovingVehicle,R0,2,0.133333333333,0.2,2632,0.196759960679,0.179331306991
2,MovingVehicle,R0,3,0.2,0.266666666667,11278,0.224759073775,0.202784181592
2,MovingVehicle,R0,4,0.266666666667,0.333333333333,301,0.269667558595,0.269102990033
2,MovingVehicle,R0,5,0.333333333333,0.4,0,,
2,MovingVehicle,R0,6,0.4,0.466666666667,0,,
2,MovingVehicle,R0,7,0.466666666667,0.533333333333,0,,
2,MovingVehicle,R0,8,0.533333333333,0.6,0,,
2,MovingVehicle,R0,9,0.6,0.666666666667,0,,
2,MovingVehicle,R0,10,0.666666666667,0.733333333333,0,,
2,MovingVehicle,R0,11,0.733333333333,0.8,0,,
2,MovingVehicle,R0,12,0.8,0.866666666667,0,,
2,MovingVehicle,R0,13,0.866666666667,0.933333333333,0,,
2,MovingVehicle,R0,14,0.933333333333,1,0,,
3,Overall,R0,0,0,0.0666666666667,0,,
3,Overall,R0,1,0.0666666666667,0.133333333333,0,,
3,Overall,R0,2,0.133333333333,0.2,5060,0.195541243653,0.177075098814
3,Overall,R0,3,0.2,0.266666666667,87964,0.221920368133,0.485391751171
3,Overall,R0,4,0.266666666667,0.333333333333,717,0.272007823406,0.358437935844
3,Overall,R0,5,0.333333333333,0.4,22,0.372792231766,0.727272727273
3,Overall,R0,6,0.4,0.466666666667,4,0.425199568272,0.25
3,Overall,R0,7,0.466666666667,0.533333333333,0,,
3,Overall,R0,8,0.533333333333,0.6,0,,
3,Overall,R0,9,0.6,0.666666666667,0,,
3,Overall,R0,10,0.666666666667,0.733333333333,0,,
3,Overall,R0,11,0.733333333333,0.8,0,,
3,Overall,R0,12,0.8,0.866666666667,0,,
3,Overall,R0,13,0.866666666667,0.933333333333,0,,
3,Overall,R0,14,0.933333333333,1,0,,
3,Vehicle,R0,0,0,0.0666666666667,0,,
3,Vehicle,R0,1,0.0666666666667,0.133333333333,0,,
3,Vehicle,R0,2,0.133333333333,0.2,4738,0.195513863508,0.178345293373
3,Vehicle,R0,3,0.2,0.266666666667,63560,0.219117533389,0.511076148521
3,Vehicle,R0,4,0.266666666667,0.333333333333,695,0.272113607899,0.348201438849
3,Vehicle,R0,5,0.333333333333,0.4,22,0.372792231766,0.727272727273
3,Vehicle,R0,6,0.4,0.466666666667,4,0.425199568272,0.25
3,Vehicle,R0,7,0.466666666667,0.533333333333,0,,
3,Vehicle,R0,8,0.533333333333,0.6,0,,
3,Vehicle,R0,9,0.6,0.666666666667,0,,
3,Vehicle,R0,10,0.666666666667,0.733333333333,0,,
3,Vehicle,R0,11,0.733333333333,0.8,0,,
3,Vehicle,R0,12,0.8,0.866666666667,0,,
3,Vehicle,R0,13,0.866666666667,0.933333333333,0,,
3,Vehicle,R0,14,0.933333333333,1,0,,
3,Pedestrian,R0,0,0,0.0666666666667,0,,
3,Pedestrian,R0,1,0.0666666666667,0.133333333333,0,,
3,Pedestrian,R0,2,0.133333333333,0.2,306,0.196034213005,0.153594771242
3,Pedestrian,R0,3,0.2,0.266666666667,23466,0.229516814262,0.416986278019
3,Pedestrian,R0,4,0.266666666667,0.333333333333,15,0.268140125275,0.866666666667
3,Pedestrian,R0,5,0.333333333333,0.4,0,,
3,Pedestrian,R0,6,0.4,0.466666666667,0,,
3,Pedestrian,R0,7,0.466666666667,0.533333333333,0,,
3,Pedestrian,R0,8,0.533333333333,0.6,0,,
3,Pedestrian,R0,9,0.6,0.666666666667,0,,
3,Pedestrian,R0,10,0.666666666667,0.733333333333,0,,
3,Pedestrian,R0,11,0.733333333333,0.8,0,,
3,Pedestrian,R0,12,0.8,0.866666666667,0,,
3,Pedestrian,R0,13,0.866666666667,0.933333333333,0,,
3,Pedestrian,R0,14,0.933333333333,1,0,,
3,Bicycle,R0,0,0,0.0666666666667,0,,
3,Bicycle,R0,1,0.0666666666667,0.133333333333,0,,
3,Bicycle,R0,2,0.133333333333,0.2,16,0.19422115013,0.25
3,Bicycle,R0,3,0.2,0.266666666667,938,0.221803066907,0.456289978678
3,Bicycle,R0,4,0.266666666667,0.333333333333,7,0.269792859043,0.285714285714
3,Bicycle,R0,5,0.333333333333,0.4,0,,
3,Bicycle,R0,6,0.4,0.466666666667,0,,
3,Bicycle,R0,7,0.466666666667,0.533333333333,0,,
3,Bicycle,R0,8,0.533333333333,0.6,0,,
3,Bicycle,R0,9,0.6,0.666666666667,0,,
3,Bicycle,R0,10,0.666666666667,0.733333333333,0,,
3,Bicycle,R0,11,0.733333333333,0.8,0,,
3,Bicycle,R0,12,0.8,0.866666666667,0,,
3,Bicycle,R0,13,0.866666666667,0.933333333333,0,,
3,Bicycle,R0,14,0.933333333333,1,0,,
3,MovingVehicle,R0,0,0,0.0666666666667,0,,
3,MovingVehicle,R0,1,0.0666666666667,0.133333333333,0,,
3,MovingVehicle,R0,2,0.133333333333,0.2,4490,0.195492632601,0.17416481069
3,MovingVehicle,R0,3,0.2,0.266666666667,9987,0.216447210051,0.198057474717
3,MovingVehicle,R0,4,0.266666666667,0.333333333333,221,0.273265967002,0.126696832579
3,MovingVehicle,R0,5,0.333333333333,0.4,22,0.372792231766,0.727272727273
3,MovingVehicle,R0,6,0.4,0.466666666667,4,0.425199568272,0.25
3,MovingVehicle,R0,7,0.466666666667,0.533333333333,0,,
3,MovingVehicle,R0,8,0.533333333333,0.6,0,,
3,MovingVehicle,R0,9,0.6,0.666666666667,0,,
3,MovingVehicle,R0,10,0.666666666667,0.733333333333,0,,
3,MovingVehicle,R0,11,0.733333333333,0.8,0,,
3,MovingVehicle,R0,12,0.8,0.866666666667,0,,
3,MovingVehicle,R0,13,0.866666666667,0.933333333333,0,,
3,MovingVehicle,R0,14,0.933333333333,1,0,,
0,Overall,R2,0,0,0.0666666666667,0,,
0,Overall,R2,1,0.0666666666667,0.133333333333,0,,
0,Overall,R2,2,0.133333333333,0.2,3361,0.195813330333,0.192799761976
0,Overall,R2,3,0.2,0.266666666667,104976,0.23664348639,0.400453436976
0,Overall,R2,4,0.266666666667,0.333333333333,109126,0.286143075239,0.502868244048
0,Overall,R2,5,0.333333333333,0.4,41772,0.358362633884,0.486905103897
0,Overall,R2,6,0.4,0.466666666667,907,0.415900034803,0.513781697905
0,Overall,R2,7,0.466666666667,0.533333333333,9,0.478137840827,0.666666666667
0,Overall,R2,8,0.533333333333,0.6,0,,
0,Overall,R2,9,0.6,0.666666666667,0,,
0,Overall,R2,10,0.666666666667,0.733333333333,0,,
0,Overall,R2,11,0.733333333333,0.8,0,,
0,Overall,R2,12,0.8,0.866666666667,0,,
0,Overall,R2,13,0.866666666667,0.933333333333,0,,
0,Overall,R2,14,0.933333333333,1,0,,
0,Vehicle,R2,0,0,0.0666666666667,0,,
0,Vehicle,R2,1,0.0666666666667,0.133333333333,0,,
0,Vehicle,R2,2,0.133333333333,0.2,3269,0.195822034509,0.191189966351
0,Vehicle,R2,3,0.2,0.266666666667,78415,0.23455340158,0.43774787987
0,Vehicle,R2,4,0.266666666667,0.333333333333,74574,0.284088648063,0.558599511894
0,Vehicle,R2,5,0.333333333333,0.4,33881,0.359921393909,0.495469437148
0,Vehicle,R2,6,0.4,0.466666666667,879,0.416014928765,0.515358361775
0,Vehicle,R2,7,0.466666666667,0.533333333333,8,0.479543384165,0.625
0,Vehicle,R2,8,0.533333333333,0.6,0,,
0,Vehicle,R2,9,0.6,0.666666666667,0,,
0,Vehicle,R2,10,0.666666666667,0.733333333333,0,,
0,Vehicle,R2,11,0.733333333333,0.8,0,,
0,Vehicle,R2,12,0.8,0.866666666667,0,,
0,Vehicle,R2,13,0.866666666667,0.933333333333,0,,
0,Vehicle,R2,14,0.933333333333,1,0,,
0,Pedestrian,R2,0,0,0.0666666666667,0,,
0,Pedestrian,R2,1,0.0666666666667,0.133333333333,0,,
0,Pedestrian,R2,2,0.133333333333,0.2,87,0.195523989098,0.252873563218
0,Pedestrian,R2,3,0.2,0.266666666667,25504,0.243350448241,0.285798306148
0,Pedestrian,R2,4,0.266666666667,0.333333333333,33133,0.290713641504,0.374913228503
0,Pedestrian,R2,5,0.333333333333,0.4,7398,0.351494384017,0.442957556096
0,Pedestrian,R2,6,0.4,0.466666666667,22,0.41093610769,0.5
0,Pedestrian,R2,7,0.466666666667,0.533333333333,1,0.466893494129,1
0,Pedestrian,R2,8,0.533333333333,0.6,0,,
0,Pedestrian,R2,9,0.6,0.666666666667,0,,
0,Pedestrian,R2,10,0.666666666667,0.733333333333,0,,
0,Pedestrian,R2,11,0.733333333333,0.8,0,,
0,Pedestrian,R2,12,0.8,0.866666666667,0,,
0,Pedestrian,R2,13,0.866666666667,0.933333333333,0,,
0,Pedestrian,R2,14,0.933333333333,1,0,,
0,Bicycle,R2,0,0,0.0666666666667,0,,
0,Bicycle,R2,1,0.0666666666667,0.133333333333,0,,
0,Bicycle,R2,2,0.133333333333,0.2,5,0.195157077909,0.2
0,Bicycle,R2,3,0.2,0.266666666667,1057,0.22986926247,0.400189214759
0,Bicycle,R2,4,0.266666666667,0.333333333333,1419,0.287390629934,0.561663143058
0,Bicycle,R2,5,0.333333333333,0.4,493,0.354303737622,0.557809330629
0,Bicycle,R2,6,0.4,0.466666666667,6,0.417269135515,0.333333333333
0,Bicycle,R2,7,0.466666666667,0.533333333333,0,,
0,Bicycle,R2,8,0.533333333333,0.6,0,,
0,Bicycle,R2,9,0.6,0.666666666667,0,,
0,Bicycle,R2,10,0.666666666667,0.733333333333,0,,
0,Bicycle,R2,11,0.733333333333,0.8,0,,
0,Bicycle,R2,12,0.8,0.866666666667,0,,
0,Bicycle,R2,13,0.866666666667,0.933333333333,0,,
0,Bicycle,R2,14,0.933333333333,1,0,,
0,MovingVehicle,R2,0,0,0.0666666666667,0,,
0,MovingVehicle,R2,1,0.0666666666667,0.133333333333,0,,
0,MovingVehicle,R2,2,0.133333333333,0.2,3060,0.195908709747,0.189215686275
0,MovingVehicle,R2,3,0.2,0.266666666667,30665,0.225694184119,0.223251263656
0,MovingVehicle,R2,4,0.266666666667,0.333333333333,5713,0.289953441492,0.210572378785
0,MovingVehicle,R2,5,0.333333333333,0.4,2117,0.358837253905,0.2527161077
0,MovingVehicle,R2,6,0.4,0.466666666667,168,0.418343934097,0.422619047619
0,MovingVehicle,R2,7,0.466666666667,0.533333333333,5,0.478584843874,0.4
0,MovingVehicle,R2,8,0.533333333333,0.6,0,,
0,MovingVehicle,R2,9,0.6,0.666666666667,0,,
0,MovingVehicle,R2,10,0.666666666667,0.733333333333,0,,
0,MovingVehicle,R2,11,0.733333333333,0.8,0,,
0,MovingVehicle,R2,12,0.8,0.866666666667,0,,
0,MovingVehicle,R2,13,0.866666666667,0.933333333333,0,,
0,MovingVehicle,R2,14,0.933333333333,1,0,,
1,Overall,R2,0,0,0.0666666666667,0,,
1,Overall,R2,1,0.0666666666667,0.133333333333,0,,
1,Overall,R2,2,0.133333333333,0.2,10,0.196545423567,0.1
1,Overall,R2,3,0.2,0.266666666667,12296,0.248576866243,0.254879635654
1,Overall,R2,4,0.266666666667,0.333333333333,31128,0.297226801012,0.605178617322
1,Overall,R2,5,0.333333333333,0.4,38336,0.359204960436,0.490322412354
1,Overall,R2,6,0.4,0.466666666667,896,0.41589241089,0.510044642857
1,Overall,R2,7,0.466666666667,0.533333333333,7,0.477523416281,0.857142857143
1,Overall,R2,8,0.533333333333,0.6,0,,
1,Overall,R2,9,0.6,0.666666666667,0,,
1,Overall,R2,10,0.666666666667,0.733333333333,0,,
1,Overall,R2,11,0.733333333333,0.8,0,,
1,Overall,R2,12,0.8,0.866666666667,0,,
1,Overall,R2,13,0.866666666667,0.933333333333,0,,
1,Overall,R2,14,0.933333333333,1,0,,
1,Vehicle,R2,0,0,0.0666666666667,0,,
1,Vehicle,R2,1,0.0666666666667,0.133333333333,0,,
1,Vehicle,R2,2,0.133333333333,0.2,10,0.196545423567,0.1
1,Vehicle,R2,3,0.2,0.266666666667,8857,0.244617620233,0.244326521396
1,Vehicle,R2,4,0.266666666667,0.333333333333,18919,0.300275164109,0.751572493261
1,Vehicle,R2,5,0.333333333333,0.4,32896,0.360336346217,0.499422422179
1,Vehicle,R2,6,0.4,0.466666666667,868,0.416008514949,0.511520737327
1,Vehicle,R2,7,0.466666666667,0.533333333333,6,0.479295069973,0.833333333333
1,Vehicle,R2,8,0.533333333333,0.6,0,,
1,Vehicle,R2,9,0.6,0.666666666667,0,,
1,Vehicle,R2,10,0.666666666667,0.733333333333,0,,
1,Vehicle,R2,11,0.733333333333,0.8,0,,
1,Vehicle,R2,12,0.8,0.866666666667,0,,
1,Vehicle,R2,13,0.866666666667,0.933333333333,0,,
1,Vehicle,R2,14,0.933333333333,1,0,,
1,Pedestrian,R2,0,0,0.0666666666667,0,,
1,Pedestrian,R2,1,0.0666666666667,0.133333333333,0,,
1,Pedestrian,R2,2,0.133333333333,0.2,0,,
1,Pedestrian,R2,3,0.2,0.266666666667,3383,0.258853817789,0.284362991428
1,Pedestrian,R2,4,0.266666666667,0.333333333333,11870,0.292126051287,0.371187868576
1,Pedestrian,R2,5,0.333333333333,0.4,4974,0.35213970298,0.422597507037
1,Pedestrian,R2,6,0.4,0.466666666667,22,0.41093610769,0.5
1,Pedestrian,R2,7,0.466666666667,0.533333333333,1,0.466893494129,1
1,Pedestrian,R2,8,0.533333333333,0.6,0,,
1,Pedestrian,R2,9,0.6,0.666666666667,0,,
1,Pedestrian,R2,10,0.666666666667,0.733333333333,0,,
1,Pedestrian,R2,11,0.733333333333,0.8,0,,
1,Pedestrian,R2,12,0.8,0.866666666667,0,,
1,Pedestrian,R2,13,0.866666666667,0.933333333333,0,,
1,Pedestrian,R2,14,0.933333333333,1,0,,
1,Bicycle,R2,0,0,0.0666666666667,0,,
1,Bicycle,R2,1,0.0666666666667,0.133333333333,0,,
1,Bicycle,R2,2,0.133333333333,0.2,0,,
1,Bicycle,R2,3,0.2,0.266666666667,56,0.253936059773,0.142857142857
1,Bicycle,R2,4,0.266666666667,0.333333333333,339,0.305704434625,0.628318584071
1,Bicycle,R2,5,0.333333333333,0.4,466,0.354751149089,0.570815450644
1,Bicycle,R2,6,0.4,0.466666666667,6,0.417269135515,0.333333333333
1,Bicycle,R2,7,0.466666666667,0.533333333333,0,,
1,Bicycle,R2,8,0.533333333333,0.6,0,,
1,Bicycle,R2,9,0.6,0.666666666667,0,,
1,Bicycle,R2,10,0.666666666667,0.733333333333,0,,
1,Bicycle,R2,11,0.733333333333,0.8,0,,
1,Bicycle,R2,12,0.8,0.866666666667,0,,
1,Bicycle,R2,13,0.866666666667,0.933333333333,0,,
1,Bicycle,R2,14,0.933333333333,1,0,,
1,MovingVehicle,R2,0,0,0.0666666666667,0,,
1,MovingVehicle,R2,1,0.0666666666667,0.133333333333,0,,
1,MovingVehicle,R2,2,0.133333333333,0.2,7,0.197025839772,0.142857142857
1,MovingVehicle,R2,3,0.2,0.266666666667,8537,0.244513870172,0.246573737847
1,MovingVehicle,R2,4,0.266666666667,0.333333333333,2259,0.293826560905,0.278441788402
1,MovingVehicle,R2,5,0.333333333333,0.4,1830,0.36088137524,0.273770491803
1,MovingVehicle,R2,6,0.4,0.466666666667,157,0.418471652991,0.394904458599
1,MovingVehicle,R2,7,0.466666666667,0.533333333333,3,0.47744918863,0.666666666667
1,MovingVehicle,R2,8,0.533333333333,0.6,0,,
1,MovingVehicle,R2,9,0.6,0.666666666667,0,,
1,MovingVehicle,R2,10,0.666666666667,0.733333333333,0,,
1,MovingVehicle,R2,11,0.733333333333,0.8,0,,
1,MovingVehicle,R2,12,0.8,0.866666666667,0,,
1,MovingVehicle,R2,13,0.866666666667,0.933333333333,0,,
1,MovingVehicle,R2,14,0.933333333333,1,0,,
2,Overall,R2,0,0,0.0666666666667,0,,
2,Overall,R2,1,0.0666666666667,0.133333333333,0,,
2,Overall,R2,2,0.133333333333,0.2,1568,0.194411259563,0.204081632653
2,Overall,R2,3,0.2,0.266666666667,32591,0.235982974978,0.235893344788
2,Overall,R2,4,0.266666666667,0.333333333333,48200,0.277760667986,0.512863070539
2,Overall,R2,5,0.333333333333,0.4,1352,0.350178853427,0.387573964497
2,Overall,R2,6,0.4,0.466666666667,0,,
2,Overall,R2,7,0.466666666667,0.533333333333,0,,
2,Overall,R2,8,0.533333333333,0.6,0,,
2,Overall,R2,9,0.6,0.666666666667,0,,
2,Overall,R2,10,0.666666666667,0.733333333333,0,,
2,Overall,R2,11,0.733333333333,0.8,0,,
2,Overall,R2,12,0.8,0.866666666667,0,,
2,Overall,R2,13,0.866666666667,0.933333333333,0,,
2,Overall,R2,14,0.933333333333,1,0,,
2,Vehicle,R2,0,0,0.0666666666667,0,,
2,Vehicle,R2,1,0.0666666666667,0.133333333333,0,,
2,Vehicle,R2,2,0.133333333333,0.2,1478,0.194346005352,0.201623815968
2,Vehicle,R2,3,0.2,0.266666666667,15909,0.233422779009,0.239424225281
2,Vehicle,R2,4,0.266666666667,0.333333333333,43040,0.276704908666,0.531528810409
2,Vehicle,R2,5,0.333333333333,0.4,24,0.340821894507,0.458333333333
2,Vehicle,R2,6,0.4,0.466666666667,0,,
2,Vehicle,R2,7,0.466666666667,0.533333333333,0,,
2,Vehicle,R2,8,0.533333333333,0.6,0,,
2,Vehicle,R2,9,0.6,0.666666666667,0,,
2,Vehicle,R2,10,0.666666666667,0.733333333333,0,,
2,Vehicle,R2,11,0.733333333333,0.8,0,,
2,Vehicle,R2,12,0.8,0.866666666667,0,,
2,Vehicle,R2,13,0.866666666667,0.933333333333,0,,
2,Vehicle,R2,14,0.933333333333,1,0,,
2,Pedestrian,R2,0,0,0.0666666666667,0,,
2,Pedestrian,R2,1,0.0666666666667,0.133333333333,0,,
2,Pedestrian,R2,2,0.133333333333,0.2,87,0.195523989098,0.252873563218
2,Pedestrian,R2,3,0.2,0.266666666667,16363,0.238846106385,0.233025728778
2,Pedestrian,R2,4,0.266666666667,0.333333333333,4344,0.287542091775,0.312384898711
2,Pedestrian,R2,5,0.333333333333,0.4,1314,0.350308862587,0.386605783866
2,Pedestrian,R2,6,0.4,0.466666666667,0,,
2,Pedestrian,R2,7,0.466666666667,0.533333333333,0,,
2,Pedestrian,R2,8,0.533333333333,0.6,0,,
2,Pedestrian,R2,9,0.6,0.666666666667,0,,
2,Pedestrian,R2,10,0.666666666667,0.733333333333,0,,
2,Pedestrian,R2,11,0.733333333333,0.8,0,,
2,Pedestrian,R2,12,0.8,0.866666666667,0,,
2,Pedestrian,R2,13,0.866666666667,0.933333333333,0,,
2,Pedestrian,R2,14,0.933333333333,1,0,,
2,Bicycle,R2,0,0,0.0666666666667,0,,
2,Bicycle,R2,1,0.0666666666667,0.133333333333,0,,
2,Bicycle,R2,2,0.133333333333,0.2,3,0.194290677706,0
2,Bicycle,R2,3,0.2,0.266666666667,319,0.216800336927,0.206896551724
2,Bicycle,R2,4,0.266666666667,0.333333333333,816,0.281375099594,0.595588235294
2,Bicycle,R2,5,0.333333333333,0.4,14,0.354017066104,0.357142857143
2,Bicycle,R2,6,0.4,0.466666666667,0,,
2,Bicycle,R2,7,0.466666666667,0.533333333333,0,,
2,Bicycle,R2,8,0.533333333333,0.6,0,,
2,Bicycle,R2,9,0.6,0.666666666667,0,,
2,Bicycle,R2,10,0.666666666667,0.733333333333,0,,
2,Bicycle,R2,11,0.733333333333,0.8,0,,
2,Bicycle,R2,12,0.8,0.866666666667,0,,
2,Bicycle,R2,13,0.866666666667,0.933333333333,0,,
2,Bicycle,R2,14,0.933333333333,1,0,,
2,MovingVehicle,R2,0,0,0.0666666666667,0,,
2,MovingVehicle,R2,1,0.0666666666667,0.133333333333,0,,
2,MovingVehicle,R2,2,0.133333333333,0.2,1362,0.194523591433,0.204111600587
2,MovingVehicle,R2,3,0.2,0.266666666667,10937,0.221097053378,0.224467404224
2,MovingVehicle,R2,4,0.266666666667,0.333333333333,1910,0.278468072243,0.194240837696
2,MovingVehicle,R2,5,0.333333333333,0.4,2,0.34186707437,0
2,MovingVehicle,R2,6,0.4,0.466666666667,0,,
2,MovingVehicle,R2,7,0.466666666667,0.533333333333,0,,
2,MovingVehicle,R2,8,0.533333333333,0.6,0,,
2,MovingVehicle,R2,9,0.6,0.666666666667,0,,
2,MovingVehicle,R2,10,0.666666666667,0.733333333333,0,,
2,MovingVehicle,R2,11,0.733333333333,0.8,0,,
2,MovingVehicle,R2,12,0.8,0.866666666667,0,,
2,MovingVehicle,R2,13,0.866666666667,0.933333333333,0,,
2,MovingVehicle,R2,14,0.933333333333,1,0,,
3,Overall,R2,0,0,0.0666666666667,0,,
3,Overall,R2,1,0.0666666666667,0.133333333333,0,,
3,Overall,R2,2,0.133333333333,0.2,1783,0.197042228839,0.183398766125
3,Overall,R2,3,0.2,0.266666666667,60089,0.234559808658,0.519496080813
3,Overall,R2,4,0.266666666667,0.333333333333,29798,0.288123671711,0.379824149272
3,Overall,R2,5,0.333333333333,0.4,2084,0.348176952745,0.488483685221
3,Overall,R2,6,0.4,0.466666666667,11,0.416521037167,0.818181818182
3,Overall,R2,7,0.466666666667,0.533333333333,2,0.48028832674,0
3,Overall,R2,8,0.533333333333,0.6,0,,
3,Overall,R2,9,0.6,0.666666666667,0,,
3,Overall,R2,10,0.666666666667,0.733333333333,0,,
3,Overall,R2,11,0.733333333333,0.8,0,,
3,Overall,R2,12,0.8,0.866666666667,0,,
3,Overall,R2,13,0.866666666667,0.933333333333,0,,
3,Overall,R2,14,0.933333333333,1,0,,
3,Vehicle,R2,0,0,0.0666666666667,0,,
3,Vehicle,R2,1,0.0666666666667,0.133333333333,0,,
3,Vehicle,R2,2,0.133333333333,0.2,1781,0.197042886392,0.183043234138
3,Vehicle,R2,3,0.2,0.266666666667,53649,0.233227156727,0.528490745401
3,Vehicle,R2,4,0.266666666667,0.333333333333,12615,0.285005290675,0.361553705906
3,Vehicle,R2,5,0.333333333333,0.4,961,0.346194148157,0.361082206035
3,Vehicle,R2,6,0.4,0.466666666667,11,0.416521037167,0.818181818182
3,Vehicle,R2,7,0.466666666667,0.533333333333,2,0.48028832674,0
3,Vehicle,R2,8,0.533333333333,0.6,0,,
3,Vehicle,R2,9,0.6,0.666666666667,0,,
3,Vehicle,R2,10,0.666666666667,0.733333333333,0,,
3,Vehicle,R2,11,0.733333333333,0.8,0,,
3,Vehicle,R2,12,0.8,0.866666666667,0,,
3,Vehicle,R2,13,0.866666666667,0.933333333333,0,,
3,Vehicle,R2,14,0.933333333333,1,0,,
3,Pedestrian,R2,0,0,0.0666666666667,0,,
3,Pedestrian,R2,1,0.0666666666667,0.133333333333,0,,
3,Pedestrian,R2,2,0.133333333333,0.2,0,,
3,Pedestrian,R2,3,0.2,0.266666666667,5758,0.247042120109,0.436609934005
3,Pedestrian,R2,4,0.266666666667,0.333333333333,16919,0.290537029878,0.393581180921
3,Pedestrian,R2,5,0.333333333333,0.4,1110,0.350006058463,0.600900900901
3,Pedestrian,R2,6,0.4,0.466666666667,0,,
3,Pedestrian,R2,7,0.466666666667,0.533333333333,0,,
3,Pedestrian,R2,8,0.533333333333,0.6,0,,
3,Pedestrian,R2,9,0.6,0.666666666667,0,,
3,Pedestrian,R2,10,0.666666666667,0.733333333333,0,,
3,Pedestrian,R2,11,0.733333333333,0.8,0,,
3,Pedestrian,R2,12,0.8,0.866666666667,0,,
3,Pedestrian,R2,13,0.866666666667,0.933333333333,0,,
3,Pedestrian,R2,14,0.933333333333,1,0,,
3,Bicycle,R2,0,0,0.0666666666667,0,,
3,Bicycle,R2,1,0.0666666666667,0.133333333333,0,,
3,Bicycle,R2,2,0.133333333333,0.2,2,0.196456678212,0.5
3,Bicycle,R2,3,0.2,0.266666666667,682,0.234005987688,0.511730205279
3,Bicycle,R2,4,0.266666666667,0.333333333333,264,0.28246749723,0.371212121212
3,Bicycle,R2,5,0.333333333333,0.4,13,0.338574480552,0.307692307692
3,Bicycle,R2,6,0.4,0.466666666667,0,,
3,Bicycle,R2,7,0.466666666667,0.533333333333,0,,
3,Bicycle,R2,8,0.533333333333,0.6,0,,
3,Bicycle,R2,9,0.6,0.666666666667,0,,
3,Bicycle,R2,10,0.666666666667,0.733333333333,0,,
3,Bicycle,R2,11,0.733333333333,0.8,0,,
3,Bicycle,R2,12,0.8,0.866666666667,0,,
3,Bicycle,R2,13,0.866666666667,0.933333333333,0,,
3,Bicycle,R2,14,0.933333333333,1,0,,
3,MovingVehicle,R2,0,0,0.0666666666667,0,,
3,MovingVehicle,R2,1,0.0666666666667,0.133333333333,0,,
3,MovingVehicle,R2,2,0.133333333333,0.2,1691,0.197019715798,0.177409816677
3,MovingVehicle,R2,3,0.2,0.266666666667,11191,0.21583046855,0.204271289429
3,MovingVehicle,R2,4,0.266666666667,0.333333333333,1544,0.298494684052,0.131476683938
3,MovingVehicle,R2,5,0.333333333333,0.4,285,0.345830932207,0.119298245614
3,MovingVehicle,R2,6,0.4,0.466666666667,11,0.416521037167,0.818181818182
3,MovingVehicle,R2,7,0.466666666667,0.533333333333,2,0.48028832674,0
3,MovingVehicle,R2,8,0.533333333333,0.6,0,,
3,MovingVehicle,R2,9,0.6,0.666666666667,0,,
3,MovingVehicle,R2,10,0.666666666667,0.733333333333,0,,
3,MovingVehicle,R2,11,0.733333333333,0.8,0,,
3,MovingVehicle,R2,12,0.8,0.866666666667,0,,
3,MovingVehicle,R2,13,0.866666666667,0.933333333333,0,,
3,MovingVehicle,R2,14,0.933333333333,1,0,,
0,Overall,NG-A,0,0,0.0666666666667,0,,
0,Overall,NG-A,1,0.0666666666667,0.133333333333,0,,
0,Overall,NG-A,2,0.133333333333,0.2,1827,0.191838770746,0.172413793103
0,Overall,NG-A,3,0.2,0.266666666667,98999,0.241495520397,0.40253941959
0,Overall,NG-A,4,0.266666666667,0.333333333333,118734,0.288482098989,0.466547071605
0,Overall,NG-A,5,0.333333333333,0.4,38284,0.353950823144,0.461263190889
0,Overall,NG-A,6,0.4,0.466666666667,1411,0.423694465555,0.416725726435
0,Overall,NG-A,7,0.466666666667,0.533333333333,387,0.496862124796,0.472868217054
0,Overall,NG-A,8,0.533333333333,0.6,245,0.564360095287,0.514285714286
0,Overall,NG-A,9,0.6,0.666666666667,143,0.63097293727,0.517482517483
0,Overall,NG-A,10,0.666666666667,0.733333333333,78,0.692761942362,0.666666666667
0,Overall,NG-A,11,0.733333333333,0.8,25,0.762201952934,0.68
0,Overall,NG-A,12,0.8,0.866666666667,6,0.84821309646,1
0,Overall,NG-A,13,0.866666666667,0.933333333333,12,0.878605082631,1
0,Overall,NG-A,14,0.933333333333,1,0,,
0,Vehicle,NG-A,0,0,0.0666666666667,0,,
0,Vehicle,NG-A,1,0.0666666666667,0.133333333333,0,,
0,Vehicle,NG-A,2,0.133333333333,0.2,1607,0.191718573795,0.171748599876
0,Vehicle,NG-A,3,0.2,0.266666666667,71535,0.239244484219,0.437603970085
0,Vehicle,NG-A,4,0.266666666667,0.333333333333,81997,0.285760809791,0.498384087223
0,Vehicle,NG-A,5,0.333333333333,0.4,33704,0.355036057984,0.465078328982
0,Vehicle,NG-A,6,0.4,0.466666666667,1385,0.423554137726,0.417328519856
0,Vehicle,NG-A,7,0.466666666667,0.533333333333,361,0.496921829735,0.468144044321
0,Vehicle,NG-A,8,0.533333333333,0.6,216,0.564421575378,0.490740740741
0,Vehicle,NG-A,9,0.6,0.666666666667,130,0.631736228099,0.530769230769
0,Vehicle,NG-A,10,0.666666666667,0.733333333333,69,0.692386777505,0.710144927536
0,Vehicle,NG-A,11,0.733333333333,0.8,22,0.75960367918,0.636363636364
0,Vehicle,NG-A,12,0.8,0.866666666667,0,,
0,Vehicle,NG-A,13,0.866666666667,0.933333333333,0,,
0,Vehicle,NG-A,14,0.933333333333,1,0,,
0,Pedestrian,NG-A,0,0,0.0666666666667,0,,
0,Pedestrian,NG-A,1,0.0666666666667,0.133333333333,0,,
0,Pedestrian,NG-A,2,0.133333333333,0.2,215,0.192660003138,0.176744186047
0,Pedestrian,NG-A,3,0.2,0.266666666667,26407,0.248058811479,0.307645700004
0,Pedestrian,NG-A,4,0.266666666667,0.333333333333,35318,0.294843907273,0.388810238405
0,Pedestrian,NG-A,5,0.333333333333,0.4,4087,0.344958716007,0.418155126009
0,Pedestrian,NG-A,6,0.4,0.466666666667,20,0.435339766741,0.4
0,Pedestrian,NG-A,7,0.466666666667,0.533333333333,26,0.496033144685,0.538461538462
0,Pedestrian,NG-A,8,0.533333333333,0.6,29,0.563902174604,0.689655172414
0,Pedestrian,NG-A,9,0.6,0.666666666667,13,0.623340028983,0.384615384615
0,Pedestrian,NG-A,10,0.666666666667,0.733333333333,9,0.69563820627,0.333333333333
0,Pedestrian,NG-A,11,0.733333333333,0.8,3,0.781255960464,1
0,Pedestrian,NG-A,12,0.8,0.866666666667,6,0.84821309646,1
0,Pedestrian,NG-A,13,0.866666666667,0.933333333333,12,0.878605082631,1
0,Pedestrian,NG-A,14,0.933333333333,1,0,,
0,Bicycle,NG-A,0,0,0.0666666666667,0,,
0,Bicycle,NG-A,1,0.0666666666667,0.133333333333,0,,
0,Bicycle,NG-A,2,0.133333333333,0.2,5,0.195157077909,0.2
0,Bicycle,NG-A,3,0.2,0.266666666667,1057,0.22986926247,0.400189214759
0,Bicycle,NG-A,4,0.266666666667,0.333333333333,1419,0.287390629934,0.561663143058
0,Bicycle,NG-A,5,0.333333333333,0.4,493,0.354303737622,0.557809330629
0,Bicycle,NG-A,6,0.4,0.466666666667,6,0.417269135515,0.333333333333
0,Bicycle,NG-A,7,0.466666666667,0.533333333333,0,,
0,Bicycle,NG-A,8,0.533333333333,0.6,0,,
0,Bicycle,NG-A,9,0.6,0.666666666667,0,,
0,Bicycle,NG-A,10,0.666666666667,0.733333333333,0,,
0,Bicycle,NG-A,11,0.733333333333,0.8,0,,
0,Bicycle,NG-A,12,0.8,0.866666666667,0,,
0,Bicycle,NG-A,13,0.866666666667,0.933333333333,0,,
0,Bicycle,NG-A,14,0.933333333333,1,0,,
0,MovingVehicle,NG-A,0,0,0.0666666666667,0,,
0,MovingVehicle,NG-A,1,0.0666666666667,0.133333333333,0,,
0,MovingVehicle,NG-A,2,0.133333333333,0.2,1524,0.191727476796,0.173228346457
0,MovingVehicle,NG-A,3,0.2,0.266666666667,24286,0.237757338324,0.234497241209
0,MovingVehicle,NG-A,4,0.266666666667,0.333333333333,11202,0.293237402878,0.262006784503
0,MovingVehicle,NG-A,5,0.333333333333,0.4,3299,0.359018728286,0.264928766293
0,MovingVehicle,NG-A,6,0.4,0.466666666667,707,0.428655034329,0.33946251768
0,MovingVehicle,NG-A,7,0.466666666667,0.533333333333,307,0.497545631293,0.42996742671
0,MovingVehicle,NG-A,8,0.533333333333,0.6,199,0.565493862533,0.48743718593
0,MovingVehicle,NG-A,9,0.6,0.666666666667,118,0.631543143826,0.508474576271
0,MovingVehicle,NG-A,10,0.666666666667,0.733333333333,65,0.693468013177,0.707692307692
0,MovingVehicle,NG-A,11,0.733333333333,0.8,21,0.759362121423,0.619047619048
0,MovingVehicle,NG-A,12,0.8,0.866666666667,0,,
0,MovingVehicle,NG-A,13,0.866666666667,0.933333333333,0,,
0,MovingVehicle,NG-A,14,0.933333333333,1,0,,
1,Overall,NG-A,0,0,0.0666666666667,0,,
1,Overall,NG-A,1,0.0666666666667,0.133333333333,0,,
1,Overall,NG-A,2,0.133333333333,0.2,27,0.194388690922,0.259259259259
1,Overall,NG-A,3,0.2,0.266666666667,14467,0.247232949133,0.264947812262
1,Overall,NG-A,4,0.266666666667,0.333333333333,33178,0.296332397888,0.506600759539
1,Overall,NG-A,5,0.333333333333,0.4,34279,0.354046822951,0.471921584644
1,Overall,NG-A,6,0.4,0.466666666667,681,0.416885899902,0.452276064611
1,Overall,NG-A,7,0.466666666667,0.533333333333,39,0.486683428288,0.641025641026
1,Overall,NG-A,8,0.533333333333,0.6,2,0.545320153236,0.5
1,Overall,NG-A,9,0.6,0.666666666667,0,,
1,Overall,NG-A,10,0.666666666667,0.733333333333,0,,
1,Overall,NG-A,11,0.733333333333,0.8,0,,
1,Overall,NG-A,12,0.8,0.866666666667,0,,
1,Overall,NG-A,13,0.866666666667,0.933333333333,0,,
1,Overall,NG-A,14,0.933333333333,1,0,,
1,Vehicle,NG-A,0,0,0.0666666666667,0,,
1,Vehicle,NG-A,1,0.0666666666667,0.133333333333,0,,
1,Vehicle,NG-A,2,0.133333333333,0.2,27,0.194388690922,0.259259259259
1,Vehicle,NG-A,3,0.2,0.266666666667,9173,0.241470731159,0.239725280715
1,Vehicle,NG-A,4,0.266666666667,0.333333333333,20224,0.297462987786,0.581586234177
1,Vehicle,NG-A,5,0.333333333333,0.4,31420,0.354783789756,0.476320814768
1,Vehicle,NG-A,6,0.4,0.466666666667,671,0.41690280545,0.45305514158
1,Vehicle,NG-A,7,0.466666666667,0.533333333333,39,0.486683428288,0.641025641026
1,Vehicle,NG-A,8,0.533333333333,0.6,2,0.545320153236,0.5
1,Vehicle,NG-A,9,0.6,0.666666666667,0,,
1,Vehicle,NG-A,10,0.666666666667,0.733333333333,0,,
1,Vehicle,NG-A,11,0.733333333333,0.8,0,,
1,Vehicle,NG-A,12,0.8,0.866666666667,0,,
1,Vehicle,NG-A,13,0.866666666667,0.933333333333,0,,
1,Vehicle,NG-A,14,0.933333333333,1,0,,
1,Pedestrian,NG-A,0,0,0.0666666666667,0,,
1,Pedestrian,NG-A,1,0.0666666666667,0.133333333333,0,,
1,Pedestrian,NG-A,2,0.133333333333,0.2,0,,
1,Pedestrian,NG-A,3,0.2,0.266666666667,5238,0.257252317458,0.310423825888
1,Pedestrian,NG-A,4,0.266666666667,0.333333333333,12615,0.294268016552,0.383115338882
1,Pedestrian,NG-A,5,0.333333333333,0.4,2393,0.34423331983,0.394901796908
1,Pedestrian,NG-A,6,0.4,0.466666666667,4,0.413475140929,0.5
1,Pedestrian,NG-A,7,0.466666666667,0.533333333333,0,,
1,Pedestrian,NG-A,8,0.533333333333,0.6,0,,
1,Pedestrian,NG-A,9,0.6,0.666666666667,0,,
1,Pedestrian,NG-A,10,0.666666666667,0.733333333333,0,,
1,Pedestrian,NG-A,11,0.733333333333,0.8,0,,
1,Pedestrian,NG-A,12,0.8,0.866666666667,0,,
1,Pedestrian,NG-A,13,0.866666666667,0.933333333333,0,,
1,Pedestrian,NG-A,14,0.933333333333,1,0,,
1,Bicycle,NG-A,0,0,0.0666666666667,0,,
1,Bicycle,NG-A,1,0.0666666666667,0.133333333333,0,,
1,Bicycle,NG-A,2,0.133333333333,0.2,0,,
1,Bicycle,NG-A,3,0.2,0.266666666667,56,0.253936059773,0.142857142857
1,Bicycle,NG-A,4,0.266666666667,0.333333333333,339,0.305704434625,0.628318584071
1,Bicycle,NG-A,5,0.333333333333,0.4,466,0.354751149089,0.570815450644
1,Bicycle,NG-A,6,0.4,0.466666666667,6,0.417269135515,0.333333333333
1,Bicycle,NG-A,7,0.466666666667,0.533333333333,0,,
1,Bicycle,NG-A,8,0.533333333333,0.6,0,,
1,Bicycle,NG-A,9,0.6,0.666666666667,0,,
1,Bicycle,NG-A,10,0.666666666667,0.733333333333,0,,
1,Bicycle,NG-A,11,0.733333333333,0.8,0,,
1,Bicycle,NG-A,12,0.8,0.866666666667,0,,
1,Bicycle,NG-A,13,0.866666666667,0.933333333333,0,,
1,Bicycle,NG-A,14,0.933333333333,1,0,,
1,MovingVehicle,NG-A,0,0,0.0666666666667,0,,
1,MovingVehicle,NG-A,1,0.0666666666667,0.133333333333,0,,
1,MovingVehicle,NG-A,2,0.133333333333,0.2,23,0.194219022341,0.260869565217
1,MovingVehicle,NG-A,3,0.2,0.266666666667,8842,0.24151313014,0.241913594209
1,MovingVehicle,NG-A,4,0.266666666667,0.333333333333,2234,0.299200191387,0.2842435094
1,MovingVehicle,NG-A,5,0.333333333333,0.4,1607,0.358645439834,0.258867454885
1,MovingVehicle,NG-A,6,0.4,0.466666666667,74,0.415413314829,0.202702702703
1,MovingVehicle,NG-A,7,0.466666666667,0.533333333333,12,0.486753992736,0.0833333333333
1,MovingVehicle,NG-A,8,0.533333333333,0.6,1,0.551018297672,0
1,MovingVehicle,NG-A,9,0.6,0.666666666667,0,,
1,MovingVehicle,NG-A,10,0.666666666667,0.733333333333,0,,
1,MovingVehicle,NG-A,11,0.733333333333,0.8,0,,
1,MovingVehicle,NG-A,12,0.8,0.866666666667,0,,
1,MovingVehicle,NG-A,13,0.866666666667,0.933333333333,0,,
1,MovingVehicle,NG-A,14,0.933333333333,1,0,,
2,Overall,NG-A,0,0,0.0666666666667,0,,
2,Overall,NG-A,1,0.0666666666667,0.133333333333,0,,
2,Overall,NG-A,2,0.133333333333,0.2,863,0.190982572035,0.19235225956
2,Overall,NG-A,3,0.2,0.266666666667,28429,0.247632288449,0.295050828379
2,Overall,NG-A,4,0.266666666667,0.333333333333,51877,0.282697927667,0.487480000771
2,Overall,NG-A,5,0.333333333333,0.4,2022,0.353525207891,0.31256181998
2,Overall,NG-A,6,0.4,0.466666666667,297,0.427536427573,0.289562289562
2,Overall,NG-A,7,0.466666666667,0.533333333333,136,0.497259257252,0.338235294118
2,Overall,NG-A,8,0.533333333333,0.6,60,0.564046595494,0.4
2,Overall,NG-A,9,0.6,0.666666666667,25,0.632497656345,0.4
2,Overall,NG-A,10,0.666666666667,0.733333333333,2,0.679642856121,1
2,Overall,NG-A,11,0.733333333333,0.8,0,,
2,Overall,NG-A,12,0.8,0.866666666667,0,,
2,Overall,NG-A,13,0.866666666667,0.933333333333,0,,
2,Overall,NG-A,14,0.933333333333,1,0,,
2,Vehicle,NG-A,0,0,0.0666666666667,0,,
2,Vehicle,NG-A,1,0.0666666666667,0.133333333333,0,,
2,Vehicle,NG-A,2,0.133333333333,0.2,646,0.1904178065,0.198142414861
2,Vehicle,NG-A,3,0.2,0.266666666667,12434,0.249307650151,0.300064339714
2,Vehicle,NG-A,4,0.266666666667,0.333333333333,45755,0.282157089841,0.503966779587
2,Vehicle,NG-A,5,0.333333333333,0.4,1096,0.358489833065,0.227189781022
2,Vehicle,NG-A,6,0.4,0.466666666667,297,0.427536427573,0.289562289562
2,Vehicle,NG-A,7,0.466666666667,0.533333333333,136,0.497259257252,0.338235294118
2,Vehicle,NG-A,8,0.533333333333,0.6,60,0.564046595494,0.4
2,Vehicle,NG-A,9,0.6,0.666666666667,25,0.632497656345,0.4
2,Vehicle,NG-A,10,0.666666666667,0.733333333333,2,0.679642856121,1
2,Vehicle,NG-A,11,0.733333333333,0.8,0,,
2,Vehicle,NG-A,12,0.8,0.866666666667,0,,
2,Vehicle,NG-A,13,0.866666666667,0.933333333333,0,,
2,Vehicle,NG-A,14,0.933333333333,1,0,,
2,Pedestrian,NG-A,0,0,0.0666666666667,0,,
2,Pedestrian,NG-A,1,0.0666666666667,0.133333333333,0,,
2,Pedestrian,NG-A,2,0.133333333333,0.2,214,0.192641049693,0.177570093458
2,Pedestrian,NG-A,3,0.2,0.266666666667,15676,0.246930830496,0.292868078591
2,Pedestrian,NG-A,4,0.266666666667,0.333333333333,5306,0.28756514637,0.328684508104
2,Pedestrian,NG-A,5,0.333333333333,0.4,912,0.347551397358,0.414473684211
2,Pedestrian,NG-A,6,0.4,0.466666666667,0,,
2,Pedestrian,NG-A,7,0.466666666667,0.533333333333,0,,
2,Pedestrian,NG-A,8,0.533333333333,0.6,0,,
2,Pedestrian,NG-A,9,0.6,0.666666666667,0,,
2,Pedestrian,NG-A,10,0.666666666667,0.733333333333,0,,
2,Pedestrian,NG-A,11,0.733333333333,0.8,0,,
2,Pedestrian,NG-A,12,0.8,0.866666666667,0,,
2,Pedestrian,NG-A,13,0.866666666667,0.933333333333,0,,
2,Pedestrian,NG-A,14,0.933333333333,1,0,,
2,Bicycle,NG-A,0,0,0.0666666666667,0,,
2,Bicycle,NG-A,1,0.0666666666667,0.133333333333,0,,
2,Bicycle,NG-A,2,0.133333333333,0.2,3,0.194290677706,0
2,Bicycle,NG-A,3,0.2,0.266666666667,319,0.216800336927,0.206896551724
2,Bicycle,NG-A,4,0.266666666667,0.333333333333,816,0.281375099594,0.595588235294
2,Bicycle,NG-A,5,0.333333333333,0.4,14,0.354017066104,0.357142857143
2,Bicycle,NG-A,6,0.4,0.466666666667,0,,
2,Bicycle,NG-A,7,0.466666666667,0.533333333333,0,,
2,Bicycle,NG-A,8,0.533333333333,0.6,0,,
2,Bicycle,NG-A,9,0.6,0.666666666667,0,,
2,Bicycle,NG-A,10,0.666666666667,0.733333333333,0,,
2,Bicycle,NG-A,11,0.733333333333,0.8,0,,
2,Bicycle,NG-A,12,0.8,0.866666666667,0,,
2,Bicycle,NG-A,13,0.866666666667,0.933333333333,0,,
2,Bicycle,NG-A,14,0.933333333333,1,0,,
2,MovingVehicle,NG-A,0,0,0.0666666666667,0,,
2,MovingVehicle,NG-A,1,0.0666666666667,0.133333333333,0,,
2,MovingVehicle,NG-A,2,0.133333333333,0.2,614,0.190486320771,0.198697068404
2,MovingVehicle,NG-A,3,0.2,0.266666666667,5909,0.237052737655,0.224741919106
2,MovingVehicle,NG-A,4,0.266666666667,0.333333333333,6254,0.293384504191,0.255036776463
2,MovingVehicle,NG-A,5,0.333333333333,0.4,945,0.358507484639,0.212698412698
2,MovingVehicle,NG-A,6,0.4,0.466666666667,274,0.427810036679,0.284671532847
2,MovingVehicle,NG-A,7,0.466666666667,0.533333333333,130,0.497225177976,0.346153846154
2,MovingVehicle,NG-A,8,0.533333333333,0.6,59,0.564336440321,0.406779661017
2,MovingVehicle,NG-A,9,0.6,0.666666666667,24,0.633269856373,0.416666666667
2,MovingVehicle,NG-A,10,0.666666666667,0.733333333333,2,0.679642856121,1
2,MovingVehicle,NG-A,11,0.733333333333,0.8,0,,
2,MovingVehicle,NG-A,12,0.8,0.866666666667,0,,
2,MovingVehicle,NG-A,13,0.866666666667,0.933333333333,0,,
2,MovingVehicle,NG-A,14,0.933333333333,1,0,,
3,Overall,NG-A,0,0,0.0666666666667,0,,
3,Overall,NG-A,1,0.0666666666667,0.133333333333,0,,
3,Overall,NG-A,2,0.133333333333,0.2,937,0.192553873887,0.151547491996
3,Overall,NG-A,3,0.2,0.266666666667,56103,0.236906361876,0.492487032779
3,Overall,NG-A,4,0.266666666667,0.333333333333,33679,0.2896581505,0.394845452656
3,Overall,NG-A,5,0.333333333333,0.4,1983,0.352725314646,0.428643469491
3,Overall,NG-A,6,0.4,0.466666666667,433,0.431767376617,0.448036951501
3,Overall,NG-A,7,0.466666666667,0.533333333333,212,0.498479856635,0.528301886792
3,Overall,NG-A,8,0.533333333333,0.6,183,0.564670968903,0.551912568306
3,Overall,NG-A,9,0.6,0.666666666667,118,0.630649903568,0.542372881356
3,Overall,NG-A,10,0.666666666667,0.733333333333,76,0.693107181474,0.657894736842
3,Overall,NG-A,11,0.733333333333,0.8,25,0.762201952934,0.68
3,Overall,NG-A,12,0.8,0.866666666667,6,0.84821309646,1
3,Overall,NG-A,13,0.866666666667,0.933333333333,12,0.878605082631,1
3,Overall,NG-A,14,0.933333333333,1,0,,
3,Vehicle,NG-A,0,0,0.0666666666667,0,,
3,Vehicle,NG-A,1,0.0666666666667,0.133333333333,0,,
3,Vehicle,NG-A,2,0.133333333333,0.2,934,0.192541060423,0.15096359743
3,Vehicle,NG-A,3,0.2,0.266666666667,49928,0.23632935106,0.508211825028
3,Vehicle,NG-A,4,0.266666666667,0.333333333333,16018,0.281279810823,0.377387938569
3,Vehicle,NG-A,5,0.333333333333,0.4,1188,0.358521689495,0.387205387205
3,Vehicle,NG-A,6,0.4,0.466666666667,417,0.431420573871,0.450839328537
3,Vehicle,NG-A,7,0.466666666667,0.533333333333,186,0.498821870133,0.52688172043
3,Vehicle,NG-A,8,0.533333333333,0.6,154,0.564815741855,0.525974025974
3,Vehicle,NG-A,9,0.6,0.666666666667,105,0.63155493566,0.561904761905
3,Vehicle,NG-A,10,0.666666666667,0.733333333333,67,0.692767193068,0.701492537313
3,Vehicle,NG-A,11,0.733333333333,0.8,22,0.75960367918,0.636363636364
3,Vehicle,NG-A,12,0.8,0.866666666667,0,,
3,Vehicle,NG-A,13,0.866666666667,0.933333333333,0,,
3,Vehicle,NG-A,14,0.933333333333,1,0,,
3,Pedestrian,NG-A,0,0,0.0666666666667,0,,
3,Pedestrian,NG-A,1,0.0666666666667,0.133333333333,0,,
3,Pedestrian,NG-A,2,0.133333333333,0.2,1,0.196716040373,0
3,Pedestrian,NG-A,3,0.2,0.266666666667,5493,0.242511140911,0.34716912434
3,Pedestrian,NG-A,4,0.266666666667,0.333333333333,17397,0.297481486557,0.411277806518
3,Pedestrian,NG-A,5,0.333333333333,0.4,782,0.344154812758,0.493606138107
3,Pedestrian,NG-A,6,0.4,0.466666666667,16,0.440805923194,0.375
3,Pedestrian,NG-A,7,0.466666666667,0.533333333333,26,0.496033144685,0.538461538462
3,Pedestrian,NG-A,8,0.533333333333,0.6,29,0.563902174604,0.689655172414
3,Pedestrian,NG-A,9,0.6,0.666666666667,13,0.623340028983,0.384615384615
3,Pedestrian,NG-A,10,0.666666666667,0.733333333333,9,0.69563820627,0.333333333333
3,Pedestrian,NG-A,11,0.733333333333,0.8,3,0.781255960464,1
3,Pedestrian,NG-A,12,0.8,0.866666666667,6,0.84821309646,1
3,Pedestrian,NG-A,13,0.866666666667,0.933333333333,12,0.878605082631,1
3,Pedestrian,NG-A,14,0.933333333333,1,0,,
3,Bicycle,NG-A,0,0,0.0666666666667,0,,
3,Bicycle,NG-A,1,0.0666666666667,0.133333333333,0,,
3,Bicycle,NG-A,2,0.133333333333,0.2,2,0.196456678212,0.5
3,Bicycle,NG-A,3,0.2,0.266666666667,682,0.234005987688,0.511730205279
3,Bicycle,NG-A,4,0.266666666667,0.333333333333,264,0.28246749723,0.371212121212
3,Bicycle,NG-A,5,0.333333333333,0.4,13,0.338574480552,0.307692307692
3,Bicycle,NG-A,6,0.4,0.466666666667,0,,
3,Bicycle,NG-A,7,0.466666666667,0.533333333333,0,,
3,Bicycle,NG-A,8,0.533333333333,0.6,0,,
3,Bicycle,NG-A,9,0.6,0.666666666667,0,,
3,Bicycle,NG-A,10,0.666666666667,0.733333333333,0,,
3,Bicycle,NG-A,11,0.733333333333,0.8,0,,
3,Bicycle,NG-A,12,0.8,0.866666666667,0,,
3,Bicycle,NG-A,13,0.866666666667,0.933333333333,0,,
3,Bicycle,NG-A,14,0.933333333333,1,0,,
3,MovingVehicle,NG-A,0,0,0.0666666666667,0,,
3,MovingVehicle,NG-A,1,0.0666666666667,0.133333333333,0,,
3,MovingVehicle,NG-A,2,0.133333333333,0.2,887,0.192522024994,0.153325817362
3,MovingVehicle,NG-A,3,0.2,0.266666666667,9535,0.234711168854,0.233665443104
3,MovingVehicle,NG-A,4,0.266666666667,0.333333333333,2714,0.28799022486,0.259764185704
3,MovingVehicle,NG-A,5,0.333333333333,0.4,747,0.3604685272,0.344042838019
3,MovingVehicle,NG-A,6,0.4,0.466666666667,359,0.432029453825,0.409470752089
3,MovingVehicle,NG-A,7,0.466666666667,0.533333333333,165,0.498582956105,0.521212121212
3,MovingVehicle,NG-A,8,0.533333333333,0.6,139,0.566089283219,0.525179856115
3,MovingVehicle,NG-A,9,0.6,0.666666666667,94,0.631102281048,0.531914893617
3,MovingVehicle,NG-A,10,0.666666666667,0.733333333333,63,0.693906907051,0.698412698413
3,MovingVehicle,NG-A,11,0.733333333333,0.8,21,0.759362121423,0.619047619048
3,MovingVehicle,NG-A,12,0.8,0.866666666667,0,,
3,MovingVehicle,NG-A,13,0.866666666667,0.933333333333,0,,
3,MovingVehicle,NG-A,14,0.933333333333,1,0,,
0,Overall,NG-C,0,0,0.0666666666667,0,,
0,Overall,NG-C,1,0.0666666666667,0.133333333333,0,,
0,Overall,NG-C,2,0.133333333333,0.2,5,0.195157077909,0.2
0,Overall,NG-C,3,0.2,0.266666666667,1062,0.229968556282,0.401129943503
0,Overall,NG-C,4,0.266666666667,0.333333333333,1466,0.288298006028,0.547066848568
0,Overall,NG-C,5,0.333333333333,0.4,2508,0.369547635555,0.372807017544
0,Overall,NG-C,6,0.4,0.466666666667,3667,0.435799985685,0.340332697028
0,Overall,NG-C,7,0.466666666667,0.533333333333,10604,0.50594014028,0.338740098076
0,Overall,NG-C,8,0.533333333333,0.6,11926,0.566026388984,0.332047627033
0,Overall,NG-C,9,0.6,0.666666666667,10849,0.633432403112,0.350354871417
0,Overall,NG-C,10,0.666666666667,0.733333333333,10830,0.700100228309,0.363434903047
0,Overall,NG-C,11,0.733333333333,0.8,11339,0.767037222021,0.368903783402
0,Overall,NG-C,12,0.8,0.866666666667,13236,0.834338868806,0.404502870958
0,Overall,NG-C,13,0.866666666667,0.933333333333,18273,0.903063550529,0.441635199475
0,Overall,NG-C,14,0.933333333333,1,164386,0.990847957876,0.514216539121
0,Vehicle,NG-C,0,0,0.0666666666667,0,,
0,Vehicle,NG-C,1,0.0666666666667,0.133333333333,0,,
0,Vehicle,NG-C,2,0.133333333333,0.2,0,,
0,Vehicle,NG-C,3,0.2,0.266666666667,5,0.250959268212,0.6
0,Vehicle,NG-C,4,0.266666666667,0.333333333333,45,0.316555020544,0.111111111111
0,Vehicle,NG-C,5,0.333333333333,0.4,1980,0.373265556961,0.330808080808
0,Vehicle,NG-C,6,0.4,0.466666666667,3604,0.435742121864,0.340732519423
0,Vehicle,NG-C,7,0.466666666667,0.533333333333,9360,0.505038067918,0.338675213675
0,Vehicle,NG-C,8,0.533333333333,0.6,9389,0.565637802904,0.331451698796
0,Vehicle,NG-C,9,0.6,0.666666666667,7824,0.632872395294,0.340618609407
0,Vehicle,NG-C,10,0.666666666667,0.733333333333,7048,0.69957525004,0.349318955732
0,Vehicle,NG-C,11,0.733333333333,0.8,7348,0.767099140039,0.382553075667
0,Vehicle,NG-C,12,0.8,0.866666666667,9190,0.834898419524,0.422198041349
0,Vehicle,NG-C,13,0.866666666667,0.933333333333,13510,0.903264850532,0.473056994819
0,Vehicle,NG-C,14,0.933333333333,1,121723,0.991367569877,0.563541812147
0,Pedestrian,NG-C,0,0,0.0666666666667,0,,
0,Pedestrian,NG-C,1,0.0666666666667,0.133333333333,0,,
0,Pedestrian,NG-C,2,0.133333333333,0.2,0,,
0,Pedestrian,NG-C,3,0.2,0.266666666667,0,,
0,Pedestrian,NG-C,4,0.266666666667,0.333333333333,2,0.296298518777,0
0,Pedestrian,NG-C,5,0.333333333333,0.4,35,0.373940701144,0.142857142857
0,Pedestrian,NG-C,6,0.4,0.466666666667,57,0.441409219252,0.315789473684
0,Pedestrian,NG-C,7,0.466666666667,0.533333333333,1244,0.512727437152,0.33922829582
0,Pedestrian,NG-C,8,0.533333333333,0.6,2537,0.567464479133,0.334253054789
0,Pedestrian,NG-C,9,0.6,0.666666666667,3025,0.634880833251,0.375537190083
0,Pedestrian,NG-C,10,0.666666666667,0.733333333333,3782,0.701078559043,0.389740877842
0,Pedestrian,NG-C,11,0.733333333333,0.8,3991,0.766923222124,0.343773490353
0,Pedestrian,NG-C,12,0.8,0.866666666667,4046,0.833067916978,0.364310430054
0,Pedestrian,NG-C,13,0.866666666667,0.933333333333,4763,0.902492573613,0.352508922948
0,Pedestrian,NG-C,14,0.933333333333,1,42663,0.989365438325,0.373485221386
0,Bicycle,NG-C,0,0,0.0666666666667,0,,
0,Bicycle,NG-C,1,0.0666666666667,0.133333333333,0,,
0,Bicycle,NG-C,2,0.133333333333,0.2,5,0.195157077909,0.2
0,Bicycle,NG-C,3,0.2,0.266666666667,1057,0.22986926247,0.400189214759
0,Bicycle,NG-C,4,0.266666666667,0.333333333333,1419,0.287390629934,0.561663143058
0,Bicycle,NG-C,5,0.333333333333,0.4,493,0.354303737622,0.557809330629
0,Bicycle,NG-C,6,0.4,0.466666666667,6,0.417269135515,0.333333333333
0,Bicycle,NG-C,7,0.466666666667,0.533333333333,0,,
0,Bicycle,NG-C,8,0.533333333333,0.6,0,,
0,Bicycle,NG-C,9,0.6,0.666666666667,0,,
0,Bicycle,NG-C,10,0.666666666667,0.733333333333,0,,
0,Bicycle,NG-C,11,0.733333333333,0.8,0,,
0,Bicycle,NG-C,12,0.8,0.866666666667,0,,
0,Bicycle,NG-C,13,0.866666666667,0.933333333333,0,,
0,Bicycle,NG-C,14,0.933333333333,1,0,,
0,MovingVehicle,NG-C,0,0,0.0666666666667,0,,
0,MovingVehicle,NG-C,1,0.0666666666667,0.133333333333,0,,
0,MovingVehicle,NG-C,2,0.133333333333,0.2,0,,
0,MovingVehicle,NG-C,3,0.2,0.266666666667,3,0.242259159684,0.333333333333
0,MovingVehicle,NG-C,4,0.266666666667,0.333333333333,21,0.306714889549,0
0,MovingVehicle,NG-C,5,0.333333333333,0.4,252,0.371760148614,0.138888888889
0,MovingVehicle,NG-C,6,0.4,0.466666666667,429,0.432574115294,0.123543123543
0,MovingVehicle,NG-C,7,0.466666666667,0.533333333333,1651,0.51058786093,0.15142337977
0,MovingVehicle,NG-C,8,0.533333333333,0.6,2448,0.566941978349,0.167075163399
0,MovingVehicle,NG-C,9,0.6,0.666666666667,2226,0.632840067603,0.206199460916
0,MovingVehicle,NG-C,10,0.666666666667,0.733333333333,2040,0.699451304329,0.199019607843
0,MovingVehicle,NG-C,11,0.733333333333,0.8,2159,0.766713956679,0.20611394164
0,MovingVehicle,NG-C,12,0.8,0.866666666667,2588,0.834871133545,0.212132921175
0,MovingVehicle,NG-C,13,0.866666666667,0.933333333333,3703,0.902651988266,0.211990278153
0,MovingVehicle,NG-C,14,0.933333333333,1,24208,0.990590054052,0.242812293457
1,Overall,NG-C,0,0,0.0666666666667,0,,
1,Overall,NG-C,1,0.0666666666667,0.133333333333,0,,
1,Overall,NG-C,2,0.133333333333,0.2,0,,
1,Overall,NG-C,3,0.2,0.266666666667,56,0.253936059773,0.142857142857
1,Overall,NG-C,4,0.266666666667,0.333333333333,339,0.305704434625,0.628318584071
1,Overall,NG-C,5,0.333333333333,0.4,468,0.354856485676,0.570512820513
1,Overall,NG-C,6,0.4,0.466666666667,9,0.422695391708,0.333333333333
1,Overall,NG-C,7,0.466666666667,0.533333333333,499,0.515757976768,0.364729458918
1,Overall,NG-C,8,0.533333333333,0.6,1073,0.567008755358,0.365330848089
1,Overall,NG-C,9,0.6,0.666666666667,1110,0.634083614102,0.357657657658
1,Overall,NG-C,10,0.666666666667,0.733333333333,1254,0.70123968959,0.385167464115
1,Overall,NG-C,11,0.733333333333,0.8,1427,0.768181855268,0.355290819902
1,Overall,NG-C,12,0.8,0.866666666667,1964,0.834596051157,0.354887983707
1,Overall,NG-C,13,0.866666666667,0.933333333333,3073,0.903294013817,0.376830458835
1,Overall,NG-C,14,0.933333333333,1,71401,0.995827454979,0.533311858377
1,Vehicle,NG-C,0,0,0.0666666666667,0,,
1,Vehicle,NG-C,1,0.0666666666667,0.133333333333,0,,
1,Vehicle,NG-C,2,0.133333333333,0.2,0,,
1,Vehicle,NG-C,3,0.2,0.266666666667,0,,
1,Vehicle,NG-C,4,0.266666666667,0.333333333333,0,,
1,Vehicle,NG-C,5,0.333333333333,0.4,2,0.379399910569,0.5
1,Vehicle,NG-C,6,0.4,0.466666666667,3,0.433547904094,0.333333333333
1,Vehicle,NG-C,7,0.466666666667,0.533333333333,219,0.516508116298,0.360730593607
1,Vehicle,NG-C,8,0.533333333333,0.6,506,0.567147533766,0.355731225296
1,Vehicle,NG-C,9,0.6,0.666666666667,503,0.635561975878,0.369781312127
1,Vehicle,NG-C,10,0.666666666667,0.733333333333,600,0.701448385815,0.381666666667
1,Vehicle,NG-C,11,0.733333333333,0.8,663,0.768580295112,0.365007541478
1,Vehicle,NG-C,12,0.8,0.866666666667,1021,0.835042462176,0.355533790402
1,Vehicle,NG-C,13,0.866666666667,0.933333333333,1619,0.903655272269,0.396541074737
1,Vehicle,NG-C,14,0.933333333333,1,56420,0.996758958274,0.563594470046
1,Pedestrian,NG-C,0,0,0.0666666666667,0,,
1,Pedestrian,NG-C,1,0.0666666666667,0.133333333333,0,,
1,Pedestrian,NG-C,2,0.133333333333,0.2,0,,
1,Pedestrian,NG-C,3,0.2,0.266666666667,0,,
1,Pedestrian,NG-C,4,0.266666666667,0.333333333333,0,,
1,Pedestrian,NG-C,5,0.333333333333,0.4,0,,
1,Pedestrian,NG-C,6,0.4,0.466666666667,0,,
1,Pedestrian,NG-C,7,0.466666666667,0.533333333333,280,0.515171260493,0.367857142857
1,Pedestrian,NG-C,8,0.533333333333,0.6,567,0.566884907255,0.373897707231
1,Pedestrian,NG-C,9,0.6,0.666666666667,607,0.632858546601,0.347611202636
1,Pedestrian,NG-C,10,0.666666666667,0.733333333333,654,0.701048225164,0.388379204893
1,Pedestrian,NG-C,11,0.733333333333,0.8,764,0.767836088753,0.346858638743
1,Pedestrian,NG-C,12,0.8,0.866666666667,943,0.834112715367,0.354188759279
1,Pedestrian,NG-C,13,0.866666666667,0.933333333333,1454,0.902891759736,0.354883081155
1,Pedestrian,NG-C,14,0.933333333333,1,14981,0.992319316947,0.419264401575
1,Bicycle,NG-C,0,0,0.0666666666667,0,,
1,Bicycle,NG-C,1,0.0666666666667,0.133333333333,0,,
1,Bicycle,NG-C,2,0.133333333333,0.2,0,,
1,Bicycle,NG-C,3,0.2,0.266666666667,56,0.253936059773,0.142857142857
1,Bicycle,NG-C,4,0.266666666667,0.333333333333,339,0.305704434625,0.628318584071
1,Bicycle,NG-C,5,0.333333333333,0.4,466,0.354751149089,0.570815450644
1,Bicycle,NG-C,6,0.4,0.466666666667,6,0.417269135515,0.333333333333
1,Bicycle,NG-C,7,0.466666666667,0.533333333333,0,,
1,Bicycle,NG-C,8,0.533333333333,0.6,0,,
1,Bicycle,NG-C,9,0.6,0.666666666667,0,,
1,Bicycle,NG-C,10,0.666666666667,0.733333333333,0,,
1,Bicycle,NG-C,11,0.733333333333,0.8,0,,
1,Bicycle,NG-C,12,0.8,0.866666666667,0,,
1,Bicycle,NG-C,13,0.866666666667,0.933333333333,0,,
1,Bicycle,NG-C,14,0.933333333333,1,0,,
1,MovingVehicle,NG-C,0,0,0.0666666666667,0,,
1,MovingVehicle,NG-C,1,0.0666666666667,0.133333333333,0,,
1,MovingVehicle,NG-C,2,0.133333333333,0.2,0,,
1,MovingVehicle,NG-C,3,0.2,0.266666666667,0,,
1,MovingVehicle,NG-C,4,0.266666666667,0.333333333333,0,,
1,MovingVehicle,NG-C,5,0.333333333333,0.4,2,0.379399910569,0.5
1,MovingVehicle,NG-C,6,0.4,0.466666666667,2,0.429344967008,0.5
1,MovingVehicle,NG-C,7,0.466666666667,0.533333333333,90,0.516707524988,0.244444444444
1,MovingVehicle,NG-C,8,0.533333333333,0.6,201,0.566261005342,0.194029850746
1,MovingVehicle,NG-C,9,0.6,0.666666666667,197,0.634910069141,0.218274111675
1,MovingVehicle,NG-C,10,0.666666666667,0.733333333333,235,0.701248067491,0.23829787234
1,MovingVehicle,NG-C,11,0.733333333333,0.8,246,0.766730573119,0.19512195122
1,MovingVehicle,NG-C,12,0.8,0.866666666667,379,0.834470351799,0.208443271768
1,MovingVehicle,NG-C,13,0.866666666667,0.933333333333,553,0.903049455413,0.22061482821
1,MovingVehicle,NG-C,14,0.933333333333,1,10888,0.995310042292,0.243662747979
2,Overall,NG-C,0,0,0.0666666666667,0,,
2,Overall,NG-C,1,0.0666666666667,0.133333333333,0,,
2,Overall,NG-C,2,0.133333333333,0.2,3,0.194290677706,0
2,Overall,NG-C,3,0.2,0.266666666667,321,0.216964753385,0.208722741433
2,Overall,NG-C,4,0.266666666667,0.333333333333,823,0.281645348773,0.590522478736
2,Overall,NG-C,5,0.333333333333,0.4,45,0.368598071072,0.377777777778
2,Overall,NG-C,6,0.4,0.466666666667,58,0.436411243574,0.120689655172
2,Overall,NG-C,7,0.466666666667,0.533333333333,1419,0.515499441325,0.313601127555
2,Overall,NG-C,8,0.533333333333,0.6,2706,0.56675379367,0.313008130081
2,Overall,NG-C,9,0.6,0.666666666667,2905,0.634367954198,0.318760757315
2,Overall,NG-C,10,0.666666666667,0.733333333333,3411,0.701245475186,0.291116974494
2,Overall,NG-C,11,0.733333333333,0.8,4101,0.767179954665,0.307729821995
2,Overall,NG-C,12,0.8,0.866666666667,4882,0.834198219031,0.335518230234
2,Overall,NG-C,13,0.866666666667,0.933333333333,6598,0.902861047402,0.363291906638
2,Overall,NG-C,14,0.933333333333,1,56439,0.990828484022,0.453108665993
2,Vehicle,NG-C,0,0,0.0666666666667,0,,
2,Vehicle,NG-C,1,0.0666666666667,0.133333333333,0,,
2,Vehicle,NG-C,2,0.133333333333,0.2,0,,
2,Vehicle,NG-C,3,0.2,0.266666666667,2,0.243189178407,0.5
2,Vehicle,NG-C,4,0.266666666667,0.333333333333,7,0.313148681607,0
2,Vehicle,NG-C,5,0.333333333333,0.4,20,0.371145121753,0.45
2,Vehicle,NG-C,6,0.4,0.466666666667,35,0.434691057035,0.142857142857
2,Vehicle,NG-C,7,0.466666666667,0.533333333333,923,0.515492946878,0.339111592633
2,Vehicle,NG-C,8,0.533333333333,0.6,1670,0.567057248111,0.34251497006
2,Vehicle,NG-C,9,0.6,0.666666666667,1809,0.633862927515,0.339966832504
2,Vehicle,NG-C,10,0.666666666667,0.733333333333,1956,0.700604446339,0.320040899796
2,Vehicle,NG-C,11,0.733333333333,0.8,2368,0.767260862011,0.357685810811
2,Vehicle,NG-C,12,0.8,0.866666666667,3021,0.834833688311,0.369414101291
2,Vehicle,NG-C,13,0.866666666667,0.933333333333,4466,0.903001419149,0.384460367219
2,Vehicle,NG-C,14,0.933333333333,1,44174,0.992249556535,0.488749037896
2,Pedestrian,NG-C,0,0,0.0666666666667,0,,
2,Pedestrian,NG-C,1,0.0666666666667,0.133333333333,0,,
2,Pedestrian,NG-C,2,0.133333333333,0.2,0,,
2,Pedestrian,NG-C,3,0.2,0.266666666667,0,,
2,Pedestrian,NG-C,4,0.266666666667,0.333333333333,0,,
2,Pedestrian,NG-C,5,0.333333333333,0.4,11,0.382524712519,0.272727272727
2,Pedestrian,NG-C,6,0.4,0.466666666667,23,0.439028918743,0.0869565217391
2,Pedestrian,NG-C,7,0.466666666667,0.533333333333,496,0.515511526756,0.266129032258
2,Pedestrian,NG-C,8,0.533333333333,0.6,1036,0.566264634484,0.265444015444
2,Pedestrian,NG-C,9,0.6,0.666666666667,1096,0.635201524698,0.283759124088
2,Pedestrian,NG-C,10,0.666666666667,0.733333333333,1455,0.702107229429,0.252233676976
2,Pedestrian,NG-C,11,0.733333333333,0.8,1733,0.767069401524,0.239469128679
2,Pedestrian,NG-C,12,0.8,0.866666666667,1861,0.833166648533,0.280494357872
2,Pedestrian,NG-C,13,0.866666666667,0.933333333333,2132,0.902567004145,0.31894934334
2,Pedestrian,NG-C,14,0.933333333333,1,12265,0.985710305692,0.324745209947
2,Bicycle,NG-C,0,0,0.0666666666667,0,,
2,Bicycle,NG-C,1,0.0666666666667,0.133333333333,0,,
2,Bicycle,NG-C,2,0.133333333333,0.2,3,0.194290677706,0
2,Bicycle,NG-C,3,0.2,0.266666666667,319,0.216800336927,0.206896551724
2,Bicycle,NG-C,4,0.266666666667,0.333333333333,816,0.281375099594,0.595588235294
2,Bicycle,NG-C,5,0.333333333333,0.4,14,0.354017066104,0.357142857143
2,Bicycle,NG-C,6,0.4,0.466666666667,0,,
2,Bicycle,NG-C,7,0.466666666667,0.533333333333,0,,
2,Bicycle,NG-C,8,0.533333333333,0.6,0,,
2,Bicycle,NG-C,9,0.6,0.666666666667,0,,
2,Bicycle,NG-C,10,0.666666666667,0.733333333333,0,,
2,Bicycle,NG-C,11,0.733333333333,0.8,0,,
2,Bicycle,NG-C,12,0.8,0.866666666667,0,,
2,Bicycle,NG-C,13,0.866666666667,0.933333333333,0,,
2,Bicycle,NG-C,14,0.933333333333,1,0,,
2,MovingVehicle,NG-C,0,0,0.0666666666667,0,,
2,MovingVehicle,NG-C,1,0.0666666666667,0.133333333333,0,,
2,MovingVehicle,NG-C,2,0.133333333333,0.2,0,,
2,MovingVehicle,NG-C,3,0.2,0.266666666667,2,0.243189178407,0.5
2,MovingVehicle,NG-C,4,0.266666666667,0.333333333333,6,0.310992062092,0
2,MovingVehicle,NG-C,5,0.333333333333,0.4,12,0.371047881742,0.416666666667
2,MovingVehicle,NG-C,6,0.4,0.466666666667,19,0.435355026471,0.0526315789474
2,MovingVehicle,NG-C,7,0.466666666667,0.533333333333,227,0.514585326684,0.224669603524
2,MovingVehicle,NG-C,8,0.533333333333,0.6,427,0.56781578734,0.217798594848
2,MovingVehicle,NG-C,9,0.6,0.666666666667,407,0.634369155699,0.272727272727
2,MovingVehicle,NG-C,10,0.666666666667,0.733333333333,468,0.700719480586,0.232905982906
2,MovingVehicle,NG-C,11,0.733333333333,0.8,584,0.767060899469,0.270547945205
2,MovingVehicle,NG-C,12,0.8,0.866666666667,669,0.833489494919,0.26158445441
2,MovingVehicle,NG-C,13,0.866666666667,0.933333333333,1114,0.904091706396,0.252244165171
2,MovingVehicle,NG-C,14,0.933333333333,1,10276,0.991479096366,0.235597508758
3,Overall,NG-C,0,0,0.0666666666667,0,,
3,Overall,NG-C,1,0.0666666666667,0.133333333333,0,,
3,Overall,NG-C,2,0.133333333333,0.2,2,0.196456678212,0.5
3,Overall,NG-C,3,0.2,0.266666666667,685,0.234102922025,0.512408759124
3,Overall,NG-C,4,0.266666666667,0.333333333333,304,0.286897866644,0.338815789474
3,Overall,NG-C,5,0.333333333333,0.4,1995,0.373015399236,0.326315789474
3,Overall,NG-C,6,0.4,0.466666666667,3600,0.435822899126,0.343888888889
3,Overall,NG-C,7,0.466666666667,0.533333333333,8686,0.503814449676,0.341353902832
3,Overall,NG-C,8,0.533333333333,0.6,8147,0.565655401357,0.333987971032
3,Overall,NG-C,9,0.6,0.666666666667,6834,0.632928946849,0.362598770852
3,Overall,NG-C,10,0.666666666667,0.733333333333,6165,0.699234807134,0.39902676399
3,Overall,NG-C,11,0.733333333333,0.8,5811,0.766655405086,0.415419032869
3,Overall,NG-C,12,0.8,0.866666666667,6390,0.834367279771,0.472456964006
3,Overall,NG-C,13,0.866666666667,0.933333333333,8602,0.903136545407,0.524877935364
3,Overall,NG-C,14,0.933333333333,1,36546,0.981149441274,0.571280030646
3,Vehicle,NG-C,0,0,0.0666666666667,0,,
3,Vehicle,NG-C,1,0.0666666666667,0.133333333333,0,,
3,Vehicle,NG-C,2,0.133333333333,0.2,0,,
3,Vehicle,NG-C,3,0.2,0.266666666667,3,0.256139328082,0.666666666667
3,Vehicle,NG-C,4,0.266666666667,0.333333333333,38,0.317182504033,0.131578947368
3,Vehicle,NG-C,5,0.333333333333,0.4,1958,0.373280950218,0.329417773238
3,Vehicle,NG-C,6,0.4,0.466666666667,3566,0.435754283928,0.34268087493
3,Vehicle,NG-C,7,0.466666666667,0.533333333333,8218,0.503558170878,0.338038452178
3,Vehicle,NG-C,8,0.533333333333,0.6,7213,0.565203254545,0.32718702343
3,Vehicle,NG-C,9,0.6,0.666666666667,5512,0.632301870652,0.3381712627
3,Vehicle,NG-C,10,0.666666666667,0.733333333333,4492,0.698876899767,0.357747105966
3,Vehicle,NG-C,11,0.733333333333,0.8,4317,0.766782956707,0.398888116748
3,Vehicle,NG-C,12,0.8,0.866666666667,5148,0.834907837832,0.466394716395
3,Vehicle,NG-C,13,0.866666666667,0.933333333333,7425,0.903338169289,0.54303030303
3,Vehicle,NG-C,14,0.933333333333,1,21129,0.975127188793,0.719769037815
3,Pedestrian,NG-C,0,0,0.0666666666667,0,,
3,Pedestrian,NG-C,1,0.0666666666667,0.133333333333,0,,
3,Pedestrian,NG-C,2,0.133333333333,0.2,0,,
3,Pedestrian,NG-C,3,0.2,0.266666666667,0,,
3,Pedestrian,NG-C,4,0.266666666667,0.333333333333,2,0.296298518777,0
3,Pedestrian,NG-C,5,0.333333333333,0.4,24,0.370006362597,0.0833333333333
3,Pedestrian,NG-C,6,0.4,0.466666666667,34,0.443019422538,0.470588235294
3,Pedestrian,NG-C,7,0.466666666667,0.533333333333,468,0.508314661554,0.399572649573
3,Pedestrian,NG-C,8,0.533333333333,0.6,934,0.56914719467,0.386509635974
3,Pedestrian,NG-C,9,0.6,0.666666666667,1322,0.635543503577,0.464447806354
3,Pedestrian,NG-C,10,0.666666666667,0.733333333333,1673,0.700195787342,0.509862522415
3,Pedestrian,NG-C,11,0.733333333333,0.8,1494,0.766286837249,0.463186077644
3,Pedestrian,NG-C,12,0.8,0.866666666667,1242,0.832126705783,0.497584541063
3,Pedestrian,NG-C,13,0.866666666667,0.933333333333,1177,0.90186461905,0.410365335599
3,Pedestrian,NG-C,14,0.933333333333,1,15417,0.989402938884,0.367775831874
3,Bicycle,NG-C,0,0,0.0666666666667,0,,
3,Bicycle,NG-C,1,0.0666666666667,0.133333333333,0,,
3,Bicycle,NG-C,2,0.133333333333,0.2,2,0.196456678212,0.5
3,Bicycle,NG-C,3,0.2,0.266666666667,682,0.234005987688,0.511730205279
3,Bicycle,NG-C,4,0.266666666667,0.333333333333,264,0.28246749723,0.371212121212
3,Bicycle,NG-C,5,0.333333333333,0.4,13,0.338574480552,0.307692307692
3,Bicycle,NG-C,6,0.4,0.466666666667,0,,
3,Bicycle,NG-C,7,0.466666666667,0.533333333333,0,,
3,Bicycle,NG-C,8,0.533333333333,0.6,0,,
3,Bicycle,NG-C,9,0.6,0.666666666667,0,,
3,Bicycle,NG-C,10,0.666666666667,0.733333333333,0,,
3,Bicycle,NG-C,11,0.733333333333,0.8,0,,
3,Bicycle,NG-C,12,0.8,0.866666666667,0,,
3,Bicycle,NG-C,13,0.866666666667,0.933333333333,0,,
3,Bicycle,NG-C,14,0.933333333333,1,0,,
3,MovingVehicle,NG-C,0,0,0.0666666666667,0,,
3,MovingVehicle,NG-C,1,0.0666666666667,0.133333333333,0,,
3,MovingVehicle,NG-C,2,0.133333333333,0.2,0,,
3,MovingVehicle,NG-C,3,0.2,0.266666666667,1,0.240399122238,0
3,MovingVehicle,NG-C,4,0.266666666667,0.333333333333,15,0.305004020532,0
3,MovingVehicle,NG-C,5,0.333333333333,0.4,238,0.371731861549,0.121848739496
3,MovingVehicle,NG-C,6,0.4,0.466666666667,408,0.432460441236,0.125
3,MovingVehicle,NG-C,7,0.466666666667,0.533333333333,1334,0.509494761611,0.132683658171
3,MovingVehicle,NG-C,8,0.533333333333,0.6,1820,0.566812175676,0.152197802198
3,MovingVehicle,NG-C,9,0.6,0.666666666667,1622,0.632204969479,0.18803945746
3,MovingVehicle,NG-C,10,0.666666666667,0.733333333333,1337,0.698691584187,0.180254300673
3,MovingVehicle,NG-C,11,0.733333333333,0.8,1329,0.766558424524,0.179834462002
3,MovingVehicle,NG-C,12,0.8,0.866666666667,1540,0.835569972845,0.191558441558
3,MovingVehicle,NG-C,13,0.866666666667,0.933333333333,2036,0.901756288202,0.187622789784
3,MovingVehicle,NG-C,14,0.933333333333,1,3044,0.970706009775,0.264126149803
0,Overall,G-A,0,0,0.0666666666667,0,,
0,Overall,G-A,1,0.0666666666667,0.133333333333,0,,
0,Overall,G-A,2,0.133333333333,0.2,694,0.192722811415,0.175792507205
0,Overall,G-A,3,0.2,0.266666666667,71196,0.24241355421,0.420964660936
0,Overall,G-A,4,0.266666666667,0.333333333333,128298,0.292613468357,0.452680478262
0,Overall,G-A,5,0.333333333333,0.4,48911,0.359542124621,0.445278158288
0,Overall,G-A,6,0.4,0.466666666667,6045,0.426673320293,0.373862696443
0,Overall,G-A,7,0.466666666667,0.533333333333,2198,0.495252825828,0.390809827116
0,Overall,G-A,8,0.533333333333,0.6,1114,0.563590488806,0.455116696589
0,Overall,G-A,9,0.6,0.666666666667,719,0.629556513628,0.49652294854
0,Overall,G-A,10,0.666666666667,0.733333333333,464,0.699375638032,0.538793103448
0,Overall,G-A,11,0.733333333333,0.8,271,0.762561481377,0.653136531365
0,Overall,G-A,12,0.8,0.866666666667,157,0.830878820769,0.668789808917
0,Overall,G-A,13,0.866666666667,0.933333333333,68,0.895334313898,0.647058823529
0,Overall,G-A,14,0.933333333333,1,16,0.948473479599,0.5625
0,Vehicle,G-A,0,0,0.0666666666667,0,,
0,Vehicle,G-A,1,0.0666666666667,0.133333333333,0,,
0,Vehicle,G-A,2,0.133333333333,0.2,402,0.193455139277,0.169154228856
0,Vehicle,G-A,3,0.2,0.266666666667,51289,0.241449275739,0.463276726004
0,Vehicle,G-A,4,0.266666666667,0.333333333333,90308,0.290608812371,0.48035611463
0,Vehicle,G-A,5,0.333333333333,0.4,38926,0.361068619021,0.448569079792
0,Vehicle,G-A,6,0.4,0.466666666667,5426,0.427113649428,0.369332841872
0,Vehicle,G-A,7,0.466666666667,0.533333333333,2056,0.495361584677,0.384241245136
0,Vehicle,G-A,8,0.533333333333,0.6,1034,0.563634506681,0.45164410058
0,Vehicle,G-A,9,0.6,0.666666666667,670,0.62953502696,0.49552238806
0,Vehicle,G-A,10,0.666666666667,0.733333333333,436,0.699228189407,0.534403669725
0,Vehicle,G-A,11,0.733333333333,0.8,257,0.762559218861,0.653696498054
0,Vehicle,G-A,12,0.8,0.866666666667,145,0.831394741864,0.641379310345
0,Vehicle,G-A,13,0.866666666667,0.933333333333,63,0.89437208573,0.650793650794
0,Vehicle,G-A,14,0.933333333333,1,14,0.948351340634,0.642857142857
0,Pedestrian,G-A,0,0,0.0666666666667,0,,
0,Pedestrian,G-A,1,0.0666666666667,0.133333333333,0,,
0,Pedestrian,G-A,2,0.133333333333,0.2,287,0.19165463325,0.184668989547
0,Pedestrian,G-A,3,0.2,0.266666666667,18850,0.245740673302,0.30700265252
0,Pedestrian,G-A,4,0.266666666667,0.333333333333,36571,0.297766395008,0.380109923163
0,Pedestrian,G-A,5,0.333333333333,0.4,9492,0.353554156203,0.42593763169
0,Pedestrian,G-A,6,0.4,0.466666666667,613,0.422867772533,0.414355628059
0,Pedestrian,G-A,7,0.466666666667,0.533333333333,142,0.49367812024,0.485915492958
0,Pedestrian,G-A,8,0.533333333333,0.6,80,0.563021557778,0.5
0,Pedestrian,G-A,9,0.6,0.666666666667,49,0.629850310939,0.510204081633
0,Pedestrian,G-A,10,0.666666666667,0.733333333333,28,0.701671623758,0.607142857143
0,Pedestrian,G-A,11,0.733333333333,0.8,14,0.762603014708,0.642857142857
0,Pedestrian,G-A,12,0.8,0.866666666667,12,0.824644774199,1
0,Pedestrian,G-A,13,0.866666666667,0.933333333333,5,0.907458388805,0.6
0,Pedestrian,G-A,14,0.933333333333,1,2,0.949328452349,0
0,Bicycle,G-A,0,0,0.0666666666667,0,,
0,Bicycle,G-A,1,0.0666666666667,0.133333333333,0,,
0,Bicycle,G-A,2,0.133333333333,0.2,5,0.195157077909,0.2
0,Bicycle,G-A,3,0.2,0.266666666667,1057,0.22986926247,0.400189214759
0,Bicycle,G-A,4,0.266666666667,0.333333333333,1419,0.287390629934,0.561663143058
0,Bicycle,G-A,5,0.333333333333,0.4,493,0.354303737622,0.557809330629
0,Bicycle,G-A,6,0.4,0.466666666667,6,0.417269135515,0.333333333333
0,Bicycle,G-A,7,0.466666666667,0.533333333333,0,,
0,Bicycle,G-A,8,0.533333333333,0.6,0,,
0,Bicycle,G-A,9,0.6,0.666666666667,0,,
0,Bicycle,G-A,10,0.666666666667,0.733333333333,0,,
0,Bicycle,G-A,11,0.733333333333,0.8,0,,
0,Bicycle,G-A,12,0.8,0.866666666667,0,,
0,Bicycle,G-A,13,0.866666666667,0.933333333333,0,,
0,Bicycle,G-A,14,0.933333333333,1,0,,
0,MovingVehicle,G-A,0,0,0.0666666666667,0,,
0,MovingVehicle,G-A,1,0.0666666666667,0.133333333333,0,,
0,MovingVehicle,G-A,2,0.133333333333,0.2,374,0.193420921736,0.176470588235
0,MovingVehicle,G-A,3,0.2,0.266666666667,10152,0.240751143796,0.223798266351
0,MovingVehicle,G-A,4,0.266666666667,0.333333333333,15033,0.297256710506,0.249185126056
0,MovingVehicle,G-A,5,0.333333333333,0.4,8497,0.362501682692,0.281628810168
0,MovingVehicle,G-A,6,0.4,0.466666666667,3740,0.428740361668,0.32807486631
0,MovingVehicle,G-A,7,0.466666666667,0.533333333333,1670,0.495914067694,0.364071856287
0,MovingVehicle,G-A,8,0.533333333333,0.6,894,0.563573436516,0.437360178971
0,MovingVehicle,G-A,9,0.6,0.666666666667,582,0.628656888848,0.474226804124
0,MovingVehicle,G-A,10,0.666666666667,0.733333333333,370,0.699176407183,0.516216216216
0,MovingVehicle,G-A,11,0.733333333333,0.8,224,0.762322092695,0.651785714286
0,MovingVehicle,G-A,12,0.8,0.866666666667,129,0.832230754601,0.62015503876
0,MovingVehicle,G-A,13,0.866666666667,0.933333333333,51,0.893331200469,0.588235294118
0,MovingVehicle,G-A,14,0.933333333333,1,12,0.947065586845,0.583333333333
1,Overall,G-A,0,0,0.0666666666667,0,,
1,Overall,G-A,1,0.0666666666667,0.133333333333,0,,
1,Overall,G-A,2,0.133333333333,0.2,39,0.193115296654,0.179487179487
1,Overall,G-A,3,0.2,0.266666666667,3843,0.249543284543,0.24303929222
1,Overall,G-A,4,0.266666666667,0.333333333333,34210,0.29954155516,0.54501607717
1,Overall,G-A,5,0.333333333333,0.4,38487,0.360488701547,0.465949541404
1,Overall,G-A,6,0.4,0.466666666667,3745,0.426080588051,0.376234979973
1,Overall,G-A,7,0.466666666667,0.533333333333,1217,0.494238257849,0.361544782251
1,Overall,G-A,8,0.533333333333,0.6,504,0.563600271585,0.394841269841
1,Overall,G-A,9,0.6,0.666666666667,284,0.628599077463,0.411971830986
1,Overall,G-A,10,0.666666666667,0.733333333333,169,0.698815644493,0.473372781065
1,Overall,G-A,11,0.733333333333,0.8,91,0.764331131191,0.626373626374
1,Overall,G-A,12,0.8,0.866666666667,47,0.833104966803,0.659574468085
1,Overall,G-A,13,0.866666666667,0.933333333333,31,0.898113589133,0.741935483871
1,Overall,G-A,14,0.933333333333,1,6,0.951062679291,0.666666666667
1,Vehicle,G-A,0,0,0.0666666666667,0,,
1,Vehicle,G-A,1,0.0666666666667,0.133333333333,0,,
1,Vehicle,G-A,2,0.133333333333,0.2,39,0.193115296654,0.179487179487
1,Vehicle,G-A,3,0.2,0.266666666667,1821,0.244808570762,0.235584843493
1,Vehicle,G-A,4,0.266666666667,0.333333333333,21629,0.298665266565,0.631698182995
1,Vehicle,G-A,5,0.333333333333,0.4,32627,0.361312878745,0.472032365832
1,Vehicle,G-A,6,0.4,0.466666666667,3258,0.426522769395,0.375383670964
1,Vehicle,G-A,7,0.466666666667,0.533333333333,1130,0.494452035031,0.365486725664
1,Vehicle,G-A,8,0.533333333333,0.6,465,0.563762625058,0.402150537634
1,Vehicle,G-A,9,0.6,0.666666666667,258,0.629052328047,0.434108527132
1,Vehicle,G-A,10,0.666666666667,0.733333333333,164,0.698716679724,0.481707317073
1,Vehicle,G-A,11,0.733333333333,0.8,90,0.764594378736,0.633333333333
1,Vehicle,G-A,12,0.8,0.866666666667,44,0.832792380994,0.636363636364
1,Vehicle,G-A,13,0.866666666667,0.933333333333,27,0.897007374852,0.740740740741
1,Vehicle,G-A,14,0.933333333333,1,4,0.951929792762,1
1,Pedestrian,G-A,0,0,0.0666666666667,0,,
1,Pedestrian,G-A,1,0.0666666666667,0.133333333333,0,,
1,Pedestrian,G-A,2,0.133333333333,0.2,0,,
1,Pedestrian,G-A,3,0.2,0.266666666667,1966,0.253803670293,0.252797558494
1,Pedestrian,G-A,4,0.266666666667,0.333333333333,12242,0.300919110287,0.389560529325
1,Pedestrian,G-A,5,0.333333333333,0.4,5394,0.355999133511,0.420096403411
1,Pedestrian,G-A,6,0.4,0.466666666667,481,0.42319543607,0.382536382536
1,Pedestrian,G-A,7,0.466666666667,0.533333333333,87,0.491461611685,0.310344827586
1,Pedestrian,G-A,8,0.533333333333,0.6,39,0.561664518638,0.307692307692
1,Pedestrian,G-A,9,0.6,0.666666666667,26,0.624101437055,0.192307692308
1,Pedestrian,G-A,10,0.666666666667,0.733333333333,5,0.7020616889,0.2
1,Pedestrian,G-A,11,0.733333333333,0.8,1,0.740638852119,0
1,Pedestrian,G-A,12,0.8,0.866666666667,3,0.837689558665,1
1,Pedestrian,G-A,13,0.866666666667,0.933333333333,4,0.905580535531,0.75
1,Pedestrian,G-A,14,0.933333333333,1,2,0.949328452349,0
1,Bicycle,G-A,0,0,0.0666666666667,0,,
1,Bicycle,G-A,1,0.0666666666667,0.133333333333,0,,
1,Bicycle,G-A,2,0.133333333333,0.2,0,,
1,Bicycle,G-A,3,0.2,0.266666666667,56,0.253936059773,0.142857142857
1,Bicycle,G-A,4,0.266666666667,0.333333333333,339,0.305704434625,0.628318584071
1,Bicycle,G-A,5,0.333333333333,0.4,466,0.354751149089,0.570815450644
1,Bicycle,G-A,6,0.4,0.466666666667,6,0.417269135515,0.333333333333
1,Bicycle,G-A,7,0.466666666667,0.533333333333,0,,
1,Bicycle,G-A,8,0.533333333333,0.6,0,,
1,Bicycle,G-A,9,0.6,0.666666666667,0,,
1,Bicycle,G-A,10,0.666666666667,0.733333333333,0,,
1,Bicycle,G-A,11,0.733333333333,0.8,0,,
1,Bicycle,G-A,12,0.8,0.866666666667,0,,
1,Bicycle,G-A,13,0.866666666667,0.933333333333,0,,
1,Bicycle,G-A,14,0.933333333333,1,0,,
1,MovingVehicle,G-A,0,0,0.0666666666667,0,,
1,MovingVehicle,G-A,1,0.0666666666667,0.133333333333,0,,
1,MovingVehicle,G-A,2,0.133333333333,0.2,36,0.193401772943,0.194444444444
1,MovingVehicle,G-A,3,0.2,0.266666666667,1559,0.242965650107,0.224502886466
1,MovingVehicle,G-A,4,0.266666666667,0.333333333333,3961,0.301225279451,0.24665488513
1,MovingVehicle,G-A,5,0.333333333333,0.4,3789,0.36406991909,0.273423066772
1,MovingVehicle,G-A,6,0.4,0.466666666667,1808,0.429297104395,0.302544247788
1,MovingVehicle,G-A,7,0.466666666667,0.533333333333,821,0.495082208068,0.316686967113
1,MovingVehicle,G-A,8,0.533333333333,0.6,368,0.563778039068,0.358695652174
1,MovingVehicle,G-A,9,0.6,0.666666666667,202,0.627179049619,0.341584158416
1,MovingVehicle,G-A,10,0.666666666667,0.733333333333,124,0.698287388009,0.411290322581
1,MovingVehicle,G-A,11,0.733333333333,0.8,71,0.763192385015,0.591549295775
1,MovingVehicle,G-A,12,0.8,0.866666666667,33,0.834335410234,0.575757575758
1,MovingVehicle,G-A,13,0.866666666667,0.933333333333,19,0.892761578685,0.631578947368
1,MovingVehicle,G-A,14,0.933333333333,1,2,0.947793722153,1
2,Overall,G-A,0,0,0.0666666666667,0,,
2,Overall,G-A,1,0.0666666666667,0.133333333333,0,,
2,Overall,G-A,2,0.133333333333,0.2,453,0.192263407489,0.163355408389
2,Overall,G-A,3,0.2,0.266666666667,22122,0.24845401513,0.288807521924
2,Overall,G-A,4,0.266666666667,0.333333333333,54880,0.287886533389,0.446774781341
2,Overall,G-A,5,0.333333333333,0.4,4210,0.35813209028,0.305700712589
2,Overall,G-A,6,0.4,0.466666666667,1114,0.427067349238,0.335727109515
2,Overall,G-A,7,0.466666666667,0.533333333333,453,0.495205551517,0.419426048565
2,Overall,G-A,8,0.533333333333,0.6,219,0.562412528687,0.433789954338
2,Overall,G-A,9,0.6,0.666666666667,110,0.627397495508,0.354545454545
2,Overall,G-A,10,0.666666666667,0.733333333333,69,0.697854362536,0.405797101449
2,Overall,G-A,11,0.733333333333,0.8,37,0.761899453563,0.540540540541
2,Overall,G-A,12,0.8,0.866666666667,20,0.841266256571,0.45
2,Overall,G-A,13,0.866666666667,0.933333333333,17,0.893822859315,0.352941176471
2,Overall,G-A,14,0.933333333333,1,7,0.947847366333,0.428571428571
2,Vehicle,G-A,0,0,0.0666666666667,0,,
2,Vehicle,G-A,1,0.0666666666667,0.133333333333,0,,
2,Vehicle,G-A,2,0.133333333333,0.2,164,0.193332369644,0.128048780488
2,Vehicle,G-A,3,0.2,0.266666666667,9661,0.252570302143,0.297277714522
2,Vehicle,G-A,4,0.266666666667,0.333333333333,45501,0.288396766849,0.467550163733
2,Vehicle,G-A,5,0.333333333333,0.4,3233,0.359031624804,0.302196102691
2,Vehicle,G-A,6,0.4,0.466666666667,1028,0.427615874704,0.320038910506
2,Vehicle,G-A,7,0.466666666667,0.533333333333,413,0.495218320779,0.38014527845
2,Vehicle,G-A,8,0.533333333333,0.6,195,0.562551890887,0.384615384615
2,Vehicle,G-A,9,0.6,0.666666666667,107,0.626905463009,0.336448598131
2,Vehicle,G-A,10,0.666666666667,0.733333333333,68,0.697677991846,0.397058823529
2,Vehicle,G-A,11,0.733333333333,0.8,37,0.761899453563,0.540540540541
2,Vehicle,G-A,12,0.8,0.866666666667,20,0.841266256571,0.45
2,Vehicle,G-A,13,0.866666666667,0.933333333333,17,0.893822859315,0.352941176471
2,Vehicle,G-A,14,0.933333333333,1,7,0.947847366333,0.428571428571
2,Pedestrian,G-A,0,0,0.0666666666667,0,,
2,Pedestrian,G-A,1,0.0666666666667,0.133333333333,0,,
2,Pedestrian,G-A,2,0.133333333333,0.2,286,0.191629171111,0.185314685315
2,Pedestrian,G-A,3,0.2,0.266666666667,12142,0.246010437014,0.284220062593
2,Pedestrian,G-A,4,0.266666666667,0.333333333333,8563,0.285795817208,0.322200163494
2,Pedestrian,G-A,5,0.333333333333,0.4,963,0.355171981476,0.316718587747
2,Pedestrian,G-A,6,0.4,0.466666666667,86,0.420510556462,0.523255813953
2,Pedestrian,G-A,7,0.466666666667,0.533333333333,40,0.495073708892,0.825
2,Pedestrian,G-A,8,0.533333333333,0.6,24,0.561280210813,0.833333333333
2,Pedestrian,G-A,9,0.6,0.666666666667,3,0.644946654638,1
2,Pedestrian,G-A,10,0.666666666667,0.733333333333,1,0.709847569466,1
2,Pedestrian,G-A,11,0.733333333333,0.8,0,,
2,Pedestrian,G-A,12,0.8,0.866666666667,0,,
2,Pedestrian,G-A,13,0.866666666667,0.933333333333,0,,
2,Pedestrian,G-A,14,0.933333333333,1,0,,
2,Bicycle,G-A,0,0,0.0666666666667,0,,
2,Bicycle,G-A,1,0.0666666666667,0.133333333333,0,,
2,Bicycle,G-A,2,0.133333333333,0.2,3,0.194290677706,0
2,Bicycle,G-A,3,0.2,0.266666666667,319,0.216800336927,0.206896551724
2,Bicycle,G-A,4,0.266666666667,0.333333333333,816,0.281375099594,0.595588235294
2,Bicycle,G-A,5,0.333333333333,0.4,14,0.354017066104,0.357142857143
2,Bicycle,G-A,6,0.4,0.466666666667,0,,
2,Bicycle,G-A,7,0.466666666667,0.533333333333,0,,
2,Bicycle,G-A,8,0.533333333333,0.6,0,,
2,Bicycle,G-A,9,0.6,0.666666666667,0,,
2,Bicycle,G-A,10,0.666666666667,0.733333333333,0,,
2,Bicycle,G-A,11,0.733333333333,0.8,0,,
2,Bicycle,G-A,12,0.8,0.866666666667,0,,
2,Bicycle,G-A,13,0.866666666667,0.933333333333,0,,
2,Bicycle,G-A,14,0.933333333333,1,0,,
2,MovingVehicle,G-A,0,0,0.0666666666667,0,,
2,MovingVehicle,G-A,1,0.0666666666667,0.133333333333,0,,
2,MovingVehicle,G-A,2,0.133333333333,0.2,153,0.193263252381,0.137254901961
2,MovingVehicle,G-A,3,0.2,0.266666666667,3532,0.241761606001,0.217440543601
2,MovingVehicle,G-A,4,0.266666666667,0.333333333333,6126,0.2967123416,0.253672869736
2,MovingVehicle,G-A,5,0.333333333333,0.4,2668,0.360005056639,0.284857571214
2,MovingVehicle,G-A,6,0.4,0.466666666667,946,0.427597584136,0.320295983087
2,MovingVehicle,G-A,7,0.466666666667,0.533333333333,376,0.495488517224,0.396276595745
2,MovingVehicle,G-A,8,0.533333333333,0.6,178,0.562174634317,0.410112359551
2,MovingVehicle,G-A,9,0.6,0.666666666667,95,0.626263380678,0.347368421053
2,MovingVehicle,G-A,10,0.666666666667,0.733333333333,62,0.69807020695,0.403225806452
2,MovingVehicle,G-A,11,0.733333333333,0.8,33,0.760869055083,0.606060606061
2,MovingVehicle,G-A,12,0.8,0.866666666667,19,0.843158373707,0.473684210526
2,MovingVehicle,G-A,13,0.866666666667,0.933333333333,16,0.895515911281,0.375
2,MovingVehicle,G-A,14,0.933333333333,1,7,0.947847366333,0.428571428571
3,Overall,G-A,0,0,0.0666666666667,0,,
3,Overall,G-A,1,0.0666666666667,0.133333333333,0,,
3,Overall,G-A,2,0.133333333333,0.2,202,0.193677281979,0.20297029703
3,Overall,G-A,3,0.2,0.266666666667,45231,0.238853459803,0.500718533749
3,Overall,G-A,4,0.266666666667,0.333333333333,39208,0.293184891064,0.380381554785
3,Overall,G-A,5,0.333333333333,0.4,6214,0.354634712071,0.411812037335
3,Overall,G-A,6,0.4,0.466666666667,1186,0.428174866668,0.402192242833
3,Overall,G-A,7,0.466666666667,0.533333333333,528,0.497631887369,0.433712121212
3,Overall,G-A,8,0.533333333333,0.6,391,0.564237656953,0.544757033248
3,Overall,G-A,9,0.6,0.666666666667,325,0.631123910134,0.618461538462
3,Overall,G-A,10,0.666666666667,0.733333333333,226,0.70025885448,0.628318584071
3,Overall,G-A,11,0.733333333333,0.8,143,0.761606634497,0.699300699301
3,Overall,G-A,12,0.8,0.866666666667,90,0.827407958772,0.722222222222
3,Overall,G-A,13,0.866666666667,0.933333333333,20,0.892311173677,0.75
3,Overall,G-A,14,0.933333333333,1,3,0.944756011168,0.666666666667
3,Vehicle,G-A,0,0,0.0666666666667,0,,
3,Vehicle,G-A,1,0.0666666666667,0.133333333333,0,,
3,Vehicle,G-A,2,0.133333333333,0.2,199,0.193622918584,0.201005025126
3,Vehicle,G-A,3,0.2,0.266666666667,39807,0.238596573643,0.513979953275
3,Vehicle,G-A,4,0.266666666667,0.333333333333,23178,0.287433268126,0.364267840193
3,Vehicle,G-A,5,0.333333333333,0.4,3066,0.360617262296,0.353228962818
3,Vehicle,G-A,6,0.4,0.466666666667,1140,0.428349438519,0.39649122807
3,Vehicle,G-A,7,0.466666666667,0.533333333333,513,0.497480413312,0.428849902534
3,Vehicle,G-A,8,0.533333333333,0.6,374,0.564039680569,0.548128342246
3,Vehicle,G-A,9,0.6,0.666666666667,305,0.630865845524,0.603278688525
3,Vehicle,G-A,10,0.666666666667,0.733333333333,204,0.700156135594,0.622549019608
3,Vehicle,G-A,11,0.733333333333,0.8,130,0.761338041379,0.7
3,Vehicle,G-A,12,0.8,0.866666666667,81,0.828198119446,0.691358024691
3,Vehicle,G-A,13,0.866666666667,0.933333333333,19,0.891118614297,0.789473684211
3,Vehicle,G-A,14,0.933333333333,1,3,0.944756011168,0.666666666667
3,Pedestrian,G-A,0,0,0.0666666666667,0,,
3,Pedestrian,G-A,1,0.0666666666667,0.133333333333,0,,
3,Pedestrian,G-A,2,0.133333333333,0.2,1,0.198936805129,0
3,Pedestrian,G-A,3,0.2,0.266666666667,4742,0.241707075015,0.38781105019
3,Pedestrian,G-A,4,0.266666666667,0.333333333333,15766,0.301819960735,0.404224280096
3,Pedestrian,G-A,5,0.333333333333,0.4,3135,0.348850432651,0.469537480064
3,Pedestrian,G-A,6,0.4,0.466666666667,46,0.423848520802,0.54347826087
3,Pedestrian,G-A,7,0.466666666667,0.533333333333,15,0.502812300126,0.6
3,Pedestrian,G-A,8,0.533333333333,0.6,17,0.568593137404,0.470588235294
3,Pedestrian,G-A,9,0.6,0.666666666667,20,0.635059395432,0.85
3,Pedestrian,G-A,10,0.666666666667,0.733333333333,22,0.701211338693,0.681818181818
3,Pedestrian,G-A,11,0.733333333333,0.8,13,0.764292565676,0.692307692308
3,Pedestrian,G-A,12,0.8,0.866666666667,9,0.82029651271,1
3,Pedestrian,G-A,13,0.866666666667,0.933333333333,1,0.914969801903,0
3,Pedestrian,G-A,14,0.933333333333,1,0,,
3,Bicycle,G-A,0,0,0.0666666666667,0,,
3,Bicycle,G-A,1,0.0666666666667,0.133333333333,0,,
3,Bicycle,G-A,2,0.133333333333,0.2,2,0.196456678212,0.5
3,Bicycle,G-A,3,0.2,0.266666666667,682,0.234005987688,0.511730205279
3,Bicycle,G-A,4,0.266666666667,0.333333333333,264,0.28246749723,0.371212121212
3,Bicycle,G-A,5,0.333333333333,0.4,13,0.338574480552,0.307692307692
3,Bicycle,G-A,6,0.4,0.466666666667,0,,
3,Bicycle,G-A,7,0.466666666667,0.533333333333,0,,
3,Bicycle,G-A,8,0.533333333333,0.6,0,,
3,Bicycle,G-A,9,0.6,0.666666666667,0,,
3,Bicycle,G-A,10,0.666666666667,0.733333333333,0,,
3,Bicycle,G-A,11,0.733333333333,0.8,0,,
3,Bicycle,G-A,12,0.8,0.866666666667,0,,
3,Bicycle,G-A,13,0.866666666667,0.933333333333,0,,
3,Bicycle,G-A,14,0.933333333333,1,0,,
3,MovingVehicle,G-A,0,0,0.0666666666667,0,,
3,MovingVehicle,G-A,1,0.0666666666667,0.133333333333,0,,
3,MovingVehicle,G-A,2,0.133333333333,0.2,185,0.193555044806,0.205405405405
3,MovingVehicle,G-A,3,0.2,0.266666666667,5061,0.239363795871,0.228018178226
3,MovingVehicle,G-A,4,0.266666666667,0.333333333333,4946,0.294752727961,0.245653052972
3,MovingVehicle,G-A,5,0.333333333333,0.4,2040,0.362854109456,0.292647058824
3,MovingVehicle,G-A,6,0.4,0.466666666667,986,0.428815895839,0.382352941176
3,MovingVehicle,G-A,7,0.466666666667,0.533333333333,473,0.497696232027,0.420718816068
3,MovingVehicle,G-A,8,0.533333333333,0.6,348,0.564072554481,0.534482758621
3,MovingVehicle,G-A,9,0.6,0.666666666667,285,0.630502175867,0.610526315789
3,MovingVehicle,G-A,10,0.666666666667,0.733333333333,184,0.700148270182,0.625
3,MovingVehicle,G-A,11,0.733333333333,0.8,120,0.762206755082,0.7
3,MovingVehicle,G-A,12,0.8,0.866666666667,77,0.828632333836,0.675324675325
3,MovingVehicle,G-A,13,0.866666666667,0.933333333333,16,0.891822915524,0.75
3,MovingVehicle,G-A,14,0.933333333333,1,3,0.944756011168,0.666666666667
0,Overall,G-C,0,0,0.0666666666667,0,,
0,Overall,G-C,1,0.0666666666667,0.133333333333,0,,
0,Overall,G-C,2,0.133333333333,0.2,5,0.195157077909,0.2
0,Overall,G-C,3,0.2,0.266666666667,1065,0.229952313978,0.400938967136
0,Overall,G-C,4,0.266666666667,0.333333333333,1431,0.287517317623,0.559049615653
0,Overall,G-C,5,0.333333333333,0.4,553,0.356313909318,0.524412296564
0,Overall,G-C,6,0.4,0.466666666667,191,0.436628700239,0.267015706806
0,Overall,G-C,7,0.466666666667,0.533333333333,2756,0.514148620318,0.331277213353
0,Overall,G-C,8,0.533333333333,0.6,5224,0.566833204163,0.321592649311
0,Overall,G-C,9,0.6,0.666666666667,5377,0.634171463664,0.336246977869
0,Overall,G-C,10,0.666666666667,0.733333333333,5967,0.700636698759,0.338528573823
0,Overall,G-C,11,0.733333333333,0.8,6621,0.767709880235,0.338317474702
0,Overall,G-C,12,0.8,0.866666666667,8585,0.83492542599,0.3552708212
0,Overall,G-C,13,0.866666666667,0.933333333333,13027,0.903241471958,0.361096184847
0,Overall,G-C,14,0.933333333333,1,209349,0.994911328135,0.498607588286
0,Vehicle,G-C,0,0,0.0666666666667,0,,
0,Vehicle,G-C,1,0.0666666666667,0.133333333333,0,,
0,Vehicle,G-C,2,0.133333333333,0.2,0,,
0,Vehicle,G-C,3,0.2,0.266666666667,2,0.242483004928,0
0,Vehicle,G-C,4,0.266666666667,0.333333333333,6,0.290182451407,0.333333333333
0,Vehicle,G-C,5,0.333333333333,0.4,47,0.374914126827,0.255319148936
0,Vehicle,G-C,6,0.4,0.466666666667,168,0.437114828577,0.267857142857
0,Vehicle,G-C,7,0.466666666667,0.533333333333,2136,0.513702095783,0.326779026217
0,Vehicle,G-C,8,0.533333333333,0.6,4038,0.567032720604,0.316493313522
0,Vehicle,G-C,9,0.6,0.666666666667,4019,0.634043330902,0.330928091565
0,Vehicle,G-C,10,0.666666666667,0.733333333333,4491,0.700523295373,0.337118681808
0,Vehicle,G-C,11,0.733333333333,0.8,4930,0.767654991839,0.342393509128
0,Vehicle,G-C,12,0.8,0.866666666667,6258,0.834561457265,0.346756152125
0,Vehicle,G-C,13,0.866666666667,0.933333333333,9354,0.903326551693,0.356425058798
0,Vehicle,G-C,14,0.933333333333,1,155577,0.995163776894,0.539404924892
0,Pedestrian,G-C,0,0,0.0666666666667,0,,
0,Pedestrian,G-C,1,0.0666666666667,0.133333333333,0,,
0,Pedestrian,G-C,2,0.133333333333,0.2,0,,
0,Pedestrian,G-C,3,0.2,0.266666666667,6,0.240406324466,0.666666666667
0,Pedestrian,G-C,4,0.266666666667,0.333333333333,6,0.314813822508,0.166666666667
0,Pedestrian,G-C,5,0.333333333333,0.4,13,0.365298864933,0.230769230769
0,Pedestrian,G-C,6,0.4,0.466666666667,17,0.43865739598,0.235294117647
0,Pedestrian,G-C,7,0.466666666667,0.533333333333,620,0.515686969363,0.346774193548
0,Pedestrian,G-C,8,0.533333333333,0.6,1186,0.566153906198,0.338954468803
0,Pedestrian,G-C,9,0.6,0.666666666667,1358,0.63455067248,0.351988217968
0,Pedestrian,G-C,10,0.666666666667,0.733333333333,1476,0.700981749307,0.342818428184
0,Pedestrian,G-C,11,0.733333333333,0.8,1691,0.767869903765,0.326434062685
0,Pedestrian,G-C,12,0.8,0.866666666667,2327,0.835904246909,0.378169316717
0,Pedestrian,G-C,13,0.866666666667,0.933333333333,3673,0.903024800071,0.372992104547
0,Pedestrian,G-C,14,0.933333333333,1,53772,0.994180925313,0.380569813286
0,Bicycle,G-C,0,0,0.0666666666667,0,,
0,Bicycle,G-C,1,0.0666666666667,0.133333333333,0,,
0,Bicycle,G-C,2,0.133333333333,0.2,5,0.195157077909,0.2
0,Bicycle,G-C,3,0.2,0.266666666667,1057,0.22986926247,0.400189214759
0,Bicycle,G-C,4,0.266666666667,0.333333333333,1419,0.287390629934,0.561663143058
0,Bicycle,G-C,5,0.333333333333,0.4,493,0.354303737622,0.557809330629
0,Bicycle,G-C,6,0.4,0.466666666667,6,0.417269135515,0.333333333333
0,Bicycle,G-C,7,0.466666666667,0.533333333333,0,,
0,Bicycle,G-C,8,0.533333333333,0.6,0,,
0,Bicycle,G-C,9,0.6,0.666666666667,0,,
0,Bicycle,G-C,10,0.666666666667,0.733333333333,0,,
0,Bicycle,G-C,11,0.733333333333,0.8,0,,
0,Bicycle,G-C,12,0.8,0.866666666667,0,,
0,Bicycle,G-C,13,0.866666666667,0.933333333333,0,,
0,Bicycle,G-C,14,0.933333333333,1,0,,
0,MovingVehicle,G-C,0,0,0.0666666666667,0,,
0,MovingVehicle,G-C,1,0.0666666666667,0.133333333333,0,,
0,MovingVehicle,G-C,2,0.133333333333,0.2,0,,
0,MovingVehicle,G-C,3,0.2,0.266666666667,2,0.242483004928,0
0,MovingVehicle,G-C,4,0.266666666667,0.333333333333,4,0.291715249419,0.5
0,MovingVehicle,G-C,5,0.333333333333,0.4,8,0.367785573006,0.125
0,MovingVehicle,G-C,6,0.4,0.466666666667,31,0.43816393037,0.0967741935484
0,MovingVehicle,G-C,7,0.466666666667,0.533333333333,480,0.515057250733,0.222916666667
0,MovingVehicle,G-C,8,0.533333333333,0.6,966,0.566156563922,0.193581780538
0,MovingVehicle,G-C,9,0.6,0.666666666667,945,0.635437662135,0.186243386243
0,MovingVehicle,G-C,10,0.666666666667,0.733333333333,1095,0.700497640431,0.200913242009
0,MovingVehicle,G-C,11,0.733333333333,0.8,1238,0.767879707122,0.201938610662
0,MovingVehicle,G-C,12,0.8,0.866666666667,1666,0.834526372879,0.233493397359
0,MovingVehicle,G-C,13,0.866666666667,0.933333333333,2539,0.903484232691,0.213076014179
0,MovingVehicle,G-C,14,0.933333333333,1,32754,0.993797365236,0.240947670514
1,Overall,G-C,0,0,0.0666666666667,0,,
1,Overall,G-C,1,0.0666666666667,0.133333333333,0,,
1,Overall,G-C,2,0.133333333333,0.2,0,,
1,Overall,G-C,3,0.2,0.266666666667,56,0.253936059773,0.142857142857
1,Overall,G-C,4,0.266666666667,0.333333333333,339,0.305704434625,0.628318584071
1,Overall,G-C,5,0.333333333333,0.4,472,0.355142945392,0.574152542373
1,Overall,G-C,6,0.4,0.466666666667,24,0.434101464848,0.25
1,Overall,G-C,7,0.466666666667,0.533333333333,449,0.516024584096,0.376391982183
1,Overall,G-C,8,0.533333333333,0.6,947,0.56635712501,0.340021119324
1,Overall,G-C,9,0.6,0.666666666667,1078,0.635078411211,0.371985157699
1,Overall,G-C,10,0.666666666667,0.733333333333,1224,0.701284996824,0.350490196078
1,Overall,G-C,11,0.733333333333,0.8,1331,0.768174638478,0.349361382419
1,Overall,G-C,12,0.8,0.866666666667,1813,0.835997852777,0.400441257584
1,Overall,G-C,13,0.866666666667,0.933333333333,3022,0.903369517337,0.394771674388
1,Overall,G-C,14,0.933333333333,1,71918,0.996245843046,0.534052671098
1,Vehicle,G-C,0,0,0.0666666666667,0,,
1,Vehicle,G-C,1,0.0666666666667,0.133333333333,0,,
1,Vehicle,G-C,2,0.133333333333,0.2,0,,
1,Vehicle,G-C,3,0.2,0.266666666667,0,,
1,Vehicle,G-C,4,0.266666666667,0.333333333333,0,,
1,Vehicle,G-C,5,0.333333333333,0.4,4,0.384806863964,1
1,Vehicle,G-C,6,0.4,0.466666666667,16,0.437856886536,0.25
1,Vehicle,G-C,7,0.466666666667,0.533333333333,196,0.516742721352,0.433673469388
1,Vehicle,G-C,8,0.533333333333,0.6,414,0.566832177737,0.340579710145
1,Vehicle,G-C,9,0.6,0.666666666667,443,0.634342153643,0.372460496614
1,Vehicle,G-C,10,0.666666666667,0.733333333333,559,0.700709497779,0.364937388193
1,Vehicle,G-C,11,0.733333333333,0.8,630,0.769015699436,0.369841269841
1,Vehicle,G-C,12,0.8,0.866666666667,822,0.835300369347,0.412408759124
1,Vehicle,G-C,13,0.866666666667,0.933333333333,1517,0.903847363016,0.394858272907
1,Vehicle,G-C,14,0.933333333333,1,56955,0.997432809236,0.565183039242
1,Pedestrian,G-C,0,0,0.0666666666667,0,,
1,Pedestrian,G-C,1,0.0666666666667,0.133333333333,0,,
1,Pedestrian,G-C,2,0.133333333333,0.2,0,,
1,Pedestrian,G-C,3,0.2,0.266666666667,0,,
1,Pedestrian,G-C,4,0.266666666667,0.333333333333,0,,
1,Pedestrian,G-C,5,0.333333333333,0.4,2,0.387103646994,0.5
1,Pedestrian,G-C,6,0.4,0.466666666667,2,0.454555079341,0
1,Pedestrian,G-C,7,0.466666666667,0.533333333333,253,0.515468240609,0.332015810277
1,Pedestrian,G-C,8,0.533333333333,0.6,533,0.565988134712,0.339587242026
1,Pedestrian,G-C,9,0.6,0.666666666667,635,0.635592052317,0.371653543307
1,Pedestrian,G-C,10,0.666666666667,0.733333333333,665,0.701768762187,0.338345864662
1,Pedestrian,G-C,11,0.733333333333,0.8,701,0.767418763437,0.330955777461
1,Pedestrian,G-C,12,0.8,0.866666666667,991,0.836576391,0.390514631685
1,Pedestrian,G-C,13,0.866666666667,0.933333333333,1505,0.902887861594,0.394684385382
1,Pedestrian,G-C,14,0.933333333333,1,14963,0.991727787886,0.415558377331
1,Bicycle,G-C,0,0,0.0666666666667,0,,
1,Bicycle,G-C,1,0.0666666666667,0.133333333333,0,,
1,Bicycle,G-C,2,0.133333333333,0.2,0,,
1,Bicycle,G-C,3,0.2,0.266666666667,56,0.253936059773,0.142857142857
1,Bicycle,G-C,4,0.266666666667,0.333333333333,339,0.305704434625,0.628318584071
1,Bicycle,G-C,5,0.333333333333,0.4,466,0.354751149089,0.570815450644
1,Bicycle,G-C,6,0.4,0.466666666667,6,0.417269135515,0.333333333333
1,Bicycle,G-C,7,0.466666666667,0.533333333333,0,,
1,Bicycle,G-C,8,0.533333333333,0.6,0,,
1,Bicycle,G-C,9,0.6,0.666666666667,0,,
1,Bicycle,G-C,10,0.666666666667,0.733333333333,0,,
1,Bicycle,G-C,11,0.733333333333,0.8,0,,
1,Bicycle,G-C,12,0.8,0.866666666667,0,,
1,Bicycle,G-C,13,0.866666666667,0.933333333333,0,,
1,Bicycle,G-C,14,0.933333333333,1,0,,
1,MovingVehicle,G-C,0,0,0.0666666666667,0,,
1,MovingVehicle,G-C,1,0.0666666666667,0.133333333333,0,,
1,MovingVehicle,G-C,2,0.133333333333,0.2,0,,
1,MovingVehicle,G-C,3,0.2,0.266666666667,0,,
1,MovingVehicle,G-C,4,0.266666666667,0.333333333333,0,,
1,MovingVehicle,G-C,5,0.333333333333,0.4,0,,
1,MovingVehicle,G-C,6,0.4,0.466666666667,13,0.437491547603,0.153846153846
1,MovingVehicle,G-C,7,0.466666666667,0.533333333333,72,0.516526148551,0.333333333333
1,MovingVehicle,G-C,8,0.533333333333,0.6,143,0.567692098084,0.188811188811
1,MovingVehicle,G-C,9,0.6,0.666666666667,145,0.633686577041,0.262068965517
1,MovingVehicle,G-C,10,0.666666666667,0.733333333333,204,0.701086193907,0.205882352941
1,MovingVehicle,G-C,11,0.733333333333,0.8,228,0.769153063757,0.241228070175
1,MovingVehicle,G-C,12,0.8,0.866666666667,312,0.833872394875,0.294871794872
1,MovingVehicle,G-C,13,0.866666666667,0.933333333333,473,0.904036433324,0.260042283298
1,MovingVehicle,G-C,14,0.933333333333,1,11203,0.996304456378,0.263947157012
2,Overall,G-C,0,0,0.0666666666667,0,,
2,Overall,G-C,1,0.0666666666667,0.133333333333,0,,
2,Overall,G-C,2,0.133333333333,0.2,3,0.194290677706,0
2,Overall,G-C,3,0.2,0.266666666667,319,0.216800336927,0.206896551724
2,Overall,G-C,4,0.266666666667,0.333333333333,816,0.281375099594,0.595588235294
2,Overall,G-C,5,0.333333333333,0.4,17,0.353698506075,0.352941176471
2,Overall,G-C,6,0.4,0.466666666667,14,0.443368658423,0.285714285714
2,Overall,G-C,7,0.466666666667,0.533333333333,662,0.515965264279,0.348942598187
2,Overall,G-C,8,0.533333333333,0.6,1348,0.567050562635,0.312314540059
2,Overall,G-C,9,0.6,0.666666666667,1400,0.633943899955,0.331428571429
2,Overall,G-C,10,0.666666666667,0.733333333333,1553,0.70090545878,0.335479716677
2,Overall,G-C,11,0.733333333333,0.8,1798,0.767541447458,0.319243604004
2,Overall,G-C,12,0.8,0.866666666667,2312,0.83478992685,0.33607266436
2,Overall,G-C,13,0.866666666667,0.933333333333,3597,0.903068114311,0.321656936336
2,Overall,G-C,14,0.933333333333,1,69872,0.99575803799,0.43993302038
2,Vehicle,G-C,0,0,0.0666666666667,0,,
2,Vehicle,G-C,1,0.0666666666667,0.133333333333,0,,
2,Vehicle,G-C,2,0.133333333333,0.2,0,,
2,Vehicle,G-C,3,0.2,0.266666666667,0,,
2,Vehicle,G-C,4,0.266666666667,0.333333333333,0,,
2,Vehicle,G-C,5,0.333333333333,0.4,2,0.35960508883,0.5
2,Vehicle,G-C,6,0.4,0.466666666667,14,0.443368658423,0.285714285714
2,Vehicle,G-C,7,0.466666666667,0.533333333333,381,0.515348176553,0.338582677165
2,Vehicle,G-C,8,0.533333333333,0.6,842,0.567466449072,0.304038004751
2,Vehicle,G-C,9,0.6,0.666666666667,866,0.634273297655,0.349884526559
2,Vehicle,G-C,10,0.666666666667,0.733333333333,974,0.700923404348,0.340862422998
2,Vehicle,G-C,11,0.733333333333,0.8,1101,0.767335165911,0.343324250681
2,Vehicle,G-C,12,0.8,0.866666666667,1468,0.834309013972,0.358991825613
2,Vehicle,G-C,13,0.866666666667,0.933333333333,2248,0.90305675895,0.34475088968
2,Vehicle,G-C,14,0.933333333333,1,52555,0.996580572788,0.480372942632
2,Pedestrian,G-C,0,0,0.0666666666667,0,,
2,Pedestrian,G-C,1,0.0666666666667,0.133333333333,0,,
2,Pedestrian,G-C,2,0.133333333333,0.2,0,,
2,Pedestrian,G-C,3,0.2,0.266666666667,0,,
2,Pedestrian,G-C,4,0.266666666667,0.333333333333,0,,
2,Pedestrian,G-C,5,0.333333333333,0.4,1,0.337425500154,0
2,Pedestrian,G-C,6,0.4,0.466666666667,0,,
2,Pedestrian,G-C,7,0.466666666667,0.533333333333,281,0.516801956179,0.362989323843
2,Pedestrian,G-C,8,0.533333333333,0.6,506,0.566358514454,0.326086956522
2,Pedestrian,G-C,9,0.6,0.666666666667,534,0.63340970818,0.301498127341
2,Pedestrian,G-C,10,0.666666666667,0.733333333333,579,0.700875270552,0.326424870466
2,Pedestrian,G-C,11,0.733333333333,0.8,697,0.767867295352,0.281205164993
2,Pedestrian,G-C,12,0.8,0.866666666667,844,0.83562639617,0.296208530806
2,Pedestrian,G-C,13,0.866666666667,0.933333333333,1349,0.903087037108,0.283172720534
2,Pedestrian,G-C,14,0.933333333333,1,17317,0.99326174439,0.317202748744
2,Bicycle,G-C,0,0,0.0666666666667,0,,
2,Bicycle,G-C,1,0.0666666666667,0.133333333333,0,,
2,Bicycle,G-C,2,0.133333333333,0.2,3,0.194290677706,0
2,Bicycle,G-C,3,0.2,0.266666666667,319,0.216800336927,0.206896551724
2,Bicycle,G-C,4,0.266666666667,0.333333333333,816,0.281375099594,0.595588235294
2,Bicycle,G-C,5,0.333333333333,0.4,14,0.354017066104,0.357142857143
2,Bicycle,G-C,6,0.4,0.466666666667,0,,
2,Bicycle,G-C,7,0.466666666667,0.533333333333,0,,
2,Bicycle,G-C,8,0.533333333333,0.6,0,,
2,Bicycle,G-C,9,0.6,0.666666666667,0,,
2,Bicycle,G-C,10,0.666666666667,0.733333333333,0,,
2,Bicycle,G-C,11,0.733333333333,0.8,0,,
2,Bicycle,G-C,12,0.8,0.866666666667,0,,
2,Bicycle,G-C,13,0.866666666667,0.933333333333,0,,
2,Bicycle,G-C,14,0.933333333333,1,0,,
2,MovingVehicle,G-C,0,0,0.0666666666667,0,,
2,MovingVehicle,G-C,1,0.0666666666667,0.133333333333,0,,
2,MovingVehicle,G-C,2,0.133333333333,0.2,0,,
2,MovingVehicle,G-C,3,0.2,0.266666666667,0,,
2,MovingVehicle,G-C,4,0.266666666667,0.333333333333,0,,
2,MovingVehicle,G-C,5,0.333333333333,0.4,1,0.346053391695,0
2,MovingVehicle,G-C,6,0.4,0.466666666667,5,0.440000271797,0
2,MovingVehicle,G-C,7,0.466666666667,0.533333333333,111,0.515770758594,0.279279279279
2,MovingVehicle,G-C,8,0.533333333333,0.6,251,0.56551484544,0.223107569721
2,MovingVehicle,G-C,9,0.6,0.666666666667,262,0.63566248517,0.232824427481
2,MovingVehicle,G-C,10,0.666666666667,0.733333333333,302,0.700968851712,0.248344370861
2,MovingVehicle,G-C,11,0.733333333333,0.8,354,0.768220371782,0.237288135593
2,MovingVehicle,G-C,12,0.8,0.866666666667,474,0.83426531923,0.255274261603
2,MovingVehicle,G-C,13,0.866666666667,0.933333333333,719,0.90218938798,0.229485396384
2,MovingVehicle,G-C,14,0.933333333333,1,11732,0.995071958127,0.24795431299
3,Overall,G-C,0,0,0.0666666666667,0,,
3,Overall,G-C,1,0.0666666666667,0.133333333333,0,,
3,Overall,G-C,2,0.133333333333,0.2,2,0.196456678212,0.5
3,Overall,G-C,3,0.2,0.266666666667,690,0.234086213855,0.511594202899
3,Overall,G-C,4,0.266666666667,0.333333333333,276,0.28333839461,0.365942028986
3,Overall,G-C,5,0.333333333333,0.4,64,0.365644484758,0.203125
3,Overall,G-C,6,0.4,0.466666666667,153,0.43640840112,0.267973856209
3,Overall,G-C,7,0.466666666667,0.533333333333,1645,0.512905504185,0.311854103343
3,Overall,G-C,8,0.533333333333,0.6,2929,0.566887095504,0.319904404234
3,Overall,G-C,9,0.6,0.666666666667,2899,0.633944109314,0.32528458089
3,Overall,G-C,10,0.666666666667,0.733333333333,3190,0.700257105924,0.335423197492
3,Overall,G-C,11,0.733333333333,0.8,3492,0.767619458961,0.343928980527
3,Overall,G-C,12,0.8,0.866666666667,4460,0.834559722906,0.346860986547
3,Overall,G-C,13,0.866666666667,0.933333333333,6408,0.903278396789,0.367353308365
3,Overall,G-C,14,0.933333333333,1,67559,0.992615010038,0.521558933673
3,Vehicle,G-C,0,0,0.0666666666667,0,,
3,Vehicle,G-C,1,0.0666666666667,0.133333333333,0,,
3,Vehicle,G-C,2,0.133333333333,0.2,0,,
3,Vehicle,G-C,3,0.2,0.266666666667,2,0.242483004928,0
3,Vehicle,G-C,4,0.266666666667,0.333333333333,6,0.290182451407,0.333333333333
3,Vehicle,G-C,5,0.333333333333,0.4,41,0.374695764082,0.170731707317
3,Vehicle,G-C,6,0.4,0.466666666667,138,0.436394346365,0.268115942029
3,Vehicle,G-C,7,0.466666666667,0.533333333333,1559,0.512917541976,0.310455420141
3,Vehicle,G-C,8,0.533333333333,0.6,2782,0.566931291911,0.316678648454
3,Vehicle,G-C,9,0.6,0.666666666667,2710,0.633920995226,0.318081180812
3,Vehicle,G-C,10,0.666666666667,0.733333333333,2958,0.700356360522,0.330628803245
3,Vehicle,G-C,11,0.733333333333,0.8,3199,0.767497093296,0.336667708659
3,Vehicle,G-C,12,0.8,0.866666666667,3968,0.834501780104,0.328629032258
3,Vehicle,G-C,13,0.866666666667,0.933333333333,5589,0.903293705622,0.350688853104
3,Vehicle,G-C,14,0.933333333333,1,46067,0.990742120498,0.574880065991
3,Pedestrian,G-C,0,0,0.0666666666667,0,,
3,Pedestrian,G-C,1,0.0666666666667,0.133333333333,0,,
3,Pedestrian,G-C,2,0.133333333333,0.2,0,,
3,Pedestrian,G-C,3,0.2,0.266666666667,6,0.240406324466,0.666666666667
3,Pedestrian,G-C,4,0.266666666667,0.333333333333,6,0.314813822508,0.166666666667
3,Pedestrian,G-C,5,0.333333333333,0.4,10,0.363725244999,0.2
3,Pedestrian,G-C,6,0.4,0.466666666667,15,0.436537704865,0.266666666667
3,Pedestrian,G-C,7,0.466666666667,0.533333333333,86,0.51268728424,0.337209302326
3,Pedestrian,G-C,8,0.533333333333,0.6,147,0.56605067099,0.380952380952
3,Pedestrian,G-C,9,0.6,0.666666666667,189,0.634275533535,0.428571428571
3,Pedestrian,G-C,10,0.666666666667,0.733333333333,232,0.698991609802,0.396551724138
3,Pedestrian,G-C,11,0.733333333333,0.8,293,0.768955458146,0.423208191126
3,Pedestrian,G-C,12,0.8,0.866666666667,492,0.835027033963,0.493902439024
3,Pedestrian,G-C,13,0.866666666667,0.933333333333,819,0.903173926622,0.481074481074
3,Pedestrian,G-C,14,0.933333333333,1,21492,0.996629452735,0.407267820584
3,Bicycle,G-C,0,0,0.0666666666667,0,,
3,Bicycle,G-C,1,0.0666666666667,0.133333333333,0,,
3,Bicycle,G-C,2,0.133333333333,0.2,2,0.196456678212,0.5
3,Bicycle,G-C,3,0.2,0.266666666667,682,0.234005987688,0.511730205279
3,Bicycle,G-C,4,0.266666666667,0.333333333333,264,0.28246749723,0.371212121212
3,Bicycle,G-C,5,0.333333333333,0.4,13,0.338574480552,0.307692307692
3,Bicycle,G-C,6,0.4,0.466666666667,0,,
3,Bicycle,G-C,7,0.466666666667,0.533333333333,0,,
3,Bicycle,G-C,8,0.533333333333,0.6,0,,
3,Bicycle,G-C,9,0.6,0.666666666667,0,,
3,Bicycle,G-C,10,0.666666666667,0.733333333333,0,,
3,Bicycle,G-C,11,0.733333333333,0.8,0,,
3,Bicycle,G-C,12,0.8,0.866666666667,0,,
3,Bicycle,G-C,13,0.866666666667,0.933333333333,0,,
3,Bicycle,G-C,14,0.933333333333,1,0,,
3,MovingVehicle,G-C,0,0,0.0666666666667,0,,
3,MovingVehicle,G-C,1,0.0666666666667,0.133333333333,0,,
3,MovingVehicle,G-C,2,0.133333333333,0.2,0,,
3,MovingVehicle,G-C,3,0.2,0.266666666667,2,0.242483004928,0
3,MovingVehicle,G-C,4,0.266666666667,0.333333333333,4,0.291715249419,0.5
3,MovingVehicle,G-C,5,0.333333333333,0.4,7,0.370890170336,0.142857142857
3,MovingVehicle,G-C,6,0.4,0.466666666667,13,0.438130027973,0.0769230769231
3,MovingVehicle,G-C,7,0.466666666667,0.533333333333,297,0.514434489738,0.175084175084
3,MovingVehicle,G-C,8,0.533333333333,0.6,572,0.566054273631,0.181818181818
3,MovingVehicle,G-C,9,0.6,0.666666666667,538,0.63580012255,0.14312267658
3,MovingVehicle,G-C,10,0.666666666667,0.733333333333,589,0.700052189301,0.174872665535
3,MovingVehicle,G-C,11,0.733333333333,0.8,656,0.767253303764,0.169207317073
3,MovingVehicle,G-C,12,0.8,0.866666666667,880,0.834898850796,0.2
3,MovingVehicle,G-C,13,0.866666666667,0.933333333333,1347,0.903981487664,0.187824795843
3,MovingVehicle,G-C,14,0.933333333333,1,9819,0.989413979365,0.206334657297
0,Overall,Matched-NG-C,0,0,0.0666666666667,0,,
0,Overall,Matched-NG-C,1,0.0666666666667,0.133333333333,0,,
0,Overall,Matched-NG-C,2,0.133333333333,0.2,5,0.195157077909,0.2
0,Overall,Matched-NG-C,3,0.2,0.266666666667,1058,0.229889482429,0.399810964083
0,Overall,Matched-NG-C,4,0.266666666667,0.333333333333,1427,0.287563790892,0.55921513665
0,Overall,Matched-NG-C,5,0.333333333333,0.4,593,0.357934237582,0.512647554806
0,Overall,Matched-NG-C,6,0.4,0.466666666667,313,0.436399165529,0.309904153355
0,Overall,Matched-NG-C,7,0.466666666667,0.533333333333,4565,0.514048193188,0.318072289157
0,Overall,Matched-NG-C,8,0.533333333333,0.6,8073,0.566756154774,0.32701597919
0,Overall,Matched-NG-C,9,0.6,0.666666666667,7646,0.633504979404,0.330891969657
0,Overall,Matched-NG-C,10,0.666666666667,0.733333333333,7808,0.700050114066,0.3359375
0,Overall,Matched-NG-C,11,0.733333333333,0.8,8623,0.767073022017,0.361823031428
0,Overall,Matched-NG-C,12,0.8,0.866666666667,10595,0.835218232052,0.358659745163
0,Overall,Matched-NG-C,13,0.866666666667,0.933333333333,16517,0.903216146738,0.37821638312
0,Overall,Matched-NG-C,14,0.933333333333,1,192928,0.99295870266,0.505779358103
0,Vehicle,Matched-NG-C,0,0,0.0666666666667,0,,
0,Vehicle,Matched-NG-C,1,0.0666666666667,0.133333333333,0,,
0,Vehicle,Matched-NG-C,2,0.133333333333,0.2,0,,
0,Vehicle,Matched-NG-C,3,0.2,0.266666666667,1,0.251261979342,0
0,Vehicle,Matched-NG-C,4,0.266666666667,0.333333333333,7,0.316459642989,0.142857142857
0,Vehicle,Matched-NG-C,5,0.333333333333,0.4,95,0.377038199023,0.305263157895
0,Vehicle,Matched-NG-C,6,0.4,0.466666666667,291,0.436923723553,0.309278350515
0,Vehicle,Matched-NG-C,7,0.466666666667,0.533333333333,2989,0.513524532807,0.327534292405
0,Vehicle,Matched-NG-C,8,0.533333333333,0.6,5215,0.566781683953,0.331543624161
0,Vehicle,Matched-NG-C,9,0.6,0.666666666667,5102,0.633748172195,0.341042728342
0,Vehicle,Matched-NG-C,10,0.666666666667,0.733333333333,5431,0.700171028409,0.331614803904
0,Vehicle,Matched-NG-C,11,0.733333333333,0.8,6145,0.767269420789,0.359316517494
0,Vehicle,Matched-NG-C,12,0.8,0.866666666667,7656,0.835531152925,0.352142110763
0,Vehicle,Matched-NG-C,13,0.866666666667,0.933333333333,12166,0.903369661334,0.375061647214
0,Vehicle,Matched-NG-C,14,0.933333333333,1,145928,0.993087328703,0.548201852969
0,Pedestrian,Matched-NG-C,0,0,0.0666666666667,0,,
0,Pedestrian,Matched-NG-C,1,0.0666666666667,0.133333333333,0,,
0,Pedestrian,Matched-NG-C,2,0.133333333333,0.2,0,,
0,Pedestrian,Matched-NG-C,3,0.2,0.266666666667,0,,
0,Pedestrian,Matched-NG-C,4,0.266666666667,0.333333333333,1,0.331008225679,0
0,Pedestrian,Matched-NG-C,5,0.333333333333,0.4,5,0.352926266193,0
0,Pedestrian,Matched-NG-C,6,0.4,0.466666666667,16,0.43403252773,0.3125
0,Pedestrian,Matched-NG-C,7,0.466666666667,0.533333333333,1576,0.515041353644,0.300126903553
0,Pedestrian,Matched-NG-C,8,0.533333333333,0.6,2858,0.566709571614,0.318754373688
0,Pedestrian,Matched-NG-C,9,0.6,0.666666666667,2544,0.633017255497,0.310534591195
0,Pedestrian,Matched-NG-C,10,0.666666666667,0.733333333333,2377,0.69977384743,0.345814051325
0,Pedestrian,Matched-NG-C,11,0.733333333333,0.8,2478,0.766585987936,0.36803874092
0,Pedestrian,Matched-NG-C,12,0.8,0.866666666667,2939,0.834403083291,0.375637972099
0,Pedestrian,Matched-NG-C,13,0.866666666667,0.933333333333,4351,0.902786898616,0.387037462652
0,Pedestrian,Matched-NG-C,14,0.933333333333,1,47000,0.992559337953,0.374063829787
0,Bicycle,Matched-NG-C,0,0,0.0666666666667,0,,
0,Bicycle,Matched-NG-C,1,0.0666666666667,0.133333333333,0,,
0,Bicycle,Matched-NG-C,2,0.133333333333,0.2,5,0.195157077909,0.2
0,Bicycle,Matched-NG-C,3,0.2,0.266666666667,1057,0.22986926247,0.400189214759
0,Bicycle,Matched-NG-C,4,0.266666666667,0.333333333333,1419,0.287390629934,0.561663143058
0,Bicycle,Matched-NG-C,5,0.333333333333,0.4,493,0.354303737622,0.557809330629
0,Bicycle,Matched-NG-C,6,0.4,0.466666666667,6,0.417269135515,0.333333333333
0,Bicycle,Matched-NG-C,7,0.466666666667,0.533333333333,0,,
0,Bicycle,Matched-NG-C,8,0.533333333333,0.6,0,,
0,Bicycle,Matched-NG-C,9,0.6,0.666666666667,0,,
0,Bicycle,Matched-NG-C,10,0.666666666667,0.733333333333,0,,
0,Bicycle,Matched-NG-C,11,0.733333333333,0.8,0,,
0,Bicycle,Matched-NG-C,12,0.8,0.866666666667,0,,
0,Bicycle,Matched-NG-C,13,0.866666666667,0.933333333333,0,,
0,Bicycle,Matched-NG-C,14,0.933333333333,1,0,,
0,MovingVehicle,Matched-NG-C,0,0,0.0666666666667,0,,
0,MovingVehicle,Matched-NG-C,1,0.0666666666667,0.133333333333,0,,
0,MovingVehicle,Matched-NG-C,2,0.133333333333,0.2,0,,
0,MovingVehicle,Matched-NG-C,3,0.2,0.266666666667,1,0.251261979342,0
0,MovingVehicle,Matched-NG-C,4,0.266666666667,0.333333333333,6,0.318481738369,0.166666666667
0,MovingVehicle,Matched-NG-C,5,0.333333333333,0.4,20,0.379299935699,0.25
0,MovingVehicle,Matched-NG-C,6,0.4,0.466666666667,16,0.443115705624,0.3125
0,MovingVehicle,Matched-NG-C,7,0.466666666667,0.533333333333,616,0.515260956214,0.201298701299
0,MovingVehicle,Matched-NG-C,8,0.533333333333,0.6,1259,0.566785027102,0.169181890389
0,MovingVehicle,Matched-NG-C,9,0.6,0.666666666667,1252,0.634160222004,0.193290734824
0,MovingVehicle,Matched-NG-C,10,0.666666666667,0.733333333333,1343,0.700498202934,0.195830230827
0,MovingVehicle,Matched-NG-C,11,0.733333333333,0.8,1494,0.767081918726,0.206157965194
0,MovingVehicle,Matched-NG-C,12,0.8,0.866666666667,1981,0.835357158067,0.21100454316
0,MovingVehicle,Matched-NG-C,13,0.866666666667,0.933333333333,2920,0.903176253912,0.202739726027
0,MovingVehicle,Matched-NG-C,14,0.933333333333,1,30820,0.992218210696,0.237086307592
1,Overall,Matched-NG-C,0,0,0.0666666666667,0,,
1,Overall,Matched-NG-C,1,0.0666666666667,0.133333333333,0,,
1,Overall,Matched-NG-C,2,0.133333333333,0.2,0,,
1,Overall,Matched-NG-C,3,0.2,0.266666666667,56,0.253936059773,0.142857142857
1,Overall,Matched-NG-C,4,0.266666666667,0.333333333333,341,0.3057746001,0.624633431085
1,Overall,Matched-NG-C,5,0.333333333333,0.4,467,0.354832845212,0.569593147752
1,Overall,Matched-NG-C,6,0.4,0.466666666667,13,0.4338198969,0.384615384615
1,Overall,Matched-NG-C,7,0.466666666667,0.533333333333,1628,0.516094928603,0.351965601966
1,Overall,Matched-NG-C,8,0.533333333333,0.6,2888,0.566213510208,0.374653739612
1,Overall,Matched-NG-C,9,0.6,0.666666666667,2479,0.632986405195,0.363453005244
1,Overall,Matched-NG-C,10,0.666666666667,0.733333333333,2427,0.7007723919,0.370828182942
1,Overall,Matched-NG-C,11,0.733333333333,0.8,2776,0.766845651722,0.388688760807
1,Overall,Matched-NG-C,12,0.8,0.866666666667,3547,0.835109278959,0.396673244996
1,Overall,Matched-NG-C,13,0.866666666667,0.933333333333,5568,0.902962719904,0.406070402299
1,Overall,Matched-NG-C,14,0.933333333333,1,60483,0.991833649611,0.558206438173
1,Vehicle,Matched-NG-C,0,0,0.0666666666667,0,,
1,Vehicle,Matched-NG-C,1,0.0666666666667,0.133333333333,0,,
1,Vehicle,Matched-NG-C,2,0.133333333333,0.2,0,,
1,Vehicle,Matched-NG-C,3,0.2,0.266666666667,0,,
1,Vehicle,Matched-NG-C,4,0.266666666667,0.333333333333,1,0.304327070713,0
1,Vehicle,Matched-NG-C,5,0.333333333333,0.4,1,0.392903238535,0
1,Vehicle,Matched-NG-C,6,0.4,0.466666666667,6,0.445357804497,0.5
1,Vehicle,Matched-NG-C,7,0.466666666667,0.533333333333,633,0.516230009037,0.398104265403
1,Vehicle,Matched-NG-C,8,0.533333333333,0.6,1231,0.566649330331,0.38180341186
1,Vehicle,Matched-NG-C,9,0.6,0.666666666667,1152,0.633759536936,0.3984375
1,Vehicle,Matched-NG-C,10,0.666666666667,0.733333333333,1249,0.701001425711,0.394715772618
1,Vehicle,Matched-NG-C,11,0.733333333333,0.8,1568,0.767676110741,0.406887755102
1,Vehicle,Matched-NG-C,12,0.8,0.866666666667,2121,0.836195624785,0.404997642621
1,Vehicle,Matched-NG-C,13,0.866666666667,0.933333333333,3669,0.903483138873,0.426274189152
1,Vehicle,Matched-NG-C,14,0.933333333333,1,49925,0.992983538266,0.582874311467
1,Pedestrian,Matched-NG-C,0,0,0.0666666666667,0,,
1,Pedestrian,Matched-NG-C,1,0.0666666666667,0.133333333333,0,,
1,Pedestrian,Matched-NG-C,2,0.133333333333,0.2,0,,
1,Pedestrian,Matched-NG-C,3,0.2,0.266666666667,0,,
1,Pedestrian,Matched-NG-C,4,0.266666666667,0.333333333333,1,0.331008225679,0
1,Pedestrian,Matched-NG-C,5,0.333333333333,0.4,0,,
1,Pedestrian,Matched-NG-C,6,0.4,0.466666666667,1,0.463897019625,0
1,Pedestrian,Matched-NG-C,7,0.466666666667,0.533333333333,995,0.51600899301,0.322613065327
1,Pedestrian,Matched-NG-C,8,0.533333333333,0.6,1657,0.565889735573,0.369342184671
1,Pedestrian,Matched-NG-C,9,0.6,0.666666666667,1327,0.632315231295,0.333082140166
1,Pedestrian,Matched-NG-C,10,0.666666666667,0.733333333333,1178,0.700529553844,0.345500848896
1,Pedestrian,Matched-NG-C,11,0.733333333333,0.8,1208,0.765767704918,0.365066225166
1,Pedestrian,Matched-NG-C,12,0.8,0.866666666667,1426,0.833493472859,0.384291725105
1,Pedestrian,Matched-NG-C,13,0.866666666667,0.933333333333,1899,0.90195723428,0.367035281727
1,Pedestrian,Matched-NG-C,14,0.933333333333,1,10558,0.986396238064,0.441560901686
1,Bicycle,Matched-NG-C,0,0,0.0666666666667,0,,
1,Bicycle,Matched-NG-C,1,0.0666666666667,0.133333333333,0,,
1,Bicycle,Matched-NG-C,2,0.133333333333,0.2,0,,
1,Bicycle,Matched-NG-C,3,0.2,0.266666666667,56,0.253936059773,0.142857142857
1,Bicycle,Matched-NG-C,4,0.266666666667,0.333333333333,339,0.305704434625,0.628318584071
1,Bicycle,Matched-NG-C,5,0.333333333333,0.4,466,0.354751149089,0.570815450644
1,Bicycle,Matched-NG-C,6,0.4,0.466666666667,6,0.417269135515,0.333333333333
1,Bicycle,Matched-NG-C,7,0.466666666667,0.533333333333,0,,
1,Bicycle,Matched-NG-C,8,0.533333333333,0.6,0,,
1,Bicycle,Matched-NG-C,9,0.6,0.666666666667,0,,
1,Bicycle,Matched-NG-C,10,0.666666666667,0.733333333333,0,,
1,Bicycle,Matched-NG-C,11,0.733333333333,0.8,0,,
1,Bicycle,Matched-NG-C,12,0.8,0.866666666667,0,,
1,Bicycle,Matched-NG-C,13,0.866666666667,0.933333333333,0,,
1,Bicycle,Matched-NG-C,14,0.933333333333,1,0,,
1,MovingVehicle,Matched-NG-C,0,0,0.0666666666667,0,,
1,MovingVehicle,Matched-NG-C,1,0.0666666666667,0.133333333333,0,,
1,MovingVehicle,Matched-NG-C,2,0.133333333333,0.2,0,,
1,MovingVehicle,Matched-NG-C,3,0.2,0.266666666667,0,,
1,MovingVehicle,Matched-NG-C,4,0.266666666667,0.333333333333,0,,
1,MovingVehicle,Matched-NG-C,5,0.333333333333,0.4,1,0.392903238535,0
1,MovingVehicle,Matched-NG-C,6,0.4,0.466666666667,3,0.449396560589,1
1,MovingVehicle,Matched-NG-C,7,0.466666666667,0.533333333333,141,0.516038757055,0.262411347518
1,MovingVehicle,Matched-NG-C,8,0.533333333333,0.6,299,0.566321434983,0.207357859532
1,MovingVehicle,Matched-NG-C,9,0.6,0.666666666667,303,0.635386863754,0.214521452145
1,MovingVehicle,Matched-NG-C,10,0.666666666667,0.733333333333,352,0.700257618488,0.221590909091
1,MovingVehicle,Matched-NG-C,11,0.733333333333,0.8,445,0.767208784484,0.274157303371
1,MovingVehicle,Matched-NG-C,12,0.8,0.866666666667,573,0.834919627528,0.246073298429
1,MovingVehicle,Matched-NG-C,13,0.866666666667,0.933333333333,837,0.902498804113,0.236559139785
1,MovingVehicle,Matched-NG-C,14,0.933333333333,1,9839,0.992475925949,0.250127045431
2,Overall,Matched-NG-C,0,0,0.0666666666667,0,,
2,Overall,Matched-NG-C,1,0.0666666666667,0.133333333333,0,,
2,Overall,Matched-NG-C,2,0.133333333333,0.2,3,0.194290677706,0
2,Overall,Matched-NG-C,3,0.2,0.266666666667,319,0.216800336927,0.206896551724
2,Overall,Matched-NG-C,4,0.266666666667,0.333333333333,818,0.281466933327,0.59413202934
2,Overall,Matched-NG-C,5,0.333333333333,0.4,23,0.361381245696,0.260869565217
2,Overall,Matched-NG-C,6,0.4,0.466666666667,13,0.442222966598,0.0769230769231
2,Overall,Matched-NG-C,7,0.466666666667,0.533333333333,892,0.514838410032,0.289237668161
2,Overall,Matched-NG-C,8,0.533333333333,0.6,1715,0.567937673702,0.267638483965
2,Overall,Matched-NG-C,9,0.6,0.666666666667,1704,0.633559594342,0.287558685446
2,Overall,Matched-NG-C,10,0.666666666667,0.733333333333,1736,0.700023610059,0.321428571429
2,Overall,Matched-NG-C,11,0.733333333333,0.8,1741,0.767790856271,0.346927053418
2,Overall,Matched-NG-C,12,0.8,0.866666666667,2266,0.835849164943,0.345542806708
2,Overall,Matched-NG-C,13,0.866666666667,0.933333333333,3418,0.903211414361,0.37039204213
2,Overall,Matched-NG-C,14,0.933333333333,1,69063,0.995861709195,0.435964264512
2,Vehicle,Matched-NG-C,0,0,0.0666666666667,0,,
2,Vehicle,Matched-NG-C,1,0.0666666666667,0.133333333333,0,,
2,Vehicle,Matched-NG-C,2,0.133333333333,0.2,0,,
2,Vehicle,Matched-NG-C,3,0.2,0.266666666667,0,,
2,Vehicle,Matched-NG-C,4,0.266666666667,0.333333333333,2,0.318935096264,0
2,Vehicle,Matched-NG-C,5,0.333333333333,0.4,7,0.379966327122,0.142857142857
2,Vehicle,Matched-NG-C,6,0.4,0.466666666667,6,0.447095125914,0
2,Vehicle,Matched-NG-C,7,0.466666666667,0.533333333333,439,0.516330221791,0.334851936219
2,Vehicle,Matched-NG-C,8,0.533333333333,0.6,813,0.567625917119,0.332103321033
2,Vehicle,Matched-NG-C,9,0.6,0.666666666667,874,0.634131866271,0.350114416476
2,Vehicle,Matched-NG-C,10,0.666666666667,0.733333333333,989,0.700543709182,0.35894843276
2,Vehicle,Matched-NG-C,11,0.733333333333,0.8,1045,0.76849182867,0.383732057416
2,Vehicle,Matched-NG-C,12,0.8,0.866666666667,1486,0.836217099693,0.370121130552
2,Vehicle,Matched-NG-C,13,0.866666666667,0.933333333333,2355,0.903694343643,0.402972399151
2,Vehicle,Matched-NG-C,14,0.933333333333,1,52435,0.996310544233,0.477772480214
2,Pedestrian,Matched-NG-C,0,0,0.0666666666667,0,,
2,Pedestrian,Matched-NG-C,1,0.0666666666667,0.133333333333,0,,
2,Pedestrian,Matched-NG-C,2,0.133333333333,0.2,0,,
2,Pedestrian,Matched-NG-C,3,0.2,0.266666666667,0,,
2,Pedestrian,Matched-NG-C,4,0.266666666667,0.333333333333,0,,
2,Pedestrian,Matched-NG-C,5,0.333333333333,0.4,2,0.347882717848,0
2,Pedestrian,Matched-NG-C,6,0.4,0.466666666667,7,0.438046830041,0.142857142857
2,Pedestrian,Matched-NG-C,7,0.466666666667,0.533333333333,453,0.513392702831,0.245033112583
2,Pedestrian,Matched-NG-C,8,0.533333333333,0.6,902,0.568218669381,0.209534368071
2,Pedestrian,Matched-NG-C,9,0.6,0.666666666667,830,0.632956985106,0.221686746988
2,Pedestrian,Matched-NG-C,10,0.666666666667,0.733333333333,747,0.699335018315,0.271753681392
2,Pedestrian,Matched-NG-C,11,0.733333333333,0.8,696,0.766738390529,0.291666666667
2,Pedestrian,Matched-NG-C,12,0.8,0.866666666667,780,0.835148202074,0.298717948718
2,Pedestrian,Matched-NG-C,13,0.866666666667,0.933333333333,1063,0.90214151929,0.298212605833
2,Pedestrian,Matched-NG-C,14,0.933333333333,1,16628,0.994446345636,0.304125571325
2,Bicycle,Matched-NG-C,0,0,0.0666666666667,0,,
2,Bicycle,Matched-NG-C,1,0.0666666666667,0.133333333333,0,,
2,Bicycle,Matched-NG-C,2,0.133333333333,0.2,3,0.194290677706,0
2,Bicycle,Matched-NG-C,3,0.2,0.266666666667,319,0.216800336927,0.206896551724
2,Bicycle,Matched-NG-C,4,0.266666666667,0.333333333333,816,0.281375099594,0.595588235294
2,Bicycle,Matched-NG-C,5,0.333333333333,0.4,14,0.354017066104,0.357142857143
2,Bicycle,Matched-NG-C,6,0.4,0.466666666667,0,,
2,Bicycle,Matched-NG-C,7,0.466666666667,0.533333333333,0,,
2,Bicycle,Matched-NG-C,8,0.533333333333,0.6,0,,
2,Bicycle,Matched-NG-C,9,0.6,0.666666666667,0,,
2,Bicycle,Matched-NG-C,10,0.666666666667,0.733333333333,0,,
2,Bicycle,Matched-NG-C,11,0.733333333333,0.8,0,,
2,Bicycle,Matched-NG-C,12,0.8,0.866666666667,0,,
2,Bicycle,Matched-NG-C,13,0.866666666667,0.933333333333,0,,
2,Bicycle,Matched-NG-C,14,0.933333333333,1,0,,
2,MovingVehicle,Matched-NG-C,0,0,0.0666666666667,0,,
2,MovingVehicle,Matched-NG-C,1,0.0666666666667,0.133333333333,0,,
2,MovingVehicle,Matched-NG-C,2,0.133333333333,0.2,0,,
2,MovingVehicle,Matched-NG-C,3,0.2,0.266666666667,0,,
2,MovingVehicle,Matched-NG-C,4,0.266666666667,0.333333333333,2,0.318935096264,0
2,MovingVehicle,Matched-NG-C,5,0.333333333333,0.4,5,0.381026607752,0.2
2,MovingVehicle,Matched-NG-C,6,0.4,0.466666666667,4,0.452085368335,0
2,MovingVehicle,Matched-NG-C,7,0.466666666667,0.533333333333,123,0.514396966957,0.211382113821
2,MovingVehicle,Matched-NG-C,8,0.533333333333,0.6,201,0.568296558228,0.223880597015
2,MovingVehicle,Matched-NG-C,9,0.6,0.666666666667,209,0.63456187522,0.244019138756
2,MovingVehicle,Matched-NG-C,10,0.666666666667,0.733333333333,230,0.701374755735,0.2
2,MovingVehicle,Matched-NG-C,11,0.733333333333,0.8,262,0.769069022805,0.187022900763
2,MovingVehicle,Matched-NG-C,12,0.8,0.866666666667,377,0.836889878666,0.25198938992
2,MovingVehicle,Matched-NG-C,13,0.866666666667,0.933333333333,523,0.90248538454,0.210325047801
2,MovingVehicle,Matched-NG-C,14,0.933333333333,1,12275,0.996009503581,0.241629327902
3,Overall,Matched-NG-C,0,0,0.0666666666667,0,,
3,Overall,Matched-NG-C,1,0.0666666666667,0.133333333333,0,,
3,Overall,Matched-NG-C,2,0.133333333333,0.2,2,0.196456678212,0.5
3,Overall,Matched-NG-C,3,0.2,0.266666666667,683,0.234031252683,0.510980966325
3,Overall,Matched-NG-C,4,0.266666666667,0.333333333333,268,0.28300163995,0.369402985075
3,Overall,Matched-NG-C,5,0.333333333333,0.4,103,0.371226170109,0.31067961165
3,Overall,Matched-NG-C,6,0.4,0.466666666667,287,0.436252200645,0.317073170732
3,Overall,Matched-NG-C,7,0.466666666667,0.533333333333,2045,0.512074130263,0.303667481663
3,Overall,Matched-NG-C,8,0.533333333333,0.6,3470,0.566623835622,0.316714697406
3,Overall,Matched-NG-C,9,0.6,0.666666666667,3463,0.6338493287,0.328905573202
3,Overall,Matched-NG-C,10,0.666666666667,0.733333333333,3645,0.699581813011,0.319615912209
3,Overall,Matched-NG-C,11,0.733333333333,0.8,4106,0.766922371871,0.349975645397
3,Overall,Matched-NG-C,12,0.8,0.866666666667,4782,0.835000072848,0.336679213718
3,Overall,Matched-NG-C,13,0.866666666667,0.933333333333,7531,0.903405664183,0.361173814898
3,Overall,Matched-NG-C,14,0.933333333333,1,63382,0.990869091149,0.531822915023
3,Vehicle,Matched-NG-C,0,0,0.0666666666667,0,,
3,Vehicle,Matched-NG-C,1,0.0666666666667,0.133333333333,0,,
3,Vehicle,Matched-NG-C,2,0.133333333333,0.2,0,,
3,Vehicle,Matched-NG-C,3,0.2,0.266666666667,1,0.251261979342,0
3,Vehicle,Matched-NG-C,4,0.266666666667,0.333333333333,4,0.318255059421,0.25
3,Vehicle,Matched-NG-C,5,0.333333333333,0.4,87,0.376620245733,0.32183908046
3,Vehicle,Matched-NG-C,6,0.4,0.466666666667,279,0.436523605632,0.311827956989
3,Vehicle,Matched-NG-C,7,0.466666666667,0.533333333333,1917,0.511988662218,0.302556077204
3,Vehicle,Matched-NG-C,8,0.533333333333,0.6,3171,0.56661661481,0.311888994008
3,Vehicle,Matched-NG-C,9,0.6,0.666666666667,3076,0.633634894951,0.316970091027
3,Vehicle,Matched-NG-C,10,0.666666666667,0.733333333333,3193,0.699730769243,0.298465393047
3,Vehicle,Matched-NG-C,11,0.733333333333,0.8,3532,0.766727205024,0.330973952435
3,Vehicle,Matched-NG-C,12,0.8,0.866666666667,4049,0.834931335263,0.317856260805
3,Vehicle,Matched-NG-C,13,0.866666666667,0.933333333333,6142,0.903177382609,0.333767502442
3,Vehicle,Matched-NG-C,14,0.933333333333,1,43568,0.989327055824,0.59323356592
3,Pedestrian,Matched-NG-C,0,0,0.0666666666667,0,,
3,Pedestrian,Matched-NG-C,1,0.0666666666667,0.133333333333,0,,
3,Pedestrian,Matched-NG-C,2,0.133333333333,0.2,0,,
3,Pedestrian,Matched-NG-C,3,0.2,0.266666666667,0,,
3,Pedestrian,Matched-NG-C,4,0.266666666667,0.333333333333,0,,
3,Pedestrian,Matched-NG-C,5,0.333333333333,0.4,3,0.356288631757,0
3,Pedestrian,Matched-NG-C,6,0.4,0.466666666667,8,0.426786951721,0.5
3,Pedestrian,Matched-NG-C,7,0.466666666667,0.533333333333,128,0.513354147784,0.3203125
3,Pedestrian,Matched-NG-C,8,0.533333333333,0.6,299,0.56670041487,0.367892976589
3,Pedestrian,Matched-NG-C,9,0.6,0.666666666667,387,0.635553716843,0.423772609819
3,Pedestrian,Matched-NG-C,10,0.666666666667,0.733333333333,452,0.69852956246,0.469026548673
3,Pedestrian,Matched-NG-C,11,0.733333333333,0.8,574,0.768123294003,0.466898954704
3,Pedestrian,Matched-NG-C,12,0.8,0.866666666667,733,0.835379770638,0.440654843111
3,Pedestrian,Matched-NG-C,13,0.866666666667,0.933333333333,1389,0.904415099332,0.482361411087
3,Pedestrian,Matched-NG-C,14,0.933333333333,1,19814,0.994259794443,0.39679014838
3,Bicycle,Matched-NG-C,0,0,0.0666666666667,0,,
3,Bicycle,Matched-NG-C,1,0.0666666666667,0.133333333333,0,,
3,Bicycle,Matched-NG-C,2,0.133333333333,0.2,2,0.196456678212,0.5
3,Bicycle,Matched-NG-C,3,0.2,0.266666666667,682,0.234005987688,0.511730205279
3,Bicycle,Matched-NG-C,4,0.266666666667,0.333333333333,264,0.28246749723,0.371212121212
3,Bicycle,Matched-NG-C,5,0.333333333333,0.4,13,0.338574480552,0.307692307692
3,Bicycle,Matched-NG-C,6,0.4,0.466666666667,0,,
3,Bicycle,Matched-NG-C,7,0.466666666667,0.533333333333,0,,
3,Bicycle,Matched-NG-C,8,0.533333333333,0.6,0,,
3,Bicycle,Matched-NG-C,9,0.6,0.666666666667,0,,
3,Bicycle,Matched-NG-C,10,0.666666666667,0.733333333333,0,,
3,Bicycle,Matched-NG-C,11,0.733333333333,0.8,0,,
3,Bicycle,Matched-NG-C,12,0.8,0.866666666667,0,,
3,Bicycle,Matched-NG-C,13,0.866666666667,0.933333333333,0,,
3,Bicycle,Matched-NG-C,14,0.933333333333,1,0,,
3,MovingVehicle,Matched-NG-C,0,0,0.0666666666667,0,,
3,MovingVehicle,Matched-NG-C,1,0.0666666666667,0.133333333333,0,,
3,MovingVehicle,Matched-NG-C,2,0.133333333333,0.2,0,,
3,MovingVehicle,Matched-NG-C,3,0.2,0.266666666667,1,0.251261979342,0
3,MovingVehicle,Matched-NG-C,4,0.266666666667,0.333333333333,4,0.318255059421,0.25
3,MovingVehicle,Matched-NG-C,5,0.333333333333,0.4,14,0.37771160262,0.285714285714
3,MovingVehicle,Matched-NG-C,6,0.4,0.466666666667,9,0.437035570542,0.222222222222
3,MovingVehicle,Matched-NG-C,7,0.466666666667,0.533333333333,352,0.515251299282,0.173295454545
3,MovingVehicle,Matched-NG-C,8,0.533333333333,0.6,759,0.566567367402,0.139657444005
3,MovingVehicle,Matched-NG-C,9,0.6,0.666666666667,740,0.633544522041,0.17027027027
3,MovingVehicle,Matched-NG-C,10,0.666666666667,0.733333333333,761,0.700344561121,0.182654402102
3,MovingVehicle,Matched-NG-C,11,0.733333333333,0.8,787,0.766348657569,0.174078780178
3,MovingVehicle,Matched-NG-C,12,0.8,0.866666666667,1031,0.835039863531,0.176527643065
3,MovingVehicle,Matched-NG-C,13,0.866666666667,0.933333333333,1560,0.90377135017,0.182051282051
3,MovingVehicle,Matched-NG-C,14,0.933333333333,1,8706,0.986581433697,0.215943027797
