SceneToken,SampleToken,InstanceToken,ObservationNode,ObservationEligible,HistoricalOOFJoined,AgentType,HistoricalOOFMissingReason,FutureValidSteps,Fold,HistoricalActorRow,CandidateGeometryIDs,FrameOriginMaxDiffM,ReplaySingleGraphCandidateMaxDiffM,OldCMode,CoordinateFrame
4c5c675340d14cd88a65b5e22eb9c9c1,e81db4dd01c24a4991a9f2318ef0b710,046866e763484c619d028f0d870ee33e,0,True,True,Vehicle,,12,3,232261,fc419fc9a83b68aca8f9b01e7a1f61843798582c42d9258aaaf1d7d2e265ce89|91274fac9e8faff456e4a9798bd1c3d5a802d3e46bc02bfad6cb733b6fd7cc20|287959ab86d3eb8c379a40a78067cd8e1e92a4abe4575be075cedfa3e9da2baf|e66cc9bd13d0deda5167a4b2f6ecfe959c32d37739674813c9ea61bd5f508b9d|8f35678ba9d6ea27ab54b1fd4826e850567b7a532debf15d4f3fb6e9a4a953fa|d9e0372ab9ceb68547a33e952e1fbb3ecd23e50a54fa45aa164631fe58174e17,0,3.814697265625e-06,1,"t0 ego planar: +x forward, +y left"
4c5c675340d14cd88a65b5e22eb9c9c1,e81db4dd01c24a4991a9f2318ef0b710,08ae7f36c4ea43edb8bb225bbdd63aae,1,True,False,Vehicle,future_incomplete_or_outside_recording,2,3,,,,,,
4c5c675340d14cd88a65b5e22eb9c9c1,e81db4dd01c24a4991a9f2318ef0b710,09d18770df7043c396e12ac9b9f32e56,2,True,False,Vehicle,future_incomplete_or_outside_recording,5,3,,,,,,
4c5c675340d14cd88a65b5e22eb9c9c1,e81db4dd01c24a4991a9f2318ef0b710,0bc7b7a8e9914b1994bdd7d269742663,3,True,False,Vehicle,future_incomplete_or_outside_recording,1,3,,,,,,
4c5c675340d14cd88a65b5e22eb9c9c1,e81db4dd01c24a4991a9f2318ef0b710,19747a06b4f74aba86cdff33ff1e3e6d,4,True,True,Vehicle,,12,3,232262,cd181ee99a9c349158c567502fc1bd330052338193929dead37c9285fd22ff68|99d62ffa88d8f37caa2875f98df5b1a351551c8ed0b477e137123a998a8053c2|113d9960ef68291a65f55d4236f47b55df1e6c767f793857b86c669f79d2e68a|1b9cc0eb084dd67ac023c9e72befd6d201bf0a33569771b0968e072e81bcf8db|f25453fa430c2e3c37784f814d9dc5c07c3626995a6b39ba5bba21cc40c14a11|62bc7b6bf905fe3a0e68eec870968aeeb320231668704d6d6da21488f6583977,0,3.814697265625e-06,1,"t0 ego planar: +x forward, +y left"
4c5c675340d14cd88a65b5e22eb9c9c1,e81db4dd01c24a4991a9f2318ef0b710,197f4613184946b1b250909c551c0c2c,5,True,True,Vehicle,,12,3,232263,060f1a0d4cdc26c0ca37f368bbbff59b722f90dbd1c46d0f44df9ce68c5c8a3d|ba0863a40486103f921fd3ee69d8dcc38920ab7ec4ef0270a8a9aa0b2eee7d82|4a6da2dcad4bafd1fa6415450f69cdccf2b7969f35c9c02a1afe5ffcef5298af|2ca520ccba719b2fdf09afa6a2b3835f31d8dd66e116b640c518d1d827c1a0a0|68219b88705ddbc2ce21ab8329ef44acd7f0fff8b424949c513e15f38ee7b3d5|998fd963976e16ba1014048029a9597755cf505c685b153508d6867cdda5130a,0,1.9073486328125e-06,5,"t0 ego planar: +x forward, +y left"
4c5c675340d14cd88a65b5e22eb9c9c1,e81db4dd01c24a4991a9f2318ef0b710,19bf21b2675a4929ac7f6e001e497dc0,6,True,True,Vehicle,,12,3,232264,4f412320a09d5d487e22a59cda238c50464d6d22a692947c8abcc7af344f18ac|da1e164e67eb19e2b9148ea26356f619759222430954b384fe2881f0a2f3b8d4|3f8a23720ddd79aa260d204d139ddabfecf2b9842b9df087cf4e3230f9eeb14f|33ad485c6b8bb0c242b69a37345e15c6f17d6909895e9929d65aeb8d826845b5|32a57636dd73c4e585035124d418611f670ddcd9bcaec73634fb93ecbef5a6de|218601e08e125887dfdc1c6ad06c749abb9cdee79f51cd349a6ce9c49afdec1b,0,7.62939453125e-06,1,"t0 ego planar: +x forward, +y left"
4c5c675340d14cd88a65b5e22eb9c9c1,e81db4dd01c24a4991a9f2318ef0b710,1cdf84aa47704375b25fb63fa8ec7409,7,True,True,Vehicle,,12,3,232265,35dc7114e4a91376b3455e572e350b98319728b39491db07cb6684bc7ff40b63|a84d5fa3a06d02306eebd8ca94eca295dc07b1fc7c9ad08c432902a6b5099145|ed5950cdc4d7ecd8ed3879c67ca3cb2b2ba6b50ed564406bccdbd8446da7a706|7acd210a05775c9a7308a9525753de0521d5ec52dcccbd6b579f05f23b6b2fee|6226e0d1971c21b7fd092d42fb20531a3d02c4838818e5e9bb0706cb96d90bc2|ce952cc330e79219fcb4ad6294f7017f1f90202733c9cb29c35ba58ae15f15d5,0,3.814697265625e-06,1,"t0 ego planar: +x forward, +y left"
4c5c675340d14cd88a65b5e22eb9c9c1,e81db4dd01c24a4991a9f2318ef0b710,1d6a5bd41ee84317ad98e340db3871d1,8,True,True,Vehicle,,12,3,232266,6e6daec185045183d8fe19fe8542287d37c37a30a05b20a3802b4d644846982a|e2ba07a6269998688afbe889130ebf388fc251a95fa084f193d3af30a3fab621|e186957127d8abd1b49a1e45bd4ee9a7aaf9975663f397605664a7d78f28a37c|eeff87397ec1536a591a6f570800f384b45a2cfe553fd13b9d4bae870d52a421|4de4dc6c5aaf71f63d941f038e2549a46e5658fc221651fa28e735297243f188|a3e7b2d772ffaf0ec60bc3dd437f0a88990e1fb118239b158df057a23d99eb7e,0,7.62939453125e-06,1,"t0 ego planar: +x forward, +y left"
4c5c675340d14cd88a65b5e22eb9c9c1,e81db4dd01c24a4991a9f2318ef0b710,2135aa61d22f45069abdeed8a38556e9,9,True,True,Vehicle,,12,3,232267,658144f97542cb14c71db1b4a93566f6f4a5aea612df5c6867db1f5dd59c4b7a|0fc240112eaea7ced9d235c1f6847e8a3c93d47c3798360b32c7f02ac5c4a6aa|efd822b35e8168fcdf2320b0b592d711ac65ab67d88a1678c7763463635839fb|3abee90564c0cf19adcb7d556568e2892c7faaa20cc8871685589abe6e05c19f|ff945aa84aa6fa44b2bbba2aa4fd58635d2a2c2419fd503d27c1438b6bed8b9e|7ef7af041c3fa95b7b3574e6b51924a3394326a237f710a9054c9c4d04aee1ff,0,3.814697265625e-06,1,"t0 ego planar: +x forward, +y left"
4c5c675340d14cd88a65b5e22eb9c9c1,e81db4dd01c24a4991a9f2318ef0b710,27214aba0279491292fc8a49d6563c78,10,True,False,Vehicle,future_incomplete_or_outside_recording,5,3,,,,,,
4c5c675340d14cd88a65b5e22eb9c9c1,e81db4dd01c24a4991a9f2318ef0b710,2eb7af57f53040a884a23e2e09327f17,11,True,True,Vehicle,,12,3,232268,ebd12cc61b4a98e92d0a5750d25a5e2d7e1804f007fb5ff996706ac9cc079ed4|bd07d5ceb7ddbb7c704f26886688928719ed87c2545098677d719f0def85c9a6|66a1d442b6ac68372baa4a3440b5e04a1484e413f130dac678984a122ae33d19|086e5df050f7371c203d3ef4d3285115ba1e15fc9b17f73c96f9660921477e31|83a75f20e031806ffab53af984730f10cbdc5a18a3f60ef3ba012b7e50b1a4b7|882f4c9a71886df86d6d44baa878783af35279937aa1df58e9d0070aefa3233b,0,4.76837158203125e-06,5,"t0 ego planar: +x forward, +y left"
4c5c675340d14cd88a65b5e22eb9c9c1,e81db4dd01c24a4991a9f2318ef0b710,31b24ca3f0804d2bba1d95a80a9b6d7a,12,True,False,Vehicle,future_incomplete_or_outside_recording,10,3,,,,,,
4c5c675340d14cd88a65b5e22eb9c9c1,e81db4dd01c24a4991a9f2318ef0b710,344282fbbc4b4a4aa607f766731fa6a4,13,True,False,Vehicle,future_incomplete_or_outside_recording,9,3,,,,,,
4c5c675340d14cd88a65b5e22eb9c9c1,e81db4dd01c24a4991a9f2318ef0b710,34bd439438d34dd39495895cb62ef33e,14,True,False,Vehicle,future_incomplete_or_outside_recording,6,3,,,,,,
4c5c675340d14cd88a65b5e22eb9c9c1,e81db4dd01c24a4991a9f2318ef0b710,357e33322f8b4f918c48cbf6991869d1,15,True,True,Vehicle,,12,3,232269,33da8cc2c4879d8e2831b83b4bfc50edf5bae147ff4320344ce7c163a8b3ae30|874013cc2eb1385b4926edd3a188eb67f6d777aa0ec8f4097ecd0eeb3d22aea8|def58b374581eba7314a37f48d3b6dc262679258c6a323a61615d762e375943f|6d9b3d5a1150a77d593cc4651c6b84b84530609492494f60c77bb4bebbb710ba|7a976d6c2a7f5c63cbddcaf484ebb1d9efb4b7fbd44e37168bb9c04598d83d65|cf9a38ffd2df1c5ce542dd3c65e57955005a096451abf48c3f72fe61e298a244,0,3.814697265625e-06,1,"t0 ego planar: +x forward, +y left"
4c5c675340d14cd88a65b5e22eb9c9c1,e81db4dd01c24a4991a9f2318ef0b710,3714f826ec4c4d1fa87033599977559f,16,True,False,Vehicle,future_incomplete_or_outside_recording,1,3,,,,,,
4c5c675340d14cd88a65b5e22eb9c9c1,e81db4dd01c24a4991a9f2318ef0b710,43afa7073bd24334acd95acc127c4d06,17,True,False,Vehicle,future_incomplete_or_outside_recording,2,3,,,,,,
4c5c675340d14cd88a65b5e22eb9c9c1,e81db4dd01c24a4991a9f2318ef0b710,493b4fcfc10447f88f818f861a42b514,18,True,False,Vehicle,future_incomplete_or_outside_recording,3,3,,,,,,
4c5c675340d14cd88a65b5e22eb9c9c1,e81db4dd01c24a4991a9f2318ef0b710,4b5680bcc6284a0eb0fb22e518a56fbe,19,True,True,Vehicle,,12,3,232270,befc20c796172bca9262a2b987f75ba6144d05869a906e9363bf4a52b994035f|72bd494acfa6167334cbdbb2b17fb73bb1f1aa90e9b054933d142ed08958797d|cc57011b6265f1898a8166b6f2efa15e6719d60b2c62d68cb11b105f31528dea|b874679a1685136467d3571e1e0f76cde7e3e4f9d9290c0a2a8693a3c916c1af|f23b24d4d47b70d458cf3a9c3ba84f079ccb117ce533c1f673057a57c84439a0|48558e8ed66c4baaf216db7bb2e858e47cb10e44225d86d3695851823d6515cb,0,3.814697265625e-06,5,"t0 ego planar: +x forward, +y left"
4c5c675340d14cd88a65b5e22eb9c9c1,e81db4dd01c24a4991a9f2318ef0b710,4c2cbdf39de646ad92f5c6bd1ecd812f,20,True,False,Vehicle,future_incomplete_or_outside_recording,4,3,,,,,,
4c5c675340d14cd88a65b5e22eb9c9c1,e81db4dd01c24a4991a9f2318ef0b710,4c7e26bf2c00490090a73daec1f59fc7,21,True,True,Vehicle,,12,3,232271,5e6c38d825edcb2b230fcee7fc2d9019cab5b1fbb0ecd8181cdcfbe7dd2de2d0|76a0ed4f1ae2d28b9e6baf9bd72419ccc2ffb210c35d03df4a20a61192ca6ab3|b474109a80acdf90e1e4276a7d83730e0a0e5828680ebe97bba4952319a8f5c4|67b1515ad7ff6dd89ca120b0255b63f2f0efb4ccf58eaf0c674c5eaa3007bd34|ed6301d38046115c20647bce9e5cfa8b088c963016a50cd1f551c4eeccae606f|0b55ca5336f253062c1b243101e9b5e99a573dc3d39da63929ca816b5e11f96b,0,3.814697265625e-06,1,"t0 ego planar: +x forward, +y left"
4c5c675340d14cd88a65b5e22eb9c9c1,e81db4dd01c24a4991a9f2318ef0b710,4f6050b1d96b4c2fbe0a6cb3a4f91c04,22,True,False,Vehicle,future_incomplete_or_outside_recording,11,3,,,,,,
4c5c675340d14cd88a65b5e22eb9c9c1,e81db4dd01c24a4991a9f2318ef0b710,500dfa8d16e44225a99d231720236887,23,True,False,Vehicle,future_incomplete_or_outside_recording,5,3,,,,,,
4c5c675340d14cd88a65b5e22eb9c9c1,e81db4dd01c24a4991a9f2318ef0b710,53bbd2c4541e4c22998e29c8d0210a4a,24,True,False,Vehicle,future_incomplete_or_outside_recording,9,3,,,,,,
4c5c675340d14cd88a65b5e22eb9c9c1,e81db4dd01c24a4991a9f2318ef0b710,59d8da81f743446bb46faf9519c01e7e,25,True,False,Vehicle,future_incomplete_or_outside_recording,3,3,,,,,,
4c5c675340d14cd88a65b5e22eb9c9c1,e81db4dd01c24a4991a9f2318ef0b710,5a277a9626e94ba5a82055cf2dde717f,26,True,False,Vehicle,future_incomplete_or_outside_recording,6,3,,,,,,
4c5c675340d14cd88a65b5e22eb9c9c1,e81db4dd01c24a4991a9f2318ef0b710,5ad0783a08684f38bc5a48af6ee5d308,27,False,False,Vehicle,insufficient_history,12,3,,,,,,
4c5c675340d14cd88a65b5e22eb9c9c1,e81db4dd01c24a4991a9f2318ef0b710,5b40430ffe47437f85dbe74e5058e646,28,True,False,Vehicle,future_incomplete_or_outside_recording,6,3,,,,,,
4c5c675340d14cd88a65b5e22eb9c9c1,e81db4dd01c24a4991a9f2318ef0b710,62ae823a105c4b7e9dcdf6c5f21f89f6,29,True,False,Vehicle,future_incomplete_or_outside_recording,5,3,,,,,,
4c5c675340d14cd88a65b5e22eb9c9c1,e81db4dd01c24a4991a9f2318ef0b710,65240169fa07450aa0d34e62e4cb5f0e,30,False,False,Vehicle,insufficient_history,12,3,,,,,,
4c5c675340d14cd88a65b5e22eb9c9c1,e81db4dd01c24a4991a9f2318ef0b710,69dd730198f348768e53af3225794c3d,31,True,False,Vehicle,future_incomplete_or_outside_recording,6,3,,,,,,
4c5c675340d14cd88a65b5e22eb9c9c1,e81db4dd01c24a4991a9f2318ef0b710,6f3ec67a402346d8aef0eb7cb29c16cc,32,True,False,Vehicle,future_incomplete_or_outside_recording,4,3,,,,,,
4c5c675340d14cd88a65b5e22eb9c9c1,e81db4dd01c24a4991a9f2318ef0b710,74c04fcd5ae14c4282411960ccdafaf0,33,True,False,Vehicle,future_incomplete_or_outside_recording,8,3,,,,,,
4c5c675340d14cd88a65b5e22eb9c9c1,e81db4dd01c24a4991a9f2318ef0b710,7fdf07431d6443208ae782aee4a59c8f,34,True,False,Vehicle,future_incomplete_or_outside_recording,2,3,,,,,,
4c5c675340d14cd88a65b5e22eb9c9c1,e81db4dd01c24a4991a9f2318ef0b710,82c6494437de47ffbf48e97bd95dfda5,35,False,False,Vehicle,insufficient_history,9,3,,,,,,
4c5c675340d14cd88a65b5e22eb9c9c1,e81db4dd01c24a4991a9f2318ef0b710,855b91fc094a4661aa56c5189b435f34,36,False,False,Vehicle,insufficient_history,12,3,,,,,,
4c5c675340d14cd88a65b5e22eb9c9c1,e81db4dd01c24a4991a9f2318ef0b710,875ab4b5ccaa48d4b900fb33b4ec9c9e,37,True,True,Vehicle,,12,3,232272,942b14d2b0241f79c2f6fe84a2cb93ba8214cb6837b6f0ae1a1c396688011490|cf788931446f8847424257e15ac42e58e22453f844565b7ba108474bb98d6e44|94a78394f37337cc8a64223b21debc54d30f8ac8217a570e773f0a4e45ce1a25|9c685f430023f575e26cf6866d6d1706ec600ca4815449282bac95aa87548377|a21873551c16923847c3ed06d63e1749cdcfabc1f39548705380fba66e451ef8|6813b4e87b65d31efe5e3fb8de2ec6530b985ebd761ef152810aeb8eb29276e9,0,3.814697265625e-06,1,"t0 ego planar: +x forward, +y left"
4c5c675340d14cd88a65b5e22eb9c9c1,e81db4dd01c24a4991a9f2318ef0b710,8d1ac6d2b5cb4e4fa0550af3aca076f3,38,True,True,Vehicle,,12,3,232273,42101524e94e1e391cc910814733ea89dab2e956cf6b01685e080d978d4436ff|8cae83a5e97876b6b0e540c35c3baafd0334f19b40ad1583c17834c8146dbc8d|37678b539ebedcd5dc4ab68e744faf0d6da6b431be530585ddc056e7584ed388|2ce6e973a9e4708b2f713ff48291f266930b1919ef3c687597a6fe857d6bbe0b|67ff8e4bd9e2f9391a5288f52d5a31a87a39ac2ab385eb3a25ac4cbfc3dc775d|6c7d098b9737a07bef122b610103ffd04cc130564dbef658812e95aaa9e50561,0,3.814697265625e-06,5,"t0 ego planar: +x forward, +y left"
4c5c675340d14cd88a65b5e22eb9c9c1,e81db4dd01c24a4991a9f2318ef0b710,922a18b4369247b3827608b5becd4fe8,39,True,False,Vehicle,future_incomplete_or_outside_recording,1,3,,,,,,
4c5c675340d14cd88a65b5e22eb9c9c1,e81db4dd01c24a4991a9f2318ef0b710,9a89ff52bab24e219c4b06fd1d8506d3,40,True,False,Vehicle,future_incomplete_or_outside_recording,11,3,,,,,,
4c5c675340d14cd88a65b5e22eb9c9c1,e81db4dd01c24a4991a9f2318ef0b710,a0440574760f4748aea10854f2391d84,41,True,True,Vehicle,,12,3,232274,4d5b74cfed6b6f8b1fdf8ee825e82c4833944e60eb4f2045735f8c896646361a|7cf3bbb06832e7ae0ea061db8cf47ae677b642115ed81b08380b602868bc92ba|1dd4fa59d6d0f9643ddb3a6d6ed5dfee5850bbe4b44cd4c538b5147e72f563fc|77df3f57e2ec861885940e05f43ee045d5adee0398f08ab56603c48d7023301f|74bd8f609fec947047ffdb9bc695a9c166338ffd96830322b34cf7fbf7723154|0eadcca1ab350c68a8356bff3fc8bb49c24db39b354f11568e1f77e15843455c,0,3.814697265625e-06,1,"t0 ego planar: +x forward, +y left"
4c5c675340d14cd88a65b5e22eb9c9c1,e81db4dd01c24a4991a9f2318ef0b710,a0c2a25acd2947feb16b48f3ff2a892c,42,True,True,Vehicle,,12,3,232275,57210a2a5e46578be2b2935e7f0a3f59d6863eacd2bec75f6d3a0419f51ec389|7259f83722b6766979cdb3a0ea8ef8d5a026fd614047f720c8e09793a5448049|0d5243d3e8a3f29272d241aeca71165fe1abf843ee35e00caa7cede6f1e98465|eba625b9ea189e8fd08fd66f700ea16cc9f55375f4dfaa98a25b502234d6b684|9b0490243896bd4c2af27b6783fdeebc998339048f4ece4b92d31a00ceee8220|4903d63e597b9716dd8b3b967f6f1059fe81df528aadc60e2a456f85c8ee047c,0,3.814697265625e-06,1,"t0 ego planar: +x forward, +y left"
4c5c675340d14cd88a65b5e22eb9c9c1,e81db4dd01c24a4991a9f2318ef0b710,a21d993c41a74a1b8abf88c82b2c08f4,43,True,False,Vehicle,future_incomplete_or_outside_recording,7,3,,,,,,
4c5c675340d14cd88a65b5e22eb9c9c1,e81db4dd01c24a4991a9f2318ef0b710,a36af50497604a56b8d1644171b4bcea,44,True,True,Vehicle,,12,3,232276,c3b1554684f9f4b6a27ad81ad005dd99fd4ca4af79ea369a260e6a60500b1aee|0e8feae8245e48280ca33b2d05d1f4e8182b40aa7ce398289398c24f098a6625|489a2bbd83aa59b9b36e82a9ca02bb5aae78f95ebde4a99bfbcb1480bebc2ad9|9797f0c6a3ae39ae23c10e19db7168dacf2c04cbfbb477677984c47eb24f8877|cc67d362c5b4843ca4d8b58740b2406f3513776cf1043ecfb980127b903717e4|f19b92822f98f795cac34bf798d0e9849f4438054f36fb3c80273ddec4abe6b1,0,7.62939453125e-06,1,"t0 ego planar: +x forward, +y left"
4c5c675340d14cd88a65b5e22eb9c9c1,e81db4dd01c24a4991a9f2318ef0b710,a549ccdb5f1f46a881268976f2f1770f,45,True,False,Vehicle,future_incomplete_or_outside_recording,11,3,,,,,,
4c5c675340d14cd88a65b5e22eb9c9c1,e81db4dd01c24a4991a9f2318ef0b710,ac89774cde574a8e87b132e3ebc5f988,46,True,True,Vehicle,,12,3,232277,3b2cd615ef353901fd68d98946b9ce0c212539f39604ffd7428739c73e3a429c|30de9fd6f289ea43c5e56aa1ee5f99200157cbbf57e1be3f76457384ba9e8c19|b4d54962d742a44eecaf9f7ebbdd59d7db6684547a7f11b148000be0b7cd5fab|63065af5ff791f546acdf3d1d2649016898287eebd809b14193d4e3e927ecbfb|93e0cf764cc88a9e944e5208f14a804992f4c97114540ebf137723216f03aa20|8209e355fdbb0169a1c1fb348e9e1ffe8abc82357a6f07a32ea5d0b371a6d422,0,7.62939453125e-06,5,"t0 ego planar: +x forward, +y left"
4c5c675340d14cd88a65b5e22eb9c9c1,e81db4dd01c24a4991a9f2318ef0b710,ad16e01e741e4a0caa9a48c614e3cbc2,47,True,False,Vehicle,future_incomplete_or_outside_recording,8,3,,,,,,
4c5c675340d14cd88a65b5e22eb9c9c1,e81db4dd01c24a4991a9f2318ef0b710,b058e3a455ff4939b928812981c3ca7a,48,True,True,Vehicle,,12,3,232278,2b7a627844271b0a7817237fc9ed41ced49c60cb101e02ae3a338659477a81f2|155d4cc40458843cf83177d738e88bb963ca04654267b6a505289307b0496887|ceb4cb449c534dee537097aa23396150e1f7f0433197eeae61a058db32afad7b|a5fc0827e122c5e2525632952d4d3d39b1f7f894b6ebd5a826897e2f79bbccd9|bf463c01bea6abb4d3a544caa4bc037350440c3a010146b32552845a491e6d85|11a2e6280584ad2c751d2137c621ea05d1a14e556a984c1e388209837ae8c831,0,7.62939453125e-06,1,"t0 ego planar: +x forward, +y left"
4c5c675340d14cd88a65b5e22eb9c9c1,e81db4dd01c24a4991a9f2318ef0b710,b0a7cbdc2b934e8886c087b384e3cbf4,49,True,True,Vehicle,,12,3,232279,f788c34581085f3fd3aee085b135a88eb9cb712b6fb0f790c1dab88f779751f7|f477a47dd425b8a73487452c2a1a717bd7a3c0369050c1d541a587374f0e741a|ff58cb3765a8d8fa09edded864a194a697918469458af8760a66632924e16a91|f445ac1c57afaac561eb3a1acb245d6b2bd48b7fd54807a0af540e701e4483f3|d8a19853e9e095ea31f65238cabb80d33566e950650c1a9d126254843fb65be3|e678b66b8dc72fed68a83bba0a527e7f502827848552face91050dfbf24c603d,0,2.86102294921875e-06,5,"t0 ego planar: +x forward, +y left"
4c5c675340d14cd88a65b5e22eb9c9c1,e81db4dd01c24a4991a9f2318ef0b710,b26ded94cdf2453aad699d27a43f9fa8,50,True,True,Vehicle,,12,3,232280,1953879b5bc942f0e91b43c871249866fcad166b8240fab69eb380419741b9ef|7749b34e87ae3b34c51ac6d8be742f7e6f0b416ced0424f5ce3b941e24819dee|0fa1695a05f595ab8e2c4fd10afe9487f65b38433a7424383866615794c3c275|60b956fd651763c0acc9a4f04099fee30af76043503acd2470888ab68ef556b6|c51bf38eb046a1991922036e92f551b60d4ae24a2392432d9a5519f200b86d6a|0726e108bc1fd06a4aee562f658e982ff9fe297ab21705f71cccc8474d66b31d,0,9.5367431640625e-07,1,"t0 ego planar: +x forward, +y left"
4c5c675340d14cd88a65b5e22eb9c9c1,e81db4dd01c24a4991a9f2318ef0b710,b40aa47c74d044d5a845a2d846f0feea,51,False,False,Vehicle,insufficient_history,9,3,,,,,,
4c5c675340d14cd88a65b5e22eb9c9c1,e81db4dd01c24a4991a9f2318ef0b710,b8ced3bf360d48c0aec69f5679e67c23,52,False,False,Vehicle,insufficient_history,12,3,,,,,,
4c5c675340d14cd88a65b5e22eb9c9c1,e81db4dd01c24a4991a9f2318ef0b710,ba068876945e4f92bed023dd30d6ac68,53,True,True,Vehicle,,12,3,232281,9127715823cd4f392e9ff4b4c8281f2b59936c2b489f6e9e19eaefe7b43c7ab8|35a1eb7df34dd2cd09b536a7747b3b20a70d41078deac4936c3d25eaf388e822|3bbb26961634bced831aa35f65a9c3c59fc6e9d9c6bb5c72a1761101091d29a5|36372013d4f0c116759ddf4e80d06ef956f7554a2016c5286777669845d21a87|7141fa6ee3f928f350832ed84e7d7cccd088824052d1397645b2484201b76eb8|f130959435128eff7135f68d10b493428ed99b2a63583a1ea3930f1bf901a754,0,1.9073486328125e-06,1,"t0 ego planar: +x forward, +y left"
4c5c675340d14cd88a65b5e22eb9c9c1,e81db4dd01c24a4991a9f2318ef0b710,c0788f111d364c32bddfaf888e76dd80,54,True,True,Vehicle,,12,3,232282,5f22477675bab2b68b4bb6829d37250e5dc72de3d5467323d1c684203c7470b5|9f4fb801246f06a471bdea471e879893d7a0823404fb942000f04ca01cc47f09|80abb356a1b1392d40258f6abd5f6e65f1231d9cf1a7b9bc9349e7a7b63faaa9|4da103f33fd7a05862833d52063cb47f34b21ede47dbe66c875f2b5396dcd262|40437f936ece0abad683431d1dde63799df8df41e7c0f203d58d823793465946|ab27f4499f10b9fd0e9e8a4e825b4558c24d3664c76c1740d6139bcd843a3aa4,0,1.9073486328125e-06,1,"t0 ego planar: +x forward, +y left"
4c5c675340d14cd88a65b5e22eb9c9c1,e81db4dd01c24a4991a9f2318ef0b710,c4ecef69904a4bbe8b15d63d028b0bec,55,True,True,Vehicle,,12,3,232283,8f7cf7346a4d3d762a6d3c039ef36649bf6055b389ecc94537483cebf779b68d|98f8570d140d15c53dd072252caeaa670b133450025e0d86bf9312064e34eed1|8e2992baf0a82b861d5aacfdb9c689637842b4e846490a555a5f33a64442e7a4|0823078b46ea35b7b394d13148d846c992cb29cf7be441081c67b0c9279347b1|62d4b36ebfd1c0dfe1a99cce3127ca25b606dc95ad7f7bb9ab75f5636ea1e96a|433b56f9af8efc06b8592d938bdc9cf73d7d3e554a36de03549da4d818c1d277,0,3.814697265625e-06,1,"t0 ego planar: +x forward, +y left"
4c5c675340d14cd88a65b5e22eb9c9c1,e81db4dd01c24a4991a9f2318ef0b710,d0cf4cf7f2e54a4c8258b18953e30429,56,True,False,Vehicle,future_incomplete_or_outside_recording,9,3,,,,,,
4c5c675340d14cd88a65b5e22eb9c9c1,e81db4dd01c24a4991a9f2318ef0b710,d1bc3995dc294cada882109a9851e074,57,True,False,Vehicle,future_incomplete_or_outside_recording,3,3,,,,,,
4c5c675340d14cd88a65b5e22eb9c9c1,e81db4dd01c24a4991a9f2318ef0b710,d5043cf0d08b4630803e8917d505db52,58,True,True,Vehicle,,12,3,232284,9e0a27398c784508a5b08fbb2afc21052048196f1e767d2d8b8089f408499187|3b93efa9440c61ade88018610243d5bbbfc5491e7a0dc57ed3554d6a5f0ab854|c4494279cd44a773809552b787d0ebd74128040fde9fa03cbaf6063ad4b1a1d8|3c81488cfe7b5bc8d3aa386fca57ea585cc598d230afdfae5d51e314b76695ff|30caff3b817c3eb72cd2b527cd8547378ae077e05c6d0d10bc67075f8813891d|0dfea9ebc9072b486baabe9cfeabd7ab5123e33aaefd0d40d6714778b9d7552b,0,3.814697265625e-06,1,"t0 ego planar: +x forward, +y left"
4c5c675340d14cd88a65b5e22eb9c9c1,e81db4dd01c24a4991a9f2318ef0b710,e1ffac27bd554388b3d4fe107232ed71,59,True,True,Vehicle,,12,3,232285,f45e7cf02744d0ab92202769cace91155c2237dbb2c70d303637d8f8bab96d34|12d2c531062675400b4e98db09225327c167974af506caf9303d147b226736b9|a891dfe5e6d794a86a6195719942e2f70143419cd6ed90658ace006b1da52d61|1ce66fe6987b1af8a29ca15c38e29b505f902e99f6b73b28414d0ffa8b736c80|a9aac0a8645084b3c3f272b6a2c4bddde1b51a473d102631649d5e0704d30bfa|9f2beae08a9f6d72ba721b2160b395bc3120794e41bf1fd2bf7eacc61e6dcde8,0,1.52587890625e-05,5,"t0 ego planar: +x forward, +y left"
4c5c675340d14cd88a65b5e22eb9c9c1,e81db4dd01c24a4991a9f2318ef0b710,eab8c234fc304dd2bd7d360eb5af1fb8,60,True,False,Vehicle,future_incomplete_or_outside_recording,5,3,,,,,,
4c5c675340d14cd88a65b5e22eb9c9c1,e81db4dd01c24a4991a9f2318ef0b710,ec6dea4a909948dc9e23a221bd3c5c2b,61,True,True,Vehicle,,12,3,232286,d13537c1fe0fb67a8a784b8b96e57b70db66fbe59b3b9ce26f6cdc297010529c|305450f95e293246d0922f6eed68ceb7ed5d044c66b63bf8e81c29e0380a5073|c3abda45d857bbd804c2fda6423efe8ee6a12e5f0e8686a3dc3e07ef28d0cd2e|b68cbefbe7785ffc52b02aef4ce2ec72681ea43094a50d84623f33f1cbd785a8|bc3a82bc8fbf913f2bdac001b367699b6541d72825e449484fe0cc276e08d6c6|8e615597be3b6f4870ecb88869830a96ec1b72fb1cff202b43b3c1427a2b1a6c,0,3.814697265625e-06,1,"t0 ego planar: +x forward, +y left"
4c5c675340d14cd88a65b5e22eb9c9c1,e81db4dd01c24a4991a9f2318ef0b710,f260bf849e6e47ff9c31bb4bdfcb8cc6,62,True,True,Vehicle,,12,3,232287,819feff7dcd90c2aadca259a004f949b2376b368ac5b4f13790ab76ccd94835a|5f86fafdaf5fe3d5c63e8b4e2382e66e7ec889829abc22005bf1d4fc427a2860|8bedccc7832a4d8f2cb1728a1cd306873d7c5631c1f0e533a0b22046d371e854|506869b42df9a0504d06ce6230e12295822b5b38b085640ecff2f30424695f83|eb897494e118aee67bef43f794a39a5d9328bf0d76bae7e6fb691671fd38f4f1|089f91ee0dc8807a75e9c9d57e607f150b01bebd91e8cfe87e8d4406f20273b1,0,3.814697265625e-06,1,"t0 ego planar: +x forward, +y left"
4c5c675340d14cd88a65b5e22eb9c9c1,e81db4dd01c24a4991a9f2318ef0b710,fe52095001b2499884a647d8908c8397,63,True,True,Pedestrian,,12,3,232288,3edbaea7dd5fffc8dbe87725846d1b8911b24cc54453ee5c181c2f16a31c8aa4|d9a2fb57aef8e0f9ad202a9f11ddb46bc81e7cf0ab1b7fcf6386b2192cee9aec|ca1f8c9aded445e95ed7f479fb68eb7a1ed70a718f1b4fbe0f9d22126d958a70|e01cfc2922d5aca90de44bb037fa8d046b0fce89c06f8cf7ebaeb2e8e671a8a6|f1e969ee3e95de519634fd18900e58347802675110b6bba3c4d4b28bba974476|cebafea9ee4049b88f740416eb60ecddea6c8ac08f78340a051939c483404be2,0,2.384185791015625e-06,4,"t0 ego planar: +x forward, +y left"
4c5c675340d14cd88a65b5e22eb9c9c1,3402a5670edb4b0ea931e45afaf4aa8b,046866e763484c619d028f0d870ee33e,0,True,False,Vehicle,future_incomplete_or_outside_recording,6,3,,,,,,
4c5c675340d14cd88a65b5e22eb9c9c1,3402a5670edb4b0ea931e45afaf4aa8b,0d8fb5351b204380a27cace403f94a8b,1,True,False,Vehicle,future_incomplete_or_outside_recording,3,3,,,,,,
4c5c675340d14cd88a65b5e22eb9c9c1,3402a5670edb4b0ea931e45afaf4aa8b,10fbe19030284a76a9c6288e8d0b2a2d,2,True,False,Vehicle,future_incomplete_or_outside_recording,10,3,,,,,,
4c5c675340d14cd88a65b5e22eb9c9c1,3402a5670edb4b0ea931e45afaf4aa8b,123fbfc218f049f5951b55cf9f51af1c,3,True,False,Vehicle,future_incomplete_or_outside_recording,0,3,,,,,,
4c5c675340d14cd88a65b5e22eb9c9c1,3402a5670edb4b0ea931e45afaf4aa8b,13cda5b05d744e969e034507cb476dcb,4,True,True,Vehicle,,12,3,232755,6d44e1c989d63f33795366056d4bbb9b20258d529e8ba1ff8a4b5bbbfd69b212|ec8e491c780ce6f330ba2e027222654672d694dfd863cb76c1436e3533e701fc|b02fec11827ed55878ad743af984449178f872b538ade2e5b8860d76677fdd31|dd365ae98461da998e1f5f93c6ee34ba64e80f895db5dce9cba6c6a8f7785474|82e74f40c97fd7c1f5a53305ecad42827a4860507e0a8af1e970e8c98cd338dd|262b4a11b052b350b82b2c1db1ed215024a162ccd4ebe6a36afd50615d76cbf6,0,3.814697265625e-06,1,"t0 ego planar: +x forward, +y left"
4c5c675340d14cd88a65b5e22eb9c9c1,3402a5670edb4b0ea931e45afaf4aa8b,19747a06b4f74aba86cdff33ff1e3e6d,5,True,True,Vehicle,,12,3,232756,df03d0a4232c01de247622cb262bd2673dffd6cfdf82beea0bf92f9180a54e7c|2bc4d08e4a11d1ad99a1f842aa909e3520fcdc331cfdae144998a91d57d75ceb|d6ab3ed755cef16218cd132e303585b09423ad06b16de07a9d36fca310be9b87|39dc1ea8e9ffca33a01fef9068aada71c499e06336dcaeeddf2d69e9044dc336|c7771763213fa42370d95fe1ed00cc6cf22ef4466c5c5cbf633ce1a2a61ee477|d56d0197350e09b2505ef4553ecfe5bbbc90c41dbe5e68dfbcf0836a4a10ed0a,0,9.5367431640625e-07,1,"t0 ego planar: +x forward, +y left"
4c5c675340d14cd88a65b5e22eb9c9c1,3402a5670edb4b0ea931e45afaf4aa8b,197f4613184946b1b250909c551c0c2c,6,True,True,Vehicle,,12,3,232757,3db23a230ae7aacbb298ebb2b0a12a644ac2e849c98986010432df527fed96f9|0df16795f4ce776c2e4159050b6cfcf295383fa6161a72a9ea9cc1d118783d9a|e44eb67e76e99f36598b86723f4136cb7be7b684a812e1920c08f69f3262c0f3|1f955ee6ccf454358e0ca86e6497d02bab5d00bc433aeee588de9359c8fcdb91|eaa2b26172f325eade25bb4b851aaad36fe4dbbe36a538a01c6f862178754795|bfb2331a24e96f332f8a134681cccfe9758b18f75c9e9bb673dee6cd9d116551,0,3.814697265625e-06,5,"t0 ego planar: +x forward, +y left"
4c5c675340d14cd88a65b5e22eb9c9c1,3402a5670edb4b0ea931e45afaf4aa8b,19bf21b2675a4929ac7f6e001e497dc0,7,True,True,Vehicle,,12,3,232758,405d06fc52da8a25fb2ad231cddb9f3e05e0405fae1ab7382a0c45f5f98a93a5|89f57374d3450409f64abfc3114f8ac50ca9522b938c14983cccabbd2d2ee944|65b13139a847b2744038804fe3b9f8c784503dee180be7196fbb4509d2365fb9|3ae5a72fe25ab8961d4d8b8dc263c23777efa41788b2423b665e9301f34ecbf0|2576c48b83f2099195a7a0db752f38e1a750bf2f0f555d9f898de2b80a1335e5|0c901b5f2fe23c87c8976c8770192d8e22385d6924a7a17c6406641b1f055563,0,3.814697265625e-06,1,"t0 ego planar: +x forward, +y left"
4c5c675340d14cd88a65b5e22eb9c9c1,3402a5670edb4b0ea931e45afaf4aa8b,1c1c2ee86c56437eb2d984c8b491e8b1,8,True,False,Vehicle,future_incomplete_or_outside_recording,2,3,,,,,,
4c5c675340d14cd88a65b5e22eb9c9c1,3402a5670edb4b0ea931e45afaf4aa8b,1cdf84aa47704375b25fb63fa8ec7409,9,True,True,Vehicle,,12,3,232759,9b8d2eaf6214ec96f9165d46e21711e6492f7958bd7a149ee00fea455938eacd|09ef1129b467fdcd41137c1b1a8f36f1e2253415de9728ff304141b5f9fb6f7b|7fca971525c2f189eb0ca7ea6305830a3974c40f29a40eef67923b2d0611776c|39b463970d93d66a6fd0934df95b6ca90b64067edb1a79370967992ce24584d9|462472680545ffad928bc376bda7247aa1f87d991afacc46c34366bcd72db282|eee64d2e98de58c5774ee0442317b5a2edb27343a74e29f75e7f56834fa56e57,0,9.5367431640625e-07,1,"t0 ego planar: +x forward, +y left"
4c5c675340d14cd88a65b5e22eb9c9c1,3402a5670edb4b0ea931e45afaf4aa8b,1d6a5bd41ee84317ad98e340db3871d1,10,True,True,Vehicle,,12,3,232760,5d7896d1f5b3cd4a0d229bbffe03794a15a981aba95b1a31cc7eea4642f702b6|65b84734beb7e6be160c5077c9b5bf6b7e5268c1e86d0cf7af21a4091512f081|6f6fd17c9269da5489e4dca237e30ab17580ef3303182664177d2205831b7bf7|780ee0c24be46e46538db18d7d19c21d6d52a369106c8c0ecb8e6081d468932c|3c3b97a8b84f892f1b13008c82ef77471a5658351fb04aebb5ed8009e899e0f8|37dc3f149428baf45514aa78278e8e4d36499f5f9feeeee60615fdabbe715989,0,1.9073486328125e-06,1,"t0 ego planar: +x forward, +y left"
4c5c675340d14cd88a65b5e22eb9c9c1,3402a5670edb4b0ea931e45afaf4aa8b,20313d6413f44464ad7e452452fc833c,11,True,True,Vehicle,,12,3,232761,105ed6b0fdb8dfbb4ab0f4a28d3ad9c1aed640edc33e49dde24043997fab1f6b|8f906f83bc96effd008a52e228f603a2466f1a55e123fa8ce5213dc96a1e0da2|f40e3d96e5c2d817f208b812d94ba87f93c44fc7136a0665673b4b3fa8e9cc7d|bc958fae3128310b0504a5abf4af9cb15aed1acf0490de9196fbf6f7338bdb16|cf548e247c253d54c4038e55feeacd25e6e711dab53cfd5332dfcee2c9bb6de2|6fcc02059b129651ec2a39e6eb4f17b27f9d1c28def9bc3dbd1b4e51ab8dc906,0,9.5367431640625e-07,1,"t0 ego planar: +x forward, +y left"
4c5c675340d14cd88a65b5e22eb9c9c1,3402a5670edb4b0ea931e45afaf4aa8b,2135aa61d22f45069abdeed8a38556e9,12,True,False,Vehicle,future_incomplete_or_outside_recording,7,3,,,,,,
4c5c675340d14cd88a65b5e22eb9c9c1,3402a5670edb4b0ea931e45afaf4aa8b,2307004e61264618aab095cf71ee489b,13,True,True,Vehicle,,12,3,232762,cb7ca83e7f932313ef998a70adbc50029fad43a4d84520b29f6f3f797e068faf|d20d1c3a836cf9d4daea256e21413078d7a5f45d412a7db35ca9bd7b543bcee9|db605423e5c3e82c5f37c9601b5810c54bc08697bb9bec8f56229e10da3caf58|1fd972f487a68ed242a0898b2843d56008d2197ad6469f7cbba1a299cb72d159|322f551cbb6e811144370c1e9b4936f6b8c9009923c9ef1d9b0599cefd409bce|8c58b9855abdbd329fbdd7e670d711d1d9cbdf2ee584a5aa7e3e67b4dc4eaa98,0,3.814697265625e-06,1,"t0 ego planar: +x forward, +y left"
4c5c675340d14cd88a65b5e22eb9c9c1,3402a5670edb4b0ea931e45afaf4aa8b,24912a23fdc54822a163540f910b0594,14,True,False,Pedestrian,future_incomplete_or_outside_recording,3,3,,,,,,
4c5c675340d14cd88a65b5e22eb9c9c1,3402a5670edb4b0ea931e45afaf4aa8b,25050d6de3d34aa7a51df4d361bb8723,15,True,True,Vehicle,,12,3,232763,e565041c664f66ba62fc2bd412ef711f0037ae8b946f9fb1bc0b685f1825726d|ce7713b038735ed44e71b7e5a71f01e807b4c81718f4ad9ab2f32363586e9648|7da8950783e1e8c917f07fd589ac39c64b67e1fb64668d648d1dd8fd0975f53b|881e75341cbd38bcecf095bbd2689f9e5f7e17ffe62add70f633702fe3022857|fbd5af736f6bbd2dd82d4bf69bce93cd9c8feee6f6b7a45f5ebd240afc23dc17|459004f7ebeb677d872fe76f170b39cd1e1e11ec6cef0d30e0119d2497f3db0c,0,1.9073486328125e-06,5,"t0 ego planar: +x forward, +y left"
4c5c675340d14cd88a65b5e22eb9c9c1,3402a5670edb4b0ea931e45afaf4aa8b,254f1f346e5f4728bfafabf788596d66,16,True,False,Vehicle,future_incomplete_or_outside_recording,0,3,,,,,,
4c5c675340d14cd88a65b5e22eb9c9c1,3402a5670edb4b0ea931e45afaf4aa8b,2b13edfabd9b4bad8f041eee872d5ba4,17,True,False,Vehicle,future_incomplete_or_outside_recording,9,3,,,,,,
4c5c675340d14cd88a65b5e22eb9c9c1,3402a5670edb4b0ea931e45afaf4aa8b,2eb7af57f53040a884a23e2e09327f17,18,True,True,Vehicle,,12,3,232764,0b0422271ed20f39ec691e7112ec8f8b075ddc803c358c69894362ade1147195|e2114768a4c62c8f3b5a96bb940039579d2cf459419d5d75b27bdec06421aa93|9e7563c7158c6951011c4e378c8691705e2d74b417c2f116c480421c9ab5f910|b4aef9b089f800b015747d028c546b67f0e1c39f7aefe7f1310c6069391d7a4b|002b0817ca0977f5e7627909d2084cb00add967b458efbcf9c0a5d2b0b8add3e|b5e57ba91eab1d3ffc9f2dd67ff27a154955098a1d934eb82389583d62eed3d2,0,1.9073486328125e-06,1,"t0 ego planar: +x forward, +y left"
4c5c675340d14cd88a65b5e22eb9c9c1,3402a5670edb4b0ea931e45afaf4aa8b,32021c7af2ec4347b60b5026d9934daa,19,True,False,Vehicle,future_incomplete_or_outside_recording,3,3,,,,,,
4c5c675340d14cd88a65b5e22eb9c9c1,3402a5670edb4b0ea931e45afaf4aa8b,33753d356a4143bab7aaec40a5ee73fd,20,True,True,Vehicle,,12,3,232765,37cb6cde8881b757f79ca9810c0049cc2bbaf966a74e1fa87c73b4061e716df8|58acb16b62f225ede8a4b826a8f151dc68e1405e799224ca7335fc0c8c61356c|10992062d2668cf988aeab1f7f143ed896d1233abf98254b5c3c181933847687|1dc6cf0af26af1aa1965f670bc87c4a678deca4193d5d0d0ed20d5b365faa652|647976be4b440cd50c428e32560043a7b06d1d84e1584afaeb539a3a366b3e26|f8d78bd5a7b92252184df196f0ab397555c899556e3eb60689f67ad995f0a369,0,3.814697265625e-06,5,"t0 ego planar: +x forward, +y left"
4c5c675340d14cd88a65b5e22eb9c9c1,3402a5670edb4b0ea931e45afaf4aa8b,356d7b2cfec0412996502eb9aac5737f,21,True,False,Vehicle,future_incomplete_or_outside_recording,6,3,,,,,,
4c5c675340d14cd88a65b5e22eb9c9c1,3402a5670edb4b0ea931e45afaf4aa8b,357e33322f8b4f918c48cbf6991869d1,22,True,True,Vehicle,,12,3,232766,c1e80cfed801debe665b0591251d12a1fa7b3400785081e2b1cfaafad1817911|3c429679b7b2ca82f8385f02e458d43b95a1af9612ce11a5f66045ce22ed6c6e|fc282d4c220be1d8c407e0fd91a14f04dd9b55152174a5bca25d9a7017c6dee4|328b107555cee03c7ea282929d37ec36628b41e20ef0b1be4e2e6f553a59f6c5|10f62fd613c57e5b0e53faf8c33e004f539af5d568a27d5e016ad2a7d85b0a7b|76ed9c06c59767085585f90f3b9e87c67fec5937db4d9671a510298a0b938492,0,3.814697265625e-06,5,"t0 ego planar: +x forward, +y left"
4c5c675340d14cd88a65b5e22eb9c9c1,3402a5670edb4b0ea931e45afaf4aa8b,35c44187541149709ba4e7ab6d0ca706,23,True,True,Vehicle,,12,3,232767,d56c06c0ce1510dcb8add090a6ed8256e2f7c6ded93d2f346c765ce80590cf13|1366fe3008d3a203004bea4f497d7022ad7837d3835ac627057df7ffc2eccc63|023132eeda23bd25402d4452a97d4739bc6183d65306bf1fbe06c5cf4ade3afe|04adac838a87a97f06271a56c03b8fc1b9d101a05e9fa11d79ce913abb881314|00a41144d6b5b24b406a11fc0e62af5b98c54992d6d11bbd3ccae08261762ab5|71ff0920bfcf6ccddc938c890c1902818b7cc6ccb29395faac8bf2aadcf195cb,0,3.814697265625e-06,5,"t0 ego planar: +x forward, +y left"
4c5c675340d14cd88a65b5e22eb9c9c1,3402a5670edb4b0ea931e45afaf4aa8b,36950dd2adc34ccd8b1565307e5d64f1,24,True,False,Vehicle,future_incomplete_or_outside_recording,3,3,,,,,,
4c5c675340d14cd88a65b5e22eb9c9c1,3402a5670edb4b0ea931e45afaf4aa8b,3e1669823ee64e0e84dfa659fd9c6b77,25,True,False,Vehicle,future_incomplete_or_outside_recording,11,3,,,,,,
4c5c675340d14cd88a65b5e22eb9c9c1,3402a5670edb4b0ea931e45afaf4aa8b,3eaf4cdd122540c1b5b35bda22fdbc64,26,True,False,Vehicle,future_incomplete_or_outside_recording,6,3,,,,,,
4c5c675340d14cd88a65b5e22eb9c9c1,3402a5670edb4b0ea931e45afaf4aa8b,3f0b9fbf4c324020838723b3354025d7,27,True,False,Vehicle,future_incomplete_or_outside_recording,1,3,,,,,,
4c5c675340d14cd88a65b5e22eb9c9c1,3402a5670edb4b0ea931e45afaf4aa8b,4ad9a5a9d52946aeaf60c3be2f437bb6,28,True,False,Vehicle,future_incomplete_or_outside_recording,7,3,,,,,,
4c5c675340d14cd88a65b5e22eb9c9c1,3402a5670edb4b0ea931e45afaf4aa8b,4b5680bcc6284a0eb0fb22e518a56fbe,29,True,False,Vehicle,future_incomplete_or_outside_recording,6,3,,,,,,
4c5c675340d14cd88a65b5e22eb9c9c1,3402a5670edb4b0ea931e45afaf4aa8b,4c7e26bf2c00490090a73daec1f59fc7,30,True,False,Vehicle,future_incomplete_or_outside_recording,7,3,,,,,,
4c5c675340d14cd88a65b5e22eb9c9c1,3402a5670edb4b0ea931e45afaf4aa8b,4f03aa4b88834a6696e66e0b6dd2bd2f,31,True,True,Vehicle,,12,3,232768,241478422a22c07a5232e68e451bc06c228b56928030f779147f48280f03ba97|fbae0821bbd5a283ba5a293d0bc42e34d1044800005efee21120d8990dddbd24|f791e1547dedb2063931f8b96cc6b7161d4992b884599669ee5fc5c112cadf8e|d10b6cfc257a97a755d86f7be12f6ce788b5b19e079572f7fc40428b5897985e|f38f939e991f2313cbe1a9e2cfe6e99617f045c4b1269fc4159a377a223ddb11|7e322d2ad6d85d0d817af80ac712e65fbcd1d984dc01421d2eb1b96ac9f090ea,0,3.814697265625e-06,1,"t0 ego planar: +x forward, +y left"
4c5c675340d14cd88a65b5e22eb9c9c1,3402a5670edb4b0ea931e45afaf4aa8b,553023413dc24568bf1d5603a4f7a0ba,32,False,False,Vehicle,insufficient_history,12,3,,,,,,
4c5c675340d14cd88a65b5e22eb9c9c1,3402a5670edb4b0ea931e45afaf4aa8b,5ad0783a08684f38bc5a48af6ee5d308,33,True,True,Vehicle,,12,3,232769,d3e91b0cb8750a005d9b54009d108044fc4a2ecd634103f0903543aca0c3a5ed|ac25c07ee230b4c0dd15659b9fd4970cb7d5533e5d3a9aca996715936920bba8|879e3b22f417c0c089cfd71e1a2acb43bda08ee13c979ea85db568b55af34ab9|6cfcac0b8713eeaa779b9e864da40daed5e64d9b9fc477ccc717b0fa1959fe01|17edeae6c33183a6225c7bcfdd941988a2ee7495762d597ba62b486536d3604f|0676aef8dac41575996baab25b23061d3d95eca82f284bb1840e1105ad8ec804,0,3.814697265625e-06,1,"t0 ego planar: +x forward, +y left"
4c5c675340d14cd88a65b5e22eb9c9c1,3402a5670edb4b0ea931e45afaf4aa8b,602a35822fee4111a589232371fa1bce,34,True,True,Vehicle,,12,3,232770,324ddf39a3a17be3bd1720e4ba96f992ce705736fb71df8b8e517fa737209c84|0018d22db2f39ac810710eb9a0dcb06051252fea30c3c1156a9cd460327cf628|a0ac245be2576f97b0aada8297486540e1d08763be688484da861e051ae56c18|da1218b5d697f19f6177c0425571674c4da9fd95b2974270b674b7bec35fa05e|20f43030c0a8564e2d734117a3c4087d4d2d4971d09faf73e6e306a2446846e2|d14cbe4ff59e46dd0292b5853d76c1da3cc05ee02e5ba7acea695f71b09ea332,0,3.814697265625e-06,1,"t0 ego planar: +x forward, +y left"
4c5c675340d14cd88a65b5e22eb9c9c1,3402a5670edb4b0ea931e45afaf4aa8b,65240169fa07450aa0d34e62e4cb5f0e,35,True,False,Vehicle,future_incomplete_or_outside_recording,1,3,,,,,,
4c5c675340d14cd88a65b5e22eb9c9c1,3402a5670edb4b0ea931e45afaf4aa8b,656bbda4cc6c4127bc029b0d42bebba9,36,True,True,Vehicle,,12,3,232771,5305d5ec61aaff622dd56d42349ef0422cd14d6cac741c17776de1659e64d4a5|e9c77d93847ccb54eba52cfcd5ba7dab99ccac08b16fe2a253d64a0276e3c6f8|282de176626f413a7518145cdcce6b7524973cdf5c3cd503902eaa470c9ec8ee|b2b167fe0210ec22747b00037f86117455ad23b3b602fd017911e100f19cd406|383e22ee8d9142d0b1bb70b0df5ba2d931ab38783d86de6805e227ade63c1f85|2e3c12bc04ad6f77d015b83881ae00a0b7ef5ec40263fbfca12b9cf922837b1c,0,4.76837158203125e-07,1,"t0 ego planar: +x forward, +y left"
4c5c675340d14cd88a65b5e22eb9c9c1,3402a5670edb4b0ea931e45afaf4aa8b,6e34ecdf0dc4469abd26b14714d847a4,37,True,True,Vehicle,,12,3,232772,bde36468e15640f960ec22eb70955a038a5887261ab5b319633fa82be534d330|9d09a96422ef523add32023a651b826bf7522ec8fdb1917cd09805b8ba2e02cc|9a7a614fcafd6e53b18373400b7760fbe6e362ba5cdefc2a0d43cd263107e4a3|8049bedb7bda5b635124cf1f21938e828a967db52fea54d16fe7150a3808d90a|a29dd037433f7420cfb2d8aa33a47a28183487113e6d4abc9995709ed6aaf1e9|2a0227ccdedd5dfbe8a0e947954219f76985b9e788d03a06a692fa935dbefbe6,0,3.814697265625e-06,1,"t0 ego planar: +x forward, +y left"
4c5c675340d14cd88a65b5e22eb9c9c1,3402a5670edb4b0ea931e45afaf4aa8b,718e75e760a84533a7e7349fc520a09d,38,True,False,Vehicle,future_incomplete_or_outside_recording,1,3,,,,,,
4c5c675340d14cd88a65b5e22eb9c9c1,3402a5670edb4b0ea931e45afaf4aa8b,71d49efc55144fe1add6ca54fe7a9110,39,True,False,Vehicle,future_incomplete_or_outside_recording,6,3,,,,,,
4c5c675340d14cd88a65b5e22eb9c9c1,3402a5670edb4b0ea931e45afaf4aa8b,75894d5df9634ee2bc2887f0340649c9,40,True,True,Vehicle,,12,3,232773,da0963f86cdd7ad8c725f43ed0dfbed3fb0635f2b517a57d88308a4ac16957a0|824f8b08129084da6a2b9385ae25b0095481189e83961946553bee3510bb989c|90147c36c0a8eeaca43e2a9eaf17fbfdf8ec2b6edc306d0da250c7dc8c4a64c7|7dbf8e2412a98112642d4e541468f279c08762a4e587680f1537efbcbb710d96|13b14165ee4ba95007daca4aacc4589a75ee53e370111fd64407e4e6ee365617|2cd15ce6f67babb45fc4d20758c1418815f93f2870b53765a286f9aca069c85b,0,1.9073486328125e-06,1,"t0 ego planar: +x forward, +y left"
4c5c675340d14cd88a65b5e22eb9c9c1,3402a5670edb4b0ea931e45afaf4aa8b,790985d174a6434e930e624416ba2a91,41,True,False,Vehicle,future_incomplete_or_outside_recording,2,3,,,,,,
4c5c675340d14cd88a65b5e22eb9c9c1,3402a5670edb4b0ea931e45afaf4aa8b,7ac1acd3ed4442c2b1e645c4bb21448a,42,True,False,Vehicle,future_incomplete_or_outside_recording,6,3,,,,,,
4c5c675340d14cd88a65b5e22eb9c9c1,3402a5670edb4b0ea931e45afaf4aa8b,7ad7281384f142a4b00082e1de4dc644,43,True,True,Vehicle,,12,3,232774,8166fadc98d24d9717f5b405ce637ee9e245e720e161feaf097830c00a5cc379|88d64dbdd1f1b6653c9051a2897e8063aede61d53073115bb73f82bda6f8a583|26c4e14b652645dae1f0e8f17f42e3d8ed370d33ded34b421f934d399778e87b|96aa3f792af81b004586bf28f07cf2b7cecf99beddb1f4afb94f3493d66831aa|c565a29734b8c39fa54e34e78cd378c2b7efef54bdd0f0cb28260db3e10ab1de|353fb08d3a70a79dba2de806b1b46bd66a4be06134ad08c20362502375ef1f1f,0,3.814697265625e-06,1,"t0 ego planar: +x forward, +y left"
4c5c675340d14cd88a65b5e22eb9c9c1,3402a5670edb4b0ea931e45afaf4aa8b,7b952896c7a94f678106d8d0f96bc739,44,True,True,Vehicle,,12,3,232775,9df395b615d0d7659fdcfb5403bee1a6464de13438df4e1d5088d83f4605c40c|c140a7fc8b1d3d057837f8595e2c61968178d9e2682152fd933fd0cefd84df1a|4f7acf3377b8da8ddea466fd13d7fc8944342b9a232d77ca8fe305bbec16e990|eee6b128e4cc1e395d20e7bbe4eb3d8f286ae8fb5e70a3212f6847b7012bd000|6d9e8f8ac3b40fe31eaa86f8cdd827405405bbad82346687be0ac1e034a24e33|e243b8964716db330b312493bde58c1f4c6d8d11f3c73c4034a1a5aee1927501,0,1.430511474609375e-06,5,"t0 ego planar: +x forward, +y left"
4c5c675340d14cd88a65b5e22eb9c9c1,3402a5670edb4b0ea931e45afaf4aa8b,81a0bced416d45bf80754bfed77ff866,45,True,True,Vehicle,,12,3,232776,35e0e3de1b4c52d7f9381739ebb6b1e8df3e50a9cdc25820e84ccaa07c41cf08|8b314387bd3a56840319725b978ae34f138da405c3f498112d568eaea76ada99|54f1c4f6d9f4fc5cab19e8978ea79075d93b3aab22f7e4749ab1631f456a1a53|896a320e124c1cf27eae3a2250934caa745763fed46396dd1a24edd4fb485048|9d5454bd5be9dc047e61e5d0da9e40938e1cac37096fd77e631b65b49f30552b|c012423a09c347088297f8520fb5c1d1ae88ccc403ec3d0c9bc855539ef79dda,0,1.9073486328125e-06,5,"t0 ego planar: +x forward, +y left"
4c5c675340d14cd88a65b5e22eb9c9c1,3402a5670edb4b0ea931e45afaf4aa8b,85191b173cc446b4a9efd6e38183a9e2,46,True,True,Pedestrian,,12,3,232777,666e6877ac9962af22ab09703ce5339424d72aaea6049b3f3f19818469e60916|e41f8191dd139ec4a3db55db78fb99b5aad1da31268a5163ae59933e025d5eea|9b7b6d480e3a5b75af54bd9becae0ddb3bfe29b77e9593fc2fb018829345c362|6b97ccf9f9571afa973913900fe1c24cf6cb76f924a3da35f2dc707f2a56e68b|4cf8bc95d3a623f266694417af682e459a9e69a18317275ab2bdd9cc4ab2c3f8|99146c753ecf1787df1fb38d816678cc2784008e65ceb9333a5d0f0f933c802a,0,3.814697265625e-06,4,"t0 ego planar: +x forward, +y left"
4c5c675340d14cd88a65b5e22eb9c9c1,3402a5670edb4b0ea931e45afaf4aa8b,855b91fc094a4661aa56c5189b435f34,47,True,False,Vehicle,future_incomplete_or_outside_recording,11,3,,,,,,
4c5c675340d14cd88a65b5e22eb9c9c1,3402a5670edb4b0ea931e45afaf4aa8b,8580957dff1c46d3b242ebe3f61a42f0,48,False,False,Vehicle,insufficient_history,0,3,,,,,,
4c5c675340d14cd88a65b5e22eb9c9c1,3402a5670edb4b0ea931e45afaf4aa8b,875ab4b5ccaa48d4b900fb33b4ec9c9e,49,True,True,Vehicle,,12,3,232778,7364b65c825f669fd9bf661b14f3188a763f597eeca74b819e32dca9b0355a35|9ea132258bd0a0b241f73b2ce908e1fbc22b895bf2d908bd9b13b13e1ba6f1b4|2f04cef312ebb1251c7ef582fdd43c5ac2f4f5101b7d360b4f5e8729c4d58a6e|06a37d375d05debba5d33cf1f0f9c3f525a9674348f0bb4b691227228e722299|4f5ea71a1fe01e913c0d29bae11548de9b2ecd4629efc6aa04ae3eb13d30c69f|b29e22731ed34d5e25339d310fb6f2be6601ee57728719572a1b9fcd571253c5,0,2.86102294921875e-06,1,"t0 ego planar: +x forward, +y left"
4c5c675340d14cd88a65b5e22eb9c9c1,3402a5670edb4b0ea931e45afaf4aa8b,8d1ac6d2b5cb4e4fa0550af3aca076f3,50,True,True,Vehicle,,12,3,232779,ace418d0da03cc58707704dbdd29e22a6a5f830a76a7b0e2e3c566747c214325|2a53c1e87b35ed5db5b2ef68ac28fcb8861d05d62a967cfaa90b495be4441792|52ea818f873fcc9dfcc1e8c67ca6c9a6123a275cf075520988ec27e25824c1ed|a182575c422c53701b50e534ffcaa47eeb35345fa0bb216d5f13335a7e71c13a|6c52452a532c001917977255461d71452908a84d2a5e8338edb76ab91998552c|fc92fdf980b09466e8aab0d9e82c79fc29ff2cb02d9e0179903d392195ffc517,0,1.9073486328125e-06,1,"t0 ego planar: +x forward, +y left"
4c5c675340d14cd88a65b5e22eb9c9c1,3402a5670edb4b0ea931e45afaf4aa8b,8e24b950ada9455db07692544666e7d8,51,True,True,Pedestrian,,12,3,232780,a9159c8ed81af208fb19602168e931eaac43d0b44dd829a793f53d1cedb019ad|815bb0620668180c6f75c2e3a12200fb7b3dbfb3f55b42cf6268c323c2d80e53|9cb1fe1aa1c9fc73a40a29edb513230958df273a1cdea4dd3fec75a578f3658d|79372df10ea195bfaa21066890eef233a1ba0d3fd7206dc89f7d34eb195ba842|b73011f9bb2d3f84ef0135e56a3d485d397cda2ce6af7783b164b78b9cd6abbe|1c3deb606f76e4cd6d664374d66f5801fbb2b57da8a780621b9f65923c1dd8a2,0,1.9073486328125e-06,1,"t0 ego planar: +x forward, +y left"
4c5c675340d14cd88a65b5e22eb9c9c1,3402a5670edb4b0ea931e45afaf4aa8b,8f69005f26a54ba28a8d9c7a9a234cb2,52,True,False,Vehicle,future_incomplete_or_outside_recording,10,3,,,,,,
4c5c675340d14cd88a65b5e22eb9c9c1,3402a5670edb4b0ea931e45afaf4aa8b,8fb9245d61ee4b37aa9636a83836369b,53,True,False,Vehicle,future_incomplete_or_outside_recording,6,3,,,,,,
4c5c675340d14cd88a65b5e22eb9c9c1,3402a5670edb4b0ea931e45afaf4aa8b,907250a5ed034c08a364f7c332062c3d,54,True,False,Vehicle,future_incomplete_or_outside_recording,4,3,,,,,,
4c5c675340d14cd88a65b5e22eb9c9c1,3402a5670edb4b0ea931e45afaf4aa8b,922b3d59e3a14355a0f83c252db44862,55,True,True,Vehicle,,12,3,232781,6a2048bdb5047d3a22fade54a8adc46b5150a2cc268590cd987df68efa2bd688|c70077c0368217db2d4f3349dea9366b07406f980736d0263d9425f73849a2b3|af46894b16b4b9c70ebd8660818763dc5ce0c4dd6c39247020c3b10328de3d5c|f738526f8b35e044122e3f21613d9773687e58fcf746582a4650009190294703|36e4217fab14bd1b8ab8911183e828d45e1cdeeea3b7eba0852feb02c74137a4|1016dd20eaa8f98ec2385e9975314ab743d031558dc07b79006d6161d859aebd,0,3.814697265625e-06,1,"t0 ego planar: +x forward, +y left"
4c5c675340d14cd88a65b5e22eb9c9c1,3402a5670edb4b0ea931e45afaf4aa8b,9474a26b63d0443ba4d358d94705bee6,56,True,True,Vehicle,,12,3,232782,5ae886573969e7d17215056912f751f4f41e0ada8a1afa1d6484703961867753|6346f8593965c0ff4e662b7c4e552d9f185ab9d7fd0fe3da2b20c4d0b369b9d0|ce6ed49fe6aaa98e7de748d34973daaea242486dd01c6a5d04172ff2a4f9a7b1|54520f6f729c43928a9eeaa65f9471aef0282401cf9bf386a4125d2c49ea855a|6e4723722de4cf0be697c63ea29c192c9a32a936b411967f53640250d02fc5bc|6b028fbb4774597186cfb544f282c5295f8ec13366e3c96f0db6672e0d3ec068,0,1.9073486328125e-06,1,"t0 ego planar: +x forward, +y left"
4c5c675340d14cd88a65b5e22eb9c9c1,3402a5670edb4b0ea931e45afaf4aa8b,961430cb38504847b7041df42c75de55,57,False,False,Vehicle,insufficient_history,7,3,,,,,,
4c5c675340d14cd88a65b5e22eb9c9c1,3402a5670edb4b0ea931e45afaf4aa8b,9799fc8b650f439a9f12ed2ae6f5e00a,58,True,True,Vehicle,,12,3,232783,e119c16d268b88a55967cc43d47f11457ac27cca89de9d3f5606033c4610e9bf|88e1ffedee73c9b1b77ff32124495e8f0811d798af016fc632368df5fb930b93|70942cf71840439fb79f2ef2fa6e3c8e923df6b375e1252ff7149f8cd1de4609|7b38d6303704de056faf4ba7a7a2b7f71722da2f2156dd2ee680b06c9e8e7fd3|6d5e9acdf9bd8eced72fe92f674e7e5bd3607e3d8bd0904510fa498f24ce6145|302fc0c4d6af3a88f3b068c7d403c01760fae29f8a6e0af4550821b533ba5f20,0,2.86102294921875e-06,5,"t0 ego planar: +x forward, +y left"
4c5c675340d14cd88a65b5e22eb9c9c1,3402a5670edb4b0ea931e45afaf4aa8b,9b9bd21215a4412f879a7eb94c5b9882,59,True,False,Vehicle,future_incomplete_or_outside_recording,2,3,,,,,,
4c5c675340d14cd88a65b5e22eb9c9c1,3402a5670edb4b0ea931e45afaf4aa8b,9e027a55d5634dc5998992aed0fb8f41,60,True,False,Vehicle,future_incomplete_or_outside_recording,7,3,,,,,,
4c5c675340d14cd88a65b5e22eb9c9c1,3402a5670edb4b0ea931e45afaf4aa8b,a0440574760f4748aea10854f2391d84,61,True,True,Vehicle,,12,3,232784,12a98b0d643fb0da1be07e3ea8948393f90b1e2be1f105350eaa920e7fceca6c|846ebda463cbdd38e0b3a396145a4f66d08c1454a7cbb68668b4418fb1f1c2e0|9ac2a8c0f93868b0a922f274ac9bf651c46a59a22b8e2d9236e4ac8493108809|63783f2d003987bd02d571b31b3d5b4a2f6bc3b8da8a47534bd0883161178900|0d38556a13cbf3e81ed671f128f59ee5718313824504be2428b892ad0141b913|fb266a7d550e24ea1e0ceb3fcb63b2852e65a87ee2bbbe5e31e672d316057d7d,0,3.814697265625e-06,1,"t0 ego planar: +x forward, +y left"
4c5c675340d14cd88a65b5e22eb9c9c1,3402a5670edb4b0ea931e45afaf4aa8b,a0c2a25acd2947feb16b48f3ff2a892c,62,True,True,Vehicle,,12,3,232785,9e84fce970d4720f5a8069cca39a36ccbe549e30e5bab8c9fe09d3450e37477b|9cbcd12030c145c5b439e7cf39747d44bd99e7a8235ff07701e314cf57c50300|4a53f78b9d42c6e1e28dd54bc332d6fbce2731dd4da5fd493c85d6e7f57e8de9|1ec7a0af418f24a36010829bc71fe77ccc4d653a239446121e17a51c2a25918e|a02d86c73e5b983e6158ba35769b9531cebd5f450f87105eb864961610426622|53c651531fdfa825c58cec8ad8458c87e211d89154688ec2db2c2196bf445848,0,1.9073486328125e-06,1,"t0 ego planar: +x forward, +y left"
4c5c675340d14cd88a65b5e22eb9c9c1,3402a5670edb4b0ea931e45afaf4aa8b,a1241251dcff4b8ca9bbe3f895c64db0,63,True,False,Vehicle,future_incomplete_or_outside_recording,11,3,,,,,,
4c5c675340d14cd88a65b5e22eb9c9c1,3402a5670edb4b0ea931e45afaf4aa8b,a22d36506c2844afb11fc3acaba3f5fd,64,True,False,Vehicle,future_incomplete_or_outside_recording,5,3,,,,,,
4c5c675340d14cd88a65b5e22eb9c9c1,3402a5670edb4b0ea931e45afaf4aa8b,a36af50497604a56b8d1644171b4bcea,65,True,True,Vehicle,,12,3,232786,ec5f3dbfc9dc8d8b7f2624bb967eedbcadd3d63ccc52e29b510af07a1f4fafbb|0ae6b6906d3a96f61de1324b8a95124dbc0f2b04e0e946733d48d8810abadbf8|7cc3d286a8a04b8be080f8308fe5b410c816401bb9c43d58a5164378a5d16538|12fea819c05e70e8eadfda81bbf8d68e2a090c7d702638a32959b1787dbbc02a|114a995b8cd9cc2a297450b32de80f63147b4e7bd2186d88de52c09352b57591|05fbb05ed2db64c2bdbb332914f56574c80a51ac814b3fda1a6b844f2a6afe16,0,1.9073486328125e-06,1,"t0 ego planar: +x forward, +y left"
4c5c675340d14cd88a65b5e22eb9c9c1,3402a5670edb4b0ea931e45afaf4aa8b,a981db87cee84319a9284a55f4338640,66,True,False,Vehicle,future_incomplete_or_outside_recording,4,3,,,,,,
4c5c675340d14cd88a65b5e22eb9c9c1,3402a5670edb4b0ea931e45afaf4aa8b,aaffc3089cdf4d6388f184c5fa50cc45,67,True,True,Vehicle,,12,3,232787,25ffc8dc127812c27275f585663df4b9e9c28491a6c2777b4e50cadc00f20fda|c2eaf3097a2a4d82a8bc7cd7440f223792bb2054663f4e2663059e4147d040c9|aee941e32f08daffceaff005f9fe37d48429831bcf014704a19b896449abd09d|a33dd080e9d35616825ade6ced37a09ebbb5647c204cc2a8c9fb64de5527de42|4621ebd533085d8491bc177521cf7cf3607add1aed72a7b02bcb25d6b385b402|2b21f0f97dfb5e853e1186f9d262dec71e35d83d89ec63f4a5750f21ee8ec282,0,3.814697265625e-06,1,"t0 ego planar: +x forward, +y left"
4c5c675340d14cd88a65b5e22eb9c9c1,3402a5670edb4b0ea931e45afaf4aa8b,ac89774cde574a8e87b132e3ebc5f988,68,True,True,Vehicle,,12,3,232788,fdc719d9bac93256e52940b8436fa8acdabf485eabcd7e2e66657dd0fc96be7a|a3c167eba88b8b18ab9e3aac608c9e0e2b4fd445c461a9a10a58d77e8ded022e|afb56496f3fe17b758774637bed80f5d4f4fe59fc9b8c487f6ae69d4a21b907a|e5b547190aba682bf4ca1109f1d40c7a38415df9bc688a17b84a6421c817bab9|ec0c5817da35c5aa2ba33b0a48da4e94e28bc5ae5507622576188e725a1a2b6a|26f404a90ed4c30d97e283eff4bb200c7072e97c2caa4e743694d6ee9c096f5b,0,1.1444091796875e-05,5,"t0 ego planar: +x forward, +y left"
4c5c675340d14cd88a65b5e22eb9c9c1,3402a5670edb4b0ea931e45afaf4aa8b,ad7b3362c9df403e9fe5931aa88a0440,69,True,True,Vehicle,,12,3,232789,3ad64cdb1ad426beb9e01ec94ed06f7069c390a4e08772b2d075d30eecb775f5|932b5ef3559f68c20dadec865f3209ea69f1abf04e17076e08162adaeb7358b5|4562ab536933061b2c58a6b55254fd62a8dffbe9ca268f7ddb7c4d1b70687b30|15aa0354e7542029b0d4b793781bb357afe4adab316b366b385c0ac00f38f301|3171fab0207f47c4fedfbed1755e2a148e1a9f611ee79d1ca70d544211b32de0|a45b9854d0109f016232b68131b595599ca4280c5e33a2aa69ad638b5adb0641,0,9.5367431640625e-07,1,"t0 ego planar: +x forward, +y left"
4c5c675340d14cd88a65b5e22eb9c9c1,3402a5670edb4b0ea931e45afaf4aa8b,b058e3a455ff4939b928812981c3ca7a,70,True,False,Vehicle,future_incomplete_or_outside_recording,11,3,,,,,,
4c5c675340d14cd88a65b5e22eb9c9c1,3402a5670edb4b0ea931e45afaf4aa8b,b0a7cbdc2b934e8886c087b384e3cbf4,71,True,False,Vehicle,future_incomplete_or_outside_recording,0,3,,,,,,
4c5c675340d14cd88a65b5e22eb9c9c1,3402a5670edb4b0ea931e45afaf4aa8b,b26ded94cdf2453aad699d27a43f9fa8,72,True,False,Vehicle,future_incomplete_or_outside_recording,2,3,,,,,,
4c5c675340d14cd88a65b5e22eb9c9c1,3402a5670edb4b0ea931e45afaf4aa8b,b2a68b797fe5402a92c2c09ca0fde4a2,73,False,False,Vehicle,insufficient_history,12,3,,,,,,
4c5c675340d14cd88a65b5e22eb9c9c1,3402a5670edb4b0ea931e45afaf4aa8b,b8ced3bf360d48c0aec69f5679e67c23,74,True,True,Vehicle,,12,3,232790,a1be14acedf9fa82f13196b77f8979dd14ebdf10a0fc8f4ba22c0156766a9929|d0f0daa92443908fe31f14589fedab842ad67c0fedfe64cc196c458f2063bd33|2582a81733d59ced81dfe5c4afcd7bf48047f8e9479edae003b785ac455485bb|559e203ffb8aee96c08a9aab6af3883513a66b3aed7d60d63827c14d80daef48|6c9604376c2f9e888c592d2b01f23a69ff8380e373211c3fd3ff948c61b10000|98389f3856651af330763e68f79ac21a1f358c73495c7756ea3632bedd75de65,0,3.814697265625e-06,5,"t0 ego planar: +x forward, +y left"
4c5c675340d14cd88a65b5e22eb9c9c1,3402a5670edb4b0ea931e45afaf4aa8b,ba068876945e4f92bed023dd30d6ac68,75,True,False,Vehicle,future_incomplete_or_outside_recording,10,3,,,,,,
4c5c675340d14cd88a65b5e22eb9c9c1,3402a5670edb4b0ea931e45afaf4aa8b,bd001058e9d84eab8a62cf9755640ba5,76,True,False,Vehicle,future_incomplete_or_outside_recording,8,3,,,,,,
4c5c675340d14cd88a65b5e22eb9c9c1,3402a5670edb4b0ea931e45afaf4aa8b,be7b0e998ddb4137b83e2faaf694a008,77,True,True,Vehicle,,12,3,232791,a540c0522ce59ff8bb98fd9b08d3ad3d4e74031cc9ca79fa4dedc9a39f24c4a5|03dc403215feba7e8abf019d59a42f9621b53991443d586a9806e8a76af62722|3d4a3c3e973b18d899daf111caecaa07c192bab0c7ff2d91ea4ad0c5ad2baa19|bfa6f9e3b8e70c809a6a55ba45b083d0346deb293bf784dcace9eb4827266c71|a8e843497ccc3bc0d0d38c415b18aef739b62ccdc869f1918e0898095428403c|ad05e0bc3f851b48ad321db874368fc590e1231f428f9e5f35c2d7e6b9b56174,0,3.814697265625e-06,5,"t0 ego planar: +x forward, +y left"
4c5c675340d14cd88a65b5e22eb9c9c1,3402a5670edb4b0ea931e45afaf4aa8b,be97107e8d8649dabb97ede8cf8317e2,78,True,False,Pedestrian,future_incomplete_or_outside_recording,4,3,,,,,,
4c5c675340d14cd88a65b5e22eb9c9c1,3402a5670edb4b0ea931e45afaf4aa8b,c0788f111d364c32bddfaf888e76dd80,79,True,False,Vehicle,future_incomplete_or_outside_recording,2,3,,,,,,
4c5c675340d14cd88a65b5e22eb9c9c1,3402a5670edb4b0ea931e45afaf4aa8b,c179e79759e44784be5c1cb945756fc9,80,True,False,Vehicle,future_incomplete_or_outside_recording,0,3,,,,,,
4c5c675340d14cd88a65b5e22eb9c9c1,3402a5670edb4b0ea931e45afaf4aa8b,c2e56324b3f24fd29ca079550170302f,81,True,False,Vehicle,future_incomplete_or_outside_recording,1,3,,,,,,
4c5c675340d14cd88a65b5e22eb9c9c1,3402a5670edb4b0ea931e45afaf4aa8b,c4ecef69904a4bbe8b15d63d028b0bec,82,True,True,Vehicle,,12,3,232792,46579969cb5c9827f17cd207120752b0a8efa8c2c3d82663977cb428eb4cef5a|30f7fce06d019bac7596a0db4ac85cbe2739c6257cfc3f8b022a34f1f70e9f5b|91e977ef02d01588dc44825484f0a1f7543c7aaa6e9eccee7bfb156dc7cef7d4|005e7685d1bf757fa4d7218f35b0c6d587e8bb8a73d5b2170e0f5feb5477a4b1|96cb2e2fc3938d7f8919d20dff446efb3b9fe8c1abb013bb88e1a49a16265f4d|dc2309fbbb649c6f09c67a5953c060d66b794765b0715da12217f424d325dfc3,0,1.9073486328125e-06,1,"t0 ego planar: +x forward, +y left"
4c5c675340d14cd88a65b5e22eb9c9c1,3402a5670edb4b0ea931e45afaf4aa8b,c565c61c0fee44018cab190324c96e8c,83,True,False,Vehicle,future_incomplete_or_outside_recording,8,3,,,,,,
4c5c675340d14cd88a65b5e22eb9c9c1,3402a5670edb4b0ea931e45afaf4aa8b,c76bb2c3e59f4d01a39c771dcfbf6513,84,True,True,Vehicle,,12,3,232793,9d4b5c3e2fafef3a541b9337019169f0267fbe471f972cbb31a2a3aef7ceba14|ab1563bb3ad0d509a19661bb15021a2472a06338df9b90178248c504b2e41357|3bcadf9c2e5609662a60ffbe29fb2a8521486b5e110c9196c4ffcea64d3c52f7|3d5ed77908e0c7eaa3280aa27f0ade00bbdd14cfa09dc63507957a43126cc4fa|ef619ee2fc57058691f27ac2281cd6829b2d09e168018193426f5626ecb3b416|f322ca16e8b5b97bedd03a8a3b9761f9f9857474bc021520090100eaf896d8ee,0,1.9073486328125e-06,5,"t0 ego planar: +x forward, +y left"
4c5c675340d14cd88a65b5e22eb9c9c1,3402a5670edb4b0ea931e45afaf4aa8b,c8d8981243ee47deb2703851b1c4c08e,85,True,False,Vehicle,future_incomplete_or_outside_recording,3,3,,,,,,
4c5c675340d14cd88a65b5e22eb9c9c1,3402a5670edb4b0ea931e45afaf4aa8b,d3c093ef704f45a8840fa62415e17637,86,True,True,Vehicle,,12,3,232794,f3db16ffb5dd417221e8af395b22be0810667fb2f471be15e3b41e3dc691cedf|9247ceb9e89582eaa77e53761445ef9bf9b7fd704343c3e0b8f93019336b5809|75d89dc3e0713454003af82847a53509c8f8bb58213e7fd4b11575d840a88e5f|36a8d701eb00fa26eee55fb075fe2bf8970306f1c984dea1bda84dd858ba489a|9c4b22577d043aa03c7bcd809cbe17405b8313e8f592e28aff0a1377029e7de6|32cf17c699665eac41f8d6c25e2ec90de365a86bc79e6b20a40ed583b9eb72e3,0,5.7220458984375e-06,5,"t0 ego planar: +x forward, +y left"
4c5c675340d14cd88a65b5e22eb9c9c1,3402a5670edb4b0ea931e45afaf4aa8b,d3e2c036c4934e39a875b380eae531a7,87,True,True,Vehicle,,12,3,232795,8a3a7ae4988485da57c8a667f5611778aebb250851252c95984128d41cf2d337|7e26d0b775cdb1d3a5d2a70d1c96ac29b043056aa40fbd394db5958814a5fe98|807e3a1668d2e13763d93a36d9907aba29697519e6a33704eb17b4a055b625f1|ef91586c2cd3dc4bb05f69bcb1bf1c2d6416df1d7bdd3040bc7254fdb8838977|c706f8002baf4088179669fe96e4ef81f53361cf358ed16b66f708dfd6650272|0386047a0f7b1fdb0666efe6ef3e909104e0b10c4d8892adb194395a8e2bc188,0,3.814697265625e-06,1,"t0 ego planar: +x forward, +y left"
4c5c675340d14cd88a65b5e22eb9c9c1,3402a5670edb4b0ea931e45afaf4aa8b,d5043cf0d08b4630803e8917d505db52,88,True,False,Vehicle,future_incomplete_or_outside_recording,1,3,,,,,,
4c5c675340d14cd88a65b5e22eb9c9c1,3402a5670edb4b0ea931e45afaf4aa8b,db0455adf3bc470d9e51b646d52a1229,89,True,True,Vehicle,,12,3,232796,3c43fee3a104a175bf309b34d2fbff3caf775164942880cfe2b662541c834f63|95f7b1377d4feec9cf7660a275fef553e6bea7005619ef4e824179e84d82dcb8|cfe159fc9d41db87a146865001b3af6c558ef6464c0085e0252df5952d581533|834ca81ca292e40e0e1d14ffc6b84ba7bb8af5de63a5e453d133beb104f6465d|bd05f7d31d033d37d5c03b20fbcfcf52cfe71b752e1721eadc2883e0af4bafcc|eab7e5189d185575875f789dc0187ee2e509dec03ca3774a92be572f2bd04c8d,0,3.814697265625e-06,5,"t0 ego planar: +x forward, +y left"
4c5c675340d14cd88a65b5e22eb9c9c1,3402a5670edb4b0ea931e45afaf4aa8b,df1c6b680d5844368e15aa5e51a4f24f,90,True,False,Vehicle,future_incomplete_or_outside_recording,8,3,,,,,,
4c5c675340d14cd88a65b5e22eb9c9c1,3402a5670edb4b0ea931e45afaf4aa8b,e1ffac27bd554388b3d4fe107232ed71,91,True,True,Vehicle,,12,3,232797,00cba97e08c17f1d6fa9d3eeb8ee1ed03ddedcff272705a284830cfea3923949|732b0ce472994339e58f2a0ca536c928102c83d2930115d54358a1c6e715e8b1|1229f54706fbd1361ed0ba77142635f689076c0e6140c664b8f18eb23bbc465e|e4a87d3c58295a724d8aab007f9c8d340787dc90fd20b86cd0ccd4a9a7753a04|5154ce1fbc42109ee3922725714aca0d7de26b86ba18eb3d30fdcb2a13e492ec|9f339448db5ac122d242ea1dc5535fc6a52e6acf00062dd3fdf3c97dfd2507bc,0,1.52587890625e-05,1,"t0 ego planar: +x forward, +y left"
4c5c675340d14cd88a65b5e22eb9c9c1,3402a5670edb4b0ea931e45afaf4aa8b,e3c1bfba3b2747918e3e2b5f7f078f12,92,True,False,Vehicle,future_incomplete_or_outside_recording,4,3,,,,,,
4c5c675340d14cd88a65b5e22eb9c9c1,3402a5670edb4b0ea931e45afaf4aa8b,e44920cca4e44b81a952d58a33de4e4e,93,True,False,Vehicle,future_incomplete_or_outside_recording,7,3,,,,,,
4c5c675340d14cd88a65b5e22eb9c9c1,3402a5670edb4b0ea931e45afaf4aa8b,e6bc58c2a2da422281b60afe6e08b400,94,True,True,Vehicle,,12,3,232798,512e899f785f9de90c65a77fe5e58fb948cfe41406aed2fd26365648898f358b|32a9262a0fe5f4ec1480696cf02a546a9c8cd48c6d48c9426dfb06b5a3924f13|ddfb0aa56828e39d8c84a19ecb3a8e3dc2a46997a5060c039cad703b9438bfdd|4eded0c26d7cda2da25a7a52b6790b7e33f3cb665d74eeee8465f2eb3cd366b4|0cbca54c3f920a0f0f16946021d79e659f96b21b0c2fb4bdec7fc13f086cd007|1d93cdd84a63234d6220865a950d20b846d94371d7fe5528458f3f1350c44a47,0,7.62939453125e-06,1,"t0 ego planar: +x forward, +y left"
4c5c675340d14cd88a65b5e22eb9c9c1,3402a5670edb4b0ea931e45afaf4aa8b,ec6dea4a909948dc9e23a221bd3c5c2b,95,True,True,Vehicle,,12,3,232799,3dfc5ca4f30f8285c2465f243270cd741238416872d990bb916f4be580a9a638|f7fab738e5586df9f2b82fa0773a901fdfb24df4964c823817ae0e6950c7412e|83bd4286beb7b76076d3932b9bc72c9e194a661e52eaa9be03b158b1df8660db|c21ef43ea672adf65f7b68f00701a4c3383b13616766ce4bed36a6ce30a50d4b|ce4f1b44a1c20d8c7972700b48b51782d4e4ddf220d57b0375932d5c18e21e6c|cf8401a3088979a07ce50e02144ed01a8a7e57314756e4a16f16e518062f3f68,0,3.814697265625e-06,5,"t0 ego planar: +x forward, +y left"
4c5c675340d14cd88a65b5e22eb9c9c1,3402a5670edb4b0ea931e45afaf4aa8b,ee6f0b6cc3d84f30969006efaaee9ee5,96,True,False,Vehicle,future_incomplete_or_outside_recording,1,3,,,,,,
4c5c675340d14cd88a65b5e22eb9c9c1,3402a5670edb4b0ea931e45afaf4aa8b,efc42e812a9046b0a205ddf904724863,97,False,False,Vehicle,insufficient_history,0,3,,,,,,
4c5c675340d14cd88a65b5e22eb9c9c1,3402a5670edb4b0ea931e45afaf4aa8b,f0b15ff6ebb14b8aba594334d15fca85,98,True,True,Vehicle,,12,3,232800,ca4be510e1cf6e7668d4a897ec81920c1b8203133e07f9e5043a3ae3cb632a83|19fb3dff5b7bbf7a738db07946244bd329d0e5ba62d842b91d527850d9f41b7c|a3aaaa9afe31211694c5337f1985de0b35446818fda48ab3c1c04da7b8d7e9fa|0feb5048c901f64634ab5ca50f345edf1617fae353fe56caa1437119fd66979f|4013128f6d9ebdfb427e7d972d5c9b165cce176e6fb17370121c59900b28f8e2|6ff20de67aacbb5b93c102e8a75c189c9c343b8a95176b22bac148c1fc3d186e,0,1.9073486328125e-06,1,"t0 ego planar: +x forward, +y left"
4c5c675340d14cd88a65b5e22eb9c9c1,3402a5670edb4b0ea931e45afaf4aa8b,f260bf849e6e47ff9c31bb4bdfcb8cc6,99,True,False,Vehicle,future_incomplete_or_outside_recording,0,3,,,,,,
4c5c675340d14cd88a65b5e22eb9c9c1,3402a5670edb4b0ea931e45afaf4aa8b,f8fede12b2a74d31a06dd27d647b5d18,100,True,False,Vehicle,future_incomplete_or_outside_recording,10,3,,,,,,
4c5c675340d14cd88a65b5e22eb9c9c1,3402a5670edb4b0ea931e45afaf4aa8b,fa59188e6eb045fd92f699ba13a11584,101,True,False,Vehicle,future_incomplete_or_outside_recording,7,3,,,,,,
4c5c675340d14cd88a65b5e22eb9c9c1,3402a5670edb4b0ea931e45afaf4aa8b,fe52095001b2499884a647d8908c8397,102,True,False,Pedestrian,future_incomplete_or_outside_recording,1,3,,,,,,
4c5c675340d14cd88a65b5e22eb9c9c1,3402a5670edb4b0ea931e45afaf4aa8b,ffa9580161314a97b958ff8d558b9fb2,103,True,False,Vehicle,future_incomplete_or_outside_recording,9,3,,,,,,
4c5c675340d14cd88a65b5e22eb9c9c1,3402a5670edb4b0ea931e45afaf4aa8b,ffbcd5aab971441e9a43cf6120171ffb,104,True,False,Vehicle,future_incomplete_or_outside_recording,9,3,,,,,,
4c5c675340d14cd88a65b5e22eb9c9c1,3402a5670edb4b0ea931e45afaf4aa8b,ffc3bffbfa5e4348a85fbf25eaa14ed8,105,True,False,Vehicle,future_incomplete_or_outside_recording,9,3,,,,,,
4c5c675340d14cd88a65b5e22eb9c9c1,3402a5670edb4b0ea931e45afaf4aa8b,ffcfb1ebdb1b4cd787f427e1b5f95757,106,True,False,Vehicle,future_incomplete_or_outside_recording,9,3,,,,,,
4c5c675340d14cd88a65b5e22eb9c9c1,f8ae27d97ec0482f9fae1df05777f9c0,0dba65350bb94711b397a4f7e8c8b95c,0,False,False,Pedestrian,insufficient_history,12,3,,,,,,
4c5c675340d14cd88a65b5e22eb9c9c1,f8ae27d97ec0482f9fae1df05777f9c0,13cda5b05d744e969e034507cb476dcb,1,True,False,Vehicle,future_incomplete_or_outside_recording,9,3,,,,,,
4c5c675340d14cd88a65b5e22eb9c9c1,f8ae27d97ec0482f9fae1df05777f9c0,155ac9ef59f04fb185cc4aad520d9a8c,2,True,True,Vehicle,,12,3,233238,030cae0af0ff92707690ada12a94fe1978efadf5ca869ff51d5b0f75eef73c45|eaee297ffcadc1cc43fd418244d09257a8b7fd2aca2792fc6733161cdfa03df1|41bb5dc86007bd446c0c070cda5e587b6da9a1f1557d0e2ff9d07b0321a9ab00|4847f62de827760e4a4e77a099ccb6b22af584317060b38aaa8bf73fe6608f19|dac18119f010239764863bf2c72f2bc2fc3dcd4fc2355f63d1ebf6b460e0b089|f7b70696995e57d428c3adda5f81f97e669ba417934c9ad948011dad6416c548,0,3.814697265625e-06,1,"t0 ego planar: +x forward, +y left"
4c5c675340d14cd88a65b5e22eb9c9c1,f8ae27d97ec0482f9fae1df05777f9c0,19747a06b4f74aba86cdff33ff1e3e6d,3,True,False,Vehicle,future_incomplete_or_outside_recording,7,3,,,,,,
4c5c675340d14cd88a65b5e22eb9c9c1,f8ae27d97ec0482f9fae1df05777f9c0,197f4613184946b1b250909c551c0c2c,4,True,False,Vehicle,future_incomplete_or_outside_recording,11,3,,,,,,
4c5c675340d14cd88a65b5e22eb9c9c1,f8ae27d97ec0482f9fae1df05777f9c0,19bf21b2675a4929ac7f6e001e497dc0,5,True,False,Vehicle,future_incomplete_or_outside_recording,11,3,,,,,,
4c5c675340d14cd88a65b5e22eb9c9c1,f8ae27d97ec0482f9fae1df05777f9c0,1cdf84aa47704375b25fb63fa8ec7409,6,True,True,Vehicle,,12,3,233239,580cdc21c3f65b91353b48fd5fe336fd5fd9163fa98c621dddbedc3f3e4dba60|4552ee58f049be08a5de8cbdadbf0245034bcfc8a0632184d3e9d2ef6ae69416|f70d205f4207f0e6c965f47cbf052da432b50fc9beb6a55893ba8ac1f227cec9|c4a135032d28f0330dc16eb76d543c1d07849f2fc1bcf08288a7feba3579ff24|b764ca159cae016e0858efc02d5788725d0f002f7cd6970b05f10cdaeb96f4f1|c3755a2846095099437c8f23237c2792fc92ae638a73fdebe89f27d971c68eed,0,3.814697265625e-06,5,"t0 ego planar: +x forward, +y left"
4c5c675340d14cd88a65b5e22eb9c9c1,f8ae27d97ec0482f9fae1df05777f9c0,1d6a5bd41ee84317ad98e340db3871d1,7,True,False,Vehicle,future_incomplete_or_outside_recording,6,3,,,,,,
4c5c675340d14cd88a65b5e22eb9c9c1,f8ae27d97ec0482f9fae1df05777f9c0,1d81a1dd489746baa710d48f93e64f36,8,False,False,Vehicle,insufficient_history,7,3,,,,,,
4c5c675340d14cd88a65b5e22eb9c9c1,f8ae27d97ec0482f9fae1df05777f9c0,1e651ec9b01f450eb5af28e7e2a2d373,9,True,True,Vehicle,,12,3,233240,73cd49b5da5a2e24a965c3ca9283b4cbab388b2725d1a75b6543635584547c83|b07bea00a764a5bc5c9b97926f37b8aeaaf221fb0faed271e588f3072e8ac947|b87b482691513d3d21d01eef4680f576d96183990d45f7f7a22be71f42695a55|723e7b1ca3ae879da6dd55cf49a8b9b86f2b18e29fd0a0eb89b2016977e9cce3|42b95c43685b12245400a4c3928ffa9968befe236baf6528b54559c3d33af3c5|cff10a05c82b6bd0996a699be40b524de62829c2c844b626a346a606d947737d,0,7.62939453125e-06,5,"t0 ego planar: +x forward, +y left"
4c5c675340d14cd88a65b5e22eb9c9c1,f8ae27d97ec0482f9fae1df05777f9c0,20313d6413f44464ad7e452452fc833c,10,True,False,Vehicle,future_incomplete_or_outside_recording,9,3,,,,,,
4c5c675340d14cd88a65b5e22eb9c9c1,f8ae27d97ec0482f9fae1df05777f9c0,2307004e61264618aab095cf71ee489b,11,True,False,Vehicle,future_incomplete_or_outside_recording,6,3,,,,,,
4c5c675340d14cd88a65b5e22eb9c9c1,f8ae27d97ec0482f9fae1df05777f9c0,25050d6de3d34aa7a51df4d361bb8723,12,True,False,Vehicle,future_incomplete_or_outside_recording,2,3,,,,,,
4c5c675340d14cd88a65b5e22eb9c9c1,f8ae27d97ec0482f9fae1df05777f9c0,29335d16882a43b99b6de4f2e311f368,13,True,True,Vehicle,,12,3,233241,850aa41e2ef2a2f36e651ff07909b86318d5d4ae26ae9f02d1365b114aa4ff94|c995477807553fe25fe99249056d3ffa81a7420836cd1ebdc3970537bc6b44f2|53905e0565b5f3a7d48c71b162052d6f62c7e1c1fa2b0ca86f64c64d680be48d|c33c9f949e4a4f2a299adade7f0b7afa16304a8035d0d345182939a8fd7a211f|1e9ed141dad235b698513e83a936547afa2f8fd630fc72d228652d3f306c34ee|64dcf8d74d87da7c426c21c3abdbd6c7f35cd17a26f05a849162a7a0fb1c57d8,0,3.814697265625e-06,1,"t0 ego planar: +x forward, +y left"
4c5c675340d14cd88a65b5e22eb9c9c1,f8ae27d97ec0482f9fae1df05777f9c0,2eb7af57f53040a884a23e2e09327f17,14,True,False,Vehicle,future_incomplete_or_outside_recording,1,3,,,,,,
4c5c675340d14cd88a65b5e22eb9c9c1,f8ae27d97ec0482f9fae1df05777f9c0,33753d356a4143bab7aaec40a5ee73fd,15,True,True,Vehicle,,12,3,233242,f71f9cb0a80d961643d69b5e73e98f8fa1f68f1cf53302388a33a9176476aa80|e3e5617d7534240201c2926e4a4086f64be937d654933d205b2e9261a9d2d489|ec0c52250fc319f047f0743a8d49b29c66f130620ba1f890b6df991164ce72db|2f43587680cd6be843329d18b96a041c3c539e733a528ab80e5a9a60eb307f73|9063c6d1cf0793ddb491c25286c603d833aeaaab6292f72aec2328bfeebd3b56|d88e2cd68933d79fd33792dcac78d137b54e3225748efc658931c35051a19df7,0,9.5367431640625e-07,1,"t0 ego planar: +x forward, +y left"
4c5c675340d14cd88a65b5e22eb9c9c1,f8ae27d97ec0482f9fae1df05777f9c0,357e33322f8b4f918c48cbf6991869d1,16,True,False,Vehicle,future_incomplete_or_outside_recording,1,3,,,,,,
4c5c675340d14cd88a65b5e22eb9c9c1,f8ae27d97ec0482f9fae1df05777f9c0,35c44187541149709ba4e7ab6d0ca706,17,True,False,Vehicle,future_incomplete_or_outside_recording,4,3,,,,,,
4c5c675340d14cd88a65b5e22eb9c9c1,f8ae27d97ec0482f9fae1df05777f9c0,427dc242142544a48dc5632856331f4d,18,True,True,Vehicle,,12,3,233243,9d5fbe3bda9d0027523860b12a84ad87066ff689c349527ce2dad59c7d60c308|af962ee41e72a529583c97a400ad3b5ca567627c8c79afc8b25f8c4b6b2d2d8d|d50cfbb4d32023ac40e78909a36b94fd372b2d5b08a4a1de0e76c2292d5d0c79|0bff052a8b12674efc9aeb1cbcdaa5d0dabec6dc64d15e8dfeb0709afaae4bcc|21d9ffc16f07e7c77e8858333c93e56fb1ce0cd36d77f8e63cdfd6f0adb4b933|fb9f573bab29a906ddd6546254df7c63af2f9d0517fe2df9697dfd7bffbde197,0,7.62939453125e-06,5,"t0 ego planar: +x forward, +y left"
4c5c675340d14cd88a65b5e22eb9c9c1,f8ae27d97ec0482f9fae1df05777f9c0,45fe93cd44294db4a5d7f49edda7a7b0,19,True,False,Vehicle,future_incomplete_or_outside_recording,3,3,,,,,,
4c5c675340d14cd88a65b5e22eb9c9c1,f8ae27d97ec0482f9fae1df05777f9c0,48a52f0055ef419bb11925ad32287ef5,20,True,False,Vehicle,future_incomplete_or_outside_recording,5,3,,,,,,
4c5c675340d14cd88a65b5e22eb9c9c1,f8ae27d97ec0482f9fae1df05777f9c0,4f03aa4b88834a6696e66e0b6dd2bd2f,21,True,True,Vehicle,,12,3,233244,0c2602f2143b61598f2bc0fa3274923889e82b7962321b1bb083caf4942313e2|d439ee24cf540a93d83ff53c38a4508beb24997daf5f14d5d5f1d9276f374b81|4a14bad3e14c36868698ee71cce40d4a8595656846db09fe2599903c6f8e5e67|11bad1e69c0b5f7f5cdde6438c7f5484ca7daf5c870336b9c1e19e1501234a66|a8f6e55f10b8cb46ed2e0dd4263186b80cf4f2e2d7394149d5cd70c18c288ded|5f7781516904c808f08e1c542ace6638f286bd803ec4075efd3fef357e9cb218,0,3.814697265625e-06,1,"t0 ego planar: +x forward, +y left"
4c5c675340d14cd88a65b5e22eb9c9c1,f8ae27d97ec0482f9fae1df05777f9c0,553023413dc24568bf1d5603a4f7a0ba,22,True,True,Vehicle,,12,3,233245,467157c9de5abc6bd61f9bbeeb5b10f04942bf9352d56ce3e14001a8ca70a076|ec0795f3302743bd0dd598f1264d276bc16f2da0b03bf5b4b783393179bfd543|683a3235a3acba129a0bcbc64b8219b53b4e02e4aacb1d0371448ab49b7f47d0|6d777b753d5a4102d06c100186824101b01aeb06eeeff1fe3b3b892600006463|b163390acb62e31bb12b1291af9cfbdb3e07ba146112d62179703bd054d3f681|59b5cd334fcdc4d2237e6772dba2fa83960183a12fe348e5afd945cb41356f8b,0,1.9073486328125e-06,1,"t0 ego planar: +x forward, +y left"
4c5c675340d14cd88a65b5e22eb9c9c1,f8ae27d97ec0482f9fae1df05777f9c0,5672f81771f941cdb88882ff275febf6,23,False,False,Vehicle,insufficient_history,7,3,,,,,,
4c5c675340d14cd88a65b5e22eb9c9c1,f8ae27d97ec0482f9fae1df05777f9c0,5ad0783a08684f38bc5a48af6ee5d308,24,True,False,Vehicle,future_incomplete_or_outside_recording,9,3,,,,,,
4c5c675340d14cd88a65b5e22eb9c9c1,f8ae27d97ec0482f9fae1df05777f9c0,5fa321397ef447e6827e31f83ecea6cd,25,True,True,Vehicle,,12,3,233246,36cb850b940ab61e51786b53c1b91e241a5818f650be4e7840d796ce86a05c8b|8242d4add93c7b502a9852d8e6b8cc8feac9ad58befa7fdbd912814e8aeb60ae|cd465ef2afa74a779eea397347d3169279e6a3eb689772b57b2d5db55d767eed|b00a1418ddf1fc0436616b881e51955eadf68c42132b93a45fe13fc9b53db6b8|332a5fd41df7747bd288f829d95c3b918892fa1fdb2758ced55282c8ac1a77bb|0b602af40b014b2c8a7b91aad33aad4a31f388057736556ea087c4a7b06d3e01,0,7.62939453125e-06,5,"t0 ego planar: +x forward, +y left"
4c5c675340d14cd88a65b5e22eb9c9c1,f8ae27d97ec0482f9fae1df05777f9c0,602a35822fee4111a589232371fa1bce,26,True,True,Vehicle,,12,3,233247,f61a758d68e5d6771741d388023eb07c86b79d1c1155dd32a28c64a65e5544e6|ca7bc594987da8a2cdf55f616d0ca3c8854644a113eaf75bceb6a4af474829bb|30db589a17a2f758464e36395c5a0ac1062d287507913a2916187bd141d00d4b|2c4689218edbb2adab0ed6ed4c5fc5b6cb1cf755ab76054237354cd4cf5a4c0f|bbd30e15800241e59c8d4d9daf9ece54b303e6d42b9d3502a5b54a3933c7f03b|c8b0ae6edb098ad67dbed3d50035a63121b0830061df0334a4ea5a237f37c864,0,2.86102294921875e-06,1,"t0 ego planar: +x forward, +y left"
4c5c675340d14cd88a65b5e22eb9c9c1,f8ae27d97ec0482f9fae1df05777f9c0,656bbda4cc6c4127bc029b0d42bebba9,27,True,True,Vehicle,,12,3,233248,2d0ad2dd84537f9f6eac06f6266a337210b62224f8617a8082cbebbbf2a54f91|00f10d9816f4f44c6b5d743dff00cf6ffbe1420a138dcda16a1fc924d34071db|5885e2f8faa55083b4b7fbabc6dfe91e487eed14118b3b5148bdf5609d25612b|d6d9cc3afe9e4ffd4164d087cf300e9710bdfa96b7f0e872594ead701d3885ac|1eb5516a808171124e6436f768ce545a7cf66d9c453bfe8b7b4a3336769ffd7e|71b5c6538e268637b6e7d8b9981aac39eaafb80877d4bf52751b8cac5644d08b,0,3.814697265625e-06,5,"t0 ego planar: +x forward, +y left"
4c5c675340d14cd88a65b5e22eb9c9c1,f8ae27d97ec0482f9fae1df05777f9c0,6e34ecdf0dc4469abd26b14714d847a4,28,True,False,Vehicle,future_incomplete_or_outside_recording,3,3,,,,,,
4c5c675340d14cd88a65b5e22eb9c9c1,f8ae27d97ec0482f9fae1df05777f9c0,6e4eb05ee5ae4f69b83eb1d47a7f003b,29,True,False,Vehicle,future_incomplete_or_outside_recording,2,3,,,,,,
4c5c675340d14cd88a65b5e22eb9c9c1,f8ae27d97ec0482f9fae1df05777f9c0,7460174141594846add18dc372a4daba,30,True,False,Vehicle,future_incomplete_or_outside_recording,1,3,,,,,,
4c5c675340d14cd88a65b5e22eb9c9c1,f8ae27d97ec0482f9fae1df05777f9c0,75894d5df9634ee2bc2887f0340649c9,31,True,False,Vehicle,future_incomplete_or_outside_recording,10,3,,,,,,
4c5c675340d14cd88a65b5e22eb9c9c1,f8ae27d97ec0482f9fae1df05777f9c0,78562b287f5e4388906d747aa3d035ff,32,True,False,Vehicle,future_incomplete_or_outside_recording,7,3,,,,,,
4c5c675340d14cd88a65b5e22eb9c9c1,f8ae27d97ec0482f9fae1df05777f9c0,7ad7281384f142a4b00082e1de4dc644,33,True,False,Vehicle,future_incomplete_or_outside_recording,6,3,,,,,,
4c5c675340d14cd88a65b5e22eb9c9c1,f8ae27d97ec0482f9fae1df05777f9c0,7b952896c7a94f678106d8d0f96bc739,34,True,True,Vehicle,,12,3,233249,1d2a263f676f4c5c5b3d7550878bcb3247e66c99c3efb39a0a9e641158b83850|da0f6577e652c5444da40de9b6114bb92ca9b840a7abe425aeec7e5b38b5930f|1e5c47d8f224c948ac222b19847aff8ff9712dff0ef66e808f528025b5e07640|6f21741d667c151866d2b21e441d6e534d50ec8066f95795d26e282d65f042a1|930c6a1209fe65519d26562a19e2d38ec0cfa06567ffa5131e930c99e7858ab0|a0d700bb954084e57dedbf9ffcdec7bf5080a3109ca168674010a4d107192ee4,0,1.9073486328125e-06,1,"t0 ego planar: +x forward, +y left"
4c5c675340d14cd88a65b5e22eb9c9c1,f8ae27d97ec0482f9fae1df05777f9c0,81a0bced416d45bf80754bfed77ff866,35,True,True,Vehicle,,12,3,233250,013c6599599b2b408c0bbc4e309a0e1d8ddd0032f27a69a2e63935b6335d13bd|2b4bf30ad77157cb91e1ee0bc1fd7f457cee911ed993d08f73139a58a7ff2ad6|416f4a6e99aaeb10f4f637724cebb2008b3af3055545e622fb4cff784613a55d|5ea18b1215d73b661a7f4b23333e1927fa5c3a0550067e4945ef2244954b8643|b032f3e970905fc81aa4ed5dc1c7b7f278fd7dd35c527150e58e6b00639298fd|b7ea8b78d70dd23cc9f953c490b9bcf32497f14a7ac02962ff94f47be194bf70,0,1.9073486328125e-06,1,"t0 ego planar: +x forward, +y left"
4c5c675340d14cd88a65b5e22eb9c9c1,f8ae27d97ec0482f9fae1df05777f9c0,85191b173cc446b4a9efd6e38183a9e2,36,True,False,Pedestrian,future_incomplete_or_outside_recording,7,3,,,,,,
4c5c675340d14cd88a65b5e22eb9c9c1,f8ae27d97ec0482f9fae1df05777f9c0,875ab4b5ccaa48d4b900fb33b4ec9c9e,37,True,False,Vehicle,future_incomplete_or_outside_recording,7,3,,,,,,
4c5c675340d14cd88a65b5e22eb9c9c1,f8ae27d97ec0482f9fae1df05777f9c0,8d1ac6d2b5cb4e4fa0550af3aca076f3,38,True,True,Vehicle,,12,3,233251,4cb3b29f42c303aa2cf839623ec8c04913fbc8e1ec05bdd05423bd0acf82b2c6|31a2b729c0b16ef34148ae38ecdf675ae7dbefb9c23905f054b96ef856cd09c1|67537e7898b7a5feb86e1821bebb9207b840c8ac6296d2ff530efb7b695d1c3b|7bfbb776cbfbb450baa79891267c57e85457f570218df8e81fc81f8889d4e135|c863f4e4722b76f198b4d68491dc0a2d7f51d709ebc82e4fc692557bff69e231|fa7bbaa09f048ec79f5b006ea03767a3a0fc1f84aa60fd3de761d1bfb745abe3,0,9.5367431640625e-07,5,"t0 ego planar: +x forward, +y left"
4c5c675340d14cd88a65b5e22eb9c9c1,f8ae27d97ec0482f9fae1df05777f9c0,8e24b950ada9455db07692544666e7d8,39,True,False,Pedestrian,future_incomplete_or_outside_recording,1,3,,,,,,
4c5c675340d14cd88a65b5e22eb9c9c1,f8ae27d97ec0482f9fae1df05777f9c0,8f6736d4e8d04df4b9e73a819d738e3b,40,True,False,Vehicle,future_incomplete_or_outside_recording,1,3,,,,,,
4c5c675340d14cd88a65b5e22eb9c9c1,f8ae27d97ec0482f9fae1df05777f9c0,922b3d59e3a14355a0f83c252db44862,41,True,False,Vehicle,future_incomplete_or_outside_recording,10,3,,,,,,
4c5c675340d14cd88a65b5e22eb9c9c1,f8ae27d97ec0482f9fae1df05777f9c0,9474a26b63d0443ba4d358d94705bee6,42,True,False,Vehicle,future_incomplete_or_outside_recording,11,3,,,,,,
4c5c675340d14cd88a65b5e22eb9c9c1,f8ae27d97ec0482f9fae1df05777f9c0,9799fc8b650f439a9f12ed2ae6f5e00a,43,True,True,Vehicle,,12,3,233252,932dd304017d7afa7f4aefca34eec54d660bf0438eeb6cc945427015b31d5ae9|117b258eebc761db69ffb7ebe27600319b8396c3feaabfdca01fa8ee67e6b903|e03833c8ceaa3c8986502a667bcbdb5caa36ebf3347f44b0df9766c0f375929c|c172674888ab60bd0d7f856f2717db5c9dfb0d310214de5a2a4d0a1657606a97|2184e2a94c649144585f13335f78916d0b2c0dd1aaecd94cddc5dee49cc32f13|0a3bfc3ddc5dc601fb233e64766068829c13a357e257008a647821f0b3701e07,0,3.814697265625e-06,1,"t0 ego planar: +x forward, +y left"
4c5c675340d14cd88a65b5e22eb9c9c1,f8ae27d97ec0482f9fae1df05777f9c0,a0440574760f4748aea10854f2391d84,44,True,False,Vehicle,future_incomplete_or_outside_recording,6,3,,,,,,
4c5c675340d14cd88a65b5e22eb9c9c1,f8ae27d97ec0482f9fae1df05777f9c0,a0c2a25acd2947feb16b48f3ff2a892c,45,True,False,Vehicle,future_incomplete_or_outside_recording,8,3,,,,,,
4c5c675340d14cd88a65b5e22eb9c9c1,f8ae27d97ec0482f9fae1df05777f9c0,a36af50497604a56b8d1644171b4bcea,46,True,True,Vehicle,,12,3,233253,f91f46a6153356dc4ca5dc49bef33e09be7c7c84ef77ad2b60c9cf45b4f5db64|8d007c67f53dc7df852bc591def87dbc1c861b109c6ef0dba839459b31991bed|6e04e7903885d033257e35ca05a025e24d33d4f478e1e72a1f97245e6db6619f|a3e8b374d9ed3eb06e2f440f125f5022ae235063040929bde0ea5397ed72cbb3|5de7d5119f31228a26b24307c3194652d203a2ee43c2d6478f501517fc15c929|64200aee234f63145282836bc425b5179bde6e7664c4822444536fe8e273c124,0,3.814697265625e-06,5,"t0 ego planar: +x forward, +y left"
4c5c675340d14cd88a65b5e22eb9c9c1,f8ae27d97ec0482f9fae1df05777f9c0,aaffc3089cdf4d6388f184c5fa50cc45,47,True,False,Vehicle,future_incomplete_or_outside_recording,11,3,,,,,,
4c5c675340d14cd88a65b5e22eb9c9c1,f8ae27d97ec0482f9fae1df05777f9c0,ac89774cde574a8e87b132e3ebc5f988,48,True,True,Vehicle,,12,3,233254,05b033c9b3d355a4a14331c7b9d14841806d942d0a3e0ef9b904a16c45601392|02f2309f77a5478c93bc01976aa8a18656335f4ee995a9ca1e43572f631ca3b7|40076d78629d3973a1208d73761b00fcc0a0eaf905814ddad13108b616ba90da|480d346b1704e8340d874ab1265b8c84580866666d1e938f1590ef491cd4cb18|3745a3902ed8d3b3a10ff884d0c28322ad67cf8a21f25d68896cfab1158b2bf3|ede7981b3d66ac1b3cb907c3af76e2916425afba360c6c02dea114176265c697,0,1.1444091796875e-05,5,"t0 ego planar: +x forward, +y left"
4c5c675340d14cd88a65b5e22eb9c9c1,f8ae27d97ec0482f9fae1df05777f9c0,ad5804e78e634fde9911fd052f4ae2d3,49,True,True,Vehicle,,12,3,233255,6c58ae80c59490371ad06591c692a51ceb857598be17353782e7629d10ae29c8|c4cce95bb5c76579258baa7f5100ffe6d8e86d8ee971f3e6062dd7d96c412832|426230220112f6c90ac209dd6f0c8b6a1fc1df10a29a0e3fd328f41bfda393c7|159538f2947936478341200f0a2dc36c6d0fe55c00f98a0f8ca1a754c87e93bb|bdfb4b6ea469e4b69dfbca48c41e33c51606ea6b8b43b62b5b91159a6ec0e51b|bb292bbe28dcae98ec748d9fe245f540005b2fdd9b4363cf77d5d5e5a5cb62f7,0,3.814697265625e-06,1,"t0 ego planar: +x forward, +y left"
4c5c675340d14cd88a65b5e22eb9c9c1,f8ae27d97ec0482f9fae1df05777f9c0,ad7b3362c9df403e9fe5931aa88a0440,50,True,False,Vehicle,future_incomplete_or_outside_recording,10,3,,,,,,
4c5c675340d14cd88a65b5e22eb9c9c1,f8ae27d97ec0482f9fae1df05777f9c0,b2a68b797fe5402a92c2c09ca0fde4a2,51,True,True,Vehicle,,12,3,233256,5a1074002cb18cc0522fc069708be0d83625bfeb460115c2d0ac4600f39cc333|c3d0df1213289926725c0dfe7d928339d15b1e78405e15a50af53fcc29217d1e|3969950cbf26724e1445fa87e994e358aa0f5e1874cec5f4eefb8c3c0f4f0490|6febcf31504c14b2adf7302d74561f0e265545179cdb595c3fe301d76db3e3bd|bfcf679556d3b0accfc14fbc6b81cacc088cefe9edc44d8dde30359cf9467a25|a866d52b49c55c6bff2a1fe6bb88c3059ce73c23e2a87dc75d7bfa3541ec8a20,0,1.9073486328125e-06,1,"t0 ego planar: +x forward, +y left"
4c5c675340d14cd88a65b5e22eb9c9c1,f8ae27d97ec0482f9fae1df05777f9c0,b8ced3bf360d48c0aec69f5679e67c23,52,True,False,Vehicle,future_incomplete_or_outside_recording,2,3,,,,,,
4c5c675340d14cd88a65b5e22eb9c9c1,f8ae27d97ec0482f9fae1df05777f9c0,be7b0e998ddb4137b83e2faaf694a008,53,True,True,Vehicle,,12,3,233257,931857933ac51d9b5fb164f8e454adcf871f7d04d4c81adce0e780e599b1213c|5d7052ad59b7a2ffd41e2c7de0f237f154706f05f6a954a141c781a867f951ae|e2f655306b3b99628eea3e557cf1d1072608c477fd8232052a94109e18ca7866|9e3391a9b26a371ff064db73da19fdf2803314352656ea4850f4029848cd3fd5|b5893bf7bd489995fd7ff367511ba13e831080aa8ffd9ed14354d00f9b793697|4f3c2197738bf3c391cb8671cae4630ef1ee607325340d4ddadfa12f2f88db08,0,3.814697265625e-06,5,"t0 ego planar: +x forward, +y left"
4c5c675340d14cd88a65b5e22eb9c9c1,f8ae27d97ec0482f9fae1df05777f9c0,c3d9124c0b9b4672b6e0bb2a17b3933c,54,False,False,Vehicle,insufficient_history,12,3,,,,,,
4c5c675340d14cd88a65b5e22eb9c9c1,f8ae27d97ec0482f9fae1df05777f9c0,c4ecef69904a4bbe8b15d63d028b0bec,55,True,False,Vehicle,future_incomplete_or_outside_recording,6,3,,,,,,
4c5c675340d14cd88a65b5e22eb9c9c1,f8ae27d97ec0482f9fae1df05777f9c0,c76bb2c3e59f4d01a39c771dcfbf6513,56,True,True,Vehicle,,12,3,233258,61e1c0b772aae44bbb081d68b0f7d933d2f3c5a62a4b838761f068d250e571df|9f274072da408c88eeef1784684651356d958c7b9affc41136398544294bffe2|72c4cea27ad21fcdf51ee6797ed60f11d7b4acf6c7175a9f0b5a21c45e65f855|dbce7104e4fa97e947134b373e31683205cc4ad597f8109be53bf622b4e275de|e35c171161e202518d3812011242bafbfe95d45ae662a9b1f50d1f112e5a3994|513024e97f314e2031f455f891ee4e9995122a49dfebc9682a6c5dc725cc2efe,0,3.814697265625e-06,5,"t0 ego planar: +x forward, +y left"
4c5c675340d14cd88a65b5e22eb9c9c1,f8ae27d97ec0482f9fae1df05777f9c0,d1c5af14f5ef4fbbbea2c8804971fef8,57,True,False,Vehicle,future_incomplete_or_outside_recording,2,3,,,,,,
4c5c675340d14cd88a65b5e22eb9c9c1,f8ae27d97ec0482f9fae1df05777f9c0,d3c093ef704f45a8840fa62415e17637,58,True,True,Vehicle,,12,3,233259,d21e250ce4517ea6a2c0d4e4202a5ee0b8d619397557489725a8bf71d4c0e35c|c66d69ed9593f450c86b1761553335ff09e5c18786533bbb4d97e73eff019118|9fe1bb0b1ebcbb1750cc40d7296048c23e846d7bef638a6a0a72f9d21427df53|2c497d111bc5cdae388495698d2981a858a3ac116ae8422e2988cc5ed45a7105|53492975c7b3a4709440d9f01a9cb88b044d6853bd571ac5443a6b74289a9e08|fbdd449e5bfdad260e1648a2e9d595684fe91b8bc6cd2130c548693573b5ba23,0,3.814697265625e-06,5,"t0 ego planar: +x forward, +y left"
4c5c675340d14cd88a65b5e22eb9c9c1,f8ae27d97ec0482f9fae1df05777f9c0,d3e2c036c4934e39a875b380eae531a7,59,True,False,Vehicle,future_incomplete_or_outside_recording,10,3,,,,,,
4c5c675340d14cd88a65b5e22eb9c9c1,f8ae27d97ec0482f9fae1df05777f9c0,db0455adf3bc470d9e51b646d52a1229,60,True,True,Vehicle,,12,3,233260,c2983128010e91c6d4f55fdcc4a9aba7c0c482126d40b3589f20a8cd831b5ec0|515a1f7bccd27266172825dfe49bd00148722fc88cfc536e39c7ceea9766f76e|c07b57bfae4e4fb67635b0cb033a47d25bed98a1cf80a803b4e1037dd8691f08|90a3a867fbeb19c4ed83021dfd3337c5d19d538f85dceb55b7b70b0347dec866|fd8b9d97c046e096a2a06c0c60d83056965a6f2662cff48b93ac987e051c6474|aeacaf9d68901f90374b67d1a63e9c93cc3c95a32accae71eb4658dd462adb64,0,1.9073486328125e-06,1,"t0 ego planar: +x forward, +y left"
4c5c675340d14cd88a65b5e22eb9c9c1,f8ae27d97ec0482f9fae1df05777f9c0,e1ffac27bd554388b3d4fe107232ed71,61,True,False,Vehicle,future_incomplete_or_outside_recording,11,3,,,,,,
4c5c675340d14cd88a65b5e22eb9c9c1,f8ae27d97ec0482f9fae1df05777f9c0,e6bc58c2a2da422281b60afe6e08b400,62,True,True,Vehicle,,12,3,233261,e4ca478b4cba3afd20b7101a37dfaefae5cbbf3506982c9044b2fe1966714999|202cd0fd2e4ca286a9e00dc469c74471ee4d8662c9e628e1eb6075a6b2d95b58|65b62d777f3656f579672c8b6f8dad6ec155cd5580c73015e0a2a53f814b74f6|6a745c63c75b9efb9453c140400d353bb16f711db781c2905149d557c93daacc|4f0bc1aab0fd5bb9dabc4b87932a63e27fe9fbaa407e15fc7f207ba03c8cf64c|f51d8a5da4f1fada547b85a14feabb3c74ae2e71c70cc338ee62cd502c42f961,0,3.814697265625e-06,1,"t0 ego planar: +x forward, +y left"
4c5c675340d14cd88a65b5e22eb9c9c1,f8ae27d97ec0482f9fae1df05777f9c0,ec6dea4a909948dc9e23a221bd3c5c2b,63,True,False,Vehicle,future_incomplete_or_outside_recording,5,3,,,,,,
4c5c675340d14cd88a65b5e22eb9c9c1,f8ae27d97ec0482f9fae1df05777f9c0,f0b15ff6ebb14b8aba594334d15fca85,64,True,False,Vehicle,future_incomplete_or_outside_recording,0,3,,,,,,
4c5c675340d14cd88a65b5e22eb9c9c1,f8ae27d97ec0482f9fae1df05777f9c0,fb96c102659d4458a1bb8690775db526,65,True,False,Vehicle,future_incomplete_or_outside_recording,1,3,,,,,,
4c5c675340d14cd88a65b5e22eb9c9c1,f8ae27d97ec0482f9fae1df05777f9c0,fd238a434dcc4dc3b7f4be226f0fd54f,66,True,False,Vehicle,future_incomplete_or_outside_recording,4,3,,,,,,
4c5c675340d14cd88a65b5e22eb9c9c1,6d3db43072a4410e868920ef13b8afaf,0dba65350bb94711b397a4f7e8c8b95c,0,True,False,Pedestrian,future_incomplete_or_outside_recording,0,3,,,,,,
4c5c675340d14cd88a65b5e22eb9c9c1,6d3db43072a4410e868920ef13b8afaf,155ac9ef59f04fb185cc4aad520d9a8c,1,True,False,Vehicle,future_incomplete_or_outside_recording,0,3,,,,,,
4c5c675340d14cd88a65b5e22eb9c9c1,6d3db43072a4410e868920ef13b8afaf,1cdf84aa47704375b25fb63fa8ec7409,2,True,False,Vehicle,future_incomplete_or_outside_recording,0,3,,,,,,
4c5c675340d14cd88a65b5e22eb9c9c1,6d3db43072a4410e868920ef13b8afaf,1e651ec9b01f450eb5af28e7e2a2d373,3,True,False,Vehicle,future_incomplete_or_outside_recording,0,3,,,,,,
4c5c675340d14cd88a65b5e22eb9c9c1,6d3db43072a4410e868920ef13b8afaf,29335d16882a43b99b6de4f2e311f368,4,True,False,Vehicle,future_incomplete_or_outside_recording,0,3,,,,,,
4c5c675340d14cd88a65b5e22eb9c9c1,6d3db43072a4410e868920ef13b8afaf,2a04e688106e487f8f749c7be6c43742,5,True,False,Vehicle,future_incomplete_or_outside_recording,0,3,,,,,,
4c5c675340d14cd88a65b5e22eb9c9c1,6d3db43072a4410e868920ef13b8afaf,33753d356a4143bab7aaec40a5ee73fd,6,True,False,Vehicle,future_incomplete_or_outside_recording,0,3,,,,,,
4c5c675340d14cd88a65b5e22eb9c9c1,6d3db43072a4410e868920ef13b8afaf,427dc242142544a48dc5632856331f4d,7,True,False,Vehicle,future_incomplete_or_outside_recording,0,3,,,,,,
4c5c675340d14cd88a65b5e22eb9c9c1,6d3db43072a4410e868920ef13b8afaf,47852730e7ad413ab676a258f4739254,8,True,False,Vehicle,future_incomplete_or_outside_recording,0,3,,,,,,
4c5c675340d14cd88a65b5e22eb9c9c1,6d3db43072a4410e868920ef13b8afaf,4f03aa4b88834a6696e66e0b6dd2bd2f,9,True,False,Vehicle,future_incomplete_or_outside_recording,0,3,,,,,,
4c5c675340d14cd88a65b5e22eb9c9c1,6d3db43072a4410e868920ef13b8afaf,553023413dc24568bf1d5603a4f7a0ba,10,True,False,Vehicle,future_incomplete_or_outside_recording,0,3,,,,,,
4c5c675340d14cd88a65b5e22eb9c9c1,6d3db43072a4410e868920ef13b8afaf,5fa321397ef447e6827e31f83ecea6cd,11,True,False,Vehicle,future_incomplete_or_outside_recording,0,3,,,,,,
4c5c675340d14cd88a65b5e22eb9c9c1,6d3db43072a4410e868920ef13b8afaf,602a35822fee4111a589232371fa1bce,12,True,False,Vehicle,future_incomplete_or_outside_recording,0,3,,,,,,
4c5c675340d14cd88a65b5e22eb9c9c1,6d3db43072a4410e868920ef13b8afaf,656bbda4cc6c4127bc029b0d42bebba9,13,True,False,Vehicle,future_incomplete_or_outside_recording,0,3,,,,,,
4c5c675340d14cd88a65b5e22eb9c9c1,6d3db43072a4410e868920ef13b8afaf,6d54c0c35e8342b4a0a8f25680ca044c,14,True,False,Vehicle,future_incomplete_or_outside_recording,0,3,,,,,,
4c5c675340d14cd88a65b5e22eb9c9c1,6d3db43072a4410e868920ef13b8afaf,7b952896c7a94f678106d8d0f96bc739,15,True,False,Vehicle,future_incomplete_or_outside_recording,0,3,,,,,,
4c5c675340d14cd88a65b5e22eb9c9c1,6d3db43072a4410e868920ef13b8afaf,81a0bced416d45bf80754bfed77ff866,16,True,False,Vehicle,future_incomplete_or_outside_recording,0,3,,,,,,
4c5c675340d14cd88a65b5e22eb9c9c1,6d3db43072a4410e868920ef13b8afaf,8d1ac6d2b5cb4e4fa0550af3aca076f3,17,True,False,Vehicle,future_incomplete_or_outside_recording,0,3,,,,,,
4c5c675340d14cd88a65b5e22eb9c9c1,6d3db43072a4410e868920ef13b8afaf,95416789c90246e09631f55c23d00d6f,18,True,False,Vehicle,future_incomplete_or_outside_recording,0,3,,,,,,
4c5c675340d14cd88a65b5e22eb9c9c1,6d3db43072a4410e868920ef13b8afaf,9799fc8b650f439a9f12ed2ae6f5e00a,19,True,False,Vehicle,future_incomplete_or_outside_recording,0,3,,,,,,
4c5c675340d14cd88a65b5e22eb9c9c1,6d3db43072a4410e868920ef13b8afaf,9d803fd85f154fbd985540eb6ad2b137,20,True,False,Pedestrian,future_incomplete_or_outside_recording,0,3,,,,,,
4c5c675340d14cd88a65b5e22eb9c9c1,6d3db43072a4410e868920ef13b8afaf,a36af50497604a56b8d1644171b4bcea,21,True,False,Vehicle,future_incomplete_or_outside_recording,0,3,,,,,,
4c5c675340d14cd88a65b5e22eb9c9c1,6d3db43072a4410e868920ef13b8afaf,a488a7eb5cc04077922c535dd87bcc3c,22,True,False,Vehicle,future_incomplete_or_outside_recording,0,3,,,,,,
4c5c675340d14cd88a65b5e22eb9c9c1,6d3db43072a4410e868920ef13b8afaf,ac89774cde574a8e87b132e3ebc5f988,23,True,False,Vehicle,future_incomplete_or_outside_recording,0,3,,,,,,
4c5c675340d14cd88a65b5e22eb9c9c1,6d3db43072a4410e868920ef13b8afaf,ad5804e78e634fde9911fd052f4ae2d3,24,True,False,Vehicle,future_incomplete_or_outside_recording,0,3,,,,,,
4c5c675340d14cd88a65b5e22eb9c9c1,6d3db43072a4410e868920ef13b8afaf,b2a68b797fe5402a92c2c09ca0fde4a2,25,True,False,Vehicle,future_incomplete_or_outside_recording,0,3,,,,,,
4c5c675340d14cd88a65b5e22eb9c9c1,6d3db43072a4410e868920ef13b8afaf,b8b0867a63464560a6a1dec1c17de6f8,26,True,False,Vehicle,future_incomplete_or_outside_recording,0,3,,,,,,
4c5c675340d14cd88a65b5e22eb9c9c1,6d3db43072a4410e868920ef13b8afaf,be7b0e998ddb4137b83e2faaf694a008,27,True,False,Vehicle,future_incomplete_or_outside_recording,0,3,,,,,,
4c5c675340d14cd88a65b5e22eb9c9c1,6d3db43072a4410e868920ef13b8afaf,bedced381f614f54907a925b5d732b04,28,True,False,Vehicle,future_incomplete_or_outside_recording,0,3,,,,,,
4c5c675340d14cd88a65b5e22eb9c9c1,6d3db43072a4410e868920ef13b8afaf,c3d9124c0b9b4672b6e0bb2a17b3933c,29,True,False,Vehicle,future_incomplete_or_outside_recording,0,3,,,,,,
4c5c675340d14cd88a65b5e22eb9c9c1,6d3db43072a4410e868920ef13b8afaf,c76bb2c3e59f4d01a39c771dcfbf6513,30,True,False,Vehicle,future_incomplete_or_outside_recording,0,3,,,,,,
4c5c675340d14cd88a65b5e22eb9c9c1,6d3db43072a4410e868920ef13b8afaf,d3c093ef704f45a8840fa62415e17637,31,True,False,Vehicle,future_incomplete_or_outside_recording,0,3,,,,,,
4c5c675340d14cd88a65b5e22eb9c9c1,6d3db43072a4410e868920ef13b8afaf,db0455adf3bc470d9e51b646d52a1229,32,True,False,Vehicle,future_incomplete_or_outside_recording,0,3,,,,,,
4c5c675340d14cd88a65b5e22eb9c9c1,6d3db43072a4410e868920ef13b8afaf,dbc6aee937d3465a876f33aa31c27804,33,True,False,Vehicle,future_incomplete_or_outside_recording,0,3,,,,,,
4c5c675340d14cd88a65b5e22eb9c9c1,6d3db43072a4410e868920ef13b8afaf,e2cc3fb9079344b9b079a76e1108e1b8,34,True,False,Pedestrian,future_incomplete_or_outside_recording,0,3,,,,,,
4c5c675340d14cd88a65b5e22eb9c9c1,6d3db43072a4410e868920ef13b8afaf,e6bc58c2a2da422281b60afe6e08b400,35,True,False,Vehicle,future_incomplete_or_outside_recording,0,3,,,,,,
4c5c675340d14cd88a65b5e22eb9c9c1,6d3db43072a4410e868920ef13b8afaf,fd8cf8604dfc4207ada52764da2392bf,36,True,False,Vehicle,future_incomplete_or_outside_recording,0,3,,,,,,
4c5c675340d14cd88a65b5e22eb9c9c1,6d3db43072a4410e868920ef13b8afaf,fee034e3a5d949daabd0ea24e011c63e,37,True,False,Vehicle,future_incomplete_or_outside_recording,0,3,,,,,,
2ba06ef7b3b44cbfad6d771981d86af9,9126c143b0f44b16b0c7cc4e32c0230f,01659bfbf6a74789b947a45985d668af,0,True,True,Pedestrian,,12,1,53504,c89a73264457f4dce170afd73795dec7b9ae18aaf73a6e42d45bb644fcf4022f|9984c6af2ce029a897fd6fe04fc7c4ccc7e3e846605516494d5c4f57fb04937b|53ba04824d3694491a7926768fc9fe2a1e704b28bb6639f88d84d47b933b2884|bf07e934f15a1ce06fdfd0b96f4d3179b9822da7b397f134de33a8a3993b2fc0|feb6f661951c9489843de0992044bad0bb32ee7fcc8cff714b04a5d3df088b20|49580d3a86acc2f7bf8e7ae6adf40b72b81a58ba3cee668c006bff2ade5057f5,0,1.9073486328125e-06,5,"t0 ego planar: +x forward, +y left"
2ba06ef7b3b44cbfad6d771981d86af9,9126c143b0f44b16b0c7cc4e32c0230f,115b0623fa6847a9b3ec3e5aeccf7543,1,True,True,Pedestrian,,12,1,53505,90d766263febef47d98b6622a6f04f292b21bc4e05f6f1b0ba7ae98df3a56c8c|3a6b49a96fd3d2a9c4eb0f541aeed409183c8937789ef1cef730475b965cc5a2|dc7b35f957e34f8ec98089060f4def3596bd09153998b818be6d2a06b3a96802|9988b0e26a349995cdd2e19be3a8393c08b32a8dadc83e6a2ce6f20fd64b6bef|c11493db21018ed6d21ffd887160fdb34ebc38299eea1803fbeca825e7bb7b60|47b6560a5ac3422de3d8e8a1589c61087b1931cfd136041c0a19037d8b1e99a4,0,1.430511474609375e-06,1,"t0 ego planar: +x forward, +y left"
2ba06ef7b3b44cbfad6d771981d86af9,9126c143b0f44b16b0c7cc4e32c0230f,16c01ec8689d464783dcf0e061fabad9,2,True,False,Pedestrian,future_incomplete_or_outside_recording,3,1,,,,,,
2ba06ef7b3b44cbfad6d771981d86af9,9126c143b0f44b16b0c7cc4e32c0230f,219849be249143c8872d9cd3fdce345e,3,True,False,Pedestrian,future_incomplete_or_outside_recording,8,1,,,,,,
2ba06ef7b3b44cbfad6d771981d86af9,9126c143b0f44b16b0c7cc4e32c0230f,225c2b91558442819d46650fbea2bd93,4,False,False,Pedestrian,insufficient_history,12,1,,,,,,
2ba06ef7b3b44cbfad6d771981d86af9,9126c143b0f44b16b0c7cc4e32c0230f,29869958a47a4ab8aa2c6e1011cb5856,5,True,True,Pedestrian,,12,1,53506,35a138c7031e7ac5b4ab3569db4a2626d51f9fd02fa12405fec28acb1d8c10dd|3d8c7113cab41e528d665c3f72ab738287c537fc4c2f2500f10569a0ec68d7d2|c35fab53de040ea5d426fd3262925f78de1c536ee1c01f3c68e6c058505259d9|63e2e91b52877de02dccbbeb334f41ed0a6c6e853b4955360e5bd9ec1d6018a3|fafcb19ca9ef7ac84be3a79bb477d2a73a2ea1a8c3bdd82a4d801600bd8c3b03|c6cd56c7349a4ae76a7c6e927c0867dac8600851c234de70229c3ccca9e6ef3f,0,1.9073486328125e-06,5,"t0 ego planar: +x forward, +y left"
2ba06ef7b3b44cbfad6d771981d86af9,9126c143b0f44b16b0c7cc4e32c0230f,2dad47835c2b45ce917b918fb0719e3d,6,True,True,Pedestrian,,12,1,53507,a48a54f805159672798998b2de9832523b1decfe96824d3192575d3bab6aef71|3053af2b7e3570e61402325cf053834f86d97ac5ec00bc08ac6cd30e508aa9ef|b1e624c8e26e493ba05e9f24b032468d65513be557cf71f623f47d0683a8d972|da6c8c03c56c8277d68b2df5c886c51bc64b16e66389628f474f302136e108f8|002b82072f7441a0e50fd635bdac460a635f6b1f9c62dac59b1f40d6e315a2f9|efcae11edc0dc04851baa390dd9bbb836c85fa9e1334a33a9a8fc64850a4a4a6,0,3.814697265625e-06,5,"t0 ego planar: +x forward, +y left"
2ba06ef7b3b44cbfad6d771981d86af9,9126c143b0f44b16b0c7cc4e32c0230f,2e2caf8f38b04c528d348c2c37134ccd,7,True,False,Pedestrian,future_incomplete_or_outside_recording,8,1,,,,,,
2ba06ef7b3b44cbfad6d771981d86af9,9126c143b0f44b16b0c7cc4e32c0230f,2f6f3a9cf7764c31b700e2e55a7af219,8,True,True,Pedestrian,,12,1,53508,2e013f4199f17d231c2244c12f97f363c6d1d835157ccb18d870622f9ac68424|a4c287f03629a4a966c72ec04f65fdccbc27b89c3c4cb6e65f28204ed380ae5d|10438aaae4c94407ab9553438ba8bd721eec47a27e511b25605cd15bf87c3440|b3b460929855a0f21987b62d890e71b614eadea5143986c80cdc6f827c33e0a6|10d1c204cf60e59d780b9a6b3a168a754a18594ea54d76742eddee40a5034f72|454224150ffd651b472cd6ac5d84eeb008710f4b0e3f6bb8cd097b69392f097b,0,1.9073486328125e-06,5,"t0 ego planar: +x forward, +y left"
2ba06ef7b3b44cbfad6d771981d86af9,9126c143b0f44b16b0c7cc4e32c0230f,2fe3767de6654c6fb9498c8929aeb923,9,True,True,Pedestrian,,12,1,53509,e1bf8730ea36c27588cb52d7361462a7e81cee815a06ade3effb00a1c2ca3a31|a1d1930e299e1af5e6032721c04219362ee15772bd04a12727548992be93789b|27ec67d3dc30d15b66d18042ffd1c8aadb2e223d42677e48f044b7886b088228|9010133d1b5272f6ea673151bf4bd5d6edab302a436cf3516050a80ef714f75a|3d32f82b6c8a7c73cb852784ad0568ea38b8b758d07346999bfe9f01954a6e7b|07f4caff9cea973a6e6ffd55635cba85270139d4f28f6f550df699f370a82c65,0,3.814697265625e-06,1,"t0 ego planar: +x forward, +y left"
2ba06ef7b3b44cbfad6d771981d86af9,9126c143b0f44b16b0c7cc4e32c0230f,308a757762224872b056db67b8006e11,10,True,False,Pedestrian,future_incomplete_or_outside_recording,11,1,,,,,,
2ba06ef7b3b44cbfad6d771981d86af9,9126c143b0f44b16b0c7cc4e32c0230f,33f03b7392484e6a9ee7803b077c3e9d,11,True,False,Pedestrian,future_incomplete_or_outside_recording,7,1,,,,,,
2ba06ef7b3b44cbfad6d771981d86af9,9126c143b0f44b16b0c7cc4e32c0230f,33f67f6a87a74ea59aa6ab4dd7ab6209,12,True,False,Pedestrian,future_incomplete_or_outside_recording,8,1,,,,,,
2ba06ef7b3b44cbfad6d771981d86af9,9126c143b0f44b16b0c7cc4e32c0230f,385bb58e70ca47e7ae09f16222907f36,13,True,True,Pedestrian,,12,1,53510,5da7db41f82de058fc266f532b6756441167ba6b4b17e228cc1b0ea18ffe2451|163281b0676b13f009aa2254e63a718d4f0721e33eddfee1e0ea37f76e2a633e|50b702de728fc448db0d4bc9b744c4ec17dc2fa47afcb55e0019257d20275183|35d1b70741ee969c32b6c5c8fe41916efdc8edd79537fa241f7160a1a8b19965|0a489aef585e63e97608fc9286bd59a6e766c396a94cfb2d223cef9f6e435abc|82da2a16a6bfc4784bb817ee9d21c963ca7f0db4d92fb1cb6d0c80c125a27a3d,0,3.814697265625e-06,4,"t0 ego planar: +x forward, +y left"
2ba06ef7b3b44cbfad6d771981d86af9,9126c143b0f44b16b0c7cc4e32c0230f,3a0f9f62ad11471c81c906cc6daf068a,14,True,False,Pedestrian,future_incomplete_or_outside_recording,8,1,,,,,,
2ba06ef7b3b44cbfad6d771981d86af9,9126c143b0f44b16b0c7cc4e32c0230f,3e481ca0625145379f6b62d7a9bee642,15,True,True,Pedestrian,,12,1,53511,8a3c7ff4acfc3ad019bdc389d2ff932b76673d7cd0d4ee8f3ca18068cacafb98|f8822decc512e03ed76657bed6c58cc382a4f67c7a187e8e0a4aca5edf73737f|d11b0d4faf363dae68a275c20e0cca9da8a1035d5af86a0375dc8dac968fb534|c13ba113f7fea97fec65c422c18925cec5c4d57f831e4e9c7ee96235d4e3a348|591b2aa1ff5e4cac9a341e47aafa3ccd28a2b60f84075727fb6a73b7a2e02329|e0d80a79dd2081b45633a8aadb8220bb56c2045e3bbc67c269aaab106a64d213,0,3.814697265625e-06,1,"t0 ego planar: +x forward, +y left"
2ba06ef7b3b44cbfad6d771981d86af9,9126c143b0f44b16b0c7cc4e32c0230f,3fefd39e7cdd4f11ae34d84a2dc099b2,16,True,True,Pedestrian,,12,1,53512,1ac391748aa52296011d30a610ea789b806a162157315d717dc65e487e1b9731|17fc51267b71f775871a92986915cc341ad4410f7e6ba422977fdd24e83ab0a6|94ae5a9a7f3e175abec159d23577cd2c177cad89204be295d394d015462d03ce|783b028d1dbadcd4d08617f31438510dc2d896df294d86e049b17b031d60e3c2|cc19a45cd70871d1d8ae335101355c5db353665b4cceb3c6c1244d214a4e12b5|1279d24d058eb2b419adf4e870f2fd87430bce48801b2b521e0be93e962d32fd,0,3.814697265625e-06,1,"t0 ego planar: +x forward, +y left"
2ba06ef7b3b44cbfad6d771981d86af9,9126c143b0f44b16b0c7cc4e32c0230f,419dffe2affd44b3a878e54eeb5dcf87,17,True,True,Pedestrian,,12,1,53513,72a336ff9bebf8e9d72f6ddc2526aaccdc39cdaa297d970e78215ef8245bd070|42c0d2f02227499090f519130725eeaa3c69f3531f4d3429bd081ed2b8d991da|0a06e79b5e0501da5b65685832ed36880f20f7b98a95871b1e8cabf3a49996d5|7c0a8cc7423f54210f0e133af7df013e73e66e0359e3664f901e7bf1bdbd7c22|e51d6c443f67d9c5eae70f67a66e2b46da09b1535aec7513207fbe93165355b5|c4b800036c0ff0eaf8858d4e859687bb19de008beebe2fa7d4b3051e229f9436,0,3.814697265625e-06,1,"t0 ego planar: +x forward, +y left"
2ba06ef7b3b44cbfad6d771981d86af9,9126c143b0f44b16b0c7cc4e32c0230f,43094e4c6da84b2291fa73b934381926,18,True,True,Pedestrian,,12,1,53514,445a47629aa3e3c7ac5ef783ece4f7aa61a00fcc1a6477bd3fbf6d836d7743fb|e16d882307084bda2544255bf43363b535971a3632dced8536ba64e36166cfcf|a865578eebee3bdfdb9a18a8bab891e5aa4d7570b419a2a22d682c37e0601c64|d3792e4b6856e65b2b3d5a069b6094561f619bbb64d24ec4483aee745ed2c98f|e4f54951179486776fca25f9a78ce1c8d9ac16ae4017baeaa8518afdba1ed24c|2f514b09a26df085b15bee27107daa5c0c3f2e1e5fabc0ebe78790b039479dde,0,1.9073486328125e-06,1,"t0 ego planar: +x forward, +y left"
2ba06ef7b3b44cbfad6d771981d86af9,9126c143b0f44b16b0c7cc4e32c0230f,46b8481d60c14217a45375ead1ad0f7e,19,False,False,Pedestrian,insufficient_history,12,1,,,,,,
2ba06ef7b3b44cbfad6d771981d86af9,9126c143b0f44b16b0c7cc4e32c0230f,4a41ed92432b4723a40938ef2ff51dbb,20,True,True,Pedestrian,,12,1,53515,0f56ebb10724c74bc7a4be85e4c7f9f7a87e38fcfc7f969577bd3706842bbdc9|afd793d651fdf324daf0c0ac997d91b9d1213a49de350b7949030d0630165529|6ab7b89f815135a231b5a4df386a5730ad19a2faf6ea71adf50b4e8fe8ec2564|f43d244d537e96c7ef5c02e846f308ba22216ed1aeaf64ddbae639a37ef7ad87|758fb8d9e9b9b3b50b54dbd75cf53add4ed345e4d24f0ab26ba1219d092afd06|831a33673370b8a1e1e47469b56364223646daed3148b8a6870b0844dd249bf0,0,3.814697265625e-06,5,"t0 ego planar: +x forward, +y left"
2ba06ef7b3b44cbfad6d771981d86af9,9126c143b0f44b16b0c7cc4e32c0230f,50fce0978cd447249353e6f7019fcd61,21,True,False,Pedestrian,future_incomplete_or_outside_recording,8,1,,,,,,
2ba06ef7b3b44cbfad6d771981d86af9,9126c143b0f44b16b0c7cc4e32c0230f,51cfe269ee3a4ad1ae0a46c6ba9efa02,22,True,False,Pedestrian,future_incomplete_or_outside_recording,2,1,,,,,,
2ba06ef7b3b44cbfad6d771981d86af9,9126c143b0f44b16b0c7cc4e32c0230f,526f4c465ba243e7a5e6d5015d508785,23,True,True,Pedestrian,,12,1,53516,e6fcb8c4031e56a9fd31e7f41c32057ecbc733c28aba9b536e2f86ca4690a679|5b220d65d99113ae507b765a5d5e5761b622da4b3d31d3a4066b703d11a71189|3a48b88bc64bacefdfe18cd516daeb2dc38208266ca3c7b2a4121b9e7a32ae23|67f89508ade5dcad5b19f49f37d67c9f2ede036d8632cbd8f5b2a808b8ef7f56|4c6db4e73a4d358e6a19fbbd433fdf8e9001bbb08a811009055772df35157a67|69de0880bcd204c9bd818520478845610b8d2b58f92c1321e304f77b15733a5b,0,2.384185791015625e-06,1,"t0 ego planar: +x forward, +y left"
2ba06ef7b3b44cbfad6d771981d86af9,9126c143b0f44b16b0c7cc4e32c0230f,52708345e2614ae9a33b72e3509aa4e1,24,True,False,Pedestrian,future_incomplete_or_outside_recording,2,1,,,,,,
2ba06ef7b3b44cbfad6d771981d86af9,9126c143b0f44b16b0c7cc4e32c0230f,53f3bfaa5ca944e3a2c496aad437d53a,25,True,True,Pedestrian,,12,1,53517,8be812126a0bb93a8a454ef133481d62cd4c61111e81efadb8e7847f099a840b|2dfdb75e497a785e7f46e2fcad84ef9f364f7b948217b0f327440674a1e79f50|6fe3f905379c1dd6de9f50a5cfceb2cf036cdd2e2a000eb417e908a097f2e9e2|1660ab07b1ac77c2211842bf71d61f051364066d59c2f126b137ec70f3e40593|afdfccd78bfb184ffe0bb41794df55682cca296f0a37c6f8c88184d5b928fe5b|7b83c79403f9ca5718e8d27909ee7d0ab44ccfb5fdafd75ea0cac5401eae63b5,0,3.814697265625e-06,5,"t0 ego planar: +x forward, +y left"
2ba06ef7b3b44cbfad6d771981d86af9,9126c143b0f44b16b0c7cc4e32c0230f,558e90cffa1f4f66b37c659bfc268d4a,26,True,False,Pedestrian,future_incomplete_or_outside_recording,8,1,,,,,,
2ba06ef7b3b44cbfad6d771981d86af9,9126c143b0f44b16b0c7cc4e32c0230f,578dbeb4e46f47f682742021d2d313a8,27,True,True,Pedestrian,,12,1,53518,9d140174d41c663cc7b988fccedbc4e3df39732267bc5ed6798341d74cd56307|bdf09a86966c7506411b7e76044f5097ace319e3a1aad36a2c39d438c5d0f690|7e354c7bea04c52458e631bbac09226706aea0f49753cb1368e37324fb7b3e29|a153ac615ef3f94ffcb426353e698fce30a3ff809c43422ab359dec2618fd0e3|75428b3fa883435220c0267ae2cafa3a915b0d9f82f13b6264c75a9fe96017be|01959aea3531263d9ec006b551ac26c508549706f66ace8fbb1e849d7671ff9f,0,1.9073486328125e-06,1,"t0 ego planar: +x forward, +y left"
2ba06ef7b3b44cbfad6d771981d86af9,9126c143b0f44b16b0c7cc4e32c0230f,5c40f28ad51e4ed7823520d5e6428f9c,28,True,True,Pedestrian,,12,1,53519,94fa045c8459a13f48d5690d1695d220e2078c99f4828d74751b1cf2dec465fe|485f61e695c2aba2716efe2c604625ed11e02989207f213adbf2abe3076fea75|c9d6d6176861e365108dc168db6972b4cb9bee6c0ab03a6b88b02f0b0d78510d|a73721290b4b3d6ac8237a478e9c063d3ed43f09c5f110c592ecb4e51ba85d48|ef7ffb635ffe8884361a54a455d724968f9fb2201d646e5d82067347436a87de|da3f9ea45870538392caaa1f52b8d646c2bf6c4af2028a14a46f2f9edfeb1abd,0,3.814697265625e-06,4,"t0 ego planar: +x forward, +y left"
2ba06ef7b3b44cbfad6d771981d86af9,9126c143b0f44b16b0c7cc4e32c0230f,5d281bf944b54e72b07e4e99dd93d5fb,29,True,True,Pedestrian,,12,1,53520,a03ebca629c211c2c78487679cc2a294ca42428aebf8c24ff3fc90c453a7346e|60d16c67333b135879db463f021a0c9bce36ab5f857c15b7572db2d10111ccdf|a0f3668ebd9039958778536973b04ff1ef9c63371d8571b22d2b940ca0d64d39|c3c4f99b0a69cdbaf64b8af96cb8b40a78c3144c828e134e19fd4b5717b6508a|8654b503e65f038e322973f39c057d9992faf94068bb717580344dd7562fe875|9dcbae27ad4364f347fc80c295eeee3bd9d0cdd5321b34a4e7a541acf365decb,0,1.9073486328125e-06,5,"t0 ego planar: +x forward, +y left"
2ba06ef7b3b44cbfad6d771981d86af9,9126c143b0f44b16b0c7cc4e32c0230f,5ed7a44a0cf4447bb19204847bde82cb,30,True,True,Pedestrian,,12,1,53521,2ad0d70749b51d222d1f5c38a145c2bc9d5e528fe3f69fd4fab8b0f94aa52867|adb8ba9f98490a9239ea7344017180ff318e01e31a496dc98d6fefa011f27437|12c5ea14bbec1494809f066eeb22109815842c234473f045178ff682ac240c0a|04787c143c3eb68a7519828f95fd29750ed4206cdc61a3b07c13241b585b5183|87003f0d656c214c1104e40041fdeb4abca091c42194fb78ab59ec2f6b58e04d|c70fe7884d1c1f2761173b63e960bc60076803603c4ce17da41c5d7e3411bb29,0,1.9073486328125e-06,1,"t0 ego planar: +x forward, +y left"
2ba06ef7b3b44cbfad6d771981d86af9,9126c143b0f44b16b0c7cc4e32c0230f,5f19d6a555e74202ad7c91fd369e827c,31,True,False,Pedestrian,future_incomplete_or_outside_recording,8,1,,,,,,
2ba06ef7b3b44cbfad6d771981d86af9,9126c143b0f44b16b0c7cc4e32c0230f,654b02b28de44466af8c7734176e7f65,32,True,True,Pedestrian,,12,1,53522,d8088624a9c8686fb9b04b38247f614a7e18167ef2dafbbad7370fe0d569e7cd|b24a43ed2768f9b6555def2a4aad40b81f5f4c894b5ce0ec86866dfd0843145b|cd516fa37d1c780f5cb76eeb5262b0acd2c0650206f2cacf0a7524a4903d71af|d8c2e140414dfdb6e0b6bdad94419c02f081e4681086506059bc0992e8066d52|334aa2ec3157b31bb731051cb7f7f19544beae8ce54b28cd2ce6fe7f2112a901|24569086082e5ab6513a3073fae35e76f1ba4b7775f1a3298f5887efa4fe0058,0,3.814697265625e-06,5,"t0 ego planar: +x forward, +y left"
2ba06ef7b3b44cbfad6d771981d86af9,9126c143b0f44b16b0c7cc4e32c0230f,6a18475b0cf248889866af85c38a269c,33,True,True,Pedestrian,,12,1,53523,90e0f66f1904b87b1065bc3f2b23b3b0401ea3fb5e99f70cdbbe125592946906|b728ed35594e90ff0dfeb44b73463259ee389f513300a180b8abd4d5f1337163|6651bff61abf60e3dc6c3e734e8bbee344987204d41909eb079df2d17eef308d|45767b25bad4d192c131c009b8ed9f1a6193fbe71eb5dcd45e6dc36776b359f4|237f2b926582d7f67a67c48a98fc17159a45d963ed21650ef1f79870468731ee|b1f4c06daafca4c4660360eb07dbe9de02743332ce1b8ef1f6fd50a5c14d036e,0,3.814697265625e-06,5,"t0 ego planar: +x forward, +y left"
2ba06ef7b3b44cbfad6d771981d86af9,9126c143b0f44b16b0c7cc4e32c0230f,6a7933e9e9dd4fa78f37ecb2ef499124,34,True,True,Pedestrian,,12,1,53524,5860e1d5cc9ed09c201988ecea68c7ed674aa6227faf2a1c7d3447bb6f87c95f|27614e6e910da3803e87b1e271fff9926011ae43f868a743c2e8d1aa19c28852|2972cbc0b7efe653f9fc96b10f410ceae10faa2ff1f3552988ec7ee6c591334a|1b00243683c493e6f853b395cf161b48ffac91f5407e649670af243637d17127|b963be8e7928e5369f173566b92f4b3fadb930cc3b4ebcc6bd8bbae50b756bfe|579e1ffa60eb73b7e3ff78427acd8dc9d1f94add0f9c2bad88d563d9598ad62f,0,1.430511474609375e-06,5,"t0 ego planar: +x forward, +y left"
2ba06ef7b3b44cbfad6d771981d86af9,9126c143b0f44b16b0c7cc4e32c0230f,6b7a5e6e354e43538eb19b1da8a00de1,35,True,False,Pedestrian,future_incomplete_or_outside_recording,7,1,,,,,,
2ba06ef7b3b44cbfad6d771981d86af9,9126c143b0f44b16b0c7cc4e32c0230f,6bf17689d7b74ba9a741e1be6b85a07f,36,True,True,Pedestrian,,12,1,53525,23e30fa2de2e8c5d4678ae2c5430edb00d44edc7930333c5794c366da9212bda|16ac75e8635f5f2d6013724209997145a352bfeb3f7ab9eb82cee93af1b2c304|a157e91b02b6b2b028d1c48d56cf0687683ccceaf5796422e84411edd18820f8|b8ffd4523915fec5044c61897625b46916d998b29fdc9e78b32c13c96a3dea97|77eb1364904d94ea858c40245fcf7785ec77050e517879c9ffbc880b533f174f|1f2d7b91cae9db7d4a05fc9964563a26de9b38ab63e9c681418b043f9a5da515,0,1.9073486328125e-06,1,"t0 ego planar: +x forward, +y left"
2ba06ef7b3b44cbfad6d771981d86af9,9126c143b0f44b16b0c7cc4e32c0230f,6e84e9486a8945acac0afcb32d509105,37,True,False,Pedestrian,future_incomplete_or_outside_recording,9,1,,,,,,
2ba06ef7b3b44cbfad6d771981d86af9,9126c143b0f44b16b0c7cc4e32c0230f,70c29ddd305f45ae9c7f5c8a4a1a731d,38,True,False,Bicycle,future_incomplete_or_outside_recording,3,1,,,,,,
2ba06ef7b3b44cbfad6d771981d86af9,9126c143b0f44b16b0c7cc4e32c0230f,747191b1d4544854a0f88100d043112d,39,True,True,Pedestrian,,12,1,53526,d2f44af5bc8b2855bd9768ca1b6828998d75ccac48e0ae18233b71486623f907|b9ec3a3dc0a82e41f983a758a056c0c2a0dea95de1254cb4f22a743b7bb14982|f704cf79dac7118a35c8afc9f7a37e69ddca53f7ea19897340703b5eaed14ad8|05eb1a4abc0e8cbd773c4b0aa72ac26c85f44d737780f66079d8aa75b43e1de2|0627998679a8dab918029682e7b84af23a6496bd3a1212d8ab8b0419458644e2|c13e659e308858334b11de18a64386b56f9686dd7ac1494ee90c15d7188e227a,0,3.814697265625e-06,5,"t0 ego planar: +x forward, +y left"
2ba06ef7b3b44cbfad6d771981d86af9,9126c143b0f44b16b0c7cc4e32c0230f,7ad91f92645f47c68be3c27b270dd8a3,40,True,True,Pedestrian,,12,1,53527,74afa57929768d72d549fe8f96691db18b78b36abb5a83c2731ecd3046d587f0|200a3d676ce6c1b6550b88244987c86630903ac73f80666fcd9f7bff6531f754|7e05e9a5475183868ff643a6c03b8ecbab0c25669bc124aabdaac1f13c9f7730|af8a8eedaca2869b319af1b3f216fc9b4b6f084f5aa649146e8385805a07ff64|4554516003baf2e2a0ca793cba90885118005ef32d92a945b489bfef12910b7a|e81f43261b55c702a9b22989d5619d21bc5bd9c21189f761151b5189bc481b16,0,1.9073486328125e-06,1,"t0 ego planar: +x forward, +y left"
2ba06ef7b3b44cbfad6d771981d86af9,9126c143b0f44b16b0c7cc4e32c0230f,7c0f2e4e0c694471b79ac89e2f75cef3,41,True,True,Pedestrian,,12,1,53528,a0ae0add53c53f725f92b364e07938876d00e9f25187f6e7dcef3d06c92eae99|3b6a6f18c100de6c55f552b75e4e8898cf223fb278e3d73ee1b146612e0a29fe|4ff6be60faaf3218b6fd2b0ff50a00ff6ecbc563911b6a532acfa15e622b6523|4b77e29aea497ee2a6942d808229f5b426c7695d0eb8ffcc0832786667d45f56|c10b16ad04d98743589a7113967e3585c87cf903dead975d29f6fbc4cc1f2b31|6997ddbf05f229346d2c3026ad367c8da46bbe85226f078e127b0f84e2307a59,0,1.9073486328125e-06,5,"t0 ego planar: +x forward, +y left"
2ba06ef7b3b44cbfad6d771981d86af9,9126c143b0f44b16b0c7cc4e32c0230f,7ffb39e8ec9f448da3704294c7a6470c,42,True,True,Pedestrian,,12,1,53529,cc31901e8b89e896ab45cdd42200035c877491dd31352f20376330c62c22bb58|2a2e08c7f947a13f81c461fb81c463add0b4ebf8285ca1c990f11db4298b253f|448920faf1219b663682da2745c312d4a186059a5a90fdf028e64a2e67af3fe4|0c29b6889aa0beaa827385bc7c35cf2531038a38d866399867a1926285e35f4c|28e15211f43aafaeafca4622baa8a1fdf988709ba7af9837f128b74ee31b979f|d6dbe8aabf5369b5bb1ee52dee12c6da13ea249599f8b4fd7d6faa828467a537,0,3.814697265625e-06,4,"t0 ego planar: +x forward, +y left"
2ba06ef7b3b44cbfad6d771981d86af9,9126c143b0f44b16b0c7cc4e32c0230f,8868721a2cff4a73b10a4d5a1f8de3c1,43,True,True,Pedestrian,,12,1,53530,bdbc6f4a2d9fed8d355d2a1d561d3cbbcdc023d30f0257deb4254c3ee9ef9b55|298b22d3dd7d42f1c41ca715d6ac0741ae82e33f63265c65b300bc35e82bcc94|61d9831f84f5aeb97e853d16889f94aeac01529b46105e6966561c49aa247a63|272b0d78db5334f9c9ea4d6e6ae97d19e7c4638fa18e54bffc7ac6de1a2bb195|8f50a4e836014eb85eafe6f4e3610657644951d7482986851f65f0920141f6de|15f175a25949cdcb68d6864f1293208fda36710ce4fa641f2c678ec4725c1953,0,3.814697265625e-06,4,"t0 ego planar: +x forward, +y left"
2ba06ef7b3b44cbfad6d771981d86af9,9126c143b0f44b16b0c7cc4e32c0230f,892d061d2b8a48f8a36327d88ba55677,44,False,False,Pedestrian,insufficient_history,12,1,,,,,,
2ba06ef7b3b44cbfad6d771981d86af9,9126c143b0f44b16b0c7cc4e32c0230f,8ab1f03916224c49b65f082d30f90e38,45,True,True,Vehicle,,12,1,53531,aa6263bf3eef8a3f5ffc6fb1b7cdb24af84441a4861b9aa62461b46886a01485|3f11db2646b0712642e6f9bf29949cbfe47c59bba95b056da50d7430110318c7|5e70c661bd9057b443157daa6564b4ebb6a24991b46edff92c930540cba9423e|14c43368e979e379949d494091e0fa36455d80d04a389a9aadc8b1f8abf89cec|03b0487f148f497c31becdbe8a5f30e4b0d125753b1beac913e682589e5a3ced|da6ecababc12ab02c2a205c4028005ba9211aa07c53729c70de6041db44eb310,0,7.62939453125e-06,5,"t0 ego planar: +x forward, +y left"
2ba06ef7b3b44cbfad6d771981d86af9,9126c143b0f44b16b0c7cc4e32c0230f,8ae9921b22314080b114c146be2c6c87,46,True,False,Pedestrian,future_incomplete_or_outside_recording,7,1,,,,,,
2ba06ef7b3b44cbfad6d771981d86af9,9126c143b0f44b16b0c7cc4e32c0230f,8f0cf9ee2b8f479983d2609750fb603a,47,True,True,Pedestrian,,12,1,53532,a59e3115dd60d4cc10c06bfd1e6f402cbe25c17bae0cac2ab0c0845a96b504e8|7c16fffcdb72f38d8350bb794034b64d926a22b0e2ba8639e97779572b87844c|7fbebe7937dfdbc7a89689777a820069b90d052f9a6691257743d4a9b6788c52|e564fbaca382212f12f03b8780da408d16c4c802a2992aaeb8d7a296440493a7|135a526e37c82f3ee4bcca2531745e5485a91035fee58a4519daadc2c3f949f0|dbd84ebeb2dd2db1bdbebafb3e3428073f60c8f640ae05ca9c805f0198d5d746,0,3.814697265625e-06,5,"t0 ego planar: +x forward, +y left"
2ba06ef7b3b44cbfad6d771981d86af9,9126c143b0f44b16b0c7cc4e32c0230f,91d2943ba5c94d908ca1edd3ac980983,48,True,True,Pedestrian,,12,1,53533,0991f5d725683b650a755af377c34c6183a72b74736de3287173d69fee99711e|e10c3f410cfc27fc669c3705de3d8dcb72946cb01294f0bea9330bbdf1e13803|a2c4f10a902a2f934776c598167930c37f066c0b074d9dd948649633aa022a57|0cdca44cdc495d83f8457f739d39a51907c113c6dfce94a9e94204de7ed1c02c|702b66b7700c972b0c7289ec411e05c946f16285df5fa4801f5787e48d489faf|dbae37f12ea1b08c1e14505d1690537f0382f63169dc28c45a56919fa174f7c3,0,1.9073486328125e-06,1,"t0 ego planar: +x forward, +y left"
2ba06ef7b3b44cbfad6d771981d86af9,9126c143b0f44b16b0c7cc4e32c0230f,9516664dc4454c0aa7e7166f1bf5e02a,49,True,True,Pedestrian,,12,1,53534,6be8714f50033da2bbf2785862bb77d10245ea5f016c3941e6196b286904349e|cd9f5eebc94ac294bfef7e51e208aedc3529ff3e3a301c51ad76e089d69df411|71c124873a2e8d207415cce20959d00cb0a8e22c790240df55501d84878bbbf6|f74b78843709d59c5f876e61d801e9932200672707e1399927726c3a78978ef2|516b896ba34ba3e356c7ad616917abe3abdbd2b80aae472df62711c0c1b5f8ee|d7b03caf59fdecf6a0b26280caeb5fbb80db429bff30eb2900b3e5cbb1bb9a39,0,1.9073486328125e-06,5,"t0 ego planar: +x forward, +y left"
2ba06ef7b3b44cbfad6d771981d86af9,9126c143b0f44b16b0c7cc4e32c0230f,9b58ff33c9c0436fb0316cf3cc70983b,50,True,False,Pedestrian,future_incomplete_or_outside_recording,6,1,,,,,,
2ba06ef7b3b44cbfad6d771981d86af9,9126c143b0f44b16b0c7cc4e32c0230f,9c2ff6d2da504b889647478bf47f8cc0,51,True,True,Pedestrian,,12,1,53535,47a680f0f82d1a6641b8408ffaa790909a4afd549829538fbbd6f573c2892aef|9f578d9c0e204961ef2b7ec667c82f6bb86ee1959c2f273ae0f8185f80f24ef3|f2770357b4e23d2a91080fca510a801eb17d7e8b4b1963d45ad28ad4e49c8418|46f57ac556cacdf3ad85186c780aa7ccc47ec84556290796077c23670ebe0ed1|05ed25b770c7b321fc7e07c6253cc23ba876d2668220acac6d599181b006deeb|7f60953146ee9bbaa64049a8b354d81753025d6f25ab5b69bc7ca1276d24e29a,0,3.814697265625e-06,5,"t0 ego planar: +x forward, +y left"
2ba06ef7b3b44cbfad6d771981d86af9,9126c143b0f44b16b0c7cc4e32c0230f,9cc9450154674b51b7c222f5386369e7,52,True,True,Pedestrian,,12,1,53536,aeda3bd3b4a571defa41d4d60dc8a4441cb94373f85b683ff39da0e934cd20b8|2ec48fccb710bc220a23e09f4c07d47aefaedb8416274a2384e98ec582f97c77|69fef85cf5ca30e1ffb5cad6b5e06d61d49585a84b72cb4436697c2fc10d7245|92542dc13831003a9b39276e8af43cc0db6e1f93f0af5ee33faad1478786faca|2d96229ee4d2f9bf5cf177361b92c58038487e9add8ba076ae695c7946c0271a|391b0d108835503dd8d33a91984956e031c1e54d745007bd0da326e4f74081c9,0,1.9073486328125e-06,1,"t0 ego planar: +x forward, +y left"
2ba06ef7b3b44cbfad6d771981d86af9,9126c143b0f44b16b0c7cc4e32c0230f,a0981568a0e64232b8420896cdbe5e23,53,True,False,Pedestrian,future_incomplete_or_outside_recording,9,1,,,,,,
2ba06ef7b3b44cbfad6d771981d86af9,9126c143b0f44b16b0c7cc4e32c0230f,ab2e45744c4d4ac79a5061abb58a68ad,54,True,True,Pedestrian,,12,1,53537,314fb08b47f6a3b01e4d72265c48b93b47a69053ecd9a9c934f7e5928c824a03|ed92ba3d756922edb1437de5ca17efbc9a4528e209bb45e4c46e5b0840b0e1f9|432eede780f9b7a8ca22ccef7fe1fc056544a6bd1298dbf27cc92e40cb6849cf|68ac1a0e3335652e83ce1e3f52f477e1d4ef18d88e458ba4b9201f640bc15162|47ef97910377d30528fcad0b100852912d3fcd6e2429975d515fc189f19a4dbc|629b6733dabbfadd28021d74da9050311e14ba1ac452671525d949ef5481d809,0,3.814697265625e-06,1,"t0 ego planar: +x forward, +y left"
2ba06ef7b3b44cbfad6d771981d86af9,9126c143b0f44b16b0c7cc4e32c0230f,afec3945395a4536869d5ec82617182f,55,True,True,Pedestrian,,12,1,53538,0309f1566d209bace46786bd711864cfda71c9240f7c40d2cccd5b226bd8858c|9cf00752be2d12f246da20e2a2c6ac8dbd566915ecb34bd75a3c8bf81b2ec5f9|5f73f900817af9078ef6d6c9cdd5b6c5be5f8fc46089cc5e3607c2d18b08ad58|84745fdd509d6d6885e65a87ea014c63b02b38d689bc39958a8c46ebdb02a1cc|273f2e6d1cce91ee3f244297b7473b6ebccb8d2c93a1813a74a869eb054ad04d|a028fb8e1c2fd1a759103862d44b89568385c593e7b5fa16d31f01095793bf4b,0,1.9073486328125e-06,5,"t0 ego planar: +x forward, +y left"
2ba06ef7b3b44cbfad6d771981d86af9,9126c143b0f44b16b0c7cc4e32c0230f,bba27d5c0b674d4e9906f93f26f76747,56,True,True,Vehicle,,12,1,53539,3efc35065e559e6a8f25bb7d1bfa3ac7eac1a691b0c78e348fd5ca431a494881|20e56e8073f64e074e227f428eae2521c55a921406767f9334c532dc6b2b791a|8e20f982224a7bc20b1087d849570bd3826f7649130bdaf3addc75570782ba4e|aa7ce275b7cc3643afb01534d5507bbfd089021223122418fe6bebe7f41858b3|01896f5590058ea30eda45117a3cc4bdbec1d0b0b284092144f59c6e48751169|23b9a9848ead1ba4e67b313b7a646ae18c9592e4e7f1730eaa13944f8fd9c418,0,7.62939453125e-06,4,"t0 ego planar: +x forward, +y left"
2ba06ef7b3b44cbfad6d771981d86af9,9126c143b0f44b16b0c7cc4e32c0230f,bc4fdc720a3a44e8bcfc78f7613a9217,57,True,False,Pedestrian,future_incomplete_or_outside_recording,4,1,,,,,,
2ba06ef7b3b44cbfad6d771981d86af9,9126c143b0f44b16b0c7cc4e32c0230f,c4e3fd99a12147a7b9088938a0b64a13,58,True,True,Pedestrian,,12,1,53540,08aa811ccf84363883adf5abde61e1e274789824fa53d8abd28802e078c16508|00b56e2529ad5ab6a76d4706f9cbd0abd8022853fd8809617ce696f370661f0a|04a2878d8b4736fd676964649e0ab7cec19417eceda2cc48781d18caab0c1cf8|181d1a35a62f9302072d6c387f0231a5c4cfeb7e60561c318a264fa077539cfe|d1033d9ea23b7ba0992dabe84a63531f28e3f4c056753208fc727b0b58c7e157|8ff22c53f3d0d5fca8122a05084c2bed0da8e07057052114ac0f801ba3b6ae13,0,1.9073486328125e-06,1,"t0 ego planar: +x forward, +y left"
2ba06ef7b3b44cbfad6d771981d86af9,9126c143b0f44b16b0c7cc4e32c0230f,c5002f74be9d4d6dae45700c75b1f9c7,59,True,True,Pedestrian,,12,1,53541,cc6611bf394424e3326814789a6282adc3fb74cf325c8c8c0f9a2211947d9d9d|774fae5886f3e9a47529546263a67661e079fc47d0af2e651f9b5117bb681114|13516b0940226503240cc0b8a059b42ccaffeda8da465ad756886997e3db04cb|3e52492fd2910580fa7f18a9597124edc8521b83533c1cad56cf02c88492417b|90cdb633c47e80d9271327e901cc41603003727226ab8d528bbd7119191ccb8b|6820c47e83ba31035c2b198bdb9b0f92f8c28663fc2477da3fc938a3315a5ea6,0,1.9073486328125e-06,1,"t0 ego planar: +x forward, +y left"
2ba06ef7b3b44cbfad6d771981d86af9,9126c143b0f44b16b0c7cc4e32c0230f,c651f14120334396a41d583d90c4cf35,60,True,True,Pedestrian,,12,1,53542,9e32a61c06e8946d76f05fc25a1da711f4048383f841c77fceac47f2824d53b8|e0e64d138416c295066fdbf4d89cce5e39efda9b3e2a23d4fd3c801992216d30|325543e619434223019b38da12850709789a305287827b86cd72e65ffd509f82|6c081a950443a3fdb659864dca4eaf7d76590b0787414151f0676c7ebbc63248|14552e109099eff82d1226a73a57a924aa11df67b2259a90cd5a9bef72141198|7d2792b16febd9627739a5a44cc9b1e73d81abd2bc7696c18cce22c4a4540ac0,0,3.814697265625e-06,5,"t0 ego planar: +x forward, +y left"
2ba06ef7b3b44cbfad6d771981d86af9,9126c143b0f44b16b0c7cc4e32c0230f,c8f8d44984874eadb494d40ebeae3d49,61,True,False,Pedestrian,future_incomplete_or_outside_recording,7,1,,,,,,
2ba06ef7b3b44cbfad6d771981d86af9,9126c143b0f44b16b0c7cc4e32c0230f,ca8b96d737244d24ba6e97e2dd1021ad,62,True,False,Pedestrian,future_incomplete_or_outside_recording,7,1,,,,,,
2ba06ef7b3b44cbfad6d771981d86af9,9126c143b0f44b16b0c7cc4e32c0230f,cbcd07ab58c44223b4506353f2d9b226,63,True,True,Pedestrian,,12,1,53543,cfaf4971d46ee80d2a03751ef96b95304de8c803234bdec7f13b62bd77a0b679|9c30de8cd49344614b522bd90b0846cb4ce89d4064c5c45abc679e769d2c2365|7ac3bb4549a46601d51e6b73a128269a4f8bd8a64d9c61dc834eae0810e62cb7|e0df59621d15a624853622b0733488cc148c6d7a8cd4b11bc92a1201da62143a|98b5087ac4d424121b18aefe68c1ef4ff548b69a3fa79c0084dac37e9a5d76f4|71103ee54bd8288221793eadd20f137dd5247905a08e62b28f22781714f34b88,0,1.9073486328125e-06,5,"t0 ego planar: +x forward, +y left"
2ba06ef7b3b44cbfad6d771981d86af9,9126c143b0f44b16b0c7cc4e32c0230f,cfc3426abd364f98b584a3f8965dd49e,64,True,True,Pedestrian,,12,1,53544,0deadd5f15051e8a4f46afed87e4951c01a0ba6e2701be9c4cc1e803b2f19bc8|c3e9c1712fe2818dcdb34c0af64fff1982b07c195b235d709db3c8bc7581c35b|00f253f31c45441441f6242b7744ab82ea2a9db45614d237983bb16ece46b00f|c673e99ca4d85c9a615befaa09a58ad3d889ab24e23dbc9eae43d766d2614c44|53344f6a8a33f32868fb2e8b42e251ecc83bfd60924d5c934251db4113629692|7d8370b0d09cdce25652afc4b91d7b0e3ac1fc31a48e3c0074e16e24d0fa39f3,0,1.9073486328125e-06,1,"t0 ego planar: +x forward, +y left"
2ba06ef7b3b44cbfad6d771981d86af9,9126c143b0f44b16b0c7cc4e32c0230f,d449689a6c0c47ed86ad6c2bb267bd1b,65,True,True,Pedestrian,,12,1,53545,e71a3729f41160dfd5770612e178ccb17d9d9ff63d3f2ddd71dcfa274b402d03|4b9325c9901d8d3c712c127ce1c37b65e2e1125fddead0fec53dd040c5d86d66|f829073f295d2fed1b8ad7c92410a4c190ff5c3bcd353796f0670f3167dac646|b3ab628c9ab48eb7ac1c9f65a2ce9e6e28f6faa01096342639f0f9d70638d3a2|e5689786c422ae1eff285fd3946c85918d40d9027c4e31514b35fffd1bc5d6a8|cf2777fa0122baca6ec9e2c2c1c6cea5c0e51ae483e16cca2df104a833322fde,0,3.814697265625e-06,1,"t0 ego planar: +x forward, +y left"
2ba06ef7b3b44cbfad6d771981d86af9,9126c143b0f44b16b0c7cc4e32c0230f,d8fdf520384d4116a482f851ce88bf97,66,True,True,Pedestrian,,12,1,53546,75eff950655887aaeca2a474c94e99656ba1ef6c1aae27dd97e3ffa652be9cc7|ee14070fc89d270c44fe682ab00fe0a78225c11bdc03ca61d87cea4b14bc9c71|c36c4604b235520c1f8fe4a96a6a622292ffa6a75ed3bc85a3f3700011c3b8d0|78989730f898b959abd80db8233cb5f55b252e3d5ed3450e526be8ba208a1382|1f10c3783bfffdf25fbc9447d86102db9bce293c3fd3c166f13745163528b6fa|35a50aba797740d1acec96439c4240bdf7dc25ccfe6a872546ad76315777bda5,0,3.814697265625e-06,0,"t0 ego planar: +x forward, +y left"
2ba06ef7b3b44cbfad6d771981d86af9,9126c143b0f44b16b0c7cc4e32c0230f,dabafc6a2ed448cda82b761865af5f32,67,True,False,Pedestrian,future_incomplete_or_outside_recording,8,1,,,,,,
2ba06ef7b3b44cbfad6d771981d86af9,9126c143b0f44b16b0c7cc4e32c0230f,e13ac240993b4bd99b0aa366c07895f0,68,True,True,Vehicle,,12,1,53547,73f9afb71a2831ca0dba797c5b8eb3dbbe8a75f7d238a71a09a55aef94e388bd|87811e29cbcbca3fc23936a0757c46111181209978578afb21d14680a0801708|d481a935a326b7a32121a36503f94172b349157dc4568aed6b93188f732c7c11|b5b21585d730af956cb53c8636dda1a1434541d71e49f1242b558d2d07022195|ab8f53bafc0c8d50c6f78a9d2f7506b2e3b327363c2abe8fe689c76fd4010d9f|8e744db3f9c91d93ee1d9b06fd7b7c7c23ee5ecae7e56a0ae9d20618c66c7225,0,5.7220458984375e-06,4,"t0 ego planar: +x forward, +y left"
2ba06ef7b3b44cbfad6d771981d86af9,9126c143b0f44b16b0c7cc4e32c0230f,e4b024b02572451a95618a97be770bee,69,True,False,Pedestrian,future_incomplete_or_outside_recording,4,1,,,,,,
2ba06ef7b3b44cbfad6d771981d86af9,9126c143b0f44b16b0c7cc4e32c0230f,e73ec5898ad349e98fa5bc402771bb92,70,True,True,Pedestrian,,12,1,53548,b820821bafa611c9c0fd9178ab0044233c8f70ddeed5f34c9cee246b850b4570|c3a16c342c92da3392be700628320a2fa56efa20c7dae4e5a9a3ef9a7773287b|7deaedf87fa5af7e4aba78ffd6dc8e170395f87b213eb2013f855113c8f24ebf|e7fe9de6c5fa350f891d7213e08aae39abeb10f338bc49dad549c8c3a280fb1a|37001cd8af4dd5c51d8286d013cede145783f184e0d47f7aae3dd51b140f8848|b1e7d9be44a272ff663a185b9d41ea68a34197da4ad70a68e27decdac3dc7828,0,3.814697265625e-06,4,"t0 ego planar: +x forward, +y left"
2ba06ef7b3b44cbfad6d771981d86af9,9126c143b0f44b16b0c7cc4e32c0230f,f202f26544114f03afb75d8f0fd592f8,71,True,False,Pedestrian,future_incomplete_or_outside_recording,8,1,,,,,,
2ba06ef7b3b44cbfad6d771981d86af9,9126c143b0f44b16b0c7cc4e32c0230f,f899bce632284595a71e23029109fce0,72,False,False,Pedestrian,insufficient_history,12,1,,,,,,
2ba06ef7b3b44cbfad6d771981d86af9,9126c143b0f44b16b0c7cc4e32c0230f,fa42bd2bfe834543ae6f10a35bdccf30,73,True,False,Pedestrian,future_incomplete_or_outside_recording,2,1,,,,,,
2ba06ef7b3b44cbfad6d771981d86af9,9126c143b0f44b16b0c7cc4e32c0230f,fc19162d37d04f919231973a11a91015,74,True,True,Pedestrian,,12,1,53549,9a0160eff5b94b734c18e68fc2b420f7b808885b4fac70f908f80657d4e2ae16|3605341dd51fa1f50a7c1ed0fdebfa98c198f61b854f29f955e54f479992b106|273b38a226964acd4db93b0485790af62d7ce3b7111428234dfa7db3653bdc78|f15327bb9bd0f5498d190a9c4aae9595926f18af634ca7f5174d6c0f8a8c290b|3c2771f16651b1604b08409edc3b1138499ccfef82b3ba34c9e8de8d9af296b3|19c3599e1a39cd71dfca6ecf8852f95dce767700836f3f0a8c523f5cf7eba775,0,1.9073486328125e-06,1,"t0 ego planar: +x forward, +y left"
2ba06ef7b3b44cbfad6d771981d86af9,9126c143b0f44b16b0c7cc4e32c0230f,fe4b090bac204ff3988d145a0d03ca9a,75,True,True,Pedestrian,,12,1,53550,e139bda5a1e240f8199896caf0fce3ef99e0a95ad8d975b33a5acd333b7ab750|406b98ec7735ea32249bf8cbf44153740af69af67e0055026633e82eb08dc175|89f8776648f4b23789f6543e0e6ad4c4ba437c984a85ea51a6b1e07ec004027d|7c1d06ab94dae4c29e8365ec75505bf987edead20951502a8b95ccfdb0ed93b9|ab65bbb82e44f7185ce9f43e83b68170251380503f7046e1938a89f0c9ee88d7|05ce828d0dc10a42bf0c49eedceda32e054be48b039ff22ee91740184ca5218b,0,3.814697265625e-06,1,"t0 ego planar: +x forward, +y left"
2ba06ef7b3b44cbfad6d771981d86af9,a4c66fc3215a40dd98c18f4898d5c048,0017c7cf1bb34be2bdfce9e62a9d688d,0,True,False,Pedestrian,future_incomplete_or_outside_recording,8,1,,,,,,
2ba06ef7b3b44cbfad6d771981d86af9,a4c66fc3215a40dd98c18f4898d5c048,01659bfbf6a74789b947a45985d668af,1,True,False,Pedestrian,future_incomplete_or_outside_recording,3,1,,,,,,
2ba06ef7b3b44cbfad6d771981d86af9,a4c66fc3215a40dd98c18f4898d5c048,020bfbca7ea24fab9e8fe09611046bc3,2,True,False,Pedestrian,future_incomplete_or_outside_recording,5,1,,,,,,
2ba06ef7b3b44cbfad6d771981d86af9,a4c66fc3215a40dd98c18f4898d5c048,09960b6b06f54d09ac33c817f09c41e3,3,True,False,Pedestrian,future_incomplete_or_outside_recording,7,1,,,,,,
2ba06ef7b3b44cbfad6d771981d86af9,a4c66fc3215a40dd98c18f4898d5c048,0c9fbdef697b4a7c8fa2642a7531453a,4,False,False,Vehicle,insufficient_history,12,1,,,,,,
2ba06ef7b3b44cbfad6d771981d86af9,a4c66fc3215a40dd98c18f4898d5c048,115b0623fa6847a9b3ec3e5aeccf7543,5,True,True,Pedestrian,,12,1,54006,94c6f34b4a7afa94ea739bea48c40b3e450b68f39e50384b7ef2416a24ec9179|9470f5a46d03031663a4e1cf14399ba6588ec2a0cad0fde150c9730e717a91dd|fb400c6d68754f160bf7c7de9602284672adacccb3dace5d469b90bc9c41b695|915002234c47ab62cc30dc60199e41485358b97ac237a3db5c0d80eb196a9f4c|c5c9417c511db80a65881c09d688c0c7ff91c92fa62ed0cb5fed09c0a6b19079|a710e0216a882390ee077d8cbc043d36096ddeed619d4e6edf979e680084caca,0,2.384185791015625e-06,1,"t0 ego planar: +x forward, +y left"
2ba06ef7b3b44cbfad6d771981d86af9,a4c66fc3215a40dd98c18f4898d5c048,179a1d949a0c43ce8d7b88ceb00de249,6,True,True,Vehicle,,12,1,54007,287339c7ea52de1a3c874bbdaefe48a43efebc01e8f8efb16c7f32042f6034ab|291030853951f11f389ba61f9ea8cf19b453be21754b800d2290576d04f60e2e|edfa09df4993f1d6a6bf55816be9c7477b82ad983d8e9eac27cbac7460737d2d|bb0721a9bea949eb756bc42eff5f43970878aec92a1e64c5210792dfe52ca62a|03e2583834c4bd1ef46ae6205cb61b9e89d630d5fa7c8eb053ea9d385a75fbdf|aa55d5988b4e844c4fd87afcab063b08dc4c9b5b92329d8ec4c5240762656b61,0,1.9073486328125e-06,5,"t0 ego planar: +x forward, +y left"
2ba06ef7b3b44cbfad6d771981d86af9,a4c66fc3215a40dd98c18f4898d5c048,1f5a6e21faf24241b35c4f304d415795,7,True,False,Pedestrian,future_incomplete_or_outside_recording,6,1,,,,,,
2ba06ef7b3b44cbfad6d771981d86af9,a4c66fc3215a40dd98c18f4898d5c048,211b0d7869a24ae0963781ef7550b2d0,8,True,True,Vehicle,,12,1,54008,4c8fb76cee4d233ed244a4c93c217bbdf4d2e5353b4ac5d481fd56e117703568|e88ef10195940514d2caf59a18339f7fee3b8b71efac8bb127320f3a1dd253e6|73c9723cf5b4272c9f48fcb58d57b6f2c83cd8651b052322d4c1c5be1124b334|af4a6c6b73a04d4136f23d7f9b3f7c74687f995b5774d9dd2e66e91254bf56fe|5e974eb2d139260420d4044a7a4df56b70fe7625172edb5382a08db834d6d380|5aa7652fd229339d5d53ff5a59119c7f33c2652ee9540d462cd128f0509e6820,0,3.814697265625e-06,5,"t0 ego planar: +x forward, +y left"
2ba06ef7b3b44cbfad6d771981d86af9,a4c66fc3215a40dd98c18f4898d5c048,217c0c6033964083b8f4914c95128c95,9,False,False,Vehicle,insufficient_history,12,1,,,,,,
2ba06ef7b3b44cbfad6d771981d86af9,a4c66fc3215a40dd98c18f4898d5c048,225c2b91558442819d46650fbea2bd93,10,True,False,Pedestrian,future_incomplete_or_outside_recording,11,1,,,,,,
2ba06ef7b3b44cbfad6d771981d86af9,a4c66fc3215a40dd98c18f4898d5c048,29869958a47a4ab8aa2c6e1011cb5856,11,True,False,Pedestrian,future_incomplete_or_outside_recording,7,1,,,,,,
2ba06ef7b3b44cbfad6d771981d86af9,a4c66fc3215a40dd98c18f4898d5c048,2aebeb597997431bafae7a8466a7ccd9,12,True,False,Pedestrian,future_incomplete_or_outside_recording,7,1,,,,,,
2ba06ef7b3b44cbfad6d771981d86af9,a4c66fc3215a40dd98c18f4898d5c048,2dad47835c2b45ce917b918fb0719e3d,13,True,True,Pedestrian,,12,1,54009,93cd74e5129813ffb0a72b4baeaf3cee8c5ddfb751294d06eedda2867494e9d2|bd40dde6b1c311c03962c63035d6a982bb7c401a8536b4a5d70fcd3cdd3d61f3|2ebeebbba1b7e4f80984c3e75587be22ae5f4aefca491d3d97cc7fe5e76d0f0a|1cf5fa21aad243d3ef7ec6d5df63d5c91da3f6ae59bbbe8881b7a6040a495791|86bd6fa652e52c203b7ceae4d4680edb775977db965d5c4144be695830e99687|c6d4b5fdd843e44c7c42fa59ccc4d182fc343f34602ea0ae637a038b782398d1,0,1.9073486328125e-06,1,"t0 ego planar: +x forward, +y left"
2ba06ef7b3b44cbfad6d771981d86af9,a4c66fc3215a40dd98c18f4898d5c048,2f6f3a9cf7764c31b700e2e55a7af219,14,True,False,Pedestrian,future_incomplete_or_outside_recording,1,1,,,,,,
2ba06ef7b3b44cbfad6d771981d86af9,a4c66fc3215a40dd98c18f4898d5c048,2fe3767de6654c6fb9498c8929aeb923,15,True,True,Pedestrian,,12,1,54010,09d41f97bc1bdc6f92e535c28fe02077e5220e84e64e249ab390a0da211fca20|2c54270ea7d1f9e14219af7b09fdc189e75501c7f987b3fe9ec58149001e769e|dc91965e3d2be0973a2c84e3b4d906202d2bcfc10da9400b05ad905f4cf35fa4|7f1b387e86123341a81a22b3699886e0cd85d582f22e6203c346570ac86062f4|a8b11005fed9bd3cb5092686360f09e0d206e9e5de6269eb31c4a1c18f78dddb|54bcf33cc9ed5501373b4f0de58a800f420b20deed0adc8d75b0e403899c4561,0,1.9073486328125e-06,1,"t0 ego planar: +x forward, +y left"
2ba06ef7b3b44cbfad6d771981d86af9,a4c66fc3215a40dd98c18f4898d5c048,308a757762224872b056db67b8006e11,16,True,False,Pedestrian,future_incomplete_or_outside_recording,0,1,,,,,,
2ba06ef7b3b44cbfad6d771981d86af9,a4c66fc3215a40dd98c18f4898d5c048,32a2a076828544f59c30ed7f1e145b7f,17,True,True,Pedestrian,,12,1,54011,7ee81e543ccd5da79f6b9760d652bd143b57927bf86de5e7aa41a4b4601feb1a|952a389320369fa9ff9eb5f7f14424dbff1dfc7719a620b3957f5d417ff5ca86|ede3ebc20079d8a4ab727cf83932c82a2d22c3bc76d6b501e46c23d2058f39d8|8fff1c531a9673921b0db47fcff0d1d6517cfe7ea9d251225ea837d7a441bf9a|7424b9a82452b332662ec35a40960a3cb067a254d2603c0a92b9b06f08912a19|08962ae10cb313a8fc3be58ba4c4132b6b3208d3c84296723a3b6c434dd3a9ea,0,3.814697265625e-06,4,"t0 ego planar: +x forward, +y left"
2ba06ef7b3b44cbfad6d771981d86af9,a4c66fc3215a40dd98c18f4898d5c048,385bb58e70ca47e7ae09f16222907f36,18,True,False,Pedestrian,future_incomplete_or_outside_recording,8,1,,,,,,
2ba06ef7b3b44cbfad6d771981d86af9,a4c66fc3215a40dd98c18f4898d5c048,3e481ca0625145379f6b62d7a9bee642,19,True,True,Pedestrian,,12,1,54012,0bf145afc3ef8f5026e3a55f073fe69003aa199fd5fde97a15b0298cdf371cb5|8bff6c56bd8c29afff63e4e1be64f8a920f1152d070ca79b84362b4ec1daa7ae|f4b8a33edb6db88a5585e7bffcf4903c56e1cc47a2d014c7c0d8cd32bdd51350|0efac6de0ead41f66ac495c85367b45890ff641fbde6b2b25692485e3455c626|79ec80c4c480a87aa2a03c6cabf10b5129e22cd66bd870363731354a1d6975de|227cf6edb5604d90836148ecd37d65bb27032b61c26cb9074adb678443de1916,0,9.5367431640625e-07,1,"t0 ego planar: +x forward, +y left"
2ba06ef7b3b44cbfad6d771981d86af9,a4c66fc3215a40dd98c18f4898d5c048,3fefd39e7cdd4f11ae34d84a2dc099b2,20,True,True,Pedestrian,,12,1,54013,9acc502ca8ba398f961af71e164f3bf080905f754cd83b2cb880021138008846|b1c83b48a3cd5aee61909791ce19556f755ac6487c8636dab984aa9db391ba6b|842082feff7307b869ad960e5a239630ca756d0d46bb52e269d64319e4909035|c9a385981d543ead80900a3c1c551275567bf0fd914897c922cdfe0f4b63001e|b9270ce7fe4cc6187cd5d127ced7a7dbc07ab525e14b30d7dabd30918db66080|112c54116433fcc2c90b38c87c2994f692fbc45a58bc624bef0d684e04e1df6e,0,1.9073486328125e-06,1,"t0 ego planar: +x forward, +y left"
2ba06ef7b3b44cbfad6d771981d86af9,a4c66fc3215a40dd98c18f4898d5c048,419dffe2affd44b3a878e54eeb5dcf87,21,True,True,Pedestrian,,12,1,54014,718070fd1941045f174cf419b044236b861ff4db88f7d5eb9200d6e149cd8286|4ca5064255215494851b26914404f201637c6ddef145510631f338f66486002a|36031cd75b5a5e84d6d6057d98bb8eaa660328d3ac7abae9d563885cd842db17|7473cbba6eb9a06a70412022ed0a5e01f21c396664cef87f0d43f7ade577ef1b|b02de830c605fbb7fc886ecaba5a9566ffd48e22dcd5bd154be58e3c29f53d84|3019c0166094368d12dce41d701591c5b079982ef2eabfb42a6c2ea4ffac3809,0,1.9073486328125e-06,1,"t0 ego planar: +x forward, +y left"
2ba06ef7b3b44cbfad6d771981d86af9,a4c66fc3215a40dd98c18f4898d5c048,43094e4c6da84b2291fa73b934381926,22,True,False,Pedestrian,future_incomplete_or_outside_recording,10,1,,,,,,
2ba06ef7b3b44cbfad6d771981d86af9,a4c66fc3215a40dd98c18f4898d5c048,430dd9bd2a8d4e59b8b31afc34f4a739,23,True,False,Pedestrian,future_incomplete_or_outside_recording,8,1,,,,,,
2ba06ef7b3b44cbfad6d771981d86af9,a4c66fc3215a40dd98c18f4898d5c048,46b8481d60c14217a45375ead1ad0f7e,24,True,True,Pedestrian,,12,1,54015,8b802a91a5dd05f7796221964d2f7455ab9307c43f813df1c76cb14303ba535f|840c56f4c8bbd8ba4e5af844578e917a9b19d7bcfd743e82acacff7b81161e36|8b25fe4546f14053f53f13eca9d65f7a61f4a4e6efeae1fbd2bf58fbf44389bc|d5a11f8ff2beddec46cbd8001dc99ba6361d78925b1130b9acf6d3e0ca1a3537|183d3b212fad0c59a15951bf58ded72047d3990b43126774207eec849adc2dd3|210df01af4a72eeab0a9bdff42edf8a93882142ed1a7cf60644bf292449a41f8,0,1.9073486328125e-06,4,"t0 ego planar: +x forward, +y left"
2ba06ef7b3b44cbfad6d771981d86af9,a4c66fc3215a40dd98c18f4898d5c048,4a41ed92432b4723a40938ef2ff51dbb,25,True,False,Pedestrian,future_incomplete_or_outside_recording,8,1,,,,,,
2ba06ef7b3b44cbfad6d771981d86af9,a4c66fc3215a40dd98c18f4898d5c048,4bf5c7647a714e15813d018bfa0e16f9,26,True,True,Pedestrian,,12,1,54016,f38db390c4867b1fdae31ed985d660fd975a75296943717bf85f26d2e23a8230|a8584ec95a75fffd3b3c7be3b1d9d538cabac0760f5de784d4c64b46d3ec1b8a|d4a7be5673c4f936350f550fa531f7bf21ab7de14f2f45597aae0418101195dc|47959966cd1faa9d426636a19fec8c5ed2b83c00b55f591ed91bca9f7ef84623|d11c1c8646661fab09197a7f385f0db89d79c483ecfda6601ce106388db8ab76|e295106e350016bafa14b6b897ba007eced95d0f0d6d7446ca6ab2eba3a911ca,0,3.814697265625e-06,1,"t0 ego planar: +x forward, +y left"
2ba06ef7b3b44cbfad6d771981d86af9,a4c66fc3215a40dd98c18f4898d5c048,50d9ee02e7ff4fcbb939d13c81b9f5a6,27,True,False,Pedestrian,future_incomplete_or_outside_recording,2,1,,,,,,
2ba06ef7b3b44cbfad6d771981d86af9,a4c66fc3215a40dd98c18f4898d5c048,526f4c465ba243e7a5e6d5015d508785,28,True,False,Pedestrian,future_incomplete_or_outside_recording,5,1,,,,,,
2ba06ef7b3b44cbfad6d771981d86af9,a4c66fc3215a40dd98c18f4898d5c048,52988fe4c6bb48cb91f6fdd410aa2c6b,29,True,True,Vehicle,,12,1,54017,534fbf0f8dd33dae2ff456f48c0a6b435e3085bd062c8d242cff1a3e62d7be12|f5c989195f1c10bcf5512aaa197ce8f2ede6ccf2e731eefb229c2800723ae005|6ae547a7eec480935cb83a7234fb7672c06680e9b60487df123660b0c7b83397|9e2071e74d88974bcfa31220cf8018ee8ce27fdff99a94029fc429b4ade00cee|2d0383151c2a2b2706c92c85baecf348e3ac5374dbc311e2b2d2712e44467a6b|0f1d1054cb1ed792b4ae22a2d43c8be523765bf5f4297397a99bfb0a1ca4bb29,0,7.62939453125e-06,1,"t0 ego planar: +x forward, +y left"
2ba06ef7b3b44cbfad6d771981d86af9,a4c66fc3215a40dd98c18f4898d5c048,53f3bfaa5ca944e3a2c496aad437d53a,30,True,True,Pedestrian,,12,1,54018,3be26ec4376bd4fb5719d4d5c461c3821fc992375719345b9813416d84b4413e|9cdbe6bdf88e297bf95ac48a4d91adc790c4ab269fe37884430ffcc9778b572b|d178ed200ec337c00e002430763da124437e544ed03567834ebb862d3fd6415c|031ab49aff80a7f297464f09b415254db054a06abf3c8f6b00d1c52c06c93704|64557c8b1de67df37a4295b5ed78a4ea144ee4ef728a6d47869bd801e09d27e4|9ce92ae66494bee7bc0416cf7dd9744abc88fb99e59d89a321dd071e04f195ba,0,2.384185791015625e-06,1,"t0 ego planar: +x forward, +y left"
2ba06ef7b3b44cbfad6d771981d86af9,a4c66fc3215a40dd98c18f4898d5c048,552d31b1c4b44b79ab8fc031529fcfc6,31,True,False,Pedestrian,future_incomplete_or_outside_recording,7,1,,,,,,
2ba06ef7b3b44cbfad6d771981d86af9,a4c66fc3215a40dd98c18f4898d5c048,56c24f680e194680818a29d94e5cd897,32,True,True,Pedestrian,,12,1,54019,583ee2a7e5e0b25a3f5f8661cb7b3719fc65e47c45f0f9f17188bd1b2ea1e967|e24e1e8949f8e686f491abdcc933577d83bc2cf798b5b48d7ce5507a6f5970cd|ae244ee605e14122e78b7c67fdbea96c31dc840557f8940f3e44b501c6b6cc53|b3b35726de62b2e06a0896749b36996838553eecbf31ebb1adcd1af1dd869030|4b659ab23c97e26905fea13649f150e7b37d4a9fbdea893881c0e89d4564966f|ffdc0c7632caba1ff06e34ff56a6220324fea6e12c406c2e101ea520fdbd3253,0,3.814697265625e-06,4,"t0 ego planar: +x forward, +y left"
2ba06ef7b3b44cbfad6d771981d86af9,a4c66fc3215a40dd98c18f4898d5c048,578dbeb4e46f47f682742021d2d313a8,33,True,True,Pedestrian,,12,1,54020,ca8ed7abc642d204a1c34d72b0a83025fc26f1610acf4c09f729be87d73f1f45|a19fb748c655e3a61f08aafc36665d846f8a42ba5173024c95323b7744227f0f|6f260ecec66e10d45040f6dc1075284d04799864cb05807744e0dfcd4e013ee3|12c6eb1e8dbf55b071c2b5d4189107d133b2ed072331d9b7c479de5463e50fe0|0c3d75479298e6cf211867f9eac6946f3b5bf0517d2b1ed412dc39cce8df6515|b2a6443d5af2b64728c5c2f43a5514d8369989adc25c1022d7b70d734b8554fa,0,1.430511474609375e-06,1,"t0 ego planar: +x forward, +y left"
2ba06ef7b3b44cbfad6d771981d86af9,a4c66fc3215a40dd98c18f4898d5c048,59151b0bbde44bc0867ea4572063e6d0,34,True,True,Pedestrian,,12,1,54021,fbffa4453807022847456edf89f2f2470f62ffb862dbab32ca083f36337d89ea|1363fd273a2d786b6802936081b396755201a1b6d48035bba2f68bd9da1cfc29|35dbe54996ac29dcabf684a5abeacd2f4ac6de7c95307be2a44f808c82c29063|becca4d162f168ae819741b8866e5350442517f65bc396e280d1660473b3dc25|ce70db62074c59497c3204373c840020f3ed08ba6139a2369cc12cba466baa26|721d0686ab2e92d4270f9cc1c5737beb5ff4040f1112aafc81d618f3c32e2810,0,3.814697265625e-06,5,"t0 ego planar: +x forward, +y left"
2ba06ef7b3b44cbfad6d771981d86af9,a4c66fc3215a40dd98c18f4898d5c048,5c40f28ad51e4ed7823520d5e6428f9c,35,True,False,Pedestrian,future_incomplete_or_outside_recording,6,1,,,,,,
2ba06ef7b3b44cbfad6d771981d86af9,a4c66fc3215a40dd98c18f4898d5c048,5d281bf944b54e72b07e4e99dd93d5fb,36,True,False,Pedestrian,future_incomplete_or_outside_recording,4,1,,,,,,
2ba06ef7b3b44cbfad6d771981d86af9,a4c66fc3215a40dd98c18f4898d5c048,5ed7a44a0cf4447bb19204847bde82cb,37,True,False,Pedestrian,future_incomplete_or_outside_recording,5,1,,,,,,
2ba06ef7b3b44cbfad6d771981d86af9,a4c66fc3215a40dd98c18f4898d5c048,6501d3fc2eb4498ea818b9a5ab8226ae,38,True,False,Pedestrian,future_incomplete_or_outside_recording,8,1,,,,,,
2ba06ef7b3b44cbfad6d771981d86af9,a4c66fc3215a40dd98c18f4898d5c048,654b02b28de44466af8c7734176e7f65,39,True,True,Pedestrian,,12,1,54022,d725163583f47b24855eefd270a8858b718e2bf2e993c73367e3b470cedc7d85|0b7b7ab6c0f382a7b85567a911dc6ef8449469885bddf65cc09bf3ebea50f015|01869b24ad12ce14d0b12fbaecccffd2af0e3a8a73e838efeb5ef7dcdd409aa5|6ad925cbf1493d7b495853b0655191fee2bb6167d3c003981679ff7cab50d656|b062b2812b19e81dc28b1e0250f7966f0f7ccd253df2ca7b2956327265c68020|ab77c4a56e8c8622ec3b7b1ee0a6b0dc23c3f19f8634f2158c584ec9086eb61d,0,2.86102294921875e-06,5,"t0 ego planar: +x forward, +y left"
2ba06ef7b3b44cbfad6d771981d86af9,a4c66fc3215a40dd98c18f4898d5c048,6a18475b0cf248889866af85c38a269c,40,True,False,Pedestrian,future_incomplete_or_outside_recording,8,1,,,,,,
2ba06ef7b3b44cbfad6d771981d86af9,a4c66fc3215a40dd98c18f4898d5c048,6a7933e9e9dd4fa78f37ecb2ef499124,41,True,False,Pedestrian,future_incomplete_or_outside_recording,7,1,,,,,,
2ba06ef7b3b44cbfad6d771981d86af9,a4c66fc3215a40dd98c18f4898d5c048,6a8706374d9640e2a6630e4725b8cdc1,42,True,False,Vehicle,future_incomplete_or_outside_recording,8,1,,,,,,
2ba06ef7b3b44cbfad6d771981d86af9,a4c66fc3215a40dd98c18f4898d5c048,6bf17689d7b74ba9a741e1be6b85a07f,43,True,True,Pedestrian,,12,1,54023,45808b8c1414e9400fe594501edeb605ca63ad6112adb84020249b5640428fb7|1f0fd9765b8b525dea7ae9a4d3a2e633e4ef2b293f2449c8b4228c0a67b80be0|de045b152daa8ddf15593c05e89a93b8b90ed7d0eaaca0ba68a58ee0de11bdb9|c367e18ee4971521e97ffc3e6232358da7731791b90c27fc039d0bfd01c5d8a2|bd17599fbbf33fb284d695e2f3111297f56f4675fc3c3ad6af2a38fba081d9c6|8109b5aa45a58cf66aca9041b9e23a73ed8d32899786a1039c56c7a9babbd5c2,0,9.5367431640625e-07,1,"t0 ego planar: +x forward, +y left"
2ba06ef7b3b44cbfad6d771981d86af9,a4c66fc3215a40dd98c18f4898d5c048,6e91e44387604bee99bb4d5277300717,44,True,False,Pedestrian,future_incomplete_or_outside_recording,8,1,,,,,,
2ba06ef7b3b44cbfad6d771981d86af9,a4c66fc3215a40dd98c18f4898d5c048,7428686e556c49b8b5557cc1bd2e30ac,45,True,False,Pedestrian,future_incomplete_or_outside_recording,11,1,,,,,,
2ba06ef7b3b44cbfad6d771981d86af9,a4c66fc3215a40dd98c18f4898d5c048,747191b1d4544854a0f88100d043112d,46,True,False,Pedestrian,future_incomplete_or_outside_recording,3,1,,,,,,
2ba06ef7b3b44cbfad6d771981d86af9,a4c66fc3215a40dd98c18f4898d5c048,74a4caade0b24b6db2a06dc3d2a4deba,47,True,False,Pedestrian,future_incomplete_or_outside_recording,4,1,,,,,,
2ba06ef7b3b44cbfad6d771981d86af9,a4c66fc3215a40dd98c18f4898d5c048,78924e8f8cab45a0b2784cdb4dc8f8ab,48,True,False,Pedestrian,future_incomplete_or_outside_recording,6,1,,,,,,
2ba06ef7b3b44cbfad6d771981d86af9,a4c66fc3215a40dd98c18f4898d5c048,789fd99f787f49b79dbf3a2360bda66c,49,True,False,Pedestrian,future_incomplete_or_outside_recording,7,1,,,,,,
2ba06ef7b3b44cbfad6d771981d86af9,a4c66fc3215a40dd98c18f4898d5c048,7ad91f92645f47c68be3c27b270dd8a3,50,True,False,Pedestrian,future_incomplete_or_outside_recording,2,1,,,,,,
2ba06ef7b3b44cbfad6d771981d86af9,a4c66fc3215a40dd98c18f4898d5c048,7c0f2e4e0c694471b79ac89e2f75cef3,51,True,False,Pedestrian,future_incomplete_or_outside_recording,4,1,,,,,,
2ba06ef7b3b44cbfad6d771981d86af9,a4c66fc3215a40dd98c18f4898d5c048,7ffb39e8ec9f448da3704294c7a6470c,52,True,True,Pedestrian,,12,1,54024,6e13a877dddc457a8a41cf8db5ed438bd32f1333aedadd8d2a361905c403d155|8f0c0cc28fb240f56656bd393c9618c808e26b34e3257e692676ea26642e70b0|322e65e9031a249970cc138f059d8c1b1acb614172edbb08f37fed9056339e0b|3135a76dd18f9209fa421cb0ec248c4f6c4e45f9e59ef370d87486ca4ff7843f|04b3a916a17f6ada3029936716cabfd73f3239863db68602b72c81383c988513|e7e355dea7ba7c63316830400a669602c2f6e855d1a53d88155a4c70dff477f7,0,3.814697265625e-06,5,"t0 ego planar: +x forward, +y left"
2ba06ef7b3b44cbfad6d771981d86af9,a4c66fc3215a40dd98c18f4898d5c048,8868721a2cff4a73b10a4d5a1f8de3c1,53,True,True,Pedestrian,,12,1,54025,6fb1717350874915defc9d2fceb93f6bdaa20274e95f646eed43eeb79c26988f|cdd7d5edb894271a48012d006c75fab43775801e45ebdfa1c3cc73e9c5ec308e|bd4b121a97c193a42d25d9a1eef03a7cbe64ba15f1da8592e7a5965ed18620fc|c467af575583dd1be77de6c1547f9d0a5a1507a2cd142906ae08a1a78b947a06|580fc3f5b0d2c3273b4246527416003350e2a9a3b9ce6dc9816eca67ca28bf90|5dbf62c8e75f4b6be6d11793c92fd6287c4a7540021025669e8106ee5fde9967,0,1.9073486328125e-06,5,"t0 ego planar: +x forward, +y left"
2ba06ef7b3b44cbfad6d771981d86af9,a4c66fc3215a40dd98c18f4898d5c048,892d061d2b8a48f8a36327d88ba55677,54,True,True,Pedestrian,,12,1,54026,49d42ed66ed39b812fcf0240febf4f6345ebb490a1b920ce4d768fb287e92c56|b67b4c3c9a98848182deb5c26f08433c368bbb85bbb9af49ce328274f961e8bd|462de451b21c3672c4e32804566236e97867d228100f08a7f963f82933af590a|852367ff71f2292c937781e659210707f3adafe682e56aa982f886ca71f48b76|214d9fcd94c7b7e0aa5a06b13c83c42086d98ea1faf9a0796ed2c6623174c6fe|0af16a0d1562d623a84a65a80bc40414e28dea9cdf843c3e290174614538ee8a,0,3.814697265625e-06,1,"t0 ego planar: +x forward, +y left"
2ba06ef7b3b44cbfad6d771981d86af9,a4c66fc3215a40dd98c18f4898d5c048,8a69ee9952f94674bee767194ed0446b,55,False,False,Pedestrian,insufficient_history,9,1,,,,,,
2ba06ef7b3b44cbfad6d771981d86af9,a4c66fc3215a40dd98c18f4898d5c048,8ab1f03916224c49b65f082d30f90e38,56,True,False,Vehicle,future_incomplete_or_outside_recording,11,1,,,,,,
2ba06ef7b3b44cbfad6d771981d86af9,a4c66fc3215a40dd98c18f4898d5c048,8e81e775911a485ca8aaf11de66c2754,57,False,False,Pedestrian,insufficient_history,8,1,,,,,,
2ba06ef7b3b44cbfad6d771981d86af9,a4c66fc3215a40dd98c18f4898d5c048,8f0cf9ee2b8f479983d2609750fb603a,58,True,True,Pedestrian,,12,1,54027,245ff6fb628dcba429ab8e75587a2e35fda04252462c4fa02ab7ef4f671c1f93|550fd81806dcbe0010dfd9696b967d1c2e7f055f3a7a34c2d6a0616a1777bad3|015fb318db41bfda83cc2add863457a3cf86b410e708d80e10269dc6b1b10d18|17711e5afb9ff65c7ab2daae23388512eec18f2fbaeccd9bcfa881746c9d8526|4c1324ebebdd682df0862f071823089663791b1e3bee3e1299bbb6d58225499a|0a4b4f1a78721d6da5f5dd5bbe711a4e1c210b33b8b183f8629900a21d6085b4,0,1.9073486328125e-06,5,"t0 ego planar: +x forward, +y left"
2ba06ef7b3b44cbfad6d771981d86af9,a4c66fc3215a40dd98c18f4898d5c048,91d2943ba5c94d908ca1edd3ac980983,59,True,False,Pedestrian,future_incomplete_or_outside_recording,7,1,,,,,,
2ba06ef7b3b44cbfad6d771981d86af9,a4c66fc3215a40dd98c18f4898d5c048,9516664dc4454c0aa7e7166f1bf5e02a,60,True,True,Pedestrian,,12,1,54028,088c198a8636290bbcbaee36682e38232736fa7a0d28492295fbc1fc589eed6f|ed179832af2fe3ff30d5c68f94bc7372781bfe6d179b3ba4b96dffdb6f1cca85|0bce990d0be4f9c5e44d862127d9d274602612880f93bc4563a4cf70360b58a4|cc89e678d2aa033477dbcfc206e196ac1d9a9ef56fced91342735802007fd61e|db13e22288bf6691da23e876136d4c5bee52ef88fc2ddd2f09260e3a5916bbc2|15700fde1beff3edea4bd59a7f9dd36554e527d52e865e9c944310ae8331f37b,0,1.9073486328125e-06,5,"t0 ego planar: +x forward, +y left"
2ba06ef7b3b44cbfad6d771981d86af9,a4c66fc3215a40dd98c18f4898d5c048,96676ad943794ea0b03a96e9abcbcdfa,61,True,False,Pedestrian,future_incomplete_or_outside_recording,10,1,,,,,,
2ba06ef7b3b44cbfad6d771981d86af9,a4c66fc3215a40dd98c18f4898d5c048,9afdf71ff9b041cba8682e9a76d4679e,62,True,False,Pedestrian,future_incomplete_or_outside_recording,7,1,,,,,,
2ba06ef7b3b44cbfad6d771981d86af9,a4c66fc3215a40dd98c18f4898d5c048,9b8f5730fdfe4f24bec3ad0b8b2c2e7f,63,True,False,Pedestrian,future_incomplete_or_outside_recording,5,1,,,,,,
2ba06ef7b3b44cbfad6d771981d86af9,a4c66fc3215a40dd98c18f4898d5c048,9c2ff6d2da504b889647478bf47f8cc0,64,True,True,Pedestrian,,12,1,54029,83bfd99066a46e71c8eafef677dfedd30a7bb211bfe45bb4903e36ee6077b6b1|318f931fce4feefe58d6406a510b283bd775901885c7e128e676bbbf0e4fa86a|d5e618d77539f3490dcc81c6d99b4c60a17a6bbbb65551794824e08f07839fde|fb668f5711ce7a42d3c4c2c93a3d6976a5520bd056adbc47304ba4b336571ba4|7268793626015cb40114507bb5b426c18671d802a11593be050fd238bfa9092d|8bc7cfe45975b111c1ebdebdd073766cb86bc3823a35689df8616155c8d952f8,0,1.9073486328125e-06,1,"t0 ego planar: +x forward, +y left"
2ba06ef7b3b44cbfad6d771981d86af9,a4c66fc3215a40dd98c18f4898d5c048,9cc9450154674b51b7c222f5386369e7,65,True,False,Pedestrian,future_incomplete_or_outside_recording,9,1,,,,,,
2ba06ef7b3b44cbfad6d771981d86af9,a4c66fc3215a40dd98c18f4898d5c048,9d30ff5ea8de4873b67bb83ded89bcb4,66,True,True,Pedestrian,,12,1,54030,03de60900e5cb734080f18b559481206f9f1b69cd881c7d3592ce4f5273b8c16|cccdb58c543e52c24319e4eb10d08fb8216157317b7ca56e69ab43919087c3b6|67e32b976256dace3cd9920c5bb36395bf537adf2abf236dfca335488b5792b4|be3fc8ada88ed416d346252de4eff824c3cb0574e0cad825bf5f5cb9a750ff54|1dedff305e7e1c6769ec91750a84d27f5d7ea675bf9c29834d9b2e5507f88f08|b388ab49794b8d98d69e19893834b16b656e23a5d722290c76b58db36291c13c,0,9.5367431640625e-07,1,"t0 ego planar: +x forward, +y left"
2ba06ef7b3b44cbfad6d771981d86af9,a4c66fc3215a40dd98c18f4898d5c048,9f306b212ff540f180774d6f618c0698,67,True,True,Pedestrian,,12,1,54031,75d8537e7222c6de42ed2a2fa19d78d240e7970604e33364a8648f2cf00ded20|51ed49533ab9d16426c56efe8bd1a9afe7006fbe6758c4ee48beaed8a8a73f40|d83fc6f2795e9393a73baca46c4d6a09421ed53d22ba0d8ccb635be5550aac9d|4c1cf8f6a3bed29b26c36c2818329dc9e114ffb6c06ed38e89afd4b375554f51|ee9c49df5d00754fe56d95e2ed7e14afa201f59f15210ecba7f8ec0e29e0ad80|c610ea00b831c3003b733d9003ce7a0d896bdfaeac7042449c556eb309dc8da7,0,3.814697265625e-06,4,"t0 ego planar: +x forward, +y left"
2ba06ef7b3b44cbfad6d771981d86af9,a4c66fc3215a40dd98c18f4898d5c048,a44c3cc63cca46c08842c4ab2ba3808c,68,True,True,Pedestrian,,12,1,54032,2b89ddf2e60cee574a986b3fcffba0cdd364f969a01e02f7ea48f2bc106e4ee9|af5fd3a73d8c282a3b49312eefa63664a52c1fba1d00efaecd4e3d4da04fa63c|b8f5e1bfe400349c4399c765bdcb2517824ba9d8055c5789dcc425cc47aac02b|2c94528aa70049826191ba6744605fd62a013ec8c4d83ffcf71465528b3d074f|a3642f86891774626aeaade2689b486c0c35ed28d5707e11af37ffdbe7dfd43e|73fff9a0bd72438ff389f3fa14252199759bdfebc67f74248bba7b273bd81afd,0,3.814697265625e-06,4,"t0 ego planar: +x forward, +y left"
2ba06ef7b3b44cbfad6d771981d86af9,a4c66fc3215a40dd98c18f4898d5c048,a4f5d201739e4348bd136de471a8e73e,69,True,False,Pedestrian,future_incomplete_or_outside_recording,9,1,,,,,,
2ba06ef7b3b44cbfad6d771981d86af9,a4c66fc3215a40dd98c18f4898d5c048,a6d4a28aa872474ba8ccb069e230bdad,70,False,False,Pedestrian,insufficient_history,3,1,,,,,,
2ba06ef7b3b44cbfad6d771981d86af9,a4c66fc3215a40dd98c18f4898d5c048,a85565da48614f2e92304a02801166c3,71,True,False,Pedestrian,future_incomplete_or_outside_recording,7,1,,,,,,
2ba06ef7b3b44cbfad6d771981d86af9,a4c66fc3215a40dd98c18f4898d5c048,ab2e45744c4d4ac79a5061abb58a68ad,72,True,False,Pedestrian,future_incomplete_or_outside_recording,1,1,,,,,,
2ba06ef7b3b44cbfad6d771981d86af9,a4c66fc3215a40dd98c18f4898d5c048,abbbaa65a0ee4450b41c0fe991dac95b,73,True,False,Vehicle,future_incomplete_or_outside_recording,10,1,,,,,,
2ba06ef7b3b44cbfad6d771981d86af9,a4c66fc3215a40dd98c18f4898d5c048,afec3945395a4536869d5ec82617182f,74,True,True,Pedestrian,,12,1,54033,0e5444311825265e2a07d2f79ba3a17fb22188022f8bef0b80a6d4c38496fac3|1c5e8460dce32546a05fe02eae2f5c63a1654e7ea237df10e87e2d51e2d5e7d7|9051fab4a41a3cf26473d99494e0b27c8b8ef5a21b94e03fa95e8187ba2e58df|04222fa0de8ed94aa6cb970f8e71da2bfc7a266b63133719e1a18186873530b7|0419a608ac1270f7fd7f99a1fc4f1384230ee958089a35ae03d18efdffd87e56|a1ac7c8f58e4163c0f2957c622f86fa1ca7c730fa1aa48fbad549f3e3e03db72,0,3.814697265625e-06,5,"t0 ego planar: +x forward, +y left"
2ba06ef7b3b44cbfad6d771981d86af9,a4c66fc3215a40dd98c18f4898d5c048,b7e81718f25040dcb3493de89a4b28ba,75,True,True,Pedestrian,,12,1,54034,3a324d32931b344d98d8eb1a5f04632f3e5806c3ecc5ddf0a9a25b6552f30fb2|209623b8908d73d3986af5f45d421dca02d350d50c459d7aea00d5043336ee28|153fd0c21e6c2ba21f578f00d45a858fed14b8428c014086b3200b7595fe4c71|48f9d1eb24d78048cffedc2068fe28d263e7dc59a8dfef99892020e66a2b82b0|9f41473382a7a74a6e81dc48574ec584f994e11baa1532a1b18d5e1f780a7b52|4029e1076ba0a89d9129c30f2dfa29e501b9f671a350fa00c891b02585e98c4d,0,3.814697265625e-06,4,"t0 ego planar: +x forward, +y left"
2ba06ef7b3b44cbfad6d771981d86af9,a4c66fc3215a40dd98c18f4898d5c048,ba4fe31b71974df7934be9ddb248bf66,76,False,False,Pedestrian,insufficient_history,12,1,,,,,,
2ba06ef7b3b44cbfad6d771981d86af9,a4c66fc3215a40dd98c18f4898d5c048,bb4c489cba90484789a9392cc7c27748,77,True,True,Pedestrian,,12,1,54035,3bf7ec74a6a50340ee7b7becfbabe8cb55cd85d4fe5ea34fd5ad9b238b5e2a4c|9e4aba1d8ca54dfc3ab1909ea075e4584a3d89885e6d9fa1d749c55696021a64|79df5e9285c228f6605f1982eba7eaa34d73d2ebf3bc605fe6e325cc9b02a115|c0abb909d3a37eae4f30c9a2c4a26ff98121abbc0a417234b1b314ddc398e358|fc2e2014c450f0d20ca6580e772d7b85189fbc3d64094f9479f8a97fb8bd71da|6df0dd196e8c7086428b9f0c99700555f80b93a38fee988933040df7360ee8d6,0,7.62939453125e-06,4,"t0 ego planar: +x forward, +y left"
2ba06ef7b3b44cbfad6d771981d86af9,a4c66fc3215a40dd98c18f4898d5c048,bba27d5c0b674d4e9906f93f26f76747,78,True,True,Vehicle,,12,1,54036,9da6290e1b3183ccf520b799387d1d2d33ecae697139ef838ff3c2f77e4a549d|194bb2ee9b1ef9a3dca41fd297f27bc97d8ea99e80d51a3107122ee94f83ab18|f2767263ae1da18b38d2f0b05a59a8d1741b2c25035ce43928c721a9e93335cd|f4790aa9c08b30e41e40299e5c9d40a18865fffde19f32ca1483f12a10d632e6|b7c5a1b514a01249af9f64e62a2525487d805e794aa03f2166b6b1ff4a8b7a66|b27232c7607a287ee02918989ac4d485acc13e6478c1787604679151e633c8a8,0,7.62939453125e-06,4,"t0 ego planar: +x forward, +y left"
2ba06ef7b3b44cbfad6d771981d86af9,a4c66fc3215a40dd98c18f4898d5c048,c3d3e7d7cef44453b35e3f89cb1257d5,79,True,False,Vehicle,future_incomplete_or_outside_recording,4,1,,,,,,
2ba06ef7b3b44cbfad6d771981d86af9,a4c66fc3215a40dd98c18f4898d5c048,c4e3fd99a12147a7b9088938a0b64a13,80,True,True,Pedestrian,,12,1,54037,346b036d7558fae2f650e5f9d871ba6eaa23ed3c4dd5cab6aab754d60ad642e9|368d94838782bc77ccb6d0939fd14a11a1f8c67965855d6398627193932084d8|ec18f940bc1b79477859700d30042977aaf081783da82e9e0db51d5c42b95203|86046beecc2685879bf096c138f371393ec4564f2a18c38d92440a8307a10d13|3dc6f9724aa1b758f4267aa097b836662268fa272c70f494092bbd0650de95a4|090237423cd6445ce0f532483d56a5d5558aafed0001e6ffb00e7a1bbb8803b8,0,1.9073486328125e-06,1,"t0 ego planar: +x forward, +y left"
2ba06ef7b3b44cbfad6d771981d86af9,a4c66fc3215a40dd98c18f4898d5c048,c5002f74be9d4d6dae45700c75b1f9c7,81,True,True,Pedestrian,,12,1,54038,9162040101fb085427df51860a72ac19aad4e6591ac4c418175d4b00fd3d12b0|b50768f0127bda2cf08ce4f6be4b3acfb2cb73cf5f5891c077ac8e194aae55d8|f14771b43dc4820d71fd8d67d6f414ced7c3a46e1395691f5b693da0ba10d952|a0915c74fed1d28520872487ab03bbb2d1d32d2dc0bb6d0e589ced0ecde3cfdc|7f414bae5978be5922aee9ef2ebbe87695bcf9b05a212e1b7138ec089c68ef50|799b60491c244416557b06800147cf392f778a73344e1366dc9d42b86859d580,0,1.9073486328125e-06,1,"t0 ego planar: +x forward, +y left"
2ba06ef7b3b44cbfad6d771981d86af9,a4c66fc3215a40dd98c18f4898d5c048,c651f14120334396a41d583d90c4cf35,82,True,False,Pedestrian,future_incomplete_or_outside_recording,2,1,,,,,,
2ba06ef7b3b44cbfad6d771981d86af9,a4c66fc3215a40dd98c18f4898d5c048,cbcd07ab58c44223b4506353f2d9b226,83,True,False,Pedestrian,future_incomplete_or_outside_recording,7,1,,,,,,
2ba06ef7b3b44cbfad6d771981d86af9,a4c66fc3215a40dd98c18f4898d5c048,ccaae04299a64dabbd3ce6fbc5ae6bf7,84,False,False,Vehicle,insufficient_history,12,1,,,,,,
2ba06ef7b3b44cbfad6d771981d86af9,a4c66fc3215a40dd98c18f4898d5c048,cfc3426abd364f98b584a3f8965dd49e,85,True,True,Pedestrian,,12,1,54039,04ae791e9eb8b0ccff8b1e28d966db1cb6d942ec95a7f3c40ad568d06b9ed349|01d30d67256a3c6379951667b7c5393016e57923ab08e430d81852db17a2b1c1|e8210df355ec9ec66abd2583ebca87be371ec8b0caaf47d05d8f59cf6d82e805|aed5c93a7f058c3b9e912c259dc394ff314cd2d6f06cd7f09a269b7fae6be355|b911237bb839b20daa5418329be67562a0c3a75bf42df70dd11ce9566fa956a3|91dca1eca8f2e0907735f8a95f9a4a912918156b783ae5768dca5c955cf0060d,0,3.814697265625e-06,4,"t0 ego planar: +x forward, +y left"
2ba06ef7b3b44cbfad6d771981d86af9,a4c66fc3215a40dd98c18f4898d5c048,d449689a6c0c47ed86ad6c2bb267bd1b,86,True,False,Pedestrian,future_incomplete_or_outside_recording,2,1,,,,,,
2ba06ef7b3b44cbfad6d771981d86af9,a4c66fc3215a40dd98c18f4898d5c048,d8fdf520384d4116a482f851ce88bf97,87,True,True,Pedestrian,,12,1,54040,95eb6761b768b0332c084dcd5f06e30a2d4a301b7eca32a35927b88a2ccf21dd|4c13fb42ee37fdc0630793aabf673b66a11d2904bf2fe6bf0ccbde6caa92ace1|3ef67a0e2b16459b9e392e00e5ac96c0917fb2e2bd1f70a658bcaf0cc0745cce|ebb36ae1db065587e782b0ab43d56b9e9e663ac6cf69847119a427b27b6e3aee|82fb4ccdf3283d99e2e0debcf3164857cf1bd24c87aa22f6719a69dab1943744|ac9f8a6420c46a14e535656ac5c8b42f874409914f57cef6d3efcd2bcf44c735,0,3.814697265625e-06,4,"t0 ego planar: +x forward, +y left"
2ba06ef7b3b44cbfad6d771981d86af9,a4c66fc3215a40dd98c18f4898d5c048,e0211effb8634030a061d88fb1b69d34,88,False,False,Pedestrian,insufficient_history,7,1,,,,,,
2ba06ef7b3b44cbfad6d771981d86af9,a4c66fc3215a40dd98c18f4898d5c048,e07a8c31e10b4948a44fbe0f7ded4b12,89,True,True,Vehicle,,12,1,54041,074e720e808813fe875f3c71a60183fb1125bcbedbb894e299bfa7c28d609aca|40a18af8a5fe45ea829993dd5d3e2a9ca74d19ddc84cd743e571bff60bf93cb6|24c554fda105e88b68b324ea6ef95fe66a46ae0339ef97d0e86e932495240e99|b7f46b0b1c3bc0edf909fd99b05b6769ddda810a0d1c449c831d0a00d7e914fd|5a16fa4f82aa5a81f162f0fe0cd5ae857499fb8de9fd39735cb3d9499d3eaa02|3a77611dcf103e647b2369d5cee12773d35c44ee8ce8d6572987a0ce71bd8cb0,0,3.814697265625e-06,1,"t0 ego planar: +x forward, +y left"
2ba06ef7b3b44cbfad6d771981d86af9,a4c66fc3215a40dd98c18f4898d5c048,e13ac240993b4bd99b0aa366c07895f0,90,True,True,Vehicle,,12,1,54042,f4ad0c82f091ddc0ca22d2421cbb0347137363071b83cd8fd395ffeae3a3371d|5eef0ee3b127416ec5481cca2e7593068d6fef770c9c3c9b84c4d4d5c5bb24b6|0008c884b9bf77c3c3802d6fe1ec4b410792d7c00fb9bc0fc3a5e282d080d329|68d9ec2bc4b2e8aa190ba83cf509cd1408c0c5d117c2d7d9d4774cf6acf01e4d|82c320621336f779e7ceb5435423a39ab5cba46bdae0afd45b9cfb75ac2c737c|7fb81b6e5d6388e516a6d5d99e8f8b773d3b37c5e7411c44381576734663e2ff,0,7.62939453125e-06,5,"t0 ego planar: +x forward, +y left"
2ba06ef7b3b44cbfad6d771981d86af9,a4c66fc3215a40dd98c18f4898d5c048,e73ec5898ad349e98fa5bc402771bb92,91,True,True,Pedestrian,,12,1,54043,db004a7f82f5f3bee391456b500fbff09123a84551037f2eb5ac490f09fbc890|e61713235b0ab60031ee634e60859edf6b5798bdfd85fd41a895165c2099ffa4|625c93592f0a93df67df73bc7ec0dc09d272a30717abec8f1f2094079729edf4|5e50d15d99c53c1856041419744107e2885924902452aa447c5bdff521cf36f1|a4c45e91433b1d66b74be7dcf836b67ac1b8e68f7359d92059627f17356a7fa2|6fbc1f72aa53c74f59bc5a7b281c4bc06a64f211f667aa3bc724e84378478cad,0,3.814697265625e-06,5,"t0 ego planar: +x forward, +y left"
2ba06ef7b3b44cbfad6d771981d86af9,a4c66fc3215a40dd98c18f4898d5c048,e743223d2e0041caaf371523d67b9974,92,True,True,Pedestrian,,12,1,54044,6fd152a3235ade3cad5f42766d89709300f4f19c64366c743fc11acc49238a5c|9f85aa3843035056b51a10b7a085981f606e159dac7bad3bfe3ed7b448714a92|871f8b9bf08935ba7f9158a42b73b608fbae11f835af2b9350dffa0a06dc3cfd|ef893db1e730d2feb0e9cc587e54f7885fdac714decaa939ef1b98765b748252|bdf5971d71bbfcd93da2f2e5e3dc241890012ce4f58788a0fefc81534907c497|e41eba0d642787c119281bed68f2740a8fd0f7a5d19e60776ea68e9dc534c347,0,3.814697265625e-06,4,"t0 ego planar: +x forward, +y left"
2ba06ef7b3b44cbfad6d771981d86af9,a4c66fc3215a40dd98c18f4898d5c048,f145cb271b99432c915f9480ecb4e8cb,93,True,True,Pedestrian,,12,1,54045,7ff2c8d31dd9c24d590aa26a6a94012023002ce70046ce80eb1e492008f5fdd0|8256d2c2eb3c84a855c13ef978ad209263cfdc65fa0b3bdf4a13feb44c660bfe|47a42f8ced9b5ee483095c7015b6564f85db9393e45a950fd01b1f4ee334b94f|4d86ea4d77aeafc43bd316f3049e0e3662e819c6d43d5af09edc4531c2567ca7|8ed5a5a6ccde48be65816df1038047dc68478911846fae24d86a63d9bb53819f|6a0405e616d4e68ceb492cf47bf752d18c510b386f96d4adf61e45262a4d3f06,0,3.814697265625e-06,5,"t0 ego planar: +x forward, +y left"
2ba06ef7b3b44cbfad6d771981d86af9,a4c66fc3215a40dd98c18f4898d5c048,f5ff070c469f4702b58b00d72cb03c1b,94,True,False,Vehicle,future_incomplete_or_outside_recording,10,1,,,,,,
2ba06ef7b3b44cbfad6d771981d86af9,a4c66fc3215a40dd98c18f4898d5c048,f64020bc86c54e58abf3ad57d483ac8d,95,True,True,Pedestrian,,12,1,54046,73333cba5761fd3d9f1d63306cf18ea7bdb4edc23a00a4fe5429b783f2431396|35d4029fb8b8c43e466eedde7d367d180eee3f14b2489e33f3d93dd39375f0c9|3747c125ecb0a8e1592f09613eb34d707d2983958da9ac29b3ced41470ed47a9|6d3029d08bfd056a6716196ea99562f28930384e1dcc7321334ffecbc0f29be1|09fceb13f3bbc3c210445c11e7edcc796cc023686f38b54cd7d5a9997ce948db|747d925afdbf075f0745d6d4686b90ccfcb65bbcaa093279237785db6538d1e2,0,1.9073486328125e-06,5,"t0 ego planar: +x forward, +y left"
2ba06ef7b3b44cbfad6d771981d86af9,a4c66fc3215a40dd98c18f4898d5c048,f899bce632284595a71e23029109fce0,96,True,False,Pedestrian,future_incomplete_or_outside_recording,8,1,,,,,,
2ba06ef7b3b44cbfad6d771981d86af9,a4c66fc3215a40dd98c18f4898d5c048,fc19162d37d04f919231973a11a91015,97,True,True,Pedestrian,,12,1,54047,385d832e05dee2ea6aa8aaa463d15284cb2337936bbe783d476640f3ea5c0bdb|cd280de7f31e1349169f80ca96289c9ab290c5b0a1e831b79e066a6e229f4b15|67152432954876020a02a7dcf7b5ca56eaac9d4e20518733390672d593304b1a|3dd1224b83fbca68180cf469a25ff080a3aa5a33b516fb666a0aae9ab8846fc9|c9c34ee30dea68b63c1d813c7fdc7b56e9a5900ee4644067bc264bc1b45556d1|ce842ce1367cfbcf4f3aed83080272704757e9e0d329ce33abe5bd8544319be2,0,1.9073486328125e-06,1,"t0 ego planar: +x forward, +y left"
2ba06ef7b3b44cbfad6d771981d86af9,a4c66fc3215a40dd98c18f4898d5c048,fcc51280314741bd80cac5389bbe4f66,98,True,False,Pedestrian,future_incomplete_or_outside_recording,1,1,,,,,,
2ba06ef7b3b44cbfad6d771981d86af9,a4c66fc3215a40dd98c18f4898d5c048,fe4b090bac204ff3988d145a0d03ca9a,99,True,False,Pedestrian,future_incomplete_or_outside_recording,2,1,,,,,,
2ba06ef7b3b44cbfad6d771981d86af9,d5401caa83b84ec6ab6990091add2b97,0bd6239c0c4c4c8c91c57b0085816d24,0,True,False,Pedestrian,future_incomplete_or_outside_recording,10,1,,,,,,
2ba06ef7b3b44cbfad6d771981d86af9,d5401caa83b84ec6ab6990091add2b97,0c9fbdef697b4a7c8fa2642a7531453a,1,True,False,Vehicle,future_incomplete_or_outside_recording,10,1,,,,,,
2ba06ef7b3b44cbfad6d771981d86af9,d5401caa83b84ec6ab6990091add2b97,115b0623fa6847a9b3ec3e5aeccf7543,2,True,False,Pedestrian,future_incomplete_or_outside_recording,2,1,,,,,,
2ba06ef7b3b44cbfad6d771981d86af9,d5401caa83b84ec6ab6990091add2b97,14a1a931442040e8b1ce8bbbd4b1c895,3,True,True,Pedestrian,,12,1,54512,cf547d81dc84afdf1a718617de70cd1d4937eb1940843a6ea9531ee4c97715f7|bc4f3dfee225a97e2729a79388342fcdeb1eb24ce892a34b29c640809067e261|b2cea4b010b07688c24d7d484e780aa381e3f8081c43385cb958b349269ffb74|0ec6a2c07d4535fb560697e1bbc8c5d374c4e18128130f8021a7c85dbd857fc9|3f50db023a0ad4c5a9dedb88c411caa2e180d067401fa95efb6dad12d25fa5ef|cb1003de5cb05ad0e56eaae8936a7dd2bf4fab8cefd2d692f1bf1ba152181d5d,0,1.9073486328125e-06,5,"t0 ego planar: +x forward, +y left"
2ba06ef7b3b44cbfad6d771981d86af9,d5401caa83b84ec6ab6990091add2b97,179a1d949a0c43ce8d7b88ceb00de249,4,True,True,Vehicle,,12,1,54513,ee2365602fa7a8458af51ab8e3f31eeb584b757f43398d0b827603252e8a75a2|c84121321e40845c009334097dffde732b26d2aa4e26cc4c8f67b44ad70f01f3|a1c9508607c238e43dd2704f1e397a0500cf2a0dfeb58f30c0b7128e1283f915|5ce330bddb4b7d6462cfb72809bffec1a6c68752ce810f803b30f3c9b56c82e2|58d11e38161b4864e2ad6a54d9a80427339567732f8bba69fbceba03b4a31ab7|7eee52e214f41e0226b1a7a288710e4853b39b5e7c75c42a5000580f1783d114,0,3.814697265625e-06,5,"t0 ego planar: +x forward, +y left"
2ba06ef7b3b44cbfad6d771981d86af9,d5401caa83b84ec6ab6990091add2b97,1a961f768cff4f45a0ce1f32b9ae45b8,5,True,True,Vehicle,,12,1,54514,ab0873a3f22c6a56880d8c6321cbb7af19cede2ac80c68a534baf33a1cea52b6|cb64ad564ca958347c92a005eae9483e0ecafb6c7b0fb579af25855789992a86|6bb1a5a6e78ff3d1536bf554963d78e3480815bcff63d29528a3d638a46639d8|836a5b395ce6032417f6e1400e39d86caeba95b67bea422b593224501de58897|3f98e559ebac6a4a052ee7f2a06f24dd591ea740a6733db4ffd41c1bf6c9a7b7|083f072f37a899a0ec49871eff6a0e2558890d3b59d7fa7588734a20db616d57,0,3.814697265625e-06,1,"t0 ego planar: +x forward, +y left"
2ba06ef7b3b44cbfad6d771981d86af9,d5401caa83b84ec6ab6990091add2b97,1e3c33e8085b4f3faa706b53f40ec60e,6,True,True,Pedestrian,,12,1,54515,a298a5c362cc527b82efe86a55d2ea76900b6a5271b658bd2c47608832fb2025|3c73f1200b7b00d31d10d43bb6224beff4de31edb332213bb6cfb234de750434|d80063486d730a156432a33492bd7966df499aff21f3e8fce543ffae7c6e6f96|14842fd6257480e7a8997b90ad84da3871665d212049c3d516426f37ad837c1d|d58b7bc5b857ea379e1415fa877bb410a8e8d23bd68e039d624803d4dc2d44c7|de2d67dc0f9b11e4b40ef632727be92c292a981733c10d3f9dcde1c9325c6793,0,3.814697265625e-06,5,"t0 ego planar: +x forward, +y left"
2ba06ef7b3b44cbfad6d771981d86af9,d5401caa83b84ec6ab6990091add2b97,211b0d7869a24ae0963781ef7550b2d0,7,True,True,Vehicle,,12,1,54516,8b7652a904c030207dbee30151782ad4bfb4e5a5c7cb4b7a2265e7aaed3106a8|43752e839d0427a005b73f9ec0b2c89a0c02d84a3fe84ed6b1c16d9b16649a73|9dd9681694be3c9b7f0bfdc497f24fe26879174c75b8b5e8c8bcf012320a0096|c4811e93152a003fc03cc756b83839b24839a81f36f267017a1f87e7022f7972|a160ba2f55db824e44e37649c461c551e00973e5f004e0b463ddb2d52200e2b0|8251a87e5d6a4b59f5503b84ad1f0d9500287b19fac4db8b1f4c0a93b96bb507,0,1.9073486328125e-06,5,"t0 ego planar: +x forward, +y left"
2ba06ef7b3b44cbfad6d771981d86af9,d5401caa83b84ec6ab6990091add2b97,217c0c6033964083b8f4914c95128c95,8,True,False,Vehicle,future_incomplete_or_outside_recording,11,1,,,,,,
2ba06ef7b3b44cbfad6d771981d86af9,d5401caa83b84ec6ab6990091add2b97,2d3a68072fc340dbbe7e66b6ec901fff,9,True,True,Pedestrian,,12,1,54517,c295a2b290f54ae29de9790746ce40e87b7d0c7f3bb5aadbbc65a91756b83518|ac4087810cf9a366e18957433d560c4977c8e25e24b4b331638985890bb669a0|94122d61cb5a9b4e93cbc7a0206b733bac212362b6875b1215c70e895b432f0c|0a8a1872731405e4a9adfe36a17de3031becac55506df4a97ebaf21b383f1d7f|8c5f8f9c1aff3bf57cc60b511c69bf49d1808853bbd6fad96b672eac5db18d00|ebf2b84a56c86c1dbdab042d2ea475f4f311363cf57018a81005f4dc1c1c0bd7,0,1.9073486328125e-06,5,"t0 ego planar: +x forward, +y left"
2ba06ef7b3b44cbfad6d771981d86af9,d5401caa83b84ec6ab6990091add2b97,2dad47835c2b45ce917b918fb0719e3d,10,True,True,Pedestrian,,12,1,54518,39f0fbe3af47efc0804b2500ddeb62fc49daca1a550ade11d327e4cef0ad7e3d|1ef15669d75ac8e8144f0ef991dd3f95843294fb1542e0bd89e342b8846a7a68|ccea6f93f00799b9e1fb8b3b8089324a39d8b7f58b655d640416f0026ac52533|7c28ed56055209c735682c5a7737d353d4d20593ed94a2ceb8340f514becd50c|e63897671980d3e067acd5bf0893f17f4e2918d91350d427ac8be2ea2f3a5c6b|44108448c77689c192296e3267fd1d793bacbe816f65d1ed0e7de7ab59655c29,0,9.5367431640625e-07,1,"t0 ego planar: +x forward, +y left"
2ba06ef7b3b44cbfad6d771981d86af9,d5401caa83b84ec6ab6990091add2b97,2fe3767de6654c6fb9498c8929aeb923,11,True,False,Pedestrian,future_incomplete_or_outside_recording,1,1,,,,,,
2ba06ef7b3b44cbfad6d771981d86af9,d5401caa83b84ec6ab6990091add2b97,32a2a076828544f59c30ed7f1e145b7f,12,True,True,Pedestrian,,12,1,54519,f72ae968eaad1414ca55a9aad95334638908b4b82d52b00e1d796986ebac9bcb|49fbab098f8ec34b2d328ef89ba75492a896937267d7d47f841585a23b30cbc6|aaeeacc8da68e1ff2d80b76c74ccd08a9478c04fb26988d9b63a9b554c5d7806|f21f799309a94cf8d76d76f0f2ade4bbaa971a6db55c96af5a3f69f70c142739|8358234353cf19f2a8403b4546fb9f139adbc25c3aa352f6c99fd031169cabfa|024eddd4941e185b800f16dee24f7d850a0476ffee06fc88c977dbaf50e33fdc,0,2.86102294921875e-06,4,"t0 ego planar: +x forward, +y left"
2ba06ef7b3b44cbfad6d771981d86af9,d5401caa83b84ec6ab6990091add2b97,3498cb9b8dde4550af6c9e7853815a6a,13,True,False,Vehicle,future_incomplete_or_outside_recording,8,1,,,,,,
2ba06ef7b3b44cbfad6d771981d86af9,d5401caa83b84ec6ab6990091add2b97,35ef70a3b5594f02ba23a60dbdf12df5,14,True,False,Vehicle,future_incomplete_or_outside_recording,4,1,,,,,,
2ba06ef7b3b44cbfad6d771981d86af9,d5401caa83b84ec6ab6990091add2b97,3609a54d8e3e4ed7a9283000a9803294,15,True,True,Pedestrian,,12,1,54520,fe9b703bda9df0f1b8f980703562b776121fb8ce059e2fa084d1bfb990850ce2|9b8abab1516deef5219641b6aef8f4593337218d24a1babccc4de379e6595f41|0f6366a37902f30354c343de03da3da58ef99ba4e15ad44bb5e5939543ca04ca|8dbf9970ef6ccf1d856fe888a4d8f5fedf08d5503d36d8480afb61e71c6e9126|6422c0f6fce7b9c06ecb707771254afefd62eab18a5454a485c20d70d5758aa8|c54b6a4c33080e99420c855aa61bdc130b3eca10fa2f83d54cbf39ca82ba7fea,0,1.9073486328125e-06,1,"t0 ego planar: +x forward, +y left"
2ba06ef7b3b44cbfad6d771981d86af9,d5401caa83b84ec6ab6990091add2b97,3e481ca0625145379f6b62d7a9bee642,16,True,False,Pedestrian,future_incomplete_or_outside_recording,0,1,,,,,,
2ba06ef7b3b44cbfad6d771981d86af9,d5401caa83b84ec6ab6990091add2b97,3fefd39e7cdd4f11ae34d84a2dc099b2,17,True,False,Pedestrian,future_incomplete_or_outside_recording,1,1,,,,,,
2ba06ef7b3b44cbfad6d771981d86af9,d5401caa83b84ec6ab6990091add2b97,419dffe2affd44b3a878e54eeb5dcf87,18,True,False,Pedestrian,future_incomplete_or_outside_recording,5,1,,,,,,
2ba06ef7b3b44cbfad6d771981d86af9,d5401caa83b84ec6ab6990091add2b97,461edfd3439c448e96555723901c46e6,19,True,True,Vehicle,,12,1,54521,5ed18db04f12fbad20473c26e75731986c41b444a3e9ac8d6c58dd2db44b05d5|ed7eb9280d7307592f99c2cc7e90300a2eb1f55928097974920c015243dffbfa|6353133765648d56e4d3fd15e3a89158cbce433b1560ca6101a8426b94ac8e41|55074d34bc36a367f74fcd903ab672a612bca27f4b362d71c3eaf5b2d9f49759|cf07245353b001729a146e1d32aefa20766a25a309b7b35599b9a02c7b786998|7cce91946b09fb364acafe910af4693cc1a2aa7bb28b74a18d8f6ca02f03b1f6,0,5.7220458984375e-06,5,"t0 ego planar: +x forward, +y left"
2ba06ef7b3b44cbfad6d771981d86af9,d5401caa83b84ec6ab6990091add2b97,46b8481d60c14217a45375ead1ad0f7e,20,True,True,Pedestrian,,12,1,54522,d4cc094c49cba9d19947e97285c638799e0873ecc31cd62f82fc3c04e77132bd|4497a949777db9eb544f32b7125e17700ce7d4b35b8e2811babb6fc13104b7b8|567f31031dae25ed6d075f4b3e946469ef9572fe2cd80ed9f2b7aa212a1385ab|30f91df864c97c93b2d9582f3dd406a71937021cee131458631acb2cf4c03cdb|31f199c8ac6d7683fffc2ac0eef3a882d92f3492b597a3b1487875f40cfc81c0|d72b54307f45598cc896802a8e62628d03dc5f64736a391a866de630735b71f9,0,3.814697265625e-06,5,"t0 ego planar: +x forward, +y left"
2ba06ef7b3b44cbfad6d771981d86af9,d5401caa83b84ec6ab6990091add2b97,4b68751790a240c096aab4bf247fa107,21,True,True,Pedestrian,,12,1,54523,4357ecdaf72f1f98af572a129eb4f6c339ae9a7f4a3eb586227831614df34a9c|ed9ab48b9438f1a70a1a2eee38e2616b0500253cdbf4ff79382f1f98e3553646|9df0077c1d326dfcd362a26ed277e436840b7e2c4d41e7f39b0f5ccdf0665d53|33571c317707d2a30d594ba666c9b019eaeda5ed29678c92a42dfd41657165cb|01540ddd8615ba57949dea133e3f017b6a7498b3d36fc4f84bdbb84c00f52019|62d0b29b4aae4a531111b23a8b4a13b40a3164784ff1f924364578f56c01ce47,0,1.1920928955078125e-06,1,"t0 ego planar: +x forward, +y left"
2ba06ef7b3b44cbfad6d771981d86af9,d5401caa83b84ec6ab6990091add2b97,4bf5c7647a714e15813d018bfa0e16f9,22,True,True,Pedestrian,,12,1,54524,2f36704fd79abe93ce7fcbb551e5fd7615da2aceaec029e9f69642133a533760|bc520933ac07fc343cbd07d384115fea1ee1148255d7e93b667769060a7cb094|a4f16b799d16548c378bbc7bdb36000950a505337fccb9c61f8427df6de04fdc|816e24912a2894b9839de946cfbfbf8736ae8012dfe8d9d9ad89a7dfbb9d4a60|c750765cf7bb5920b0bf1b433efb8401d10a7f1cf0ad513ae49e3812e1fb3d6f|fa2f27e51f59d2eb55ee060a70888cb4e231aab8e9f34339390e6ae95676acba,0,1.9073486328125e-06,4,"t0 ego planar: +x forward, +y left"
2ba06ef7b3b44cbfad6d771981d86af9,d5401caa83b84ec6ab6990091add2b97,4ef14a7a875449649e29c25b38f5bf5b,23,True,True,Vehicle,,12,1,54525,e62c777f844f3b7b7713deee86daeeb6d83141d770418b425972e0a5883daaad|b686f0e245db2d2187cf19db9c59e49729166628099aa1cafaf0a005266414fb|7ab3df062a60b1da93e269b424911b4baa0099d12ddae460e8fe23c5e3a2178c|ea19be260a1259a5ec5e9b666893b2da73311d36abd509a6901facf878cd0757|eff8fe066967377efa01da6e800c8beda4b735d4a7bb8324468cfe2a34c5893e|ae63cb379f9422bc648ee1e69bcc665aab2aaf512d845aa64d7cacdc97756431,0,3.814697265625e-06,1,"t0 ego planar: +x forward, +y left"
2ba06ef7b3b44cbfad6d771981d86af9,d5401caa83b84ec6ab6990091add2b97,4f776da41f6f472691e3eeb850dc3697,24,True,False,Pedestrian,future_incomplete_or_outside_recording,9,1,,,,,,
2ba06ef7b3b44cbfad6d771981d86af9,d5401caa83b84ec6ab6990091add2b97,52988fe4c6bb48cb91f6fdd410aa2c6b,25,True,True,Vehicle,,12,1,54526,f14e3a68b22a45cf028942b7a0bda4705ecc270b8c52a7dac501100c06893d8f|8cab77e61a5942732d8da6388ed5cf80c6296b40e3c36f46642eedcc70a6f4e2|f09f5a117f554e1dd1012b8932355904831f7568b09773ebd5402d65c7104631|a3bf168387c7dea395ed9b490a68ebcdd21ec99cbc6abb76c945cca50e03e093|53662cefabd85377c47d91a4d9b58162f153e7fbbab9abc12cf08ace782d1137|7b5d15b4907769ae147a9c0aa6863995309b5907a96286c951ecfc5e2f59fc45,0,3.814697265625e-06,1,"t0 ego planar: +x forward, +y left"
2ba06ef7b3b44cbfad6d771981d86af9,d5401caa83b84ec6ab6990091add2b97,53f3bfaa5ca944e3a2c496aad437d53a,26,True,False,Pedestrian,future_incomplete_or_outside_recording,2,1,,,,,,
2ba06ef7b3b44cbfad6d771981d86af9,d5401caa83b84ec6ab6990091add2b97,56c24f680e194680818a29d94e5cd897,27,True,False,Pedestrian,future_incomplete_or_outside_recording,11,1,,,,,,
2ba06ef7b3b44cbfad6d771981d86af9,d5401caa83b84ec6ab6990091add2b97,578dbeb4e46f47f682742021d2d313a8,28,True,True,Pedestrian,,12,1,54527,9924cfaa28a5b20ecd318cf7ac2dfea66e7ceaa66412d819ebff12187c132567|6c2a5d369e215ec120c9d26ba65fd9ba327dc4e888441760be5b75e07bd5fa43|b5fd9c8bb99a915fce9b6f6468447f120fac81758b5bdb275e95faa2cd88bcbc|ba89a94136a767d09acd3089d9898b8c8b4a91675bef678a7e4ba0e12e20fed2|3c590f0f1a15e9ea7f02cd6c0ebd342d5b5bcfbf2f6da76216136ab2de2976e8|4427bc467632f3e64265f54386c5fb777b600d068c8c2d376ad9b43953531409,0,3.814697265625e-06,1,"t0 ego planar: +x forward, +y left"
2ba06ef7b3b44cbfad6d771981d86af9,d5401caa83b84ec6ab6990091add2b97,59151b0bbde44bc0867ea4572063e6d0,29,True,True,Pedestrian,,12,1,54528,60753f8635d836e15ed2e1cb72a2e38629c680a1757ae99c5e6df03d6a8a4d45|b7a28c57938e45a015623c1a72c3053b5f8def2ada198a5bbb918211094cb721|288c177e90bb6d6dbbf5be8bca363903705a234d598c1f88e9185004fd7a6a78|d8fafb43b636c7b4ca2a0700d2b6663a5ab49062420865d91820853f4a3d347a|4b47cc442499049e034ffed237108d6d8a5bf4d7f6d633f0812ece5296a39d83|cf2d49f3ed38aa643adeb119cfaff75c115553ac87e138f40e8b44ced9b9d856,0,2.86102294921875e-06,5,"t0 ego planar: +x forward, +y left"
2ba06ef7b3b44cbfad6d771981d86af9,d5401caa83b84ec6ab6990091add2b97,5daf3912c6fa4f70a11a3e115e460222,30,True,False,Pedestrian,future_incomplete_or_outside_recording,9,1,,,,,,
2ba06ef7b3b44cbfad6d771981d86af9,d5401caa83b84ec6ab6990091add2b97,603be01653b441f1b87428334db15e8f,31,True,True,Vehicle,,12,1,54529,ed5dc9a0dc481690c40b49f33d45545653976260c4a7be099baddd3718a3d9e8|1048a621a3ce624815d07a349d35f913b48af75a48eb26ca9f80a0efa8d708d9|291d2d72ffad863a1639a9b093915970be904620f1f3923752ddb3e880d7578c|abac0d23d057cf2fec8707c0d3d541cc10cb1457082a7a3c9282b834c946ffaf|29f32c37144cd97c97af1427878e1c06c5148a91b2e3e95bcc6de952af84a308|94db8171f8e3f8d451115200b26a1b45c8e0471804e2261264dd6e29c30c3443,0,3.814697265625e-06,5,"t0 ego planar: +x forward, +y left"
2ba06ef7b3b44cbfad6d771981d86af9,d5401caa83b84ec6ab6990091add2b97,654b02b28de44466af8c7734176e7f65,32,True,False,Pedestrian,future_incomplete_or_outside_recording,9,1,,,,,,
2ba06ef7b3b44cbfad6d771981d86af9,d5401caa83b84ec6ab6990091add2b97,6a99a4982d704055932ed97beea92dcb,33,True,True,Vehicle,,12,1,54530,6cd749777f509d54bf96e2b2c01c13e0cb5c14480db1891fb9f4d4dc23705aa5|e8f862acf670445162f5f08bd2d95b8afab01e31037ea71ce79bb497486176a2|70fb8e7257ce03abf39dfad2822f442f4f0058c2c69ba07158c1eb77362ee251|b70e85a10c78ed680a2b66f0e6cf68fe0a8d2f963beb819c32dcf2dd4b803599|9ac1228355ffd842dc400186963e324a286e9b3cd481eec4453f3dc9b854fefa|b4cdc5d8a0d0ed58dec518bf15966313afd82592c7a2a58df9ae004bcca17ad7,0,3.814697265625e-06,1,"t0 ego planar: +x forward, +y left"
2ba06ef7b3b44cbfad6d771981d86af9,d5401caa83b84ec6ab6990091add2b97,6bf17689d7b74ba9a741e1be6b85a07f,34,True,False,Pedestrian,future_incomplete_or_outside_recording,8,1,,,,,,
2ba06ef7b3b44cbfad6d771981d86af9,d5401caa83b84ec6ab6990091add2b97,7ffb39e8ec9f448da3704294c7a6470c,35,True,False,Pedestrian,future_incomplete_or_outside_recording,9,1,,,,,,
2ba06ef7b3b44cbfad6d771981d86af9,d5401caa83b84ec6ab6990091add2b97,855aab726be04a99969dc410e9de503b,36,True,False,Vehicle,future_incomplete_or_outside_recording,10,1,,,,,,
2ba06ef7b3b44cbfad6d771981d86af9,d5401caa83b84ec6ab6990091add2b97,8868721a2cff4a73b10a4d5a1f8de3c1,37,True,False,Pedestrian,future_incomplete_or_outside_recording,11,1,,,,,,
2ba06ef7b3b44cbfad6d771981d86af9,d5401caa83b84ec6ab6990091add2b97,892d061d2b8a48f8a36327d88ba55677,38,True,True,Pedestrian,,12,1,54531,0471c47c1c06141e546bf9b0988f7e606f21adca189e83935497c033351ef96e|51f75ac5978dd986d17b249abfc389054879d38c957bbc92638c0dff8cbf6b95|6cc38162e508394b980fab0dae7f4abb13bd433f071e9df98c33aef13deac5cf|225ad45344f73747fb55a296dac687aee335012ffb429f0f71bbdac707322712|e452294e37f82b3d52ee0ea1a315d31a513f8d6a29e0617ee0fcbde3b6d1a5cb|0379a181d43409678ad2f4739064ea165c0f59394687cbdcfd89c3e0c4ff0058,0,3.814697265625e-06,1,"t0 ego planar: +x forward, +y left"
2ba06ef7b3b44cbfad6d771981d86af9,d5401caa83b84ec6ab6990091add2b97,8f0cf9ee2b8f479983d2609750fb603a,39,True,False,Pedestrian,future_incomplete_or_outside_recording,7,1,,,,,,
2ba06ef7b3b44cbfad6d771981d86af9,d5401caa83b84ec6ab6990091add2b97,9516664dc4454c0aa7e7166f1bf5e02a,40,True,True,Pedestrian,,12,1,54532,e69f5a9306cf80a3e52fa25b2defa4bb41ab12e3a73e62c3bd9adc9cec2fa3b4|f39985d281ffeaaa08456711a677eb4fb2004609ce95a59319acb724f40d761c|17e70bfef89f94aae4e68f9ac12388f844b7f7cb5414b6cfc92636dea03df7b2|4caed16ad076004ff9ccaa8a7a410fb91f8ca3ad9208f0690d98d98a0a6af8f1|8ee289042065aacf20534b2c3292251172e6e64f2c17765ffe1c1e0b3b46bbee|3f51ffcec4c410a929a5e66645694e3c53ab69c089c76f779a61aeccb342381e,0,3.814697265625e-06,5,"t0 ego planar: +x forward, +y left"
2ba06ef7b3b44cbfad6d771981d86af9,d5401caa83b84ec6ab6990091add2b97,9c2ff6d2da504b889647478bf47f8cc0,41,True,True,Pedestrian,,12,1,54533,b3475f146e21939e383d54613f1e755c4d66200f6efb7238ccdb3494ca120c51|2ca39acc5252530c64465c3210e532c051fa4d15a37d9a13067d9d5278707dda|8458bef6f860ac4ca12424020ece36ac4107bf6cb342068805dea3d6b3bbfacd|647dc82000915c818a55119537c87ed26794ca59847c58912e901b1c8e97bee5|e334a43f8e66bca2d724f31a59066e2460d4842554e3a615c59d013b2068a37c|51ba648afc666900b2c5b407ab72a14c3d277e4ec6884e2791ffaa5465c1b374,0,1.9073486328125e-06,1,"t0 ego planar: +x forward, +y left"
2ba06ef7b3b44cbfad6d771981d86af9,d5401caa83b84ec6ab6990091add2b97,9d30ff5ea8de4873b67bb83ded89bcb4,42,True,False,Pedestrian,future_incomplete_or_outside_recording,1,1,,,,,,
2ba06ef7b3b44cbfad6d771981d86af9,d5401caa83b84ec6ab6990091add2b97,9f306b212ff540f180774d6f618c0698,43,True,True,Pedestrian,,12,1,54534,7750dfb8ca4e78eb15f7500ea57782340a81ecd4c33f7a2adb68e37c6105ff69|4e5f7234d87949de9e22a5d134a07b814400e9910c9f2e248d912172329cf106|bec49a529e4581fc0d40695dddb885abddb929eae29a6bfa03bfc4a608084f8a|8824115ff2e5ef980fe736c7317e5bd057f5fbb2f83a26ed2a1ac648a3bed96e|aa3c800e0092548087ef4261ec458b9676f00d1ddfdf0fa535d633234cbd032a|445502c32a8fbeaf67591561ac484d1575e39968dd2813be4f8921949fee45b1,0,1.9073486328125e-06,4,"t0 ego planar: +x forward, +y left"
2ba06ef7b3b44cbfad6d771981d86af9,d5401caa83b84ec6ab6990091add2b97,9f7ecaed633e4bd1a240770e163e5f7f,44,False,False,Vehicle,insufficient_history,1,1,,,,,,
2ba06ef7b3b44cbfad6d771981d86af9,d5401caa83b84ec6ab6990091add2b97,9fa9a3c914f94c2dbfa65ba6355212dd,45,True,True,Pedestrian,,12,1,54535,a93c879f23ee7868c267eb2ae52225dc3c573c1a0ecb76226c7e8874f9659a27|4d6e4a3e01c337daa70fcc8174755edc34999a9040299c8112fafebdb55d8d91|7945009b83f3faeb7015a6f183e21e8991c729f4d1682ebbed43030245616af7|95eeb184d68f771293b12bde64afe46c00058c9916746800e2cb1366c617d814|9a970207d38c71aa3b43599c052274b16a4ff75c0ca154ba86e04dead64afe2f|2cfcfc32d26b02829933b2fc4ebe703b8f2d25d49602018e2dc163aee08ea3e9,0,9.5367431640625e-07,1,"t0 ego planar: +x forward, +y left"
2ba06ef7b3b44cbfad6d771981d86af9,d5401caa83b84ec6ab6990091add2b97,a44c3cc63cca46c08842c4ab2ba3808c,46,True,False,Pedestrian,future_incomplete_or_outside_recording,11,1,,,,,,
2ba06ef7b3b44cbfad6d771981d86af9,d5401caa83b84ec6ab6990091add2b97,afec3945395a4536869d5ec82617182f,47,True,False,Pedestrian,future_incomplete_or_outside_recording,0,1,,,,,,
2ba06ef7b3b44cbfad6d771981d86af9,d5401caa83b84ec6ab6990091add2b97,b2ec3c8a8dea48f080fccdd32416a243,48,True,True,Vehicle,,12,1,54536,009e5161b7a5985ea0fbcacc9be169851896bb0d857a532021b9260180c7b2d6|bffc0db8b2c6d7931e72ea45dcd995e1619c4f73ca906dd41555d4ca2c7ee5d7|30965b7ce331c66f0eb6d48c99e5f064f2559a0483a0c1ae5489fa86e37816b6|745d11a709b3602122d97322b5c1bd2b76a659e4e34e6d5d88198ecb2299995b|7c331b907ebcaa8ecb857dd23d9a04eea254b1cf1dd9531d2bb25940c4db1f82|3f84d747f673728ca2677cfefad66cf1aa8ad17c43f3d86cf741fd14b852b52e,0,3.814697265625e-06,4,"t0 ego planar: +x forward, +y left"
2ba06ef7b3b44cbfad6d771981d86af9,d5401caa83b84ec6ab6990091add2b97,b411ec480f1a4c029a062d61c3b509b0,49,True,True,Pedestrian,,12,1,54537,13b1250f03aca1cd719ee29770ade89ca98fd64c462046063c63cea701d3de4b|878cde2c0322728a7d4aa12a27c49dc78ea05e8eb58f681c7a59f33fc199fa5f|965851b51f42cecdb2d3f651c159c85f5df1a67f0a5926e912e2c669e837e117|2cdeeea475e88a559d43682c258d5774661dfc7fa7976c0820efec4aeee5ed98|d03a58e099726f27b6791deabac380de6fb2dce5cc7440b46640ab1883c0a696|ab38f348de417ded5ad824315d070f7b03f326868f01dddbdff100174eff9b9f,0,1.9073486328125e-06,1,"t0 ego planar: +x forward, +y left"
2ba06ef7b3b44cbfad6d771981d86af9,d5401caa83b84ec6ab6990091add2b97,b7e81718f25040dcb3493de89a4b28ba,50,True,True,Pedestrian,,12,1,54538,3c7fa6735b2662022f378e16998b7d0411f503373c2ef968fd3dadad7de8604b|8b4608ff192d5a8c02b1faf33d67e2bc98ec8c297c13d58b70ec221f183b9fe2|393ef0d0893118516457aaa05b6bb2fbf684f5d175194708929f6a6f8dc902cc|108dc8cca94d47a2cc2ad5cbb90bf5328718874d626e95ef4c8713448c957c5f|ffddde981fec75cf2836922497ac1ecdcd99db50e7a3b9aba2b52ca943f25702|7dab48951e6cfe1e3cb5b78dd0cf239eec3943a7225ca67ac50fab0c8e8db154,0,1.9073486328125e-06,1,"t0 ego planar: +x forward, +y left"
2ba06ef7b3b44cbfad6d771981d86af9,d5401caa83b84ec6ab6990091add2b97,ba4fe31b71974df7934be9ddb248bf66,51,True,False,Pedestrian,future_incomplete_or_outside_recording,11,1,,,,,,
2ba06ef7b3b44cbfad6d771981d86af9,d5401caa83b84ec6ab6990091add2b97,bb4c489cba90484789a9392cc7c27748,52,True,True,Pedestrian,,12,1,54539,d3a76e03aa957895cf7879b8682d0e6e101f634cffb119d9a27f18b2ef9bbbca|468c6b8f191450eb90d0d4154bb3612b5a96600dd0dd71adc8d2f681bcc9af6d|f34864b93bb393230d73347d3e02321f961e9cad271c8b64fe79b9991a44ee43|36510522da0b9fb0390afdb7af1ac1998644ec1acd522edb7086e105be7455ad|abc03b2b5bf7866321cc7850d8462e47ef15177646fe9b422fd1b9c003ddd0d8|d9d5880313bf3ee18c99ac43dd056d1b810fb214569509401012db1fd7a0cf6c,0,1.9073486328125e-06,5,"t0 ego planar: +x forward, +y left"
2ba06ef7b3b44cbfad6d771981d86af9,d5401caa83b84ec6ab6990091add2b97,bba27d5c0b674d4e9906f93f26f76747,53,True,True,Vehicle,,12,1,54540,9adfebb027f71fcb36e5dcfe5fdb19fc1fe397a91b1b560d3d2ba22994e35675|6db89a55d616426d690653d99def5abf8c6e8661c998235b7d881d644632204b|86b2afe2440e102a08b3540ee1dd5088494fd52cc08315814610eb861967750e|b6abca18254b686fcc9c2bc4b7c8d35fae437c45d1ee3b09a8f689c10013e6ef|39470033737e301669e4205a5edb8dcf701907d48a2e9a22e0b4e9a1460922c0|4c5c85820a9c17dea7edee8db5f9e0923e151d0c255cd95361d4015dfb2478f1,0,7.62939453125e-06,4,"t0 ego planar: +x forward, +y left"
2ba06ef7b3b44cbfad6d771981d86af9,d5401caa83b84ec6ab6990091add2b97,c4e3fd99a12147a7b9088938a0b64a13,54,True,False,Pedestrian,future_incomplete_or_outside_recording,9,1,,,,,,
2ba06ef7b3b44cbfad6d771981d86af9,d5401caa83b84ec6ab6990091add2b97,c5002f74be9d4d6dae45700c75b1f9c7,55,True,False,Pedestrian,future_incomplete_or_outside_recording,0,1,,,,,,
2ba06ef7b3b44cbfad6d771981d86af9,d5401caa83b84ec6ab6990091add2b97,c86c80dc763c44e4a9253be01cebb9d6,56,True,False,Pedestrian,future_incomplete_or_outside_recording,11,1,,,,,,
2ba06ef7b3b44cbfad6d771981d86af9,d5401caa83b84ec6ab6990091add2b97,ccaae04299a64dabbd3ce6fbc5ae6bf7,57,True,True,Vehicle,,12,1,54541,d56021878afcc41f1efd9961b1f80d7679f76d5d45a27891a07850cf1a473582|1bc50e04d43de49a7598dbead5d2b94b6b4f7711bd28366985befc04e93b32ec|7ab0c5b8ffe19f19d471ab6c117f2c4f537fe64082a88704a2f7721ddccbd006|360fe9af40e3acd465074f58107b2cd6253a66340070a59596a37f504c2ee725|6719498f7507c5c52ae41878b283fb9fca7c2566a1d4a31897caf8da40a42db0|79bf85e3057ff29d2ea7585a6ac1a0f6099be5a8de894577d69954ab0c5788a4,0,3.814697265625e-06,1,"t0 ego planar: +x forward, +y left"
2ba06ef7b3b44cbfad6d771981d86af9,d5401caa83b84ec6ab6990091add2b97,cfc3426abd364f98b584a3f8965dd49e,58,True,False,Pedestrian,future_incomplete_or_outside_recording,7,1,,,,,,
2ba06ef7b3b44cbfad6d771981d86af9,d5401caa83b84ec6ab6990091add2b97,d078e486a2eb49b59fd7f2d685c9d1bf,59,False,False,Pedestrian,insufficient_history,7,1,,,,,,
2ba06ef7b3b44cbfad6d771981d86af9,d5401caa83b84ec6ab6990091add2b97,d07f28cfd74d4c1db41123b70683bc47,60,False,False,Vehicle,insufficient_history,12,1,,,,,,
2ba06ef7b3b44cbfad6d771981d86af9,d5401caa83b84ec6ab6990091add2b97,d1b2df5f2bbb491585e4bf813e19fa83,61,True,True,Pedestrian,,12,1,54542,9d6a584dbe9a87e0d147089cae4a4e8e74945e50dab7f9ddce5c761c3afddb64|4da54d6d5be2d33c8d86c3366b0d59126b1b06dea56c05b69f26105b8b0744e7|78d17875210d694bc8b2d4671b160fbf99aca25f028d30091794acd69a2b947f|1e8c7efb0cbdedd89805b8418f4c069abe6cb94f2850a6deb3e640f744430936|857522728ae4b537d0f3d807006727154382a9f1f07c3b03ee0d832871e8d974|be1fc686dc79fb05849c367f94368940e79783ea008c35313345bc91f47bd63a,0,3.814697265625e-06,5,"t0 ego planar: +x forward, +y left"
2ba06ef7b3b44cbfad6d771981d86af9,d5401caa83b84ec6ab6990091add2b97,d71f5a2c9b2d40e58d745884f2c7a1ba,62,True,False,Pedestrian,future_incomplete_or_outside_recording,10,1,,,,,,
2ba06ef7b3b44cbfad6d771981d86af9,d5401caa83b84ec6ab6990091add2b97,d8fdf520384d4116a482f851ce88bf97,63,True,True,Pedestrian,,12,1,54543,31864e272f4733073e07fe9b9b7edf66a7ac7844d96eeed1d8e6692aabb44581|5c81de5671767cff2a12a6b9f6625e9a1e96854868c209cecc0fe7830ed4675b|d4ee0a1d71c9d4777343b81850b6d97f42474e253a05a5730555533514fb67c2|c3f94e7eaf99985aa4c2c68cb46ef064ddb49da032f5c951a6f951268ce89cef|ecdfab5a09c411d408dd4edc27a66b97d74987517bb4b57e1f8f9e4300b26240|0a9ac5984f4226beb9b96239dbbd01947370b9f408d0dd25933328f929e74c8c,0,3.814697265625e-06,5,"t0 ego planar: +x forward, +y left"
2ba06ef7b3b44cbfad6d771981d86af9,d5401caa83b84ec6ab6990091add2b97,e07a8c31e10b4948a44fbe0f7ded4b12,64,True,False,Vehicle,future_incomplete_or_outside_recording,11,1,,,,,,
2ba06ef7b3b44cbfad6d771981d86af9,d5401caa83b84ec6ab6990091add2b97,e13ac240993b4bd99b0aa366c07895f0,65,True,True,Vehicle,,12,1,54544,ef6052057b0405d5475d1d464ecede075e7d2e09b86d3844f49609903ce6c238|b8a44dd3c8b55cd9d29132448ed073bf62b5f5a26d4cdb02e64975b7af87c696|f43206b0bfb7bada5e0de11f88308a76e0e6efb3084f70f4084e04e24175850e|d24cc3998418d3f2590d97b47e1aabf5cee3cf3c98d00145baf6acace9da4d08|057c517e094cea28b98f5f361f93d621db32541611f8ecfc828f0cfcd563d749|19a8a3aa23c0a24496e7e178bc59c052bc4868ac5b91e44ebe4062b8493f4be8,0,7.62939453125e-06,5,"t0 ego planar: +x forward, +y left"
2ba06ef7b3b44cbfad6d771981d86af9,d5401caa83b84ec6ab6990091add2b97,e73ec5898ad349e98fa5bc402771bb92,66,True,True,Pedestrian,,12,1,54545,bf43c6e418c3a8a123a3eb4835b33fa1c7a52b774c20e202f0051bdc1a94d569|8fcca6de3960a1530d795b91258fc3eb4a0b0ba94b039a6b4d4152ef04f7b02a|6614f9ae0d26505bb4b823c85a1274a95ef34a4d49810053cbd5058f30dc1842|f220d2d3a89c70a7174c496ace910216bceb3cf7ee7e7aafef459cbf8e8c91e1|990c81b117c0f947e7b81d331cf6fe40cacd808e29519688c57116d658d8124f|420173925ec6a81d8d37677e911e0bdeb1b47f705a675e6199ed77850aa44998,0,1.9073486328125e-06,5,"t0 ego planar: +x forward, +y left"
2ba06ef7b3b44cbfad6d771981d86af9,d5401caa83b84ec6ab6990091add2b97,e743223d2e0041caaf371523d67b9974,67,True,True,Pedestrian,,12,1,54546,ce43d00eec93f15959e160bc3f11027e7d4fc3b2fe814f7dffa8cbf104322678|c7af89c47aab48dac1719c233e1c20b7ae42ae09facfd390e10c679e9cbb0bfc|5e7f2b281e3d2aa90b9290ac79e08e8625a550598c772a2b151eb9972f7cbfc3|c79300984636b433b8de54ee342e39b9f3a9e74a657c9b6c55e126d45d4c7f9e|15d2b532a40ad86cee7c6648a462dc2dfb9c892a29f75721b1d7f28fce0faf16|dd0f6713039e4a807ccc6fcfe7dbb46058ac22ff503619cee731fd4eecf8fc51,0,1.9073486328125e-06,1,"t0 ego planar: +x forward, +y left"
2ba06ef7b3b44cbfad6d771981d86af9,d5401caa83b84ec6ab6990091add2b97,ea21b037a38b4b238fe58a011ac32bdd,68,True,True,Vehicle,,12,1,54547,994528a12bab9096b12eb16f4b54d568978486546cb528375f157d4b0a9310e9|8f376ad03c150feb2af1160324d3d5ac2489bfb5ad18033e30cb36055613adb8|6eb27819d9b83de879658d643e88b4a44b9e21ca671d5b87b7592df141223d67|d660a178164100d9e491545e8d78c86c59c089039d0b9ac84771601b7fda4de4|3808efd4be0548692a8d7b34d4421578959105216275fa9f4dcecf546d28ddd9|40f0da69c0ef22749400bff35c151437698086769a53001c5a3fa8c65a51c909,0,3.814697265625e-06,1,"t0 ego planar: +x forward, +y left"
2ba06ef7b3b44cbfad6d771981d86af9,d5401caa83b84ec6ab6990091add2b97,eea4365dbea74711a0455550342d9f40,69,True,True,Pedestrian,,12,1,54548,63cc32fdaec80003ee7dd5a52002d25e5f0f825e725989dbb00e9b59aa872df8|727b8e0368d64b40c36ad47dee519e0c926ac858b7db4b68ccffc07a026d3b7c|cc548be9120caf1ea899682a402b274e731404ce236156c7e1bffec1cdb821f0|36ee5875d1ef4385b38b4e58a309bf0dd40c1d7b7513e26ef7d24e478a283795|cd80151241aefa8ac62e3ec89177230805d689c9dadebba568ba6325de1171b1|ec9b5dd82f44425c7bf285f7f5b5d74f21d8beae09e00ea569af66643a920485,0,1.9073486328125e-06,1,"t0 ego planar: +x forward, +y left"
2ba06ef7b3b44cbfad6d771981d86af9,d5401caa83b84ec6ab6990091add2b97,f145cb271b99432c915f9480ecb4e8cb,70,True,False,Pedestrian,future_incomplete_or_outside_recording,0,1,,,,,,
2ba06ef7b3b44cbfad6d771981d86af9,d5401caa83b84ec6ab6990091add2b97,f64020bc86c54e58abf3ad57d483ac8d,71,True,False,Pedestrian,future_incomplete_or_outside_recording,5,1,,,,,,
2ba06ef7b3b44cbfad6d771981d86af9,d5401caa83b84ec6ab6990091add2b97,fc19162d37d04f919231973a11a91015,72,True,False,Pedestrian,future_incomplete_or_outside_recording,11,1,,,,,,
2ba06ef7b3b44cbfad6d771981d86af9,0060971bd6204e2090f92a3560f2d939,010d6004a06549a9a2e740d52bfbf2ba,0,True,False,Vehicle,future_incomplete_or_outside_recording,0,1,,,,,,
2ba06ef7b3b44cbfad6d771981d86af9,0060971bd6204e2090f92a3560f2d939,02e2563589da414093510bbf4a72ba54,1,True,False,Vehicle,future_incomplete_or_outside_recording,0,1,,,,,,
2ba06ef7b3b44cbfad6d771981d86af9,0060971bd6204e2090f92a3560f2d939,07812dbdd6674240bfa60f189be0a07e,2,True,False,Pedestrian,future_incomplete_or_outside_recording,0,1,,,,,,
2ba06ef7b3b44cbfad6d771981d86af9,0060971bd6204e2090f92a3560f2d939,09a8c4825ae64ee5bbbf9204f72e05cf,3,True,False,Vehicle,future_incomplete_or_outside_recording,0,1,,,,,,
2ba06ef7b3b44cbfad6d771981d86af9,0060971bd6204e2090f92a3560f2d939,0d3454704f0c405fa8fe7e00f081ca48,4,True,False,Vehicle,future_incomplete_or_outside_recording,0,1,,,,,,
2ba06ef7b3b44cbfad6d771981d86af9,0060971bd6204e2090f92a3560f2d939,10fb67b3c69042fc97264f7504abc99a,5,True,False,Vehicle,future_incomplete_or_outside_recording,0,1,,,,,,
2ba06ef7b3b44cbfad6d771981d86af9,0060971bd6204e2090f92a3560f2d939,1348cb5b2e6e4eb48e045d09fcd5dae8,6,True,False,Pedestrian,future_incomplete_or_outside_recording,0,1,,,,,,
2ba06ef7b3b44cbfad6d771981d86af9,0060971bd6204e2090f92a3560f2d939,14a1a931442040e8b1ce8bbbd4b1c895,7,True,False,Pedestrian,future_incomplete_or_outside_recording,0,1,,,,,,
2ba06ef7b3b44cbfad6d771981d86af9,0060971bd6204e2090f92a3560f2d939,179a1d949a0c43ce8d7b88ceb00de249,8,True,False,Vehicle,future_incomplete_or_outside_recording,0,1,,,,,,
2ba06ef7b3b44cbfad6d771981d86af9,0060971bd6204e2090f92a3560f2d939,1a961f768cff4f45a0ce1f32b9ae45b8,9,True,False,Vehicle,future_incomplete_or_outside_recording,0,1,,,,,,
2ba06ef7b3b44cbfad6d771981d86af9,0060971bd6204e2090f92a3560f2d939,1e3c33e8085b4f3faa706b53f40ec60e,10,True,False,Pedestrian,future_incomplete_or_outside_recording,0,1,,,,,,
2ba06ef7b3b44cbfad6d771981d86af9,0060971bd6204e2090f92a3560f2d939,211b0d7869a24ae0963781ef7550b2d0,11,True,False,Vehicle,future_incomplete_or_outside_recording,0,1,,,,,,
2ba06ef7b3b44cbfad6d771981d86af9,0060971bd6204e2090f92a3560f2d939,2343b738ebaa493cbe9c368aee6c5023,12,True,False,Pedestrian,future_incomplete_or_outside_recording,0,1,,,,,,
2ba06ef7b3b44cbfad6d771981d86af9,0060971bd6204e2090f92a3560f2d939,2983e025bbd94acfbb7ae53b683b1dc9,13,True,False,Vehicle,future_incomplete_or_outside_recording,0,1,,,,,,
2ba06ef7b3b44cbfad6d771981d86af9,0060971bd6204e2090f92a3560f2d939,2d3a68072fc340dbbe7e66b6ec901fff,14,True,False,Pedestrian,future_incomplete_or_outside_recording,0,1,,,,,,
2ba06ef7b3b44cbfad6d771981d86af9,0060971bd6204e2090f92a3560f2d939,2dad47835c2b45ce917b918fb0719e3d,15,True,False,Pedestrian,future_incomplete_or_outside_recording,0,1,,,,,,
2ba06ef7b3b44cbfad6d771981d86af9,0060971bd6204e2090f92a3560f2d939,2e5e2d16914f4d2bbbd3c031d029e867,16,True,False,Pedestrian,future_incomplete_or_outside_recording,0,1,,,,,,
2ba06ef7b3b44cbfad6d771981d86af9,0060971bd6204e2090f92a3560f2d939,3090d56e180040d5b79cead7635d554f,17,False,False,Vehicle,insufficient_history,0,1,,,,,,
2ba06ef7b3b44cbfad6d771981d86af9,0060971bd6204e2090f92a3560f2d939,32a2a076828544f59c30ed7f1e145b7f,18,True,False,Pedestrian,future_incomplete_or_outside_recording,0,1,,,,,,
2ba06ef7b3b44cbfad6d771981d86af9,0060971bd6204e2090f92a3560f2d939,35f2e4d3c3604bccb2088ccde29bea15,19,True,False,Vehicle,future_incomplete_or_outside_recording,0,1,,,,,,
2ba06ef7b3b44cbfad6d771981d86af9,0060971bd6204e2090f92a3560f2d939,3609a54d8e3e4ed7a9283000a9803294,20,True,False,Pedestrian,future_incomplete_or_outside_recording,0,1,,,,,,
2ba06ef7b3b44cbfad6d771981d86af9,0060971bd6204e2090f92a3560f2d939,3e2998e7664744cfb442b222561e7f3e,21,True,False,Pedestrian,future_incomplete_or_outside_recording,0,1,,,,,,
2ba06ef7b3b44cbfad6d771981d86af9,0060971bd6204e2090f92a3560f2d939,461edfd3439c448e96555723901c46e6,22,True,False,Vehicle,future_incomplete_or_outside_recording,0,1,,,,,,
2ba06ef7b3b44cbfad6d771981d86af9,0060971bd6204e2090f92a3560f2d939,46b8481d60c14217a45375ead1ad0f7e,23,True,False,Pedestrian,future_incomplete_or_outside_recording,0,1,,,,,,
2ba06ef7b3b44cbfad6d771981d86af9,0060971bd6204e2090f92a3560f2d939,4b68751790a240c096aab4bf247fa107,24,True,False,Pedestrian,future_incomplete_or_outside_recording,0,1,,,,,,
2ba06ef7b3b44cbfad6d771981d86af9,0060971bd6204e2090f92a3560f2d939,4bf5c7647a714e15813d018bfa0e16f9,25,True,False,Pedestrian,future_incomplete_or_outside_recording,0,1,,,,,,
2ba06ef7b3b44cbfad6d771981d86af9,0060971bd6204e2090f92a3560f2d939,4ef14a7a875449649e29c25b38f5bf5b,26,True,False,Vehicle,future_incomplete_or_outside_recording,0,1,,,,,,
2ba06ef7b3b44cbfad6d771981d86af9,0060971bd6204e2090f92a3560f2d939,5053297baab84c0ab14e57b94b4bd763,27,True,False,Pedestrian,future_incomplete_or_outside_recording,0,1,,,,,,
2ba06ef7b3b44cbfad6d771981d86af9,0060971bd6204e2090f92a3560f2d939,52988fe4c6bb48cb91f6fdd410aa2c6b,28,True,False,Vehicle,future_incomplete_or_outside_recording,0,1,,,,,,
2ba06ef7b3b44cbfad6d771981d86af9,0060971bd6204e2090f92a3560f2d939,578dbeb4e46f47f682742021d2d313a8,29,True,False,Pedestrian,future_incomplete_or_outside_recording,0,1,,,,,,
2ba06ef7b3b44cbfad6d771981d86af9,0060971bd6204e2090f92a3560f2d939,59151b0bbde44bc0867ea4572063e6d0,30,True,False,Pedestrian,future_incomplete_or_outside_recording,0,1,,,,,,
2ba06ef7b3b44cbfad6d771981d86af9,0060971bd6204e2090f92a3560f2d939,5c07924c95504ad1a2e3d986346a5b4a,31,False,False,Pedestrian,insufficient_history,0,1,,,,,,
2ba06ef7b3b44cbfad6d771981d86af9,0060971bd6204e2090f92a3560f2d939,603be01653b441f1b87428334db15e8f,32,True,False,Vehicle,future_incomplete_or_outside_recording,0,1,,,,,,
2ba06ef7b3b44cbfad6d771981d86af9,0060971bd6204e2090f92a3560f2d939,6a99a4982d704055932ed97beea92dcb,33,True,False,Vehicle,future_incomplete_or_outside_recording,0,1,,,,,,
2ba06ef7b3b44cbfad6d771981d86af9,0060971bd6204e2090f92a3560f2d939,7351b18744f74b1ea01f9d8497ea61f6,34,True,False,Vehicle,future_incomplete_or_outside_recording,0,1,,,,,,
2ba06ef7b3b44cbfad6d771981d86af9,0060971bd6204e2090f92a3560f2d939,7809952a88944b30b9b19dba766d0853,35,True,False,Vehicle,future_incomplete_or_outside_recording,0,1,,,,,,
2ba06ef7b3b44cbfad6d771981d86af9,0060971bd6204e2090f92a3560f2d939,892d061d2b8a48f8a36327d88ba55677,36,True,False,Pedestrian,future_incomplete_or_outside_recording,0,1,,,,,,
2ba06ef7b3b44cbfad6d771981d86af9,0060971bd6204e2090f92a3560f2d939,899500df92fb48d58c1a5c0a7846494b,37,True,False,Vehicle,future_incomplete_or_outside_recording,0,1,,,,,,
2ba06ef7b3b44cbfad6d771981d86af9,0060971bd6204e2090f92a3560f2d939,9516664dc4454c0aa7e7166f1bf5e02a,38,True,False,Pedestrian,future_incomplete_or_outside_recording,0,1,,,,,,
2ba06ef7b3b44cbfad6d771981d86af9,0060971bd6204e2090f92a3560f2d939,983d7fcba9184ff5bce0f26019b01cee,39,False,False,Pedestrian,insufficient_history,0,1,,,,,,
2ba06ef7b3b44cbfad6d771981d86af9,0060971bd6204e2090f92a3560f2d939,9c2ff6d2da504b889647478bf47f8cc0,40,True,False,Pedestrian,future_incomplete_or_outside_recording,0,1,,,,,,
2ba06ef7b3b44cbfad6d771981d86af9,0060971bd6204e2090f92a3560f2d939,9f306b212ff540f180774d6f618c0698,41,True,False,Pedestrian,future_incomplete_or_outside_recording,0,1,,,,,,
2ba06ef7b3b44cbfad6d771981d86af9,0060971bd6204e2090f92a3560f2d939,9fa9a3c914f94c2dbfa65ba6355212dd,42,True,False,Pedestrian,future_incomplete_or_outside_recording,0,1,,,,,,
2ba06ef7b3b44cbfad6d771981d86af9,0060971bd6204e2090f92a3560f2d939,a06390917ebf4ab99acb9c7b4ca8c163,43,True,False,Vehicle,future_incomplete_or_outside_recording,0,1,,,,,,
2ba06ef7b3b44cbfad6d771981d86af9,0060971bd6204e2090f92a3560f2d939,a0853130c9294af79d02de7651000139,44,True,False,Vehicle,future_incomplete_or_outside_recording,0,1,,,,,,
2ba06ef7b3b44cbfad6d771981d86af9,0060971bd6204e2090f92a3560f2d939,a6fc3678f8e34d3abb1c0542d7657ff0,45,True,False,Vehicle,future_incomplete_or_outside_recording,0,1,,,,,,
2ba06ef7b3b44cbfad6d771981d86af9,0060971bd6204e2090f92a3560f2d939,a782d4ec18494113924f0b2860f0b398,46,True,False,Pedestrian,future_incomplete_or_outside_recording,0,1,,,,,,
2ba06ef7b3b44cbfad6d771981d86af9,0060971bd6204e2090f92a3560f2d939,a807156777044fd89b269de15ffce616,47,True,False,Vehicle,future_incomplete_or_outside_recording,0,1,,,,,,
2ba06ef7b3b44cbfad6d771981d86af9,0060971bd6204e2090f92a3560f2d939,abdfd42113d7404580df637af6e83e70,48,True,False,Vehicle,future_incomplete_or_outside_recording,0,1,,,,,,
2ba06ef7b3b44cbfad6d771981d86af9,0060971bd6204e2090f92a3560f2d939,b2ec3c8a8dea48f080fccdd32416a243,49,True,False,Vehicle,future_incomplete_or_outside_recording,0,1,,,,,,
2ba06ef7b3b44cbfad6d771981d86af9,0060971bd6204e2090f92a3560f2d939,b34fdf58e8174e15a8e8fa81aac605c4,50,True,False,Vehicle,future_incomplete_or_outside_recording,0,1,,,,,,
2ba06ef7b3b44cbfad6d771981d86af9,0060971bd6204e2090f92a3560f2d939,b411ec480f1a4c029a062d61c3b509b0,51,True,False,Pedestrian,future_incomplete_or_outside_recording,0,1,,,,,,
2ba06ef7b3b44cbfad6d771981d86af9,0060971bd6204e2090f92a3560f2d939,b7e81718f25040dcb3493de89a4b28ba,52,True,False,Pedestrian,future_incomplete_or_outside_recording,0,1,,,,,,
2ba06ef7b3b44cbfad6d771981d86af9,0060971bd6204e2090f92a3560f2d939,bb4c489cba90484789a9392cc7c27748,53,True,False,Pedestrian,future_incomplete_or_outside_recording,0,1,,,,,,
2ba06ef7b3b44cbfad6d771981d86af9,0060971bd6204e2090f92a3560f2d939,bba27d5c0b674d4e9906f93f26f76747,54,True,False,Vehicle,future_incomplete_or_outside_recording,0,1,,,,,,
2ba06ef7b3b44cbfad6d771981d86af9,0060971bd6204e2090f92a3560f2d939,bcc1ee13cbbc430183edd58bd0855f1d,55,True,False,Vehicle,future_incomplete_or_outside_recording,0,1,,,,,,
2ba06ef7b3b44cbfad6d771981d86af9,0060971bd6204e2090f92a3560f2d939,ccaae04299a64dabbd3ce6fbc5ae6bf7,56,True,False,Vehicle,future_incomplete_or_outside_recording,0,1,,,,,,
2ba06ef7b3b44cbfad6d771981d86af9,0060971bd6204e2090f92a3560f2d939,ce9321b79e9744eab35a0ad11c8f46bd,57,True,False,Vehicle,future_incomplete_or_outside_recording,0,1,,,,,,
2ba06ef7b3b44cbfad6d771981d86af9,0060971bd6204e2090f92a3560f2d939,d07f28cfd74d4c1db41123b70683bc47,58,True,False,Vehicle,future_incomplete_or_outside_recording,0,1,,,,,,
2ba06ef7b3b44cbfad6d771981d86af9,0060971bd6204e2090f92a3560f2d939,d1b2df5f2bbb491585e4bf813e19fa83,59,True,False,Pedestrian,future_incomplete_or_outside_recording,0,1,,,,,,
2ba06ef7b3b44cbfad6d771981d86af9,0060971bd6204e2090f92a3560f2d939,d40f56e9076749a290e3538486241b5d,60,True,False,Pedestrian,future_incomplete_or_outside_recording,0,1,,,,,,
2ba06ef7b3b44cbfad6d771981d86af9,0060971bd6204e2090f92a3560f2d939,d5d70a88135d4727b0af8e684e90f861,61,True,False,Vehicle,future_incomplete_or_outside_recording,0,1,,,,,,
2ba06ef7b3b44cbfad6d771981d86af9,0060971bd6204e2090f92a3560f2d939,d6b49b04640e42cc9dbb331ac1ba50e2,62,True,False,Vehicle,future_incomplete_or_outside_recording,0,1,,,,,,
2ba06ef7b3b44cbfad6d771981d86af9,0060971bd6204e2090f92a3560f2d939,d8fdf520384d4116a482f851ce88bf97,63,True,False,Pedestrian,future_incomplete_or_outside_recording,0,1,,,,,,
2ba06ef7b3b44cbfad6d771981d86af9,0060971bd6204e2090f92a3560f2d939,e13ac240993b4bd99b0aa366c07895f0,64,True,False,Vehicle,future_incomplete_or_outside_recording,0,1,,,,,,
2ba06ef7b3b44cbfad6d771981d86af9,0060971bd6204e2090f92a3560f2d939,e73ec5898ad349e98fa5bc402771bb92,65,True,False,Pedestrian,future_incomplete_or_outside_recording,0,1,,,,,,
2ba06ef7b3b44cbfad6d771981d86af9,0060971bd6204e2090f92a3560f2d939,e743223d2e0041caaf371523d67b9974,66,True,False,Pedestrian,future_incomplete_or_outside_recording,0,1,,,,,,
2ba06ef7b3b44cbfad6d771981d86af9,0060971bd6204e2090f92a3560f2d939,e7a5320b9dcb42698e2108fde8204049,67,True,False,Vehicle,future_incomplete_or_outside_recording,0,1,,,,,,
2ba06ef7b3b44cbfad6d771981d86af9,0060971bd6204e2090f92a3560f2d939,ea21b037a38b4b238fe58a011ac32bdd,68,True,False,Vehicle,future_incomplete_or_outside_recording,0,1,,,,,,
2ba06ef7b3b44cbfad6d771981d86af9,0060971bd6204e2090f92a3560f2d939,eea4365dbea74711a0455550342d9f40,69,True,False,Pedestrian,future_incomplete_or_outside_recording,0,1,,,,,,
2ba06ef7b3b44cbfad6d771981d86af9,0060971bd6204e2090f92a3560f2d939,f144035f94354b6ba443cf25c39d6ac5,70,True,False,Vehicle,future_incomplete_or_outside_recording,0,1,,,,,,
2ba06ef7b3b44cbfad6d771981d86af9,0060971bd6204e2090f92a3560f2d939,f1c36c551f504eeea05c6231cb5f16c3,71,True,False,Vehicle,future_incomplete_or_outside_recording,0,1,,,,,,
2ba06ef7b3b44cbfad6d771981d86af9,0060971bd6204e2090f92a3560f2d939,f72a14c87b794304a37fa4c09af42751,72,True,False,Vehicle,future_incomplete_or_outside_recording,0,1,,,,,,
2ba06ef7b3b44cbfad6d771981d86af9,0060971bd6204e2090f92a3560f2d939,f8e5d018b9dc4d4e903c69effdfc1374,73,True,False,Vehicle,future_incomplete_or_outside_recording,0,1,,,,,,
2ba06ef7b3b44cbfad6d771981d86af9,0060971bd6204e2090f92a3560f2d939,fd7f3de6913d4b3cb2382dada3d75798,74,True,False,Vehicle,future_incomplete_or_outside_recording,0,1,,,,,,
01c3f5e39956402da3e37845632fadca,f9f0c4a87903406f9c10bf7550c67e98,071bf84bde3547df8a7bc2a035df0bee,0,True,False,Vehicle,future_incomplete_or_outside_recording,6,2,,,,,,
01c3f5e39956402da3e37845632fadca,f9f0c4a87903406f9c10bf7550c67e98,0c024218b8e948c684b7cd710baab3f2,1,True,False,Vehicle,future_incomplete_or_outside_recording,1,2,,,,,,
01c3f5e39956402da3e37845632fadca,f9f0c4a87903406f9c10bf7550c67e98,0cd0fb9f0f3040c88f2d9629de34c779,2,True,True,Vehicle,,12,2,17064,4d1484925edbe89a912161dc6a4fc2ecd05a9cfc78849ca73aa4eb02807af07e|ee20c38e4b4f75423af46169a894f85bdfb183e6981500a7bf1ad7fd8ffee6d9|7693c74c1af7fbe71b74b799c851d1c694a1f389ded09a43a63b03372c571662|f7328e04d6394be1ae2eb0efd5708c4700665bdc606a0195ee2d1e64e4fb91fe|36ff6e42105fa19cc3fb8bc60df1c625629bb00469d86ceafc77773ff41cb9d2|58c6112e152e9d789a23ba171fef1106c41174364669f686d10832cb10e7639e,0,7.62939453125e-06,4,"t0 ego planar: +x forward, +y left"
01c3f5e39956402da3e37845632fadca,f9f0c4a87903406f9c10bf7550c67e98,110615d707b54691a1f0c2e224296c11,3,True,False,Vehicle,future_incomplete_or_outside_recording,7,2,,,,,,
01c3f5e39956402da3e37845632fadca,f9f0c4a87903406f9c10bf7550c67e98,1bfe5553485e4e558c2ce2ffafac4a00,4,True,False,Vehicle,future_incomplete_or_outside_recording,6,2,,,,,,
01c3f5e39956402da3e37845632fadca,f9f0c4a87903406f9c10bf7550c67e98,38df0682c3a84d1ab204221d6bca1761,5,True,False,Vehicle,future_incomplete_or_outside_recording,7,2,,,,,,
01c3f5e39956402da3e37845632fadca,f9f0c4a87903406f9c10bf7550c67e98,3a50231afeab46a38744aa4435ca9cef,6,True,False,Pedestrian,future_incomplete_or_outside_recording,5,2,,,,,,
01c3f5e39956402da3e37845632fadca,f9f0c4a87903406f9c10bf7550c67e98,4fb54a3924d54adcaeb0247e3743865b,7,True,True,Vehicle,,12,2,17065,e36f50d9854a34b707cfa2dada78aab0849e803ed25603be5f277e3b72f482d2|cde3a7e35d99544adc0b33d2b92395fd181cbf0cbcca2220ab64b44b00f4a194|bba4a7b61ad0ca0cb427206da35078bd3a9bc95d01bed6971ef7a15469657028|05a419c8f57ac26953159de8da5b4edea0a60261592aaa2784a79c7938c384ec|98aabee19b472f0876e852199f1154a9c3e3c88d1a0e8b530c69aba5b43dce19|f553ba5c2e79288777e8b0987924bc424dc30a370c1b1a609fde02d0e6ca72be,0,3.814697265625e-06,5,"t0 ego planar: +x forward, +y left"
01c3f5e39956402da3e37845632fadca,f9f0c4a87903406f9c10bf7550c67e98,534300c9b26b484999f74d8a070e7faa,8,True,True,Vehicle,,12,2,17066,71b0d9924d5db334abe0abe310a817b28425553ce48cdf0d3a04b61ce0e4a2d0|e27ca083c45b083761e02308c3b7064c6a80be6c806b85d69605fd3d71527a58|20796ca8ac747ba774f415037b57d081020d37dae7c77957e78c1392125cee8f|b61e05c835a8c9807f778f0971c638337b74d51ded168abd3470ab689bf53b3f|6e2cdc65b41e54f657b1ce0e001bdaeb735fde8b88d6f1a4e4df217903ab95e6|157ab42c709e9f40c85806b81b4efb741b0bf920484ddf857c497f0461bf0612,0,1.9073486328125e-06,5,"t0 ego planar: +x forward, +y left"
01c3f5e39956402da3e37845632fadca,f9f0c4a87903406f9c10bf7550c67e98,566f9b625cfd45eead17351e2f9773c6,9,True,False,Vehicle,future_incomplete_or_outside_recording,11,2,,,,,,
01c3f5e39956402da3e37845632fadca,f9f0c4a87903406f9c10bf7550c67e98,71c33fb917e846de82b05694bf2e0564,10,True,False,Vehicle,future_incomplete_or_outside_recording,11,2,,,,,,
01c3f5e39956402da3e37845632fadca,f9f0c4a87903406f9c10bf7550c67e98,861490dbd2fa40949675eb82561e6494,11,True,True,Vehicle,,12,2,17067,ef13f13a8504bfefd94050c167b92deaae81c24264f9a0abba8039ee0d793a22|2ae5e789719d90cc16bbd1556aae9638adace3cd1144b3af50a78c0091fc6c62|bebef4666a5c400dd8bd113bfb08a02b97c12a92e977cdb3868518635b04f7a1|e8ae71b48e488527ee0bbed9b737f262f017e2cb210717f9a11391c0a59c54a7|7bc2481f7b14153fdc2ecd8f080dd14aab26b67accc75b1b23a2903eed281ff8|5e522bd2a25fa522f450e3c3ab7dcc2a649f19b69321c7c2faf4fc37f67ebf2a,0,1.9073486328125e-06,1,"t0 ego planar: +x forward, +y left"
01c3f5e39956402da3e37845632fadca,f9f0c4a87903406f9c10bf7550c67e98,8642af2ef05443b0a76c771cb8019e7e,12,True,False,Vehicle,future_incomplete_or_outside_recording,8,2,,,,,,
01c3f5e39956402da3e37845632fadca,f9f0c4a87903406f9c10bf7550c67e98,8934b48e039047458aa348fb9b16c9b8,13,True,False,Vehicle,future_incomplete_or_outside_recording,0,2,,,,,,
01c3f5e39956402da3e37845632fadca,f9f0c4a87903406f9c10bf7550c67e98,92d866bae65d491eb0324d34d35cd620,14,True,False,Vehicle,future_incomplete_or_outside_recording,10,2,,,,,,
01c3f5e39956402da3e37845632fadca,f9f0c4a87903406f9c10bf7550c67e98,957bb64aca9d49879d40e5a9121b929d,15,True,False,Vehicle,future_incomplete_or_outside_recording,11,2,,,,,,
01c3f5e39956402da3e37845632fadca,f9f0c4a87903406f9c10bf7550c67e98,9a8ced1673904defb125c48b8816fa08,16,True,False,Pedestrian,future_incomplete_or_outside_recording,2,2,,,,,,
01c3f5e39956402da3e37845632fadca,f9f0c4a87903406f9c10bf7550c67e98,9af6207cdde3490abcf0ec58a665f65f,17,True,False,Vehicle,future_incomplete_or_outside_recording,11,2,,,,,,
01c3f5e39956402da3e37845632fadca,f9f0c4a87903406f9c10bf7550c67e98,a275456741fd4fab9304c475be264102,18,True,True,Vehicle,,12,2,17068,010399f9c27dad96d5ec21ac58df56e6a7284ee9e8c80d3b8cc825fb6e554d9f|50c9fd363eb4cfe37f8599e5e172e7d6c8d6bd63dbe81433fbbbe5fee69d2204|db8482186fe94a404598f4f9f040a65d3c51be7a6e62bca857f4ffb9b88c2804|4359538e3ec56cc98e96edbb6345350bad9272c38f951f48c591dddd1d475627|7446a0998d565e0ea717dd1c7099edbb6748fa4729469807c44e3affe04b27a4|bb1ec80adecee8a303018b4e90fb3a29647fb385f8077e1435793819dcd1ebcc,0,3.814697265625e-06,5,"t0 ego planar: +x forward, +y left"
01c3f5e39956402da3e37845632fadca,f9f0c4a87903406f9c10bf7550c67e98,a7ff60a353c642e59a92539807752932,19,True,False,Vehicle,future_incomplete_or_outside_recording,3,2,,,,,,
01c3f5e39956402da3e37845632fadca,f9f0c4a87903406f9c10bf7550c67e98,b025406942174d3d93e6b7771ae85937,20,False,False,Bicycle,insufficient_history,12,2,,,,,,
01c3f5e39956402da3e37845632fadca,f9f0c4a87903406f9c10bf7550c67e98,b471d1f8e35a4acaab8f84fc3396f89f,21,True,False,Vehicle,future_incomplete_or_outside_recording,7,2,,,,,,
01c3f5e39956402da3e37845632fadca,f9f0c4a87903406f9c10bf7550c67e98,ba8287090ef3471ca943ff2c6fc0edc2,22,True,False,Vehicle,future_incomplete_or_outside_recording,5,2,,,,,,
01c3f5e39956402da3e37845632fadca,f9f0c4a87903406f9c10bf7550c67e98,bd390602c8024f7abfc3973c4e2f2857,23,True,False,Vehicle,future_incomplete_or_outside_recording,10,2,,,,,,
01c3f5e39956402da3e37845632fadca,f9f0c4a87903406f9c10bf7550c67e98,c2134f508017459a8e6d8e88a889a540,24,True,False,Vehicle,future_incomplete_or_outside_recording,9,2,,,,,,
01c3f5e39956402da3e37845632fadca,f9f0c4a87903406f9c10bf7550c67e98,cc126325439546f4bdff1b33ec6b749e,25,True,False,Vehicle,future_incomplete_or_outside_recording,10,2,,,,,,
01c3f5e39956402da3e37845632fadca,f9f0c4a87903406f9c10bf7550c67e98,ce79145557d94a47b26f1a5cb2387bc6,26,True,False,Vehicle,future_incomplete_or_outside_recording,2,2,,,,,,
01c3f5e39956402da3e37845632fadca,f9f0c4a87903406f9c10bf7550c67e98,d27021b3c1424a3b8faffd330d1c26e2,27,True,False,Vehicle,future_incomplete_or_outside_recording,9,2,,,,,,
01c3f5e39956402da3e37845632fadca,f9f0c4a87903406f9c10bf7550c67e98,e09f7edc368e4767907fba7b7f742499,28,True,False,Vehicle,future_incomplete_or_outside_recording,10,2,,,,,,
01c3f5e39956402da3e37845632fadca,f9f0c4a87903406f9c10bf7550c67e98,e3c3f4d3e24f49f0a7663ac7003a28bb,29,True,False,Vehicle,future_incomplete_or_outside_recording,2,2,,,,,,
01c3f5e39956402da3e37845632fadca,f9f0c4a87903406f9c10bf7550c67e98,f830105df7e84296a59ace11ea0cf216,30,True,False,Vehicle,future_incomplete_or_outside_recording,5,2,,,,,,
01c3f5e39956402da3e37845632fadca,e3e8620024894ed6aa6f9a5cc1d8768e,01007e04d9294b5f967ab2d7384f7c25,0,True,False,Vehicle,future_incomplete_or_outside_recording,8,2,,,,,,
01c3f5e39956402da3e37845632fadca,e3e8620024894ed6aa6f9a5cc1d8768e,02c0cf2f168f4febae880810d12385f0,1,True,False,Vehicle,future_incomplete_or_outside_recording,9,2,,,,,,
01c3f5e39956402da3e37845632fadca,e3e8620024894ed6aa6f9a5cc1d8768e,077f02b4d16342e5b8891eb9ad097541,2,True,False,Pedestrian,future_incomplete_or_outside_recording,9,2,,,,,,
01c3f5e39956402da3e37845632fadca,e3e8620024894ed6aa6f9a5cc1d8768e,0caee3ae0b5747508b7c2d3157c17941,3,False,False,Vehicle,insufficient_history,12,2,,,,,,
01c3f5e39956402da3e37845632fadca,e3e8620024894ed6aa6f9a5cc1d8768e,0cd0fb9f0f3040c88f2d9629de34c779,4,True,False,Vehicle,future_incomplete_or_outside_recording,3,2,,,,,,
01c3f5e39956402da3e37845632fadca,e3e8620024894ed6aa6f9a5cc1d8768e,190fc089e8e94d1c9b565ae0c74239b9,5,True,False,Vehicle,future_incomplete_or_outside_recording,8,2,,,,,,
01c3f5e39956402da3e37845632fadca,e3e8620024894ed6aa6f9a5cc1d8768e,1cdfa2080bd74c7bbb7320263704d2cc,6,True,False,Vehicle,future_incomplete_or_outside_recording,9,2,,,,,,
01c3f5e39956402da3e37845632fadca,e3e8620024894ed6aa6f9a5cc1d8768e,1dabaa7ca68749c8a23c4029b7b5510d,7,True,False,Pedestrian,future_incomplete_or_outside_recording,9,2,,,,,,
01c3f5e39956402da3e37845632fadca,e3e8620024894ed6aa6f9a5cc1d8768e,2ae49ca9806745c49577049333af8a9c,8,True,False,Bicycle,future_incomplete_or_outside_recording,9,2,,,,,,
01c3f5e39956402da3e37845632fadca,e3e8620024894ed6aa6f9a5cc1d8768e,2d81b9ae48a94fa588ff558c284cb057,9,True,True,Vehicle,,12,2,17194,58b0f3449678a504070a631cbd57017afac8d0c7c4672758f4503664b979bb0a|bce1a649efde17ce322fd5b9a93a441fc9cccee38fc51343402c575fd3b75122|e159cf73a27d7b8f6721802d75275e2d6066c45af1781926bae0ebab9c576b46|7a1a8b23490c4da7fd715aa9cbf1b29e5cefe190a1632032f049348b208a298c|dd5149820df066b1616a2f028c137d72527940246e7ecdedcda38d96945d7486|9305ca09ba370535335da29a95eb4c7cd556548a4fd6e9188879c3e892e633b4,0,3.814697265625e-06,1,"t0 ego planar: +x forward, +y left"
01c3f5e39956402da3e37845632fadca,e3e8620024894ed6aa6f9a5cc1d8768e,32d96023944247169c684c4e89243cb4,10,True,False,Bicycle,future_incomplete_or_outside_recording,7,2,,,,,,
01c3f5e39956402da3e37845632fadca,e3e8620024894ed6aa6f9a5cc1d8768e,3490eff6135d415bb201b1d4562bcf81,11,True,True,Vehicle,,12,2,17195,d0d8f4624751e4a6d696108fdd6a983b785a011fe13cc527b3f51eec82ea767a|18bf2bef07de71f998a37cb566a5009907c5b9d38c354d6e8fc90b7bb026e1c1|925ed3f7def288b6f3f4ebe8b401c769dad3bbb1a0920725c72d9b7a406c029b|59d68302e67a91ca96c0060a8edc5e498f93ba80746bab9c3beb19b8c9d80ee3|5fdb32494e0c571dd8cc167151497f356975439fe2bbb98e0997fc73b4e38e18|1f2c90204252a23a5495064a620956764ab9e39f1237a2456bf304121203cf2d,0,3.814697265625e-06,1,"t0 ego planar: +x forward, +y left"
01c3f5e39956402da3e37845632fadca,e3e8620024894ed6aa6f9a5cc1d8768e,3a8b36ca813f49b0bc323c621c18fac7,12,True,False,Vehicle,future_incomplete_or_outside_recording,9,2,,,,,,
01c3f5e39956402da3e37845632fadca,e3e8620024894ed6aa6f9a5cc1d8768e,4956701bb0764ab7a6e565ff6314afac,13,True,False,Vehicle,future_incomplete_or_outside_recording,11,2,,,,,,
01c3f5e39956402da3e37845632fadca,e3e8620024894ed6aa6f9a5cc1d8768e,4fb54a3924d54adcaeb0247e3743865b,14,True,False,Vehicle,future_incomplete_or_outside_recording,2,2,,,,,,
01c3f5e39956402da3e37845632fadca,e3e8620024894ed6aa6f9a5cc1d8768e,5327171eea074cf0a2914fba9d6a18ee,15,True,False,Vehicle,future_incomplete_or_outside_recording,9,2,,,,,,
01c3f5e39956402da3e37845632fadca,e3e8620024894ed6aa6f9a5cc1d8768e,534300c9b26b484999f74d8a070e7faa,16,True,False,Vehicle,future_incomplete_or_outside_recording,8,2,,,,,,
01c3f5e39956402da3e37845632fadca,e3e8620024894ed6aa6f9a5cc1d8768e,566f9b625cfd45eead17351e2f9773c6,17,True,False,Vehicle,future_incomplete_or_outside_recording,0,2,,,,,,
01c3f5e39956402da3e37845632fadca,e3e8620024894ed6aa6f9a5cc1d8768e,5bd220bd7bd54f96b99a48ab21307405,18,True,False,Vehicle,future_incomplete_or_outside_recording,4,2,,,,,,
01c3f5e39956402da3e37845632fadca,e3e8620024894ed6aa6f9a5cc1d8768e,6dea75f0c7e6444cb982063c777bdbce,19,True,True,Vehicle,,12,2,17196,885dabb38585cd7fac297a8b3edb2a562e5d7ef59f3aee94bd53219abd3155e0|f59d7d077088b99d9264b765675768c74c45b7a492df4feef6db52dd421c4b4a|34805bca6248c135994f845d77a46070bbe7c1bbb71f3d45b58e24f30c836814|ba5640ff17bf7a97d92eeebeaf3b1209d1320613ee788ef5772c553585506ac0|d269fba47619a90eb665dc6314ed2627e21342a222584cd8e5f1f09abeee755f|10a87e82762607d0ccd03514f3fcc4e8f1ed98008e21b0e3b93dd4df6abd3a33,0,3.814697265625e-06,1,"t0 ego planar: +x forward, +y left"
01c3f5e39956402da3e37845632fadca,e3e8620024894ed6aa6f9a5cc1d8768e,71c33fb917e846de82b05694bf2e0564,20,True,False,Vehicle,future_incomplete_or_outside_recording,0,2,,,,,,
01c3f5e39956402da3e37845632fadca,e3e8620024894ed6aa6f9a5cc1d8768e,7abdbdc60ff14690bc9debc2ba927f1a,21,True,False,Vehicle,future_incomplete_or_outside_recording,7,2,,,,,,
01c3f5e39956402da3e37845632fadca,e3e8620024894ed6aa6f9a5cc1d8768e,806b0b7b8b564a54833b174e6a2f8212,22,True,True,Pedestrian,,12,2,17197,a16bd392832384dfad1bf3a186921e03ae5406fcd6a840873525cf5c64612462|b4292e52835f792c1c3b9de5e12115b2a63857a7111c1455f80438f55c19b3c9|486c6f2b953aa97f427a71e305e9ec2ef5d72405621901a68824966cee1c7031|5b5c8545300c3d8732b0608acf64ebd7305e73be3772da8e6b10f4007ca3431f|f92e380f14baaee9c32629e16bc9af85f1f8937cc70b85680206fbc1e68ea659|e981939c80f7b2a03eb092ec6b7e70f7182bb70d3b1f048d4c78db1400d57d62,0,3.814697265625e-06,1,"t0 ego planar: +x forward, +y left"
01c3f5e39956402da3e37845632fadca,e3e8620024894ed6aa6f9a5cc1d8768e,83d6af26c2d440fa9646fc147556828a,23,True,False,Bicycle,future_incomplete_or_outside_recording,11,2,,,,,,
01c3f5e39956402da3e37845632fadca,e3e8620024894ed6aa6f9a5cc1d8768e,861490dbd2fa40949675eb82561e6494,24,True,False,Vehicle,future_incomplete_or_outside_recording,1,2,,,,,,
01c3f5e39956402da3e37845632fadca,e3e8620024894ed6aa6f9a5cc1d8768e,8648e0c322c345539305032dc913f723,25,True,True,Vehicle,,12,2,17198,e4914afacf74302a3a6645c359fb2f70262fe6ae4126b31e8c9d7102a3797342|7da7e66da12fc25112c9701b1ba1c924862bc71cb497f7eec8669471413b0682|005aa80294980f37848cdd66cd2c10dde72517d71d15ab19bbd6a6a5629083e9|c3d85fc1af955b6cc86b50f4fe8023f2322328c42653e8a647f99870f30d3575|27270f0a3ec53d881a94f9a53021a14c3e06ec25c776e0eeaca129a1bffc60e9|bd48d4827149b9a56aa43282b336e6d369eacf2e0238de76e210cf31c9af8c22,0,3.814697265625e-06,1,"t0 ego planar: +x forward, +y left"
01c3f5e39956402da3e37845632fadca,e3e8620024894ed6aa6f9a5cc1d8768e,957bb64aca9d49879d40e5a9121b929d,26,True,False,Vehicle,future_incomplete_or_outside_recording,0,2,,,,,,
01c3f5e39956402da3e37845632fadca,e3e8620024894ed6aa6f9a5cc1d8768e,967452683d4349daa9cd036b020dff83,27,True,True,Vehicle,,12,2,17199,e63cd67975a6258ab19b1b91215839b8d4c43d260dd5b01cf07187cfb7fc0a22|e0d213aad2d815a6cb58aa219d296c9ecd285901d78e0d362b2b28f8ab6f4d9d|3a6096b3c03f168cf2e0f55615ef0985acbaf6877ad19ca6a0f38b1e037f4d4e|8502fd0762cf3a022cd13dc4967a1fa9263c4aeb6b373980451e177b30a36b20|3b9ee391d2a8fd18944de1fa71a866d987cf1841ce28e416c2274c6d24b6ccb5|ee32c0b68a8776648afe07198380d15db01cd533a38b2ac6936600a6b6ce25a6,0,1.9073486328125e-06,1,"t0 ego planar: +x forward, +y left"
01c3f5e39956402da3e37845632fadca,e3e8620024894ed6aa6f9a5cc1d8768e,9af6207cdde3490abcf0ec58a665f65f,28,True,False,Vehicle,future_incomplete_or_outside_recording,0,2,,,,,,
01c3f5e39956402da3e37845632fadca,e3e8620024894ed6aa6f9a5cc1d8768e,a275456741fd4fab9304c475be264102,29,True,False,Vehicle,future_incomplete_or_outside_recording,8,2,,,,,,
01c3f5e39956402da3e37845632fadca,e3e8620024894ed6aa6f9a5cc1d8768e,a4dbf563b7e5421bb17b325a30dca763,30,True,False,Vehicle,future_incomplete_or_outside_recording,10,2,,,,,,
01c3f5e39956402da3e37845632fadca,e3e8620024894ed6aa6f9a5cc1d8768e,aab4d849665c42c3a41fcbfae397774f,31,True,False,Pedestrian,future_incomplete_or_outside_recording,8,2,,,,,,
01c3f5e39956402da3e37845632fadca,e3e8620024894ed6aa6f9a5cc1d8768e,aab8f17b27dd4023b5588430c2eaf97f,32,True,False,Pedestrian,future_incomplete_or_outside_recording,7,2,,,,,,
01c3f5e39956402da3e37845632fadca,e3e8620024894ed6aa6f9a5cc1d8768e,b025406942174d3d93e6b7771ae85937,33,True,False,Bicycle,future_incomplete_or_outside_recording,2,2,,,,,,
01c3f5e39956402da3e37845632fadca,e3e8620024894ed6aa6f9a5cc1d8768e,b65c8c26a0e949f1a1ab6fffb8805ca7,34,True,True,Vehicle,,12,2,17200,ee4bb7dd37766754d743383733c6cd2bc246c6b6d251ddada2eace3fea016942|4b7689e14ac33ef903624860bdd77c2850321a0056bb7530a1188ffa2d860349|bb45aaa0e4f5d27919bb94934b6d9a305cb75c01e610aaea8d9230030e37960b|91d93e920cbf2d3aa709d24b5cc1f11c02a7a4650da98b24732a720a4e5874dc|83718755f089c83906c6c1c26f27256749c65643f0ee8a40783c56d2bbdfd018|6e87bbb069509a918f8f88b5ee7b2815ed823940ab30cb2fe49c2ff357689d9d,0,3.814697265625e-06,1,"t0 ego planar: +x forward, +y left"
01c3f5e39956402da3e37845632fadca,e3e8620024894ed6aa6f9a5cc1d8768e,cb68b6c0f655400cbb3b88131a37a0e2,35,True,False,Vehicle,future_incomplete_or_outside_recording,8,2,,,,,,
01c3f5e39956402da3e37845632fadca,e3e8620024894ed6aa6f9a5cc1d8768e,cc96f6065e4c4a468c7bf454fd40ce6a,36,True,False,Vehicle,future_incomplete_or_outside_recording,11,2,,,,,,
01c3f5e39956402da3e37845632fadca,e3e8620024894ed6aa6f9a5cc1d8768e,d78f7a62519740d893ccd672d2ee55d8,37,True,False,Vehicle,future_incomplete_or_outside_recording,9,2,,,,,,
01c3f5e39956402da3e37845632fadca,e3e8620024894ed6aa6f9a5cc1d8768e,d9f4c84cc64243508b3bfd8fee48b103,38,True,False,Vehicle,future_incomplete_or_outside_recording,7,2,,,,,,
01c3f5e39956402da3e37845632fadca,e3e8620024894ed6aa6f9a5cc1d8768e,de3411c3307448c78ba91d70f5f49702,39,True,False,Vehicle,future_incomplete_or_outside_recording,8,2,,,,,,
01c3f5e39956402da3e37845632fadca,e3e8620024894ed6aa6f9a5cc1d8768e,f40dd116289c477f87916fb65cf733e4,40,True,False,Vehicle,future_incomplete_or_outside_recording,9,2,,,,,,
01c3f5e39956402da3e37845632fadca,e3e8620024894ed6aa6f9a5cc1d8768e,f690d9aa794e4084a775af344ad96042,41,False,False,Vehicle,insufficient_history,12,2,,,,,,
01c3f5e39956402da3e37845632fadca,e3e8620024894ed6aa6f9a5cc1d8768e,f75c87eb54014f938d2e92cbecd37203,42,True,True,Vehicle,,12,2,17201,6c7edb3868de01ea080add72b5a14714305df92647d369087511967abfee0547|6fde83460d86ef5f48e836202894ab6070eeb57ae5fbe477b133060945eafbd5|2cfd9794969a78316936bcc9aab767a5ed07fa70792a26968f9e3db07162d4da|07957c218d094cb6bade443c7b492997a6da2ad7ccab932c695e41f3538103a6|32694d5420dba129c28bffbba44c83eb18cfa7f369c56a3d1a1c8b98ef4c63df|fb384993329ae54a4cdb6c966ded92d131095dfb8c449aca973f153074808222,0,1.9073486328125e-06,1,"t0 ego planar: +x forward, +y left"
01c3f5e39956402da3e37845632fadca,e3e8620024894ed6aa6f9a5cc1d8768e,fa6ae22f980943b280f83b2454742316,43,True,False,Vehicle,future_incomplete_or_outside_recording,9,2,,,,,,
01c3f5e39956402da3e37845632fadca,e3e8620024894ed6aa6f9a5cc1d8768e,faa1889cc1884747ac95118a34ae1663,44,True,False,Pedestrian,future_incomplete_or_outside_recording,10,2,,,,,,
01c3f5e39956402da3e37845632fadca,e3e8620024894ed6aa6f9a5cc1d8768e,fb1c2ebd455e42919640376fe25d48de,45,True,False,Vehicle,future_incomplete_or_outside_recording,9,2,,,,,,
01c3f5e39956402da3e37845632fadca,5a1c98e09a394ea39475d9fbd1d2d145,0caee3ae0b5747508b7c2d3157c17941,0,True,True,Vehicle,,12,2,17282,590058981188ff640ad7e300440c3308c3c4963f3908eb1760bf8bfa80a920f8|f231bf13d5c86ba04a86f0d96803abb8556d3167d17461f2fadf351b962e1ca4|e4bd13778513fd904b584c7b67792abd878dd05018d5d7fcc41761bb0d0b1b4d|d8a86fa7e4cb16cedb82c0001ec1d2383b1dd0f304086ebb67c476b3d65baddd|0da27cbfa7dfc55ddb5c94e5ea43927984ef97b0bd0a85a10f71bd9e9380da49|90cb1fecd702f20b69b1b74fb6397694cda2984e65bf26a37127aea937857f26,0,1.9073486328125e-06,1,"t0 ego planar: +x forward, +y left"
01c3f5e39956402da3e37845632fadca,5a1c98e09a394ea39475d9fbd1d2d145,1892adac6be94302950b760e98e680b2,1,True,False,Pedestrian,future_incomplete_or_outside_recording,9,2,,,,,,
01c3f5e39956402da3e37845632fadca,5a1c98e09a394ea39475d9fbd1d2d145,2bbcea9e3a124efca46677f7bd1452a2,2,True,False,Vehicle,future_incomplete_or_outside_recording,7,2,,,,,,
01c3f5e39956402da3e37845632fadca,5a1c98e09a394ea39475d9fbd1d2d145,2d81b9ae48a94fa588ff558c284cb057,3,True,False,Vehicle,future_incomplete_or_outside_recording,5,2,,,,,,
01c3f5e39956402da3e37845632fadca,5a1c98e09a394ea39475d9fbd1d2d145,2feb7f200da544f0a9e90053eb42c488,4,True,False,Vehicle,future_incomplete_or_outside_recording,4,2,,,,,,
01c3f5e39956402da3e37845632fadca,5a1c98e09a394ea39475d9fbd1d2d145,3490eff6135d415bb201b1d4562bcf81,5,True,False,Vehicle,future_incomplete_or_outside_recording,6,2,,,,,,
01c3f5e39956402da3e37845632fadca,5a1c98e09a394ea39475d9fbd1d2d145,4956701bb0764ab7a6e565ff6314afac,6,True,False,Vehicle,future_incomplete_or_outside_recording,0,2,,,,,,
01c3f5e39956402da3e37845632fadca,5a1c98e09a394ea39475d9fbd1d2d145,4f2fec5e2e95430aa9bb135a315ecc87,7,True,True,Vehicle,,12,2,17283,7d25bf5f93861c26670b5eee230ca88816db9521f5f973f1a3d75639ffebe0e5|12f481f507ffee328cdab49cf27de511a3eaa66a29081e0b18768f9afcfeb317|12f5eb4c4826ca4604a2cb4f30e588ab2aa9df16703805cdec4b19e7c1a96c66|fbeba2b80137da049db175bb34887a2636a7eee8b57aa816e936bd62d66b9d07|cdad415ad58981e584c7c97fd864cdd5a9c30fc563a78f1a8359d3b6f9c0f945|4350636cb35932f215b70d4b74c70165e8853baee2780793b085b135c90912fd,0,2.86102294921875e-06,5,"t0 ego planar: +x forward, +y left"
01c3f5e39956402da3e37845632fadca,5a1c98e09a394ea39475d9fbd1d2d145,6dea75f0c7e6444cb982063c777bdbce,8,True,False,Vehicle,future_incomplete_or_outside_recording,4,2,,,,,,
01c3f5e39956402da3e37845632fadca,5a1c98e09a394ea39475d9fbd1d2d145,6dfdb3fca13244b4a57fe12c2e22ce02,9,True,False,Vehicle,future_incomplete_or_outside_recording,11,2,,,,,,
01c3f5e39956402da3e37845632fadca,5a1c98e09a394ea39475d9fbd1d2d145,806b0b7b8b564a54833b174e6a2f8212,10,True,False,Pedestrian,future_incomplete_or_outside_recording,2,2,,,,,,
01c3f5e39956402da3e37845632fadca,5a1c98e09a394ea39475d9fbd1d2d145,83d6af26c2d440fa9646fc147556828a,11,True,False,Bicycle,future_incomplete_or_outside_recording,0,2,,,,,,
01c3f5e39956402da3e37845632fadca,5a1c98e09a394ea39475d9fbd1d2d145,8648e0c322c345539305032dc913f723,12,True,False,Vehicle,future_incomplete_or_outside_recording,6,2,,,,,,
01c3f5e39956402da3e37845632fadca,5a1c98e09a394ea39475d9fbd1d2d145,89e0033051084ffb8201681028d6d66b,13,True,True,Vehicle,,12,2,17284,9bef2b6298656268da70667810e1a4b55ddda18f12773a718f0fcb42d80ff576|b4d2c31e279bc6c752086e9f72bb210f832433ac39514b6778c72cb0289b9f45|8415da6977a8283a1a22e00298cdf4ac2091b0ebfb42351482cfd7e1296b936f|20a92dfc053db3a1e7711cc3a695b769bc94f325bbae7f0554320c6baf38cdce|bcd2e9adc1aeb22afe0c789eedebed2cdce21505e232f3a03bfc9ef940d6fc70|faf48f5e4d0611cab9680731604be9f9fe707853a662af9655664e555ea2cc01,0,7.62939453125e-06,1,"t0 ego planar: +x forward, +y left"
01c3f5e39956402da3e37845632fadca,5a1c98e09a394ea39475d9fbd1d2d145,89f6b14bcf224b6c88fb321c2642bec7,14,True,False,Vehicle,future_incomplete_or_outside_recording,7,2,,,,,,
01c3f5e39956402da3e37845632fadca,5a1c98e09a394ea39475d9fbd1d2d145,967452683d4349daa9cd036b020dff83,15,True,False,Vehicle,future_incomplete_or_outside_recording,6,2,,,,,,
01c3f5e39956402da3e37845632fadca,5a1c98e09a394ea39475d9fbd1d2d145,b65c8c26a0e949f1a1ab6fffb8805ca7,16,True,False,Vehicle,future_incomplete_or_outside_recording,6,2,,,,,,
01c3f5e39956402da3e37845632fadca,5a1c98e09a394ea39475d9fbd1d2d145,c1ace2a2177e4bb4b98bef7b3dc9803e,17,False,False,Vehicle,insufficient_history,11,2,,,,,,
01c3f5e39956402da3e37845632fadca,5a1c98e09a394ea39475d9fbd1d2d145,cc96f6065e4c4a468c7bf454fd40ce6a,18,True,False,Vehicle,future_incomplete_or_outside_recording,0,2,,,,,,
01c3f5e39956402da3e37845632fadca,5a1c98e09a394ea39475d9fbd1d2d145,dce92de385ac4424bb819046135c2c78,19,True,True,Vehicle,,12,2,17285,72aa82631e7dd44dcbae5023687013f9b131e585a6820fbe3d79bd0c3eec2e93|7bfc0543eeba069ee1b07779e476ef126c5bc2bede6e9154ea6503c9f694a7f7|b5d6fd2c7f99bc8c379e74c29f83ac78c560ca86593c139634f88b3694ed2f32|5f975dea54a85e71dae9f15f3b5f06c2590f58b79bb67caed149507316d53084|05173097cbe3f733b402c0806a240fcdb7cf0f777f58a50ab7b9976b0560fcb0|16baa891e4b625d5464aabe327cadd44e7c89b0f2ee391028b96446c85a581b4,0,3.814697265625e-06,1,"t0 ego planar: +x forward, +y left"
01c3f5e39956402da3e37845632fadca,5a1c98e09a394ea39475d9fbd1d2d145,dd1f926a07c1493fa12a6d08ec68fc14,20,True,False,Pedestrian,future_incomplete_or_outside_recording,10,2,,,,,,
01c3f5e39956402da3e37845632fadca,5a1c98e09a394ea39475d9fbd1d2d145,f690d9aa794e4084a775af344ad96042,21,True,False,Vehicle,future_incomplete_or_outside_recording,7,2,,,,,,
01c3f5e39956402da3e37845632fadca,5a1c98e09a394ea39475d9fbd1d2d145,f75c87eb54014f938d2e92cbecd37203,22,True,False,Vehicle,future_incomplete_or_outside_recording,2,2,,,,,,
01c3f5e39956402da3e37845632fadca,5a1c98e09a394ea39475d9fbd1d2d145,fa57af701e5a4cd29b4f5432d298d4aa,23,True,False,Vehicle,future_incomplete_or_outside_recording,0,2,,,,,,
01c3f5e39956402da3e37845632fadca,ab4fd22d24274174841183521d7a1a35,0caee3ae0b5747508b7c2d3157c17941,0,True,False,Vehicle,future_incomplete_or_outside_recording,0,2,,,,,,
01c3f5e39956402da3e37845632fadca,ab4fd22d24274174841183521d7a1a35,137358a9dab54770bcf36e3b9b3de678,1,True,False,Vehicle,future_incomplete_or_outside_recording,0,2,,,,,,
01c3f5e39956402da3e37845632fadca,ab4fd22d24274174841183521d7a1a35,15cb3e38e0c04b6aa9e2d8fa69165832,2,True,False,Vehicle,future_incomplete_or_outside_recording,0,2,,,,,,
01c3f5e39956402da3e37845632fadca,ab4fd22d24274174841183521d7a1a35,4f2fec5e2e95430aa9bb135a315ecc87,3,True,False,Vehicle,future_incomplete_or_outside_recording,0,2,,,,,,
01c3f5e39956402da3e37845632fadca,ab4fd22d24274174841183521d7a1a35,5e5f34282ec84831a75ff42130d4ab55,4,True,False,Vehicle,future_incomplete_or_outside_recording,0,2,,,,,,
01c3f5e39956402da3e37845632fadca,ab4fd22d24274174841183521d7a1a35,6034e80d2ff44f5c9e7e071aa00951dd,5,True,False,Vehicle,future_incomplete_or_outside_recording,0,2,,,,,,
01c3f5e39956402da3e37845632fadca,ab4fd22d24274174841183521d7a1a35,87bef0e7bbda44198c7c44b54f61f337,6,True,False,Vehicle,future_incomplete_or_outside_recording,0,2,,,,,,
01c3f5e39956402da3e37845632fadca,ab4fd22d24274174841183521d7a1a35,89e0033051084ffb8201681028d6d66b,7,True,False,Vehicle,future_incomplete_or_outside_recording,0,2,,,,,,
01c3f5e39956402da3e37845632fadca,ab4fd22d24274174841183521d7a1a35,9718dc627b5349c9a555f02486103e24,8,True,False,Pedestrian,future_incomplete_or_outside_recording,0,2,,,,,,
01c3f5e39956402da3e37845632fadca,ab4fd22d24274174841183521d7a1a35,a56a19d658bd4048841231c59f36647e,9,True,False,Vehicle,future_incomplete_or_outside_recording,0,2,,,,,,
01c3f5e39956402da3e37845632fadca,ab4fd22d24274174841183521d7a1a35,b4a2a7200cd64f53abf9549d5a4aa599,10,True,False,Vehicle,future_incomplete_or_outside_recording,0,2,,,,,,
01c3f5e39956402da3e37845632fadca,ab4fd22d24274174841183521d7a1a35,d98b4d32c27647d1b07f373525e7bd13,11,True,False,Vehicle,future_incomplete_or_outside_recording,0,2,,,,,,
01c3f5e39956402da3e37845632fadca,ab4fd22d24274174841183521d7a1a35,dce92de385ac4424bb819046135c2c78,12,True,False,Vehicle,future_incomplete_or_outside_recording,0,2,,,,,,
36349e9caeff483e9d8d25e9743b9f5b,02caee068f7f469c81b4a8dcf8313439,05f83d1a4af2411f97157b4fa0c8563c,0,True,True,Vehicle,,12,3,96446,e9d03fa2967184ddf8123b2e5eef11c0d5c790fe219ccef8a98f1bef05340599|21804858b3c637911c34e3e95b7b6b313f109cc859426bc897b0fd581fd0e578|f26e7b620a78fa7e48445760d76a6bb7833f6f4889c6bda518438f06b3d254bd|e31c28bc09694adce1a007059e02d4bde14fc1231cc522df043ad93d1cf530c1|b144bc48fe1b87cedad8007c6e8548b6482eb3f6a6a1c470b26cb31366b0533e|12d11b109294826c585ec05da1905d3995c239b7f2814fea349f35dd07c37555,0,3.814697265625e-06,5,"t0 ego planar: +x forward, +y left"
36349e9caeff483e9d8d25e9743b9f5b,02caee068f7f469c81b4a8dcf8313439,157d1a0899fb49068ae02f34312e9f63,1,True,True,Vehicle,,12,3,96447,4094a1a669923da11a20c4e82e4439a672e011aed01ea2afb15e65e9ce4225c1|90f6b31b80b14d57fab08249eb8e0402d318fd14d350372cf981d24b866315f3|eea91b6e8b5e0693b9f9f2b31da9b7f57a46a46535bb3d0e8309a83da966a86a|4b09cbe7b3a8123fb089f3907ca94ebe0ee59b1759e6fdebf8f2a70bbc45d67e|bc291a05676a9928a40845787ff069d5378d10257df959aa05f79e6e832ba55f|af28ee17fc70795ef9004136ed7ae8210e23439ce9a245793dddb54345ad80c4,0,5.7220458984375e-06,0,"t0 ego planar: +x forward, +y left"
36349e9caeff483e9d8d25e9743b9f5b,02caee068f7f469c81b4a8dcf8313439,1bc5875a80ec44c68082ab4894f8e55d,2,True,True,Vehicle,,12,3,96448,ddb4ec89c3dcafde687a8c962cdcdf20ec4a729a7ebe8dd95704315f6810d05b|ca9aaf0bd7dbe304c95529a9432d9560f393f33086cbbf60163d0ca7a328ce06|549483b2e2c9bd5e909cfe594b7d4e90667dd9646c9a02ebf53cb639ef640ee5|a527c37b176bd4cbcd92a3781cefae224eb385415fe691f4624951b05da4f7b3|f458e217f25c13c87dbac098ffaec9d640b4523780c59df29114e655317b042e|b01642778279fedbaed1817e23441a1a1864a52f50fe59f69ec035bfe01153ec,0,1.9073486328125e-06,1,"t0 ego planar: +x forward, +y left"
36349e9caeff483e9d8d25e9743b9f5b,02caee068f7f469c81b4a8dcf8313439,3b3211ea297745b3b5cf52caf5c82036,3,True,True,Vehicle,,12,3,96449,d076c1bfa58ecc995bbc25bc90bc5976635ed66c2a9d1ef010b37fad28041c26|2cb1e16b79d0918ca9a7e96b04881158af20270cf828e1838ac26b33dbbc208a|7cc429384152b5fddff107be68469f23ff587e273281e61bdcaf240837d7c3a0|516add2ce275400b3c967b7eafa530a1dfb6b048eda99018f25d615360eecd4c|ae624b6ddac83cd740cfdbba0c3d872948bbbfb773d656a2ae9be73034ce07fc|feeed1702805687c34679d43e3fc24df87cd17caa643bf82f6aaeb44ad95ae95,0,1.9073486328125e-06,5,"t0 ego planar: +x forward, +y left"
36349e9caeff483e9d8d25e9743b9f5b,02caee068f7f469c81b4a8dcf8313439,3b933035eae84824942cd165d37b3ac8,4,True,True,Vehicle,,12,3,96450,6577669123a061e4db0ff0e175a858b2e575d60b76ea93610bdf36ee55ca0e87|06795cc5e7c22a224bc28779759f5fad64a4494958dcd18cb4bab13588f16220|60957e1e2f9c5bcc1a183e0601309e21fcc44bac45087ad853cc88fcdf53fea6|bcbc274677bfe885a1c3fef277ce7b7271966188c2913ab4b3ba91fe8728a8d2|adb39c2764bf68e0c169c2090a5e83193dda69c3c9b312188a42694a8bb8bc17|00fc5760f606e3632405098fc6ad403be4b0c260f9ca17f46140341bb7fe2162,0,5.7220458984375e-06,0,"t0 ego planar: +x forward, +y left"
36349e9caeff483e9d8d25e9743b9f5b,02caee068f7f469c81b4a8dcf8313439,3cfe0a6269954d30b9256ab02715136e,5,True,True,Vehicle,,12,3,96451,64980488069f92e4520950375b8d9955447aa0b84014d66ef0061b599d1d7ec9|2fe8df0a262aeeb0d434634bb8509df3ac6b27bc2ec74c93b0e36ed92d4dc81f|d70234877371f94226dbf5e1d32980d0486d9da1c68ceb1317364c191cb48ab4|6c2acdc880779ab9f2862129b1396385631954d0d8b47c62e9584e4979dd65d5|031702555bb842858ac6fdbcc6ffcb4109a28fdb37e9dbd2746b6d3983a3f07a|1081afd8827f5a657232289d60f36f566c7eb78519f35e36e5e8426abfaba0e4,0,7.62939453125e-06,0,"t0 ego planar: +x forward, +y left"
36349e9caeff483e9d8d25e9743b9f5b,02caee068f7f469c81b4a8dcf8313439,432a236e2e114b0883d551ade1422983,6,True,False,Vehicle,future_incomplete_or_outside_recording,9,3,,,,,,
36349e9caeff483e9d8d25e9743b9f5b,02caee068f7f469c81b4a8dcf8313439,495f9b36172444e4908c0faf6bdfd42f,7,True,True,Vehicle,,12,3,96452,97c5d09142f038dda0d5ef774413e0e84d3887e6cc9726c625fc289aed568393|e586074a82b6417e2e4a819ebd42a4db350364ef0b5f7989344a32bb7fffd91b|8befcfc05c757b03c23e07f75fd09ab31d28e60d04a7d1bb9eb4e16f3abc0fe7|d58478bfb2615efaa0eb4080cd198ef9672942b4f011c44aa260cf0c256bbf21|20fb289824851fb2eaae253efa3ad06f1529f48b3cb445097e03e557fd0f5ab3|82108e92d78ff447c74caa00dd802d59fd104f132819437dfabba5c811bfee85,0,7.62939453125e-06,0,"t0 ego planar: +x forward, +y left"
36349e9caeff483e9d8d25e9743b9f5b,02caee068f7f469c81b4a8dcf8313439,53f11aa8757c41eeb731a4ea6cd6b18d,8,True,False,Vehicle,future_incomplete_or_outside_recording,8,3,,,,,,
36349e9caeff483e9d8d25e9743b9f5b,02caee068f7f469c81b4a8dcf8313439,55b9c031deaa4f648af46c4f15a684ab,9,True,True,Vehicle,,12,3,96453,0c44b98415449a04c7b452f8627e666c80b6fc2e5f7bb929abdf506f1a885bc6|fb511f8f6c0e65f138dcd4453221c200e563395c1eed0ada0d65be122c83bec2|7d96cc50d0b79e9c9e1e1c8a9d26fe1cde1969dd3809edb06f9630563077c27a|b8091d80683b8d66f8596741679c48f6fb0ef4e0532ef9101386142e7ef6a139|87e90124d09ba430861d23632d6da128e8a11484ef4fd0f05dd5c89d801fa6be|5b92f12d0579fffae95955c9c4245968067d92f4d02472ad5a598eb212b63212,0,7.62939453125e-06,4,"t0 ego planar: +x forward, +y left"
36349e9caeff483e9d8d25e9743b9f5b,02caee068f7f469c81b4a8dcf8313439,65266405980a4e7a876ac98592756396,10,True,True,Vehicle,,12,3,96454,3e8f5064e2ccc7a3c4907d63af429871525c375882a07035e0583b0130a6a4ec|cfec71114d15d65016e8d363a0a83663d399d5df364c429ef15cb2d678686294|6a808635ff2ecfef3efb846f4c3a417b37746bf498ef28cc782fdfa53e3fc7ce|892b18c9e2e82a0613b34bf293ac52334c450a589c952b9ff867b070c5cb6374|0e75348fdf16f37ca7a37f1dd8674d560d02b5928b8305dd3e576947a034b2e0|0d64a6545d826cbeb5dc2dd059eca4d7fa84ac83c333bd7e9263199e774fba94,0,1.9073486328125e-06,5,"t0 ego planar: +x forward, +y left"
36349e9caeff483e9d8d25e9743b9f5b,02caee068f7f469c81b4a8dcf8313439,68e90e7f10f54c7da6afc82a08b3af8d,11,True,True,Vehicle,,12,3,96455,c2d6c13ae2e6060db2d6e071d20f193667c1e2bac649818044b8c85de0836840|2b04ed4b27faf4b602dfa16d22abaeeaceb94c9a72c53d99ee5b50ca859f21d7|21f2f4efff9bcf4d88d3c59694fd918a76ee94c0f011f9797fb302b317640828|70f04cbd38269d0d382f37091282e61920ca31c8d6b92c4735c2605e321b733b|5bbca5ea8a420eb7c6cad1230d31cc1532fe105c5df1bb533416714fe02f3125|fd1389eb58a6e11cf16f681b956972add60578af666769b2ff94a6d088d2cab4,0,7.62939453125e-06,4,"t0 ego planar: +x forward, +y left"
36349e9caeff483e9d8d25e9743b9f5b,02caee068f7f469c81b4a8dcf8313439,6e06800018754194a81b18acbec4872e,12,True,True,Vehicle,,12,3,96456,6af168000616ff75b4a5542946f86556d33b9a94fbcc6c886ee8f463c6e4793d|37af428cbabe10de88e90bf5b5bd3a656d7f93e6839783752d30c2f3c70d5d5f|db3efaf0b7c2e78056eadf5f8e7c2e3254cc7b245d881cdfedc252bc0614255c|35197420c3944f5acda35c6fe4c0db2fd06eb0c022ba5376156337dd4005811f|185e22cd4dc6f8d320e737f7258a686ae18eb02cf9e07cc889aaa9ffec25bfa0|6ce11158dc7ded92ba57a010535285dfff7a4d2b0cb56c627bf54cb3584b1161,0,7.62939453125e-06,0,"t0 ego planar: +x forward, +y left"
36349e9caeff483e9d8d25e9743b9f5b,02caee068f7f469c81b4a8dcf8313439,7d36688d3c624a008aa5f008612e1802,13,True,True,Vehicle,,12,3,96457,65195c37882ad512739c1ef290c910fc5207dcf3c2e7319536209ef682d991da|0bdceeaf6b47bb38518037a247cc19b489af3775c6380ba3e763fedde8d940d5|810c3b72c790040deaaa4c2edfe79b22547bde4ec9ae782ff75cf5496c80142a|4c64c4175d2f1b52baaed2a29153c0a72aba7b430c86c9ebfecde7370749d296|cde93307db9f06db36eb5e3151a796aca26dd48e0776a5a54cde7511a0dc9d5b|b7b40f11b909ba30060016a039c3863762eb56689ef4f2491037e0a8b411d04d,0,3.814697265625e-06,5,"t0 ego planar: +x forward, +y left"
36349e9caeff483e9d8d25e9743b9f5b,02caee068f7f469c81b4a8dcf8313439,82f9ac19ecdd405e9492bfd62f3eeefe,14,True,False,Vehicle,future_incomplete_or_outside_recording,11,3,,,,,,
36349e9caeff483e9d8d25e9743b9f5b,02caee068f7f469c81b4a8dcf8313439,8e69695912384f64919959116503dacb,15,True,True,Vehicle,,12,3,96458,6038987b2d2fd3d89ceab9e37fc673969b499bed3ff21a5f95d257f215b9647f|43889991208547b643da68419dfe8675f7785abd1bcc9ba114528a7211003d78|84d23b99f510149fb5a2bf83a3ced65d4be2e56e4fc8fd04ec32284a93651638|763357673a83f727d66d6f12b09e3a8f6f5ef3f84b26642ef70de78d5ce3123b|72fbec710588ad434c57875c18916dad3e4e63b278b80e6337a7dcab931cf72f|9b6bcb85813ae3d0e409a18316fdaf0a105cdba6d14f5f195f1fea42a496127d,0,1.9073486328125e-06,1,"t0 ego planar: +x forward, +y left"
36349e9caeff483e9d8d25e9743b9f5b,02caee068f7f469c81b4a8dcf8313439,8fe9049f770f469da6a916b8a97403f1,16,True,True,Vehicle,,12,3,96459,5f48a8fc73d6fcefc66aaeab5f8c0141689be180b1a7b1704baa59a76a2f1a32|2fc71128205fbe238ab88ad11a241b8c0aeb38718dd5ba66ea451344705fef01|11fc13eee4f8ce2275593483010340f5b5c796e57ed45817f01c0f3d19af771e|a52f453a4b285bb912bb3ea22ee5fd04ff1f026f428d78792c03a4a0104667f3|6accbf384ebd214ad2498704bdf6aa27cd5fcffde9b8de788968a27af8d688fa|18a59b0401ab4b982cd88cbd606190b69d6ed1265513d10f11bbc2b5672e41fc,0,7.62939453125e-06,0,"t0 ego planar: +x forward, +y left"
36349e9caeff483e9d8d25e9743b9f5b,02caee068f7f469c81b4a8dcf8313439,903aa1b2bc9e4cc3b0cce039f1508387,17,True,True,Vehicle,,12,3,96460,7283f3365d5ab3d35e6e015575d1bc2bfba9d19bb91ac54a180a9f61df2865e8|cd1f6410397945c4c6d4d5662b09d0f1c5ad7cb0229591557c494d837cb6da80|4f5faf46e1d22b230900291a9fd7ae0ab409d13fe102224e54ed1f8922d984f7|26689a6659e82ee1c1cbe93843937e3ae3f25791bcab5c7ecfcb0f7fb454fe39|98a5b4c236fc1761b85dae4d90db9594ea72e18355b1d327a327cae707cd47a7|e0ac523b964515da084277ae67f8d804bb451dea733b67739346d85c0fb40b94,0,7.62939453125e-06,5,"t0 ego planar: +x forward, +y left"
36349e9caeff483e9d8d25e9743b9f5b,02caee068f7f469c81b4a8dcf8313439,a04ad39709c24fe2af605f8b64366a72,18,True,False,Vehicle,future_incomplete_or_outside_recording,4,3,,,,,,
36349e9caeff483e9d8d25e9743b9f5b,02caee068f7f469c81b4a8dcf8313439,bb58c3003eda400ab05dd9d57f87d4c8,19,True,True,Vehicle,,12,3,96461,dcc59256ab0cd6270f4c5abf2670de58d80a664dc36f3cee94494bbd10d42864|ae0240116b940848804e15d6c4f656aa9765caa0dd6fe213f6d266217543fc48|e74752110921f7a6921bbf1f9dd10c06fa21caeb6433c1e62c0b0ab2c8107bcf|17006c413b993612d10ef16f4f496c34d14f63675edf1bafdedac0efc45ca60d|7d8659e177076b2912097ceaf656f5cc5fb5972f892f70e7f8c3b92410167457|b6d1ca87b340a24855fab07cfac7394d2d85a80dcc67fcba6343e931105d0acc,0,3.814697265625e-06,0,"t0 ego planar: +x forward, +y left"
36349e9caeff483e9d8d25e9743b9f5b,02caee068f7f469c81b4a8dcf8313439,c33f568d15b04d34b7b3089467965126,20,True,True,Vehicle,,12,3,96462,ad69e03fc620bbbb81d414272c2f4a81de6602725cd132634cf67d93b35fe23f|c212af4c8a92087076a138b2f07d97659fb6b42bbe6f4b532848a9725110e998|33cc841500966a1bbe00c309672891c9eb3da37257718a98fcaaf211770f9681|700531aaf810f16f36c431e34856c020536ab13573ef70aded2ab38b1e872c88|a4e1db63055889ca8c5854e2174b513cb70f93237213cca9a039fd0af451cc85|0f40d963346b1f7305a854caab2fec6e433ea03478e36e9108065d4f94a0000d,0,5.7220458984375e-06,4,"t0 ego planar: +x forward, +y left"
36349e9caeff483e9d8d25e9743b9f5b,02caee068f7f469c81b4a8dcf8313439,c8efb99243bf4dc6a28307dc2f47d48c,21,True,True,Vehicle,,12,3,96463,f03f5d8f7fa6bc2c2f97dd2da020d87ae867ce1ce60b07ef0eb56132c7946608|afff754c26124a96bb7e7fa62147dabdb50c9ce26bb4c533c4623f452a962271|9bad44a7ba6f9bf89a269373d85147af420cdcc956a38e0e4106a551e941e498|2032f79f102c506ad9c9c94addc6e4451f24981bbd780dd49cd02105bf9bb038|4c747320260e67e322aa40bad3cc8154669c92d282f3fe350c594969a392b469|dc3fcf4b6cfca1a25c3d187efa583f4f9c4ebff9d3c596c9b700f5300cfb2495,0,7.62939453125e-06,0,"t0 ego planar: +x forward, +y left"
36349e9caeff483e9d8d25e9743b9f5b,02caee068f7f469c81b4a8dcf8313439,cf0e3a5b9c714a81a510cd5c1e3fdb2d,22,True,False,Vehicle,future_incomplete_or_outside_recording,5,3,,,,,,
36349e9caeff483e9d8d25e9743b9f5b,02caee068f7f469c81b4a8dcf8313439,dd2f6543a93b4d04a65422e2c7519b72,23,True,True,Vehicle,,12,3,96464,30732a0a95b06b6a39143df9bf4d2ec750839d5e1406f221bbceb85540321cb7|b5d96778e4a2b68ad96e2a3ca20b38f7cffdbeb62396e9f626f33be2f92ecaf2|f01e5e4bad4f652eb8ccd82e3978e89d72ec86d6636e3cc3d2c540836028018f|f81095f20b1c1f52737f2df96e8b3f965dae246496e153fa59b75b03346ffbd7|26cf1b50c9ef0b4c4b88733381da2380bd253be5786c583a4d7366eb8ce0bf0b|71f053c4af252d1f679c46e9577f2202cf75630b38abb3c2e034573d02f42c52,0,3.814697265625e-06,5,"t0 ego planar: +x forward, +y left"
36349e9caeff483e9d8d25e9743b9f5b,02caee068f7f469c81b4a8dcf8313439,dfd8212eb8e342c3b6668852ab066151,24,True,True,Vehicle,,12,3,96465,c5f4beb85c70a03c07a0b0c7fce9b3c8bbeb8126ff1739b3939a2df509072e08|e9078afbbdecb2a566d67d27d27c13b612cce549d39c0b6123b094e38b2179f2|5edea54112092b88df0e83ca53b3c27e44a8a743cbeb0ff113348ef896cb38cc|033914efccd8848aa18d71e3a90c8e1ac7e4dc83c16e1e8a64b839e6652ae8b5|4645eacb2643c707e424a123d15e206b169baba442a94e5bb7337c81aade7169|153c35a784e14c35343919c10aa2f5930489f012cb59758538522aadfcac3328,0,7.62939453125e-06,4,"t0 ego planar: +x forward, +y left"
36349e9caeff483e9d8d25e9743b9f5b,02caee068f7f469c81b4a8dcf8313439,ecf723b81b0a48939ffdf4392b58e8ee,25,True,True,Vehicle,,12,3,96466,e89a14f5b78fa27f8815fd4c06fcc3e4f90f83f3c6d9a166b4374d45a1ead9d2|8c9f0bf256004ce6ad8dc93850e01b209846224f0087b4af6a6e9ac9f71b235d|921d335fb67a860450eb5993e5586b4be9e5c3a248ffff0ffdcee0ce4553ceaa|8dfb22e278c388f7acf6971c6198d7499d188977c81c6566c1048c8729ca8979|67190a6c243c47e94eb2524fd90f21b5c4553ab5ddc4f585e2a3ff91d8419248|85b6795d28845642953646c87007644155d36bc8ffa9f3fff8ddeaae4d847e96,0,1.1444091796875e-05,4,"t0 ego planar: +x forward, +y left"
36349e9caeff483e9d8d25e9743b9f5b,02caee068f7f469c81b4a8dcf8313439,f1bfb432de304b3aa4bbf22278a6a709,26,True,True,Vehicle,,12,3,96467,6a03d9043778389d46a80efbe207c8cd96cb42044ee8e0f19181841f647889a6|8ea01f90eeebc74214d40a90f94f19f9e3b1bda01789a429c1af7094715d91ab|df9e257740f3f42f37863d3e4147a1a178aaad43c8a6dc75e796639e5294ec98|99166e78a0da40b7becb98010ceba43959305a53982adba89b8b0fa5394de785|23bbbf82e6d5a7652a97e954e2cbfba6865fee727b9336b928071191f0f76b79|1dcd1ba6eb9d3b0857dd8021eebb79e69d2ab3b1c98afbed3f7fb3b837ca2f93,0,3.814697265625e-06,5,"t0 ego planar: +x forward, +y left"
36349e9caeff483e9d8d25e9743b9f5b,02caee068f7f469c81b4a8dcf8313439,f24cd68883cd41879edad350fab0210a,27,True,False,Vehicle,future_incomplete_or_outside_recording,4,3,,,,,,
36349e9caeff483e9d8d25e9743b9f5b,02caee068f7f469c81b4a8dcf8313439,faa6cc744e4c475aae1067219a665716,28,True,True,Vehicle,,12,3,96468,00d698d0da7b7e5c064d7d7b7f5f9123e372c4f7308c2a3e8371b18fbfd51fca|f1ec956a276a6ad8a93842da93f44277d1ffbf2936ef60a302fa7ebf457fa218|a571b150acfdefd51efb45df048f42fd57df16f413d0b9c34f913a5d43cc9614|c1f55801300fc6e6900472b2c7a0bff5d19c4e9162e607670e1db783efc0d05b|6a7e9bdf1f8962ce445bbc66ca4c236b2af4e3b6344ba5fba0d6b0dd86c0d597|6b02302ee210c4b4492c1ed374de2b3abc6593b8d2fa83ff66ede5419011cbd7,0,7.62939453125e-06,4,"t0 ego planar: +x forward, +y left"
36349e9caeff483e9d8d25e9743b9f5b,300d7945412f410eb32e7365248a04ca,0124b2b19a97479981c953626d0a0691,0,True,False,Vehicle,future_incomplete_or_outside_recording,8,3,,,,,,
36349e9caeff483e9d8d25e9743b9f5b,300d7945412f410eb32e7365248a04ca,05f83d1a4af2411f97157b4fa0c8563c,1,True,True,Vehicle,,12,3,96712,210ecf7eda371aa88a54a15f89f8afb3d1b6c8653afb3bb37fbb4cb6d625035e|17e13dd798ad7211d0ed1b98d2141de26c83c75dd84e16bdb4adf4054ba0dc4e|cf3b16b6d1cb17b774b1bd1b44bcf2a5d352d77658c4c1fb8a3dcbc6af3fb807|747ea80723c7c63e1d457a88a79573238093ce4b1bdc8a4fcc21d52e24a9ee8d|51eeeb900725488b8c86211c74bf9d0455344595f32ccf68474aef2bfbd81c6d|a7417527a56dd24e439a843033a99d2fbb82171a3c058340f34840053c06ae66,0,1.9073486328125e-06,1,"t0 ego planar: +x forward, +y left"
36349e9caeff483e9d8d25e9743b9f5b,300d7945412f410eb32e7365248a04ca,11c3f4c0a9334122949d2417eaf90a7f,2,True,True,Vehicle,,12,3,96713,d92b0226c12732d8b4a3e9a15e5e93eb97e5e73d46d2c49ddd24214e91852d04|4323440f6d041cf6d9b9e8f0881d6c42797f063597a965db689f08aa79190cab|36ae8496c3b85b215e247a5b4dd2c041e0328e458132e6838c05f57f9d688bb4|3fd4d6fceaea0fa61c97b5e86e1947d9e48229b9a4b919ace9963b2bf1646182|c91584d361b7e100cd788ea6342f155dbe670669c7614ae961706433a2ea930a|2f789a461fe3bffee377d01bb6bd47095a6e67a9b16511b801cc4b0b77829d20,0,7.62939453125e-06,4,"t0 ego planar: +x forward, +y left"
36349e9caeff483e9d8d25e9743b9f5b,300d7945412f410eb32e7365248a04ca,157d1a0899fb49068ae02f34312e9f63,3,True,False,Vehicle,future_incomplete_or_outside_recording,9,3,,,,,,
36349e9caeff483e9d8d25e9743b9f5b,300d7945412f410eb32e7365248a04ca,1bc5875a80ec44c68082ab4894f8e55d,4,True,True,Vehicle,,12,3,96714,89d222adacf7d00be6b73387a21fdd28caac41f988e0b810b0286798f69f2512|30c5a54f6b17c23a38c1f5a05b4327c763ab764f585bfc5c91005c69ca1ccd52|3a79e2ded96d66fd7135d8b4ed863639dca489475249bb718f4e6d6220504b46|454aa042af9086067bed4de87b89c52da35a8460495d147f40e73ae088d41e86|0e49b6f9ab415442670c65f4526207ab2d842aa9b3c8d7ce070ce2479e0944aa|a4f2fa14bd991a1854080c3c31fe622975f1b21aa913cd91a84eb7416c783b37,0,3.814697265625e-06,5,"t0 ego planar: +x forward, +y left"
36349e9caeff483e9d8d25e9743b9f5b,300d7945412f410eb32e7365248a04ca,2167a5cfcba04987a3641d2971373fb4,5,True,True,Vehicle,,12,3,96715,8ab24be8f3f72a6d53b833537a82cd3bad998213e52276cd81c92986b2f737e4|e963ec40022f65f32ad1afd9238ffbb2dfeaf26558700b5e7f5914ef5f21adaf|3dc526ddc73a75fd3340a94290115667f6c44ee83f1e3438050abf4d74cb6940|0a23cb1ee9eb605909cc7c6da444d23a9ab7e40577e572227483badf71d19f8a|f2782ecd5038e907f52c6e81461ba3c4bd720fd75084b9ce4c2ba3713d2deb47|f5ae34d27355b0058d01c5809f6a46a164c09c34316b99c0c1da75b48b8b3d3d,0,3.814697265625e-06,2,"t0 ego planar: +x forward, +y left"
36349e9caeff483e9d8d25e9743b9f5b,300d7945412f410eb32e7365248a04ca,3b3211ea297745b3b5cf52caf5c82036,6,True,True,Vehicle,,12,3,96716,16b7a6484a7abb1281f950bd4a2357133eda6ed2b1e18b61f2b85aedfcb1d2e2|68221c8648159c7b78aa77a74131f425c3f7e72bb30588d2ce31a7d51e2a845a|005a049aa3b55edd72a7a5fd79aa6ebc4a7c3091ae614a8c0dc6b31753b10309|7da2dc80a75307d3a57b0c521a550488fe4c2a836af375d24ba19b3cdc640873|16ca60418d529dc3ca16a7169be87985d5177bcc304ad7d6a1e38d66ec948c4a|f04da898dde9d4c41f9a50067c598dc557349d29697f182c60ad027432b44f7c,0,1.9073486328125e-06,1,"t0 ego planar: +x forward, +y left"
36349e9caeff483e9d8d25e9743b9f5b,300d7945412f410eb32e7365248a04ca,3b933035eae84824942cd165d37b3ac8,7,True,False,Vehicle,future_incomplete_or_outside_recording,11,3,,,,,,
36349e9caeff483e9d8d25e9743b9f5b,300d7945412f410eb32e7365248a04ca,3cfe0a6269954d30b9256ab02715136e,8,True,False,Vehicle,future_incomplete_or_outside_recording,0,3,,,,,,
36349e9caeff483e9d8d25e9743b9f5b,300d7945412f410eb32e7365248a04ca,495f9b36172444e4908c0faf6bdfd42f,9,True,True,Vehicle,,12,3,96717,fe2899dd2a2584a6e1e31eda675cad71f4a7f84b669bd9b0d3d8d860d24fec4e|fbfd146befb925800b5c7dd69618c538f026854e6ce321dd045c4b2eee35b8c3|e4d947fcd55eedb3143f850e326fdd8d81c01a8dc679adb5eb1f7964e7c8280e|eea8cf08b4d5a5402d1c04b9331b1f7a80941ca7bb6c2df32e22fa73ec2cb47f|0092c9909e2debed62a8f71bb900935352cae6c27bce84fab65facf151345b0f|c9a26302b62d3b91f20602e2138feb182823e837ca8493ca68e2d0edbc2d93ff,0,1.1444091796875e-05,4,"t0 ego planar: +x forward, +y left"
36349e9caeff483e9d8d25e9743b9f5b,300d7945412f410eb32e7365248a04ca,503028061d584d058e425cd88f11ff67,10,True,True,Vehicle,,12,3,96718,d0b40a31953ee62ee5b3719a325afcf418a19172241f08ef62c89487e691f651|26ea658d5dd5ea722b63826e505f72ac52188f8cfd4610c50c03c591d86f44ea|ad09ef8476f416bd568c783fcf8c5acbf2f3bb4962d38ee97c112d0364fda644|bf6c695b54a662de7398616574b3695a563e5a003692a10c0cd25864f53892a6|d9248b241d675baf5e8912fa3c4c08b8e1e88dd9badf884e82846aab4acc9ccd|1bde55e9a46c03d6976b36dcefb846e0f1cad6da81ab51241685ae824b6ca189,0,7.62939453125e-06,0,"t0 ego planar: +x forward, +y left"
36349e9caeff483e9d8d25e9743b9f5b,300d7945412f410eb32e7365248a04ca,55b9c031deaa4f648af46c4f15a684ab,11,True,False,Vehicle,future_incomplete_or_outside_recording,0,3,,,,,,
36349e9caeff483e9d8d25e9743b9f5b,300d7945412f410eb32e7365248a04ca,5ff16c74989945be9b198f8b66a8c4ef,12,True,True,Vehicle,,12,3,96719,0ab69f00e959fac352edbc93320bf83c2d40c1a7dc1764488ba322a36bfd353e|b16a71b1303c2569245a079fa986002dbaf090163ae1c6ebbbc6361503ebcbb8|e8bfddb53e3894f6473e9ba4c0f290f33940682609c2f2b58824444aab0a2fb9|3f2e9da70f53da2053e7fdbddfb21af7a28e58a8a5db2e04d5a25e7c9687a0f5|48fb9585429412ab78dd8715086b2db636dd5ae21c5d28c95bdc8ad9eaa09f4c|198c1200586ba8a140a0b536545ac068f502b2a9a5cf6e708b45306f8cdfea45,0,1.9073486328125e-06,1,"t0 ego planar: +x forward, +y left"
36349e9caeff483e9d8d25e9743b9f5b,300d7945412f410eb32e7365248a04ca,65266405980a4e7a876ac98592756396,13,True,True,Vehicle,,12,3,96720,bbab7ec7924e86a55a5bbda463ca8d2f3b28e2ec0c6f9e0beb38c3a1d58d6b1e|e77f9c7292007d71c95595762e6092f4519d987eb5e97943e8184ae25909393d|f6597a5c36f19645c6b56c4f90dfd3b9f6dee28bee96f096b79b8b3478567255|7340f9224e14d0bd1a825acefe1ae72164375881178041cb0fda76f924390892|6efb92d6e9592762452379141a3319bf6c5d33e0af6806f69a66aa0fffd67680|2754f129a46228406f7b5a667d44bb4dd1d256203e0ea37c31ed622388f15c2c,0,7.62939453125e-06,4,"t0 ego planar: +x forward, +y left"
36349e9caeff483e9d8d25e9743b9f5b,300d7945412f410eb32e7365248a04ca,68e90e7f10f54c7da6afc82a08b3af8d,14,True,False,Vehicle,future_incomplete_or_outside_recording,1,3,,,,,,
36349e9caeff483e9d8d25e9743b9f5b,300d7945412f410eb32e7365248a04ca,6e06800018754194a81b18acbec4872e,15,True,False,Vehicle,future_incomplete_or_outside_recording,0,3,,,,,,
36349e9caeff483e9d8d25e9743b9f5b,300d7945412f410eb32e7365248a04ca,73e7ed3b33304c70b5b7738166973bc7,16,True,True,Vehicle,,12,3,96721,f543e561b1cf8f93ed9bf8a112ba9b2e16341060bba552f27549696eb616b23a|5c501a2ff83e9a4381e1aaf1b0cc71ddf40cd5c1e1028a020066b4af25d02f07|52d28fa7b93ad640f776f6e1027f0b00ac9bc389e34e89b958064627e5dbfbf1|4616af0554ce15f858aebcf774d191e9286705e4afb89721af8f440f3a860565|ba72afb13bc373c95c1c2087eab9ca27ebfec2973dbda94f95b2fce2754eba81|d4ae120c0a58093d0abc83154d24aa3aa82f012fa78939f2692dffee2093ec8c,0,9.5367431640625e-06,0,"t0 ego planar: +x forward, +y left"
36349e9caeff483e9d8d25e9743b9f5b,300d7945412f410eb32e7365248a04ca,7d36688d3c624a008aa5f008612e1802,17,True,True,Vehicle,,12,3,96722,008c35e9ad76a71d93f66dbd9cc5e1e0a1fbb18a1c5f52d1e0c87310ace001e8|05dc605a6e971f3e8ef99f79d171ae57ba0d9fa3aef7a7b8a72ef98a21fb11a3|290e7d8b804768008fcda9d8ff11e90c5d21ede9d586d61441058b91a47fe0ae|086adadafdcaeac3b5c76ff2b83de841664bcef911f8c468e45f584b22396925|26f6bbb77a6fc44464fd0e5f259fc0aef72a19f467f433abe8d24a584d31b186|84a4a5fdce02d5c16cecc20ac3bb978c70b58277be66b1446768ad371ae2e303,0,3.814697265625e-06,1,"t0 ego planar: +x forward, +y left"
36349e9caeff483e9d8d25e9743b9f5b,300d7945412f410eb32e7365248a04ca,8e69695912384f64919959116503dacb,18,True,True,Vehicle,,12,3,96723,db87d5fa4bea4fae030b5dbb8f184382cc44f60e53d312473c3671e676167728|86d04bfad192d33d5bc0013f98f868f88f96285b3d5dbb33b108fa0dda08229a|b4823f887c4b8eaa7120946b6a6d3fc5421584406c48e84782eaed7df152fe60|ad79ded73a373c919fcb7f1c31148f647818d357ccafda5b9fce6df85f404967|d3620d552f6a6fbc5a68e03489da2fef08da2caba141bba63710f6eb521fa773|186b3dac13ecd11661ab3986c5aebe87be434d9b16adebcfca588c20f24507bc,0,3.814697265625e-06,1,"t0 ego planar: +x forward, +y left"
36349e9caeff483e9d8d25e9743b9f5b,300d7945412f410eb32e7365248a04ca,8fe9049f770f469da6a916b8a97403f1,19,True,True,Vehicle,,12,3,96724,5eb4bf00631ff9dfda2cbd89cbb4795dc507cdef1a9e01a3b636955af7bfe67f|47803a0d3f31ce1b550e8d46e25c4c5bc8d948feb51582af506819b47f6b6dbd|eb14eb6df8e85983baa1dc7f5f5373d4d3a39c5a355fb87d895388149bcb3889|44c111f3e710a60e8f5600e09d59a54cd7f25e0f03f7525d8ee934f46057a822|d3e6c586d7ff3300887d4ea60f3898398058768f11351a5c7864958207b8dc3e|549a9c384dcf28ea4331019086d2bcfe08cd3eb256e118d9f900630678aeb95a,0,1.1444091796875e-05,0,"t0 ego planar: +x forward, +y left"
36349e9caeff483e9d8d25e9743b9f5b,300d7945412f410eb32e7365248a04ca,903aa1b2bc9e4cc3b0cce039f1508387,20,True,True,Vehicle,,12,3,96725,166785e51f2aaaa25b6050e7d2ac9e74da7a702692960476cc04c3001e81d8fa|6f958cc8c44376b0a51ed258801e0021cbc811d30595470c134d736cdaffb660|620095055a3823ec5e85e2c9eab02a370e8efe4a21050ee36c21d37f4a2c78ec|21db6012cfe10239662f02dd304dedc5304351f79b705e55eb2980229e4ed242|0ec40e9058dd8c78c6f079045a4867ef93e9b21ee7c0695fa4cf868abf212602|203f81f19b0e1d4f397e646b2bbf1d5b525b3e0752fbed0de73b157f123de44a,0,1.1444091796875e-05,5,"t0 ego planar: +x forward, +y left"
36349e9caeff483e9d8d25e9743b9f5b,300d7945412f410eb32e7365248a04ca,953abe48497b4641b3feb990448f8db1,21,True,True,Vehicle,,12,3,96726,7e76cae0201aa4d629a789aa185024b56f0f7505d6cc49d7e1b5ba791ba6754b|1485f536b361520c22a5febab67dbd9d594e73dbd9a52d6b451e9d925de28305|4664b59dd25bed96de5a0a64d9c3d90457c6723e854d2006f5192db9d61e761e|457f7681857b93786a57ac35e42af61d2dd8d067be9d5f81be2881de8c929a77|3734f4869a2067ea0868d2ce0e6a6c6497eade6ee1ccc14a7ec12611285d5b1b|00922694a9910d73e6d23d1a946f883b9b90d9e7160a85e6c58ec31e77c8f560,0,1.1444091796875e-05,4,"t0 ego planar: +x forward, +y left"
36349e9caeff483e9d8d25e9743b9f5b,300d7945412f410eb32e7365248a04ca,96951b32dc4245f8b50eac311b2f4c3d,22,True,False,Vehicle,future_incomplete_or_outside_recording,6,3,,,,,,
36349e9caeff483e9d8d25e9743b9f5b,300d7945412f410eb32e7365248a04ca,984d07871aa94fc3b135f7c2f12ef780,23,True,False,Vehicle,future_incomplete_or_outside_recording,9,3,,,,,,
36349e9caeff483e9d8d25e9743b9f5b,300d7945412f410eb32e7365248a04ca,a3e7157d8e3346c6ad8ad1c3c3afe625,24,True,True,Vehicle,,12,3,96727,ca7d95dcf4ff4ff62ad0a102c6ac7b9221c27d8ee226949abdfaaf4b65e46583|76d2276f572eb4cdd643b786ccd61ac26b52f96bc5101fc3b293e99afa07c943|5ad65e465f089658adac49b280a52ac65e834bd03c6e38da7576bde62e058720|fef51bb7ad50cad576fcb435185a4f205ab5d1b5ee161061b8d7dad41964c40d|ff372de523348bf61bbcd10e0e804aa3bafefd9f7c8b5e488529a5aed0c4f096|3b1d43537f8791f76287fc3ba510add2918eebb2db2ca9e28e1a44e70fbfadcd,0,1.1444091796875e-05,4,"t0 ego planar: +x forward, +y left"
36349e9caeff483e9d8d25e9743b9f5b,300d7945412f410eb32e7365248a04ca,b8bf4560106142f88ee2cb137ce9a5c2,25,True,True,Vehicle,,12,3,96728,c987f0e0f54f1dc804fb9bda57c127111168d039b00d3359630a5d0f0ce21046|8621c4001887c2bd72642a2c713bcdcf70ff7d7ffd312e12a082b71fd648d698|58a738c758d33ac64c5762d21606cae181e01c2fc8a807f4192be412ad77d8a3|35075c91c0bfdb97970d8aae732f33dab1d2aaee0fa3578722cf9bce3afdf0ac|ad3c256744cddc1605a43b704ac3e5616eaf2f35d44a4b15feab8b9a6ce8a3c8|618de9b3fca0ca1eefdda8e20ae27cc9e8689a2b01ed6ba879823f57a33104e9,0,7.62939453125e-06,4,"t0 ego planar: +x forward, +y left"
36349e9caeff483e9d8d25e9743b9f5b,300d7945412f410eb32e7365248a04ca,b8ca4eafd46144cb9681cf4b76359836,26,True,True,Vehicle,,12,3,96729,09b289e705b7db3f552c7f192814d0ea7b48ae24fbf7398b74e6e857d15e9e5d|50b207dcc83d32f62ed753b167e30ad2c01f557aec1a73e920ca3fd900e1eb8a|51d4ec132b2d5803ee93acd9b93cfb0301285c206c8cfcc5f9d15be80d317007|744afb9b23f91de291878fc9b060dba98780bab416434d6f739e1594c3e65a82|6a53799108c25e71b7e2fe216e76e3616d657590b2c89bf06f8e400291f0ba15|f7db09921b72556b6773ce5f02bd10c5a2fa3e79e20d466b600a2e3452c66ab7,0,1.52587890625e-05,0,"t0 ego planar: +x forward, +y left"
36349e9caeff483e9d8d25e9743b9f5b,300d7945412f410eb32e7365248a04ca,bb58c3003eda400ab05dd9d57f87d4c8,27,True,False,Vehicle,future_incomplete_or_outside_recording,9,3,,,,,,
36349e9caeff483e9d8d25e9743b9f5b,300d7945412f410eb32e7365248a04ca,bdc45c4f68f7425d9acd665a99801f9b,28,True,True,Vehicle,,12,3,96730,4bb83ce6e10576fd276a930ef179a6d90812fcaa2a53cba41a779bd3b53630a6|20ff58d0868ea6ff1f03e45d47c0ebeb8046532a3e809462d170e8234c9702c0|7df5c320a4401447f3fa42093b7080eb976f81218a89e55d5a00bf8c83f7bdd0|16ef5d944f8212bc4a90b33aa8d4471b2c1e300ffde1f55c7a7def9368dca9f0|72a39a60486acf5c345d6ce569380b7c19ce20b21e4fcb09a417ecf155d37e8c|f9b402686f8debc26687433839c9b891cb9774f29779566051c2289a279a6117,0,7.62939453125e-06,0,"t0 ego planar: +x forward, +y left"
36349e9caeff483e9d8d25e9743b9f5b,300d7945412f410eb32e7365248a04ca,c33f568d15b04d34b7b3089467965126,29,True,False,Vehicle,future_incomplete_or_outside_recording,4,3,,,,,,
36349e9caeff483e9d8d25e9743b9f5b,300d7945412f410eb32e7365248a04ca,c7512987b38a4706b05f0ded638b3f72,30,True,True,Vehicle,,12,3,96731,6f47098d7005e1abc87062c0ecccfdec64bbeccf77f0d1b50edec3c178a1de79|b4dbfd43f890e473f1f57af5c826d7d48ae33dd8993fe8e375ba7c907862788d|d77d291ec52a0cfdbbedd3b4331820a56594040215229b3e36487843b8b0fc43|53c68ef230eae3bea3d662d791a298723e1b48953896b8c49dc4c0a216583c6e|4921a3bf099e6b524e5559f217431bf432fa68b1e2d186baf349ebb37ed29518|f5dce6b15da58e4d85ed4106f97327e4f541093e3804ebedbe3a37e8e30bbf9f,0,7.62939453125e-06,5,"t0 ego planar: +x forward, +y left"
36349e9caeff483e9d8d25e9743b9f5b,300d7945412f410eb32e7365248a04ca,c8efb99243bf4dc6a28307dc2f47d48c,31,True,True,Vehicle,,12,3,96732,ad88a8ede4f1815cb5d3a033010601ec3d4041ad3fd3c61a2b3bff02cb5ccd20|a749821aaafc6748c69e9d2a99e9fe9e960dd7f43fec53a160e76884ff36733c|b90f7e00739f1419fe805453a04a0e8798b5f814558e2572c0fa9ff96806b20b|01dfe405334bbf6049a986d3839481ba1ad01e9ad94b68d3ff0ed240dc97ca83|8a1993f07bf81ac6699bdfac135a757a6c521358fed99e8dfa3c2842c3cbb5d2|4296a583344b036c26216d8d5cf4d39402a352d3416ff2a0dbc7f31ed68a2230,0,1.52587890625e-05,4,"t0 ego planar: +x forward, +y left"
36349e9caeff483e9d8d25e9743b9f5b,300d7945412f410eb32e7365248a04ca,dd2f6543a93b4d04a65422e2c7519b72,32,True,True,Vehicle,,12,3,96733,c8bcefb8a296c51482822a6558f471ec57e112529753ed193055e7687ed19e9a|5e32114bd52a1f10e52dc15ad3cb5ff2f5acc07bb08cc865de44ef526de7c448|b55f62ba063e38e181d026410be50ef95732b58fe1d3098d319de8dba85be917|3855bedc80c690fa35671d74d206403c2d34dd01d93260e6f7d4b7d6ec2cbc37|8ecc64ea4d9c61de338eb932f5a095d88214c0bcfab2e8107a37b64bcb6d6787|fca40c9b1123e3e98650e4b70fa0cf515f0b5a97fbead78ad241be5c5e3cf478,0,3.814697265625e-06,0,"t0 ego planar: +x forward, +y left"
36349e9caeff483e9d8d25e9743b9f5b,300d7945412f410eb32e7365248a04ca,dfd8212eb8e342c3b6668852ab066151,33,True,False,Vehicle,future_incomplete_or_outside_recording,2,3,,,,,,
36349e9caeff483e9d8d25e9743b9f5b,300d7945412f410eb32e7365248a04ca,ecf723b81b0a48939ffdf4392b58e8ee,34,True,False,Vehicle,future_incomplete_or_outside_recording,0,3,,,,,,
36349e9caeff483e9d8d25e9743b9f5b,300d7945412f410eb32e7365248a04ca,f1bfb432de304b3aa4bbf22278a6a709,35,True,True,Vehicle,,12,3,96734,a397d63a7f9ae2d496e35efef565b25199143afa6be1e22ca9d092392f2ba79c|c9ee77a262738dbb449ced5ba48d5f4e17918248a8c1972450f110bc840ca593|00094761b3cd10e4288abe9f3f0c7dbf63b8b54a0911ba1a24db8bce15a36e1c|de98436e9880cb302d7d61d92bf313305ef38a8756d2b7b59a7a8bdb51ffe994|000e09f401a0fc7faa7af88f37815235e28815c1dd01e7099106f7a247734a4b|c9e7704ed5e164822c39e45660f4485ad492f384b4210eb89e4627776521c497,0,5.7220458984375e-06,1,"t0 ego planar: +x forward, +y left"
36349e9caeff483e9d8d25e9743b9f5b,300d7945412f410eb32e7365248a04ca,faa6cc744e4c475aae1067219a665716,36,True,False,Vehicle,future_incomplete_or_outside_recording,9,3,,,,,,
36349e9caeff483e9d8d25e9743b9f5b,300d7945412f410eb32e7365248a04ca,fdf5d573336746378941b74268a1d846,37,True,True,Vehicle,,12,3,96735,157c5c64733d5b91f2979517d96594a6f9dd4fed25a356b794e4401398e25898|dd7b3a4694231fcd3f2ba9b9fee5736412949f558adc6a297eee7cb71f6604d1|e7a7ffe368923b7080ef4d58a02404b04da825d63ae6ec17c34319fc9c0f9e93|6a776386c8402fa87f5189ea67491917edd7baa0ece71555e9ceb460e755396a|6add5ecbbe31397dff5f650cc507780ba01f9f6254723a56fb05affaca89172e|5b65a087be429fe48e70a94e01e75946c91eb533ec46fee63cb8e57345dfd242,0,5.7220458984375e-06,0,"t0 ego planar: +x forward, +y left"
36349e9caeff483e9d8d25e9743b9f5b,88ed58783df541f0a418d56178ec66e8,05f83d1a4af2411f97157b4fa0c8563c,0,True,False,Vehicle,future_incomplete_or_outside_recording,11,3,,,,,,
36349e9caeff483e9d8d25e9743b9f5b,88ed58783df541f0a418d56178ec66e8,1010ef0b85364bd4a3acdb55db7cb309,1,True,True,Vehicle,,12,3,96966,7ccb017ece606f1cb87291b1f99d616eba9dc8f8ee351fa848af9596c96aac85|81645279e275700bd0c544f0e57e4da4a2642812c14ef7fb90576bf7fa0aa727|a7b535542907341be580f8c611e44f75ef4790fd81ec88e495ccdc4185159491|929de0a5d38e2c408d5651d928626473e16b30d3ade006a96eeeb6f9f6fe03b6|2637d6603eea43bbba1e8043fc2f2461edde37abba61ec31b5ed0d759b7c023f|7158af9296bdd57c90142fdb3d5735e766292dc9762349960f23d5b7e3177cf0,0,7.62939453125e-06,0,"t0 ego planar: +x forward, +y left"
36349e9caeff483e9d8d25e9743b9f5b,88ed58783df541f0a418d56178ec66e8,11c3f4c0a9334122949d2417eaf90a7f,2,True,False,Vehicle,future_incomplete_or_outside_recording,9,3,,,,,,
36349e9caeff483e9d8d25e9743b9f5b,88ed58783df541f0a418d56178ec66e8,1bc5875a80ec44c68082ab4894f8e55d,3,True,False,Vehicle,future_incomplete_or_outside_recording,11,3,,,,,,
36349e9caeff483e9d8d25e9743b9f5b,88ed58783df541f0a418d56178ec66e8,2167a5cfcba04987a3641d2971373fb4,4,True,True,Vehicle,,12,3,96967,41ccb9ad9f58f2272012039d1fe6bd5c2c3fb91846c1fdfc01a37b4ae746f1c7|20e496765f89bd5009578dcd42662be4bf5aa21aa33e5f4349160c1e132aa3b8|8006b928d1c2b08fdd0b846acd6a6a6cf22b8694fe5db99e143f28299192a697|895868ac9fa1a1f6593fba8b6ef891440260707f49a20b68949d9acaaf785358|9174b07cf157d0b9a0dd1bf7e9cb7e47e900f482f6a94aece33aeb4bb23e99ee|7bb0dc9196f33dfb224a31d3890ae22c22a1cd6cafdb7a2b691d55dfbc860125,0,1.52587890625e-05,5,"t0 ego planar: +x forward, +y left"
36349e9caeff483e9d8d25e9743b9f5b,88ed58783df541f0a418d56178ec66e8,274693cae84f4f589cd14fbadd9b6c54,5,True,True,Vehicle,,12,3,96968,5102e1203396522a7e76f5b7230632d29647f5564aea3496a17edfae3d9c7c63|a703838a88e818c1418429af5b1804c780bb2b7c0b4e5ed8c0d9eceb950bef19|e67dcb45bec845d1a042f9948a4d7e1296f5cbd1638a127dff745e7b62bc289d|62db3451b5b28e4650e7755ec73939edeed6c2431434b45b067fce71dda3a5a0|df2a0c64da66c2951d68d235ecfd1ece4d83de541af06f4975efc631e8c5eef9|3a208465d0de2e6ffcf6180a46353fbd2888033554a4036c7423fe37b10d41b8,0,1.1444091796875e-05,0,"t0 ego planar: +x forward, +y left"
36349e9caeff483e9d8d25e9743b9f5b,88ed58783df541f0a418d56178ec66e8,2c56a3e907424dcfa70ad4b5bb3d8703,6,True,False,Vehicle,future_incomplete_or_outside_recording,9,3,,,,,,
36349e9caeff483e9d8d25e9743b9f5b,88ed58783df541f0a418d56178ec66e8,3b3211ea297745b3b5cf52caf5c82036,7,True,True,Vehicle,,12,3,96969,1aa6ba1d117cf196627e2df0f375219d67e9c01b26ef1a90dc5d974b62676516|85fb39591e4632e71eb39daa570462318f2a5fcd506451905c9b8e1a65e96cd8|eda8b7a04e7675fedd2f2fee8b3a3ad30c740bc021b2e95aa396fb73c0c024e2|695df8013a1e519f3931ed0262d88d856996b68948f2bb65df81dce6d7a271a9|6837e3d390147ffb7a2a1c91dad7741ebf53cc7a1df368613df8dbb928b097bf|47f5ad92a2d61ffbbd01c968eee52adb74f07a451c5f5268f1c6c086a35a861f,0,2.86102294921875e-06,1,"t0 ego planar: +x forward, +y left"
36349e9caeff483e9d8d25e9743b9f5b,88ed58783df541f0a418d56178ec66e8,495f9b36172444e4908c0faf6bdfd42f,8,True,False,Vehicle,future_incomplete_or_outside_recording,1,3,,,,,,
36349e9caeff483e9d8d25e9743b9f5b,88ed58783df541f0a418d56178ec66e8,503028061d584d058e425cd88f11ff67,9,True,False,Vehicle,future_incomplete_or_outside_recording,11,3,,,,,,
36349e9caeff483e9d8d25e9743b9f5b,88ed58783df541f0a418d56178ec66e8,56bc8465342d45bea1594d6d80297457,10,True,True,Vehicle,,12,3,96970,51369f6e2d64ac8edcfdbaf7c3d061999b475238e384fb1885e2eed3918d85ab|a0e56ce2d2f8be59652454d2a95e4b9210a543db072b99377149520a5cc3f654|42ebe2de79f14739139c31b2b58cd0a72eebfee81bb0e7d44cc81c7e11bf3f55|aba7cd8cf69759612323b13bfcebe0466caf1c30f58112b1ec0e849e3f2014dd|c4470b645821ba7b8f823bb556c301d6ab60bb90fff3755e4906fa82664a8002|efcfd9798cb789e822df928418b86b5c3fe4b0e015a9216bde04200df9d943ab,0,1.52587890625e-05,5,"t0 ego planar: +x forward, +y left"
36349e9caeff483e9d8d25e9743b9f5b,88ed58783df541f0a418d56178ec66e8,5ff16c74989945be9b198f8b66a8c4ef,11,True,False,Vehicle,future_incomplete_or_outside_recording,8,3,,,,,,
36349e9caeff483e9d8d25e9743b9f5b,88ed58783df541f0a418d56178ec66e8,65266405980a4e7a876ac98592756396,12,True,False,Vehicle,future_incomplete_or_outside_recording,9,3,,,,,,
36349e9caeff483e9d8d25e9743b9f5b,88ed58783df541f0a418d56178ec66e8,6541574afea84c25b13c32b2576a8035,13,True,False,Vehicle,future_incomplete_or_outside_recording,11,3,,,,,,
36349e9caeff483e9d8d25e9743b9f5b,88ed58783df541f0a418d56178ec66e8,7173af8214a746b0968b5ebfb5d8b411,14,True,False,Vehicle,future_incomplete_or_outside_recording,9,3,,,,,,
36349e9caeff483e9d8d25e9743b9f5b,88ed58783df541f0a418d56178ec66e8,7271943d3bd8412ba784cd698cd580a5,15,True,True,Vehicle,,12,3,96971,ca3610aa810deaaa4379693e1fc743f1eaea6698fbe89ce8d8f08a57ac873463|1c1da6a456f73eb5fe92745c8c7bbcfd6fd962a52144d5d6a0e11f35127bbc5a|ed7b47746b249a87914a29fd86aaa5c551ee660a0f0d8dad31589e476262a477|a3989299a1088c1a6ad290484b9f82dd6ab1b191b1c58740126a413772580008|b12258f7893ef5316474559f1e7241a9c1c1bf2bf5bfd5edf79fff2f026e28ab|abc60813a266a11746632349a270fc0cea10789d62f72522637c1c47fa40030f,0,1.52587890625e-05,4,"t0 ego planar: +x forward, +y left"
36349e9caeff483e9d8d25e9743b9f5b,88ed58783df541f0a418d56178ec66e8,73e7ed3b33304c70b5b7738166973bc7,16,True,True,Vehicle,,12,3,96972,22b9773d27319195509a36605d37e0c498fce03f9e0a96fc1a7408514757f235|49465e4bf94b06375eaded2224423f41061f73c31499c7cbccd62aa7a3b430c4|2c3a759df8b79c0101dc8af268c0bcf6c6147040b9c575d152e87224dafaec2c|2261051d964bc1a3fb940a9f4e81216919e584425535ab0212a49ccaf75fc008|0cc284fea554bfcd4f9a752784e39bac7403d5f8fa9c5c9ea4435b19468124cf|8ad91b6247e815eb05ede7e9c40c95525a00a4f40c48365821ccf8abdaacb249,0,1.1444091796875e-05,0,"t0 ego planar: +x forward, +y left"
36349e9caeff483e9d8d25e9743b9f5b,88ed58783df541f0a418d56178ec66e8,7d36688d3c624a008aa5f008612e1802,17,True,True,Vehicle,,12,3,96973,a1e634a51ccb58cbb8858e69c2041606eaed61b31e1cf21db23df934b4649279|8a745946c4b0cd354dd3cd4498ee45353a3986803376cf30842330346938c595|aed71277adc89459479e0175a28d20f23f27bfc219bc881f9e056397f6133543|2ca73a2e322b6c3dd418eb9718606b2c346171dfe9dc2a7a0f9c1eaedd4d13c8|093580e4ac659b90c143142e4f96a2b7b3aaf57ea498d5a68e425f197f1d2aef|28dc58097b84e27e7277ab8847a79d744852b31e945047d8611cb5287c30f5a2,0,2.86102294921875e-06,5,"t0 ego planar: +x forward, +y left"
36349e9caeff483e9d8d25e9743b9f5b,88ed58783df541f0a418d56178ec66e8,8e69695912384f64919959116503dacb,18,True,False,Vehicle,future_incomplete_or_outside_recording,11,3,,,,,,
36349e9caeff483e9d8d25e9743b9f5b,88ed58783df541f0a418d56178ec66e8,8fe9049f770f469da6a916b8a97403f1,19,True,False,Vehicle,future_incomplete_or_outside_recording,0,3,,,,,,
36349e9caeff483e9d8d25e9743b9f5b,88ed58783df541f0a418d56178ec66e8,903aa1b2bc9e4cc3b0cce039f1508387,20,True,False,Vehicle,future_incomplete_or_outside_recording,2,3,,,,,,
36349e9caeff483e9d8d25e9743b9f5b,88ed58783df541f0a418d56178ec66e8,953abe48497b4641b3feb990448f8db1,21,True,False,Vehicle,future_incomplete_or_outside_recording,1,3,,,,,,
36349e9caeff483e9d8d25e9743b9f5b,88ed58783df541f0a418d56178ec66e8,a16e8355defb41a1ac4131060f51ae29,22,True,True,Vehicle,,12,3,96974,06ad3619dc75f36619fbcf964df903c1bc5e434ea82a1297d8e967c667e9ee17|6500efed60273a986f5a87ea6436777b6581bac3468976990c8642aed3717331|8d21f34b2fee1ec6ebe66b09c09b1973d86f8e07500cab5133a788f2f8cf9eab|f279b8d8b3402a8ba9b564494c7f52d29a3e9e168c9072295b7bef84c4a8d94f|51ac3caa390bd0b5425a48015da35f9a6842d88060654721feb00f9723188df6|e09a9ac8b8e41039e0960b8c222959c0f87dfe89911d080f4941a3fd7aa78676,0,7.62939453125e-06,4,"t0 ego planar: +x forward, +y left"
36349e9caeff483e9d8d25e9743b9f5b,88ed58783df541f0a418d56178ec66e8,a3e7157d8e3346c6ad8ad1c3c3afe625,23,True,False,Vehicle,future_incomplete_or_outside_recording,3,3,,,,,,
36349e9caeff483e9d8d25e9743b9f5b,88ed58783df541f0a418d56178ec66e8,b8bf4560106142f88ee2cb137ce9a5c2,24,True,False,Vehicle,future_incomplete_or_outside_recording,3,3,,,,,,
36349e9caeff483e9d8d25e9743b9f5b,88ed58783df541f0a418d56178ec66e8,b8ca4eafd46144cb9681cf4b76359836,25,True,False,Vehicle,future_incomplete_or_outside_recording,8,3,,,,,,
36349e9caeff483e9d8d25e9743b9f5b,88ed58783df541f0a418d56178ec66e8,bdc45c4f68f7425d9acd665a99801f9b,26,True,False,Vehicle,future_incomplete_or_outside_recording,11,3,,,,,,
36349e9caeff483e9d8d25e9743b9f5b,88ed58783df541f0a418d56178ec66e8,c7512987b38a4706b05f0ded638b3f72,27,True,False,Vehicle,future_incomplete_or_outside_recording,6,3,,,,,,
36349e9caeff483e9d8d25e9743b9f5b,88ed58783df541f0a418d56178ec66e8,c8efb99243bf4dc6a28307dc2f47d48c,28,True,False,Vehicle,future_incomplete_or_outside_recording,10,3,,,,,,
36349e9caeff483e9d8d25e9743b9f5b,88ed58783df541f0a418d56178ec66e8,dd2f6543a93b4d04a65422e2c7519b72,29,True,True,Vehicle,,12,3,96975,6b2c3403f3e713cb57ac7e116563aa23aca1cad74b5c50909ed74e33c04be12a|956e24981761aecbd2d985117bfb0a6d0bc9c823decae9c96016654a4430ad00|defe416803144ec6b3c77fde2647364ce556042b85854246db2ed55d33deaa80|68e16b5e5c3cd69a1f7263fd8931d1f2016cf8234b9b354dcf431dfb4c0b9cc0|63492d09874cbd6d1a495f9530bd4b9cbc8dd51041ba85629f7c9ffa90b6208d|798c672d4bdd6770a70334f08763e9204b999b6a43af0ab6af1d34b404c50868,0,7.62939453125e-06,4,"t0 ego planar: +x forward, +y left"
36349e9caeff483e9d8d25e9743b9f5b,88ed58783df541f0a418d56178ec66e8,e7ead0feaa0e48a29417ed27fd155832,30,True,True,Vehicle,,12,3,96976,cacc6ea0eb240e78a91c26c3702d49d3595bddc3b6891d2a7ce9420515211407|4303cf3a994b66dba5e763fb4d933c7c014e6a24fae65cc0389525f8f101d66f|15cb95b839ab07646a41b8e35b958eaf7161bb1a0eb87fb056549315a9f268a5|6947c665e167b7e56e1ffb1def17de3a99c7b14dde0183f808c25a3d851de624|1a9d7372096c6bccbd62563e8ede10dfe9700033b15e235b17508d9cd7a949ac|4d5f71855ff86e54b6022c832170b285ae91ba7b47fb1efcccbdb52cbd26bbf9,0,7.62939453125e-06,0,"t0 ego planar: +x forward, +y left"
36349e9caeff483e9d8d25e9743b9f5b,88ed58783df541f0a418d56178ec66e8,f1bfb432de304b3aa4bbf22278a6a709,31,True,True,Vehicle,,12,3,96977,6f1c44151f727430631d8aaeb0236f6bc776474a3d6bded5c4c4036b475cefda|5edf7a326a45a320fdf0465cc97165214776ff0aef9ba55755d7773955783b0d|726bcef465552971723d22b33a1f7743863fd842f21b137a2b09b4c7bebf593d|845478b7aa1d511a4beb87d5b28adb988eeff57dd2a0960dbe08cb36a62e2467|93ff18040222d4a23e69c86df362c92dff151fd495af466b5d3ea4848fb87df5|4f50709e3d3cac7a48e23eb791b65d48ff12e3a47763433552894b1cc7e6837e,0,3.814697265625e-06,1,"t0 ego planar: +x forward, +y left"
36349e9caeff483e9d8d25e9743b9f5b,88ed58783df541f0a418d56178ec66e8,fdf5d573336746378941b74268a1d846,32,True,True,Vehicle,,12,3,96978,5d91ff2b0a7d63750dc56e485c530a4ba9f87f95595795e003be001416584722|b591b865608b2e6857de90748711fee09fc860fc7bb636f6937bc3a182b47bb9|c73c5611cec31af5bfea7688445ece15f5869b56262d141d70796b2991e0c953|9047e04fe71980511368bf06e5a2393f766b7ed3ed4d5a3a745eec6bce35cdf7|961df58f1dbd60d81d953e8906800ef8f701c88f67390e07fa29c9a8c0105bc8|71f09d7dba7272f70e5353cff1b6e9c1b75ddddb956884e93d8ac0bc683e0a23,0,1.52587890625e-05,4,"t0 ego planar: +x forward, +y left"
36349e9caeff483e9d8d25e9743b9f5b,aa342ea3cff0428b929afa25a9250cb8,1010ef0b85364bd4a3acdb55db7cb309,0,True,False,Vehicle,future_incomplete_or_outside_recording,0,3,,,,,,
36349e9caeff483e9d8d25e9743b9f5b,aa342ea3cff0428b929afa25a9250cb8,2167a5cfcba04987a3641d2971373fb4,1,True,False,Vehicle,future_incomplete_or_outside_recording,0,3,,,,,,
36349e9caeff483e9d8d25e9743b9f5b,aa342ea3cff0428b929afa25a9250cb8,274693cae84f4f589cd14fbadd9b6c54,2,True,False,Vehicle,future_incomplete_or_outside_recording,0,3,,,,,,
36349e9caeff483e9d8d25e9743b9f5b,aa342ea3cff0428b929afa25a9250cb8,2fbb8fa0df4d4b5cb998e511865fd54e,3,False,False,Vehicle,insufficient_history,0,3,,,,,,
36349e9caeff483e9d8d25e9743b9f5b,aa342ea3cff0428b929afa25a9250cb8,3264df83f54d4144b5b0bc3d88cc550b,4,True,False,Vehicle,future_incomplete_or_outside_recording,0,3,,,,,,
36349e9caeff483e9d8d25e9743b9f5b,aa342ea3cff0428b929afa25a9250cb8,3330eec42df04416812fc93b48a0f68f,5,True,False,Vehicle,future_incomplete_or_outside_recording,0,3,,,,,,
36349e9caeff483e9d8d25e9743b9f5b,aa342ea3cff0428b929afa25a9250cb8,3b3211ea297745b3b5cf52caf5c82036,6,True,False,Vehicle,future_incomplete_or_outside_recording,0,3,,,,,,
36349e9caeff483e9d8d25e9743b9f5b,aa342ea3cff0428b929afa25a9250cb8,4661aff6942e43ca99395c5c36b876e9,7,True,False,Vehicle,future_incomplete_or_outside_recording,0,3,,,,,,
36349e9caeff483e9d8d25e9743b9f5b,aa342ea3cff0428b929afa25a9250cb8,56bc8465342d45bea1594d6d80297457,8,True,False,Vehicle,future_incomplete_or_outside_recording,0,3,,,,,,
36349e9caeff483e9d8d25e9743b9f5b,aa342ea3cff0428b929afa25a9250cb8,5bbf59ac670e462fb83b2f0a85505a3d,9,True,False,Vehicle,future_incomplete_or_outside_recording,0,3,,,,,,
36349e9caeff483e9d8d25e9743b9f5b,aa342ea3cff0428b929afa25a9250cb8,7271943d3bd8412ba784cd698cd580a5,10,True,False,Vehicle,future_incomplete_or_outside_recording,0,3,,,,,,
36349e9caeff483e9d8d25e9743b9f5b,aa342ea3cff0428b929afa25a9250cb8,73e7ed3b33304c70b5b7738166973bc7,11,True,False,Vehicle,future_incomplete_or_outside_recording,0,3,,,,,,
36349e9caeff483e9d8d25e9743b9f5b,aa342ea3cff0428b929afa25a9250cb8,7d36688d3c624a008aa5f008612e1802,12,True,False,Vehicle,future_incomplete_or_outside_recording,0,3,,,,,,
36349e9caeff483e9d8d25e9743b9f5b,aa342ea3cff0428b929afa25a9250cb8,a16e8355defb41a1ac4131060f51ae29,13,True,False,Vehicle,future_incomplete_or_outside_recording,0,3,,,,,,
36349e9caeff483e9d8d25e9743b9f5b,aa342ea3cff0428b929afa25a9250cb8,b18ae3c04617451ea5adc5e8ad056cfc,14,True,False,Vehicle,future_incomplete_or_outside_recording,0,3,,,,,,
36349e9caeff483e9d8d25e9743b9f5b,aa342ea3cff0428b929afa25a9250cb8,dd2f6543a93b4d04a65422e2c7519b72,15,True,False,Vehicle,future_incomplete_or_outside_recording,0,3,,,,,,
36349e9caeff483e9d8d25e9743b9f5b,aa342ea3cff0428b929afa25a9250cb8,df56d0a036924fa4b237c3840b0e8b33,16,True,False,Vehicle,future_incomplete_or_outside_recording,0,3,,,,,,
36349e9caeff483e9d8d25e9743b9f5b,aa342ea3cff0428b929afa25a9250cb8,e7ead0feaa0e48a29417ed27fd155832,17,True,False,Vehicle,future_incomplete_or_outside_recording,0,3,,,,,,
36349e9caeff483e9d8d25e9743b9f5b,aa342ea3cff0428b929afa25a9250cb8,f158d8197d69498f88be5fcd409583a5,18,True,False,Vehicle,future_incomplete_or_outside_recording,0,3,,,,,,
36349e9caeff483e9d8d25e9743b9f5b,aa342ea3cff0428b929afa25a9250cb8,f1bfb432de304b3aa4bbf22278a6a709,19,True,False,Vehicle,future_incomplete_or_outside_recording,0,3,,,,,,
36349e9caeff483e9d8d25e9743b9f5b,aa342ea3cff0428b929afa25a9250cb8,fdf5d573336746378941b74268a1d846,20,True,False,Vehicle,future_incomplete_or_outside_recording,0,3,,,,,,
1be49200788d4e38ae4496b27b233ccb,283ca7ce51bb4f8c8655cdbf7a431744,0038d124fe5543799cbbc67eebfc6307,0,True,True,Pedestrian,,12,2,255355,eeb509650d54ff009191ef4e83134e35c9605846f243f5cd89f8ff5372eca0df|35133832fc460ada490e715a03b076037b9d0af708e8939a930559be68e107d6|035bbebdaaf1ce27f5b5f5fc298e3cfd084a3317ff12b1c2578f86f5ba3368de|9fcea057c1cd02bb663fe498df669ece780d15b041e8d5228100ee99eec161ad|0b9ca852d5293afdc82e927114134d454a43b46253b2dae2e0bef4032eb9575d|20b4a3f71119869ef0f797de592c38fa5b8ca8885b5feaea48905d233e878800,0,1.9073486328125e-06,1,"t0 ego planar: +x forward, +y left"
1be49200788d4e38ae4496b27b233ccb,283ca7ce51bb4f8c8655cdbf7a431744,0c3d5c98b7724d5da9881a3b85660ab7,1,True,True,Pedestrian,,12,2,255356,cd0c18cce4b34ee29c1e1115d27bc9d7a7d211726996d84520258456a88d24bb|daa684b48eebbe46b56f1a9d99ca5864808680c2d6f7dad1085e95d7b758a1cf|6a01a15e172ee98bd953ff23a92765c2d476b87e0539d57e06be9624ae93393e|14672378f51ad8df23052da4c637ee84aaa426043fbb7af73ace982225f9a7d0|2389b9b49bf51945a858b38fb6ef139a188d656103a28322686265b0dd84ceb2|a166d2e3754bb1fdd3d08976dc5a6b389e2f9e5ee277ebbf379c63a923767e6a,0,3.814697265625e-06,5,"t0 ego planar: +x forward, +y left"
1be49200788d4e38ae4496b27b233ccb,283ca7ce51bb4f8c8655cdbf7a431744,0eb8e506bdc64854999e2d2aa854b21f,2,True,True,Pedestrian,,12,2,255357,329ccaad2e6d4fc3ee7896e0311f932ac456e94805fd151ebb4c29467de69c61|366a2b9961ab269fb70c06306beaa545ddd47a91e87a5b89d6de2eae6623da11|8606736bb85e0aefacb29eec20b51feb8ba09463edb454410f44c67196d1fb82|7757a97cfd1c2e9b6ddaae7ab0e59a7c3237a9b19a7a5eb5c70ce95208d0d61a|d14cce24f47eba869982054a1af69df01a2740370ac26c4c115e7b92d0f432e5|019937e1f265938cecaca1c3f8e126e50947709765f259d4c987978b5b657463,0,1.9073486328125e-06,1,"t0 ego planar: +x forward, +y left"
1be49200788d4e38ae4496b27b233ccb,283ca7ce51bb4f8c8655cdbf7a431744,12a88901ea384cddbb751cfd19c5695d,3,True,True,Pedestrian,,12,2,255358,1fbbbc7284fb0f6164fe994239f69f6db30f1a78aed59d6db4412bf417e5e6f1|45ae73e3966e7994da133a9c45ee63d25afbfcc76442520afc0df6b93d2de556|6fd1f517617cc820e701b9ad46b6ea2622e993438f0c591e649cc7b11c65ad61|1460f318fcf6761b445d68e7bfd7541f438fd5ef9ef0b0922c02264b3529afce|aaa9b1c531c5c313054b4b13dc78f5c5befdfb98a5c0acc19e463c6098047aab|4d16b7aa3519bcfd32e0e27924107c02e8088151383794ecd16336b0906a805c,0,3.814697265625e-06,4,"t0 ego planar: +x forward, +y left"
1be49200788d4e38ae4496b27b233ccb,283ca7ce51bb4f8c8655cdbf7a431744,1490505fad5b4638be5ab1e4e6d6f9c8,4,True,True,Pedestrian,,12,2,255359,c77f13c2d36f14eba437146bad7572bef4243b525a5ba978fd682430c62890a7|a2968ca380ab97c153ba08667941f5646f3291887dfcb75950e370c70a908459|b01a3eee0977ad71fdf828bb77ccb5d5fad25efc778b0257c6877ed61b9392fd|2264ead4f488af0981742865eb4b7ef684298b4d10880ee9e19b5520808815a5|a4c82f854b55123200ab9cba25633ab9829234bb3068cdcfb8b8149530432000|6cd16bbadfe761ee27ab5783b38bcc869efbc3ce2f1462260faf9ef2f1bd243d,0,1.9073486328125e-06,4,"t0 ego planar: +x forward, +y left"
1be49200788d4e38ae4496b27b233ccb,283ca7ce51bb4f8c8655cdbf7a431744,2424e66f5e5c4da4a5aac7df1d3095c2,5,True,True,Vehicle,,12,2,255360,a408555908ae3888d01f78a8bbbe3b191f3c7d2ac458805a9f7bdd5f73746161|1566ce8fd245cdec2e70ca7ee5792cbb52bf7799a0f41928ebfa73832565d731|2834d41124c62feceb6c65aca5d00a7c8d7c1686525aebb2e317259243929122|3dcc4082df6e5e028efae17d5b4a2777de73ecf2bbb7cd77e93955e93bfed8d6|4a93a8546ce7e46049009504eb63558a789e446d9553211bf48ff72c83a53b5b|0ce02826d922fa1125e93d090980baeafbd6206b9dacc2d908a0dd487ff831e3,0,7.62939453125e-06,4,"t0 ego planar: +x forward, +y left"
1be49200788d4e38ae4496b27b233ccb,283ca7ce51bb4f8c8655cdbf7a431744,2837116afe674548b8855427e0ca390e,6,True,False,Pedestrian,future_incomplete_or_outside_recording,11,2,,,,,,
1be49200788d4e38ae4496b27b233ccb,283ca7ce51bb4f8c8655cdbf7a431744,313470f3cd724873a544b6a05e11c4d9,7,True,True,Pedestrian,,12,2,255361,ebe24cddba55bf96f0e3b47bc8cf623a3f326d622ed001896625d62f16e8c547|23f9b0d09702330eaa89ee79bd972562139b04a8dc752b9660e8cba33ad369d7|034294188802de28c0ac3801a65ec882fff2c674d8c2943c847ead50a578fdec|ff40ad8f90c50348b104b13502753218ec4ae8acb7e0e5b7c67fdf2b3dc999d7|7d20be83a3648cc611ae185edf3c80d33944007cad8eff712a5135397702f405|cd7bfbc4c420fc3ed7ba61f0d9da84960b11aa444f923d930e91d8143a96b636,0,1.9073486328125e-06,1,"t0 ego planar: +x forward, +y left"
1be49200788d4e38ae4496b27b233ccb,283ca7ce51bb4f8c8655cdbf7a431744,42f37541b0dc4e55aa686368683e6ef2,8,True,False,Vehicle,future_incomplete_or_outside_recording,0,2,,,,,,
1be49200788d4e38ae4496b27b233ccb,283ca7ce51bb4f8c8655cdbf7a431744,47624df887a646f5b4660a79fceb5b4c,9,True,True,Vehicle,,12,2,255362,2381c7046d6546327d548437d187b1cf459d7167d85363a0027141ff097585c3|a57d199eae03ffae8001f96923117bcc9b44f1a30a9aa8e2b7cd5685b94095cd|812326beed467ba845d70ac8af734300795bf0a1f5b9fd2591dd6ab90ec7adc0|775cc6e8161cd3e03dc0cd6dd3f1108055386b6b07907d491a8fbe77db7729d1|d5f0a679cba307134714a2c46d7313ed55cb202e4be33a5ab3d7cc4b2df34e36|33bc5ec24b9c2338ed02388c6c3627db2e6ae3d7df867581936fc0356214095d,0,9.5367431640625e-07,5,"t0 ego planar: +x forward, +y left"
1be49200788d4e38ae4496b27b233ccb,283ca7ce51bb4f8c8655cdbf7a431744,521cf6ea1ec94c4b8b7382f1c9a98e32,10,True,True,Pedestrian,,12,2,255363,4c4262eb0d5b70017dad1ad1e6efa044bcc1f7fe2942422a65b0cfd437103471|c42fa76c4e04308482836189f34bad7a72501d406b69d43b86b1280bcc8c3ecb|e1c368bebd7c0cf806ace580a81a337c4f3397c26342f76a75519155df15584c|0e9a0cb7ceac6cc08b120c80596a7980e18629c2aafb1e054e603bd2334dab1a|f5c1c49fd906b1e2c7822072973f81cf7add1b1efd6adcc9ba46c9050575c131|819bfe3da4b062c1f62520eddd542430b62691fdc6382628564e555b0ec5da45,0,1.9073486328125e-06,1,"t0 ego planar: +x forward, +y left"
1be49200788d4e38ae4496b27b233ccb,283ca7ce51bb4f8c8655cdbf7a431744,5d0a94cc357d45e5a03424c966ccfcd2,11,True,True,Pedestrian,,12,2,255364,28711a473db2ead5bcb68230525b9c29cd052e985b9d18ddad4b834548a5b4b9|8393365f13ee5be148e540cdd0ef7111d8750a0f069e719d1bb53385bedd6d65|cc0ed1e3a3bdc2051f9da8f69cd32d1c8eb7dbce69572a8f3d8e8ffe76030543|5ed1b974ec46ed0cfd05d15ab9fa295107a73651d71b49b92da6cd5444e05f98|efe1b70c388cd77937f61f563f89e307a66ca6b08cc6f8cbb2f4230d81faa84f|a035a0584753af8409b6bfad6206acbdf049d3eafd70b3a1e772929305d6cf35,0,1.9073486328125e-06,1,"t0 ego planar: +x forward, +y left"
1be49200788d4e38ae4496b27b233ccb,283ca7ce51bb4f8c8655cdbf7a431744,5e547a14036e486ca0d0ccb5fed9e73b,12,True,True,Pedestrian,,12,2,255365,a9736697faa5070e821a4f626b2fcfaa2752564c843e3ea42a45359c9a1fb476|ee37fe393424fabdf5980aef38632ffccbeb3bbdbf2827e158c155be77f24002|d13cff0fa8e410e56744f5e82236501b744db7e4adc3e45a20704b94b3f59bd9|4eb4750fc22b40c6383646dd963ebcc61fb3d771e4067bdb3b165ad0acf71304|834f9ba84f0ca20459bb86b6e51020ce9ddaca5cf086df5ce12cc81b91acb0fa|e220902b885249da42a85fea1774999efa9218aedbad3ee36e3b318bc92e3efc,0,2.86102294921875e-06,5,"t0 ego planar: +x forward, +y left"
1be49200788d4e38ae4496b27b233ccb,283ca7ce51bb4f8c8655cdbf7a431744,5eeec4deba5f4473abac63b213724e46,13,True,False,Vehicle,future_incomplete_or_outside_recording,8,2,,,,,,
1be49200788d4e38ae4496b27b233ccb,283ca7ce51bb4f8c8655cdbf7a431744,67c42a6060ba4fca991e658af18f5a1a,14,True,True,Pedestrian,,12,2,255366,93a23525e7eee0f8822a6b1906f5c83de71a6f5b2eebbf5b2c1bf254141c3ce8|64e68e7d8e178d869faab1ec806326853ad6373fe436a779f7f3abf99236588b|2403ae6602d1fead96d8bea5ec55b81f174ea38721c8e3d3979e21fb12e20e93|92b1d82381d8b1ae5c045f20c074aba043fdc8f4e93a1edb5de11096a3a83b26|a793e0a90231d621b3378919c363bfa9e8bccb6227401968ed9a5e7e4480afdd|48bc1e5ce87a760e8841513d5f0ca4e0b7228ae0dd668c36824f0dfcd7e5e89a,0,3.814697265625e-06,4,"t0 ego planar: +x forward, +y left"
1be49200788d4e38ae4496b27b233ccb,283ca7ce51bb4f8c8655cdbf7a431744,67fda15c469b489a8dc32e7c325d031d,15,True,True,Pedestrian,,12,2,255367,7a4195c569b47297a6c8e65c6e0206648c271aa840d6ace50b51e8d990b0ee9d|b52d5924fb75cb4504afc986709db274b99894390e6453e860ad73583f0b1b8b|a572d7eac4b62b4cc8e72cea8107e73fe4615e49e5bc7bc84d47289d6750bf68|73b2cccb06adc1f865630710637513c803549aa89a54e7a39d3722f8d7b7f023|c09ed046f5acc15a24f18ffebc4153268e7b23a383a715ff8dcb3e9777b051d8|d2862f79f743befaf2e7e687c6dc52d23b99f6d1d03377bbb3049ba0d2cf4960,0,1.9073486328125e-06,1,"t0 ego planar: +x forward, +y left"
1be49200788d4e38ae4496b27b233ccb,283ca7ce51bb4f8c8655cdbf7a431744,6d704d896c6a4ae38e8462545de6ac85,16,True,True,Vehicle,,12,2,255368,ea4fe985afb512709073c2d5134eb1582a81495b51e5cfab762189b8c7395297|26c73897b0a6af793b3da13e409df4e2b9a6e2e4baaaf20ae2f165388a50c605|02f036427de2dab7c494ceee194c148906ebd253562ee1476d4e35dbd304fa1c|9fb769ec1a62d3b52c48c15f43d3acc57505791f195180749d9772062ea13ef5|f64e5041ac6aca9dc1c335a99f538785c7b48d190be67d6b50d152c47ce04776|35ad950b0c1abc40b5d580de9646055953d6581042b62e5372c054fc01516359,0,3.814697265625e-06,0,"t0 ego planar: +x forward, +y left"
1be49200788d4e38ae4496b27b233ccb,283ca7ce51bb4f8c8655cdbf7a431744,7816f94988d8463fadbe56ca08df174a,17,True,True,Pedestrian,,12,2,255369,d51072f48cd457db754b571592bb519184140ba967fe16b4da01bc8abb3eb5fe|d9bc6e5544cb2b392aa0857b5dfcfe6a2e9ac2bf787e8c47aefdcb9f4803bd95|aa410a921f1bb5cf19a11c663cc85ffddbd81ab1975bc979ad645674263eb14c|550f0270f820d8cdb2f76dfbe24b347b8a43ce7ed35a533e787b9671a3768965|4e78e23ce8fb363194456daf2108f410a75b7ecb4a088db91fc45adeada5906f|e1fdbf414c1cceb4ccf93d97bf19333897f233897e9a572dddc2b96b3018a309,0,1.9073486328125e-06,1,"t0 ego planar: +x forward, +y left"
1be49200788d4e38ae4496b27b233ccb,283ca7ce51bb4f8c8655cdbf7a431744,7982f382074f4f3bb3e0f73a1ed1037a,18,True,False,Vehicle,future_incomplete_or_outside_recording,1,2,,,,,,
1be49200788d4e38ae4496b27b233ccb,283ca7ce51bb4f8c8655cdbf7a431744,7bbe645f24a44b918f56d8b754c96bb1,19,True,True,Pedestrian,,12,2,255370,cc290d6cf0162764eb60b1015309b587d6e7d99ecc570bce2010d20ee5a4b1da|c57b54cf99f79807e7338636c471309b6543e30b374fb913bfa9633dc611785b|b7a1688bfd8caeba8c0e67b54c8c40a37cea4c5c3f936f671073278892ca32ad|5652367e63a1e1f9b6de699b061b03f07a6a1eaf8d92a84422ebbf1bf3f93581|40454cc5010018d9861adb2de9fddce4481a755dfb525aae2faf31770d3a138e|d0d35a83137a0ad58f09fa2b016f0460751ea5fe5d8b25fa7dff719f732db7bb,0,3.814697265625e-06,4,"t0 ego planar: +x forward, +y left"
1be49200788d4e38ae4496b27b233ccb,283ca7ce51bb4f8c8655cdbf7a431744,7eea6c92035c43c69ec3feae6bc0e672,20,True,True,Pedestrian,,12,2,255371,24b27f2407cc5ea4d4115b464c224a4203dc14cddc95b42cea94f06bbdda65fe|d6209b6be026a8a047bfb2ca2000b0dcb51212449d1953e29ca5f57791e18664|66d35a9da66abe3d33947d3207fd4edd05d974a62b7ad87e16d740d577ae4f8e|1b600eccfc497ca5ebe5fd6aeca3238a4028575e78442877656672398cebeef0|3d5154aa33fa4a998a5a5d48f148901a269fc0378bdb771a5460e34d5a06b4e8|5ac16504232112a7d491a6a18905b88e26548ba16c8977830ee7f72b3873a957,0,1.9073486328125e-06,1,"t0 ego planar: +x forward, +y left"
1be49200788d4e38ae4496b27b233ccb,283ca7ce51bb4f8c8655cdbf7a431744,95db42e8beff47afb3e8ddedc1c0de22,21,True,True,Pedestrian,,12,2,255372,1bceff001814cf32d689c3c3c70ae57054c982366b1a520a4ce786c744d73f2d|654e6e415f5e57642a378aeef0050990d94cb9b2c20b654ee8d68ac72071a403|cbabbe7b5c660fd416f876fd3d65a4b32007ebaed53a91beb09eda98c64fc641|0eba45bc75bdd7c6704ffea953da884dd73580806ce71bfc5a5bfc92e585d4b3|19825b5c7a715da592c8100fbe32fbf13253b2b5d1b362d5ed6a682b15927bcc|2709e098cb71f8cba97d54ad8d954f84c6b464f01730c50a5a768e6c0250dee3,0,1.9073486328125e-06,1,"t0 ego planar: +x forward, +y left"
1be49200788d4e38ae4496b27b233ccb,283ca7ce51bb4f8c8655cdbf7a431744,9a26c2af72564d99b302661c54d0887c,22,True,True,Pedestrian,,12,2,255373,cf314402a84e683586e763e5ea8fe04d26ecee72aa9374f84a6628ae94f403ef|49bf72935a19b29ca908dc7ad9fc0ea058193c6514c50a47d155b5f35c5484e8|e83528f46059b86dde104c2e01de5f31c3f7ffaac33eba8dd3289cf63a0ae72e|0cc8f13c8e10cc2b7b81102d51829dfa22c0ec0c40ae5104c9ef9a55257d7e42|809684446bfecc96d972c1d39c7321ddb6c30e9471d5936a15ff9bfbe9cf644e|175173198df1f76d195439f4eb3bb12c652aed4fad79e173cb8a3ebf32f9697f,0,1.9073486328125e-06,1,"t0 ego planar: +x forward, +y left"
1be49200788d4e38ae4496b27b233ccb,283ca7ce51bb4f8c8655cdbf7a431744,a05ee59e0ef340f19447b95114c3f628,23,True,True,Vehicle,,12,2,255374,a2dbadf5fa8e6d0e6184323f4c68e24a5b126260b21196da60bd8faada305aa3|dc94e4c8be6fc00623f57760e356a234e2faf05065995ff3779f2e48df0d9fb6|aaa04383cf8b88b8899944d548b20482db459cd2a2f1a15b8c9230da7d6447e1|34fa4b4e554f94d274072ef9ebd4f1a51869d35571fd4cafd85b2bd91ac0d855|27f409935770747fbd17fbca5eb52dc09404dcff0f648a391c55c1e76c79d226|7db5864cde818699c4451ec555eba437941019dfa073768ee4e5d3bee4dbb464,0,3.814697265625e-06,5,"t0 ego planar: +x forward, +y left"
1be49200788d4e38ae4496b27b233ccb,283ca7ce51bb4f8c8655cdbf7a431744,a6891a42f42147c3b22477c3fd738830,24,True,True,Pedestrian,,12,2,255375,5caf579dacc7565a3ba03c355ea443f040f2c9271bdf20ef400269d9360c589a|ad4e4ec1fdf23eee4574c43ee9f277d239e4a9b2d93f99ad6f0ad1e9e0931306|74a61cee1ab95148eeb15cc049e5630381413f22e113649e891ab91182d1e731|d7795b8d1c5a355a649f70f2fefe004488bb168880d275cb2693b89cb595ba8a|76e931495b2265375fccb1592be9ee15f183366571b39beef86d426548f4194a|75576b5d98063d7c93250f777ed6b018dbea7634063aeeaefe4f4a72257308fe,0,1.9073486328125e-06,1,"t0 ego planar: +x forward, +y left"
1be49200788d4e38ae4496b27b233ccb,283ca7ce51bb4f8c8655cdbf7a431744,ab7506b2776847cc9931222a2c11dd02,25,True,True,Pedestrian,,12,2,255376,e8a4259cf08619aa7a0d1acaad3f13ac85d18281a65f5419c09ea73457556cec|5ec8250c3c870f315d1a48be8d5d93d9c0bcbd924c0c123ec2ab9c18717c1e51|3dcd7830688a2cd3d3ca629b3d28970fdd9393d9026e9e16cf46e2ecaff5db1d|4f08dca038f86798f2f79ad4d9b5d1dd3c77b530cda953f4e284bca3ba556c53|1803ebca4e024c9441a18c225ef6a77902ba37ad03f15152816df4ae3acebdbc|e8d0df0366bdd9b8ffa67f0fa1d570f0b159b372b722adc265483e46734aff5d,0,3.814697265625e-06,1,"t0 ego planar: +x forward, +y left"
1be49200788d4e38ae4496b27b233ccb,283ca7ce51bb4f8c8655cdbf7a431744,af0892ecc0e14d14b94b7c11cab5149a,26,True,True,Pedestrian,,12,2,255377,6e2cde56124bb0d7ae9eb24279f0c48908e6a7eeedc6b3d8d27acf7f51785812|4e3011a232e07348055bd98494decd4eae6ca22f4c60c7f8aadebc42926e9073|c1331944040355b1ed258131f5bf2a06a5cbf76c9985024a67de4cd75df217d8|62445b8e4e7f2cb281ac86f5d8864c1684621032ddf31a63ab920ff0f3aec838|10126d719d16ce24283e01d43d29b2c60b89e46b2c844d2ef8718dcfbb65fba1|8caa5cc2b59e7bf1ead8ab99e619afa424dd45bd0563089f54312ec2e8754be5,0,1.9073486328125e-06,1,"t0 ego planar: +x forward, +y left"
1be49200788d4e38ae4496b27b233ccb,283ca7ce51bb4f8c8655cdbf7a431744,b5860b3b7c4e420eb2c785891422422e,27,True,True,Pedestrian,,12,2,255378,b36195c8a2b78bca6ceb387426b7fde750266b0de5588d9e971e81f38535e1ee|fb116c82d0aff4c91597a358f0b871a444472baa4a423c9e41286f77f64b7fb1|3a46a9c155d26b8747c03d292d5d8b9d7d31ac3b704427dcf791cef21f6ba9b9|4b010e041a5896d8f11607726bdfe381663620bada3b428faeb4d942e9c4a83e|fae9a40f046e87c101c4b604262457b4a905cbd2e79cae5037a05881a74c6101|93a3a0eef345363659fae5ece62a73e462fc9ad8af5b7887ece955d796009ca1,0,3.814697265625e-06,4,"t0 ego planar: +x forward, +y left"
1be49200788d4e38ae4496b27b233ccb,283ca7ce51bb4f8c8655cdbf7a431744,be7446e9373a4db8896f6470231ca6ff,28,True,True,Pedestrian,,12,2,255379,6f4a593e4f144fb92cc449880621f1491e58b93897e6b2a2d3d913e789f7e6ae|351c89aff1805151a06523c35fd021dc6d918e4aecc99075b3fbf717b9a3389d|54961210acc3f4dae6888f68a1c2883b13ea9825b424b27e4205510c40d0f648|d47bb5e830d94155ed3ed1269ba254172bd4b43cca1992f12edb98ce59d2e613|c057b2d062aa88eef444f353206ddb26ee85ea948628f716e8dd8855ae3551f9|522d6bf9de12fdbdc23dec0e0e629b567341aebebf63e25a2d08eb108f079868,0,1.9073486328125e-06,1,"t0 ego planar: +x forward, +y left"
1be49200788d4e38ae4496b27b233ccb,283ca7ce51bb4f8c8655cdbf7a431744,c94d5de08e6c441dab65969a496cc1e7,29,True,True,Pedestrian,,12,2,255380,7b219a5ac91fd94c3072c58bc25dd20e1d36a06acef718d0a1cc6e240a63bbbe|e5d8e0011364e36f56ca65fef0eafc09dabe959d9148474b7927e2315b182169|8674a0c38ae17da1cbd67152ccecf0c603fe3ba82a3162b1e4aba38a90e41953|2d432c2ca5cbadd7bd38952b3e426b85ac75e567d717f5f97d3ea02669106c15|eedb3d0d2341a00e093b28628c85c9e44d68fadbb8af627b8ccebe3005547b98|27acaebbcbb9e7ce185d4c7dec6b89ab9187332e23578134e341d2161cbc8adc,0,1.9073486328125e-06,1,"t0 ego planar: +x forward, +y left"
1be49200788d4e38ae4496b27b233ccb,283ca7ce51bb4f8c8655cdbf7a431744,ce6958bb99f944fba8c1c61329e6ab7d,30,True,True,Vehicle,,12,2,255381,4f748058f0144c1cf481be510bd1f5a04c7992ea33c199e8911e6caa9de6a367|8df898e5d56a1ccb1e84ba342aacf83b9c62c9c4402643bf84493f4fbc96d3e2|ef46e5ad7b9b4bb5e25a7410beaa646350a5f8d390b06743294ca34f1f10775c|2276ce7d7d1fa4833c5264f37baae7263d2631969cc00127a3a6f68b67890a4e|a1f77f5e91ca4f71802ff14c5f6ecb6a291f0f81cad7104abd61db1dcc809c13|1ea0347eb5f2f209d1ca798df715353b8d107dcb861bc8e0c395801a60604310,0,3.814697265625e-06,5,"t0 ego planar: +x forward, +y left"
1be49200788d4e38ae4496b27b233ccb,283ca7ce51bb4f8c8655cdbf7a431744,cfb7d8fa3dca4943b224b3b776879f0f,31,True,True,Pedestrian,,12,2,255382,4d265d8a0269d1ee3b1830e875144ac99a0c9c12cf7e34312e0ccfdcf74ee95d|f160f1b83be7e3e550c925405a46b1d2f1207a64b358d294d45a7dc654fa1694|993b901cf199470e9cdbd3f3260923e01a1e33ede9e67bca3b0aba1d3c3f01e8|a05569a8750407c3ae0c80e08d1563d93a838e1be47cbb89c28fdba185190015|7472fc04994dc2330d557ed32902b1c98e97a94d52bfd7cffa904f1f4cd3bed9|904b109479bc5221cdc70d712a365a5380d5f815724c06755d5aa0a99074394a,0,1.9073486328125e-06,1,"t0 ego planar: +x forward, +y left"
1be49200788d4e38ae4496b27b233ccb,283ca7ce51bb4f8c8655cdbf7a431744,d25dba611e87451485c0c48a3a2a163d,32,True,True,Pedestrian,,12,2,255383,2b163962074ac4d21e5a40b94cdecf49f4e64c2023b5a4c00022f8511db9ef09|8feb0ac92a98469c9cebb8fee011979afe0946f35662294bf3cc4cade8e19efa|acc78e7fb3f10565d351abef4a87d218afd10fffeda8c2caf3902af78d6c984e|71684d86aa6acfbb0f5ab2c0033a56d011ee8544b0fe38618a81382f4c2f96a0|6dac66870f32bf67f227350314f1427b04c2b43dc64fb69b105eeee7b7ff8a09|a63a16174f8381aafb4f81211b3632cd88de9fd17c36cdf6da5052b0a7fabd6c,0,1.9073486328125e-06,1,"t0 ego planar: +x forward, +y left"
1be49200788d4e38ae4496b27b233ccb,283ca7ce51bb4f8c8655cdbf7a431744,d768c2f9d39344ff938f48f83545422f,33,True,True,Pedestrian,,12,2,255384,d72f9719e3165053fb22e55356fd760b92f0204e72c3458c504e2ce0c04cb1c3|e9fa218222abec88602c4a1f5480c48b0295285f54746161431b5633ab5460b2|8a02d900809daf1e3e16c4a4da7695b2e2295986a866d9286129f8773950498d|52d43510ee9a461b3af53c29232e57dd39030be8a65a60179257598655a15bf5|819c8f62629fe96ecd256139a883e7aab6b98d25dfa480e14b06fe92dd8bddcd|0dd476412b115d352d456fc3bfa1479e841a3a335fc5d05a3e9064cc5b7150d5,0,1.9073486328125e-06,1,"t0 ego planar: +x forward, +y left"
1be49200788d4e38ae4496b27b233ccb,283ca7ce51bb4f8c8655cdbf7a431744,d774201804484bfc9445306b118f35e4,34,True,True,Pedestrian,,12,2,255385,a6b57cfa1866c284bedb21cf97278d41e2626df572e11a8e3759f806071fd875|8debd6e605764bae9049eb6f47e7ff22030323fb4c6034b5f645eb22f4c47ee2|3985b7f858990548d714dbe502e72284d0298c02d7a7131d2b54b14aee240009|9d8398566f1269ab172a37c5497d70cc2edcd26c0c97be7cd6b5957721f7cf0a|e850f682c57e9b1126ac60a275c45a906584e087d312dd0499cacba106c5d74e|42f45400abeb5394a07ba2edd409a6d5c6b1dd1deb4f6f1bea38914a2377ed9f,0,1.9073486328125e-06,1,"t0 ego planar: +x forward, +y left"
1be49200788d4e38ae4496b27b233ccb,283ca7ce51bb4f8c8655cdbf7a431744,ddb34749a71e4ec09951e6486e1cd09c,35,True,True,Pedestrian,,12,2,255386,a5a97f92dd1e35658b781dad3e7f282d873c43d58777683a7192131539e633b0|9597fccdad1177c1ecb9eb6a9790236e70aed9b82f04a7a2e7f0feadbe8fe8ab|be1b2326da93f87ff2a08599e2bdb6086e6008bf72bbd61d7abcd16c2970d755|78c51454cba4fc1376fbdcb3e25b046baeef2e4ed251fe397f6f368ab6e0c47f|fd779b6c158c5d4786aa893da8ec1587e8929c5d1bc3a31d1d8a3fde374218ec|41c437c107a55e2adcdd72c5f3a1a2a3f1301ec4663d5cf333523f2d651dbbb3,0,3.814697265625e-06,1,"t0 ego planar: +x forward, +y left"
1be49200788d4e38ae4496b27b233ccb,283ca7ce51bb4f8c8655cdbf7a431744,df15de229b9745dfb2fd298b195edb85,36,True,True,Pedestrian,,12,2,255387,0e3af567e1efa6279cfc8c34929f2deeb534284ece06af3bb2f688510fa5115c|56ed7af2ed167df493be886045e1c11661a0ac78880f535f383c6ba241f39ac0|9f8cbfca87f403cbb3b81e7c2ce540e2e6c2995558fdcbd8882a127e1e22b0c4|3de820710e59a8c56d8756aa8ae896f1cb9894cb671bcf552d657a6be521b4f6|20b6838b619d73f0281de8bc32b12201a81e9112449eb7d9ba98008a58a57460|2d214fdb5d1c6b4210d3043f71873ddef7e2795162235e9c7ca52fc385bb8862,0,1.9073486328125e-06,1,"t0 ego planar: +x forward, +y left"
1be49200788d4e38ae4496b27b233ccb,283ca7ce51bb4f8c8655cdbf7a431744,e12e9008215b400c845e37bca5a9575c,37,True,True,Pedestrian,,12,2,255388,bfef72bec7e9a02c9b9d28537ce56a6265d5af27c902f335ff493644d2b3d816|770518c20b7939f699e91bc285416985bccb55d3232560e765813a792c59c8f3|2c8c0704b2ff53ccc8a59016daa223f34571e96a10ef1e4f2aae4c46558ae7ea|21977fe2d24da7ed51b1559ff24bc8ce592485eb10ccf8e524c496e6af4cb131|6947955ae71bf95db140a8c7891949d4703f69698e6f54428a3aee58a1f2a9fb|fe9e950b14edb29625963ea5321e38503076ec6e7c546ac3aa16e72641e45fbb,0,3.814697265625e-06,4,"t0 ego planar: +x forward, +y left"
1be49200788d4e38ae4496b27b233ccb,283ca7ce51bb4f8c8655cdbf7a431744,edbd8b49361b4a179c2a9876c3496d0f,38,True,True,Vehicle,,12,2,255389,ce9682be4d7be4971e0e56c380b6e9f38ca39262c0f1af687e454d5f8fd08dff|d24d76dc2d367e080a0a03e96d652db46b0c4292131ad09d20018442fba71b92|ea59df6f2313162f7a5774cb1dafb41836f91d3cd4987b13189a62250034a439|a7c0bdda293425c23b2a9531ac4bc16d0dfdfa71f68273c1dffea55d52999223|761bec9eaef5e25ec4b2af1d7e5d9918f81b9d661b9be1e6f6d4e5a266bb9e87|e7ad38af423a40c77b775fb5b1ba3a33a0606ec5c0a91a38c653d9bea1e979fb,0,9.5367431640625e-07,5,"t0 ego planar: +x forward, +y left"
1be49200788d4e38ae4496b27b233ccb,283ca7ce51bb4f8c8655cdbf7a431744,ef04cfb7b03d42879bfabf83a772651d,39,True,True,Vehicle,,12,2,255390,244a667e25685fe286f28972a5e40ba4e120d989c94a19f5146027fead0aeb3b|0e3386277f913eafffb86f7fcf46ac5f1079d9b250fc29abfb44b2ddfbf6b91a|0df9a1386f3cd61bda0da1635f26f042be05ad1ac34e6e8bdd052857b69cb157|afab47255a10d150ecd1f6c80ffeaa0b96a3dd167e53d23dcc82cd8efaeddcf7|4248aa5b35e8f1ad9a443ee1d870f0eacbe946414fc1d91bb32f1be0ad148e78|1e99390c058e379b57e8aaa27503e4ba75522e9c3162c7f98c70a66ecc2148b6,0,3.814697265625e-06,5,"t0 ego planar: +x forward, +y left"
1be49200788d4e38ae4496b27b233ccb,283ca7ce51bb4f8c8655cdbf7a431744,f2de03830f9f4e708e6e776fc19a1e35,40,True,True,Pedestrian,,12,2,255391,2619b41093eb69028b9786138663da4d2bc7d4967daebefd1e2fcd39aac2726f|d5a2d2e8ae7a6f62be65a5ec6e58533aab861556ee45a09352ac4543193e5123|14941c75da1127b6816af0fd389bbc1d54a38ff324fd7faaf24dd0c3489e0b0e|8e0422923c55b8d1655f25376e59e7eb5b701e6d1e68984859f7afd54513d0d4|5d07ebb580174a0fe54330c9addb2626694459359aa5a18068c0e7b4c6666429|cd840337d368671a9e40d90bb31ef0dfbfe7c211803a3da578a1a76277e72636,0,3.814697265625e-06,4,"t0 ego planar: +x forward, +y left"
1be49200788d4e38ae4496b27b233ccb,283ca7ce51bb4f8c8655cdbf7a431744,f691c33d46cf49f3b9804c7b77cf5a55,41,True,True,Vehicle,,12,2,255392,e6acd72683c8252408f12777a06dbcfc939300c258c72d39c15bae90dc5a08d2|ccfd362a2c53cb29606628ceafaeae8c7d1e429766bc24a1ca2899a4aec133ce|6d2f1efe5c018a806cc789e5f3a60ff61866d08d7f9b53516ae4107117afb43f|3322789b01488f504cfa5d01b7ced5a146a72dd94ed17932db2ac13ebe2f72fa|98f2f7be9f2d8a561115f38c00a890ba56a666997b97ed65e49cf57a4046aa9b|bd188f7b2d041e619f9d23cc148a740278e48408af9131abc5f40a8b8b7348a5,0,2.86102294921875e-06,4,"t0 ego planar: +x forward, +y left"
1be49200788d4e38ae4496b27b233ccb,283ca7ce51bb4f8c8655cdbf7a431744,f73491248a004311a5f3149fde1ac30a,42,True,True,Pedestrian,,12,2,255393,39114318ade93773d743403bbb4acaaf70f3acaef254981880b58c7129b7722c|47eec92a4e013143af3292acddeeb35a19fe2320425cf679cbace0bda367954b|a786a283311c306b8636af84a5e5770d90683f5fae513cade0d74c78db5d80a6|66d096c6b739a75304d6e54a9a91194adac0b846f490fc6e0c6f66f041454f4a|52b5c2f32a213fb26d57e89830ee6895d7965214ae328820f2b67204474e2e4b|0395088f71b7df14151bf617a579070d9a622a2699c20b1fd1bbd09957d90cb8,0,1.9073486328125e-06,1,"t0 ego planar: +x forward, +y left"
1be49200788d4e38ae4496b27b233ccb,61fd401b91db4c9aaea63945a8b87df1,0038d124fe5543799cbbc67eebfc6307,0,True,True,Pedestrian,,12,2,255820,f3a69639992b28d25308e291a086b858a9dd1a9a0dc9f935a7b5c0648a52a831|06a59eba19305506fa4777c937f522616d4a33e88f06c4c21ccd39dbca88563d|18b2b85ed3aba9c78c9141f186f5bbd036a05056a84010175c08c0d63e7db64f|cb7c49239181540b8d1184ea376cca395923689e8487c553a4104b22778af1e2|85ce67c223cff2769baf046135791c847e8ebb0b95ede9735e8682660417437a|b3ca32cd38daff3aa16e7d34ad8fa8d6c57b5219d2f3309aeb5f514d5344219a,0,3.814697265625e-06,5,"t0 ego planar: +x forward, +y left"
1be49200788d4e38ae4496b27b233ccb,61fd401b91db4c9aaea63945a8b87df1,0c3d5c98b7724d5da9881a3b85660ab7,1,True,False,Pedestrian,future_incomplete_or_outside_recording,0,2,,,,,,
1be49200788d4e38ae4496b27b233ccb,61fd401b91db4c9aaea63945a8b87df1,0eb8e506bdc64854999e2d2aa854b21f,2,True,True,Pedestrian,,12,2,255821,803e302ebc30ba3cb94f5145f9bec8bb3936b914636b03733b74c1ab4cd994b7|cb65523eb5b3e4c4e4bc3f8efcec613cad5912a69865ccd8a10b106db61723b2|8b037b07d1c3174768471d1ea61d35bed68e0471d4fdb03e9ed5d1ff730c55de|b5e4e20657c05b5dfc0e07caff26d131c4ef54599b59469cfeeb7954374a5706|a506e59259e543b0cca7b6c5d54cdab2d4a47c5bf197a6dd88b24eb28539efcb|3d07268618a071d056d8bb8b2a0856eeeb7ca5b27a06989a665d5eaf81d5e59a,0,3.814697265625e-06,1,"t0 ego planar: +x forward, +y left"
1be49200788d4e38ae4496b27b233ccb,61fd401b91db4c9aaea63945a8b87df1,12a88901ea384cddbb751cfd19c5695d,3,True,True,Pedestrian,,12,2,255822,a0ac6a50cb7b63b38339084b464b5952e7b04ef78f5bf033b826ebea62c78e85|7b34ad503c8a0cf3ffdd11b86173e9e1fe3a8aab7020cbc31d9bbfd570486ad6|fb806916d6dafd02478e1fc5055b255c40c1ae7d6f9e6dd8ead6128b17548bd6|85397441c367532ab53d93b8d2663aa0549df9bc67b7a07140f276e4d21d77f4|c26d67cf45d67a8e17aa72ddbc5bc57dab21fc1c58bc4d1c6d755594339527cc|d9b239c8781cb9fad2b867993d8547aafdb6379016248f143de30bc110145ca9,0,1.9073486328125e-06,5,"t0 ego planar: +x forward, +y left"
1be49200788d4e38ae4496b27b233ccb,61fd401b91db4c9aaea63945a8b87df1,1490505fad5b4638be5ab1e4e6d6f9c8,4,True,True,Pedestrian,,12,2,255823,2d11be7a1bcf9bddf19db8477ed876ac148c8b157c776343debcd1016f1d4471|44082ee8dfa1100f48ac173466a40cb2da6f1e38ccfd5f3124a79d12e0d83a59|c84a72c5d91d7b7c70406224c2f2a64d5ff37c9fe54ea128f17d7b7a06bbf7c5|2dca60ba769983ad897a07c3475ec099701802d47aefb36e69d372df618e002a|112ff858ba75c60ad21b9d7e7273632b12897c0744b9bcdf23007750610b30a9|0ac0175c2c604df409f97b8c9a1b646be8d8d0225ebb73b6d9f8e406ef2effab,0,3.814697265625e-06,5,"t0 ego planar: +x forward, +y left"
1be49200788d4e38ae4496b27b233ccb,61fd401b91db4c9aaea63945a8b87df1,1e5609d0d5c948699df5e3b3182184be,5,True,True,Pedestrian,,12,2,255824,cd2a7ea555ee21fbd522a36104ed907254c4eab43709ea703bfd43fadc8373f3|732688c0778288a0b03950e502462922c2a5178fa4d0c4c3f04a18e33e08c346|3a8190f3b6d4df29eb8fdc9cc7fe8116907a91fb893a59dc9172942ba0903200|3aa1a992a7f544d3c782bc862d64cd772eaf6776207530aa64e0a6a028f8ffa3|7e587d65b3d9a995f3cb990e9810bcd2e90f0ba830c7d4f83611111a94ea88e3|e9d045eff180c894535c6f3208d88ad5fd5bbd2f3256493037b26bfe9b9b266d,0,1.9073486328125e-06,4,"t0 ego planar: +x forward, +y left"
1be49200788d4e38ae4496b27b233ccb,61fd401b91db4c9aaea63945a8b87df1,2424e66f5e5c4da4a5aac7df1d3095c2,6,True,True,Vehicle,,12,2,255825,1653e545c04a4ae88d5e44952a73a966f88a5ceaf83522a6b891fee766cd6094|1bd929143116719fe51eaa415bb2031a6dc97445dfccdf567e9e72022145735c|e8028e01c3519c9fde289b0aab5543a4a985aee2a38f0dcd3a1d8e5d09866ea0|91740b5a7837fbe30c9682e919e428a11101f0ae930d390af49ebec46d39bd08|e6283191b35480dba5c50cf748248ea4e5a72ca09be1bc3ff887ffcb09baf216|ab27eda9b89a5bfa0a785694cbb95b49db983c662f740f50a633679311b50474,0,3.814697265625e-06,5,"t0 ego planar: +x forward, +y left"
1be49200788d4e38ae4496b27b233ccb,61fd401b91db4c9aaea63945a8b87df1,313470f3cd724873a544b6a05e11c4d9,7,True,True,Pedestrian,,12,2,255826,d7db39b7145adca64c490095853baa7f409b52bbad2dc9f58ee079dda1b0ad72|9bbe06cdd30419b694bc979eb5329d22659764e0ab7feccda9b9bcd4101e4b91|2e306b7c38c72456cfce5ec1b1e4570753877998039b89357b5513174344f367|5cc89ac264729fa92b1338b15a6ebf753265db5c3a2c1996e59dda026d529313|3d4938892b79362fcf182ddbf3557fec048c7a77f3c61a4e5fa2bdb3e9b5dd48|4ae3e59910b7f48bdbb8cd4d322346e85447458a6c5a9f9959d74c556a7ce095,0,3.814697265625e-06,1,"t0 ego planar: +x forward, +y left"
1be49200788d4e38ae4496b27b233ccb,61fd401b91db4c9aaea63945a8b87df1,3c3c005b9fe248f99b4a5d8cd1a38517,8,True,True,Pedestrian,,12,2,255827,6526cac3dcac1bceac2229434bd10364cc71420a05c73eb64e0ed0d494101944|48ff561ff08a6815f505c0a6182c3027a1d6cdc721f4ecb6dd2db23986b3ed52|6c85578032654c066a3565e9d4bb96a6c7683dcbcc7f426e339df24e119a6999|b51a4f4830d992e6fd4312c6ecba911f90cf3d023d6d59330dfd0850944cc0e2|415b35ab587ee2689591f7cab936ab5793ae1816b7738dac4cecfcaebbc6735d|1e814e94a85256928f20cf2044d8e32ca0b81f713c226313464eb5f980d84c74,0,3.814697265625e-06,4,"t0 ego planar: +x forward, +y left"
1be49200788d4e38ae4496b27b233ccb,61fd401b91db4c9aaea63945a8b87df1,3e271c4b7075467c9e64b6ee3650ae94,9,True,True,Pedestrian,,12,2,255828,a17064f407f196526c6f2a71e934c10de1a29b0f6c44bcf6fe7aff765fb6b8cf|1067adc11b1b1add2aa107598152c35a8e47b9dbbba966ab06d529a21b5f0b80|62a88cf43384e6590e8f4107a52bae255d68c0b87ba608d707fe735011847514|fe0089b8d906f8cff597a8bc7da1728c7d54a4d26832b452e3f0dcd83f37118d|7c8997853237823dd73a7cfdb6d9b7b5f82759bc8e209844503962218eb93fd6|97104aef80171e468d3ef086d9ceadb995d9c3bed702d445012c06433b0fbb50,0,3.814697265625e-06,5,"t0 ego planar: +x forward, +y left"
1be49200788d4e38ae4496b27b233ccb,61fd401b91db4c9aaea63945a8b87df1,47624df887a646f5b4660a79fceb5b4c,10,True,True,Vehicle,,12,2,255829,9743ded8692fbc7b1b7dc269d456f616a048679d57c4649b76455662a1be152c|d2870d0284f39f0905d12cb7e1b73598b7e71ba0c4874df02006b6cc825127bf|5e18a78a804efa7adfcc9e6b12b7c69d9ad1c9bd2f9570173c2e9aeae63ef15a|93fab952dd2231a747ed0b2cd07ea4af2d737fdbda2d38b7434b77ddca62f887|4fd4745e0545d9dcf716464f29f6c0b0f60dfc9c0e232b87ba54b9f623901e5f|4a7b1f9bef411715045d11be9c88e9b740eebf362614ddcbed8554b30bf6b50b,0,3.814697265625e-06,5,"t0 ego planar: +x forward, +y left"
1be49200788d4e38ae4496b27b233ccb,61fd401b91db4c9aaea63945a8b87df1,521cf6ea1ec94c4b8b7382f1c9a98e32,11,True,True,Pedestrian,,12,2,255830,b52aaab9e8466822440b1a021a06eb23be89ed6958c5093011dfd7db69288b5b|f2a9ad0d9df69757bc9dc2447f9708a69145105b4471933f4bee8198490e2812|0940c4e7204a8538c7bf0b536b8178c2f34cd350495de4590f15122e333fe078|10419126b703c1a7688d648089b5aba105293363b9cdbfdb67810db1577a3c06|c052a8ec69887a198372cf4d1f172f9d82aa2352681ddd5ba0d1b70de6800405|39eba0937f31f3b81362b28636f791d7cf653708c2192b43528cdd936a32ec36,0,1.9073486328125e-06,1,"t0 ego planar: +x forward, +y left"
1be49200788d4e38ae4496b27b233ccb,61fd401b91db4c9aaea63945a8b87df1,5d0a94cc357d45e5a03424c966ccfcd2,12,True,True,Pedestrian,,12,2,255831,49ecebc4ab3817359bcdde7d6c267b6067f1e7ab321b98522bb26b9e01b9eaf7|b2a6a161816ed1c4ee398d74de61631fc3ab2d84b3b3f6839577a07d80ee5eb1|d657ff82de961c0d31952ddaa9e0ceea2c8711ad50adc9980fa5868e93c31031|1250b372bc7780edbd6c3548eea27964a5c7b9dc4eafeee4942b6168ff9e77f4|be8236463157258dec9e57ee562f8534fdde860d4db0ec9c65d4276792e0a5d0|cd7130e1406a9527df1e3f1d57757c42cd1e13069d57ee15f18d1b254e6efcbb,0,9.5367431640625e-07,1,"t0 ego planar: +x forward, +y left"
1be49200788d4e38ae4496b27b233ccb,61fd401b91db4c9aaea63945a8b87df1,5e547a14036e486ca0d0ccb5fed9e73b,13,True,True,Pedestrian,,12,2,255832,3390c4ca7bc35a47a6c17b3b47bc6d9159350cf3d833ce6a47682710b827a3a3|2e6578cacae98c46404a65fdd2d21aa14e754593fba202e3f7e934d62b64d79e|8d2d4bfa36eda9767dc775c8c736addc4e394cce58063d8e515e50117f2836d4|77e741a072b50b530c5fedde1f5077f1506e4fbe82abffe9ea11ed8d77349311|d2c9193d85ea697f94db6b69cc799de9d64b649a17a420ed57f6ff8aa6a44a1d|2d7a9fcae8472c0da7261959fd2d1dba13c2a42aa4f01abc8d756e6a1926b345,0,1.9073486328125e-06,5,"t0 ego planar: +x forward, +y left"
1be49200788d4e38ae4496b27b233ccb,61fd401b91db4c9aaea63945a8b87df1,67c42a6060ba4fca991e658af18f5a1a,14,True,True,Pedestrian,,12,2,255833,5ea0f536d71b63429e7e4d5465f9a24ade0b3b0e550e6fe1c2471322f1a7c8cc|c54573dfeeb5beab23ebe7962e3412440f16e9efb5f7d5ea9ab7db245418674e|6a845e97b83cbcd3c9ceb459acee7df64d150dafd207e4fa4f7fc32c76dc42ed|f3cd6e34daa083cade082728f6ea5c89a0566008f7bdfd19dc6e3ec3dc04d216|55abb3060f31a73b3beb1f3bf286ccfef39684c295356873c180bfa155b66d76|773a6232106c48d8ef74aaa0ea188250db60ec71bba956ae9c8316344ac15d0e,0,3.814697265625e-06,4,"t0 ego planar: +x forward, +y left"
1be49200788d4e38ae4496b27b233ccb,61fd401b91db4c9aaea63945a8b87df1,67fda15c469b489a8dc32e7c325d031d,15,True,True,Pedestrian,,12,2,255834,642e49c54f8f761b9a0095e874ff4f81b4e863c52a4663d4f108339008a56673|3cc7a3fd2e3835e101f5207e566686d2bf6650b850ddbd6dad8fee46b5fa97c2|db94f63ffaec540b803644ee3949fc965aa1df3c3cd39783fbce95e6ad03345f|89ecfa0eb130ac1da464fd574a5847e2c6598a31d934d23324550b038c3ce597|9f6fab827eb57450d1fffd16e3c30c197e865da8939f696f2d6783ebcd1207a9|bd0eaf40fd47b23b43436d2af7ecad0d68989b51639d7b6309955915fbd5dffc,0,1.9073486328125e-06,5,"t0 ego planar: +x forward, +y left"
1be49200788d4e38ae4496b27b233ccb,61fd401b91db4c9aaea63945a8b87df1,6d704d896c6a4ae38e8462545de6ac85,16,True,False,Vehicle,future_incomplete_or_outside_recording,1,2,,,,,,
1be49200788d4e38ae4496b27b233ccb,61fd401b91db4c9aaea63945a8b87df1,7816f94988d8463fadbe56ca08df174a,17,True,True,Pedestrian,,12,2,255835,180453360f8ee57e32d43855021b1df362d8d6d41b4cdea12c14f9b3b11010ad|f8a2288b8a00718c8a5db9a493b2bc19d5d586b5655f74607bf2d3808f2892d7|bee6b3f59bf84a982be1181788820ea97e9697b2b7fb2459bc1b277e275d2f94|5d92df456ca4440106b0d2df5e5ef80a8547ecbf531a3fe690cc45575d2c4fce|7c6a3fb2d91970342a0651240a540b6955b11d08be7de71ec8b7dcfedd972263|5b9757fe900f54cff347cc509a40fb0276e981b78516152d952d5cea1cf0e7b5,0,1.9073486328125e-06,1,"t0 ego planar: +x forward, +y left"
1be49200788d4e38ae4496b27b233ccb,61fd401b91db4c9aaea63945a8b87df1,7bbe645f24a44b918f56d8b754c96bb1,18,True,False,Pedestrian,future_incomplete_or_outside_recording,3,2,,,,,,
1be49200788d4e38ae4496b27b233ccb,61fd401b91db4c9aaea63945a8b87df1,7eea6c92035c43c69ec3feae6bc0e672,19,True,False,Pedestrian,future_incomplete_or_outside_recording,6,2,,,,,,
1be49200788d4e38ae4496b27b233ccb,61fd401b91db4c9aaea63945a8b87df1,80bd5261a4e74419afb4f3cbfb420a5b,20,True,True,Pedestrian,,12,2,255836,8cb88c2a8995ffb9ba328d6156f6d1da9fd434d4ad9107db67abdcaa75d84a82|44160dd9d4e445409156e2e9d219eede61f7facfe256d49ad1e045f52ac58b5d|b605f3aec394b6354a76c86b60522c5d8f2013087275cf8eea7e9c62515ed4cb|9d0be7f2e76d372e6083941f736f2f6198b6a621ff3850fddae76402d10e2a2c|808588ef3a77215d18b0e178500bc97578ec621e51d18a37a4d3edc2000b716a|e0b333813707d023e8dc6887d5299ef6350345acbb34ef3781d7eb8e1026e66f,0,1.9073486328125e-06,1,"t0 ego planar: +x forward, +y left"
1be49200788d4e38ae4496b27b233ccb,61fd401b91db4c9aaea63945a8b87df1,8ba54fe22715431b9e9a453321023bc2,21,True,True,Pedestrian,,12,2,255837,a982600410ee558a9ec80f7ceefc9299e36f93889cd8d567220b0d3590206ac7|625410372ff50d6ae17ffe62400adeb142b6c2bff83cfa9cbbfe675812ddbb1f|dc2953b40570d025e43b13cd682217e7e89d8cc803717599727050f46185e256|c12dd3a16a5afe685307e2ac5c4e9c1d524cdb11a00bbf1be2d3602a2e8b62db|2d67da53d674b9764c1ea3cae447285c1a79c43c2ed4b3bb993dae755b8227e5|421f3a8b1424049380932235ae6a9d776356d59c9b10ad569597c424e943d243,0,3.814697265625e-06,5,"t0 ego planar: +x forward, +y left"
1be49200788d4e38ae4496b27b233ccb,61fd401b91db4c9aaea63945a8b87df1,913f68c6894e4f43acfec83c201ec737,22,True,True,Pedestrian,,12,2,255838,8fc563f6feaea0a033f223d1809add11cc2da259831ad56059e725a2c228b598|feb5c8a2123a2daf5707bbc804dc7767e8bd525464e93cc224888352a07478ea|5364bba780f2356d89283b93abe37affaaa129c3209b948e80a6e192745a8ec1|2ee6eaf383066e12b7acd86f6f43c532330802223cc640742affeebc0c557f71|bb1e7f38f6d765e3e06eed6e6e7fd679058ff68b52dde7186f37544a18b3527a|bb2c59b6366de4aaa38a06a7b07fe1fcb4892d4a6e7c0e020ffa23470e7d2773,0,3.814697265625e-06,4,"t0 ego planar: +x forward, +y left"
1be49200788d4e38ae4496b27b233ccb,61fd401b91db4c9aaea63945a8b87df1,95db42e8beff47afb3e8ddedc1c0de22,23,True,True,Pedestrian,,12,2,255839,f6dae193450269e0497ea844288dfff8b153e445ba3e52503aa67ac811ce0ab0|9f01a854d7ee4596171051e02dce439b9ca729150d441dbf075413c882fddcce|982e7de8309410ddc764f7c4b1e14083fe6da60952a7522c8c054a7d3a2fd049|8bf7407093d37aeba1c88e32fcb50c6015fd2f8af4ee558c6c9ae883eca70529|c6ea56ebb3e6d364ad2f0ea689bd63d6d696555955bdf92bd1a121d6accd6b50|517a0304dd24e9deb858dc41b93166bbe2a9df80f2d116a61c15badbea3c34d7,0,1.9073486328125e-06,1,"t0 ego planar: +x forward, +y left"
1be49200788d4e38ae4496b27b233ccb,61fd401b91db4c9aaea63945a8b87df1,9a26c2af72564d99b302661c54d0887c,24,True,True,Pedestrian,,12,2,255840,4aa694d905c553ef58ad844f8f701c9df789972c9c354382bade3a91cbbaf4ad|9a5be1e822fc8415f58d9309bd70506657c68e428ae5c021f48836ffcb8c4005|3396a0fb7ede953fff97e3e0b5ea95a00e3aaddd8d50b52905d69b5a3afb7fc1|b7619a33f3cbfa1dabeae03bde6ecb929c53f558a88c39a2d47cf86710d32682|9f9658da893011c50aa45638efb99e717cbbbf62a5823e2a14115142c89b719b|13c05aee05ce2fe06a03ca09d88d8a4f3dd5c0cbb8b4698c67bf38f6377e1268,0,1.9073486328125e-06,5,"t0 ego planar: +x forward, +y left"
1be49200788d4e38ae4496b27b233ccb,61fd401b91db4c9aaea63945a8b87df1,a05ee59e0ef340f19447b95114c3f628,25,True,True,Vehicle,,12,2,255841,665a58366bd42f21bf5c545ded0ce6dd839d4ee337bafdd762aed975f5ffb4ff|4f84ce283e26863d57e6e64b45aad2676516781e2282127d1c2769664222ea31|07f66e985a27eb9d6ec0cfd58971ad6c610a0c2557405c930aa6c1424b8f1171|de832f40123a268fb789218683eef7946e76a3d1a972c7da238454a06a245a74|d1534926155d3786c89ccf78feb20b7b48177ded7fc6d5e7250d959f1b66814a|739e69a1abd9d51784b990e64863bfd644abbbcf1babd4678798006977086d8f,0,3.814697265625e-06,5,"t0 ego planar: +x forward, +y left"
1be49200788d4e38ae4496b27b233ccb,61fd401b91db4c9aaea63945a8b87df1,a6891a42f42147c3b22477c3fd738830,26,True,True,Pedestrian,,12,2,255842,d077cf648585c74dd494298ea5204e0170043e471807bc4a1efd2ba2bda24bd9|e085e92e86c1812d6c5aa471f1fd08e4fcb3f9097541256183732fa1e5588d18|141ecf44b972570622e47926ab72f73f57b12e1f27068892a7c078ae0415acab|db2737ae23211b5708275babbbe0007a5fb241439459f9092c8621300fc1dbb9|aba983dfb77fbc43be00d30ebde9aacfdae1064cacac65730bbf14adfb379d07|0c523a35f544a80d6fa3bd012af25cb18063cbc2181028e41f5d04e29991edbb,0,1.9073486328125e-06,1,"t0 ego planar: +x forward, +y left"
1be49200788d4e38ae4496b27b233ccb,61fd401b91db4c9aaea63945a8b87df1,ab7506b2776847cc9931222a2c11dd02,27,True,True,Pedestrian,,12,2,255843,58e49f0f45d7ab9060bbff5db643df1c336f8d1845529a579c9c18e09c553850|974f1593e6a2de024e03bfd16b66b51d73df88aa906b89efb2a6e045bd28eeaa|04a6b3cc6702f9df34e266e077bd73fe8ebf36473a4ece6aef8fc724866497c2|93a1a5d9cc530ca227e9831cd54d0ccb108f5385c99899b343c249a7a1d2f461|b4496bd1821e922ae4004fe186d9be05d3f09694606c4ebe4c1ddf61a6c9480c|d4f24d146b68559a9eec79a64cd78a10e98a186b115f8614649fdbd21e2fbb6b,0,3.814697265625e-06,4,"t0 ego planar: +x forward, +y left"
1be49200788d4e38ae4496b27b233ccb,61fd401b91db4c9aaea63945a8b87df1,af0892ecc0e14d14b94b7c11cab5149a,28,True,True,Pedestrian,,12,2,255844,60fd4ac2955e4f56fb1cffb110949448ff49797ffc24a209f7a2ed06e5c8d170|6d8d3a18acd3b00da1d8dcad5d2bd7eb25c1562c6f341c967d9554d14e5d7399|7e0402108907e36413eaed593a79c84b5ffa93d3c1dc31d2ba252b0d763bd6c9|30a72761660d5d6ead64f3d090ff719018a48a78124a2fde486c50a400bfef1b|2ff500b7e0b0b0ccd034467d08ac4d7b238f87b9c41dfc9db09f2c36b80e87c0|3f2a8e8f7e5f19e362943538e05f7f5c451ea69187f3c4d30b5ded6d5041de02,0,1.9073486328125e-06,1,"t0 ego planar: +x forward, +y left"
1be49200788d4e38ae4496b27b233ccb,61fd401b91db4c9aaea63945a8b87df1,b5860b3b7c4e420eb2c785891422422e,29,True,True,Pedestrian,,12,2,255845,84947c5c2185a45ce289d78a599a80312fcdb8c1876acc082c7d23fa0ada61ea|6a9251cdfec22f86323b67ebb128cadec0b62c4fa094d6922fb0cfc012c63e90|7fe53125e64e733a701db62817b8f7429bd529f3a050879e815372fe4a5f65e2|fd5dfe7217cc7fbbd7335de98911c0e85b4b2f2ee06c8348526b97f6047e6863|03b19c900c2028029b3d075f6f9c12cd6189f1910da77dcb9d90f7816014ad47|894d5699f37b1d9c91a6c5ccb2ecb445bd4bd5d81471ca62358dfc665e2f0da6,0,1.9073486328125e-06,4,"t0 ego planar: +x forward, +y left"
1be49200788d4e38ae4496b27b233ccb,61fd401b91db4c9aaea63945a8b87df1,be7446e9373a4db8896f6470231ca6ff,30,True,True,Pedestrian,,12,2,255846,ef389fb3f989ad6322b9d6fafb2b80cd6479e15cdabf3bb889bb8755d9b32bea|416a2ecd718b82ac332805939d3f0a133625f2ac8af2e8daadfd2ad930db6629|e1a526b38175ce6359b80f77caaf84d2a05de1eed14eebe60fd241609d827e6b|9debe345c18e438770caffa944c48e117836dce3dafe65583c6d075241b7e579|b3291c5eeebb1b9635002f9ca3fdc3bd7cd775d1bcd94fbd60274297a0b46669|db41456773ff6c131f4525995e4e0bcd50b454994ced7d34b6a3c68a1c63d472,0,1.9073486328125e-06,1,"t0 ego planar: +x forward, +y left"
1be49200788d4e38ae4496b27b233ccb,61fd401b91db4c9aaea63945a8b87df1,c94d5de08e6c441dab65969a496cc1e7,31,True,True,Pedestrian,,12,2,255847,2f6defd088cc884bd72eb3e703032166264999589e4187768c91b2c9ad0d4bbf|ff1504e58c63a2bcd6aa39bea1d87ff47e599876cafe29db209a4b9b634449c1|22aca03b8c19482b803b593451ef6ae60827e742cc24b02abe58c17e3bfbe045|dc5d60bb33a3bc6bf9babb33d3176ad97277182105ab9dc02a4783cada0d096a|e6b604de7c93ebf07b722d06626ac40b9e272d5ab133444c916c678559900a30|41a71f3e4425ad74b03b8447872fd674bc642d95f3e9da8496c50cc68b7920ca,0,1.9073486328125e-06,3,"t0 ego planar: +x forward, +y left"
1be49200788d4e38ae4496b27b233ccb,61fd401b91db4c9aaea63945a8b87df1,ce6958bb99f944fba8c1c61329e6ab7d,32,True,True,Vehicle,,12,2,255848,ca38407dc9878334a1bc3d2444f90648e6796f1ffcf08aba0a8bc2a48af839cf|0cebedb4baf60ff632f76f559c86f88995e628fcf855e366e27284d22ad05c8c|5286e75d9c54bb829817389d60a6f102fd78708de1793eadf53f98f750525953|c3b74d2ecd4f55fd2d987fa47493374d5671ac3fb74b89a901c003832e608ac7|288b0d7d3f33b524030724826409127a73aaeaad1f719ca665ac19d027dd5519|2cb34c4ef8c8ca88374f69534a583dfc5c7c27905fc5d4035e7a44c308d52cf3,0,3.814697265625e-06,1,"t0 ego planar: +x forward, +y left"
1be49200788d4e38ae4496b27b233ccb,61fd401b91db4c9aaea63945a8b87df1,cfb7d8fa3dca4943b224b3b776879f0f,33,True,True,Pedestrian,,12,2,255849,10a1e455090326f8664d21126be5da833c13bfdfbe732ff3328c2fc36ad47a17|858bbfc111bd63f7be37168957cc33b279ff48dd2b6544dadc0b5ba9ae4cda93|f08b3ed31b796a94fb05eacade3ff392eb90f656cdadc3db34a639ac93849c03|9d42a037ea266b69ac4a613e677c33a82aeae3c1874d366ba6cfdd67736099ef|a21ad42fca1f054e4d5f21e01b9e9cdc4ed4c5a0daa76b19b7b10e968bc68653|910f919bfd61032c66be045f40af33b8ee9d7711083aac7f6bc8ca27131b944c,0,1.9073486328125e-06,1,"t0 ego planar: +x forward, +y left"
1be49200788d4e38ae4496b27b233ccb,61fd401b91db4c9aaea63945a8b87df1,d25dba611e87451485c0c48a3a2a163d,34,True,True,Pedestrian,,12,2,255850,6f72ee23f0adb492c4a5cd3a310ab2c79584e20693236723c25956594c24bccd|9971e0757589217eff9aa5928c1a17784597b5c739e8d9cb13c6881f43cb16bf|a901a001fa27f6d111da252f448b98311d7f4e38077ceebfcaec36c0848b9470|530fbbc86e949e949eccd42c5fa4ec0d0dfa31bb3883296aeb0246394aa753aa|f3d2c6f00b16f6946f69a1cfa7f38b89c387c092b7d6608ea9667e4e9d73928f|afee0603943ad39f9bcf68362ef345fa2b903b2def043972850c3fc91f1b6645,0,1.9073486328125e-06,1,"t0 ego planar: +x forward, +y left"
1be49200788d4e38ae4496b27b233ccb,61fd401b91db4c9aaea63945a8b87df1,d768c2f9d39344ff938f48f83545422f,35,True,True,Pedestrian,,12,2,255851,abfd0f969db78e26271488c69b6f1ad3eb8a71df4008efeba0ac1e335e925d79|60e8a76eff37e073e418bfb2400c2597664a2f6ba71b178c9c47bc447d6a23f2|19c9fa7e1256e758a097f69dcf80e0b2ab3512c27a62020cf5ee052c04c9e8b7|395a93a06efa716ed448cadd7a3ab3239e6dc58b664b7bc2625a7a7ef0a4c077|7bb8288997e3f1b0ee7ad9d90ebf5ff0a1c8a31fb9653c4fdf347f32247b4d81|0bcf44076353613f67b3f6c2ee0615ca7c1b093991f00b7b6fdfe3ab4f97b364,0,3.814697265625e-06,1,"t0 ego planar: +x forward, +y left"
1be49200788d4e38ae4496b27b233ccb,61fd401b91db4c9aaea63945a8b87df1,d774201804484bfc9445306b118f35e4,36,True,True,Pedestrian,,12,2,255852,b45bfd1e4d30d30d59ecf3f11b90bdd27521d8bf1a863d9e458c8cf2b6656816|a04f7e41e52c993a2f6e7225cb6e350337d4772cc2c87b2f6bb20c98517248da|82e3b741c28caa25b42bab0197c7b5dad885062f0d42534ccdf560a72e080741|00ba71754acf9ff3d17f9a26c3f70f308892b4340c713224a8a17da1cb0398c6|070534f730b4f75d617a03cd8ff656f8c91d6b18bcfe70c248469ad149a739d7|3fbbdd429ca84394f07b1ad483dc8c2cbf2105014b6fe35b90ec13180454faab,0,1.9073486328125e-06,1,"t0 ego planar: +x forward, +y left"
1be49200788d4e38ae4496b27b233ccb,61fd401b91db4c9aaea63945a8b87df1,dabfc6e534934054b29698b946bf0655,37,True,False,Pedestrian,future_incomplete_or_outside_recording,10,2,,,,,,
1be49200788d4e38ae4496b27b233ccb,61fd401b91db4c9aaea63945a8b87df1,ddb34749a71e4ec09951e6486e1cd09c,38,True,True,Pedestrian,,12,2,255853,753b9134b082867beb1889c84f30a801ea3c62574510b42777a7bc90a0ebea2b|4b0abc54e51cbcf884805356163671f16da93d4e98614e8e95df5ee309d761d1|23a594e1e5c93f765392a66fa2ab01824ad4533f15f190cc4921d01239fbfadd|519f557a433b26372d9318234d03442bfd09290460795758ea94f8a61536e496|32da394e6f272cbd6d49eca464a5afedb5bd462359cccf4bc423cf2037b4426b|84dc59d02552f3f8217a7d5d8e7b6b56aa79ee6a778bd45fa875637f8d4c1408,0,1.9073486328125e-06,1,"t0 ego planar: +x forward, +y left"
1be49200788d4e38ae4496b27b233ccb,61fd401b91db4c9aaea63945a8b87df1,df15de229b9745dfb2fd298b195edb85,39,True,True,Pedestrian,,12,2,255854,7c63e6e9525ff9fb8512582d4c8d4b6c23857f6ea7bc71ea19c837aae76ae50a|baa1e4cd34c57eb776718715ce7fed84cba69a879402b48add5ca371ac1ff3e6|d7dbd6708219a9a8ad8db61d49609a1eb36bf86e7430e1143fd53f16e1eea34f|7baa706eb991b46f4f51c977f4b93d0c7412f9510c0872b664166a949efcbbc6|8acd170e1e56b192a4df34384e7262c69a9705dd33be798c56f7b8a357adc7fd|acbd358e3de5da44bb94be97bd8b84a62ea6f9e385032adc429285e8d4e0f54e,0,1.9073486328125e-06,1,"t0 ego planar: +x forward, +y left"
1be49200788d4e38ae4496b27b233ccb,61fd401b91db4c9aaea63945a8b87df1,e12e9008215b400c845e37bca5a9575c,40,True,False,Pedestrian,future_incomplete_or_outside_recording,6,2,,,,,,
1be49200788d4e38ae4496b27b233ccb,61fd401b91db4c9aaea63945a8b87df1,ec83a5f03810470baa471d3aaf2e2b6f,41,True,True,Vehicle,,12,2,255855,8e0ca86f16459f6f9d43cf8aad25da48aa11e0c8457ac8a1b9aa4c3ab85ffd55|0ff7c979cd73afd58379bba1e9e86652cc932be501040292f3b1c325f0c5f889|89a1740e7f31d0e0694f3d33e19749ecfff9531ea18aaa08a13d810b5192f96c|ae2af2a03d5bc162b802ae302defaa5e40b2eff78aa8ac72385d849e5c689a06|f4e3317c6757166c77577c984c4f05ad610a7011cfe9551aa2a77afb13d1b9a1|c2841cacfd2983f59ccb110d0c3cbe70614ab38455250ca5766631bcec7470a6,0,7.62939453125e-06,1,"t0 ego planar: +x forward, +y left"
1be49200788d4e38ae4496b27b233ccb,61fd401b91db4c9aaea63945a8b87df1,edbd8b49361b4a179c2a9876c3496d0f,42,True,True,Vehicle,,12,2,255856,1621094e260cefcad4f816d18fd70d8a3957617bd53ed0445725a518ccd1feec|5b12a8884b2fd57d0f5de7e3940f06c16d95b59548e6addea5953490fd572faf|45ff6c215d8eb852e56d1c8afa5cc699a2182c8e963afd9dd96e6e85b432dc3c|d2ce35f70306a4179f7d5441c030c0cc4786b6d367a512144dea66a23c6de946|d97eed8d400bf340e494fae6d894411f0f5bbc62f77abb805dfc430533a0610d|266564a1617b7b8ec14b18caaac8b57b6b2f4fefe8111c1f9c16544f3582ed83,0,1.9073486328125e-06,5,"t0 ego planar: +x forward, +y left"
1be49200788d4e38ae4496b27b233ccb,61fd401b91db4c9aaea63945a8b87df1,ef04cfb7b03d42879bfabf83a772651d,43,True,True,Vehicle,,12,2,255857,9f5f4ead0f0b56875faf7ee5341413c3e7ebd7a591356eb3b00e79001ccfafea|79f21a9256c1b2a50c577ca12d54fc036ec039f192b43f33b2257d4efcd48a22|a33f0fcd563c22a279028fac46f9798d85046f369466d3cd5254b621ff8819bc|c134e07ca2eaead06179f3b1518efae15db348d39220a9e594f340fc0c46f88a|804777eadcc4e479196328e7fb508707e54563c2f8992d707a09859091e9d541|249f5fa234157de16cb9d4fa427a32bed5e9709c6bbe1b48d276a927a8f1cfb1,0,3.814697265625e-06,5,"t0 ego planar: +x forward, +y left"
1be49200788d4e38ae4496b27b233ccb,61fd401b91db4c9aaea63945a8b87df1,f2de03830f9f4e708e6e776fc19a1e35,44,True,True,Pedestrian,,12,2,255858,4b7bb10f65b14972de2b0a04ea2ffb3981d58918d4535c1dcdf3198fe0ae0728|eb55bd47c2fb8ccaca7f7eec1bbe4efd461c5ce9219d5ce2b0ddca597b47436b|bf23b64ab13561405d30ad5bd1fe840362e08e4f9fd9d2cd901827db8f9db125|0d7630e27a47c1419843415b14f8a175cb6dbd0b538a8ee75e8d1b69e8025296|7d9a1c5c1db3790d59cc74eef469517ac216a73e8cd9af39e8f6496f293d4cb6|581e52881c42f3168071866d424acb8c961a5d4a1db40d63f71f8316d81901de,0,3.814697265625e-06,1,"t0 ego planar: +x forward, +y left"
1be49200788d4e38ae4496b27b233ccb,61fd401b91db4c9aaea63945a8b87df1,f691c33d46cf49f3b9804c7b77cf5a55,45,True,True,Vehicle,,12,2,255859,d51b29437befa9bd5cade32ee0427ba4b5ebf7f444c656e10e7b151aa8860000|acd6f4c6add14069a038a27fd68c376551bc76b30e433228c2c7090d1dbef485|97fa8bc8216367c001c3409468b9687090e84b308bdf41bbd03396553f5cf9bd|77e29c01fccf49dbb27fe0960b1a71536171e3f15079614ffaf46a2e557a7b8e|4df08818033fbf9fbec0c92c8a3b4b040e4dfc2b14ea650e3950e2ba07b8c164|6bf4ef2205ff0f753df63d2df10b25347c641d195cdc2fdcd3ab81bf5b6760b4,0,1.9073486328125e-06,5,"t0 ego planar: +x forward, +y left"
1be49200788d4e38ae4496b27b233ccb,61fd401b91db4c9aaea63945a8b87df1,f73491248a004311a5f3149fde1ac30a,46,True,True,Pedestrian,,12,2,255860,9c377ffc4ee105d0ecbd7d3fda4b3e6b38e35b754073328970a17ee1da971352|bf05eba8d2466b6cb3ea502c074bbb83c430ea7f431873f3e0e5798c1865cea5|91bc6ae823d65c7932af491b6551764d1af85899bb41149acdff3ede3246a2e0|8b7b940215e150fe96ec0d14f5b42aee16bdd6c2bcf89724dcb138b74b8bc34f|cd1fd73808cc1d3f4c7c43bb34d5e3d53be699c72b00ef7c704c40cd89aea378|792119bd6400c937dbee30ecb57615ead4eb05204e387769100b488d0fc50ed5,0,1.9073486328125e-06,1,"t0 ego planar: +x forward, +y left"
1be49200788d4e38ae4496b27b233ccb,61fd401b91db4c9aaea63945a8b87df1,fc6465a4eea8414480d86fb9be992e4a,47,True,True,Vehicle,,12,2,255861,ea98f2c619e02ba38b7cd2f3a3d1ff9c1597e90800e484f4f1381fa8193cfb9d|35aa04fcb90b6edfce4dfd91070886f5aedd90b8199cf865747f911605f28ea7|3486a530c4c94596e88b9fb77b3f6d8ef767df3d775931ee44b6cbf26078b335|606120a16795872bfc070f2b7cbb0829a040583355fcd702ed62845ddc279dc3|5e8b8c9355d697b2c74a289d3e2ee6c213069aa53a16da96f28164f9db9c389b|26dec3dc6f2ff9840b65add6e87afed0993778a872033d17addcde434326575e,0,1.9073486328125e-06,5,"t0 ego planar: +x forward, +y left"
1be49200788d4e38ae4496b27b233ccb,e5d9750fb461470aa4d6574ba90f69ff,0038d124fe5543799cbbc67eebfc6307,0,True,False,Pedestrian,future_incomplete_or_outside_recording,5,2,,,,,,
1be49200788d4e38ae4496b27b233ccb,e5d9750fb461470aa4d6574ba90f69ff,05461766edf94ea682f98615e7cd546c,1,True,False,Pedestrian,future_incomplete_or_outside_recording,6,2,,,,,,
1be49200788d4e38ae4496b27b233ccb,e5d9750fb461470aa4d6574ba90f69ff,0742b9e9923f4f45ae8db061f1efda50,2,True,False,Pedestrian,future_incomplete_or_outside_recording,0,2,,,,,,
1be49200788d4e38ae4496b27b233ccb,e5d9750fb461470aa4d6574ba90f69ff,0eb8e506bdc64854999e2d2aa854b21f,3,True,True,Pedestrian,,12,2,256357,069cb9a2a495e558530b3ae893b573f3dca10efa54b1fec439e997f5b1aef1a7|13548a8157e5513d5db314bc7056329287a8e1eb09c4ac4f8d8f8fa53d331351|cdbca986eb8a272bb8964b9d446e1ebd33c82b57610524cefe065e634449bafe|2bba287847926696bf161e94b2389ff51859879ddf26547989dfa84791bdf543|fd479b538888b0a37813ec5b7ae4e62986d4f41f077bd819f5a02403ec7df117|1e38da680e0b8d420103d57292f704b4142dac6cd7e6de0ddc33f1d42e1ac5b1,0,1.9073486328125e-06,5,"t0 ego planar: +x forward, +y left"
1be49200788d4e38ae4496b27b233ccb,e5d9750fb461470aa4d6574ba90f69ff,10f09bfd36bf49c2b8e18b0c24197cd1,4,True,False,Vehicle,future_incomplete_or_outside_recording,8,2,,,,,,
1be49200788d4e38ae4496b27b233ccb,e5d9750fb461470aa4d6574ba90f69ff,12a88901ea384cddbb751cfd19c5695d,5,True,True,Pedestrian,,12,2,256358,4502ca88afc11a7ea12dac72d53b8a744ad3af6cd546e2b5cb6dd68fb1205425|2336b2459d291569d31f0320d4cfe3fb05bb02b52aa8832a5d44444a56e4c97e|12c81c47c0bdb48aa056a8a83004484b04328cfc036a8878a2e5605bd127dff4|bb0c080288a9584b0718dbabcd522b9b7c5a3990e576a3f9dc86d2265d7c1c3d|eaddb1931e1faed332b35e248674bf691cddfad360b67b9f17ea4850760f596b|589a973a70474a1de5ff16ff4f41bacace6c835b52d44fc2cdeb941de299d5e8,0,3.814697265625e-06,4,"t0 ego planar: +x forward, +y left"
1be49200788d4e38ae4496b27b233ccb,e5d9750fb461470aa4d6574ba90f69ff,1490505fad5b4638be5ab1e4e6d6f9c8,6,True,True,Pedestrian,,12,2,256359,7db1a31903d655fb8d12a9fd4e321ac1529d18059707b2fc39788ad658c1b4db|3dd5431ee748d0bb47c28df66e2f0203fdf6735d730edf72a55aa9d7af8cfe37|97e29b58c3f4171875a68c0a8cb625091c81bb752b6986c212ebbfe25c5eebfc|1b25730e4a31ac14d8846f0190f070d644781f7bf178bd45cfa40b708801cddf|847e2ef46c43c8b57f10e69efb7d5db4ef3db428acb10e592b1093c4b4736a9f|4523387455118b018a6984b28e8606a47b5c3e43b9f9b7b0a52c274251cebaf6,0,3.814697265625e-06,4,"t0 ego planar: +x forward, +y left"
1be49200788d4e38ae4496b27b233ccb,e5d9750fb461470aa4d6574ba90f69ff,186ea21bc09b48fa951f2b28365d6d7b,7,True,True,Pedestrian,,12,2,256360,2fe0ebc0c539084ebe7f66ee3d228d9aba9c51d17ef2f9a98174b8fdbae3fec2|62c9d2c712dcd90e81aedc9112d8f5cbe56ac6950eab8ac661fdae96bcc34295|03c560be8abe97763e33fd59563eb978a3c1c9c2283b81a06d476e7341ebd255|183f9fb2f4e6d875a4b6436efc56bbf5dee60555809788cdd3afd5b66dc4707d|4afac49bd1e7ac0520e83e7f4b5b1a00c47924b5a3daf0b1499c71b6fa5c7eac|4edb5108280308b66911719c8146a708a5b14821d891f49fa4185d058c9e086b,0,1.9073486328125e-06,4,"t0 ego planar: +x forward, +y left"
1be49200788d4e38ae4496b27b233ccb,e5d9750fb461470aa4d6574ba90f69ff,1b87da59ed7d4a86a27c41a91b8209d8,8,True,True,Pedestrian,,12,2,256361,3eba335784f92337fd1b12bedce3c718e36d4821d290443d483948619a29a9d1|fe01575d0d5226b85d81bafceeba0c29ec7a033613653fcab01b4d79d17a68a7|b1b37e92273c9babdb6ab0f37fccb986bfff12635943c826595ddcaf6266d689|cc6a1628a552c60ae6a670d1d154b5c7a04a020282e7b28cc7de052f47be322a|d26f9e88a07c34e54d8bd9335f340093c00a01120a8b8fe9d83602d55e94e790|2d693701ea7b20dcb0e91ab6dd656c7646ca469eede862b7fdd9ddad93a9811b,0,3.814697265625e-06,5,"t0 ego planar: +x forward, +y left"
1be49200788d4e38ae4496b27b233ccb,e5d9750fb461470aa4d6574ba90f69ff,1e5609d0d5c948699df5e3b3182184be,9,True,True,Pedestrian,,12,2,256362,6f3788d05769b01c6afe8a299f651e316a4b85aa0617a8a2250df48080739235|20fe6bb0452ddf48f93ca708868a0d209b983155fabf99c365b581f6090fe636|3b395e38c7a15ceacd09367632af2f9416e1e6c46ab62a37a1be3a43dff75277|1ec26c72d7d8f9388c3770d407fe223a4cfb6e66e5f92cfc766cb2a8bcfbde0e|ff0d71991f4548afa63f7057ca173bcfa45334b352c41cd9e3cd76cffa9104d1|f56e4ed9778c74294b66dbfff837fac9a9ed6f4bc82ef19314c9b9aca2359183,0,3.814697265625e-06,5,"t0 ego planar: +x forward, +y left"
1be49200788d4e38ae4496b27b233ccb,e5d9750fb461470aa4d6574ba90f69ff,2424e66f5e5c4da4a5aac7df1d3095c2,10,True,False,Vehicle,future_incomplete_or_outside_recording,9,2,,,,,,
1be49200788d4e38ae4496b27b233ccb,e5d9750fb461470aa4d6574ba90f69ff,2653f216fc50448a8cea1c43ddf0e4d9,11,True,True,Pedestrian,,12,2,256363,e8cb7261949b674df3367a6b3f8e2575f4a9d37bcf4551417a0e49da6be2d676|990f7a79968249b5a7cdb0ac8d15dc5be41c04a8019438348a808d3008a3cfe0|bfd39b128a783a5b4479a861129e6994dca7c1248ad555a892c11acec222ebc0|9177ce9020234fe496b8d281896b98fdcc11afe2f31694a2461185f638216084|1d5c73dbef81a8ba651d33dffc9b0a38cac03204beacaa3c6ac7ed18c172955c|2fcd2d69099672f54fbb8209a62fb02dce5a4b0456dc4ccb41f2a4e1cb4ee43d,0,3.814697265625e-06,1,"t0 ego planar: +x forward, +y left"
1be49200788d4e38ae4496b27b233ccb,e5d9750fb461470aa4d6574ba90f69ff,313470f3cd724873a544b6a05e11c4d9,12,True,True,Pedestrian,,12,2,256364,c977ad85916a1914bce17cd5c71e5d18d0f18a6d03bb79d64abb15a382b7409c|2ef3ebd0562c6ef9bcc62f2161cd62de5ee360a90e7d2db8414688ea7c8b66c1|364447563e45756b22737158985c2845bdfa76141f7b4503de2519ffccca8f63|872a8fc3c7ff9399b85f2a6f43c5b3b4adbd7137469178bfc0b526afe3776630|73534e3ff45e5da05a812489a9d9b34fea73baeec2384d0793a276bc69e38248|63cefcf5df6f9a07e80b1ffd9d6277bbcbd744435fc972f8f845db978b8e24ee,0,3.814697265625e-06,5,"t0 ego planar: +x forward, +y left"
1be49200788d4e38ae4496b27b233ccb,e5d9750fb461470aa4d6574ba90f69ff,3c3c005b9fe248f99b4a5d8cd1a38517,13,True,True,Pedestrian,,12,2,256365,0863d711d6c50cef4cd0569e16928bbd1275c5c05ad84b0eeaa7d9adfa33141c|b8b26a75e2f9fd0b9b8a48479b3864cae4837794d771bdb3ab868222aeefb63b|14495f86328fc0cc89effac349b52447590950aee77fb75f9d47adb1a48a2262|f00b49e817b8827b64bd44b8fde2ff7911eedb52418929fd20dc443eb46efc3c|13d989ea033f3d88f7d7c01f30e9a58a83025e5faaa78ece8fd745bdc94d3a1a|497cd89dee0365e7511037cf73bbb50d747d2ee56c88e7d0f800cd413f82a81f,0,1.9073486328125e-06,4,"t0 ego planar: +x forward, +y left"
1be49200788d4e38ae4496b27b233ccb,e5d9750fb461470aa4d6574ba90f69ff,3cdebb8161a24fa78a7288eefde23481,14,True,True,Pedestrian,,12,2,256366,72f44aa921e07a0e0a3dac50ec712da153aaead41829d89516be8ffd043f0845|23d0b909fd076eef80b73263854c92f4a29e12395f0d1afe4a69148fc4621b46|7b3727faac232335b814fd95e2257dc1a522940295054548e1dcc2e3d9965ab4|5f04f329fa3d817d0c49de22e161553593ea85865057ed547bec3b6e17aa39f9|57733e58d191e8d74c8daa0cd15175288c38b9fd4e08b1731d4e06001e64b403|ca0de17e842dbb18f1c84e2f6f4da43d79b2b7c0bdf324db9231d40d9bcc38fe,0,3.337860107421875e-06,1,"t0 ego planar: +x forward, +y left"
1be49200788d4e38ae4496b27b233ccb,e5d9750fb461470aa4d6574ba90f69ff,3e271c4b7075467c9e64b6ee3650ae94,15,True,False,Pedestrian,future_incomplete_or_outside_recording,0,2,,,,,,
1be49200788d4e38ae4496b27b233ccb,e5d9750fb461470aa4d6574ba90f69ff,43e39a1f5c0d46d0b83abdad3d06b37f,16,True,True,Pedestrian,,12,2,256367,ee12444fb6a8c46dc500ffad996c5881b709d209cd0f5c58331bd5b5179dbc0b|c905fd0073fc203433c3655483c8ba03c0a5e6cb493e61a66f7cc6f73712b4a3|071370b1766fc9e1c208f95ae954f13791816c752f441cf3f43631cff6b27188|731acc7d35312fe6674646d465bc13cf3fb51df8358f118d5b9325e7b884c89b|f410a2e4af72684e8907c4ff9975ce8a98236dbc21602d3c38682ed37a3dd57c|d46f41ef0a871135534a5780ea6d5a5048ea270feb2b68c72a287ac334cfbcd9,0,3.814697265625e-06,1,"t0 ego planar: +x forward, +y left"
1be49200788d4e38ae4496b27b233ccb,e5d9750fb461470aa4d6574ba90f69ff,47624df887a646f5b4660a79fceb5b4c,17,True,True,Vehicle,,12,2,256368,dcff72944fc4a2ecb5eb5df93cf901f4a5b09900658ecf66f7c2d79d643f4cc0|c6a89cfb5bca1f3f76ac033de134ca70b472b81e67ca403213dc1e56c06914e3|b5f183c06d99c538f4e928fa05f6524dca4c3243677fefd47c0440514e6be26c|7d8c46f5aba86f2ddf424956b0cc0820a642af4a84f5582079fac9a01afd0827|7e0a5731702a048df2b795f0e12ea60564dd67a1b6f695cd84648d2a5c36908f|84f6de5ad0fc7565b0e41d331e7e05918742120350506610d8b5e559b0d93690,0,3.814697265625e-06,1,"t0 ego planar: +x forward, +y left"
1be49200788d4e38ae4496b27b233ccb,e5d9750fb461470aa4d6574ba90f69ff,49030272666949a7b6e811936edf2376,18,True,True,Pedestrian,,12,2,256369,2fc4ce80026412035a52b24fddd625584b47e96731f70712f832cae8d1573a98|e71cc3d81c3575a850da6171ae7d1ddda68c0835ac3d22389ee8ee1ec571700e|e90e1a51ea779829b57571215869e5b5f307b3c10e1971f98524b463cb745fc7|221660620a396de88a8340320cac304383ea4c4b9c370f4818b55c14534c13c2|2a1cc9cde411226fe5dadde2a184052b7390796982fbb84ecb9c67df7db836dc|299aaa8c492554aee5a0da6f824f54d53437cb47de9f33254aa71ea1c7ff26d7,0,3.814697265625e-06,5,"t0 ego planar: +x forward, +y left"
1be49200788d4e38ae4496b27b233ccb,e5d9750fb461470aa4d6574ba90f69ff,521cf6ea1ec94c4b8b7382f1c9a98e32,19,True,False,Pedestrian,future_incomplete_or_outside_recording,6,2,,,,,,
1be49200788d4e38ae4496b27b233ccb,e5d9750fb461470aa4d6574ba90f69ff,58b6967a4f3d4d0f9befbadafbd64a76,20,True,True,Vehicle,,12,2,256370,be4d379b89fe64658f3f22f5a71f1b23522c4954a1524955c415687f4a1a7247|a4d205ac23fad8640a92276053ec9959237a313bda6a099dc91d542ccb3a2814|8686c40dbb40d77142debf3085a620d3a4e403325eb2ff06a10b75f729d28a7b|fe82119165247c868c6b309f958f20138ba5fe430816f0cb9487374bffa37674|31d325a1ea069d7932b863b949ab771f773dd672f7f83773bfd0d2799e0c584c|5c55847d5b14e583a6d31ff3f265ea34d090ec694c5c090d1e215ef8d8ae281c,0,3.814697265625e-06,5,"t0 ego planar: +x forward, +y left"
1be49200788d4e38ae4496b27b233ccb,e5d9750fb461470aa4d6574ba90f69ff,5d0a94cc357d45e5a03424c966ccfcd2,21,True,True,Pedestrian,,12,2,256371,ff427c6a44f95b66943ec05c38e5806375e49531b874dae2cfbde06e9c7e0275|7a26786d0da9a14ca2f700a8a0ea827d8bf615e7be459e932c7b1f1dd007c08d|c3c4d7a89b0e3640dd3a989f12a92251eadbc26bff0d1c244073a6cd969a7cf1|7a6db55c6054fcdb5954e697cbdd313d1f66b43b9247e314861029f934dd41a7|c5072718b6754ad82eca7d3ce342ca3e1a326cf0c828da63ed349ce4c50fa08d|5f72bf5d6fbced3a244a7c089c2091a587059b64a2db6862bd3300819ae92cfc,0,1.9073486328125e-06,1,"t0 ego planar: +x forward, +y left"
1be49200788d4e38ae4496b27b233ccb,e5d9750fb461470aa4d6574ba90f69ff,5e547a14036e486ca0d0ccb5fed9e73b,22,True,True,Pedestrian,,12,2,256372,a07bb4d66548e029a70eccb88e5b486e4714cd59fb11e4e37084f236d78dd497|a69bce3ae790f4bdf34a68fe34b7918de73eb8ddf3d3f843e4f512724113d18d|ae1af2cf941617fd6c3e1099c429835e35742bf4a06d2492696a7a4dbc145c90|21da10da5919a4da4cf71e4bd3044f5e3c12126f039cb8a9c3f7c02558e56361|dff8d765ea0f6b60c6bb236ae42ce12e739f8f78f7b742e9f79012151044b3d4|aca6eb6f3612235ed8aad37b03df0fca499cb47be1f7d05123e3fe62a81d8ccd,0,3.814697265625e-06,5,"t0 ego planar: +x forward, +y left"
1be49200788d4e38ae4496b27b233ccb,e5d9750fb461470aa4d6574ba90f69ff,62426b87354e4533afde52f2bceb094b,23,True,True,Vehicle,,12,2,256373,1bc45e11d9cfdde54a8bb56f4afe6dfcabfcdbb8e91b713ada963b19e5f46164|55712759f7f4057146f2f86332747f0972a23e37829dcaa96aaf82773daa8a14|98c1af780672cd655d73b2d411d93ad015543c1ea414e94de5d943295db210d2|37d069d1deb0ec20a7b4df127b6020ace649702ac03461fbb3c67408067c0329|91449aaa527dad34ad861309e32f82905def5ad719d0d082110fa185d07e2b88|eb376169c48c14c115ff415f8c841a2700a34f143abd1fa8c061b67688b9dde0,0,3.814697265625e-06,1,"t0 ego planar: +x forward, +y left"
1be49200788d4e38ae4496b27b233ccb,e5d9750fb461470aa4d6574ba90f69ff,66575142f825429fa7ac7c21dc48bd80,24,True,True,Pedestrian,,12,2,256374,2a7ddde98bc5f94934a9cb3c21dee696fbbf4bd0d030d8272aa58e627f4dac83|f4ef73224d488de854cfd37d5a754c341d37b09e3c374f8459ac99c7e006afaa|333ae1d56ed0f7c2d874515082d04d88f73b565e96a9b5a69f9ed088fc4756f4|0ed0852451491f0e23b1a33f1fb8db3fc2d09ecd051e962de464d7e067c4d9e4|948bf92412bfee28ff512d714ad7c770ebd72e7a5ac4ed2270109d19b589b096|5eb5e395cc134d0962354f704665f67fdf0654290117a6bfff0efb45206e8c2f,0,1.9073486328125e-06,4,"t0 ego planar: +x forward, +y left"
1be49200788d4e38ae4496b27b233ccb,e5d9750fb461470aa4d6574ba90f69ff,67c42a6060ba4fca991e658af18f5a1a,25,True,True,Pedestrian,,12,2,256375,c47aa36ea439a5e4e7b138d6bf926bae2ff3175fa371db3ba6aacde3df8874e9|7980d1ac20df3f3d9da3c54c4d09bfef20b35fb6ce0100b65abffe2c93882459|ebb0b7406585beb924a3108659c5eb5379fbd52cf163b8ca4ee253fab659a00a|1da0d5d12bf35341e84a29e7d06df4ea89f6a824287bbdb8897a22f3bb995e92|49694d5a11064e8a4030d7b9aade249cc617ed36d10d26a7de1d67a2a695a2a7|db7f5e9d9b6bc6c4863ca442f32b845a86f8af7fb7cf29d533cb4c9e2aead9db,0,3.814697265625e-06,4,"t0 ego planar: +x forward, +y left"
1be49200788d4e38ae4496b27b233ccb,e5d9750fb461470aa4d6574ba90f69ff,67fda15c469b489a8dc32e7c325d031d,26,True,True,Pedestrian,,12,2,256376,2f66f82d50a148052170a239752eda47d164ed1ed2f8c4e42b02805fe79060f0|4014af5b013394e2ece5a759e603e5da62a7df0f3b36e7ac6dcf83badacf91f4|5c12911341da40d8b4236d5fedc9ac7e27456f75df8d99f65987443b1bd2e938|08b7a5d5fd8545f90854f969a8185d93e90e7098733196120e7016c33a84fb6d|f867936dbe24022a1b2da3770a4ddcc59788b5d038f4bbf626bad9a50dd70d39|ba698d071efea25e5c728af5ed3f109a9a6b27e6309fbf40dab8f977744c9c6a,0,3.814697265625e-06,5,"t0 ego planar: +x forward, +y left"
1be49200788d4e38ae4496b27b233ccb,e5d9750fb461470aa4d6574ba90f69ff,71e5965d5f5643b396a643598e47429c,27,False,False,Pedestrian,insufficient_history,12,2,,,,,,
1be49200788d4e38ae4496b27b233ccb,e5d9750fb461470aa4d6574ba90f69ff,7816f94988d8463fadbe56ca08df174a,28,True,False,Pedestrian,future_incomplete_or_outside_recording,10,2,,,,,,
1be49200788d4e38ae4496b27b233ccb,e5d9750fb461470aa4d6574ba90f69ff,80bd5261a4e74419afb4f3cbfb420a5b,29,True,True,Pedestrian,,12,2,256377,b76f4396d17a642db38fd2772f1fa38e30c14b31a85d3f8f1656a7c3e90a0c40|adc36c8f861d43b378ba364ae13bc7ef6e9c7c0b67e90243cc8a0496b5b3ce28|a72c1db2f872c3dca3c545ab76a1114a1dfa9d65a5e25f5ea591c3610f23c03e|53a764042b519fb450eecd48d6c690ec71ce1265efb4a0ee74349281cdb20cae|87ab205c99858477159c29749dcaddd9eb8b74f71473c1856020a673edeb16ee|753d3b6af04060081f0565795e5c16057bc6d46dced6dcb9e894d8eda9b3e032,0,3.814697265625e-06,5,"t0 ego planar: +x forward, +y left"
1be49200788d4e38ae4496b27b233ccb,e5d9750fb461470aa4d6574ba90f69ff,8ba54fe22715431b9e9a453321023bc2,30,True,False,Pedestrian,future_incomplete_or_outside_recording,3,2,,,,,,
1be49200788d4e38ae4496b27b233ccb,e5d9750fb461470aa4d6574ba90f69ff,91239f16d080406084d3d9d2ec7baf19,31,True,True,Pedestrian,,12,2,256378,b32886ac33c69e05a04c769180e8ef3cce3fbf9ca4bf05ed4165af334ce31ec4|6a35c034fe2ac5cfe2747cf52f1795f729c7a797094a181f04c3653f06afb8a8|408c67e63fc52cd7ac853ed7101d66aee38fda05d94cc041c28cdedfba2b065b|749e2e8c2f2559dd7b9c38f4d8f40ba4ff410fac273ea768ec4c7d2439441d7d|4c7d4358ed25336b07aa50c10974be566c6f3504ead91e85aeb05675391f600a|a6a0ca464307e1bb7a41a6deec41e670ab1fb7e4ac0f58b77bdfa6a2e241b6da,0,3.814697265625e-06,4,"t0 ego planar: +x forward, +y left"
1be49200788d4e38ae4496b27b233ccb,e5d9750fb461470aa4d6574ba90f69ff,913f68c6894e4f43acfec83c201ec737,32,True,True,Pedestrian,,12,2,256379,850ddc5d0c50e0503b31cafec83185b06acae22beab40abf57d376d1709b5ddb|01e80652868e988452a205016f1a208d328dec551f17e932c2759a98d8a13811|e9d58aec360755cdc50176cef7424dc0c882c575de10a40fef277c13710d2577|fe171c41508a15a9db64e05d35aecb23f098536eb94120b24331c4fa0c454c10|b747ecbad3f22387d4bd11a2a601c2bd50dac804c042c8c95d55fb725cf38d0a|edd2cdbe530e8ecad554ba16113b24e0ec4174867cccd6462cb1b499f26a6cfa,0,3.814697265625e-06,5,"t0 ego planar: +x forward, +y left"
1be49200788d4e38ae4496b27b233ccb,e5d9750fb461470aa4d6574ba90f69ff,95db42e8beff47afb3e8ddedc1c0de22,33,True,True,Pedestrian,,12,2,256380,c880bbed879ba95df5aba9713a6038b3d58c5d0b5dea55be50971ff8421e88e3|672a7a58bd721b2ef8bbfd94361321fdc771cdcec85e379b9bed799192117ed9|f51a186011f561f7ab3fb416fe24594b5b101d20fce4cd8d838d8ea02c7c7353|56a608dbd24fa6f9daf70000fe456a53d6411e8a3884f2b070f33f45dd2afab9|47890a4e6b06764a23b8a45fb56c4bcc41800b34d8ef5edec73a5f7e9866331f|dae22ec14d06a96832716adc02b659ecacd0aacd61b6f4c0440fc331516a8f08,0,1.9073486328125e-06,5,"t0 ego planar: +x forward, +y left"
1be49200788d4e38ae4496b27b233ccb,e5d9750fb461470aa4d6574ba90f69ff,9a26c2af72564d99b302661c54d0887c,34,True,True,Pedestrian,,12,2,256381,ef13ab5a85408901d00c782e6266f082c329a9bef6f426c103d0e3739308c60e|5ca09d23558522eb8add695cce64ea31933913c45b20a662c099dde85cbf4b59|2fd5c38dada4c06c3ab27347a8b69a9edd570669aaab20332b65ea167a84022f|6b79632629f753359a84fa64e3741c277997f74ccb2657c000be4f15e1c250e3|830ceb7d354fecb0f0d9be23459a176ea86668dacdfe9575e9a0304df1b6e229|4c6e714727e25b4ca7606c3f43236b47d400009c4b724ab0dc04fe603f6c48fd,0,1.9073486328125e-06,4,"t0 ego planar: +x forward, +y left"
1be49200788d4e38ae4496b27b233ccb,e5d9750fb461470aa4d6574ba90f69ff,9d4dac1032e44751a80907d6b66b0369,35,True,True,Pedestrian,,12,2,256382,968670e647cfe98e696860edbe7b56bf14ad6aa9db4e4e4ef342fb96dcfb7ef6|b7d89410058860cdc7940f3586efb744eea5a7767e88fccc07380facae482a02|5af51fe6e2a4ec415671cd2b16d0dcfedcbd1871add234ceb80aa65606d0669e|d8deb68f247e6da6c753fbc94c30cdcb9e3e35b19948f218c0bf79b39d93a6d3|90c719141ba8cf7845efca82ebbbba8df005b4cbf51a1499d639fb3fa76ffc87|96f3e3244992a1b600497c474d73ee6275e86e335647b1cb428230ee0d342cb2,0,1.9073486328125e-06,4,"t0 ego planar: +x forward, +y left"
1be49200788d4e38ae4496b27b233ccb,e5d9750fb461470aa4d6574ba90f69ff,a05ee59e0ef340f19447b95114c3f628,36,True,True,Vehicle,,12,2,256383,d4152eb43d3f9f3726d52cc5abc0dedf90a85415fb19e9a4df4703f90b8abcf6|d19bfce016707027a8702835665d9e175edba75036417d424b9a19e5d191bbd1|014013c492859f7e359c86a9a701580170af29f447470a7ff120c7fbb628f3a4|752bc03c06b2f4cb14824fab72c0fe3c33102de257fc2a3182a34346a901f464|10fcee4ae406ff7ae4030cdbc3c92e1a4bf99d5a3d7b30e440db9326a3999e5c|531ff6717981f39df5a4666db0d7dab44bfad816c8bebe7a15b23c6cca6178d0,0,3.814697265625e-06,5,"t0 ego planar: +x forward, +y left"
1be49200788d4e38ae4496b27b233ccb,e5d9750fb461470aa4d6574ba90f69ff,a13c346563f14e7a99f34fe7be420f57,37,True,True,Bicycle,,12,2,256384,d0643162b1d847b1c4b5a2d1be401a8a3362fe0f809106cdb00a1489645b855f|691a5ad82c51d4cc6f85cd4b321b1706519998ac8ba0eaf4cfa416e2e5d77ffa|2d96708a657a7c52667c6367174109922c13eee85f890dd22a8a006ff0933ef0|b25c100b9a35e6cb745e00e35f13af33bee0e0bdbb2d653054d5ecc08d252360|8fade7b01f235c0446790d3c266670535793a60ddc6bb821d27568f47781fde8|111a6004cdda8c46ac1f73843ee9ec67b32adaeb0d3d964a1f58a598838d871a,0,1.9073486328125e-06,5,"t0 ego planar: +x forward, +y left"
1be49200788d4e38ae4496b27b233ccb,e5d9750fb461470aa4d6574ba90f69ff,a6891a42f42147c3b22477c3fd738830,38,True,True,Pedestrian,,12,2,256385,6f46d46f68736d50cf354e69e5866858dd2aecbaccfe61d39fe78ec94b9155ca|efe38c87c68101f8587aa74c70cdb8ef21b9fc8e2a883d4870700f34d74f95ef|4395ab442c42729fa2b919c98fc9a71a6f7ee98544bfa164de0ed8b539d0591e|e030ac7ceb3c8fdf633f90dc2d3f9d8ce7a347295781122e1f3353f980ee81da|521d61da031b79e797d54bc92a00a96c890e206872e0a66b40df9f40d8e06f27|ad105db6a6dd68cd6c20a5691f2815fd1c60463ecb93ddd5594cb77187c37545,0,1.9073486328125e-06,5,"t0 ego planar: +x forward, +y left"
1be49200788d4e38ae4496b27b233ccb,e5d9750fb461470aa4d6574ba90f69ff,ab7506b2776847cc9931222a2c11dd02,39,True,True,Pedestrian,,12,2,256386,417646abe571cf513d2b4628fbe2e165a23304cc6f1aac47f82773b2f29453f5|8f70db4d033a3f7c1e6845010eb6927fd0aaa60f90fe2621330a8dec56078341|091991fe7de64921e620c0f357104a411ffa43dc1c2e5a82853e762c559cfb23|9b4cd6ca9664ceb34d5a0a59640294ba004ee5e4e19703f928fa72120fc85bb4|066ca2e728996585121c60a4f32703e56202416f84bec08c5ed43c7e7e31c1d6|c984746f729793f19877b607b86a304bed08b3cfd7fce5606211ad5680d3b9a8,0,1.9073486328125e-06,4,"t0 ego planar: +x forward, +y left"
1be49200788d4e38ae4496b27b233ccb,e5d9750fb461470aa4d6574ba90f69ff,af0892ecc0e14d14b94b7c11cab5149a,40,True,True,Pedestrian,,12,2,256387,0f472334801f65097918a52439d3e3b227495b76bb3002d1082359cb97d103c1|453dae18a02e79df2b067f0618ec004baa5d6a3fb4a9dec89c4a4995d839b487|2b794f0f8a4a8f99524cafe2a99f7e6ea9260ee0b72b82deb3117851964c9853|7d38026d5f74bc951160d6defc05b42784bb0cc9eda8d603049db5c1cc9073d3|e2d00af4d6ca3b2261dd9554ab57c0ef88f9b70cf2f8c9e274b3b9aa52204ce6|72d92a40448af484f647b1b8f49165f37125fd9c701138662a497a1a43b56782,0,1.9073486328125e-06,5,"t0 ego planar: +x forward, +y left"
1be49200788d4e38ae4496b27b233ccb,e5d9750fb461470aa4d6574ba90f69ff,b5860b3b7c4e420eb2c785891422422e,41,True,True,Pedestrian,,12,2,256388,24b5d14b9b2099fb7b9f9d44257b97aa376a87be04cfd6fb431ba3c56fa12442|989d331b0f61786386232404cd3e4d24548818b1e4a1ff1e82d88a249d725809|5a67d8462d0ed56adfff24d6be1ee3c87fd6a3b6360185334a3f5eab0c51e417|5a1a2942b2152bc9d53caecd30c4a60490d4faf590e6f1754ffd33bce23450f6|690e90bee7ef7f8d6d24b298ff24ec8cbf410fe9927dc3a07a36919fdf0cf203|3677763de92efbf8063f09d2a3ce152c8fb388515f798963556cc1d531ca2585,0,3.814697265625e-06,4,"t0 ego planar: +x forward, +y left"
1be49200788d4e38ae4496b27b233ccb,e5d9750fb461470aa4d6574ba90f69ff,bb4accd0781f48e6af9422953377d36c,42,True,True,Bicycle,,12,2,256389,23c9bb7a5a954d318fbe669bd52ca5c87f99b02b20d8aa8604ff14b5234b745e|f8bdf0cae4979d2231d07f730e1a5ffe6c1a2a497207c36198d78ad6cfa3e620|19623726357ae36a6b98b46e7c25b61268d4f5edfb13bffd26bba446374376a9|fcceb6e82d5d0223d3f53f421df84b49ee2df188c701129a1aea011a47eba2bd|d9f76d42038bc61505eb2d333b4b13b5fa33d43bfb2382f03ee0a3c52d7523c3|5231a75342bf9e06a422bdc7ff93442ad481a12e627adfa6a60cd7e3ffb176c2,0,1.9073486328125e-06,5,"t0 ego planar: +x forward, +y left"
1be49200788d4e38ae4496b27b233ccb,e5d9750fb461470aa4d6574ba90f69ff,be7446e9373a4db8896f6470231ca6ff,43,True,True,Pedestrian,,12,2,256390,22a9b51f7604a144e2c3ab9da299304b224bc722a2f82cef057059cbf299158f|10f55bf988d02ac8ed5cfdc9a014668da818caacb0d59f7c612f20b6fb917805|e1324890e2b57ca7d046518e4444858096b08857f2155c9a926bcb4dccaddaa3|4a924d155dd7748ae11f1d95f4fd66d3003f89648d46a08e7f073dad45683661|b6813957e55fcbe3c70a9fb4a36974ecc6bdace39418c22f1ce7954258a9be25|30fa8c40511e11f876fcc36af19cac7429f652a4ff7a9a45f419bff465acfcf8,0,1.430511474609375e-06,5,"t0 ego planar: +x forward, +y left"
1be49200788d4e38ae4496b27b233ccb,e5d9750fb461470aa4d6574ba90f69ff,c4b98f3f7d5c4d74a13269148908af3d,44,True,True,Vehicle,,12,2,256391,a55d5f0d8e2a7d581a4112a7891a70ebdf245e65cfa8c5be0c924d90a7ca524c|a8a3a535c5a5c07388b3acf9b136a83a4ca33cf4721a7932581ae046b0342773|2fb1410fc9a320e27afb0f42414f9556c096d668a34b4374d5fa7cc04242dbee|11dfd66ab8f00eaf39b9f516845a3fadffc8f34b22b1ca4b4877f2cecb513138|dcb94c692d6bb7387e7545a4963ad6ccf70ad50fb68608fbf621820ea7771257|909b53adca9bc5d35095abe39dec24bd3eb1554a1a9139272fef699a34c1f8a6,0,1.9073486328125e-06,5,"t0 ego planar: +x forward, +y left"
1be49200788d4e38ae4496b27b233ccb,e5d9750fb461470aa4d6574ba90f69ff,c6df3413d2e64e6ea00825a4cae0049d,45,True,True,Pedestrian,,12,2,256392,6041ac095c3ff3456cdccac5043690ea51d4952edb26971961523f73b7d696b5|9202fdd712bfee074b6a0d342108cd083a8fbc2d6e5ab24c56febd0469bd6357|414c9ece392d555933e968d75bad8669c78df5831a6aa539662544247997462a|43db7b69153d914f5d273d2a88ab89fe670f67c009524008cbde1e6065bb6432|d6cedb7e33037d277d118061b6c8ca98a8ef89320191f4d335978e313a911b0d|794df9d39b282c9d27399ac337177506c1309b40bcde844e0183790bfbdc675d,0,3.814697265625e-06,4,"t0 ego planar: +x forward, +y left"
1be49200788d4e38ae4496b27b233ccb,e5d9750fb461470aa4d6574ba90f69ff,c94d5de08e6c441dab65969a496cc1e7,46,True,True,Pedestrian,,12,2,256393,cccb6690df254fd135b761df3b66990912eb0b89aaf62083ece67a29319b7f6b|18912ca8186661837c333f26a0e63d8c29be35d8d4b5ab10ecb3e26f4f899282|61b832bf1a848d48a38f4f289d504851f253c43bb4c2cc78e7d58a1292ad9683|ad1e26b2ee0646ba25feffd4ea12869e4fe2128314d4fc133f70e7c2b4dd4e8a|6c7dc5240a9a40c5db810460ab3b94c539b8806cafaaa6d48fe1461fddac0b5d|d41a272860b16e32c0c88bff33a360cf2ce29419e33eb80f566dc90bf03a8552,0,1.9073486328125e-06,5,"t0 ego planar: +x forward, +y left"
1be49200788d4e38ae4496b27b233ccb,e5d9750fb461470aa4d6574ba90f69ff,ce6958bb99f944fba8c1c61329e6ab7d,47,True,True,Vehicle,,12,2,256394,2694848b46fe559b936e549e3c34beb524cb5e92289851866587e6dca5ea13b1|4efa8fad0d31192d57d89710e0c4d2d30bac113747c1e3ff912ff3ab826d6a25|2a9bcec432292b3c299aba2e73839e691cad9519d4206c19afd6bd2530aad753|440332076a6ea34fdbdf4eaf2052d742fadcc3d126b5f7647fd67e544a16c2c3|1074e8ce799a593054db6f2ff24f4515d74caa86e580d0f1a2ceeab8876572a9|0ca1e3ea87f5a57040fa2a51de521ef68e11b773adfb761911a71194e9749cd7,0,3.814697265625e-06,5,"t0 ego planar: +x forward, +y left"
1be49200788d4e38ae4496b27b233ccb,e5d9750fb461470aa4d6574ba90f69ff,cfb7d8fa3dca4943b224b3b776879f0f,48,True,True,Pedestrian,,12,2,256395,5fa60fca7edd75c22c4587c1203e509bfe4caf9e91c7ad2a9e6995d79d1ace41|a1c3b3e2c030853fdbfb4b9c26a1733728d7ec8061678c36b5fa7a1bd4bfe153|2638208cabf8bd0f45edb2dc21c3c5d1d2cc866b0013b75c6eec91e87490393d|ead19eb9a56ce442f4121382b432be0a654ad387540c493233f2660d24997eac|98c3ce20f0332875898307b4d7b7358dcccf429b44c3a0a9d1917e44ccfe3e77|ea88d38b1853b56a8663d01d2535da7ba1596edce623d7a36cb6ab57a47fcff5,0,3.814697265625e-06,5,"t0 ego planar: +x forward, +y left"
1be49200788d4e38ae4496b27b233ccb,e5d9750fb461470aa4d6574ba90f69ff,d1370b1a456f451b915f62c8bc51aca0,49,True,True,Vehicle,,12,2,256396,2d9c834c0572e799605d5d0f6a97877e87cd3356bfdb868b3223b0f2e56b6c77|3449afeda695fee762526960e28a12a8d75575535f157872b86085a36f518ed4|9f31c945ffd968f8821ee01b5565c797df7dc638ab452d581392a7c102609b14|18b3b5ef4b7d9b0dff61d937a591903e8072243c713852e22429e1b6e4c101b2|a4902662627fbf6024c58803df809f4937c3e026b47378a2306af353a8a63a41|daddafb3a7aa68572dcecd15e25fa38ab247df018cb1fb19894d069ece1abf04,0,3.814697265625e-06,5,"t0 ego planar: +x forward, +y left"
1be49200788d4e38ae4496b27b233ccb,e5d9750fb461470aa4d6574ba90f69ff,d25dba611e87451485c0c48a3a2a163d,50,True,True,Pedestrian,,12,2,256397,0fccdef544308d93f5215ed5aa543faad84fee20ba043fe65fbeb31aab6d2556|2897c8368eea2982d903d9ee6ee913e15a44c100d6f62408d0d1c82a0fc50953|7d18895c3dd3dd6a21efd6e418fce7aef97d065fd5565816a87975a11b9a3b76|34b48bc9fd5c0e93ed136c24397db6fac2d06a2351e1213a9c8b5fc13f5875f3|c895c899dc2552ca097a0ab0230cea45c7119ef9f0f08cd794135f8317c74fc1|f93eedd0c1a62a7d35553437f32b39e6a5ddab391a7922d99eb2f241c40b4b9c,0,1.9073486328125e-06,5,"t0 ego planar: +x forward, +y left"
1be49200788d4e38ae4496b27b233ccb,e5d9750fb461470aa4d6574ba90f69ff,d768c2f9d39344ff938f48f83545422f,51,True,True,Pedestrian,,12,2,256398,5c57f461e00cdce7255a9ac26dccccabd8c3f8218be24252c51e3ee9ab0565fe|349d154861ce81c26d30bf1adedf682b305c5dd18405dbf3a037ffef7fbe23b0|67dc8b356b0ca9ec0ab9b359e9c2746a4dc084f65c484bf223d866c0424a2ca0|d321147b0adc3811d4600f8fdc3234b0984288332f2b7d783c4dc2fd25762903|d98b008cb391c1bda41c9e4f246c9776b59d0c619ef56c5de0d8e2a1a096254f|63e25382fbc946704479a3e06ba80a1b07b5ba1228caf2b60ce21a90af4024cc,0,1.9073486328125e-06,4,"t0 ego planar: +x forward, +y left"
1be49200788d4e38ae4496b27b233ccb,e5d9750fb461470aa4d6574ba90f69ff,d774201804484bfc9445306b118f35e4,52,True,True,Pedestrian,,12,2,256399,128f2e539ce77ee526f12c367cbcfe39661808bc1f44d23b1d6e05389327e3a5|6457c382bcd0c30cb895f3fa52a8bf26900eca059303d0d4a655016891e41c2c|eea649d92e4e810514a4a784b8ecb31d5024c02f2ca40af5e68aacf7e5a644f6|a855fec82e18778dc7df4af4852cd8ad7830a89269d0283c46a3254aabdd198d|5c851e8701e9ada5dbd142174f5eab2ac9c4bd47980c71ccbcdc1ea6d53722da|b139d8f1bbb40ef9ed87d1dc3258f5b26c72ee9695945eb8f82e2af5757f01d1,0,1.9073486328125e-06,5,"t0 ego planar: +x forward, +y left"
1be49200788d4e38ae4496b27b233ccb,e5d9750fb461470aa4d6574ba90f69ff,db9eb002121843ae8d5fa94bef953cb7,53,True,True,Pedestrian,,12,2,256400,bb5026f4939f4c6c81cb313d92b4cd4fd014bc46e38025a973aa1f0756e51ebb|9a29e23f36d1e615564f815b8be46fc65cc56211b71535a232daf0a108dce0e5|5832a141f9d74ab99ae7f274bc9cbf4ba31dac00d5aa54a5786f52ba37af971f|2387a0962d115b8c4612a252dcd343a23bbf260ec5162606e7c45376f02df96d|2a1569dac4395418b1ee397f7bb34e956fd399fbdf6de113ce83c613d7fcf975|1cb1a5d9526bc309e3a3d01d7a819d95a9886995e2cb06c62299dadb01d7eae0,0,3.814697265625e-06,0,"t0 ego planar: +x forward, +y left"
1be49200788d4e38ae4496b27b233ccb,e5d9750fb461470aa4d6574ba90f69ff,ddb34749a71e4ec09951e6486e1cd09c,54,True,True,Pedestrian,,12,2,256401,8cc4c2bd5d9661f81ad75e34f82d81c66b0bc49ca5fce6f0ecf273f39555a4a3|e4a66682d65b9ad44db9cff70f75a653172346c239e3e05f83f141cc4d114dd4|336d5052d9f6d49d00e1627c668322b7401e8caa5b58eac61a0acbf5f0c742c7|354632f81de1950a6d386d43a0c591e182c22bedb83a2473ef66df26e277cf0c|4322e860e4ca8a3a70a117b07a79c369a232a3b8ed479b2fc29cd5c5c5abc363|8b3af4be7523a5e2aab8aa72164bc994267cfd5f55eef487ae7009c9f321977c,0,2.86102294921875e-06,1,"t0 ego planar: +x forward, +y left"
1be49200788d4e38ae4496b27b233ccb,e5d9750fb461470aa4d6574ba90f69ff,df15de229b9745dfb2fd298b195edb85,55,True,False,Pedestrian,future_incomplete_or_outside_recording,11,2,,,,,,
1be49200788d4e38ae4496b27b233ccb,e5d9750fb461470aa4d6574ba90f69ff,e9d073f466c84913b6d651fd8a60cec0,56,True,False,Pedestrian,future_incomplete_or_outside_recording,3,2,,,,,,
1be49200788d4e38ae4496b27b233ccb,e5d9750fb461470aa4d6574ba90f69ff,ec83a5f03810470baa471d3aaf2e2b6f,57,True,True,Vehicle,,12,2,256402,4c3a7a18cc4fb8862e2d2ad26a664b45aa9c97e1b3408073ea7be6fee7873268|f4b77ae9889e6a5adc2e61c045b57ec7c0ab70a072c7c38a11226a688d3a1434|00d82ef1194bca538bd91022aa569ee39bf63d49d84e63197d5f35dbce62d04b|42bdc81e8c7d91bcd2d64b85ca82aa00e503edd150c0cfda6ea846c062075675|e4b4b07e46f508895fe8fc00ada7e40ea257a3e6dcfaafd70abf9cd3a77fcb04|4b74d8784be2c184013a200bae938b93851cc00bee1f2246df8fb4635a19a56a,0,3.814697265625e-06,5,"t0 ego planar: +x forward, +y left"
1be49200788d4e38ae4496b27b233ccb,e5d9750fb461470aa4d6574ba90f69ff,edbd8b49361b4a179c2a9876c3496d0f,58,True,True,Vehicle,,12,2,256403,2434ceaf6948e14da10300a02c045a7093f0fcb7d5ed64ac788fd759f479eac0|dca246f0b0821c26a0526ed1a8eff463ac799dd92b6ac86d12809ef356300120|f5d8a0e447e56c63857397269bc16571193abc74f75224b646c3b859f07f0e9a|f9d4e54a5a371f18efdc6bff8dada802d61a2edda4ee1a45f177eede74c43d15|505478796eaae4dcc3beba5c59b69d81b3fcf923801f23c19a9216dc3c5aaad4|9ff9009a49068ef0cff9e372777a63a40aca5ea262dd4911283db23ad1204e86,0,3.814697265625e-06,1,"t0 ego planar: +x forward, +y left"
1be49200788d4e38ae4496b27b233ccb,e5d9750fb461470aa4d6574ba90f69ff,ef04cfb7b03d42879bfabf83a772651d,59,True,True,Vehicle,,12,2,256404,611c1d4d0de151afa3183823d68caa8800347dac0c770935d4289e6a53bb548d|0e2eca5483e66d937cb7253d923218899e297e4f3863a628fffc2340adab7acf|4cb67e2ab962e134481f96db84138160d059406b517a5f106d2bd1560975cecf|6c845f04c3e7d2ecba707c01a422edb4ca9128bd0341bdf7f5dd662c9e2d12e3|041e7058e1cf75f7747c71c6a3a7ff18b4cd986951f53b7704d8dc84a1c245e9|db9818f52b0f0d65bef0e2b9ba492d171e87919666850194212fe3bcad2260e6,0,3.814697265625e-06,5,"t0 ego planar: +x forward, +y left"
1be49200788d4e38ae4496b27b233ccb,e5d9750fb461470aa4d6574ba90f69ff,f2de03830f9f4e708e6e776fc19a1e35,60,True,False,Pedestrian,future_incomplete_or_outside_recording,0,2,,,,,,
1be49200788d4e38ae4496b27b233ccb,e5d9750fb461470aa4d6574ba90f69ff,f691c33d46cf49f3b9804c7b77cf5a55,61,True,True,Vehicle,,12,2,256405,ce6ae83cc630036512022ff76965cd210f696808d808326f0967d938a27dc626|046fe2fdcacdbd1357eb046b2a95c98d3aa1b057776c464bb08b5dc448b997a9|791ade1709618284f21f61d6248bc187cc66264fb136e152c6a86661efd63619|d0532f3d84c7be330d30cbb13bf822b554972939f8fa67b8f3c3feefc882e51a|08a933945c3d0487be9d20eca9aca50ce6d0b461c111a0c1a1895590ebcf7bc9|850baff29eb56a06432a9a20eff2912633950ff3a9982aba9378bd09ee2ce9dc,0,1.9073486328125e-06,1,"t0 ego planar: +x forward, +y left"
1be49200788d4e38ae4496b27b233ccb,e5d9750fb461470aa4d6574ba90f69ff,f73491248a004311a5f3149fde1ac30a,62,True,True,Pedestrian,,12,2,256406,6cb79c297a24fcf460d4e4e560ebb6b43264c9630cd69eb2e948b19ac6bace18|2d822ad419738ccc37b89eb88a370c565b6c2e79727cf4e4b346e8c4c5b23252|f211105f4116c0b2ef2d617cedc1c31c465ca2de372a09810e8d546c22654bba|31ac963ce9cc14ce1506233ed6b43c3465ab09b78debc2b8d1b0529f624a27ef|5cf5104b901b54a6d30beecd5159e3241fda7ca66726ce9a74f0df32190c489c|a3c6685dbb4f1cebdfe635fbeb78642364742edcd3de2be111ac48235fdc6269,0,1.9073486328125e-06,4,"t0 ego planar: +x forward, +y left"
1be49200788d4e38ae4496b27b233ccb,e5d9750fb461470aa4d6574ba90f69ff,fc6465a4eea8414480d86fb9be992e4a,63,True,True,Vehicle,,12,2,256407,2b1be9b53a4f8db61f8d8499ba3b443ff27fef3d0404c9e48fd96216ef19cca6|54367d6947a118d58b71627ac368c67f0000a39debb772a23b181f438b35ac48|1cb32eaa637175669006eda3b80e5b9a77a9e86dacb5b48ad47c47d670bf7e25|293c386d80f7c5e1fe0d1ea09aa5b02adf3e7ee0ba99ca553fa45307aca57b50|09ffb0f2e5b4bd89c68d512324277887187c1aa3acc05fe96dc29494bebc517b|d9b66ab42d6455328ec441bc378f812f41e1c008f39cf6ba6b26680fadcb8687,0,4.76837158203125e-06,1,"t0 ego planar: +x forward, +y left"
1be49200788d4e38ae4496b27b233ccb,6d7574d3ac054776b67fdc05a5ddb38d,0eb8e506bdc64854999e2d2aa854b21f,0,True,False,Pedestrian,future_incomplete_or_outside_recording,0,2,,,,,,
1be49200788d4e38ae4496b27b233ccb,6d7574d3ac054776b67fdc05a5ddb38d,12a88901ea384cddbb751cfd19c5695d,1,True,False,Pedestrian,future_incomplete_or_outside_recording,0,2,,,,,,
1be49200788d4e38ae4496b27b233ccb,6d7574d3ac054776b67fdc05a5ddb38d,1490505fad5b4638be5ab1e4e6d6f9c8,2,True,False,Pedestrian,future_incomplete_or_outside_recording,0,2,,,,,,
1be49200788d4e38ae4496b27b233ccb,6d7574d3ac054776b67fdc05a5ddb38d,186ea21bc09b48fa951f2b28365d6d7b,3,True,False,Pedestrian,future_incomplete_or_outside_recording,0,2,,,,,,
1be49200788d4e38ae4496b27b233ccb,6d7574d3ac054776b67fdc05a5ddb38d,1b87da59ed7d4a86a27c41a91b8209d8,4,True,False,Pedestrian,future_incomplete_or_outside_recording,0,2,,,,,,
1be49200788d4e38ae4496b27b233ccb,6d7574d3ac054776b67fdc05a5ddb38d,1e5609d0d5c948699df5e3b3182184be,5,True,False,Pedestrian,future_incomplete_or_outside_recording,0,2,,,,,,
1be49200788d4e38ae4496b27b233ccb,6d7574d3ac054776b67fdc05a5ddb38d,23e5605a355643c88a6fa1832b5825f2,6,True,False,Vehicle,future_incomplete_or_outside_recording,0,2,,,,,,
1be49200788d4e38ae4496b27b233ccb,6d7574d3ac054776b67fdc05a5ddb38d,2653f216fc50448a8cea1c43ddf0e4d9,7,True,False,Pedestrian,future_incomplete_or_outside_recording,0,2,,,,,,
1be49200788d4e38ae4496b27b233ccb,6d7574d3ac054776b67fdc05a5ddb38d,313470f3cd724873a544b6a05e11c4d9,8,True,False,Pedestrian,future_incomplete_or_outside_recording,0,2,,,,,,
1be49200788d4e38ae4496b27b233ccb,6d7574d3ac054776b67fdc05a5ddb38d,3c3c005b9fe248f99b4a5d8cd1a38517,9,True,False,Pedestrian,future_incomplete_or_outside_recording,0,2,,,,,,
1be49200788d4e38ae4496b27b233ccb,6d7574d3ac054776b67fdc05a5ddb38d,3cdebb8161a24fa78a7288eefde23481,10,True,False,Pedestrian,future_incomplete_or_outside_recording,0,2,,,,,,
1be49200788d4e38ae4496b27b233ccb,6d7574d3ac054776b67fdc05a5ddb38d,43e39a1f5c0d46d0b83abdad3d06b37f,11,True,False,Pedestrian,future_incomplete_or_outside_recording,0,2,,,,,,
1be49200788d4e38ae4496b27b233ccb,6d7574d3ac054776b67fdc05a5ddb38d,47624df887a646f5b4660a79fceb5b4c,12,True,False,Vehicle,future_incomplete_or_outside_recording,0,2,,,,,,
1be49200788d4e38ae4496b27b233ccb,6d7574d3ac054776b67fdc05a5ddb38d,49030272666949a7b6e811936edf2376,13,True,False,Pedestrian,future_incomplete_or_outside_recording,0,2,,,,,,
1be49200788d4e38ae4496b27b233ccb,6d7574d3ac054776b67fdc05a5ddb38d,5159a1a8f09e450fab276dd4a7db04d2,14,False,False,Vehicle,insufficient_history,0,2,,,,,,
1be49200788d4e38ae4496b27b233ccb,6d7574d3ac054776b67fdc05a5ddb38d,58b6967a4f3d4d0f9befbadafbd64a76,15,True,False,Vehicle,future_incomplete_or_outside_recording,0,2,,,,,,
1be49200788d4e38ae4496b27b233ccb,6d7574d3ac054776b67fdc05a5ddb38d,5d0a94cc357d45e5a03424c966ccfcd2,16,True,False,Pedestrian,future_incomplete_or_outside_recording,0,2,,,,,,
1be49200788d4e38ae4496b27b233ccb,6d7574d3ac054776b67fdc05a5ddb38d,5e547a14036e486ca0d0ccb5fed9e73b,17,True,False,Pedestrian,future_incomplete_or_outside_recording,0,2,,,,,,
1be49200788d4e38ae4496b27b233ccb,6d7574d3ac054776b67fdc05a5ddb38d,62426b87354e4533afde52f2bceb094b,18,True,False,Vehicle,future_incomplete_or_outside_recording,0,2,,,,,,
1be49200788d4e38ae4496b27b233ccb,6d7574d3ac054776b67fdc05a5ddb38d,66575142f825429fa7ac7c21dc48bd80,19,True,False,Pedestrian,future_incomplete_or_outside_recording,0,2,,,,,,
1be49200788d4e38ae4496b27b233ccb,6d7574d3ac054776b67fdc05a5ddb38d,67c42a6060ba4fca991e658af18f5a1a,20,True,False,Pedestrian,future_incomplete_or_outside_recording,0,2,,,,,,
1be49200788d4e38ae4496b27b233ccb,6d7574d3ac054776b67fdc05a5ddb38d,67fda15c469b489a8dc32e7c325d031d,21,True,False,Pedestrian,future_incomplete_or_outside_recording,0,2,,,,,,
1be49200788d4e38ae4496b27b233ccb,6d7574d3ac054776b67fdc05a5ddb38d,6a288d7fed1e42969e2af1e7539d8b44,22,True,False,Vehicle,future_incomplete_or_outside_recording,0,2,,,,,,
1be49200788d4e38ae4496b27b233ccb,6d7574d3ac054776b67fdc05a5ddb38d,71e5965d5f5643b396a643598e47429c,23,True,False,Pedestrian,future_incomplete_or_outside_recording,0,2,,,,,,
1be49200788d4e38ae4496b27b233ccb,6d7574d3ac054776b67fdc05a5ddb38d,7f3777b0b4d44b3d9a811f5bea425071,24,True,False,Pedestrian,future_incomplete_or_outside_recording,0,2,,,,,,
1be49200788d4e38ae4496b27b233ccb,6d7574d3ac054776b67fdc05a5ddb38d,80bd5261a4e74419afb4f3cbfb420a5b,25,True,False,Pedestrian,future_incomplete_or_outside_recording,0,2,,,,,,
1be49200788d4e38ae4496b27b233ccb,6d7574d3ac054776b67fdc05a5ddb38d,91239f16d080406084d3d9d2ec7baf19,26,True,False,Pedestrian,future_incomplete_or_outside_recording,0,2,,,,,,
1be49200788d4e38ae4496b27b233ccb,6d7574d3ac054776b67fdc05a5ddb38d,913f68c6894e4f43acfec83c201ec737,27,True,False,Pedestrian,future_incomplete_or_outside_recording,0,2,,,,,,
1be49200788d4e38ae4496b27b233ccb,6d7574d3ac054776b67fdc05a5ddb38d,95db42e8beff47afb3e8ddedc1c0de22,28,True,False,Pedestrian,future_incomplete_or_outside_recording,0,2,,,,,,
1be49200788d4e38ae4496b27b233ccb,6d7574d3ac054776b67fdc05a5ddb38d,9a26c2af72564d99b302661c54d0887c,29,True,False,Pedestrian,future_incomplete_or_outside_recording,0,2,,,,,,
1be49200788d4e38ae4496b27b233ccb,6d7574d3ac054776b67fdc05a5ddb38d,9d4dac1032e44751a80907d6b66b0369,30,True,False,Pedestrian,future_incomplete_or_outside_recording,0,2,,,,,,
1be49200788d4e38ae4496b27b233ccb,6d7574d3ac054776b67fdc05a5ddb38d,a05ee59e0ef340f19447b95114c3f628,31,True,False,Vehicle,future_incomplete_or_outside_recording,0,2,,,,,,
1be49200788d4e38ae4496b27b233ccb,6d7574d3ac054776b67fdc05a5ddb38d,a13c346563f14e7a99f34fe7be420f57,32,True,False,Bicycle,future_incomplete_or_outside_recording,0,2,,,,,,
1be49200788d4e38ae4496b27b233ccb,6d7574d3ac054776b67fdc05a5ddb38d,a6891a42f42147c3b22477c3fd738830,33,True,False,Pedestrian,future_incomplete_or_outside_recording,0,2,,,,,,
1be49200788d4e38ae4496b27b233ccb,6d7574d3ac054776b67fdc05a5ddb38d,ab7506b2776847cc9931222a2c11dd02,34,True,False,Pedestrian,future_incomplete_or_outside_recording,0,2,,,,,,
1be49200788d4e38ae4496b27b233ccb,6d7574d3ac054776b67fdc05a5ddb38d,af0892ecc0e14d14b94b7c11cab5149a,35,True,False,Pedestrian,future_incomplete_or_outside_recording,0,2,,,,,,
1be49200788d4e38ae4496b27b233ccb,6d7574d3ac054776b67fdc05a5ddb38d,b5860b3b7c4e420eb2c785891422422e,36,True,False,Pedestrian,future_incomplete_or_outside_recording,0,2,,,,,,
1be49200788d4e38ae4496b27b233ccb,6d7574d3ac054776b67fdc05a5ddb38d,bb4accd0781f48e6af9422953377d36c,37,True,False,Bicycle,future_incomplete_or_outside_recording,0,2,,,,,,
1be49200788d4e38ae4496b27b233ccb,6d7574d3ac054776b67fdc05a5ddb38d,be7446e9373a4db8896f6470231ca6ff,38,True,False,Pedestrian,future_incomplete_or_outside_recording,0,2,,,,,,
1be49200788d4e38ae4496b27b233ccb,6d7574d3ac054776b67fdc05a5ddb38d,c4b98f3f7d5c4d74a13269148908af3d,39,True,False,Vehicle,future_incomplete_or_outside_recording,0,2,,,,,,
1be49200788d4e38ae4496b27b233ccb,6d7574d3ac054776b67fdc05a5ddb38d,c6df3413d2e64e6ea00825a4cae0049d,40,True,False,Pedestrian,future_incomplete_or_outside_recording,0,2,,,,,,
1be49200788d4e38ae4496b27b233ccb,6d7574d3ac054776b67fdc05a5ddb38d,c6e30a17b27f4f1c9c1f4606bdc4d82b,41,True,False,Pedestrian,future_incomplete_or_outside_recording,0,2,,,,,,
1be49200788d4e38ae4496b27b233ccb,6d7574d3ac054776b67fdc05a5ddb38d,c94d5de08e6c441dab65969a496cc1e7,42,True,False,Pedestrian,future_incomplete_or_outside_recording,0,2,,,,,,
1be49200788d4e38ae4496b27b233ccb,6d7574d3ac054776b67fdc05a5ddb38d,ce6958bb99f944fba8c1c61329e6ab7d,43,True,False,Vehicle,future_incomplete_or_outside_recording,0,2,,,,,,
1be49200788d4e38ae4496b27b233ccb,6d7574d3ac054776b67fdc05a5ddb38d,cfb7d8fa3dca4943b224b3b776879f0f,44,True,False,Pedestrian,future_incomplete_or_outside_recording,0,2,,,,,,
1be49200788d4e38ae4496b27b233ccb,6d7574d3ac054776b67fdc05a5ddb38d,d1370b1a456f451b915f62c8bc51aca0,45,True,False,Vehicle,future_incomplete_or_outside_recording,0,2,,,,,,
1be49200788d4e38ae4496b27b233ccb,6d7574d3ac054776b67fdc05a5ddb38d,d25dba611e87451485c0c48a3a2a163d,46,True,False,Pedestrian,future_incomplete_or_outside_recording,0,2,,,,,,
1be49200788d4e38ae4496b27b233ccb,6d7574d3ac054776b67fdc05a5ddb38d,d768c2f9d39344ff938f48f83545422f,47,True,False,Pedestrian,future_incomplete_or_outside_recording,0,2,,,,,,
1be49200788d4e38ae4496b27b233ccb,6d7574d3ac054776b67fdc05a5ddb38d,d774201804484bfc9445306b118f35e4,48,True,False,Pedestrian,future_incomplete_or_outside_recording,0,2,,,,,,
1be49200788d4e38ae4496b27b233ccb,6d7574d3ac054776b67fdc05a5ddb38d,db9eb002121843ae8d5fa94bef953cb7,49,True,False,Pedestrian,future_incomplete_or_outside_recording,0,2,,,,,,
1be49200788d4e38ae4496b27b233ccb,6d7574d3ac054776b67fdc05a5ddb38d,ddb34749a71e4ec09951e6486e1cd09c,50,True,False,Pedestrian,future_incomplete_or_outside_recording,0,2,,,,,,
1be49200788d4e38ae4496b27b233ccb,6d7574d3ac054776b67fdc05a5ddb38d,ec0a65f91e6a4e0189237a9273289b62,51,True,False,Pedestrian,future_incomplete_or_outside_recording,0,2,,,,,,
1be49200788d4e38ae4496b27b233ccb,6d7574d3ac054776b67fdc05a5ddb38d,ec83a5f03810470baa471d3aaf2e2b6f,52,True,False,Vehicle,future_incomplete_or_outside_recording,0,2,,,,,,
1be49200788d4e38ae4496b27b233ccb,6d7574d3ac054776b67fdc05a5ddb38d,edbd8b49361b4a179c2a9876c3496d0f,53,True,False,Vehicle,future_incomplete_or_outside_recording,0,2,,,,,,
1be49200788d4e38ae4496b27b233ccb,6d7574d3ac054776b67fdc05a5ddb38d,ef04cfb7b03d42879bfabf83a772651d,54,True,False,Vehicle,future_incomplete_or_outside_recording,0,2,,,,,,
1be49200788d4e38ae4496b27b233ccb,6d7574d3ac054776b67fdc05a5ddb38d,f691c33d46cf49f3b9804c7b77cf5a55,55,True,False,Vehicle,future_incomplete_or_outside_recording,0,2,,,,,,
1be49200788d4e38ae4496b27b233ccb,6d7574d3ac054776b67fdc05a5ddb38d,f73491248a004311a5f3149fde1ac30a,56,True,False,Pedestrian,future_incomplete_or_outside_recording,0,2,,,,,,
1be49200788d4e38ae4496b27b233ccb,6d7574d3ac054776b67fdc05a5ddb38d,fc6465a4eea8414480d86fb9be992e4a,57,True,False,Vehicle,future_incomplete_or_outside_recording,0,2,,,,,,
05d5241d4d5a4c2a9c670dc8c9853c74,2c37f3db4f7346969fbff2e198f207d0,69d4142d914f4d53a158b2d7bfbd025d,0,True,True,Vehicle,,12,2,97989,8a1175fcafba8c3cdb8ca2337f06eccc80fb260d3ebd9b72bd7164011fd7c60f|1a49482d37cc240377d1dafd00874378ca52ee3d145a400e2f502c170eefcd11|9c8dd1ef233290abd49e9bff9ce1746b7c6b96bf46319675c71de5be4bbdf181|ba5592066699f0ea1b0260ab995dc1860c9f70a67922d58bfb4f39a75df7f70b|8f8ce76c8a4116c25d3f232118d50bed1e062c2947ef79484e936bff57960e0a|f425a9b41b12967792de65df18d6f3af31b937ad0b8e3a378ac9251b3bb7d916,0,1.1444091796875e-05,5,"t0 ego planar: +x forward, +y left"
05d5241d4d5a4c2a9c670dc8c9853c74,2c37f3db4f7346969fbff2e198f207d0,7eeda1319b294252a7751423086047fd,1,True,True,Vehicle,,12,2,97990,8efd8d41c8516186aed3aabd9d18821a9509469a973d118fc5bab7946b03a75c|47a1da0acbdab6128afd6765d7200f7d930357580d0d4f842c16a0c956a086ef|29fa8486bf85ff45269e134411483390cdb7f88804d35379083ad7469872d590|cebb50649fe2e373b8c341fec691c5c9b6934509407339ade1bc7f9be800e51e|36b0eccd85069a9d649f23b6479ec2717aa5a38d21d514d725ff6e1f15ee6494|ecec8db97ef8ed2ffcd725990cbe52dff9cb4aa6f01f901c2f2b2feaa5060bfa,0,1.1444091796875e-05,5,"t0 ego planar: +x forward, +y left"
05d5241d4d5a4c2a9c670dc8c9853c74,2c37f3db4f7346969fbff2e198f207d0,ae0e3e620f3a415aba0b425262fe1fc4,2,True,True,Vehicle,,12,2,97991,a2ed48105fc613a50b4ba6ce88fc3238f033d6b2746a68aa520851f35bd8fbce|28e2b972c918bb2b61e6e92927c7153e85000a72ad97cdb9c0ad24f539090ddc|b4f6bce6afca3aaadd00637ae9be8c0ab33cd69efd8109005c1f7720ebaeab3c|09cbc002c6a3500bf4b4edf239402a0599717da17c9db0a796f72ba0b81abee0|552c550ec6a2602ae5d61bc138d553d2d2c424c18935627f7ef93bb0834432e4|6515bd74ff2123b6825b8ab9ad6b76f6dc80a3a5f3ac1a71b4dcc82d73e921bb,0,7.62939453125e-06,4,"t0 ego planar: +x forward, +y left"
05d5241d4d5a4c2a9c670dc8c9853c74,2c37f3db4f7346969fbff2e198f207d0,c67476f2971c41b78f0c25f9e316da95,3,True,True,Bicycle,,12,2,97992,3af772239e01b531deca9b0386b91989b64e91ff4fdb82e7301ab9b59614430d|0043c087accec08e00ec0162cfb798699af7ae2a2af18f15eeaf8193b993320d|0002ffb1709fa37f74703c2856b4076b3148cc760d9097e7a32706ccc18fe0c0|69adad34da95af18f209eab3853c33dbf663235a511eb51504c6876cef47347f|93d395f605fb09082f232b9d49982d1807f630cda2f6ad29c42926a8d78243db|172c0dd9b51f8ec725fd823ab7e35fff756284e49bf49a9b548fb85919d766d9,0,9.5367431640625e-07,5,"t0 ego planar: +x forward, +y left"
05d5241d4d5a4c2a9c670dc8c9853c74,2c37f3db4f7346969fbff2e198f207d0,dcd5297013714733aad03a02127f791a,4,True,True,Vehicle,,12,2,97993,03627573ac40b6dc8e5337d75a75bde04e39e311a14f77a035e77cc3ecccfca4|1bdf86decb3182da245630d6bba8ee492859a44c2768d08111c7c7f99790db7b|12f7d8f27ca9e2796c519c28b43496c5fa0931cce22280ad2e22817ced8ce5a1|d9e196081fe336ed921c4d9cd2dac3fa53e09b5738eb84850698743542df2126|e74126dfc774720dd153eac458cc66adeb76892a0466920623a82d11223d0b3e|c02ba1587f3f8c026825a6e6c3f01dca98cd019f32c5e4406ad4685ac8c40a10,0,7.62939453125e-06,4,"t0 ego planar: +x forward, +y left"
05d5241d4d5a4c2a9c670dc8c9853c74,4a402e63ac264fae912085cde45073a6,038c365e847d48cbb5fdc425f2d992bf,0,True,False,Vehicle,future_incomplete_or_outside_recording,2,2,,,,,,
05d5241d4d5a4c2a9c670dc8c9853c74,4a402e63ac264fae912085cde45073a6,69d4142d914f4d53a158b2d7bfbd025d,1,True,False,Vehicle,future_incomplete_or_outside_recording,2,2,,,,,,
05d5241d4d5a4c2a9c670dc8c9853c74,4a402e63ac264fae912085cde45073a6,7eeda1319b294252a7751423086047fd,2,True,True,Vehicle,,12,2,98035,9dc975809f5c0803837d69c3279eb9f1aca6fabbe72857c788f2e4f70eeaa71a|80ccaa173df2e4ad35aba396607fd14f8d0183540cbc965e98496640f0b3e4dc|18bceb630c68cfff4583f92237f5b2b2e1db4c6fddc3374b85fce30f631c42e5|baff759a8042e1bb89a06300b7c7afaf8287e09cbf645de8a0dcc9e9bc5ca59c|dd153f9774bb6bfc3bb1826411460a4e183e667ea03c6e2291790e57a91587a1|a4087584fea0ef14ffb5c57e77d12c91986263bb4d0eab6b9422253e1f8b3315,0,1.9073486328125e-06,1,"t0 ego planar: +x forward, +y left"
05d5241d4d5a4c2a9c670dc8c9853c74,4a402e63ac264fae912085cde45073a6,ae0e3e620f3a415aba0b425262fe1fc4,3,True,False,Vehicle,future_incomplete_or_outside_recording,10,2,,,,,,
05d5241d4d5a4c2a9c670dc8c9853c74,4a402e63ac264fae912085cde45073a6,c67476f2971c41b78f0c25f9e316da95,4,True,False,Bicycle,future_incomplete_or_outside_recording,6,2,,,,,,
05d5241d4d5a4c2a9c670dc8c9853c74,4a402e63ac264fae912085cde45073a6,dcd5297013714733aad03a02127f791a,5,True,True,Vehicle,,12,2,98036,9aa5e2cdc2ea867f3c9648b8ceb1915ce138dca195817dcc198a9e0694900d53|5a1d46f656d700f99790ba9fb44ae8bc24b16d74f2d0e00fd0aa5c8c7e0ff990|aa6d049f2030c09bd5b141dcd2f18f36ca6951114c778e2c5b3a10aa8b4cd911|85695cd3eba4d4ffdec081e8ddd05f498a8bbbf016f6e6891be524028b438451|1b1048d758919a2718e089408041540ebc1f8343c1f59217d43a56a2a89147ba|d511617029a966def4cadc55e7ee3d5caf5bc51ca9315d2835986a21ffb42ff9,0,7.62939453125e-06,4,"t0 ego planar: +x forward, +y left"
05d5241d4d5a4c2a9c670dc8c9853c74,67fbad213dc2413fa905370d643064d8,7eeda1319b294252a7751423086047fd,0,True,False,Vehicle,future_incomplete_or_outside_recording,1,2,,,,,,
05d5241d4d5a4c2a9c670dc8c9853c74,67fbad213dc2413fa905370d643064d8,dcd5297013714733aad03a02127f791a,1,True,True,Vehicle,,12,2,98049,05eab6db8d46c6a2cd43aaa265e5fb10696b0fb01a9f898bbc608e6f883aa365|797f77cc6ebdb3014efec97583a730c1a98c1f3faa26de515efd34385e823b8f|83ad11efffd0646d907964748d08e169a62cde5a28da7268be8c9ee3c2153976|c48e682293f8fd3f9065a57166aac39ac04ce76197aa77f76d7e8456403f381c|f4184787c0e451dcc1d56f12464166037c8a236516492e58d99122889949778f|16104e7b6dd09a47b6c85ee1bd060f4b1047301eb60baf50288651faa9b0f129,0,1.52587890625e-05,4,"t0 ego planar: +x forward, +y left"
05d5241d4d5a4c2a9c670dc8c9853c74,68854a7d528245ac82a36c32a64bf70c,dcd5297013714733aad03a02127f791a,0,True,False,Vehicle,future_incomplete_or_outside_recording,0,2,,,,,,
2dc89e0f9c6c4dbab908d341fab020c6,5910ddd9bb1c4136a5293ab1349d1ec9,04667c9cb7824ad0aaace860e42b6419,0,True,True,Vehicle,,12,3,90731,c9e8038fe607c645cbed6f4dcfe3f29293edf34044542eecb0726a5bffa0203b|7a4b7516a013a120c990b68ab4dafc02671b252b7409d74784e0bc1ff95f206c|667c5c6a104d9bc12def91d7163ef1709d192b826110663542a4992a4f419b27|2740c4442360d1b68d9efd5eabfc4d7c796ae1c1436c0ae8e7849bc69e06168c|ded95055639db762390ab0a3c0a4b93cec71cb0ca62c09d5acbf12112a390a9e|ecd8b008743d04b9290989429a3ee8448c668357416bb6e7fddaa845c76311d4,0,3.814697265625e-06,1,"t0 ego planar: +x forward, +y left"
2dc89e0f9c6c4dbab908d341fab020c6,5910ddd9bb1c4136a5293ab1349d1ec9,0ee0d8d7c80443aab07a3da14a91b498,1,True,False,Vehicle,future_incomplete_or_outside_recording,1,3,,,,,,
2dc89e0f9c6c4dbab908d341fab020c6,5910ddd9bb1c4136a5293ab1349d1ec9,129c3167040442c5800cdcd9ba194b4f,2,True,True,Vehicle,,12,3,90732,ae90d356bb851a6c5f30ce3531b6ea6b6455931df936e8918c42a92050b53eb4|c8492ed459a4b2b774f70415ddf34b003521a8dd17a042e3ef327df7c43be907|17c0642b95cb3bb0bff62ba00b841f3c2bfb2591171252b6a3ddc7852ff46fe3|30fb7c0c070337e18da95d73326c243126f82c2c14baefbd8b655b4d7169b067|be23a26ec967a0954ebc03cc403511bba0399cef65c48b61e7eeb65eb4e2b71f|db915063cd461a54782f86ace0e145d513d3bfadf2f9ecf9efe50347e489b0e0,0,3.814697265625e-06,1,"t0 ego planar: +x forward, +y left"
2dc89e0f9c6c4dbab908d341fab020c6,5910ddd9bb1c4136a5293ab1349d1ec9,1675f628a20041ab9138365c75a7136b,3,True,False,Vehicle,future_incomplete_or_outside_recording,1,3,,,,,,
2dc89e0f9c6c4dbab908d341fab020c6,5910ddd9bb1c4136a5293ab1349d1ec9,2472e929ad864d15b7c06f15e6d84fae,4,True,True,Vehicle,,12,3,90733,c98859da2802532bf003d951598ad6ef448cc6d8d32ec6ee8b9c4b912044e1df|c0ab3858303e9b56d4f139c2d3b1bfea813a52863525d7a86ec41f731fddce1d|e18cdadbc3494fd67e37576383fb122796c9e9901b9af01fcbe428bb950105c5|c04b243cfed685556a646b070a7d664b79cf30e9012b1a148c870c87c5c53351|225252b19064a6887a40f1f5d0a6fb057041335585afc946225d2e866c35bd3e|47577753af0d0c0994a0015aa898f15339ba6704c936f13caab1ca1f0047b8f1,0,3.814697265625e-06,1,"t0 ego planar: +x forward, +y left"
2dc89e0f9c6c4dbab908d341fab020c6,5910ddd9bb1c4136a5293ab1349d1ec9,277f529214034cb9a78a007650849304,5,True,False,Vehicle,future_incomplete_or_outside_recording,3,3,,,,,,
2dc89e0f9c6c4dbab908d341fab020c6,5910ddd9bb1c4136a5293ab1349d1ec9,2c50a5dc730c4963b852fcef7b062603,6,True,False,Vehicle,future_incomplete_or_outside_recording,8,3,,,,,,
2dc89e0f9c6c4dbab908d341fab020c6,5910ddd9bb1c4136a5293ab1349d1ec9,2f746e48ffc240b7a6eee24a7a0e9c5a,7,True,True,Vehicle,,12,3,90734,283ce02c8d2686fc862ee787b0eb6ed4e30a4423ecb049a108d8a5514ee95167|6317a192c342b9c95a1a7b42201f33e4052d49ee36c939e18b35f106ba6a4935|13a2303d96a226d8cbd3559e8ca26d8d30160e53ad3bcb682498a9f44e3abbbb|b31ec37fb8b5b7f8715254ea8ae7b2098a89ef6703821f6d283e9a6c972227dc|28a24b043716dd06c0b40f95d8cdb42392eb889d5dc5849fcf58193285562103|f92b9771fa91a7c7b014367cc79d12f4b8bedee5f4bab0f1e1c91066e4b9ba52,0,1.9073486328125e-06,1,"t0 ego planar: +x forward, +y left"
2dc89e0f9c6c4dbab908d341fab020c6,5910ddd9bb1c4136a5293ab1349d1ec9,31fc138c8dd24fe1b6eb4d5ee2940e64,8,True,True,Vehicle,,12,3,90735,ee21aeec6cbedbee0ea229b1e10cbd40c6cd1c610d986d7cae48581a17399ac5|e8508b89ff7345c6aa8907621bfd73202f9dc06203e9b441992d18e8cd6bf0c5|9bee9c69ec253183a86226018dde34e4b0ff5f8a715c7753f8bfa6d03299ed13|a88d3d8515e3ee275a0e2c9cea390a770c73a6ec363c1e5e153dcd6291502bae|5ba057be0d3f55c8fff49c59c5b7632078e9096b6b6c83faa6a98ce56c589df8|5e8934432d7cf858000974d66d41ad30f03d24f3cdb8ef2b2a69f0ebc2cd85c2,0,3.814697265625e-06,1,"t0 ego planar: +x forward, +y left"
2dc89e0f9c6c4dbab908d341fab020c6,5910ddd9bb1c4136a5293ab1349d1ec9,3e19bd8ee12f46e99c8167753cf901ef,9,True,True,Vehicle,,12,3,90736,f73e36ad0807af07fff1a74970c8935681a2403d1838d3774d13dc9f1fe5da30|9ee8de9e0516c19a1a92d5c132ac025d9977b5dc4b5ba81a65a42b2837ae7ff2|1c6672e1938d8c281f186a3781fb67af8c483f9e4b1b1efbd31dc55fd72de0a4|b06a2a37c949b7ea29f9bdf0a1cc326062e63ce5a5dd2050c05d92a1f306ff16|d9f71721d369a316092352df8f9d427c4695735260fe5100a94374bfe580c8b9|fa6195216ac7dbf95d33c82694838a6c2808de5bb47d031800c1498de4790a9b,0,1.9073486328125e-06,1,"t0 ego planar: +x forward, +y left"
2dc89e0f9c6c4dbab908d341fab020c6,5910ddd9bb1c4136a5293ab1349d1ec9,3e5e519bf37b47fd9c7c846aabcc0f98,10,False,False,Vehicle,insufficient_history,12,3,,,,,,
2dc89e0f9c6c4dbab908d341fab020c6,5910ddd9bb1c4136a5293ab1349d1ec9,4158841c79cf49c49b2291900dead1ae,11,True,False,Vehicle,future_incomplete_or_outside_recording,2,3,,,,,,
2dc89e0f9c6c4dbab908d341fab020c6,5910ddd9bb1c4136a5293ab1349d1ec9,453cdfd708894e96953a6a6018446e2c,12,True,True,Vehicle,,12,3,90737,3635976166a01a26fad373bbf4b044e210f454e19143394f1b786dd0f0624bbf|e57025242904308a5adfdeea2fcd240bed04345971a665c3b99b3c7ac5e1bdc5|b60f130145394cb5f32b0474d74a66160d228472f79f145af2d13e9c2c7afa15|d81f3ba16ecc7957e83d577505fd7b7eb70231bf68b7d499e19c3aba44c643d6|006a6fa8d607c58e0ced0f448a12f584c178caa97ceab21c3bd6987ebe372e75|6e462b2049e74fbe2e70b1f2a9f114bf930623658f9a193a8223573160c3a844,0,1.9073486328125e-06,1,"t0 ego planar: +x forward, +y left"
2dc89e0f9c6c4dbab908d341fab020c6,5910ddd9bb1c4136a5293ab1349d1ec9,45adc08934e74f0fb026514b2986c140,13,False,False,Vehicle,insufficient_history,12,3,,,,,,
2dc89e0f9c6c4dbab908d341fab020c6,5910ddd9bb1c4136a5293ab1349d1ec9,47e82ee3af214889a24f133ec69de69c,14,True,False,Vehicle,future_incomplete_or_outside_recording,6,3,,,,,,
2dc89e0f9c6c4dbab908d341fab020c6,5910ddd9bb1c4136a5293ab1349d1ec9,4fc4dfc306234ecdb353d2e326ccdc72,15,True,False,Vehicle,future_incomplete_or_outside_recording,9,3,,,,,,
2dc89e0f9c6c4dbab908d341fab020c6,5910ddd9bb1c4136a5293ab1349d1ec9,500efecb5e9c4d229d7e73edcfb81d0b,16,True,False,Vehicle,future_incomplete_or_outside_recording,10,3,,,,,,
2dc89e0f9c6c4dbab908d341fab020c6,5910ddd9bb1c4136a5293ab1349d1ec9,518666266396483f9142bc49341e41af,17,True,True,Vehicle,,12,3,90738,0effa84eab0f16af7a3edea773c037c0e74f4020ee5619d56a5602dc8cb69980|4e3746e68da69a8dcde263fe43b8332170d3895a1da18e7a349ba43fcf6529f2|338bb1ffd7dfb1175f5c200c512db32898f133abb7df9e9cf5316f13bf9bac12|20b1b91ac0e189f7e73b46bbf4b9fb42c5c6a93402dde8d087f28d381ab578c6|e37cd4883dbfcf8b559cae050cd77e4827694ab581ea6d445e4de6fb9a59019e|3651ad56a017f32fe8cbf2f7c0cd21218cf1a49247e62f634e8e836e25f4b160,0,1.9073486328125e-06,1,"t0 ego planar: +x forward, +y left"
2dc89e0f9c6c4dbab908d341fab020c6,5910ddd9bb1c4136a5293ab1349d1ec9,695ab042d4ac4c1f958210de82faa088,18,True,True,Vehicle,,12,3,90739,9c4932c9a7bdf6b46eee70d134d2d2a884cf591b1001ea0dbd127dd48ab3be4c|1feebf947d53809f83ff71b932d3ec98307132562e4f12e464ed94b4a251a893|f725433bdc1a7ba40b1518ae8598d6b36e2053ea5c3db89272deb8e5a3012676|e6de4516d56218d33a0b98b6525d83c3c5c3dfeb4d9bfef348e044b8202d0bb3|f4aef6310aa6f1b548a5de0372602a46ac8659d8a435a2a4bf8e060502b372bf|61e4bf886dea16fc094c446761536383f74f43c933ec3dbaac2421c30ed84544,0,3.814697265625e-06,1,"t0 ego planar: +x forward, +y left"
2dc89e0f9c6c4dbab908d341fab020c6,5910ddd9bb1c4136a5293ab1349d1ec9,6bd3fb5a42e04fad8bf43b9617ebd5ec,19,True,True,Vehicle,,12,3,90740,7ba7182d9cee7735f0add122995b833293d992bb92869f28be281edc787a4f9a|0f609388aa5a3289be0e5f031d39f02e6faac2363e8b7d7d8fa1d6129d209f08|53546a884f55cb9423dd60f5610d906e3ddfe84d16fa759a04f584d9fad39b30|43fe19409b4d488dbdcdfcdea71de1d368d7b42a76e78d4047140d5cdd708df1|0d0990a7c3e37b8e5c00131208aa2467c0bfd43147a9513b3214e62866fe5f24|65ad85aacdba374d467db4878878f5c549d5c8b36a1e671c11bce55c99baa4c8,0,1.9073486328125e-06,5,"t0 ego planar: +x forward, +y left"
2dc89e0f9c6c4dbab908d341fab020c6,5910ddd9bb1c4136a5293ab1349d1ec9,6d92a744504c41f5be78ee86260ddb76,20,True,True,Vehicle,,12,3,90741,fca44fe6aa8e946f553af3909961cbf165d2afb87dbbdd709a899b1db5b27c42|f2540ea1309083da1f0ea6beef9d3b9fcd5c8aef90dc637c741309a85ec81d18|9f0c1a703facafdbeff7fbac7947a823782376281bfc833073d26e2cbc169b7a|c5b5e71873d47a18c9563bb1ab5cef5d000df976c8149495df28c332d8b3cf6d|ec68a7bccf5b8b6bc6a1fa3755837adc02643df3cd8eae1f205e46353e85762d|9bd0731bf95fcca42503e9c74aa33feece2e954d21d05d61e43107e25e145e2e,0,1.9073486328125e-06,1,"t0 ego planar: +x forward, +y left"
2dc89e0f9c6c4dbab908d341fab020c6,5910ddd9bb1c4136a5293ab1349d1ec9,7ca1b96e5e7c4bbd8329747a1c7d2060,21,True,True,Vehicle,,12,3,90742,9954ad2af1dcc46383d175759551ee521167f4ca1fc3704184f66ceb64530a31|2e15e1396cc5f2ed5a0e63d3709ecd896c89b0011ab1a28c0ff117e957cdbe7e|dff0a92e1831528a86a1a61be5e517d587dc3d40cfd38459d2d4b49c22392e74|648f9af8f90a7ae40f4994f0f53969e44325ab3ac8e14672cb0eaa2365a172b5|3744321cc1aff9b6bf365912edcde0f8e618164240a5d472ee1b3304d452c7f9|739cccca395f80e891fe345527488b782528602e3d45bf5ac994e1a9b1d3fe3f,0,3.814697265625e-06,1,"t0 ego planar: +x forward, +y left"
2dc89e0f9c6c4dbab908d341fab020c6,5910ddd9bb1c4136a5293ab1349d1ec9,7ec0d14f4a554f11b3fe6c61af6df700,22,True,False,Vehicle,future_incomplete_or_outside_recording,10,3,,,,,,
2dc89e0f9c6c4dbab908d341fab020c6,5910ddd9bb1c4136a5293ab1349d1ec9,848d353ab51e4e3bac863db2234a2242,23,True,False,Vehicle,future_incomplete_or_outside_recording,4,3,,,,,,
2dc89e0f9c6c4dbab908d341fab020c6,5910ddd9bb1c4136a5293ab1349d1ec9,85700250358e43f7bd4489644c08ed40,24,True,True,Vehicle,,12,3,90743,0f9a3dc83a33187c5fe593c21a82902e330b0655a3077226bc1c1fe32171f4aa|c799a02cd7437847accf708c63f4a54795ec2b67fbba6193de4c8675e2ebcdda|5039bbb5979fa0232b77eb2ddf4afdcbae9cbcaa6194bc4fadb1a1cb04cf9438|a3062733f86ae4acb709c28a087d6ef5a2f8e4faa9827d6dc3fe8765ffe43d3f|2d87092912f7db48f98158d7ca5beaff884c20a047073af72029e6c4b091ebcd|ef58b3a55462c3b275db352bf991b9c4c9ac7ebd594728b2e26bc5c6ba15fd30,0,3.814697265625e-06,1,"t0 ego planar: +x forward, +y left"
2dc89e0f9c6c4dbab908d341fab020c6,5910ddd9bb1c4136a5293ab1349d1ec9,85e1a2beb3c84e968b9fc6b1ca19c313,25,True,True,Pedestrian,,12,3,90744,06d92ede34f4f61ced9a872a771d1dbbec8b9c622573538d6724d1fb8dd48211|d6854a5fc11a33b3e5ab3266080fc9de72b58d7ba4b6a01e2330cae6b375de0c|fd09a3fd47a22e67957587c089d4bd356970352f3414c1819c98637a4a9d4b81|942e0f55761d17037a59bd418e7f4cace576138f855462d13ccaec820a6daf63|4c62596a071b3c54a7aef30affa26e75a2beb24e5420a91db305b5b593bac851|18bb85355549ade08686917f9cacb6dbf108f2bad003baed3717f85de333b565,0,1.9073486328125e-06,4,"t0 ego planar: +x forward, +y left"
2dc89e0f9c6c4dbab908d341fab020c6,5910ddd9bb1c4136a5293ab1349d1ec9,861fabfad6424e12bc9ca319a970de9c,26,True,True,Vehicle,,12,3,90745,8c32fb792909fa1b9be81ea8588582d25463b7c0bf49aa696add4929a9b04068|48a7ed00c25ad26b733a83cac5e85f9475fb48907485da5afd551a4d1513e6b1|7ee0d0e95e92ea1c644836b9cb048b5955c27d6b4d0d2d425b0f2b1909e1e72d|7d67776344528ea4197606a27cfd833d15e520a3e4bc32608cdcda0e5b8e75d9|d4c7e167c2f947a97a6827e8df70c53d33ed7177ae839ad0b5a9c065b8390b73|df5dd9580757fe5485520ac9343bd7bebf686ae86a3a0b334e3eb4fe12915b68,0,1.9073486328125e-06,1,"t0 ego planar: +x forward, +y left"
2dc89e0f9c6c4dbab908d341fab020c6,5910ddd9bb1c4136a5293ab1349d1ec9,866711f2212b438fbb5cff8ee3e05d25,27,True,True,Vehicle,,12,3,90746,f691825f4c0099ba5edb5f6d88ac6e5ad1994d4de2720b3bfccbc78efa7172ae|6edf196d6f8257c1b19a384dc20bb0ea39eabb2d0628484191825519b2e1d2f6|fedbd928de02a4fcab6ef2bc3e59776ca8e0f5440a5b7cdd6a719da09370cc9f|b063cf3ed4e56f18d11575812fa4b3c226a957b30832b4a826f0dfecac91d986|3ff397b6942441e9728de23731bd6e6dc156093eb875a625fbec420301df60b0|89a5a08d85c66b0eba20baa6e8c9f1666f2cd125400182e43871d7f97c703249,0,1.9073486328125e-06,1,"t0 ego planar: +x forward, +y left"
2dc89e0f9c6c4dbab908d341fab020c6,5910ddd9bb1c4136a5293ab1349d1ec9,8efaa32e77dc4188b660bd836916fad5,28,True,False,Vehicle,future_incomplete_or_outside_recording,8,3,,,,,,
2dc89e0f9c6c4dbab908d341fab020c6,5910ddd9bb1c4136a5293ab1349d1ec9,8fdd351160684750a11c7aa859fbec68,29,True,False,Vehicle,future_incomplete_or_outside_recording,11,3,,,,,,
2dc89e0f9c6c4dbab908d341fab020c6,5910ddd9bb1c4136a5293ab1349d1ec9,93657e254a8847daa0f5ca31f3aca7b1,30,True,True,Vehicle,,12,3,90747,75a5ddd94e069a2c6bc4f4f5606f8a3bb1a776fbb18ef2a4477ebd27f9c330a9|d60388767e6c4f71953566caac35892fcdffab37d045122e7c6c10c3e0c9d40e|46423ce8b2117060da6fd6662e8db5169dff2222a24772fe3d9f99fa1b77fd80|1ea9b4596144a31e9b79189aafa6d123d8d0ab18d96e326bda4fe2ba68f33500|fa512777948fba1ff846cf8ce820ee8ca78d92fd34d7b1899dd5269a9ab09a42|a010dca5d05ee36445b585ee8da2cdc8a8852ac669373fbd22a36469ab9d39ae,0,3.814697265625e-06,1,"t0 ego planar: +x forward, +y left"
2dc89e0f9c6c4dbab908d341fab020c6,5910ddd9bb1c4136a5293ab1349d1ec9,9454cea0a9a64de7a767e9525a66ed57,31,True,True,Vehicle,,12,3,90748,dbc1c12aba272f24348895ab3999cdc3f528c52f1a4966f59f4b7eb9db35ac6c|003ef4ba92cd52c6a06ccbf795ce7cdae66879c1b72e56bfbd12a31458a71ee2|f055db69bc4d4e5ff4d42ab279fcc62fde8691c0b1c55c33983de47c0801a50b|e598f30a3e47bbe81023884f7e719356bc7f04980db84da26ce44feff6d545a7|b408fbc14eb9dc4764e25c145d4995679eac40dd016d21a280bfd0338087abab|62e5c941666fb42b760c2fb91acab80c4ea352ce2a72c230fff0cd3a4968d35f,0,3.814697265625e-06,1,"t0 ego planar: +x forward, +y left"
2dc89e0f9c6c4dbab908d341fab020c6,5910ddd9bb1c4136a5293ab1349d1ec9,9adad9e0e00d4d1ebc9d2d455fe3336d,32,True,True,Vehicle,,12,3,90749,39ed4a56cc85cf6cffa6487ce62d73ebeba8b36fce2d23366ec3decdbf975e42|3ffdd8bbe523dea442c925528b04c52f2e9feef8334d42b3f86b22ed461bc64b|a668f63fd866acb26c82c013ca1928a88bfe1beebf48c018448ac1b7f424a146|1bb93051cb728d781eecbb5141e465f0030ed5d00f3a86e5a810418d821dbe7a|f9386c73dfb1a1e31358c82986563e42b4b641bc001da0e49e15c80da77c7270|747277ff871592b852a090f00aa042cf74e094b03c1a0f6246290364864277b8,0,7.62939453125e-06,1,"t0 ego planar: +x forward, +y left"
2dc89e0f9c6c4dbab908d341fab020c6,5910ddd9bb1c4136a5293ab1349d1ec9,a02d8f7695e44f07a1a2d3e632b0ef5b,33,True,True,Vehicle,,12,3,90750,351195123954c4598e4fdf9ad3e13a29cc41da1932cd382a200512f2208fcd54|727004713fc7b8c5a6bd9df7e212493b6533e10b096bdc7f9a674ff57b4c8f8b|5050ed29b3f309ede4cbdb771c281f53b8b9f6b5e82808de03636e78dd607588|75732410916dd9905d16a2a53a9776f1284abeb4f248a94593cae70f372cd8b0|aadd2975f8bcf7abf8b296728680e0d2e8543195fb5f15912e9169de6350b694|6ac4815c8ecf59da3338389aefd2db75eb8702786642c958869a75186c638b62,0,3.814697265625e-06,1,"t0 ego planar: +x forward, +y left"
2dc89e0f9c6c4dbab908d341fab020c6,5910ddd9bb1c4136a5293ab1349d1ec9,a4349fa8d47349a6bfbd32ebfcdb6e5a,34,True,False,Vehicle,future_incomplete_or_outside_recording,10,3,,,,,,
2dc89e0f9c6c4dbab908d341fab020c6,5910ddd9bb1c4136a5293ab1349d1ec9,ab6bb22bffa84281ba84e3a24bc05481,35,True,True,Vehicle,,12,3,90751,c6f804ea6fa9b2b6febff9ff99648435501a48fdf24adbb11b4516daa282abc4|44c704a78b4f25598744a55017ed0bcb9e0ef53d30e61c47bc54a90fbeed2f16|0ec18b1720217ec36a3468c11fd4f011fd7d6c1c1b676642492c763fdc1a9fa4|328bcb8cb2901b1c5676132469a271afb03931f4c7e53ad17967824862faf88a|f414ff74f08410bb37739e30fa93cc12216aa2c596bcb072f9307d0fd74638fa|78b332fbeab80686fcfbcc0b6b3756d14f8205acc52bc3d1ea8d29cdfb22ba7b,0,3.814697265625e-06,1,"t0 ego planar: +x forward, +y left"
2dc89e0f9c6c4dbab908d341fab020c6,5910ddd9bb1c4136a5293ab1349d1ec9,b2d0ce94ba154c619d4884cdff7b6e08,36,True,True,Vehicle,,12,3,90752,d1d92be3823c8c96c6ba14239b06b3b91474da611c0a486fb3b540b41af8183e|7a356c5aa7eb6596865ad4d42905da94a47b6f4877fab34675979dd9b40ebf99|a255357fb1ad84659cd630c09b2b614b500f26f56e85d3d59267e4ea3853c3ac|a5ce7b340b3919aa036838a7e1ad36072a90efc80630b45d5afa7e36aa430753|a620aa21e7a8647b694f9ddfd63152e020c07c6b121d6b5628efb9a4daaf0dd9|95682df91164f5319de8cc09b3efdea4e5381da1ed6c5c30ec08b7e724cc7b6b,0,7.62939453125e-06,1,"t0 ego planar: +x forward, +y left"
2dc89e0f9c6c4dbab908d341fab020c6,5910ddd9bb1c4136a5293ab1349d1ec9,b3c07272a77c4324bcb337aa37123447,37,True,False,Vehicle,future_incomplete_or_outside_recording,7,3,,,,,,
2dc89e0f9c6c4dbab908d341fab020c6,5910ddd9bb1c4136a5293ab1349d1ec9,b8848e08dcdd4b06a10a5017cb2eb8e7,38,True,False,Vehicle,future_incomplete_or_outside_recording,3,3,,,,,,
2dc89e0f9c6c4dbab908d341fab020c6,5910ddd9bb1c4136a5293ab1349d1ec9,dffa1d004d7e4b58adc9ef0b30a24a9e,39,True,True,Vehicle,,12,3,90753,4834429176a4a008455a722f00405995318530b4e14408f1efcc686abf244ac9|90c6e1bd9c216066378226c415e3d9e1b506d18c7d9b738317e683c7e4a64665|2c601e37ebe41d2f066beeb5fe144ef060b8e0a437242dceedf465cdeb7c339d|0f36a88f5ea030338dc2927d339372c8a521de5a058b233560e656ae4b28a0a9|bb63e1f4cd0ae55332afd26cd96dd5542b1ab7019c82a79b15f043da6d46e846|e89123b5d0aa7eb8318ae3799557140553515314431901fbc17f4815fb2e84e3,0,3.814697265625e-06,1,"t0 ego planar: +x forward, +y left"
2dc89e0f9c6c4dbab908d341fab020c6,5910ddd9bb1c4136a5293ab1349d1ec9,e5c6f0890158486885743f6c2dca5061,40,True,True,Vehicle,,12,3,90754,8d176bffb42ef831775c3909412d6434a504ecf7d6086c995b3b02898b1a2f87|79b5e474a458efe97d008ea2a5438a1e58d7906817b539f31337aea1104e8717|5ea10711ac86b36a7038a645fd6f09beb195b3869847da76263fce57b8a583b0|4b8d860c189461f0faa990803e7d9527c83c3c90e5f2936ed48a2219da9579a6|f31f6fa44654a4aff0a40fc10e908a7462a1b1c0ab7b5c4d7590397dec8e4dd1|762a314f9ba260020789365383f353450d927eeb692f5123d3b71efa37e1de00,0,1.9073486328125e-06,1,"t0 ego planar: +x forward, +y left"
2dc89e0f9c6c4dbab908d341fab020c6,5910ddd9bb1c4136a5293ab1349d1ec9,e7661126d25f4e98b7dcbe61e6eb9ebd,41,False,False,Vehicle,insufficient_history,12,3,,,,,,
2dc89e0f9c6c4dbab908d341fab020c6,5910ddd9bb1c4136a5293ab1349d1ec9,e8df6b607ca84fa4ab8ed9fcc690774d,42,False,False,Vehicle,insufficient_history,12,3,,,,,,
2dc89e0f9c6c4dbab908d341fab020c6,5910ddd9bb1c4136a5293ab1349d1ec9,f441c4e32ac648389d653ee9ec6d041b,43,True,True,Vehicle,,12,3,90755,d88b3c0673e19707e364797b2761e7dc431fe2d11a28a6289627f6b9e6dfd561|dec8ac2372f49dcae1a9d2ed336d899da16ec187be2291f3fc545b4c524bddc1|6a02011800a89fe0daed96e7e2af4a87ab9a72b3c65e3ec898cadd5b754539ab|637b5ad5e6cbae5eabde655ce116ab0bf91ff84942675b841685fb5f196bca82|571cd95d844abc1d7f5d49c88c5ad4e3c6dcc1f76ccb53dcb5e5562b110d685c|777afda9bc482b22d60661c09d8dd79eb5dec851ad6dbdc023cf3cbf38fbf3a1,0,3.814697265625e-06,1,"t0 ego planar: +x forward, +y left"
2dc89e0f9c6c4dbab908d341fab020c6,5910ddd9bb1c4136a5293ab1349d1ec9,f9f4596465784c26bb6f480f65d3c682,44,True,True,Vehicle,,12,3,90756,89d5baa07f63c5cb2dfd1b7da17ec5fda538b76bc8e07eef16618f8621fa684e|6531999d1c422ebd1042b22a6e207a7d0a63f0bec792d3cd047dc343c68f81a0|be9df41f776ae64474bbf2664b5388bcb216859307b38bc8da285ea32fa4e0c5|e135ce7626d77a753482950149fb88278f679ff87efa00c4f7261a7c6bee7657|2e5278ae129b238f17b84e68e77624306c2569c9dc7adfad36eaecd3d82db2e4|c0bb293536c742ad89a0d4b97bc547e116b7ad4d0f1ff1d38d2d71479eb0cbcd,0,3.814697265625e-06,1,"t0 ego planar: +x forward, +y left"
2dc89e0f9c6c4dbab908d341fab020c6,5910ddd9bb1c4136a5293ab1349d1ec9,fa4c39da8f8b42a9bfa079c79e2f4f92,45,True,True,Vehicle,,12,3,90757,951ae7464262ce13610ddc69a879a67190ea797ec0db709a7bbeae46855c05db|82a93acabf62cc017eeec20e67ca6a0a0d1f2b302845e58008173c5b63cf86ab|5cdf92ebdb198403af4be0996e4ccb6e9a160a0382b1efacc608e385f4ad7831|27d8771d1655ca44aa0eba49f79ecfa2573231d9c9c9011a1be4a4ac8629c66c|22008e23b5253beb8e8b12cfe8cc4f1467c490022473c4ae128929f9a99b5051|208d26a44c91bf415b0235de1320fbf2685ff8128d20adbc1dcf6775fb189747,0,3.814697265625e-06,1,"t0 ego planar: +x forward, +y left"
2dc89e0f9c6c4dbab908d341fab020c6,5910ddd9bb1c4136a5293ab1349d1ec9,fb43803791af4b9e9cf69433748658da,46,True,False,Vehicle,future_incomplete_or_outside_recording,6,3,,,,,,
2dc89e0f9c6c4dbab908d341fab020c6,c2555786af3a4d048ffeb3b5469d207f,04667c9cb7824ad0aaace860e42b6419,0,True,False,Vehicle,future_incomplete_or_outside_recording,9,3,,,,,,
2dc89e0f9c6c4dbab908d341fab020c6,c2555786af3a4d048ffeb3b5469d207f,129c3167040442c5800cdcd9ba194b4f,1,True,False,Vehicle,future_incomplete_or_outside_recording,7,3,,,,,,
2dc89e0f9c6c4dbab908d341fab020c6,c2555786af3a4d048ffeb3b5469d207f,202f313e8c304198aa91171578368e68,2,True,False,Vehicle,future_incomplete_or_outside_recording,5,3,,,,,,
2dc89e0f9c6c4dbab908d341fab020c6,c2555786af3a4d048ffeb3b5469d207f,2472e929ad864d15b7c06f15e6d84fae,3,True,True,Vehicle,,12,3,91101,edca65c70252955a9792c6a2b1e12dda453e4a9e75902a70dd2bc3c3340c342f|3952e726007ba130ca4db41cf08d2b247b45f27936b9911a523d028278b4314a|3fea889febfd86b45c409f1dd0c7f268cbb6197162785e47187d221fede0d331|fd75ebb35529908c11e3019c02b2eccc566ded5dad694177d1b10472175f5700|ad076528b9de3d0c41b21b52dfdd8496731f1832de6bc8310b728be898e48f4c|fc34d71ef47a4f9553c9156840c37b5150b9322ddb369c1676b1bf167c478548,0,3.814697265625e-06,1,"t0 ego planar: +x forward, +y left"
2dc89e0f9c6c4dbab908d341fab020c6,c2555786af3a4d048ffeb3b5469d207f,28c4bc76693442d3a2e0fdd692911bab,4,True,True,Vehicle,,12,3,91102,e819d34dfdb0cbe60af505e70fe3335a72e825d766ca663fb5532ef4c0f9580e|34b64902063842946a0732d621482ef42636ff1f867870ccab082d22a666ac57|f97f51f2dd74e0d17b7b19f2c89d192b96252ba84590ccd7f8c476e999117ec2|e29605a7ce13f7b4543f1c0521704ec02721394072718ca89cbcb8c92745068f|7d0ac0bc59757573e9c12054d6714c180c58b60ec4334f902ece04c1e6c7eae7|fa46b8333e3350876c2d247a7aebc0d33d08735c2b5601c0728157e93692b5bc,0,3.814697265625e-06,1,"t0 ego planar: +x forward, +y left"
2dc89e0f9c6c4dbab908d341fab020c6,c2555786af3a4d048ffeb3b5469d207f,298762cd6e7f4766a03ef5f045bd3430,5,True,True,Vehicle,,12,3,91103,ac9cd28a21faf0cdc5603efb8ddc54f7bc8b300142b16d55679548b75411f3b1|0041726cfbfbff5998d303d34f046caca5b32e02754e8ccc9b8591d4a31c7cce|2202c1fa5750280b9c43b22e3857ae3fae6e40774244ce00a345b558561b9707|bf69cca295d793da954a4ce2ac1216c7f8e57a06f1ecb2bbf4eb5d355d35bdc3|15f3091edc6eb70e3202668e59126996d213ad549c2811903234b56df439bea1|b44583aa4bea0fb11300e6918e55c28d7d9fc0c343064c6e43026e0ed9ade138,0,3.814697265625e-06,1,"t0 ego planar: +x forward, +y left"
2dc89e0f9c6c4dbab908d341fab020c6,c2555786af3a4d048ffeb3b5469d207f,2f746e48ffc240b7a6eee24a7a0e9c5a,6,True,False,Vehicle,future_incomplete_or_outside_recording,9,3,,,,,,
2dc89e0f9c6c4dbab908d341fab020c6,c2555786af3a4d048ffeb3b5469d207f,31fc138c8dd24fe1b6eb4d5ee2940e64,7,True,False,Vehicle,future_incomplete_or_outside_recording,1,3,,,,,,
2dc89e0f9c6c4dbab908d341fab020c6,c2555786af3a4d048ffeb3b5469d207f,336ae01ca02d461d9571fdab0933ff42,8,True,True,Vehicle,,12,3,91104,2f6d0d4d4f187c09cddd33c537653b238fe189e4dd3d4d7537295a375dfe0c9a|3a6f54017b225db72c9c0eb6cef367bd473783d34cd0701198f776ad0c1204b0|677dcb54a6838ea2962262876defa27911356c1a99bd38a28b03d3b5851eeccd|adddeefb64a256599b270457ca58107c5fd1187d70f8f83bceab5fb40430803a|23989096647f139e23b3cfbc5053e1aee0e0eb2669fff0698eab70ad0cfd1c11|f6ba0903ae9b8574bf8fabd9232d9205ccd089491fcd1b7cbf6780d70f285e2b,0,3.814697265625e-06,1,"t0 ego planar: +x forward, +y left"
2dc89e0f9c6c4dbab908d341fab020c6,c2555786af3a4d048ffeb3b5469d207f,3869376644164756bba757a5df1f5c00,9,True,True,Vehicle,,12,3,91105,328b067203252f483292e2a0f0145bc15084dc2be707e688ec703d6dd7562140|5c8d39cecb8c61f467ad56ea8955423635124d908703fe9bdb731f8ab233f1b2|bcf3ad4ea73b69bb7549b14044bbb48a9a0e0ad87969af480910254a4835dc9e|024256250c9df3d75f9b9aecdaffdabffe2240e6db44f28ad6dc318c82fb9c62|379cb5bc37cbfae3c58c95cf8b48e08342ec3d087f58bcaea75c7d538adf0a1f|0720a44d0657e3971c67752da79d0c1a2b831643166a24bbc8b801eefccf2694,0,3.814697265625e-06,1,"t0 ego planar: +x forward, +y left"
2dc89e0f9c6c4dbab908d341fab020c6,c2555786af3a4d048ffeb3b5469d207f,3e19bd8ee12f46e99c8167753cf901ef,10,True,False,Vehicle,future_incomplete_or_outside_recording,1,3,,,,,,
2dc89e0f9c6c4dbab908d341fab020c6,c2555786af3a4d048ffeb3b5469d207f,3e5e519bf37b47fd9c7c846aabcc0f98,11,True,False,Vehicle,future_incomplete_or_outside_recording,3,3,,,,,,
2dc89e0f9c6c4dbab908d341fab020c6,c2555786af3a4d048ffeb3b5469d207f,441b3f8a1eb440479aff5ab7d6d86850,12,True,True,Vehicle,,12,3,91106,f816394866f6b4054b8c1a4976fa8557f05f3815ff58ffa8b16a9ef59a5209dd|deba58901fe28cf517d3fc71c5b603f4947fcf488bb33b34db428fc96a3106e9|1ce75cf3e898518acddd9ac7d9eb9d75ab79cb4f8eebb139250c14f5848e0415|71709ada368bea01181e79041b317d8fa017a6a22d1a227648904dd817266e60|38d72002a790f9c5572cb242a36b6ba07cc0322376b20653e66a7a2ec35450db|32e6a5bb5ed8ca9fccec37660fadd8aa025cb52509aef7bb31cdbf64610751b5,0,3.814697265625e-06,1,"t0 ego planar: +x forward, +y left"
2dc89e0f9c6c4dbab908d341fab020c6,c2555786af3a4d048ffeb3b5469d207f,453cdfd708894e96953a6a6018446e2c,13,True,False,Vehicle,future_incomplete_or_outside_recording,5,3,,,,,,
2dc89e0f9c6c4dbab908d341fab020c6,c2555786af3a4d048ffeb3b5469d207f,45adc08934e74f0fb026514b2986c140,14,True,True,Vehicle,,12,3,91107,962508256f19909828a717832206d53c1a67124dd860fc3a1c2df674af4aca09|7dd09fb301f810c4fbcc017025d2a2d6963f0b3e2db23518307d8e923d7b6e53|8e56f4dc614d3fc6abb6d50ccce8abc155faa7d7a13943c2fac8de644a5148b5|75fca81ad9821093c723c14f19949acdda20a3f7829b9c1171a8e76fc0b523d1|e88b44a78a05de248862391db8ded6ed37ba5be1a27fcb1ec8e590fd1c66e2ff|670cf3f87583115e3fe621ad18ee659cd8c437df96a655064d8de55de76fd640,0,3.814697265625e-06,1,"t0 ego planar: +x forward, +y left"
2dc89e0f9c6c4dbab908d341fab020c6,c2555786af3a4d048ffeb3b5469d207f,488baeadab0a419a9c309eb1b94809ca,15,True,True,Vehicle,,12,3,91108,0d0cce314e3d8adcd0cacdad5276d929a97252a6ef8e2d547feb14eb7c95edcf|65256bbd4c51220582af29d86b73bdc3fa9eef7742af0b84f3a0af8bec1b615d|4df54e90efac4330bfd8d1b2d681ddb1373d28b390a5447075f497aca0f35b3a|cdf6f8da0759210d265a9c68dcf760f13caacda26af3f1798afc25e437467fc3|f2b4e55a26e3f3d5e8d3c3bc14260e3e4a69762fb260ee22277786860fab4c06|01683627fa66ba50c25213e027882d7dd505c4604ab3fa8a07f121ca53ebd0c8,0,1.9073486328125e-06,1,"t0 ego planar: +x forward, +y left"
2dc89e0f9c6c4dbab908d341fab020c6,c2555786af3a4d048ffeb3b5469d207f,518666266396483f9142bc49341e41af,16,True,False,Vehicle,future_incomplete_or_outside_recording,8,3,,,,,,
2dc89e0f9c6c4dbab908d341fab020c6,c2555786af3a4d048ffeb3b5469d207f,52c0b1fa05be4146870e38fa5cb695d2,17,True,False,Vehicle,future_incomplete_or_outside_recording,1,3,,,,,,
2dc89e0f9c6c4dbab908d341fab020c6,c2555786af3a4d048ffeb3b5469d207f,538da41e10c14932ab66bf7b0a7474bc,18,True,False,Vehicle,future_incomplete_or_outside_recording,5,3,,,,,,
2dc89e0f9c6c4dbab908d341fab020c6,c2555786af3a4d048ffeb3b5469d207f,56bac45d4a0a4d5aa5f66a5c0b8936a2,19,True,False,Vehicle,future_incomplete_or_outside_recording,6,3,,,,,,
2dc89e0f9c6c4dbab908d341fab020c6,c2555786af3a4d048ffeb3b5469d207f,5cd7064f753a45a58383b10de5f06622,20,True,True,Vehicle,,12,3,91109,cbbef6a9c70e523af36c51c029f1679e79819b1551bbe52f46f71dbbc6dcf21b|8f00e4f45b2fc5cc4c43149237d7e6c21f0c7eac146b1eea2013e9f3ee0e79e2|cd1da6bc97e19ae846f94b936c431efc31c513c0f86d46ec0a689dddbab72502|13ac919c76f211f70df84878531e4f8df1b2d32f93eaa8688648cd900c3fb856|7b98949b5668393081a1b152a6f8a040caa4acb6340babaa31f46970fd5cf43f|fcb0da8da57f9376560a23388d870267d0e08ead93b0bc9ae19070b736d1a0ec,0,3.814697265625e-06,1,"t0 ego planar: +x forward, +y left"
2dc89e0f9c6c4dbab908d341fab020c6,c2555786af3a4d048ffeb3b5469d207f,695ab042d4ac4c1f958210de82faa088,21,True,True,Vehicle,,12,3,91110,2038eb05a9a3b817ce16064a08874861a7607416f1f98ef352e37fafde050b8f|64b74b5fd82d06e6d4d952a7a267daf634e0f6656fff92ffc28af924416cf0c7|d4bcdd8dc14f8dbc79e65541d19549fcd1499ba95e89fea350faf242af152524|df5ab56526902d68c31ab957eea8d8054a7e32532028d48e869776a574024d46|401ba192b8a942ec2af2e84d41c2340a2a1326949325264703ce423d8678d9eb|8ed054313100b92bdb38268ad214e02f11759315b032c46332995e7373c2f2dc,0,3.814697265625e-06,1,"t0 ego planar: +x forward, +y left"
2dc89e0f9c6c4dbab908d341fab020c6,c2555786af3a4d048ffeb3b5469d207f,6a3cd14c0dde49ba88b2a6ab113ad10c,22,True,True,Vehicle,,12,3,91111,360b87029c4830e01d7ad9a60494b6f4058662d3fc84ce61fea4af895b1b5acd|615bb48bd38b05a258eb199436849caa25348c0313be6de12999edd083b09482|301bbd7afe4f1fb2e654b050761ad3e0c3c30087144338e656deccfbe8494b96|0d470628f4e2639e47982999133a88d21ebf58712b5e68246e397b9abd7ae71c|1d686f9cbec4d8516ee656aadd5974926ee8b29c21452ff6d2f356a6d5a9cab2|3146b053ee819c21d7ae763f4ca402f327ef00d43e115ccddb4a0e93d30d081e,0,1.9073486328125e-06,1,"t0 ego planar: +x forward, +y left"
2dc89e0f9c6c4dbab908d341fab020c6,c2555786af3a4d048ffeb3b5469d207f,6bd3fb5a42e04fad8bf43b9617ebd5ec,23,True,True,Vehicle,,12,3,91112,d4d6137a1f5e701ac662336304656d6429fc00f059cbdca63553103e41e130af|828d9b69b96b4646791dfb143a288fbeae05def906d3e548afcbf2a93f716fb9|e13c26ea2ec1ec1c150bdf580dee960c66e89c2fa4ab3056d317be6b2a9dfb56|bec3f71bd46c7197255f370616dc8c4de13d12f76ef77a7391dde5063c84ef55|b1d8924868096349fd3450008ee204031da119d5a19fbbaa0bc5260043f7b231|a79cc79303fa86cb44143daea9b06b0e79de37484825652938cfa5f47408c6ae,0,1.9073486328125e-06,5,"t0 ego planar: +x forward, +y left"
2dc89e0f9c6c4dbab908d341fab020c6,c2555786af3a4d048ffeb3b5469d207f,6d92a744504c41f5be78ee86260ddb76,24,True,True,Vehicle,,12,3,91113,de19ee3fd7d06af7335052cd303bc0b4261134470682949d446e9341b9cbff93|e45e41d0c3bf59b35fce165caf556c578ae95201594a79e5e4b5ea4847570b2c|1de7b4e22c529cf368e6c52ef923ab9f7b5b0b90400d1f53c3ab476648e769ee|4e8cffc7806fd74ccef959a4571bdeeaf278d1a334246c523d3d64de451617ed|436892262cad67bfa54c54f90fd6e72f74bfb84ac7c9e4cdde75898e33d1d8ec|fe097152a3ef80060fe7edc3675de9cc9541958bfd8f02bcac67916313b2f189,0,1.9073486328125e-06,1,"t0 ego planar: +x forward, +y left"
2dc89e0f9c6c4dbab908d341fab020c6,c2555786af3a4d048ffeb3b5469d207f,7ca1b96e5e7c4bbd8329747a1c7d2060,25,True,False,Vehicle,future_incomplete_or_outside_recording,9,3,,,,,,
2dc89e0f9c6c4dbab908d341fab020c6,c2555786af3a4d048ffeb3b5469d207f,85700250358e43f7bd4489644c08ed40,26,True,True,Vehicle,,12,3,91114,91901aefe09087710399bc8d13a0c4578b6092d2ff9de5a7db624aaa6c4f866c|8bd21a410cf2599354889aa83ae19b25ee038f9ccaa46fb2a36d85f3cfe0d37d|769aba3e804700bbcf51d254a25eaafbf2a98054d6fb4476e508a452722e0d14|966dd09af02af62424c9eb340529dcfc8f745b27c804299a38b7acf1fffebe4d|3a23c128842837082daeed87341a03413785868241af4581c7701fb3fec2b63e|97231749335a7a545d2a0d09c9d8ad348b3166e42511d5db0eb6ca427bfdc92c,0,1.9073486328125e-06,1,"t0 ego planar: +x forward, +y left"
2dc89e0f9c6c4dbab908d341fab020c6,c2555786af3a4d048ffeb3b5469d207f,85e1a2beb3c84e968b9fc6b1ca19c313,27,True,True,Pedestrian,,12,3,91115,6245521cd2db562d0ebc7f1a3a709daaa7797033d3c7ff4feb6f0f4daddfd3db|6de2d905dbb38aac0c542c900928b936a760f40c204095589de721cbe9fb49a4|f643d33e79203fc30da919df77afa3a41adb4509d86924334c352b5271b9829a|0052f534b5508fb9e9cc7a8916bb85622403129061afed92b97c9f19f9eae734|0aded9be97835ced86220c398847e60818087597be76d443d1a3c7edee8e7779|bfcf8f86b6e1e4134f46f9bd197e50fa7cfab849d890dbafcdff2d6a23f926d8,0,3.814697265625e-06,5,"t0 ego planar: +x forward, +y left"
2dc89e0f9c6c4dbab908d341fab020c6,c2555786af3a4d048ffeb3b5469d207f,861fabfad6424e12bc9ca319a970de9c,28,True,True,Vehicle,,12,3,91116,3c4138896c71cdfde848395daaf8c4fdb64ce4d15dc25d57e0172f7eb683dd1d|763a7618258b57baff6fff190d932fd73d7aef7f2abda9dfc9ecebfcb39c1d7f|83cae462ac7ab4c5e3754ca2102bcdb4b06a1cbcdf4b1634a5aae68bc3a50551|33454fec00d82f48dbfb15bba38572e87322af10bdf9b0aecf8cbd8f88cc0fb0|34a4d66e7c61098dac626722cfaab487fc9021fc2d2997d8827ed8f8c29274a1|df655317dd75f36729c7c4fea20925339dc3b88515b343df918f5ff97e52380e,0,3.814697265625e-06,1,"t0 ego planar: +x forward, +y left"
2dc89e0f9c6c4dbab908d341fab020c6,c2555786af3a4d048ffeb3b5469d207f,866711f2212b438fbb5cff8ee3e05d25,29,True,True,Vehicle,,12,3,91117,cab19e326c0cabf810e141e6c5eefb4f83f4495414fa645a871960c36765cc51|f03748c0982ac2f7b975d6c8a6b93f1a84247fec74fb1ac7974bae26be756b81|10ba7a8d1ce6756abd59653869606da6d5f0d99101766da35ab12e05ca46f766|6bad0267321db8fd1c9a0f10ba43aebf2252c4b212b37af80f42601c7229f672|7b740f8801e422f98772d2cf227d515b3aa50cb97595f1c71431f9b165d7c5d9|add290e96553205edbef65c9450c2f2a395b4df8e07ddc1072115f3f02ba98a8,0,3.814697265625e-06,1,"t0 ego planar: +x forward, +y left"
2dc89e0f9c6c4dbab908d341fab020c6,c2555786af3a4d048ffeb3b5469d207f,8e2e2c7acc6e4cab8523402474f3561f,30,True,False,Vehicle,future_incomplete_or_outside_recording,5,3,,,,,,
2dc89e0f9c6c4dbab908d341fab020c6,c2555786af3a4d048ffeb3b5469d207f,8fdd351160684750a11c7aa859fbec68,31,True,False,Vehicle,future_incomplete_or_outside_recording,0,3,,,,,,
2dc89e0f9c6c4dbab908d341fab020c6,c2555786af3a4d048ffeb3b5469d207f,93657e254a8847daa0f5ca31f3aca7b1,32,True,False,Vehicle,future_incomplete_or_outside_recording,7,3,,,,,,
2dc89e0f9c6c4dbab908d341fab020c6,c2555786af3a4d048ffeb3b5469d207f,93c169777d0b425f9ac3832c1004551d,33,False,False,Vehicle,insufficient_history,12,3,,,,,,
2dc89e0f9c6c4dbab908d341fab020c6,c2555786af3a4d048ffeb3b5469d207f,9454cea0a9a64de7a767e9525a66ed57,34,True,True,Vehicle,,12,3,91118,66ff73b9327e24ef4f0cc9ad3487bfcd53dcad84b63d853ce7b8b59d3a2303c4|327497c414ce7053f6c59a3b15ce229e2296a56e45ccd09d375393786f0a8ef7|c9ffb84793e13069a3b95cf31930fd0c81c05679a93d60d5621af1750ffc3bbe|07db98e8f64b66cc2e389cf0667ce64729419fb6a54c8070b6094c4bc3b230be|26ce805f12a792c134af11781d1c7e9d6cdba6171f3274d14630032a39fb714f|80f77ce69f4886e7b4ad6e5603ad39f8c05737ff4238d4ef923878a705b3345c,0,1.9073486328125e-06,1,"t0 ego planar: +x forward, +y left"
2dc89e0f9c6c4dbab908d341fab020c6,c2555786af3a4d048ffeb3b5469d207f,9adad9e0e00d4d1ebc9d2d455fe3336d,35,True,True,Vehicle,,12,3,91119,e70ad66ab62a5e35de7a059536e56cdb716f4c37a9da95b28d929ba888340b8c|fccbc208569c1c0dbb9a6933c0edad04efd0d9147728e1aa691de19a0dcc93e3|deb84b8308aa396b31edd0b968a8f01dec19385cd86c2dd3627c554f2a6cd42a|5fcb1f22577a24fec8e2cf64d82ca89fc130b01958dde91a70276bc69e937a1f|10fd7b5fe4acbd2af68f9578fbcb893bb0e7d309a2ed8840c5869468493492d0|8c957d4aaa86df0d7fcc9b6c4b0bea52a9c6f1629b920252c1704672b00f018a,0,3.814697265625e-06,1,"t0 ego planar: +x forward, +y left"
2dc89e0f9c6c4dbab908d341fab020c6,c2555786af3a4d048ffeb3b5469d207f,a02d8f7695e44f07a1a2d3e632b0ef5b,36,True,True,Vehicle,,12,3,91120,ab60670ca77340bddfc59e2d036a3e19bfc81b712deca745c6d7408ae827d975|a5f0c78542aac196d5f3156d7e047b0d07a5fd4665095476ad2c0d5ef4155748|4f742c1cb330a5e948b48e3edb8d9ebfcdd0710cd02689ec0054da492b3415a0|64a9576f77fc20efb526fa30f8272b80692efb75d0180205c241d631a1a5c4ff|9b8ed90b9d32a6b569f0c569de3ac52cb113e2479813abbddf2f9f3a22fefed3|0e9b9831423469c6a8dc02920a7c9c15372f2dd9f9266e0e5b474ec19e41da1b,0,3.814697265625e-06,1,"t0 ego planar: +x forward, +y left"
2dc89e0f9c6c4dbab908d341fab020c6,c2555786af3a4d048ffeb3b5469d207f,a2ed0e9f026c4c169b64bdaa60ca865f,37,True,False,Vehicle,future_incomplete_or_outside_recording,7,3,,,,,,
2dc89e0f9c6c4dbab908d341fab020c6,c2555786af3a4d048ffeb3b5469d207f,a485adfbdd2745ae8142b79b3a8444b8,38,True,True,Vehicle,,12,3,91121,c7f455bf629ab2d3ecb5ffb6d17f13e4d555ad0a66afb1629c4a8a49c16d3f07|eccee03f15816ccdd400412883c2aecf7effb818f5372f08bfe24edac1489b73|129c3468e1a235b73b7c074c880b190464f74949a19f6d78321b521d593fc209|5fa203496155d5de3f9b57f6ba96580d6707a3e3fbcb56e40d0101de819eaf21|b883a7393087cf711b1aac5e604a8a37d9c0853cc1c05ee95a5a6f64df254d12|8b4c653fddc275d60ac8b7d06d0932ea7984cf1d5f625a8ff43c795dd6501999,0,3.814697265625e-06,1,"t0 ego planar: +x forward, +y left"
2dc89e0f9c6c4dbab908d341fab020c6,c2555786af3a4d048ffeb3b5469d207f,a53142348f00479ba21f10409b606ffa,39,True,False,Vehicle,future_incomplete_or_outside_recording,4,3,,,,,,
2dc89e0f9c6c4dbab908d341fab020c6,c2555786af3a4d048ffeb3b5469d207f,ab6bb22bffa84281ba84e3a24bc05481,40,True,True,Vehicle,,12,3,91122,ec64b6f8e847f4b2d247d3fed60bb64ee62e9c1c6cedca37167985a90a6d183e|1751f3e479de572ad7f01c96e9dd3b53f0cda810827145da749408b0ec9c5a90|c21ed76b76cf862f5f3a1f6b8f0a7f927bf9be8e6a680b2d3c39a8b6e8dbacce|ebfca81fdcb5408b020a9621b3067d768be60b19de9cbc9e4ddbd58c9bcf16f8|a73ec74fa72463625324d40ffedac0c7872579213eced38fc60be91077242059|e3cf3d25823ba1a6cb5054427a41dc5ac3fa782cec7410327015024de5a35840,0,3.814697265625e-06,1,"t0 ego planar: +x forward, +y left"
2dc89e0f9c6c4dbab908d341fab020c6,c2555786af3a4d048ffeb3b5469d207f,acc1be0ad08c4ed8b5791baf063dd389,41,True,False,Vehicle,future_incomplete_or_outside_recording,7,3,,,,,,
2dc89e0f9c6c4dbab908d341fab020c6,c2555786af3a4d048ffeb3b5469d207f,b17ef2f1d92a48a8b0aa1405bf942fb4,42,True,False,Vehicle,future_incomplete_or_outside_recording,10,3,,,,,,
2dc89e0f9c6c4dbab908d341fab020c6,c2555786af3a4d048ffeb3b5469d207f,b2d0ce94ba154c619d4884cdff7b6e08,43,True,True,Vehicle,,12,3,91123,a1c9978de1e97fb84c1d26bbe63f91aece87e7b94c77906162e3f8127b860897|df1fe4ef81c485465126a83b5f2df05678a645f8215c503b77874b4c575860df|437aba3e82ee9f569cb950a02810274865c9535dbe0e8a819b88d8789ee351e5|bec251148556d94b74e46bf90a3e53bc9382a9a1a81771fdfbb7656ea26f34b4|9c316bd63e2efa381ae7e3e6d8fb32761182b61c9d4fc7733a815072228c2ac2|673a8b0a271935c9b65efc005e23e07b7a74ce9aede180701e766b2e9979bf37,0,3.814697265625e-06,1,"t0 ego planar: +x forward, +y left"
2dc89e0f9c6c4dbab908d341fab020c6,c2555786af3a4d048ffeb3b5469d207f,b3df7217307b483faa6b53053c0c1658,44,False,False,Vehicle,insufficient_history,12,3,,,,,,
2dc89e0f9c6c4dbab908d341fab020c6,c2555786af3a4d048ffeb3b5469d207f,b567b0dc3c8c4857a0e33de8ce6a569b,45,True,True,Vehicle,,12,3,91124,9e1147ceec6caaed9546009559c8261cb521fad2bdec6996e21c8fa6b64c7266|c021ea88c8c34ced06bf7b4b7269a94388f6fe3aba0e1a4cb93943b89f384a97|8330f8d7eb54167c60795cb0c82c1be7597f26bb1dcee42c39caaf738cf38b97|8cc211b2cb607c5b59026534ebc0fc0cee4afff8d693070abdb8d0e14d11865e|577a673810e4bb8bf97fee9970f973aadc485ae65c0ffe57c5999d48ab0d582d|3738e6883a67268ecbfdbe6de322428bbcaef195a5023c530ed68d26089a09a8,0,1.9073486328125e-06,1,"t0 ego planar: +x forward, +y left"
2dc89e0f9c6c4dbab908d341fab020c6,c2555786af3a4d048ffeb3b5469d207f,bfbaf9a2a6974446b0e27279581dd97b,46,True,True,Vehicle,,12,3,91125,5f9c9c69834f72acb76667edd87ae4abd084ba7244cc8bfae2508b7e4ebe063d|4d0940ecd19dd394ec6ab1d5c6f0056d63a3f4d5244e8e39c57fa4311d5c4921|5e1feb9f56e14a0656ff417168ee60ca929ce619a615b91a7e6366c348618aa4|1730f137356766e8ed633d032cee1da42dd93b6f0a218b41837ffe1591317482|0338acab95fcc2e2e4bee2196734b1a9e9e9dab798a61c5c08a82c8a2e79636f|ce2d21964f47b1d72c5a764e174cf9f85b34fae3377d1370533930212bcc50ec,0,3.814697265625e-06,1,"t0 ego planar: +x forward, +y left"
2dc89e0f9c6c4dbab908d341fab020c6,c2555786af3a4d048ffeb3b5469d207f,c132941a24dd4d0197337218466811cd,47,True,True,Vehicle,,12,3,91126,74ef595345cf5c3e58edc52aabd7a68a08a8cbf1ae622ad4121eaa2a05ef9a27|bc001f16b56654682db7132159aabf631d50925be01351f34acf2e511ba7ca3a|64a3b4bc2e6692350c967c5c496fa0ef303f3f3440c02264178e8f18e7c59832|354327178264524fcd55aaff8966d2172b38795a48f448f6eef5df453614832f|08c92f12af8ff1474cc4dd92359b370b8c36f34dee1d1971972bd1d64957c270|cbc8e30cc8892856590c132ab11ff094fde15e0f4893ff74b5f8b6155fa20266,0,1.9073486328125e-06,1,"t0 ego planar: +x forward, +y left"
2dc89e0f9c6c4dbab908d341fab020c6,c2555786af3a4d048ffeb3b5469d207f,c254c9a5a600493884770388f7dcbe31,48,True,True,Vehicle,,12,3,91127,8c77fdf71a68e21f07b1088261bce768e554418341ad777a842b0ace4cfc4735|370a500b5c277e465037be03e3fb77686c5a9aa9951958e88dc806329e6d1be3|58d261a52b0f8295ff9adfbecf7bc6cbe906599231e24054d5ab6f16b84d8aa1|30a8b43eed63adbba82b28e90ce45dbd48e58ddfbba01cb80dfe6b569bfb7843|f0cf3e4307acf5556cb3b4502da6d7776ead38aefae71f8caffa643520b3bb35|06f71226a01f53db185e0dd6d10ee13bf8798e787ba3f54144432125b97a0c9e,0,3.814697265625e-06,5,"t0 ego planar: +x forward, +y left"
2dc89e0f9c6c4dbab908d341fab020c6,c2555786af3a4d048ffeb3b5469d207f,d558df09e4fa4d8d827bd4004e1ce06a,49,True,True,Vehicle,,12,3,91128,39654a333eb3ab001d8b5d20ec398aaf936be7916656ce6708f3d03cc2fa210c|2dedc92e1406b41b1c8807e55ff97aa84307c051ea79db1e1491aa275dd14a95|04bf06275908e9250772de6ff7787c273b62f347bce67d7fe9156c4a5fd867bf|a719dfd73a053f59263fc107667a131fcced4305f8f1fbf9b02baace1fe6693b|0b00307664ba65c12057b21bcbf5f0b37028763dc2e1a64eef574e47444ed0c8|620a6777bdec9ef709946749f1037200ae15265855c267e36491f8ad6a26509a,0,1.9073486328125e-06,1,"t0 ego planar: +x forward, +y left"
2dc89e0f9c6c4dbab908d341fab020c6,c2555786af3a4d048ffeb3b5469d207f,df0d02864a044ec5b81cd1c210107e82,50,True,True,Vehicle,,12,3,91129,5c6d9c76672e03db48c32bc2f775dc59e61e51ba719900a2054570796c7f977d|ab6912678ddf69b86b7a97f24663c50d6bc5e98fe30861438b738be716d2d255|20e49cdf63e0c11770c65c344366a34237075713d89fba79090492b56b4f984a|8b10e2186ca3c8d305e5ebd4ed892f27749a5284809dbe1c7fa9c16f342a9927|4a0dda0b177589828fe64fc232cae2e5949c0bea280f9be39e694c0978b984a9|2efb231c737a0c32348d57cfdc927821ce5a8b0b8f13d3af875dee99c8b4cf28,0,1.9073486328125e-06,1,"t0 ego planar: +x forward, +y left"
2dc89e0f9c6c4dbab908d341fab020c6,c2555786af3a4d048ffeb3b5469d207f,dffa1d004d7e4b58adc9ef0b30a24a9e,51,True,True,Vehicle,,12,3,91130,a67db4676da6b2550d20dbb06cb8cec88cfc96a4f987bd56a32e6f3bf648d7ee|8765ab1315034a3c81f200ef72cde62c0cf9b8ebe32c62f8f058dd2971117655|8a920b99fbd18cb8294560a30c48c094fe7d443c1bf5a58ca9694df4ecec12f4|973102eb787c12d11d9d5e17e5e69f3782b80f1dae2f797cdff48c2dade67d2f|86822b5d842764484c1b914f63fb253eb22a5381d0e6a89897335264dee62ca3|1fcf6962ff5d790ffcccb2cb9d59b669e7064140185a6131cfb9b3eb1ebc9b04,0,2.86102294921875e-06,1,"t0 ego planar: +x forward, +y left"
2dc89e0f9c6c4dbab908d341fab020c6,c2555786af3a4d048ffeb3b5469d207f,e378f06f4eba4a8db4333455d124e150,52,True,False,Vehicle,future_incomplete_or_outside_recording,5,3,,,,,,
2dc89e0f9c6c4dbab908d341fab020c6,c2555786af3a4d048ffeb3b5469d207f,e5c6f0890158486885743f6c2dca5061,53,True,False,Vehicle,future_incomplete_or_outside_recording,9,3,,,,,,
2dc89e0f9c6c4dbab908d341fab020c6,c2555786af3a4d048ffeb3b5469d207f,e7661126d25f4e98b7dcbe61e6eb9ebd,54,True,True,Vehicle,,12,3,91131,e3abc225149d154923f3b7dae68e20b4f2f0638f1290c16eaff675b58937fb8a|ff482d387a74763a72e2df5b783e95875a7396fd5db231ee81ffe542a9190f17|091c509cc09ee97b33d00cfc8adee426ff4eac646cd5cae7dd3a4aa640451e90|aa066f1aaa2dc39d19344b0b73c287566e3b2a51623f5cb5269a79b51a5082c3|11032d2f05393826b886d34c272a8bd6429644b1a76262db750a1ea8c3a6d058|568e5988c75d7748d7985e32a40ad6d4fd91a8928611488fcee7abaddf4a90a0,0,3.814697265625e-06,1,"t0 ego planar: +x forward, +y left"
2dc89e0f9c6c4dbab908d341fab020c6,c2555786af3a4d048ffeb3b5469d207f,e8df6b607ca84fa4ab8ed9fcc690774d,55,True,True,Vehicle,,12,3,91132,3c8d32d4104542d54b8c1c6aa9e280e45e7219f70762f54fd55c4df88bff7eb8|7e361692e8a7429c1ca055a5ebf7560472da57bb2f1cc948975eda209531eb64|dbcd8e66ead0e3885e59d2e3949565e442787774dbdac7c646643883f9273846|f86cd9dfa26ccb344857cbb7a94ad9fb0585682ded1fefaf176d919cf2039faa|6d6b3da2e2401d81488d63996c34f976c3a34a64a371ef077ad47c7ae018631d|cbe012f4f99f344448b1bc4b64f2a04089d109cbf66f78c05201c3eda988fb03,0,3.814697265625e-06,1,"t0 ego planar: +x forward, +y left"
2dc89e0f9c6c4dbab908d341fab020c6,c2555786af3a4d048ffeb3b5469d207f,e920f41d199a41fea484415abae20cd3,56,True,True,Vehicle,,12,3,91133,a9bb6a52242e24fbacdb3a55b5b877bdcee22495ca6a70d0b03be5ae20a46fd5|a89ee8afb114d93c876c202e10902a2d1421eaa1cf0f8635243a39f63aba0cf9|599b065ed989ce27b8c44ab12abb918900e675006e2a7c2d848edbc946f60560|b3aa5f9068b6ec65ba9a2c53cc6301008688f72f18b31331f7a15c88a4c0bce9|2c45098e5998fa21f939c96db283183534130a1e046811986af00157a623fd9c|51f6df2364dead7652a81f842de51cab7735b118081690d057334f8a820975a5,0,3.814697265625e-06,1,"t0 ego planar: +x forward, +y left"
2dc89e0f9c6c4dbab908d341fab020c6,c2555786af3a4d048ffeb3b5469d207f,f328a0f8bf714784a14a300c2029bde9,57,True,False,Vehicle,future_incomplete_or_outside_recording,8,3,,,,,,
2dc89e0f9c6c4dbab908d341fab020c6,c2555786af3a4d048ffeb3b5469d207f,f441c4e32ac648389d653ee9ec6d041b,58,True,True,Vehicle,,12,3,91134,89581f8d80a00cfb54be11c690bbf1a35ba6afedaf0d5677d22a60c9142baa15|2c80598acdc0f8c5b757b03f2a13ed8e1093c0093d85c86b59b74b965e4efb10|ddd7f5e32533d84ebc4f9a90f84e8831505fd4e441f53e659a1f21bc1cba1577|1884216d701314af68d7c7a590c9aef64f6d9c1976bea102000243cdcfe98ba8|29d3114db8de5114134be2bac6e026d197185dfff60e513515bb03cd7fb0e777|68a782ce3e11ca3421bda192fba2420d12c997e4a2dfacd3691ccf8becb2b7a0,0,1.9073486328125e-06,1,"t0 ego planar: +x forward, +y left"
2dc89e0f9c6c4dbab908d341fab020c6,c2555786af3a4d048ffeb3b5469d207f,f9f4596465784c26bb6f480f65d3c682,59,True,True,Vehicle,,12,3,91135,6629f6fe4747d10901c77893d2fead8de1307b0ed88686bad910ecc1f62c9118|fffa4a165de7c2d2474a995dd7c414d47f21810c13af194da20fe56633f0d869|50aa12ea1c0100d1e0a2dfb34688ba1c0bc18a234529ef1548bf7c297c76e9a1|bf3cde4ea8fb0618e436789ac70d90f30e31debaf914749614667657a44b6f2c|31283df91f751535b3da14568822d02705f058725e471d66866fecc85acd2556|8d05c9b773bb87d878ee8faf5501cbb038349480d9abe18d6b94242ee93a7895,0,1.9073486328125e-06,1,"t0 ego planar: +x forward, +y left"
2dc89e0f9c6c4dbab908d341fab020c6,c2555786af3a4d048ffeb3b5469d207f,fa4c39da8f8b42a9bfa079c79e2f4f92,60,True,False,Vehicle,future_incomplete_or_outside_recording,9,3,,,,,,
2dc89e0f9c6c4dbab908d341fab020c6,c2555786af3a4d048ffeb3b5469d207f,feb8316b8aed4b76881d9ed46378e1ee,61,True,True,Vehicle,,12,3,91136,2c628e1b4805e020bcc0e876fb735c5c00fd46c3feff93eff5f8a6a6a0529a50|167560bdae3183ab53b50d27eb14cf9a57879aff4f2c060ae067c569dea73d96|81b228e6ed9c6e88bc9b8a8e0354dae25dba9de6099007126132e3d628ccd263|c449a0e60a3093bcdfacc78b45792d6ad140b73403a038459a70bb4624cb438a|0ababe2b64282826678a50ff5286f7fe5d2c60f1499c84483cd9d52b3753cab6|43d1c2cfca3f5c998b2561cbb8c0e387e5ba20dcafe5a4e3b464a41d55d24ae3,0,3.814697265625e-06,1,"t0 ego planar: +x forward, +y left"
2dc89e0f9c6c4dbab908d341fab020c6,c2555786af3a4d048ffeb3b5469d207f,febedc6950374b13ba7ad90911e51d90,62,True,True,Vehicle,,12,3,91137,dcfbdc3566511402adf29d596111bcd8d643f86c655890e3984acdf02ab5afc4|5b9473ecbdc348fc91bc6c426dd840b0232c42fc7957b30f507f16fbc46a3dde|005d7bad47e8083adc16d379e4c37f47e41d8924147775b72f70c868d864b7c8|a28264f5c3cbed66c2d6952d4e2841ccb766044a04e1e6d5fc4ccc885efd1da6|d37e6cf1cfc4eed466ddcbb4234da0a4e15206fd2a870cbd81cf95076e196561|c52ebc720956676ee8afee6b4d5cf9cdfb7e199169619cab300849994e475141,0,1.9073486328125e-06,1,"t0 ego planar: +x forward, +y left"
2dc89e0f9c6c4dbab908d341fab020c6,09271519beec47adad8dd03523ffc8f6,030f719c53584cdda96f4934cb59036a,0,True,False,Vehicle,future_incomplete_or_outside_recording,11,3,,,,,,
2dc89e0f9c6c4dbab908d341fab020c6,09271519beec47adad8dd03523ffc8f6,06b5395996c440b290503ffa2ce907b4,1,True,True,Vehicle,,12,3,91672,4a8d786e383d7c78ad21405ca6ab4b66d990bbd655f636b238cfd0c6a260b380|69613bffed301f0019d885a3a6780e0ab63b117765b1938e40719ddcaab52426|b641a399e0d86eb01d55dc6202a844dec143d6d1f6c3449f74c0be248e938551|b40af6c4ecc19bf529da9cfb4f063fc1fc28d4c6a5eb900de6643110408ad04e|81e465a10508bd117a68127f074d8d3989ba7d6d0a1c16a5de26f9f0137d107f|8e67ac700cf7f3242eaf432df49114e8827e1c56f2f320081b14f4c727603b63,0,3.814697265625e-06,1,"t0 ego planar: +x forward, +y left"
2dc89e0f9c6c4dbab908d341fab020c6,09271519beec47adad8dd03523ffc8f6,10897de4519648709fde65ec1ecf3154,2,True,True,Vehicle,,12,3,91673,6867b16ad9646b4996ce175a99282ef6f10f94d2bb4774e5e024d632428955ba|8efd8a360825f77fc135fba287daf676125d9a84ac44ce18f5de589af704c220|9ac06963e2dcd1ed4b720b1a57c482dd4530b38f71b89175fae1d134cbab288c|d75307d27f5cd8ec3ef618537b42847bb6b70a165ea0762bddc1b6f16b928dba|3ff448ab9bd9aad93025f3a45c70ce3715df4d5832f9016bf95542d5699597fd|ecf6d67baab30345ca822e8022a438d661cf1dd4a13b756227ef18b470b221f5,0,2.86102294921875e-06,1,"t0 ego planar: +x forward, +y left"
2dc89e0f9c6c4dbab908d341fab020c6,09271519beec47adad8dd03523ffc8f6,216d5a7c186b400db343a99c688be29f,3,True,True,Vehicle,,12,3,91674,55c18732edf03a95bfbd811e349d26baf2ee606920afe3ddf333eb5b48bbb0fd|7646bbf9bb67884432e8012ebb821ee5dfd0735bc1367e7ef61f28ab8ac0b92b|807d100337a8eea07fd3974509d7cc497a63135039d8353eda816e6daf0d1a94|6c38c5dd18a8f7e0501b4eaf1084fcacdc88bdaddd18d5be703853a11ac468a5|36048715ce62f9b89d6a4e13c79b87cde15b9c4f827ec7788987d94d1ead669a|2a3682a6e856f92005ba0d1747e389233519da3ed9aed16d446de33703b99dc5,0,7.62939453125e-06,5,"t0 ego planar: +x forward, +y left"
2dc89e0f9c6c4dbab908d341fab020c6,09271519beec47adad8dd03523ffc8f6,2456ed0eda0c42218ba70eca71e64ee8,4,True,True,Vehicle,,12,3,91675,375b2fe41e37feba542a545e7f533050d94576932c7c4f032861615d10701124|94afe96fdad952815218e235a17e50898b662f51d5ff4017316f8246aefa6c84|74b477ffe2c0939749369efbd3ec728ebc3fec90f040f8b88d52838fe667553c|83f578c907d43bb7e80e57bb9e0162109f5eb01c4df3108fd1db10ad4679a3cc|7824e19a4791ad6d69786e5a13b673e15cc216d81e010e830dbc00c2a15adaf9|7ba25c6676fcb5a0629a503c0befed3f81616f89e9af36107c41cd1fd9651145,0,1.9073486328125e-06,1,"t0 ego planar: +x forward, +y left"
2dc89e0f9c6c4dbab908d341fab020c6,09271519beec47adad8dd03523ffc8f6,2472e929ad864d15b7c06f15e6d84fae,5,True,True,Vehicle,,12,3,91676,027baa21eed04ba4b3a8f1a8ddadbc95f557c279ddb884f8baea90c43f477d8f|26bf772887a6f4f31d9c1c8b3a3e62fba32df1c1d14b4dab08f6ee9e07769687|8b06d1a0aac95bb806b7e842381b4ebcc19c23af9e1c1c13bd8c765b212749d5|4d76a2b80c329f9b49115da3f7177c9af0559a6bbd6dc0f1e37cec89e5d214e8|df49299ccf24412e80595210edbb9ed4d7fb92303805ec1d97848a5ae4174535|4dc37c0e0d812d91f2b7dd76dce7bc9b4015ac50c83afd762175154adbe6a35b,0,3.814697265625e-06,1,"t0 ego planar: +x forward, +y left"
2dc89e0f9c6c4dbab908d341fab020c6,09271519beec47adad8dd03523ffc8f6,2521bc64b48e46869da834aa87d5d568,6,True,True,Vehicle,,12,3,91677,bb50e91fa49565068aeee639069711bf84fee2538866028bc67593174c96176a|970e30efad089e0d26c8597eca41d0e83f184ed350e09a877a8c13432d6cb343|3d220292f6f3a366f4eaa2485285a0980d17454a6d58dc7f34288fb2693d6424|31c23a65e82f19d10d919b19de8a83f6c04e929da876ee9d8df025406202f6e3|e5157aa977b7e5aa5120b22a5c3e5332b4baa0114137a5347b4414cbd052b37f|b78d9a53c844a55538bec7859a2c2b6ec9ee6bdb6a69433c0f900d2383f77328,0,3.814697265625e-06,1,"t0 ego planar: +x forward, +y left"
2dc89e0f9c6c4dbab908d341fab020c6,09271519beec47adad8dd03523ffc8f6,27ab388f64f1448f9c81efcb2112c060,7,True,False,Vehicle,future_incomplete_or_outside_recording,9,3,,,,,,
2dc89e0f9c6c4dbab908d341fab020c6,09271519beec47adad8dd03523ffc8f6,28c4bc76693442d3a2e0fdd692911bab,8,True,True,Vehicle,,12,3,91678,1c8050e5296fed6b40a06f5b4bf1e09f82db7ef05886c361a9dcecd7b9fd5143|322bf103b84a84e6cf55c6b3d99f6f82d14b732c6664fc402cb43a25eb1238e6|4dc7610bae129453f6efb7892e8890ce014cd975f07ce936cd584a22e1af4312|cf5a175d7d6808dcde710d3279c2ac5f2babee7772e701ae5b478256588460b1|870f10c412d595103cce346d5839357d4314fbff8fe0a9c7afe5b3f025305ed7|d70d5cade143a38e7860508226d901939d5174212978fa5860519769daac627f,0,1.9073486328125e-06,1,"t0 ego planar: +x forward, +y left"
2dc89e0f9c6c4dbab908d341fab020c6,09271519beec47adad8dd03523ffc8f6,28d68a2ff427475084cb3509ad395906,9,True,True,Vehicle,,12,3,91679,7559e5b22b3bfce2afccf8fc277b4f07f6c0e4341fba6e2acfd9b95549db9afc|708807a1cd8ca63f0c429c5579358eee0b5f775a433678247566090eeed32255|c2bd7020b33b22c8c894cb91fb5a3fc8b982c3b01acb74bcbfe00db5591908c8|1d6a42804572ba3e8f64aa25eeeda7725a8b8c3625c934d900effc1556ca306b|738da1da9092aef3525b8567b249f738b63d1908755ab7c22f597a4275dd7998|4bb620390ab382cda86163b8b636f321d63b53663e44825a441ea4829f1a2283,0,2.86102294921875e-06,1,"t0 ego planar: +x forward, +y left"
2dc89e0f9c6c4dbab908d341fab020c6,09271519beec47adad8dd03523ffc8f6,298762cd6e7f4766a03ef5f045bd3430,10,True,True,Vehicle,,12,3,91680,2407eeec4455319ad367839990fb918fe89b00ff6fc0910f06162dbe08b7440a|8e1bc194c85ab0a98c50b88a9d0ff0161ef7e83c73c1e653acb8e811481133f2|9f2aa65ae4f29798530e1f87432f5abd0da38ec4181628391bd4aab159f0685c|8ab1a4dd70b0060d66cec4b90a9243ecd18c7a40cb5f4373418c59e640f6cfd8|a426c8782c817d06ef186649f86ef0cfa0f5cd8197538ae6a7304beb5fc0eecb|4fb610e2719dcfe95d23904cd4f4ffd37af3276d51fa9ab6229ce602a2923ed6,0,1.9073486328125e-06,1,"t0 ego planar: +x forward, +y left"
2dc89e0f9c6c4dbab908d341fab020c6,09271519beec47adad8dd03523ffc8f6,336ae01ca02d461d9571fdab0933ff42,11,True,False,Vehicle,future_incomplete_or_outside_recording,8,3,,,,,,
2dc89e0f9c6c4dbab908d341fab020c6,09271519beec47adad8dd03523ffc8f6,3869376644164756bba757a5df1f5c00,12,True,False,Vehicle,future_incomplete_or_outside_recording,11,3,,,,,,
2dc89e0f9c6c4dbab908d341fab020c6,09271519beec47adad8dd03523ffc8f6,391a5ae6b0c6424492835f301e2a9b9c,13,True,True,Vehicle,,12,3,91681,e56d4274aec5fd43409a3365780bbd676903d59d92462c1be54cefbc1eefc9d5|668a749f715d15f2c9e30dd44d0e91ec92b9b029cd8489ea8398e103e5e010e3|17a69f552e60fb8f790cc174c5f64d10e5a3406fd581338657b0d9f8297f7185|fd275303bbb2d016499e8d6f21030fc39c999e8aa87fe00b8b8d258f6b2442c5|07efdfbeb30ec76ad1c16761ea4b5c4a2f72c269ce607b8f6a217f43752dea64|5cdd57643e100ccbca5fa4cd2a223e495f84ab2b43a6c10039041ecbf173c755,0,1.9073486328125e-06,1,"t0 ego planar: +x forward, +y left"
2dc89e0f9c6c4dbab908d341fab020c6,09271519beec47adad8dd03523ffc8f6,441b3f8a1eb440479aff5ab7d6d86850,14,True,True,Vehicle,,12,3,91682,7060a2ba26829d331542299ac400d1dc69879ab606a96fa19554d645af79633d|00dfea5a42c162270ff723c3bcb04562c14f956f53bf7d46551af93c97d7fb28|70ba111a3a5b6132a02492c5eea9719b89499ef6fe8f6cab27450ff3ff688d3a|cea70cbc35ff139dd726a8defe1a7f1f69708346b06a6979e2f34de7b85a4acc|39b3380db2699ed5265edfdf8a8832e9e5a6bbf459548cc8b4bef01ca14c38d6|24d9a2dc3aa04908d781af10a455a6eebebdf95e5d48b757874c2190f10595b7,0,1.9073486328125e-06,1,"t0 ego planar: +x forward, +y left"
2dc89e0f9c6c4dbab908d341fab020c6,09271519beec47adad8dd03523ffc8f6,45adc08934e74f0fb026514b2986c140,15,True,True,Vehicle,,12,3,91683,10322c4020d2628a6ed77e310aace48daadf0c04b67e936f5931bc80c516f533|bfcf0b6214db4e52367e0c70ba54914a7375a8c41cb89ce87a1972ce743c9c91|0bee3e22ec237a685d797e7f0c7296fc42e6afeb96924842fcbf633c92136a58|5c1f6cf8590d068aaa5d5ea44beae2634dab7aa8b8396f10638b996497fa2706|5e07cc535e9c483af198fd4daa4c433e4d7cb8e361f00336cc807011c59f1d7c|d88bc5c79c25c47c835a469662fa196b2a684617f4920e6dc411f2845ac72a34,0,2.86102294921875e-06,1,"t0 ego planar: +x forward, +y left"
2dc89e0f9c6c4dbab908d341fab020c6,09271519beec47adad8dd03523ffc8f6,488baeadab0a419a9c309eb1b94809ca,16,True,False,Vehicle,future_incomplete_or_outside_recording,7,3,,,,,,
2dc89e0f9c6c4dbab908d341fab020c6,09271519beec47adad8dd03523ffc8f6,49eb4e4d590f4b18a043c418dca54de5,17,True,False,Vehicle,future_incomplete_or_outside_recording,10,3,,,,,,
2dc89e0f9c6c4dbab908d341fab020c6,09271519beec47adad8dd03523ffc8f6,4ad4d13b1f86450baf021ef0f91991ef,18,True,True,Vehicle,,12,3,91684,5ecfb6bded721acd7e7e4186949cbf3ee0bb718f22b542518461f8ff1737a38a|6b11231e0fcb416dc771ed9f45a6b9f6d74cd9861ec422801949723c1f8b21d5|08f065f76a831b95e614ea2cdb1da578bfac7558eec7d95430d0f822521560c3|3b14deb8540ae399a80b5b741a65ec09ac288b0a23836ebc2b02d70654a087f1|6e4968a8d4ddc2775cfe6049e1b8592651a071fdcaa31e4bdbd107d2c333c5a8|606b08b52a31f2177863cc07af2c545ad4edbaf0bd13bbd25166e50064fe77cb,0,3.814697265625e-06,1,"t0 ego planar: +x forward, +y left"
2dc89e0f9c6c4dbab908d341fab020c6,09271519beec47adad8dd03523ffc8f6,5b858b0b28f74d229bf3717a623bc4b1,19,False,False,Vehicle,insufficient_history,9,3,,,,,,
2dc89e0f9c6c4dbab908d341fab020c6,09271519beec47adad8dd03523ffc8f6,5cd7064f753a45a58383b10de5f06622,20,True,True,Vehicle,,12,3,91685,6876497c7b1cadfa5d0a52256974266b19c182414427b2d7feb8e6849f20a623|ba10bc80377e23a3ea45ead07f983662175a32bf3d5c8f8d0b90534401b1a207|50d018bdb252989e79132cd75365721666552082942746c88ffa362441d72851|178630363f7a21f29cb704dee2d043519b3a27c28e10473eacf83b5d9e6bc506|ba574207b6cc15cdd871d5bc235e016721ecffa78140f98cc1eb6848a147b9c2|57235b914ba611ebd02ce1155eacbc15777bc114fae367c268e8a1cf710b12fe,0,1.9073486328125e-06,1,"t0 ego planar: +x forward, +y left"
2dc89e0f9c6c4dbab908d341fab020c6,09271519beec47adad8dd03523ffc8f6,5da7992d0e1a4cf6ba52527345e23b4c,21,True,True,Vehicle,,12,3,91686,7361bdb043056c58d41ab26c6f73f758fba619670ee319ce5a2e57554cec5c38|803121f66d183f1af0dbc594386512f295e6ecb498e00863dad642cd5e4da6cb|892ee4827bb085ed6c3bda7db65fa0efdaf678b8e495c6d89970fb2f5c9f5a45|ff7cd24397a21a75221b470b9c0e3977f490eff91ffaa2b2139a48ee75a06185|76b08f5822d761e467b5aa4b937f9856897acd17b3dafb46708dd752f3ea19ab|8d345e10a6ded510afa59d38476d2eec60d58d70251b08042d128cb015b92e34,0,1.9073486328125e-06,1,"t0 ego planar: +x forward, +y left"
2dc89e0f9c6c4dbab908d341fab020c6,09271519beec47adad8dd03523ffc8f6,658b26f768434d9794c16da0b686cc66,22,True,False,Vehicle,future_incomplete_or_outside_recording,6,3,,,,,,
2dc89e0f9c6c4dbab908d341fab020c6,09271519beec47adad8dd03523ffc8f6,695ab042d4ac4c1f958210de82faa088,23,True,False,Vehicle,future_incomplete_or_outside_recording,8,3,,,,,,
2dc89e0f9c6c4dbab908d341fab020c6,09271519beec47adad8dd03523ffc8f6,6a3cd14c0dde49ba88b2a6ab113ad10c,24,True,False,Vehicle,future_incomplete_or_outside_recording,1,3,,,,,,
2dc89e0f9c6c4dbab908d341fab020c6,09271519beec47adad8dd03523ffc8f6,6bd3fb5a42e04fad8bf43b9617ebd5ec,25,True,True,Vehicle,,12,3,91687,2900547d49c1998100550eee4f119215b97048074e9ddf7431db8a126bdce4d4|c13950d8e4ba30bc1ed250f63b562aeae31c2c5162187087e35c4403e20a0674|458e46940e965f2ee3dad03d04fdb883458300e830c4e425fd0264ea1734bb85|ad6fc44cc4286ef5b8f9eae7dbb4493c4c75fbc9ea14c78bc84ef6dd21576809|8a23353f4a64c0f3194b43d36aa40fb5e698ffb92e839168bcbc4ec292086278|5251f32b09bf1c0070845a0b27db5e5fb11a73ea7cb67c13db4a57782258cdd3,0,3.814697265625e-06,5,"t0 ego planar: +x forward, +y left"
2dc89e0f9c6c4dbab908d341fab020c6,09271519beec47adad8dd03523ffc8f6,6d92a744504c41f5be78ee86260ddb76,26,True,True,Vehicle,,12,3,91688,7a9664b0ab52d8d514fba635563c1e5ddf5eea22c97b94b4ec05b7fd712e14c7|fb11dac12ffa5936792131eaebb10f0ea9b5a81ac9e46d003f0f0d7ab6608dc0|4571a594817e7f775a714a05cce705917a282060c20515104a568971c77b9237|d3f0a6c4e03cfc3f95d55b1a12e44720d98d1e8bbd12ee88ca75a342a1ab118e|87ec04f4f709099cedae007ef8b913038bc9c435d92856885f71cdf5b127963b|24fef627ddd6e77751f0386235febf52e2055e578fd2298e6020d82fd3761ca6,0,3.814697265625e-06,1,"t0 ego planar: +x forward, +y left"
2dc89e0f9c6c4dbab908d341fab020c6,09271519beec47adad8dd03523ffc8f6,7430362a85fa4d90b2e73c104455aa63,27,True,True,Vehicle,,12,3,91689,b8094835704f86c5dd0625a7b7477e17e1fc48ffccf61e3c2bc0de13b29700e9|afb4ed80ac0eaee6909cbb4de9e5459efd7b58d9ebc826473f72338196cb1080|e90ad131f55aecb4ed957013e29498d0fa314452b3f667e65cb1610c4cb424df|8a70d87943903733cf1397e320e0e73f3d3fb07f652b359ca87bfe900286a077|42779eb74dad57e5851312afa16ce4b8b401eabd3603f709a6f0b69159e95e8e|cfe4f734d4daee3f122e90ec05b36abfaa87a51bad5a28a31ec046786d37366e,0,3.814697265625e-06,1,"t0 ego planar: +x forward, +y left"
2dc89e0f9c6c4dbab908d341fab020c6,09271519beec47adad8dd03523ffc8f6,7591f8f2cd6146b4b61b9f4cce93d06b,28,False,False,Vehicle,insufficient_history,10,3,,,,,,
2dc89e0f9c6c4dbab908d341fab020c6,09271519beec47adad8dd03523ffc8f6,76151b8ac5cb4de9aaa570ddb1f7a489,29,True,True,Vehicle,,12,3,91690,a4910b1844e29a4853938b1e494225ec77619500f8292780aa57e9246e436cba|fd51121df9905c011c0317ada0e194c45db1e9703d01f7ee6de6d986dffb7f3b|83d014c7c4148c7d069a558f9b008e55bb16023d4f3e4a0cdc9beb1a01cde376|c0ccd2c7fd7538b0884b77ea6feaaa203e0c0ed8781d296026a09f0836d41174|07413f9d352e70bb6c0207e5af7c0e4ba6c51fe7d72c989dc679206a8250c41e|bde3bac3ac3be0e3b6acd6e140f18091acedc4002375fb706d077b8821b80a69,0,3.814697265625e-06,1,"t0 ego planar: +x forward, +y left"
2dc89e0f9c6c4dbab908d341fab020c6,09271519beec47adad8dd03523ffc8f6,79a275d8ed034c6891c5199056edac99,30,True,False,Vehicle,future_incomplete_or_outside_recording,11,3,,,,,,
2dc89e0f9c6c4dbab908d341fab020c6,09271519beec47adad8dd03523ffc8f6,802da5293a20457e89e6d20b56d43e7f,31,True,False,Vehicle,future_incomplete_or_outside_recording,10,3,,,,,,
2dc89e0f9c6c4dbab908d341fab020c6,09271519beec47adad8dd03523ffc8f6,824d59d36b794ed49c5bcb4b366f31b0,32,True,True,Vehicle,,12,3,91691,56f462d9dc1230eddb8ca80f9ffa5495655cc4927c3466435312503b0e562665|7f129bc7f35c6f4ec5125dc5f0a4315a7facd4e8975f2cebf6acfe80fc5ecaca|71bbafed31aafa5b52e0a77c28dbaf46d6aacf0331acaf821a261e03c454d3e8|489415c2172e89759d58e249331b8163a11b245baa1ce6a9c7abc9a67155d31a|3161fe673daa16dc899a4009e58282c6e7a6e1a36b1143a2ef423682318dd03d|b8275050e83dc766abf5f6677ca3eed8031b3d2220bf44c6a99d4824a4894ec7,0,3.814697265625e-06,5,"t0 ego planar: +x forward, +y left"
2dc89e0f9c6c4dbab908d341fab020c6,09271519beec47adad8dd03523ffc8f6,85700250358e43f7bd4489644c08ed40,33,True,True,Vehicle,,12,3,91692,1ba73d066f6ff10d03b35bb7eb6bff2472d2e405bf1b196c6008565f7d4b09a5|b14b293c59ccbf52b92c1d83173c504ef769750c67f237638b09bd26306d4bd3|3af810bfeaba5eb21db200f1cac47291737cf7340754014aec06bcad74ec4634|9706ad3b47e21237a51d8d432c72b8569902972da1db1fe4cd3552d16aeaec9c|8f5510bb078a58c00bce5ffa305b312a0c3e3b4b8d83343f518c37d9aeab27dd|1cd0418072e0ea2f341990910f658080fe5aa2a042a3b34fcfad4d40dd25bf5f,0,2.86102294921875e-06,1,"t0 ego planar: +x forward, +y left"
2dc89e0f9c6c4dbab908d341fab020c6,09271519beec47adad8dd03523ffc8f6,85e1a2beb3c84e968b9fc6b1ca19c313,34,True,False,Pedestrian,future_incomplete_or_outside_recording,3,3,,,,,,
2dc89e0f9c6c4dbab908d341fab020c6,09271519beec47adad8dd03523ffc8f6,861fabfad6424e12bc9ca319a970de9c,35,True,False,Vehicle,future_incomplete_or_outside_recording,8,3,,,,,,
2dc89e0f9c6c4dbab908d341fab020c6,09271519beec47adad8dd03523ffc8f6,866711f2212b438fbb5cff8ee3e05d25,36,True,False,Vehicle,future_incomplete_or_outside_recording,6,3,,,,,,
2dc89e0f9c6c4dbab908d341fab020c6,09271519beec47adad8dd03523ffc8f6,89af02acc991403b9401148e6c84452f,37,True,True,Vehicle,,12,3,91693,f4eb77e2b1e06b9c2077e302dcaa23c5819ca839052bf74d13b6c38b13c3a3fe|e354ccece0685b6348cb38fef67c3fb1ec7f579b583650e67732fc5413e6098c|74f12abd2bf2d5241028e3387fec6115b10e45ea3ebd5c775f81b0742474d244|f179f1518ac4e305bf684fc2a3e4b66b73201dd2c96e5a45034660d38723b86d|407b5506268bf89f4d46cd876ae56197b1732970b00c155c0d5a34c2cf6433a7|b9b0e7268e3468000b1ec86242297214e6050c47314cb9e3a4b261da79f50c92,0,2.86102294921875e-06,1,"t0 ego planar: +x forward, +y left"
2dc89e0f9c6c4dbab908d341fab020c6,09271519beec47adad8dd03523ffc8f6,91e1e807a3e24145ac4d46b440fd12f6,38,True,True,Vehicle,,12,3,91694,e5620e3beacdf2d4d66329cc649186033625219da736436411646540c629ce72|54b6463381851d226af7faf208cea7f685b47ae100abfffa03b34cfeae53ff94|ad298a8a1850fecd11f9cd805be01bd8f4873b008155993711dd9db52f960622|65de1bfa0ddba45b1e8fc5150e1dfe3bdfe8be3b09494b824b051512b2ac5b76|a249253e6a93bf8cda794761b049df66818584b3877a01a82ca63b7c7e102d18|1596900e8e269cd85280d51378bd8b6a2cd597d0aecfdb01c5dfa1908b8fddde,0,1.9073486328125e-06,1,"t0 ego planar: +x forward, +y left"
2dc89e0f9c6c4dbab908d341fab020c6,09271519beec47adad8dd03523ffc8f6,93c169777d0b425f9ac3832c1004551d,39,True,True,Vehicle,,12,3,91695,9fe52a2ccaf07f5a56d069fe43e0ecc41c5c1567bdedf0ea533ec1b041b09cfb|869fb717a9dada54cea2e20a459f7cf54c51f4c9e8a301cbcda2d55ae63c49ff|46bdaea1abaae9496405171399b4342d00d9b0e7eaa1001c55d60f58b0ab8137|9741a9b501ff3baed3053a099bd1fe5e84fc4bc3d27ba291f55bf9720a5f66b7|34ce4e4ed959b6e6a7d50c39c85fc59084c69711e75e3eaaf0e5f3ee4a671f65|5738638729e7665aada24d7f15e60d946d2fc9f9b1ce8a03f37ca815f21bc5fb,0,3.814697265625e-06,1,"t0 ego planar: +x forward, +y left"
2dc89e0f9c6c4dbab908d341fab020c6,09271519beec47adad8dd03523ffc8f6,93d1704afb74454a9247896eb0135f86,40,True,True,Vehicle,,12,3,91696,c30dcccaaca5337795f487aff799cc5c0493a80ab9cdabb5e69474d23fafc7b5|91702ef487e8d3640e25c813bf5d645ddb89fe0843574599a76bbc22e1a03d2a|edf25691ee2b399046a8ad84ec0bcb03c0b291f07d20cd5f79f67a07898b1bea|92807a83bf2c78541d0009cb75ea9ac0b2546598dab253f9457a7fcda16842b0|d3ae72ec1f1bb6e853e8378e8deaacc21388a58d9e243f5228678b1b6d8a8abd|5f927152e1ffb553223210467dcce1d19ca0b1bb71dee7d6e379e3849d0b928c,0,3.814697265625e-06,1,"t0 ego planar: +x forward, +y left"
2dc89e0f9c6c4dbab908d341fab020c6,09271519beec47adad8dd03523ffc8f6,9454cea0a9a64de7a767e9525a66ed57,41,True,True,Vehicle,,12,3,91697,6fea03c9c26a913c30ada27bdec2cbf30ba09972b967958d3c45eb710f0ae66a|f0be4d9217bf46647fbae2f74d87fca1dca2d2d7477d42511fb63597fd913cf8|9f31a6268c82141e676a16c393ed898234fa13400c50a0dbdadcbaaf3be18bd0|70958a4ca763e2cfeb899a5a4a3334a31ea0ac01c78f3415b7b23702939a4c8a|1ea48ee0add2fd6b9dca5217c47275f0b62f32e1d2ec85baa2f2df0e133aa34e|6d0007e7f9d5590b45f0836b86bcf70fe92d7cdd95c82615ca6ea4ec36d9cac8,0,1.9073486328125e-06,1,"t0 ego planar: +x forward, +y left"
2dc89e0f9c6c4dbab908d341fab020c6,09271519beec47adad8dd03523ffc8f6,9adad9e0e00d4d1ebc9d2d455fe3336d,42,True,True,Vehicle,,12,3,91698,1b4e6c47ba140b057b23d183d121676d0356f435a4ade66d01fd15e0eacf7090|3308d6299aeeab26fd4536365590001731468d3a0c044a92861fe0b6fb5ead62|587968ca32f454d44b0feeed6bba7570715a7faba0a5eb5de8f2fa808fcec99d|4da3ef3194a8cff2a878185375c85ebeb6d903fc6d2aa83f3b2d145b83fad9f9|b302f6d9e69641cce4db45b1df93e266ff6e7bd29ca505f99cb14966adb01e0b|2d75a7fecc24d588dfb3f271c464b3850095e78f424650ab912e48c8864e6e02,0,1.9073486328125e-06,1,"t0 ego planar: +x forward, +y left"
2dc89e0f9c6c4dbab908d341fab020c6,09271519beec47adad8dd03523ffc8f6,a02d8f7695e44f07a1a2d3e632b0ef5b,43,True,True,Vehicle,,12,3,91699,e399a1b1d923399f6e5c66e1c5e81aaf4229accbfc7cbf3ddd853cee09bd2033|a8a76687f5476afdcfd9bc73dae133f6305e9a9e1a954569f8c892795ee86116|ac2498fc5047f9987164bb0e44a37173ae2c796483ec89a2fec77ce3319ee347|1d7b926c540b900f6af5e853f8dd556890fc61235217fa0b1388b4b4edf6b5a0|09d7965ba5d32769e55887f3ff28a82aefbfccdad0ce17295f2c1f28b3e50933|09fdb4ec09092a62a1c2909f088bf0515d9d169c0dafa092f8e8adaa8f503e7e,0,3.814697265625e-06,1,"t0 ego planar: +x forward, +y left"
2dc89e0f9c6c4dbab908d341fab020c6,09271519beec47adad8dd03523ffc8f6,a0963ff798054eaf838ed69cb246afd7,44,True,True,Pedestrian,,12,3,91700,097595ff8ea0687825353ca8ab3659c2d6eac5ae1475166a0ed07f85893cd71f|d3383554cf302de3647a4cabe28220c194624131f3c311747c33845aaff5371a|1d0cf23c1c6a2a8fc996d86b9e3d70bcaeb1807894b754ab1d958f22b911a92a|aa6b45e96dcd4f0e7c8be3d139fb3e50ea8301d21422fcc12514b3f4422ba595|fb2d07256209d35a38a725a79841ffa83eeb83b558626eb3f7ad2b83ae440937|2202d03f115eb0652f85a2d1c76226e76d667f0556497d3f2a24cde5362c7232,0,3.814697265625e-06,1,"t0 ego planar: +x forward, +y left"
2dc89e0f9c6c4dbab908d341fab020c6,09271519beec47adad8dd03523ffc8f6,a1124ed3674f4179a318c32490188a69,45,True,False,Vehicle,future_incomplete_or_outside_recording,11,3,,,,,,
2dc89e0f9c6c4dbab908d341fab020c6,09271519beec47adad8dd03523ffc8f6,a1e9bd01e2f34271b0387706eb21e95e,46,True,True,Vehicle,,12,3,91701,e5d802d500e56002d680fdef4689abb4329360b5f5fe09a8129b7bedbb3e61c8|9382d387b53f1bac2f106bc712bddf7c17924cb471859f4fc5d609a9f456a987|880cce2e0dcc292a0004edd2932623db2927ed42feaf71aa252f706029f6a795|af91e8da5d355960df20e365647846f2da254ad6e1bc0f78832c9206ae7a8fbf|047567878da5ea655d3338e066530a1ab2b50be41c9c449c39e51fab467af5c8|01379be8d99c46c78db0501bbe59971945376f06cec911db26a0da6e410c0919,0,1.9073486328125e-06,1,"t0 ego planar: +x forward, +y left"
2dc89e0f9c6c4dbab908d341fab020c6,09271519beec47adad8dd03523ffc8f6,a485adfbdd2745ae8142b79b3a8444b8,47,True,False,Vehicle,future_incomplete_or_outside_recording,11,3,,,,,,
2dc89e0f9c6c4dbab908d341fab020c6,09271519beec47adad8dd03523ffc8f6,a8d45cebe5ae45df8ad447aef9c452bb,48,True,False,Vehicle,future_incomplete_or_outside_recording,3,3,,,,,,
2dc89e0f9c6c4dbab908d341fab020c6,09271519beec47adad8dd03523ffc8f6,ab6bb22bffa84281ba84e3a24bc05481,49,True,True,Vehicle,,12,3,91702,e77d1258e46f6db5fd0a1548db386042c31056cb55b98830db087ed3aac62959|9e68e93bba3bbf167a815b3d423e9d81dcc5b5324f59f6a40a14fe03d596095e|08ce3cd0e9343a6a2c95b1e54f03bdc89971825d4f69c809efc2599233aa7493|a80fe30b22f5facc3b96cb79cbc5a27ea3de29d1b21a6990af92ef4aa739bce3|4435aef596dd212a0f9eb63a3abb40b68319d3f9c284fe31ed15e2799a9dd383|2606900f12daa5fca24976d5b95bcef42826fce3412b01993b8cc434e145b211,0,1.9073486328125e-06,1,"t0 ego planar: +x forward, +y left"
2dc89e0f9c6c4dbab908d341fab020c6,09271519beec47adad8dd03523ffc8f6,ac400ef5546b412f9dc8cf5ef1a86eb7,50,True,True,Vehicle,,12,3,91703,6631e74fbb54c84203abcde0653902e325bd6395b0ae3a9cf24f0511508cfe9c|4bd239aeef095931e13d890cc6cd711c55a655072f886432d1c217be075b8a51|4a7a90cca22c4d530e89100a0bcf94759d7baf22a44c6a535bf3a60248270aa9|8796c82dfe502cc35b2a9a0e572625e06efaf2963d961822dba6c93adf1ce010|ca7b75ea30726ae99b3bbf0b09713dfdedbd57fc4933ac15cbbcea5fdcc3977b|6f1b0dd0a9864f490be5ac7e22c2e07ebea44c71b6d03182da3d9a60e2d11c57,0,1.9073486328125e-06,1,"t0 ego planar: +x forward, +y left"
2dc89e0f9c6c4dbab908d341fab020c6,09271519beec47adad8dd03523ffc8f6,ac63ba167e9e46a2845998e7dbbfbf87,51,True,False,Vehicle,future_incomplete_or_outside_recording,10,3,,,,,,
2dc89e0f9c6c4dbab908d341fab020c6,09271519beec47adad8dd03523ffc8f6,ae5f16e37d0e4ed68a8abf09aebe2758,52,True,False,Vehicle,future_incomplete_or_outside_recording,11,3,,,,,,
2dc89e0f9c6c4dbab908d341fab020c6,09271519beec47adad8dd03523ffc8f6,b0e40aedd31440dca7581f8a4e2483ad,53,True,True,Vehicle,,12,3,91704,43b77c84437a2b829dbe2e6bf76954c344f43d242e97243a2182adc85bf69c52|cd6a7348ff905272d9e2b0061e16c015024284c4c12c038e8710517e4f942582|f3c14e73b9cb1cb0e51b936cf12308127f32154d5fec989803efe5d6de5856c9|e2dd90deb529d83ba680c7041d53f07ad06928d8abafeb1a7d0e38c5f3abe8a5|023c4b00e7ccfdf161e8715aa19f3c670a8548053272a44de0952c6ff672dff3|7c542e6081e7b92e47896b0be04f12681ea3206f80145bbd6da0f7edad6b5b9c,0,3.814697265625e-06,1,"t0 ego planar: +x forward, +y left"
2dc89e0f9c6c4dbab908d341fab020c6,09271519beec47adad8dd03523ffc8f6,b100713feaf7436792d0db90faebc4a1,54,True,False,Vehicle,future_incomplete_or_outside_recording,2,3,,,,,,
2dc89e0f9c6c4dbab908d341fab020c6,09271519beec47adad8dd03523ffc8f6,b2d0ce94ba154c619d4884cdff7b6e08,55,True,True,Vehicle,,12,3,91705,23a8a3fe39a06c8fc5968ce24a5609d63f7839325553dd83673d0595d6f0982c|9ab71f84a77c45cbd51c801a46b8db113283c0af2176e95103f484cdf70eb1fd|576e204ec6a113c3076a11cab166a16c238b44bcbd6aec0ad902f3d7058526ff|c9985546c863cf7662376b3c9fabe73aabb0af9e3027d993079dabcc63d38ef7|e45e2129a7b6a01d1b5a9c721cc34593ae9f9a18607824f8a0a0591298cbec69|d2b3e80076fecd8c51bfed5a5b146043cb97c11d277d6a4abf2f8b3e6263dbd7,0,3.814697265625e-06,1,"t0 ego planar: +x forward, +y left"
2dc89e0f9c6c4dbab908d341fab020c6,09271519beec47adad8dd03523ffc8f6,b3df7217307b483faa6b53053c0c1658,56,True,True,Vehicle,,12,3,91706,5a2d4744676b7cef7160ac4eadce92030a691617d087a635bc540df93dbe111a|5aed8b1348995678095e85f5c8e98a0020c9115445bcd260ccfc4f7d2a8091b4|83d89e4298dbb129c5124a06301712f8377be9e77e881d01b57f1a0710255dc8|5e3833c8b95d4b55c99da58d8d165c93763d2a59d416a0d7ea45f250e3ce4e3a|22cfe96de5525e978b6d3ff30246aebb30155cb8eaefbd4bd5f90b8047ad174a|8e2e09de500b6a81213ea10aafa7a1e9b3f125d152137279eff3ed019c88358f,0,3.814697265625e-06,1,"t0 ego planar: +x forward, +y left"
2dc89e0f9c6c4dbab908d341fab020c6,09271519beec47adad8dd03523ffc8f6,b567b0dc3c8c4857a0e33de8ce6a569b,57,True,False,Vehicle,future_incomplete_or_outside_recording,3,3,,,,,,
2dc89e0f9c6c4dbab908d341fab020c6,09271519beec47adad8dd03523ffc8f6,bfbaf9a2a6974446b0e27279581dd97b,58,True,True,Vehicle,,12,3,91707,5f09678e863de5a46861e29e5f1320968dc0a1122edc5192cc60653ca6bc978c|0966f3a87ec93e1ce7d887c8f159bbc430c74daed40572d02ef9492839b7784e|40af33c752d67b4ed6ccfb8136d05dc4a9e49549e299b393a55dc68f92bf5a3b|7b78e64a98387d1cf515a9ca0785542e3f66e5872c6f987017f9bb9cc4881533|cbab48d0d7736305766eb4dccb74ac5df6f229fd386de6aee1a692e5947c9a8b|f375c37108780846232c03e7450d63ef037e3346fc3d3e62018f629c0561f714,0,1.9073486328125e-06,1,"t0 ego planar: +x forward, +y left"
2dc89e0f9c6c4dbab908d341fab020c6,09271519beec47adad8dd03523ffc8f6,c132941a24dd4d0197337218466811cd,59,True,False,Vehicle,future_incomplete_or_outside_recording,3,3,,,,,,
2dc89e0f9c6c4dbab908d341fab020c6,09271519beec47adad8dd03523ffc8f6,c254c9a5a600493884770388f7dcbe31,60,True,True,Vehicle,,12,3,91708,46071579bb111b49524ac3055b9ee2047fbb9844d9a00d7538c1e0a84a72f9bb|c1ac8dc5eb9454ee4c42b15a7dbcce93617bcdbf6673f82fef476599f3a06b23|5fd3a57236ae2f581a2f4b66534142c93b35f5f25fce91ff4923e878e6735633|b28d82179d3695b2d6c087ca3df781e439bf19a53d8eca332978e78d1f3c99f7|08a4e5ea4e73422bf1a0513c515844b565b6c68d39053d7c28e0e992d4dc11ac|0d1039d0da3a87565d8a5569f081a05a3ae4a16ea9f0396cc24be6af28c1b609,0,1.9073486328125e-06,1,"t0 ego planar: +x forward, +y left"
2dc89e0f9c6c4dbab908d341fab020c6,09271519beec47adad8dd03523ffc8f6,cc62cc015c8044229fef1cb6be3db3ec,61,True,False,Vehicle,future_incomplete_or_outside_recording,11,3,,,,,,
2dc89e0f9c6c4dbab908d341fab020c6,09271519beec47adad8dd03523ffc8f6,d558df09e4fa4d8d827bd4004e1ce06a,62,True,False,Vehicle,future_incomplete_or_outside_recording,0,3,,,,,,
2dc89e0f9c6c4dbab908d341fab020c6,09271519beec47adad8dd03523ffc8f6,db5e41b6936f445b9be40d13ca08e770,63,True,True,Vehicle,,12,3,91709,92f2b5ceb9da1fd91b7dd69772a8d6ae526eac3e0c2fd5ef255b6a4e5b394c01|3335c702c69b0d60fad7b3dd66274137e7c74ceff6bb313a9795b8a8ef2a7210|ad90be61945adc5bc214f4ffb83fccf23e12606e406ee664ad19ca07ca6a5b6c|5c3cd4d889316487b9b671beb279b57568110b74c5ee0fe39c38ce6b001e610f|8397219ce4b675f9c48922574fb545c6ba99d57622d58e942e5b3bac7782cc33|f4a5f7b6e41f1cafd776b700fbb69953112c5dc749ff7783d7d8396166abacf5,0,1.9073486328125e-06,5,"t0 ego planar: +x forward, +y left"
2dc89e0f9c6c4dbab908d341fab020c6,09271519beec47adad8dd03523ffc8f6,deddd6eb3d8b4a4c8b3362deed9c016b,64,True,True,Vehicle,,12,3,91710,bc2a5909aed23e93563273d4228ef2da7e7fc8a141440220bcdcbd05ae0f9a6b|af26e1e30b079e49b4bd7e8fbd0da9b93771ec7adb94b7cc006efc2423a4989a|6c05904730665c0212f12740056fd764b2b996b99a7b81c2b2269b79da609587|ba5287f5c2f3ece62f65643e07189943b3e4e3b0406b82794b03ee4a907f473a|51a1f24254a5d7c8e5cf1403588dc439f79ea5c7050d0aa6b09ebfd3e53e631f|9ea227bacfe48fd1f0f3f586bfeafe8800e9db4c93616ecd9da1c629a1373724,0,3.814697265625e-06,1,"t0 ego planar: +x forward, +y left"
2dc89e0f9c6c4dbab908d341fab020c6,09271519beec47adad8dd03523ffc8f6,df0d02864a044ec5b81cd1c210107e82,65,True,False,Vehicle,future_incomplete_or_outside_recording,9,3,,,,,,
2dc89e0f9c6c4dbab908d341fab020c6,09271519beec47adad8dd03523ffc8f6,dffa1d004d7e4b58adc9ef0b30a24a9e,66,True,True,Vehicle,,12,3,91711,091635818e0ac3173ca3196b309a78af0867c9b5b8c6517292f098b4abbb54b2|a05c2599242c8ac7700257fd9fb0159913ad58086e422ce3e36094508f9db95d|3703f4c157e7abb9b1f1f114fd7a64296c859aeacac7d6404344b60ac0927762|d9d26351c67df4dc3d9e166ba45fb9c180fd3425015beaa187f7a39cb360c37e|7e3f69765fcfcf486d35cd5b95d1b5b9aeba0555f763cc7f6fd2ea50f59ed1d3|e1904fb0e6a755340a21e1649afa7527658a3cf3a5af8bf4cddf67f18b8b31b0,0,5.7220458984375e-06,1,"t0 ego planar: +x forward, +y left"
2dc89e0f9c6c4dbab908d341fab020c6,09271519beec47adad8dd03523ffc8f6,e7661126d25f4e98b7dcbe61e6eb9ebd,67,True,True,Vehicle,,12,3,91712,cfc74eed76f1e2d3c9e35e8048f9cf4984803c101891b9944c2e4e4e316517dc|5991007a4c8893a01c2dfa2caecf8a7d923b6f571a339ab7b70df2af5af8bf42|ab9e387f31ca1a534571e8319b6e325c04e1a95d6aef03aec0890260c83bb00c|38169fe8dbeea83b7738772b54b9be8556c155b2fa5699ac861b251733cc6d9b|a1332d4c2a501687d8550ace2ec5d797733a1091e98c26eb286b02fffa7b998a|096b58559ca4152d99c97c946c18eb7590d00463164bc5f2b603d97ac3ebe9dd,0,1.9073486328125e-06,1,"t0 ego planar: +x forward, +y left"
2dc89e0f9c6c4dbab908d341fab020c6,09271519beec47adad8dd03523ffc8f6,e86f355ae0c04672a611d37a67ab9190,68,True,True,Vehicle,,12,3,91713,dea0ae61ab4962ac9e34b5c754df586adce1927369d9f8eb4fa0f89726e4e5b7|ec5c1cb5e21f8c4a1d7747434fcfdb4990878efda87d537eabc104de4aaec45a|2f3b2bfa5fedb6b5b00dc2788ee1eb499b905ae52c407affb40c7836d9e98c6c|469917712ba860766573c64940dccbe6a109f0454f5cd23416370f2c7c4d0978|ff45eeeb6c9899748a03d7bee0ec90d9418ec4bd16921ceee9c5fd334e712c8b|f42a89523e84bbad9dc0fbe841da96b404c4f59842e82a522a7cc32ccf1a90ad,0,1.9073486328125e-06,1,"t0 ego planar: +x forward, +y left"
2dc89e0f9c6c4dbab908d341fab020c6,09271519beec47adad8dd03523ffc8f6,e8df6b607ca84fa4ab8ed9fcc690774d,69,True,True,Vehicle,,12,3,91714,803cbeb697e080b3de876fe5a71016845dacf6a076095f3311c985708264aed0|ddb75b4382a574fe88302dcb04b0c205fc7b350cc63b3771d37d4927efd80cbe|a0a0e78b4a508ba9d359d8e8b8f5237d4e5a5e0a28d2c8807bb2437911cf5911|c360130073d464010e3afada5e5b3efcc1c589f57a8363b6a8351505fe0bbbc9|112766dc1ce695dfa2d1c0ae90a8246d62825a0724adce7efe1de6660363a26a|402254a670707a5afa28af3f5f8df19637008f243b35f71b8c658418e6b977bd,0,3.814697265625e-06,1,"t0 ego planar: +x forward, +y left"
2dc89e0f9c6c4dbab908d341fab020c6,09271519beec47adad8dd03523ffc8f6,e920f41d199a41fea484415abae20cd3,70,True,False,Vehicle,future_incomplete_or_outside_recording,11,3,,,,,,
2dc89e0f9c6c4dbab908d341fab020c6,09271519beec47adad8dd03523ffc8f6,f441c4e32ac648389d653ee9ec6d041b,71,True,True,Vehicle,,12,3,91715,8953c971d47831513302ade02019cead43abdb04266c30d8c1601463b37538de|02133108eee0f145e0934e1e7583aa624b03e213d2b9e2da6808e3cc8b075650|397ae0f23c91627ef7dc844c12e715760a8b0e2d23bc051dcce32b8ec303decc|9268749630fb7d46c25ec16f069df309c386a32b33b55e39ffe58dd97f9e7786|db7ab67dc4fd6229841858054de53ade546e9c284d021adea9a899fc3c694b0b|d1b15deeed950a546d38131457fe8fefa7adb2e32cfeef561dbab29708fee086,0,1.9073486328125e-06,1,"t0 ego planar: +x forward, +y left"
2dc89e0f9c6c4dbab908d341fab020c6,09271519beec47adad8dd03523ffc8f6,f9f4596465784c26bb6f480f65d3c682,72,True,False,Vehicle,future_incomplete_or_outside_recording,10,3,,,,,,
2dc89e0f9c6c4dbab908d341fab020c6,09271519beec47adad8dd03523ffc8f6,feb8316b8aed4b76881d9ed46378e1ee,73,True,False,Vehicle,future_incomplete_or_outside_recording,11,3,,,,,,
2dc89e0f9c6c4dbab908d341fab020c6,09271519beec47adad8dd03523ffc8f6,febedc6950374b13ba7ad90911e51d90,74,True,True,Vehicle,,12,3,91716,deb796f6988b948258a8b40c1af3cb90b62880d9df917ea72acec948efaaa38c|c1e187013cab6e27d2199ad21c46f0e9eede635248cc5f7d5e1842ac120630e2|2467c278c9382562f6e068498b20b3f7f6231b4906abea198519c4044216c5c2|7912379a81045300d13dc1ea8548b1f3b47ef2f63174a7ad048256ec00095a86|6a54745c5902a41f8354584e80b15b00476e7aefa22440598e349c6a7920f085|4b9e8a0fa7dba002947660b6ac52200597a9abf6eb163f848f793e2fd68b2b8b,0,1.9073486328125e-06,1,"t0 ego planar: +x forward, +y left"
2dc89e0f9c6c4dbab908d341fab020c6,452c0125103c4a8c9e5327e36200801a,06b5395996c440b290503ffa2ce907b4,0,True,False,Vehicle,future_incomplete_or_outside_recording,0,3,,,,,,
2dc89e0f9c6c4dbab908d341fab020c6,452c0125103c4a8c9e5327e36200801a,10897de4519648709fde65ec1ecf3154,1,True,False,Vehicle,future_incomplete_or_outside_recording,0,3,,,,,,
2dc89e0f9c6c4dbab908d341fab020c6,452c0125103c4a8c9e5327e36200801a,216d5a7c186b400db343a99c688be29f,2,True,False,Vehicle,future_incomplete_or_outside_recording,0,3,,,,,,
2dc89e0f9c6c4dbab908d341fab020c6,452c0125103c4a8c9e5327e36200801a,2456ed0eda0c42218ba70eca71e64ee8,3,True,False,Vehicle,future_incomplete_or_outside_recording,0,3,,,,,,
2dc89e0f9c6c4dbab908d341fab020c6,452c0125103c4a8c9e5327e36200801a,2472e929ad864d15b7c06f15e6d84fae,4,True,False,Vehicle,future_incomplete_or_outside_recording,0,3,,,,,,
2dc89e0f9c6c4dbab908d341fab020c6,452c0125103c4a8c9e5327e36200801a,2521bc64b48e46869da834aa87d5d568,5,True,False,Vehicle,future_incomplete_or_outside_recording,0,3,,,,,,
2dc89e0f9c6c4dbab908d341fab020c6,452c0125103c4a8c9e5327e36200801a,28c4bc76693442d3a2e0fdd692911bab,6,True,False,Vehicle,future_incomplete_or_outside_recording,0,3,,,,,,
2dc89e0f9c6c4dbab908d341fab020c6,452c0125103c4a8c9e5327e36200801a,28d68a2ff427475084cb3509ad395906,7,True,False,Vehicle,future_incomplete_or_outside_recording,0,3,,,,,,
2dc89e0f9c6c4dbab908d341fab020c6,452c0125103c4a8c9e5327e36200801a,298762cd6e7f4766a03ef5f045bd3430,8,True,False,Vehicle,future_incomplete_or_outside_recording,0,3,,,,,,
2dc89e0f9c6c4dbab908d341fab020c6,452c0125103c4a8c9e5327e36200801a,391a5ae6b0c6424492835f301e2a9b9c,9,True,False,Vehicle,future_incomplete_or_outside_recording,0,3,,,,,,
2dc89e0f9c6c4dbab908d341fab020c6,452c0125103c4a8c9e5327e36200801a,441b3f8a1eb440479aff5ab7d6d86850,10,True,False,Vehicle,future_incomplete_or_outside_recording,0,3,,,,,,
2dc89e0f9c6c4dbab908d341fab020c6,452c0125103c4a8c9e5327e36200801a,45adc08934e74f0fb026514b2986c140,11,True,False,Vehicle,future_incomplete_or_outside_recording,0,3,,,,,,
2dc89e0f9c6c4dbab908d341fab020c6,452c0125103c4a8c9e5327e36200801a,4ad4d13b1f86450baf021ef0f91991ef,12,True,False,Vehicle,future_incomplete_or_outside_recording,0,3,,,,,,
2dc89e0f9c6c4dbab908d341fab020c6,452c0125103c4a8c9e5327e36200801a,5cd7064f753a45a58383b10de5f06622,13,True,False,Vehicle,future_incomplete_or_outside_recording,0,3,,,,,,
2dc89e0f9c6c4dbab908d341fab020c6,452c0125103c4a8c9e5327e36200801a,5da7992d0e1a4cf6ba52527345e23b4c,14,True,False,Vehicle,future_incomplete_or_outside_recording,0,3,,,,,,
2dc89e0f9c6c4dbab908d341fab020c6,452c0125103c4a8c9e5327e36200801a,60c5e3d77d704ddd8b201a9950e3fc29,15,True,False,Vehicle,future_incomplete_or_outside_recording,0,3,,,,,,
2dc89e0f9c6c4dbab908d341fab020c6,452c0125103c4a8c9e5327e36200801a,6bd3fb5a42e04fad8bf43b9617ebd5ec,16,True,False,Vehicle,future_incomplete_or_outside_recording,0,3,,,,,,
2dc89e0f9c6c4dbab908d341fab020c6,452c0125103c4a8c9e5327e36200801a,6d92a744504c41f5be78ee86260ddb76,17,True,False,Vehicle,future_incomplete_or_outside_recording,0,3,,,,,,
2dc89e0f9c6c4dbab908d341fab020c6,452c0125103c4a8c9e5327e36200801a,7430362a85fa4d90b2e73c104455aa63,18,True,False,Vehicle,future_incomplete_or_outside_recording,0,3,,,,,,
2dc89e0f9c6c4dbab908d341fab020c6,452c0125103c4a8c9e5327e36200801a,76151b8ac5cb4de9aaa570ddb1f7a489,19,True,False,Vehicle,future_incomplete_or_outside_recording,0,3,,,,,,
2dc89e0f9c6c4dbab908d341fab020c6,452c0125103c4a8c9e5327e36200801a,824d59d36b794ed49c5bcb4b366f31b0,20,True,False,Vehicle,future_incomplete_or_outside_recording,0,3,,,,,,
2dc89e0f9c6c4dbab908d341fab020c6,452c0125103c4a8c9e5327e36200801a,85700250358e43f7bd4489644c08ed40,21,True,False,Vehicle,future_incomplete_or_outside_recording,0,3,,,,,,
2dc89e0f9c6c4dbab908d341fab020c6,452c0125103c4a8c9e5327e36200801a,89af02acc991403b9401148e6c84452f,22,True,False,Vehicle,future_incomplete_or_outside_recording,0,3,,,,,,
2dc89e0f9c6c4dbab908d341fab020c6,452c0125103c4a8c9e5327e36200801a,91e1e807a3e24145ac4d46b440fd12f6,23,True,False,Vehicle,future_incomplete_or_outside_recording,0,3,,,,,,
2dc89e0f9c6c4dbab908d341fab020c6,452c0125103c4a8c9e5327e36200801a,93c169777d0b425f9ac3832c1004551d,24,True,False,Vehicle,future_incomplete_or_outside_recording,0,3,,,,,,
2dc89e0f9c6c4dbab908d341fab020c6,452c0125103c4a8c9e5327e36200801a,93d1704afb74454a9247896eb0135f86,25,True,False,Vehicle,future_incomplete_or_outside_recording,0,3,,,,,,
2dc89e0f9c6c4dbab908d341fab020c6,452c0125103c4a8c9e5327e36200801a,9454cea0a9a64de7a767e9525a66ed57,26,True,False,Vehicle,future_incomplete_or_outside_recording,0,3,,,,,,
2dc89e0f9c6c4dbab908d341fab020c6,452c0125103c4a8c9e5327e36200801a,9adad9e0e00d4d1ebc9d2d455fe3336d,27,True,False,Vehicle,future_incomplete_or_outside_recording,0,3,,,,,,
2dc89e0f9c6c4dbab908d341fab020c6,452c0125103c4a8c9e5327e36200801a,a02d8f7695e44f07a1a2d3e632b0ef5b,28,True,False,Vehicle,future_incomplete_or_outside_recording,0,3,,,,,,
2dc89e0f9c6c4dbab908d341fab020c6,452c0125103c4a8c9e5327e36200801a,a0963ff798054eaf838ed69cb246afd7,29,True,False,Pedestrian,future_incomplete_or_outside_recording,0,3,,,,,,
2dc89e0f9c6c4dbab908d341fab020c6,452c0125103c4a8c9e5327e36200801a,a1e9bd01e2f34271b0387706eb21e95e,30,True,False,Vehicle,future_incomplete_or_outside_recording,0,3,,,,,,
2dc89e0f9c6c4dbab908d341fab020c6,452c0125103c4a8c9e5327e36200801a,ab6bb22bffa84281ba84e3a24bc05481,31,True,False,Vehicle,future_incomplete_or_outside_recording,0,3,,,,,,
2dc89e0f9c6c4dbab908d341fab020c6,452c0125103c4a8c9e5327e36200801a,ac400ef5546b412f9dc8cf5ef1a86eb7,32,True,False,Vehicle,future_incomplete_or_outside_recording,0,3,,,,,,
2dc89e0f9c6c4dbab908d341fab020c6,452c0125103c4a8c9e5327e36200801a,b0e40aedd31440dca7581f8a4e2483ad,33,True,False,Vehicle,future_incomplete_or_outside_recording,0,3,,,,,,
2dc89e0f9c6c4dbab908d341fab020c6,452c0125103c4a8c9e5327e36200801a,b2d0ce94ba154c619d4884cdff7b6e08,34,True,False,Vehicle,future_incomplete_or_outside_recording,0,3,,,,,,
2dc89e0f9c6c4dbab908d341fab020c6,452c0125103c4a8c9e5327e36200801a,b3df7217307b483faa6b53053c0c1658,35,True,False,Vehicle,future_incomplete_or_outside_recording,0,3,,,,,,
2dc89e0f9c6c4dbab908d341fab020c6,452c0125103c4a8c9e5327e36200801a,b936c1945f8744319e9831aa12cd24ac,36,True,False,Bicycle,future_incomplete_or_outside_recording,0,3,,,,,,
2dc89e0f9c6c4dbab908d341fab020c6,452c0125103c4a8c9e5327e36200801a,bfbaf9a2a6974446b0e27279581dd97b,37,True,False,Vehicle,future_incomplete_or_outside_recording,0,3,,,,,,
2dc89e0f9c6c4dbab908d341fab020c6,452c0125103c4a8c9e5327e36200801a,c254c9a5a600493884770388f7dcbe31,38,True,False,Vehicle,future_incomplete_or_outside_recording,0,3,,,,,,
2dc89e0f9c6c4dbab908d341fab020c6,452c0125103c4a8c9e5327e36200801a,db5e41b6936f445b9be40d13ca08e770,39,True,False,Vehicle,future_incomplete_or_outside_recording,0,3,,,,,,
2dc89e0f9c6c4dbab908d341fab020c6,452c0125103c4a8c9e5327e36200801a,deddd6eb3d8b4a4c8b3362deed9c016b,40,True,False,Vehicle,future_incomplete_or_outside_recording,0,3,,,,,,
2dc89e0f9c6c4dbab908d341fab020c6,452c0125103c4a8c9e5327e36200801a,dffa1d004d7e4b58adc9ef0b30a24a9e,41,True,False,Vehicle,future_incomplete_or_outside_recording,0,3,,,,,,
2dc89e0f9c6c4dbab908d341fab020c6,452c0125103c4a8c9e5327e36200801a,e7661126d25f4e98b7dcbe61e6eb9ebd,42,True,False,Vehicle,future_incomplete_or_outside_recording,0,3,,,,,,
2dc89e0f9c6c4dbab908d341fab020c6,452c0125103c4a8c9e5327e36200801a,e86f355ae0c04672a611d37a67ab9190,43,True,False,Vehicle,future_incomplete_or_outside_recording,0,3,,,,,,
2dc89e0f9c6c4dbab908d341fab020c6,452c0125103c4a8c9e5327e36200801a,e8df6b607ca84fa4ab8ed9fcc690774d,44,True,False,Vehicle,future_incomplete_or_outside_recording,0,3,,,,,,
2dc89e0f9c6c4dbab908d341fab020c6,452c0125103c4a8c9e5327e36200801a,f441c4e32ac648389d653ee9ec6d041b,45,True,False,Vehicle,future_incomplete_or_outside_recording,0,3,,,,,,
2dc89e0f9c6c4dbab908d341fab020c6,452c0125103c4a8c9e5327e36200801a,febedc6950374b13ba7ad90911e51d90,46,True,False,Vehicle,future_incomplete_or_outside_recording,0,3,,,,,,
2f093cad7209436aa06e103bfe062857,17f093975cd84eb9a53143b7e7591e6e,00d4c7e2c32b4562813ce147d0eacbb9,0,True,True,Vehicle,,12,3,80859,4dc53dc7bbe67ad4cf0cb6264b55145948658c843b010679b95ec9808feb973b|0c500a1b3babe8a23f1338acbe1f18d5eedab33beee313d5a588fc630bdea271|1a57310693a8d6a9aaa22c79bfa5e492e1a82f9b2009b77c1f0827038094bd7d|d81940b02a796a2a0ced603cedb38f0f61375c748993f61c634221154328be94|054c0092502cb7fbe28dfa9ed78732277bc2066d2b0f1d89e323d6758b4362cf|9f88df0d67cb6da4ef6e9a8fa300f2198cb6b572c69eea9cbf1616e347865b87,0,7.62939453125e-06,0,"t0 ego planar: +x forward, +y left"
2f093cad7209436aa06e103bfe062857,17f093975cd84eb9a53143b7e7591e6e,031a17c220d84234af0c35309c2ce86a,1,True,True,Vehicle,,12,3,80860,cd340be91ac1bd147215358f562a5fd9da439b568d08050998ce21362c0405ab|bcdbbdd0497110ec0e21e2ea186f52ae9a1d211fc336991cdf9932b2107912e2|0916c7a8d6c02579bcf81e97f7202b0caa73ef8b8cd0b504b49e2a24827c4da3|ce9a001feb4c319046704ae1fa9f9a086884ff707ab5f44b06a7d8b969de23eb|31bddd7ba5aa04b570a7ac77ae074f111e785f1fbcbbabf2d3c466cfcc82c071|ed8f56185a137c6f6417ccb9b9f55da641ca386083980e8026459718e0baf60c,0,1.1444091796875e-05,5,"t0 ego planar: +x forward, +y left"
2f093cad7209436aa06e103bfe062857,17f093975cd84eb9a53143b7e7591e6e,07612f9fd62542769d32b33d382ef314,2,True,True,Pedestrian,,12,3,80861,3e5d46aa23953eb1628a050f1203b5d2c18b44310090c4b0742d1900999eeac6|5ae425d0042c2e32ed878841cca58ac6985fa454de9cbbedd93e95cd43b57e27|b6d2928ab57bb2c8bb8c7d4e62a90460f117068707248d606576dcca3653d6e6|516de0768c2fe2a485411ea40eadecc4f7591ecddf8749dcfb87aeb3f10f05ce|3f785e5fc60daa55d5e2ddfa0696d30f80ac9787e49d1d4254359ec82ee0faa3|75a3af768f3ec00f7f0bac7b1a3ae15f33b21c3510dfb095270eee147ba12ef6,0,3.814697265625e-06,4,"t0 ego planar: +x forward, +y left"
2f093cad7209436aa06e103bfe062857,17f093975cd84eb9a53143b7e7591e6e,0e331eaad1b2479f930ed3288fa58013,3,True,True,Pedestrian,,12,3,80862,e885b8cddd01c13b490d0b29c89d614931857cc63073b33e4e438df793f8ed05|b6e55a5d386ce9dcae78aff1d370b3f4b73a8f3296b17978dc3b4e7c3ecc6524|326bac3987b9c2b6c3b134dbba98a1305cb36179989c00d71ba38803db2017ea|796a09e03c9a470d950679177edd19ce45a9a3da6ed6f95278268fe932b8b0e6|fa108665b973b8470489a38d06890dae72ed216663bc94aa3dfea9c88b8d830a|f0a1309331544bdc09d347364af53ffb14abc9417be4f272762e3fad4b6f583c,0,1.9073486328125e-06,4,"t0 ego planar: +x forward, +y left"
2f093cad7209436aa06e103bfe062857,17f093975cd84eb9a53143b7e7591e6e,0ef6655afb9f4b70be8450540f0c1503,4,True,True,Pedestrian,,12,3,80863,11bc36ed87f609fb5456b328b74e08eaee7a97aa91edabf3918a8980010f54b4|da970315097da0d568aeb8f5c781a352e625a486cd175b0c8e9e64c7a396b9ce|94672c36c9daf35060995ca71fe790d68f678788270d7aa328b179c94c05e0d3|8d9c3c47e742951506257163434bd5e6b31bc64bd5d03540524b35f92811eae9|a7e86ee43c6f4038659cbe1026ddc33febff2909d56c84dfe89305dc1b0c278f|2986590c6807611a71170bd27a6fcd3131fb5d4e09c2fbb5a2169cfc151c57de,0,3.814697265625e-06,5,"t0 ego planar: +x forward, +y left"
2f093cad7209436aa06e103bfe062857,17f093975cd84eb9a53143b7e7591e6e,1308419fd33e40b586d8e43034b19ea5,5,True,True,Pedestrian,,12,3,80864,32f1082c7c33f2b43453d008514e2bc79bfc50441f766ecd0478a3287bbd4112|47162bb74fb10d042e0ec2658ef82cb5939043814fbf73035252715ef59e94e7|89db66d3024aaf0c56b17fe791168b8b10f3dd5d1b38fe9c0d8d21a03c423d44|cd6bf07e24331e882b06d5f99c2a68cb945b5dba069acb1080bd54071ac6b30b|a6611fc27fb21151d5a7beea791fe24a97f17d6c93922c99e47490a30e4c3f26|a811869663babc659c790a20893f18ba4f4f3ac694a2234d0afe2a52ffc6247a,0,3.814697265625e-06,4,"t0 ego planar: +x forward, +y left"
2f093cad7209436aa06e103bfe062857,17f093975cd84eb9a53143b7e7591e6e,1729e75e19b64cf88db9eeb470968914,6,True,True,Vehicle,,12,3,80865,374999cb3288d18dca24f38495bbf83dcf429d13ce9496b128c3aaae1dca75fc|faa1c42d69aa9254ac4e64898d00c3c53e2486ab85e34506c4778deb0a28d6b3|5f4858f63b602981da1be7b621fcb0ada586e3b3896717829fee42f89f768028|fb95e31695d40abd90de3e6d9e89a3557846f94974c92f5fa37a69467c612a15|a427ebb369a62096356d68a8e06c2d22203c6b81fbcb411c5eff38676c88e9d8|f29339b828c5f04ef4eab92e6b6795e016a51848a35959fea05b4849cd9e3700,0,1.9073486328125e-06,1,"t0 ego planar: +x forward, +y left"
2f093cad7209436aa06e103bfe062857,17f093975cd84eb9a53143b7e7591e6e,174943919fb146f8a414c3aef74dbe74,7,True,True,Pedestrian,,12,3,80866,83455bbcffcf6111ad463d6f5d7d05ab153a25bf247673a14ae227d6d261819c|2fe6653f1565ca533ecc393000e00ad9c61162efee09abb4413f6292df4424af|837db50e7331e09bdff61b865e5155f14064a574d463fe2be57154e7d04950da|632f505ec2584a3b656052caad82b6b56102293d88c44fd07b2717976ec2e3d2|13c1509a6229c87593a292791f83f767b109f516a70dbfd718d39d1881823de0|19a64b317c31709548b46298d034694ebec9bb70e9eec293049aedcd6b7cfd81,0,3.814697265625e-06,4,"t0 ego planar: +x forward, +y left"
2f093cad7209436aa06e103bfe062857,17f093975cd84eb9a53143b7e7591e6e,1771ddb3ca9841eaa9faf83a78cc243c,8,True,True,Pedestrian,,12,3,80867,69d08c3d58ab9f931ead6f15a24a30422f1be25ba99b6d7abbb86a1fc96641ce|5861445b86f5af31db566bf3113a0a3255b0981ce126e43e79e5ee995ef7dff8|140bb6a299292b591e0763814071d800c580581584ff5d96e789731eaddbc2a6|22bab65c7d3ab364663f5e1c87cd569478569dc6005011e96d19c2e2a3e2b201|6a98778c171978b5093af883cea64dd6e8908395913b1766795e9ee1be1bd5fa|c848d851bdada7518f4978ebad889698b7be33307d14327b92670eb1ba7a1491,0,3.814697265625e-06,4,"t0 ego planar: +x forward, +y left"
2f093cad7209436aa06e103bfe062857,17f093975cd84eb9a53143b7e7591e6e,1afac91133d14f6a86d47c7aaaeac4d8,9,True,True,Pedestrian,,12,3,80868,806e3295a072c09f3da24e540530f783864fb84c75f057d25061ed680144d01e|47118264873c26f6d437f5a145f5a1eef5080797eb2e747dcd6adb3cd2740a1b|a1fd3a1a940bfdc2d19a65e343ade81fa013caf2d3df2af6ab1df4d7c60230bf|92d0afe3ec079fb5973f1f48b1f9f89029d446a4c6f87e3362f2fb1a903d1a51|3a9434fd7e1f95140a2bec5dce1ba5d409511574eb96aa21820adc7d464397d1|49af082b003768b21f638abeb4bffd737ac36114089ec1ab8b12ac17e3196c7e,0,3.814697265625e-06,4,"t0 ego planar: +x forward, +y left"
2f093cad7209436aa06e103bfe062857,17f093975cd84eb9a53143b7e7591e6e,1c38bcc3bb444e37bf84a1ebccb06046,10,True,True,Pedestrian,,12,3,80869,9440631970bc0c6ff2d41cbda5f5aa3fadbb9eca270cab8fe323953049ce0b62|6856941dd780beddc36f998c6b7a8d954a7abd0f922dfc3764be75f0330aa939|4f1fb47b21131798c2c17f916248e1bb1133e8b741e95456161208910df5bcf6|736adac63c8b73aca080aa75a9f9050b87ad5f66d04518902923c5b9b8c8af6e|c9d4d069fe60f5c363ef9c56de404dae5042e0d0a50169a7221368e7fa731a5c|845620b588d8690c99c047be6a1af929a13a6109643b9fb511f8f0f5664b5302,0,1.9073486328125e-06,1,"t0 ego planar: +x forward, +y left"
2f093cad7209436aa06e103bfe062857,17f093975cd84eb9a53143b7e7591e6e,207fd1fe50354ff9b0159cc1f79dbc42,11,True,True,Pedestrian,,12,3,80870,b467010e9ca5ee8c74d88cb28e6bc86e5d14e24601b45f3eaacf0c85c125938d|d32f70cdd743aae35604fdf7484e759d78ec7b4b1740f5b86644a7db29bbc838|91ea272cbb37a69f5149e7f2af45b8196e393033f2d04358378c2e883c9f809c|f6364fa88c0c179c281d50e3f3ca1b1b3a229525bdca1d72aadb27b754178ec3|c34311c31779ce27dca4c5c6395298b9edb8e18adeeb9c58b2dc5a5df982bb2f|e95d8644c465b7836234a8bca7bea7718a59b0f9e32550bf98c1d7e27b61cb17,0,1.9073486328125e-06,4,"t0 ego planar: +x forward, +y left"
2f093cad7209436aa06e103bfe062857,17f093975cd84eb9a53143b7e7591e6e,22eade04010d4f3aa85f090717bb6921,12,True,True,Vehicle,,12,3,80871,ac4f83600c75e4805013abbe7f50cf38a30f9cbe438f0f5b81c037838241d134|bd5e73f42c07aa2f58e5cb93efcf1c98dc8c41edefd70a7a1a22d89ad3c68828|3174fe5b86a8af3d1730a93277e02523cb72cd4c4ac21d8fc2ccf3aaa6d77d29|248934a6ee4a5f2bfdfe0f702822372bb7ee9af443833226c5f0203e04b37cf8|e9bf99e7fafdf47caf414b190f7d9f73d992f077c108c04ebb56b4e1b42ba564|230002b260c825b48d478412f522aa84cef9f678f1e7845ec77d9f8c14ecbae4,0,7.62939453125e-06,5,"t0 ego planar: +x forward, +y left"
2f093cad7209436aa06e103bfe062857,17f093975cd84eb9a53143b7e7591e6e,2b19f2b1aa5e40e29861302b7581b04f,13,True,True,Pedestrian,,12,3,80872,27e469a2a17ed792e1391feff9d459ce450b5a339ce4e4df6118d40ec615c1ba|a77c0c7f322a5a05f61f24830e2507dde52a61553b61c96ab5cf450a773a015e|71b85b97fb32ba00abff36e484c302a5e61a015039439f0a74a5fc360795077d|53a262ed3c85c6401e97d07e0f76f1038410040231959ad6a7ff88a4ef3efb80|a1da14b4dbdd7ea9040a89cda8b68a44748a0233bc8d0a357297de6ac9155ada|c96c12246b5383680d6d1a96545635e931bb5b269feee756db986d2c70873afb,0,1.9073486328125e-06,4,"t0 ego planar: +x forward, +y left"
2f093cad7209436aa06e103bfe062857,17f093975cd84eb9a53143b7e7591e6e,2b956ca4a48b4f3ab49f44c25f8c8f4c,14,False,False,Pedestrian,insufficient_history,5,3,,,,,,
2f093cad7209436aa06e103bfe062857,17f093975cd84eb9a53143b7e7591e6e,2bb7cdf94b374f10a795fe9ec63f6d3b,15,True,True,Pedestrian,,12,3,80873,49ee8518289f7155509c3270b8fd47645524b87a2df962fb43a1932774a53dcc|c60d34f6f4e0d915d3fc9161e618e34a1fcd46c97c363e2d027701779f32b732|8841240bf62ab678c05ae40be27f6b8efab27d8e3acd64dcf873ad807b7585f7|c3c55a8ae9110b10312502aea36188b0730ab1e0de897e3e345f5b0d0f308d88|d3edb5eb4289badd818e084f564e40bb349df5e2720b9dce04f00fa59a8ea344|662f61627fdac7c8d894418b3680536344fd02877ba264fb19edde8aa03b6e16,0,3.814697265625e-06,1,"t0 ego planar: +x forward, +y left"
2f093cad7209436aa06e103bfe062857,17f093975cd84eb9a53143b7e7591e6e,2dbdd98d0e1e4ffe8ccfa3f806c3c39c,16,True,False,Vehicle,future_incomplete_or_outside_recording,4,3,,,,,,
2f093cad7209436aa06e103bfe062857,17f093975cd84eb9a53143b7e7591e6e,3077d0ff384a462bb63b16aeb09f122f,17,True,True,Pedestrian,,12,3,80874,dc79f260c43560c8603171a550cde6228ef7226574c257e362c7e4b59e55d22a|faba3da76fb3b2ac852014e7bcd3b6b3d4b53252a277992f000f1df7eb93c29c|a3904d14a1a093a3aa53dc5fdfd092522b08dba4ea83405a365274dbba8dae60|8fcd10108356b41c5812ab82e3a80a1325dbd6aebcf25c3f66521835a48e2359|cdafa21d3060ead71e4e058badd2a802ad620f651cc983fb0febdc1184bcddd6|79a1d2053be857ee49395eeb1d76bec09a040be25917b06b898df377c047ed55,0,1.9073486328125e-06,4,"t0 ego planar: +x forward, +y left"
2f093cad7209436aa06e103bfe062857,17f093975cd84eb9a53143b7e7591e6e,31310aee651a4ef59f9bf2885a396b62,18,True,False,Pedestrian,future_incomplete_or_outside_recording,7,3,,,,,,
2f093cad7209436aa06e103bfe062857,17f093975cd84eb9a53143b7e7591e6e,35846c0d1a2948e5afd13d5b8796ceda,19,False,False,Pedestrian,insufficient_history,12,3,,,,,,
2f093cad7209436aa06e103bfe062857,17f093975cd84eb9a53143b7e7591e6e,37527aaa9fa94dbf8e9c4f16c5ad7e42,20,True,False,Pedestrian,future_incomplete_or_outside_recording,3,3,,,,,,
2f093cad7209436aa06e103bfe062857,17f093975cd84eb9a53143b7e7591e6e,3987ebd27c01426f8f37216cb711d425,21,True,True,Pedestrian,,12,3,80875,d4f7e3a974b05f3530efaf82f72183f31a06394ae3f503ce614c905476a55257|4a0eb8876ce3e433a0aee76824365c5b052815b7d19a2c72dc81ae729d65b58e|a83b44f858b35f3e6d745e297e9df39f7f378f7c377e88fdfc624924e504d691|167be9c8bf50140556343b3362a9a6e6682aa4135ecee05ba54fce5cca2128bf|83e48b20083393c10b278d90d7e09a594cb62c6325cda3724d81a04fd9a44e34|8c046822be1fee6d5b15907d60df608a5791769610bc570a7108ff8b8a389ee1,0,3.814697265625e-06,4,"t0 ego planar: +x forward, +y left"
2f093cad7209436aa06e103bfe062857,17f093975cd84eb9a53143b7e7591e6e,3e13f838e42e46a7b890a186a3b87533,22,True,True,Pedestrian,,12,3,80876,7f4fb62c61d40ec7a7df0fe5736a7be1a0822d6501830d9090bca06dc7ade8a8|a4e1e64655e2c93288478c2c74167322196432c4782c2f56f54d99c9e4a27bd1|6ec23857c5c3756f20d0ac61b5271fbeb190792b0adfee7c9926484229cfe3bf|0c3eb1169f9f2d14a35733cd7555d2ce725e30c8554dd9a3112678842bac31fa|39e79379a9e6edb3bcc2d6ba6a98f78b1f870002661ab7190df3c8e8abd8996c|646abbdf7c860a5851da99ee0fad95e09ef79ae50555595dfed61089a6b869f4,0,3.814697265625e-06,4,"t0 ego planar: +x forward, +y left"
2f093cad7209436aa06e103bfe062857,17f093975cd84eb9a53143b7e7591e6e,3e82b497e16b4e6b97b44dd4bf311961,23,True,True,Vehicle,,12,3,80877,8d70aeab183d74c1947fa9b0a02b01fa7b0ce007b84c6625763532e09a1d3188|aa57af46abccf4406f1c2056f3db433c3d89ee16fa00c488b4089fc9655e679b|d4ade1ae3e6dc3e91a410b90cb0901c9bf2aa0985259370b230339042fc25675|2e4af9b1c67067b62fe02479ed4a2aeddcdc8180591f887630ccd77c1c247fb4|2d713cca059b20ea8673f2b0a4038c4dda3f6deb3e128c4f899c5017383d99e9|98c8dbaddda2655eb86944f148fe1a47572977d1b41b8616a7db2337c5be01c0,0,1.9073486328125e-06,5,"t0 ego planar: +x forward, +y left"
2f093cad7209436aa06e103bfe062857,17f093975cd84eb9a53143b7e7591e6e,46bd347c7b6342aa822442e18cab4d99,24,True,True,Pedestrian,,12,3,80878,9ed6be2d6fbca4f7788b8d816080e5ea8d9cd220a75affdb81598bdc2730429c|bbe068aa868881e3d508481d17602e21de7881812161b3238f993bab83e0a6fb|e97f6293d8851860e3ac70ac47e9270da6d679aa0005b1d29a9218190556b350|01c02befdc761f1a18d61998aad146f329817ce7e275f98dc42175cddf4c5b33|4bcc49538d11292ed69191a07d89c44799722a795c03df3647459732c7868816|d7de35ab0bbb0f69fe78ee31bf68bb19109076c56abd95773108b1fa3588d2e6,0,1.9073486328125e-06,4,"t0 ego planar: +x forward, +y left"
2f093cad7209436aa06e103bfe062857,17f093975cd84eb9a53143b7e7591e6e,506a0aaad7304450aeea07ecf16f36fd,25,True,True,Pedestrian,,12,3,80879,45c3a31a343faf02f38aa9556f853575fd3ef680c9f57601d184269b165a0ba0|46e1907348bbbfe3eeb26e3edd5ea759f94994f02d7c3c4841e61701d639f107|41d105349a1547cdb12b87bedae1f5af4757cf78070267dc93c39c7d9a7dc550|ff4b91fb194e95750691d23233708fc6523838c5b6d5b669e76c789e5e973d32|877f6428486e26b47d2d59c837139122f27bd3a09612b7a1638bbbc35150f072|622135f0bb851a80f3f0ba06e6d6194a162003be24a99e71fd3a23f17a3d8295,0,3.814697265625e-06,4,"t0 ego planar: +x forward, +y left"
2f093cad7209436aa06e103bfe062857,17f093975cd84eb9a53143b7e7591e6e,5091224b0a8840cda45f1c0f4a8e4a4b,26,False,False,Pedestrian,insufficient_history,12,3,,,,,,
2f093cad7209436aa06e103bfe062857,17f093975cd84eb9a53143b7e7591e6e,50982bb7e9c943c1b46bf06d41a2b1a0,27,True,True,Vehicle,,12,3,80880,c8a5654512a84a324123a6a77aebb220bacaec2095004667273e82b3b464cbef|1b83231da754f60b93563b12a039f88ea002e5e8eec70a2b197c7eb2970e2fad|93a39537f98fb1d2f044bac25f2270c94044707f281802c5c9862ee39e542e0c|cf9dcd23cc02f60c7d0ad93c5b1551978e01cbf72a98fd4fd8c69b63623be3fd|c4b246235f32432057f3a670c1763c61d2953e62e486ad3be604c6367d92dfd7|5b042907811d7e2a9d7d058e739ce9149a3482d9f0be600e96a47d277616ca45,0,7.62939453125e-06,4,"t0 ego planar: +x forward, +y left"
2f093cad7209436aa06e103bfe062857,17f093975cd84eb9a53143b7e7591e6e,526d9a37472d42f5b6725decd62d853a,28,True,True,Vehicle,,12,3,80881,63deca92588f45b31b54d841943bec228f76161fb91faf8d7a53e5223c56e987|68247186bdc9de97ba5e6daa4e9cc3f543245632677e001604d879548223532b|1fd2d50ea7871fe9cd49cc9fb769823aba5bb1da305a7fe085d5906c4d9394a4|6b9721bbda6cc065d97f9a1a84f1cfeddbbc5fb9bbeccd1ee87561d5a1bc2050|93fdde4eab68961f40b1a0fd17be4779b7a02f74c441721d3ea3d2b2900f9a31|aed701c3a0cbc47219e9331626c0ac299138520ed2790eadc2ef5b3c194ee493,0,1.9073486328125e-06,1,"t0 ego planar: +x forward, +y left"
2f093cad7209436aa06e103bfe062857,17f093975cd84eb9a53143b7e7591e6e,55de2dfed141425ea160f6c53fd47445,29,True,True,Pedestrian,,12,3,80882,ddfe64d0bdc37f2601848bbac65992d855a9ee530abb074d474089148a11edba|09077a93227c2e8c71cd1e668d8fafab41dd80525a2de971e4853e5736d5e33b|134a249538dbf8a48a75f0aeca091076a97037dd158969f41c378a629570806a|f0ebc9e8b6def54150ea4e11d280a71119260ad28770c3ca15ecebcd968cec1c|149c6786093d71b9c7b10fc9035e739e7c5cb54b8e303772045c9cf6c4039293|c91559f9bd9de6004c821b186af5884b0585395e7d0462820a18bc4b569a1d58,0,9.5367431640625e-07,1,"t0 ego planar: +x forward, +y left"
2f093cad7209436aa06e103bfe062857,17f093975cd84eb9a53143b7e7591e6e,56f9c7efe554443d9db19544b74aced6,30,True,True,Pedestrian,,12,3,80883,002983733ce4523399504699824078156c808e74faec4f25a423ef5a868bae6a|6bd78bceaaab9646278431f5d44ef9fa212c79181d02e475f50ef161149d6602|31905c21a9f27048692ed8e8b333c5cba5b00195f7d866031d6078316d629491|1fd3f9471f47fede1cd0760ac8be127b44468a98834fce5d4a9c46f4f403c4e2|eee27f82fbd53a8446d07cf421e23bf170f30f15975aeb5368046cf51d08fb90|baf291873e81f48960550d6bc217e19fb7867916830461cd273bcc5d911637b5,0,3.814697265625e-06,5,"t0 ego planar: +x forward, +y left"
2f093cad7209436aa06e103bfe062857,17f093975cd84eb9a53143b7e7591e6e,587666045a5d46cea8a94885de67f422,31,False,False,Pedestrian,insufficient_history,12,3,,,,,,
2f093cad7209436aa06e103bfe062857,17f093975cd84eb9a53143b7e7591e6e,5d4ef8e6ec5c406483fc135208244692,32,True,True,Pedestrian,,12,3,80884,92c36b5d95756dbaea05bf49bb494cdb24e5d50845d9ad33bcf8fdcb164ebfe3|45ba5113c78d7e6285c93ac261985343f62ea925a00b774d9febb6c433c6958f|bd85b29d20678b489df9158361492a5072da295897e74e261dcd3325b28367ef|44b323a8b208e7dd601e4913646c14a9a8a8da4255350b0082dc6a0875df2e89|df2e5c02447b3f1998977e9825c21b7c494a6f855bb0335786c3d8666a28fa62|396075e5fee743ac69269f0e4d75ff35ecd3384c41669636da2360dc3329d4a1,0,1.9073486328125e-06,1,"t0 ego planar: +x forward, +y left"
2f093cad7209436aa06e103bfe062857,17f093975cd84eb9a53143b7e7591e6e,6759474affb04949b07f087ab2c30958,33,True,True,Pedestrian,,12,3,80885,9ccc10478fdd19936ff3ace1bb54eeff550fa83b1a4fdf7d6593f5e7f970580e|781a18a38ddc0967b38176a1fe52f84c6b35c222878639bf699cc83f5f44fdc2|8388f11aaa2fef5503d676437b3008443c8ec1681e56174c6d0512082883a33c|3a6fc8351460df51e8b0ece8d3ee521d3d8c4385699a06c04ca88929d4e1dd41|03254a04a87823ee3de57092e7e714028d5a26a8b3b43f93c4f70beb72decfde|2f9e64ab9d05d02577b13b09b75bcdafd535d06513fc92d1b51c7b2dbfeb64eb,0,1.9073486328125e-06,1,"t0 ego planar: +x forward, +y left"
2f093cad7209436aa06e103bfe062857,17f093975cd84eb9a53143b7e7591e6e,69e77046c5c74c2cafb09f8922940987,34,True,True,Pedestrian,,12,3,80886,d93731491c213718afe0869fa5ea107c328ef7bffaaa063e5be08e4c69575cab|0c218661f1c444c1a7bb82ce805c66b6de4dbc2b3471a90aa9455450074b7def|2c70e833553a12097f5fc6d2cde83499e8d2257f102b2981660dab73fb18189b|87d38b6b515b0e109797e04804a85c70a905c09e333b7ab8c456babaec23aaf3|33f052bc8814aa13464a444a29c669861d021714a49d2cbf80ed4003e7a34d17|e0348daaed81cb0f98b4b86696a64577a0be7abc29999f8a0fe93b2dc3951f1b,0,3.814697265625e-06,4,"t0 ego planar: +x forward, +y left"
2f093cad7209436aa06e103bfe062857,17f093975cd84eb9a53143b7e7591e6e,6d6e67af612549e7ab4323962b32e735,35,True,True,Pedestrian,,12,3,80887,408df800836abe5783a5d21af5082cd03b5ac10c9b7a489b1dc63cac1369f617|1eb770252f1e537b89bb91dca11ce59ab8ded3b191dabefcbffb1b3eda51544a|908e13eee7a0500da9d298057ade799fb56d630cb8023e4e5742a93829a86aa9|83f400f72bf8592bf148191f7c9ed454e1b3a43dda49c8956690d66fc0d163f6|8da311bac5ab7acc8ef8c06454f526ae111614e26373d04f217d11a49ee2e6f0|0d8c7fd5aff3c385c9db188916b9edfd68a7dd9d0c1b99ef362dd7d5c1a657f8,0,3.814697265625e-06,4,"t0 ego planar: +x forward, +y left"
2f093cad7209436aa06e103bfe062857,17f093975cd84eb9a53143b7e7591e6e,700e899f12564853a045c02c503bfebc,36,True,True,Pedestrian,,12,3,80888,fba178f15a9c893c2dd6af68c118c1f84dcdebd50e88f269f8bee3add6527611|595a228513a4ebf4920cf80c17366adf23c0aa9ee82bea6bb24f4898ac099f54|b8d66aca561502d95a6671f6a4988f595b61a2f004d3319468cb8648e75f7c2a|45dc42959484227895087043209b164fa89ca1de722615f83818eb55bf88b837|bae0c09cce50090a152cf8a54fa6ffe027b88fe6fe65f4b8f5a6df7bfd1c8bfb|197b99c80d86ccb3b96ae500632683f5b8b1dc0e80754133d1815d931a8f2483,0,1.9073486328125e-06,4,"t0 ego planar: +x forward, +y left"
2f093cad7209436aa06e103bfe062857,17f093975cd84eb9a53143b7e7591e6e,75dc3894edba4a14a7058ff078ea7ed3,37,True,True,Pedestrian,,12,3,80889,688e4f08feaa46875f99073b20e8fda45325a42c8488e71d5f892c3c84d3ea3d|9db6a992c4fd5b2d5e37581974adc0373885aa8497050ea26b7c760208b927e0|5f9bc5282e4d55f112a8d1bb76df0791d37e2ecab381bd355eb20db184119267|7f17c6b1f77e0839da5c7b0ebf27c3c73eb859f13d50ddcfd7deca2e1f123ac6|ae38c9fc405e739640869aa0c97db6447ec234ac582f75c2417ad402bcdcbe81|348d0366b5532ee706357d051387fab80d113e7d1a3fd308d4de797886f9c5e4,0,2.86102294921875e-06,5,"t0 ego planar: +x forward, +y left"
2f093cad7209436aa06e103bfe062857,17f093975cd84eb9a53143b7e7591e6e,76522433529c45409c3e0947e96ffa30,38,True,True,Pedestrian,,12,3,80890,d0f33727be4b45e976d9973826416bc31e28496f882f13eab1705a2fe3da9b3b|71504fd1cdbab8547566ad35ed0f66babae2214c8273ccf9131568f6aaf2240f|6b7b5bbcf581ad91a0450a9f68690fb7a093e29bfadd590c34f76e249bf224f0|7cc21a60ca0035934c03509e7c9652b0e3cfacdc760c4bb4a548f4c009e1eee3|d5c4496140d1cf9a5e9b0218fb328118db56f56ab922c37f1df57bb25e9ed0ea|c908bddd04767f3cd3e0427b4d591bb27da79c894745839c2145d1ca9366d534,0,3.814697265625e-06,5,"t0 ego planar: +x forward, +y left"
2f093cad7209436aa06e103bfe062857,17f093975cd84eb9a53143b7e7591e6e,7d984beee63f45fe9fd435693741a358,39,True,True,Pedestrian,,12,3,80891,bc464b7a21de1cacfbe0f800581157244e1b5ab2fc2830f539781476b3b9db79|7545466e4254b71b9c8d0c9a07efcc98970d5fa9c49df1b2ffea9d73740f1f35|f2e26baa5684687a78cff7a77d4f9d73ddcdfb8ae05894be9a058bfbab8d5cbb|e3fa5ce0f05472a87f0538358fa47e9700fadb0b625618dcfa7ee6281ff35c77|cd62e45a820a6c4496eff3b48b659ba711b44ecfdf9451ab8250e08fec7a493a|fe90cf71e728b6938796d6a6620aabd3ee1c7ada4b7de9f8b3cd37fe1ea2b133,0,9.5367431640625e-07,1,"t0 ego planar: +x forward, +y left"
2f093cad7209436aa06e103bfe062857,17f093975cd84eb9a53143b7e7591e6e,83ee61c6efb34f3d98b103e37ff7c30f,40,True,False,Vehicle,future_incomplete_or_outside_recording,6,3,,,,,,
2f093cad7209436aa06e103bfe062857,17f093975cd84eb9a53143b7e7591e6e,845a673d0a514b8795177463e3a3346d,41,True,True,Vehicle,,12,3,80892,f185b1813f1e2e7678b730c7e2498ec54bd37da8e1fdf5894b4a6e9ed3680476|36632b0b9f192ba516706734638be9eace1acf0abfebef00398c1a90bf31f35b|98706c655b2ad871f856c8f8bfec16e87c33765b7021277782a3956bc723a324|a136c05fbf4d3ae0398a7b2a56540cd38b1a37123aa4d6dbcb5b04d4eaa458bc|631f27637c07edce6541212fab5638a27efdeea3bdca51ba1cda031acc980800|92e8ff94f7173f3340ed2003c9366b029801a28a2d791b60497af7741b1cce75,0,7.62939453125e-06,1,"t0 ego planar: +x forward, +y left"
2f093cad7209436aa06e103bfe062857,17f093975cd84eb9a53143b7e7591e6e,8b6dba33c3624ae0becba4d640cdb0a4,42,True,True,Pedestrian,,12,3,80893,e7500dfb7a93ecc63882add4469c7fa663df3fd71abc31a16b35cd7c4e8c8676|9cf587d9bde18fe16229069be0372ec64cbbc3963478d99dd2f509b3161a9280|d982fba55c0ffd58c47a5e7f678cd916e6938ebeadf8b9ff938bbf7ecb64b423|5fe2047c92c1fe0abb1d00485f0dca703e2e526a64f52e882cdfb8913474418a|89f6b9625f45ec6198180cd1e5c9138f1f273455f80b9fd06db92855fb9d8cf3|a56efa1cf46b7640d6ea6c7e12bf6c1956b60ef9bbbca50fb01cb0703ba1101c,0,1.9073486328125e-06,4,"t0 ego planar: +x forward, +y left"
2f093cad7209436aa06e103bfe062857,17f093975cd84eb9a53143b7e7591e6e,8c20af53fb734b95a7205018fe5e5452,43,True,True,Vehicle,,12,3,80894,999af95d028f78f999be46779f5599e22630517b58a1eef2741fec0f7b44d92d|8d36c72ed43772a8cee32895c385833ee48249d3ac1f2f321707e433e7251b22|5c8cbaeea406395966e3ba25eca14ea64bcb1be6cf5f716607447cc14323b541|5d1d35234599ebba72cf3e8c2e87cd2876ecc18cfeabbb0febba94547e927419|2281da40c49d48c1b072d7dc79904b067c5941e6f2eed37578c37c4cbc0db8e2|275b4974461d45a41c704b783f28e319d0d7d6fa60c41200a76d417a47feff95,0,3.814697265625e-06,5,"t0 ego planar: +x forward, +y left"
2f093cad7209436aa06e103bfe062857,17f093975cd84eb9a53143b7e7591e6e,8e2fcedb6bb94860ae29228b33f2a2ab,44,True,True,Vehicle,,12,3,80895,58650dbb2a78625b6f7f8b3dd64fd0830f52df67bbec75faa077d50626554472|3ac2a69ab06cecc01433f6eb11b7ca312996eb221dd64c5d27a4d747a43bcb91|c7b6f7697757577745ae2c89828e5c05b885967fbd3336a097c3dbfcf656a0f7|990f5d15e56901b2a2c4dcea239ca1e1b848054420707ed1e53281311995d80a|9d0b358bf47045b24bec77a6546e3af28f3fb2c81544083d00c56149520023a9|418c401ec8a5693ea8c1328501ff073d9cabc45b934c368a83cf7ab371134824,0,7.62939453125e-06,5,"t0 ego planar: +x forward, +y left"
2f093cad7209436aa06e103bfe062857,17f093975cd84eb9a53143b7e7591e6e,8ec327349f0142da97e959143a418dd5,45,True,True,Pedestrian,,12,3,80896,55a61462769d9619ebf0ccf439b60fb86349bb66f163ff0b3011caf016f7ee03|78668db0aacdb41ae6e2ea5b50fadc672d2994c8e42e7cda374274ee79fd3a9a|fd1d315d28f7adcfdbddbacf2217ee84b46069f9785720f4d9bbd3a6007ff04f|fe72028a66ff7164f5e8741eefa78a13d551bb99b6c11c8d178f8f191e4ea983|8eb2b353ad00fa0682d6353e974cb239b611c256551873d526f097f35be2d3be|1388b88eef269d9b6c6228b80fc01e4bd5a1cbab113c6fdd617164332f275eb2,0,1.9073486328125e-06,1,"t0 ego planar: +x forward, +y left"
2f093cad7209436aa06e103bfe062857,17f093975cd84eb9a53143b7e7591e6e,8ef19775ea03457bad57063c3bc743d0,46,True,True,Pedestrian,,12,3,80897,d4e78522cd44b62c8f423f6df9a50707d031a63e457796ccf27b052410d08388|60975249eaf73a20c19b7c06fc1e4f982b553e7cbe79a1a4a6d2cfeeefbdcca9|1e72d727a12a3a2dc85d1316d38168b9167feb5780741d0c09f2403e7aaad2b1|5409032e1c3314fe0a59bc99c05cfcd4f62f23b03aaa471eb3c657bec9329d4d|0abd00d5deca4db612ac773e1152e9bab988e3142ac623610e70d5f53795eba7|4edd218ffd278beb4a29a4c2315b508b41c825a87202a3976354346128deab0e,0,3.814697265625e-06,4,"t0 ego planar: +x forward, +y left"
2f093cad7209436aa06e103bfe062857,17f093975cd84eb9a53143b7e7591e6e,92a56b99f1234e0ebedee40a23d13ee2,47,True,True,Pedestrian,,12,3,80898,20da7b232d9b57e4f6a91b447703d9c7d06fe03ffbee2ebf68284a0384e598a6|96464f8f560d81674656b55c3e6af93e98c6bee1bc2b4c99737dfbcb5b0f012f|d7c6f0a95525a404af32d91e7797763bc87ade68b7793c72c7347456c5ab2fd0|a2ac22653784aec083ba5ecb26cdb2232a0e571e369c52265d2c5d1dfe3837c7|00442e91a880aed767e8e110bf63e60950387856aefe7489927df7de0197abce|a3471297bd268f4d177ecacc4ec8137d5965f174b210bac0bbcfa03d18b440f5,0,3.814697265625e-06,4,"t0 ego planar: +x forward, +y left"
2f093cad7209436aa06e103bfe062857,17f093975cd84eb9a53143b7e7591e6e,9e191c5e84de420fb315b6deccdd5e30,48,True,False,Vehicle,future_incomplete_or_outside_recording,0,3,,,,,,
2f093cad7209436aa06e103bfe062857,17f093975cd84eb9a53143b7e7591e6e,a2586d3d724941e6a3a077ee7575bba3,49,True,True,Pedestrian,,12,3,80899,59238145b65eb31e05f1b82e836219170c708d5460dab94e50edb1b33ae015ff|799053b0eccf7e77b74cf144d772efb8c70ccecb7f24aa3ed2f9fc1148918d66|ad829ddf237ae20fa9422f6dd990d57d79fc20f388596248f6b032e39032864c|8957a656c5f809dd9d88f956d092a30f83e7e83c34de5182652a92b50126ac1f|f9d7764b9e69a1ee0083e4d0fd36332289af26f6873bf5023728876e68c84737|3d51858a52019fa2dc714ba98feca952553e72cc613652783657ee2b6bcac6dc,0,3.814697265625e-06,4,"t0 ego planar: +x forward, +y left"
2f093cad7209436aa06e103bfe062857,17f093975cd84eb9a53143b7e7591e6e,a59d225998de471f88a64405ddfa6b33,50,True,False,Pedestrian,future_incomplete_or_outside_recording,6,3,,,,,,
2f093cad7209436aa06e103bfe062857,17f093975cd84eb9a53143b7e7591e6e,a63ccd418fd5441090d07ada671422ad,51,True,False,Pedestrian,future_incomplete_or_outside_recording,8,3,,,,,,
2f093cad7209436aa06e103bfe062857,17f093975cd84eb9a53143b7e7591e6e,ac124ad89fb440a5ba898d3030375450,52,True,True,Pedestrian,,12,3,80900,dd23e5ef80465cfd05cfd8bc0faa0467a54d852f33f8c982e2613e489a1ccbfc|715acead54599a336c72cefc579f1b3f95fc82bddb67caa9c35971df9915b63d|3565d289183675cb5097ee1bb87f9de892ecc6a1709f5a088c141bdf5d0c1ccd|e74e926b994187fb615566d983de693ae261388f67e1854702bef67134f90616|2f49824b6dd15e6aeb8125a64a53a0203af881becc680d2212b40b3d8c489e3e|1dd2df282ed55bac95a9585b90027c05629b972edf72cb3ca7ab4400c14b30bc,0,1.9073486328125e-06,4,"t0 ego planar: +x forward, +y left"
2f093cad7209436aa06e103bfe062857,17f093975cd84eb9a53143b7e7591e6e,acf07bfbc7024e50ac8e3d58d498e6a1,53,True,False,Vehicle,future_incomplete_or_outside_recording,0,3,,,,,,
2f093cad7209436aa06e103bfe062857,17f093975cd84eb9a53143b7e7591e6e,aec74fce57ed44f181f3e93808e2efb5,54,True,True,Pedestrian,,12,3,80901,16e4931c419ce6c8be5664f9c1e24da7ea5da01276cd8fc21fbde9d649abdf7b|d98f0b650dec1752ac0b2849fb97f3693c2bc08ee67c61c3d35ad5e2bde4aed0|f0ff46007110e236f968592e3805283201bbdc8217733c223c86dd886084eeaf|db58dfafa959dc5b08d116dc799b4cb083c30d34346676865f1f4956ea216413|c1d661db9cf4853286357632716b5aa98219d08c1c158f2dd6775d65cb62341d|2faf96203ad9835ecfa13247c32ebbf985080311ff3892fd3acfd295a6a16f54,0,3.814697265625e-06,1,"t0 ego planar: +x forward, +y left"
2f093cad7209436aa06e103bfe062857,17f093975cd84eb9a53143b7e7591e6e,b40efb0af7fc43ccac97a1a734a3687f,55,True,True,Pedestrian,,12,3,80902,f0026466478d38a7dd25a84821a4952753eab771d550eec21c4390503228f383|a5ef7887c794836d51b111e5ae625e5068c124627cb1cb48fe7c149aa08582ed|de8dc02cca9e83fb6cccef159369cc11b8818dda5aade100a7a6f91362ce16c8|5b51c296d32e9bc6c443357a3613c9fa862fc79d57b1a14078107f9cd7f8d554|87be0acf5a0c5c6f74aa059d4f116abcb58e34ed30e1fa9d2cac718e0cbb410d|62f872808f3ece486aff91d5f835478fb864bb75b6ad6762cb4e51554a39d8eb,0,1.9073486328125e-06,1,"t0 ego planar: +x forward, +y left"
2f093cad7209436aa06e103bfe062857,17f093975cd84eb9a53143b7e7591e6e,b5079008beb848828930781f37bfe2ae,56,True,True,Pedestrian,,12,3,80903,aa53540c05946f284fc4940f2b1bd8f53418f6aabe7ac3892462e7f5735216b2|d51f918a4ba98979ec010eaa1eb811c627c06ddca11a93ef8a5155b3c5d96f6a|cfb8b563e8c656784fa0b49722b3f37828401800dbb301893135ea0357d2e91e|efb05f443314805c7e06e30848659b2cf21701836e13f526e2024299fdbbda56|d45d2ec88d78a9efdc7843d20798b24bdde086f4128d5c81fe81668f059aef80|171e1e149789a9b22030833a494f5a81d2bcfddf4983ff3e98b020bc50a3044b,0,3.814697265625e-06,4,"t0 ego planar: +x forward, +y left"
2f093cad7209436aa06e103bfe062857,17f093975cd84eb9a53143b7e7591e6e,b745d0841a0d458db2988d5d227f338c,57,True,True,Vehicle,,12,3,80904,db25966b73d60050adafe436b0340b280e3b9c04915826aae3de2b5fb496a796|75977de4ea09da7bb7736711edfc602affb8688212cc4e6f004cbf82ab38b438|1c4472f85927357bb1d606b27dc50b85240628ce472a8b947afd071188f349b7|f88706fd6e6b8fc190e4982f6f1a8e87ce75a2b7737449600f222e3775b7bb8b|f10c61a2c02e380d3f94b18572f2b103220c0734d7b314e9adf3a16e638258e6|e04375b484ba09b296c39c206dc2330555954ff6570bc2ec238001525529ba2c,0,1.9073486328125e-06,5,"t0 ego planar: +x forward, +y left"
2f093cad7209436aa06e103bfe062857,17f093975cd84eb9a53143b7e7591e6e,ba91e018023b402bb234072b4972ec8a,58,True,True,Pedestrian,,12,3,80905,75c10f2804fdf4009f447648c386d4b1e6ca8f1fe8eeae67360b54525fca6b17|a3690ea777e13874c00fcb4a42ab4000f46a5a06cde122f28134cdbee856562b|7425866fe8481bb2f1f6b3d1f9596970f150f9897e87295e53426718fc828353|c18fd568337185106e68ff468dda5a7f5e49da4aac3d4d01664482fbccc9e95d|75aea397290f7d07c0fbeb5251e3202b65c527766f8dd4b3e1806b204406cf50|a9a02cb7a501002d4ddcb205d2797ac58d03549ac289721baf6614d78bd30a86,0,1.9073486328125e-06,1,"t0 ego planar: +x forward, +y left"
2f093cad7209436aa06e103bfe062857,17f093975cd84eb9a53143b7e7591e6e,be452b71bcee4607b1cbca58c2708c8b,59,True,True,Pedestrian,,12,3,80906,caaff4da120765480528442234f9f335719db338250d14e5a2e93d81248eaadc|63385761caddbc955783e1e461e305530acc772e01ce11ac9d52ff72e8ed49ec|b923dfa7ef6e85d0fc0275df368ea8d2b329595f1061de2fba59b8a5ab636fe4|004509ec62e468018a5b46c7b91ae30de1e855fd2c900a1845497fc3fb896c20|cc8dd0b78ee1e9f19e04c62c2a2004b70674fc99d0787f4d72244f92eb1d215b|26c2d43a91dba626f90aff16ea499e5971c26cb8867af9e1ba6a14a7653291c4,0,1.9073486328125e-06,5,"t0 ego planar: +x forward, +y left"
2f093cad7209436aa06e103bfe062857,17f093975cd84eb9a53143b7e7591e6e,be5b6764ac164447a1adafb9bebad646,60,True,True,Pedestrian,,12,3,80907,4f90b137f266703242e86c6091998dfeb55882a25bce84304a4d46e2fd9e631d|b5128eed7cbb8b345611cf38924f4090bb352ccd10942e5dbf7cc014e9a3c51c|dacaf938eaabbabafd98f4a19ed823daa0d7550a6fef6e6a43125c24e1bbd589|fec070ccc1356226df6780eb2522c2dcc8961908f0f6b51b08992b7ec1e686bb|ee13e31226215530242e2eb85dafe13c34b33a5f929164addeec69bc57888a49|95814891993e057e670234a7f6aba7b8f3cee0ac28d44aaae655359eeaa0402f,0,2.86102294921875e-06,4,"t0 ego planar: +x forward, +y left"
2f093cad7209436aa06e103bfe062857,17f093975cd84eb9a53143b7e7591e6e,c138fb9b0f1c49b0a6035ed9e766181b,61,True,True,Vehicle,,12,3,80908,ed922601e3cf7b63ef935bee40c782ffde22d3e27075e049b73299c8ebcadf7f|c47284688673ceaff05a393b59dcefc623616f96d984dd17a905cc4198adbebc|59a097cce24b7e86206f6e5d0a0ca0fb014a7c66701dcac0c6ce8babf258ba5b|6bef29bb29a80c4ce47f1fe426027a53a7dee65723d831dbfc3744f26b5c8498|564d84dde51f5d43b52f84690fef3f1b2578a1c2c762254007f329d042d785b7|19d298c1c115a1d1f676984846579154df645c2bb1923be51a09afc042f0fec8,0,3.814697265625e-06,5,"t0 ego planar: +x forward, +y left"
2f093cad7209436aa06e103bfe062857,17f093975cd84eb9a53143b7e7591e6e,c2c515ba30814a8aac76ab752c160672,62,False,False,Pedestrian,insufficient_history,12,3,,,,,,
2f093cad7209436aa06e103bfe062857,17f093975cd84eb9a53143b7e7591e6e,c6ed1f0f231d4567bc5cce844d594978,63,True,True,Pedestrian,,12,3,80909,8dde5c354a30bd4084da426a89b41bdae3f1f80243995e115b6ba3129f703e1b|bc27263090b433aa98bf6072de454389f753a78b3e755ed162d966e5e8268782|6bf38901351cd06e4795087300ddac1300cc75d81e0c17e52f5ae217462f4109|ac3f35ecf7a66fc35990e055e8ee4600780cf0f2d4191ad281a49ca56a5419a8|c0c6c590159da51a70bbecce85bfebc9f2167e82862cf6f57c0ffa0ecd7399ef|92bb688ecf13b9dcd1bea232d09350576837eaf6974d0edb8c97b560cf20e04a,0,3.814697265625e-06,1,"t0 ego planar: +x forward, +y left"
2f093cad7209436aa06e103bfe062857,17f093975cd84eb9a53143b7e7591e6e,c86dc46aad6e4dcaba4418f49cd1bee4,64,True,True,Pedestrian,,12,3,80910,2391d6f59d22df444351301194b1d3c4cad91c5264835531baed20f361cad85a|9128b8f22ae8ed62941c9af99f7e342f880f196f0486674061ee5fc9e68226e9|e33f644fdfac57a8c0c01908b9ff9dd6f900ba8bd48778871dba6fdde88e9113|d43c72c52709286ed345a5dd5e93532129b05b019d21e55f20a0e5d64e5ed064|8dc643e0ab6fa435abdef91c01a9d54ca969bf1083ce8b9c4111862afbae15a2|5e6118be20ded814265faad2287be396f1f78edc499dcfb1889a6bb4bd1e8486,0,3.814697265625e-06,4,"t0 ego planar: +x forward, +y left"
2f093cad7209436aa06e103bfe062857,17f093975cd84eb9a53143b7e7591e6e,cab33c41c443476cb24d1f2393dee7be,65,True,True,Pedestrian,,12,3,80911,d91accffd849b387ca702443d938a5044d09961295663bad9e57abd4512a8448|151461280b7f7c3dcbdcd1e10f8ffb9791d68c9e8b34db8e42d92e6c56539ff7|5ecce9fdb1e71bfbe765339fb597cb1d7fd9b9ea1cd7d3091f62f88c93360a29|01f77fcfccf8f662780902af11ced22b6c5b998cc9a26c11e2df86234fa7babf|fd13dc7aab950f01f1ff52d330c6ded1fa0ff9258703161aed9a1e9564d51b15|1d786a4e0c5598ca78d5ce756e3b1ca2a0c95816bd21e6de9e036daa79cda7e4,0,1.9073486328125e-06,1,"t0 ego planar: +x forward, +y left"
2f093cad7209436aa06e103bfe062857,17f093975cd84eb9a53143b7e7591e6e,cd56d5277820400c81b06631991cda86,66,True,True,Pedestrian,,12,3,80912,a4f4cb6685bebf6b81f3566b8e453ca43daed0c310bdf796b7a8ba2730482315|ba6288a3021759d0933e6a81b57193c86c81b4f71f70ac6982ec2ebef0522009|7a732eff3570f2a80d2875fad12a891ab11179b76cb46a7d7780b4ac74f984d6|f51e46b461ec2d6c5f9366e3f867179e4f62f4bd2b253c1723d508cf0b19cbdd|f11e15a6f50f02a7ce79116e2f1f77c18f108ca84dc0a94afe0cc09c73857e9b|a7a0bd88bad1942b573b44d9e411e4ef80d9d15e06e40e908701fb807cdbd1b8,0,3.814697265625e-06,5,"t0 ego planar: +x forward, +y left"
2f093cad7209436aa06e103bfe062857,17f093975cd84eb9a53143b7e7591e6e,d279f59ecf2748cc95ea643154747067,67,False,False,Pedestrian,insufficient_history,12,3,,,,,,
2f093cad7209436aa06e103bfe062857,17f093975cd84eb9a53143b7e7591e6e,d832c15fac4443c1885a63af9d7c52fa,68,True,True,Pedestrian,,12,3,80913,7a55ec8de9eb15d3c5aeac23d28150e3a1d409dae00a20920ead98bcd3dbfd95|16eff2507808d10ce9d34a3198d5810fe604b3c36bc10c32ecea85ada2f36d14|5a8e46b7003f4721716a0df9e87702501920aec57f3253d827464b0bec25ce30|9c239040614089d6c9805c1a671f8bac7eca5923804b8db14f0a0db32222a0b6|4c14d7819dfefeb04cd89d3690f2f19f1c4c0880ee4029f4557b7562ba66c0e5|8e92bdc048b979621c239508e4283a0e85fb97d2e2910c16f4652629e891034a,0,3.814697265625e-06,4,"t0 ego planar: +x forward, +y left"
2f093cad7209436aa06e103bfe062857,17f093975cd84eb9a53143b7e7591e6e,db6dcfa116464e81ba515e83ba124914,69,True,True,Vehicle,,12,3,80914,77a5ee10ea97cfe5f79f6fa87bac28aa5d892f92735335033821d3c10efd67ef|b97e32c15b477bd86651d7d3d96fa97bf1b5d66bee3d479eb0feed902e22454d|8fdbe57a5c13aa2b7c8a3e39826ceb907ccac0015122a561396b1c31218baf0e|9775255d0ecfdc99d815d1042de67a7363d6991dc30522b092c13802d81097d5|fe57e3b075240657b5333b6777af45ca7e283890983c085d3776184a9ceda023|9a1160e5005c1a5ecabb8fd71e3ecb57ed5113cd1f5708ae16ccdb04aa50965f,0,1.9073486328125e-06,5,"t0 ego planar: +x forward, +y left"
2f093cad7209436aa06e103bfe062857,17f093975cd84eb9a53143b7e7591e6e,dce7f36304a54b37aa9a890c473957ca,70,True,True,Pedestrian,,12,3,80915,04cbf93251079fcc6dc9bfebc3c9346aa0d1d680f5ccf908061dd89540c4b0bd|556f8ff21b5b257cafd0ab346eff4b7a5a2861ee0ff4ce1863bbcdc1efb59d49|9fad92ded4f69f50dcc6c36ffb736f3addc7515f63915c7e45b1fe09a33f5fe0|1ccc6d1794c0d039c3d031623bb3a66fa9bfbd0c0afbe7cc1627a56bdc841e61|20767cd07a4eabceadbd298c833e406682a7083ee075e7993ab63e2ba9a665ce|df0d890d706ae1459f1337e1225b0233b4d94f81418c60bf1f915e126cb74007,0,1.9073486328125e-06,4,"t0 ego planar: +x forward, +y left"
2f093cad7209436aa06e103bfe062857,17f093975cd84eb9a53143b7e7591e6e,e14b451b15c0436eb6f4c3a6b574c29c,71,True,True,Vehicle,,12,3,80916,9eecd856872158d9d557573482d86ce7c896ede2d38b01db70e3e0495c89b961|7ef306d66978502b2b89b4639e505bbd80f3715ce8c55a689752af65d046d846|17b64ad4c2c011b50082ff0305df8e0a86f4b1547d34b42b1215885488866b7f|29d8fd51cc5a9fb9e07ab2a76ff03363bf5df21e7b8ea90c1f69f2476b8aa0b2|838d8198d448f9ce3f772cee9dd2a447a083a166993830a04f7c10fddb892b72|6e76e05e75b0e5744ae97a6c3d462a171ec01c48a7865cfca239d2595bd8aea9,0,3.814697265625e-06,1,"t0 ego planar: +x forward, +y left"
2f093cad7209436aa06e103bfe062857,17f093975cd84eb9a53143b7e7591e6e,e174b9b8d194489b8f5e106edd1d7165,72,True,True,Vehicle,,12,3,80917,5b67a88b74b036e748b1946ac592d0d5aa5987e01fd245dcfa9eb1880863928f|d4c092ab84a6a7c49417635981600dc7ed8ea586893b96b536e60abc417ede91|5c5f6424c2176d10b1828e60ace063a4969b1885719abbfa0a1f2aea038a13f0|0d44a54d3287996e2c5473d45f5099aad57ec9fc06056e51db08e594e14ca4e8|32c1f8e4451da4727c162471c494b140535dc453754fd07e67e50725ce4c8bd7|2c6877df5c6ed2fcb2bbcf130ceb39f9e85120909f7e295346fbb9f3e974bd88,0,1.9073486328125e-06,5,"t0 ego planar: +x forward, +y left"
2f093cad7209436aa06e103bfe062857,17f093975cd84eb9a53143b7e7591e6e,ea2a184c58e444659905805f776f6d42,73,True,True,Vehicle,,12,3,80918,1c4aaffe81c69cdf8c1fd04232dacffa45955ec4b2319d889bd29529857ce305|57fa8eb0014401d4edb31ec9bd1ce64687fc107098182a6480e0200aa5137ad5|97e45892f9e42046f05c905993df76f9a60e046cf4a9ea11a210263bafa1ca56|53cc3225d7b8cad5e81a6f2bb7ef9b6f24f331a2eb615d406b3badfac52c45c8|322468d8976e7d664ceb8f99e26e555e38aae161819aee0aa1bd4ce7b22ea261|07fbea7e5f6c9c5d9f7dcc6a52a3c57f0f9c49d2a74568dfaf057e0bf2192108,0,3.814697265625e-06,5,"t0 ego planar: +x forward, +y left"
2f093cad7209436aa06e103bfe062857,17f093975cd84eb9a53143b7e7591e6e,f2d4d843dea74b80ad8a28fef14b3996,74,True,False,Pedestrian,future_incomplete_or_outside_recording,0,3,,,,,,
2f093cad7209436aa06e103bfe062857,17f093975cd84eb9a53143b7e7591e6e,faa1afe68bf9423694eb0e18ab3efc41,75,True,True,Pedestrian,,12,3,80919,80f4ea085bba947b4bb5b614f23b259071595fcbe73eb31bde6d5506e167cfad|aad2234db11bd421e6d9478b0f60cfd4f424ebfc9cdfa32ad87e1c39e7c30977|2625c2e1c1b48b6a9255c475aede379b16aa99d25aab328b7260f3f709ada48f|1169551e00ff1aa21af12b26fcd8e258791163d65b47ba30c7eea3c9297217f8|d445fe0cd4e883f5ac1cba2f819d81195a5193220174ced915b1ee1f8e67162f|f8386cb911adca095475ccdeff8b92dfb7145bbc15f7f0d79c1e83ae1cdbc222,0,3.814697265625e-06,1,"t0 ego planar: +x forward, +y left"
2f093cad7209436aa06e103bfe062857,17f093975cd84eb9a53143b7e7591e6e,fbec88af56334aa6af3f84cd62904c96,76,True,False,Pedestrian,future_incomplete_or_outside_recording,1,3,,,,,,
2f093cad7209436aa06e103bfe062857,39b0988d06844e6990fdda1e58b6c0d9,00d4c7e2c32b4562813ce147d0eacbb9,0,True,False,Vehicle,future_incomplete_or_outside_recording,1,3,,,,,,
2f093cad7209436aa06e103bfe062857,39b0988d06844e6990fdda1e58b6c0d9,0166f168629e42e0b6a512e8fce47cd9,1,True,True,Pedestrian,,12,3,81610,3b7cfd1331e90dcb1c065d5246f5c3cc941f3cca2433221da22ec39cebf68b0e|16c15c2e4671bcf5d196f49904ea1757127c4e85cf6a12a6ae098acaeb33ec7a|ecfc21c24aaddcc9a73036b0166883d06c2a46c1a91e08753891ed7ac7161b96|86e87de8fd1645d2d9d9e06ae25b02c54a823371fa6813d5714e38b54a634771|8c204a37f58801e44f9da57c9c2fc2fcb9cc32378f6a754a735f301ca6a16786|c6c7eb1cc4a798fc00fc7da32dfdb107bd49471c585e922944007092cfad1034,0,3.814697265625e-06,1,"t0 ego planar: +x forward, +y left"
2f093cad7209436aa06e103bfe062857,39b0988d06844e6990fdda1e58b6c0d9,031a17c220d84234af0c35309c2ce86a,2,True,False,Vehicle,future_incomplete_or_outside_recording,3,3,,,,,,
2f093cad7209436aa06e103bfe062857,39b0988d06844e6990fdda1e58b6c0d9,07612f9fd62542769d32b33d382ef314,3,True,True,Pedestrian,,12,3,81611,436135d976e1aa98b284cd75f3da51828d5c850a7a8937905be28fa90b5af517|5c6bca7c3741d714b82609a10f4956d7973f05fc92f57011f6fa5d5ff8270c6e|a342f3af6e1d16aeee761d4f530351caa92232fc6bcc9469c762ad0f21a4edf2|d5f4b01b242a7c5965f47bfaea4ea8caeba90852d3a58f204868553083ae2200|c5a3e2ca7ca02fec575b987fbc323274dc4f98272d6b8129bb9d8c9e34bd2ab9|43ed89b30aced37026ea8a47535d5eaccb0c0f86c8a94fe754add334cd392130,0,3.814697265625e-06,4,"t0 ego planar: +x forward, +y left"
2f093cad7209436aa06e103bfe062857,39b0988d06844e6990fdda1e58b6c0d9,0e331eaad1b2479f930ed3288fa58013,4,True,True,Pedestrian,,12,3,81612,af5cc45e78cdf88107b77f8d277a8740f3ee52f1afa380fbe580e59cc51472e0|37f410678de77b9927ac887a4fd67dd1e0633a429a1867620f4a2127adbea227|07356664d8ee3e73dcc304949c5ae45f97464c5a67b0f0485fff82af6a174a1f|ae210874d4f805f04ae525fa9dce09d5a0621d0c109f5947f096a0ac2fb545ad|7956f53602aa2e737d16dda4f093bcd759e063be5f6b60da2d2405d608ae624b|dc4d503b974cc53a8cb150fa5d5d2e8d90330f79f8513265f175679a4619aa5c,0,1.9073486328125e-06,4,"t0 ego planar: +x forward, +y left"
2f093cad7209436aa06e103bfe062857,39b0988d06844e6990fdda1e58b6c0d9,0ef6655afb9f4b70be8450540f0c1503,5,True,True,Pedestrian,,12,3,81613,f4777e24ab9c3b7ff2add1010043b6a3f711388990a94e0fe7b2c422f8c993ba|5bb8440a813064fbef84cbbd78282a62f03f0a032a49761cfdb3a5898665351a|044f10a4bd0c3da249ccbe88c090b03f83662a5296c323f754b4ff7e06db285d|13ffadf99ccf80e19de6703c13eaf555e80dd95929d0cd33e4beff73bd7c946b|3aa0071377996c2cd3d103a2d388f1f8d785132f7897f0d267ee9d920aa2af9e|138418fc2b61a6594b65fd235dd71ce7a30529665beb76fe7001668d5152c1c4,0,3.814697265625e-06,4,"t0 ego planar: +x forward, +y left"
2f093cad7209436aa06e103bfe062857,39b0988d06844e6990fdda1e58b6c0d9,1308419fd33e40b586d8e43034b19ea5,6,True,True,Pedestrian,,12,3,81614,3a6b2b3778c43c371d297a8e6c21e120d30fc200db0280a3129d563320b5cc00|e6e06ed8b4870be5f53ca2a92e02aa718e5c8ee5f4dae00c35fcada3f5a53c6c|39d302a831e34553e955c3afb9c6750723f199e99f418f8729a29f19020674b7|cc22318743de2a385e9b81d5da424e026aab2f2c4ceabc8331778bb8d8dfde9c|ba374ff5713791efa28cdec3060a28aab9f76085b95ee8333b8c6a7f75c841a7|1d91aa3bedfa5b9b655cdf07094206a828563117886fc58f5d008be48f063355,0,3.814697265625e-06,4,"t0 ego planar: +x forward, +y left"
2f093cad7209436aa06e103bfe062857,39b0988d06844e6990fdda1e58b6c0d9,14e37d7e879e41e9af4790d034fc2f91,7,True,True,Pedestrian,,12,3,81615,0fe1be6068dc59460a4511d8a876c3246f1eb6742c062f208d62dc24cfca9984|739de60c109ecefac72296c1df9a64098a06ae33f3fff75fbfe76ba7fdbb2204|4809dca455dd84569bae035f455abc5e4273ebb5ef46af2d445fec3dd245aabe|5c2a0675a7b5a1f4759e3a054a0176ae732a6694acd41569d4bd9a65fb1e4f65|676baffba6f217839fb8129fdfbbeee7940a5e1979d20ce67082b9a455c23d0b|c209f1ca4da3c1102e0cac5ff1e77810af16538835c7f319e6556a9dab336e23,0,1.9073486328125e-06,4,"t0 ego planar: +x forward, +y left"
2f093cad7209436aa06e103bfe062857,39b0988d06844e6990fdda1e58b6c0d9,1729e75e19b64cf88db9eeb470968914,8,True,True,Vehicle,,12,3,81616,3bb49f2b639c847a30144cf4e8c01eeaab3dd06bd3796e4c0501db43d5038062|f6eb559067b82c4d8425686a9a17f28c251438134c0b7246b7cfe688a751ec58|71abd25536319607269d8c938249fe3bb174f74f8df9086b8ed10a7be205f456|1f51e556f7e18a1518b273824c1ffe8ae3850e25c7abfffbef6ca43a8bafa0ae|ac947e7115fdd09089fb72dad9483f1e663c18713876a1500e973ec895fcebc2|e5905fb849239198620e2156bbd0429865673b7c720dd1c0036f519f8f43dc2e,0,3.814697265625e-06,1,"t0 ego planar: +x forward, +y left"
2f093cad7209436aa06e103bfe062857,39b0988d06844e6990fdda1e58b6c0d9,174943919fb146f8a414c3aef74dbe74,9,True,True,Pedestrian,,12,3,81617,7f010b06de428d2fd0ec5dc703596c6a3a73f53945c81958b1851b8cf29865a3|1a0f4d2370c77a29d5aed289543dc9ae6be497b095e5be6b5fa3cc51154f893c|aa7554a872a658ccfb23e71eeaf9bbe058e89da7e70bb3c6740db817e26ce568|3880110c15e9eb2db88bf4d15093695bdc060712c24657d4f9a66e8fcd4f71a9|54c5c717bf19a59feb86ce6c8272df9d370b554833b15cca4b6997df1f57e6b9|aedd3346e49da66d32befb3ed4c5e9a9242390c09bb106aee86f7f86f984203e,0,3.814697265625e-06,4,"t0 ego planar: +x forward, +y left"
2f093cad7209436aa06e103bfe062857,39b0988d06844e6990fdda1e58b6c0d9,1771ddb3ca9841eaa9faf83a78cc243c,10,True,True,Pedestrian,,12,3,81618,529fa06b4502b36615fc788d1016473b1118235aae57e4803c50ef2bc825156e|0d26ab878b618f2f6ed156c07707fdd3b632ee3af1d2f1d01eae3fe4a8eded69|1af0f4e9923a7ca5116dbb17b2b5b6a5ea777e90581d2e40211caeb2c269075e|f0116a0b860ace3c48aed0bc8c5834f604830123e54c9c1dde04494074665df6|8277be036c37e1e1095cc212e1945c40a2ba33389a8876406d8bd018325a393a|4dfacddbadd605a8d72192a0d131a7ad6a58a31ca10051d62e67dee587ebae4e,0,3.337860107421875e-06,4,"t0 ego planar: +x forward, +y left"
2f093cad7209436aa06e103bfe062857,39b0988d06844e6990fdda1e58b6c0d9,1afac91133d14f6a86d47c7aaaeac4d8,11,True,True,Pedestrian,,12,3,81619,c9a48c12d96aae29db06e74a9c3ec018ce7e2109146892f116f322ecc3662fc3|3ace4090c905b492e7f147ad159092352afee9af57df5ac139dc7690d465e078|a242d17ecb9c4f0e89a4ba0d16b3af9fba308090a01501d83c2957a8dd9af90e|071c0f51cc99c6446b00ba771f46c435bf84d2b3c3f658b0248cedf118f88894|aba081845eadf0199c0c82a78c6bd809085dca5b809483e07bae24022d0be5e6|f2ae051f71d4b2dc9e94ed70fd127cd1f8127b763dcfec5b0ddc035234e48d08,0,3.814697265625e-06,4,"t0 ego planar: +x forward, +y left"
2f093cad7209436aa06e103bfe062857,39b0988d06844e6990fdda1e58b6c0d9,1c38bcc3bb444e37bf84a1ebccb06046,12,True,True,Pedestrian,,12,3,81620,f6a163d0f28fe1dc502c6aee0823f38ec1aa3c2dc93874fb8e3859186d536949|f39e2ce1652805aa046d41218b83ef1c98a38bdd3ac04b0489365aa8a908ef3a|f5949f4aaca1451f4f5725dd3a9ebff53574a8b013e5cf6e69acc33055f94470|09d1b1db02c6236f6da11179f887783ed1e8c479a040bce976e1ed284fb3cdf3|ef1a1bc557c0da5f983171be552106eccfbce78b341ed610c4022495c641e11f|b617482af70eac670437dab92ff090cbf641b1f6f8369873333db2d75cc853a8,0,3.814697265625e-06,1,"t0 ego planar: +x forward, +y left"
2f093cad7209436aa06e103bfe062857,39b0988d06844e6990fdda1e58b6c0d9,207fd1fe50354ff9b0159cc1f79dbc42,13,True,False,Pedestrian,future_incomplete_or_outside_recording,8,3,,,,,,
2f093cad7209436aa06e103bfe062857,39b0988d06844e6990fdda1e58b6c0d9,22eade04010d4f3aa85f090717bb6921,14,True,True,Vehicle,,12,3,81621,2e164748e2c53d8c04c45b4ccf84acd8958ffd486b3bd5822d41f527bd097c61|e11cded0e932e1384c201186be04b62c317468b31f5645153b5c8f010a408d01|cae41931be6f3f25bfaf42e0869562c8631c7e1c2d972d77f3f4001030882b4a|30f5e08b265362a84a781a6168a9f032e3c3e8829fd901ec7b6077e0a60597cf|57131ec1a70a117a593973941d2f8c73160ac4f669375368695d84c093d222f2|d2d605fcdad20a68bb4d81c2819c7a3199ac07d8e2cb34b8d40ed97859b7beb9,0,3.814697265625e-06,5,"t0 ego planar: +x forward, +y left"
2f093cad7209436aa06e103bfe062857,39b0988d06844e6990fdda1e58b6c0d9,2b19f2b1aa5e40e29861302b7581b04f,15,True,True,Pedestrian,,12,3,81622,da27d003c0d99fb1ed49b66e96dbf6ee4f2f034c64fd53c7cafe3e020e896ace|f76e74f8aa1e3a4788a4e12bed26a6cba8ff442c87bfd8b0027773ddc8aea540|456764b688606e3f54b90eeba3ff3609e04cfd68a2a96e440d13800b739223ff|0e7005c340a3ac43a54e1ccb027d9c9609abcc545a65b67cae67aab2163a06a1|c30a2c1e49c88fe4cea45c94029e325a93781f22b514552c36b37fa74a7123c4|71924a44bdb71fc460e22075a14efca8c282bf2abe2b4bc4ed367947683adc72,0,3.814697265625e-06,4,"t0 ego planar: +x forward, +y left"
2f093cad7209436aa06e103bfe062857,39b0988d06844e6990fdda1e58b6c0d9,2bb7cdf94b374f10a795fe9ec63f6d3b,16,True,True,Pedestrian,,12,3,81623,e733c14af90e42dd4113b8a32583ec098ab09c2200a0ef427f8f67c2fc8f9f70|ac894931043fb8919b5d94726cab148ec2d77a2069ec025da5a819da6d4979e2|44783041034e8c70cb4061e798ac53639813c8e2f1de0cc653982439651aaab0|a81d9ddc5a64ac0463111f91f78117251ffdb616a13f21a23dc015aa4b7bea3a|dd7aa79410ee265a472a3ad0c18cac342b1c68bcb02b18c1870fcd5b4aea9201|d50ad3df5d5a838a469943393da8a7818548635e8e21c0499bbf593174978c4c,0,3.814697265625e-06,5,"t0 ego planar: +x forward, +y left"
2f093cad7209436aa06e103bfe062857,39b0988d06844e6990fdda1e58b6c0d9,3077d0ff384a462bb63b16aeb09f122f,17,True,True,Pedestrian,,12,3,81624,dcceabb62c1361c37e376007e5f26026babdfb64b137611db2a6e55ff7835b78|5dae10fd6d1cfdcfabf6b66f490048fc367e68f94a18292ce7a9921feb081f6d|7d821374cb6d3293c8ec418d53494440a0f42f934fdc6e51120a08cf9943b958|8b0f9c4d2174273e13a34f589818f3c92856960832f2c8bf623096da48bbb99a|58fa623a321aea474864528d2495c2a2ac28b76f587bdb40d644375b5a97d0cf|21a3f3a5230dbbe3ad37e6e53e8f4290197a36b901b57c5162704a0f081ec477,0,3.814697265625e-06,4,"t0 ego planar: +x forward, +y left"
2f093cad7209436aa06e103bfe062857,39b0988d06844e6990fdda1e58b6c0d9,35846c0d1a2948e5afd13d5b8796ceda,18,True,False,Pedestrian,future_incomplete_or_outside_recording,5,3,,,,,,
2f093cad7209436aa06e103bfe062857,39b0988d06844e6990fdda1e58b6c0d9,3987ebd27c01426f8f37216cb711d425,19,True,True,Pedestrian,,12,3,81625,bc18626644c518ffc2e6d23f230f2324f7f5568b4cb3a0719635cd0e36c11445|446865e3f9a51db218290432c18d3ca056e306cacb89cdb364224c5c96a3c8d0|d90532a846badc349fbdc74b238f9aa2fe891e2c31b3aa8d56dfc7907148d0fe|2e70d0187de00f291eaf968ec15a98a6d2b84f7559fc5455bfe4c65274beb898|acba22642b87a0fd8edb8a3549ce65b3348c4be88f38ef0cf9b7f4e8138133ad|536348bbc7bd02ed9e0378afbb88cc7d67bc24449034f07141f726f8819f7bc6,0,3.814697265625e-06,4,"t0 ego planar: +x forward, +y left"
2f093cad7209436aa06e103bfe062857,39b0988d06844e6990fdda1e58b6c0d9,3e13f838e42e46a7b890a186a3b87533,20,True,True,Pedestrian,,12,3,81626,7298bb5fcb55dc26fc0f1c9e252f6d74ac0b44706a7798fdd49044b75089cbe7|6f4bfd93b88a0944156eb1eb5a34fb9baf9a751350f70b817f29a1baae91f04e|e2ff202ac07317acb319203d641f4fcc55fb7d21703ef95b955631b2f2bcb193|84dde808740eebfec49d54f5772b90d1572bfc7d0598a28caa0a0fa463519901|e2d412fc579a0b6befc1cb4f13faeed6d0a0e57b6823cc991952faf5e31dc3cd|1442d4d26ffc99df158d205d5cdbcecccefe6deb6228f03d92234e9a9a258058,0,3.814697265625e-06,4,"t0 ego planar: +x forward, +y left"
2f093cad7209436aa06e103bfe062857,39b0988d06844e6990fdda1e58b6c0d9,3e82b497e16b4e6b97b44dd4bf311961,21,True,True,Vehicle,,12,3,81627,92787990cb5639cbe53ff67eaa20d4c86350dbdc26a3ae082ba0006b3eeec39a|4e7c6d8eea6deec66233e041a1c89b781f023034db70a486cbf06bbb505e6cd3|ec707c58c319fd4964f6b0ca7dba82a6978dfe65758e9e8c1fad80ac7bd113cb|3c80e556d1a46ea44ad078116b5944ad55bda87b52c874ff3f058b9223325ce8|32e3a247e8a22e32e9cb437eaf952075842936c6a36b4444a3c1181c19ed7f84|b194301938d2d059d697516b5e6a680996cea46ffb8b6bd80c1a8a4d264e243a,0,2.86102294921875e-06,1,"t0 ego planar: +x forward, +y left"
2f093cad7209436aa06e103bfe062857,39b0988d06844e6990fdda1e58b6c0d9,413bd869d0d441dd8b743aba170de722,22,True,True,Pedestrian,,12,3,81628,7bd9147d2c2317f1b36625f5071ffdca29c628fd687496583444520bf971b961|60bc75a3e5aecff70f12ba4627fb64658530bba0e04a648945ab4f3274952f01|9ef7a2a3469ab6efe3daf4c24aa00d88b1b5c5ffe9708d64eca91f12ad2fe24f|966d92e85171e20c1a46646e006b4a9e476a656a10270daa69c0ac78822b9faf|8b4a3e43d49547b53867d50b33c803dc23f05ab60b25e18faf02db1142592484|d244f927f8ad1f3f39d7da8d29043ed3c62b6080e08c468709ccb086a21a393f,0,1.9073486328125e-06,4,"t0 ego planar: +x forward, +y left"
2f093cad7209436aa06e103bfe062857,39b0988d06844e6990fdda1e58b6c0d9,46bd347c7b6342aa822442e18cab4d99,23,True,True,Pedestrian,,12,3,81629,9fc140136db419c530351c36295dfab44452ec88279a99ce480ec5de97d3fcb9|7fcf808c8523eab2d6f8fa83557333f4f0c7de095b652e80dd8423e1f4e237e0|0c746b3421702467210c4c9e77493edcb6762ced30b5b76a973582cbe3747a65|0e4358452f26833c1fc0a9ad984b600aaf92925ba905066c1c419fee353472e5|e4b409d44958a54b5830e75b53986c1cbd80014ff9ee111b66b281a26d8568d6|c03f77279a9b4f054281d396eb8686ec996cd3ca96f34a557e3965082fd4cf61,0,3.814697265625e-06,4,"t0 ego planar: +x forward, +y left"
2f093cad7209436aa06e103bfe062857,39b0988d06844e6990fdda1e58b6c0d9,4d80262ff3f2481c8bf6355eb7df46df,24,False,False,Pedestrian,insufficient_history,6,3,,,,,,
2f093cad7209436aa06e103bfe062857,39b0988d06844e6990fdda1e58b6c0d9,4e1e7154b7b04535a4c98dc37308e98d,25,True,True,Vehicle,,12,3,81630,89bc6fef607071ff2bf5f2bcc24a96ff457a815c82cfd2c7b5c7d2ffe699cc4b|f3f5f6feed91870888be0c0f4515d41a8adaf777404d66c5f996ceed465f7bfd|d0aec8fa84bed8fae20f5a4faea9f9a462b46295acbc7e0027702035fc0164c5|9f7eac71905ba95d543bb2549610f665d95a210b95b16f24ed8420dd03ab7b3d|41f59235cb44fbd4abb4b00cb068edbe227e32410e96f3436127d918bc128629|634a9cba242b6fec8edf1d467082445d46e0227c15ff9e0c09848350f55a2222,0,7.62939453125e-06,4,"t0 ego planar: +x forward, +y left"
2f093cad7209436aa06e103bfe062857,39b0988d06844e6990fdda1e58b6c0d9,506a0aaad7304450aeea07ecf16f36fd,26,True,True,Pedestrian,,12,3,81631,951a95ae4439c36a1e6f3d5cc19f97444fb83783b918f06d256677b22b3151e0|e3de02cb3d1ced24e06e62c673d12e1cdf8920412b29fb192d6cab2848af7058|fc9068cda22a9290af5af4d70227605edacce322b6ae8f3caac8258286b0ca8c|846ae5d9ac8dd64eb10d1ec08ab57b02662b270ed7acf89884fb07a7f278cab8|8746e7ee24a1cbc2e98cd99386872cd65884947df7c7c6508aae37b66e00aeda|d5ac432192caa77ea3111a4dcb99ef4a749d92284e2ddb8d16a4c48f46dc88f3,0,3.814697265625e-06,4,"t0 ego planar: +x forward, +y left"
2f093cad7209436aa06e103bfe062857,39b0988d06844e6990fdda1e58b6c0d9,5091224b0a8840cda45f1c0f4a8e4a4b,27,True,True,Pedestrian,,12,3,81632,2d432e70d90549a95aa0bc6d478483130bb1455e8aacd5322fbcfbb7bae50d33|92fabcb13db446b1a33dd3c87167ed4c7c88cb109c0c58b70421c762b519a455|2d1e9e5dd2e5c6e6cf923f6c3067cfbcb9cbaeb5f8081689386d12b25f4ba326|8dda7b07afe12c610ab9d0cc8a65882dfcf5145ab55b981e27780937dc161f6d|30700c3e2ebc4a9b767e401ac17d020983fbc0c8b747c2b167f2f47fe98caf4e|36570d413c1c2e9f335291ced94e6c99e52ed42c3e27f49d3ef832806c8376b8,0,1.9073486328125e-06,1,"t0 ego planar: +x forward, +y left"
2f093cad7209436aa06e103bfe062857,39b0988d06844e6990fdda1e58b6c0d9,50982bb7e9c943c1b46bf06d41a2b1a0,28,True,True,Vehicle,,12,3,81633,44172b0ca73c84aae66abe8efd2c10dae3ac0b298c73f1558374139bcf174f6e|9e6ae16885194b03a977fea7cd5b5f5c0e4554e5942b2316ad646efc020cc396|32d7c2d2dabce42d1d0ee5888df510c22abfff14ca1b4f7cea1d30242d26bd9b|56e5ad515df6282a22befef0379d6b7e9cfba0b9e64784a818767f39549ed7eb|4d783c843bc088ca51c0ac473b878ef8b2c277f24c8f1c5f2f36229c8c27b63c|a1280d9b21550b260edfa085dfcc87c1f5d5e3adac53b6a2d5228f66dde3d917,0,3.814697265625e-06,4,"t0 ego planar: +x forward, +y left"
2f093cad7209436aa06e103bfe062857,39b0988d06844e6990fdda1e58b6c0d9,526d9a37472d42f5b6725decd62d853a,29,True,True,Vehicle,,12,3,81634,955316f112f756f73fd3c3d97ad0c681eb37f238063de663ec98811def3b277b|836b005808d73c6a32a867b0d254189e1cc296fdfc7d0f0867c9f3bc46ec6ad3|0574476c75c609881596d242515de3f707b222240013acb555d87e4820af1028|ab9f0e102d158d1a527ea30d98104c4cdfd47aa3ec0c1cb8a03b1f3d5ba34b2f|df3273dfa9c235c1787c1d7074a338dae9e151f34042e4232372dae76560cbb4|3b80d270ada82131e84a1def49bcbfbaaa1bc8ef854f53eca217b3e825334247,0,3.814697265625e-06,5,"t0 ego planar: +x forward, +y left"
2f093cad7209436aa06e103bfe062857,39b0988d06844e6990fdda1e58b6c0d9,55de2dfed141425ea160f6c53fd47445,30,True,True,Pedestrian,,12,3,81635,ba5dfba1310241556f2b3007727526b6e1e0df86a8a9ff092443a1cd45f63a21|e82b116f0cd06f4cac187bea88bf985e6edc40a2da2448c4e7643fdf72edf767|0a627766286c9d16dc785b0a0d9fc1d3716bccad804d90cbc24cacce7202fbeb|b7c3c1b65af9ff073079cbed065b39abd4abf87e14d6a83865525ed940cdc570|f64ea714ae22fc8f779df378a00a7ff588bf42c4c75e67d72230bf2d3be83985|e8524051e11f220910281e0870960ee5a0b4ab9f496a2beb3f7105de10d0cd0c,0,1.9073486328125e-06,4,"t0 ego planar: +x forward, +y left"
2f093cad7209436aa06e103bfe062857,39b0988d06844e6990fdda1e58b6c0d9,56f9c7efe554443d9db19544b74aced6,31,True,True,Pedestrian,,12,3,81636,627ee395d4aab9375e553eb5ab1c14316fe1ddedc1cf1ff865d15aa5bf4de58b|6dab716c84ac94a0e0b3e7e53c7c05bab3f9fc283d12a34594e350b10128a6cf|90482d0a56bcbaa8f90780a8900a5c00645352dcf4ca09796ca266fa4185a744|322236959ff6c97f9ae2dd32d61a1b32472c6afe429964a388173bd7783905f9|20946c0ad24fab8fed78a9b4ede38a0165b8b501c92d95b6bd7644ad890b3877|92c67949be7a5f19988a67ba2acfac9b99bce9d40041fbc1f8dbe5a7cfdcda02,0,1.9073486328125e-06,4,"t0 ego planar: +x forward, +y left"
2f093cad7209436aa06e103bfe062857,39b0988d06844e6990fdda1e58b6c0d9,57f0a3caa6e14979903b92c6158f6069,32,True,True,Pedestrian,,12,3,81637,777dbaff5f29b6eaf43031a83dc5a8ddfffc4fff7a73332d9ee486e371406f9f|db8b99b49365cca0d70c3ff798f7fcd4c1e7c296bb88a8028a71616871e9677b|062b7ee929feecd39f2581b125d5dfa8ed22a524d11352d0305114cc06b38075|3c11feff3c0ab0d2c99947af73b87dc3b5fb5665e5e4da8d1f7d89ffac064060|377c35753cf5f6da7ff896dcd3deaf84e53664d637f73102237679dfd9f339d8|7aa69b2e920b6d35c037a62d03be2f4f9ccacb3e331e8ea89e955d55c081da12,0,3.814697265625e-06,4,"t0 ego planar: +x forward, +y left"
2f093cad7209436aa06e103bfe062857,39b0988d06844e6990fdda1e58b6c0d9,587666045a5d46cea8a94885de67f422,33,True,False,Pedestrian,future_incomplete_or_outside_recording,10,3,,,,,,
2f093cad7209436aa06e103bfe062857,39b0988d06844e6990fdda1e58b6c0d9,5d4ef8e6ec5c406483fc135208244692,34,True,True,Pedestrian,,12,3,81638,6984000807faf450637fad949d0f19930402657f48578b1a734b1bfadba914f6|1c659787d2e546f1bde0486e3c3612a3fa9b7cf0a3751e8032529a4a229a626c|8107d730a5a68b3365f060fc3f72c72cb78810839db0f0a726b617024ce00a0b|f90b8ba2672bfb59dcc40c730cef6959fdf5f758ae14e24e129d52928275e231|53797c8343c88988de243d2f8d3afde8bfa3d2a530698c48b224aeaa850dd6f0|d7af8d17049c04d4083cda8505ea00be812f7361dc1bba4915d4ceba9cb5ba25,0,1.9073486328125e-06,1,"t0 ego planar: +x forward, +y left"
2f093cad7209436aa06e103bfe062857,39b0988d06844e6990fdda1e58b6c0d9,63392ab5de224796b791b3aafb43482c,35,True,True,Vehicle,,12,3,81639,0c536fc21c2fccf273b28c98efb2ef78c6575e3dc75f2dc3fb6465350eb63660|2fdbd991094fef887af45d66b249af345f068c3c46c7275cafece1f3d646018a|046e004b7c20c38ea43d6ba0e972d0acdfc3de9240d94fc933c2e8a83fdd04a7|71b621405b5419c9b83fe579d5a114c88345d432c57a8de51cc0b392ceabc9dd|1eae1818e02a2bea9a97af4cdca9f80d8ff6a22b78a7ac89454d84b02639b1a5|e77c68b211e46a556a1ad8029989aa9ad103c29135af7b7951900b41ec202a4c,0,7.62939453125e-06,5,"t0 ego planar: +x forward, +y left"
2f093cad7209436aa06e103bfe062857,39b0988d06844e6990fdda1e58b6c0d9,671b89419dbb4d35bf4fa0dc3c4c6d2e,36,True,True,Pedestrian,,12,3,81640,a6260bbba2551441f65ad0a1f1f244322bee3840e250d122a72b7b6c3aff4875|4c14f7dd8b901ae6cd2c464f1ea77f0904c5c969e8f0618648b5b3c52ef1409d|4fc87b105af10dca1c9f4bebbba1556ddaed8da54b82c734a857b92a33c04ec6|10211b227b004ba7c57b68919f03785e6f712e9ac6b20f78b992c7c69385585b|890f089da0c36335c4f7411f5e517ae7ec2ab0f3927207dd93ce54d56d0e20f6|ed22bdc79475bf4009e33dfadfac4bf4cba752b765e8dd39aa9c357de743f57a,0,3.814697265625e-06,4,"t0 ego planar: +x forward, +y left"
2f093cad7209436aa06e103bfe062857,39b0988d06844e6990fdda1e58b6c0d9,6759474affb04949b07f087ab2c30958,37,True,True,Pedestrian,,12,3,81641,1b7e47b39f96a27ecb9beee784af863f14ff8eed4df16d69607d4669d0894184|29e3781a3e985598a11f4e3a98b56d993a5f776dabec26a1fdea818529513995|cc6104d56bd26a40e151bb1deb42f24457151c11c96b9dd378d253bf4bdfda01|a8d84bd13cceb4f08e97532dc66dcc4ac138c8cea3b49ad74cbeba8bb15a9966|485e1d20a5553cb1b12b6538b0efd5022abf290b478f134ac32020f75a90c8ee|7e81f31afd43e18e2fceeb235a38f754cb7f6eeec5c1be014028833bcdbb3b6b,0,1.9073486328125e-06,1,"t0 ego planar: +x forward, +y left"
2f093cad7209436aa06e103bfe062857,39b0988d06844e6990fdda1e58b6c0d9,685ab70367bc427886c9d0f338c9a8bc,38,True,True,Pedestrian,,12,3,81642,b32ab8fc122131da6b55487688da694bd6fa4aa37cdff9ba65ed9649f1a11844|bd79602ecfdbff2e8a08ea80dd022a443711a687d2793a323afec908fa1df0b8|67700105a050c5f8cdabb7e81a9f71b8e4b45a67dd7e267f3fe9c235799a5bb8|c4c1eebe7ba3dfa85417077ee6f098d1fdf06cc4a74dfb227c59e288de151db2|1170a9d90720c019968485752e6f9072fbde7bab344ac6cb29369dce69df6d48|65c9e8cbff5b56ecc3a3181098c6c200d9b5074d251fccae2ea5780b1775eb62,0,3.814697265625e-06,4,"t0 ego planar: +x forward, +y left"
2f093cad7209436aa06e103bfe062857,39b0988d06844e6990fdda1e58b6c0d9,69e77046c5c74c2cafb09f8922940987,39,True,True,Pedestrian,,12,3,81643,3b07bdd8bc4785f081af5be06124905d3050d1281e101dd296b3f409a11e2170|3a62dca1beca4e899c94f6b841b65413cf81d4a8724c100bfccb8bdaa1c6f3ef|0efa80b78a1f1a03a26751fe5fa66af67a95b85f3c170adad0ac78e718429979|9b5ef07030ef961e747b04fc7846db4bba894e6a7709f084f1bfe0ee088d63c2|43c3b34aafb01107f7aa5fb9fb29d8a004e8d6ef1b197bc3e1b305d65d5fd756|3bc01beae130c570c59c81c812a46b53c0609003d2e6d2885d4efcfc18657aea,0,3.814697265625e-06,4,"t0 ego planar: +x forward, +y left"
2f093cad7209436aa06e103bfe062857,39b0988d06844e6990fdda1e58b6c0d9,6d6e67af612549e7ab4323962b32e735,40,True,True,Pedestrian,,12,3,81644,04dc46f7de31ef80789a0635eb68f9ebd09a846457aded8c7c18135c4ca1208f|176f7f1acd251a61b8d2005b3e42d5e3b5e64b08fb737ed2c59e5d5fbcfa64dc|b292184c10f853c376919d57f33c0d165cbafef6f193d7d72318d18fcbafa3da|5511f2f7413f015d5d982ad2727621a8abc59009954723443a542542ebae7297|1c7aaaec95fcdc349872fe78c46a16bc9fce0f83063583dda04c2f6652e89113|dc14e02b2005ff0d9a5c9aa1cae70413b71d89644fbf77dc22345c273f36de05,0,3.814697265625e-06,4,"t0 ego planar: +x forward, +y left"
2f093cad7209436aa06e103bfe062857,39b0988d06844e6990fdda1e58b6c0d9,700e899f12564853a045c02c503bfebc,41,True,True,Pedestrian,,12,3,81645,d9bb39249b7b12b05a6896b46e737d81702c0b92e86e985bcd34738c06cd3a31|78deed1c0beaf1b2d35aa720eeb944d8910f71cfe387157ec29c2546797cffe0|6e85b37dfd72b066589faf7175be48efdb748a24bdadaa9a0da6396a22b58765|9af8af3c1499bb5e90e065d12eb7d385f1ecd4ce3f626724e7a40776abaee66f|915084e37a8b649a6d85225a70b918d0bcef9d2516a2fbcbdcc02f81340ac737|9a2a1d1386fac208ca822bb853ab7a1dc9f0719cc78ef5a0a107d87761532264,0,3.814697265625e-06,4,"t0 ego planar: +x forward, +y left"
2f093cad7209436aa06e103bfe062857,39b0988d06844e6990fdda1e58b6c0d9,75dc3894edba4a14a7058ff078ea7ed3,42,True,False,Pedestrian,future_incomplete_or_outside_recording,11,3,,,,,,
2f093cad7209436aa06e103bfe062857,39b0988d06844e6990fdda1e58b6c0d9,76522433529c45409c3e0947e96ffa30,43,True,True,Pedestrian,,12,3,81646,86b31ab8745b3b3c18d85db243a01be8e20e9f44fb00ec76f3caf8c88b99539c|ba5215412bc3d54b525871dc86ff44e778c10e015bf658c37d4fc15430ca8dc8|cc2d13b17c9de8f4dcc12c972fb4aab2a5f7408449c017a20c4cddcccc528fa3|a213688750be7c03a55a1e112745870aa3b1ef2337f456f556d5d2aac462b08a|fcea0ac99bf8665c83e87fc4d87583e6051e1fe9ad82d338e8a33fa85034e488|8cb1b0146849e81874ef540e8e2278644bf4517c5dc3eece75684ace22039ca9,0,1.9073486328125e-06,5,"t0 ego planar: +x forward, +y left"
2f093cad7209436aa06e103bfe062857,39b0988d06844e6990fdda1e58b6c0d9,7d984beee63f45fe9fd435693741a358,44,True,True,Pedestrian,,12,3,81647,39bc046ef60904ef5217efe0e982d2e1d366a3bbb96febbd1712294e71cc103e|d33ea51a9a4837872ad57ed01385635f4ab303357f26f5cfb21bc24a801373ad|81e2ed5ef6324d7c54c3529e311d42dec57cd686b171f3b4d30ce580a6998a42|df76bdfd2d936386651e89029f2309ab5a34f96573ca09241d6cc94888f8ccd1|eb15eae8f014b16c6343a396b3d07ec37d7e12c235e0da90eda010c2f5177c65|53337aeb9dcaffd0e988a9af59d5ee71386f01412079967ec4473006ddce0796,0,1.9073486328125e-06,1,"t0 ego planar: +x forward, +y left"
2f093cad7209436aa06e103bfe062857,39b0988d06844e6990fdda1e58b6c0d9,821a7db17620428488f9f746f888e26b,45,True,True,Pedestrian,,12,3,81648,147f67d87c5effa760f3285040839b08c23bc8d38846fcd0c09254033518d4cf|c46f4fd5e537b1da1b6b87b90849b9579f2659f31ad5277710a18587842d04ce|032fc03d5e9f39a4b3759e88836eeffbb549d44d6dc6dd0013d918324f1df06f|9984dac3b9b8bdd0824b56efe3762107605e4e329d96527f585d425780d9c5b8|85203d39c17b2e0279ad769f8fe49a2de3890016f1ed3cb18ac53e3572b811c0|a7a1f65f14cb8b8c7527f8e88a7683e1a7a1253d8f149027c5b49471c430a731,0,1.9073486328125e-06,1,"t0 ego planar: +x forward, +y left"
2f093cad7209436aa06e103bfe062857,39b0988d06844e6990fdda1e58b6c0d9,845a673d0a514b8795177463e3a3346d,46,True,True,Vehicle,,12,3,81649,758c70b976d2af031c005039c6913e5265d87d8ffcf043b3aa3e1c2431ed2562|acff94270fb185e47da6d488b805a0790179563c1172e91fb5505f89555d0b0c|52a3092fdb236935173978d3cee929f4506198291cae156fda933ec3ea54f25a|915f1e108162353a3771133fba9850f7dff475e15799b7455a0cda8f4bc9796c|31cb60d33023f55a17b333085e2e0f5af1cebcc8b469d7b84fcf69103855a39b|673b92a65357bc07fbbf6938d9d18d42e51adcf323e2fe3339900a8e265543ae,0,7.62939453125e-06,5,"t0 ego planar: +x forward, +y left"
2f093cad7209436aa06e103bfe062857,39b0988d06844e6990fdda1e58b6c0d9,85b7c670ebf346fe9a46390bc63eb8ee,47,True,True,Pedestrian,,12,3,81650,40564fbabe502676ffe222aafbe2e324dfe3b16c3ad6f486fc0414c13793a786|0ac4c1521aa9f96e3c55801038870f9a96d0d388f1ec1f68b336cd90e7e88b95|9db48a815a18c2a0b04b0163e7ed4fc3f5906ff479f854f39b44d27f70c24bee|c569e06361f612362858b7765410b18f2325bf90cf6ed886d88af3b97add0e74|9ba3051366eb2cc85eb8d9b2e0955a311e89a937d890e5e2523bf39e3b8d58f0|ef96874befb9445d052ab5af45589cf618beffa6e24e4bb8a6165bd2d7858d66,0,9.5367431640625e-07,1,"t0 ego planar: +x forward, +y left"
2f093cad7209436aa06e103bfe062857,39b0988d06844e6990fdda1e58b6c0d9,8b6dba33c3624ae0becba4d640cdb0a4,48,True,True,Pedestrian,,12,3,81651,9d8a9f6c28cef6c34ae71b2d60f773cad6aa38ebc9c96cdca2d0c4c9c95821d7|df221d4d735043b678a2c3b9042da4e7f75c463bbc36295c0ca3ac478013b5e0|60bcb876f8d820c470182b20c4933616fdac737375539e1b0a78afd8d017095c|b219cb4aad79eb8cf80ec3c6452d382b472f08d917e094a2d85c519f83d221a7|5cd4dd6e8a33f0a6168a8bc8e95f6bd96cd24e0bf9da03a60864f0ed63d55fa3|0348f837f55f75047462ab473c7e54d951d0e32a60bc0738bcdcef868bae21a7,0,3.814697265625e-06,4,"t0 ego planar: +x forward, +y left"
2f093cad7209436aa06e103bfe062857,39b0988d06844e6990fdda1e58b6c0d9,8c20af53fb734b95a7205018fe5e5452,49,True,True,Vehicle,,12,3,81652,c23b698977fef9ba1da6b919fb074dcc92525cbaaaf6503cea32f484eb8d2314|7ea29f1f37a5303139fa4cdbf5413d001eace716258773f1643b9dfafb5137ac|c57b61445cdf9abd9c43a8c9a07b2f5da486afbcd53903696f5a041d23c6f920|7df8988688d21fcbd23c1bd1c7832f334b436eb6416df5de72ad58264ccc6131|dda971fd858d717d2e7ff3288d0404f27dacbeeea8b95a1ef1cfa99f2d817f59|03de3aeccd9e3794aff997348f37bbc46a9c7d7880c0f69a071dcedc05b2b9db,0,3.814697265625e-06,5,"t0 ego planar: +x forward, +y left"
2f093cad7209436aa06e103bfe062857,39b0988d06844e6990fdda1e58b6c0d9,8e2fcedb6bb94860ae29228b33f2a2ab,50,True,True,Vehicle,,12,3,81653,147e977a449d3d3b2bc14badd4b9f250af3dd71e5eb108ba9593046b1ec47141|452559388e5f0bc4dfbec4f4f16d0ac1d6ff82be0b2d2af1972f2ce8a3a6a012|c2d98bd5b9f48f8c4c698f9e284ee14b00039642380a6d7486a0150ade4cd36d|dfa047f947e3b5b11deb9e2fdb0f5ae94fcbb9d3fbb8ffed18bbbf5d8fb68330|28792c4049b0fe39ddb69cc759987709c3a4ec4f4aadb64e95d1581c23c8e411|ac4e4f007dec65a298e7955ce569d895bf8ef7ba7ae4917c71c3b974a70cdf6d,0,7.62939453125e-06,5,"t0 ego planar: +x forward, +y left"
2f093cad7209436aa06e103bfe062857,39b0988d06844e6990fdda1e58b6c0d9,8ec327349f0142da97e959143a418dd5,51,True,True,Pedestrian,,12,3,81654,33da822dd35807e8e65c798963ec4f077eb5c96b393be9b8001f184cbb5c7014|3fbe653595d0194270cd24b38cf8f7cc6a91a954985d6ad81f3c425ed0b71b01|2cf9bb82c843588bcb486c15cc7a9b93701dd01f2700a2cbf65e9880bb402e98|f00e68d94a053a4608321fe5954f1649f7926dd4563dca09acdcf7da35aa5a18|bbc4395352a32db14dbdd40a8fc96998d3bc7ad2be7e33939e23205d9d556801|dfa7f41c1d78f52b33775461a51aba632d01b8282f9000d8a70b715b5b46fb72,0,3.814697265625e-06,5,"t0 ego planar: +x forward, +y left"
2f093cad7209436aa06e103bfe062857,39b0988d06844e6990fdda1e58b6c0d9,8ef19775ea03457bad57063c3bc743d0,52,True,False,Pedestrian,future_incomplete_or_outside_recording,11,3,,,,,,
2f093cad7209436aa06e103bfe062857,39b0988d06844e6990fdda1e58b6c0d9,92a56b99f1234e0ebedee40a23d13ee2,53,True,True,Pedestrian,,12,3,81655,0a9e28fdb7cfac15bfb85034ebf3fa162f0eb9291cccd51a66a70581cce2d9a5|aa128f8d886994f87582fee7162e3c796ab1b8e3c06de043ba9258c261c86c95|1b3ee4d3e162a7bc0af844733d014af5009683dff592d470b41bdf591c37825a|45985f333c773b9d36e3b67b67d4437247f03d6a1913661434a7e66f6d7715b1|53b1d7dba8c3c6497b8daec1dedd7d7bb6c8108623673c08e9764e698902c186|ed86e61ab451a816e6023dcb52f6a302fae5ad7235cd1bc2c65dc5fdc1dfc6f6,0,3.814697265625e-06,4,"t0 ego planar: +x forward, +y left"
2f093cad7209436aa06e103bfe062857,39b0988d06844e6990fdda1e58b6c0d9,a2586d3d724941e6a3a077ee7575bba3,54,True,True,Pedestrian,,12,3,81656,19d9fadca6731bd93890547905ae6cb61e3c3a4f554e54dfa80acec027c35ef9|6e310ed6ddcbd1c26802f972ce3215978d4120917124e8ff7a390010f54d5976|42595b00ee1ae480c6ebf65bae273f965fab21523013140f7b504d1c3d77362e|51c9064cab492ce47507e180909b64fb8246097c57e557bf9efdebe0ba2f94b0|cf332258da9f6658363180dfeadf2f9ca1711d295c89db13d6c54a8d97f86337|c247eb43f31c5a66f38341ec2bd84f4ccfbd58c88952ce06fa89aae87bb36471,0,3.814697265625e-06,4,"t0 ego planar: +x forward, +y left"
2f093cad7209436aa06e103bfe062857,39b0988d06844e6990fdda1e58b6c0d9,ac124ad89fb440a5ba898d3030375450,55,True,True,Pedestrian,,12,3,81657,ba87793475b2e30cb42601029e969f522be57781d9018beeb0ec859c3132a9c6|f69902dfa9f0b75671391a86175725827164435b717f1ba026fd51828a103853|de0fae99250bece2d0ac9378e6357cc4f55562bb494fad32600b1d560c538c5a|2fcad280dbba6f99bcec13348e5788c9c4704704646ddbbd8a82908eee07bd5a|ef13e3b082e6a5cca4809977d35cbe10dc7f40234b7336c24eed0c7828b0c1cf|12dafb231b1b7502eb6ac581019f2099a5446fa47d627b3b40a873dad72d204b,0,3.814697265625e-06,4,"t0 ego planar: +x forward, +y left"
2f093cad7209436aa06e103bfe062857,39b0988d06844e6990fdda1e58b6c0d9,aec74fce57ed44f181f3e93808e2efb5,56,True,False,Pedestrian,future_incomplete_or_outside_recording,7,3,,,,,,
2f093cad7209436aa06e103bfe062857,39b0988d06844e6990fdda1e58b6c0d9,b40efb0af7fc43ccac97a1a734a3687f,57,True,True,Pedestrian,,12,3,81658,0059e925a099603e488f61d3fed2afbbdbc359f343db33d5428c241582c96f3a|1067c5ab4fcdb092fe74b6bf9ea56cfaa2fb25b9b96b716cfa062c58877ccef8|71e3543c7145385e8a84bb2b39afb8e1567b3c51e6a1f16b41b39c40c88b353c|e9cf8ebba37e71c38907aaef435b88bc72d1b524094b6c27cb68fd8daab0dcbc|273691c02afd8eeea24bb98f072626bcd72565135846414fe9d0d7b109b49259|13d9b0a21c4354dd8b147eadd33be705be3259d6f30eb078e1d1fb27b45f33bf,0,1.9073486328125e-06,1,"t0 ego planar: +x forward, +y left"
2f093cad7209436aa06e103bfe062857,39b0988d06844e6990fdda1e58b6c0d9,b5079008beb848828930781f37bfe2ae,58,True,True,Pedestrian,,12,3,81659,d4743213f4b4595b6125997092f2d223d9ca9227679a2f331681360301511419|a7e616f59604bee1667f7f544c26a1b9457f8d43979869fc67701c69bef5bcb4|7dde9050c455a3cbadbcd4c530c619f6a0995e0fcce717108a3a4b403996948b|9eac75f92000178a39587ab7da199079f09b2d7bdef00114ae733ecce01fe406|2494a3e013c24c700486f1288f3d30aac814c3c83ce0e17c10aeb96c3dd1960a|503ecb7b675f8b2efdd5a66cd712bca7aa1c1909ee437bf91262066d6edd958a,0,3.814697265625e-06,0,"t0 ego planar: +x forward, +y left"
2f093cad7209436aa06e103bfe062857,39b0988d06844e6990fdda1e58b6c0d9,b745d0841a0d458db2988d5d227f338c,59,True,True,Vehicle,,12,3,81660,9df6d735f9d4dd182e3163e99a0fc350fc197e52d7f25b7ab8e6522fbdeae94a|b254a44d09d8dd8f1720d23537c0d31ee940d75dedd7dd22819c31f44f6a1198|c1a4e04363bcb0e68dcecb78115df41b53cb70f3b47706044c8a7b72e68e83a4|36f5d6f31cdf93392fba83e9844d304d2a8416bfd7e7c3728f5e802a13dfbccd|5edb517784c064dd518300cb21e7b440ab1da6f12d99a8656974ac6c4da82f16|667207f3b11408e24082493dec02ba4b80677afa8a7a5aec8f490b1a53862105,0,2.86102294921875e-06,5,"t0 ego planar: +x forward, +y left"
2f093cad7209436aa06e103bfe062857,39b0988d06844e6990fdda1e58b6c0d9,b87ce33b6ae349c39a6448965cc19a44,60,True,False,Vehicle,future_incomplete_or_outside_recording,6,3,,,,,,
2f093cad7209436aa06e103bfe062857,39b0988d06844e6990fdda1e58b6c0d9,ba91e018023b402bb234072b4972ec8a,61,True,False,Pedestrian,future_incomplete_or_outside_recording,10,3,,,,,,
2f093cad7209436aa06e103bfe062857,39b0988d06844e6990fdda1e58b6c0d9,be452b71bcee4607b1cbca58c2708c8b,62,True,True,Pedestrian,,12,3,81661,26a88d1d3ae78ffe0295bec00ae893163b07e5f8deeca496579c8b351e1e96f4|2ed5a921d943eb3f800a6bd128acb9becd4852fccd1b515ff438609a3dfe3430|e255026f808974f1bf47f004f7a90c8caf0aefef6064ef40082b3f205807284d|703207b6a90b9aeac3f7bf4fec871294ec4d4e9d5b7a8ab9c4aef199f48db24f|222e8aec01f290482315d806fd240e206aaec710b3ab5803838462ad65a8f62d|5e118392be3c2defa4aaaced1b0f29ebaf8079fff36bbcb70ee5224c649783d6,0,3.814697265625e-06,4,"t0 ego planar: +x forward, +y left"
2f093cad7209436aa06e103bfe062857,39b0988d06844e6990fdda1e58b6c0d9,be5b6764ac164447a1adafb9bebad646,63,True,True,Pedestrian,,12,3,81662,1a493f47c167e865f0a2754166a0e60a68836614402c7493b17433db8753fc8e|2d6495b163a6d6bb68260f83fe367ccb4fdbc1d59ada13b05980cc7eb619844e|0ac80c5712cc522af4b365c1c9e5ae5f8cdb148d68519dec0c4728a6f70b7147|73a7c9058e3fbb050700a4466f63c9f4a6b20c52ec4500402fcae74fcfec8cb8|c6aced9d0974a2a0f19bde14459fbfb84683bb48cc8e53a5b5e6e28d64f72383|20aab6663bdd6cc20edba0f8c359c09da3847cc32f622e6d254ebde2342ad3ea,0,1.9073486328125e-06,4,"t0 ego planar: +x forward, +y left"
2f093cad7209436aa06e103bfe062857,39b0988d06844e6990fdda1e58b6c0d9,c138fb9b0f1c49b0a6035ed9e766181b,64,True,True,Vehicle,,12,3,81663,53e6767dc28d9e38c1a095a15a6e856d30c4034a8e711c087f7d136adf39bbed|13194ac6d71080729ef0702bef39898abd390434fbb154dc86863271709f5eab|6cdeb4576ac43b551716fe731be6b05b0822cf3e1c273af6fcab32fb86d43e23|b9a15d3625532ceacbfe6b0681a7d9464c6b1d0428830348d520ee83b6da6a11|fac343be41bae698988bb2c8bbcc20c3a7ba304a24c9d91658e60c60ee4aac02|202c15404246540d3ac077187a3eb11b1141c19c4cad916660d952a0d2cb5dfc,0,3.814697265625e-06,1,"t0 ego planar: +x forward, +y left"
2f093cad7209436aa06e103bfe062857,39b0988d06844e6990fdda1e58b6c0d9,c2c515ba30814a8aac76ab752c160672,65,True,True,Pedestrian,,12,3,81664,866a6fe73e2085e0def70e06a95563f9b7a3cf894981df4e2e0ee305498be91f|3bbea5d226f587e4cf1ee3d9997281eabcbfb7516b4f23c631dd45e9b1cec851|5eec2e0331b9d3cf676b59f46d9323006dcddc0ca9c548ca9cfc49c76992f212|51c51960eb8e0a878004cfb8796b41bd1756a30722ab76dcb49b223b899f0bb8|d5041c28f461f635e2042ea93c5732c28bbb8f76d30b04e0309221f72361cfcb|2ecfed71888374450e8b9ae94ac2d0eae8a104d5b3e8775a92c265a2a9b20ac5,0,3.814697265625e-06,4,"t0 ego planar: +x forward, +y left"
2f093cad7209436aa06e103bfe062857,39b0988d06844e6990fdda1e58b6c0d9,c452e02ca32b4d22a136dd120951351d,66,True,True,Vehicle,,12,3,81665,a00efc903647c8a986d157d74634cf0236364e44a88b4887e9d969eccb0d6119|9ee4bdd41e407546a5adffd414370a40149ced3e8be6c5d3843351886c796df9|cd6374d0cb0ca7e81d7d5c97ed57a55e194859ec8eae93387ead628bd78ace1a|b58d542b163752514329d89ad99b1d305eaa4d2aec211ea0c6ecf6fd943ec0de|9f990950bb3a3f1ff1f674a6e16a1d2a4d8dcec99058da18064e0ef17620c1d9|574f82609437614de1109d026b1eabae14dbbf348c971e26107503abede12927,0,1.9073486328125e-06,5,"t0 ego planar: +x forward, +y left"
2f093cad7209436aa06e103bfe062857,39b0988d06844e6990fdda1e58b6c0d9,c557db12fba14c52aed9810dd176da1f,67,True,False,Pedestrian,future_incomplete_or_outside_recording,0,3,,,,,,
2f093cad7209436aa06e103bfe062857,39b0988d06844e6990fdda1e58b6c0d9,c6ed1f0f231d4567bc5cce844d594978,68,True,True,Pedestrian,,12,3,81666,518dffeb473e5a790b998975a6793bea5822593fc6c1e55c54878247557c35b0|9eabf6e2c9a4a711666a4e33a4309172527b35dceb58a311c1ba30ac91d9e922|cd95333a3b95bf986290c43511e67110e2b1630ca0e0f8b686e7fb34d501860a|3c203ff68b1a4665cc6acbb6e50cb6cc7ae21b8d2c0f770a85e22215ee026c85|5bab460aad0723a407a2dfe7ce0e15bb034e47ff5ac56646a3b551821827aa64|65eec33b1a59e1b4012a0aba561497474dccd34f39d9f3de2f0528f1764338c2,0,3.814697265625e-06,5,"t0 ego planar: +x forward, +y left"
2f093cad7209436aa06e103bfe062857,39b0988d06844e6990fdda1e58b6c0d9,c86dc46aad6e4dcaba4418f49cd1bee4,69,True,False,Pedestrian,future_incomplete_or_outside_recording,1,3,,,,,,
2f093cad7209436aa06e103bfe062857,39b0988d06844e6990fdda1e58b6c0d9,ca53be8e6a9f400bb86dc1e0a33df02f,70,True,True,Pedestrian,,12,3,81667,a4a3c05aeb7300b5ccd1d213693d5af6f09cceca686b1532feb0ffcc45d26d4a|348fa40eef2ecd87edd0b24f11dbda251fb69d2b2d53b30562f2e66e00ef5551|696800cf30d8e71e53a1388ef7b30bc62ee43b3aa24980b6a39b54096fa19e0d|716b78480da098423a217a2b4be3ed2ca4e9287c9d01d5a306be4c411048e8da|c6b870a9bd829d6ef0deef3a36fe5069c6a0095ca72c4f363d2c35747269a33e|bba25417778c6ce8a93b0777a52ab2cc04f20586c05c7c3ea72242d37a3cd5b1,0,1.9073486328125e-06,4,"t0 ego planar: +x forward, +y left"
2f093cad7209436aa06e103bfe062857,39b0988d06844e6990fdda1e58b6c0d9,cab33c41c443476cb24d1f2393dee7be,71,True,True,Pedestrian,,12,3,81668,f4c736734704f6274f0189222e90cbb8d46e61f8b66745b1425117379f1cc909|033c8a5d00ebff8dc097585c757be3b3f4152ab5ba2309c9f63d177a1aa27c93|cc700c04d45ee3fb4bb8e1786b09af3ea4d01688b25c9bf0a94fb35a95c3d926|b3e90a76cdb9bed83fcfa14ba4a97c57d9485e9ac223b5e4fd1de76e99ba9ceb|9fff58bce000226f16c6f7df7390ebce8bf95c028bdde62ff4b011999e99918e|ba012e4e019cd178eb696f2b9c4b53d33dd242445758920edae53ed76113716f,0,3.814697265625e-06,1,"t0 ego planar: +x forward, +y left"
2f093cad7209436aa06e103bfe062857,39b0988d06844e6990fdda1e58b6c0d9,cd56d5277820400c81b06631991cda86,72,True,True,Pedestrian,,12,3,81669,2dd99c6505e4632e372c741ffbd46aff543921c3fa1379d8f8a727e4b90049f4|f652ccf82afae9d17ecbbdcd2d4786cd39fe4d12339591b4540ae1a8d7bafe51|471a21d7127fdf163ee9380235d01a4ebf89d1705a5d5f1d45b10107b01835bb|920b32101c1eab869eafb774fcd0229f6f3ae01632ec94a8b01b4de28ada3f74|4f78ae5d2b6d6537549a7333d9d4f5cd99a4bbea44f26e2e9a9cc92f98ca3562|50865957aad3e0aa07de1bdb6eaf83e53ff3310b1a14937ed9a735ec8c703aff,0,1.9073486328125e-06,4,"t0 ego planar: +x forward, +y left"
2f093cad7209436aa06e103bfe062857,39b0988d06844e6990fdda1e58b6c0d9,d279f59ecf2748cc95ea643154747067,73,True,True,Pedestrian,,12,3,81670,c5a9707fd4c648cb75c2593a3c913cadfc9e9fc872c2516a74f61ea7dd2b737a|c1d7c9ac313e0abe934520f95dc876b71a6037e80a43b00712dc40c6485dde2e|44db9d6434d47598288660bf5e2a1839682fd9ed7a86c4acb651f8440fb88f2f|8900b25b4d9fbda0c70e847a56fb394140b3c953f8a6a8ba45ae6d799599a821|4543bf940d776913c0c4323d6c41122342863f6792fb15e425cd866866a15b9e|ce2bc546052f76ff833079716b942c8929de0463cc9d358e9764f75739039e7e,0,3.814697265625e-06,4,"t0 ego planar: +x forward, +y left"
2f093cad7209436aa06e103bfe062857,39b0988d06844e6990fdda1e58b6c0d9,d832c15fac4443c1885a63af9d7c52fa,74,True,True,Pedestrian,,12,3,81671,f684b6278c58c86e171d2d3a04bbad34e426bcecaa515caebe2902632c00bdb0|067ec38478240c5d1298050e2314effee4c1941144f8fa0125c7c6e34c640fcd|01f4003a13efec702c07696e762cbf72366a88aea224847d80c7fc79c53c4a7c|e76b0eaeac5d1d955a035d094d38c4bb00c19ab863268f37408307b8235d07c7|989a9f2619b05ea3c2c0e41a2aa178ac34af324e646cd8df20d179ad19b02e16|3927e289733db771ff3647f1e27e048c89e7120674b4ed745d0c6fa3ec504817,0,3.814697265625e-06,4,"t0 ego planar: +x forward, +y left"
2f093cad7209436aa06e103bfe062857,39b0988d06844e6990fdda1e58b6c0d9,db6dcfa116464e81ba515e83ba124914,75,True,True,Vehicle,,12,3,81672,44b542937b928a58c18eabe8b3a64c16fa971db2caa4fed91d11af39c2f044b9|24c99f6bcd5532c52a6cdd6306c19e2a1ccc9c230b14cc9e408892fa9f1e7a1f|128c8c72ef7174f13f600232da2b0445a51580eb5c135a0ab4c33b8975ff7efc|12e3e17561c9ce79421fc3e0f4b7c14bc16bc453df8dc2de11fb9ac54acb4571|476cfe82be46dd57f42fa564664a2ce39396ecec371c7801069c12195ad2a957|b5e2bf8186acc03221ba12e1ddaee203abc3848ffba5dbc45da273f29c99f15f,0,3.814697265625e-06,5,"t0 ego planar: +x forward, +y left"
2f093cad7209436aa06e103bfe062857,39b0988d06844e6990fdda1e58b6c0d9,dce7f36304a54b37aa9a890c473957ca,76,True,True,Pedestrian,,12,3,81673,fd4d1b4c6b84f7230eb81cb9f04c076080dad89ced285c19f8654c589c08ce4b|9bdb448efefa8025d52f16bcb8b8cefda96384d8017a162cdf2d98e364a86a9c|96a6e0b49f9fb5ce8903da96bb77236ec68f2e8c79ab4a4cae82fa21fb383a6f|fd0d584f7d115f0b234f1c86501481a9dffc921c66acfd9ba77fa74d8c287900|f6498cbb9c5f7a97f2d9972b736a8fd903277bcb73ec0b7f74963944f302b3e0|0806d8a54391b8a7bb06f3f9f35952ba1f71c0738fec2a91a222db474ac74923,0,1.9073486328125e-06,4,"t0 ego planar: +x forward, +y left"
2f093cad7209436aa06e103bfe062857,39b0988d06844e6990fdda1e58b6c0d9,e14b451b15c0436eb6f4c3a6b574c29c,77,True,True,Vehicle,,12,3,81674,92c830777e9c242c3b789edd0aaac91b507eaa9632d17d5e9398afe3c5815600|06a38e4096b5403dab754c5806a28da210e64cf492d7ea89bad89a94ef8f86db|930381f3ffcd161cb6188afb56ad7c117cbbcfbf1281ce90895bb8b0c673f840|24ca4b527cbeb663af92de27ec5e52a98ef83654e069fc73bf3e3a64ec584e3b|dcd24d136e5cccb9d89f52c99be8bcd5a18cbd5dbf1a0a51b33dc5a73787e2f4|de98c7d3828bfd76df91e60d6741687114532a9a3629c6d6301775a05ad95adc,0,1.9073486328125e-06,1,"t0 ego planar: +x forward, +y left"
2f093cad7209436aa06e103bfe062857,39b0988d06844e6990fdda1e58b6c0d9,e174b9b8d194489b8f5e106edd1d7165,78,True,True,Vehicle,,12,3,81675,03d1710cc4a42568a97213ff0db62b6644c11ff5e75f8a2914a3104878c67e33|4f8fe0374e5a64a712847678131e1fc0be5ae6ab6a03f8fca0dbf99d5195772a|6ec62e2557edf82b80d78ee3b461e1ec2cbead2e7aa42ebc2c14581c88a5bc7f|b355161c7141e7e67fd9d5d78cedd11b0ef7b7ddab544804c98fdc1daec4beb5|be8ca6a358b28cf0b13b5e8220a1a4354be2169a5f1d48d5b622c25711c420a4|bec6804782a0b4a90404087773c90cc05611dbb680b0f7a418ea0ff5bfd8389c,0,1.9073486328125e-06,5,"t0 ego planar: +x forward, +y left"
2f093cad7209436aa06e103bfe062857,39b0988d06844e6990fdda1e58b6c0d9,ea2a184c58e444659905805f776f6d42,79,True,True,Vehicle,,12,3,81676,4a230b331b8d0e7724ed3955d8491d3f02fefd45882b0f138bbd7a6803a7836f|44f4aa6f4c8a674bb350470501c0776fc0ed76aeec78f58e3965cd6cd41d7bc6|a54cd3565927efa69bf5594724d2356a298df14e2ff3673b4eba8f9a7bc43aa1|4be9e0f4328475f749122ff2fc5802359e315cc2377782d9c92bcb2e2796da24|2013bfe1de58eb30b08d9cb95536cac3d20942b73a98057a8431576fe983e6f4|6a88f23408afb3583fec44d480e280caeb939ec306b4845dcf54dd776aa35205,0,3.814697265625e-06,1,"t0 ego planar: +x forward, +y left"
2f093cad7209436aa06e103bfe062857,39b0988d06844e6990fdda1e58b6c0d9,faa1afe68bf9423694eb0e18ab3efc41,80,True,True,Pedestrian,,12,3,81677,ca897a5b19b488030b9c667ebe929703bcdfb5c984950f6c00461ca88206b764|5e1e8283d489e8b61a45a9ddedc319fdfc2f1f4e569030a4083e41e6f602cf5f|723384706731dae4ecfa8745129c56d44c0004ef6f88d8fe7db157565d000776|740d103d3e13b776c73a66bf37f0a78412ad06354b905102a4c843f8b10306fc|f6d93b0ea6ad3fa214e2ca9982cfc85ddb73149a6a6416890bfa2574d645007e|afb70d2ac3dea6451a7f63848f4d9005bb41651ef8337d22ad86d58cec2824b3,0,1.9073486328125e-06,1,"t0 ego planar: +x forward, +y left"
2f093cad7209436aa06e103bfe062857,f157c614e6164c119a564d150a501ecc,0166f168629e42e0b6a512e8fce47cd9,0,True,False,Pedestrian,future_incomplete_or_outside_recording,10,3,,,,,,
2f093cad7209436aa06e103bfe062857,f157c614e6164c119a564d150a501ecc,0319012df7fa4c6db9ffef000e9becf2,1,True,False,Vehicle,future_incomplete_or_outside_recording,11,3,,,,,,
2f093cad7209436aa06e103bfe062857,f157c614e6164c119a564d150a501ecc,07612f9fd62542769d32b33d382ef314,2,True,False,Pedestrian,future_incomplete_or_outside_recording,3,3,,,,,,
2f093cad7209436aa06e103bfe062857,f157c614e6164c119a564d150a501ecc,0e331eaad1b2479f930ed3288fa58013,3,True,True,Pedestrian,,12,3,82253,ee0da1bcac9ac582190d7dfce5e038a1ac676a2b79ecf9223545609959f7a4a3|80f9234bdfe706f450c50c6d43d482bd4f41ff729e4b0d110450a813ceef010d|2852e03c465f6015ef6efd57dc0a98fa6925f88a9c7fc8b91e44fb297b3028e0|6ae6c87bcb5389d6d021c1c601eb90e65c0682ebc05c6c000a18c434eeb0b249|d7cdf56b1621465a750c27b083d1882837bc803c65239f41a941ac8f7689e38b|d6d4fd52d1b3a0b807a9b7e49bf22a0e024af87fac33144d531d95054900fb57,0,1.9073486328125e-06,4,"t0 ego planar: +x forward, +y left"
2f093cad7209436aa06e103bfe062857,f157c614e6164c119a564d150a501ecc,0e6e976cc81c493393d451d69f63265f,4,True,False,Pedestrian,future_incomplete_or_outside_recording,10,3,,,,,,
2f093cad7209436aa06e103bfe062857,f157c614e6164c119a564d150a501ecc,0ef6655afb9f4b70be8450540f0c1503,5,True,True,Pedestrian,,12,3,82254,abfcd9acddb17882418a41e71675b0fdc1fb8fcca2929bfc3eb4411ef18a9eff|7091da18afaf0f36261c25b176c5941b4d254f4feaea16a151388a136c227234|d1fe487ca122372827af53f6087b815265e8b47787064b9e35168a39ff5a828f|d00c86acea2df8b8311bb2212c63c11a16bbd93b7e31fff3b84a062e65a25afb|1e290937d10b3e37637390184cea15881bb9aa35c40ae44ed343b603b713863d|f6002e6881f94a08ac1821c602d8a3cb1d5625c156aa18db2ed38615d0c92c91,0,3.814697265625e-06,4,"t0 ego planar: +x forward, +y left"
2f093cad7209436aa06e103bfe062857,f157c614e6164c119a564d150a501ecc,1308419fd33e40b586d8e43034b19ea5,6,True,False,Pedestrian,future_incomplete_or_outside_recording,9,3,,,,,,
2f093cad7209436aa06e103bfe062857,f157c614e6164c119a564d150a501ecc,14e37d7e879e41e9af4790d034fc2f91,7,True,True,Pedestrian,,12,3,82255,86f84cbb198d0fbf93fea603633bd00596ab79ce4b9e10089e9314e3d8eea204|e8f580db05e5227925ab583afc6b312ea89ef28f717533b1a14b04de50507810|ba41af043291e7970d8f107d664b2c6fceb793fb31b66e87f6ab5fb49e1a164f|fa4d4d999221a89346a3ada33ee5b1e9b97b0f2e1529eba38bb96ada1d8045ea|f7cb63e7e726edc7e1b4c1216cd883d0f6dd4e1b10c83d980225c5a9e20c402c|7a7fe641ac60965234def6fc5d9a763883d1dd6546c6f306f2a2cb94729193c7,0,1.9073486328125e-06,4,"t0 ego planar: +x forward, +y left"
2f093cad7209436aa06e103bfe062857,f157c614e6164c119a564d150a501ecc,1729e75e19b64cf88db9eeb470968914,8,True,True,Vehicle,,12,3,82256,b74281f2468ed6ff5ed0ef19a0d335eeb4e59a0f3b55aba7cde60a82b64169a8|8f41aef6bce4d3feeb9af5c743b859c1e1809df6c16161c3a0fba60df0ef9caf|6f8d00214bafc5e02b00b29188e6dcbf3325ec2e6940307494c7f98a33d8c9a4|ac88461af5011f678d5709578dfd90d247858bc2455769737adbdc2d29698d54|ca1948816de281cf703e6415a8d925c3f0c0f07783b538ad4a082fa791391067|560c543de04cb687e994f3c427d33280030dcfdf1c0a97e390e90f64200ac696,0,2.86102294921875e-06,5,"t0 ego planar: +x forward, +y left"
2f093cad7209436aa06e103bfe062857,f157c614e6164c119a564d150a501ecc,174943919fb146f8a414c3aef74dbe74,9,True,True,Pedestrian,,12,3,82257,03f5734aaa3eed7bda79f27aabed14301cfc107fb4a76627300a3b3c7efa6b4a|7c4d08f438f5b9c114969988b1fca1e5fdbaba0d1416691a297eb9e0056f4860|c54e34341c255abe2f60b8981ea0b45cf318f7fa207859a01cbb52aa00860c86|627b62af15fd0bb7bb26f5669de15e83cde8d9ab7074335fc024a128a69f58cf|753db690550b7995c2d7cd07b27fed00db3198fed6ddafb7d083ff16ec179c2d|44f6d817a06bfccd46ac279e6cad895335c4ca143f53c11d4e27fb3c32aea6cf,0,3.814697265625e-06,4,"t0 ego planar: +x forward, +y left"
2f093cad7209436aa06e103bfe062857,f157c614e6164c119a564d150a501ecc,1771ddb3ca9841eaa9faf83a78cc243c,10,True,True,Pedestrian,,12,3,82258,7b73c920df96d92bc19b7e9e6e69e47d6496f550f2254a60ee46e62b7b7a8c27|53383f756a3add4fd0bc268ff02f79633778898e22b87954f7f6cd8c49ebde0b|ff427eb825653a0a095df6c7addccc44ed0c23de754295d8b8f46ae11c2a8f4b|fdc7374d65756a446fcc6862d3f6793aefade17f93fdcd7292b71623d7ef70ad|03ae7ca03368abdefd815eefba06846b65d7e39fd948cbdff474971af32c4b17|ef53b4c127ef524d02a9ddd9c2813a3f95f180ec337deed5d847b08254808db1,0,2.384185791015625e-06,1,"t0 ego planar: +x forward, +y left"
2f093cad7209436aa06e103bfe062857,f157c614e6164c119a564d150a501ecc,1afac91133d14f6a86d47c7aaaeac4d8,11,True,False,Pedestrian,future_incomplete_or_outside_recording,5,3,,,,,,
2f093cad7209436aa06e103bfe062857,f157c614e6164c119a564d150a501ecc,1c38bcc3bb444e37bf84a1ebccb06046,12,True,False,Pedestrian,future_incomplete_or_outside_recording,7,3,,,,,,
2f093cad7209436aa06e103bfe062857,f157c614e6164c119a564d150a501ecc,22eade04010d4f3aa85f090717bb6921,13,True,False,Vehicle,future_incomplete_or_outside_recording,2,3,,,,,,
2f093cad7209436aa06e103bfe062857,f157c614e6164c119a564d150a501ecc,2b19f2b1aa5e40e29861302b7581b04f,14,True,False,Pedestrian,future_incomplete_or_outside_recording,6,3,,,,,,
2f093cad7209436aa06e103bfe062857,f157c614e6164c119a564d150a501ecc,2bb7cdf94b374f10a795fe9ec63f6d3b,15,True,False,Pedestrian,future_incomplete_or_outside_recording,8,3,,,,,,
2f093cad7209436aa06e103bfe062857,f157c614e6164c119a564d150a501ecc,3077d0ff384a462bb63b16aeb09f122f,16,True,False,Pedestrian,future_incomplete_or_outside_recording,11,3,,,,,,
2f093cad7209436aa06e103bfe062857,f157c614e6164c119a564d150a501ecc,3987ebd27c01426f8f37216cb711d425,17,True,True,Pedestrian,,12,3,82259,9661552c0d71907e00e8783f37a06eb08358c153b7fdae8f72c887e2dbd1ecf3|72a516e3657adc57fb5176c1f3143df127b1a6574764031bc7c1fc12db1bb300|f1bcd8e1b732ee9c7c16debc7238c1306ac8b46bd273879359a68e504a1cdbe9|af5a6ab38a6fb9fa3a16ce32d0851d778e9797a43557a6d39306203e5d96fa28|624537547a4b7dea5f344bd98fefb47a1859c8b2548988afb0cbbb9da16e86d0|33fb32956923f19bb029f1cc88ed4135a440d7f9a4eaa74a7094e244c1fbc2dc,0,3.814697265625e-06,4,"t0 ego planar: +x forward, +y left"
2f093cad7209436aa06e103bfe062857,f157c614e6164c119a564d150a501ecc,3ce19c7736ff49c2af6bb61d64bbaf0a,18,True,True,Pedestrian,,12,3,82260,3e014f68236d0fe3b0472baffe9296a8800ef4d69fc7c307b540beb86eee651f|000ff844e4374ddcf8b42bbe1d557d5a5a8a4e698a6197ba7bd092b2245c5629|02c27853e286908667ce12d20e8b714067dd3638aaa214b92e848d53b4901fb7|cc80920d3e7c11e0b958e5e6888daaf81b0e500bcb49e961cd5576705255d22f|8860f9d949d0d65f12099ec873535d766ccb177268d84b2a6ca03b465d81b579|d8b9eae3e0764053ddab67b37581a1153a76a40a979b2ed48aafc402857d3dae,0,1.9073486328125e-06,4,"t0 ego planar: +x forward, +y left"
2f093cad7209436aa06e103bfe062857,f157c614e6164c119a564d150a501ecc,3e13f838e42e46a7b890a186a3b87533,19,True,True,Pedestrian,,12,3,82261,5613f59eed067877114dfca0a59c7166060ca9b010e04d16a39cd15dcd8f0d72|c685a6acd1a4bfdec7fecde80c3ca6e39735d1e8b1366d15ab7b443564c42d2e|9ac14577a240c11c6ac76f72dd18fc26bbbb9feed7c13c91621b2b03ff5a8dcf|d65893a6d5987a7da4733bb538cb959523e36200ea88636d2adf31ec667a43db|26e88da1e6f959bbf0b9fa5075c58232bb9c74f45fe3ba17dd809aaa4966d0f3|3cf604ccafea74fa197289c5537a6ce5218f589807ee3aea9223d97caa86f911,0,3.814697265625e-06,4,"t0 ego planar: +x forward, +y left"
2f093cad7209436aa06e103bfe062857,f157c614e6164c119a564d150a501ecc,3e82b497e16b4e6b97b44dd4bf311961,20,True,True,Vehicle,,12,3,82262,bf1784f84468c52b1e8766bfb20cfe3d5574d4e3a3b74c18839095f47a3fce3a|acb76721b2874b4328c1db33b73f8e49ac2abdc0ad5d7f38d4ec5dd93dde53bb|d87dd9123c7bf437898181c802e054cef6da95236d9215465e00b4b68728eef7|caf11699f37a9b325f602643c43aeab59eda0b38f2e8c7f5f53204bab4823885|fc19afb32256e933576153ba4be0b8c348aef95effa33f31948cf4fb070bf1c1|db7fd5d545ae7e37256334567a5714bb9996f220bcecddfc40df03e460db47da,0,5.7220458984375e-06,1,"t0 ego planar: +x forward, +y left"
2f093cad7209436aa06e103bfe062857,f157c614e6164c119a564d150a501ecc,413bd869d0d441dd8b743aba170de722,21,True,False,Pedestrian,future_incomplete_or_outside_recording,10,3,,,,,,
2f093cad7209436aa06e103bfe062857,f157c614e6164c119a564d150a501ecc,46bd347c7b6342aa822442e18cab4d99,22,True,False,Pedestrian,future_incomplete_or_outside_recording,2,3,,,,,,
2f093cad7209436aa06e103bfe062857,f157c614e6164c119a564d150a501ecc,4e1e7154b7b04535a4c98dc37308e98d,23,True,False,Vehicle,future_incomplete_or_outside_recording,6,3,,,,,,
2f093cad7209436aa06e103bfe062857,f157c614e6164c119a564d150a501ecc,5012b1bd414448e38ca60b7dd6e8f4e5,24,False,False,Vehicle,insufficient_history,7,3,,,,,,
2f093cad7209436aa06e103bfe062857,f157c614e6164c119a564d150a501ecc,506a0aaad7304450aeea07ecf16f36fd,25,True,True,Pedestrian,,12,3,82263,c69602f9711a97543679a83e6877a20786886c76b7bd6ba240b99af33ed219d4|335921cd69b1966b59ef71f198b1efd74af528c6aebd82c7c925fe5a8a4953f8|fa16a81c768470302006755ef1a7673a90d6902b96cb785bc55c730d9d270402|100c805d7c98bdf5d3690b1961d8dbbba8d3f2a461e8d5c055e1eb03002c54f8|60103161952f28eab09abd7882e481b54a49bb10a53d23b2e0db7a5e690e1178|f758d90ad928acc22ff474bdc94d13da85ac48399f08720dd638d39d1aa75050,0,3.814697265625e-06,4,"t0 ego planar: +x forward, +y left"
2f093cad7209436aa06e103bfe062857,f157c614e6164c119a564d150a501ecc,5091224b0a8840cda45f1c0f4a8e4a4b,26,True,True,Pedestrian,,12,3,82264,a86813389481fe643fbd9a6cd80b40bd257575166167471d0c436fca49863516|8172eac411e9c5a510f9270beeeaf70706ccab506f2c0ae3cc8ceb2ea201840a|4227ea8b3ee74d423aad2e142db0695c80e9fb6cd6d3512d076e23581ae43164|6fcc8cebae31f9495357427871c50ca6a208c9a3a4797591f3a32e81c2d96ef6|e9657a01838c7c3c172d5ddccf207c864cd814d3a75c4d3c5539150b194c64c1|d60dd7e946152720a12f84e7a4ef2e5aba1d01df3ef85f41d56de4c85a67b0e1,0,1.9073486328125e-06,5,"t0 ego planar: +x forward, +y left"
2f093cad7209436aa06e103bfe062857,f157c614e6164c119a564d150a501ecc,50982bb7e9c943c1b46bf06d41a2b1a0,27,True,False,Vehicle,future_incomplete_or_outside_recording,7,3,,,,,,
2f093cad7209436aa06e103bfe062857,f157c614e6164c119a564d150a501ecc,526d9a37472d42f5b6725decd62d853a,28,True,False,Vehicle,future_incomplete_or_outside_recording,9,3,,,,,,
2f093cad7209436aa06e103bfe062857,f157c614e6164c119a564d150a501ecc,52c5dfb8344c4eab8d876df36addcf8b,29,True,True,Vehicle,,12,3,82265,c62c1cdcc475f62ed7a48c7d468cf42d44d39114059828eeccc74d202013919f|8fd47ca724ee5666b4b138b752b7680ae4ffb484108aa9d11e1beb714e747fc9|a2682fcd93fd53ae19111d7208008afcd323d57c9572165497b7ae22f8309357|071e41265aeab7e88d7eb50f765073a93f7bb089d4b3d59e19f6704ec79fa3fc|9706413644afca8034eb35e83894b9fba0d873c68f6a6874822bd1e959eee302|4b641eea64cff9263cd32947b691cb35eeb19553c8c669d80cbac9cd52b728f8,0,3.814697265625e-06,0,"t0 ego planar: +x forward, +y left"
2f093cad7209436aa06e103bfe062857,f157c614e6164c119a564d150a501ecc,547cee6cc991429e80900bd5fa7e56a9,30,True,False,Pedestrian,future_incomplete_or_outside_recording,7,3,,,,,,
2f093cad7209436aa06e103bfe062857,f157c614e6164c119a564d150a501ecc,55de2dfed141425ea160f6c53fd47445,31,True,False,Pedestrian,future_incomplete_or_outside_recording,10,3,,,,,,
2f093cad7209436aa06e103bfe062857,f157c614e6164c119a564d150a501ecc,56a412dccc394c53a6e8541c19f03ba5,32,False,False,Pedestrian,insufficient_history,12,3,,,,,,
2f093cad7209436aa06e103bfe062857,f157c614e6164c119a564d150a501ecc,56f9c7efe554443d9db19544b74aced6,33,True,False,Pedestrian,future_incomplete_or_outside_recording,2,3,,,,,,
2f093cad7209436aa06e103bfe062857,f157c614e6164c119a564d150a501ecc,57f0a3caa6e14979903b92c6158f6069,34,True,False,Pedestrian,future_incomplete_or_outside_recording,1,3,,,,,,
2f093cad7209436aa06e103bfe062857,f157c614e6164c119a564d150a501ecc,5d4ef8e6ec5c406483fc135208244692,35,True,False,Pedestrian,future_incomplete_or_outside_recording,11,3,,,,,,
2f093cad7209436aa06e103bfe062857,f157c614e6164c119a564d150a501ecc,63392ab5de224796b791b3aafb43482c,36,True,True,Vehicle,,12,3,82266,20612b0de3030ed8da59e98b6a2f126b1e5f44f5491b4c8ef10b494821b5fe80|81ba0bfb6d6a773bf6b9e4e331b4abd9ad2b6d73fdbc7ad545c17fea238d78f2|fbf776d72c0ce284eaf9e3116c7e36f10eabc6f9de916a04c332b00d27cc9106|79c6728e5d66cdd0f4dc22c7057d6fa5a3f142726207eb465d0247689d1a328e|db6c12135afbde6b6e303fe667fa6170a83a5893061231843088331fa8f0c0c9|5700dc3d048d4a6e76eae292eaa6849763c8788ab3b8e018ccecd0997858e071,0,7.62939453125e-06,4,"t0 ego planar: +x forward, +y left"
2f093cad7209436aa06e103bfe062857,f157c614e6164c119a564d150a501ecc,671b89419dbb4d35bf4fa0dc3c4c6d2e,37,True,True,Pedestrian,,12,3,82267,10de6cdb2e5227a7d31100e5cbada9b0b877e97f5b8ded0653719668fa62c750|138a7065c1f7ea33a9fa3e1357e3df0d18f03dd3fbb09fd86e6542a714b36c97|5a11a94364104ddd81abfe8623a056d38db30754851b0b509e32a6aa7850ca96|900fe6f8e5c38294d542c1d6f837721bab184828bfca471959d0dbef7c77f55b|42a106a2c3a97a5a1935717a676b9f3ab4132516abdfa83d79aee8300a5a4e45|73d63ca6b11f241f3c4a50a9912614f361106c82af8e10e721c5a1bc7d92af71,0,3.814697265625e-06,0,"t0 ego planar: +x forward, +y left"
2f093cad7209436aa06e103bfe062857,f157c614e6164c119a564d150a501ecc,6759474affb04949b07f087ab2c30958,38,True,False,Pedestrian,future_incomplete_or_outside_recording,1,3,,,,,,
2f093cad7209436aa06e103bfe062857,f157c614e6164c119a564d150a501ecc,685ab70367bc427886c9d0f338c9a8bc,39,True,False,Pedestrian,future_incomplete_or_outside_recording,9,3,,,,,,
2f093cad7209436aa06e103bfe062857,f157c614e6164c119a564d150a501ecc,69e77046c5c74c2cafb09f8922940987,40,True,True,Pedestrian,,12,3,82268,0bc27eeceda3fe0f125ddf536de38085ebf0ea1f94ec4791a94f03a235de2600|4f3d0011bf4978e8175085a009487b0ed7a3acdb30f853edcdba42fe974cf3c7|b78d474f62fa6e75fb378b8b36cab4e9425bfd8a779b1183908dabab0762e692|92d9e3eb6c93b5e9e455eb69f419f82ff6926ddfae61d75e791fe199f03e6d1b|89954dcf79b1b2ad022c6cec8628efdb14582a2f014466d7b6290b324089a722|09ed44cba0cacd166388ae0254ccf7b5b289908f1a4350af10afeeef4a9a41b0,0,3.814697265625e-06,4,"t0 ego planar: +x forward, +y left"
2f093cad7209436aa06e103bfe062857,f157c614e6164c119a564d150a501ecc,6d6e67af612549e7ab4323962b32e735,41,True,False,Pedestrian,future_incomplete_or_outside_recording,5,3,,,,,,
2f093cad7209436aa06e103bfe062857,f157c614e6164c119a564d150a501ecc,700e899f12564853a045c02c503bfebc,42,True,False,Pedestrian,future_incomplete_or_outside_recording,7,3,,,,,,
2f093cad7209436aa06e103bfe062857,f157c614e6164c119a564d150a501ecc,75dc3894edba4a14a7058ff078ea7ed3,43,True,False,Pedestrian,future_incomplete_or_outside_recording,0,3,,,,,,
2f093cad7209436aa06e103bfe062857,f157c614e6164c119a564d150a501ecc,76522433529c45409c3e0947e96ffa30,44,True,False,Pedestrian,future_incomplete_or_outside_recording,9,3,,,,,,
2f093cad7209436aa06e103bfe062857,f157c614e6164c119a564d150a501ecc,7d984beee63f45fe9fd435693741a358,45,True,True,Pedestrian,,12,3,82269,f79a0061e86688e9eb1ca01510de24ea3b382ebc01cfe54fffb0275af76a6bf5|29faf1d118932a001b2ef3589e0f5eafaba057b45a6681b39d2da86602f6e7fd|d31066f04b7423a2f1abef5c35bc1d109722522bd81aef2b7b9496531d258bad|aaf40863a0bde7d58f28305301ba09cf38da57075f94200cfbd1f49df7246253|83674c0ce1478d3a620b00994d3ff4680aac7c51e1ae2b0da3e4f60556b81d27|1c39355e56c8fea1c652af8af1715091336defcce20c731fbf56556f51935ece,0,1.430511474609375e-06,1,"t0 ego planar: +x forward, +y left"
2f093cad7209436aa06e103bfe062857,f157c614e6164c119a564d150a501ecc,821a7db17620428488f9f746f888e26b,46,True,False,Pedestrian,future_incomplete_or_outside_recording,5,3,,,,,,
2f093cad7209436aa06e103bfe062857,f157c614e6164c119a564d150a501ecc,82c911ef81144e85ae7af90f270e3c88,47,True,True,Pedestrian,,12,3,82270,39044a70bfcbce5d61d3ccbc195021b1ae5fd7ba0301d013443a4162c7cd4017|017aecf29a1b83003100aa9c16186356d827f28384c2f31c837d993c871e9d84|6d6ff8640a678226bef7ca36dd1bd4997281e4fe814ebc03bb66862c6fa12069|a58498a3195e4db2f13cb5e40f82704e892a7f88fd617bc1e7e07b2f17a8d483|14c2e48970d221cd4824c2a508167f5a0c1e075d053ca74686211911eb260826|0cfb9cc95c7029de5a89d02e422866e81d391d5a4bcbf39d67d3824221f54d0c,0,1.9073486328125e-06,4,"t0 ego planar: +x forward, +y left"
2f093cad7209436aa06e103bfe062857,f157c614e6164c119a564d150a501ecc,845a673d0a514b8795177463e3a3346d,48,True,True,Vehicle,,12,3,82271,13db00452a9bbe80cb81c56f38f2620d44f9457ee02e8a642530a7609920f8e7|31de5914e942c84482499ab0042cdb454c9937540eb2a3ae47894cf4e12d1d68|65d7510cb68545a6d7d9611e5f8e8e0dfbc89297a69efee320d3f7dfcb12be7f|1b44cc76fdb74eec80b5d9f4d21ceb72e191e922755149f099d09968f5cd690c|52c7ce360eda57c5489aedcdf624d0d82e698886681e5806de713ee3c5f0e597|e36db389283be881c1fe1922d32aaadfddef9a1bf9f569a4a7485edaa852cc16,0,7.62939453125e-06,3,"t0 ego planar: +x forward, +y left"
2f093cad7209436aa06e103bfe062857,f157c614e6164c119a564d150a501ecc,85b7c670ebf346fe9a46390bc63eb8ee,49,True,True,Pedestrian,,12,3,82272,cfc03c04d99335439d22234e1ff751848bf4b6bf1301b077eddcbbbe83006034|f4ef461f4bb5d0add1ecac4a41078cc9cedd0d8546c4c123a9aa611b91bf78be|5ba26de43f548d785d53c5ffddf207258ef816f2edba8faf3ea3481ee946212b|0a497ac589ed7f95fea2a0b79fdc28261ee2a89676a73673964b7644aca7901e|6572673d6fbc7c3294a0acc890e69d2aa511807c9782cd21f32a0d4e86e4adc1|0079c7990c08d481cb40df027456fcfc1f5a3b0948eb1f95493434bd930d4a2d,0,9.5367431640625e-07,1,"t0 ego planar: +x forward, +y left"
2f093cad7209436aa06e103bfe062857,f157c614e6164c119a564d150a501ecc,8b6dba33c3624ae0becba4d640cdb0a4,50,True,False,Pedestrian,future_incomplete_or_outside_recording,6,3,,,,,,
2f093cad7209436aa06e103bfe062857,f157c614e6164c119a564d150a501ecc,8c20af53fb734b95a7205018fe5e5452,51,True,False,Vehicle,future_incomplete_or_outside_recording,8,3,,,,,,
2f093cad7209436aa06e103bfe062857,f157c614e6164c119a564d150a501ecc,8e2fcedb6bb94860ae29228b33f2a2ab,52,True,False,Vehicle,future_incomplete_or_outside_recording,10,3,,,,,,
2f093cad7209436aa06e103bfe062857,f157c614e6164c119a564d150a501ecc,8ec327349f0142da97e959143a418dd5,53,True,True,Pedestrian,,12,3,82273,6c252c2f94cb59ddca13b7735785d3438ecabd621fa8ccadf00062307f8317a3|197759c7cd74f336cda5ea61633454bc459f0250853159a544172271acb25b4c|986a9dec7111d72d0c324d67933d291a215ca9af9c5c58ab97e5b71f3a06fd00|b59f400a9299fd6be2f2fc566163f30c9055a2f569cfd6ecc26399d58ba14080|71216cd07fdf1255d81053bcc4d24adde80ae38c565c2e9f67f4e867f992a9e2|fe1a559631d1e12bb33f7b82d83c4796cd7b9b8b834e1066e7ac05833bb6315b,0,1.9073486328125e-06,1,"t0 ego planar: +x forward, +y left"
2f093cad7209436aa06e103bfe062857,f157c614e6164c119a564d150a501ecc,8ef19775ea03457bad57063c3bc743d0,54,True,False,Pedestrian,future_incomplete_or_outside_recording,0,3,,,,,,
2f093cad7209436aa06e103bfe062857,f157c614e6164c119a564d150a501ecc,92a56b99f1234e0ebedee40a23d13ee2,55,True,False,Pedestrian,future_incomplete_or_outside_recording,3,3,,,,,,
2f093cad7209436aa06e103bfe062857,f157c614e6164c119a564d150a501ecc,a2586d3d724941e6a3a077ee7575bba3,56,True,False,Pedestrian,future_incomplete_or_outside_recording,9,3,,,,,,
2f093cad7209436aa06e103bfe062857,f157c614e6164c119a564d150a501ecc,ac124ad89fb440a5ba898d3030375450,57,True,False,Pedestrian,future_incomplete_or_outside_recording,11,3,,,,,,
2f093cad7209436aa06e103bfe062857,f157c614e6164c119a564d150a501ecc,b40efb0af7fc43ccac97a1a734a3687f,58,True,True,Pedestrian,,12,3,82274,ccb0089f0a5856ded723e0f32a5492808e9cb78ed836b0c35e382828163b2fb9|e4bd181eff37fcf6b9ba8f9533be75b6a93191317dd8921914a05c1a86ae429c|989b46e8095d4af3378a8339c551151e910f7edde0c2814bcf8a3db439d5c403|da0db93a6da9b9565923a776408cc3005a7e74eec00a40eb2940848a0be8d331|ccab99ba53125e78df01bb7d0da75a50dc0026268ff34c75204c8dc04a14bdc1|fa12c1abea12d6235bc4adc6c4b45b5cb8bea94812b946ebcc070bf5b5e2cfc9,0,1.9073486328125e-06,1,"t0 ego planar: +x forward, +y left"
2f093cad7209436aa06e103bfe062857,f157c614e6164c119a564d150a501ecc,b5079008beb848828930781f37bfe2ae,59,True,True,Pedestrian,,12,3,82275,90f4beb538c3f057b66caff326c22fd1214a43524b5b424d9c36159550f52138|9ade8a90d2d5b731ef624449b49399504f2c0eda6489bb2942eaa1b1820d4866|e49d161ae2673e17556b94deb4e8dc607243bd49bdc2ccfe7314d5debce54ca6|eb6aa4a6dcb2a137ca3e4e20f1e9e0f718d5aebbbe865a797695072e78c033fb|c8042f8ea652215f9ae6492031f1da77359b9094b0d8ed38c8828fce11c6f9af|f756a539ad5f40a1dc74be3065af1d2aac607b9e6ad816d022fde3da7be32030,0,1.9073486328125e-06,4,"t0 ego planar: +x forward, +y left"
2f093cad7209436aa06e103bfe062857,f157c614e6164c119a564d150a501ecc,b745d0841a0d458db2988d5d227f338c,60,True,True,Vehicle,,12,3,82276,8ae80aada32461cfab820f12e1fccc58bfba7ddcbfd7b95d2364d8c83cbef3d1|0d9429fdb5608cdd2e7e75d309aac2575a33fcc677e61c21bc24f96ddde270af|3720306c6807729bc5dff31706b6664ae9729c63b8998630c73b1b57faabac2b|9a47aac963ac78b94da45c26d37a4558c041303d9f5d56b0c680706999245b6b|429074bf1b17ae93cc781ced36ce2274b6617bc84acb94cc5c67dbde60922aa1|ab28a839c40b408085d3b3dae084ad0a6c1c59044dbf0da803161fafd01ffe14,0,3.814697265625e-06,5,"t0 ego planar: +x forward, +y left"
2f093cad7209436aa06e103bfe062857,f157c614e6164c119a564d150a501ecc,b78f0608218241c39dfe9c98e9ce633d,61,True,False,Pedestrian,future_incomplete_or_outside_recording,10,3,,,,,,
2f093cad7209436aa06e103bfe062857,f157c614e6164c119a564d150a501ecc,be452b71bcee4607b1cbca58c2708c8b,62,True,False,Pedestrian,future_incomplete_or_outside_recording,11,3,,,,,,
2f093cad7209436aa06e103bfe062857,f157c614e6164c119a564d150a501ecc,be5b6764ac164447a1adafb9bebad646,63,True,True,Pedestrian,,12,3,82277,cde7aac850011b0dba9d27375c9d6577493171d6ac5a0525e4d1f321d68c0b04|d57338bd5f08ecdc8329acea7700d97bc878bbc24bb2c03c66fdd1a5e137ab43|52d2f4509f6e2c206d053f73eb9b438dbcdbdae34a85a92bd729cd845b5e1a8a|0441be3129101e4ef181c1a06fc9ce97e1ffca7d752d54856e9eabb50174f4ff|e706cf9f540bf0cf0cff705655c6bf604cca63eb8244ab48598cf46df7e2c138|8c95f91b2a902cda3bb7ff528f6910f05ce2333d1e646149fa7720a004c9fda1,0,1.9073486328125e-06,4,"t0 ego planar: +x forward, +y left"
2f093cad7209436aa06e103bfe062857,f157c614e6164c119a564d150a501ecc,c138fb9b0f1c49b0a6035ed9e766181b,64,True,True,Vehicle,,12,3,82278,d6f7775bfcdb49b2b2e9316e49674ebcc49fd6201ffc69c4d4b70ca83b525312|74a7921d2b770f7bb6e4bf4004c7daddc4004c5200f08edf983864b62da3a91e|0572975eb0c72c13c37a700ae837777916580bc14c35db821bb4ca13b048371a|3f96299829ba5d4018fe422ddf70b1056d7591cd02557eaabc11a2cf078a33fe|75b65dd23000b75a9547a8327be637f19857e369de5837263f6a248f6fb3ba7a|1d70d1c6abd1758d867255328507daab3a09b425ea009db925cc8c150d9993fd,0,3.814697265625e-06,5,"t0 ego planar: +x forward, +y left"
2f093cad7209436aa06e103bfe062857,f157c614e6164c119a564d150a501ecc,c2c515ba30814a8aac76ab752c160672,65,True,True,Pedestrian,,12,3,82279,24d77fa17e6cdb4bb6a37c448220eee76c248627d41d6a39e305b5dc9e3ad234|d0e692468cfc2db47c20f1a095defc2a3d9c94102a46ef97f35dcc8e929c5ba3|4bdd495caef6d6d3f0468230abf09161f90cf030db062dff2a711152c6b9d210|bc81b3329984923bd90d90e2550c294f785d6f5d99f6e84a673c938f1bde31ab|25d8ba06c6b6c43ee04a11a84dd3bc5f27a364bea6c76de6f155eb6e3b50a22c|e6f78124367361f2d830d534a85ddaf4abf77337a1a63d34d1c5920040c13f31,0,3.814697265625e-06,4,"t0 ego planar: +x forward, +y left"
2f093cad7209436aa06e103bfe062857,f157c614e6164c119a564d150a501ecc,c452e02ca32b4d22a136dd120951351d,66,True,False,Vehicle,future_incomplete_or_outside_recording,10,3,,,,,,
2f093cad7209436aa06e103bfe062857,f157c614e6164c119a564d150a501ecc,c6ed1f0f231d4567bc5cce844d594978,67,True,False,Pedestrian,future_incomplete_or_outside_recording,10,3,,,,,,
2f093cad7209436aa06e103bfe062857,f157c614e6164c119a564d150a501ecc,ca53be8e6a9f400bb86dc1e0a33df02f,68,True,True,Pedestrian,,12,3,82280,5682fed4f08f110c1c0e603377c28d249514de8b9fa1209a5e9a0cd572b6d602|358d7805cbff20fb21e8879e193412bd467949d4737d1b2716035c3d7bd88826|ee1a9b67f6a57e6c5aee9b07f63a584bd94a5939a986f65518181122bdf1f27e|467b2c1e748cc691aaba3cc6ca6c2fffc6596d6537a156abd613bc28edfde9d4|de95af722c91fa5cca9bccadb054c2bf507e5156aca3a52a4ca0645904557ab6|1eac56b9a978c93a09dd7ba2ba0c29e2725afe53a10b0807366c17f619af5cb9,0,1.9073486328125e-06,1,"t0 ego planar: +x forward, +y left"
2f093cad7209436aa06e103bfe062857,f157c614e6164c119a564d150a501ecc,cab33c41c443476cb24d1f2393dee7be,69,True,False,Pedestrian,future_incomplete_or_outside_recording,9,3,,,,,,
2f093cad7209436aa06e103bfe062857,f157c614e6164c119a564d150a501ecc,cd56d5277820400c81b06631991cda86,70,True,True,Pedestrian,,12,3,82281,e9b3658565a959521f23ba86bbedcf75213c1b89fe9b31663fb9e762911295bd|e746119d2ba8c198acac0ac269b614dc71c1fb44a761028e003d811f6405b37d|cbe373900f41bd54fb8dbafa9c412414699948fb8c7ba48d814307e5c843a761|8b7dee8b2d249936a9df46e355b5505e8ec6ad6e8ce652ac7ddffb2b69b83d64|b797bfe3fa21667335996ce1eb478e957156d0b5b077b953141aa38830d1de39|f13255cb5cad134c4f7fb7a813e894efbf77db865750fdce66b41418178fb02b,0,1.9073486328125e-06,4,"t0 ego planar: +x forward, +y left"
2f093cad7209436aa06e103bfe062857,f157c614e6164c119a564d150a501ecc,d279f59ecf2748cc95ea643154747067,71,True,False,Pedestrian,future_incomplete_or_outside_recording,11,3,,,,,,
2f093cad7209436aa06e103bfe062857,f157c614e6164c119a564d150a501ecc,d832c15fac4443c1885a63af9d7c52fa,72,True,False,Pedestrian,future_incomplete_or_outside_recording,3,3,,,,,,
2f093cad7209436aa06e103bfe062857,f157c614e6164c119a564d150a501ecc,db6dcfa116464e81ba515e83ba124914,73,True,True,Vehicle,,12,3,82282,f7cd179a75d13566e0cc57bc7619f5aefdd6c4957c2acc1bde0e32898600e024|366f0304a9ed968080fd33699be860f1ae918a332fa362c3b0f8cebf85ec6a89|2e4517192a368a62bcdbc14babfdbdc6e207391620a33ebbc19dd7336d094a79|bae607006bd9fc45279bf1e57ff3b527826766b56f8b92abd481019843808428|43ac3a7feba2011a2a93bf5a39432d4ae74bc40ac8310452e31c41f9926f5447|d615d4b8fe9605b2b12259de0e8d04b0cb03765ecfb34290ae29dbb8f64c55a7,0,3.814697265625e-06,1,"t0 ego planar: +x forward, +y left"
2f093cad7209436aa06e103bfe062857,f157c614e6164c119a564d150a501ecc,dce7f36304a54b37aa9a890c473957ca,74,True,True,Pedestrian,,12,3,82283,6835ff16823b6dab10ebf38559a0cd60ceb45e83bef952a7dc447d7276e9cdca|49a0ae99e335ef785d21522473b0abe88578ad4f90a672332d270c66cf42c5d5|4c07388d7ff2aa6a8ab4c6b903a0ee133a8e3a30b97c4ef78fcc812578957ee7|00f4caa28bc94260cf863af0b60080e01386d54ee8ce2e08591eba8adf44ff18|81ca1252f3b27e067118622e620b244ee924596c424f5b974db9a57def568e98|a1e97578c092d513fc42d5e441cc63dc411554ece656375a3d26872a577296ac,0,3.814697265625e-06,4,"t0 ego planar: +x forward, +y left"
2f093cad7209436aa06e103bfe062857,f157c614e6164c119a564d150a501ecc,e14b451b15c0436eb6f4c3a6b574c29c,75,True,True,Vehicle,,12,3,82284,eec7d1526cade0561f7f346d7931d5fbba86340781a88d20eaa8054d61b2eef8|d45beec8129e69e5fe0de2548b21c4be5e441a0058bf329e26b17d944ff6d4bb|1b49ae3b957e5c475b9d3e4df91bf6cb6eff38f6f30d33652544e656a63ec887|18d303b1dd441597ea48fa8e4a20c0955c415e4001d3dbc958a9ad4ad3ebdbe7|e62c7d1a976bbe70e22617c257b84cf9d36b1c0fa68d1a22c6fd20085571fc07|19c01a0dfcb95befe043d1a570b595d7800a35849210aeb0a56ecee67656534a,0,2.86102294921875e-06,5,"t0 ego planar: +x forward, +y left"
2f093cad7209436aa06e103bfe062857,f157c614e6164c119a564d150a501ecc,e174b9b8d194489b8f5e106edd1d7165,76,True,True,Vehicle,,12,3,82285,3ca7e70ed6f526dbaf6c8853d739385d7e7f36d475343e4a9f99a45191167293|5198261d3dd4561a9c3d2811d747438f08a013daa4deb48845296be52954c7b1|4792ed88d45bd32f90854916779520680c1dc48a05c74f5e4cdfe91f87c2b3b6|b7f7651b39d1fb535e318d2b87dacccd51c33dd4227b96d454f4f32b42d3ad4e|3dc08a909ad751f89a596d5815ff922ec34d02fdee03ddb8d57b110f9c4eb8cb|e23dadf75f9755cc54d98cb94676774b56e8b0c82ccf16e06c8f1bd1f28a40bf,0,7.62939453125e-06,5,"t0 ego planar: +x forward, +y left"
2f093cad7209436aa06e103bfe062857,f157c614e6164c119a564d150a501ecc,ea2a184c58e444659905805f776f6d42,77,True,True,Vehicle,,12,3,82286,6808f63f07e513b167255bb3db89326214ff04da0fcccce762b93612fe38e27d|89923ccf24e4464d374b10084a00f1fc15caeb51536000cdf4e27851acc04310|ddbc02bcb65b54a2c04120a4936aecff3f115f25ba91084e70104694656506db|0d96314d4155030b7dc0e958e2eebf9c25d02dce210edf28795cdba9ec09f198|9146937f61d1ccc82857497c9e764c33401ce30f94d3a83d9273f36402da385f|db0a59d1bf48b3da849dcbcc92b2dd1e053237ee61773e5eb27d670a8ea1d42e,0,7.62939453125e-06,1,"t0 ego planar: +x forward, +y left"
2f093cad7209436aa06e103bfe062857,f157c614e6164c119a564d150a501ecc,faa1afe68bf9423694eb0e18ab3efc41,78,True,True,Pedestrian,,12,3,82287,2ee44474cb3994b08060cdba90887635b6cd62ef84fff8be3d6bd3728ee883b3|a6b4fac10aae28c59d2f80d8606c6454cf455d12e975b820b068fa22f17930d9|ab0a4014ecb0a0c46f9936ab48c386b35d8e48d94766a212fabce96c378fd49d|5df0e009688f22ba234619cef2834c90bc2bda5581067613ee2e2160dff79add|76b66d9f12508316b6e7a8843b660acca92176cc718c1b32fb90e88ea960a3f4|535011c79a5b2b1fffa34e9b624e6f1c261e5c81a49777d088873c93a138ffae,0,1.9073486328125e-06,5,"t0 ego planar: +x forward, +y left"
2f093cad7209436aa06e103bfe062857,837d2cf739df464f99b0059c7930505e,0e331eaad1b2479f930ed3288fa58013,0,True,False,Pedestrian,future_incomplete_or_outside_recording,0,3,,,,,,
2f093cad7209436aa06e103bfe062857,837d2cf739df464f99b0059c7930505e,0ef6655afb9f4b70be8450540f0c1503,1,True,False,Pedestrian,future_incomplete_or_outside_recording,0,3,,,,,,
2f093cad7209436aa06e103bfe062857,837d2cf739df464f99b0059c7930505e,14e37d7e879e41e9af4790d034fc2f91,2,True,False,Pedestrian,future_incomplete_or_outside_recording,0,3,,,,,,
2f093cad7209436aa06e103bfe062857,837d2cf739df464f99b0059c7930505e,1729e75e19b64cf88db9eeb470968914,3,True,False,Vehicle,future_incomplete_or_outside_recording,0,3,,,,,,
2f093cad7209436aa06e103bfe062857,837d2cf739df464f99b0059c7930505e,174943919fb146f8a414c3aef74dbe74,4,True,False,Pedestrian,future_incomplete_or_outside_recording,0,3,,,,,,
2f093cad7209436aa06e103bfe062857,837d2cf739df464f99b0059c7930505e,1771ddb3ca9841eaa9faf83a78cc243c,5,True,False,Pedestrian,future_incomplete_or_outside_recording,0,3,,,,,,
2f093cad7209436aa06e103bfe062857,837d2cf739df464f99b0059c7930505e,1e6fa9700c4f4019846f9dc0b10fd695,6,True,False,Pedestrian,future_incomplete_or_outside_recording,0,3,,,,,,
2f093cad7209436aa06e103bfe062857,837d2cf739df464f99b0059c7930505e,20c06be59c394299aca76e619dea13a5,7,True,False,Pedestrian,future_incomplete_or_outside_recording,0,3,,,,,,
2f093cad7209436aa06e103bfe062857,837d2cf739df464f99b0059c7930505e,2846e953522d4d0aa48ac9f9f94d535e,8,True,False,Vehicle,future_incomplete_or_outside_recording,0,3,,,,,,
2f093cad7209436aa06e103bfe062857,837d2cf739df464f99b0059c7930505e,3987ebd27c01426f8f37216cb711d425,9,True,False,Pedestrian,future_incomplete_or_outside_recording,0,3,,,,,,
2f093cad7209436aa06e103bfe062857,837d2cf739df464f99b0059c7930505e,3ce19c7736ff49c2af6bb61d64bbaf0a,10,True,False,Pedestrian,future_incomplete_or_outside_recording,0,3,,,,,,
2f093cad7209436aa06e103bfe062857,837d2cf739df464f99b0059c7930505e,3e13f838e42e46a7b890a186a3b87533,11,True,False,Pedestrian,future_incomplete_or_outside_recording,0,3,,,,,,
2f093cad7209436aa06e103bfe062857,837d2cf739df464f99b0059c7930505e,3e82b497e16b4e6b97b44dd4bf311961,12,True,False,Vehicle,future_incomplete_or_outside_recording,0,3,,,,,,
2f093cad7209436aa06e103bfe062857,837d2cf739df464f99b0059c7930505e,449e3ac3772941fba1208c485342178c,13,True,False,Vehicle,future_incomplete_or_outside_recording,0,3,,,,,,
2f093cad7209436aa06e103bfe062857,837d2cf739df464f99b0059c7930505e,45131fd99a134325a2f7444bec71bdcd,14,False,False,Vehicle,insufficient_history,0,3,,,,,,
2f093cad7209436aa06e103bfe062857,837d2cf739df464f99b0059c7930505e,506a0aaad7304450aeea07ecf16f36fd,15,True,False,Pedestrian,future_incomplete_or_outside_recording,0,3,,,,,,
2f093cad7209436aa06e103bfe062857,837d2cf739df464f99b0059c7930505e,5091224b0a8840cda45f1c0f4a8e4a4b,16,True,False,Pedestrian,future_incomplete_or_outside_recording,0,3,,,,,,
2f093cad7209436aa06e103bfe062857,837d2cf739df464f99b0059c7930505e,5102356ddea0498e8a448e744611c829,17,True,False,Vehicle,future_incomplete_or_outside_recording,0,3,,,,,,
2f093cad7209436aa06e103bfe062857,837d2cf739df464f99b0059c7930505e,52c5dfb8344c4eab8d876df36addcf8b,18,True,False,Vehicle,future_incomplete_or_outside_recording,0,3,,,,,,
2f093cad7209436aa06e103bfe062857,837d2cf739df464f99b0059c7930505e,56a412dccc394c53a6e8541c19f03ba5,19,True,False,Pedestrian,future_incomplete_or_outside_recording,0,3,,,,,,
2f093cad7209436aa06e103bfe062857,837d2cf739df464f99b0059c7930505e,5873e3f5b8fb4a5396a90e11ba471a04,20,True,False,Vehicle,future_incomplete_or_outside_recording,0,3,,,,,,
2f093cad7209436aa06e103bfe062857,837d2cf739df464f99b0059c7930505e,63392ab5de224796b791b3aafb43482c,21,True,False,Vehicle,future_incomplete_or_outside_recording,0,3,,,,,,
2f093cad7209436aa06e103bfe062857,837d2cf739df464f99b0059c7930505e,671b89419dbb4d35bf4fa0dc3c4c6d2e,22,True,False,Pedestrian,future_incomplete_or_outside_recording,0,3,,,,,,
2f093cad7209436aa06e103bfe062857,837d2cf739df464f99b0059c7930505e,677cad62223e40898450d180bf8fc7a8,23,True,False,Vehicle,future_incomplete_or_outside_recording,0,3,,,,,,
2f093cad7209436aa06e103bfe062857,837d2cf739df464f99b0059c7930505e,69e77046c5c74c2cafb09f8922940987,24,True,False,Pedestrian,future_incomplete_or_outside_recording,0,3,,,,,,
2f093cad7209436aa06e103bfe062857,837d2cf739df464f99b0059c7930505e,7d984beee63f45fe9fd435693741a358,25,True,False,Pedestrian,future_incomplete_or_outside_recording,0,3,,,,,,
2f093cad7209436aa06e103bfe062857,837d2cf739df464f99b0059c7930505e,82c911ef81144e85ae7af90f270e3c88,26,True,False,Pedestrian,future_incomplete_or_outside_recording,0,3,,,,,,
2f093cad7209436aa06e103bfe062857,837d2cf739df464f99b0059c7930505e,845a673d0a514b8795177463e3a3346d,27,True,False,Vehicle,future_incomplete_or_outside_recording,0,3,,,,,,
2f093cad7209436aa06e103bfe062857,837d2cf739df464f99b0059c7930505e,85b7c670ebf346fe9a46390bc63eb8ee,28,True,False,Pedestrian,future_incomplete_or_outside_recording,0,3,,,,,,
2f093cad7209436aa06e103bfe062857,837d2cf739df464f99b0059c7930505e,8b8c02a3d60d461187288f0d880391cc,29,True,False,Vehicle,future_incomplete_or_outside_recording,0,3,,,,,,
2f093cad7209436aa06e103bfe062857,837d2cf739df464f99b0059c7930505e,8ec327349f0142da97e959143a418dd5,30,True,False,Pedestrian,future_incomplete_or_outside_recording,0,3,,,,,,
2f093cad7209436aa06e103bfe062857,837d2cf739df464f99b0059c7930505e,b40efb0af7fc43ccac97a1a734a3687f,31,True,False,Pedestrian,future_incomplete_or_outside_recording,0,3,,,,,,
2f093cad7209436aa06e103bfe062857,837d2cf739df464f99b0059c7930505e,b5079008beb848828930781f37bfe2ae,32,True,False,Pedestrian,future_incomplete_or_outside_recording,0,3,,,,,,
2f093cad7209436aa06e103bfe062857,837d2cf739df464f99b0059c7930505e,b745d0841a0d458db2988d5d227f338c,33,True,False,Vehicle,future_incomplete_or_outside_recording,0,3,,,,,,
2f093cad7209436aa06e103bfe062857,837d2cf739df464f99b0059c7930505e,be5b6764ac164447a1adafb9bebad646,34,True,False,Pedestrian,future_incomplete_or_outside_recording,0,3,,,,,,
2f093cad7209436aa06e103bfe062857,837d2cf739df464f99b0059c7930505e,c138fb9b0f1c49b0a6035ed9e766181b,35,True,False,Vehicle,future_incomplete_or_outside_recording,0,3,,,,,,
2f093cad7209436aa06e103bfe062857,837d2cf739df464f99b0059c7930505e,c2c515ba30814a8aac76ab752c160672,36,True,False,Pedestrian,future_incomplete_or_outside_recording,0,3,,,,,,
2f093cad7209436aa06e103bfe062857,837d2cf739df464f99b0059c7930505e,ca53be8e6a9f400bb86dc1e0a33df02f,37,True,False,Pedestrian,future_incomplete_or_outside_recording,0,3,,,,,,
2f093cad7209436aa06e103bfe062857,837d2cf739df464f99b0059c7930505e,cd56d5277820400c81b06631991cda86,38,True,False,Pedestrian,future_incomplete_or_outside_recording,0,3,,,,,,
2f093cad7209436aa06e103bfe062857,837d2cf739df464f99b0059c7930505e,cd6621767c214cee8b4c002e628363ef,39,True,False,Vehicle,future_incomplete_or_outside_recording,0,3,,,,,,
2f093cad7209436aa06e103bfe062857,837d2cf739df464f99b0059c7930505e,db6dcfa116464e81ba515e83ba124914,40,True,False,Vehicle,future_incomplete_or_outside_recording,0,3,,,,,,
2f093cad7209436aa06e103bfe062857,837d2cf739df464f99b0059c7930505e,dce7f36304a54b37aa9a890c473957ca,41,True,False,Pedestrian,future_incomplete_or_outside_recording,0,3,,,,,,
2f093cad7209436aa06e103bfe062857,837d2cf739df464f99b0059c7930505e,e14b451b15c0436eb6f4c3a6b574c29c,42,True,False,Vehicle,future_incomplete_or_outside_recording,0,3,,,,,,
2f093cad7209436aa06e103bfe062857,837d2cf739df464f99b0059c7930505e,e174b9b8d194489b8f5e106edd1d7165,43,True,False,Vehicle,future_incomplete_or_outside_recording,0,3,,,,,,
2f093cad7209436aa06e103bfe062857,837d2cf739df464f99b0059c7930505e,ea2a184c58e444659905805f776f6d42,44,True,False,Vehicle,future_incomplete_or_outside_recording,0,3,,,,,,
2f093cad7209436aa06e103bfe062857,837d2cf739df464f99b0059c7930505e,ee5fc4196a484fec88e82cdc5e55da67,45,True,False,Pedestrian,future_incomplete_or_outside_recording,0,3,,,,,,
2f093cad7209436aa06e103bfe062857,837d2cf739df464f99b0059c7930505e,f8df9cfc6d034c5a97a69cfacced3787,46,True,False,Pedestrian,future_incomplete_or_outside_recording,0,3,,,,,,
2f093cad7209436aa06e103bfe062857,837d2cf739df464f99b0059c7930505e,faa1afe68bf9423694eb0e18ab3efc41,47,True,False,Pedestrian,future_incomplete_or_outside_recording,0,3,,,,,,
00590cbfa24a430a8c274b51e1c71231,1062a0889bc344879c71cede2f6fe8cb,1f6cbf3242cd44ddbdda98aaf8cf3ea9,0,True,True,Pedestrian,,12,1,18965,671c396eb07c31dec8556dcaad9629d0a884589eea0cfc0bbb544cc6d4760512|6d8132707146ad627adc5d675720a8c6bc4d654b4690666133452cb42b932672|8b13995fd7eaca7caed8a450393d3e536ecb6b36c3e3ab573c83094faf8df2e3|7856aff005c93c741373ffc142aa8a32788a06d57c9ee551b655216b4663ff86|005c774b6f749130f44404f7de81edd7665af45d4f088bdfbfc0512024d48380|3c29204cca35272b7403b62bb94bc737606a2dbc865abb4305a0a96fd5094c59,0,1.9073486328125e-06,4,"t0 ego planar: +x forward, +y left"
00590cbfa24a430a8c274b51e1c71231,1062a0889bc344879c71cede2f6fe8cb,2d18ed0e920a4e839a244385733e5072,1,True,True,Pedestrian,,12,1,18966,22dbdbe37ed6ca7be90c40a093d5e1c3860c85891ec7399588e02a622fc1ec16|d91adb775700241e0494ceb2c431729257d60e74ff8cc573a0b63de7f205ca40|230d50f0c7c17c6ec0433e06c5053f6c6450ba4c6bdccef822ca49234e4d24c1|aec9dafdc1c936b23b5f02d65c35e910fe476797efdb5eb8510de0c23b9f0067|316399a93ed8c02910ad131380a407f5e17f9f4fc9ccfc461f9d89760c51e75a|9997a94a5e7c52206f30c7b7aa73c3dbfcf2659b1ae4e52e9f1b208598bd750f,0,9.5367431640625e-07,1,"t0 ego planar: +x forward, +y left"
00590cbfa24a430a8c274b51e1c71231,1062a0889bc344879c71cede2f6fe8cb,2d39a53e8a744c9cacee3b750d51c86d,2,True,True,Vehicle,,12,1,18967,757238837e08eff00946af020a904bd16a21063ecd60607244f03c53615f61d5|7d9f769b42722142fe232d9333bae8914ebd480e66ecf408614af03fda525452|b8ffe5b8f99d0c88b43158539af8952b8d53c7f597dd143c2af20968271d5382|28e9b163b8d6ac430265dfdc784ca6821b70b89e37848c3bd64910f02aa8891e|cd1bf14e54a456ef306631cdad80e421da8a0520f24054e0392602388852bef1|a142952ede9c103fa423ebed404d278dc6f65ee837fae31da4403f06709466f5,0,1.9073486328125e-06,1,"t0 ego planar: +x forward, +y left"
00590cbfa24a430a8c274b51e1c71231,1062a0889bc344879c71cede2f6fe8cb,416b49f119484af8afb01d6b1908abff,3,True,True,Pedestrian,,12,1,18968,81d6a7859a49379fa86453d79fd364edbc533267f476789056c586e1ef661a4e|6397eab133124eab5579536e67638dcf2b49f11b20b390d0eb422afda0143659|fe9ffc9dcab26c27725eb99843d075099c36f5ef84acb5b39d07c189ba2c221f|860aeec00727dda23cbf7d00a755f76edebb59c2886c586dbe3bf809fa550609|86c334560aed1dd439bd0a21df86d45484084a03277cf03f8ba9146755333a6e|a6eaea89ce61247652b0bf41cd815caae3aee2b7447d2ffddac609191bdb2da9,0,1.9073486328125e-06,1,"t0 ego planar: +x forward, +y left"
00590cbfa24a430a8c274b51e1c71231,1062a0889bc344879c71cede2f6fe8cb,4dddd16722754359a2014c0fce1aa1be,4,True,True,Vehicle,,12,1,18969,6ae75008180d9f722fd72daacc80c4b9b9cae763ba0bfecc862added1a358f60|4cfb61cc5ca2fe7c59375542775dab19f85525e8deeb5e5a34706fdd3ca541e8|ffd371fa3eaecdfa8636a1ed82d3e8fcbb145342094b98ad2b4f53279b09f5d9|acd43607707989ec4160d8daf24d9cc6bf335b6ee856b9354bb2cea2d0b6e8aa|8011271eec144f1350230f0c6d00dde40793ed6b55b07ec933d6acec76de32a0|af48231a814da6a017205737e38a96865e131bd8ce5e1eefe44ca4bcdcc5852c,0,7.62939453125e-06,5,"t0 ego planar: +x forward, +y left"
00590cbfa24a430a8c274b51e1c71231,1062a0889bc344879c71cede2f6fe8cb,645ae5119b894076887a8632df56683e,5,True,True,Vehicle,,12,1,18970,4f455f5d204b61696fd1b9dbdf7e4e2e9883817d0c0c6ca875f8bcc345bce4e0|2a0c472fb23adfc84e267fb74b2f26500e5d2eef0aaa1c107f531ae2638dbc81|57ab5790ef55a76ce20c066a06490fc1df52383e27bf2eab765ef2aa03524b28|eb6621b521f63542e304b56c4229a43250b7f328ec6bdb2738994ed17e8c5011|e8fa964c6365e968bfe7168719eb467d049b954b01e83245e242d1231c2ceee8|4e3132540988ca36745351d2c44f21a74afbcdf672ac3b643fa512849be36686,0,3.814697265625e-06,1,"t0 ego planar: +x forward, +y left"
00590cbfa24a430a8c274b51e1c71231,1062a0889bc344879c71cede2f6fe8cb,7ffb4aeac2ba4561afc69e4dec5e7db9,6,True,True,Pedestrian,,12,1,18971,ae5b0e981a7fb11947fa7ee5d10c3bb6665ca601e1900a35edc9d42d9a0ffc15|4979d68288d0077bd7be8a4425d4f8148397787d2f3a0fbf5f68f0e650a7ba60|a4338a523e4b38769604dc6ea2808f516022ff4a487a37a967abb71fd2ac2fb4|83fcac284590457af9cbef70b8cb33a4275555061bd8455a0a6a0a15a4b2ecd8|a77de25e088054547781afa2263d373136f24f5135ca0e1f0cae03c40d215147|41f728163c940a8bbb068c7fff18f42396e4e4061116496bea6d2d553972643a,0,3.814697265625e-06,5,"t0 ego planar: +x forward, +y left"
00590cbfa24a430a8c274b51e1c71231,1062a0889bc344879c71cede2f6fe8cb,9839ac53d9b249cd8944cae2049517e5,7,True,True,Pedestrian,,12,1,18972,f0bac7b3597a76886baffe29dc0097be2f6d1f0bf2577967f8bd2a38d2b89205|352a214688e674279a900aee1be61fff4705c41bd97c72dbf577002544087c81|6b417c11fdece833dcb6d9b9c3550f6cd1425f61ab7a9502ba03cf03eeff613f|51166ca28259c5e6f7d03446286ee12b28d0af7b7549c32c8000d37359ee2559|9f7a7458c4ac78517a4467fb9323eeb4284a5a3ad7e83a74239dce99e45bdf6c|ed692ca77aa21b5690726c76638582516637b2816481e35ca7c2a8b8c9b82f3c,0,1.9073486328125e-06,4,"t0 ego planar: +x forward, +y left"
00590cbfa24a430a8c274b51e1c71231,1062a0889bc344879c71cede2f6fe8cb,994650bc880649dc8b9d343f90517065,8,True,False,Vehicle,future_incomplete_or_outside_recording,4,1,,,,,,
00590cbfa24a430a8c274b51e1c71231,1062a0889bc344879c71cede2f6fe8cb,a8e12f9ab83945219cc817aa9b2dde3d,9,True,True,Vehicle,,12,1,18973,98be3307e2ab0aaeaf172877629998d7d28e5875e65d9b71534a2be338d128b1|c6c3fab55df50b97e09bdf515685487b3fd78d1de46baf0b90c9de8e04085a74|70752c794caa53487c0de4c8cef70230500c6701a900bdca093fcdf06b900f20|c70e5ffa30f0f80082dbeb5a51d0d44895fc92891da6047c07bd2c7cc3abf9a0|977b8d89ce9c11f20722a5b00c23c0634ebdfce8a33c584ceb39788509b4d1bd|5fabb96652eaf21bfd4c1e3c7b791bba17c03ef80478bee3a09d18d45699b347,0,4.76837158203125e-07,1,"t0 ego planar: +x forward, +y left"
00590cbfa24a430a8c274b51e1c71231,1062a0889bc344879c71cede2f6fe8cb,adc404f4f0b44d74905a99f872992ea1,10,True,True,Pedestrian,,12,1,18974,d033d04fad393b611ef4efa4dc61682919036c25b454b89a2f88e6b45843cac3|ad62422d558726972a85a69be7fee8dce19bee95f34fe78ffbf2d305d07fc471|2a5624ab52e35ee2d827228afe5a0b9135695226f7bda552f5b1fd3347bd2e21|97bfd61f7885582bd6c0964b8ac9b298a26a1200347934dc7a49520afb6dceab|555b5182f2cede476c767d30da335ce26d39c2c2b5dadc26820a6a567414d78c|0c7bcb3459a6c72b1e87ec699e99e89fc4e240557261b53d8da0bac9468f2c2c,0,1.9073486328125e-06,4,"t0 ego planar: +x forward, +y left"
00590cbfa24a430a8c274b51e1c71231,1062a0889bc344879c71cede2f6fe8cb,b244c6df912f4443994a5006bd151df9,11,True,True,Pedestrian,,12,1,18975,a585b9db15717c175a269db40d6e1576e50dd80a532d22fb10d8825df802dff0|390e0c21f889bdac5a428d97c943fdf3fef903b3087c7aadb632361ef3031c52|c7b04aaa75e2e3ca8bf4394bdea78cfd0bcfb0a9eabb646999e375af1ea52bd8|68e5ba75333e26637b9af6369c68b9e00d3c845715983525e511195bafc1e728|3831984d5c296fca22a67f90a67d012b7d9ef5a0d338dd7710ba47c4cae4955b|bbd237213c59f332c0bf3fd01a65dde3d150aecde7d090224b89cf8ea8e2db01,0,1.9073486328125e-06,1,"t0 ego planar: +x forward, +y left"
00590cbfa24a430a8c274b51e1c71231,1062a0889bc344879c71cede2f6fe8cb,b5636d645eb14e7685d09ee9350fa67d,12,True,False,Vehicle,future_incomplete_or_outside_recording,1,1,,,,,,
00590cbfa24a430a8c274b51e1c71231,1062a0889bc344879c71cede2f6fe8cb,cc8f4e8b303743038c359e82aa5a65b7,13,True,True,Pedestrian,,12,1,18976,79a334bb76c2e0f478291031d9780c59cb160a59a43b78ea683ba7afa33f4455|d8f279cee2870c89d695fd17c809362e78951d79e78f44bf69603d0900b014a7|7f25f9b53ea1a397771676dda07c5ec4880cd96157087bf2108eb2489a1a2cfd|19472c0e9997a2d58fe221ae2764951233caa592f8ea9b15ef3929b11fd5c481|c85c44160ff0cdbad91fe082f48e37307ba944a262dfda25580a4f3ad04858b9|0e63e4d8fe57489f3c681e4bffb429b208824752dc2efe7d3e29f383798f9599,0,1.9073486328125e-06,4,"t0 ego planar: +x forward, +y left"
00590cbfa24a430a8c274b51e1c71231,1062a0889bc344879c71cede2f6fe8cb,d1fb3b76a581485a9353d50c32acb59a,14,True,True,Vehicle,,12,1,18977,5c27b40def59f80aad2fdadce9ca12e4bcf505f17c8c5cb23238bcb5d8bb338c|7e748a6f5bc8bcf35008515efbd2ffbda24a765b9aec4b6b62a57bdd3e8e6a78|3a8a1b1aa0aa25a3143772137d0aded171e6aafe4bd2d08fc8b9f5e9f8c175ce|0f08c14457662c4bfd1c763d07ebdb2d0ddc00c0e3fbe5be74ffb8dc863cb850|ab6739c698ba9d87d3170047f31f4e46d4cba5214476b40f726278ea26752046|5ea201b6634a1595a718d68a56dc8168af8650da4e155a6f10be99069db410a5,0,7.62939453125e-06,5,"t0 ego planar: +x forward, +y left"
00590cbfa24a430a8c274b51e1c71231,eaf340b290d44c42af1b43b87ba9ed87,1f6cbf3242cd44ddbdda98aaf8cf3ea9,0,True,False,Pedestrian,future_incomplete_or_outside_recording,5,1,,,,,,
00590cbfa24a430a8c274b51e1c71231,eaf340b290d44c42af1b43b87ba9ed87,2d18ed0e920a4e839a244385733e5072,1,True,True,Pedestrian,,12,1,19057,bd690e06e8b9c53673420428ae2f3d44caee8f063444b50aa4ae20e3df7eac9a|276265edd5d7d679e6252cce3ac5f090b631da9eeebe8667a5c34a49500dc03e|1c9e2fdb3cc3b8ba376f0fe4c383100df06c75fa1d25ee516d6f161e93121818|5f888d3b790eaf878a84954ddf2d98f0e89b1151b823b79df3f82dd9eeea69cd|0ad64c77bfdfdebdcbfd35db01185f6014ccc183f9167e4524c597a6e0618d76|f767fd8950651ea0294df3358f93974e104695c7a9dafae5352f8c8241e809ab,0,2.86102294921875e-06,4,"t0 ego planar: +x forward, +y left"
00590cbfa24a430a8c274b51e1c71231,eaf340b290d44c42af1b43b87ba9ed87,2d39a53e8a744c9cacee3b750d51c86d,2,True,False,Vehicle,future_incomplete_or_outside_recording,6,1,,,,,,
00590cbfa24a430a8c274b51e1c71231,eaf340b290d44c42af1b43b87ba9ed87,416b49f119484af8afb01d6b1908abff,3,True,True,Pedestrian,,12,1,19058,7c30f2cc0eab82ac330195f655952501ff17eba39013ea96e1b26fdb524acfe9|1234d8e36d1b8a960ff992f4e2b637e56094cb0b41f38aea6f6a4472de46662d|243ed78b3099c059e6ad2aef8d3e4d99fd09110ddc2f860d6646489cddc6fd67|10525b4a4c29c92db0e1cbd0eaf8f3a2adbcafeff9fc309bbbe7169824ca1b2d|5b7d37fa9358da3d6ea922a0908fee081680d61e927ef596a3bc808e09ab5eed|365c8a777fe65aeb916229c3a57f740278859e7699ffb0b2ba318c6770b5d170,0,1.9073486328125e-06,5,"t0 ego planar: +x forward, +y left"
00590cbfa24a430a8c274b51e1c71231,eaf340b290d44c42af1b43b87ba9ed87,4dddd16722754359a2014c0fce1aa1be,4,True,True,Vehicle,,12,1,19059,f68355eb5eee6ff7d90ade892f8e4168693e2609ca7911987c1591a6717bd6db|ad4fe50a864a13d3736ffcd19e40ce81831f495d5e887517b798d7e635236397|b8d0477402a1142bdcb7744fb342c5afb6999daaa049550a1caf76704adbe6a6|7820d2ef6299ba8f14bf1aaec425b7c7429cd079d340315bdd33be18e859868f|ca0810babb6121e982b87e2b95f2b0c283effffa21a01a9d4aa391e8d7270b78|ed907f4eae67b752d0022415ff77a0e0cf03b024b0269bd160d0efa61fb85ef9,0,2.288818359375e-05,5,"t0 ego planar: +x forward, +y left"
00590cbfa24a430a8c274b51e1c71231,eaf340b290d44c42af1b43b87ba9ed87,645ae5119b894076887a8632df56683e,5,True,False,Vehicle,future_incomplete_or_outside_recording,3,1,,,,,,
00590cbfa24a430a8c274b51e1c71231,eaf340b290d44c42af1b43b87ba9ed87,7ffb4aeac2ba4561afc69e4dec5e7db9,6,True,False,Pedestrian,future_incomplete_or_outside_recording,6,1,,,,,,
00590cbfa24a430a8c274b51e1c71231,eaf340b290d44c42af1b43b87ba9ed87,9839ac53d9b249cd8944cae2049517e5,7,True,False,Pedestrian,future_incomplete_or_outside_recording,5,1,,,,,,
00590cbfa24a430a8c274b51e1c71231,eaf340b290d44c42af1b43b87ba9ed87,a8e12f9ab83945219cc817aa9b2dde3d,8,True,False,Vehicle,future_incomplete_or_outside_recording,2,1,,,,,,
00590cbfa24a430a8c274b51e1c71231,eaf340b290d44c42af1b43b87ba9ed87,adc404f4f0b44d74905a99f872992ea1,9,True,False,Pedestrian,future_incomplete_or_outside_recording,7,1,,,,,,
00590cbfa24a430a8c274b51e1c71231,eaf340b290d44c42af1b43b87ba9ed87,b244c6df912f4443994a5006bd151df9,10,True,True,Pedestrian,,12,1,19060,29e08a97baebbb69c86bb8b5e28930a4bd2ddf4e32c47a427b7cb72a30af5bd4|f134d2d49267cf48e0f8131ce7363caad733b22bf05e07573b4ee1b8dc388f27|5a992b389a2a01ed8d6d7a258a2567ecb82982eee5f1db000be4f64a0765d908|e8c346c1847b751e0afdcbe33f51410e0801df43b9f3293068fbadca25042c21|c7fb8666f86e9e762ef2b3fa886994dfab6006c5d8d2351ea5945809978b7c2c|f9ecfa624cbf88a603487aebad4ee32a146482e0e9905df9f55e0c43a86c36a1,0,2.86102294921875e-06,1,"t0 ego planar: +x forward, +y left"
00590cbfa24a430a8c274b51e1c71231,eaf340b290d44c42af1b43b87ba9ed87,cc8f4e8b303743038c359e82aa5a65b7,11,True,True,Pedestrian,,12,1,19061,6521e2aa76c555e1bf10fb80713224a00523d0157b46f1655d1ed7a8095b9d1d|d02034fc1272b7688dfd67562af78ddbff9b451afcfdceff6bcb1ff4a8309b82|27b772a4b2587df61a8818fd6f60f8cd04412cb702d2cd88583947bdd01aa857|b6bc0f780c4bc497138591bd4c3989ca380aa26896793e3e2bb776c728fe2437|a548a0d9c30fb13361f7fc3cf873a7dfbaeac8079fe0f187c0d08e0dca966940|70101bc2941f1d57da837eb7e1ef8eafcd89ea97ebd75796ea15b04948332acf,0,1.9073486328125e-06,4,"t0 ego planar: +x forward, +y left"
00590cbfa24a430a8c274b51e1c71231,eaf340b290d44c42af1b43b87ba9ed87,ce39e0d330324074b960d8a0ab1b909a,12,True,False,Vehicle,future_incomplete_or_outside_recording,3,1,,,,,,
00590cbfa24a430a8c274b51e1c71231,eaf340b290d44c42af1b43b87ba9ed87,d1fb3b76a581485a9353d50c32acb59a,13,True,False,Vehicle,future_incomplete_or_outside_recording,2,1,,,,,,
00590cbfa24a430a8c274b51e1c71231,eaf340b290d44c42af1b43b87ba9ed87,d55ade17005d4bfa92eabdef35481de5,14,False,False,Vehicle,insufficient_history,8,1,,,,,,
00590cbfa24a430a8c274b51e1c71231,9c31efbd1aa44ab1a6e030953c7e790a,036d018e2c204cd199fdd7eabdc5f239,0,True,True,Bicycle,,12,1,19106,8fb4305a558e87eb588723d31114b44d9bfbfa1742f5e3d7fc8ece9e10b2491b|df7ac1ed3cf5f4cd01c243cba4e4e4351e443ca20f353eb94a1d2c295797a8fb|f5c0fcaaeed14bd2e75c71960209a5d028c579f695012641563d70448d61a037|7ea90c01036102c02044a25f8179398139fc91b4062db8c1bec92f0099f83090|f56531c6df9271dd6a8352d35b26063da13efe62573f459904f3f8a5dc665711|96cba83345ab6ae2eafa44a8687ade9e710f8aaeb063f00cedc7c1d329119321,0,9.5367431640625e-07,5,"t0 ego planar: +x forward, +y left"
00590cbfa24a430a8c274b51e1c71231,9c31efbd1aa44ab1a6e030953c7e790a,0551ca60854c4a17914682c5c0a3a3c5,1,True,False,Vehicle,future_incomplete_or_outside_recording,7,1,,,,,,
00590cbfa24a430a8c274b51e1c71231,9c31efbd1aa44ab1a6e030953c7e790a,2d18ed0e920a4e839a244385733e5072,2,True,False,Pedestrian,future_incomplete_or_outside_recording,1,1,,,,,,
00590cbfa24a430a8c274b51e1c71231,9c31efbd1aa44ab1a6e030953c7e790a,3589664f612948e9bef32ae4e591bae3,3,True,True,Vehicle,,12,1,19107,ac812ba528ff5635ad0c3411fc5cbdfe053306adfdb323f1f4ba060043022ce2|ce11df1e9d75f154f54745622af8654a80903a2ca3542f1c268450db9036a503|51c97cd949a4d81868265677c5d33dec2dfe4f251d061961bfb2488fc3d81390|f43164348cf43ebea9d5d07d8ded60122851edb7dd2544199d0ec600936c4ac2|f40f617644db0b9f350eeefdd30b6875cecde0e874650274acf8f65d5c526cae|b2ccea23ac21ee2fec474cf9d51d66e2436b33f98f7ed0fa1389caa0ea83c634,0,1.9073486328125e-06,1,"t0 ego planar: +x forward, +y left"
00590cbfa24a430a8c274b51e1c71231,9c31efbd1aa44ab1a6e030953c7e790a,416b49f119484af8afb01d6b1908abff,4,True,False,Pedestrian,future_incomplete_or_outside_recording,5,1,,,,,,
00590cbfa24a430a8c274b51e1c71231,9c31efbd1aa44ab1a6e030953c7e790a,4dddd16722754359a2014c0fce1aa1be,5,True,True,Vehicle,,12,1,19108,9ab03ee83e389c6c941abe39462832ec1818ca5dcef940722d97beeecbb0eb79|6a50b4d666a45164f6e44c46ccf151e76101f00c0bd7d2da0e0560dfd866069e|e77d24c603e7d20aa0a8b9b1b3ad66cdaee028282dadec4ca978dff66b219805|0cf1620bd940e7aef1b2f082b7269bcbc6b2db853e300b595c2f4f6adf3950b3|b336fe8d2dd9a921df69941eddd353c6387630f8b64aed801ad18a2c688329ba|847e94944bd6da392228b3b696b141d653c1ae454b9b6d6059e7774ad7e302fc,0,7.62939453125e-06,5,"t0 ego planar: +x forward, +y left"
00590cbfa24a430a8c274b51e1c71231,9c31efbd1aa44ab1a6e030953c7e790a,4e063afa27cf441c8e1639d7abd4e130,6,False,False,Vehicle,insufficient_history,9,1,,,,,,
00590cbfa24a430a8c274b51e1c71231,9c31efbd1aa44ab1a6e030953c7e790a,829bfc2c064d4190b1706b62905da383,7,True,True,Vehicle,,12,1,19109,1f99d97476e4732e907259f011a9b01dd08c0f328a20cf95e300709118ceeea3|497b8dd0a408feb6587e6c2875052e6318057070ab4183bea746f091e3f64305|bc4f4c3955dfc07aea41c71b0753d1c46397c2e4a0422577d8a618582fd7ad24|5454a938c1054d29e22c21de4fc7086c51783e9533c22516996fcb679adcbdd5|1b3b642a41fd35527f5030b32965de32fcf2eee7b8a293e14993f3084f461c76|0fe375721d485cff17c4c4a1e818b40755cf4d0df6d5004a8593258475af9712,0,1.9073486328125e-06,1,"t0 ego planar: +x forward, +y left"
00590cbfa24a430a8c274b51e1c71231,9c31efbd1aa44ab1a6e030953c7e790a,a9a46557f7184fdfa56e99bd05e16900,8,True,False,Vehicle,future_incomplete_or_outside_recording,5,1,,,,,,
00590cbfa24a430a8c274b51e1c71231,9c31efbd1aa44ab1a6e030953c7e790a,b244c6df912f4443994a5006bd151df9,9,True,False,Pedestrian,future_incomplete_or_outside_recording,10,1,,,,,,
00590cbfa24a430a8c274b51e1c71231,9c31efbd1aa44ab1a6e030953c7e790a,be2763258f2d453f91883c2963e0c89a,10,True,True,Vehicle,,12,1,19110,d670b7a31ff7063f9e475e4ccdfff3dc848851590872b985e6728d0435b4b2a4|f7fd063370c07c3368594ac09cf41f7880a4e3ce291afb3e6ece4bd573c48b6c|57dbe4ca6e7428d2095c94eb50c26e88a8f50a05791367093bfc157d2f278f29|d69ef10ce8ac918cf113fd979fc9170d969184ef720499cd14fab59fa6572811|2b3cb4baa2492abc56fb04e1eb8ed789773a64726834c0091bf7c68c82a19d39|2041fe4ef6664759aef3849a53a31b0f7830626dbfefd18f499746a73cdcfd41,0,3.814697265625e-06,1,"t0 ego planar: +x forward, +y left"
00590cbfa24a430a8c274b51e1c71231,9c31efbd1aa44ab1a6e030953c7e790a,cc8f4e8b303743038c359e82aa5a65b7,11,True,False,Pedestrian,future_incomplete_or_outside_recording,1,1,,,,,,
00590cbfa24a430a8c274b51e1c71231,9c31efbd1aa44ab1a6e030953c7e790a,f196e760dc6e40b187168e0403bff9ec,12,True,False,Vehicle,future_incomplete_or_outside_recording,3,1,,,,,,
00590cbfa24a430a8c274b51e1c71231,30fb9f4db67e4227bac0a672edf69ba1,036d018e2c204cd199fdd7eabdc5f239,0,True,False,Bicycle,future_incomplete_or_outside_recording,0,1,,,,,,
00590cbfa24a430a8c274b51e1c71231,30fb9f4db67e4227bac0a672edf69ba1,3589664f612948e9bef32ae4e591bae3,1,True,False,Vehicle,future_incomplete_or_outside_recording,0,1,,,,,,
00590cbfa24a430a8c274b51e1c71231,30fb9f4db67e4227bac0a672edf69ba1,4dddd16722754359a2014c0fce1aa1be,2,True,False,Vehicle,future_incomplete_or_outside_recording,0,1,,,,,,
00590cbfa24a430a8c274b51e1c71231,30fb9f4db67e4227bac0a672edf69ba1,829bfc2c064d4190b1706b62905da383,3,True,False,Vehicle,future_incomplete_or_outside_recording,0,1,,,,,,
00590cbfa24a430a8c274b51e1c71231,30fb9f4db67e4227bac0a672edf69ba1,92d42300c05f467b90e8650e16dfc623,4,True,False,Vehicle,future_incomplete_or_outside_recording,0,1,,,,,,
00590cbfa24a430a8c274b51e1c71231,30fb9f4db67e4227bac0a672edf69ba1,be2763258f2d453f91883c2963e0c89a,5,True,False,Vehicle,future_incomplete_or_outside_recording,0,1,,,,,,
c7b8d96173bf41dc8df8c0d16adfc71e,8612dbc245ba47bdbc180b70024a218c,00e629bcde1c403da4db2b2bfd626071,0,True,True,Vehicle,,12,1,98172,fc5a9ad931c4fb90c8f0e39e9e43e44a369fda300b3945e311c19e6b58b6c43f|62695513a87454dd0062a75db40b1ac37f81cb291f27ec6ce9cf32c95c85865d|9ac43266b6b1ae923a28e83a6ba1a3f1de6faa8d95f8a2b8e8cd07f2e818dcde|2c5591c6c3b34d690cb7e67ec7448ffdd040d22e49bf09ce598247edc80ac5d7|4213e78f855555c2875f2cff51360115948d5e94746112c264e647f5a7936f9c|7ce72c3c4bc839b2001ea8317aa8b442c026b7a05fcdae1f5c3088a565a2f942,0,1.9073486328125e-06,5,"t0 ego planar: +x forward, +y left"
c7b8d96173bf41dc8df8c0d16adfc71e,8612dbc245ba47bdbc180b70024a218c,021902cb3d1f4ea4874a71835510a8ab,1,True,True,Vehicle,,12,1,98173,874aeb4badb24ee71d63397e6a318069ffbdbda418aa6aef7c1c82b91dd2419c|0a184184e336c5a3cb93d20d4eb52faf922d610b46fa3aa29124c57f8669f9bb|17182cc403000e3e64969d42ff2f55fe38b042e08ffa30dedfacd2792574aa66|62b41f5a475e4eeacde687ffa4f0b27f4fbe03794f549f09d2b8b9090b83127d|aae1e2fcb15c6d78d7ad1fadc9438e3f47b1f9b751df34986bb32e836425d0dc|4c82fa281421bc635b2ca0fac60a38230b0dd7137fdb5c325ee2a93323929e75,0,1.9073486328125e-06,5,"t0 ego planar: +x forward, +y left"
c7b8d96173bf41dc8df8c0d16adfc71e,8612dbc245ba47bdbc180b70024a218c,02c8c4dc68244cc58f184af84e3e315e,2,True,False,Pedestrian,future_incomplete_or_outside_recording,6,1,,,,,,
c7b8d96173bf41dc8df8c0d16adfc71e,8612dbc245ba47bdbc180b70024a218c,07b4179ca79a4ace9a66c69c0fc9f461,3,True,True,Vehicle,,12,1,98174,e2b5639a179a950f50b2d54d30e1255a8f1bc848b76ae1b07ab1a1b0fd2bf813|3f0c4bdb523f39c60cbaa0af6b717c8725b61c03fccbd42fdc85c9c2829aea91|2d91c2f4a6ada45ce8c489a3213d044f1fdf413fd80a55fefe281a8a0d3ee517|ad2dbe019cfe8e60f860cdc78f67b8d801d601719f91ba9bf44b1db4d2dbae01|81ec7f637dc109695a0bffa8bf9f6c112f8392710a1ff6be75750c22f1f35f0f|224ab25c7db1fb0f0970149f21b46273fc67d66e1610785acfb9dbc3f1457c4e,0,1.9073486328125e-06,1,"t0 ego planar: +x forward, +y left"
c7b8d96173bf41dc8df8c0d16adfc71e,8612dbc245ba47bdbc180b70024a218c,0debdecf54c046e88f31e6afba6ce3df,4,True,True,Vehicle,,12,1,98175,3ede143e9021ff58623d54489edf4482489a0dfcfc28ee48bc6ac835f0e988d0|305f026d475559f19f126cccbc45db484ed512f1149e2445cc6106fa0bfe668f|4889f59cd5f7e0b818352b71cace724819ca84563dbf8d57c101a8f11858573e|a17eaa72a13c16b16e242dc98a74a05e89f73a2e61ce9652f10754216cd7be1e|cf0a3e46edeac4bbb5d800ffabdeeb9db531a4e5a85c2a08b3886ce574949736|28eaed94f48c2060ff7058e79137fade6ae8e4d5c3e46e3a37e47d729c175f25,0,3.814697265625e-06,5,"t0 ego planar: +x forward, +y left"
c7b8d96173bf41dc8df8c0d16adfc71e,8612dbc245ba47bdbc180b70024a218c,1070d985fa4c42f182cdc9ff1d2b563d,5,True,True,Vehicle,,12,1,98176,0bee8f8bef007a55896fcc5abb57d171acb263aa69c567a02886f18fc2a386a8|d3487c92783b2251f287b27f870286618c4da66e5cf0e4349957144264784ff7|b668dc1a42a568663d8b93fe5133ea9fc432349c3697d6a17f47f79437fd49ce|e70aa9ec9f0dab4cbd531ddda31acee0b48b07d2b6ac2f2df8cb17e81360f9b1|36c761e128e5770b950bca2bee9215351d1cee96c437587fe9f31642631e64d7|18b1fa128cd2c3752745bea48374e692c3c95060c3e6ee3e72881df51224e7db,0,3.814697265625e-06,5,"t0 ego planar: +x forward, +y left"
c7b8d96173bf41dc8df8c0d16adfc71e,8612dbc245ba47bdbc180b70024a218c,173fe0d757ae44e7a7fdc8d95022aaca,6,True,False,Vehicle,future_incomplete_or_outside_recording,9,1,,,,,,
c7b8d96173bf41dc8df8c0d16adfc71e,8612dbc245ba47bdbc180b70024a218c,212f2a189a9848d39d87ccce66230065,7,True,True,Vehicle,,12,1,98177,0c24cc2be7fb5194725504beaba42fe84c97a596af1f0ed195df41e04f711951|a451a825d2c72aad30ab5b0cd2256b0d48d91264f33fd5403af6ad9828d71a95|425ee019f58140ea4aac2623564cd21ebda6d81e979b976e2cbbdd8c2c6ec026|ef1914239725a78d34996130d38b4032005fc3f9618c7cbc9dec595cca29493d|03fee3e17ef49e8db51af06de43ab4c2e94ff16745bc88164f496c3c0fe69bd1|ce61daccf72b404b464931437e4882d91f86f2d27781e1a9abc155aa84b00b06,0,3.814697265625e-06,5,"t0 ego planar: +x forward, +y left"
c7b8d96173bf41dc8df8c0d16adfc71e,8612dbc245ba47bdbc180b70024a218c,277a2fc0444445128821affbf18ef9e0,8,True,True,Vehicle,,12,1,98178,282827ebad4cc11e5fd1195ad122ad9d061b0cc67cc810b6d5ac83c06f5433a9|7f5e538904eba1a7f778b09c804a63eec07d995d296de26020ddd818aa71a053|cf4fde5222b2f9053eba6e40590bc19b861a8b81da2a00251df480dcf480d833|b99b5349e51615656f1a9ed09e48956ebeab1e5d1463121ec3bd9ddb68c991b4|77f368f0a5016677cd46d40e0c2ce7ead9d192384c493eca52cf0b4833c9db2a|8d422bbc04f9eaeccc801541a1e220855abd10faa83e4bacac8f3d4d3ac6b2a9,0,1.9073486328125e-06,1,"t0 ego planar: +x forward, +y left"
c7b8d96173bf41dc8df8c0d16adfc71e,8612dbc245ba47bdbc180b70024a218c,2ecf87ff8ac446c6a60576e716020e76,9,True,True,Pedestrian,,12,1,98179,f37991cfa97bafb8cf4f0f7bd7352873a6cc75d6d5da5fd8119d7cfb1b3e3454|8b213374e4c185bda54abb16fa9633405cc609207ed31e04e13567ac15d6f205|29e25876b1f8b6a5d4cfef4466ecd63f55fc4fcd4dfb3c3097ad0d31dbc2bed7|4724ff0332baeef7c69c09ae1e29bb1dde35b8b45f0db544c711a6b26522dc45|4199a3cc6b3e2d810747e79e516c420bdc8e559c149ca486b8c6eaec831d1283|ae7c8fed948ff5a9e984607f393be822047df87b28717874db94d90edb36b1c7,0,1.9073486328125e-06,4,"t0 ego planar: +x forward, +y left"
c7b8d96173bf41dc8df8c0d16adfc71e,8612dbc245ba47bdbc180b70024a218c,2ef6518cf3bb40668fcda94e1f1bad50,10,True,True,Vehicle,,12,1,98180,2fa0496ce791b6b966ee1fdd44e2482364ef1f33808d71cd197f73831c0f3d06|278453b4f60f21549227234dd3c38fb98979b7bc85cd30ae92b5195ad4615191|97b7c2dc4315ee9c78e183c78774715dc3ffddcbe42c4843d24a5fec57595296|8c8dbc40c6c9ea3b9cdf23b2f2f40f96e7e64f8e57d0d2e3581a6976ea68e126|f5f44519d506f0ae862bb6565ee41262e5265617cb40460ee8246c58e031291f|7ea14cce8a5fb6939cb330422a7ccdf607c6853b4766d79646a90c64968bbe97,0,1.9073486328125e-06,5,"t0 ego planar: +x forward, +y left"
c7b8d96173bf41dc8df8c0d16adfc71e,8612dbc245ba47bdbc180b70024a218c,2f233adc6ca64f5b88b20cbf5581b42e,11,True,True,Vehicle,,12,1,98181,3aab228e1eb03db8768f81a1915adf8dc64eed45bd74522e5d6553321dbc63c1|19b9915e6094936e05a81667d08c972417cff4dacfdafcbd3643f70a2814d160|5ad3fcc834673c190190d630c9d7c37b4db5d379445972db3c1b1c372d09642f|85e51ab8af78caa0eeb119a96d36f28161988d2d75a51cc4deda1361f195e94c|808f654a266c3e9dcc4e59668535e21523b20179d6300b09bd5d884c3a88cb18|b42d81d469189e32c0bacaf52fc9703de6b7ec136d953d8dbc9730cdacf7ff23,0,7.62939453125e-06,5,"t0 ego planar: +x forward, +y left"
c7b8d96173bf41dc8df8c0d16adfc71e,8612dbc245ba47bdbc180b70024a218c,3046c015a5934cdf84e03c5376aae66d,12,True,False,Pedestrian,future_incomplete_or_outside_recording,0,1,,,,,,
c7b8d96173bf41dc8df8c0d16adfc71e,8612dbc245ba47bdbc180b70024a218c,37363dc6045f4baca0a9e21a6a602ca9,13,True,False,Vehicle,future_incomplete_or_outside_recording,0,1,,,,,,
c7b8d96173bf41dc8df8c0d16adfc71e,8612dbc245ba47bdbc180b70024a218c,392a779779e944d09abb469932e7699c,14,True,True,Vehicle,,12,1,98182,a8303a99918d88ee885c41437938237efeb9286964f510a247774a1766b6f0b9|f094b11693f4449519eb7b4feae25bd5553d1372036d842e48df0dd3827ee19c|e014a4e6c196f34389e759728d8b349a87b159fcbc57967228aec5213f07309d|98587a2394364b766806cebc839b76cf4ff6da99b30625dcca02254b0fe5eb05|fa6c10839f1857381171235334b97260cfdf1662a1cf620b6f0214124fb99a6e|c6af294dc143346a63a406e8462a8e53d0e7babfa5effffb8a57c7362009a7f1,0,3.814697265625e-06,1,"t0 ego planar: +x forward, +y left"
c7b8d96173bf41dc8df8c0d16adfc71e,8612dbc245ba47bdbc180b70024a218c,3a357b20cecc41db98a3c53e5e2fabb5,15,True,False,Vehicle,future_incomplete_or_outside_recording,9,1,,,,,,
c7b8d96173bf41dc8df8c0d16adfc71e,8612dbc245ba47bdbc180b70024a218c,3c8ab879b8fe4315a762a6585610c456,16,True,True,Vehicle,,12,1,98183,15ce2cef48475bcde7fb3ed2ed7415b173d3541275ac4849a93fa577c43a6146|5effa3cf92f5339c14584a8382b25458b39bac6285ce5de6e155735fcd93ae0b|7f9b159c76c32b15fc14b74e80df3e9a5f49ec342b47bcdb2908445e072f6e0d|b2b3b9b71a8dfcc9fc99e398b9c6d907baf86cf1a750cfd90bd208eadbc143fe|24f967c5de891ba5b4b33de05337039abbb232eb47e7a61cde4f9b3c73b2d0ad|53634ff727c00d1b54d1dcf443333bc2ed32e1353045c03e7deea0642b0f45f1,0,4.76837158203125e-06,5,"t0 ego planar: +x forward, +y left"
c7b8d96173bf41dc8df8c0d16adfc71e,8612dbc245ba47bdbc180b70024a218c,3d8d33d07bce4db7b065e9f4dc855c54,17,True,True,Vehicle,,12,1,98184,4f9d0b166c35ebd6a606f4cad998ef969fc8ffa6c5b1f635cd0458afa9d0bc0d|387067391f2766849d3b25818b0bee26d5dec0b9ab0ceb77d67bd7bc2bf80c6d|1db88d2388064dcd78c3781bc97637cabd287f48d03159c39ed3d625ff7cfcf6|bf5996f9270292b3aa6b11fddbb48a18fa5e875b95135ae9f9dca23e38e652bf|b2158af66335122ec9d90077e4def91dc76a99c2493f9f255d0b4b134f5b4e2d|7c0598b46237856e6dad0846c04099ef9d6d8a0e11d364577c7317455fc9f18b,0,1.9073486328125e-06,1,"t0 ego planar: +x forward, +y left"
c7b8d96173bf41dc8df8c0d16adfc71e,8612dbc245ba47bdbc180b70024a218c,3fc8a540150c484fa6a5fad749866133,18,True,False,Vehicle,future_incomplete_or_outside_recording,5,1,,,,,,
c7b8d96173bf41dc8df8c0d16adfc71e,8612dbc245ba47bdbc180b70024a218c,42d12a76630f49579c7ac7d6765fb080,19,True,False,Vehicle,future_incomplete_or_outside_recording,8,1,,,,,,
c7b8d96173bf41dc8df8c0d16adfc71e,8612dbc245ba47bdbc180b70024a218c,45241b1ab9ca4e9dadb227d540b3c5e1,20,True,True,Vehicle,,12,1,98185,6440816b8c7b8526a5aa742bc97a389e0120bc13089363ab031c785343528cad|46b4f0e1fdbd0502727cc272c590e2df3ab8abbe3c5dc9523b5731260a9e94af|26b6c8ab4bb03b41113b6e3b9c6f2f91208533c1976cb9e7035dea43f780238c|4ab2b548c90ad3430e38ce8544fc305bacf330083928d9a094aee410fda1ef9e|61cf4b6d874c6fa591b4e344e8b057b608adfc44607d23cfcacd6880f055b609|da88236942c965cc1419f6ee2ab4adfdc0d874199613c29e8b2f16453cea6a4f,0,1.9073486328125e-06,1,"t0 ego planar: +x forward, +y left"
c7b8d96173bf41dc8df8c0d16adfc71e,8612dbc245ba47bdbc180b70024a218c,4b0d4683901c46fea553fd7307b2f359,21,True,True,Vehicle,,12,1,98186,319344bef292200a133c1db399024d45681d8f2a6d5309f09870e3f55b011e91|84cf58a08343a62534a5ba69ce39c6f7506fc60bf22e4d8b3ca30ec5f78f8199|47e0724a9ebe15079b25e34c2d337a8add17f0736d8359099c074c0fc35d79ff|9f32fabecefe92138e67026d87934095f2c355cf5a147ed5ad47941d5fa22ca2|fbc0143c31e52b4699f22b5eaa16cf31b669b3640613b26bd861f026b81531c3|89764478cb2f3d02e0dfd4b4bcd5c16fa82ea184afc7d32247a0218149cea82f,0,7.62939453125e-06,1,"t0 ego planar: +x forward, +y left"
c7b8d96173bf41dc8df8c0d16adfc71e,8612dbc245ba47bdbc180b70024a218c,4c3c6bb0333d4aee808d4cc1e915cfed,22,True,False,Vehicle,future_incomplete_or_outside_recording,6,1,,,,,,
c7b8d96173bf41dc8df8c0d16adfc71e,8612dbc245ba47bdbc180b70024a218c,529a0fbc1bed4d3c89e360e034a30aac,23,True,True,Vehicle,,12,1,98187,b9869880ddf7f535407618d4ceac5678294c2655ecf4599b7cb0e0f0dda43ab6|3534a95c2a954884b9f12021af28e3182ebf6e9a38880fcd6d4d9a74368fbc9b|4ff97c776f74d44e8d5ba5c04ddd6ecd7c3ab7cd08ad772cfafd6a9c723335dc|fe79dc1fa18fd5eac3be55047e90ca3a3ab26dee7bf132fc7ebaa0ed2a643c45|52168ae65c65cad0bc607212d6449173e94011e4a454768ef6de86977d0e5cd8|f86f2339d416d58bd532e64c463dedaff69065a3f00b538dcc0c058892ba4522,0,1.9073486328125e-06,5,"t0 ego planar: +x forward, +y left"
c7b8d96173bf41dc8df8c0d16adfc71e,8612dbc245ba47bdbc180b70024a218c,59855b13f8444d92ba217e4b6cc7027d,24,True,True,Pedestrian,,12,1,98188,4054170abc815ffcf30339fd6bbb07d56c36e1eeec1ae59eb4b6d6b6e26ae1bd|d699239e30a872a6fe26b969211f83181593c4efd73a8332d83f7c533bfa0106|3b3f0068e8d088f60f747600999197c2a6136bf80629e968c2544ca0198a1550|69120df7b0e62ab3900716bcb88e0d7e3249746b059d223c184f4e2ff68c775e|3895d4e8b2075df28972ca25423ae11ee90147503585f875d14fa264aec5c045|cca0caf609f43df14e8819121d8c9548a6b3e45c17268fdac2cd47eab84dc3cf,0,3.814697265625e-06,1,"t0 ego planar: +x forward, +y left"
c7b8d96173bf41dc8df8c0d16adfc71e,8612dbc245ba47bdbc180b70024a218c,68278e15e60043b99488ad51ee96e7f8,25,True,True,Vehicle,,12,1,98189,aefebd495c09a5a6a341cd7613a017774c493757d40cb1667228fbb480acc99f|aabc421c93429143d369e9ede23bfdd38cd033994e604aee0a81f69916005bbf|7f322871537a5e448ca45b260b2e38ba615e0b5b6e8a63885a17e37de2e2b6bf|bc34e5a9d67bca2b582457e62a65f1ac5797cdd6394ff1a869c3ca2c3d48d236|ce38f73ee6792ba76574913a01e17ada6760997c4cfbf50e05c40a91230c1849|0c74a36ffd597815e594f8b99f20e61448023c34e16eaa7ac1e43d08846020ba,0,3.814697265625e-06,1,"t0 ego planar: +x forward, +y left"
c7b8d96173bf41dc8df8c0d16adfc71e,8612dbc245ba47bdbc180b70024a218c,6c6716a39c914fe5a18631c38a30d5b5,26,True,True,Vehicle,,12,1,98190,b73f4097d7b833448d1a93e518a4950d37e8faca3e09d01826df88ff4fa8d0c8|bdc78d3f49246dfa60f07d51c1f2f5afa1947b61398bba0acd253f80006b2f15|c7cef5efe26c1023005a19a4527c5798e5b826facc539528421ca6004e71a48c|55bb49690cc18beee215820b17b43ccf5619c9f069f379527bb2959704e07d28|e466b38e71a371698cc95c231af95442c2d1b80fdaad1619d38d0cf26995347c|7c172f207d67eb3a94eafc8b8599afa3948f1a6a2798c15bda005b2bc0c7d514,0,3.814697265625e-06,1,"t0 ego planar: +x forward, +y left"
c7b8d96173bf41dc8df8c0d16adfc71e,8612dbc245ba47bdbc180b70024a218c,71fefa1a744a4267b69f5e50ba2ac7b3,27,True,False,Vehicle,future_incomplete_or_outside_recording,11,1,,,,,,
c7b8d96173bf41dc8df8c0d16adfc71e,8612dbc245ba47bdbc180b70024a218c,79c64562fab14f08a25a2ab41f162fa9,28,False,False,Vehicle,insufficient_history,12,1,,,,,,
c7b8d96173bf41dc8df8c0d16adfc71e,8612dbc245ba47bdbc180b70024a218c,7edb184abe1f4e5398361d2057a0b891,29,True,False,Pedestrian,future_incomplete_or_outside_recording,11,1,,,,,,
c7b8d96173bf41dc8df8c0d16adfc71e,8612dbc245ba47bdbc180b70024a218c,85cacd5aebe94f6d8004581b3327335d,30,True,False,Vehicle,future_incomplete_or_outside_recording,7,1,,,,,,
c7b8d96173bf41dc8df8c0d16adfc71e,8612dbc245ba47bdbc180b70024a218c,878c3241740240fa9e00e9028af17568,31,True,True,Vehicle,,12,1,98191,55ac5058113344c5722bd7cfa6fbf3a6871a030c1d966bb8d4149197cbbcc0b7|410c35ed65b4a8caf4c7f95773d9480b21c80c9ddcd0f96b2ddfe9cee762e366|8752835f56f123189ac04fafb8de73499643f017dc54f97454d9ff251eb30fe6|2b0137059919a89e3e42565324341141faf34da944d19dea2169e9cd18bb69df|1539b3ff99ad81b8debd3894e60963043707a3ac80d726206d0fff246ec2cc40|02d8d119a1699d8363b7480fe00bca88c64081e5026799ce0298c90eca21684e,0,1.9073486328125e-06,1,"t0 ego planar: +x forward, +y left"
c7b8d96173bf41dc8df8c0d16adfc71e,8612dbc245ba47bdbc180b70024a218c,8b02e4cefdfe4f7991f41993b1fd52d0,32,True,True,Vehicle,,12,1,98192,60de495294c6181766a4eca79f1c27b59e3c80b77b74104d011dd2e98dcc5141|0b48922c7251860887c8b79a2f40b98c1d29432361d4fe6fb994a3e0969c79c3|aec40bffdbc4d60a86b94f169c9d543ca0e0c90e56f19bd19bada148a76bc7fd|3ad594eb7d4f22d1423a37a1e79ced1a91d5eaf00c2f95d7fa00d1c9a2f3dddc|6d9fdb26de3907b1dc3a515d5cd5214fdd74bcf857b7230527becc7c00289c3a|e5f4665229430da615e75aa7790353e43833c15dc44ca0fdb86a9392fc328472,0,1.9073486328125e-06,5,"t0 ego planar: +x forward, +y left"
c7b8d96173bf41dc8df8c0d16adfc71e,8612dbc245ba47bdbc180b70024a218c,8b6e4f4414554c928cdd73d48c90363d,33,True,False,Vehicle,future_incomplete_or_outside_recording,4,1,,,,,,
c7b8d96173bf41dc8df8c0d16adfc71e,8612dbc245ba47bdbc180b70024a218c,8d045a542ea8444393a5726f20d092db,34,True,True,Vehicle,,12,1,98193,76778e42c6d5527757fb2a54158b0f7ec753874ff7969f87a1db2cbef71b3507|a3cce435df267f7221deed47da0a79148abe3899431cea0b426016d87e9f8c9a|71fd42da735bfbad4bc8d50125f5bd5d7d6b22e8420b2e3d6ec5cdc2076ce9df|2d032367a5a0464ea4a6eda1246f11479c869ce88f30ab173b0274cdacf65d75|bf3ca4b09f32196502a3dcd383c441e967a7e2411fac2d16f509133f08b555d9|e04945b1c3b2e74a17449beea5c5c2fa8a2a267d4f1f54a613874817cff0c993,0,3.814697265625e-06,5,"t0 ego planar: +x forward, +y left"
c7b8d96173bf41dc8df8c0d16adfc71e,8612dbc245ba47bdbc180b70024a218c,8f8efbc91d9a43f2b22abbd51be34e3c,35,True,True,Vehicle,,12,1,98194,4a5e4c18a161a8703501bb898bbc286859ba32af3e4af8ecf59c7df578999f00|1f34979d88b19e1f0607a753c433f3c7a2b0050cf8fa46f3e942efc3e1826177|f68b76fc72d7347513a2e80486d7ad291a96035e417fe9462df8cacdd1df42db|940f0149fad8977d20d004b63c5cd009de7cd17f563e57ca93b0c6c85c458450|9ba40f2d7644e2b0984e557f3801006a5025fa0450046427ab34ab66a0fc8be1|920424c3c5c94fa78870b628bcdc4299563b660c02963f323c0e5dfa6951e56b,0,3.814697265625e-06,5,"t0 ego planar: +x forward, +y left"
c7b8d96173bf41dc8df8c0d16adfc71e,8612dbc245ba47bdbc180b70024a218c,9cddd31808ab488f9ccb3fc7f1c4b5bf,36,True,True,Vehicle,,12,1,98195,169bd3a0af5d94a17f02d38a54413f333bc6766fdca615cb973764e73b724050|e781c176a2be6dd1daa72492242c9c35def79704995f8bfc5cf11ff1d1e3afd2|e6499736432fb93ef7e82a8a3791a152f63ca66aa02ef3c68e686ff6accc6483|ea5651837201bd9824e563c593c9d97c5f77b909f218846d046adcbf83951026|a42e6965d95774ac6590cf81823da79628fc5a0eb6fec434553d397c751b8893|84bd30400f2afceb73bf2cae1bd96f7df3f5c5d42fe071a0e8a5f994564693cd,0,3.814697265625e-06,5,"t0 ego planar: +x forward, +y left"
c7b8d96173bf41dc8df8c0d16adfc71e,8612dbc245ba47bdbc180b70024a218c,a093aec8f9c2478a94a8389669fd4b27,37,True,True,Vehicle,,12,1,98196,dc0ba0615f407aa44775b4c70a62a3de8dfc2ba4299f439b2d67e2cfbfd31898|7758e47c1374f3de021723928c2f6ea4d1bafd40db258edf71ac0b296e1cddc0|39c5f7429902b8be6095016d1e5f1c51848971b3a1e791929d12705e0ba51b47|ca96a98ecd9166b68a19554f5a2c97377ba6df6bec0acfd958b690c1192f68a4|d3246d5fde5905d1bbb699536a10900d1a36341419c059956bec3942afb25018|e2fdfb189639cb8f96288915dfa88825db3243802ad315e321334b7ea798d0f4,0,1.9073486328125e-06,1,"t0 ego planar: +x forward, +y left"
c7b8d96173bf41dc8df8c0d16adfc71e,8612dbc245ba47bdbc180b70024a218c,a3dbe447656549f79710c2b5c9699f50,38,True,True,Vehicle,,12,1,98197,d50d961f0d312c30c6aa86043f70b340f8c496d704bb1c953072c18f6ccef544|97ccc88132d95b0c5e3668daa04b69b4ced9821e023c8cb4cca97b21ef9b96b8|a32417c804ffd981fd40872e4081a9afb7f49a29c176e6a16e7718689cdfe2d8|66348d51256fed7b8ccff6a2ee532b3f6860f10ef2975e3a18b3780d869f085b|7b06a5b4fa87b1a25cecb78b60840977bddc23a2e2695546f51c0d3c96cafc0d|5f37ee4944d1241fccf810f79c1166b4b37462b394cfccd377106b7658d8d9c3,0,1.9073486328125e-06,5,"t0 ego planar: +x forward, +y left"
c7b8d96173bf41dc8df8c0d16adfc71e,8612dbc245ba47bdbc180b70024a218c,b14f09de361043c7b83b08b385e68590,39,True,True,Vehicle,,12,1,98198,416a2f5acc84180a51e9b576e37ed4eccea64d68b1e5b06dc5cffc4862f27949|65e31539217d5eb6911b93d53fffe37046205507fa11a080f4af393e0d9a9e76|40ff0a23aec27e49183e85bce1a591ce83d25115891fefbc6d16c64e55ef6ce8|546df91084bf766d1d9962ca6e9d95898787d40a5e4b24c40f600d599d3aed4b|3490843c0c0e9d92565496478973ef4898114353897ff184ffc26c2002fa94e3|9f8b6c6f61f3ef262aa09a49fb4cf3fd42795604af8d4733d2cd4165aaf7c32a,0,2.86102294921875e-06,1,"t0 ego planar: +x forward, +y left"
c7b8d96173bf41dc8df8c0d16adfc71e,8612dbc245ba47bdbc180b70024a218c,b2993b2f71d844e2b671f7deafe3686d,40,True,False,Vehicle,future_incomplete_or_outside_recording,8,1,,,,,,
c7b8d96173bf41dc8df8c0d16adfc71e,8612dbc245ba47bdbc180b70024a218c,cf7b52cf43b14009b6354553694dced8,41,True,True,Vehicle,,12,1,98199,aed271033c7dbb1edaaacb94316b91ef7167c67021366265cdc00f3014a33660|ac7794e4ecfd25607b6cf762a44c8591933de919d510ae35bc460a711db88a10|5f76ddde3c183003745510adc9f06f24bd8283a391348fa5920463dd44fecbcf|6fcb49ac18f049e608cf4d8cea6508cc5c1727e73964551fff6ddfce055ec2c1|d851e4e5cc27e02d4993e87df377396c23a314542b55b955cf6e9f92eefa7ae1|8382b5c52ffc18912b7d678a261adc4b7d996d6996adaa1307e0c34f9876a432,0,3.814697265625e-06,5,"t0 ego planar: +x forward, +y left"
c7b8d96173bf41dc8df8c0d16adfc71e,8612dbc245ba47bdbc180b70024a218c,dc706b191bb0451a846501292fef0ff1,42,True,False,Pedestrian,future_incomplete_or_outside_recording,10,1,,,,,,
c7b8d96173bf41dc8df8c0d16adfc71e,8612dbc245ba47bdbc180b70024a218c,dce63d61510241a8a719c8a28dc463c4,43,True,True,Vehicle,,12,1,98200,06a7b10016e84c03f273e42e16996312bd2b7532627fd2200283e0f135551dfb|ad41d2bbe32a50cb3c4ed1d4b9d997bef62b3e3b8466ef3514bbc98cb8090c82|7b0e7e8ad2c1ffa92a7633882b699210c19ac0ec6b215f9f992d44d8a2ea995c|e619c5c8b1bff759c6da20a1bfa44e9ba536005846059dd1f5c0d41df62d5476|f85a3e0419ddd831756fcb4ab9124fd92bd6e20279d72dabb4f932d5ef7f584b|13e98a17750759af84afb6635ed4af721c2e4db8dcbfacb7e297fd024cfa7121,0,3.814697265625e-06,5,"t0 ego planar: +x forward, +y left"
c7b8d96173bf41dc8df8c0d16adfc71e,8612dbc245ba47bdbc180b70024a218c,deb7e8838b0444bdbdef99f28ee9fab8,44,True,True,Vehicle,,12,1,98201,ec518595740be8f94cd78f2262e612d38dc06f36b58976f7efce19ae727ac06f|c42c35495a33deffb4386d5a892984d374bf8127fb7ff68daaf0b8ce5f713c03|cfa49a315192f066af8212ef51aa0b666fec20f59716583e81ffff7f34f86328|d79bf82007ca4983642f3d88afbd02ea28be09147edd2937495700ca25d89b08|47fa934e2b7c071e2c026e36290db7cf9e0d09104be857900c66b9bd4ffb3b8d|9e98f346cbb2211451232901939394d3f5096c5c9ad92497f5c508320b790019,0,3.814697265625e-06,5,"t0 ego planar: +x forward, +y left"
c7b8d96173bf41dc8df8c0d16adfc71e,8612dbc245ba47bdbc180b70024a218c,debeb8e92bf349afbcf1d9be76fff79e,45,True,True,Vehicle,,12,1,98202,fb191ebc2d2e5a03957279f81ec15f3ad9ef3a834e0958dd300856b1e5d69580|da857b524ca7c5bc89942f334f4a9b32eff855c29a952894f03b42163b97efc8|6d588c7312af566957603c0dddd36989e9c407f07f1dc6de94c82502b4fd25fd|899447d5926da0f320c3ce08321311c26d3cf2cd2ac67676a8329711ae0dca89|da08ad98234c2dec9c3b1c6e67f53611a1db02305064a04ebdf3289d7d5ee932|27b33eb0a177d63565eb385b2d109c90917c149cfed0e81dba5a624d560ee4e6,0,1.9073486328125e-06,5,"t0 ego planar: +x forward, +y left"
c7b8d96173bf41dc8df8c0d16adfc71e,8612dbc245ba47bdbc180b70024a218c,df7cec463c0d4e9bb205e0f57dd03da5,46,True,False,Vehicle,future_incomplete_or_outside_recording,11,1,,,,,,
c7b8d96173bf41dc8df8c0d16adfc71e,8612dbc245ba47bdbc180b70024a218c,e19533d63c3e4f2883f177c95ac31c14,47,False,False,Vehicle,insufficient_history,12,1,,,,,,
c7b8d96173bf41dc8df8c0d16adfc71e,8612dbc245ba47bdbc180b70024a218c,e23ebccf2ffb4b09b1af0de66afe1cbf,48,True,True,Vehicle,,12,1,98203,c231e1e938aadb3b7a8916a463b72aed116a10122242180358cf724c6e028d7d|a3716800bfe5b829e20b6c8089d2546294bd2386e8e66c6032b833b3d5a1d4e6|d55b8a6d6529a628f2ea65133f6cba77d7484d509c732897522af159a736d960|00d478e289945da5376f86af435137b53f34d3e937e787a71dc858c309bc1faa|f6da8aaa2dd729a874437e897b12ad9d76ebac9de2c9b45ea6e81476666ee183|55f43c6011acf15c756dc70219ba9eec93202ea4086e16729f029eda04175202,0,4.76837158203125e-06,5,"t0 ego planar: +x forward, +y left"
c7b8d96173bf41dc8df8c0d16adfc71e,8612dbc245ba47bdbc180b70024a218c,ea6c730cc04143479e116fdfa9547c19,49,True,True,Vehicle,,12,1,98204,9adff91b83a841bcd34fa02352c08fbe620adcc3e574dcc29e10f0a10ba6ad68|c73e0268e6cf55755de263e9bd45f6718edb41fbffe60912a95da448b7654519|c4325cdd66206a24f42042051d32f951b144515ca89c6779d24592e7429bf058|62fa9c028f867faeac000beb2450d243b92d9e198e4db32d6ab16203cbe764ff|a406bc73de46d1e1b618f9aa668ca4064d4e8d21edc3e207e909ca275edc1ebc|8afe919b48c52b1c270a95a94acff57f41ee08d0fcdeb2c1173f598f78353163,0,1.9073486328125e-06,1,"t0 ego planar: +x forward, +y left"
c7b8d96173bf41dc8df8c0d16adfc71e,8612dbc245ba47bdbc180b70024a218c,f361171a1306401f8b4d56ff44f8f1ad,50,False,False,Vehicle,insufficient_history,5,1,,,,,,
c7b8d96173bf41dc8df8c0d16adfc71e,8612dbc245ba47bdbc180b70024a218c,f55d4807cd404e81980939954de53e50,51,True,True,Pedestrian,,12,1,98205,cda749d4aa8acf78505a3a00216b10bf2d1e0516f18604a680a93043c1b0c757|bfbb09c0bca529934809ef5747ae7c220dee34067235ad84598948285030e76e|412a67d0c6949d4211bce250e0ce14c0d647becfef43989fa7b6b6cb79a93a41|3b32a1dc25b7938c96c9dcb672605afad9284acc7af40b4201be93025d809e52|c03c24aab162e88528d4cfdb6c6ac9062920f5474e34098ca15024cbfe01edd2|7352963e5fc25ae3ad37ac6d6ada98da53ba7589fe102b4d49d581a74f7c276a,0,1.9073486328125e-06,0,"t0 ego planar: +x forward, +y left"
c7b8d96173bf41dc8df8c0d16adfc71e,8612dbc245ba47bdbc180b70024a218c,fb0e45c8bc304898a80dd125d07acdad,52,True,True,Vehicle,,12,1,98206,84b866a325793c8a398ddda6fa1180b47e2865acc885edf01430cd3617b7ed89|cfff4392e3818fe4c54914dd3602c9ddbeef1d5074f900794e1501b510c63c66|27960b5ed3a2d4863014d971265e421fe334f0fba6ef8ece8da4f8a95218f0cd|508b046b4392b9b7a0742bf7d1cc1ae1808df7571c345fe372d63f5d9ff07251|4a07d121af399508ad61a8d27c8a3ffbe59ca8e50096fb02f8bfc51c7b26716e|332be0301d9f3f6288b92e22dcb37554764c3982940f24ee0b0e5895bac3db93,0,3.814697265625e-06,1,"t0 ego planar: +x forward, +y left"
c7b8d96173bf41dc8df8c0d16adfc71e,8612dbc245ba47bdbc180b70024a218c,fb3eedcfd0184dc5ad275666926bfb98,53,True,False,Vehicle,future_incomplete_or_outside_recording,5,1,,,,,,
c7b8d96173bf41dc8df8c0d16adfc71e,8612dbc245ba47bdbc180b70024a218c,fff347386cd045bb829ca2cc5e1737ba,54,True,True,Vehicle,,12,1,98207,f73f3b416dedb75da3517ff6319bf0ee735b28b54956c0f341e69d9a60cf19a7|e0d3fef03045dc3986821ae877f17c2b7c6585ea6ba3ae03e5f5eccdcce299af|9427090ddad97454fc0e1da138b6378185c801e7c852e5dfce8e8b9ac0a65e65|21b357cb42caa6b137907044e5c6f89920eab6935b827b6325b4fed622f23824|c7f41ace8b5ca17208776d3371cdc9028f59e3725c7440b712ec64158c794da8|aed489ba517635d1cbceb80e7e81945fd7ecccdcd646e6bd4e8cd1d1b9910c33,0,1.9073486328125e-06,1,"t0 ego planar: +x forward, +y left"
c7b8d96173bf41dc8df8c0d16adfc71e,bb20ceb56cc5414dbfbea72c2ebd68a0,00e629bcde1c403da4db2b2bfd626071,0,True,False,Vehicle,future_incomplete_or_outside_recording,9,1,,,,,,
c7b8d96173bf41dc8df8c0d16adfc71e,bb20ceb56cc5414dbfbea72c2ebd68a0,021902cb3d1f4ea4874a71835510a8ab,1,True,True,Vehicle,,12,1,98533,3d68ff97e7daba8faff2a8205c763dd265390373d045929455635509bbca68ee|f34e23075a84c56349c297cbe306ef7cc96f0008bd7246a72050e945705c8470|e7395fd212ef22e7a58993facca38fe90cf4eddd9a488969e6bed59c54f374f4|a8aa06abfa5b41296a1180b0520857914c346fb32b1a8a07c966b5cdef00cf20|b828cfeb83079198b20a152d4fc0619756611669c979f6aadffcbd4fd9ddaff0|12b5f629fda4f09542d7606e1f5482ed032a165fc52e1b2b9deba396d95590f8,0,1.9073486328125e-06,1,"t0 ego planar: +x forward, +y left"
c7b8d96173bf41dc8df8c0d16adfc71e,bb20ceb56cc5414dbfbea72c2ebd68a0,07b4179ca79a4ace9a66c69c0fc9f461,2,True,False,Vehicle,future_incomplete_or_outside_recording,3,1,,,,,,
c7b8d96173bf41dc8df8c0d16adfc71e,bb20ceb56cc5414dbfbea72c2ebd68a0,0debdecf54c046e88f31e6afba6ce3df,3,True,True,Vehicle,,12,1,98534,259fd7d3b70923d6cd334eeffd06cf906a086300908cc64c750cd2f51798c285|fba8c1e4e89edb69ee13b73fffb29272b1c071e68871f3221475c7b28305ea7e|e859bda8650a2d9a85d4a9f95af87ce5ac934eb58491a4389112297b32295098|2257cd6628c26e18257e418bcf4004c5cae1bd6cd67d1690faf6f6f6d3825b90|6f4fd9604f135b05f04bc35841fdc04832de8acea2f78f696d3ce470c6376e2f|dbd8e7e46595c9ba70d15cb906c47144aa6be89693296901f67a6b5ce9a70352,0,1.9073486328125e-06,5,"t0 ego planar: +x forward, +y left"
c7b8d96173bf41dc8df8c0d16adfc71e,bb20ceb56cc5414dbfbea72c2ebd68a0,1070d985fa4c42f182cdc9ff1d2b563d,4,True,True,Vehicle,,12,1,98535,dab7a2f2d1e62750db42ca60d52ad23ef110a80c10897e5f47d8907d7cee7cac|e9929a1f37a736e4e26e545eaed1161ecdca8c57629a930c57bfed74eb7cfe41|5531f3365dee3d70cac7c49c0e9f94e9370b33ba30581daab1ee8d7032b4371f|2140b576cc776e148a660a53a641431732730a32055959897e260cbe1aceab35|dd7b11a02df477f21c86b28a7912e9aa67fcfafabdb32801fbff07f8a80d8022|acb9b4de15a3e760a9abb236309e2411f78681bb345a57a5dfce8b500e8815c0,0,7.62939453125e-06,5,"t0 ego planar: +x forward, +y left"
c7b8d96173bf41dc8df8c0d16adfc71e,bb20ceb56cc5414dbfbea72c2ebd68a0,212f2a189a9848d39d87ccce66230065,5,True,True,Vehicle,,12,1,98536,db07af1d4b58c0e00d7d32d84bcc9a936afc02011181d9f62a833ceb8d6a6c42|ce9bad36ce5b602ae77cd796109c86f0ab22cdb8037efbfcc7553e5d603aa39e|e310116f6ec28fce61b13b6d9d9ccf9b26925629ff79310275da42f6bd9e09c3|2e2c2117984eaee59a11d012de28ae698b65e6e0661110155ff3e803a2d826e6|4644da848a636e7d32a1a2608597a0ad46d5590a45feb3105d578c02c6aeea2d|dca70a32afe54696e57602465c76ddafda359f5731785e1cc735df989fd0543b,0,3.814697265625e-06,5,"t0 ego planar: +x forward, +y left"
c7b8d96173bf41dc8df8c0d16adfc71e,bb20ceb56cc5414dbfbea72c2ebd68a0,277a2fc0444445128821affbf18ef9e0,6,True,False,Vehicle,future_incomplete_or_outside_recording,4,1,,,,,,
c7b8d96173bf41dc8df8c0d16adfc71e,bb20ceb56cc5414dbfbea72c2ebd68a0,2ecf87ff8ac446c6a60576e716020e76,7,True,False,Pedestrian,future_incomplete_or_outside_recording,5,1,,,,,,
c7b8d96173bf41dc8df8c0d16adfc71e,bb20ceb56cc5414dbfbea72c2ebd68a0,2ef6518cf3bb40668fcda94e1f1bad50,8,True,False,Vehicle,future_incomplete_or_outside_recording,3,1,,,,,,
c7b8d96173bf41dc8df8c0d16adfc71e,bb20ceb56cc5414dbfbea72c2ebd68a0,2f233adc6ca64f5b88b20cbf5581b42e,9,True,False,Vehicle,future_incomplete_or_outside_recording,0,1,,,,,,
c7b8d96173bf41dc8df8c0d16adfc71e,bb20ceb56cc5414dbfbea72c2ebd68a0,392a779779e944d09abb469932e7699c,10,True,True,Vehicle,,12,1,98537,1dc676893e3f7d244b14c6aaa6809f7d7f9a62dac8d0131ffca2f3b87098c3d3|b32fe6bf4f523b83ca9652c4b69c9e5715687d67777488a8445f62aac900c4e9|add54e5a36ae6772716ad4bda6190db3e654bc8c25e5e3c90da90d954e8917ec|2f40a4abd7c6081edb591f3564aa683bba6a43999e1b3f6e29a9055848baa778|d0b2ce90eb0983845a514187d22ecd203aee606d555f5af386ac67fdc9eb8e9b|541da34be3664ee18d8c4407072200f27cdec49894e7c4ac15d2c0ca40816613,0,3.814697265625e-06,1,"t0 ego planar: +x forward, +y left"
c7b8d96173bf41dc8df8c0d16adfc71e,bb20ceb56cc5414dbfbea72c2ebd68a0,3c8ab879b8fe4315a762a6585610c456,11,True,True,Vehicle,,12,1,98538,d6fd0ce3fe81ba356ba9d12b530fc1da31ec07a793e6a524b1de9421516135e3|6b197e8a643815f76ae6e65937366ab5e2cf4bde73bb5f7a8e3f23c2e3fd8cad|9535e7e89c798bf5eb441198e409bc015c9d6e707f13e55c9939a3bc1dc11aa1|94a1a644712be7b4731f866f087d8e00ffd23fa5ba2ecd610a38fb9f176d1b1b|ea726776baeaa5004175a895a4938d6de5538e2a373e6b8ccd1c60d948440626|563f300dd864e88fc2ac06b469c3bd55853b6683ce20a71ab6f913a6e7223bff,0,1.9073486328125e-06,5,"t0 ego planar: +x forward, +y left"
c7b8d96173bf41dc8df8c0d16adfc71e,bb20ceb56cc5414dbfbea72c2ebd68a0,3d8d33d07bce4db7b065e9f4dc855c54,12,True,False,Vehicle,future_incomplete_or_outside_recording,8,1,,,,,,
c7b8d96173bf41dc8df8c0d16adfc71e,bb20ceb56cc5414dbfbea72c2ebd68a0,40dd4f0230654211822a0e911549906a,13,True,False,Vehicle,future_incomplete_or_outside_recording,11,1,,,,,,
c7b8d96173bf41dc8df8c0d16adfc71e,bb20ceb56cc5414dbfbea72c2ebd68a0,45241b1ab9ca4e9dadb227d540b3c5e1,14,True,False,Vehicle,future_incomplete_or_outside_recording,8,1,,,,,,
c7b8d96173bf41dc8df8c0d16adfc71e,bb20ceb56cc5414dbfbea72c2ebd68a0,4b0d4683901c46fea553fd7307b2f359,15,True,True,Vehicle,,12,1,98539,f3d9aa2d3144370dadef9aef1ce6d2b4d4e3276c2c900e98766ff3975e7d8309|99a2f60c8d1eaad5eceefec978a3467d73fdde4413acb5deb186af5cb58d65fa|54ffc0775a9998ac534ce139d7bc253cebd6256214bbf9057e1259b47f38517e|9accb9b4c34e0b7cd51d1548a2005a6dc2527b2236eb1e624f2925f47262e1d9|d3fd77398feb00c3336ae063aae4fa750bec5fc1d7caf436ce55e73552d8362e|97c81634253e053b45cee5fa8c86c373a3dc686a5d0ef46d81c8a1529f8b3e74,0,1.9073486328125e-06,1,"t0 ego planar: +x forward, +y left"
c7b8d96173bf41dc8df8c0d16adfc71e,bb20ceb56cc5414dbfbea72c2ebd68a0,529a0fbc1bed4d3c89e360e034a30aac,16,True,True,Vehicle,,12,1,98540,7d17a3b7a2ac9f355cf00e543447e6f8dce6191d4319a147583f04caa80fc1a1|e45665ec69027d2e487d27a80ec75bca774ca76e8a1856e074d960f0c7fe4c4e|b418559a9377d21078b3965eb7873407f1a58f764aadb18d4ef9e3b3c59a6e10|324ec7b4f8c7de7d10c4a7c15b0c8834ac5f233617e8837676741530ef11fdf4|7fc9f6dcbd351f9e796c3bc6c172030fd78f63d6a5e629cfce111f0f26729f9e|a931b4896b2b2da9a7b55cb0f41fed55220a1cda8e6c8d1ab7da3912ab36968e,0,1.9073486328125e-06,1,"t0 ego planar: +x forward, +y left"
c7b8d96173bf41dc8df8c0d16adfc71e,bb20ceb56cc5414dbfbea72c2ebd68a0,59855b13f8444d92ba217e4b6cc7027d,17,True,False,Pedestrian,future_incomplete_or_outside_recording,0,1,,,,,,
c7b8d96173bf41dc8df8c0d16adfc71e,bb20ceb56cc5414dbfbea72c2ebd68a0,6276d4ca51b74d33b1345ac947460928,18,True,False,Vehicle,future_incomplete_or_outside_recording,7,1,,,,,,
c7b8d96173bf41dc8df8c0d16adfc71e,bb20ceb56cc5414dbfbea72c2ebd68a0,68278e15e60043b99488ad51ee96e7f8,19,True,True,Vehicle,,12,1,98541,071f4aaae3d6693274e11928a2f5e70a29fb05ea8190c93abca4cc3cf1d885ac|6125203fae7d116e8afbfc835a86dfff3c02b1d0370325536684da673842c530|7b631470f47b29a68cd834550d6f8c62c564a8b84a5b82f710d88662c8c0da90|ae5380e6f02405208543d778a9939735fe6b91dbee71f77cb4b7a49b01734680|06d2467553e4f7b61f9a84f392bd322de2ec207a2a893736f9dd9a3d212b1bb8|a751ad1146d3c6faedaa957bbd501a53130822116f5626dba73c6cb6952f5235,0,1.9073486328125e-06,5,"t0 ego planar: +x forward, +y left"
c7b8d96173bf41dc8df8c0d16adfc71e,bb20ceb56cc5414dbfbea72c2ebd68a0,6aecd97635b7441c99c9b584e6890431,20,False,False,Pedestrian,insufficient_history,3,1,,,,,,
c7b8d96173bf41dc8df8c0d16adfc71e,bb20ceb56cc5414dbfbea72c2ebd68a0,6c6716a39c914fe5a18631c38a30d5b5,21,True,True,Vehicle,,12,1,98542,15921354b9338759fac60e53c0ca06981713c1a8577f7227af68816e09a9d543|0ef08466e187c7c3fc8db633dc8f7712fb126535aeec98628abb935ccd7088ef|18fbc8a571f757f244461dbb8098d2d44ce62bc5c6a2dfe0e01bca037b751377|35fc4d963d7a532488b07ead701054e8f125644a5d4a876f119f7586632a2e6b|e05dc04de841237c8f702c8a6a518327fcd917fca8af2a00d4b0a87bebc00a92|67026f96ae8cb9d647d8011b2d90707ccc345754ec918cc4aa921ae9b8ee4158,0,3.814697265625e-06,5,"t0 ego planar: +x forward, +y left"
c7b8d96173bf41dc8df8c0d16adfc71e,bb20ceb56cc5414dbfbea72c2ebd68a0,79c64562fab14f08a25a2ab41f162fa9,22,True,True,Vehicle,,12,1,98543,ccbaa1e2eb3f8f1697a9f596c2be5976220ed4d138c7342422d4b37ec446e90e|60c4626e2129e0c3899bee5494b8453b6454b091f1909bc1ec14aafca41257e5|e8595f2356c8dea1aa56cfd70dee001b674cae29c4ba3bfe5956da655f5beff6|52e9d8f107daff60dc4320389beaa91f2845022037d4739acdd92a348ace9051|43f89e80e74d0403d9de50bffd39ed2420d6b49ba6e010e62adb6c94f2cbcd15|ed19499c09e3ccd6ab48bf46d056a0af7186ca015e207a5d9097221677af4a4f,0,1.9073486328125e-06,5,"t0 ego planar: +x forward, +y left"
c7b8d96173bf41dc8df8c0d16adfc71e,bb20ceb56cc5414dbfbea72c2ebd68a0,878c3241740240fa9e00e9028af17568,23,True,False,Vehicle,future_incomplete_or_outside_recording,6,1,,,,,,
c7b8d96173bf41dc8df8c0d16adfc71e,bb20ceb56cc5414dbfbea72c2ebd68a0,8b02e4cefdfe4f7991f41993b1fd52d0,24,True,False,Vehicle,future_incomplete_or_outside_recording,2,1,,,,,,
c7b8d96173bf41dc8df8c0d16adfc71e,bb20ceb56cc5414dbfbea72c2ebd68a0,8d045a542ea8444393a5726f20d092db,25,True,True,Vehicle,,12,1,98544,62a8bbc3e590184c0fe2123f76f9700cdb28a84dcfcb1c9591b83dd472cad553|f9c4d52fca63a7458b13bed3f610ac2fecdbdfcf7d13b9c26b240f9774599d28|aa60b3415fca8185d821350eaabf33baf8e08a369413b9a5c08eac15fe4020ae|074764246535e4f600f54d3cfa1d8d0d6cb9b8a09406b7473a4834a90e0c8c19|dee951dc2b922b42418d2a985897d98c55e2c947044b8982bb9dfca3d56f92a0|8711e339f58bb354ef0019ec4162d3da2bf519bab499d6d29cb3e3899bc0296f,0,3.814697265625e-06,5,"t0 ego planar: +x forward, +y left"
c7b8d96173bf41dc8df8c0d16adfc71e,bb20ceb56cc5414dbfbea72c2ebd68a0,8f8efbc91d9a43f2b22abbd51be34e3c,26,True,True,Vehicle,,12,1,98545,a4ff1a690aa479fff67df367ae28721318bc1050b57a0260252abab2b48ad7ac|e6820c2094fb5e4bc692c30055bedff15ca2b6c8ba1ed21438e79485d88023a8|952bb89d9cf872684eadee5f14e1d0a01bcb5c27304cfc0330a055e71d771e93|485c63535703217c6b9c8bf75719ddfe4bf19f1d3f76c22af2e9d8750ec04be4|8af6ca831e8fdd8164a3a582f1bcf6d78cb8933f7c9b292b8afc7f6ee717c06d|5450a19849abc06210c13940c0ae7c78652e6b73efdb265b0c58588b54de4e2a,0,2.384185791015625e-06,1,"t0 ego planar: +x forward, +y left"
c7b8d96173bf41dc8df8c0d16adfc71e,bb20ceb56cc5414dbfbea72c2ebd68a0,9cddd31808ab488f9ccb3fc7f1c4b5bf,27,True,True,Vehicle,,12,1,98546,ed73b9c1b3b65b78d6041c2940a28e05cd9871ad319c06bca2596f58c41ef81d|4c93957835e936c59a101fa661fa09b5ff10ddef93ab0eb6f47362d4a6dbad98|ea85adc73cfafafc5c3d06eb06f8d729a90e9bff27cecc2379646bebed68fa81|ff8407c83c7842cf63f1045048367dad1198ce52ece80f7ee2d9fb179bc09dac|356dea40eab9e8a730fe43c5115772147003173a3f4d324ce5806cac6577752b|f8ba7d7b82aa865614acf6fd678fee7a1ea8118ce163755b868fef2735d08700,0,1.9073486328125e-06,1,"t0 ego planar: +x forward, +y left"
c7b8d96173bf41dc8df8c0d16adfc71e,bb20ceb56cc5414dbfbea72c2ebd68a0,a093aec8f9c2478a94a8389669fd4b27,28,True,False,Vehicle,future_incomplete_or_outside_recording,2,1,,,,,,
c7b8d96173bf41dc8df8c0d16adfc71e,bb20ceb56cc5414dbfbea72c2ebd68a0,a3dbe447656549f79710c2b5c9699f50,29,True,False,Vehicle,future_incomplete_or_outside_recording,7,1,,,,,,
c7b8d96173bf41dc8df8c0d16adfc71e,bb20ceb56cc5414dbfbea72c2ebd68a0,a9a4c503b9d8467293276ca5d10cf722,30,True,True,Vehicle,,12,1,98547,0c6d72894f36fdb68a4cfe21e00fea779718e5a0f240162ddf73fd74cdcb5a83|5e2bebcb76fb1db6ec7c2949dbd4f00fc14bd021f0c81d9f529ef6e25c1be65c|835e280a64185552492d28b09080d3d5622caa113d902f344a125744ecdecba6|0e1584b9b0f15876f98774736b0ec8c27ee996f07923858c9b86a47554508c36|24ab2ce0123f48bd92b9522bbe8c6bb063a35054a3fbc324057a830ca3903727|31f384080e221e72e3c3caf69bba91d8215fa81255e5371987eade128be5008f,0,1.9073486328125e-06,5,"t0 ego planar: +x forward, +y left"
c7b8d96173bf41dc8df8c0d16adfc71e,bb20ceb56cc5414dbfbea72c2ebd68a0,ac3a3c34a6374490bed035063102c66e,31,True,False,Vehicle,future_incomplete_or_outside_recording,11,1,,,,,,
c7b8d96173bf41dc8df8c0d16adfc71e,bb20ceb56cc5414dbfbea72c2ebd68a0,b14f09de361043c7b83b08b385e68590,32,True,False,Vehicle,future_incomplete_or_outside_recording,9,1,,,,,,
c7b8d96173bf41dc8df8c0d16adfc71e,bb20ceb56cc5414dbfbea72c2ebd68a0,b280704a92da4cd08af41abb54a066d5,33,False,False,Vehicle,insufficient_history,12,1,,,,,,
c7b8d96173bf41dc8df8c0d16adfc71e,bb20ceb56cc5414dbfbea72c2ebd68a0,cf7b52cf43b14009b6354553694dced8,34,True,True,Vehicle,,12,1,98548,d1b8ed00fb75b735d501f1147608e012e3a496b1b88cee12947e74727687517a|bd3310c631b81bd42ffb3d522b816cdc6f04b8ebf9670375adafa536229d4dd3|f3efd72ee2e777cd1ed1f5451294422576f2754b3247456cd8cfea28eb5599d9|370db995a5aae2854ef93246a7394c9ae8dee537688fcfcc8f48cc3652e617b7|3f5cc3307c42061da63138722962fb9e05d7a4fa839a8247208045f8bc7c385d|40fdc84465838c2f26f54283f60eca3e623bd67791efb5370e19a59c5b567320,0,1.9073486328125e-06,5,"t0 ego planar: +x forward, +y left"
c7b8d96173bf41dc8df8c0d16adfc71e,bb20ceb56cc5414dbfbea72c2ebd68a0,d1acf32724d84172baefcd5c96ea8e5f,35,True,True,Vehicle,,12,1,98549,052b0b954e9a1a5dbceabb1b984725d6334f4457b22d020f9fb5f17f0d5a7007|081bd85f0736edfb7a641734fda17937035861090610070e58a72eaf9135351b|3bdd80af621822cdb9c6313bba61271b651ebe9860065da20eb4ae811be62a17|3714951726a50ee8f11a40f838b3cc3b7be4a8d8f64235e9b258431d3d7bac46|441e5a5c42ed68ed65e0dfdf23f8212337d1b0e677f7f42d21b07e48ca3a9d41|562654156d329df6e517a07c928da3b70f991997a56b7e71fb26404e70837755,0,3.814697265625e-06,1,"t0 ego planar: +x forward, +y left"
c7b8d96173bf41dc8df8c0d16adfc71e,bb20ceb56cc5414dbfbea72c2ebd68a0,dce63d61510241a8a719c8a28dc463c4,36,True,False,Vehicle,future_incomplete_or_outside_recording,10,1,,,,,,
c7b8d96173bf41dc8df8c0d16adfc71e,bb20ceb56cc5414dbfbea72c2ebd68a0,dd37464567374f9fa32354187e5cbf46,37,True,True,Vehicle,,12,1,98550,36a033b9118f2019a8b77e46664a100530037dda7dd6c14ff7101412e350b2e4|1ae38be2e56c897495230361fc564becca28adfedc90ed2310a4ed1b789c42ba|2d245d6b0b10a7559c1198fdcabc92009ee3e8b3f5e5e6a2494c0f5acd3965bb|5db795c340060ddc4f2efc25d632b6b4d8e8eb229186e8b7824b3147dfec0f94|ff62817272444b4c19834d4f030720a9350f3c1925261861106a30bfecbccc1e|6a9308fac7bca2d7fb86a81822f2daef7e007daad5726224093d296c8f1b20ea,0,1.9073486328125e-06,5,"t0 ego planar: +x forward, +y left"
c7b8d96173bf41dc8df8c0d16adfc71e,bb20ceb56cc5414dbfbea72c2ebd68a0,deb7e8838b0444bdbdef99f28ee9fab8,38,True,True,Vehicle,,12,1,98551,2b6d563ea5b170bb1032ce28b24878e15338801ef0454c6e1204d9b24fc0bd4b|88be33bdb8cedd1513e2104f13a3eebb02a33ca3e995afad56abdcb14e8326a9|5dfecf09e2d70cab18419aa254640b0fe10fa076966f7295c13e3d18d63a9b83|36109823b531bb789e85abe4245456ff2617274c37ff83553fc46b94d0dbdda0|4f6e24009699cf3f6a4ebc5fb754e448363d2f5a2fd5ed5c5dd58b80d5517d2c|3c39c2315c809b909fd82147de742351c2ba8b52e0166553992c3a03296ca4d3,0,3.814697265625e-06,5,"t0 ego planar: +x forward, +y left"
c7b8d96173bf41dc8df8c0d16adfc71e,bb20ceb56cc5414dbfbea72c2ebd68a0,debeb8e92bf349afbcf1d9be76fff79e,39,True,False,Vehicle,future_incomplete_or_outside_recording,2,1,,,,,,
c7b8d96173bf41dc8df8c0d16adfc71e,bb20ceb56cc5414dbfbea72c2ebd68a0,e19533d63c3e4f2883f177c95ac31c14,40,True,False,Vehicle,future_incomplete_or_outside_recording,8,1,,,,,,
c7b8d96173bf41dc8df8c0d16adfc71e,bb20ceb56cc5414dbfbea72c2ebd68a0,e1e743769b6043c9a822589095d34a89,41,True,True,Vehicle,,12,1,98552,24543643c06049466d65e674e6410e2bde102c084d1506b54763023ea90d0a53|adc5b85162a8698635bcf5a5d46adbbdd01ac9fe9f77fd429e081745a516a11b|873ae73293e84a1814abc87830e5dcdd5cefcc0eb36b85805cb310ce91fba6c0|b3c2f9e52d24647b835c24de3d5dc926cdfa36ae5fc79c3f16b857b1af49da07|7bb1c45a5818fad7ea1491a70503eaa8be7eb28204a2bc35875111ffa6e3d9ce|68a38a56ff38421d07665d3b0cf81b56a213698e3a1f92f7351e2a692e018188,0,1.9073486328125e-06,1,"t0 ego planar: +x forward, +y left"
c7b8d96173bf41dc8df8c0d16adfc71e,bb20ceb56cc5414dbfbea72c2ebd68a0,e23ebccf2ffb4b09b1af0de66afe1cbf,42,True,False,Vehicle,future_incomplete_or_outside_recording,2,1,,,,,,
c7b8d96173bf41dc8df8c0d16adfc71e,bb20ceb56cc5414dbfbea72c2ebd68a0,ea6c730cc04143479e116fdfa9547c19,43,True,True,Vehicle,,12,1,98553,09831d80c8823898ac89c09d73973d0d4c781e1ad649415fd3759616446cd57a|978cf2cb75878419e811a817eb8052f1db5e367b346b1813054b9f40463de732|0179b68f6c03e31071a494bb51996406d7f21468db9f1308d2a3313303714bbd|3d26dd1f4a04bf20218df51ca6d7c5f2009e1f2b5f7d8e81fa364e017697fe4a|efadb2f98bedc1c694dde06bf7c328838554ccfa9adbcbf8d3a5b39e8a071917|589ae5b9f81b9378440654e2eb3b0a718ff63dfde843bdbb5d55ad4e4447c13c,0,9.5367431640625e-07,5,"t0 ego planar: +x forward, +y left"
c7b8d96173bf41dc8df8c0d16adfc71e,bb20ceb56cc5414dbfbea72c2ebd68a0,f55d4807cd404e81980939954de53e50,44,True,False,Pedestrian,future_incomplete_or_outside_recording,6,1,,,,,,
c7b8d96173bf41dc8df8c0d16adfc71e,bb20ceb56cc5414dbfbea72c2ebd68a0,fb0e45c8bc304898a80dd125d07acdad,45,True,True,Vehicle,,12,1,98554,becb4e9644e8e2d4027ccac2ab35312207f064c0a3bca8641ecd4040397fc6ca|90192afac3da280578ab54c1fa7bab54f849d7edb494844eb31077b3874ae102|6b3ceeb64c318c6bc38bb268531532ed236f129c033e4115a41b0634f4a88c7b|4340523f5a134a3c297b5d3d656f67d3c871fb8b1028d707c795a3e5e92b7d7d|2266148fde6743c03e2b67e97535f5a276c5e126d8067592751be246d50f2eb2|9d777dc299bd8e0d1aec81e76ba5e8290d52b546c60a13d19c826860122e4e9f,0,3.814697265625e-06,1,"t0 ego planar: +x forward, +y left"
c7b8d96173bf41dc8df8c0d16adfc71e,bb20ceb56cc5414dbfbea72c2ebd68a0,fff347386cd045bb829ca2cc5e1737ba,46,True,False,Vehicle,future_incomplete_or_outside_recording,3,1,,,,,,
c7b8d96173bf41dc8df8c0d16adfc71e,3ae1b374e2df4a2c9c5ba8182e6a072d,021902cb3d1f4ea4874a71835510a8ab,0,True,True,Vehicle,,12,1,98745,3b84f5a5fe44aa1f4bfa53ab93d06d098d4eb2a84da0c367d4f3ddfe4e65b329|7773276c87f0c4feadcf9d562ac67415679adf48226c3ce4b01a7c1d9541ee64|a31f368358011409446bc6908a48d87cedc4b47247c5043f90810c116f62a1b7|c515748026a0ebe52091873bc4269e5fa52235da937b4a9d23bb8a0c2cb3b727|5d978cb25da54ef04a3e5310f77cbf3b1ed66997692e67b6cdebff89bcf31bcc|e581b1d0c25dbea8cf4f93cbb1b8f606569b292630bfb0d032a66d4b97742bdc,0,3.814697265625e-06,1,"t0 ego planar: +x forward, +y left"
c7b8d96173bf41dc8df8c0d16adfc71e,3ae1b374e2df4a2c9c5ba8182e6a072d,04e1aa048d204e5386bc394027f740e6,1,True,True,Pedestrian,,12,1,98746,57f88187a49790970519024086569b238491cd0d023ecd7d427b1c1189db8254|5e0d6acea8a5257966e5d2457a9d73f26af4b90a8ac24e92eb70311bbcaf710a|507d053361359e6d87572e9ae1df87f45a4cff867f963b9c47ec6544a5e37ec1|4d6c2a4744509fa13f5199e94f8d45b8d5f42ed9732f55aea10e62db56627069|181f9a1a2a7e8ef4eb46347b73ab0bbf90fd4038ddc00554310b1bc54ba7ba09|abe6becadfde51511d85e6956ff2b9bbc5624e50fde01f716c9c38d492c53387,0,3.814697265625e-06,4,"t0 ego planar: +x forward, +y left"
c7b8d96173bf41dc8df8c0d16adfc71e,3ae1b374e2df4a2c9c5ba8182e6a072d,0debdecf54c046e88f31e6afba6ce3df,2,True,False,Vehicle,future_incomplete_or_outside_recording,5,1,,,,,,
c7b8d96173bf41dc8df8c0d16adfc71e,3ae1b374e2df4a2c9c5ba8182e6a072d,0efd1b1f82b44a0bb7583c8784ee449f,3,True,True,Vehicle,,12,1,98747,6505ab9a35314d65b90beda857e9a51b9de6be118dba2e545ebbf941cbe28cb5|259b577dc2c73b0a1263ba50f8ac05f767285f1166dbcfee39a05814bfece937|30f2bc8672dfcfb23a01a8f75708fb0313b43bf65e5ed3db5a24f7c790c144c0|eea7c9eac601905e5d565a02412b1a183dc40bd12fef6379510ac0e5c7015a10|936aea97ab8d9bf6b14d6ed307220711c9784eb45978439d30f004a87f831496|6faa0bbc8571c7d4a81322b85822245897abab684e27f56b3ffc20e208c92827,0,3.814697265625e-06,5,"t0 ego planar: +x forward, +y left"
c7b8d96173bf41dc8df8c0d16adfc71e,3ae1b374e2df4a2c9c5ba8182e6a072d,1070d985fa4c42f182cdc9ff1d2b563d,4,True,True,Vehicle,,12,1,98748,22175b2888d845d97610b32ca401d0d22af7c38ff57aa31ef4a6fa5a41c1b0dc|e89c5670ff7b9eba08eb35be445a81368a16e7be0fc31842acaa9e51c72a634d|ea656c116b0b179dbc9486e71bbade43f9406dd37461d0b0ebb7469a5f322260|05e51aab6e2f883085edac4788c36cfe980df5297404bd7b16bdf836676f804f|81df4c6949fe8a8147a5916e63582f1e11cba6b332277a8e5366fd95cb6ab4ee|639cd741d30a4b0d02c2fa6b77110e939707032e56dac59f3bf75831820998b5,0,9.5367431640625e-06,4,"t0 ego planar: +x forward, +y left"
c7b8d96173bf41dc8df8c0d16adfc71e,3ae1b374e2df4a2c9c5ba8182e6a072d,212f2a189a9848d39d87ccce66230065,5,True,False,Vehicle,future_incomplete_or_outside_recording,7,1,,,,,,
c7b8d96173bf41dc8df8c0d16adfc71e,3ae1b374e2df4a2c9c5ba8182e6a072d,2c604a38a7aa44c7b5387d4a71769f4f,6,True,True,Vehicle,,12,1,98749,49769fa5136edb94b9bc72a33aef22b3e11c007354e99e22639661053895b219|7d52d8f4b6d5484bc7a9f4f7e45841b7b4065cfbd522a7fff0688fd35d3bc807|353664c834d8188572b84161a26b88fe21884839f77cd561537907565030e717|35373617520dadedd0bf246b6f823d6898a099b9e29eaf8d75d6cb09fb6de044|d26c23124936859ace16f8dec1892c8e2030ce1bbaf6a01b2be34deea6162efb|67b73db1bc90d7b332f743275c409a2548e530cae49ff0447904471ecde2ceb5,0,2.86102294921875e-06,5,"t0 ego planar: +x forward, +y left"
c7b8d96173bf41dc8df8c0d16adfc71e,3ae1b374e2df4a2c9c5ba8182e6a072d,392a779779e944d09abb469932e7699c,7,True,False,Vehicle,future_incomplete_or_outside_recording,4,1,,,,,,
c7b8d96173bf41dc8df8c0d16adfc71e,3ae1b374e2df4a2c9c5ba8182e6a072d,3c8ab879b8fe4315a762a6585610c456,8,True,False,Vehicle,future_incomplete_or_outside_recording,2,1,,,,,,
c7b8d96173bf41dc8df8c0d16adfc71e,3ae1b374e2df4a2c9c5ba8182e6a072d,4b0d4683901c46fea553fd7307b2f359,9,True,False,Vehicle,future_incomplete_or_outside_recording,1,1,,,,,,
c7b8d96173bf41dc8df8c0d16adfc71e,3ae1b374e2df4a2c9c5ba8182e6a072d,529a0fbc1bed4d3c89e360e034a30aac,10,True,False,Vehicle,future_incomplete_or_outside_recording,4,1,,,,,,
c7b8d96173bf41dc8df8c0d16adfc71e,3ae1b374e2df4a2c9c5ba8182e6a072d,68278e15e60043b99488ad51ee96e7f8,11,True,True,Vehicle,,12,1,98750,954e510e90a414d7a1fa7e35918c45a2a37ab87b4b8d519edcf13932f31ddde8|db666d4839e492047ee8ac73dc262f56794133030df19999f3401648e818764c|d1951272906d2be697eb915423d5fcd3c94dc9940e11b4f27e466c1171be9ec3|e8bd4e10dfd05c7abd598d977fba266f98ec429a943ee48baddbd8f3ed486190|9e7ce4f5519760465e45142ab4a0e2d5cfff9d72344ac94ed63de431677a63fe|69c8950b51b037da41bac01f63dbc4ca33fcf44d1cd5d05c4d382c37d3fb9ceb,0,1.9073486328125e-06,1,"t0 ego planar: +x forward, +y left"
c7b8d96173bf41dc8df8c0d16adfc71e,3ae1b374e2df4a2c9c5ba8182e6a072d,6c6716a39c914fe5a18631c38a30d5b5,12,True,False,Vehicle,future_incomplete_or_outside_recording,3,1,,,,,,
c7b8d96173bf41dc8df8c0d16adfc71e,3ae1b374e2df4a2c9c5ba8182e6a072d,79c64562fab14f08a25a2ab41f162fa9,13,True,True,Vehicle,,12,1,98751,4bee22f6f5b9e43ffab5878ecc7d720e8af318f16d79c1aba85b53750ee94389|9018d01bc2dff727e1f178db0af67b7df0d434f1eb2c6458aa67320b208caa2f|32da3d0a6573fb08062876db22a66859342237aa01a6f8e65f609723cb51ec3a|4ffd4567b19fc94ccfa425f854c5eb4d34d9ceb0aa8e21d0dfee72ad7a8eb222|7a650dbaa7cca3d7bca1f2ee446078269f54f32c630628c054836edf1cc87893|3746dfeb0423ade91415fbb9e1a8f0630a0ee434090ff0ccfe6debfaba42320f,0,3.814697265625e-06,5,"t0 ego planar: +x forward, +y left"
c7b8d96173bf41dc8df8c0d16adfc71e,3ae1b374e2df4a2c9c5ba8182e6a072d,88df7d4ece1c4ff8a2bb7f37272df2d7,14,True,True,Pedestrian,,12,1,98752,e830e5a2206a03e13093db608441b7b226bf8864f641e82de0906d97ad5a3599|8f8ea10997b66449688639954d58513bf2dde028fcc83d07257867e936e902c7|15f5a1beeb5cfcc0bf1f34b7edd9d73f4c6e74b196c04300a44cc9923be2dac6|59a5d4c126e1c9c85c6679ee4a791104a9f652ab00b40493093b97d897f9a7be|56765591bc0a9f7ea27c1b4f12cb13b456da5174e4eef63a7b9d92093c118e0d|4f8806470afa2b71b10c529673fd1f55561dbd260dc5b6ad4761dab90636bce1,0,3.814697265625e-06,5,"t0 ego planar: +x forward, +y left"
c7b8d96173bf41dc8df8c0d16adfc71e,3ae1b374e2df4a2c9c5ba8182e6a072d,8d045a542ea8444393a5726f20d092db,15,True,True,Vehicle,,12,1,98753,e5d3d84e089fe57f654194bd439c9fd3fae948e34e1d0031db555af0ebba30f3|c57d51411c0e2bec187d80375cee9f0f38c8ab66ad1191b8d256824c83a7cb11|0142a1c28baea6a4378df3b482cca3a40bc039ce652a5ac056275618d5385502|0e0930c1b47a1ecc0da45594a87f33a463f05faab7183b700b330434be474750|354d8a7eef7c0bbc9aefa10186f3c46fbf0f2280f5899e2b6836ac40d3a85f34|f9a68e3de1169c0c39556a209a27f80e9aa7ec944e9e2ba840f5ec8b0d97d5ed,0,3.814697265625e-06,5,"t0 ego planar: +x forward, +y left"
c7b8d96173bf41dc8df8c0d16adfc71e,3ae1b374e2df4a2c9c5ba8182e6a072d,8f8efbc91d9a43f2b22abbd51be34e3c,16,True,False,Vehicle,future_incomplete_or_outside_recording,4,1,,,,,,
c7b8d96173bf41dc8df8c0d16adfc71e,3ae1b374e2df4a2c9c5ba8182e6a072d,9cddd31808ab488f9ccb3fc7f1c4b5bf,17,True,False,Vehicle,future_incomplete_or_outside_recording,5,1,,,,,,
c7b8d96173bf41dc8df8c0d16adfc71e,3ae1b374e2df4a2c9c5ba8182e6a072d,a390a56334864395a1485dd240fe941d,18,True,True,Pedestrian,,12,1,98754,1191415fddb51a7943c8a8f957cfb5b497a54ef98cf45f67baf2f384d6b164a6|1ccb8236bebe17fc269705a5ae98b27a6a0a56c66790e4cd91f4bce08e3417f5|cbfd02a3784887ae05d1a0a333ad6b826f24e8a796ad29efe41921cf9d371265|62fa905f93b5f5faaa95c68e07d2a918b986f95f5bbbb912fb3c070392c08711|9919cb7bd56e406c9635880f98fc06c2b17a17b7a5bf44b3366120e149da2675|1e8724022028564c8744bdfb17c5daccaa069e75d1f961ebdf0a38ac0dcf49b7,0,1.9073486328125e-06,4,"t0 ego planar: +x forward, +y left"
c7b8d96173bf41dc8df8c0d16adfc71e,3ae1b374e2df4a2c9c5ba8182e6a072d,a9a4c503b9d8467293276ca5d10cf722,19,True,True,Vehicle,,12,1,98755,93e02a5a759f5f8ea9af8c5db956c868c7eb99b1dbb45e7d8e580a62c30b0ac0|5d61c87318004ccf6275b1162094b3c32b17dff3fb38e1ac72e088f33a8d0c10|0a2e31383ddf618536bdfb504f2c67ddb205ea1c6e8bb1ccc8ac006ca990ebe0|ffe03efabdd5b8fef5ed9c941cdf397507f3605e72dfa8d03a0f58f788a3e7ae|0368cbde10cadf9e27df502ef6040578aa29c7017cbe545077030ecce0635a67|b98e0f55782dd3c5566f7d4cdc5ebb5e407e5105f287234121fc1b2921da32b6,0,2.86102294921875e-06,5,"t0 ego planar: +x forward, +y left"
c7b8d96173bf41dc8df8c0d16adfc71e,3ae1b374e2df4a2c9c5ba8182e6a072d,acb964a609664e148dd9da200ba16131,20,True,True,Vehicle,,12,1,98756,5fba8782ad4236966fd32244f57599b88e7875ed8094fe4c23433a9c16d13338|00812f2d93ce30fc88b368bd2e0d9e1527dd62e15ea676cd286fb5941b7686e0|23ac130dcbd35920c5c0d4644963d7e4f13715f68d6f1f6ea7eced1e0b21d17e|317e68c5def9c493fa010af1f350d1d888d8c306d6b07db5aa8d011e6ca564a6|ee76b81b99a1c2af57b994cd65541d2042b9a3a0e5658fb9ad80da377533f4cb|9b6e0659a8ad5dd76aa8584cda05cbd66f7b069fc54376bb755da5eef142a6f3,0,3.814697265625e-06,1,"t0 ego planar: +x forward, +y left"
c7b8d96173bf41dc8df8c0d16adfc71e,3ae1b374e2df4a2c9c5ba8182e6a072d,b280704a92da4cd08af41abb54a066d5,21,True,True,Vehicle,,12,1,98757,f6c21a484f635dd3e25f479ba99669fadc6cc6fdb9cc0e1fd3cd1720fcb0fee0|c288b729b009ce1332556c430e100cbb0c767c3615963a089476aa39523298bd|6d6b6d876bb9d4fa64e2542d1e57c05ee68db2a8eb097adceab6ab5cb4bd943f|bbb0f4b7c63d6fb6243e181fc0311fa632e684bc466ba08d786b18c611cc4864|60858a343fbc90d8d579c0282aa1305b580de16b42aa49b02f36ade7efac509a|3716224154698a1c29c6479208991479f5086f4f0d891abe0d66ee4adf1d49a8,0,3.814697265625e-06,1,"t0 ego planar: +x forward, +y left"
c7b8d96173bf41dc8df8c0d16adfc71e,3ae1b374e2df4a2c9c5ba8182e6a072d,cf7b52cf43b14009b6354553694dced8,22,True,False,Vehicle,future_incomplete_or_outside_recording,6,1,,,,,,
c7b8d96173bf41dc8df8c0d16adfc71e,3ae1b374e2df4a2c9c5ba8182e6a072d,d1acf32724d84172baefcd5c96ea8e5f,23,True,True,Vehicle,,12,1,98758,797fcd74dd1c164de06c86fdfe01bad4671e0215646fd87db4c1e101eb13abdd|f29ef2a225a815c02f4e41e98a1758ef54e80b2515a86494273e299b56e59ded|7de439a54d278e6e2aa2f6eb3b811b19397925d5c73711c5d633de09bd8ee1b9|b7495e024213c0805dd0d50a36f5649c24047cc3b69c031d66feebc0be763c28|70327cb74cabde828a29135e71931111b7700814137430aced7a81b5f22dafde|4a6370fbf52285390a05a5ad395b68b604af2e08d4163f2bd3df68c7691f8db7,0,3.814697265625e-06,5,"t0 ego planar: +x forward, +y left"
c7b8d96173bf41dc8df8c0d16adfc71e,3ae1b374e2df4a2c9c5ba8182e6a072d,dd37464567374f9fa32354187e5cbf46,24,True,True,Vehicle,,12,1,98759,c4d72a4b63c1fd5060a67c35c41bc9b7f9a86f676c10be25f6fe0dc34c7ccee9|9add25a3c7a812b3133de9ebc34f656f1da8c65d1191edc7d59b435e4864562a|9d8b7bbd51636111c60e03499f23f66aa4e1742d30a543d3274effe7450a7bba|45b0fa60adebbb37ac51f1a7e92e5d1227f908feb5b33eab5f832e855bc4a827|46e585e8fac117f9c748621e5e58dcd13eac0784cf0d04ff18a88cab7922dddc|40f11ab833e75d52eb3b48f7e257213a0a3ec5896d59d5d8fdd8be0d5cd02008,0,3.814697265625e-06,5,"t0 ego planar: +x forward, +y left"
c7b8d96173bf41dc8df8c0d16adfc71e,3ae1b374e2df4a2c9c5ba8182e6a072d,deb7e8838b0444bdbdef99f28ee9fab8,25,True,True,Vehicle,,12,1,98760,99e6e5b80be4393f03bd2c1ad9c4d6cf31c910a4718eb20e9a84ed9604a1c414|c8915fb0177369bf5bab8cf78d5291fe16f2fd9fb85fc06e60ea5255ced383d3|77efb5c62464e21fc38b3cd24f6c5ee15ff382ceac8758075eecdfdf081f52d5|9473e8e8120cd8e493e9a3a3d55234351d3bb3cac0aaa5898fefb064e3952597|1f3d58168eee3154e759baf0629c8d772dc01f0cc5fcea96a15ac3c8502ac440|281988494600c83c6f5b83600f4210f7d04dd3509a1afd48921be3b8429a2293,0,3.814697265625e-06,5,"t0 ego planar: +x forward, +y left"
c7b8d96173bf41dc8df8c0d16adfc71e,3ae1b374e2df4a2c9c5ba8182e6a072d,e1e743769b6043c9a822589095d34a89,26,True,False,Vehicle,future_incomplete_or_outside_recording,0,1,,,,,,
c7b8d96173bf41dc8df8c0d16adfc71e,3ae1b374e2df4a2c9c5ba8182e6a072d,ea6c730cc04143479e116fdfa9547c19,27,True,True,Vehicle,,12,1,98761,bb06147b751a2e901935d7764743e77c4fcee87dca712b6d02c3014e8182f5a8|a557569a96d8991dbd012f4c6b3575dc2301c042c10688ab84de186d5172ca5d|51d4430dfb154a35958f569186977162da203735127875b2bc5f379286729908|8872ce642aec71acd1fcde22e1b572621f44c6b2f6a0ced0c8deed27acbb7124|bb9c2a81a4b9b7afb9b72cc508c91423ab211623fe95bb42ac82a890c4dc9517|fd975c5832d2b52fa378d0957f67626a5e6718715430dc7c1404adba3c224784,0,1.9073486328125e-06,5,"t0 ego planar: +x forward, +y left"
c7b8d96173bf41dc8df8c0d16adfc71e,3ae1b374e2df4a2c9c5ba8182e6a072d,f60641d0b35b44e0b4da9a68102b60f7,28,True,True,Pedestrian,,12,1,98762,44a06fecfe98b9a6caf960c9b3035ff9574b79e994f0b80bfc28721d4ac7381f|3906bcae2f77a4cdd56c184047ae8d7c2847407ea5692b96dbd0bd90d11b7176|f01a1a70987ad658de978ab0dc81dbc887ff0bff7376497383a4c3dffc065701|8b86f0fd86da63750d1bb75cd355780e3ac80fd444dcf92b1e4b6d07bd8df2ae|19edc16e015c5631fe4c789c5a12ea2e1d679e9ce749ae65d46798eafe67738f|80794e30014e3b0b2fa7b8ebd77708879c6c4750bbe1c0afc05ae8bd41528e7c,0,2.384185791015625e-06,4,"t0 ego planar: +x forward, +y left"
c7b8d96173bf41dc8df8c0d16adfc71e,3ae1b374e2df4a2c9c5ba8182e6a072d,fb0e45c8bc304898a80dd125d07acdad,29,True,False,Vehicle,future_incomplete_or_outside_recording,1,1,,,,,,
c7b8d96173bf41dc8df8c0d16adfc71e,a7960961192b4fc49945fa0e95879e3c,021902cb3d1f4ea4874a71835510a8ab,0,True,False,Vehicle,future_incomplete_or_outside_recording,0,1,,,,,,
c7b8d96173bf41dc8df8c0d16adfc71e,a7960961192b4fc49945fa0e95879e3c,04e1aa048d204e5386bc394027f740e6,1,True,False,Pedestrian,future_incomplete_or_outside_recording,0,1,,,,,,
c7b8d96173bf41dc8df8c0d16adfc71e,a7960961192b4fc49945fa0e95879e3c,0efd1b1f82b44a0bb7583c8784ee449f,2,True,False,Vehicle,future_incomplete_or_outside_recording,0,1,,,,,,
c7b8d96173bf41dc8df8c0d16adfc71e,a7960961192b4fc49945fa0e95879e3c,1070d985fa4c42f182cdc9ff1d2b563d,3,True,False,Vehicle,future_incomplete_or_outside_recording,0,1,,,,,,
c7b8d96173bf41dc8df8c0d16adfc71e,a7960961192b4fc49945fa0e95879e3c,10966971457044258e9e372019c0bfbf,4,True,False,Vehicle,future_incomplete_or_outside_recording,0,1,,,,,,
c7b8d96173bf41dc8df8c0d16adfc71e,a7960961192b4fc49945fa0e95879e3c,2c604a38a7aa44c7b5387d4a71769f4f,5,True,False,Vehicle,future_incomplete_or_outside_recording,0,1,,,,,,
c7b8d96173bf41dc8df8c0d16adfc71e,a7960961192b4fc49945fa0e95879e3c,5aab023513e04a8faec0905da587dc96,6,True,False,Vehicle,future_incomplete_or_outside_recording,0,1,,,,,,
c7b8d96173bf41dc8df8c0d16adfc71e,a7960961192b4fc49945fa0e95879e3c,68278e15e60043b99488ad51ee96e7f8,7,True,False,Vehicle,future_incomplete_or_outside_recording,0,1,,,,,,
c7b8d96173bf41dc8df8c0d16adfc71e,a7960961192b4fc49945fa0e95879e3c,79c64562fab14f08a25a2ab41f162fa9,8,True,False,Vehicle,future_incomplete_or_outside_recording,0,1,,,,,,
c7b8d96173bf41dc8df8c0d16adfc71e,a7960961192b4fc49945fa0e95879e3c,88df7d4ece1c4ff8a2bb7f37272df2d7,9,True,False,Pedestrian,future_incomplete_or_outside_recording,0,1,,,,,,
c7b8d96173bf41dc8df8c0d16adfc71e,a7960961192b4fc49945fa0e95879e3c,8d045a542ea8444393a5726f20d092db,10,True,False,Vehicle,future_incomplete_or_outside_recording,0,1,,,,,,
c7b8d96173bf41dc8df8c0d16adfc71e,a7960961192b4fc49945fa0e95879e3c,a390a56334864395a1485dd240fe941d,11,True,False,Pedestrian,future_incomplete_or_outside_recording,0,1,,,,,,
c7b8d96173bf41dc8df8c0d16adfc71e,a7960961192b4fc49945fa0e95879e3c,a9a4c503b9d8467293276ca5d10cf722,12,True,False,Vehicle,future_incomplete_or_outside_recording,0,1,,,,,,
c7b8d96173bf41dc8df8c0d16adfc71e,a7960961192b4fc49945fa0e95879e3c,acb964a609664e148dd9da200ba16131,13,True,False,Vehicle,future_incomplete_or_outside_recording,0,1,,,,,,
c7b8d96173bf41dc8df8c0d16adfc71e,a7960961192b4fc49945fa0e95879e3c,b280704a92da4cd08af41abb54a066d5,14,True,False,Vehicle,future_incomplete_or_outside_recording,0,1,,,,,,
c7b8d96173bf41dc8df8c0d16adfc71e,a7960961192b4fc49945fa0e95879e3c,c7687b7848a24018b342044499288b26,15,True,False,Vehicle,future_incomplete_or_outside_recording,0,1,,,,,,
c7b8d96173bf41dc8df8c0d16adfc71e,a7960961192b4fc49945fa0e95879e3c,d1acf32724d84172baefcd5c96ea8e5f,16,True,False,Vehicle,future_incomplete_or_outside_recording,0,1,,,,,,
c7b8d96173bf41dc8df8c0d16adfc71e,a7960961192b4fc49945fa0e95879e3c,d519f11d73fa44ebb1039b29a90d6d4f,17,True,False,Pedestrian,future_incomplete_or_outside_recording,0,1,,,,,,
c7b8d96173bf41dc8df8c0d16adfc71e,a7960961192b4fc49945fa0e95879e3c,dd37464567374f9fa32354187e5cbf46,18,True,False,Vehicle,future_incomplete_or_outside_recording,0,1,,,,,,
c7b8d96173bf41dc8df8c0d16adfc71e,a7960961192b4fc49945fa0e95879e3c,deb7e8838b0444bdbdef99f28ee9fab8,19,True,False,Vehicle,future_incomplete_or_outside_recording,0,1,,,,,,
c7b8d96173bf41dc8df8c0d16adfc71e,a7960961192b4fc49945fa0e95879e3c,ea6c730cc04143479e116fdfa9547c19,20,True,False,Vehicle,future_incomplete_or_outside_recording,0,1,,,,,,
c7b8d96173bf41dc8df8c0d16adfc71e,a7960961192b4fc49945fa0e95879e3c,f60641d0b35b44e0b4da9a68102b60f7,21,True,False,Pedestrian,future_incomplete_or_outside_recording,0,1,,,,,,
d4d2faa310a748dda508d15c6d5c4244,986466dcf3d348b09b84a8aecbf92077,066b5138a1f4447caa7fd50f133b1724,0,False,False,Vehicle,insufficient_history,12,2,,,,,,
d4d2faa310a748dda508d15c6d5c4244,986466dcf3d348b09b84a8aecbf92077,34b1cde7c546464ba15ea6cc08a402f9,1,True,True,Pedestrian,,12,2,248706,1f624f2e7cdca456005941bcc36c772153dee43feee293d967f923189731ba96|58518746b8f0613695eb32e4e2b46df2c673bd43770f1245cdfb5fc8530b43dc|02c9f7a61bcbfcfd0c04e800f7589d85523010a819a09db410877e8d54e6b2b9|5ae95d3cc637f7a0cf4513a8600c12c5d5fc37641e6586f5733a787a4571d056|d352a09c2e82ed65d28ce18632d81e7212294de8e980ead38e06855392e43c13|f512fc3077ba37e82d4399a53a45486dff85e5b5ee2f60fb379946c7df9628f5,0,9.5367431640625e-07,1,"t0 ego planar: +x forward, +y left"
d4d2faa310a748dda508d15c6d5c4244,986466dcf3d348b09b84a8aecbf92077,3e8f3bedea134c0b8150a9e4396a1c8d,2,True,True,Pedestrian,,12,2,248707,a821a1f6f2bac4b1c2e73b09c99c4249cc528ff62f9c01e47c80a7fc3230307b|75ba638ba0a051befe7276748849cb70ba5d32ce5c8c838c15289a2635202543|f172317a1e05a83595098b7d05a0e3db67d36c187bef8c43f245af9595a9b0b5|05eb99217f7a7ebcca90a2880ca6405f4cdfa0e2ade732cb6d1b6079ca735d70|bab424181c7c6afd270dad3d1b928bbe8a6c2dc503ace740274d1ec20daf8e64|3db0e58a684cf519598fdac477e37605c289211aab917d813b92c668a42e2284,0,3.814697265625e-06,1,"t0 ego planar: +x forward, +y left"
d4d2faa310a748dda508d15c6d5c4244,986466dcf3d348b09b84a8aecbf92077,43b0b94319184b88ac105a9d42b8317b,3,True,True,Pedestrian,,12,2,248708,60e985d1f0ee7e2793be604b5bfb67395af1465330b0c79fb14bcf4e3032a983|e87d61fde5e28238b9ce2453584a5ff6ccdb069c6aabda5e362c36d55a3d231d|bcc682f0b8c52d4381c80e13ff99b47469df4e56e861c0e9b23c9e07081bdec7|a9383f818e10a40d61b20e3805d03926673422bdfcffcca58451d873348ac5f5|8ee503581261b08cd648e34587bbd6e9bd30d43b890730867a056080fa44a7cf|37b121b5e66197c50aae980ef46b9318531022811d4e5794fe04937fc5c53b72,0,1.9073486328125e-06,0,"t0 ego planar: +x forward, +y left"
d4d2faa310a748dda508d15c6d5c4244,986466dcf3d348b09b84a8aecbf92077,4c4d8c1b2bd3443b98387bf2d038ca68,4,True,True,Pedestrian,,12,2,248709,2fc8aecfa4bb4cd66eb1a7464301c78c7b2f2e9244505200ea9cfc85d237079f|1825d779c843c95560333a259efa2dcc8e538c169d5882c120d197c880445c97|9e160787355b445a3cb137bdf906c46ede20b4f1a60ae18aeea0aa0745d7436b|5321aee2329dfc22a09f359affb9f5cd71ba68cdbd6c58714bebcb05f62df13d|0d1059e0e44e43b0b51004f590e679fb1b560bbc75071da64371fbca0f9fb969|c7e1ca363ef268036a538cdce3d3c7f00425017c5e3dd42676b03db3e63d20ec,0,3.814697265625e-06,4,"t0 ego planar: +x forward, +y left"
d4d2faa310a748dda508d15c6d5c4244,986466dcf3d348b09b84a8aecbf92077,54ebdf861de84948b05dac3ad28ae203,5,True,True,Pedestrian,,12,2,248710,2c4c65e4bea404926e47826d50a349be497d7214d635652891141b0404211933|2f2118c9313800792c4e091ddc195d5faf07e6f220e3265b6e571a97f5fa06c8|7310ca28b0349159ffac5a79d91b62cedc42695bd0984e3872f6612d4c9ae242|954707c2348f7450104a2bfc45e6c9fc8f52e3b3f276010a2464f3bb61f46a34|2e068e69b24d85d3411ee42c2747288f151761bf373e1d4fbee08b3212087447|3b2fdd8913d38ba545add9b9cf4446d94bd7911c319a67bfc97493db3afac830,0,3.814697265625e-06,4,"t0 ego planar: +x forward, +y left"
d4d2faa310a748dda508d15c6d5c4244,986466dcf3d348b09b84a8aecbf92077,5d45a4ce93b94907adb837c1189b5add,6,True,True,Pedestrian,,12,2,248711,dac85fe587395e4d7fbcf5e28a7f1aa0d2d80f7622f7455dd84cfda068f4c255|2a761a403a92e6ef9ac7c8d5961351bb875a98b3524447c561be133eef97733d|cd239c734cc6d8485e18e1d96ec26ea7311d131f309bd1faea02abb0dd1406b4|68f55731ed4131ccd2c238a390e6fe346ac8e1d3235dfc3185edc693a726587d|38ac93b402e314fa4a0416167d51de656b5a1f14871fb6adfef9d442c6c975f3|84f7210824b9fbee87041e2587655545bdaa756384dd78546a958c8285042874,0,1.9073486328125e-06,4,"t0 ego planar: +x forward, +y left"
d4d2faa310a748dda508d15c6d5c4244,986466dcf3d348b09b84a8aecbf92077,69da7bc465784810a6a3a0fd3b229a9c,7,True,True,Vehicle,,12,2,248712,79d5d6f0d3f2320d5fed36e2a96a87472cb6d41af711b45c733b647786b11b3a|74704f8ab6dd879c10bc7458a0ff9972250d06e951edd8d4cf388724f80c5961|d2d89fa21dd46fe2843db3d59ae1f1486374f9b654d0eb0e80d393da333b02db|0b9609144637f69f6aa2b9224baef9eaf6af24ba6e91c45517536c495e70e1c2|cadc809bc6614eb377aa1aa120a23e65ecb9caa8d651998495baf72ed62de748|8a3628d55d83e4a5f44be81a8a3a84753b2184b6cbbfea1b0e03aa405add5f9b,0,7.62939453125e-06,4,"t0 ego planar: +x forward, +y left"
d4d2faa310a748dda508d15c6d5c4244,986466dcf3d348b09b84a8aecbf92077,6b1717a448514796ba733a898799bfc3,8,True,True,Pedestrian,,12,2,248713,a2d51adcc80d500e7044e95fa0d40f669c1c0f5f6c065fa266fc3031ec7b8800|52f2b34214d6c60eba86a617b0ae38f1ae2cfc865212ff7d3bff05c36dd02b5e|7b858e8a510d787bc12ead6d4c4610241f2012a2b91b9d90020878cb6bbe645b|214d38a2ca09ae75cc4fac1972f0984927b5427e8362ca091af87c106e19b945|6dfcf080b9ffab648d9c5eab2823d57a6e0e1ce42ae28e93b451ed7377b4ae29|492a9a12644f9159fcd895b6076eac94226195b879d22f3bbd7282d939ff7d9b,0,9.5367431640625e-07,1,"t0 ego planar: +x forward, +y left"
d4d2faa310a748dda508d15c6d5c4244,986466dcf3d348b09b84a8aecbf92077,6c363f8555c2499dabcde8fcc91e8bca,9,True,True,Pedestrian,,12,2,248714,ac6479282d67fa837141d9faf89c5b447522e9961e1be7783d529d7761710945|9e3b27f8199d31c1f62bbf923b5e8c85d5144d98deea538b765708ab6a37a915|642db8f1eb84fa3bfc9a6cb8915f15c3ed9c7dde4a19d33f693c6e8aa29514ea|4015d278bde60cb6c575e54175931c04aef93d7ceb5d42dd8b6b19951d64f366|6de4a3e0751820bd2a2bec10ebc1428584162e863aea48b27dbc5ed64ca74c90|923aadc06359d60e3244ffc4b416280f68f42afde00e7362667f41454f0ddff4,0,1.9073486328125e-06,4,"t0 ego planar: +x forward, +y left"
d4d2faa310a748dda508d15c6d5c4244,986466dcf3d348b09b84a8aecbf92077,7bf95f1f3efd4898b0d017494751dfe5,10,True,True,Pedestrian,,12,2,248715,fdbc087f0f3cca7a03065299219e21f64c5dd3066f87b52a515ae8ab07eba3e8|415bbad268bbb9f9574e71e44542336f827e4a615da99bfac760369f8bf61f34|8e33171666bdfd01243e33fb5d110af721b533f77625eaf6acee22a3f5f37245|c0e943ba7fc51cbf4d885bc1ff3d3205b5d4b038f69a4124310cabe2c0e39c33|cb8ee0913948c1e294e8932e006b1c4248bd563a4b91a23556b9a9e892e7805c|e2b84cf3393d5e5adb973bfcc35873cc235f7d417efeea63a11036f5cfa4460c,0,1.9073486328125e-06,5,"t0 ego planar: +x forward, +y left"
d4d2faa310a748dda508d15c6d5c4244,986466dcf3d348b09b84a8aecbf92077,7cb2c3d7d3bc4cf3a38772e52475afdf,11,True,True,Pedestrian,,12,2,248716,dec2e1775afbd11dc4da22c3f159eb8638696f7d5196c2ae3d795285edb5235a|3856573eec471b787ed7070b79502cacfa246fe19aa6aa80c70434eb8341bf96|333b2e68b1a4dec1cf2f3dc1c0ae506f129fb931b2dd93cc0fada2faef708468|3c588be3ebcc89676f9877dac132df56e656596ac244e64e08d4294fcc2c8642|3b06a2308afac62ce1abca438629ad74847a0419c9e126c053bcfa3a5ab9dbaf|eada2d8917413d2b89cbccc68cf03ec09d9b08bd9df64c6449a69688862aff1d,0,1.9073486328125e-06,1,"t0 ego planar: +x forward, +y left"
d4d2faa310a748dda508d15c6d5c4244,986466dcf3d348b09b84a8aecbf92077,8b25a36e4d5b45a18c73ad45d34590c4,12,True,True,Pedestrian,,12,2,248717,e9a8678849cfbc66bdf29ead4c4aca5f141b9e6320f5f5ecadaba01aec6e61b8|52eed74e86faf307a488ceec95668badaf3434859ade9f9873c3745a8b1c8999|d070efb63dcd3a5cf4834d5199d889e10f3d49071ca3018513bb6b190ef87603|0cd7645fbfb6f22ea6a356f0ff53a7018e4ec879e9fb46ab66937fa4f2381130|a11f051b5c8414f5e06d1183075189b953dde34c67d859821d8494051939696e|beedddc284b9b2aef4500a5a323d8eb9417246d1055bf5baa9e8b455f321480c,0,1.9073486328125e-06,1,"t0 ego planar: +x forward, +y left"
d4d2faa310a748dda508d15c6d5c4244,986466dcf3d348b09b84a8aecbf92077,8d57d12f4e9d4f17ac70d723acf114b2,13,True,True,Vehicle,,12,2,248718,797d9601276afac364dad8334b8e75d6e1237936c6fa030ad402d3f0ad5b98cd|a488b606945d217255d35dc3ce7167d91ff2f08fb6b8491b8706d7ecd50811c3|ae6de5cd4bcdb64b73d5d883fb69bcebd620e0484a0e8b3f1b50bd29803914b4|1c383dbdecb7662928684e818bf18733c05a66213e7d155efa15717f0696c544|20296dbcc07f20bfdc139b5fcaf485abf21bbae2087082b87d8fdd7737b86022|99b88be7e0c118e9b065c749278db98b3d8f08d4f812e18e8fe4683ae7303c77,0,3.814697265625e-06,1,"t0 ego planar: +x forward, +y left"
d4d2faa310a748dda508d15c6d5c4244,986466dcf3d348b09b84a8aecbf92077,96aef3ddf65948b4bfc3c09c3ad97b63,14,True,True,Pedestrian,,12,2,248719,19ff7a87ad82d2fbeedc6b7f91c6169624bba70d0c22bb82debbbf473c0d9221|df949ae20a4c713bc109575dc987767d8e4402c9247f2e9b1c7320a80f0ff479|17dcffbc3a0abb1f754002191c95ad8c4a8ee5f6862439881bd481bc4310dedd|91bda82e0bf64177a65f947945ab9d611a84e143c905e4f3609b630576905201|4608e25935d983b2ac0969d57371b12a765151d2a9f2c21264f340e85beba257|9b94b7d5ce8743fbf45e181352b84d36e1e1fa564c99f99615e7e6d791d32dee,0,1.9073486328125e-06,5,"t0 ego planar: +x forward, +y left"
d4d2faa310a748dda508d15c6d5c4244,986466dcf3d348b09b84a8aecbf92077,974058b96b4f461393310ee214dccc3e,15,True,True,Pedestrian,,12,2,248720,5140340a2c2eeedda6b9ce11c2bfde78e712bbf81c5dd2f29d08c3b5673f12f8|d68d3bca0a924e8812a73cb22cb13742c7cbce4c54107006bf52d76c489e52ff|c17c2679703c64bb1a9b7c1b6c3df54d7e20639c28f62c297aa1f4ca4112b159|9be93f57ee4f3b2fba0e2a2f827e8e0f5b4e7931ed156575fcebb2fcd5ae71e4|7c16298f5035b19c2a0c586f4fa91e1dadf38513fe94b9fc145a2bf08c7c756c|71f37aa33112262e438f4333306745e380aa4402ebffff0989aba9b332e9407b,0,3.814697265625e-06,4,"t0 ego planar: +x forward, +y left"
d4d2faa310a748dda508d15c6d5c4244,986466dcf3d348b09b84a8aecbf92077,9c836299898249c6b28c134ecc93f762,16,True,False,Pedestrian,future_incomplete_or_outside_recording,10,2,,,,,,
d4d2faa310a748dda508d15c6d5c4244,986466dcf3d348b09b84a8aecbf92077,9e13533963d84402b6becb0fee0051a6,17,True,True,Pedestrian,,12,2,248721,aa0fe99737ec531fd9611c6fbf3cf75f0c7df6cd00b816a7fa85c42948333ceb|c8dcfbadfafc373817aac517e56bcb895df093f1ff172c70fc0432d22f9d4b04|4b99c47832bb374cee54e8b5251ddd0dd6f82a5ceb788e9a08e01d2664a63db1|32bc394ded39f1f845ac68f2f9f0a8bc7eb1edf633e3b9aee457f2c3daf9027a|4c312156274f71d522d04412e690c821c8226620469d0613ec910d09556afa55|5898e517dba513658c483513cc699a28eeccfdbdf79e0ef104449c40fea9b310,0,3.814697265625e-06,4,"t0 ego planar: +x forward, +y left"
d4d2faa310a748dda508d15c6d5c4244,986466dcf3d348b09b84a8aecbf92077,a1af4377c1784c318241ba73f253eb89,18,True,True,Vehicle,,12,2,248722,5d83a6695cfef5b4f7e0043790f9ad7447f98dc4419a69fea0a90feb85a8cd7e|fec7664fb4ce8aabf2976c6eb553b6f189baf9e08879ac198eaf53be48e4b70a|879ef08bd1d5f25cd77d55c72f968cd0cfa9e92cf8d840a8ba06eb81c23c0c6e|198b6a8379358d9c8880c85bf4ed2c5ebb7c12c1f04ad8d414901e6444f3d9df|075bf7a9e88f51e96c2757e4273569a239b6e263df25563cea95a8de02f78f57|e62e98331bfd2016d2c1936ebf47df3d00203b67d5675492f1f9627b594d89a6,0,1.9073486328125e-06,5,"t0 ego planar: +x forward, +y left"
d4d2faa310a748dda508d15c6d5c4244,986466dcf3d348b09b84a8aecbf92077,a1c7db95f1da4a99b9c4023d0978893d,19,True,True,Pedestrian,,12,2,248723,724764eeff1b306b6b996bf3e75eee4607fd174f0ebf3e88d974fe6522d9931a|cdcdb092d78a848f74b414a0c55b4f8ff6861dc174c3240a3b056047a4f4dfa6|0b21dec7f666b1639b824b63c6b0689e9fa610d43cbb34e039237b4e00d6051d|94b3f721039207671a7dc8e412b5e29f6e1b224352c0834ae90d853f439f963f|123f10eecea6876d9921acd51efdcbb6bdc86156ecd7aa287e2d41ab161e79b5|04a3f86693d16b3250ef2bad1ef45a52e4d26c71a71b5b4c14268312f44f4f78,0,1.9073486328125e-06,1,"t0 ego planar: +x forward, +y left"
d4d2faa310a748dda508d15c6d5c4244,986466dcf3d348b09b84a8aecbf92077,acd1a7846ec747e08a2f8cef0716be26,20,True,True,Vehicle,,12,2,248724,a98f182469dd7a959cf52d1a15a9b13e485c994d7fdbc41b20a7d4b5baba352b|bfae3baaab6588f4925487a494d1bc683bf73b8815f6e546d711e1fb2dac2bf7|45edf9be8511d81947dd2589e0962433a81526671772043240072b426651681a|0ce52e1263e814423fa570f4b89cf1e231da4dd5b86ade448f8cd328cc424be2|f027eff470c99f3f611bc76c866d6386359e41cc9a01c2a6a20aa0bc2619aa3d|58518c5a8b4dbee8522cd69da5bba3691d9bd6e92ccc4db80f5b1d11b4d54f95,0,7.62939453125e-06,1,"t0 ego planar: +x forward, +y left"
d4d2faa310a748dda508d15c6d5c4244,986466dcf3d348b09b84a8aecbf92077,cb653ba1961943bb9fb3e823d094a31d,21,True,True,Pedestrian,,12,2,248725,8f5137c2e026024ae216d47274fa1f6145a11a4b3863f265d8dd8fbfa10d7ab3|96bf010d1baba12a6bfdf681a29df6cd09c678ae2a5712151690a7740b1ee6cf|1d9af935cf0c89a4d2956581483b838354deedb2c6f411846e788b8059401994|405bb84479ace44e813babd534d0117b821483c8d4197fdf07215c07ba170e7e|a9385bbd4fb941a84b468a190210d917bd053ab1a28ec5e2208cdbff385a5f8d|991d4ca87e8eabee4e897f17b8a143cb61e1fd15a3ac3540579fc7383707cb85,0,1.9073486328125e-06,5,"t0 ego planar: +x forward, +y left"
d4d2faa310a748dda508d15c6d5c4244,986466dcf3d348b09b84a8aecbf92077,cda4d9cbd02444308d8be1c714df931c,22,True,True,Vehicle,,12,2,248726,cdf4c9149b24c9e4eb9f3c48c5c9a1045b2c45990f64cf3ba01bc9c9a48b05b4|398186f8a64db5eee6c755e23b78a835c11371e237c7f6b6f9898758454b41bb|f13364aef69c7cd00a169c5742e67a8e2c99762fe4df52f45f92d177eb0d6509|b61aac2ec638b4b1ea5f1832fc83204129b20cb24dab7011f33c75d444962793|6b17b4da919e7e91b71741a66490e1d47b6cb391572f08d200f74c0a5de01324|a8c58d9495684db86df4e5884f4cd2de7ca74a983c6af62cb6c0a2ef8798e533,0,1.52587890625e-05,4,"t0 ego planar: +x forward, +y left"
d4d2faa310a748dda508d15c6d5c4244,986466dcf3d348b09b84a8aecbf92077,d553d19e96414d30bb2ea6d157c9993f,23,True,True,Pedestrian,,12,2,248727,37933360e13a6498e7b5fdcb607de4067f9e67195aa9e2bf613baac3e63b3ef5|29282576b18c0c02af654473aa5bdd05e7a76cc8a7c9bb040b5a0fb11c46b177|3734e5389a9512638a1e4073d856d4117e7d50b7a41f9fbf0ce812cac271c1c2|e14424316b43769941d58e533856bd3c5a945ab33638f98daebb9a70daec84bf|801f0d2337de8960d14728059fbd1b9f49220403c8d90128666553bee2c56065|d876dbb8ec6321ff6a2342bb079ca0e8c582d5242f979c2748bd84194db4e48d,0,1.9073486328125e-06,1,"t0 ego planar: +x forward, +y left"
d4d2faa310a748dda508d15c6d5c4244,986466dcf3d348b09b84a8aecbf92077,d56bdac789d649f48186f7d38970dca5,24,True,True,Vehicle,,12,2,248728,a143cd67a9e95b3376e92bb72889e97f42add7bf0132187f1d1e2c55a8af8740|a589bd4a4dc9332488546ad42d1a4169b2eb7b4cc2efddb27b7df36871842db4|1d661ba824ae88adeee5133172b2856aabe7d86c53a9301e45495aaac8928928|4e936999e6ab347ace9239123b56fa838d26a164cf19027274cbd4b0ca884508|bf67ccaec94f021117a6cb5f57b6fe4cd2164fe07c61a5c9c9b37f75a682250a|10d51b8b3549049c2e8050c3e606484de1d04845d3e2503bdd6fbf5bff8d5262,0,1.52587890625e-05,4,"t0 ego planar: +x forward, +y left"
d4d2faa310a748dda508d15c6d5c4244,986466dcf3d348b09b84a8aecbf92077,ddcfae93adf54a40918d545a51eecc67,25,True,True,Pedestrian,,12,2,248729,541d2a19065d66992608b736430dc32e42c9e97e9f606b4d6ba271ecdffb0dca|f2bb304bc5ea1fc56a5671798162d616c6b51f1ba804ae7c779c9d887d2fb294|e38468cc550ee6fbf0fcddcaa790eeb89ca3a75022f95d1a390763522ab69f3b|d9af7e209a8661380f751fa80fa427a7c6030f30ffb3858097d7ee5d01dd81e5|f221ceb1aa618f542a7c911a71da57b0bda0010090c10624152671def6c38422|a30cbf90aa74452533f718fe29100ce6a8b825c824e01ee7763902ffa038dcfb,0,1.9073486328125e-06,1,"t0 ego planar: +x forward, +y left"
d4d2faa310a748dda508d15c6d5c4244,986466dcf3d348b09b84a8aecbf92077,df90ba84fcfc4f9f8268c41215ed7296,26,True,True,Pedestrian,,12,2,248730,03abe475508c3fe4698ebec623edd26cd9903ceb14249a1f0ea6e611f2e75806|aa6b3da1540da42856722d9658f63f30d42aad1d4f8ee32e7ad657d67a345fbb|38ab44e0a86e9a38bd2fa3cc58ca03de58351675d298d7f3594a3ef645d6172e|9ce441c9efb5151c3b2f531b1273a0785b82a3b674a50d547331242832b3340d|3ae53c9c73eda5d742b2f63810e06f2edf30744f8db8b92c7200cd738d084d72|d5fef696a508647604fa75558121fa64cd446c5b68db6a79a0cbac7f0d8b35b9,0,1.9073486328125e-06,1,"t0 ego planar: +x forward, +y left"
d4d2faa310a748dda508d15c6d5c4244,986466dcf3d348b09b84a8aecbf92077,ec7428db5b354ca18b96970ef3ebbec6,27,True,True,Vehicle,,12,2,248731,826e9bc9b9921cc16e63e9817b2287498bde4341113e9315433a495098a03d02|e9069665ea4ee547181cea18f641b37f1d7c567a7440b754aa70cc234431d77c|fa8887697331d6b9f15460f0384b8558e7fcd3dcf10bfa372e24dcae6003036d|4034a68e96756424dc39ec2cfaace2110fb77e0ca0bb1ebb86b29ee138ce7da7|cd16f710c8df709f4ff729fcf954fe020074d5595484b1d13c6db3580407c5de|c0a641537a66cd8ea32aefdd01638d7d08d9d5ba680e54cbf4d8fb2a6fdc8abc,0,7.62939453125e-06,4,"t0 ego planar: +x forward, +y left"
d4d2faa310a748dda508d15c6d5c4244,986466dcf3d348b09b84a8aecbf92077,ee683cfb8d8240d38570244f63de2f63,28,True,True,Pedestrian,,12,2,248732,fda290d3d8efc655f08548e5fc37a5f47886a4e2c83950076ae1fe4488829b94|a58243e78f538e7a09ef2e068471d1c8b74736b4b656ba997df5ff22a294e97d|233bce8c158d8d431739e5efd39b0c5ee7f847d63ea816e40ad9c46f4405b79a|41468ab29892c4723a9ef8452f19f7311fa127ff6d0677a577d3cea9d297b368|94af94b5c78c846a9997fd8f6a10e46f9b78f5c72acfb4c769d2c6f6d413bbd1|d070625dc68d4c0ef9fc7dde86b822210bf6620eb3d5a33a52666f21d6be5091,0,1.9073486328125e-06,4,"t0 ego planar: +x forward, +y left"
d4d2faa310a748dda508d15c6d5c4244,986466dcf3d348b09b84a8aecbf92077,f4298dd99bc74b1d80824dabe5ffa163,29,True,True,Pedestrian,,12,2,248733,234daa8f6d05dbb84dee0b1ceed0605ea85827e49f04f0405fc8a1ad8380ff38|dfa3a7daa4db0e6a8239ff9c794819ee3c7edba8c08d58de4c3e44d4478c9131|7b9fe0545f4328261471ce669baf3d8a03db82f6236fa544b55d808034579b7e|d05ddb03a0c48645792ba440ff332e643fa7ffae367a970238ccb50975c50c38|45c16508772ef4f5334858c767dab345c8aba5c2a44b50c125b4b65db96553ac|cba15b5cd1b69ff031402e9b6f7894f74890c65ca9e08e1fff486191c52b284f,0,7.62939453125e-06,1,"t0 ego planar: +x forward, +y left"
d4d2faa310a748dda508d15c6d5c4244,986466dcf3d348b09b84a8aecbf92077,f8e89aa750254231bc1cdbede6888574,30,True,True,Pedestrian,,12,2,248734,c5bea2733fc24f32e3ccf6561a2282dedd7ab8a9b72a1c903090277f7549d42e|c38adabb39cd895a6b8146977ab2e7f05958d67335ab5f45f9ee4e3153c174e0|4eb8dd270647384b173b15a5215faa8e88a3ae982e4e756b58d2bd8487907ac5|136694d171082ab274621117ccea50b190db2369a68790efaa1ea33f96a5e11d|ea6763d5e60d3e09752034184cfa8459ac7759d7c9fb167a1fc57fc491a0aa39|bec08d09ceea446c33f95a9ae8489d6dce087db5bea619e8eb0fbda3c285e310,0,7.62939453125e-06,1,"t0 ego planar: +x forward, +y left"
d4d2faa310a748dda508d15c6d5c4244,986466dcf3d348b09b84a8aecbf92077,fafbcc902c904d798afef7d8f49a3091,31,True,True,Pedestrian,,12,2,248735,a695f08aed80dd1cd672356d5e932c3e0cc467d9598a9add99df5bbaa41dd8a6|e555784382be5d37ec7bc0660262fdb5ec3ee3b26c8f7783a1a73f6181783ef7|49ea7eeb124096a33c7114d4955abd2968a49fcbda4af8e4008619f25f8865ea|3ff9aea31025623e8d86cadbac4b7123bda0ba8c2bf61db6a4b3c9990a6c03d8|79a6e4703f14edf928d0ab245d5857ceeca7b98251129fec495646a3d1664cd9|f5fd62e869dcfaef759377ae19298c9d2619404872a460d2fd3c4df5d553ce50,0,1.9073486328125e-06,4,"t0 ego planar: +x forward, +y left"
d4d2faa310a748dda508d15c6d5c4244,993981fde1b844ff823e052d5c7529b5,01cd03d070f2403d882c7ff6fba6900a,0,True,True,Pedestrian,,12,2,249037,6dee27057d5ec5c5ca615d4f8f2d5f67b91c2cba8de0e5cf0e549cbfe0094efa|9b9e7f7f2c03c7d3d1286d355a755ac3197c4ee88e1b78fd3d5452aad0721698|714354b0bf4d88c18be0c2c415c0fa43e37c11473f39d1c24402c54a3490cb68|1df186bba45fcdb39bca088e8cef0f530a06b219b54fe4dff74e7411db1bfacf|ec4b107bf9208799e9cdd04a70f6eab70925457a911c736273ad1d7562b02fdf|4e3f9e1af1aa03d5d353d96bba38d35f578f3416547ad6940011993fd2764238,0,3.814697265625e-06,1,"t0 ego planar: +x forward, +y left"
d4d2faa310a748dda508d15c6d5c4244,993981fde1b844ff823e052d5c7529b5,066b5138a1f4447caa7fd50f133b1724,1,True,True,Vehicle,,12,2,249038,175f2c29b3e1e59636df76ecd7e42f66607cb5d8c4653b16b827b3c53d4b4f86|8cf82d2cc0715c78ae72c4251fd2815960e3a323e8e70c1ffeb80f8ddd637722|199a8561c7d4593e7cc0c762eca40e72d9cab6bbb4bba1c47de42101494ffb34|e77eeb80aa96ee3fcd89838cbc4cf5ad06bcdc96e5780e67eae02f332d2df2a6|5534907a0c3fc0524280157ba4c77ae28e3e3efdc6547c1d9bbebf038fd8dd8e|021b356a46c0fabc4af719e42ce7ba10b380f85849ffc24bc0e8347f7a3847fe,0,1.1444091796875e-05,4,"t0 ego planar: +x forward, +y left"
d4d2faa310a748dda508d15c6d5c4244,993981fde1b844ff823e052d5c7529b5,08faf8b5a26243f9bdaf31b400716631,2,True,True,Vehicle,,12,2,249039,aa012f3ea5499c86ea887adb24c188cd11db545762db9bf6fc241b3e4252223b|10e2d6448afe2c7986a81e80b2054e7fb1a1d1873e550f200f5463454b2122ea|37069f479dc7afef6b97df09e619c1dfbb24cc503ad59bc562be7367e3f2500d|027ee005ec83772ea3f196e420d79dca2c2ac2f797f771a0c3826063c640d910|bc61fa06b5d2f1534466dbb9a1e27456a9c0cc6f55cbe693d65178c6abe93abd|ae3cf6073127a11422ba359455e7cf30653f791650443e1260ef45f1d833bf9d,0,7.62939453125e-06,4,"t0 ego planar: +x forward, +y left"
d4d2faa310a748dda508d15c6d5c4244,993981fde1b844ff823e052d5c7529b5,33d7dc2bfec6491692667c2944d3d889,3,False,False,Pedestrian,insufficient_history,12,2,,,,,,
d4d2faa310a748dda508d15c6d5c4244,993981fde1b844ff823e052d5c7529b5,34b1cde7c546464ba15ea6cc08a402f9,4,True,True,Pedestrian,,12,2,249040,e7ee43dc6e5b14f76d8a78d4e880550db3cd53cba992b669f12fc0b3cf4321d4|045dc59c1fbd8eb16f825d413935bc8e9a0174c7b749b7b52c2fbc8a93349af5|f8a1455cade0058f2bc7fcc67cb684c4d770e88451d582b0527322f79495b419|8a53166ba86fba8db549a756191d9b975d3083a0f84502b29922651b69a68a35|b592bd94c6c7c3f3f3334c8522cc8639b1fc5e8ff06c4af739be3077f5a0f463|ede26c122c9d8bbeebce8fc9325eaf7d060760328979b3297d66acc13e14bd4d,0,1.9073486328125e-06,5,"t0 ego planar: +x forward, +y left"
d4d2faa310a748dda508d15c6d5c4244,993981fde1b844ff823e052d5c7529b5,3e8f3bedea134c0b8150a9e4396a1c8d,5,True,True,Pedestrian,,12,2,249041,73b3ca59447a425063921e048b7ba0b4df5f42eb9055a031339814ac5e90a5d9|acc438c03e9609346ce3d2de95337abdb3fb507bba62a4b5937332a833763c53|08b272d0a06b08ee1088f5605801309b4ee933eb838cfa0a36a2b6b0b7fe8617|9b9e60528b91fccc1f68e3dd6cfa545b93142950813d7e09593e249ea9c4d79d|a39b34dcc016e954181396462e9d7b3e0c7ed91933b508e0c227ccb8623d3f5d|9ff3fb026a72937fb1a587e683e3f576b4eef3b6ebf026e28c10cb10ecf00a6e,0,1.9073486328125e-06,5,"t0 ego planar: +x forward, +y left"
d4d2faa310a748dda508d15c6d5c4244,993981fde1b844ff823e052d5c7529b5,43b0b94319184b88ac105a9d42b8317b,6,True,True,Pedestrian,,12,2,249042,04802c0e17094113770c24ebe4f9a7a99dbda7e60fa8454704cc15dc94e611b5|f5c6e408928100942ee1fe14b3d5155c987ba9a687d8df3d893bc054bcc89c05|8e9777601908d1f6acbdfe4360b6e2f6dfe944ea61771fd385e9965764162afd|bdd6653cd56382cc11b2fb4e6076efb7b646f5ca6e11f60318fe35f2e9dbbcf9|13a1c0f9a2fc3ff4ab330df530f5b900205d46caf76acecba732ebd710ef5519|3a752fe3905846a00e5191ed2ae9d6639307f8260ca1ae3d124eb0c038ca8f7e,0,3.814697265625e-06,4,"t0 ego planar: +x forward, +y left"
d4d2faa310a748dda508d15c6d5c4244,993981fde1b844ff823e052d5c7529b5,4c4d8c1b2bd3443b98387bf2d038ca68,7,True,True,Pedestrian,,12,2,249043,24b08140d2f7efccd2cbb553d1cc892f4940fc261983e634f425ff1f4122a9a2|b3e15211eeb135d421f5c3f5481261bb969595a21188c8719f0dd8eeb0c3a7e7|004b2262023b1833dcb9fd091e9419e85a333094cc3e7c35b5a06cc7dd9fa9cd|f5ba3c103e1bdcbce9b8f0cfb2a1d26fd89e9161589a7e7897d684d57cc451f8|b207260d9ea45a9a44abaeb79bb259e4642eb02a3b076ebef8a0a7bbe65182b4|98817ddf3fd342d227d03a83a85233b98c7478aeae4f9bc76999c54cef7a11ce,0,3.814697265625e-06,5,"t0 ego planar: +x forward, +y left"
d4d2faa310a748dda508d15c6d5c4244,993981fde1b844ff823e052d5c7529b5,54ebdf861de84948b05dac3ad28ae203,8,True,True,Pedestrian,,12,2,249044,fd8d26f889a839d9dbefc0d348888b1d3e4e50fa9a12463ef8cc726d82c7a97f|706c372feafa51e0d7d561b0a21ac2775112067ed1eab88dc10c492c9d18ae85|2dc1e1054520eea3f63aa56b121188e53493851f5626c8f8e98285977abcbfed|f85ee48ddf217a45909cc21cd2b6a8aa73a34589e679334de71532ea8c1db959|7d4ba48b3695162dd4be3a517f8dc70e55d539ce1d3b1ca25d1e7c4e513f5218|4eeaa4fccf00094a1aa69076f1a6de6f35c2b99893a04d06073838b60ea2e4d0,0,2.384185791015625e-06,4,"t0 ego planar: +x forward, +y left"
d4d2faa310a748dda508d15c6d5c4244,993981fde1b844ff823e052d5c7529b5,5d45a4ce93b94907adb837c1189b5add,9,True,True,Pedestrian,,12,2,249045,5665ed5a56a2334aa06a413c889c3faf9926e47eca94fb6050692f02b431b7dc|c553835c02c81a44fb685afad2874b5803700710f0fc820b88bad74518b14198|c09e8be08fbc4e43b61de39735369052e5be4083863e1bf34c2ca7d6864cc73c|e9c689b795254286e62a3e0cc074ae6be378c5f1290209a581a9ac77c9025853|e64bb27a8ad8a0bdd136fc74faa82f0817280cb20f880757ba54b02f1d36b0dd|44f5972ce0ab7edc2c516b28974ec71284186a35f1529e7313a345252b93c9f9,0,3.814697265625e-06,4,"t0 ego planar: +x forward, +y left"
d4d2faa310a748dda508d15c6d5c4244,993981fde1b844ff823e052d5c7529b5,666c64768e1340f38b5757c2f16eb78e,10,True,True,Pedestrian,,12,2,249046,41509280a95d01c42af06942fab166f277f487b6925d11b2a79890a11e41ea5f|0bd7ada5dc82243fe77b5c7e173bec8c44fea876eb9530a2c117be307a87d6d8|d28c579389334c78cc9826432e236f7dd0835306519c3b44f0ee082359f8b4d8|3e3917a4bd16c8fc263161ea9bc2dc59655b7152dc9d00f0893c9f55909ae969|b14607ac02e8fd347540f4bf649f97ad27365b3bc48fa0e0814c9eb9f8617ed3|bcf90085c4e22e3da43c48efb3f8438df7d2374ae759e5876275a64eabc398db,0,3.814697265625e-06,1,"t0 ego planar: +x forward, +y left"
d4d2faa310a748dda508d15c6d5c4244,993981fde1b844ff823e052d5c7529b5,69da7bc465784810a6a3a0fd3b229a9c,11,True,True,Vehicle,,12,2,249047,06c064f4321a8801fe510139c73f8bac9c46e4cfe6db0bce4bc4810fed5c1206|771bdfd5c34cf88a55b408137e03b260c43145acd6255de94abf3623bc8ed118|27c4ff739a3916a1bd0bdd275a123494268e946dc36119f4941d5213bf8a5663|b5aee957d85f3238de46ad1cd3f5b36d80089db4574b16cd02ab2c617800e3c7|f82c870fa5b0d1a5c3a1403fdaa01c3753d2ab0a4bd62eb4551a1ba2df2a5e5e|8a634a1c4393fb1e8d6ff19ee94a76077b5d72603477443e6f89203a8786a1e1,0,5.7220458984375e-06,5,"t0 ego planar: +x forward, +y left"
d4d2faa310a748dda508d15c6d5c4244,993981fde1b844ff823e052d5c7529b5,6b1717a448514796ba733a898799bfc3,12,True,False,Pedestrian,future_incomplete_or_outside_recording,1,2,,,,,,
d4d2faa310a748dda508d15c6d5c4244,993981fde1b844ff823e052d5c7529b5,6c363f8555c2499dabcde8fcc91e8bca,13,True,True,Pedestrian,,12,2,249048,cd1a3a489e47bd554b279e78ba27371d610f5e6929730f1e91e5094952a31cff|c17c2a17466a13845254b909c0cc39631c3bfbe792d0e4f4516aea182329869e|ba174b79ab83dc9233be001d199f1da678dbc50dd0c6ab61277d55730a476691|dbe472d4fecd7d574f35e2370f0097298b3e507b01dfdef527cb1762e747eaea|a3279f33e6062881496619af143fde1e424da7fb136814164e0d6cfd770a2378|0cc2b71406fbc8ee750f4849c323347cb3c5dcc926b7c2c23390c8834b9581f5,0,3.814697265625e-06,4,"t0 ego planar: +x forward, +y left"
d4d2faa310a748dda508d15c6d5c4244,993981fde1b844ff823e052d5c7529b5,7bf95f1f3efd4898b0d017494751dfe5,14,True,True,Pedestrian,,12,2,249049,43d10557db464fd04ef324e6f0b730b26f23d65413eb8adb8f64907bd63c11f7|3e95194660cf24cafb6390ee6ffaaabc838bc2e4fa7849eebb885ddf88bbc952|9666c20c610834d50cfc97277a2602a987bae20ecb5f3092e6f4c0fba75ab569|c4b9e5f78ed4a3da6bbde7c874c38bd0422c884399fef57ae03730cd64ed8381|a82178cabb8ae4e35ba76b894c7bf08ef1a89dd881a22354e7bb6c2cf38768d4|3819b4ca7f0114196ec49d860180920e997e98bf076758a2e2ded74316bf2810,0,1.9073486328125e-06,4,"t0 ego planar: +x forward, +y left"
d4d2faa310a748dda508d15c6d5c4244,993981fde1b844ff823e052d5c7529b5,7cb2c3d7d3bc4cf3a38772e52475afdf,15,True,True,Pedestrian,,12,2,249050,c955dfb2cbfd51dd3c4b12b833d44ef2d96cace20b7aa71116c075f4e1b5b334|2cdb1d7ec70d851ac0858a75c3cb6718c9e3a385711e3ad46e2b331776dc70ad|d5d7a8eb2463a55246eee611c1832f0bda60e9717486654c304e575a8a0c80d6|5ccf02c2ba976c21cacb5e333fb687fac2df40049d8b693769208549c94e0c51|8133505a3de7ff922297cacb5d6a1291f734818bbfdbe7bca1506cb975ecce58|26a7130d969776588f354395044fcfee884362edfc2d8e7fef553ab9e2d965ad,0,1.9073486328125e-06,4,"t0 ego planar: +x forward, +y left"
d4d2faa310a748dda508d15c6d5c4244,993981fde1b844ff823e052d5c7529b5,8b25a36e4d5b45a18c73ad45d34590c4,16,True,False,Pedestrian,future_incomplete_or_outside_recording,5,2,,,,,,
d4d2faa310a748dda508d15c6d5c4244,993981fde1b844ff823e052d5c7529b5,8d57d12f4e9d4f17ac70d723acf114b2,17,True,True,Vehicle,,12,2,249051,8f66698fe708709a9f17885db9b22b970465fb40d92d7506e434e0ab1ce4dafa|12eba15d8d7418719d620491c16c35c4eb17dfab7c5d01e172ee005221379522|df0a23d14a9158ea7429325b7ad5d82d4667960b9ce27d5c2182f9b3a5e81439|0779714f18e65c190d8a6199219f1ac1bb043b5671514eddbc8d0cb4f353ff95|68e94475cc64f42fd4a8a866b4926d8f387ded49b17928efcf725df20e947484|beac1fb4be694efe6a5a14af809202d6ce4c5089f35eea630c7fe5a242fce119,0,1.9073486328125e-06,5,"t0 ego planar: +x forward, +y left"
d4d2faa310a748dda508d15c6d5c4244,993981fde1b844ff823e052d5c7529b5,96aef3ddf65948b4bfc3c09c3ad97b63,18,True,False,Pedestrian,future_incomplete_or_outside_recording,9,2,,,,,,
d4d2faa310a748dda508d15c6d5c4244,993981fde1b844ff823e052d5c7529b5,974058b96b4f461393310ee214dccc3e,19,True,False,Pedestrian,future_incomplete_or_outside_recording,1,2,,,,,,
d4d2faa310a748dda508d15c6d5c4244,993981fde1b844ff823e052d5c7529b5,9e13533963d84402b6becb0fee0051a6,20,True,True,Pedestrian,,12,2,249052,1cf038c6d4dfff003ab8a523738ec603a55bf67a222081e04883e55ea2066163|13332d640aab65f84cf8fab4468201c90e4abb6b3e0645517d76880de8bdd2dc|2a607fa511537808d25c9379e93c5d4492dd5f75e6ff11391ceaa83d4caa38dd|71a313e5e38fee5a668d6642dfa06ba02559eb181079e013a8c552265977d763|75de7900b1d165e4e315ff7b7015093f1cbaa2adab83c4ca56ffdb8a854852c9|41f1d113eed612af2922ba4497e1fae107379cb4263fd7aad2c3629b7079fcfc,0,3.814697265625e-06,5,"t0 ego planar: +x forward, +y left"
d4d2faa310a748dda508d15c6d5c4244,993981fde1b844ff823e052d5c7529b5,a1af4377c1784c318241ba73f253eb89,21,True,True,Vehicle,,12,2,249053,c69536e9845701565fd3959ef246a94f6d719d8a9ca0ed57aa924d3c1d9727ae|3d6607ce5e171c4d4d55e7e5c9a46a5095e6ad90835f485eb93e8ef83dd6b368|d23b211f85b36070b717a8113d998c99cfab2583d9d798f58dd0bae3382f291d|5c738a4278ab90d7f6074556053258ad9a0b07936f93193789765bb0266dc048|5bdd3b1eb0b03d052d2e91c7d372063fd8e4099576aac7ebc594ba4a0d4e0cce|02a466e7e089244a335b864e98b4c1dd1155eae0c675cb20c4632e6f9bdac300,0,1.9073486328125e-06,5,"t0 ego planar: +x forward, +y left"
d4d2faa310a748dda508d15c6d5c4244,993981fde1b844ff823e052d5c7529b5,a1c7db95f1da4a99b9c4023d0978893d,22,True,False,Pedestrian,future_incomplete_or_outside_recording,1,2,,,,,,
d4d2faa310a748dda508d15c6d5c4244,993981fde1b844ff823e052d5c7529b5,acd1a7846ec747e08a2f8cef0716be26,23,True,True,Vehicle,,12,2,249054,f23ec52833a19d10e8897f3df25e8216185cdbda32d733e23aed6f50413ea7c0|4acdfe528b23e1ab08abf4bd98365d343916eca48ac015074c73a25610b09e94|d53b439444f11f0b419c1701468947c59c8bdd58d35cdfbaebf16dc4c76a5c32|f23a80b50e036a1fe76e2b9d051c9e23930af62d0983cbb59c62270ba707d072|66969ebbcc8cb9235c4d4e7d0cc09bbea34c6d8796c11abae0318345bc368d46|b5a2120c44849c37d50ae0520639eafb15bbe358599bf1cb01218b4d92368f84,0,7.62939453125e-06,4,"t0 ego planar: +x forward, +y left"
d4d2faa310a748dda508d15c6d5c4244,993981fde1b844ff823e052d5c7529b5,cb653ba1961943bb9fb3e823d094a31d,24,True,True,Pedestrian,,12,2,249055,9eb11a5f09fe4dd252628baade89ccdc9259473eda939043dbee1bd30a4fbdfe|12a859ce590380f239d3d7476d6ff4c2d2664d9ebcf86eb34ab49f4fd7d93354|19ca9cd7a64c67ae2b269d645b4bcad7d93101ef9fc07de2c46004fe98068bd2|5e7ac6cbc74279ee608d720ee4ff141b661bceb5e944ad9d466781dd57b962d5|4262c6d7fa94a4d1217c3b80a7c20994986a766b32a53c2d34186acd518ae919|74389b509dff6c6bf2c64064d81ff568c0c910e09f737987fb85eff63467b8d5,0,1.9073486328125e-06,5,"t0 ego planar: +x forward, +y left"
d4d2faa310a748dda508d15c6d5c4244,993981fde1b844ff823e052d5c7529b5,cda4d9cbd02444308d8be1c714df931c,25,True,True,Vehicle,,12,2,249056,043bb6a123b28ae64d7279359ce0dc1b3f89eae4c7e1809975bf6aff1e6340e8|7625c46329747af714b37c30e0ecc39664042f40af4712d2b5a3129336024605|8b96db40236a884fb9235af6bc5fa3e8cbcda4bf6dc1115f523f8ba1aeb4cc5b|c23835e8b541d1cde29022da2898beb8154e8c20d57a86187db7888ad80ad6a4|9f5f49fd50014059ef6d84482180d306c8f5ee2fdd097370a63a9963ab4d5553|4137e0183c70dfe727dd8400120b07e108345485ef827771f707b2b6e1400ba3,0,1.52587890625e-05,5,"t0 ego planar: +x forward, +y left"
d4d2faa310a748dda508d15c6d5c4244,993981fde1b844ff823e052d5c7529b5,d553d19e96414d30bb2ea6d157c9993f,26,True,True,Pedestrian,,12,2,249057,7f5e6aa136d90e9c6adcdfe9b70b4f5ce02048755f9651c0aa762e30f8b90b17|22a69b6b89c223ca5667e74e8f87512c68a9807718a95d86e619eed644bd8cc6|bc66bf6d850c1b2bfd0b4733cb91dd1e6b1715e3ed4f06bcfdb31abcbb712dc6|68b662f2bbf3fcdb39d43d52094ea2f229bf31732953acdf4c4e7463633abe70|8012bed5646af6c3a1c7471eae44649375d2d23273f30b4dba4c2fcf920f7f60|e76f7f117609f69525a632200c9fb24d57add71829ea40ee7ca98e755bcb5e36,0,1.9073486328125e-06,1,"t0 ego planar: +x forward, +y left"
d4d2faa310a748dda508d15c6d5c4244,993981fde1b844ff823e052d5c7529b5,d56bdac789d649f48186f7d38970dca5,27,True,True,Vehicle,,12,2,249058,0a21953de17449f5b66a7ed702ba070958d365b9a94a677f1ec0f3d5334eae56|0dd88239214721a4c8bd57d4721072408b3637435055950d0c45dcd7d15e22f3|07cb0502fccac2c8f2aed8366e8a77f21f1be3e2f773186980e51fd996167a3e|9407fec9d82d5820e618eb8fa885152021f4a55f40d1487d2e63bd78972ca987|46e83a50437c3b2aafdee02e52a87d0f2cc38e3323b29359d42b111675935841|35bd863a23058dcdc1dc64f67ac0f890eab6f6c45ad7993287081501fdae29f4,0,7.62939453125e-06,4,"t0 ego planar: +x forward, +y left"
d4d2faa310a748dda508d15c6d5c4244,993981fde1b844ff823e052d5c7529b5,d99ab37eaee3454eb2981b34077c0bb5,28,True,True,Pedestrian,,12,2,249059,3218b84dd4e24157fa3b9f535449f55ac4251fcc228962019eb4951edc64defe|ec2f02fb25aeba8497306d0b21037a6456e20c7474358349604fb10e08442e14|47203ba9398cf1cce22cd8d9a9172f6f9467a82e0ce3b1c6299e40d8eec19957|04605174476d8d6de4910c9c7b108d473483184b1db157f3748250837d967502|8e074f75909824adb62db761b095c6fdc359aa18e0ee0ccff6d5e9da360349cf|b351e5516ee47ea36b25a0b74e5c4e84f735fc747470f5ff3c71bc1ef375ac50,0,9.5367431640625e-07,5,"t0 ego planar: +x forward, +y left"
d4d2faa310a748dda508d15c6d5c4244,993981fde1b844ff823e052d5c7529b5,ddcfae93adf54a40918d545a51eecc67,29,True,True,Pedestrian,,12,2,249060,9d4257833b861cee37858848fb78935dcf82e5422b08456e5a2da7b3039e3f6c|a0d74efaf999ea2d21e7654e2f5797fe42730105c8746fd66a7f9679ba65164c|d134a1b7819e4f5424ad589a604b6bdcde4a7e7e6bd371ea2f46acbe5c9797f4|af2019283cdbe8a511497a2885d63dc34983ef63bd6ab90f0a013b4e6adc529b|438e449a52c8f0bd2644d92807d1b479d126731325a1b8bc25e37819ae9aada8|17c348cc93d964bd88fd0672b68239383b35b111a44c3dcb9ff98b584536353b,0,1.9073486328125e-06,5,"t0 ego planar: +x forward, +y left"
d4d2faa310a748dda508d15c6d5c4244,993981fde1b844ff823e052d5c7529b5,df90ba84fcfc4f9f8268c41215ed7296,30,True,True,Pedestrian,,12,2,249061,82f4af94d6431835dcd824e1802910ca9c47cd00a0387e636df0f695a2feb577|d2a7149bfff3b3d16ce3dabcbbd555307ed3c0c4342a92a15901f88bf6650c0a|fe03f31a148d3cdeb3bacfd3bebece2be6248724d473c8d61bf9e69dbe04242c|74e171f96ac80d52bdf0d62da50173bbecd66a4aa86936d0d43987ade084f72c|b02016ad6c9edb22f656ffa9ebfc1f49b8bf427999b5029d7c342a047bef0d84|f62d42fb7366582b3403e54d0f72fe5f479d14f57d6a472202920045713448bd,0,1.9073486328125e-06,4,"t0 ego planar: +x forward, +y left"
d4d2faa310a748dda508d15c6d5c4244,993981fde1b844ff823e052d5c7529b5,e765c9e5933447e299f2553d06395dbf,31,True,True,Pedestrian,,12,2,249062,4776794d3f9830872b86401db2dd12714b11d9309db8b8a581c6743bfc70dbf0|d7eeeaec5b1f34eac7c4e7b2234a0cb93327b43f5422bfc4b81c61cce141857c|19d418d7dcfd419d305f717af46ec53e3f2c08363f370e8ccb11f81e52e66111|564d557df7b9ac6c851a5288a84f75bbeedff2e94d93c4a4eaab70e6852c5588|c05e9fe266048a38a0f2751290478320dc03c3eb7cd8ab43e04fac5088bdf63a|5d17c3e726e4c9657a98749d343f014b673f59c3220ce56a4bb781549e5b6c9c,0,3.814697265625e-06,4,"t0 ego planar: +x forward, +y left"
d4d2faa310a748dda508d15c6d5c4244,993981fde1b844ff823e052d5c7529b5,ec7428db5b354ca18b96970ef3ebbec6,32,True,False,Vehicle,future_incomplete_or_outside_recording,4,2,,,,,,
d4d2faa310a748dda508d15c6d5c4244,993981fde1b844ff823e052d5c7529b5,ee683cfb8d8240d38570244f63de2f63,33,True,True,Pedestrian,,12,2,249063,9feea03cc4eae24449d5bb61e72ee167db93f05a67e34d26847590931b7333ac|9a30db2e07057ca6ca2fea8f1454181e7a0bdb2e8cebb1cf36623d2194e77077|37746792eb7a1e3194bfa69f15428bea78c417d18f4a1bfcdeef97ed3fb1a902|0611db4747801b27d1450cb837a9e91ef8d9444aff50df945ac055472cc40c6b|c23ebf09ae8114e46b33d323a2e79f65b25b7f83b30a11fb5811d555ec7a8e95|2ea91e4aa00ebb9dfbff33e4cd48f333326d05a1b520e50a39199bda5b08e520,0,3.814697265625e-06,4,"t0 ego planar: +x forward, +y left"
d4d2faa310a748dda508d15c6d5c4244,993981fde1b844ff823e052d5c7529b5,ef2ebffc3068489a8be5d19491edf46b,34,True,True,Vehicle,,12,2,249064,7e88b421c9a51366548a43e3c7aa820817a836f760104d5a9730b82fbe1960bf|e681aa9a3a8c1884b528c3958da718dede29a909028efcf50b291cc516b4558c|381efc5603b80a6beada10946351dcc7dea521f95d58ffbb0e88c9cd2dc04064|32597a615dcb54f8815a3d7b4cb643efe9d1e251bc3a58e315f6712c5cfe1c64|429917ad7a311f60fc3f4238eed658008de64e8cf0ad17e9b59a6dc6c08f1c34|3eabd0b156353c51f1cb03daba03a124da6373f1b6400b10e0bc846674359b8f,0,7.62939453125e-06,0,"t0 ego planar: +x forward, +y left"
d4d2faa310a748dda508d15c6d5c4244,993981fde1b844ff823e052d5c7529b5,f4298dd99bc74b1d80824dabe5ffa163,35,True,True,Pedestrian,,12,2,249065,5c9955d65074bd12e4131631d650361230e22cbf0882fcb6955778e7071e84e6|6f5a12f43805d6cb4590a01d3747cdbaa45e560a7a14f9523edb6cfed0c60cf6|61de3227db15d9dedc52951bcb1045c07981cadd4ab91d67387809f798f2a4b6|6c296690d7e1d141d46f659892c6e446166ea4b5ec9c4696831d09bdd4df5260|304f5eefbd8818e2ae9f2878d960df32bb4b0c20d83b6f1dada81176972f6d4d|e39bb51ae40f428e532c349a74d52571559c60b3a650d2607643813f1cbb6aaf,0,3.814697265625e-06,1,"t0 ego planar: +x forward, +y left"
d4d2faa310a748dda508d15c6d5c4244,993981fde1b844ff823e052d5c7529b5,f8e89aa750254231bc1cdbede6888574,36,True,True,Pedestrian,,12,2,249066,5b311e60e2305e9c5c67b3a76c0fd415da327efdc4f813b8a8aeab238d809923|3c13165985cb39b66fabb2dc00a76e7459187715fcaf8396f9a8d7f51d977de8|fa9066b9c9f485d940f3d4dc56aeefb44b8afffd0b751e626c1c610d7c9ff11c|ac91335af4b7835403265053e6fdd1deb2c105ccd506e0092dc66c1943435503|99c04be7e73a828843813cd9ef050887cd402a4abd8ff51ca38bd9d3fb299dd7|ecca9fd3bf9315b79835f4fb99320a44f2c323f699cb6a8402bc589b5cde1bd4,0,3.814697265625e-06,1,"t0 ego planar: +x forward, +y left"
d4d2faa310a748dda508d15c6d5c4244,993981fde1b844ff823e052d5c7529b5,fafbcc902c904d798afef7d8f49a3091,37,True,False,Pedestrian,future_incomplete_or_outside_recording,11,2,,,,,,
d4d2faa310a748dda508d15c6d5c4244,993981fde1b844ff823e052d5c7529b5,fb4f1c0933f94b4785c1f6a69495ad5d,38,True,True,Pedestrian,,12,2,249067,f485aa9ccf784db00e72fee8f95342b765f3674d3d431f5075a73b4dabcb2a4b|e26cc781a31d41a069059c32bff8281362f2be8c687edac80fab538c658360b1|812caac70f3bc9f8fa457e2992a41b0abc917766a7ffae5340bcea7924a4b666|9a9ddebfba3f52f84a4c07aa179ea7618f72c1cb507bb702aa8d193dce760a92|cd30696bb97db16dc164d49260a729622a1f7a6fb530420df20f8704a5b0023d|28e8e07ab74e1f0dad0b1c713f82fda596ceefed787d3ad2593cd9f31033882d,0,3.814697265625e-06,5,"t0 ego planar: +x forward, +y left"
d4d2faa310a748dda508d15c6d5c4244,2bc2f750659641b8b3cf010bb070de71,01cd03d070f2403d882c7ff6fba6900a,0,True,True,Pedestrian,,12,2,249402,7a5094a0cb56340f72b2f8fda35a4891ba8b5de70b940dc130eb4bac8da1f332|43a256d50d0464557595c18ac4c93721f83f0f9909afe4dba683db113dbd9eb2|d45429600b1b76514338e22d3952b13206c0a3faaac0c5b9f237b4c85adcf15d|de80bd2648b329c792458c0379db8e01146e6c0ff9aacbd85a7b767e753456ee|91c728783c128a5231aa85bd0a7d9e7ebae8c33893c193e7c5359afa82b908e2|a5c79ef890b72a1830db02306b398ebdee4d3a6126f1a88edecf3be3a50119a5,0,9.5367431640625e-07,1,"t0 ego planar: +x forward, +y left"
d4d2faa310a748dda508d15c6d5c4244,2bc2f750659641b8b3cf010bb070de71,066b5138a1f4447caa7fd50f133b1724,1,True,False,Vehicle,future_incomplete_or_outside_recording,0,2,,,,,,
d4d2faa310a748dda508d15c6d5c4244,2bc2f750659641b8b3cf010bb070de71,08faf8b5a26243f9bdaf31b400716631,2,True,False,Vehicle,future_incomplete_or_outside_recording,7,2,,,,,,
d4d2faa310a748dda508d15c6d5c4244,2bc2f750659641b8b3cf010bb070de71,1f43667151f841e893daa5b49135f31a,3,True,True,Pedestrian,,12,2,249403,8890329742bb82ab2bbc35a6261304ddf1e2f55b2eaa20651f7d51a32f37a159|8ebc8bd5e6f6b57a6efc6ddec588751603df3ef71fc778c9adf1d38d1e130a3f|945be0c29306d56dba27e5ab3bbd2d4adf733118579e04b52d0d220d86f01dc2|bc7830308f90137acc4cec8ba35f70aae3354344aa1ace75921ff147b3f1eea1|fd8d07867d26898baaa98ddeee2d330ee3028a7f8166a9b40c029ae481b9ed5a|54904acb5680b732a4cd2754b2455c2b2f5ea54c3bb5272e66a18450dc62c7b6,0,1.9073486328125e-06,1,"t0 ego planar: +x forward, +y left"
d4d2faa310a748dda508d15c6d5c4244,2bc2f750659641b8b3cf010bb070de71,250d9eb25af943aeac9694907a378169,4,True,True,Pedestrian,,12,2,249404,97b156457e7e288ad18cc76b270280dca8f854fb4e9a78b08755e4766982813a|5485b814917d551dc03d575406045cfed7150690dd3a7798d4801cb7740da1c5|6925d11f72278cfc5b18e649429f1e87cd5fc80756b42ca56061cb6233be8e5c|85df0306cade3d29901e47f8508a050f6cb2fcfdcb8a314dd9f2cf366b1a3140|cf85c420332b2742a8957adf2e6f4992759d769f746fd0fb0c8384c10f2256cb|7ef1dd0949c9647bd6d37c7c1cdf6a0a13cb3c3222cd7445a816af36fff84435,0,3.814697265625e-06,1,"t0 ego planar: +x forward, +y left"
d4d2faa310a748dda508d15c6d5c4244,2bc2f750659641b8b3cf010bb070de71,2fb64f047ff64b9a85c555528de20a62,5,True,True,Pedestrian,,12,2,249405,97f6de35a910cae5268aefdb02d1f4540754ba39a9343e4c759249f143d486c6|a6badc3a7ffd89e6601c3c0e9302e91934812a6200f93077bc7628bc1e58a9db|e5d2eea397fe7d34c928f8878877bfb805fba6275c90ddb172466210cb79cf0c|2195c8d166cdbb728eea4cde97fcd79c57ad0a80cb13ea057b9fb0075472d9b9|c9fdd98fdafd7c0bf751a0beb2f0727166526338d17acde3cce89bd48ecb7ceb|9bd32772f18a54aba998d9d3b280760151d58e15698e729b1be7f0ae9d583ca1,0,1.9073486328125e-06,1,"t0 ego planar: +x forward, +y left"
d4d2faa310a748dda508d15c6d5c4244,2bc2f750659641b8b3cf010bb070de71,33d7dc2bfec6491692667c2944d3d889,6,True,True,Pedestrian,,12,2,249406,f7ff30bda4e767910ede0b00f41fe35b667f9128b042e9727c541928d91bc242|de730aa7a805aec6df9aac9cb9d1f94f10ae5731575d831005681c66eb6f60f8|1dc81d653acd1e6aee3f8bee48d77afed031de6c638ce6576ee94c1fb8f0d6bc|1e2ab05e533ae35eecdc53e916a760d753c777ccd3de8e074290d249bd15ea1e|85e6bcb75a128559e861373e601277f2579807cf432bb60530eecd02d15a8eaa|190f605c08c65b9dba74ee2e8797f9180e77c9a9728d4f5a1e2ef0fb0626618f,0,3.814697265625e-06,1,"t0 ego planar: +x forward, +y left"
d4d2faa310a748dda508d15c6d5c4244,2bc2f750659641b8b3cf010bb070de71,34b1cde7c546464ba15ea6cc08a402f9,7,True,False,Pedestrian,future_incomplete_or_outside_recording,3,2,,,,,,
d4d2faa310a748dda508d15c6d5c4244,2bc2f750659641b8b3cf010bb070de71,36334e4747c74ddbadd0c62bd13f105f,8,True,True,Pedestrian,,12,2,249407,ef3c9abfcb0fe803c7d9affa179ef7086335afa19edffbfbb16f420c2fd25415|45d0a704b98c8788eb8e07d745f3f14e8f72eb40dde5ffd9b39b8d6f796a6796|eaf95cff2b460801677b3d0fc6f2c5c94449fd6221b1cd2306734ff3abd524c2|b29a22d418dd008a45b462e899c6a484788dfec925f55fc49710e60cd0cd005f|50582f3ab3ec6df63b3053d5b841513895df898cfdba9731d5cbfeb5c3e46473|fe10fcab418c0b93fa5d7fa5fcee6ed1563b9110d6c538738574af9b744f8ddd,0,1.9073486328125e-06,1,"t0 ego planar: +x forward, +y left"
d4d2faa310a748dda508d15c6d5c4244,2bc2f750659641b8b3cf010bb070de71,3e8f3bedea134c0b8150a9e4396a1c8d,9,True,True,Pedestrian,,12,2,249408,af9442507977b6283d4d46987d15bc8f169a0d24c84da5afb43f13c42299fd39|0a5715c5a6ce0ef675235d1a4789a9ebfa68234296fb941707104523bdd1a967|a66b7a164679ed176ec4053b6565fac7b9d720f8e068bb2ab1badbe66f876419|062c3d57a32ae2ecf1d236aa5a6ee60a68c2347231e9f5e34753a438f14a66f9|25ce866d6b897a305c9fa86e3c5fb50cbd3ecd6109ce4399a3f5e6be24c13a7e|3d3a0509def082a4e67949b7b4f48b7fc146329f38b582ddf0d930079b00d04f,0,9.5367431640625e-07,1,"t0 ego planar: +x forward, +y left"
d4d2faa310a748dda508d15c6d5c4244,2bc2f750659641b8b3cf010bb070de71,43b0b94319184b88ac105a9d42b8317b,10,True,False,Pedestrian,future_incomplete_or_outside_recording,1,2,,,,,,
d4d2faa310a748dda508d15c6d5c4244,2bc2f750659641b8b3cf010bb070de71,4c4d8c1b2bd3443b98387bf2d038ca68,11,True,True,Pedestrian,,12,2,249409,76d6eb45b93b39ed7739a13914c2b5435de56840bc53353b8228be2a71ce6fc2|ff7ff548a966fc66299ecc42f557be30f0cf8ce9b937605f965663062a6c82f8|889ac8dd92670e9eb8cc923c4cc3dff20e58b182f9619d6bbd087037794c5833|4f7a553edc041670ca07aa0ec74ea225d03f6dbf5d69bff894cfd8f73db22f73|0f0fbfb69fa06372e55cae45d1b1964b08943f2491915ea0bbb9cc92ecd15871|be753c6f442f86f223847a224630d183994e06ad29f394667252f45b44933a12,0,1.9073486328125e-06,1,"t0 ego planar: +x forward, +y left"
d4d2faa310a748dda508d15c6d5c4244,2bc2f750659641b8b3cf010bb070de71,54ebdf861de84948b05dac3ad28ae203,12,True,True,Pedestrian,,12,2,249410,aff12047a90eef8b630ddbcadc443be7c8ae6b69793c73ef364037d4ef5831e8|30fcc0230cefafcef35b38297578d75ae485b8c512c3e9535bd083a1d867e774|615046ed452c6d9695964badc9b0b86c7a0b91ca587fa6dd69f824fedc6c86c8|b63e0fbb630befd2a4d14ebed9e41fd4c31c03617af94785f563449226e5c53e|20e1921768aa9ebdd76ebcff31eddf2850957f411cceaec5b8551d3a856a9c70|2f8c5b85bd63af4084319c580fdbf503a1d4e4bb43218e58d05be73e259c93d0,0,1.9073486328125e-06,5,"t0 ego planar: +x forward, +y left"
d4d2faa310a748dda508d15c6d5c4244,2bc2f750659641b8b3cf010bb070de71,5a4f140c204247a1905214f10b2981dc,13,True,True,Pedestrian,,12,2,249411,7fcae12895b8e4b740e57b9b745e8fa4d36ffb9037ea128209a5fd49befd9175|c55788f9938c74765dd19a8e31e59da92a7e2aecd4be5c21c5d646ae43318cae|51f8ae8f01dd44b224dbb6bc683ac659805c6a996d5854b53a81d27b886fd447|49e17d632d37cd7866a4f0a9e6fd9e4cf9cf1fbabf0bf961c33a02ef3676b677|e4601577f82d62506a762bea1134e32e05167fab9e4d91149417b31dbd62844c|e66bcc9cab5d2e8ec3ef35900b5e2876980bc6b8fc5c19c50120b56569f8ab7e,0,3.814697265625e-06,1,"t0 ego planar: +x forward, +y left"
d4d2faa310a748dda508d15c6d5c4244,2bc2f750659641b8b3cf010bb070de71,5d45a4ce93b94907adb837c1189b5add,14,True,False,Pedestrian,future_incomplete_or_outside_recording,5,2,,,,,,
d4d2faa310a748dda508d15c6d5c4244,2bc2f750659641b8b3cf010bb070de71,654ba83fd2b44a3cbfbef5a0b71d8f42,15,True,True,Pedestrian,,12,2,249412,44f6f95ea0eb62af54d64355af8625fd4539683a949503ce3e95c8bbabbd78a6|2b852883b4613c97245677c32b38f21cb2f22c358cb49a682d45a0f62c5ee7f4|1deff31b5d9ddd7b4de1f172d205d344676ed6f7a92a8de62d761804a46960dd|1d57f3e3422ca1ec539136a6f907daf7a00ff4b1efc3c724f7735a206611510a|1df91f2f50014701e68433fec293c2e92f47dbba98162c6c4edf8f0e19cd3db6|5d7ac13490939dc982c8809cbd800ba5148b3092d0c17b8f98da72406b102ead,0,3.814697265625e-06,1,"t0 ego planar: +x forward, +y left"
d4d2faa310a748dda508d15c6d5c4244,2bc2f750659641b8b3cf010bb070de71,663c0e700d7e451cabd60adec9fbb76f,16,True,True,Pedestrian,,12,2,249413,63f657cf5677d30167c5e6765b419fb1024d34717536958b82264110fbbe16cc|7091c8be24bdb145768941e7d846202903bf01991fbec6561283c9c89d9a8b72|c66e0ce71ac3d7ebb117cca2ff8f57fa9599448451248f1730f4ccc806696717|cab4f4d5c903b60739d336731f635e43a6255766e2ead3f3b1a66622a59b97a4|5cef6b0dc3538728857a4df825f3221b55a00d91bd81c16bc29b5aafb38ac704|d662a2946d32134c1f90acab835078745116222d6805cf9499f3ae1daa720c96,0,3.814697265625e-06,5,"t0 ego planar: +x forward, +y left"
d4d2faa310a748dda508d15c6d5c4244,2bc2f750659641b8b3cf010bb070de71,666c64768e1340f38b5757c2f16eb78e,17,True,True,Pedestrian,,12,2,249414,9d544a589ebaa3a511497957dceb4d31f1d9d40f2ca37b35456431dca5ea5e23|98afd119ee390279730a887bb2b0ba918271dbc5c92a4f276c2938039c16ddd1|bb155ee64ffba76eb2b4bf6f80c10c1aed7a3f566f86138b6b5df1f3e78faf07|d3535f90f5ba4b4e51fb405b2d3cf74a9cf7d79781df6d04c0ddc87c074e7e11|9ce4c2b8738191c6ff4f804ab557a2be1a8747ec8a7a0e43fcac00f2ec5c97c2|9cc1963fc8e9bedaf422a71840b8bcedf3af6168cfc01dbce4f4b399c72f793f,0,1.9073486328125e-06,5,"t0 ego planar: +x forward, +y left"
d4d2faa310a748dda508d15c6d5c4244,2bc2f750659641b8b3cf010bb070de71,69da7bc465784810a6a3a0fd3b229a9c,18,True,True,Vehicle,,12,2,249415,b9678a6b1f80f099517fe07177ed0374e237c757730fb1d3c3715ad387cae2a9|652c01d4bf4d264cbd21a2db9bcd769c57a5f8f40467101ea2a588abb37a7b88|6d8e5cc0b86d8247d5d9eb331222074eef5bee08a786cf6fc22d72a9e1699b94|f39b9742d5c806b336623127a32b31d365e021dbfca2af205d2c638a178439b4|5f9ca6ab4a32a9b3e78b441afa21942fc50d723b603cf1cc461cd465729a0b97|42afc1dec52485dfe13e8c83df5af9378656f2bb11e7be1d8553cbb34b26db35,0,5.7220458984375e-06,5,"t0 ego planar: +x forward, +y left"
d4d2faa310a748dda508d15c6d5c4244,2bc2f750659641b8b3cf010bb070de71,6c363f8555c2499dabcde8fcc91e8bca,19,True,False,Pedestrian,future_incomplete_or_outside_recording,2,2,,,,,,
d4d2faa310a748dda508d15c6d5c4244,2bc2f750659641b8b3cf010bb070de71,77604f9143aa4ad4a9a63795e547dbe0,20,True,True,Pedestrian,,12,2,249416,606a4c8756ad4c50079fa21a51b20e4f69486faa40600bc9412287ffc06e3033|a860cdf4e2b358e67b67336b8a3c1f12acc80e6438c659e103f83276f705a587|349adf31bb5ef15898c2fff3c9b74d9e7993484da8c70c933db78e643687f9f6|cb30c6c5885ee6aefecfcf52cd0f1a47fec7af0b59cb9ed2abf8c81edfd7026a|0cb7e378fd0128161588c9abd0070f4f23f7b4c615b3121fbb3422f27c049fdf|92c6ce2bc2b18c0549eca2267683e797b79eb0d60da3d7a04ed4bcb9a881224c,0,3.814697265625e-06,1,"t0 ego planar: +x forward, +y left"
d4d2faa310a748dda508d15c6d5c4244,2bc2f750659641b8b3cf010bb070de71,7bf95f1f3efd4898b0d017494751dfe5,21,True,False,Pedestrian,future_incomplete_or_outside_recording,3,2,,,,,,
d4d2faa310a748dda508d15c6d5c4244,2bc2f750659641b8b3cf010bb070de71,7cb2c3d7d3bc4cf3a38772e52475afdf,22,True,False,Pedestrian,future_incomplete_or_outside_recording,7,2,,,,,,
d4d2faa310a748dda508d15c6d5c4244,2bc2f750659641b8b3cf010bb070de71,81c2f053644048fa83d388fb2f02bb28,23,True,False,Pedestrian,future_incomplete_or_outside_recording,11,2,,,,,,
d4d2faa310a748dda508d15c6d5c4244,2bc2f750659641b8b3cf010bb070de71,8d57d12f4e9d4f17ac70d723acf114b2,24,True,False,Vehicle,future_incomplete_or_outside_recording,10,2,,,,,,
d4d2faa310a748dda508d15c6d5c4244,2bc2f750659641b8b3cf010bb070de71,90ba7b1ef81c42b5b18a6dff63255675,25,True,False,Pedestrian,future_incomplete_or_outside_recording,3,2,,,,,,
d4d2faa310a748dda508d15c6d5c4244,2bc2f750659641b8b3cf010bb070de71,9361c8ff9cdd4988ac0f89f3c319f805,26,True,True,Pedestrian,,12,2,249417,a82728d2951fbd4e0f0944b2c1f109ec997a0f68d8ae3e878bcf2178dc8c1925|3041bf35250b25b2970650d780eb7d5b8d8543699e060dbc693406d51c1c1604|1c8f9637312a0351f9d6d1d1e8ddaa4a629101995eadacf56edce03d6589bae0|522ca23c48ac3f06a66be7e5c210da62159bde4ac402d94c12cad8765f432cd3|5c11908b9370f74af2b9bc973b6afa212d0cfe08f36e67ae47fb6962902f2f30|a69de6a7a71429eed97a0b572f7d7c22b83ede121d0489438ba22c5ae23339f3,0,1.9073486328125e-06,5,"t0 ego planar: +x forward, +y left"
d4d2faa310a748dda508d15c6d5c4244,2bc2f750659641b8b3cf010bb070de71,9b6a1bb56dcc46d4852d672e463e46d2,27,True,True,Pedestrian,,12,2,249418,5ed64192219e8661f856a571eb8890dfaf471a063a3d7113b1cf7612b623e356|94efc7f445c388814cab4be1ce3f954452ee5176db323608d31c206c45abf2a8|3fd5c18dc97d5ea2393e5d40fd756d1486479ad9967d715b5e7b8bde6fa17ffa|1bc83fc636548329fc17cd81fc513ed70257c91b5de2b856935b85e96f1e0573|976b087477a54bf67265971716b8b7b129d9f8069fefe16cb492827ddc4c93cc|b32d9977c993857c908cd0cc15f082a1c88f68608b924b88198944f1fdb31726,0,3.814697265625e-06,1,"t0 ego planar: +x forward, +y left"
d4d2faa310a748dda508d15c6d5c4244,2bc2f750659641b8b3cf010bb070de71,9e13533963d84402b6becb0fee0051a6,28,True,True,Pedestrian,,12,2,249419,5a044e78eaa7b8629e85f9f26e49f39c3a60ca3ddb983aac53b42fefb0461da4|e859d70f58b8fb084547ef80a53392198aeeaf34911af62b767a0449696a0648|55c011bca5cac5b60a9432b5ab97a33cca9eaa7cbe2b944f76228fe8cf775789|c4279b92be28d5562ed82079400c800926eaa1074119b35ffaa75f8cd2d123e6|4bd8f6c23afb4a3338c05aa81f4967630bcbfe916e5d7d0ed84f8fa351dbbcd4|02a0ac54afb8e7602d2ecd402ee9750de6dea83b1498d254c0b50a4306fbdf3c,0,1.9073486328125e-06,1,"t0 ego planar: +x forward, +y left"
d4d2faa310a748dda508d15c6d5c4244,2bc2f750659641b8b3cf010bb070de71,a1af4377c1784c318241ba73f253eb89,29,True,False,Vehicle,future_incomplete_or_outside_recording,9,2,,,,,,
d4d2faa310a748dda508d15c6d5c4244,2bc2f750659641b8b3cf010bb070de71,acd1a7846ec747e08a2f8cef0716be26,30,True,False,Vehicle,future_incomplete_or_outside_recording,4,2,,,,,,
d4d2faa310a748dda508d15c6d5c4244,2bc2f750659641b8b3cf010bb070de71,cb62a7eddf2a42bbb4d20a135fbeecda,31,True,True,Vehicle,,12,2,249420,ef3b3521a5d2db63ec908f07f2468faa86b2fb1df5a25fea20a3135605a55628|f35567dd51b3f58fc54816ffc87638504a673035e73e14d4ce56041a65cc403f|6bd22d2be713c4130ee1ecae3b28d5dbd8e01845d0f62c6d9477af203cb7e0f2|50740ff0b07b41feaba45cc7ec3c4a144512b97ab774fa18a99fe5267bbe3676|e7d52be47f0d2718ac1073e0dea5605a1a9303f16b9dac8279fe92cc849a1075|306e8521154442b083d4c3196a524e5544dd37c9bcf6a3a125bf4ec087ed6e76,0,7.62939453125e-06,4,"t0 ego planar: +x forward, +y left"
d4d2faa310a748dda508d15c6d5c4244,2bc2f750659641b8b3cf010bb070de71,cb653ba1961943bb9fb3e823d094a31d,32,True,True,Pedestrian,,12,2,249421,1987734158cf23a79edb7698ee0b25df045fd4451e285aaee648601cc192a272|e860250b402618d78c2247e819bc8c77275368d9ed25166425af6aed4753b27b|4c33801ea147f5ca174d0b7c095baa9d1c4f461e73d03a0fdc130c5be799ced4|7e40bffd2b84abfc936cda5a494d713f84d2a221f03638ad84c6dc6694edc90f|a985210c18aca3f6f1fe90c70f0243be5d737bec0f373f9b916392ae4b2d109a|e169aab1bca6cc5417da88e2c9b864ccd4dc54a0c15cd09815f63446a964200a,0,1.430511474609375e-06,4,"t0 ego planar: +x forward, +y left"
d4d2faa310a748dda508d15c6d5c4244,2bc2f750659641b8b3cf010bb070de71,ccfead7f82144368a3d7c81299172f0f,33,True,True,Pedestrian,,12,2,249422,7eb089174a08c55588d2e57c777534f3c63a7bd24fc5b8d2db9221b046646aa4|d4903b6c43c43655d883941b4960a900f7bba8ed2ad53a6be8c882a9217146ea|3602ff6f38d06e388f42781eafbe7dda0506f3b6f311f8f0f998e543b396503d|cbbb4346dbf0253e77c1e344193204d4f96c9e8e93f8f3eebebb40b3e48fe467|786be3825338a3dfaba574716a139414676176f56a146139f4511da5b569a5eb|756444f741f11e542d0828865b95699d1713849873221b4a3cc15db3829a4e7b,0,1.9073486328125e-06,5,"t0 ego planar: +x forward, +y left"
d4d2faa310a748dda508d15c6d5c4244,2bc2f750659641b8b3cf010bb070de71,cda4d9cbd02444308d8be1c714df931c,34,True,False,Vehicle,future_incomplete_or_outside_recording,10,2,,,,,,
d4d2faa310a748dda508d15c6d5c4244,2bc2f750659641b8b3cf010bb070de71,d553d19e96414d30bb2ea6d157c9993f,35,True,False,Pedestrian,future_incomplete_or_outside_recording,9,2,,,,,,
d4d2faa310a748dda508d15c6d5c4244,2bc2f750659641b8b3cf010bb070de71,d56bdac789d649f48186f7d38970dca5,36,True,True,Vehicle,,12,2,249423,957a478991336dcfa9f8f84e790e00d473c214679be28522a2b059a3370df90b|c99e463ec97d281b956d912fbe8dc6082d42ae63effea9c712ceadbc192e7e99|d170878daa2888beebc7bbac5dce1bd696b46c2e32db56b4407547f3fe7bd146|c4b5763feebb7a591050de743341e3135bfc168baac76647320c98cdf3d72893|88761f6c75a501c55eb3efafed6dae19f22c3ec43078be22e83a8480ed472d1d|a0793647b72ceca79e388c9c2121c5344f21553ca58ef1b57775faa437c67b7f,0,7.62939453125e-06,4,"t0 ego planar: +x forward, +y left"
d4d2faa310a748dda508d15c6d5c4244,2bc2f750659641b8b3cf010bb070de71,d80b33d38f16478f8d236208b2ee51ff,37,True,True,Pedestrian,,12,2,249424,16e19b83b13bca95e046d106b1d002c17b3d1e3dfa487a766b6cfa5e9e90eab7|3072fa4004132ef9f072ee428d36c19250256b59383ae3f80a52873669a8c243|cc5ea6bbee209b06c25dd3f4b871b27142561d2d147c9f614bb126a86ed371c6|92878945c7428c381c7d990107847c1e320191d5968cc8acf994f9ac280d3840|2ab3ea15795190d590799afb49e0ab80308dec661dbccc55b7dbc398f0c55610|875fd26778f47db195b5a1a713943e35ca1b3efb2559affb806eb55bf49b9a0a,0,1.9073486328125e-06,1,"t0 ego planar: +x forward, +y left"
d4d2faa310a748dda508d15c6d5c4244,2bc2f750659641b8b3cf010bb070de71,d90fac99fb714b8580aeeb261d826b51,38,True,True,Pedestrian,,12,2,249425,e395fd81e564c7725d34a663ea2bf1ce74bbeb7eb9bc1359769e421fc0f05622|f93edfc6862fd3b2905223133752d59e3a87557e0e1715c1d7dddbdff369b225|195dfc47c97f40eeb32c7d41232cfc5ca2d518789168b26ff667e2afd3e77d3d|9fb90274bbf70402604441b7b47dc3ff998ce9669a0ecc42fdbbffe8ab0d1a87|ced6871781354693db0e9ad0b3356783cb1da6c677dcd75e6e52a907438ee2ba|1cc482d991c144e89fe6f537472b39d3e5e02271c1600d9a6dcf59b9a9f1199f,0,3.814697265625e-06,1,"t0 ego planar: +x forward, +y left"
d4d2faa310a748dda508d15c6d5c4244,2bc2f750659641b8b3cf010bb070de71,d99ab37eaee3454eb2981b34077c0bb5,39,True,True,Pedestrian,,12,2,249426,20a36480af1e0cc526f3ecd5f777e9bc118660721ab1e129e70a626fb8c9c620|67f3ebef972638813294aaa05f5b9372e28dd8266b5578ea4c8fc783f01e7755|f48182924e4460e44a54fbb9803ce4d0213df2d95d5b3eaa1805a7be7ee53415|1732f1e68c6ffc5330519124f6c28d791ec3c65747cc1be5031b6a4f5471b956|10b77ba7fd08a5546d718f961f4b3b248a8f6891438f1d68555502f406118dac|6817918e5d577a17b6810969b906ce2f2298765adfe273ad867f6ae256d23a9d,0,1.9073486328125e-06,5,"t0 ego planar: +x forward, +y left"
d4d2faa310a748dda508d15c6d5c4244,2bc2f750659641b8b3cf010bb070de71,ddcfae93adf54a40918d545a51eecc67,40,True,False,Pedestrian,future_incomplete_or_outside_recording,2,2,,,,,,
d4d2faa310a748dda508d15c6d5c4244,2bc2f750659641b8b3cf010bb070de71,df7b95a47fc1484aa24de140a28815c8,41,True,True,Pedestrian,,12,2,249427,2d8153625aac2cc12da973157265a054678fde9731970c157f06cc8d0338b45c|02813fd0040f53f0ab1a7a026534a90ffac1b2815b5d6ef320b9cdcfcaff5ec9|41947f0f04d9aa3a0c557ab284d522b0ab48e9a129bbc67b5dd807641fb95dc0|7190b2bd826ae421d71c997922ba03b36e1107339b5896874250048977a6718f|4aa02f0c516796759d4f8bba4cae59582743d0f500db392cb93223c963b7d065|485be265cbd3cd2f33b454b338a8b7e663218ffc24d5655671eb03e097404f0b,0,1.9073486328125e-06,5,"t0 ego planar: +x forward, +y left"
d4d2faa310a748dda508d15c6d5c4244,2bc2f750659641b8b3cf010bb070de71,df90ba84fcfc4f9f8268c41215ed7296,42,True,False,Pedestrian,future_incomplete_or_outside_recording,10,2,,,,,,
d4d2faa310a748dda508d15c6d5c4244,2bc2f750659641b8b3cf010bb070de71,e765c9e5933447e299f2553d06395dbf,43,True,False,Pedestrian,future_incomplete_or_outside_recording,9,2,,,,,,
d4d2faa310a748dda508d15c6d5c4244,2bc2f750659641b8b3cf010bb070de71,ee683cfb8d8240d38570244f63de2f63,44,True,False,Pedestrian,future_incomplete_or_outside_recording,1,2,,,,,,
d4d2faa310a748dda508d15c6d5c4244,2bc2f750659641b8b3cf010bb070de71,ef283deaa13842eebb66b9ec022ec492,45,False,False,Pedestrian,insufficient_history,12,2,,,,,,
d4d2faa310a748dda508d15c6d5c4244,2bc2f750659641b8b3cf010bb070de71,ef2ebffc3068489a8be5d19491edf46b,46,True,True,Vehicle,,12,2,249428,ae32f44166886a4c30d52f668190a12c6a74acdf58e4cac4fffd69483d5c9c93|3eafb687fe8d02bc3aa08395aad97d1896f2efc6e9e0883ade1adc4e2be467ea|876a5ddde61f2f1ffda2334c2cfbf0d41b2e61fb6d4948351c2e019648af85a0|525cc29f6c3ca27431b84033604259f589419848055fae34827f4977fae54683|75f0b04e69b895b678986cc26a8ae7d1f04e9cd9c1087f2db502c0d4c19e34fc|e4181263c70333d35b30c1f4ac31f3a056cf0ce9f2a9d5476ff0907db3a7ce1b,0,3.814697265625e-06,5,"t0 ego planar: +x forward, +y left"
d4d2faa310a748dda508d15c6d5c4244,2bc2f750659641b8b3cf010bb070de71,f4298dd99bc74b1d80824dabe5ffa163,47,True,True,Pedestrian,,12,2,249429,a7a6e8a1d488e95a269812b1a91c2c018894935072d70005bf73543e032d8a66|b37fccdecd0da448e3055ea78becf155770233d61a433223cda5ddfab86d8985|b50e8dbbc57e3a253772f8f38a6e905dceb1f0b4570935aa9073d2cae76b3084|d9e033efda161a839bff458d3deff09ec101cd7733ae13714b8ee61f938b5896|debd4c1cbfbdc13e338fb65e3c11e49ca512b925684b9a515361e21cdd3ec676|99f302aeeb2bcaef0198c92c526d53a33f84f60d3169bdae9c07a5cdf9161c8c,0,1.9073486328125e-06,5,"t0 ego planar: +x forward, +y left"
d4d2faa310a748dda508d15c6d5c4244,2bc2f750659641b8b3cf010bb070de71,f8e89aa750254231bc1cdbede6888574,48,True,True,Pedestrian,,12,2,249430,7a5ce806d463695906cf651b6313219dc80b97afb9a4f561ebe621370be78aee|a676e79ee948c6ac6312368ba202f5c9fdd08b03033180707eddcf7b02a4ab75|03fbb007567f830def2ea0fe29e23abff4868c2d572431fd41599d75cf8f3ffe|7c6aaceca3d334549a0be557488db5e6367108b4ee6ef0410170360d81adc6b0|9f4c11f70a6b33bcb173532727387e0392a081c4bc7ee9caeb5e231e6f112a14|c1983cc69286128660814c84bbe8ec0d0322fc69caf7a3a3b21b7b5b36d1442e,0,1.9073486328125e-06,1,"t0 ego planar: +x forward, +y left"
d4d2faa310a748dda508d15c6d5c4244,2bc2f750659641b8b3cf010bb070de71,fb4f1c0933f94b4785c1f6a69495ad5d,49,True,True,Pedestrian,,12,2,249431,d65745a262218d30d58579ce9dfd938795555e63ee78adae8b4738ef3a0c1a56|fe2f349cd3dbf675754642f34a1c84e4064e3dbac7092d1df55e7c68fc402cf5|6aef39fc5d9c504f8a7077dded73516b318cc555680f8ce933af1edd5b475729|43cf36e657581e4b5a71d7a56832b60429694aa209ddf3f63e3ca49220f0b376|76b1188b107e40b4d6d5907c13ef33b581b7c55db10c3ee2fda5c02a112f6581|d9e90cf307f14c2f8f70426fce96b71bfd7a0014d25c89bf778d322737063e74,0,1.9073486328125e-06,5,"t0 ego planar: +x forward, +y left"
d4d2faa310a748dda508d15c6d5c4244,03ecf0807fa6408885538503c159eccc,01cd03d070f2403d882c7ff6fba6900a,0,True,False,Pedestrian,future_incomplete_or_outside_recording,0,2,,,,,,
d4d2faa310a748dda508d15c6d5c4244,03ecf0807fa6408885538503c159eccc,137caca555784e0a92e335af9edd2d9d,1,True,False,Pedestrian,future_incomplete_or_outside_recording,0,2,,,,,,
d4d2faa310a748dda508d15c6d5c4244,03ecf0807fa6408885538503c159eccc,1629205f5a9942a2acf054c20d533b98,2,True,False,Pedestrian,future_incomplete_or_outside_recording,0,2,,,,,,
d4d2faa310a748dda508d15c6d5c4244,03ecf0807fa6408885538503c159eccc,19ee0d9e19754978b82d8349bcd1f770,3,True,False,Pedestrian,future_incomplete_or_outside_recording,0,2,,,,,,
d4d2faa310a748dda508d15c6d5c4244,03ecf0807fa6408885538503c159eccc,1f43667151f841e893daa5b49135f31a,4,True,False,Pedestrian,future_incomplete_or_outside_recording,0,2,,,,,,
d4d2faa310a748dda508d15c6d5c4244,03ecf0807fa6408885538503c159eccc,250d9eb25af943aeac9694907a378169,5,True,False,Pedestrian,future_incomplete_or_outside_recording,0,2,,,,,,
d4d2faa310a748dda508d15c6d5c4244,03ecf0807fa6408885538503c159eccc,2fb64f047ff64b9a85c555528de20a62,6,True,False,Pedestrian,future_incomplete_or_outside_recording,0,2,,,,,,
d4d2faa310a748dda508d15c6d5c4244,03ecf0807fa6408885538503c159eccc,33d7dc2bfec6491692667c2944d3d889,7,True,False,Pedestrian,future_incomplete_or_outside_recording,0,2,,,,,,
d4d2faa310a748dda508d15c6d5c4244,03ecf0807fa6408885538503c159eccc,36334e4747c74ddbadd0c62bd13f105f,8,True,False,Pedestrian,future_incomplete_or_outside_recording,0,2,,,,,,
d4d2faa310a748dda508d15c6d5c4244,03ecf0807fa6408885538503c159eccc,3e8f3bedea134c0b8150a9e4396a1c8d,9,True,False,Pedestrian,future_incomplete_or_outside_recording,0,2,,,,,,
d4d2faa310a748dda508d15c6d5c4244,03ecf0807fa6408885538503c159eccc,46f0d0d56ef34efd8fa309fba84fc14b,10,True,False,Pedestrian,future_incomplete_or_outside_recording,0,2,,,,,,
d4d2faa310a748dda508d15c6d5c4244,03ecf0807fa6408885538503c159eccc,4c4d8c1b2bd3443b98387bf2d038ca68,11,True,False,Pedestrian,future_incomplete_or_outside_recording,0,2,,,,,,
d4d2faa310a748dda508d15c6d5c4244,03ecf0807fa6408885538503c159eccc,4d6664ff6fbe4f009f4fb3f63f833655,12,True,False,Pedestrian,future_incomplete_or_outside_recording,0,2,,,,,,
d4d2faa310a748dda508d15c6d5c4244,03ecf0807fa6408885538503c159eccc,54ebdf861de84948b05dac3ad28ae203,13,True,False,Pedestrian,future_incomplete_or_outside_recording,0,2,,,,,,
d4d2faa310a748dda508d15c6d5c4244,03ecf0807fa6408885538503c159eccc,5a4f140c204247a1905214f10b2981dc,14,True,False,Pedestrian,future_incomplete_or_outside_recording,0,2,,,,,,
d4d2faa310a748dda508d15c6d5c4244,03ecf0807fa6408885538503c159eccc,654ba83fd2b44a3cbfbef5a0b71d8f42,15,True,False,Pedestrian,future_incomplete_or_outside_recording,0,2,,,,,,
d4d2faa310a748dda508d15c6d5c4244,03ecf0807fa6408885538503c159eccc,663c0e700d7e451cabd60adec9fbb76f,16,True,False,Pedestrian,future_incomplete_or_outside_recording,0,2,,,,,,
d4d2faa310a748dda508d15c6d5c4244,03ecf0807fa6408885538503c159eccc,666c64768e1340f38b5757c2f16eb78e,17,True,False,Pedestrian,future_incomplete_or_outside_recording,0,2,,,,,,
d4d2faa310a748dda508d15c6d5c4244,03ecf0807fa6408885538503c159eccc,69da7bc465784810a6a3a0fd3b229a9c,18,True,False,Vehicle,future_incomplete_or_outside_recording,0,2,,,,,,
d4d2faa310a748dda508d15c6d5c4244,03ecf0807fa6408885538503c159eccc,77604f9143aa4ad4a9a63795e547dbe0,19,True,False,Pedestrian,future_incomplete_or_outside_recording,0,2,,,,,,
d4d2faa310a748dda508d15c6d5c4244,03ecf0807fa6408885538503c159eccc,77953dd437e54eb5a50b2f82f6dfbc4f,20,True,False,Pedestrian,future_incomplete_or_outside_recording,0,2,,,,,,
d4d2faa310a748dda508d15c6d5c4244,03ecf0807fa6408885538503c159eccc,9361c8ff9cdd4988ac0f89f3c319f805,21,True,False,Pedestrian,future_incomplete_or_outside_recording,0,2,,,,,,
d4d2faa310a748dda508d15c6d5c4244,03ecf0807fa6408885538503c159eccc,97e9cc88652d41f49f636a1e98a95ff8,22,True,False,Pedestrian,future_incomplete_or_outside_recording,0,2,,,,,,
d4d2faa310a748dda508d15c6d5c4244,03ecf0807fa6408885538503c159eccc,980cd9a42b15442595d976ec10608a3f,23,True,False,Pedestrian,future_incomplete_or_outside_recording,0,2,,,,,,
d4d2faa310a748dda508d15c6d5c4244,03ecf0807fa6408885538503c159eccc,997039ed48f7458d999859dab2468138,24,True,False,Pedestrian,future_incomplete_or_outside_recording,0,2,,,,,,
d4d2faa310a748dda508d15c6d5c4244,03ecf0807fa6408885538503c159eccc,9b6a1bb56dcc46d4852d672e463e46d2,25,True,False,Pedestrian,future_incomplete_or_outside_recording,0,2,,,,,,
d4d2faa310a748dda508d15c6d5c4244,03ecf0807fa6408885538503c159eccc,9e13533963d84402b6becb0fee0051a6,26,True,False,Pedestrian,future_incomplete_or_outside_recording,0,2,,,,,,
d4d2faa310a748dda508d15c6d5c4244,03ecf0807fa6408885538503c159eccc,bbbb98cfab774985902b6efc4f0f73e0,27,True,False,Pedestrian,future_incomplete_or_outside_recording,0,2,,,,,,
d4d2faa310a748dda508d15c6d5c4244,03ecf0807fa6408885538503c159eccc,c5ffa1c4f46e40868d595319e20b4386,28,True,False,Pedestrian,future_incomplete_or_outside_recording,0,2,,,,,,
d4d2faa310a748dda508d15c6d5c4244,03ecf0807fa6408885538503c159eccc,cb62a7eddf2a42bbb4d20a135fbeecda,29,True,False,Vehicle,future_incomplete_or_outside_recording,0,2,,,,,,
d4d2faa310a748dda508d15c6d5c4244,03ecf0807fa6408885538503c159eccc,cb653ba1961943bb9fb3e823d094a31d,30,True,False,Pedestrian,future_incomplete_or_outside_recording,0,2,,,,,,
d4d2faa310a748dda508d15c6d5c4244,03ecf0807fa6408885538503c159eccc,ccfead7f82144368a3d7c81299172f0f,31,True,False,Pedestrian,future_incomplete_or_outside_recording,0,2,,,,,,
d4d2faa310a748dda508d15c6d5c4244,03ecf0807fa6408885538503c159eccc,d54be477965c40e09084687fd90304f0,32,True,False,Pedestrian,future_incomplete_or_outside_recording,0,2,,,,,,
d4d2faa310a748dda508d15c6d5c4244,03ecf0807fa6408885538503c159eccc,d55cd55322284f219d4ce8f89e70466f,33,True,False,Pedestrian,future_incomplete_or_outside_recording,0,2,,,,,,
d4d2faa310a748dda508d15c6d5c4244,03ecf0807fa6408885538503c159eccc,d56bdac789d649f48186f7d38970dca5,34,True,False,Vehicle,future_incomplete_or_outside_recording,0,2,,,,,,
d4d2faa310a748dda508d15c6d5c4244,03ecf0807fa6408885538503c159eccc,d80b33d38f16478f8d236208b2ee51ff,35,True,False,Pedestrian,future_incomplete_or_outside_recording,0,2,,,,,,
d4d2faa310a748dda508d15c6d5c4244,03ecf0807fa6408885538503c159eccc,d90fac99fb714b8580aeeb261d826b51,36,True,False,Pedestrian,future_incomplete_or_outside_recording,0,2,,,,,,
d4d2faa310a748dda508d15c6d5c4244,03ecf0807fa6408885538503c159eccc,d99ab37eaee3454eb2981b34077c0bb5,37,True,False,Pedestrian,future_incomplete_or_outside_recording,0,2,,,,,,
d4d2faa310a748dda508d15c6d5c4244,03ecf0807fa6408885538503c159eccc,df7b95a47fc1484aa24de140a28815c8,38,True,False,Pedestrian,future_incomplete_or_outside_recording,0,2,,,,,,
d4d2faa310a748dda508d15c6d5c4244,03ecf0807fa6408885538503c159eccc,e2617c7a51c948daa98748b74f2227fc,39,True,False,Pedestrian,future_incomplete_or_outside_recording,0,2,,,,,,
d4d2faa310a748dda508d15c6d5c4244,03ecf0807fa6408885538503c159eccc,e9d8112c6b514ea2a50a777a1c167540,40,True,False,Pedestrian,future_incomplete_or_outside_recording,0,2,,,,,,
d4d2faa310a748dda508d15c6d5c4244,03ecf0807fa6408885538503c159eccc,ef283deaa13842eebb66b9ec022ec492,41,True,False,Pedestrian,future_incomplete_or_outside_recording,0,2,,,,,,
d4d2faa310a748dda508d15c6d5c4244,03ecf0807fa6408885538503c159eccc,ef2ebffc3068489a8be5d19491edf46b,42,True,False,Vehicle,future_incomplete_or_outside_recording,0,2,,,,,,
d4d2faa310a748dda508d15c6d5c4244,03ecf0807fa6408885538503c159eccc,f4298dd99bc74b1d80824dabe5ffa163,43,True,False,Pedestrian,future_incomplete_or_outside_recording,0,2,,,,,,
d4d2faa310a748dda508d15c6d5c4244,03ecf0807fa6408885538503c159eccc,f8e89aa750254231bc1cdbede6888574,44,True,False,Pedestrian,future_incomplete_or_outside_recording,0,2,,,,,,
d4d2faa310a748dda508d15c6d5c4244,03ecf0807fa6408885538503c159eccc,fb4f1c0933f94b4785c1f6a69495ad5d,45,True,False,Pedestrian,future_incomplete_or_outside_recording,0,2,,,,,,
d4d2faa310a748dda508d15c6d5c4244,03ecf0807fa6408885538503c159eccc,fe4069fd76f24694b571076687791a2f,46,True,False,Pedestrian,future_incomplete_or_outside_recording,0,2,,,,,,
034256c9639044f98da7562ef3de3646,8fb77511ac164c34a7c2ebe5df5c9ec8,2601be2ee6c145b3bd8ff8839a04b502,0,True,False,Pedestrian,future_incomplete_or_outside_recording,4,3,,,,,,
034256c9639044f98da7562ef3de3646,8fb77511ac164c34a7c2ebe5df5c9ec8,4006e94d2d63420aa3773f0a8a82d8d2,1,True,True,Vehicle,,12,3,100076,767d04baf5ce3d9403576f5456a31153ee45d79b2b19eda5cf6de44d4ca0d2f2|d3c22cd2c003d892e078a849a75fde362e1e913c887a03fa48c4ad40752b9fae|ddf3f666e054ccfc365df72136d48b7e2f05ef2cd8484853958dec97de3f4253|f3e11bc038d527c934f1e9a65eabce8797bb51daa1897f0879a92bc00b2ce79e|f9532fe824e29a6ad88284bc708933873cab0de579b61a5556e46e08dfa2cbfc|52b6436e793c7575e6068c569bbfef3f8855a7243995f9f4662224bb6e360cb6,0,3.814697265625e-06,1,"t0 ego planar: +x forward, +y left"
034256c9639044f98da7562ef3de3646,8fb77511ac164c34a7c2ebe5df5c9ec8,60ecd35b7687452f848ef72d7b235cdc,2,True,False,Pedestrian,future_incomplete_or_outside_recording,0,3,,,,,,
034256c9639044f98da7562ef3de3646,8fb77511ac164c34a7c2ebe5df5c9ec8,75bba15144554f6b97fe55466711e021,3,True,False,Pedestrian,future_incomplete_or_outside_recording,6,3,,,,,,
034256c9639044f98da7562ef3de3646,8fb77511ac164c34a7c2ebe5df5c9ec8,76b654d551004f58b3aff4e83289c47b,4,True,True,Vehicle,,12,3,100077,de14018ea12b9065139c3c552762c795c4456a8b00204222efd082fe66804ee9|9792e1c4d2fdbbf903118247ee5f23ac39773cb60ca5aaac89b6813210005b6e|d453273e49f2571f66f5a47ed9f2ab279d556087b0e4ecd4ea987930b2218079|6f10e77ed86c8a4e3837e2ea6ac28d0fe100339fe0a2ce12d1b97d5c9f23c128|1bd4be8bcdd8a50555f2464bade79cb721fa6b0011b69bd42a16478636d71e84|72c76d03e73c99924770e37c084c3b64beeca390ff4c3b6a5d443dd0b870d3ef,0,7.62939453125e-06,5,"t0 ego planar: +x forward, +y left"
034256c9639044f98da7562ef3de3646,8fb77511ac164c34a7c2ebe5df5c9ec8,7a5372ccc9c84fbe9153dfa99821ae80,5,True,False,Pedestrian,future_incomplete_or_outside_recording,6,3,,,,,,
034256c9639044f98da7562ef3de3646,8fb77511ac164c34a7c2ebe5df5c9ec8,7ba698c0d46a4b6a83ce873cd347275e,6,True,True,Vehicle,,12,3,100078,d0b1f4512b8b39fd3be7fabdd8800c2001200dac6624bb552a0625b1482622cf|3d4a439ffad9e0ce2c5ec9375cc5b5e7ddf793f0d179ac406a7c266c8b3a6118|c1a545b188a30d96a1ace72e97e41a9736fbb3c127c6af8c527a4f7361d159ce|49159d358f01405e0071ee9b75e7259ed446fc7b260df1325312c850298f5ea0|55aa6b20074656af7a14ecd8451b9b7cdbae1cec219ba48f4ee763ac6761b62f|f53ec00d120f26f85cabc0936925001442c3ba542552b0affe5618264fa5c6d6,0,1.9073486328125e-06,5,"t0 ego planar: +x forward, +y left"
034256c9639044f98da7562ef3de3646,8fb77511ac164c34a7c2ebe5df5c9ec8,8b943c3c328140b2893ad8b6085e12d4,7,True,False,Vehicle,future_incomplete_or_outside_recording,2,3,,,,,,
034256c9639044f98da7562ef3de3646,f8dace00a11e4b208138afa60dbeecf3,01bc475f1f8344f1a8c4743ac1d65374,0,True,True,Vehicle,,12,3,100139,7f35767a8fa9b8f4c535a7046328ab8fd7a03d7c079832003b28fab0c2d56c60|4deb83c6200d19c983d14b3f52b1f1350456aea040370498894fa8e910b72545|e8e64ce16abd5412ea3df8fbbdcdb745f3b3862f593697bd1df38962c356557f|0e3197cec00290749dcc65b98090c3d7f496ecd92b79b83d13693253ebabdc4d|16365e55dcf0f40350eeb84f5afa3c780aced924b38be38a0dfc556d42ef448f|e5634b3ad20486c51cabaabbfc522fdbb4529c3e816e25bd8a9d036d609eb6d5,0,3.814697265625e-06,1,"t0 ego planar: +x forward, +y left"
034256c9639044f98da7562ef3de3646,f8dace00a11e4b208138afa60dbeecf3,0596095ad1b448ca9f14a35747158415,1,True,True,Vehicle,,12,3,100140,fb4c2907b37650dcb595e60d7e563eea04e9ccaa908da007fb392af436b3a351|01218a079a9c5257614658c4106272e9d8edd537d87db75757c0300bb3875e57|37175a4b16163de7c3393d9b4dc6888927ab9472784afd8b116b1978e334f831|85094457bc4a6e37b2a0fb10eb90e7e077bb1c46297b20be30d9f42a849e79cc|86d286a3ea3204afd8f54d0e949eace0802f56f4240b28f9aa8b2d9775191919|51fee332d8e1620bfa982ca510e5c951e9f843bf83db2a18ff4dcdbfeace6d5e,0,3.814697265625e-06,1,"t0 ego planar: +x forward, +y left"
034256c9639044f98da7562ef3de3646,f8dace00a11e4b208138afa60dbeecf3,1e51ecb6ef824b79b4943cb97a221fa9,2,True,True,Pedestrian,,12,3,100141,22c85aeb216c65d281b3d437cb8f7e493d45f85d14ecaad4915f1ef413e88c52|7be59851bd61061c283924a0bc51c2e81ea25d2da8681edf729455b8305611a1|8fb283d706a1564e4c6e3aafaa760343a2da01bdaadaa371e28ce83e2b0557c5|dd5b4c5a93e3207fae068864f389a2743d07f82d4f59230391120f8a58ce86f1|9b787b1063148637002a9e3ec3e3b232f1b4448c98f61de8e0ad849184358031|f9ac62a6be5fb416ed44915cfd713277b51e70cae9b3bdacc79f1c1cc3607b1b,0,1.9073486328125e-06,4,"t0 ego planar: +x forward, +y left"
034256c9639044f98da7562ef3de3646,f8dace00a11e4b208138afa60dbeecf3,3380eb1f6cac4a289e527e886c547e9e,3,True,False,Vehicle,future_incomplete_or_outside_recording,11,3,,,,,,
034256c9639044f98da7562ef3de3646,f8dace00a11e4b208138afa60dbeecf3,363d4446999146b4b9781be9607251d4,4,False,False,Pedestrian,insufficient_history,12,3,,,,,,
034256c9639044f98da7562ef3de3646,f8dace00a11e4b208138afa60dbeecf3,4006e94d2d63420aa3773f0a8a82d8d2,5,True,True,Vehicle,,12,3,100142,fb5d0e005181dbd81efa1600f4d88a99b28338d9eb24feeae3e2187c1083a446|cda616b9a0759bec57e32fa156a3969da10798248afda0439af0b2948a86ecce|9e197007571a5768e010db8304cae7860edc36fc9dba2b627ef1c60924b6f6d1|3bc8712be9a820a2fae49154867e7a6afe8a197e2ed464ff2ad33cfdf2a9f8c7|2406bdaa6a2f456bdcbe401d1c355deab46a6f8b4346f5fbf6e4349676b8fb6f|10775d1384c1012c5c937bb5864583456f975c003c61345a061239791a1d494f,0,3.814697265625e-06,5,"t0 ego planar: +x forward, +y left"
034256c9639044f98da7562ef3de3646,f8dace00a11e4b208138afa60dbeecf3,469ff3527d574b26a5e5db5625ffa48f,6,True,True,Pedestrian,,12,3,100143,67498434b9e83425191335b322c1b5c86a1718c5c7eebb44aca6e92cd87994c1|0d3f971e34ef357bc2d4feeddeec864a84d17ca1df18bc71c12beb07a7190d3f|42e2f3bc50f0cc0a8025c0138a8cb0839d1e9d0d6d71cc320923626243526f68|c566ac2c30c80d5bee618519ea437be609af06ebc18d2447a83a690f4b4055b9|2780af2d3ecf3717ea54c9dafd9fa6c125a315a17348b5ed6968e91d3bca5c75|686fa0604308d27f6335d2dc06ecec85c2451a6c9614bd5692955185f9ca5cb0,0,1.9073486328125e-06,4,"t0 ego planar: +x forward, +y left"
034256c9639044f98da7562ef3de3646,f8dace00a11e4b208138afa60dbeecf3,5e899072589549e38b9a5c1bf19d5d22,7,True,False,Vehicle,future_incomplete_or_outside_recording,11,3,,,,,,
034256c9639044f98da7562ef3de3646,f8dace00a11e4b208138afa60dbeecf3,60fc35c087e84dfe827cbc5cbda75884,8,True,False,Pedestrian,future_incomplete_or_outside_recording,4,3,,,,,,
034256c9639044f98da7562ef3de3646,f8dace00a11e4b208138afa60dbeecf3,76b654d551004f58b3aff4e83289c47b,9,True,True,Vehicle,,12,3,100144,87fffd33426da122119cd211aaa58dfb479623c784439a14840dd2c0dd78d0ab|9aa3d31004e928602c2facc35e3e865a3911bfa5dee985e08871f631b8ad96f9|3c27432ee877ca394acd7277f06e1f558cb2f25256aacf60e49751af836e2c0d|801bcb8d2908294e05cac1545f48c755072ffc280cfc47f2e5262275ecbb7d4f|b7840c93e5eebbfc8fc14b6d02d8c6e71c0f8e0bfabeb425d12aa47171e0fca9|a356b0e7ec489f4a1454393a9b70520ed9b14b6447f64f52a54e39e29a73f675,0,3.814697265625e-06,4,"t0 ego planar: +x forward, +y left"
034256c9639044f98da7562ef3de3646,f8dace00a11e4b208138afa60dbeecf3,7ba698c0d46a4b6a83ce873cd347275e,10,True,True,Vehicle,,12,3,100145,b13afe1a4bba5f5e38bed56d2314faebafade0bfc30e07115d1190f6efdc2cee|5c6308e25e9bebd1de685e6f4c7f086fdacc792153fa3174f9e212f18de1cc3e|39af21c3bd752b912dc83ed93f92607562ef9f2e2aa079e6209000f6fe1955d0|fe3cd5fc1e9977a3018c7d1dcc67e50f2ad3b0294f8786c736a3ad01fd7d2ebb|89c77bb6c23c64aea4761b31bc792f361b3aa5fa91ed12c544ac912216cdb79b|2e9d0d0ada5e44aa16a5a014cd03962b81dc5b47ad19803cb784a6bc3efc41ef,0,3.814697265625e-06,1,"t0 ego planar: +x forward, +y left"
034256c9639044f98da7562ef3de3646,f8dace00a11e4b208138afa60dbeecf3,9d5b6b7a4eb84dc480bee9c2c97523db,11,True,True,Pedestrian,,12,3,100146,6800edcd58c09f259c1df268f71c6f3f0062f3a9e8dacecc48ff2d5cd9990589|ea78d0e3fe80ad576884e3823dad5966774833c634276cc65c46bfc09814a89b|6ea29a5b5d80f016197402c7f78501e4e246123da73b3e65eb03d6fe23d09952|e0113b70eaec520b0d541bb05365df7d91ff469ad4a1987e9bd72600b5e386c5|64779ac6daa5df3fae75d27b9ef8d72c436f03e270daf4312f0c686079aaf701|9f38f60dee6e49ca0eae89a4af9f3b1014385b6d791439b231ed6b499b9b3dc3,0,9.5367431640625e-07,4,"t0 ego planar: +x forward, +y left"
034256c9639044f98da7562ef3de3646,f8dace00a11e4b208138afa60dbeecf3,a514e92e3d6449bd8157e5b6f9130def,12,True,False,Vehicle,future_incomplete_or_outside_recording,10,3,,,,,,
034256c9639044f98da7562ef3de3646,f8dace00a11e4b208138afa60dbeecf3,ac88a4d4e19d4c37962a844b263ea506,13,True,True,Vehicle,,12,3,100147,cf8a5f5b97a279963d42475bba90e34b12fdd376b27f90f68d701464f52dfdc0|4c4161de84dd076670b53bd5d792c26863405a0f9c157ad87dd570d9b7fb23c1|791ff2ce1516a614caf3ef66e5850cd73ee0dd06a5ff9fad27f57192c918b4e5|e63b9678aa9fc768dc0b4bc3b8e1a4604f4c3388225a2bae6472e80cdeb53d72|aaeae3dc130a582d8d98db12ea3d5728add4c37ecbbc6666190a97cb948d7c11|b7192bf7f36b77ee5dffcadc8cc34d08f68171a3c086fd7b7d5e71b573ae8870,0,3.814697265625e-06,1,"t0 ego planar: +x forward, +y left"
034256c9639044f98da7562ef3de3646,f8dace00a11e4b208138afa60dbeecf3,b5be1d61a15c4fa99611cbc85b7bd1a3,14,True,True,Vehicle,,12,3,100148,4c88e15db2325e51cc537d0dfbf583d10541a6d3f1d8ec6471b5877daa75d46a|c19bb43d435226dc316c8e493ff9555a0e6d5e0c8057461b5ec8cbf30bd2d347|697d4b986737297ed98c5b685d5f9042e60dba780d724b2564a8a03069abf0f4|3d9c285ac9c5188a589cf2a25f5d8a9aefbb5bf7ab87f1acbf04b4a15737c752|e58e3ceecda1286ef9f07094cd2fe83430f4a0096a45339eb5f894552a674bf9|b340aec2eab4c3a7a17e88999692ad239d1256139453e9dbffab5689c5bc1d53,0,3.814697265625e-06,5,"t0 ego planar: +x forward, +y left"
034256c9639044f98da7562ef3de3646,f8dace00a11e4b208138afa60dbeecf3,d6ace686b3c8469abdcf101b73e9c2f8,15,True,False,Vehicle,future_incomplete_or_outside_recording,4,3,,,,,,
034256c9639044f98da7562ef3de3646,c60c7016344d442a98443646dbe36d22,01bc475f1f8344f1a8c4743ac1d65374,0,True,False,Vehicle,future_incomplete_or_outside_recording,1,3,,,,,,
034256c9639044f98da7562ef3de3646,c60c7016344d442a98443646dbe36d22,0596095ad1b448ca9f14a35747158415,1,True,False,Vehicle,future_incomplete_or_outside_recording,1,3,,,,,,
034256c9639044f98da7562ef3de3646,c60c7016344d442a98443646dbe36d22,12ddd17604424897a786f48a1fbb5b4d,2,True,False,Vehicle,future_incomplete_or_outside_recording,0,3,,,,,,
034256c9639044f98da7562ef3de3646,c60c7016344d442a98443646dbe36d22,1e51ecb6ef824b79b4943cb97a221fa9,3,True,False,Pedestrian,future_incomplete_or_outside_recording,7,3,,,,,,
034256c9639044f98da7562ef3de3646,c60c7016344d442a98443646dbe36d22,1f4d08e60c4b45de94b99481bfc1de9d,4,True,False,Vehicle,future_incomplete_or_outside_recording,8,3,,,,,,
034256c9639044f98da7562ef3de3646,c60c7016344d442a98443646dbe36d22,363d4446999146b4b9781be9607251d4,5,True,False,Pedestrian,future_incomplete_or_outside_recording,1,3,,,,,,
034256c9639044f98da7562ef3de3646,c60c7016344d442a98443646dbe36d22,4006e94d2d63420aa3773f0a8a82d8d2,6,True,False,Vehicle,future_incomplete_or_outside_recording,3,3,,,,,,
034256c9639044f98da7562ef3de3646,c60c7016344d442a98443646dbe36d22,469ff3527d574b26a5e5db5625ffa48f,7,True,False,Pedestrian,future_incomplete_or_outside_recording,0,3,,,,,,
034256c9639044f98da7562ef3de3646,c60c7016344d442a98443646dbe36d22,4dceeace8c4644178daf5e5ddc9e6be7,8,True,False,Vehicle,future_incomplete_or_outside_recording,7,3,,,,,,
034256c9639044f98da7562ef3de3646,c60c7016344d442a98443646dbe36d22,4f404a378d2441aba9607c14198bd07c,9,False,False,Vehicle,insufficient_history,10,3,,,,,,
034256c9639044f98da7562ef3de3646,c60c7016344d442a98443646dbe36d22,6fa26730123f446ea75094017046e7d6,10,True,True,Pedestrian,,12,3,100194,dbc8d46dcda92682be87ef7e88ca2056fd6568c632b8ef976fd74c3ff17a4197|2fbbdc2318043a1dd58960f7b47ffd7cac30a2e0afd18afe91d2d3ad47b35f54|214312ef123f951750436733ba470bfd1b4c8d03982f4bf3b66db869320fb278|6a4e5ca799a18ba7af857606ae20244dcebb13717a028e79b072944f0a8648be|7ed23556823ac0c4cbd2e83662a0e366540b4241c4f342e7452432638e0d86bb|f3b51cc6ecf270997bdfca47adf070ed2ec6720c3924d87a542bd3be9b696cf9,0,3.814697265625e-06,5,"t0 ego planar: +x forward, +y left"
034256c9639044f98da7562ef3de3646,c60c7016344d442a98443646dbe36d22,76b654d551004f58b3aff4e83289c47b,11,True,True,Vehicle,,12,3,100195,adcbce77de7b9b9d2305744934a9f78bcf22451590c29c204e3013c1da143d16|1ec544a7ea8bf469cc01ca4e1d972f1455d4c858b746bf77411333b484445414|de2974686db5721794859a7f7a56c37c872718555fdd81a06cb4bfd0c6d89b6e|b5a7048fc74647ce7452e0b2ddcdc0ccfde66d184521234f26162740c6413b2f|af73c71bad28a4ad71fbb4ca27005497b31a9205b0689200aa2563a6d56e0495|5e6f9a46ee66b88d24f19486d2a0e782c28f681628651f6e69c65d8d289fd027,0,2.288818359375e-05,5,"t0 ego planar: +x forward, +y left"
034256c9639044f98da7562ef3de3646,c60c7016344d442a98443646dbe36d22,7ba698c0d46a4b6a83ce873cd347275e,12,True,False,Vehicle,future_incomplete_or_outside_recording,2,3,,,,,,
034256c9639044f98da7562ef3de3646,c60c7016344d442a98443646dbe36d22,87df86d043e243f18548584e08e9deac,13,False,False,Vehicle,insufficient_history,7,3,,,,,,
034256c9639044f98da7562ef3de3646,c60c7016344d442a98443646dbe36d22,9d5b6b7a4eb84dc480bee9c2c97523db,14,True,False,Pedestrian,future_incomplete_or_outside_recording,2,3,,,,,,
034256c9639044f98da7562ef3de3646,c60c7016344d442a98443646dbe36d22,ac88a4d4e19d4c37962a844b263ea506,15,True,False,Vehicle,future_incomplete_or_outside_recording,9,3,,,,,,
034256c9639044f98da7562ef3de3646,c60c7016344d442a98443646dbe36d22,b5be1d61a15c4fa99611cbc85b7bd1a3,16,True,False,Vehicle,future_incomplete_or_outside_recording,2,3,,,,,,
034256c9639044f98da7562ef3de3646,c60c7016344d442a98443646dbe36d22,d53acaf8f08e46daa3f583d7827fac25,17,False,False,Vehicle,insufficient_history,10,3,,,,,,
034256c9639044f98da7562ef3de3646,c60c7016344d442a98443646dbe36d22,de31cfc1d9b647b29c03c114f8446464,18,False,False,Pedestrian,insufficient_history,12,3,,,,,,
034256c9639044f98da7562ef3de3646,c60c7016344d442a98443646dbe36d22,e40e733abe0a4c72bdd39a08a85c91fb,19,True,True,Pedestrian,,12,3,100196,09b53119859b573dcb6846b692afc662cbee2d710d780015506644485f8f585a|0d3ec50be757f845c3ee3c9dab6868085554a59c6d88539b6caa5f962ca2b276|cfe56aaad3ca9235602e1cfd23bb062f390a00c6f7640d6cb4edfaaa2afa42b9|5dbb044fad8d084e42f78277acc954eaff50ff0c70d402a8e7c8b897f47fc498|7591cf5637f12acff6381763f64195597673c166c1e6aa4c900b9a737d3c5e5e|92bd4c9de70115c55c5ef11ec5f2be51439c860fe7a48dd10f6beed99de3ce3a,0,3.814697265625e-06,5,"t0 ego planar: +x forward, +y left"
034256c9639044f98da7562ef3de3646,c70116887e92411eb279ac2983f9ef28,35a5de9684f544489f37ee045e8c68fe,0,True,False,Vehicle,future_incomplete_or_outside_recording,0,3,,,,,,
034256c9639044f98da7562ef3de3646,c70116887e92411eb279ac2983f9ef28,3edf4e04c387402eb9a500ad6df9c6af,1,True,False,Vehicle,future_incomplete_or_outside_recording,0,3,,,,,,
034256c9639044f98da7562ef3de3646,c70116887e92411eb279ac2983f9ef28,4dd4ad1e2e7948f0913baf5cce698d0b,2,True,False,Vehicle,future_incomplete_or_outside_recording,0,3,,,,,,
034256c9639044f98da7562ef3de3646,c70116887e92411eb279ac2983f9ef28,553f7fc67ad4408fa143ccd5b479e958,3,True,False,Pedestrian,future_incomplete_or_outside_recording,0,3,,,,,,
034256c9639044f98da7562ef3de3646,c70116887e92411eb279ac2983f9ef28,5748e458d2d042538a2ca6571ac985e2,4,True,False,Pedestrian,future_incomplete_or_outside_recording,0,3,,,,,,
034256c9639044f98da7562ef3de3646,c70116887e92411eb279ac2983f9ef28,591932939a7045738c9c29cd8b8815d6,5,True,False,Pedestrian,future_incomplete_or_outside_recording,0,3,,,,,,
034256c9639044f98da7562ef3de3646,c70116887e92411eb279ac2983f9ef28,5ead045f72e9466aa1f35ea6879d70e6,6,True,False,Vehicle,future_incomplete_or_outside_recording,0,3,,,,,,
034256c9639044f98da7562ef3de3646,c70116887e92411eb279ac2983f9ef28,5fef0ebbe5ce400c8f6c1bc15caf383b,7,True,False,Vehicle,future_incomplete_or_outside_recording,0,3,,,,,,
034256c9639044f98da7562ef3de3646,c70116887e92411eb279ac2983f9ef28,6192cb8646134cb580fbe56bed914bfe,8,True,False,Vehicle,future_incomplete_or_outside_recording,0,3,,,,,,
034256c9639044f98da7562ef3de3646,c70116887e92411eb279ac2983f9ef28,6b3184bcda1348bb844b30444a4d9601,9,True,False,Pedestrian,future_incomplete_or_outside_recording,0,3,,,,,,
034256c9639044f98da7562ef3de3646,c70116887e92411eb279ac2983f9ef28,6fa26730123f446ea75094017046e7d6,10,True,False,Pedestrian,future_incomplete_or_outside_recording,0,3,,,,,,
034256c9639044f98da7562ef3de3646,c70116887e92411eb279ac2983f9ef28,76b654d551004f58b3aff4e83289c47b,11,True,False,Vehicle,future_incomplete_or_outside_recording,0,3,,,,,,
034256c9639044f98da7562ef3de3646,c70116887e92411eb279ac2983f9ef28,82e27b8f5827451fa9f2f53888db5e8a,12,True,False,Vehicle,future_incomplete_or_outside_recording,0,3,,,,,,
034256c9639044f98da7562ef3de3646,c70116887e92411eb279ac2983f9ef28,957af6c6259e494aa742df19cc5b9195,13,False,False,Vehicle,insufficient_history,0,3,,,,,,
034256c9639044f98da7562ef3de3646,c70116887e92411eb279ac2983f9ef28,9b2156d9f9924748a5c12769ce5056f3,14,False,False,Pedestrian,insufficient_history,0,3,,,,,,
034256c9639044f98da7562ef3de3646,c70116887e92411eb279ac2983f9ef28,a0579a3f0f1848c88dcc917f2f89cfad,15,True,False,Pedestrian,future_incomplete_or_outside_recording,0,3,,,,,,
034256c9639044f98da7562ef3de3646,c70116887e92411eb279ac2983f9ef28,a9125d6b216c41c1b276cc695dc92662,16,True,False,Vehicle,future_incomplete_or_outside_recording,0,3,,,,,,
034256c9639044f98da7562ef3de3646,c70116887e92411eb279ac2983f9ef28,af52e7b154e94ae1a0f92931d08b47a1,17,True,False,Vehicle,future_incomplete_or_outside_recording,0,3,,,,,,
034256c9639044f98da7562ef3de3646,c70116887e92411eb279ac2983f9ef28,b4f4a404175c49f68961a80606a855b9,18,True,False,Pedestrian,future_incomplete_or_outside_recording,0,3,,,,,,
034256c9639044f98da7562ef3de3646,c70116887e92411eb279ac2983f9ef28,b4fa2e88e298470b9e94b05162eda506,19,True,False,Vehicle,future_incomplete_or_outside_recording,0,3,,,,,,
034256c9639044f98da7562ef3de3646,c70116887e92411eb279ac2983f9ef28,d302949660504cc0a53a980edfed3355,20,True,False,Pedestrian,future_incomplete_or_outside_recording,0,3,,,,,,
034256c9639044f98da7562ef3de3646,c70116887e92411eb279ac2983f9ef28,da2fee826be64c3ebb59f39b1ff71861,21,True,False,Vehicle,future_incomplete_or_outside_recording,0,3,,,,,,
034256c9639044f98da7562ef3de3646,c70116887e92411eb279ac2983f9ef28,de31cfc1d9b647b29c03c114f8446464,22,True,False,Pedestrian,future_incomplete_or_outside_recording,0,3,,,,,,
034256c9639044f98da7562ef3de3646,c70116887e92411eb279ac2983f9ef28,deb30fad038445d197b027395b3efb26,23,True,False,Pedestrian,future_incomplete_or_outside_recording,0,3,,,,,,
034256c9639044f98da7562ef3de3646,c70116887e92411eb279ac2983f9ef28,e40e733abe0a4c72bdd39a08a85c91fb,24,True,False,Pedestrian,future_incomplete_or_outside_recording,0,3,,,,,,
034256c9639044f98da7562ef3de3646,c70116887e92411eb279ac2983f9ef28,e534c0d013c840c08f106484aa07eec5,25,True,False,Vehicle,future_incomplete_or_outside_recording,0,3,,,,,,
034256c9639044f98da7562ef3de3646,c70116887e92411eb279ac2983f9ef28,f232529152c04a10831b6f85e945efbe,26,True,False,Pedestrian,future_incomplete_or_outside_recording,0,3,,,,,,
034256c9639044f98da7562ef3de3646,c70116887e92411eb279ac2983f9ef28,f441bc8009ac4495bbf4f550c0a0cbf4,27,True,False,Pedestrian,future_incomplete_or_outside_recording,0,3,,,,,,
034256c9639044f98da7562ef3de3646,c70116887e92411eb279ac2983f9ef28,f4d08bf69fec4ceaa6f0c2989daabf61,28,True,False,Pedestrian,future_incomplete_or_outside_recording,0,3,,,,,,
