experiment,epoch,learning_rate,gradient_timing,loc_grad_norm,scale_grad_norm,pi_grad_norm,chosen_location_output_grad_mean_abs,chosen_scale_output_grad_mean_abs,pred_max_displacement_m,scale_mean,scale_max,GT_max_displacement_m
moving_only_16,1,0.001,train-mode backward before optimizer step,1.4727556028751099,0.0,0.0,0.024892878446590785,0.0,2.7566030025482178,1.0,1.0,49.5347785949707
moving_only_16,2,0.001,train-mode backward before optimizer step,1.4363037384041752,0.0,0.0,0.024892878446590785,0.0,,,,
moving_only_16,3,0.001,train-mode backward before optimizer step,1.4775153999318467,0.0,0.0,0.024892878446590785,0.0,,,,
moving_only_16,4,0.001,train-mode backward before optimizer step,1.4911949404818095,0.0,0.0,0.01303047518622439,0.0,,,,
moving_only_16,5,0.001,train-mode backward before optimizer step,1.4040542439534518,0.0,0.0,0.024534125857526935,0.0,,,,
moving_only_16,6,0.001,train-mode backward before optimizer step,1.231470731859081,0.0,0.0,0.010373711312435299,0.0,,,,
moving_only_16,7,0.001,train-mode backward before optimizer step,1.385707860451747,0.0,0.0,0.02465033319045593,0.0,,,,
moving_only_16,8,0.001,train-mode backward before optimizer step,1.2760716627466429,0.0,0.0,0.009822973529069646,0.0,,,,
moving_only_16,9,0.001,train-mode backward before optimizer step,1.454389917710782,0.0,0.0,0.01303047518622439,0.0,,,,
moving_only_16,10,0.001,train-mode backward before optimizer step,1.4079894485949935,0.0,0.0,0.024534125857526935,0.0,4.013278484344482,1.0,1.0,49.5347785949707
moving_only_16,11,0.001,train-mode backward before optimizer step,1.4041178516237598,0.0,0.0,0.008433707032343415,0.0,,,,
moving_only_16,12,0.001,train-mode backward before optimizer step,1.434397055888287,0.0,0.0,0.0244858380337258,0.0,,,,
moving_only_16,13,0.001,train-mode backward before optimizer step,1.3684289525045839,0.0,0.0,0.008433707032343415,0.0,,,,
moving_only_16,14,0.001,train-mode backward before optimizer step,1.4154478769475034,0.0,0.0,0.024892878446590785,0.0,,,,
moving_only_16,15,0.001,train-mode backward before optimizer step,1.5083909997189513,0.0,0.0,0.0244858380337258,0.0,,,,
moving_only_16,16,0.001,train-mode backward before optimizer step,1.4612835631443815,0.0,0.0,0.024534125857526935,0.0,,,,
moving_only_16,17,0.001,train-mode backward before optimizer step,1.456322859327866,0.0,0.0,0.02465033319045593,0.0,,,,
moving_only_16,18,0.001,train-mode backward before optimizer step,1.2424200705064052,0.0,0.0,0.010373711312435299,0.0,,,,
moving_only_16,19,0.001,train-mode backward before optimizer step,1.5645027588949274,0.0,0.0,0.0244858380337258,0.0,,,,
moving_only_16,20,0.001,train-mode backward before optimizer step,1.3809750322623777,0.0,0.0,0.009822973529069646,0.0,5.319601535797119,1.0,1.0,49.5347785949707
moving_only_16,21,0.001,train-mode backward before optimizer step,1.478983278115801,0.0,0.0,0.024534125857526935,0.0,,,,
moving_only_16,22,0.001,train-mode backward before optimizer step,1.4556421002307391,0.0,0.0,0.024534125857526935,0.0,,,,
moving_only_16,23,0.001,train-mode backward before optimizer step,1.531443701288993,0.0,0.0,0.0244858380337258,0.0,,,,
moving_only_16,24,0.001,train-mode backward before optimizer step,1.5615592441716588,0.0,0.0,0.013661330675570228,0.0,,,,
moving_only_16,25,0.001,train-mode backward before optimizer step,1.4459696718794102,0.0,0.0,0.008433707032343415,0.0,,,,
moving_only_16,26,0.001,train-mode backward before optimizer step,1.5840100471350564,0.0,0.0,0.02465033319045593,0.0,,,,
moving_only_16,27,0.001,train-mode backward before optimizer step,1.611818529441171,0.0,0.0,0.024534125857526935,0.0,,,,
moving_only_16,28,0.001,train-mode backward before optimizer step,1.5380758927765301,0.0,0.0,0.024534125857526935,0.0,,,,
moving_only_16,29,0.001,train-mode backward before optimizer step,1.638012968732263,0.0,0.0,0.02465033319045593,0.0,,,,
moving_only_16,30,0.001,train-mode backward before optimizer step,1.4276553512805676,0.0,0.0,0.009822973529069646,0.0,6.88165283203125,1.0,1.0,49.5347785949707
moving_only_16,31,0.001,train-mode backward before optimizer step,1.3607815854988736,0.0,0.0,0.010373711312435299,0.0,,,,
moving_only_16,32,0.001,train-mode backward before optimizer step,1.6432955725460203,0.0,0.0,0.01303047518622439,0.0,,,,
moving_only_16,33,0.001,train-mode backward before optimizer step,1.6352897140534421,0.0,0.0,0.024534125857526935,0.0,,,,
moving_only_16,34,0.001,train-mode backward before optimizer step,1.5977435004154803,0.0,0.0,0.024534125857526935,0.0,,,,
moving_only_16,35,0.001,train-mode backward before optimizer step,1.6147328796031775,0.0,0.0,0.008433707032343415,0.0,,,,
moving_only_16,36,0.001,train-mode backward before optimizer step,1.6671706056499351,0.0,0.0,0.02465033319045593,0.0,,,,
moving_only_16,37,0.001,train-mode backward before optimizer step,1.6046542003716067,0.0,0.0,0.024534125857526935,0.0,,,,
moving_only_16,38,0.001,train-mode backward before optimizer step,1.602243187612965,0.0,0.0,0.02465033319045593,0.0,,,,
moving_only_16,39,0.001,train-mode backward before optimizer step,1.565718957705883,0.0,0.0,0.007897556852949688,0.0,,,,
moving_only_16,40,0.001,train-mode backward before optimizer step,1.7011342492186,0.0,0.0,0.02465033319045593,0.0,8.387157440185547,1.0,1.0,49.5347785949707
moving_only_16,41,0.001,train-mode backward before optimizer step,1.6913536572913916,0.0,0.0,0.02465033319045593,0.0,,,,
moving_only_16,42,0.001,train-mode backward before optimizer step,1.6708704875394698,0.0,0.0,0.0244858380337258,0.0,,,,
moving_only_16,43,0.001,train-mode backward before optimizer step,1.6775733175196148,0.0,0.0,0.02465033319045593,0.0,,,,
moving_only_16,44,0.001,train-mode backward before optimizer step,1.758434296963075,0.0,0.0,0.02465033319045593,0.0,,,,
moving_only_16,45,0.001,train-mode backward before optimizer step,1.7221674812775356,0.0,0.0,0.024534125857526935,0.0,,,,
moving_only_16,46,0.001,train-mode backward before optimizer step,1.7009681967627566,0.0,0.0,0.02465033319045593,0.0,,,,
moving_only_16,47,0.001,train-mode backward before optimizer step,1.7572816846162531,0.0,0.0,0.01303047518622439,0.0,,,,
moving_only_16,48,0.001,train-mode backward before optimizer step,1.7673140783094248,0.0,0.0,0.024892878446590785,0.0,,,,
moving_only_16,49,0.001,train-mode backward before optimizer step,1.808244382626329,0.0,0.0,0.0244858380337258,0.0,,,,
moving_only_16,50,0.001,train-mode backward before optimizer step,1.6976586512943628,0.0,0.0,0.024534125857526935,0.0,10.379874229431152,1.0,1.0,49.5347785949707
moving_only_16,51,0.001,train-mode backward before optimizer step,1.6010780393002042,0.0,0.0,0.010373711312435299,0.0,,,,
moving_only_16,52,0.001,train-mode backward before optimizer step,1.7019220756264273,0.0,0.0,0.008433707032343415,0.0,,,,
moving_only_16,53,0.001,train-mode backward before optimizer step,1.8715746862427072,0.0,0.0,0.0244858380337258,0.0,,,,
moving_only_16,54,0.001,train-mode backward before optimizer step,1.7651343825480774,0.0,0.0,0.024892878446590785,0.0,,,,
moving_only_16,55,0.001,train-mode backward before optimizer step,1.7764866300119955,0.0,0.0,0.02465033319045593,0.0,,,,
moving_only_16,56,0.001,train-mode backward before optimizer step,1.8600431969247735,0.0,0.0,0.02465033319045593,0.0,,,,
moving_only_16,57,0.001,train-mode backward before optimizer step,1.8293343449289787,0.0,0.0,0.02465033319045593,0.0,,,,
moving_only_16,58,0.001,train-mode backward before optimizer step,1.8284081542056778,0.0,0.0,0.013661330675570228,0.0,,,,
moving_only_16,59,0.001,train-mode backward before optimizer step,1.775850613015556,0.0,0.0,0.024892878446590785,0.0,,,,
moving_only_16,60,0.001,train-mode backward before optimizer step,1.8550528566372249,0.0,0.0,0.02465033319045593,0.0,12.221136093139648,1.0,1.0,49.5347785949707
moving_only_16,61,0.001,train-mode backward before optimizer step,1.8032674550387946,0.0,0.0,0.024534125857526935,0.0,,,,
moving_only_16,62,0.001,train-mode backward before optimizer step,1.7731688989516055,0.0,0.0,0.0244858380337258,0.0,,,,
moving_only_16,63,0.001,train-mode backward before optimizer step,1.8575958637008096,0.0,0.0,0.024534125857526935,0.0,,,,
moving_only_16,64,0.001,train-mode backward before optimizer step,1.855058414683263,0.0,0.0,0.0244858380337258,0.0,,,,
moving_only_16,65,0.001,train-mode backward before optimizer step,1.9133516066754892,0.0,0.0,0.0244858380337258,0.0,,,,
moving_only_16,66,0.001,train-mode backward before optimizer step,2.007146940819885,0.0,0.0,0.02465033319045593,0.0,,,,
moving_only_16,67,0.001,train-mode backward before optimizer step,1.8949033335150038,0.0,0.0,0.02465033319045593,0.0,,,,
moving_only_16,68,0.001,train-mode backward before optimizer step,1.8846138981494645,0.0,0.0,0.0244858380337258,0.0,,,,
moving_only_16,69,0.001,train-mode backward before optimizer step,1.9294022230911398,0.0,0.0,0.02465033319045593,0.0,,,,
moving_only_16,70,0.001,train-mode backward before optimizer step,1.8574460232683827,0.0,0.0,0.024534125857526935,0.0,14.380590438842773,1.0,1.0,49.5347785949707
moving_only_16,71,0.001,train-mode backward before optimizer step,1.8468112544383835,0.0,0.0,0.01303047518622439,0.0,,,,
moving_only_16,72,0.001,train-mode backward before optimizer step,2.075546653557188,0.0,0.0,0.0244858380337258,0.0,,,,
moving_only_16,73,0.001,train-mode backward before optimizer step,1.8917654410215325,0.0,0.0,0.024534125857526935,0.0,,,,
moving_only_16,74,0.001,train-mode backward before optimizer step,1.9614575804812413,0.0,0.0,0.024534125857526935,0.0,,,,
moving_only_16,75,0.001,train-mode backward before optimizer step,1.8718241202244628,0.0,0.0,0.02465033319045593,0.0,,,,
moving_only_16,76,0.001,train-mode backward before optimizer step,1.907919426515346,0.0,0.0,0.024892878446590785,0.0,,,,
moving_only_16,77,0.001,train-mode backward before optimizer step,1.9170205619933203,0.0,0.0,0.02465033319045593,0.0,,,,
moving_only_16,78,0.001,train-mode backward before optimizer step,1.9543061235047998,0.0,0.0,0.02465033319045593,0.0,,,,
moving_only_16,79,0.001,train-mode backward before optimizer step,2.053235516208011,0.0,0.0,0.024534125857526935,0.0,,,,
moving_only_16,80,0.001,train-mode backward before optimizer step,1.955118866556628,0.0,0.0,0.024534125857526935,0.0,16.480207443237305,1.0,1.0,49.5347785949707
moving_only_16,81,0.001,train-mode backward before optimizer step,2.0692212280141757,0.0,0.0,0.024892878446590785,0.0,,,,
moving_only_16,82,0.001,train-mode backward before optimizer step,2.0401652333525995,0.0,0.0,0.013661330675570228,0.0,,,,
moving_only_16,83,0.001,train-mode backward before optimizer step,1.8488275643951,0.0,0.0,0.009822973529069646,0.0,,,,
moving_only_16,84,0.001,train-mode backward before optimizer step,1.7507329653309158,0.0,0.0,0.010373711312435299,0.0,,,,
moving_only_16,85,0.001,train-mode backward before optimizer step,2.12656331385177,0.0,0.0,0.02465033319045593,0.0,,,,
moving_only_16,86,0.001,train-mode backward before optimizer step,2.0685645234224483,0.0,0.0,0.0244858380337258,0.0,,,,
moving_only_16,87,0.001,train-mode backward before optimizer step,2.1035706553041593,0.0,0.0,0.024534125857526935,0.0,,,,
moving_only_16,88,0.001,train-mode backward before optimizer step,2.1021464050071565,0.0,0.0,0.024534125857526935,0.0,,,,
moving_only_16,89,0.001,train-mode backward before optimizer step,2.0052341608209225,0.0,0.0,0.024892878446590785,0.0,,,,
moving_only_16,90,0.001,train-mode backward before optimizer step,2.0567516748688948,0.0,0.0,0.024534125857526935,0.0,18.31114959716797,1.0,1.0,49.5347785949707
moving_only_16,91,0.001,train-mode backward before optimizer step,2.205105939701332,0.0,0.0,0.024534125857526935,0.0,,,,
moving_only_16,92,0.001,train-mode backward before optimizer step,2.4037411556271078,0.0,0.0,0.024892878446590785,0.0,,,,
moving_only_16,93,0.001,train-mode backward before optimizer step,1.8321337724020128,0.0,0.0,0.008433707032343415,0.0,,,,
moving_only_16,94,0.001,train-mode backward before optimizer step,2.2721938598662903,0.0,0.0,0.02465033319045593,0.0,,,,
moving_only_16,95,0.001,train-mode backward before optimizer step,2.215426423266004,0.0,0.0,0.02465033319045593,0.0,,,,
moving_only_16,96,0.001,train-mode backward before optimizer step,1.9942531277057851,0.0,0.0,0.007897556852949688,0.0,,,,
moving_only_16,97,0.001,train-mode backward before optimizer step,1.9995316054187005,0.0,0.0,0.007897556852949688,0.0,,,,
moving_only_16,98,0.001,train-mode backward before optimizer step,2.20383250018165,0.0,0.0,0.024892878446590785,0.0,,,,
moving_only_16,99,0.001,train-mode backward before optimizer step,2.198982820372576,0.0,0.0,0.02465033319045593,0.0,,,,
moving_only_16,100,0.001,train-mode backward before optimizer step,2.367389189643009,0.0,0.0,0.024892878446590785,0.0,20.57021141052246,1.0,1.0,49.5347785949707
moving_only_16,101,0.001,train-mode backward before optimizer step,2.1687570127448197,0.0,0.0,0.02465033319045593,0.0,,,,
moving_only_16,102,0.001,train-mode backward before optimizer step,2.1364427738203,0.0,0.0,0.024534125857526935,0.0,,,,
moving_only_16,103,0.001,train-mode backward before optimizer step,1.857241259394734,0.0,0.0,0.010373711312435299,0.0,,,,
moving_only_16,104,0.001,train-mode backward before optimizer step,2.181878440171487,0.0,0.0,0.024892878446590785,0.0,,,,
moving_only_16,105,0.001,train-mode backward before optimizer step,2.2373971788922615,0.0,0.0,0.02465033319045593,0.0,,,,
moving_only_16,106,0.001,train-mode backward before optimizer step,2.345198992496743,0.0,0.0,0.02465033319045593,0.0,,,,
moving_only_16,107,0.001,train-mode backward before optimizer step,2.2190808846361594,0.0,0.0,0.02465033319045593,0.0,,,,
moving_only_16,108,0.001,train-mode backward before optimizer step,2.3312765219730855,0.0,0.0,0.02465033319045593,0.0,,,,
moving_only_16,109,0.001,train-mode backward before optimizer step,2.0196950985606805,0.0,0.0,0.009822973529069646,0.0,,,,
moving_only_16,110,0.001,train-mode backward before optimizer step,2.152656829564384,0.0,0.0,0.01303047518622439,0.0,23.058265686035156,1.0,1.0,49.5347785949707
moving_only_16,111,0.001,train-mode backward before optimizer step,2.316055679343704,0.0,0.0,0.024534125857526935,0.0,,,,
moving_only_16,112,0.001,train-mode backward before optimizer step,2.313000233626996,0.0,0.0,0.010373711312435299,0.0,,,,
moving_only_16,113,0.001,train-mode backward before optimizer step,2.0516962169842077,0.0,0.0,0.02465033319045593,0.0,,,,
moving_only_16,114,0.001,train-mode backward before optimizer step,2.359323446705471,0.0,0.0,0.024534125857526935,0.0,,,,
moving_only_16,115,0.001,train-mode backward before optimizer step,2.216350541157357,0.0,0.0,0.01303047518622439,0.0,,,,
moving_only_16,116,0.001,train-mode backward before optimizer step,2.79074453327319,0.0,0.0,0.02465033319045593,0.0,,,,
moving_only_16,117,0.001,train-mode backward before optimizer step,2.3827905034176733,0.0,0.0,0.024534125857526935,0.0,,,,
moving_only_16,118,0.001,train-mode backward before optimizer step,2.1619160496568415,0.0,0.0,0.01303047518622439,0.0,,,,
moving_only_16,119,0.001,train-mode backward before optimizer step,2.011264435565153,0.0,0.0,0.007897556852949688,0.0,,,,
moving_only_16,120,0.001,train-mode backward before optimizer step,2.268166871927184,0.0,0.0,0.024892878446590785,0.0,25.51477813720703,1.0,1.0,49.5347785949707
moving_only_16,121,0.001,train-mode backward before optimizer step,2.3245481820927822,0.0,0.0,0.0244858380337258,0.0,,,,
moving_only_16,122,0.001,train-mode backward before optimizer step,2.2273073272922024,0.0,0.0,0.024892878446590785,0.0,,,,
moving_only_16,123,0.001,train-mode backward before optimizer step,2.272738665064412,0.0,0.0,0.0244858380337258,0.0,,,,
moving_only_16,124,0.001,train-mode backward before optimizer step,2.242333900511198,0.0,0.0,0.02465033319045593,0.0,,,,
moving_only_16,125,0.001,train-mode backward before optimizer step,2.212378009392652,0.0,0.0,0.01303047518622439,0.0,,,,
moving_only_16,126,0.001,train-mode backward before optimizer step,2.2373133950017046,0.0,0.0,0.02465033319045593,0.0,,,,
moving_only_16,127,0.001,train-mode backward before optimizer step,2.139558724734481,0.0,0.0,0.01303047518622439,0.0,,,,
moving_only_16,128,0.001,train-mode backward before optimizer step,2.259330194138799,0.0,0.0,0.0244858380337258,0.0,,,,
moving_only_16,129,0.001,train-mode backward before optimizer step,1.814915072479901,0.0,0.0,0.010373711312435299,0.0,,,,
moving_only_16,130,0.001,train-mode backward before optimizer step,1.9093595644030108,0.0,0.0,0.01303047518622439,0.0,27.793560028076172,1.0,1.0,49.5347785949707
moving_only_16,131,0.001,train-mode backward before optimizer step,2.7994152723816565,0.0,0.0,0.0244858380337258,0.0,,,,
moving_only_16,132,0.001,train-mode backward before optimizer step,2.2545576874266526,0.0,0.0,0.024892878446590785,0.0,,,,
moving_only_16,133,0.001,train-mode backward before optimizer step,2.2535956436163564,0.0,0.0,0.0244858380337258,0.0,,,,
moving_only_16,134,0.001,train-mode backward before optimizer step,1.9548010516105623,0.0,0.0,0.008433707032343415,0.0,,,,
moving_only_16,135,0.001,train-mode backward before optimizer step,2.35531789179372,0.0,0.0,0.01303047518622439,0.0,,,,
moving_only_16,136,0.001,train-mode backward before optimizer step,2.890900187198038,0.0,0.0,0.01303047518622439,0.0,,,,
moving_only_16,137,0.001,train-mode backward before optimizer step,2.3121485682371987,0.0,0.0,0.009822973529069646,0.0,,,,
moving_only_16,138,0.001,train-mode backward before optimizer step,2.508029065100663,0.0,0.0,0.02465033319045593,0.0,,,,
moving_only_16,139,0.001,train-mode backward before optimizer step,2.912800518393469,0.0,0.0,0.02465033319045593,0.0,,,,
moving_only_16,140,0.001,train-mode backward before optimizer step,2.7825410085528546,0.0,0.0,0.02465033319045593,0.0,29.78197479248047,1.0,1.0,49.5347785949707
moving_only_16,141,0.001,train-mode backward before optimizer step,2.5752067985598455,0.0,0.0,0.02465033319045593,0.0,,,,
moving_only_16,142,0.001,train-mode backward before optimizer step,2.2721159750332296,0.0,0.0,0.02465033319045593,0.0,,,,
moving_only_16,143,0.001,train-mode backward before optimizer step,2.2296587019037135,0.0,0.0,0.02465033319045593,0.0,,,,
moving_only_16,144,0.001,train-mode backward before optimizer step,1.8574413995053847,0.0,0.0,0.009822973529069646,0.0,,,,
moving_only_16,145,0.001,train-mode backward before optimizer step,1.578282715431792,0.0,0.0,0.007897556852949688,0.0,,,,
moving_only_16,146,0.001,train-mode backward before optimizer step,1.7431583733239815,0.0,0.0,0.008433707032343415,0.0,,,,
moving_only_16,147,0.001,train-mode backward before optimizer step,1.851028258057663,0.0,0.0,0.010373711312435299,0.0,,,,
moving_only_16,148,0.001,train-mode backward before optimizer step,2.24223415718115,0.0,0.0,0.024534125857526935,0.0,,,,
moving_only_16,149,0.001,train-mode backward before optimizer step,2.101707672824054,0.0,0.0,0.0244858380337258,0.0,,,,
moving_only_16,150,0.001,train-mode backward before optimizer step,2.052877317081988,0.0,0.0,0.024534125857526935,0.0,31.974964141845703,1.0,1.0,49.5347785949707
moving_only_16,151,0.001,train-mode backward before optimizer step,1.7998619730168752,0.0,0.0,0.009822973529069646,0.0,,,,
moving_only_16,152,0.001,train-mode backward before optimizer step,2.441458871328348,0.0,0.0,0.0244858380337258,0.0,,,,
moving_only_16,153,0.001,train-mode backward before optimizer step,2.361746471147102,0.0,0.0,0.0244858380337258,0.0,,,,
moving_only_16,154,0.001,train-mode backward before optimizer step,2.4508696143400144,0.0,0.0,0.024892878446590785,0.0,,,,
moving_only_16,155,0.001,train-mode backward before optimizer step,2.3470342257708317,0.0,0.0,0.02465033319045593,0.0,,,,
moving_only_16,156,0.001,train-mode backward before optimizer step,2.2527034983121825,0.0,0.0,0.008433707032343415,0.0,,,,
moving_only_16,157,0.001,train-mode backward before optimizer step,2.279842857434513,0.0,0.0,0.02465033319045593,0.0,,,,
moving_only_16,158,0.001,train-mode backward before optimizer step,2.6532985825951334,0.0,0.0,0.024534125857526935,0.0,,,,
moving_only_16,159,0.001,train-mode backward before optimizer step,2.283402412378636,0.0,0.0,0.01303047518622439,0.0,,,,
moving_only_16,160,0.001,train-mode backward before optimizer step,2.3370183421217248,0.0,0.0,0.024892878446590785,0.0,33.91630935668945,1.0,1.0,49.5347785949707
moving_only_16,161,0.001,train-mode backward before optimizer step,3.4559214005247787,0.0,0.0,0.024534125857526935,0.0,,,,
moving_only_16,162,0.001,train-mode backward before optimizer step,2.2690197923928133,0.0,0.0,0.0244858380337258,0.0,,,,
moving_only_16,163,0.001,train-mode backward before optimizer step,1.9531906032650803,0.0,0.0,0.007897556852949688,0.0,,,,
moving_only_16,164,0.001,train-mode backward before optimizer step,3.7373517620454635,0.0,0.0,0.02465033319045593,0.0,,,,
moving_only_16,165,0.001,train-mode backward before optimizer step,2.4376559476082047,0.0,0.0,0.0244858380337258,0.0,,,,
moving_only_16,166,0.001,train-mode backward before optimizer step,3.7542309158394422,0.0,0.0,0.024892878446590785,0.0,,,,
moving_only_16,167,0.001,train-mode backward before optimizer step,2.5734820372971345,0.0,0.0,0.010373711312435299,0.0,,,,
moving_only_16,168,0.001,train-mode backward before optimizer step,1.948544731737452,0.0,0.0,0.013661330675570228,0.0,,,,
moving_only_16,169,0.001,train-mode backward before optimizer step,2.005565247690888,0.0,0.0,0.024534125857526935,0.0,,,,
moving_only_16,170,0.001,train-mode backward before optimizer step,2.292499551132851,0.0,0.0,0.0244858380337258,0.0,35.225074768066406,1.0,1.0,49.5347785949707
moving_only_16,171,0.001,train-mode backward before optimizer step,2.886666035270621,0.0,0.0,0.0244858380337258,0.0,,,,
moving_only_16,172,0.001,train-mode backward before optimizer step,2.619633823542643,0.0,0.0,0.024892878446590785,0.0,,,,
moving_only_16,173,0.001,train-mode backward before optimizer step,2.821580558831358,0.0,0.0,0.0244858380337258,0.0,,,,
moving_only_16,174,0.001,train-mode backward before optimizer step,2.8949244264486342,0.0,0.0,0.024892878446590785,0.0,,,,
moving_only_16,175,0.001,train-mode backward before optimizer step,3.258518055785647,0.0,0.0,0.024534125857526935,0.0,,,,
moving_only_16,176,0.001,train-mode backward before optimizer step,2.6126063680267064,0.0,0.0,0.007897556852949688,0.0,,,,
moving_only_16,177,0.001,train-mode backward before optimizer step,2.5901428684406778,0.0,0.0,0.0244858380337258,0.0,,,,
moving_only_16,178,0.001,train-mode backward before optimizer step,1.8324904601944814,0.0,0.0,0.010373711312435299,0.0,,,,
moving_only_16,179,0.001,train-mode backward before optimizer step,1.8695935893143936,0.0,0.0,0.010373711312435299,0.0,,,,
moving_only_16,180,0.001,train-mode backward before optimizer step,2.0082950712665384,0.0,0.0,0.01303047518622439,0.0,36.640289306640625,1.0,1.0,49.5347785949707
moving_only_16,181,0.001,train-mode backward before optimizer step,2.8985835731939726,0.0,0.0,0.02465033319045593,0.0,,,,
moving_only_16,182,0.001,train-mode backward before optimizer step,2.505945154471985,0.0,0.0,0.01303047518622439,0.0,,,,
moving_only_16,183,0.001,train-mode backward before optimizer step,2.513088308319649,0.0,0.0,0.024534125857526935,0.0,,,,
moving_only_16,184,0.001,train-mode backward before optimizer step,1.8563442944893798,0.0,0.0,0.009822973529069646,0.0,,,,
moving_only_16,185,0.001,train-mode backward before optimizer step,1.9527816956155488,0.0,0.0,0.010373711312435299,0.0,,,,
moving_only_16,186,0.001,train-mode backward before optimizer step,2.995604652660719,0.0,0.0,0.0244858380337258,0.0,,,,
moving_only_16,187,0.001,train-mode backward before optimizer step,4.672963812618279,0.0,0.0,0.02465033319045593,0.0,,,,
moving_only_16,188,0.001,train-mode backward before optimizer step,2.395685224085878,0.0,0.0,0.02465033319045593,0.0,,,,
moving_only_16,189,0.001,train-mode backward before optimizer step,2.985056420021031,0.0,0.0,0.0244858380337258,0.0,,,,
moving_only_16,190,0.001,train-mode backward before optimizer step,1.9691067179315147,0.0,0.0,0.013661330675570228,0.0,38.492828369140625,1.0,1.0,49.5347785949707
moving_only_16,191,0.001,train-mode backward before optimizer step,2.7339215637828165,0.0,0.0,0.009822973529069646,0.0,,,,
moving_only_16,192,0.001,train-mode backward before optimizer step,3.3953174430431448,0.0,0.0,0.024892878446590785,0.0,,,,
moving_only_16,193,0.001,train-mode backward before optimizer step,2.45356035587538,0.0,0.0,0.024534125857526935,0.0,,,,
moving_only_16,194,0.001,train-mode backward before optimizer step,3.0851044968071153,0.0,0.0,0.024534125857526935,0.0,,,,
moving_only_16,195,0.001,train-mode backward before optimizer step,2.986269971029617,0.0,0.0,0.024534125857526935,0.0,,,,
moving_only_16,196,0.001,train-mode backward before optimizer step,2.4642034350194826,0.0,0.0,0.02465033319045593,0.0,,,,
moving_only_16,197,0.001,train-mode backward before optimizer step,2.651071247236594,0.0,0.0,0.024892878446590785,0.0,,,,
moving_only_16,198,0.001,train-mode backward before optimizer step,2.730544726101981,0.0,0.0,0.0244858380337258,0.0,,,,
moving_only_16,199,0.001,train-mode backward before optimizer step,2.4010965200979673,0.0,0.0,0.0244858380337258,0.0,,,,
moving_only_16,200,0.001,train-mode backward before optimizer step,2.1535615679448896,0.0,0.0,0.009822973529069646,0.0,40.38058853149414,1.0,1.0,49.5347785949707
moving_only_16,201,0.001,train-mode backward before optimizer step,1.8803780281989275,0.0,0.0,0.01303047518622439,0.0,,,,
moving_only_16,202,0.001,train-mode backward before optimizer step,2.1521663349907074,0.0,0.0,0.013661330675570228,0.0,,,,
moving_only_16,203,0.001,train-mode backward before optimizer step,2.9847976240714305,0.0,0.0,0.0244858380337258,0.0,,,,
moving_only_16,204,0.001,train-mode backward before optimizer step,2.9938234281525986,0.0,0.0,0.02465033319045593,0.0,,,,
moving_only_16,205,0.001,train-mode backward before optimizer step,2.6369032974057367,0.0,0.0,0.0244858380337258,0.0,,,,
moving_only_16,206,0.001,train-mode backward before optimizer step,2.5095047369029078,0.0,0.0,0.007897556852949688,0.0,,,,
moving_only_16,207,0.001,train-mode backward before optimizer step,2.441982610016324,0.0,0.0,0.0244858380337258,0.0,,,,
moving_only_16,208,0.001,train-mode backward before optimizer step,1.916076741435242,0.0,0.0,0.007897556852949688,0.0,,,,
moving_only_16,209,0.001,train-mode backward before optimizer step,3.1228835760986087,0.0,0.0,0.02465033319045593,0.0,,,,
moving_only_16,210,0.001,train-mode backward before optimizer step,1.6263734491487902,0.0,0.0,0.007897556852949688,0.0,42.020263671875,1.0,1.0,49.5347785949707
moving_only_16,211,0.001,train-mode backward before optimizer step,2.6089713715124274,0.0,0.0,0.024534125857526935,0.0,,,,
moving_only_16,212,0.001,train-mode backward before optimizer step,2.7509934362821995,0.0,0.0,0.0244858380337258,0.0,,,,
moving_only_16,213,0.001,train-mode backward before optimizer step,3.6160366097998975,0.0,0.0,0.02465033319045593,0.0,,,,
moving_only_16,214,0.001,train-mode backward before optimizer step,3.3532159984004544,0.0,0.0,0.02465033319045593,0.0,,,,
moving_only_16,215,0.001,train-mode backward before optimizer step,2.756953301987673,0.0,0.0,0.02465033319045593,0.0,,,,
moving_only_16,216,0.001,train-mode backward before optimizer step,2.265084189031878,0.0,0.0,0.008433707032343415,0.0,,,,
moving_only_16,217,0.001,train-mode backward before optimizer step,2.7110822000316874,0.0,0.0,0.024534125857526935,0.0,,,,
moving_only_16,218,0.001,train-mode backward before optimizer step,3.1476238084017916,0.0,0.0,0.024892878446590785,0.0,,,,
moving_only_16,219,0.001,train-mode backward before optimizer step,3.5494125033097097,0.0,0.0,0.01303047518622439,0.0,,,,
moving_only_16,220,0.001,train-mode backward before optimizer step,2.6920451590506493,0.0,0.0,0.009822973529069646,0.0,43.249534606933594,1.0,1.0,49.5347785949707
moving_only_16,221,0.001,train-mode backward before optimizer step,2.6107811100031517,0.0,0.0,0.024534125857526935,0.0,,,,
moving_only_16,222,0.001,train-mode backward before optimizer step,3.0299947343967872,0.0,0.0,0.024534125857526935,0.0,,,,
moving_only_16,223,0.001,train-mode backward before optimizer step,3.4062852768125285,0.0,0.0,0.0244858380337258,0.0,,,,
moving_only_16,224,0.001,train-mode backward before optimizer step,2.656522760374174,0.0,0.0,0.009822973529069646,0.0,,,,
moving_only_16,225,0.001,train-mode backward before optimizer step,2.8799980687546896,0.0,0.0,0.02465033319045593,0.0,,,,
moving_only_16,226,0.001,train-mode backward before optimizer step,2.9156812576415803,0.0,0.0,0.02465033319045593,0.0,,,,
moving_only_16,227,0.001,train-mode backward before optimizer step,2.6423803574122484,0.0,0.0,0.009822973529069646,0.0,,,,
moving_only_16,228,0.001,train-mode backward before optimizer step,3.581116923992344,0.0,0.0,0.02465033319045593,0.0,,,,
moving_only_16,229,0.001,train-mode backward before optimizer step,2.2550299825989786,0.0,0.0,0.01303047518622439,0.0,,,,
moving_only_16,230,0.001,train-mode backward before optimizer step,2.4172769322383387,0.0,0.0,0.013661330675570228,0.0,44.80166244506836,1.0,1.0,49.5347785949707
moving_only_16,231,0.001,train-mode backward before optimizer step,2.737612705759558,0.0,0.0,0.013661330675570228,0.0,,,,
moving_only_16,232,0.001,train-mode backward before optimizer step,3.1072721872782365,0.0,0.0,0.024892878446590785,0.0,,,,
moving_only_16,233,0.001,train-mode backward before optimizer step,4.207456063610728,0.0,0.0,0.024892878446590785,0.0,,,,
moving_only_16,234,0.001,train-mode backward before optimizer step,2.9612756346395903,0.0,0.0,0.0244858380337258,0.0,,,,
moving_only_16,235,0.001,train-mode backward before optimizer step,2.6879074902637647,0.0,0.0,0.02465033319045593,0.0,,,,
moving_only_16,236,0.001,train-mode backward before optimizer step,3.6242924745594065,0.0,0.0,0.0244858380337258,0.0,,,,
moving_only_16,237,0.001,train-mode backward before optimizer step,2.5877243716252543,0.0,0.0,0.010373711312435299,0.0,,,,
moving_only_16,238,0.001,train-mode backward before optimizer step,3.185697144538969,0.0,0.0,0.0244858380337258,0.0,,,,
moving_only_16,239,0.001,train-mode backward before optimizer step,3.24947216434395,0.0,0.0,0.02465033319045593,0.0,,,,
moving_only_16,240,0.001,train-mode backward before optimizer step,3.8443301073859697,0.0,0.0,0.02465033319045593,0.0,45.83360290527344,1.0,1.0,49.5347785949707
moving_only_16,241,0.001,train-mode backward before optimizer step,3.066019284825819,0.0,0.0,0.024534125857526935,0.0,,,,
moving_only_16,242,0.001,train-mode backward before optimizer step,3.1070049733197163,0.0,0.0,0.013661330675570228,0.0,,,,
moving_only_16,243,0.001,train-mode backward before optimizer step,4.416964742764526,0.0,0.0,0.02465033319045593,0.0,,,,
moving_only_16,244,0.001,train-mode backward before optimizer step,4.793237311427631,0.0,0.0,0.02465033319045593,0.0,,,,
moving_only_16,245,0.001,train-mode backward before optimizer step,2.8281874573189807,0.0,0.0,0.02465033319045593,0.0,,,,
moving_only_16,246,0.001,train-mode backward before optimizer step,3.7918163325231586,0.0,0.0,0.0244858380337258,0.0,,,,
moving_only_16,247,0.001,train-mode backward before optimizer step,3.178968605435831,0.0,0.0,0.024892878446590785,0.0,,,,
moving_only_16,248,0.001,train-mode backward before optimizer step,2.659827564076708,0.0,0.0,0.007897556852949688,0.0,,,,
moving_only_16,249,0.001,train-mode backward before optimizer step,2.772072246294782,0.0,0.0,0.024534125857526935,0.0,,,,
moving_only_16,250,0.001,train-mode backward before optimizer step,2.817105772098732,0.0,0.0,0.0244858380337258,0.0,46.12107467651367,1.0,1.0,49.5347785949707
moving_only_16,251,0.001,train-mode backward before optimizer step,2.4489427854774677,0.0,0.0,0.007897556852949688,0.0,,,,
moving_only_16,252,0.001,train-mode backward before optimizer step,2.1160081173959435,0.0,0.0,0.01303047518622439,0.0,,,,
moving_only_16,253,0.001,train-mode backward before optimizer step,2.556108337084422,0.0,0.0,0.01303047518622439,0.0,,,,
moving_only_16,254,0.001,train-mode backward before optimizer step,3.3524579734753344,0.0,0.0,0.024534125857526935,0.0,,,,
moving_only_16,255,0.001,train-mode backward before optimizer step,2.223792681809873,0.0,0.0,0.009822973529069646,0.0,,,,
moving_only_16,256,0.001,train-mode backward before optimizer step,2.98526140927763,0.0,0.0,0.024892878446590785,0.0,,,,
moving_only_16,257,0.001,train-mode backward before optimizer step,3.504705795436989,0.0,0.0,0.02465033319045593,0.0,,,,
moving_only_16,258,0.001,train-mode backward before optimizer step,3.1326623103124414,0.0,0.0,0.024534125857526935,0.0,,,,
moving_only_16,259,0.001,train-mode backward before optimizer step,2.5678446621586426,0.0,0.0,0.02465033319045593,0.0,,,,
moving_only_16,260,0.001,train-mode backward before optimizer step,2.4596688381291676,0.0,0.0,0.02465033319045593,0.0,46.92974853515625,1.0,1.0,49.5347785949707
moving_only_16,261,0.001,train-mode backward before optimizer step,3.0564455706916176,0.0,0.0,0.024534125857526935,0.0,,,,
moving_only_16,262,0.001,train-mode backward before optimizer step,2.7771172983981134,0.0,0.0,0.024892878446590785,0.0,,,,
moving_only_16,263,0.001,train-mode backward before optimizer step,2.504031475289352,0.0,0.0,0.008433707032343415,0.0,,,,
moving_only_16,264,0.001,train-mode backward before optimizer step,2.368079717721837,0.0,0.0,0.010373711312435299,0.0,,,,
moving_only_16,265,0.001,train-mode backward before optimizer step,3.162312794761214,0.0,0.0,0.0244858380337258,0.0,,,,
moving_only_16,266,0.001,train-mode backward before optimizer step,2.9479063009623254,0.0,0.0,0.007897556852949688,0.0,,,,
moving_only_16,267,0.001,train-mode backward before optimizer step,2.857150017528228,0.0,0.0,0.024534125857526935,0.0,,,,
moving_only_16,268,0.001,train-mode backward before optimizer step,2.582006071473615,0.0,0.0,0.010373711312435299,0.0,,,,
moving_only_16,269,0.001,train-mode backward before optimizer step,4.200202507325394,0.0,0.0,0.024892878446590785,0.0,,,,
moving_only_16,270,0.001,train-mode backward before optimizer step,3.7057639993058693,0.0,0.0,0.024892878446590785,0.0,47.88252258300781,1.0,1.0,49.5347785949707
moving_only_16,271,0.001,train-mode backward before optimizer step,2.343997929577922,0.0,0.0,0.008433707032343415,0.0,,,,
moving_only_16,272,0.001,train-mode backward before optimizer step,3.810920341419859,0.0,0.0,0.024892878446590785,0.0,,,,
moving_only_16,273,0.001,train-mode backward before optimizer step,3.217068693036533,0.0,0.0,0.024892878446590785,0.0,,,,
moving_only_16,274,0.001,train-mode backward before optimizer step,2.51439461713756,0.0,0.0,0.007897556852949688,0.0,,,,
moving_only_16,275,0.001,train-mode backward before optimizer step,2.735124274284343,0.0,0.0,0.024892878446590785,0.0,,,,
moving_only_16,276,0.001,train-mode backward before optimizer step,2.241774946496092,0.0,0.0,0.008433707032343415,0.0,,,,
moving_only_16,277,0.001,train-mode backward before optimizer step,2.972767050832365,0.0,0.0,0.024892878446590785,0.0,,,,
moving_only_16,278,0.001,train-mode backward before optimizer step,2.420472790517368,0.0,0.0,0.008433707032343415,0.0,,,,
moving_only_16,279,0.001,train-mode backward before optimizer step,2.824189907737945,0.0,0.0,0.0244858380337258,0.0,,,,
moving_only_16,280,0.001,train-mode backward before optimizer step,3.4901953653058984,0.0,0.0,0.0244858380337258,0.0,48.5836067199707,1.0,1.0,49.5347785949707
moving_only_16,281,0.001,train-mode backward before optimizer step,2.497502281706948,0.0,0.0,0.024534125857526935,0.0,,,,
moving_only_16,282,0.001,train-mode backward before optimizer step,3.3258810585598275,0.0,0.0,0.02465033319045593,0.0,,,,
moving_only_16,283,0.001,train-mode backward before optimizer step,3.503428776110817,0.0,0.0,0.02465033319045593,0.0,,,,
moving_only_16,284,0.001,train-mode backward before optimizer step,2.509138731903858,0.0,0.0,0.013661330675570228,0.0,,,,
moving_only_16,285,0.001,train-mode backward before optimizer step,2.8145596676147226,0.0,0.0,0.02465033319045593,0.0,,,,
moving_only_16,286,0.001,train-mode backward before optimizer step,2.811098828726233,0.0,0.0,0.009822973529069646,0.0,,,,
moving_only_16,287,0.001,train-mode backward before optimizer step,3.7645488516031187,0.0,0.0,0.024892878446590785,0.0,,,,
moving_only_16,288,0.001,train-mode backward before optimizer step,3.4012106055135582,0.0,0.0,0.024892878446590785,0.0,,,,
moving_only_16,289,0.001,train-mode backward before optimizer step,2.3192105623610777,0.0,0.0,0.007897556852949688,0.0,,,,
moving_only_16,290,0.001,train-mode backward before optimizer step,2.7216448372823785,0.0,0.0,0.007897556852949688,0.0,47.842166900634766,1.0,1.0,49.5347785949707
moving_only_16,291,0.001,train-mode backward before optimizer step,3.186597281566083,0.0,0.0,0.01303047518622439,0.0,,,,
moving_only_16,292,0.001,train-mode backward before optimizer step,3.224611850516499,0.0,0.0,0.024892878446590785,0.0,,,,
moving_only_16,293,0.001,train-mode backward before optimizer step,3.1950460869211232,0.0,0.0,0.013661330675570228,0.0,,,,
moving_only_16,294,0.001,train-mode backward before optimizer step,2.846322189925324,0.0,0.0,0.013661330675570228,0.0,,,,
moving_only_16,295,0.001,train-mode backward before optimizer step,3.630819152414203,0.0,0.0,0.02465033319045593,0.0,,,,
moving_only_16,296,0.001,train-mode backward before optimizer step,3.7341229172942176,0.0,0.0,0.01303047518622439,0.0,,,,
moving_only_16,297,0.001,train-mode backward before optimizer step,3.7820049385745893,0.0,0.0,0.02465033319045593,0.0,,,,
moving_only_16,298,0.001,train-mode backward before optimizer step,3.411843040338072,0.0,0.0,0.01303047518622439,0.0,,,,
moving_only_16,299,0.001,train-mode backward before optimizer step,3.297755229703587,0.0,0.0,0.0244858380337258,0.0,,,,
moving_only_16,300,0.001,train-mode backward before optimizer step,2.6467121005211913,0.0,0.0,0.008433707032343415,0.0,48.857330322265625,1.0,1.0,49.5347785949707
moving_only_16,301,0.001,train-mode backward before optimizer step,3.3661626185030173,0.0,0.0,0.0244858380337258,0.0,,,,
moving_only_16,302,0.001,train-mode backward before optimizer step,2.9558351058911216,0.0,0.0,0.01303047518622439,0.0,,,,
moving_only_16,303,0.001,train-mode backward before optimizer step,4.207646220093309,0.0,0.0,0.024534125857526935,0.0,,,,
moving_only_16,304,0.001,train-mode backward before optimizer step,2.723015215920243,0.0,0.0,0.010373711312435299,0.0,,,,
moving_only_16,305,0.001,train-mode backward before optimizer step,3.4827016500298367,0.0,0.0,0.02465033319045593,0.0,,,,
moving_only_16,306,0.001,train-mode backward before optimizer step,4.212647596666828,0.0,0.0,0.024892878446590785,0.0,,,,
moving_only_16,307,0.001,train-mode backward before optimizer step,2.7224652093166415,0.0,0.0,0.0244858380337258,0.0,,,,
moving_only_16,308,0.001,train-mode backward before optimizer step,2.8682690414877263,0.0,0.0,0.02465033319045593,0.0,,,,
moving_only_16,309,0.001,train-mode backward before optimizer step,2.843667495611113,0.0,0.0,0.02465033319045593,0.0,,,,
moving_only_16,310,0.001,train-mode backward before optimizer step,4.012539880784907,0.0,0.0,0.02465033319045593,0.0,49.22108459472656,1.0,1.0,49.5347785949707
moving_only_16,311,0.001,train-mode backward before optimizer step,2.7974657136111634,0.0,0.0,0.024892878446590785,0.0,,,,
moving_only_16,312,0.001,train-mode backward before optimizer step,2.9769824740646498,0.0,0.0,0.0244858380337258,0.0,,,,
moving_only_16,313,0.001,train-mode backward before optimizer step,2.693815708029759,0.0,0.0,0.024534125857526935,0.0,,,,
moving_only_16,314,0.001,train-mode backward before optimizer step,2.799623068850768,0.0,0.0,0.024892878446590785,0.0,,,,
moving_only_16,315,0.001,train-mode backward before optimizer step,3.146063096651798,0.0,0.0,0.02465033319045593,0.0,,,,
moving_only_16,316,0.001,train-mode backward before optimizer step,3.12861764480493,0.0,0.0,0.0244858380337258,0.0,,,,
moving_only_16,317,0.001,train-mode backward before optimizer step,3.224706511190175,0.0,0.0,0.024534125857526935,0.0,,,,
moving_only_16,318,0.001,train-mode backward before optimizer step,1.9525672562941239,0.0,0.0,0.008433707032343415,0.0,,,,
moving_only_16,319,0.001,train-mode backward before optimizer step,3.99342838295044,0.0,0.0,0.0244858380337258,0.0,,,,
moving_only_16,320,0.001,train-mode backward before optimizer step,3.773503933183967,0.0,0.0,0.02465033319045593,0.0,48.354454040527344,1.0,1.0,49.5347785949707
moving_only_16,321,0.001,train-mode backward before optimizer step,3.2703210356994274,0.0,0.0,0.0244858380337258,0.0,,,,
moving_only_16,322,0.001,train-mode backward before optimizer step,2.2443922869759803,0.0,0.0,0.010373711312435299,0.0,,,,
moving_only_16,323,0.001,train-mode backward before optimizer step,3.639775262360075,0.0,0.0,0.024892878446590785,0.0,,,,
moving_only_16,324,0.001,train-mode backward before optimizer step,2.7153353227983525,0.0,0.0,0.02465033319045593,0.0,,,,
moving_only_16,325,0.001,train-mode backward before optimizer step,2.7723673832425124,0.0,0.0,0.007897556852949688,0.0,,,,
moving_only_16,326,0.001,train-mode backward before optimizer step,2.555768559509986,0.0,0.0,0.01303047518622439,0.0,,,,
moving_only_16,327,0.001,train-mode backward before optimizer step,3.9007570077538416,0.0,0.0,0.024534125857526935,0.0,,,,
moving_only_16,328,0.001,train-mode backward before optimizer step,2.619865202870261,0.0,0.0,0.013661330675570228,0.0,,,,
moving_only_16,329,0.001,train-mode backward before optimizer step,3.5232453251121494,0.0,0.0,0.024534125857526935,0.0,,,,
moving_only_16,330,0.001,train-mode backward before optimizer step,2.325955049070528,0.0,0.0,0.024534125857526935,0.0,48.89731216430664,1.0,1.0,49.5347785949707
moving_only_16,331,0.001,train-mode backward before optimizer step,2.515053444421115,0.0,0.0,0.01303047518622439,0.0,,,,
moving_only_16,332,0.001,train-mode backward before optimizer step,3.308005096822528,0.0,0.0,0.024534125857526935,0.0,,,,
moving_only_16,333,0.001,train-mode backward before optimizer step,2.845936555515155,0.0,0.0,0.010373711312435299,0.0,,,,
moving_only_16,334,0.001,train-mode backward before optimizer step,4.023152199265886,0.0,0.0,0.024534125857526935,0.0,,,,
moving_only_16,335,0.001,train-mode backward before optimizer step,2.1764051285486565,0.0,0.0,0.007897556852949688,0.0,,,,
moving_only_16,336,0.001,train-mode backward before optimizer step,3.117395797030644,0.0,0.0,0.009822973529069646,0.0,,,,
moving_only_16,337,0.001,train-mode backward before optimizer step,3.100441328356703,0.0,0.0,0.024892878446590785,0.0,,,,
moving_only_16,338,0.001,train-mode backward before optimizer step,2.7256654703448326,0.0,0.0,0.01303047518622439,0.0,,,,
moving_only_16,339,0.001,train-mode backward before optimizer step,3.737281534006608,0.0,0.0,0.02465033319045593,0.0,,,,
moving_only_16,340,0.001,train-mode backward before optimizer step,3.848825660356371,0.0,0.0,0.02465033319045593,0.0,48.674659729003906,1.0,1.0,49.5347785949707
moving_only_16,341,0.001,train-mode backward before optimizer step,3.031711042776586,0.0,0.0,0.010373711312435299,0.0,,,,
moving_only_16,342,0.001,train-mode backward before optimizer step,4.191326240057108,0.0,0.0,0.02465033319045593,0.0,,,,
moving_only_16,343,0.001,train-mode backward before optimizer step,4.560485269385644,0.0,0.0,0.024534125857526935,0.0,,,,
moving_only_16,344,0.001,train-mode backward before optimizer step,2.967319640811714,0.0,0.0,0.024534125857526935,0.0,,,,
moving_only_16,345,0.001,train-mode backward before optimizer step,2.590255754400864,0.0,0.0,0.01303047518622439,0.0,,,,
moving_only_16,346,0.001,train-mode backward before optimizer step,3.5051969761991884,0.0,0.0,0.024892878446590785,0.0,,,,
moving_only_16,347,0.001,train-mode backward before optimizer step,3.393813573640136,0.0,0.0,0.024534125857526935,0.0,,,,
moving_only_16,348,0.001,train-mode backward before optimizer step,4.000927003329454,0.0,0.0,0.024534125857526935,0.0,,,,
moving_only_16,349,0.001,train-mode backward before optimizer step,2.7162297054720916,0.0,0.0,0.0244858380337258,0.0,,,,
moving_only_16,350,0.001,train-mode backward before optimizer step,1.9688305486326907,0.0,0.0,0.009822973529069646,0.0,48.82011795043945,1.0,1.0,49.5347785949707
moving_only_16,351,0.001,train-mode backward before optimizer step,4.000446987382448,0.0,0.0,0.024534125857526935,0.0,,,,
moving_only_16,352,0.001,train-mode backward before optimizer step,3.3062342774633438,0.0,0.0,0.0244858380337258,0.0,,,,
moving_only_16,353,0.001,train-mode backward before optimizer step,2.4874299923876597,0.0,0.0,0.008433707032343415,0.0,,,,
moving_only_16,354,0.001,train-mode backward before optimizer step,3.7516664092885836,0.0,0.0,0.024534125857526935,0.0,,,,
moving_only_16,355,0.001,train-mode backward before optimizer step,2.3693031772194795,0.0,0.0,0.009822973529069646,0.0,,,,
moving_only_16,356,0.001,train-mode backward before optimizer step,4.240287227655173,0.0,0.0,0.024892878446590785,0.0,,,,
moving_only_16,357,0.001,train-mode backward before optimizer step,4.013295918237976,0.0,0.0,0.024892878446590785,0.0,,,,
moving_only_16,358,0.001,train-mode backward before optimizer step,3.6301867242252026,0.0,0.0,0.0244858380337258,0.0,,,,
moving_only_16,359,0.001,train-mode backward before optimizer step,3.5180097130552244,0.0,0.0,0.007897556852949688,0.0,,,,
moving_only_16,360,0.001,train-mode backward before optimizer step,3.8101251091322808,0.0,0.0,0.024534125857526935,0.0,48.75905990600586,1.0,1.0,49.5347785949707
moving_only_16,361,0.001,train-mode backward before optimizer step,3.6613793950567666,0.0,0.0,0.0244858380337258,0.0,,,,
moving_only_16,362,0.001,train-mode backward before optimizer step,3.7191656989974637,0.0,0.0,0.0244858380337258,0.0,,,,
moving_only_16,363,0.001,train-mode backward before optimizer step,4.0224828652310425,0.0,0.0,0.024534125857526935,0.0,,,,
moving_only_16,364,0.001,train-mode backward before optimizer step,2.1616785334662136,0.0,0.0,0.009822973529069646,0.0,,,,
moving_only_16,365,0.001,train-mode backward before optimizer step,4.24295736327314,0.0,0.0,0.0244858380337258,0.0,,,,
moving_only_16,366,0.001,train-mode backward before optimizer step,2.4599212447454386,0.0,0.0,0.01303047518622439,0.0,,,,
moving_only_16,367,0.001,train-mode backward before optimizer step,3.620883696474582,0.0,0.0,0.0244858380337258,0.0,,,,
moving_only_16,368,0.001,train-mode backward before optimizer step,2.890451791887783,0.0,0.0,0.024534125857526935,0.0,,,,
moving_only_16,369,0.001,train-mode backward before optimizer step,2.5270835113271533,0.0,0.0,0.024892878446590785,0.0,,,,
moving_only_16,370,0.001,train-mode backward before optimizer step,3.8182003446721673,0.0,0.0,0.0244858380337258,0.0,48.824867248535156,1.0,1.0,49.5347785949707
moving_only_16,371,0.001,train-mode backward before optimizer step,2.0876188042996673,0.0,0.0,0.007897556852949688,0.0,,,,
moving_only_16,372,0.001,train-mode backward before optimizer step,2.8451540896608942,0.0,0.0,0.024534125857526935,0.0,,,,
moving_only_16,373,0.001,train-mode backward before optimizer step,2.037237573388253,0.0,0.0,0.010373711312435299,0.0,,,,
moving_only_16,374,0.001,train-mode backward before optimizer step,2.1083227251335575,0.0,0.0,0.008433707032343415,0.0,,,,
moving_only_16,375,0.001,train-mode backward before optimizer step,3.2982409094676015,0.0,0.0,0.02465033319045593,0.0,,,,
moving_only_16,376,0.001,train-mode backward before optimizer step,2.5436509202448665,0.0,0.0,0.01303047518622439,0.0,,,,
moving_only_16,377,0.001,train-mode backward before optimizer step,2.3314042766999483,0.0,0.0,0.009822973529069646,0.0,,,,
moving_only_16,378,0.001,train-mode backward before optimizer step,3.012741697703687,0.0,0.0,0.024534125857526935,0.0,,,,
moving_only_16,379,0.001,train-mode backward before optimizer step,2.8169560149966766,0.0,0.0,0.024892878446590785,0.0,,,,
moving_only_16,380,0.001,train-mode backward before optimizer step,3.635405216506259,0.0,0.0,0.0244858380337258,0.0,48.67045593261719,1.0,1.0,49.5347785949707
moving_only_16,381,0.001,train-mode backward before optimizer step,3.3850291144963864,0.0,0.0,0.024892878446590785,0.0,,,,
moving_only_16,382,0.001,train-mode backward before optimizer step,2.420031179456686,0.0,0.0,0.008433707032343415,0.0,,,,
moving_only_16,383,0.001,train-mode backward before optimizer step,1.897973189413612,0.0,0.0,0.007897556852949688,0.0,,,,
moving_only_16,384,0.001,train-mode backward before optimizer step,3.117014179781716,0.0,0.0,0.0244858380337258,0.0,,,,
moving_only_16,385,0.001,train-mode backward before optimizer step,3.488970391949544,0.0,0.0,0.01303047518622439,0.0,,,,
moving_only_16,386,0.001,train-mode backward before optimizer step,2.905732912465533,0.0,0.0,0.007897556852949688,0.0,,,,
moving_only_16,387,0.001,train-mode backward before optimizer step,3.0167658890345934,0.0,0.0,0.007897556852949688,0.0,,,,
moving_only_16,388,0.001,train-mode backward before optimizer step,3.917799255893761,0.0,0.0,0.01303047518622439,0.0,,,,
moving_only_16,389,0.001,train-mode backward before optimizer step,2.705251276514077,0.0,0.0,0.007897556852949688,0.0,,,,
moving_only_16,390,0.001,train-mode backward before optimizer step,2.646062214716688,0.0,0.0,0.010373711312435299,0.0,48.838748931884766,1.0,1.0,49.5347785949707
moving_only_16,391,0.001,train-mode backward before optimizer step,4.1187827542530835,0.0,0.0,0.02465033319045593,0.0,,,,
moving_only_16,392,0.001,train-mode backward before optimizer step,3.429207103529231,0.0,0.0,0.02465033319045593,0.0,,,,
moving_only_16,393,0.001,train-mode backward before optimizer step,4.170814471508218,0.0,0.0,0.013661330675570228,0.0,,,,
moving_only_16,394,0.001,train-mode backward before optimizer step,4.133289937374621,0.0,0.0,0.02465033319045593,0.0,,,,
moving_only_16,395,0.001,train-mode backward before optimizer step,3.4742105086497292,0.0,0.0,0.024892878446590785,0.0,,,,
moving_only_16,396,0.001,train-mode backward before optimizer step,3.446562856577729,0.0,0.0,0.024534125857526935,0.0,,,,
moving_only_16,397,0.001,train-mode backward before optimizer step,4.379432832118089,0.0,0.0,0.024892878446590785,0.0,,,,
moving_only_16,398,0.001,train-mode backward before optimizer step,4.210747813580008,0.0,0.0,0.02465033319045593,0.0,,,,
moving_only_16,399,0.001,train-mode backward before optimizer step,3.7688449952499896,0.0,0.0,0.0244858380337258,0.0,,,,
moving_only_16,400,0.001,train-mode backward before optimizer step,3.8311011976108484,0.0,0.0,0.0244858380337258,0.0,49.230525970458984,1.0,1.0,49.5347785949707
moving_only_16,401,0.001,train-mode backward before optimizer step,2.7844572964546916,0.0,0.0,0.007897556852949688,0.0,,,,
moving_only_16,402,0.001,train-mode backward before optimizer step,3.9513517366001767,0.0,0.0,0.024892878446590785,0.0,,,,
moving_only_16,403,0.001,train-mode backward before optimizer step,3.4760244996912473,0.0,0.0,0.013661330675570228,0.0,,,,
moving_only_16,404,0.001,train-mode backward before optimizer step,2.91826269011707,0.0,0.0,0.0244858380337258,0.0,,,,
moving_only_16,405,0.001,train-mode backward before optimizer step,2.3824606712398197,0.0,0.0,0.0244858380337258,0.0,,,,
moving_only_16,406,0.001,train-mode backward before optimizer step,3.2696338688394864,0.0,0.0,0.024534125857526935,0.0,,,,
moving_only_16,407,0.001,train-mode backward before optimizer step,3.0334313388515532,0.0,0.0,0.007897556852949688,0.0,,,,
moving_only_16,408,0.001,train-mode backward before optimizer step,2.9390973826453974,0.0,0.0,0.01303047518622439,0.0,,,,
moving_only_16,409,0.001,train-mode backward before optimizer step,3.875559747026335,0.0,0.0,0.024892878446590785,0.0,,,,
moving_only_16,410,0.001,train-mode backward before optimizer step,3.7814451180601494,0.0,0.0,0.02465033319045593,0.0,48.92034912109375,1.0,1.0,49.5347785949707
moving_only_16,411,0.001,train-mode backward before optimizer step,3.6021878840109567,0.0,0.0,0.024892878446590785,0.0,,,,
moving_only_16,412,0.001,train-mode backward before optimizer step,2.4617402937170154,0.0,0.0,0.007897556852949688,0.0,,,,
moving_only_16,413,0.001,train-mode backward before optimizer step,2.097471433978682,0.0,0.0,0.013661330675570228,0.0,,,,
moving_only_16,414,0.001,train-mode backward before optimizer step,3.634976814845672,0.0,0.0,0.0244858380337258,0.0,,,,
moving_only_16,415,0.001,train-mode backward before optimizer step,3.450127602368774,0.0,0.0,0.024534125857526935,0.0,,,,
moving_only_16,416,0.001,train-mode backward before optimizer step,4.367661982743664,0.0,0.0,0.024892878446590785,0.0,,,,
moving_only_16,417,0.001,train-mode backward before optimizer step,2.716189026429534,0.0,0.0,0.024534125857526935,0.0,,,,
moving_only_16,418,0.001,train-mode backward before optimizer step,2.4030549027504087,0.0,0.0,0.0244858380337258,0.0,,,,
moving_only_16,419,0.001,train-mode backward before optimizer step,3.735624066199176,0.0,0.0,0.024892878446590785,0.0,,,,
moving_only_16,420,0.001,train-mode backward before optimizer step,2.6556190916435916,0.0,0.0,0.024892878446590785,0.0,49.18152618408203,1.0,1.0,49.5347785949707
moving_only_16,421,0.001,train-mode backward before optimizer step,4.218746324574073,0.0,0.0,0.024534125857526935,0.0,,,,
moving_only_16,422,0.001,train-mode backward before optimizer step,2.7124228757697115,0.0,0.0,0.007897556852949688,0.0,,,,
moving_only_16,423,0.001,train-mode backward before optimizer step,2.166282977690232,0.0,0.0,0.009822973529069646,0.0,,,,
moving_only_16,424,0.001,train-mode backward before optimizer step,3.7517315384834564,0.0,0.0,0.0244858380337258,0.0,,,,
moving_only_16,425,0.001,train-mode backward before optimizer step,2.2183064573806894,0.0,0.0,0.01303047518622439,0.0,,,,
moving_only_16,426,0.001,train-mode backward before optimizer step,2.3652919121326454,0.0,0.0,0.024534125857526935,0.0,,,,
moving_only_16,427,0.001,train-mode backward before optimizer step,3.9634381945538806,0.0,0.0,0.010373711312435299,0.0,,,,
moving_only_16,428,0.001,train-mode backward before optimizer step,3.800762492031975,0.0,0.0,0.010373711312435299,0.0,,,,
moving_only_16,429,0.001,train-mode backward before optimizer step,2.644663516715398,0.0,0.0,0.008433707032343415,0.0,,,,
moving_only_16,430,0.001,train-mode backward before optimizer step,3.9424241751558835,0.0,0.0,0.024534125857526935,0.0,48.79021453857422,1.0,1.0,49.5347785949707
moving_only_16,431,0.001,train-mode backward before optimizer step,4.769557054899755,0.0,0.0,0.024892878446590785,0.0,,,,
moving_only_16,432,0.001,train-mode backward before optimizer step,3.2363695255856837,0.0,0.0,0.024534125857526935,0.0,,,,
moving_only_16,433,0.001,train-mode backward before optimizer step,4.4546661635121,0.0,0.0,0.024534125857526935,0.0,,,,
moving_only_16,434,0.001,train-mode backward before optimizer step,3.4786168833056643,0.0,0.0,0.024892878446590785,0.0,,,,
moving_only_16,435,0.001,train-mode backward before optimizer step,3.19269946224937,0.0,0.0,0.02465033319045593,0.0,,,,
moving_only_16,436,0.001,train-mode backward before optimizer step,3.093888908221734,0.0,0.0,0.0244858380337258,0.0,,,,
moving_only_16,437,0.001,train-mode backward before optimizer step,2.2989546548969826,0.0,0.0,0.010373711312435299,0.0,,,,
moving_only_16,438,0.001,train-mode backward before optimizer step,2.655823094603661,0.0,0.0,0.010373711312435299,0.0,,,,
moving_only_16,439,0.001,train-mode backward before optimizer step,2.9599175498866517,0.0,0.0,0.02465033319045593,0.0,,,,
moving_only_16,440,0.001,train-mode backward before optimizer step,3.249756128539739,0.0,0.0,0.024534125857526935,0.0,48.78504943847656,1.0,1.0,49.5347785949707
moving_only_16,441,0.001,train-mode backward before optimizer step,3.377455868083681,0.0,0.0,0.02465033319045593,0.0,,,,
moving_only_16,442,0.001,train-mode backward before optimizer step,2.381523391579421,0.0,0.0,0.010373711312435299,0.0,,,,
moving_only_16,443,0.001,train-mode backward before optimizer step,2.7199284874995078,0.0,0.0,0.01303047518622439,0.0,,,,
moving_only_16,444,0.001,train-mode backward before optimizer step,2.214735288785375,0.0,0.0,0.010373711312435299,0.0,,,,
moving_only_16,445,0.001,train-mode backward before optimizer step,2.3352014197015323,0.0,0.0,0.009822973529069646,0.0,,,,
moving_only_16,446,0.001,train-mode backward before optimizer step,3.3668531004522126,0.0,0.0,0.024534125857526935,0.0,,,,
moving_only_16,447,0.001,train-mode backward before optimizer step,2.360094288946124,0.0,0.0,0.010373711312435299,0.0,,,,
moving_only_16,448,0.001,train-mode backward before optimizer step,2.3457088559037675,0.0,0.0,0.02465033319045593,0.0,,,,
moving_only_16,449,0.001,train-mode backward before optimizer step,3.650935824682815,0.0,0.0,0.024892878446590785,0.0,,,,
moving_only_16,450,0.001,train-mode backward before optimizer step,3.2642749126353325,0.0,0.0,0.010373711312435299,0.0,48.678070068359375,1.0,1.0,49.5347785949707
moving_only_16,451,0.001,train-mode backward before optimizer step,2.623896276777796,0.0,0.0,0.02465033319045593,0.0,,,,
moving_only_16,452,0.001,train-mode backward before optimizer step,3.5369310169442523,0.0,0.0,0.024534125857526935,0.0,,,,
moving_only_16,453,0.001,train-mode backward before optimizer step,3.9980644712265563,0.0,0.0,0.02465033319045593,0.0,,,,
moving_only_16,454,0.001,train-mode backward before optimizer step,4.556709476533985,0.0,0.0,0.0244858380337258,0.0,,,,
moving_only_16,455,0.001,train-mode backward before optimizer step,4.126633045508579,0.0,0.0,0.024534125857526935,0.0,,,,
moving_only_16,456,0.001,train-mode backward before optimizer step,3.3557618233611963,0.0,0.0,0.024892878446590785,0.0,,,,
moving_only_16,457,0.001,train-mode backward before optimizer step,3.597096055313042,0.0,0.0,0.0244858380337258,0.0,,,,
moving_only_16,458,0.001,train-mode backward before optimizer step,3.364805515801965,0.0,0.0,0.024534125857526935,0.0,,,,
moving_only_16,459,0.001,train-mode backward before optimizer step,2.6125831922914373,0.0,0.0,0.007897556852949688,0.0,,,,
moving_only_16,460,0.001,train-mode backward before optimizer step,4.001271230712996,0.0,0.0,0.024892878446590785,0.0,49.125858306884766,1.0,1.0,49.5347785949707
moving_only_16,461,0.001,train-mode backward before optimizer step,3.6083154299241627,0.0,0.0,0.009822973529069646,0.0,,,,
moving_only_16,462,0.001,train-mode backward before optimizer step,2.7144800202177115,0.0,0.0,0.008433707032343415,0.0,,,,
moving_only_16,463,0.001,train-mode backward before optimizer step,3.407962673040718,0.0,0.0,0.024534125857526935,0.0,,,,
moving_only_16,464,0.001,train-mode backward before optimizer step,3.7206974545808285,0.0,0.0,0.0244858380337258,0.0,,,,
moving_only_16,465,0.001,train-mode backward before optimizer step,3.6650453767094393,0.0,0.0,0.02465033319045593,0.0,,,,
moving_only_16,466,0.001,train-mode backward before optimizer step,3.425441926408188,0.0,0.0,0.01303047518622439,0.0,,,,
moving_only_16,467,0.001,train-mode backward before optimizer step,3.2335598316360317,0.0,0.0,0.02465033319045593,0.0,,,,
moving_only_16,468,0.001,train-mode backward before optimizer step,4.9414835661248935,0.0,0.0,0.024534125857526935,0.0,,,,
moving_only_16,469,0.001,train-mode backward before optimizer step,3.0711535251288633,0.0,0.0,0.02465033319045593,0.0,,,,
moving_only_16,470,0.001,train-mode backward before optimizer step,3.7966774044843707,0.0,0.0,0.02465033319045593,0.0,48.73430633544922,1.0,1.0,49.5347785949707
moving_only_16,471,0.001,train-mode backward before optimizer step,4.0394578039257,0.0,0.0,0.024534125857526935,0.0,,,,
moving_only_16,472,0.001,train-mode backward before optimizer step,3.0460529330535646,0.0,0.0,0.024534125857526935,0.0,,,,
moving_only_16,473,0.001,train-mode backward before optimizer step,3.546483493367536,0.0,0.0,0.02465033319045593,0.0,,,,
moving_only_16,474,0.001,train-mode backward before optimizer step,3.602416452111263,0.0,0.0,0.024534125857526935,0.0,,,,
moving_only_16,475,0.001,train-mode backward before optimizer step,3.3594164466649405,0.0,0.0,0.0244858380337258,0.0,,,,
moving_only_16,476,0.001,train-mode backward before optimizer step,2.315540947850986,0.0,0.0,0.01303047518622439,0.0,,,,
moving_only_16,477,0.001,train-mode backward before optimizer step,3.770627802361061,0.0,0.0,0.024892878446590785,0.0,,,,
moving_only_16,478,0.001,train-mode backward before optimizer step,2.502510327078559,0.0,0.0,0.008433707032343415,0.0,,,,
moving_only_16,479,0.001,train-mode backward before optimizer step,3.5681061421939897,0.0,0.0,0.024892878446590785,0.0,,,,
moving_only_16,480,0.001,train-mode backward before optimizer step,3.542263893409971,0.0,0.0,0.024534125857526935,0.0,48.55067443847656,1.0,1.0,49.5347785949707
moving_only_16,481,0.001,train-mode backward before optimizer step,3.4341834978927452,0.0,0.0,0.02465033319045593,0.0,,,,
moving_only_16,482,0.001,train-mode backward before optimizer step,1.9428581179371383,0.0,0.0,0.008433707032343415,0.0,,,,
moving_only_16,483,0.001,train-mode backward before optimizer step,2.583764707611362,0.0,0.0,0.01303047518622439,0.0,,,,
moving_only_16,484,0.001,train-mode backward before optimizer step,2.7946023663614117,0.0,0.0,0.01303047518622439,0.0,,,,
moving_only_16,485,0.001,train-mode backward before optimizer step,2.760398287894648,0.0,0.0,0.0244858380337258,0.0,,,,
moving_only_16,486,0.001,train-mode backward before optimizer step,2.988453299873959,0.0,0.0,0.024892878446590785,0.0,,,,
moving_only_16,487,0.001,train-mode backward before optimizer step,3.521576618969089,0.0,0.0,0.024892878446590785,0.0,,,,
moving_only_16,488,0.001,train-mode backward before optimizer step,2.210072506368866,0.0,0.0,0.008433707032343415,0.0,,,,
moving_only_16,489,0.001,train-mode backward before optimizer step,3.5728638136630773,0.0,0.0,0.024534125857526935,0.0,,,,
moving_only_16,490,0.001,train-mode backward before optimizer step,3.295160763237231,0.0,0.0,0.02465033319045593,0.0,48.718505859375,1.0,1.0,49.5347785949707
moving_only_16,491,0.001,train-mode backward before optimizer step,3.8998047936031575,0.0,0.0,0.0244858380337258,0.0,,,,
moving_only_16,492,0.001,train-mode backward before optimizer step,3.5636409527327335,0.0,0.0,0.0244858380337258,0.0,,,,
moving_only_16,493,0.001,train-mode backward before optimizer step,3.75883116760502,0.0,0.0,0.02465033319045593,0.0,,,,
moving_only_16,494,0.001,train-mode backward before optimizer step,3.408258288400944,0.0,0.0,0.007897556852949688,0.0,,,,
moving_only_16,495,0.001,train-mode backward before optimizer step,2.444474374429973,0.0,0.0,0.007897556852949688,0.0,,,,
moving_only_16,496,0.001,train-mode backward before optimizer step,3.8616320398858104,0.0,0.0,0.024892878446590785,0.0,,,,
moving_only_16,497,0.001,train-mode backward before optimizer step,2.7999690507960278,0.0,0.0,0.013661330675570228,0.0,,,,
moving_only_16,498,0.001,train-mode backward before optimizer step,2.8729588054094055,0.0,0.0,0.02465033319045593,0.0,,,,
moving_only_16,499,0.001,train-mode backward before optimizer step,2.573308527760727,0.0,0.0,0.024534125857526935,0.0,,,,
moving_only_16,500,0.001,train-mode backward before optimizer step,2.504166492936486,0.0,0.0,0.009822973529069646,0.0,48.97595977783203,1.0,1.0,49.5347785949707
moving_only_16,501,0.001,train-mode backward before optimizer step,4.420139164812715,0.0,0.0,0.0244858380337258,0.0,,,,
moving_only_16,502,0.001,train-mode backward before optimizer step,2.342307106895138,0.0,0.0,0.024534125857526935,0.0,,,,
moving_only_16,503,0.001,train-mode backward before optimizer step,2.9206648267710795,0.0,0.0,0.024534125857526935,0.0,,,,
moving_only_16,504,0.001,train-mode backward before optimizer step,3.552473946025142,0.0,0.0,0.0244858380337258,0.0,,,,
moving_only_16,505,0.001,train-mode backward before optimizer step,3.1948266263689984,0.0,0.0,0.024534125857526935,0.0,,,,
moving_only_16,506,0.001,train-mode backward before optimizer step,2.7971099608142898,0.0,0.0,0.024892878446590785,0.0,,,,
moving_only_16,507,0.001,train-mode backward before optimizer step,2.2403538446823172,0.0,0.0,0.013661330675570228,0.0,,,,
moving_only_16,508,0.001,train-mode backward before optimizer step,3.2616222764143057,0.0,0.0,0.0244858380337258,0.0,,,,
moving_only_16,509,0.001,train-mode backward before optimizer step,2.2528981300682087,0.0,0.0,0.01303047518622439,0.0,,,,
moving_only_16,510,0.001,train-mode backward before optimizer step,4.0452568792882815,0.0,0.0,0.024534125857526935,0.0,48.98758316040039,1.0,1.0,49.5347785949707
moving_only_16,511,0.001,train-mode backward before optimizer step,2.09098709926838,0.0,0.0,0.010373711312435299,0.0,,,,
moving_only_16,512,0.001,train-mode backward before optimizer step,3.538010836920374,0.0,0.0,0.0244858380337258,0.0,,,,
moving_only_16,513,0.001,train-mode backward before optimizer step,2.8262690262460466,0.0,0.0,0.007897556852949688,0.0,,,,
moving_only_16,514,0.001,train-mode backward before optimizer step,2.9094626135096195,0.0,0.0,0.0244858380337258,0.0,,,,
moving_only_16,515,0.001,train-mode backward before optimizer step,3.406266548345264,0.0,0.0,0.024534125857526935,0.0,,,,
moving_only_16,516,0.001,train-mode backward before optimizer step,3.559780150409096,0.0,0.0,0.013661330675570228,0.0,,,,
moving_only_16,517,0.001,train-mode backward before optimizer step,3.444381192962184,0.0,0.0,0.0244858380337258,0.0,,,,
moving_only_16,518,0.001,train-mode backward before optimizer step,3.4309363139570737,0.0,0.0,0.02465033319045593,0.0,,,,
moving_only_16,519,0.001,train-mode backward before optimizer step,3.922192761174456,0.0,0.0,0.02465033319045593,0.0,,,,
moving_only_16,520,0.001,train-mode backward before optimizer step,3.101076905710944,0.0,0.0,0.010373711312435299,0.0,48.66979217529297,1.0,1.0,49.5347785949707
moving_only_16,521,0.001,train-mode backward before optimizer step,3.2447171206439354,0.0,0.0,0.0244858380337258,0.0,,,,
moving_only_16,522,0.001,train-mode backward before optimizer step,2.88719434072917,0.0,0.0,0.024892878446590785,0.0,,,,
moving_only_16,523,0.001,train-mode backward before optimizer step,2.7036654530566646,0.0,0.0,0.007897556852949688,0.0,,,,
moving_only_16,524,0.001,train-mode backward before optimizer step,2.9664249326445304,0.0,0.0,0.024534125857526935,0.0,,,,
moving_only_16,525,0.001,train-mode backward before optimizer step,3.492748938800199,0.0,0.0,0.024534125857526935,0.0,,,,
moving_only_16,526,0.001,train-mode backward before optimizer step,3.171979758369305,0.0,0.0,0.024534125857526935,0.0,,,,
moving_only_16,527,0.001,train-mode backward before optimizer step,2.4248106736573543,0.0,0.0,0.01303047518622439,0.0,,,,
moving_only_16,528,0.001,train-mode backward before optimizer step,3.6317385556836532,0.0,0.0,0.013661330675570228,0.0,,,,
moving_only_16,529,0.001,train-mode backward before optimizer step,1.82046147306608,0.0,0.0,0.010373711312435299,0.0,,,,
moving_only_16,530,0.001,train-mode backward before optimizer step,3.8495887343300446,0.0,0.0,0.024892878446590785,0.0,48.7789421081543,1.0,1.0,49.5347785949707
moving_only_16,531,0.001,train-mode backward before optimizer step,2.2347550829309513,0.0,0.0,0.007897556852949688,0.0,,,,
moving_only_16,532,0.001,train-mode backward before optimizer step,3.2132015099755575,0.0,0.0,0.0244858380337258,0.0,,,,
moving_only_16,533,0.001,train-mode backward before optimizer step,2.7564596446243566,0.0,0.0,0.024534125857526935,0.0,,,,
moving_only_16,534,0.001,train-mode backward before optimizer step,3.1711107403902448,0.0,0.0,0.024534125857526935,0.0,,,,
moving_only_16,535,0.001,train-mode backward before optimizer step,4.059043715287296,0.0,0.0,0.024534125857526935,0.0,,,,
moving_only_16,536,0.001,train-mode backward before optimizer step,2.540676073846478,0.0,0.0,0.007897556852949688,0.0,,,,
moving_only_16,537,0.001,train-mode backward before optimizer step,3.6287432477892954,0.0,0.0,0.013661330675570228,0.0,,,,
moving_only_16,538,0.001,train-mode backward before optimizer step,2.4986210237161983,0.0,0.0,0.024534125857526935,0.0,,,,
moving_only_16,539,0.001,train-mode backward before optimizer step,3.4908392850592214,0.0,0.0,0.024534125857526935,0.0,,,,
moving_only_16,540,0.001,train-mode backward before optimizer step,3.1684278566749393,0.0,0.0,0.024534125857526935,0.0,48.807777404785156,1.0,1.0,49.5347785949707
moving_only_16,541,0.001,train-mode backward before optimizer step,3.0128484637673854,0.0,0.0,0.024534125857526935,0.0,,,,
moving_only_16,542,0.001,train-mode backward before optimizer step,3.369677539946609,0.0,0.0,0.024892878446590785,0.0,,,,
moving_only_16,543,0.001,train-mode backward before optimizer step,3.6179851222571777,0.0,0.0,0.0244858380337258,0.0,,,,
moving_only_16,544,0.001,train-mode backward before optimizer step,3.0856825543156403,0.0,0.0,0.024534125857526935,0.0,,,,
moving_only_16,545,0.001,train-mode backward before optimizer step,3.195675352415184,0.0,0.0,0.024534125857526935,0.0,,,,
moving_only_16,546,0.001,train-mode backward before optimizer step,3.8767773817448123,0.0,0.0,0.01303047518622439,0.0,,,,
moving_only_16,547,0.001,train-mode backward before optimizer step,3.670366278853447,0.0,0.0,0.024534125857526935,0.0,,,,
moving_only_16,548,0.001,train-mode backward before optimizer step,3.323107635963494,0.0,0.0,0.013661330675570228,0.0,,,,
moving_only_16,549,0.001,train-mode backward before optimizer step,3.5403938154523056,0.0,0.0,0.013661330675570228,0.0,,,,
moving_only_16,550,0.001,train-mode backward before optimizer step,3.4998526685888947,0.0,0.0,0.024534125857526935,0.0,48.31914520263672,1.0,1.0,49.5347785949707
moving_only_16,551,0.001,train-mode backward before optimizer step,4.023827404061826,0.0,0.0,0.024892878446590785,0.0,,,,
moving_only_16,552,0.001,train-mode backward before optimizer step,4.417550964393907,0.0,0.0,0.0244858380337258,0.0,,,,
moving_only_16,553,0.001,train-mode backward before optimizer step,3.218843031748607,0.0,0.0,0.024892878446590785,0.0,,,,
moving_only_16,554,0.001,train-mode backward before optimizer step,3.655069061236454,0.0,0.0,0.0244858380337258,0.0,,,,
moving_only_16,555,0.001,train-mode backward before optimizer step,3.8823936518080333,0.0,0.0,0.024892878446590785,0.0,,,,
moving_only_16,556,0.001,train-mode backward before optimizer step,3.9080982000031264,0.0,0.0,0.024534125857526935,0.0,,,,
moving_only_16,557,0.001,train-mode backward before optimizer step,4.218853737584184,0.0,0.0,0.024534125857526935,0.0,,,,
moving_only_16,558,0.001,train-mode backward before optimizer step,2.818636115773599,0.0,0.0,0.0244858380337258,0.0,,,,
moving_only_16,559,0.001,train-mode backward before optimizer step,2.6981267728652214,0.0,0.0,0.024892878446590785,0.0,,,,
moving_only_16,560,0.001,train-mode backward before optimizer step,3.5602654368290425,0.0,0.0,0.024534125857526935,0.0,48.69613265991211,1.0,1.0,49.5347785949707
moving_only_16,561,0.001,train-mode backward before optimizer step,3.7569556212516892,0.0,0.0,0.024534125857526935,0.0,,,,
moving_only_16,562,0.001,train-mode backward before optimizer step,3.740581921003829,0.0,0.0,0.010373711312435299,0.0,,,,
moving_only_16,563,0.001,train-mode backward before optimizer step,4.2910762351650185,0.0,0.0,0.02465033319045593,0.0,,,,
moving_only_16,564,0.001,train-mode backward before optimizer step,2.9421582365667,0.0,0.0,0.013661330675570228,0.0,,,,
moving_only_16,565,0.001,train-mode backward before optimizer step,4.552111455259921,0.0,0.0,0.0244858380337258,0.0,,,,
moving_only_16,566,0.001,train-mode backward before optimizer step,3.418981165428611,0.0,0.0,0.009822973529069646,0.0,,,,
moving_only_16,567,0.001,train-mode backward before optimizer step,4.1005896665984904,0.0,0.0,0.024534125857526935,0.0,,,,
moving_only_16,568,0.001,train-mode backward before optimizer step,4.15636373251394,0.0,0.0,0.0244858380337258,0.0,,,,
moving_only_16,569,0.001,train-mode backward before optimizer step,4.8827877921394975,0.0,0.0,0.024892878446590785,0.0,,,,
moving_only_16,570,0.001,train-mode backward before optimizer step,4.157868263155694,0.0,0.0,0.0244858380337258,0.0,48.67909622192383,1.0,1.0,49.5347785949707
moving_only_16,571,0.001,train-mode backward before optimizer step,3.8645885605639467,0.0,0.0,0.007897556852949688,0.0,,,,
moving_only_16,572,0.001,train-mode backward before optimizer step,3.7379199444392572,0.0,0.0,0.024892878446590785,0.0,,,,
moving_only_16,573,0.001,train-mode backward before optimizer step,3.570129765937933,0.0,0.0,0.01303047518622439,0.0,,,,
moving_only_16,574,0.001,train-mode backward before optimizer step,4.134804185029102,0.0,0.0,0.02465033319045593,0.0,,,,
moving_only_16,575,0.001,train-mode backward before optimizer step,3.822998775900495,0.0,0.0,0.013661330675570228,0.0,,,,
moving_only_16,576,0.001,train-mode backward before optimizer step,2.9464071103143596,0.0,0.0,0.009822973529069646,0.0,,,,
moving_only_16,577,0.001,train-mode backward before optimizer step,3.0007703806799197,0.0,0.0,0.0244858380337258,0.0,,,,
moving_only_16,578,0.001,train-mode backward before optimizer step,3.652418230887243,0.0,0.0,0.010373711312435299,0.0,,,,
moving_only_16,579,0.001,train-mode backward before optimizer step,2.350748181789547,0.0,0.0,0.009822973529069646,0.0,,,,
moving_only_16,580,0.001,train-mode backward before optimizer step,3.4185923600931294,0.0,0.0,0.02465033319045593,0.0,49.07875061035156,1.0,1.0,49.5347785949707
moving_only_16,581,0.001,train-mode backward before optimizer step,2.428647040349925,0.0,0.0,0.007897556852949688,0.0,,,,
moving_only_16,582,0.001,train-mode backward before optimizer step,3.379336467075846,0.0,0.0,0.01303047518622439,0.0,,,,
moving_only_16,583,0.001,train-mode backward before optimizer step,3.2063548163564475,0.0,0.0,0.02465033319045593,0.0,,,,
moving_only_16,584,0.001,train-mode backward before optimizer step,2.6180125894896236,0.0,0.0,0.008433707032343415,0.0,,,,
moving_only_16,585,0.001,train-mode backward before optimizer step,2.9031145123918867,0.0,0.0,0.009822973529069646,0.0,,,,
moving_only_16,586,0.001,train-mode backward before optimizer step,3.9052856037929544,0.0,0.0,0.024534125857526935,0.0,,,,
moving_only_16,587,0.001,train-mode backward before optimizer step,2.6793757323158873,0.0,0.0,0.010373711312435299,0.0,,,,
moving_only_16,588,0.001,train-mode backward before optimizer step,3.6264549308927863,0.0,0.0,0.024534125857526935,0.0,,,,
moving_only_16,589,0.001,train-mode backward before optimizer step,3.2245464494656906,0.0,0.0,0.01303047518622439,0.0,,,,
moving_only_16,590,0.001,train-mode backward before optimizer step,2.294397909424667,0.0,0.0,0.01303047518622439,0.0,48.8289909362793,1.0,1.0,49.5347785949707
moving_only_16,591,0.001,train-mode backward before optimizer step,2.9191387786639735,0.0,0.0,0.0244858380337258,0.0,,,,
moving_only_16,592,0.001,train-mode backward before optimizer step,2.4408445823926415,0.0,0.0,0.024892878446590785,0.0,,,,
moving_only_16,593,0.001,train-mode backward before optimizer step,3.7249458001242695,0.0,0.0,0.0244858380337258,0.0,,,,
moving_only_16,594,0.001,train-mode backward before optimizer step,2.97110525250611,0.0,0.0,0.009822973529069646,0.0,,,,
moving_only_16,595,0.001,train-mode backward before optimizer step,2.4006940160034946,0.0,0.0,0.008433707032343415,0.0,,,,
moving_only_16,596,0.001,train-mode backward before optimizer step,2.845520553049086,0.0,0.0,0.0244858380337258,0.0,,,,
moving_only_16,597,0.001,train-mode backward before optimizer step,2.621426445020979,0.0,0.0,0.010373711312435299,0.0,,,,
moving_only_16,598,0.001,train-mode backward before optimizer step,3.1854739207755407,0.0,0.0,0.02465033319045593,0.0,,,,
moving_only_16,599,0.001,train-mode backward before optimizer step,3.877900497470622,0.0,0.0,0.0244858380337258,0.0,,,,
moving_only_16,600,0.001,train-mode backward before optimizer step,3.618655589708279,0.0,0.0,0.0244858380337258,0.0,49.15302276611328,1.0,1.0,49.5347785949707
moving_only_16,601,0.001,train-mode backward before optimizer step,3.7669068695408714,0.0,0.0,0.0244858380337258,0.0,,,,
moving_only_16,602,0.001,train-mode backward before optimizer step,3.1876516276382896,0.0,0.0,0.024534125857526935,0.0,,,,
moving_only_16,603,0.001,train-mode backward before optimizer step,2.517825864892105,0.0,0.0,0.02465033319045593,0.0,,,,
moving_only_16,604,0.001,train-mode backward before optimizer step,2.2970176319894677,0.0,0.0,0.009822973529069646,0.0,,,,
moving_only_16,605,0.001,train-mode backward before optimizer step,2.1149871603626784,0.0,0.0,0.009822973529069646,0.0,,,,
moving_only_16,606,0.001,train-mode backward before optimizer step,2.9830929541014566,0.0,0.0,0.0244858380337258,0.0,,,,
moving_only_16,607,0.001,train-mode backward before optimizer step,2.492579652256383,0.0,0.0,0.0244858380337258,0.0,,,,
moving_only_16,608,0.001,train-mode backward before optimizer step,2.1177536835022615,0.0,0.0,0.010373711312435299,0.0,,,,
moving_only_16,609,0.001,train-mode backward before optimizer step,2.6861273772213514,0.0,0.0,0.01303047518622439,0.0,,,,
moving_only_16,610,0.001,train-mode backward before optimizer step,2.037098522161232,0.0,0.0,0.008433707032343415,0.0,48.767906188964844,1.0,1.0,49.5347785949707
moving_only_16,611,0.001,train-mode backward before optimizer step,2.812483415832736,0.0,0.0,0.0244858380337258,0.0,,,,
moving_only_16,612,0.001,train-mode backward before optimizer step,2.7250418107768044,0.0,0.0,0.009822973529069646,0.0,,,,
moving_only_16,613,0.001,train-mode backward before optimizer step,2.8433777556771305,0.0,0.0,0.0244858380337258,0.0,,,,
moving_only_16,614,0.001,train-mode backward before optimizer step,3.380090831707587,0.0,0.0,0.010373711312435299,0.0,,,,
moving_only_16,615,0.001,train-mode backward before optimizer step,3.1501982373032638,0.0,0.0,0.0244858380337258,0.0,,,,
moving_only_16,616,0.001,train-mode backward before optimizer step,2.6007475758988767,0.0,0.0,0.024892878446590785,0.0,,,,
moving_only_16,617,0.001,train-mode backward before optimizer step,2.8114121772739136,0.0,0.0,0.02465033319045593,0.0,,,,
moving_only_16,618,0.001,train-mode backward before optimizer step,3.1854609861232452,0.0,0.0,0.024534125857526935,0.0,,,,
moving_only_16,619,0.001,train-mode backward before optimizer step,3.19475227056415,0.0,0.0,0.0244858380337258,0.0,,,,
moving_only_16,620,0.001,train-mode backward before optimizer step,2.5574131073979514,0.0,0.0,0.009822973529069646,0.0,48.64970397949219,1.0,1.0,49.5347785949707
moving_only_16,621,0.001,train-mode backward before optimizer step,4.033528657881842,0.0,0.0,0.01303047518622439,0.0,,,,
moving_only_16,622,0.001,train-mode backward before optimizer step,4.1932562220565135,0.0,0.0,0.02465033319045593,0.0,,,,
moving_only_16,623,0.001,train-mode backward before optimizer step,3.5111785247388223,0.0,0.0,0.024534125857526935,0.0,,,,
moving_only_16,624,0.001,train-mode backward before optimizer step,3.9258521719609787,0.0,0.0,0.0244858380337258,0.0,,,,
moving_only_16,625,0.001,train-mode backward before optimizer step,2.960368778068685,0.0,0.0,0.02465033319045593,0.0,,,,
moving_only_16,626,0.001,train-mode backward before optimizer step,3.416974599410694,0.0,0.0,0.010373711312435299,0.0,,,,
moving_only_16,627,0.001,train-mode backward before optimizer step,3.810408919795728,0.0,0.0,0.024892878446590785,0.0,,,,
moving_only_16,628,0.001,train-mode backward before optimizer step,3.621475197994746,0.0,0.0,0.024534125857526935,0.0,,,,
moving_only_16,629,0.001,train-mode backward before optimizer step,2.5835776949547067,0.0,0.0,0.02465033319045593,0.0,,,,
moving_only_16,630,0.001,train-mode backward before optimizer step,3.34321693501326,0.0,0.0,0.02465033319045593,0.0,48.73251724243164,1.0,1.0,49.5347785949707
moving_only_16,631,0.001,train-mode backward before optimizer step,3.274986791555349,0.0,0.0,0.02465033319045593,0.0,,,,
moving_only_16,632,0.001,train-mode backward before optimizer step,3.6447419201537996,0.0,0.0,0.0244858380337258,0.0,,,,
moving_only_16,633,0.001,train-mode backward before optimizer step,2.4046081979438254,0.0,0.0,0.010373711312435299,0.0,,,,
moving_only_16,634,0.001,train-mode backward before optimizer step,3.545615710128162,0.0,0.0,0.0244858380337258,0.0,,,,
moving_only_16,635,0.001,train-mode backward before optimizer step,3.3025288483241595,0.0,0.0,0.0244858380337258,0.0,,,,
moving_only_16,636,0.001,train-mode backward before optimizer step,4.1403883473615934,0.0,0.0,0.02465033319045593,0.0,,,,
moving_only_16,637,0.001,train-mode backward before optimizer step,3.209854675341141,0.0,0.0,0.02465033319045593,0.0,,,,
moving_only_16,638,0.001,train-mode backward before optimizer step,3.9052672477004142,0.0,0.0,0.01303047518622439,0.0,,,,
moving_only_16,639,0.001,train-mode backward before optimizer step,3.6036525415825964,0.0,0.0,0.02465033319045593,0.0,,,,
moving_only_16,640,0.001,train-mode backward before optimizer step,3.5893110944988877,0.0,0.0,0.010373711312435299,0.0,48.53349304199219,1.0,1.0,49.5347785949707
moving_only_16,641,0.001,train-mode backward before optimizer step,2.690708858675896,0.0,0.0,0.007897556852949688,0.0,,,,
moving_only_16,642,0.001,train-mode backward before optimizer step,2.7318210717709013,0.0,0.0,0.007897556852949688,0.0,,,,
moving_only_16,643,0.001,train-mode backward before optimizer step,3.4876736668275035,0.0,0.0,0.01303047518622439,0.0,,,,
moving_only_16,644,0.001,train-mode backward before optimizer step,2.7942533972160835,0.0,0.0,0.007897556852949688,0.0,,,,
moving_only_16,645,0.001,train-mode backward before optimizer step,3.7039757520160457,0.0,0.0,0.0244858380337258,0.0,,,,
moving_only_16,646,0.001,train-mode backward before optimizer step,3.7456806259322066,0.0,0.0,0.0244858380337258,0.0,,,,
moving_only_16,647,0.001,train-mode backward before optimizer step,3.1153718051241173,0.0,0.0,0.0244858380337258,0.0,,,,
moving_only_16,648,0.001,train-mode backward before optimizer step,3.5423008390979254,0.0,0.0,0.02465033319045593,0.0,,,,
moving_only_16,649,0.001,train-mode backward before optimizer step,2.432846420273755,0.0,0.0,0.009822973529069646,0.0,,,,
moving_only_16,650,0.001,train-mode backward before optimizer step,2.7706893887113506,0.0,0.0,0.013661330675570228,0.0,49.27157974243164,1.0,1.0,49.5347785949707
moving_only_16,651,0.001,train-mode backward before optimizer step,2.5504008203276785,0.0,0.0,0.007897556852949688,0.0,,,,
moving_only_16,652,0.001,train-mode backward before optimizer step,2.7811906010351257,0.0,0.0,0.024534125857526935,0.0,,,,
moving_only_16,653,0.001,train-mode backward before optimizer step,4.186793605181547,0.0,0.0,0.024534125857526935,0.0,,,,
moving_only_16,654,0.001,train-mode backward before optimizer step,3.5722494003129994,0.0,0.0,0.024892878446590785,0.0,,,,
moving_only_16,655,0.001,train-mode backward before optimizer step,2.727561013356905,0.0,0.0,0.010373711312435299,0.0,,,,
moving_only_16,656,0.001,train-mode backward before optimizer step,2.521522667745359,0.0,0.0,0.010373711312435299,0.0,,,,
moving_only_16,657,0.001,train-mode backward before optimizer step,3.9077631481669433,0.0,0.0,0.0244858380337258,0.0,,,,
moving_only_16,658,0.001,train-mode backward before optimizer step,2.8987346508060137,0.0,0.0,0.024892878446590785,0.0,,,,
moving_only_16,659,0.001,train-mode backward before optimizer step,3.5064995359929756,0.0,0.0,0.024892878446590785,0.0,,,,
moving_only_16,660,0.001,train-mode backward before optimizer step,3.3600470629253216,0.0,0.0,0.024534125857526935,0.0,48.753910064697266,1.0,1.0,49.5347785949707
moving_only_16,661,0.001,train-mode backward before optimizer step,3.7250681005715407,0.0,0.0,0.02465033319045593,0.0,,,,
moving_only_16,662,0.001,train-mode backward before optimizer step,3.6005509096395185,0.0,0.0,0.024892878446590785,0.0,,,,
moving_only_16,663,0.001,train-mode backward before optimizer step,2.809027462105304,0.0,0.0,0.0244858380337258,0.0,,,,
moving_only_16,664,0.001,train-mode backward before optimizer step,3.622120329504136,0.0,0.0,0.024534125857526935,0.0,,,,
moving_only_16,665,0.001,train-mode backward before optimizer step,3.417946043052826,0.0,0.0,0.024892878446590785,0.0,,,,
moving_only_16,666,0.001,train-mode backward before optimizer step,3.2176855720628628,0.0,0.0,0.024892878446590785,0.0,,,,
moving_only_16,667,0.001,train-mode backward before optimizer step,2.2449563413875446,0.0,0.0,0.007897556852949688,0.0,,,,
moving_only_16,668,0.001,train-mode backward before optimizer step,3.2433302046527492,0.0,0.0,0.013661330675570228,0.0,,,,
moving_only_16,669,0.001,train-mode backward before optimizer step,2.9093948285816205,0.0,0.0,0.013661330675570228,0.0,,,,
moving_only_16,670,0.001,train-mode backward before optimizer step,2.2377198736106165,0.0,0.0,0.024534125857526935,0.0,48.80039596557617,1.0,1.0,49.5347785949707
moving_only_16,671,0.001,train-mode backward before optimizer step,2.8259697982777467,0.0,0.0,0.024534125857526935,0.0,,,,
moving_only_16,672,0.001,train-mode backward before optimizer step,3.417824154472319,0.0,0.0,0.02465033319045593,0.0,,,,
moving_only_16,673,0.001,train-mode backward before optimizer step,3.915510634511107,0.0,0.0,0.01303047518622439,0.0,,,,
moving_only_16,674,0.001,train-mode backward before optimizer step,2.786591311705839,0.0,0.0,0.024534125857526935,0.0,,,,
moving_only_16,675,0.001,train-mode backward before optimizer step,3.572516053246523,0.0,0.0,0.0244858380337258,0.0,,,,
moving_only_16,676,0.001,train-mode backward before optimizer step,3.661971569981251,0.0,0.0,0.02465033319045593,0.0,,,,
moving_only_16,677,0.001,train-mode backward before optimizer step,3.341329462931355,0.0,0.0,0.024892878446590785,0.0,,,,
moving_only_16,678,0.001,train-mode backward before optimizer step,2.401988662160667,0.0,0.0,0.009822973529069646,0.0,,,,
moving_only_16,679,0.001,train-mode backward before optimizer step,3.476784766038023,0.0,0.0,0.024534125857526935,0.0,,,,
moving_only_16,680,0.001,train-mode backward before optimizer step,3.216891896202388,0.0,0.0,0.024892878446590785,0.0,48.9166259765625,1.0,1.0,49.5347785949707
moving_only_16,681,0.001,train-mode backward before optimizer step,3.623073691853481,0.0,0.0,0.024892878446590785,0.0,,,,
moving_only_16,682,0.001,train-mode backward before optimizer step,2.9514818791586204,0.0,0.0,0.024534125857526935,0.0,,,,
moving_only_16,683,0.001,train-mode backward before optimizer step,3.1094564280813612,0.0,0.0,0.02465033319045593,0.0,,,,
moving_only_16,684,0.001,train-mode backward before optimizer step,3.1765151024175378,0.0,0.0,0.0244858380337258,0.0,,,,
moving_only_16,685,0.001,train-mode backward before optimizer step,3.4201986362678194,0.0,0.0,0.0244858380337258,0.0,,,,
moving_only_16,686,0.001,train-mode backward before optimizer step,3.270662604285595,0.0,0.0,0.024534125857526935,0.0,,,,
moving_only_16,687,0.001,train-mode backward before optimizer step,2.9166258761011377,0.0,0.0,0.01303047518622439,0.0,,,,
moving_only_16,688,0.001,train-mode backward before optimizer step,3.380120478842717,0.0,0.0,0.02465033319045593,0.0,,,,
moving_only_16,689,0.001,train-mode backward before optimizer step,2.4706060233806073,0.0,0.0,0.008433707032343415,0.0,,,,
moving_only_16,690,0.001,train-mode backward before optimizer step,3.1209161876565337,0.0,0.0,0.013661330675570228,0.0,48.648101806640625,1.0,1.0,49.5347785949707
moving_only_16,691,0.001,train-mode backward before optimizer step,3.8407556721005736,0.0,0.0,0.0244858380337258,0.0,,,,
moving_only_16,692,0.001,train-mode backward before optimizer step,3.327313948082429,0.0,0.0,0.024892878446590785,0.0,,,,
moving_only_16,693,0.001,train-mode backward before optimizer step,3.7610087921913617,0.0,0.0,0.0244858380337258,0.0,,,,
moving_only_16,694,0.001,train-mode backward before optimizer step,3.2561439118349584,0.0,0.0,0.01303047518622439,0.0,,,,
moving_only_16,695,0.001,train-mode backward before optimizer step,4.303206229930768,0.0,0.0,0.0244858380337258,0.0,,,,
moving_only_16,696,0.001,train-mode backward before optimizer step,3.740852539796234,0.0,0.0,0.013661330675570228,0.0,,,,
moving_only_16,697,0.001,train-mode backward before optimizer step,3.354036428475502,0.0,0.0,0.02465033319045593,0.0,,,,
moving_only_16,698,0.001,train-mode backward before optimizer step,3.083375388506623,0.0,0.0,0.02465033319045593,0.0,,,,
moving_only_16,699,0.001,train-mode backward before optimizer step,4.049259889222719,0.0,0.0,0.024534125857526935,0.0,,,,
moving_only_16,700,0.001,train-mode backward before optimizer step,4.456839338026502,0.0,0.0,0.02465033319045593,0.0,48.72177505493164,1.0,1.0,49.5347785949707
moving_only_16,701,0.001,train-mode backward before optimizer step,2.938804184870158,0.0,0.0,0.0244858380337258,0.0,,,,
moving_only_16,702,0.001,train-mode backward before optimizer step,2.2431322544976653,0.0,0.0,0.010373711312435299,0.0,,,,
moving_only_16,703,0.001,train-mode backward before optimizer step,3.677863366410448,0.0,0.0,0.024534125857526935,0.0,,,,
moving_only_16,704,0.001,train-mode backward before optimizer step,2.9883219500537046,0.0,0.0,0.0244858380337258,0.0,,,,
moving_only_16,705,0.001,train-mode backward before optimizer step,2.8403292154863395,0.0,0.0,0.01303047518622439,0.0,,,,
moving_only_16,706,0.001,train-mode backward before optimizer step,3.250073007494542,0.0,0.0,0.02465033319045593,0.0,,,,
moving_only_16,707,0.001,train-mode backward before optimizer step,3.9581407650835376,0.0,0.0,0.024892878446590785,0.0,,,,
moving_only_16,708,0.001,train-mode backward before optimizer step,4.306733652725474,0.0,0.0,0.02465033319045593,0.0,,,,
moving_only_16,709,0.001,train-mode backward before optimizer step,3.1902322342839224,0.0,0.0,0.0244858380337258,0.0,,,,
moving_only_16,710,0.001,train-mode backward before optimizer step,2.9892958724660614,0.0,0.0,0.010373711312435299,0.0,49.081703186035156,1.0,1.0,49.5347785949707
moving_only_16,711,0.001,train-mode backward before optimizer step,4.351903048974919,0.0,0.0,0.024892878446590785,0.0,,,,
moving_only_16,712,0.001,train-mode backward before optimizer step,2.9332719621703394,0.0,0.0,0.01303047518622439,0.0,,,,
moving_only_16,713,0.001,train-mode backward before optimizer step,3.4832170512566294,0.0,0.0,0.02465033319045593,0.0,,,,
moving_only_16,714,0.001,train-mode backward before optimizer step,3.847158600691902,0.0,0.0,0.024534125857526935,0.0,,,,
moving_only_16,715,0.001,train-mode backward before optimizer step,4.220363192040409,0.0,0.0,0.0244858380337258,0.0,,,,
moving_only_16,716,0.001,train-mode backward before optimizer step,3.7686696724642763,0.0,0.0,0.010373711312435299,0.0,,,,
moving_only_16,717,0.001,train-mode backward before optimizer step,2.2960031650467974,0.0,0.0,0.01303047518622439,0.0,,,,
moving_only_16,718,0.001,train-mode backward before optimizer step,3.991455972873887,0.0,0.0,0.009822973529069646,0.0,,,,
moving_only_16,719,0.001,train-mode backward before optimizer step,3.9925313164417457,0.0,0.0,0.024534125857526935,0.0,,,,
moving_only_16,720,0.001,train-mode backward before optimizer step,3.9802325947568997,0.0,0.0,0.02465033319045593,0.0,48.85816192626953,1.0,1.0,49.5347785949707
moving_only_16,721,0.001,train-mode backward before optimizer step,3.5052970203365947,0.0,0.0,0.024534125857526935,0.0,,,,
moving_only_16,722,0.001,train-mode backward before optimizer step,3.695124451771231,0.0,0.0,0.0244858380337258,0.0,,,,
moving_only_16,723,0.001,train-mode backward before optimizer step,3.6921417606818703,0.0,0.0,0.024534125857526935,0.0,,,,
moving_only_16,724,0.001,train-mode backward before optimizer step,3.5400169732851205,0.0,0.0,0.02465033319045593,0.0,,,,
moving_only_16,725,0.001,train-mode backward before optimizer step,2.616492555977186,0.0,0.0,0.007897556852949688,0.0,,,,
moving_only_16,726,0.001,train-mode backward before optimizer step,2.9941594414698014,0.0,0.0,0.0244858380337258,0.0,,,,
moving_only_16,727,0.001,train-mode backward before optimizer step,3.7236140671199154,0.0,0.0,0.02465033319045593,0.0,,,,
moving_only_16,728,0.001,train-mode backward before optimizer step,4.4793033885850235,0.0,0.0,0.024534125857526935,0.0,,,,
moving_only_16,729,0.001,train-mode backward before optimizer step,3.4879565624441224,0.0,0.0,0.01303047518622439,0.0,,,,
moving_only_16,730,0.001,train-mode backward before optimizer step,3.5881710781011518,0.0,0.0,0.0244858380337258,0.0,49.03837585449219,1.0,1.0,49.5347785949707
moving_only_16,731,0.001,train-mode backward before optimizer step,2.810464144637738,0.0,0.0,0.024534125857526935,0.0,,,,
moving_only_16,732,0.001,train-mode backward before optimizer step,3.9805946159231955,0.0,0.0,0.02465033319045593,0.0,,,,
moving_only_16,733,0.001,train-mode backward before optimizer step,3.4398550259870775,0.0,0.0,0.013661330675570228,0.0,,,,
moving_only_16,734,0.001,train-mode backward before optimizer step,3.655181983489609,0.0,0.0,0.024534125857526935,0.0,,,,
moving_only_16,735,0.001,train-mode backward before optimizer step,2.9367800832906146,0.0,0.0,0.0244858380337258,0.0,,,,
moving_only_16,736,0.001,train-mode backward before optimizer step,3.42403576896772,0.0,0.0,0.0244858380337258,0.0,,,,
moving_only_16,737,0.001,train-mode backward before optimizer step,3.2137912349022097,0.0,0.0,0.0244858380337258,0.0,,,,
moving_only_16,738,0.001,train-mode backward before optimizer step,3.4971130002262276,0.0,0.0,0.0244858380337258,0.0,,,,
moving_only_16,739,0.001,train-mode backward before optimizer step,3.1847308370675527,0.0,0.0,0.024892878446590785,0.0,,,,
moving_only_16,740,0.001,train-mode backward before optimizer step,2.5495932194565123,0.0,0.0,0.008433707032343415,0.0,48.84251022338867,1.0,1.0,49.5347785949707
moving_only_16,741,0.001,train-mode backward before optimizer step,3.59312016777909,0.0,0.0,0.02465033319045593,0.0,,,,
moving_only_16,742,0.001,train-mode backward before optimizer step,2.9979514283023128,0.0,0.0,0.02465033319045593,0.0,,,,
moving_only_16,743,0.001,train-mode backward before optimizer step,3.283701841505035,0.0,0.0,0.024534125857526935,0.0,,,,
moving_only_16,744,0.001,train-mode backward before optimizer step,3.697908983931026,0.0,0.0,0.02465033319045593,0.0,,,,
moving_only_16,745,0.001,train-mode backward before optimizer step,3.3851782383182085,0.0,0.0,0.0244858380337258,0.0,,,,
moving_only_16,746,0.001,train-mode backward before optimizer step,4.13502238219148,0.0,0.0,0.024534125857526935,0.0,,,,
moving_only_16,747,0.001,train-mode backward before optimizer step,2.3395301546358698,0.0,0.0,0.009822973529069646,0.0,,,,
moving_only_16,748,0.001,train-mode backward before optimizer step,3.4703632885947773,0.0,0.0,0.02465033319045593,0.0,,,,
moving_only_16,749,0.001,train-mode backward before optimizer step,2.9154337064374416,0.0,0.0,0.010373711312435299,0.0,,,,
moving_only_16,750,0.001,train-mode backward before optimizer step,3.2294404322590973,0.0,0.0,0.024534125857526935,0.0,48.97358322143555,1.0,1.0,49.5347785949707
moving_only_16,751,0.001,train-mode backward before optimizer step,3.8000760315681172,0.0,0.0,0.024534125857526935,0.0,,,,
moving_only_16,752,0.001,train-mode backward before optimizer step,2.7925440413244402,0.0,0.0,0.02465033319045593,0.0,,,,
moving_only_16,753,0.001,train-mode backward before optimizer step,2.129440072436451,0.0,0.0,0.01303047518622439,0.0,,,,
moving_only_16,754,0.001,train-mode backward before optimizer step,3.077615155389898,0.0,0.0,0.02465033319045593,0.0,,,,
moving_only_16,755,0.001,train-mode backward before optimizer step,2.8034167797839573,0.0,0.0,0.008433707032343415,0.0,,,,
moving_only_16,756,0.001,train-mode backward before optimizer step,3.7499538037925646,0.0,0.0,0.0244858380337258,0.0,,,,
moving_only_16,757,0.001,train-mode backward before optimizer step,2.306319391659514,0.0,0.0,0.01303047518622439,0.0,,,,
moving_only_16,758,0.001,train-mode backward before optimizer step,3.205661914510737,0.0,0.0,0.0244858380337258,0.0,,,,
moving_only_16,759,0.001,train-mode backward before optimizer step,2.4580175938947706,0.0,0.0,0.007897556852949688,0.0,,,,
moving_only_16,760,0.001,train-mode backward before optimizer step,2.6939825894410103,0.0,0.0,0.02465033319045593,0.0,48.861549377441406,1.0,1.0,49.5347785949707
moving_only_16,761,0.001,train-mode backward before optimizer step,3.0719047441736076,0.0,0.0,0.02465033319045593,0.0,,,,
moving_only_16,762,0.001,train-mode backward before optimizer step,2.590110399518815,0.0,0.0,0.008433707032343415,0.0,,,,
moving_only_16,763,0.001,train-mode backward before optimizer step,2.852677487332109,0.0,0.0,0.02465033319045593,0.0,,,,
moving_only_16,764,0.001,train-mode backward before optimizer step,2.5498999738767716,0.0,0.0,0.02465033319045593,0.0,,,,
moving_only_16,765,0.001,train-mode backward before optimizer step,3.4518776633898396,0.0,0.0,0.024534125857526935,0.0,,,,
moving_only_16,766,0.001,train-mode backward before optimizer step,2.867203947653224,0.0,0.0,0.010373711312435299,0.0,,,,
moving_only_16,767,0.001,train-mode backward before optimizer step,3.5329767331239115,0.0,0.0,0.024534125857526935,0.0,,,,
moving_only_16,768,0.001,train-mode backward before optimizer step,2.448906360232511,0.0,0.0,0.024534125857526935,0.0,,,,
moving_only_16,769,0.001,train-mode backward before optimizer step,3.129847555046464,0.0,0.0,0.0244858380337258,0.0,,,,
moving_only_16,770,0.001,train-mode backward before optimizer step,3.335958126701237,0.0,0.0,0.02465033319045593,0.0,49.002716064453125,1.0,1.0,49.5347785949707
moving_only_16,771,0.001,train-mode backward before optimizer step,2.6981866398151197,0.0,0.0,0.009822973529069646,0.0,,,,
moving_only_16,772,0.001,train-mode backward before optimizer step,4.3873878745282076,0.0,0.0,0.024534125857526935,0.0,,,,
moving_only_16,773,0.001,train-mode backward before optimizer step,3.7416234238783797,0.0,0.0,0.0244858380337258,0.0,,,,
moving_only_16,774,0.001,train-mode backward before optimizer step,3.2264185812923234,0.0,0.0,0.009822973529069646,0.0,,,,
moving_only_16,775,0.001,train-mode backward before optimizer step,3.87284622173813,0.0,0.0,0.0244858380337258,0.0,,,,
moving_only_16,776,0.001,train-mode backward before optimizer step,3.340242087095993,0.0,0.0,0.0244858380337258,0.0,,,,
moving_only_16,777,0.001,train-mode backward before optimizer step,3.1171671947081503,0.0,0.0,0.024534125857526935,0.0,,,,
moving_only_16,778,0.001,train-mode backward before optimizer step,3.36170717912252,0.0,0.0,0.024892878446590785,0.0,,,,
moving_only_16,779,0.001,train-mode backward before optimizer step,3.8366714154694246,0.0,0.0,0.02465033319045593,0.0,,,,
moving_only_16,780,0.001,train-mode backward before optimizer step,4.176129808044431,0.0,0.0,0.0244858380337258,0.0,48.73320388793945,1.0,1.0,49.5347785949707
moving_only_16,781,0.001,train-mode backward before optimizer step,3.4311200993526,0.0,0.0,0.02465033319045593,0.0,,,,
moving_only_16,782,0.001,train-mode backward before optimizer step,3.212892440271983,0.0,0.0,0.008433707032343415,0.0,,,,
moving_only_16,783,0.001,train-mode backward before optimizer step,3.6868488926744987,0.0,0.0,0.02465033319045593,0.0,,,,
moving_only_16,784,0.001,train-mode backward before optimizer step,3.943374895397302,0.0,0.0,0.013661330675570228,0.0,,,,
moving_only_16,785,0.001,train-mode backward before optimizer step,4.29050302467365,0.0,0.0,0.02465033319045593,0.0,,,,
moving_only_16,786,0.001,train-mode backward before optimizer step,2.8276381055152906,0.0,0.0,0.008433707032343415,0.0,,,,
moving_only_16,787,0.001,train-mode backward before optimizer step,3.2853050878655097,0.0,0.0,0.007897556852949688,0.0,,,,
moving_only_16,788,0.001,train-mode backward before optimizer step,3.2434164907231984,0.0,0.0,0.02465033319045593,0.0,,,,
moving_only_16,789,0.001,train-mode backward before optimizer step,3.1316127995422467,0.0,0.0,0.02465033319045593,0.0,,,,
moving_only_16,790,0.001,train-mode backward before optimizer step,3.1219959288004655,0.0,0.0,0.0244858380337258,0.0,48.851356506347656,1.0,1.0,49.5347785949707
moving_only_16,791,0.001,train-mode backward before optimizer step,3.1077839021766374,0.0,0.0,0.0244858380337258,0.0,,,,
moving_only_16,792,0.001,train-mode backward before optimizer step,3.3190809127610565,0.0,0.0,0.010373711312435299,0.0,,,,
moving_only_16,793,0.001,train-mode backward before optimizer step,3.9996352172021794,0.0,0.0,0.024892878446590785,0.0,,,,
moving_only_16,794,0.001,train-mode backward before optimizer step,3.1726940930123737,0.0,0.0,0.024534125857526935,0.0,,,,
moving_only_16,795,0.001,train-mode backward before optimizer step,4.020897351219966,0.0,0.0,0.0244858380337258,0.0,,,,
moving_only_16,796,0.001,train-mode backward before optimizer step,2.643209352962481,0.0,0.0,0.0244858380337258,0.0,,,,
moving_only_16,797,0.001,train-mode backward before optimizer step,3.341398648203881,0.0,0.0,0.0244858380337258,0.0,,,,
moving_only_16,798,0.001,train-mode backward before optimizer step,2.997031894708537,0.0,0.0,0.0244858380337258,0.0,,,,
moving_only_16,799,0.001,train-mode backward before optimizer step,2.3891401263260854,0.0,0.0,0.007897556852949688,0.0,,,,
moving_only_16,800,0.001,train-mode backward before optimizer step,2.209794053437679,0.0,0.0,0.01303047518622439,0.0,49.15618896484375,1.0,1.0,49.5347785949707
moving_only_16,801,0.001,train-mode backward before optimizer step,2.962190748918337,0.0,0.0,0.01303047518622439,0.0,,,,
moving_only_16,802,0.001,train-mode backward before optimizer step,3.946569064869674,0.0,0.0,0.0244858380337258,0.0,,,,
moving_only_16,803,0.001,train-mode backward before optimizer step,3.9006791165731602,0.0,0.0,0.024534125857526935,0.0,,,,
moving_only_16,804,0.001,train-mode backward before optimizer step,3.075116005633063,0.0,0.0,0.0244858380337258,0.0,,,,
moving_only_16,805,0.001,train-mode backward before optimizer step,3.631298612833342,0.0,0.0,0.0244858380337258,0.0,,,,
moving_only_16,806,0.001,train-mode backward before optimizer step,3.0821880319638155,0.0,0.0,0.01303047518622439,0.0,,,,
moving_only_16,807,0.001,train-mode backward before optimizer step,3.2284700016904164,0.0,0.0,0.0244858380337258,0.0,,,,
moving_only_16,808,0.001,train-mode backward before optimizer step,2.844396934632422,0.0,0.0,0.0244858380337258,0.0,,,,
moving_only_16,809,0.001,train-mode backward before optimizer step,3.765348556751924,0.0,0.0,0.0244858380337258,0.0,,,,
moving_only_16,810,0.001,train-mode backward before optimizer step,2.840380416323873,0.0,0.0,0.01303047518622439,0.0,48.82587432861328,1.0,1.0,49.5347785949707
moving_only_16,811,0.001,train-mode backward before optimizer step,3.638049720552925,0.0,0.0,0.024534125857526935,0.0,,,,
moving_only_16,812,0.001,train-mode backward before optimizer step,2.7546539687905693,0.0,0.0,0.009822973529069646,0.0,,,,
moving_only_16,813,0.001,train-mode backward before optimizer step,3.0453270248116717,0.0,0.0,0.01303047518622439,0.0,,,,
moving_only_16,814,0.001,train-mode backward before optimizer step,4.289672364321508,0.0,0.0,0.0244858380337258,0.0,,,,
moving_only_16,815,0.001,train-mode backward before optimizer step,3.486992199781433,0.0,0.0,0.02465033319045593,0.0,,,,
moving_only_16,816,0.001,train-mode backward before optimizer step,3.4246887945958036,0.0,0.0,0.0244858380337258,0.0,,,,
moving_only_16,817,0.001,train-mode backward before optimizer step,3.548827345213912,0.0,0.0,0.0244858380337258,0.0,,,,
moving_only_16,818,0.001,train-mode backward before optimizer step,3.1514776505467377,0.0,0.0,0.007897556852949688,0.0,,,,
moving_only_16,819,0.001,train-mode backward before optimizer step,3.909487210319126,0.0,0.0,0.01303047518622439,0.0,,,,
moving_only_16,820,0.001,train-mode backward before optimizer step,2.5335971173990917,0.0,0.0,0.02465033319045593,0.0,47.93440246582031,1.0,1.0,49.5347785949707
moving_only_16,821,0.001,train-mode backward before optimizer step,3.968082204317623,0.0,0.0,0.0244858380337258,0.0,,,,
moving_only_16,822,0.001,train-mode backward before optimizer step,4.082664087925558,0.0,0.0,0.024892878446590785,0.0,,,,
moving_only_16,823,0.001,train-mode backward before optimizer step,3.093566617461838,0.0,0.0,0.0244858380337258,0.0,,,,
moving_only_16,824,0.001,train-mode backward before optimizer step,2.5761192766209797,0.0,0.0,0.009822973529069646,0.0,,,,
moving_only_16,825,0.001,train-mode backward before optimizer step,3.0888499400411247,0.0,0.0,0.02465033319045593,0.0,,,,
moving_only_16,826,0.001,train-mode backward before optimizer step,3.1703198200576628,0.0,0.0,0.0244858380337258,0.0,,,,
moving_only_16,827,0.001,train-mode backward before optimizer step,3.9768738113249262,0.0,0.0,0.024534125857526935,0.0,,,,
moving_only_16,828,0.001,train-mode backward before optimizer step,3.785964177277828,0.0,0.0,0.024534125857526935,0.0,,,,
moving_only_16,829,0.001,train-mode backward before optimizer step,3.2080464391182995,0.0,0.0,0.02465033319045593,0.0,,,,
moving_only_16,830,0.001,train-mode backward before optimizer step,2.582412339826044,0.0,0.0,0.0244858380337258,0.0,48.86576461791992,1.0,1.0,49.5347785949707
moving_only_16,831,0.001,train-mode backward before optimizer step,3.097280397271959,0.0,0.0,0.013661330675570228,0.0,,,,
moving_only_16,832,0.001,train-mode backward before optimizer step,4.441082690963364,0.0,0.0,0.02465033319045593,0.0,,,,
moving_only_16,833,0.001,train-mode backward before optimizer step,3.4183335466023075,0.0,0.0,0.01303047518622439,0.0,,,,
moving_only_16,834,0.001,train-mode backward before optimizer step,3.115477654021073,0.0,0.0,0.024534125857526935,0.0,,,,
moving_only_16,835,0.001,train-mode backward before optimizer step,2.8226091347084017,0.0,0.0,0.013661330675570228,0.0,,,,
moving_only_16,836,0.001,train-mode backward before optimizer step,3.934932912642453,0.0,0.0,0.0244858380337258,0.0,,,,
moving_only_16,837,0.001,train-mode backward before optimizer step,3.1742755205796214,0.0,0.0,0.01303047518622439,0.0,,,,
moving_only_16,838,0.001,train-mode backward before optimizer step,2.4976021957430885,0.0,0.0,0.010373711312435299,0.0,,,,
moving_only_16,839,0.001,train-mode backward before optimizer step,3.3305205119642367,0.0,0.0,0.02465033319045593,0.0,,,,
moving_only_16,840,0.001,train-mode backward before optimizer step,4.252794385794459,0.0,0.0,0.02465033319045593,0.0,48.65546417236328,1.0,1.0,49.5347785949707
moving_only_16,841,0.001,train-mode backward before optimizer step,2.882806284115436,0.0,0.0,0.010373711312435299,0.0,,,,
moving_only_16,842,0.001,train-mode backward before optimizer step,3.5310687420412763,0.0,0.0,0.02465033319045593,0.0,,,,
moving_only_16,843,0.001,train-mode backward before optimizer step,3.129615567038672,0.0,0.0,0.024892878446590785,0.0,,,,
moving_only_16,844,0.001,train-mode backward before optimizer step,3.5690423414224832,0.0,0.0,0.024892878446590785,0.0,,,,
moving_only_16,845,0.001,train-mode backward before optimizer step,3.762584978604461,0.0,0.0,0.024892878446590785,0.0,,,,
moving_only_16,846,0.001,train-mode backward before optimizer step,4.060404309646076,0.0,0.0,0.01303047518622439,0.0,,,,
moving_only_16,847,0.001,train-mode backward before optimizer step,3.190131643934604,0.0,0.0,0.007897556852949688,0.0,,,,
moving_only_16,848,0.001,train-mode backward before optimizer step,2.6677903907476614,0.0,0.0,0.009822973529069646,0.0,,,,
moving_only_16,849,0.001,train-mode backward before optimizer step,2.9712247976650863,0.0,0.0,0.0244858380337258,0.0,,,,
moving_only_16,850,0.001,train-mode backward before optimizer step,4.058526396381051,0.0,0.0,0.024534125857526935,0.0,48.79710388183594,1.0,1.0,49.5347785949707
moving_only_16,851,0.001,train-mode backward before optimizer step,3.834575901079526,0.0,0.0,0.0244858380337258,0.0,,,,
moving_only_16,852,0.001,train-mode backward before optimizer step,4.048323158848047,0.0,0.0,0.024534125857526935,0.0,,,,
moving_only_16,853,0.001,train-mode backward before optimizer step,3.550818218000455,0.0,0.0,0.024892878446590785,0.0,,,,
moving_only_16,854,0.001,train-mode backward before optimizer step,2.5188685957407952,0.0,0.0,0.009822973529069646,0.0,,,,
moving_only_16,855,0.001,train-mode backward before optimizer step,3.4143986847512995,0.0,0.0,0.02465033319045593,0.0,,,,
moving_only_16,856,0.001,train-mode backward before optimizer step,2.4046309134463106,0.0,0.0,0.007897556852949688,0.0,,,,
moving_only_16,857,0.001,train-mode backward before optimizer step,2.982523472120284,0.0,0.0,0.02465033319045593,0.0,,,,
moving_only_16,858,0.001,train-mode backward before optimizer step,2.693686411578172,0.0,0.0,0.007897556852949688,0.0,,,,
moving_only_16,859,0.001,train-mode backward before optimizer step,3.8677793643345786,0.0,0.0,0.024892878446590785,0.0,,,,
moving_only_16,860,0.001,train-mode backward before optimizer step,3.7953843334113246,0.0,0.0,0.024534125857526935,0.0,49.083412170410156,1.0,1.0,49.5347785949707
moving_only_16,861,0.001,train-mode backward before optimizer step,3.5394795045531695,0.0,0.0,0.0244858380337258,0.0,,,,
moving_only_16,862,0.001,train-mode backward before optimizer step,3.527138837927691,0.0,0.0,0.0244858380337258,0.0,,,,
moving_only_16,863,0.001,train-mode backward before optimizer step,3.233730698295658,0.0,0.0,0.024534125857526935,0.0,,,,
moving_only_16,864,0.001,train-mode backward before optimizer step,2.79347144458586,0.0,0.0,0.01303047518622439,0.0,,,,
moving_only_16,865,0.001,train-mode backward before optimizer step,3.519174766044668,0.0,0.0,0.024534125857526935,0.0,,,,
moving_only_16,866,0.001,train-mode backward before optimizer step,3.17816925504595,0.0,0.0,0.010373711312435299,0.0,,,,
moving_only_16,867,0.001,train-mode backward before optimizer step,3.0518593747561145,0.0,0.0,0.024892878446590785,0.0,,,,
moving_only_16,868,0.001,train-mode backward before optimizer step,3.9834025166932916,0.0,0.0,0.024892878446590785,0.0,,,,
moving_only_16,869,0.001,train-mode backward before optimizer step,2.276217585541186,0.0,0.0,0.024892878446590785,0.0,,,,
moving_only_16,870,0.001,train-mode backward before optimizer step,4.318475751069724,0.0,0.0,0.0244858380337258,0.0,48.84367370605469,1.0,1.0,49.5347785949707
moving_only_16,871,0.001,train-mode backward before optimizer step,2.8910299862911395,0.0,0.0,0.024534125857526935,0.0,,,,
moving_only_16,872,0.001,train-mode backward before optimizer step,3.0191617257040795,0.0,0.0,0.010373711312435299,0.0,,,,
moving_only_16,873,0.001,train-mode backward before optimizer step,2.6625587456678512,0.0,0.0,0.010373711312435299,0.0,,,,
moving_only_16,874,0.001,train-mode backward before optimizer step,3.895488599418702,0.0,0.0,0.02465033319045593,0.0,,,,
moving_only_16,875,0.001,train-mode backward before optimizer step,3.301057810841215,0.0,0.0,0.009822973529069646,0.0,,,,
moving_only_16,876,0.001,train-mode backward before optimizer step,3.1644224167915276,0.0,0.0,0.024534125857526935,0.0,,,,
moving_only_16,877,0.001,train-mode backward before optimizer step,3.312628807887594,0.0,0.0,0.0244858380337258,0.0,,,,
moving_only_16,878,0.001,train-mode backward before optimizer step,3.5473512642224763,0.0,0.0,0.02465033319045593,0.0,,,,
moving_only_16,879,0.001,train-mode backward before optimizer step,3.5857386901077932,0.0,0.0,0.02465033319045593,0.0,,,,
moving_only_16,880,0.001,train-mode backward before optimizer step,2.8960107294614015,0.0,0.0,0.013661330675570228,0.0,48.61102294921875,1.0,1.0,49.5347785949707
moving_only_16,881,0.001,train-mode backward before optimizer step,3.2985387408396254,0.0,0.0,0.0244858380337258,0.0,,,,
moving_only_16,882,0.001,train-mode backward before optimizer step,3.446866437336158,0.0,0.0,0.024534125857526935,0.0,,,,
moving_only_16,883,0.001,train-mode backward before optimizer step,3.370881279168877,0.0,0.0,0.009822973529069646,0.0,,,,
moving_only_16,884,0.001,train-mode backward before optimizer step,3.277854731849477,0.0,0.0,0.009822973529069646,0.0,,,,
moving_only_16,885,0.001,train-mode backward before optimizer step,2.5884108237632857,0.0,0.0,0.0244858380337258,0.0,,,,
moving_only_16,886,0.001,train-mode backward before optimizer step,3.0408615214168844,0.0,0.0,0.0244858380337258,0.0,,,,
moving_only_16,887,0.001,train-mode backward before optimizer step,3.127049634847042,0.0,0.0,0.02465033319045593,0.0,,,,
moving_only_16,888,0.001,train-mode backward before optimizer step,3.3827581781419145,0.0,0.0,0.02465033319045593,0.0,,,,
moving_only_16,889,0.001,train-mode backward before optimizer step,3.460523022695902,0.0,0.0,0.02465033319045593,0.0,,,,
moving_only_16,890,0.001,train-mode backward before optimizer step,3.248198475574768,0.0,0.0,0.024534125857526935,0.0,48.99817657470703,1.0,1.0,49.5347785949707
moving_only_16,891,0.001,train-mode backward before optimizer step,2.6108298422186764,0.0,0.0,0.009822973529069646,0.0,,,,
moving_only_16,892,0.001,train-mode backward before optimizer step,2.272882747163044,0.0,0.0,0.010373711312435299,0.0,,,,
moving_only_16,893,0.001,train-mode backward before optimizer step,3.744764658955287,0.0,0.0,0.0244858380337258,0.0,,,,
moving_only_16,894,0.001,train-mode backward before optimizer step,3.155896286739781,0.0,0.0,0.01303047518622439,0.0,,,,
moving_only_16,895,0.001,train-mode backward before optimizer step,2.190307320368162,0.0,0.0,0.007897556852949688,0.0,,,,
moving_only_16,896,0.001,train-mode backward before optimizer step,1.9977377759367356,0.0,0.0,0.007897556852949688,0.0,,,,
moving_only_16,897,0.001,train-mode backward before optimizer step,3.1928134675067334,0.0,0.0,0.0244858380337258,0.0,,,,
moving_only_16,898,0.001,train-mode backward before optimizer step,2.731626740178465,0.0,0.0,0.024534125857526935,0.0,,,,
moving_only_16,899,0.001,train-mode backward before optimizer step,3.4930650984102316,0.0,0.0,0.02465033319045593,0.0,,,,
moving_only_16,900,0.001,train-mode backward before optimizer step,4.1106329914041,0.0,0.0,0.024892878446590785,0.0,49.13273239135742,1.0,1.0,49.5347785949707
moving_only_16,901,0.001,train-mode backward before optimizer step,3.541908682845767,0.0,0.0,0.024534125857526935,0.0,,,,
moving_only_16,902,0.001,train-mode backward before optimizer step,4.032766639338871,0.0,0.0,0.02465033319045593,0.0,,,,
moving_only_16,903,0.001,train-mode backward before optimizer step,3.4971948324229505,0.0,0.0,0.0244858380337258,0.0,,,,
moving_only_16,904,0.001,train-mode backward before optimizer step,3.193472280030391,0.0,0.0,0.010373711312435299,0.0,,,,
moving_only_16,905,0.001,train-mode backward before optimizer step,3.4861682082890444,0.0,0.0,0.02465033319045593,0.0,,,,
moving_only_16,906,0.001,train-mode backward before optimizer step,3.088091147279225,0.0,0.0,0.009822973529069646,0.0,,,,
moving_only_16,907,0.001,train-mode backward before optimizer step,3.144161107013588,0.0,0.0,0.013661330675570228,0.0,,,,
moving_only_16,908,0.001,train-mode backward before optimizer step,3.1617946137071664,0.0,0.0,0.009822973529069646,0.0,,,,
moving_only_16,909,0.001,train-mode backward before optimizer step,3.650987135880282,0.0,0.0,0.024892878446590785,0.0,,,,
moving_only_16,910,0.001,train-mode backward before optimizer step,3.650401878454977,0.0,0.0,0.024534125857526935,0.0,49.216835021972656,1.0,1.0,49.5347785949707
moving_only_16,911,0.001,train-mode backward before optimizer step,4.002139919118191,0.0,0.0,0.02465033319045593,0.0,,,,
moving_only_16,912,0.001,train-mode backward before optimizer step,3.3768361131028652,0.0,0.0,0.024534125857526935,0.0,,,,
moving_only_16,913,0.001,train-mode backward before optimizer step,3.781651653556084,0.0,0.0,0.009822973529069646,0.0,,,,
moving_only_16,914,0.001,train-mode backward before optimizer step,2.8204517948328105,0.0,0.0,0.013661330675570228,0.0,,,,
moving_only_16,915,0.001,train-mode backward before optimizer step,3.735099560022047,0.0,0.0,0.0244858380337258,0.0,,,,
moving_only_16,916,0.001,train-mode backward before optimizer step,3.2566453580944037,0.0,0.0,0.02465033319045593,0.0,,,,
moving_only_16,917,0.001,train-mode backward before optimizer step,3.6798207467722763,0.0,0.0,0.01303047518622439,0.0,,,,
moving_only_16,918,0.001,train-mode backward before optimizer step,3.7001951804648265,0.0,0.0,0.0244858380337258,0.0,,,,
moving_only_16,919,0.001,train-mode backward before optimizer step,2.7369948552442263,0.0,0.0,0.024892878446590785,0.0,,,,
moving_only_16,920,0.001,train-mode backward before optimizer step,3.8316758554108357,0.0,0.0,0.0244858380337258,0.0,48.87234878540039,1.0,1.0,49.5347785949707
moving_only_16,921,0.001,train-mode backward before optimizer step,3.457696179506451,0.0,0.0,0.0244858380337258,0.0,,,,
moving_only_16,922,0.001,train-mode backward before optimizer step,4.024607206027737,0.0,0.0,0.0244858380337258,0.0,,,,
moving_only_16,923,0.001,train-mode backward before optimizer step,4.193273872970461,0.0,0.0,0.0244858380337258,0.0,,,,
moving_only_16,924,0.001,train-mode backward before optimizer step,3.2008187065257236,0.0,0.0,0.01303047518622439,0.0,,,,
moving_only_16,925,0.001,train-mode backward before optimizer step,3.903278992340765,0.0,0.0,0.0244858380337258,0.0,,,,
moving_only_16,926,0.001,train-mode backward before optimizer step,3.1628070841141875,0.0,0.0,0.01303047518622439,0.0,,,,
moving_only_16,927,0.001,train-mode backward before optimizer step,3.5682323995105074,0.0,0.0,0.024892878446590785,0.0,,,,
moving_only_16,928,0.001,train-mode backward before optimizer step,3.3859762735950416,0.0,0.0,0.02465033319045593,0.0,,,,
moving_only_16,929,0.001,train-mode backward before optimizer step,2.9610905945867865,0.0,0.0,0.0244858380337258,0.0,,,,
moving_only_16,930,0.001,train-mode backward before optimizer step,3.6536035718445734,0.0,0.0,0.0244858380337258,0.0,49.30958938598633,1.0,1.0,49.5347785949707
moving_only_16,931,0.001,train-mode backward before optimizer step,3.8656808598137293,0.0,0.0,0.0244858380337258,0.0,,,,
moving_only_16,932,0.001,train-mode backward before optimizer step,3.102010107272706,0.0,0.0,0.009822973529069646,0.0,,,,
moving_only_16,933,0.001,train-mode backward before optimizer step,3.735726041141828,0.0,0.0,0.024892878446590785,0.0,,,,
moving_only_16,934,0.001,train-mode backward before optimizer step,2.523609793497656,0.0,0.0,0.02465033319045593,0.0,,,,
moving_only_16,935,0.001,train-mode backward before optimizer step,3.2339977252784684,0.0,0.0,0.0244858380337258,0.0,,,,
moving_only_16,936,0.001,train-mode backward before optimizer step,4.006654807933512,0.0,0.0,0.024534125857526935,0.0,,,,
moving_only_16,937,0.001,train-mode backward before optimizer step,2.6766851366288678,0.0,0.0,0.0244858380337258,0.0,,,,
moving_only_16,938,0.001,train-mode backward before optimizer step,3.8252705146541,0.0,0.0,0.0244858380337258,0.0,,,,
moving_only_16,939,0.001,train-mode backward before optimizer step,2.690064402839597,0.0,0.0,0.024534125857526935,0.0,,,,
moving_only_16,940,0.001,train-mode backward before optimizer step,3.894099200841176,0.0,0.0,0.013661330675570228,0.0,49.24277114868164,1.0,1.0,49.5347785949707
moving_only_16,941,0.001,train-mode backward before optimizer step,3.4614379786527825,0.0,0.0,0.02465033319045593,0.0,,,,
moving_only_16,942,0.001,train-mode backward before optimizer step,3.608944739892482,0.0,0.0,0.0244858380337258,0.0,,,,
moving_only_16,943,0.001,train-mode backward before optimizer step,3.6884083387364317,0.0,0.0,0.02465033319045593,0.0,,,,
moving_only_16,944,0.001,train-mode backward before optimizer step,2.338187209791223,0.0,0.0,0.010373711312435299,0.0,,,,
moving_only_16,945,0.001,train-mode backward before optimizer step,2.041977718721776,0.0,0.0,0.010373711312435299,0.0,,,,
moving_only_16,946,0.001,train-mode backward before optimizer step,2.2272504304452316,0.0,0.0,0.007897556852949688,0.0,,,,
moving_only_16,947,0.001,train-mode backward before optimizer step,3.281822233954574,0.0,0.0,0.0244858380337258,0.0,,,,
moving_only_16,948,0.001,train-mode backward before optimizer step,2.7211659035646925,0.0,0.0,0.02465033319045593,0.0,,,,
moving_only_16,949,0.001,train-mode backward before optimizer step,3.3800586537922905,0.0,0.0,0.013661330675570228,0.0,,,,
moving_only_16,950,0.001,train-mode backward before optimizer step,3.740998958163282,0.0,0.0,0.02465033319045593,0.0,49.13283157348633,1.0,1.0,49.5347785949707
moving_only_16,951,0.001,train-mode backward before optimizer step,2.14687000762649,0.0,0.0,0.009822973529069646,0.0,,,,
moving_only_16,952,0.001,train-mode backward before optimizer step,3.452134674849684,0.0,0.0,0.024534125857526935,0.0,,,,
moving_only_16,953,0.001,train-mode backward before optimizer step,3.2700177108249404,0.0,0.0,0.009822973529069646,0.0,,,,
moving_only_16,954,0.001,train-mode backward before optimizer step,3.7264650304000853,0.0,0.0,0.024534125857526935,0.0,,,,
moving_only_16,955,0.001,train-mode backward before optimizer step,3.4213107172539727,0.0,0.0,0.007897556852949688,0.0,,,,
moving_only_16,956,0.001,train-mode backward before optimizer step,2.7678078378635496,0.0,0.0,0.02465033319045593,0.0,,,,
moving_only_16,957,0.001,train-mode backward before optimizer step,2.8918204793487385,0.0,0.0,0.024534125857526935,0.0,,,,
moving_only_16,958,0.001,train-mode backward before optimizer step,2.6660542053355516,0.0,0.0,0.007897556852949688,0.0,,,,
moving_only_16,959,0.001,train-mode backward before optimizer step,2.9645495864629883,0.0,0.0,0.007897556852949688,0.0,,,,
moving_only_16,960,0.001,train-mode backward before optimizer step,3.2041343169096472,0.0,0.0,0.024534125857526935,0.0,49.24589157104492,1.0,1.0,49.5347785949707
moving_only_16,961,0.001,train-mode backward before optimizer step,3.9121637207289344,0.0,0.0,0.02465033319045593,0.0,,,,
moving_only_16,962,0.001,train-mode backward before optimizer step,2.686702187221382,0.0,0.0,0.007897556852949688,0.0,,,,
moving_only_16,963,0.001,train-mode backward before optimizer step,3.9501531311003766,0.0,0.0,0.0244858380337258,0.0,,,,
moving_only_16,964,0.001,train-mode backward before optimizer step,3.872954393494294,0.0,0.0,0.0244858380337258,0.0,,,,
moving_only_16,965,0.001,train-mode backward before optimizer step,4.037701023520359,0.0,0.0,0.024892878446590785,0.0,,,,
moving_only_16,966,0.001,train-mode backward before optimizer step,3.480859185997013,0.0,0.0,0.02465033319045593,0.0,,,,
moving_only_16,967,0.001,train-mode backward before optimizer step,2.532167048033332,0.0,0.0,0.008433707032343415,0.0,,,,
moving_only_16,968,0.001,train-mode backward before optimizer step,2.909333519200512,0.0,0.0,0.013661330675570228,0.0,,,,
moving_only_16,969,0.001,train-mode backward before optimizer step,3.5707180249820922,0.0,0.0,0.024892878446590785,0.0,,,,
moving_only_16,970,0.001,train-mode backward before optimizer step,2.8048500800011005,0.0,0.0,0.007897556852949688,0.0,49.47576141357422,1.0,1.0,49.5347785949707
moving_only_16,971,0.001,train-mode backward before optimizer step,3.717453684681496,0.0,0.0,0.02465033319045593,0.0,,,,
moving_only_16,972,0.001,train-mode backward before optimizer step,3.121920446595253,0.0,0.0,0.024534125857526935,0.0,,,,
moving_only_16,973,0.001,train-mode backward before optimizer step,3.1035026095944773,0.0,0.0,0.0244858380337258,0.0,,,,
moving_only_16,974,0.001,train-mode backward before optimizer step,2.8924011022869838,0.0,0.0,0.008433707032343415,0.0,,,,
moving_only_16,975,0.001,train-mode backward before optimizer step,2.3517413985449447,0.0,0.0,0.007897556852949688,0.0,,,,
moving_only_16,976,0.001,train-mode backward before optimizer step,3.501520569866529,0.0,0.0,0.024534125857526935,0.0,,,,
moving_only_16,977,0.001,train-mode backward before optimizer step,3.3548421816446106,0.0,0.0,0.024534125857526935,0.0,,,,
moving_only_16,978,0.001,train-mode backward before optimizer step,2.643648606747841,0.0,0.0,0.0244858380337258,0.0,,,,
moving_only_16,979,0.001,train-mode backward before optimizer step,2.5706338747237965,0.0,0.0,0.02465033319045593,0.0,,,,
moving_only_16,980,0.001,train-mode backward before optimizer step,2.623460877142408,0.0,0.0,0.009822973529069646,0.0,49.322357177734375,1.0,1.0,49.5347785949707
moving_only_16,981,0.001,train-mode backward before optimizer step,2.541879770034786,0.0,0.0,0.013661330675570228,0.0,,,,
moving_only_16,982,0.001,train-mode backward before optimizer step,3.267156106281172,0.0,0.0,0.009822973529069646,0.0,,,,
moving_only_16,983,0.001,train-mode backward before optimizer step,3.7318252320796423,0.0,0.0,0.024534125857526935,0.0,,,,
moving_only_16,984,0.001,train-mode backward before optimizer step,3.344284926757505,0.0,0.0,0.0244858380337258,0.0,,,,
moving_only_16,985,0.001,train-mode backward before optimizer step,3.5366941123923645,0.0,0.0,0.024534125857526935,0.0,,,,
moving_only_16,986,0.001,train-mode backward before optimizer step,3.9239154534830094,0.0,0.0,0.024534125857526935,0.0,,,,
moving_only_16,987,0.001,train-mode backward before optimizer step,3.1445214340331487,0.0,0.0,0.024534125857526935,0.0,,,,
moving_only_16,988,0.001,train-mode backward before optimizer step,3.8383488825211614,0.0,0.0,0.024534125857526935,0.0,,,,
moving_only_16,989,0.001,train-mode backward before optimizer step,3.1165476934160563,0.0,0.0,0.024892878446590785,0.0,,,,
moving_only_16,990,0.001,train-mode backward before optimizer step,3.2603913627779293,0.0,0.0,0.024534125857526935,0.0,49.45383071899414,1.0,1.0,49.5347785949707
moving_only_16,991,0.001,train-mode backward before optimizer step,4.072974464886085,0.0,0.0,0.0244858380337258,0.0,,,,
moving_only_16,992,0.001,train-mode backward before optimizer step,3.4745962517791487,0.0,0.0,0.024892878446590785,0.0,,,,
moving_only_16,993,0.001,train-mode backward before optimizer step,4.169697496889055,0.0,0.0,0.02465033319045593,0.0,,,,
moving_only_16,994,0.001,train-mode backward before optimizer step,3.6673421980043655,0.0,0.0,0.0244858380337258,0.0,,,,
moving_only_16,995,0.001,train-mode backward before optimizer step,4.0164286870316515,0.0,0.0,0.0244858380337258,0.0,,,,
moving_only_16,996,0.001,train-mode backward before optimizer step,3.440835087141288,0.0,0.0,0.02465033319045593,0.0,,,,
moving_only_16,997,0.001,train-mode backward before optimizer step,2.574238364206874,0.0,0.0,0.009822973529069646,0.0,,,,
moving_only_16,998,0.001,train-mode backward before optimizer step,3.3086730005075116,0.0,0.0,0.013661330675570228,0.0,,,,
moving_only_16,999,0.001,train-mode backward before optimizer step,3.7251148729775365,0.0,0.0,0.02465033319045593,0.0,,,,
moving_only_16,1000,0.001,train-mode backward before optimizer step,3.23268089918265,0.0,0.0,0.013661330675570228,0.0,49.6188850402832,1.0,1.0,49.5347785949707
