Scope,Type,ModeIndex,Feature,Count,Mean,Median,P90,P95,P99,FullActorCSV
Pooled,Vehicle,0,centerline_distance,153936,2.36233722345,1.01614434272,6.50332033634,8.04824873805,9.57260340452,02_semantic_cache/cache/stage12a_mode_semantics.csv
Pooled,Vehicle,0,centerline_mean_distance,153936,5.1733546386,4.15738150477,10.2288532257,12.7912062407,22.359321475,02_semantic_cache/cache/stage12a_mode_semantics.csv
Pooled,Vehicle,0,centerline_endpoint_distance,153936,6.53460028913,4.17993471026,13.3545941114,23.0927807093,45.1885008812,02_semantic_cache/cache/stage12a_mode_semantics.csv
Pooled,Vehicle,0,centerline_heading_error,153936,1.32668435118,1.40852428152,3.03344050338,3.05886933731,3.11239511321,02_semantic_cache/cache/stage12a_mode_semantics.csv
Pooled,Vehicle,0,centerline_valid,191026,0.805837948761,1,1,1,1,02_semantic_cache/cache/stage12a_mode_semantics.csv
Pooled,Vehicle,0,lane_count,191026,1.78371007088,2,3,3,3,02_semantic_cache/cache/stage12a_mode_semantics.csv
Pooled,Vehicle,0,connector_count,191026,1.52236344791,2,3,3,3,02_semantic_cache/cache/stage12a_mode_semantics.csv
Pooled,Vehicle,0,drivable_distance,163780,0.0233490684256,0,0,0,1.07583509534,02_semantic_cache/cache/stage12a_mode_semantics.csv
Pooled,Vehicle,0,drivable_inside_fraction,163780,0.859977815769,1,1,1,1,02_semantic_cache/cache/stage12a_mode_semantics.csv
Pooled,Vehicle,0,drivable_intersects,163780,0.97532055196,1,1,1,1,02_semantic_cache/cache/stage12a_mode_semantics.csv
Pooled,Vehicle,0,drivable_boundary_crossing,163780,0.291702283551,0,1,1,1,02_semantic_cache/cache/stage12a_mode_semantics.csv
Pooled,Vehicle,0,drivable_boundary_distance,163780,1.74986273169,1.09272821146,4.20811546126,5.7203833784,13.9171123962,02_semantic_cache/cache/stage12a_mode_semantics.csv
Pooled,Vehicle,0,drivable_valid,191026,0.857370200915,1,1,1,1,02_semantic_cache/cache/stage12a_mode_semantics.csv
Pooled,Vehicle,0,carpark_distance,53167,0.0949445701586,0,0,0.985777951677,1.84558177907,02_semantic_cache/cache/stage12a_mode_semantics.csv
Pooled,Vehicle,0,carpark_inside_fraction,53167,0.646259271102,0.666666666667,1,1,1,02_semantic_cache/cache/stage12a_mode_semantics.csv
Pooled,Vehicle,0,carpark_intersects,53167,0.913950382756,1,1,1,1,02_semantic_cache/cache/stage12a_mode_semantics.csv
Pooled,Vehicle,0,carpark_valid,191026,0.278323369594,0,1,1,1,02_semantic_cache/cache/stage12a_mode_semantics.csv
Pooled,Vehicle,0,crosswalk_distance,0,,,,,,02_semantic_cache/cache/stage12a_mode_semantics.csv
Pooled,Vehicle,0,crosswalk_inside_fraction,0,,,,,,02_semantic_cache/cache/stage12a_mode_semantics.csv
Pooled,Vehicle,0,crosswalk_intersects,0,,,,,,02_semantic_cache/cache/stage12a_mode_semantics.csv
Pooled,Vehicle,0,crosswalk_valid,191026,0,0,0,0,0,02_semantic_cache/cache/stage12a_mode_semantics.csv
Pooled,Vehicle,0,walkway_distance,0,,,,,,02_semantic_cache/cache/stage12a_mode_semantics.csv
Pooled,Vehicle,0,walkway_inside_fraction,0,,,,,,02_semantic_cache/cache/stage12a_mode_semantics.csv
Pooled,Vehicle,0,walkway_intersects,0,,,,,,02_semantic_cache/cache/stage12a_mode_semantics.csv
Pooled,Vehicle,0,walkway_valid,191026,0,0,0,0,0,02_semantic_cache/cache/stage12a_mode_semantics.csv
Pooled,Vehicle,0,map_valid_mask,191026,0.89499335169,1,1,1,1,02_semantic_cache/cache/stage12a_mode_semantics.csv
Pooled,Vehicle,1,centerline_distance,148741,2.90414993207,2.82685637474,6.90822601318,8.3224093914,9.68494033813,02_semantic_cache/cache/stage12a_mode_semantics.csv
Pooled,Vehicle,1,centerline_mean_distance,148741,3.82692552801,3.53384375572,7.99436867237,9.29836213589,14.2689208984,02_semantic_cache/cache/stage12a_mode_semantics.csv
Pooled,Vehicle,1,centerline_endpoint_distance,148741,4.41446829942,3.57639700174,8.65930199623,10.9582912922,28.7673435211,02_semantic_cache/cache/stage12a_mode_semantics.csv
Pooled,Vehicle,1,centerline_heading_error,148741,1.32280692033,1.38062212213,2.65077879592,2.8447699994,3.07281479232,02_semantic_cache/cache/stage12a_mode_semantics.csv
Pooled,Vehicle,1,centerline_valid,191026,0.778642697853,1,1,1,1,02_semantic_cache/cache/stage12a_mode_semantics.csv
Pooled,Vehicle,1,lane_count,191026,1.63670390418,2,3,3,3,02_semantic_cache/cache/stage12a_mode_semantics.csv
Pooled,Vehicle,1,connector_count,191026,1.33011736622,1,3,3,3,02_semantic_cache/cache/stage12a_mode_semantics.csv
Pooled,Vehicle,1,drivable_distance,160476,0.0234728971133,0,0,0,1.17355114911,02_semantic_cache/cache/stage12a_mode_semantics.csv
Pooled,Vehicle,1,drivable_inside_fraction,160476,0.966235864968,1,1,1,1,02_semantic_cache/cache/stage12a_mode_semantics.csv
Pooled,Vehicle,1,drivable_intersects,160476,0.976999675964,1,1,1,1,02_semantic_cache/cache/stage12a_mode_semantics.csv
Pooled,Vehicle,1,drivable_boundary_crossing,160476,0.0392893641417,0,0,0,1,02_semantic_cache/cache/stage12a_mode_semantics.csv
Pooled,Vehicle,1,drivable_boundary_distance,160476,2.5193017342,1.74773709519,4.97043892551,6.84381030889,15.3150351278,02_semantic_cache/cache/stage12a_mode_semantics.csv
Pooled,Vehicle,1,drivable_valid,191026,0.840074126035,1,1,1,1,02_semantic_cache/cache/stage12a_mode_semantics.csv
Pooled,Vehicle,1,carpark_distance,50531,0.0833063309932,0,0,0.736145194188,1.83089798851,02_semantic_cache/cache/stage12a_mode_semantics.csv
Pooled,Vehicle,1,carpark_inside_fraction,50531,0.919077727863,1,1,1,1,02_semantic_cache/cache/stage12a_mode_semantics.csv
Pooled,Vehicle,1,carpark_intersects,50531,0.924541370644,1,1,1,1,02_semantic_cache/cache/stage12a_mode_semantics.csv
Pooled,Vehicle,1,carpark_valid,191026,0.264524200894,0,1,1,1,02_semantic_cache/cache/stage12a_mode_semantics.csv
Pooled,Vehicle,1,crosswalk_distance,0,,,,,,02_semantic_cache/cache/stage12a_mode_semantics.csv
Pooled,Vehicle,1,crosswalk_inside_fraction,0,,,,,,02_semantic_cache/cache/stage12a_mode_semantics.csv
Pooled,Vehicle,1,crosswalk_intersects,0,,,,,,02_semantic_cache/cache/stage12a_mode_semantics.csv
Pooled,Vehicle,1,crosswalk_valid,191026,0,0,0,0,0,02_semantic_cache/cache/stage12a_mode_semantics.csv
Pooled,Vehicle,1,walkway_distance,0,,,,,,02_semantic_cache/cache/stage12a_mode_semantics.csv
Pooled,Vehicle,1,walkway_inside_fraction,0,,,,,,02_semantic_cache/cache/stage12a_mode_semantics.csv
Pooled,Vehicle,1,walkway_intersects,0,,,,,,02_semantic_cache/cache/stage12a_mode_semantics.csv
Pooled,Vehicle,1,walkway_valid,191026,0,0,0,0,0,02_semantic_cache/cache/stage12a_mode_semantics.csv
Pooled,Vehicle,1,map_valid_mask,191026,0.878042779517,1,1,1,1,02_semantic_cache/cache/stage12a_mode_semantics.csv
Pooled,Vehicle,2,centerline_distance,159145,1.89094764496,0.0448440993205,5.97283387184,7.75015175343,9.51245529652,02_semantic_cache/cache/stage12a_mode_semantics.csv
Pooled,Vehicle,2,centerline_mean_distance,159145,6.87399112452,5.5423271656,13.2618672848,16.0950040817,24.6579446793,02_semantic_cache/cache/stage12a_mode_semantics.csv
Pooled,Vehicle,2,centerline_endpoint_distance,159145,9.34669158516,6.12404823303,20.9176268578,27.9134521484,49.6796949387,02_semantic_cache/cache/stage12a_mode_semantics.csv
Pooled,Vehicle,2,centerline_heading_error,159145,1.37137921859,1.48280129839,3.04759035361,3.07848384914,3.1239429692,02_semantic_cache/cache/stage12a_mode_semantics.csv
Pooled,Vehicle,2,centerline_valid,191026,0.833106488122,1,1,1,1,02_semantic_cache/cache/stage12a_mode_semantics.csv
Pooled,Vehicle,2,lane_count,191026,1.94076199051,2,3,3,3,02_semantic_cache/cache/stage12a_mode_semantics.csv
Pooled,Vehicle,2,connector_count,191026,1.72137824171,2,3,3,3,02_semantic_cache/cache/stage12a_mode_semantics.csv
Pooled,Vehicle,2,drivable_distance,168420,0.0177063926603,0,0,0,0.827421779296,02_semantic_cache/cache/stage12a_mode_semantics.csv
Pooled,Vehicle,2,drivable_inside_fraction,168420,0.767720084709,1,1,1,1,02_semantic_cache/cache/stage12a_mode_semantics.csv
Pooled,Vehicle,2,drivable_intersects,168420,0.979735185845,1,1,1,1,02_semantic_cache/cache/stage12a_mode_semantics.csv
Pooled,Vehicle,2,drivable_boundary_crossing,168420,0.502665954162,1,1,1,1,02_semantic_cache/cache/stage12a_mode_semantics.csv
Pooled,Vehicle,2,drivable_boundary_distance,168420,1.19222616627,0,3.37124173968,4.78972330514,11.3239399462,02_semantic_cache/cache/stage12a_mode_semantics.csv
Pooled,Vehicle,2,drivable_valid,191026,0.881660088156,1,1,1,1,02_semantic_cache/cache/stage12a_mode_semantics.csv
Pooled,Vehicle,2,carpark_distance,56581,0.0982624887412,0,0,1.00331713648,1.85269480508,02_semantic_cache/cache/stage12a_mode_semantics.csv
Pooled,Vehicle,2,carpark_inside_fraction,56581,0.432701201228,0.25,1,1,1,02_semantic_cache/cache/stage12a_mode_semantics.csv
Pooled,Vehicle,2,carpark_intersects,56581,0.905374595712,1,1,1,1,02_semantic_cache/cache/stage12a_mode_semantics.csv
Pooled,Vehicle,2,carpark_valid,191026,0.296195282318,0,1,1,1,02_semantic_cache/cache/stage12a_mode_semantics.csv
Pooled,Vehicle,2,crosswalk_distance,0,,,,,,02_semantic_cache/cache/stage12a_mode_semantics.csv
Pooled,Vehicle,2,crosswalk_inside_fraction,0,,,,,,02_semantic_cache/cache/stage12a_mode_semantics.csv
Pooled,Vehicle,2,crosswalk_intersects,0,,,,,,02_semantic_cache/cache/stage12a_mode_semantics.csv
Pooled,Vehicle,2,crosswalk_valid,191026,0,0,0,0,0,02_semantic_cache/cache/stage12a_mode_semantics.csv
Pooled,Vehicle,2,walkway_distance,0,,,,,,02_semantic_cache/cache/stage12a_mode_semantics.csv
Pooled,Vehicle,2,walkway_inside_fraction,0,,,,,,02_semantic_cache/cache/stage12a_mode_semantics.csv
Pooled,Vehicle,2,walkway_intersects,0,,,,,,02_semantic_cache/cache/stage12a_mode_semantics.csv
Pooled,Vehicle,2,walkway_valid,191026,0,0,0,0,0,02_semantic_cache/cache/stage12a_mode_semantics.csv
Pooled,Vehicle,2,map_valid_mask,191026,0.910781778397,1,1,1,1,02_semantic_cache/cache/stage12a_mode_semantics.csv
Pooled,Vehicle,3,centerline_distance,148986,2.89236994142,2.77610659599,6.88642054796,8.30680787563,9.67883861065,02_semantic_cache/cache/stage12a_mode_semantics.csv
Pooled,Vehicle,3,centerline_mean_distance,148986,3.4396923673,3.26420232654,7.49360710382,8.75519514084,10.0518282056,02_semantic_cache/cache/stage12a_mode_semantics.csv
Pooled,Vehicle,3,centerline_endpoint_distance,148986,3.72331253014,3.32761138678,7.92977184057,9.34651970863,18.0718097687,02_semantic_cache/cache/stage12a_mode_semantics.csv
Pooled,Vehicle,3,centerline_heading_error,148986,1.29378518259,1.41883823162,2.66034335226,2.93150384524,3.09993829282,02_semantic_cache/cache/stage12a_mode_semantics.csv
Pooled,Vehicle,3,centerline_valid,191026,0.779925245778,1,1,1,1,02_semantic_cache/cache/stage12a_mode_semantics.csv
Pooled,Vehicle,3,lane_count,191026,1.62459560479,2,3,3,3,02_semantic_cache/cache/stage12a_mode_semantics.csv
Pooled,Vehicle,3,connector_count,191026,1.31310921026,1,3,3,3,02_semantic_cache/cache/stage12a_mode_semantics.csv
Pooled,Vehicle,3,drivable_distance,160518,0.0230761825247,0,0,0,1.14538116823,02_semantic_cache/cache/stage12a_mode_semantics.csv
Pooled,Vehicle,3,drivable_inside_fraction,160518,0.970946145188,1,1,1,1,02_semantic_cache/cache/stage12a_mode_semantics.csv
Pooled,Vehicle,3,drivable_intersects,160518,0.977385713752,1,1,1,1,02_semantic_cache/cache/stage12a_mode_semantics.csv
Pooled,Vehicle,3,drivable_boundary_crossing,160518,0.023760575138,0,0,0,1,02_semantic_cache/cache/stage12a_mode_semantics.csv
Pooled,Vehicle,3,drivable_boundary_distance,160518,2.54951874254,1.76584535271,5.01931467186,6.95414893316,15.251504768,02_semantic_cache/cache/stage12a_mode_semantics.csv
Pooled,Vehicle,3,drivable_valid,191026,0.840293991394,1,1,1,1,02_semantic_cache/cache/stage12a_mode_semantics.csv
Pooled,Vehicle,3,carpark_distance,50370,0.0830935997865,0,0,0.782238289746,1.83948459263,02_semantic_cache/cache/stage12a_mode_semantics.csv
Pooled,Vehicle,3,carpark_inside_fraction,50370,0.921302362517,1,1,1,1,02_semantic_cache/cache/stage12a_mode_semantics.csv
Pooled,Vehicle,3,carpark_intersects,50370,0.92819138376,1,1,1,1,02_semantic_cache/cache/stage12a_mode_semantics.csv
Pooled,Vehicle,3,carpark_valid,191026,0.263681383686,0,1,1,1,02_semantic_cache/cache/stage12a_mode_semantics.csv
Pooled,Vehicle,3,crosswalk_distance,0,,,,,,02_semantic_cache/cache/stage12a_mode_semantics.csv
Pooled,Vehicle,3,crosswalk_inside_fraction,0,,,,,,02_semantic_cache/cache/stage12a_mode_semantics.csv
Pooled,Vehicle,3,crosswalk_intersects,0,,,,,,02_semantic_cache/cache/stage12a_mode_semantics.csv
Pooled,Vehicle,3,crosswalk_valid,191026,0,0,0,0,0,02_semantic_cache/cache/stage12a_mode_semantics.csv
Pooled,Vehicle,3,walkway_distance,0,,,,,,02_semantic_cache/cache/stage12a_mode_semantics.csv
Pooled,Vehicle,3,walkway_inside_fraction,0,,,,,,02_semantic_cache/cache/stage12a_mode_semantics.csv
Pooled,Vehicle,3,walkway_intersects,0,,,,,,02_semantic_cache/cache/stage12a_mode_semantics.csv
Pooled,Vehicle,3,walkway_valid,191026,0,0,0,0,0,02_semantic_cache/cache/stage12a_mode_semantics.csv
Pooled,Vehicle,3,map_valid_mask,191026,0.87893794562,1,1,1,1,02_semantic_cache/cache/stage12a_mode_semantics.csv
Pooled,Vehicle,4,centerline_distance,149306,2.84722853689,2.73017704487,6.88830524683,8.28678920865,9.67116466165,02_semantic_cache/cache/stage12a_mode_semantics.csv
Pooled,Vehicle,4,centerline_mean_distance,149306,4.46128593008,3.85225087404,8.93387645483,10.6607592106,20.053781271,02_semantic_cache/cache/stage12a_mode_semantics.csv
Pooled,Vehicle,4,centerline_endpoint_distance,149306,5.46313687113,3.8302770257,9.81085628271,18.8188067079,40.4412355423,02_semantic_cache/cache/stage12a_mode_semantics.csv
Pooled,Vehicle,4,centerline_heading_error,149306,1.30685454254,1.23098497895,3.05238756196,3.11343287757,3.13637923057,02_semantic_cache/cache/stage12a_mode_semantics.csv
Pooled,Vehicle,4,centerline_valid,191026,0.781600410415,1,1,1,1,02_semantic_cache/cache/stage12a_mode_semantics.csv
Pooled,Vehicle,4,lane_count,191026,1.66468438851,2,3,3,3,02_semantic_cache/cache/stage12a_mode_semantics.csv
Pooled,Vehicle,4,connector_count,191026,1.36711233026,1,3,3,3,02_semantic_cache/cache/stage12a_mode_semantics.csv
Pooled,Vehicle,4,drivable_distance,160737,0.0234775569878,0,0,0,1.16388778097,02_semantic_cache/cache/stage12a_mode_semantics.csv
Pooled,Vehicle,4,drivable_inside_fraction,160737,0.955414227382,1,1,1,1,02_semantic_cache/cache/stage12a_mode_semantics.csv
Pooled,Vehicle,4,drivable_intersects,160737,0.976931260382,1,1,1,1,02_semantic_cache/cache/stage12a_mode_semantics.csv
Pooled,Vehicle,4,drivable_boundary_crossing,160737,0.0710539577073,0,0,1,1,02_semantic_cache/cache/stage12a_mode_semantics.csv
Pooled,Vehicle,4,drivable_boundary_distance,160737,2.36328310607,1.61313461471,4.81984180528,6.6041249909,15.1199733528,02_semantic_cache/cache/stage12a_mode_semantics.csv
Pooled,Vehicle,4,drivable_valid,191026,0.841440432192,1,1,1,1,02_semantic_cache/cache/stage12a_mode_semantics.csv
Pooled,Vehicle,4,carpark_distance,51024,0.0859222377087,0,0,0.864427967484,1.83613708472,02_semantic_cache/cache/stage12a_mode_semantics.csv
Pooled,Vehicle,4,carpark_inside_fraction,51024,0.903498027072,1,1,1,1,02_semantic_cache/cache/stage12a_mode_semantics.csv
Pooled,Vehicle,4,carpark_intersects,51024,0.92301661963,1,1,1,1,02_semantic_cache/cache/stage12a_mode_semantics.csv
Pooled,Vehicle,4,carpark_valid,191026,0.267105001413,0,1,1,1,02_semantic_cache/cache/stage12a_mode_semantics.csv
Pooled,Vehicle,4,crosswalk_distance,0,,,,,,02_semantic_cache/cache/stage12a_mode_semantics.csv
Pooled,Vehicle,4,crosswalk_inside_fraction,0,,,,,,02_semantic_cache/cache/stage12a_mode_semantics.csv
Pooled,Vehicle,4,crosswalk_intersects,0,,,,,,02_semantic_cache/cache/stage12a_mode_semantics.csv
Pooled,Vehicle,4,crosswalk_valid,191026,0,0,0,0,0,02_semantic_cache/cache/stage12a_mode_semantics.csv
Pooled,Vehicle,4,walkway_distance,0,,,,,,02_semantic_cache/cache/stage12a_mode_semantics.csv
Pooled,Vehicle,4,walkway_inside_fraction,0,,,,,,02_semantic_cache/cache/stage12a_mode_semantics.csv
Pooled,Vehicle,4,walkway_intersects,0,,,,,,02_semantic_cache/cache/stage12a_mode_semantics.csv
Pooled,Vehicle,4,walkway_valid,191026,0,0,0,0,0,02_semantic_cache/cache/stage12a_mode_semantics.csv
Pooled,Vehicle,4,map_valid_mask,191026,0.879990158408,1,1,1,1,02_semantic_cache/cache/stage12a_mode_semantics.csv
Pooled,Vehicle,5,centerline_distance,148862,2.88317228601,2.80598282814,6.90246742964,8.30774712563,9.67510694265,02_semantic_cache/cache/stage12a_mode_semantics.csv
Pooled,Vehicle,5,centerline_mean_distance,148862,4.15439728482,3.7242358923,8.43667703867,9.7831466496,17.4282442927,02_semantic_cache/cache/stage12a_mode_semantics.csv
Pooled,Vehicle,5,centerline_endpoint_distance,148862,4.94675509213,3.72215032578,9.31501603127,15.1839411855,34.8272060156,02_semantic_cache/cache/stage12a_mode_semantics.csv
Pooled,Vehicle,5,centerline_heading_error,148862,1.31239484763,1.09316943449,2.62575533505,2.80282807498,3.07260186245,02_semantic_cache/cache/stage12a_mode_semantics.csv
Pooled,Vehicle,5,centerline_valid,191026,0.779276119481,1,1,1,1,02_semantic_cache/cache/stage12a_mode_semantics.csv
Pooled,Vehicle,5,lane_count,191026,1.64960267189,2,3,3,3,02_semantic_cache/cache/stage12a_mode_semantics.csv
Pooled,Vehicle,5,connector_count,191026,1.34734538754,1,3,3,3,02_semantic_cache/cache/stage12a_mode_semantics.csv
Pooled,Vehicle,5,drivable_distance,160555,0.0235014111233,0,0,0,1.17439302716,02_semantic_cache/cache/stage12a_mode_semantics.csv
Pooled,Vehicle,5,drivable_inside_fraction,160555,0.961632566203,1,1,1,1,02_semantic_cache/cache/stage12a_mode_semantics.csv
Pooled,Vehicle,5,drivable_intersects,160555,0.976986079537,1,1,1,1,02_semantic_cache/cache/stage12a_mode_semantics.csv
Pooled,Vehicle,5,drivable_boundary_crossing,160555,0.053856933761,0,0,1,1,02_semantic_cache/cache/stage12a_mode_semantics.csv
Pooled,Vehicle,5,drivable_boundary_distance,160555,2.45389376679,1.69238901074,4.89944992838,6.73866165125,15.2438098437,02_semantic_cache/cache/stage12a_mode_semantics.csv
Pooled,Vehicle,5,drivable_valid,191026,0.840487682305,1,1,1,1,02_semantic_cache/cache/stage12a_mode_semantics.csv
Pooled,Vehicle,5,carpark_distance,50751,0.0849521182149,0,0,0.826543573827,1.83279844032,02_semantic_cache/cache/stage12a_mode_semantics.csv
Pooled,Vehicle,5,carpark_inside_fraction,50751,0.914118276816,1,1,1,1,02_semantic_cache/cache/stage12a_mode_semantics.csv
Pooled,Vehicle,5,carpark_intersects,50751,0.923646824693,1,1,1,1,02_semantic_cache/cache/stage12a_mode_semantics.csv
Pooled,Vehicle,5,carpark_valid,191026,0.265675876582,0,1,1,1,02_semantic_cache/cache/stage12a_mode_semantics.csv
Pooled,Vehicle,5,crosswalk_distance,0,,,,,,02_semantic_cache/cache/stage12a_mode_semantics.csv
Pooled,Vehicle,5,crosswalk_inside_fraction,0,,,,,,02_semantic_cache/cache/stage12a_mode_semantics.csv
Pooled,Vehicle,5,crosswalk_intersects,0,,,,,,02_semantic_cache/cache/stage12a_mode_semantics.csv
Pooled,Vehicle,5,crosswalk_valid,191026,0,0,0,0,0,02_semantic_cache/cache/stage12a_mode_semantics.csv
Pooled,Vehicle,5,walkway_distance,0,,,,,,02_semantic_cache/cache/stage12a_mode_semantics.csv
Pooled,Vehicle,5,walkway_inside_fraction,0,,,,,,02_semantic_cache/cache/stage12a_mode_semantics.csv
Pooled,Vehicle,5,walkway_intersects,0,,,,,,02_semantic_cache/cache/stage12a_mode_semantics.csv
Pooled,Vehicle,5,walkway_valid,191026,0,0,0,0,0,02_semantic_cache/cache/stage12a_mode_semantics.csv
Pooled,Vehicle,5,map_valid_mask,191026,0.878508684682,1,1,1,1,02_semantic_cache/cache/stage12a_mode_semantics.csv
Pooled,Pedestrian,0,centerline_distance,0,,,,,,02_semantic_cache/cache/stage12a_mode_semantics.csv
Pooled,Pedestrian,0,centerline_mean_distance,0,,,,,,02_semantic_cache/cache/stage12a_mode_semantics.csv
Pooled,Pedestrian,0,centerline_endpoint_distance,0,,,,,,02_semantic_cache/cache/stage12a_mode_semantics.csv
Pooled,Pedestrian,0,centerline_heading_error,0,,,,,,02_semantic_cache/cache/stage12a_mode_semantics.csv
Pooled,Pedestrian,0,centerline_valid,66145,0,0,0,0,0,02_semantic_cache/cache/stage12a_mode_semantics.csv
Pooled,Pedestrian,0,lane_count,66145,0,0,0,0,0,02_semantic_cache/cache/stage12a_mode_semantics.csv
Pooled,Pedestrian,0,connector_count,66145,0,0,0,0,0,02_semantic_cache/cache/stage12a_mode_semantics.csv
Pooled,Pedestrian,0,drivable_distance,41906,0.498252029856,0,1.62941780479,1.80667484484,1.96068302402,02_semantic_cache/cache/stage12a_mode_semantics.csv
Pooled,Pedestrian,0,drivable_inside_fraction,41906,0.357822666603,0.166666666667,1,1,1,02_semantic_cache/cache/stage12a_mode_semantics.csv
Pooled,Pedestrian,0,drivable_intersects,41906,0.553739321338,1,1,1,1,02_semantic_cache/cache/stage12a_mode_semantics.csv
Pooled,Pedestrian,0,drivable_boundary_crossing,41906,0.383334128764,0,1,1,1,02_semantic_cache/cache/stage12a_mode_semantics.csv
Pooled,Pedestrian,0,drivable_boundary_distance,41906,0.875658464117,0.512560001932,1.90000340426,2.8503137077,5.37738771331,02_semantic_cache/cache/stage12a_mode_semantics.csv
Pooled,Pedestrian,0,drivable_valid,66145,0.63354750926,1,1,1,1,02_semantic_cache/cache/stage12a_mode_semantics.csv
Pooled,Pedestrian,0,carpark_distance,0,,,,,,02_semantic_cache/cache/stage12a_mode_semantics.csv
Pooled,Pedestrian,0,carpark_inside_fraction,0,,,,,,02_semantic_cache/cache/stage12a_mode_semantics.csv
Pooled,Pedestrian,0,carpark_intersects,0,,,,,,02_semantic_cache/cache/stage12a_mode_semantics.csv
Pooled,Pedestrian,0,carpark_valid,66145,0,0,0,0,0,02_semantic_cache/cache/stage12a_mode_semantics.csv
Pooled,Pedestrian,0,crosswalk_distance,17003,0.423103957902,0,1.53624473026,1.74035758633,1.94097104051,02_semantic_cache/cache/stage12a_mode_semantics.csv
Pooled,Pedestrian,0,crosswalk_inside_fraction,17003,0.32342821855,0.166666666667,1,1,1,02_semantic_cache/cache/stage12a_mode_semantics.csv
Pooled,Pedestrian,0,crosswalk_intersects,17003,0.573604658002,1,1,1,1,02_semantic_cache/cache/stage12a_mode_semantics.csv
Pooled,Pedestrian,0,crosswalk_valid,66145,0.257056466853,0,1,1,1,02_semantic_cache/cache/stage12a_mode_semantics.csv
Pooled,Pedestrian,0,walkway_distance,51747,0.0976530043062,0,0.200532756664,0.878704103421,1.72598303375,02_semantic_cache/cache/stage12a_mode_semantics.csv
Pooled,Pedestrian,0,walkway_inside_fraction,51747,0.676317789759,0.916666666667,1,1,1,02_semantic_cache/cache/stage12a_mode_semantics.csv
Pooled,Pedestrian,0,walkway_intersects,51747,0.874640075753,1,1,1,1,02_semantic_cache/cache/stage12a_mode_semantics.csv
Pooled,Pedestrian,0,walkway_valid,66145,0.782326706478,1,1,1,1,02_semantic_cache/cache/stage12a_mode_semantics.csv
Pooled,Pedestrian,0,map_valid_mask,66145,0.903968553935,1,1,1,1,02_semantic_cache/cache/stage12a_mode_semantics.csv
Pooled,Pedestrian,1,centerline_distance,0,,,,,,02_semantic_cache/cache/stage12a_mode_semantics.csv
Pooled,Pedestrian,1,centerline_mean_distance,0,,,,,,02_semantic_cache/cache/stage12a_mode_semantics.csv
Pooled,Pedestrian,1,centerline_endpoint_distance,0,,,,,,02_semantic_cache/cache/stage12a_mode_semantics.csv
Pooled,Pedestrian,1,centerline_heading_error,0,,,,,,02_semantic_cache/cache/stage12a_mode_semantics.csv
Pooled,Pedestrian,1,centerline_valid,66145,0,0,0,0,0,02_semantic_cache/cache/stage12a_mode_semantics.csv
Pooled,Pedestrian,1,lane_count,66145,0,0,0,0,0,02_semantic_cache/cache/stage12a_mode_semantics.csv
Pooled,Pedestrian,1,connector_count,66145,0,0,0,0,0,02_semantic_cache/cache/stage12a_mode_semantics.csv
Pooled,Pedestrian,1,drivable_distance,38579,0.633252791431,0.365530534166,1.69719365418,1.84197671202,1.96582888118,02_semantic_cache/cache/stage12a_mode_semantics.csv
Pooled,Pedestrian,1,drivable_inside_fraction,38579,0.33325989096,0,1,1,1,02_semantic_cache/cache/stage12a_mode_semantics.csv
Pooled,Pedestrian,1,drivable_intersects,38579,0.440472796081,0,1,1,1,02_semantic_cache/cache/stage12a_mode_semantics.csv
Pooled,Pedestrian,1,drivable_boundary_crossing,38579,0.211591798647,0,1,1,1,02_semantic_cache/cache/stage12a_mode_semantics.csv
Pooled,Pedestrian,1,drivable_boundary_distance,38579,1.16079218833,0.973704634426,2.11962271244,3.53243699426,5.94798719846,02_semantic_cache/cache/stage12a_mode_semantics.csv
Pooled,Pedestrian,1,drivable_valid,66145,0.583248922821,1,1,1,1,02_semantic_cache/cache/stage12a_mode_semantics.csv
Pooled,Pedestrian,1,carpark_distance,0,,,,,,02_semantic_cache/cache/stage12a_mode_semantics.csv
Pooled,Pedestrian,1,carpark_inside_fraction,0,,,,,,02_semantic_cache/cache/stage12a_mode_semantics.csv
Pooled,Pedestrian,1,carpark_intersects,0,,,,,,02_semantic_cache/cache/stage12a_mode_semantics.csv
Pooled,Pedestrian,1,carpark_valid,66145,0,0,0,0,0,02_semantic_cache/cache/stage12a_mode_semantics.csv
Pooled,Pedestrian,1,crosswalk_distance,15239,0.5491422069,0.143351499877,1.61900145813,1.79248426555,1.95589250184,02_semantic_cache/cache/stage12a_mode_semantics.csv
Pooled,Pedestrian,1,crosswalk_inside_fraction,15239,0.319421659339,0,1,1,1,02_semantic_cache/cache/stage12a_mode_semantics.csv
Pooled,Pedestrian,1,crosswalk_intersects,15239,0.470831419384,0,1,1,1,02_semantic_cache/cache/stage12a_mode_semantics.csv
Pooled,Pedestrian,1,crosswalk_valid,66145,0.230387784413,0,1,1,1,02_semantic_cache/cache/stage12a_mode_semantics.csv
Pooled,Pedestrian,1,walkway_distance,50258,0.10947677336,0,0.330113237762,0.953151200509,1.7416617729,02_semantic_cache/cache/stage12a_mode_semantics.csv
Pooled,Pedestrian,1,walkway_inside_fraction,50258,0.759698290156,1,1,1,1,02_semantic_cache/cache/stage12a_mode_semantics.csv
Pooled,Pedestrian,1,walkway_intersects,50258,0.858689163914,1,1,1,1,02_semantic_cache/cache/stage12a_mode_semantics.csv
Pooled,Pedestrian,1,walkway_valid,66145,0.759815556731,1,1,1,1,02_semantic_cache/cache/stage12a_mode_semantics.csv
Pooled,Pedestrian,1,map_valid_mask,66145,0.891858795071,1,1,1,1,02_semantic_cache/cache/stage12a_mode_semantics.csv
Pooled,Pedestrian,2,centerline_distance,0,,,,,,02_semantic_cache/cache/stage12a_mode_semantics.csv
Pooled,Pedestrian,2,centerline_mean_distance,0,,,,,,02_semantic_cache/cache/stage12a_mode_semantics.csv
Pooled,Pedestrian,2,centerline_endpoint_distance,0,,,,,,02_semantic_cache/cache/stage12a_mode_semantics.csv
Pooled,Pedestrian,2,centerline_heading_error,0,,,,,,02_semantic_cache/cache/stage12a_mode_semantics.csv
Pooled,Pedestrian,2,centerline_valid,66145,0,0,0,0,0,02_semantic_cache/cache/stage12a_mode_semantics.csv
Pooled,Pedestrian,2,lane_count,66145,0,0,0,0,0,02_semantic_cache/cache/stage12a_mode_semantics.csv
Pooled,Pedestrian,2,connector_count,66145,0,0,0,0,0,02_semantic_cache/cache/stage12a_mode_semantics.csv
Pooled,Pedestrian,2,drivable_distance,43150,0.441708247603,0,1.60260278121,1.79486141755,1.95774507641,02_semantic_cache/cache/stage12a_mode_semantics.csv
Pooled,Pedestrian,2,drivable_inside_fraction,43150,0.389857087679,0.333333333333,1,1,1,02_semantic_cache/cache/stage12a_mode_semantics.csv
Pooled,Pedestrian,2,drivable_intersects,43150,0.614322132097,1,1,1,1,02_semantic_cache/cache/stage12a_mode_semantics.csv
Pooled,Pedestrian,2,drivable_boundary_crossing,43150,0.463893395133,0,1,1,1,02_semantic_cache/cache/stage12a_mode_semantics.csv
Pooled,Pedestrian,2,drivable_boundary_distance,43150,0.770762143101,0.199007762424,1.85555969855,2.55967947915,5.09089376721,02_semantic_cache/cache/stage12a_mode_semantics.csv
Pooled,Pedestrian,2,drivable_valid,66145,0.652354675334,1,1,1,1,02_semantic_cache/cache/stage12a_mode_semantics.csv
Pooled,Pedestrian,2,carpark_distance,0,,,,,,02_semantic_cache/cache/stage12a_mode_semantics.csv
Pooled,Pedestrian,2,carpark_inside_fraction,0,,,,,,02_semantic_cache/cache/stage12a_mode_semantics.csv
Pooled,Pedestrian,2,carpark_intersects,0,,,,,,02_semantic_cache/cache/stage12a_mode_semantics.csv
Pooled,Pedestrian,2,carpark_valid,66145,0,0,0,0,0,02_semantic_cache/cache/stage12a_mode_semantics.csv
Pooled,Pedestrian,2,crosswalk_distance,17600,0.390224495352,0,1.47747043775,1.72261450561,1.93898055051,02_semantic_cache/cache/stage12a_mode_semantics.csv
Pooled,Pedestrian,2,crosswalk_inside_fraction,17600,0.319308712121,0.166666666667,0.916666666667,1,1,02_semantic_cache/cache/stage12a_mode_semantics.csv
Pooled,Pedestrian,2,crosswalk_intersects,17600,0.607556818182,1,1,1,1,02_semantic_cache/cache/stage12a_mode_semantics.csv
Pooled,Pedestrian,2,crosswalk_valid,66145,0.266082092373,0,1,1,1,02_semantic_cache/cache/stage12a_mode_semantics.csv
Pooled,Pedestrian,2,walkway_distance,52585,0.0935178627452,0,0.170143617245,0.839202018732,1.71522163289,02_semantic_cache/cache/stage12a_mode_semantics.csv
Pooled,Pedestrian,2,walkway_inside_fraction,52585,0.621669677665,0.666666666667,1,1,1,02_semantic_cache/cache/stage12a_mode_semantics.csv
Pooled,Pedestrian,2,walkway_intersects,52585,0.879090995531,1,1,1,1,02_semantic_cache/cache/stage12a_mode_semantics.csv
Pooled,Pedestrian,2,walkway_valid,66145,0.794995842467,1,1,1,1,02_semantic_cache/cache/stage12a_mode_semantics.csv
Pooled,Pedestrian,2,map_valid_mask,66145,0.912192909517,1,1,1,1,02_semantic_cache/cache/stage12a_mode_semantics.csv
Pooled,Pedestrian,3,centerline_distance,0,,,,,,02_semantic_cache/cache/stage12a_mode_semantics.csv
Pooled,Pedestrian,3,centerline_mean_distance,0,,,,,,02_semantic_cache/cache/stage12a_mode_semantics.csv
Pooled,Pedestrian,3,centerline_endpoint_distance,0,,,,,,02_semantic_cache/cache/stage12a_mode_semantics.csv
Pooled,Pedestrian,3,centerline_heading_error,0,,,,,,02_semantic_cache/cache/stage12a_mode_semantics.csv
Pooled,Pedestrian,3,centerline_valid,66145,0,0,0,0,0,02_semantic_cache/cache/stage12a_mode_semantics.csv
Pooled,Pedestrian,3,lane_count,66145,0,0,0,0,0,02_semantic_cache/cache/stage12a_mode_semantics.csv
Pooled,Pedestrian,3,connector_count,66145,0,0,0,0,0,02_semantic_cache/cache/stage12a_mode_semantics.csv
Pooled,Pedestrian,3,drivable_distance,37548,0.67191614583,0.481228795144,1.71051757259,1.84945119704,1.9669904248,02_semantic_cache/cache/stage12a_mode_semantics.csv
Pooled,Pedestrian,3,drivable_inside_fraction,37548,0.331793082632,0,1,1,1,02_semantic_cache/cache/stage12a_mode_semantics.csv
Pooled,Pedestrian,3,drivable_intersects,37548,0.404042825184,0,1,1,1,02_semantic_cache/cache/stage12a_mode_semantics.csv
Pooled,Pedestrian,3,drivable_boundary_crossing,37548,0.145254074784,0,1,1,1,02_semantic_cache/cache/stage12a_mode_semantics.csv
Pooled,Pedestrian,3,drivable_boundary_distance,37548,1.2927491425,1.10323003006,2.58031532312,3.84302438749,6.3631704687,02_semantic_cache/cache/stage12a_mode_semantics.csv
Pooled,Pedestrian,3,drivable_valid,66145,0.567661954796,1,1,1,1,02_semantic_cache/cache/stage12a_mode_semantics.csv
Pooled,Pedestrian,3,carpark_distance,0,,,,,,02_semantic_cache/cache/stage12a_mode_semantics.csv
Pooled,Pedestrian,3,carpark_inside_fraction,0,,,,,,02_semantic_cache/cache/stage12a_mode_semantics.csv
Pooled,Pedestrian,3,carpark_intersects,0,,,,,,02_semantic_cache/cache/stage12a_mode_semantics.csv
Pooled,Pedestrian,3,carpark_valid,66145,0,0,0,0,0,02_semantic_cache/cache/stage12a_mode_semantics.csv
Pooled,Pedestrian,3,crosswalk_distance,14555,0.572684428956,0.264655528251,1.63258165786,1.79593317936,1.95551317438,02_semantic_cache/cache/stage12a_mode_semantics.csv
Pooled,Pedestrian,3,crosswalk_inside_fraction,14555,0.331810374442,0,1,1,1,02_semantic_cache/cache/stage12a_mode_semantics.csv
Pooled,Pedestrian,3,crosswalk_intersects,14555,0.444245963586,0,1,1,1,02_semantic_cache/cache/stage12a_mode_semantics.csv
Pooled,Pedestrian,3,crosswalk_valid,66145,0.220046866732,0,1,1,1,02_semantic_cache/cache/stage12a_mode_semantics.csv
Pooled,Pedestrian,3,walkway_distance,49454,0.112779587828,0,0.37271479883,0.982166637457,1.76079488645,02_semantic_cache/cache/stage12a_mode_semantics.csv
Pooled,Pedestrian,3,walkway_inside_fraction,49454,0.787848303474,1,1,1,1,02_semantic_cache/cache/stage12a_mode_semantics.csv
Pooled,Pedestrian,3,walkway_intersects,49454,0.85914182877,1,1,1,1,02_semantic_cache/cache/stage12a_mode_semantics.csv
Pooled,Pedestrian,3,walkway_valid,66145,0.747660442966,1,1,1,1,02_semantic_cache/cache/stage12a_mode_semantics.csv
Pooled,Pedestrian,3,map_valid_mask,66145,0.889560813365,1,1,1,1,02_semantic_cache/cache/stage12a_mode_semantics.csv
Pooled,Pedestrian,4,centerline_distance,0,,,,,,02_semantic_cache/cache/stage12a_mode_semantics.csv
Pooled,Pedestrian,4,centerline_mean_distance,0,,,,,,02_semantic_cache/cache/stage12a_mode_semantics.csv
Pooled,Pedestrian,4,centerline_endpoint_distance,0,,,,,,02_semantic_cache/cache/stage12a_mode_semantics.csv
Pooled,Pedestrian,4,centerline_heading_error,0,,,,,,02_semantic_cache/cache/stage12a_mode_semantics.csv
Pooled,Pedestrian,4,centerline_valid,66145,0,0,0,0,0,02_semantic_cache/cache/stage12a_mode_semantics.csv
Pooled,Pedestrian,4,lane_count,66145,0,0,0,0,0,02_semantic_cache/cache/stage12a_mode_semantics.csv
Pooled,Pedestrian,4,connector_count,66145,0,0,0,0,0,02_semantic_cache/cache/stage12a_mode_semantics.csv
Pooled,Pedestrian,4,drivable_distance,40059,0.575992700852,0.105695615949,1.66393582464,1.82750373752,1.96566536741,02_semantic_cache/cache/stage12a_mode_semantics.csv
Pooled,Pedestrian,4,drivable_inside_fraction,40059,0.33869001556,0,1,1,1,02_semantic_cache/cache/stage12a_mode_semantics.csv
Pooled,Pedestrian,4,drivable_intersects,40059,0.485683616665,0,1,1,1,02_semantic_cache/cache/stage12a_mode_semantics.csv
Pooled,Pedestrian,4,drivable_boundary_crossing,40059,0.288699168726,0,1,1,1,02_semantic_cache/cache/stage12a_mode_semantics.csv
Pooled,Pedestrian,4,drivable_boundary_distance,40059,1.01893282592,0.785824901093,1.95802165441,3.17120129427,5.62775568809,02_semantic_cache/cache/stage12a_mode_semantics.csv
Pooled,Pedestrian,4,drivable_valid,66145,0.605624007862,1,1,1,1,02_semantic_cache/cache/stage12a_mode_semantics.csv
Pooled,Pedestrian,4,carpark_distance,0,,,,,,02_semantic_cache/cache/stage12a_mode_semantics.csv
Pooled,Pedestrian,4,carpark_inside_fraction,0,,,,,,02_semantic_cache/cache/stage12a_mode_semantics.csv
Pooled,Pedestrian,4,carpark_intersects,0,,,,,,02_semantic_cache/cache/stage12a_mode_semantics.csv
Pooled,Pedestrian,4,carpark_valid,66145,0,0,0,0,0,02_semantic_cache/cache/stage12a_mode_semantics.csv
Pooled,Pedestrian,4,crosswalk_distance,16067,0.493788484672,0,1.5840265341,1.76201932952,1.94759445997,02_semantic_cache/cache/stage12a_mode_semantics.csv
Pooled,Pedestrian,4,crosswalk_inside_fraction,16067,0.313561959295,0.0833333333333,1,1,1,02_semantic_cache/cache/stage12a_mode_semantics.csv
Pooled,Pedestrian,4,crosswalk_intersects,16067,0.510674052406,1,1,1,1,02_semantic_cache/cache/stage12a_mode_semantics.csv
Pooled,Pedestrian,4,crosswalk_valid,66145,0.242905737395,0,1,1,1,02_semantic_cache/cache/stage12a_mode_semantics.csv
Pooled,Pedestrian,4,walkway_distance,51114,0.104186584945,0,0.272506068132,0.915012039484,1.75972351875,02_semantic_cache/cache/stage12a_mode_semantics.csv
Pooled,Pedestrian,4,walkway_inside_fraction,51114,0.723141735467,1,1,1,1,02_semantic_cache/cache/stage12a_mode_semantics.csv
Pooled,Pedestrian,4,walkway_intersects,51114,0.866122784364,1,1,1,1,02_semantic_cache/cache/stage12a_mode_semantics.csv
Pooled,Pedestrian,4,walkway_valid,66145,0.772756822133,1,1,1,1,02_semantic_cache/cache/stage12a_mode_semantics.csv
Pooled,Pedestrian,4,map_valid_mask,66145,0.895865144758,1,1,1,1,02_semantic_cache/cache/stage12a_mode_semantics.csv
Pooled,Pedestrian,5,centerline_distance,0,,,,,,02_semantic_cache/cache/stage12a_mode_semantics.csv
Pooled,Pedestrian,5,centerline_mean_distance,0,,,,,,02_semantic_cache/cache/stage12a_mode_semantics.csv
Pooled,Pedestrian,5,centerline_endpoint_distance,0,,,,,,02_semantic_cache/cache/stage12a_mode_semantics.csv
Pooled,Pedestrian,5,centerline_heading_error,0,,,,,,02_semantic_cache/cache/stage12a_mode_semantics.csv
Pooled,Pedestrian,5,centerline_valid,66145,0,0,0,0,0,02_semantic_cache/cache/stage12a_mode_semantics.csv
Pooled,Pedestrian,5,lane_count,66145,0,0,0,0,0,02_semantic_cache/cache/stage12a_mode_semantics.csv
Pooled,Pedestrian,5,connector_count,66145,0,0,0,0,0,02_semantic_cache/cache/stage12a_mode_semantics.csv
Pooled,Pedestrian,5,drivable_distance,39333,0.602106467643,0.234908624738,1.67993517982,1.83124871367,1.96592134487,02_semantic_cache/cache/stage12a_mode_semantics.csv
Pooled,Pedestrian,5,drivable_inside_fraction,39333,0.334956228443,0,1,1,1,02_semantic_cache/cache/stage12a_mode_semantics.csv
Pooled,Pedestrian,5,drivable_intersects,39333,0.464241222383,0,1,1,1,02_semantic_cache/cache/stage12a_mode_semantics.csv
Pooled,Pedestrian,5,drivable_boundary_crossing,39333,0.25378181171,0,1,1,1,02_semantic_cache/cache/stage12a_mode_semantics.csv
Pooled,Pedestrian,5,drivable_boundary_distance,39333,1.08037368454,0.877988858955,1.98015522676,3.34287399526,5.80794952945,02_semantic_cache/cache/stage12a_mode_semantics.csv
Pooled,Pedestrian,5,drivable_valid,66145,0.594648121551,1,1,1,1,02_semantic_cache/cache/stage12a_mode_semantics.csv
Pooled,Pedestrian,5,carpark_distance,0,,,,,,02_semantic_cache/cache/stage12a_mode_semantics.csv
Pooled,Pedestrian,5,carpark_inside_fraction,0,,,,,,02_semantic_cache/cache/stage12a_mode_semantics.csv
Pooled,Pedestrian,5,carpark_intersects,0,,,,,,02_semantic_cache/cache/stage12a_mode_semantics.csv
Pooled,Pedestrian,5,carpark_valid,66145,0,0,0,0,0,02_semantic_cache/cache/stage12a_mode_semantics.csv
Pooled,Pedestrian,5,crosswalk_distance,15682,0.519479973896,0.0387875347157,1.60822315878,1.77310495067,1.95781422918,02_semantic_cache/cache/stage12a_mode_semantics.csv
Pooled,Pedestrian,5,crosswalk_inside_fraction,15682,0.313352888662,0,1,1,1,02_semantic_cache/cache/stage12a_mode_semantics.csv
Pooled,Pedestrian,5,crosswalk_intersects,15682,0.491391404158,0,1,1,1,02_semantic_cache/cache/stage12a_mode_semantics.csv
Pooled,Pedestrian,5,crosswalk_valid,66145,0.237085191624,0,1,1,1,02_semantic_cache/cache/stage12a_mode_semantics.csv
Pooled,Pedestrian,5,walkway_distance,50765,0.106993220327,0,0.296979810353,0.931751997125,1.75624515573,02_semantic_cache/cache/stage12a_mode_semantics.csv
Pooled,Pedestrian,5,walkway_inside_fraction,50765,0.739935651203,1,1,1,1,02_semantic_cache/cache/stage12a_mode_semantics.csv
Pooled,Pedestrian,5,walkway_intersects,50765,0.862090022653,1,1,1,1,02_semantic_cache/cache/stage12a_mode_semantics.csv
Pooled,Pedestrian,5,walkway_valid,66145,0.767480535188,1,1,1,1,02_semantic_cache/cache/stage12a_mode_semantics.csv
Pooled,Pedestrian,5,map_valid_mask,66145,0.894141658478,1,1,1,1,02_semantic_cache/cache/stage12a_mode_semantics.csv
Pooled,Bicycle,0,centerline_distance,2757,3.01993006498,2.72881656885,6.69330728054,7.68471240997,9.39841580391,02_semantic_cache/cache/stage12a_mode_semantics.csv
Pooled,Bicycle,0,centerline_mean_distance,2757,4.99100655322,4.42828863859,8.71529531479,10.0994906425,14.658543396,02_semantic_cache/cache/stage12a_mode_semantics.csv
Pooled,Bicycle,0,centerline_endpoint_distance,2757,5.26307407064,3.98111194372,9.76194322109,13.7143676281,26.1325228691,02_semantic_cache/cache/stage12a_mode_semantics.csv
Pooled,Bicycle,0,centerline_heading_error,2757,1.35875431228,1.29720880831,3.03268310613,3.06744177643,3.12648677916,02_semantic_cache/cache/stage12a_mode_semantics.csv
Pooled,Bicycle,0,centerline_valid,2980,0.925167785235,1,1,1,1,02_semantic_cache/cache/stage12a_mode_semantics.csv
Pooled,Bicycle,0,lane_count,2980,1.94194630872,2,3,3,3,02_semantic_cache/cache/stage12a_mode_semantics.csv
Pooled,Bicycle,0,connector_count,2980,2.00973154362,3,3,3,3,02_semantic_cache/cache/stage12a_mode_semantics.csv
Pooled,Bicycle,0,drivable_distance,2070,0.39575139717,0,1.38063384411,1.57721658113,1.90366233362,02_semantic_cache/cache/stage12a_mode_semantics.csv
Pooled,Bicycle,0,drivable_inside_fraction,2070,0.391062801932,0.25,1,1,1,02_semantic_cache/cache/stage12a_mode_semantics.csv
Pooled,Bicycle,0,drivable_intersects,2070,0.571980676329,1,1,1,1,02_semantic_cache/cache/stage12a_mode_semantics.csv
Pooled,Bicycle,0,drivable_boundary_crossing,2070,0.345893719807,0,1,1,1,02_semantic_cache/cache/stage12a_mode_semantics.csv
Pooled,Bicycle,0,drivable_boundary_distance,2070,0.749663350949,0.450726268157,1.73160853365,2.6235114448,5.0327946084,02_semantic_cache/cache/stage12a_mode_semantics.csv
Pooled,Bicycle,0,drivable_valid,2980,0.694630872483,1,1,1,1,02_semantic_cache/cache/stage12a_mode_semantics.csv
Pooled,Bicycle,0,carpark_distance,0,,,,,,02_semantic_cache/cache/stage12a_mode_semantics.csv
Pooled,Bicycle,0,carpark_inside_fraction,0,,,,,,02_semantic_cache/cache/stage12a_mode_semantics.csv
Pooled,Bicycle,0,carpark_intersects,0,,,,,,02_semantic_cache/cache/stage12a_mode_semantics.csv
Pooled,Bicycle,0,carpark_valid,2980,0,0,0,0,0,02_semantic_cache/cache/stage12a_mode_semantics.csv
Pooled,Bicycle,0,crosswalk_distance,0,,,,,,02_semantic_cache/cache/stage12a_mode_semantics.csv
Pooled,Bicycle,0,crosswalk_inside_fraction,0,,,,,,02_semantic_cache/cache/stage12a_mode_semantics.csv
Pooled,Bicycle,0,crosswalk_intersects,0,,,,,,02_semantic_cache/cache/stage12a_mode_semantics.csv
Pooled,Bicycle,0,crosswalk_valid,2980,0,0,0,0,0,02_semantic_cache/cache/stage12a_mode_semantics.csv
Pooled,Bicycle,0,walkway_distance,0,,,,,,02_semantic_cache/cache/stage12a_mode_semantics.csv
Pooled,Bicycle,0,walkway_inside_fraction,0,,,,,,02_semantic_cache/cache/stage12a_mode_semantics.csv
Pooled,Bicycle,0,walkway_intersects,0,,,,,,02_semantic_cache/cache/stage12a_mode_semantics.csv
Pooled,Bicycle,0,walkway_valid,2980,0,0,0,0,0,02_semantic_cache/cache/stage12a_mode_semantics.csv
Pooled,Bicycle,0,map_valid_mask,2980,0.928523489933,1,1,1,1,02_semantic_cache/cache/stage12a_mode_semantics.csv
Pooled,Bicycle,1,centerline_distance,2705,3.77702324853,3.61365646124,6.90535187721,7.68416881561,9.25159711838,02_semantic_cache/cache/stage12a_mode_semantics.csv
Pooled,Bicycle,1,centerline_mean_distance,2705,4.51665825892,4.22714322805,7.4145911932,8.63297939301,11.2141694069,02_semantic_cache/cache/stage12a_mode_semantics.csv
Pooled,Bicycle,1,centerline_endpoint_distance,2705,4.72272612265,4.18669611216,7.71397554874,9.48190045357,18.7365821362,02_semantic_cache/cache/stage12a_mode_semantics.csv
Pooled,Bicycle,1,centerline_heading_error,2705,1.43791215528,1.37054726149,2.87956533313,3.0096499031,3.12170978135,02_semantic_cache/cache/stage12a_mode_semantics.csv
Pooled,Bicycle,1,centerline_valid,2980,0.907718120805,1,1,1,1,02_semantic_cache/cache/stage12a_mode_semantics.csv
Pooled,Bicycle,1,lane_count,2980,1.70570469799,2,3,3,3,02_semantic_cache/cache/stage12a_mode_semantics.csv
Pooled,Bicycle,1,connector_count,2980,1.83087248322,2,3,3,3,02_semantic_cache/cache/stage12a_mode_semantics.csv
Pooled,Bicycle,1,drivable_distance,1725,0.563472553539,0.452306795438,1.5294979251,1.66824891446,1.95551932511,02_semantic_cache/cache/stage12a_mode_semantics.csv
Pooled,Bicycle,1,drivable_inside_fraction,1725,0.377826086957,0,1,1,1,02_semantic_cache/cache/stage12a_mode_semantics.csv
Pooled,Bicycle,1,drivable_intersects,1725,0.416811594203,0,1,1,1,02_semantic_cache/cache/stage12a_mode_semantics.csv
Pooled,Bicycle,1,drivable_boundary_crossing,1725,0.0939130434783,0,0,1,1,02_semantic_cache/cache/stage12a_mode_semantics.csv
Pooled,Bicycle,1,drivable_boundary_distance,1725,1.05836038757,0.786789883725,1.95068405146,3.39083866877,5.34441204061,02_semantic_cache/cache/stage12a_mode_semantics.csv
Pooled,Bicycle,1,drivable_valid,2980,0.578859060403,1,1,1,1,02_semantic_cache/cache/stage12a_mode_semantics.csv
Pooled,Bicycle,1,carpark_distance,0,,,,,,02_semantic_cache/cache/stage12a_mode_semantics.csv
Pooled,Bicycle,1,carpark_inside_fraction,0,,,,,,02_semantic_cache/cache/stage12a_mode_semantics.csv
Pooled,Bicycle,1,carpark_intersects,0,,,,,,02_semantic_cache/cache/stage12a_mode_semantics.csv
Pooled,Bicycle,1,carpark_valid,2980,0,0,0,0,0,02_semantic_cache/cache/stage12a_mode_semantics.csv
Pooled,Bicycle,1,crosswalk_distance,0,,,,,,02_semantic_cache/cache/stage12a_mode_semantics.csv
Pooled,Bicycle,1,crosswalk_inside_fraction,0,,,,,,02_semantic_cache/cache/stage12a_mode_semantics.csv
Pooled,Bicycle,1,crosswalk_intersects,0,,,,,,02_semantic_cache/cache/stage12a_mode_semantics.csv
Pooled,Bicycle,1,crosswalk_valid,2980,0,0,0,0,0,02_semantic_cache/cache/stage12a_mode_semantics.csv
Pooled,Bicycle,1,walkway_distance,0,,,,,,02_semantic_cache/cache/stage12a_mode_semantics.csv
Pooled,Bicycle,1,walkway_inside_fraction,0,,,,,,02_semantic_cache/cache/stage12a_mode_semantics.csv
Pooled,Bicycle,1,walkway_intersects,0,,,,,,02_semantic_cache/cache/stage12a_mode_semantics.csv
Pooled,Bicycle,1,walkway_valid,2980,0,0,0,0,0,02_semantic_cache/cache/stage12a_mode_semantics.csv
Pooled,Bicycle,1,map_valid_mask,2980,0.911073825503,1,1,1,1,02_semantic_cache/cache/stage12a_mode_semantics.csv
Pooled,Bicycle,2,centerline_distance,2818,2.44714886915,1.72032631934,6.4992660284,7.10366591811,9.28470882177,02_semantic_cache/cache/stage12a_mode_semantics.csv
Pooled,Bicycle,2,centerline_mean_distance,2818,5.90573806987,4.95738372207,10.5891990662,12.1579550505,16.3219899535,02_semantic_cache/cache/stage12a_mode_semantics.csv
Pooled,Bicycle,2,centerline_endpoint_distance,2818,6.74228199355,4.85658928752,15.4152957201,18.3946553469,29.1252113342,02_semantic_cache/cache/stage12a_mode_semantics.csv
Pooled,Bicycle,2,centerline_heading_error,2818,1.37417577598,1.40594158711,3.03052005127,3.06875254554,3.11498636433,02_semantic_cache/cache/stage12a_mode_semantics.csv
Pooled,Bicycle,2,centerline_valid,2980,0.945637583893,1,1,1,1,02_semantic_cache/cache/stage12a_mode_semantics.csv
Pooled,Bicycle,2,lane_count,2980,2.11241610738,2,3,3,3,02_semantic_cache/cache/stage12a_mode_semantics.csv
Pooled,Bicycle,2,connector_count,2980,2.20973154362,3,3,3,3,02_semantic_cache/cache/stage12a_mode_semantics.csv
Pooled,Bicycle,2,drivable_distance,2258,0.283448433614,0,1.19699993037,1.52993806323,1.8838823315,02_semantic_cache/cache/stage12a_mode_semantics.csv
Pooled,Bicycle,2,drivable_inside_fraction,2258,0.454052258636,0.416666666667,1,1,1,02_semantic_cache/cache/stage12a_mode_semantics.csv
Pooled,Bicycle,2,drivable_intersects,2258,0.695748449956,1,1,1,1,02_semantic_cache/cache/stage12a_mode_semantics.csv
Pooled,Bicycle,2,drivable_boundary_crossing,2258,0.508857395926,1,1,1,1,02_semantic_cache/cache/stage12a_mode_semantics.csv
Pooled,Bicycle,2,drivable_boundary_distance,2258,0.575467579693,0,1.61040094733,2.17373723697,4.82289595137,02_semantic_cache/cache/stage12a_mode_semantics.csv
Pooled,Bicycle,2,drivable_valid,2980,0.757718120805,1,1,1,1,02_semantic_cache/cache/stage12a_mode_semantics.csv
Pooled,Bicycle,2,carpark_distance,0,,,,,,02_semantic_cache/cache/stage12a_mode_semantics.csv
Pooled,Bicycle,2,carpark_inside_fraction,0,,,,,,02_semantic_cache/cache/stage12a_mode_semantics.csv
Pooled,Bicycle,2,carpark_intersects,0,,,,,,02_semantic_cache/cache/stage12a_mode_semantics.csv
Pooled,Bicycle,2,carpark_valid,2980,0,0,0,0,0,02_semantic_cache/cache/stage12a_mode_semantics.csv
Pooled,Bicycle,2,crosswalk_distance,0,,,,,,02_semantic_cache/cache/stage12a_mode_semantics.csv
Pooled,Bicycle,2,crosswalk_inside_fraction,0,,,,,,02_semantic_cache/cache/stage12a_mode_semantics.csv
Pooled,Bicycle,2,crosswalk_intersects,0,,,,,,02_semantic_cache/cache/stage12a_mode_semantics.csv
Pooled,Bicycle,2,crosswalk_valid,2980,0,0,0,0,0,02_semantic_cache/cache/stage12a_mode_semantics.csv
Pooled,Bicycle,2,walkway_distance,0,,,,,,02_semantic_cache/cache/stage12a_mode_semantics.csv
Pooled,Bicycle,2,walkway_inside_fraction,0,,,,,,02_semantic_cache/cache/stage12a_mode_semantics.csv
Pooled,Bicycle,2,walkway_intersects,0,,,,,,02_semantic_cache/cache/stage12a_mode_semantics.csv
Pooled,Bicycle,2,walkway_valid,2980,0,0,0,0,0,02_semantic_cache/cache/stage12a_mode_semantics.csv
Pooled,Bicycle,2,map_valid_mask,2980,0.948993288591,1,1,1,1,02_semantic_cache/cache/stage12a_mode_semantics.csv
Pooled,Bicycle,3,centerline_distance,2712,3.84367803397,3.63752245903,6.92269289494,7.75759118795,9.36557758451,02_semantic_cache/cache/stage12a_mode_semantics.csv
Pooled,Bicycle,3,centerline_mean_distance,2712,4.33497613607,4.01642665267,7.01146709919,8.51290765405,9.92108356357,02_semantic_cache/cache/stage12a_mode_semantics.csv
Pooled,Bicycle,3,centerline_endpoint_distance,2712,4.50976139886,4.12049755454,7.66549861431,9.05965998769,13.5088268638,02_semantic_cache/cache/stage12a_mode_semantics.csv
Pooled,Bicycle,3,centerline_heading_error,2712,1.36199786192,1.4264527906,2.7064014132,2.97788510184,3.1056834987,02_semantic_cache/cache/stage12a_mode_semantics.csv
Pooled,Bicycle,3,centerline_valid,2980,0.910067114094,1,1,1,1,02_semantic_cache/cache/stage12a_mode_semantics.csv
Pooled,Bicycle,3,lane_count,2980,1.68456375839,2,3,3,3,02_semantic_cache/cache/stage12a_mode_semantics.csv
Pooled,Bicycle,3,connector_count,2980,1.80771812081,2,3,3,3,02_semantic_cache/cache/stage12a_mode_semantics.csv
Pooled,Bicycle,3,drivable_distance,1724,0.550719131093,0.439537263671,1.5078471451,1.69025480329,1.95932626103,02_semantic_cache/cache/stage12a_mode_semantics.csv
Pooled,Bicycle,3,drivable_inside_fraction,1724,0.377320185615,0,1,1,1,02_semantic_cache/cache/stage12a_mode_semantics.csv
Pooled,Bicycle,3,drivable_intersects,1724,0.406612529002,0,1,1,1,02_semantic_cache/cache/stage12a_mode_semantics.csv
Pooled,Bicycle,3,drivable_boundary_crossing,1724,0.0736658932715,0,0,1,1,02_semantic_cache/cache/stage12a_mode_semantics.csv
Pooled,Bicycle,3,drivable_boundary_distance,1724,1.09294993145,0.783372785463,1.99241804807,3.433961627,5.52234258381,02_semantic_cache/cache/stage12a_mode_semantics.csv
Pooled,Bicycle,3,drivable_valid,2980,0.578523489933,1,1,1,1,02_semantic_cache/cache/stage12a_mode_semantics.csv
Pooled,Bicycle,3,carpark_distance,0,,,,,,02_semantic_cache/cache/stage12a_mode_semantics.csv
Pooled,Bicycle,3,carpark_inside_fraction,0,,,,,,02_semantic_cache/cache/stage12a_mode_semantics.csv
Pooled,Bicycle,3,carpark_intersects,0,,,,,,02_semantic_cache/cache/stage12a_mode_semantics.csv
Pooled,Bicycle,3,carpark_valid,2980,0,0,0,0,0,02_semantic_cache/cache/stage12a_mode_semantics.csv
Pooled,Bicycle,3,crosswalk_distance,0,,,,,,02_semantic_cache/cache/stage12a_mode_semantics.csv
Pooled,Bicycle,3,crosswalk_inside_fraction,0,,,,,,02_semantic_cache/cache/stage12a_mode_semantics.csv
Pooled,Bicycle,3,crosswalk_intersects,0,,,,,,02_semantic_cache/cache/stage12a_mode_semantics.csv
Pooled,Bicycle,3,crosswalk_valid,2980,0,0,0,0,0,02_semantic_cache/cache/stage12a_mode_semantics.csv
Pooled,Bicycle,3,walkway_distance,0,,,,,,02_semantic_cache/cache/stage12a_mode_semantics.csv
Pooled,Bicycle,3,walkway_inside_fraction,0,,,,,,02_semantic_cache/cache/stage12a_mode_semantics.csv
Pooled,Bicycle,3,walkway_intersects,0,,,,,,02_semantic_cache/cache/stage12a_mode_semantics.csv
Pooled,Bicycle,3,walkway_valid,2980,0,0,0,0,0,02_semantic_cache/cache/stage12a_mode_semantics.csv
Pooled,Bicycle,3,map_valid_mask,2980,0.913758389262,1,1,1,1,02_semantic_cache/cache/stage12a_mode_semantics.csv
Pooled,Bicycle,4,centerline_distance,2713,3.64178786619,3.38656246662,6.84770548344,7.61691820621,9.3922829628,02_semantic_cache/cache/stage12a_mode_semantics.csv
Pooled,Bicycle,4,centerline_mean_distance,2713,4.75167725034,4.44449722767,7.74153518677,9.29674506187,12.6833660603,02_semantic_cache/cache/stage12a_mode_semantics.csv
Pooled,Bicycle,4,centerline_endpoint_distance,2713,5.05064539125,4.30393338203,8.39362883568,11.1199064255,23.7392699242,02_semantic_cache/cache/stage12a_mode_semantics.csv
Pooled,Bicycle,4,centerline_heading_error,2713,1.36327404481,1.28252371263,2.9143646934,2.98381366342,3.11985028778,02_semantic_cache/cache/stage12a_mode_semantics.csv
Pooled,Bicycle,4,centerline_valid,2980,0.910402684564,1,1,1,1,02_semantic_cache/cache/stage12a_mode_semantics.csv
Pooled,Bicycle,4,lane_count,2980,1.74899328859,2,3,3,3,02_semantic_cache/cache/stage12a_mode_semantics.csv
Pooled,Bicycle,4,connector_count,2980,1.85469798658,2,3,3,3,02_semantic_cache/cache/stage12a_mode_semantics.csv
Pooled,Bicycle,4,drivable_distance,1793,0.539170144548,0.41078469125,1.53633548674,1.7379907572,1.95913599094,02_semantic_cache/cache/stage12a_mode_semantics.csv
Pooled,Bicycle,4,drivable_inside_fraction,1793,0.371119167131,0,1,1,1,02_semantic_cache/cache/stage12a_mode_semantics.csv
Pooled,Bicycle,4,drivable_intersects,1793,0.446737311768,0,1,1,1,02_semantic_cache/cache/stage12a_mode_semantics.csv
Pooled,Bicycle,4,drivable_boundary_crossing,1793,0.174010039041,0,1,1,1,02_semantic_cache/cache/stage12a_mode_semantics.csv
Pooled,Bicycle,4,drivable_boundary_distance,1793,0.975131923779,0.729076186625,1.92959207276,3.21543901874,5.23121839335,02_semantic_cache/cache/stage12a_mode_semantics.csv
Pooled,Bicycle,4,drivable_valid,2980,0.601677852349,1,1,1,1,02_semantic_cache/cache/stage12a_mode_semantics.csv
Pooled,Bicycle,4,carpark_distance,0,,,,,,02_semantic_cache/cache/stage12a_mode_semantics.csv
Pooled,Bicycle,4,carpark_inside_fraction,0,,,,,,02_semantic_cache/cache/stage12a_mode_semantics.csv
Pooled,Bicycle,4,carpark_intersects,0,,,,,,02_semantic_cache/cache/stage12a_mode_semantics.csv
Pooled,Bicycle,4,carpark_valid,2980,0,0,0,0,0,02_semantic_cache/cache/stage12a_mode_semantics.csv
Pooled,Bicycle,4,crosswalk_distance,0,,,,,,02_semantic_cache/cache/stage12a_mode_semantics.csv
Pooled,Bicycle,4,crosswalk_inside_fraction,0,,,,,,02_semantic_cache/cache/stage12a_mode_semantics.csv
Pooled,Bicycle,4,crosswalk_intersects,0,,,,,,02_semantic_cache/cache/stage12a_mode_semantics.csv
Pooled,Bicycle,4,crosswalk_valid,2980,0,0,0,0,0,02_semantic_cache/cache/stage12a_mode_semantics.csv
Pooled,Bicycle,4,walkway_distance,0,,,,,,02_semantic_cache/cache/stage12a_mode_semantics.csv
Pooled,Bicycle,4,walkway_inside_fraction,0,,,,,,02_semantic_cache/cache/stage12a_mode_semantics.csv
Pooled,Bicycle,4,walkway_intersects,0,,,,,,02_semantic_cache/cache/stage12a_mode_semantics.csv
Pooled,Bicycle,4,walkway_valid,2980,0,0,0,0,0,02_semantic_cache/cache/stage12a_mode_semantics.csv
Pooled,Bicycle,4,map_valid_mask,2980,0.913758389262,1,1,1,1,02_semantic_cache/cache/stage12a_mode_semantics.csv
Pooled,Bicycle,5,centerline_distance,2707,3.71216930346,3.53525221348,6.84941840172,7.67512953281,9.25129888058,02_semantic_cache/cache/stage12a_mode_semantics.csv
Pooled,Bicycle,5,centerline_mean_distance,2707,4.65704080752,4.37555760145,7.64694368839,9.02676016092,12.2691497564,02_semantic_cache/cache/stage12a_mode_semantics.csv
Pooled,Bicycle,5,centerline_endpoint_distance,2707,4.90683781919,4.23311650753,8.04874527454,10.0212566853,21.7786711216,02_semantic_cache/cache/stage12a_mode_semantics.csv
Pooled,Bicycle,5,centerline_heading_error,2707,1.40417200005,1.25530178579,2.76619568975,2.96309601844,3.10670496552,02_semantic_cache/cache/stage12a_mode_semantics.csv
Pooled,Bicycle,5,centerline_valid,2980,0.908389261745,1,1,1,1,02_semantic_cache/cache/stage12a_mode_semantics.csv
Pooled,Bicycle,5,lane_count,2980,1.72718120805,2,3,3,3,02_semantic_cache/cache/stage12a_mode_semantics.csv
Pooled,Bicycle,5,connector_count,2980,1.8466442953,2,3,3,3,02_semantic_cache/cache/stage12a_mode_semantics.csv
Pooled,Bicycle,5,drivable_distance,1741,0.543480652238,0.442082361483,1.51748265091,1.65644985509,1.96016094243,02_semantic_cache/cache/stage12a_mode_semantics.csv
Pooled,Bicycle,5,drivable_inside_fraction,1741,0.375885506414,0,1,1,1,02_semantic_cache/cache/stage12a_mode_semantics.csv
Pooled,Bicycle,5,drivable_intersects,1741,0.430786904078,0,1,1,1,02_semantic_cache/cache/stage12a_mode_semantics.csv
Pooled,Bicycle,5,drivable_boundary_crossing,1741,0.128087306146,0,1,1,1,02_semantic_cache/cache/stage12a_mode_semantics.csv
Pooled,Bicycle,5,drivable_boundary_distance,1741,1.01224096758,0.771744142408,1.91306917846,3.23756516196,5.23070518994,02_semantic_cache/cache/stage12a_mode_semantics.csv
Pooled,Bicycle,5,drivable_valid,2980,0.584228187919,1,1,1,1,02_semantic_cache/cache/stage12a_mode_semantics.csv
Pooled,Bicycle,5,carpark_distance,0,,,,,,02_semantic_cache/cache/stage12a_mode_semantics.csv
Pooled,Bicycle,5,carpark_inside_fraction,0,,,,,,02_semantic_cache/cache/stage12a_mode_semantics.csv
Pooled,Bicycle,5,carpark_intersects,0,,,,,,02_semantic_cache/cache/stage12a_mode_semantics.csv
Pooled,Bicycle,5,carpark_valid,2980,0,0,0,0,0,02_semantic_cache/cache/stage12a_mode_semantics.csv
Pooled,Bicycle,5,crosswalk_distance,0,,,,,,02_semantic_cache/cache/stage12a_mode_semantics.csv
Pooled,Bicycle,5,crosswalk_inside_fraction,0,,,,,,02_semantic_cache/cache/stage12a_mode_semantics.csv
Pooled,Bicycle,5,crosswalk_intersects,0,,,,,,02_semantic_cache/cache/stage12a_mode_semantics.csv
Pooled,Bicycle,5,crosswalk_valid,2980,0,0,0,0,0,02_semantic_cache/cache/stage12a_mode_semantics.csv
Pooled,Bicycle,5,walkway_distance,0,,,,,,02_semantic_cache/cache/stage12a_mode_semantics.csv
Pooled,Bicycle,5,walkway_inside_fraction,0,,,,,,02_semantic_cache/cache/stage12a_mode_semantics.csv
Pooled,Bicycle,5,walkway_intersects,0,,,,,,02_semantic_cache/cache/stage12a_mode_semantics.csv
Pooled,Bicycle,5,walkway_valid,2980,0,0,0,0,0,02_semantic_cache/cache/stage12a_mode_semantics.csv
Pooled,Bicycle,5,map_valid_mask,2980,0.911744966443,1,1,1,1,02_semantic_cache/cache/stage12a_mode_semantics.csv
Fold1,Vehicle,0,centerline_distance,49638,2.46219852788,1.20720185339,6.62340599298,8.10117337108,9.60749292374,02_semantic_cache/cache/stage12a_mode_semantics.csv
Fold1,Vehicle,0,centerline_mean_distance,49638,5.38619637235,4.45176169276,10.2540025711,13.1658349037,23.566241765,02_semantic_cache/cache/stage12a_mode_semantics.csv
Fold1,Vehicle,0,centerline_endpoint_distance,49638,6.79616757996,4.45056810975,13.4744057655,23.5859696865,48.2812013149,02_semantic_cache/cache/stage12a_mode_semantics.csv
Fold1,Vehicle,0,centerline_heading_error,49638,1.34006820015,1.42435662619,3.02571316794,3.05773611799,3.11646245801,02_semantic_cache/cache/stage12a_mode_semantics.csv
Fold1,Vehicle,0,centerline_valid,61556,0.806387679511,1,1,1,1,02_semantic_cache/cache/stage12a_mode_semantics.csv
Fold1,Vehicle,0,lane_count,61556,1.72659042173,2,3,3,3,02_semantic_cache/cache/stage12a_mode_semantics.csv
Fold1,Vehicle,0,connector_count,61556,1.48058678277,2,3,3,3,02_semantic_cache/cache/stage12a_mode_semantics.csv
Fold1,Vehicle,0,drivable_distance,53849,0.0229730646159,0,0,0,1.13556831982,02_semantic_cache/cache/stage12a_mode_semantics.csv
Fold1,Vehicle,0,drivable_inside_fraction,53849,0.843870514463,1,1,1,1,02_semantic_cache/cache/stage12a_mode_semantics.csv
Fold1,Vehicle,0,drivable_intersects,53849,0.976415532322,1,1,1,1,02_semantic_cache/cache/stage12a_mode_semantics.csv
Fold1,Vehicle,0,drivable_boundary_crossing,53849,0.332206726216,0,1,1,1,02_semantic_cache/cache/stage12a_mode_semantics.csv
Fold1,Vehicle,0,drivable_boundary_distance,53849,1.6507600295,1.03011858643,3.88261562512,5.49139164776,13.7722056394,02_semantic_cache/cache/stage12a_mode_semantics.csv
Fold1,Vehicle,0,drivable_valid,61556,0.874796932874,1,1,1,1,02_semantic_cache/cache/stage12a_mode_semantics.csv
Fold1,Vehicle,0,carpark_distance,16449,0.0870259249506,0,0,0.855206915772,1.85742289106,02_semantic_cache/cache/stage12a_mode_semantics.csv
Fold1,Vehicle,0,carpark_inside_fraction,16449,0.625787788518,0.583333333333,1,1,1,02_semantic_cache/cache/stage12a_mode_semantics.csv
Fold1,Vehicle,0,carpark_intersects,16449,0.925041035929,1,1,1,1,02_semantic_cache/cache/stage12a_mode_semantics.csv
Fold1,Vehicle,0,carpark_valid,61556,0.267220092274,0,1,1,1,02_semantic_cache/cache/stage12a_mode_semantics.csv
Fold1,Vehicle,0,crosswalk_distance,0,,,,,,02_semantic_cache/cache/stage12a_mode_semantics.csv
Fold1,Vehicle,0,crosswalk_inside_fraction,0,,,,,,02_semantic_cache/cache/stage12a_mode_semantics.csv
Fold1,Vehicle,0,crosswalk_intersects,0,,,,,,02_semantic_cache/cache/stage12a_mode_semantics.csv
Fold1,Vehicle,0,crosswalk_valid,61556,0,0,0,0,0,02_semantic_cache/cache/stage12a_mode_semantics.csv
Fold1,Vehicle,0,walkway_distance,0,,,,,,02_semantic_cache/cache/stage12a_mode_semantics.csv
Fold1,Vehicle,0,walkway_inside_fraction,0,,,,,,02_semantic_cache/cache/stage12a_mode_semantics.csv
Fold1,Vehicle,0,walkway_intersects,0,,,,,,02_semantic_cache/cache/stage12a_mode_semantics.csv
Fold1,Vehicle,0,walkway_valid,61556,0,0,0,0,0,02_semantic_cache/cache/stage12a_mode_semantics.csv
Fold1,Vehicle,0,map_valid_mask,61556,0.904720904542,1,1,1,1,02_semantic_cache/cache/stage12a_mode_semantics.csv
Fold1,Vehicle,1,centerline_distance,47877,3.09499257742,3.07640433311,7.08712816238,8.43243765831,9.75511143208,02_semantic_cache/cache/stage12a_mode_semantics.csv
Fold1,Vehicle,1,centerline_mean_distance,47877,4.06611733276,3.88969928026,8.11635601521,9.45530068874,15.4278667927,02_semantic_cache/cache/stage12a_mode_semantics.csv
Fold1,Vehicle,1,centerline_endpoint_distance,47877,4.69954685881,3.94801110029,8.80687665939,11.3658425808,31.2243583679,02_semantic_cache/cache/stage12a_mode_semantics.csv
Fold1,Vehicle,1,centerline_heading_error,47877,1.33517186762,1.37413100109,2.66780404868,2.85916911073,3.07319155172,02_semantic_cache/cache/stage12a_mode_semantics.csv
Fold1,Vehicle,1,centerline_valid,61556,0.777779582819,1,1,1,1,02_semantic_cache/cache/stage12a_mode_semantics.csv
Fold1,Vehicle,1,lane_count,61556,1.57684060043,2,3,3,3,02_semantic_cache/cache/stage12a_mode_semantics.csv
Fold1,Vehicle,1,connector_count,61556,1.2749691338,1,3,3,3,02_semantic_cache/cache/stage12a_mode_semantics.csv
Fold1,Vehicle,1,drivable_distance,52799,0.0232542374365,0,0,0,1.10918014073,02_semantic_cache/cache/stage12a_mode_semantics.csv
Fold1,Vehicle,1,drivable_inside_fraction,52799,0.964023939847,1,1,1,1,02_semantic_cache/cache/stage12a_mode_semantics.csv
Fold1,Vehicle,1,drivable_intersects,52799,0.975264683043,1,1,1,1,02_semantic_cache/cache/stage12a_mode_semantics.csv
Fold1,Vehicle,1,drivable_boundary_crossing,52799,0.0415348775545,0,0,0,1,02_semantic_cache/cache/stage12a_mode_semantics.csv
Fold1,Vehicle,1,drivable_boundary_distance,52799,2.47698713653,1.80406148502,4.7795545505,6.87638124196,15.3152454964,02_semantic_cache/cache/stage12a_mode_semantics.csv
Fold1,Vehicle,1,drivable_valid,61556,0.857739294301,1,1,1,1,02_semantic_cache/cache/stage12a_mode_semantics.csv
Fold1,Vehicle,1,carpark_distance,15779,0.0860618448557,0,0,0.921098956597,1.83477319829,02_semantic_cache/cache/stage12a_mode_semantics.csv
Fold1,Vehicle,1,carpark_inside_fraction,15779,0.918435895811,1,1,1,1,02_semantic_cache/cache/stage12a_mode_semantics.csv
Fold1,Vehicle,1,carpark_intersects,15779,0.923442550225,1,1,1,1,02_semantic_cache/cache/stage12a_mode_semantics.csv
Fold1,Vehicle,1,carpark_valid,61556,0.256335694327,0,1,1,1,02_semantic_cache/cache/stage12a_mode_semantics.csv
Fold1,Vehicle,1,crosswalk_distance,0,,,,,,02_semantic_cache/cache/stage12a_mode_semantics.csv
Fold1,Vehicle,1,crosswalk_inside_fraction,0,,,,,,02_semantic_cache/cache/stage12a_mode_semantics.csv
Fold1,Vehicle,1,crosswalk_intersects,0,,,,,,02_semantic_cache/cache/stage12a_mode_semantics.csv
Fold1,Vehicle,1,crosswalk_valid,61556,0,0,0,0,0,02_semantic_cache/cache/stage12a_mode_semantics.csv
Fold1,Vehicle,1,walkway_distance,0,,,,,,02_semantic_cache/cache/stage12a_mode_semantics.csv
Fold1,Vehicle,1,walkway_inside_fraction,0,,,,,,02_semantic_cache/cache/stage12a_mode_semantics.csv
Fold1,Vehicle,1,walkway_intersects,0,,,,,,02_semantic_cache/cache/stage12a_mode_semantics.csv
Fold1,Vehicle,1,walkway_valid,61556,0,0,0,0,0,02_semantic_cache/cache/stage12a_mode_semantics.csv
Fold1,Vehicle,1,map_valid_mask,61556,0.889482747417,1,1,1,1,02_semantic_cache/cache/stage12a_mode_semantics.csv
Fold1,Vehicle,2,centerline_distance,51200,1.91795234851,0,6.00853067636,7.89659011364,9.57990145087,02_semantic_cache/cache/stage12a_mode_semantics.csv
Fold1,Vehicle,2,centerline_mean_distance,51200,7.04773897833,5.67740052938,13.3949569464,16.3713316917,25.5935663939,02_semantic_cache/cache/stage12a_mode_semantics.csv
Fold1,Vehicle,2,centerline_endpoint_distance,51200,9.70700622554,6.45448595285,21.2592082024,28.5563663244,53.0786298275,02_semantic_cache/cache/stage12a_mode_semantics.csv
Fold1,Vehicle,2,centerline_heading_error,51200,1.38450285592,1.48866947054,3.03929258383,3.07850152502,3.12626039459,02_semantic_cache/cache/stage12a_mode_semantics.csv
Fold1,Vehicle,2,centerline_valid,61556,0.83176294756,1,1,1,1,02_semantic_cache/cache/stage12a_mode_semantics.csv
Fold1,Vehicle,2,lane_count,61556,1.87880953928,2,3,3,3,02_semantic_cache/cache/stage12a_mode_semantics.csv
Fold1,Vehicle,2,connector_count,61556,1.68417376048,2,3,3,3,02_semantic_cache/cache/stage12a_mode_semantics.csv
Fold1,Vehicle,2,drivable_distance,54986,0.0164282415003,0,0,0,0.760101383511,02_semantic_cache/cache/stage12a_mode_semantics.csv
Fold1,Vehicle,2,drivable_inside_fraction,54986,0.749802980153,0.916666666667,1,1,1,02_semantic_cache/cache/stage12a_mode_semantics.csv
Fold1,Vehicle,2,drivable_intersects,54986,0.980740552141,1,1,1,1,02_semantic_cache/cache/stage12a_mode_semantics.csv
Fold1,Vehicle,2,drivable_boundary_crossing,54986,0.538500709271,1,1,1,1,02_semantic_cache/cache/stage12a_mode_semantics.csv
Fold1,Vehicle,2,drivable_boundary_distance,54986,1.10289104437,0,3.03534484956,4.47403322763,11.4581890106,02_semantic_cache/cache/stage12a_mode_semantics.csv
Fold1,Vehicle,2,drivable_valid,61556,0.893267918643,1,1,1,1,02_semantic_cache/cache/stage12a_mode_semantics.csv
Fold1,Vehicle,2,carpark_distance,17437,0.0959045536274,0,0,0.971231891735,1.87214166574,02_semantic_cache/cache/stage12a_mode_semantics.csv
Fold1,Vehicle,2,carpark_inside_fraction,17437,0.387380283306,0.25,1,1,1,02_semantic_cache/cache/stage12a_mode_semantics.csv
Fold1,Vehicle,2,carpark_intersects,17437,0.912599644434,1,1,1,1,02_semantic_cache/cache/stage12a_mode_semantics.csv
Fold1,Vehicle,2,carpark_valid,61556,0.283270517902,0,1,1,1,02_semantic_cache/cache/stage12a_mode_semantics.csv
Fold1,Vehicle,2,crosswalk_distance,0,,,,,,02_semantic_cache/cache/stage12a_mode_semantics.csv
Fold1,Vehicle,2,crosswalk_inside_fraction,0,,,,,,02_semantic_cache/cache/stage12a_mode_semantics.csv
Fold1,Vehicle,2,crosswalk_intersects,0,,,,,,02_semantic_cache/cache/stage12a_mode_semantics.csv
Fold1,Vehicle,2,crosswalk_valid,61556,0,0,0,0,0,02_semantic_cache/cache/stage12a_mode_semantics.csv
Fold1,Vehicle,2,walkway_distance,0,,,,,,02_semantic_cache/cache/stage12a_mode_semantics.csv
Fold1,Vehicle,2,walkway_inside_fraction,0,,,,,,02_semantic_cache/cache/stage12a_mode_semantics.csv
Fold1,Vehicle,2,walkway_intersects,0,,,,,,02_semantic_cache/cache/stage12a_mode_semantics.csv
Fold1,Vehicle,2,walkway_valid,61556,0,0,0,0,0,02_semantic_cache/cache/stage12a_mode_semantics.csv
Fold1,Vehicle,2,map_valid_mask,61556,0.917197348756,1,1,1,1,02_semantic_cache/cache/stage12a_mode_semantics.csv
Fold1,Vehicle,3,centerline_distance,47950,3.07683043627,2.99710974097,7.0249324441,8.42348927259,9.73972590566,02_semantic_cache/cache/stage12a_mode_semantics.csv
Fold1,Vehicle,3,centerline_mean_distance,47950,3.66871570604,3.57601821423,7.64425230026,8.97177928686,10.478921771,02_semantic_cache/cache/stage12a_mode_semantics.csv
Fold1,Vehicle,3,centerline_endpoint_distance,47950,3.99096493591,3.65789264441,8.05400550365,9.50662541389,20.1843747854,02_semantic_cache/cache/stage12a_mode_semantics.csv
Fold1,Vehicle,3,centerline_heading_error,47950,1.29729154584,1.39415425498,2.6976353947,2.9443561856,3.10058110958,02_semantic_cache/cache/stage12a_mode_semantics.csv
Fold1,Vehicle,3,centerline_valid,61556,0.778965494834,1,1,1,1,02_semantic_cache/cache/stage12a_mode_semantics.csv
Fold1,Vehicle,3,lane_count,61556,1.56686594321,2,3,3,3,02_semantic_cache/cache/stage12a_mode_semantics.csv
Fold1,Vehicle,3,connector_count,61556,1.25771655078,1,3,3,3,02_semantic_cache/cache/stage12a_mode_semantics.csv
Fold1,Vehicle,3,drivable_distance,52829,0.0224736499936,0,0,0,1.09708011668,02_semantic_cache/cache/stage12a_mode_semantics.csv
Fold1,Vehicle,3,drivable_inside_fraction,52829,0.968890192886,1,1,1,1,02_semantic_cache/cache/stage12a_mode_semantics.csv
Fold1,Vehicle,3,drivable_intersects,52829,0.97624410835,1,1,1,1,02_semantic_cache/cache/stage12a_mode_semantics.csv
Fold1,Vehicle,3,drivable_boundary_crossing,52829,0.0258570103542,0,0,0,1,02_semantic_cache/cache/stage12a_mode_semantics.csv
Fold1,Vehicle,3,drivable_boundary_distance,52829,2.50488071452,1.8088874048,4.85561744088,6.97141548927,15.3399982796,02_semantic_cache/cache/stage12a_mode_semantics.csv
Fold1,Vehicle,3,drivable_valid,61556,0.858226655403,1,1,1,1,02_semantic_cache/cache/stage12a_mode_semantics.csv
Fold1,Vehicle,3,carpark_distance,15702,0.0844186640748,0,0,0.884820803511,1.85441823417,02_semantic_cache/cache/stage12a_mode_semantics.csv
Fold1,Vehicle,3,carpark_inside_fraction,15702,0.919580308241,1,1,1,1,02_semantic_cache/cache/stage12a_mode_semantics.csv
Fold1,Vehicle,3,carpark_intersects,15702,0.926251432938,1,1,1,1,02_semantic_cache/cache/stage12a_mode_semantics.csv
Fold1,Vehicle,3,carpark_valid,61556,0.255084800832,0,1,1,1,02_semantic_cache/cache/stage12a_mode_semantics.csv
Fold1,Vehicle,3,crosswalk_distance,0,,,,,,02_semantic_cache/cache/stage12a_mode_semantics.csv
Fold1,Vehicle,3,crosswalk_inside_fraction,0,,,,,,02_semantic_cache/cache/stage12a_mode_semantics.csv
Fold1,Vehicle,3,crosswalk_intersects,0,,,,,,02_semantic_cache/cache/stage12a_mode_semantics.csv
Fold1,Vehicle,3,crosswalk_valid,61556,0,0,0,0,0,02_semantic_cache/cache/stage12a_mode_semantics.csv
Fold1,Vehicle,3,walkway_distance,0,,,,,,02_semantic_cache/cache/stage12a_mode_semantics.csv
Fold1,Vehicle,3,walkway_inside_fraction,0,,,,,,02_semantic_cache/cache/stage12a_mode_semantics.csv
Fold1,Vehicle,3,walkway_intersects,0,,,,,,02_semantic_cache/cache/stage12a_mode_semantics.csv
Fold1,Vehicle,3,walkway_valid,61556,0,0,0,0,0,02_semantic_cache/cache/stage12a_mode_semantics.csv
Fold1,Vehicle,3,map_valid_mask,61556,0.890522451101,1,1,1,1,02_semantic_cache/cache/stage12a_mode_semantics.csv
Fold1,Vehicle,4,centerline_distance,48040,3.02547793481,2.99516126513,7.02875232697,8.34274753928,9.68275223374,02_semantic_cache/cache/stage12a_mode_semantics.csv
Fold1,Vehicle,4,centerline_mean_distance,48040,4.70114526213,4.18553352356,9.0448333025,11.1407662034,21.2529221773,02_semantic_cache/cache/stage12a_mode_semantics.csv
Fold1,Vehicle,4,centerline_endpoint_distance,48040,5.76227884417,4.17923346162,9.83661949635,19.3198856115,43.4988537788,02_semantic_cache/cache/stage12a_mode_semantics.csv
Fold1,Vehicle,4,centerline_heading_error,48040,1.3197816818,1.28958095087,3.02405433997,3.1078473206,3.13603192073,02_semantic_cache/cache/stage12a_mode_semantics.csv
Fold1,Vehicle,4,centerline_valid,61556,0.78042757814,1,1,1,1,02_semantic_cache/cache/stage12a_mode_semantics.csv
Fold1,Vehicle,4,lane_count,61556,1.60335304438,2,3,3,3,02_semantic_cache/cache/stage12a_mode_semantics.csv
Fold1,Vehicle,4,connector_count,61556,1.31264214699,1,3,3,3,02_semantic_cache/cache/stage12a_mode_semantics.csv
Fold1,Vehicle,4,drivable_distance,52894,0.023803240459,0,0,0,1.11800356686,02_semantic_cache/cache/stage12a_mode_semantics.csv
Fold1,Vehicle,4,drivable_inside_fraction,52894,0.951973128647,1,1,1,1,02_semantic_cache/cache/stage12a_mode_semantics.csv
Fold1,Vehicle,4,drivable_intersects,52894,0.974817559648,1,1,1,1,02_semantic_cache/cache/stage12a_mode_semantics.csv
Fold1,Vehicle,4,drivable_boundary_crossing,52894,0.0736000302492,0,0,1,1,02_semantic_cache/cache/stage12a_mode_semantics.csv
Fold1,Vehicle,4,drivable_boundary_distance,52894,2.31431534412,1.65017045811,4.53691103587,6.67093809958,15.1190317402,02_semantic_cache/cache/stage12a_mode_semantics.csv
Fold1,Vehicle,4,drivable_valid,61556,0.859282604458,1,1,1,1,02_semantic_cache/cache/stage12a_mode_semantics.csv
Fold1,Vehicle,4,carpark_distance,15902,0.0850497472747,0,0,0.905479580264,1.85685643406,02_semantic_cache/cache/stage12a_mode_semantics.csv
Fold1,Vehicle,4,carpark_inside_fraction,15902,0.904131555779,1,1,1,1,02_semantic_cache/cache/stage12a_mode_semantics.csv
Fold1,Vehicle,4,carpark_intersects,15902,0.92271412401,1,1,1,1,02_semantic_cache/cache/stage12a_mode_semantics.csv
Fold1,Vehicle,4,carpark_valid,61556,0.258333874846,0,1,1,1,02_semantic_cache/cache/stage12a_mode_semantics.csv
Fold1,Vehicle,4,crosswalk_distance,0,,,,,,02_semantic_cache/cache/stage12a_mode_semantics.csv
Fold1,Vehicle,4,crosswalk_inside_fraction,0,,,,,,02_semantic_cache/cache/stage12a_mode_semantics.csv
Fold1,Vehicle,4,crosswalk_intersects,0,,,,,,02_semantic_cache/cache/stage12a_mode_semantics.csv
Fold1,Vehicle,4,crosswalk_valid,61556,0,0,0,0,0,02_semantic_cache/cache/stage12a_mode_semantics.csv
Fold1,Vehicle,4,walkway_distance,0,,,,,,02_semantic_cache/cache/stage12a_mode_semantics.csv
Fold1,Vehicle,4,walkway_inside_fraction,0,,,,,,02_semantic_cache/cache/stage12a_mode_semantics.csv
Fold1,Vehicle,4,walkway_intersects,0,,,,,,02_semantic_cache/cache/stage12a_mode_semantics.csv
Fold1,Vehicle,4,walkway_valid,61556,0,0,0,0,0,02_semantic_cache/cache/stage12a_mode_semantics.csv
Fold1,Vehicle,4,map_valid_mask,61556,0.891415946455,1,1,1,1,02_semantic_cache/cache/stage12a_mode_semantics.csv
Fold1,Vehicle,5,centerline_distance,47919,3.07253866782,3.05569469929,7.07413887978,8.3986980319,9.72892631292,02_semantic_cache/cache/stage12a_mode_semantics.csv
Fold1,Vehicle,5,centerline_mean_distance,47919,4.39956001284,4.05819743872,8.58971238136,9.87134617567,18.7638627291,02_semantic_cache/cache/stage12a_mode_semantics.csv
Fold1,Vehicle,5,centerline_endpoint_distance,47919,5.2443530355,4.08792287111,9.38384819031,15.68364501,37.8402134418,02_semantic_cache/cache/stage12a_mode_semantics.csv
Fold1,Vehicle,5,centerline_heading_error,47919,1.33126055534,1.11526704999,2.63085288289,2.83609996563,3.08237628688,02_semantic_cache/cache/stage12a_mode_semantics.csv
Fold1,Vehicle,5,centerline_valid,61556,0.778461888362,1,1,1,1,02_semantic_cache/cache/stage12a_mode_semantics.csv
Fold1,Vehicle,5,lane_count,61556,1.58891091039,2,3,3,3,02_semantic_cache/cache/stage12a_mode_semantics.csv
Fold1,Vehicle,5,connector_count,61556,1.29280655013,1,3,3,3,02_semantic_cache/cache/stage12a_mode_semantics.csv
Fold1,Vehicle,5,drivable_distance,52824,0.0236094889537,0,0,0,1.1165764256,02_semantic_cache/cache/stage12a_mode_semantics.csv
Fold1,Vehicle,5,drivable_inside_fraction,52824,0.958822378717,1,1,1,1,02_semantic_cache/cache/stage12a_mode_semantics.csv
Fold1,Vehicle,5,drivable_intersects,52824,0.975068150841,1,1,1,1,02_semantic_cache/cache/stage12a_mode_semantics.csv
Fold1,Vehicle,5,drivable_boundary_crossing,52824,0.0564894744813,0,0,1,1,02_semantic_cache/cache/stage12a_mode_semantics.csv
Fold1,Vehicle,5,drivable_boundary_distance,52824,2.41178833798,1.74593387783,4.67074671753,6.78489758852,15.2456043299,02_semantic_cache/cache/stage12a_mode_semantics.csv
Fold1,Vehicle,5,drivable_valid,61556,0.858145428553,1,1,1,1,02_semantic_cache/cache/stage12a_mode_semantics.csv
Fold1,Vehicle,5,carpark_distance,15821,0.0848789121124,0,0,0.904868622198,1.8474508215,02_semantic_cache/cache/stage12a_mode_semantics.csv
Fold1,Vehicle,5,carpark_inside_fraction,15821,0.914686176601,1,1,1,1,02_semantic_cache/cache/stage12a_mode_semantics.csv
Fold1,Vehicle,5,carpark_intersects,15821,0.923645787245,1,1,1,1,02_semantic_cache/cache/stage12a_mode_semantics.csv
Fold1,Vehicle,5,carpark_valid,61556,0.25701799987,0,1,1,1,02_semantic_cache/cache/stage12a_mode_semantics.csv
Fold1,Vehicle,5,crosswalk_distance,0,,,,,,02_semantic_cache/cache/stage12a_mode_semantics.csv
Fold1,Vehicle,5,crosswalk_inside_fraction,0,,,,,,02_semantic_cache/cache/stage12a_mode_semantics.csv
Fold1,Vehicle,5,crosswalk_intersects,0,,,,,,02_semantic_cache/cache/stage12a_mode_semantics.csv
Fold1,Vehicle,5,crosswalk_valid,61556,0,0,0,0,0,02_semantic_cache/cache/stage12a_mode_semantics.csv
Fold1,Vehicle,5,walkway_distance,0,,,,,,02_semantic_cache/cache/stage12a_mode_semantics.csv
Fold1,Vehicle,5,walkway_inside_fraction,0,,,,,,02_semantic_cache/cache/stage12a_mode_semantics.csv
Fold1,Vehicle,5,walkway_intersects,0,,,,,,02_semantic_cache/cache/stage12a_mode_semantics.csv
Fold1,Vehicle,5,walkway_valid,61556,0,0,0,0,0,02_semantic_cache/cache/stage12a_mode_semantics.csv
Fold1,Vehicle,5,map_valid_mask,61556,0.89008382611,1,1,1,1,02_semantic_cache/cache/stage12a_mode_semantics.csv
Fold1,Pedestrian,0,centerline_distance,0,,,,,,02_semantic_cache/cache/stage12a_mode_semantics.csv
Fold1,Pedestrian,0,centerline_mean_distance,0,,,,,,02_semantic_cache/cache/stage12a_mode_semantics.csv
Fold1,Pedestrian,0,centerline_endpoint_distance,0,,,,,,02_semantic_cache/cache/stage12a_mode_semantics.csv
Fold1,Pedestrian,0,centerline_heading_error,0,,,,,,02_semantic_cache/cache/stage12a_mode_semantics.csv
Fold1,Pedestrian,0,centerline_valid,20250,0,0,0,0,0,02_semantic_cache/cache/stage12a_mode_semantics.csv
Fold1,Pedestrian,0,lane_count,20250,0,0,0,0,0,02_semantic_cache/cache/stage12a_mode_semantics.csv
Fold1,Pedestrian,0,connector_count,20250,0,0,0,0,0,02_semantic_cache/cache/stage12a_mode_semantics.csv
Fold1,Pedestrian,0,drivable_distance,12485,0.517827199735,0,1.63537870158,1.81185457674,1.96335033568,02_semantic_cache/cache/stage12a_mode_semantics.csv
Fold1,Pedestrian,0,drivable_inside_fraction,12485,0.332966226138,0.166666666667,1,1,1,02_semantic_cache/cache/stage12a_mode_semantics.csv
Fold1,Pedestrian,0,drivable_intersects,12485,0.535042050461,1,1,1,1,02_semantic_cache/cache/stage12a_mode_semantics.csv
Fold1,Pedestrian,0,drivable_boundary_crossing,12485,0.386784140969,0,1,1,1,02_semantic_cache/cache/stage12a_mode_semantics.csv
Fold1,Pedestrian,0,drivable_boundary_distance,12485,0.883243569584,0.494265563323,1.87323341128,2.75826031596,4.59042710388,02_semantic_cache/cache/stage12a_mode_semantics.csv
Fold1,Pedestrian,0,drivable_valid,20250,0.616543209877,1,1,1,1,02_semantic_cache/cache/stage12a_mode_semantics.csv
Fold1,Pedestrian,0,carpark_distance,0,,,,,,02_semantic_cache/cache/stage12a_mode_semantics.csv
Fold1,Pedestrian,0,carpark_inside_fraction,0,,,,,,02_semantic_cache/cache/stage12a_mode_semantics.csv
Fold1,Pedestrian,0,carpark_intersects,0,,,,,,02_semantic_cache/cache/stage12a_mode_semantics.csv
Fold1,Pedestrian,0,carpark_valid,20250,0,0,0,0,0,02_semantic_cache/cache/stage12a_mode_semantics.csv
Fold1,Pedestrian,0,crosswalk_distance,4645,0.469140175347,0,1.62714698857,1.76559412101,1.93825117202,02_semantic_cache/cache/stage12a_mode_semantics.csv
Fold1,Pedestrian,0,crosswalk_inside_fraction,4645,0.285970577682,0.0833333333333,0.916666666667,1,1,02_semantic_cache/cache/stage12a_mode_semantics.csv
Fold1,Pedestrian,0,crosswalk_intersects,4645,0.537997847147,1,1,1,1,02_semantic_cache/cache/stage12a_mode_semantics.csv
Fold1,Pedestrian,0,crosswalk_valid,20250,0.229382716049,0,1,1,1,02_semantic_cache/cache/stage12a_mode_semantics.csv
Fold1,Pedestrian,0,walkway_distance,15457,0.0896932236734,0,0.138866112123,0.804773297423,1.67225101433,02_semantic_cache/cache/stage12a_mode_semantics.csv
Fold1,Pedestrian,0,walkway_inside_fraction,15457,0.679745961916,0.916666666667,1,1,1,02_semantic_cache/cache/stage12a_mode_semantics.csv
Fold1,Pedestrian,0,walkway_intersects,15457,0.881089474025,1,1,1,1,02_semantic_cache/cache/stage12a_mode_semantics.csv
Fold1,Pedestrian,0,walkway_valid,20250,0.763308641975,1,1,1,1,02_semantic_cache/cache/stage12a_mode_semantics.csv
Fold1,Pedestrian,0,map_valid_mask,20250,0.886765432099,1,1,1,1,02_semantic_cache/cache/stage12a_mode_semantics.csv
Fold1,Pedestrian,1,centerline_distance,0,,,,,,02_semantic_cache/cache/stage12a_mode_semantics.csv
Fold1,Pedestrian,1,centerline_mean_distance,0,,,,,,02_semantic_cache/cache/stage12a_mode_semantics.csv
Fold1,Pedestrian,1,centerline_endpoint_distance,0,,,,,,02_semantic_cache/cache/stage12a_mode_semantics.csv
Fold1,Pedestrian,1,centerline_heading_error,0,,,,,,02_semantic_cache/cache/stage12a_mode_semantics.csv
Fold1,Pedestrian,1,centerline_valid,20250,0,0,0,0,0,02_semantic_cache/cache/stage12a_mode_semantics.csv
Fold1,Pedestrian,1,lane_count,20250,0,0,0,0,0,02_semantic_cache/cache/stage12a_mode_semantics.csv
Fold1,Pedestrian,1,connector_count,20250,0,0,0,0,0,02_semantic_cache/cache/stage12a_mode_semantics.csv
Fold1,Pedestrian,1,drivable_distance,11291,0.669260371175,0.467996057996,1.73869493703,1.85441894673,1.96728581637,02_semantic_cache/cache/stage12a_mode_semantics.csv
Fold1,Pedestrian,1,drivable_inside_fraction,11291,0.315944852833,0,1,1,1,02_semantic_cache/cache/stage12a_mode_semantics.csv
Fold1,Pedestrian,1,drivable_intersects,11291,0.423965990612,0,1,1,1,02_semantic_cache/cache/stage12a_mode_semantics.csv
Fold1,Pedestrian,1,drivable_boundary_crossing,11291,0.211673013905,0,1,1,1,02_semantic_cache/cache/stage12a_mode_semantics.csv
Fold1,Pedestrian,1,drivable_boundary_distance,11291,1.21187235532,1.02665768654,2.17763500066,3.41049283554,5.8123957543,02_semantic_cache/cache/stage12a_mode_semantics.csv
Fold1,Pedestrian,1,drivable_valid,20250,0.557580246914,1,1,1,1,02_semantic_cache/cache/stage12a_mode_semantics.csv
Fold1,Pedestrian,1,carpark_distance,0,,,,,,02_semantic_cache/cache/stage12a_mode_semantics.csv
Fold1,Pedestrian,1,carpark_inside_fraction,0,,,,,,02_semantic_cache/cache/stage12a_mode_semantics.csv
Fold1,Pedestrian,1,carpark_intersects,0,,,,,,02_semantic_cache/cache/stage12a_mode_semantics.csv
Fold1,Pedestrian,1,carpark_valid,20250,0,0,0,0,0,02_semantic_cache/cache/stage12a_mode_semantics.csv
Fold1,Pedestrian,1,crosswalk_distance,3979,0.590213159302,0.240633314992,1.66831395195,1.80292330474,1.93511933342,02_semantic_cache/cache/stage12a_mode_semantics.csv
Fold1,Pedestrian,1,crosswalk_inside_fraction,3979,0.296200887995,0,1,1,1,02_semantic_cache/cache/stage12a_mode_semantics.csv
Fold1,Pedestrian,1,crosswalk_intersects,3979,0.449610454888,0,1,1,1,02_semantic_cache/cache/stage12a_mode_semantics.csv
Fold1,Pedestrian,1,crosswalk_valid,20250,0.19649382716,0,1,1,1,02_semantic_cache/cache/stage12a_mode_semantics.csv
Fold1,Pedestrian,1,walkway_distance,15009,0.102574547622,0,0.288851080161,0.89058205965,1.70656401877,02_semantic_cache/cache/stage12a_mode_semantics.csv
Fold1,Pedestrian,1,walkway_inside_fraction,15009,0.76517978102,1,1,1,1,02_semantic_cache/cache/stage12a_mode_semantics.csv
Fold1,Pedestrian,1,walkway_intersects,15009,0.863615164235,1,1,1,1,02_semantic_cache/cache/stage12a_mode_semantics.csv
Fold1,Pedestrian,1,walkway_valid,20250,0.741185185185,1,1,1,1,02_semantic_cache/cache/stage12a_mode_semantics.csv
Fold1,Pedestrian,1,map_valid_mask,20250,0.867703703704,1,1,1,1,02_semantic_cache/cache/stage12a_mode_semantics.csv
Fold1,Pedestrian,2,centerline_distance,0,,,,,,02_semantic_cache/cache/stage12a_mode_semantics.csv
Fold1,Pedestrian,2,centerline_mean_distance,0,,,,,,02_semantic_cache/cache/stage12a_mode_semantics.csv
Fold1,Pedestrian,2,centerline_endpoint_distance,0,,,,,,02_semantic_cache/cache/stage12a_mode_semantics.csv
Fold1,Pedestrian,2,centerline_heading_error,0,,,,,,02_semantic_cache/cache/stage12a_mode_semantics.csv
Fold1,Pedestrian,2,centerline_valid,20250,0,0,0,0,0,02_semantic_cache/cache/stage12a_mode_semantics.csv
Fold1,Pedestrian,2,lane_count,20250,0,0,0,0,0,02_semantic_cache/cache/stage12a_mode_semantics.csv
Fold1,Pedestrian,2,connector_count,20250,0,0,0,0,0,02_semantic_cache/cache/stage12a_mode_semantics.csv
Fold1,Pedestrian,2,drivable_distance,12977,0.447857617706,0,1.60902757072,1.79129914048,1.95711415111,02_semantic_cache/cache/stage12a_mode_semantics.csv
Fold1,Pedestrian,2,drivable_inside_fraction,12977,0.368055020421,0.333333333333,1,1,1,02_semantic_cache/cache/stage12a_mode_semantics.csv
Fold1,Pedestrian,2,drivable_intersects,12977,0.611774678277,1,1,1,1,02_semantic_cache/cache/stage12a_mode_semantics.csv
Fold1,Pedestrian,2,drivable_boundary_crossing,12977,0.486167835401,0,1,1,1,02_semantic_cache/cache/stage12a_mode_semantics.csv
Fold1,Pedestrian,2,drivable_boundary_distance,12977,0.755248152038,0.0796517223353,1.82926972313,2.22115470126,4.47607540958,02_semantic_cache/cache/stage12a_mode_semantics.csv
Fold1,Pedestrian,2,drivable_valid,20250,0.640839506173,1,1,1,1,02_semantic_cache/cache/stage12a_mode_semantics.csv
Fold1,Pedestrian,2,carpark_distance,0,,,,,,02_semantic_cache/cache/stage12a_mode_semantics.csv
Fold1,Pedestrian,2,carpark_inside_fraction,0,,,,,,02_semantic_cache/cache/stage12a_mode_semantics.csv
Fold1,Pedestrian,2,carpark_intersects,0,,,,,,02_semantic_cache/cache/stage12a_mode_semantics.csv
Fold1,Pedestrian,2,carpark_valid,20250,0,0,0,0,0,02_semantic_cache/cache/stage12a_mode_semantics.csv
Fold1,Pedestrian,2,crosswalk_distance,4891,0.418975898327,0,1.56765830325,1.75710959128,1.94199907457,02_semantic_cache/cache/stage12a_mode_semantics.csv
Fold1,Pedestrian,2,crosswalk_inside_fraction,4891,0.285115518299,0.166666666667,0.833333333333,1,1,02_semantic_cache/cache/stage12a_mode_semantics.csv
Fold1,Pedestrian,2,crosswalk_intersects,4891,0.589245553057,1,1,1,1,02_semantic_cache/cache/stage12a_mode_semantics.csv
Fold1,Pedestrian,2,crosswalk_valid,20250,0.241530864198,0,1,1,1,02_semantic_cache/cache/stage12a_mode_semantics.csv
Fold1,Pedestrian,2,walkway_distance,15773,0.0861466094312,0,0.110254170521,0.750589389384,1.68346214479,02_semantic_cache/cache/stage12a_mode_semantics.csv
Fold1,Pedestrian,2,walkway_inside_fraction,15773,0.616713159619,0.666666666667,1,1,1,02_semantic_cache/cache/stage12a_mode_semantics.csv
Fold1,Pedestrian,2,walkway_intersects,15773,0.886261332657,1,1,1,1,02_semantic_cache/cache/stage12a_mode_semantics.csv
Fold1,Pedestrian,2,walkway_valid,20250,0.778913580247,1,1,1,1,02_semantic_cache/cache/stage12a_mode_semantics.csv
Fold1,Pedestrian,2,map_valid_mask,20250,0.901432098765,1,1,1,1,02_semantic_cache/cache/stage12a_mode_semantics.csv
Fold1,Pedestrian,3,centerline_distance,0,,,,,,02_semantic_cache/cache/stage12a_mode_semantics.csv
Fold1,Pedestrian,3,centerline_mean_distance,0,,,,,,02_semantic_cache/cache/stage12a_mode_semantics.csv
Fold1,Pedestrian,3,centerline_endpoint_distance,0,,,,,,02_semantic_cache/cache/stage12a_mode_semantics.csv
Fold1,Pedestrian,3,centerline_heading_error,0,,,,,,02_semantic_cache/cache/stage12a_mode_semantics.csv
Fold1,Pedestrian,3,centerline_valid,20250,0,0,0,0,0,02_semantic_cache/cache/stage12a_mode_semantics.csv
Fold1,Pedestrian,3,lane_count,20250,0,0,0,0,0,02_semantic_cache/cache/stage12a_mode_semantics.csv
Fold1,Pedestrian,3,connector_count,20250,0,0,0,0,0,02_semantic_cache/cache/stage12a_mode_semantics.csv
Fold1,Pedestrian,3,drivable_distance,10984,0.712725311066,0.578597029239,1.74227473909,1.85604415547,1.96733812196,02_semantic_cache/cache/stage12a_mode_semantics.csv
Fold1,Pedestrian,3,drivable_inside_fraction,10984,0.31466223598,0,1,1,1,02_semantic_cache/cache/stage12a_mode_semantics.csv
Fold1,Pedestrian,3,drivable_intersects,10984,0.385378732702,0,1,1,1,02_semantic_cache/cache/stage12a_mode_semantics.csv
Fold1,Pedestrian,3,drivable_boundary_crossing,10984,0.141933721777,0,1,1,1,02_semantic_cache/cache/stage12a_mode_semantics.csv
Fold1,Pedestrian,3,drivable_boundary_distance,10984,1.35109184604,1.15100436343,2.60447705318,3.70309051349,6.2678192437,02_semantic_cache/cache/stage12a_mode_semantics.csv
Fold1,Pedestrian,3,drivable_valid,20250,0.542419753086,1,1,1,1,02_semantic_cache/cache/stage12a_mode_semantics.csv
Fold1,Pedestrian,3,carpark_distance,0,,,,,,02_semantic_cache/cache/stage12a_mode_semantics.csv
Fold1,Pedestrian,3,carpark_inside_fraction,0,,,,,,02_semantic_cache/cache/stage12a_mode_semantics.csv
Fold1,Pedestrian,3,carpark_intersects,0,,,,,,02_semantic_cache/cache/stage12a_mode_semantics.csv
Fold1,Pedestrian,3,carpark_valid,20250,0,0,0,0,0,02_semantic_cache/cache/stage12a_mode_semantics.csv
Fold1,Pedestrian,3,crosswalk_distance,3794,0.622040671296,0.387531099877,1.66315118308,1.79685674204,1.96114355279,02_semantic_cache/cache/stage12a_mode_semantics.csv
Fold1,Pedestrian,3,crosswalk_inside_fraction,3794,0.307151642945,0,1,1,1,02_semantic_cache/cache/stage12a_mode_semantics.csv
Fold1,Pedestrian,3,crosswalk_intersects,3794,0.417764891935,0,1,1,1,02_semantic_cache/cache/stage12a_mode_semantics.csv
Fold1,Pedestrian,3,crosswalk_valid,20250,0.187358024691,0,1,1,1,02_semantic_cache/cache/stage12a_mode_semantics.csv
Fold1,Pedestrian,3,walkway_distance,14777,0.108226423743,0,0.337620413855,0.915554637005,1.74828827028,02_semantic_cache/cache/stage12a_mode_semantics.csv
Fold1,Pedestrian,3,walkway_inside_fraction,14777,0.79095892265,1,1,1,1,02_semantic_cache/cache/stage12a_mode_semantics.csv
Fold1,Pedestrian,3,walkway_intersects,14777,0.860526493876,1,1,1,1,02_semantic_cache/cache/stage12a_mode_semantics.csv
Fold1,Pedestrian,3,walkway_valid,20250,0.729728395062,1,1,1,1,02_semantic_cache/cache/stage12a_mode_semantics.csv
Fold1,Pedestrian,3,map_valid_mask,20250,0.864543209877,1,1,1,1,02_semantic_cache/cache/stage12a_mode_semantics.csv
Fold1,Pedestrian,4,centerline_distance,0,,,,,,02_semantic_cache/cache/stage12a_mode_semantics.csv
Fold1,Pedestrian,4,centerline_mean_distance,0,,,,,,02_semantic_cache/cache/stage12a_mode_semantics.csv
Fold1,Pedestrian,4,centerline_endpoint_distance,0,,,,,,02_semantic_cache/cache/stage12a_mode_semantics.csv
Fold1,Pedestrian,4,centerline_heading_error,0,,,,,,02_semantic_cache/cache/stage12a_mode_semantics.csv
Fold1,Pedestrian,4,centerline_valid,20250,0,0,0,0,0,02_semantic_cache/cache/stage12a_mode_semantics.csv
Fold1,Pedestrian,4,lane_count,20250,0,0,0,0,0,02_semantic_cache/cache/stage12a_mode_semantics.csv
Fold1,Pedestrian,4,connector_count,20250,0,0,0,0,0,02_semantic_cache/cache/stage12a_mode_semantics.csv
Fold1,Pedestrian,4,drivable_distance,11798,0.608490499449,0.207764284789,1.69278606877,1.83782878896,1.96150063604,02_semantic_cache/cache/stage12a_mode_semantics.csv
Fold1,Pedestrian,4,drivable_inside_fraction,11798,0.320386223654,0,1,1,1,02_semantic_cache/cache/stage12a_mode_semantics.csv
Fold1,Pedestrian,4,drivable_intersects,11798,0.471944397355,0,1,1,1,02_semantic_cache/cache/stage12a_mode_semantics.csv
Fold1,Pedestrian,4,drivable_boundary_crossing,11798,0.292846245126,0,1,1,1,02_semantic_cache/cache/stage12a_mode_semantics.csv
Fold1,Pedestrian,4,drivable_boundary_distance,11798,1.06067052302,0.825780145913,1.95205691911,3.04272656173,5.08625694074,02_semantic_cache/cache/stage12a_mode_semantics.csv
Fold1,Pedestrian,4,drivable_valid,20250,0.582617283951,1,1,1,1,02_semantic_cache/cache/stage12a_mode_semantics.csv
Fold1,Pedestrian,4,carpark_distance,0,,,,,,02_semantic_cache/cache/stage12a_mode_semantics.csv
Fold1,Pedestrian,4,carpark_inside_fraction,0,,,,,,02_semantic_cache/cache/stage12a_mode_semantics.csv
Fold1,Pedestrian,4,carpark_intersects,0,,,,,,02_semantic_cache/cache/stage12a_mode_semantics.csv
Fold1,Pedestrian,4,carpark_valid,20250,0,0,0,0,0,02_semantic_cache/cache/stage12a_mode_semantics.csv
Fold1,Pedestrian,4,crosswalk_distance,4259,0.535824402094,0.0554036098179,1.64699896878,1.80593871202,1.93742035027,02_semantic_cache/cache/stage12a_mode_semantics.csv
Fold1,Pedestrian,4,crosswalk_inside_fraction,4259,0.286569617281,0,1,1,1,02_semantic_cache/cache/stage12a_mode_semantics.csv
Fold1,Pedestrian,4,crosswalk_intersects,4259,0.488847147218,0,1,1,1,02_semantic_cache/cache/stage12a_mode_semantics.csv
Fold1,Pedestrian,4,crosswalk_valid,20250,0.210320987654,0,1,1,1,02_semantic_cache/cache/stage12a_mode_semantics.csv
Fold1,Pedestrian,4,walkway_distance,15253,0.0972100948725,0,0.215934075865,0.840697787423,1.76226520166,02_semantic_cache/cache/stage12a_mode_semantics.csv
Fold1,Pedestrian,4,walkway_inside_fraction,15253,0.728288424135,1,1,1,1,02_semantic_cache/cache/stage12a_mode_semantics.csv
Fold1,Pedestrian,4,walkway_intersects,15253,0.872680784108,1,1,1,1,02_semantic_cache/cache/stage12a_mode_semantics.csv
Fold1,Pedestrian,4,walkway_valid,20250,0.753234567901,1,1,1,1,02_semantic_cache/cache/stage12a_mode_semantics.csv
Fold1,Pedestrian,4,map_valid_mask,20250,0.872691358025,1,1,1,1,02_semantic_cache/cache/stage12a_mode_semantics.csv
Fold1,Pedestrian,5,centerline_distance,0,,,,,,02_semantic_cache/cache/stage12a_mode_semantics.csv
Fold1,Pedestrian,5,centerline_mean_distance,0,,,,,,02_semantic_cache/cache/stage12a_mode_semantics.csv
Fold1,Pedestrian,5,centerline_endpoint_distance,0,,,,,,02_semantic_cache/cache/stage12a_mode_semantics.csv
Fold1,Pedestrian,5,centerline_heading_error,0,,,,,,02_semantic_cache/cache/stage12a_mode_semantics.csv
Fold1,Pedestrian,5,centerline_valid,20250,0,0,0,0,0,02_semantic_cache/cache/stage12a_mode_semantics.csv
Fold1,Pedestrian,5,lane_count,20250,0,0,0,0,0,02_semantic_cache/cache/stage12a_mode_semantics.csv
Fold1,Pedestrian,5,connector_count,20250,0,0,0,0,0,02_semantic_cache/cache/stage12a_mode_semantics.csv
Fold1,Pedestrian,5,drivable_distance,11541,0.634610518841,0.33092046305,1.7150349975,1.83726006517,1.96212298177,02_semantic_cache/cache/stage12a_mode_semantics.csv
Fold1,Pedestrian,5,drivable_inside_fraction,11541,0.317455159865,0,1,1,1,02_semantic_cache/cache/stage12a_mode_semantics.csv
Fold1,Pedestrian,5,drivable_intersects,11541,0.450047656182,0,1,1,1,02_semantic_cache/cache/stage12a_mode_semantics.csv
Fold1,Pedestrian,5,drivable_boundary_crossing,11541,0.256390260809,0,1,1,1,02_semantic_cache/cache/stage12a_mode_semantics.csv
Fold1,Pedestrian,5,drivable_boundary_distance,11541,1.1266132979,0.9218217049,1.98515522263,3.22092010278,5.35719214719,02_semantic_cache/cache/stage12a_mode_semantics.csv
Fold1,Pedestrian,5,drivable_valid,20250,0.569925925926,1,1,1,1,02_semantic_cache/cache/stage12a_mode_semantics.csv
Fold1,Pedestrian,5,carpark_distance,0,,,,,,02_semantic_cache/cache/stage12a_mode_semantics.csv
Fold1,Pedestrian,5,carpark_inside_fraction,0,,,,,,02_semantic_cache/cache/stage12a_mode_semantics.csv
Fold1,Pedestrian,5,carpark_intersects,0,,,,,,02_semantic_cache/cache/stage12a_mode_semantics.csv
Fold1,Pedestrian,5,carpark_valid,20250,0,0,0,0,0,02_semantic_cache/cache/stage12a_mode_semantics.csv
Fold1,Pedestrian,5,crosswalk_distance,4122,0.557343259605,0.123834547293,1.64491611263,1.79020355514,1.95190304934,02_semantic_cache/cache/stage12a_mode_semantics.csv
Fold1,Pedestrian,5,crosswalk_inside_fraction,4122,0.28835112405,0,1,1,1,02_semantic_cache/cache/stage12a_mode_semantics.csv
Fold1,Pedestrian,5,crosswalk_intersects,4122,0.471858321203,0,1,1,1,02_semantic_cache/cache/stage12a_mode_semantics.csv
Fold1,Pedestrian,5,crosswalk_valid,20250,0.203555555556,0,1,1,1,02_semantic_cache/cache/stage12a_mode_semantics.csv
Fold1,Pedestrian,5,walkway_distance,15139,0.0982462662261,0,0.257135306153,0.836457714013,1.71495233895,02_semantic_cache/cache/stage12a_mode_semantics.csv
Fold1,Pedestrian,5,walkway_inside_fraction,15139,0.746075258163,1,1,1,1,02_semantic_cache/cache/stage12a_mode_semantics.csv
Fold1,Pedestrian,5,walkway_intersects,15139,0.867890877865,1,1,1,1,02_semantic_cache/cache/stage12a_mode_semantics.csv
Fold1,Pedestrian,5,walkway_valid,20250,0.747604938272,1,1,1,1,02_semantic_cache/cache/stage12a_mode_semantics.csv
Fold1,Pedestrian,5,map_valid_mask,20250,0.870617283951,1,1,1,1,02_semantic_cache/cache/stage12a_mode_semantics.csv
Fold1,Bicycle,0,centerline_distance,825,3.15460503508,3.02644908428,6.40134584904,7.31100606918,9.13608233929,02_semantic_cache/cache/stage12a_mode_semantics.csv
Fold1,Bicycle,0,centerline_mean_distance,825,4.76251885401,4.3010610342,7.61712646484,9.11028778553,12.1146258354,02_semantic_cache/cache/stage12a_mode_semantics.csv
Fold1,Bicycle,0,centerline_endpoint_distance,825,4.90808497324,3.76481235027,8.88335907459,11.5747294426,24.2080054283,02_semantic_cache/cache/stage12a_mode_semantics.csv
Fold1,Bicycle,0,centerline_heading_error,825,1.22776507208,0.94577202274,2.95930140116,3.02766337919,3.09499971026,02_semantic_cache/cache/stage12a_mode_semantics.csv
Fold1,Bicycle,0,centerline_valid,867,0.951557093426,1,1,1,1,02_semantic_cache/cache/stage12a_mode_semantics.csv
Fold1,Bicycle,0,lane_count,867,2.07497116494,2,3,3,3,02_semantic_cache/cache/stage12a_mode_semantics.csv
Fold1,Bicycle,0,connector_count,867,1.93656286044,3,3,3,3,02_semantic_cache/cache/stage12a_mode_semantics.csv
Fold1,Bicycle,0,drivable_distance,586,0.428351365669,0,1.37907005632,1.55424114076,1.90529919212,02_semantic_cache/cache/stage12a_mode_semantics.csv
Fold1,Bicycle,0,drivable_inside_fraction,586,0.334470989761,0.166666666667,1,1,1,02_semantic_cache/cache/stage12a_mode_semantics.csv
Fold1,Bicycle,0,drivable_intersects,586,0.527303754266,1,1,1,1,02_semantic_cache/cache/stage12a_mode_semantics.csv
Fold1,Bicycle,0,drivable_boundary_crossing,586,0.348122866894,0,1,1,1,02_semantic_cache/cache/stage12a_mode_semantics.csv
Fold1,Bicycle,0,drivable_boundary_distance,586,0.696410037911,0.420572522644,1.62355375353,2.37332565851,4.6793224097,02_semantic_cache/cache/stage12a_mode_semantics.csv
Fold1,Bicycle,0,drivable_valid,867,0.675893886967,1,1,1,1,02_semantic_cache/cache/stage12a_mode_semantics.csv
Fold1,Bicycle,0,carpark_distance,0,,,,,,02_semantic_cache/cache/stage12a_mode_semantics.csv
Fold1,Bicycle,0,carpark_inside_fraction,0,,,,,,02_semantic_cache/cache/stage12a_mode_semantics.csv
Fold1,Bicycle,0,carpark_intersects,0,,,,,,02_semantic_cache/cache/stage12a_mode_semantics.csv
Fold1,Bicycle,0,carpark_valid,867,0,0,0,0,0,02_semantic_cache/cache/stage12a_mode_semantics.csv
Fold1,Bicycle,0,crosswalk_distance,0,,,,,,02_semantic_cache/cache/stage12a_mode_semantics.csv
Fold1,Bicycle,0,crosswalk_inside_fraction,0,,,,,,02_semantic_cache/cache/stage12a_mode_semantics.csv
Fold1,Bicycle,0,crosswalk_intersects,0,,,,,,02_semantic_cache/cache/stage12a_mode_semantics.csv
Fold1,Bicycle,0,crosswalk_valid,867,0,0,0,0,0,02_semantic_cache/cache/stage12a_mode_semantics.csv
Fold1,Bicycle,0,walkway_distance,0,,,,,,02_semantic_cache/cache/stage12a_mode_semantics.csv
Fold1,Bicycle,0,walkway_inside_fraction,0,,,,,,02_semantic_cache/cache/stage12a_mode_semantics.csv
Fold1,Bicycle,0,walkway_intersects,0,,,,,,02_semantic_cache/cache/stage12a_mode_semantics.csv
Fold1,Bicycle,0,walkway_valid,867,0,0,0,0,0,02_semantic_cache/cache/stage12a_mode_semantics.csv
Fold1,Bicycle,0,map_valid_mask,867,0.955017301038,1,1,1,1,02_semantic_cache/cache/stage12a_mode_semantics.csv
Fold1,Bicycle,1,centerline_distance,810,4.08205005491,4.22414198518,6.60127395391,7.32225143909,9.12339684963,02_semantic_cache/cache/stage12a_mode_semantics.csv
Fold1,Bicycle,1,centerline_mean_distance,810,4.52273860124,4.41978469491,6.94045329094,8.55859428644,10.1255426526,02_semantic_cache/cache/stage12a_mode_semantics.csv
Fold1,Bicycle,1,centerline_endpoint_distance,810,4.66645533671,4.47750940919,6.98113328218,8.63344860077,15.5515407324,02_semantic_cache/cache/stage12a_mode_semantics.csv
Fold1,Bicycle,1,centerline_heading_error,810,1.34657017123,1.22424337007,2.70919323743,2.93556202175,3.07413035017,02_semantic_cache/cache/stage12a_mode_semantics.csv
Fold1,Bicycle,1,centerline_valid,867,0.934256055363,1,1,1,1,02_semantic_cache/cache/stage12a_mode_semantics.csv
Fold1,Bicycle,1,lane_count,867,1.80161476355,2,3,3,3,02_semantic_cache/cache/stage12a_mode_semantics.csv
Fold1,Bicycle,1,connector_count,867,1.77970011534,2,3,3,3,02_semantic_cache/cache/stage12a_mode_semantics.csv
Fold1,Bicycle,1,drivable_distance,453,0.672985348469,0.646870534068,1.49147190536,1.61921184254,1.91969852062,02_semantic_cache/cache/stage12a_mode_semantics.csv
Fold1,Bicycle,1,drivable_inside_fraction,453,0.318248712288,0,1,1,1,02_semantic_cache/cache/stage12a_mode_semantics.csv
Fold1,Bicycle,1,drivable_intersects,453,0.346578366446,0,1,1,1,02_semantic_cache/cache/stage12a_mode_semantics.csv
Fold1,Bicycle,1,drivable_boundary_crossing,453,0.0618101545254,0,0,1,1,02_semantic_cache/cache/stage12a_mode_semantics.csv
Fold1,Bicycle,1,drivable_boundary_distance,453,1.08255300361,0.780772615288,1.89104572584,2.96220753889,5.26036056768,02_semantic_cache/cache/stage12a_mode_semantics.csv
Fold1,Bicycle,1,drivable_valid,867,0.522491349481,1,1,1,1,02_semantic_cache/cache/stage12a_mode_semantics.csv
Fold1,Bicycle,1,carpark_distance,0,,,,,,02_semantic_cache/cache/stage12a_mode_semantics.csv
Fold1,Bicycle,1,carpark_inside_fraction,0,,,,,,02_semantic_cache/cache/stage12a_mode_semantics.csv
Fold1,Bicycle,1,carpark_intersects,0,,,,,,02_semantic_cache/cache/stage12a_mode_semantics.csv
Fold1,Bicycle,1,carpark_valid,867,0,0,0,0,0,02_semantic_cache/cache/stage12a_mode_semantics.csv
Fold1,Bicycle,1,crosswalk_distance,0,,,,,,02_semantic_cache/cache/stage12a_mode_semantics.csv
Fold1,Bicycle,1,crosswalk_inside_fraction,0,,,,,,02_semantic_cache/cache/stage12a_mode_semantics.csv
Fold1,Bicycle,1,crosswalk_intersects,0,,,,,,02_semantic_cache/cache/stage12a_mode_semantics.csv
Fold1,Bicycle,1,crosswalk_valid,867,0,0,0,0,0,02_semantic_cache/cache/stage12a_mode_semantics.csv
Fold1,Bicycle,1,walkway_distance,0,,,,,,02_semantic_cache/cache/stage12a_mode_semantics.csv
Fold1,Bicycle,1,walkway_inside_fraction,0,,,,,,02_semantic_cache/cache/stage12a_mode_semantics.csv
Fold1,Bicycle,1,walkway_intersects,0,,,,,,02_semantic_cache/cache/stage12a_mode_semantics.csv
Fold1,Bicycle,1,walkway_valid,867,0,0,0,0,0,02_semantic_cache/cache/stage12a_mode_semantics.csv
Fold1,Bicycle,1,map_valid_mask,867,0.937716262976,1,1,1,1,02_semantic_cache/cache/stage12a_mode_semantics.csv
Fold1,Bicycle,2,centerline_distance,849,2.40766694053,1.59287452698,6.22164368629,6.95867037773,9.34221737385,02_semantic_cache/cache/stage12a_mode_semantics.csv
Fold1,Bicycle,2,centerline_mean_distance,849,5.53304050118,4.62992042303,9.90992724895,11.3467452526,15.2169710159,02_semantic_cache/cache/stage12a_mode_semantics.csv
Fold1,Bicycle,2,centerline_endpoint_distance,849,6.30888581504,4.67500716448,14.3493518829,17.4304616451,27.2198765755,02_semantic_cache/cache/stage12a_mode_semantics.csv
Fold1,Bicycle,2,centerline_heading_error,849,1.23575755881,0.999373383106,2.85637615216,2.97481988544,3.05755353059,02_semantic_cache/cache/stage12a_mode_semantics.csv
Fold1,Bicycle,2,centerline_valid,867,0.979238754325,1,1,1,1,02_semantic_cache/cache/stage12a_mode_semantics.csv
Fold1,Bicycle,2,lane_count,867,2.27104959631,2,3,3,3,02_semantic_cache/cache/stage12a_mode_semantics.csv
Fold1,Bicycle,2,connector_count,867,2.12110726644,3,3,3,3,02_semantic_cache/cache/stage12a_mode_semantics.csv
Fold1,Bicycle,2,drivable_distance,642,0.226343831067,0,0.963918848802,1.38932757609,1.80774204086,02_semantic_cache/cache/stage12a_mode_semantics.csv
Fold1,Bicycle,2,drivable_inside_fraction,642,0.442627206646,0.416666666667,1,1,1,02_semantic_cache/cache/stage12a_mode_semantics.csv
Fold1,Bicycle,2,drivable_intersects,642,0.753894080997,1,1,1,1,02_semantic_cache/cache/stage12a_mode_semantics.csv
Fold1,Bicycle,2,drivable_boundary_crossing,642,0.613707165109,1,1,1,1,02_semantic_cache/cache/stage12a_mode_semantics.csv
Fold1,Bicycle,2,drivable_boundary_distance,642,0.437174658039,0,1.40649920259,1.85505596098,4.58723951397,02_semantic_cache/cache/stage12a_mode_semantics.csv
Fold1,Bicycle,2,drivable_valid,867,0.740484429066,1,1,1,1,02_semantic_cache/cache/stage12a_mode_semantics.csv
Fold1,Bicycle,2,carpark_distance,0,,,,,,02_semantic_cache/cache/stage12a_mode_semantics.csv
Fold1,Bicycle,2,carpark_inside_fraction,0,,,,,,02_semantic_cache/cache/stage12a_mode_semantics.csv
Fold1,Bicycle,2,carpark_intersects,0,,,,,,02_semantic_cache/cache/stage12a_mode_semantics.csv
Fold1,Bicycle,2,carpark_valid,867,0,0,0,0,0,02_semantic_cache/cache/stage12a_mode_semantics.csv
Fold1,Bicycle,2,crosswalk_distance,0,,,,,,02_semantic_cache/cache/stage12a_mode_semantics.csv
Fold1,Bicycle,2,crosswalk_inside_fraction,0,,,,,,02_semantic_cache/cache/stage12a_mode_semantics.csv
Fold1,Bicycle,2,crosswalk_intersects,0,,,,,,02_semantic_cache/cache/stage12a_mode_semantics.csv
Fold1,Bicycle,2,crosswalk_valid,867,0,0,0,0,0,02_semantic_cache/cache/stage12a_mode_semantics.csv
Fold1,Bicycle,2,walkway_distance,0,,,,,,02_semantic_cache/cache/stage12a_mode_semantics.csv
Fold1,Bicycle,2,walkway_inside_fraction,0,,,,,,02_semantic_cache/cache/stage12a_mode_semantics.csv
Fold1,Bicycle,2,walkway_intersects,0,,,,,,02_semantic_cache/cache/stage12a_mode_semantics.csv
Fold1,Bicycle,2,walkway_valid,867,0,0,0,0,0,02_semantic_cache/cache/stage12a_mode_semantics.csv
Fold1,Bicycle,2,map_valid_mask,867,0.982698961938,1,1,1,1,02_semantic_cache/cache/stage12a_mode_semantics.csv
Fold1,Bicycle,3,centerline_distance,814,4.10809422264,4.18840929866,6.60637938976,7.8526096344,9.47400560379,02_semantic_cache/cache/stage12a_mode_semantics.csv
Fold1,Bicycle,3,centerline_mean_distance,814,4.43627291651,4.33045595884,6.89301979542,8.42306065559,9.89186820388,02_semantic_cache/cache/stage12a_mode_semantics.csv
Fold1,Bicycle,3,centerline_endpoint_distance,814,4.53982213038,4.40537750721,6.94331473112,8.62659776211,10.7914874792,02_semantic_cache/cache/stage12a_mode_semantics.csv
Fold1,Bicycle,3,centerline_heading_error,814,1.39696840047,1.45313041618,2.61078998713,2.86695369962,3.0787027894,02_semantic_cache/cache/stage12a_mode_semantics.csv
Fold1,Bicycle,3,centerline_valid,867,0.938869665513,1,1,1,1,02_semantic_cache/cache/stage12a_mode_semantics.csv
Fold1,Bicycle,3,lane_count,867,1.77970011534,2,3,3,3,02_semantic_cache/cache/stage12a_mode_semantics.csv
Fold1,Bicycle,3,connector_count,867,1.77970011534,2,3,3,3,02_semantic_cache/cache/stage12a_mode_semantics.csv
Fold1,Bicycle,3,drivable_distance,457,0.655464091999,0.555638666459,1.48734772275,1.64511483037,1.92329020605,02_semantic_cache/cache/stage12a_mode_semantics.csv
Fold1,Bicycle,3,drivable_inside_fraction,457,0.311998541211,0,1,1,1,02_semantic_cache/cache/stage12a_mode_semantics.csv
Fold1,Bicycle,3,drivable_intersects,457,0.339168490153,0,1,1,1,02_semantic_cache/cache/stage12a_mode_semantics.csv
Fold1,Bicycle,3,drivable_boundary_crossing,457,0.0656455142232,0,0,1,1,02_semantic_cache/cache/stage12a_mode_semantics.csv
Fold1,Bicycle,3,drivable_boundary_distance,457,1.11644771133,0.817787841169,1.90113980606,3.40368919328,5.19866906413,02_semantic_cache/cache/stage12a_mode_semantics.csv
Fold1,Bicycle,3,drivable_valid,867,0.527104959631,1,1,1,1,02_semantic_cache/cache/stage12a_mode_semantics.csv
Fold1,Bicycle,3,carpark_distance,0,,,,,,02_semantic_cache/cache/stage12a_mode_semantics.csv
Fold1,Bicycle,3,carpark_inside_fraction,0,,,,,,02_semantic_cache/cache/stage12a_mode_semantics.csv
Fold1,Bicycle,3,carpark_intersects,0,,,,,,02_semantic_cache/cache/stage12a_mode_semantics.csv
Fold1,Bicycle,3,carpark_valid,867,0,0,0,0,0,02_semantic_cache/cache/stage12a_mode_semantics.csv
Fold1,Bicycle,3,crosswalk_distance,0,,,,,,02_semantic_cache/cache/stage12a_mode_semantics.csv
Fold1,Bicycle,3,crosswalk_inside_fraction,0,,,,,,02_semantic_cache/cache/stage12a_mode_semantics.csv
Fold1,Bicycle,3,crosswalk_intersects,0,,,,,,02_semantic_cache/cache/stage12a_mode_semantics.csv
Fold1,Bicycle,3,crosswalk_valid,867,0,0,0,0,0,02_semantic_cache/cache/stage12a_mode_semantics.csv
Fold1,Bicycle,3,walkway_distance,0,,,,,,02_semantic_cache/cache/stage12a_mode_semantics.csv
Fold1,Bicycle,3,walkway_inside_fraction,0,,,,,,02_semantic_cache/cache/stage12a_mode_semantics.csv
Fold1,Bicycle,3,walkway_intersects,0,,,,,,02_semantic_cache/cache/stage12a_mode_semantics.csv
Fold1,Bicycle,3,walkway_valid,867,0,0,0,0,0,02_semantic_cache/cache/stage12a_mode_semantics.csv
Fold1,Bicycle,3,map_valid_mask,867,0.942329873126,1,1,1,1,02_semantic_cache/cache/stage12a_mode_semantics.csv
Fold1,Bicycle,4,centerline_distance,814,3.9633249727,4.10746440291,6.55792361498,7.38189554214,9.50179844499,02_semantic_cache/cache/stage12a_mode_semantics.csv
Fold1,Bicycle,4,centerline_mean_distance,814,4.67312996543,4.52267467976,7.00663679838,8.66765388846,10.7888869643,02_semantic_cache/cache/stage12a_mode_semantics.csv
Fold1,Bicycle,4,centerline_endpoint_distance,814,4.971577676,4.55158755183,7.51430636644,10.3016909957,21.5324260473,02_semantic_cache/cache/stage12a_mode_semantics.csv
Fold1,Bicycle,4,centerline_heading_error,814,1.23398037823,0.869469789616,2.78684825271,2.92841225427,3.07725908435,02_semantic_cache/cache/stage12a_mode_semantics.csv
Fold1,Bicycle,4,centerline_valid,867,0.938869665513,1,1,1,1,02_semantic_cache/cache/stage12a_mode_semantics.csv
Fold1,Bicycle,4,lane_count,867,1.83506343714,2,3,3,3,02_semantic_cache/cache/stage12a_mode_semantics.csv
Fold1,Bicycle,4,connector_count,867,1.79123414072,2,3,3,3,02_semantic_cache/cache/stage12a_mode_semantics.csv
Fold1,Bicycle,4,drivable_distance,463,0.603378211283,0.485108288869,1.48183686685,1.72574088546,1.97382842424,02_semantic_cache/cache/stage12a_mode_semantics.csv
Fold1,Bicycle,4,drivable_inside_fraction,463,0.314794816415,0,1,1,1,02_semantic_cache/cache/stage12a_mode_semantics.csv
Fold1,Bicycle,4,drivable_intersects,463,0.375809935205,0,1,1,1,02_semantic_cache/cache/stage12a_mode_semantics.csv
Fold1,Bicycle,4,drivable_boundary_crossing,463,0.138228941685,0,1,1,1,02_semantic_cache/cache/stage12a_mode_semantics.csv
Fold1,Bicycle,4,drivable_boundary_distance,463,0.965193059687,0.704163927808,1.85700924975,2.84552604483,4.91267794459,02_semantic_cache/cache/stage12a_mode_semantics.csv
Fold1,Bicycle,4,drivable_valid,867,0.534025374856,1,1,1,1,02_semantic_cache/cache/stage12a_mode_semantics.csv
Fold1,Bicycle,4,carpark_distance,0,,,,,,02_semantic_cache/cache/stage12a_mode_semantics.csv
Fold1,Bicycle,4,carpark_inside_fraction,0,,,,,,02_semantic_cache/cache/stage12a_mode_semantics.csv
Fold1,Bicycle,4,carpark_intersects,0,,,,,,02_semantic_cache/cache/stage12a_mode_semantics.csv
Fold1,Bicycle,4,carpark_valid,867,0,0,0,0,0,02_semantic_cache/cache/stage12a_mode_semantics.csv
Fold1,Bicycle,4,crosswalk_distance,0,,,,,,02_semantic_cache/cache/stage12a_mode_semantics.csv
Fold1,Bicycle,4,crosswalk_inside_fraction,0,,,,,,02_semantic_cache/cache/stage12a_mode_semantics.csv
Fold1,Bicycle,4,crosswalk_intersects,0,,,,,,02_semantic_cache/cache/stage12a_mode_semantics.csv
Fold1,Bicycle,4,crosswalk_valid,867,0,0,0,0,0,02_semantic_cache/cache/stage12a_mode_semantics.csv
Fold1,Bicycle,4,walkway_distance,0,,,,,,02_semantic_cache/cache/stage12a_mode_semantics.csv
Fold1,Bicycle,4,walkway_inside_fraction,0,,,,,,02_semantic_cache/cache/stage12a_mode_semantics.csv
Fold1,Bicycle,4,walkway_intersects,0,,,,,,02_semantic_cache/cache/stage12a_mode_semantics.csv
Fold1,Bicycle,4,walkway_valid,867,0,0,0,0,0,02_semantic_cache/cache/stage12a_mode_semantics.csv
Fold1,Bicycle,4,map_valid_mask,867,0.942329873126,1,1,1,1,02_semantic_cache/cache/stage12a_mode_semantics.csv
Fold1,Bicycle,5,centerline_distance,811,4.03499993937,4.21277582645,6.58599019051,7.00321912766,9.2101367712,02_semantic_cache/cache/stage12a_mode_semantics.csv
Fold1,Bicycle,5,centerline_mean_distance,811,4.61358153359,4.47687298059,6.99117422104,8.63303989172,10.4591121674,02_semantic_cache/cache/stage12a_mode_semantics.csv
Fold1,Bicycle,5,centerline_endpoint_distance,811,4.84469383883,4.49773520231,6.99201762676,9.04701590538,19.2213242054,02_semantic_cache/cache/stage12a_mode_semantics.csv
Fold1,Bicycle,5,centerline_heading_error,811,1.30833663204,1.01542455756,2.71744148909,2.86601568631,3.04673787159,02_semantic_cache/cache/stage12a_mode_semantics.csv
Fold1,Bicycle,5,centerline_valid,867,0.935409457901,1,1,1,1,02_semantic_cache/cache/stage12a_mode_semantics.csv
Fold1,Bicycle,5,lane_count,867,1.81660899654,2,3,3,3,02_semantic_cache/cache/stage12a_mode_semantics.csv
Fold1,Bicycle,5,connector_count,867,1.78662053057,2,3,3,3,02_semantic_cache/cache/stage12a_mode_semantics.csv
Fold1,Bicycle,5,drivable_distance,455,0.641275008519,0.565825435594,1.47275011629,1.61439680025,1.90769463857,02_semantic_cache/cache/stage12a_mode_semantics.csv
Fold1,Bicycle,5,drivable_inside_fraction,455,0.320879120879,0,1,1,1,02_semantic_cache/cache/stage12a_mode_semantics.csv
Fold1,Bicycle,5,drivable_intersects,455,0.369230769231,0,1,1,1,02_semantic_cache/cache/stage12a_mode_semantics.csv
Fold1,Bicycle,5,drivable_boundary_crossing,455,0.10989010989,0,1,1,1,02_semantic_cache/cache/stage12a_mode_semantics.csv
Fold1,Bicycle,5,drivable_boundary_distance,455,1.02726304971,0.737280875831,1.88231971399,2.85657865505,5.04696524855,02_semantic_cache/cache/stage12a_mode_semantics.csv
Fold1,Bicycle,5,drivable_valid,867,0.524798154556,1,1,1,1,02_semantic_cache/cache/stage12a_mode_semantics.csv
Fold1,Bicycle,5,carpark_distance,0,,,,,,02_semantic_cache/cache/stage12a_mode_semantics.csv
Fold1,Bicycle,5,carpark_inside_fraction,0,,,,,,02_semantic_cache/cache/stage12a_mode_semantics.csv
Fold1,Bicycle,5,carpark_intersects,0,,,,,,02_semantic_cache/cache/stage12a_mode_semantics.csv
Fold1,Bicycle,5,carpark_valid,867,0,0,0,0,0,02_semantic_cache/cache/stage12a_mode_semantics.csv
Fold1,Bicycle,5,crosswalk_distance,0,,,,,,02_semantic_cache/cache/stage12a_mode_semantics.csv
Fold1,Bicycle,5,crosswalk_inside_fraction,0,,,,,,02_semantic_cache/cache/stage12a_mode_semantics.csv
Fold1,Bicycle,5,crosswalk_intersects,0,,,,,,02_semantic_cache/cache/stage12a_mode_semantics.csv
Fold1,Bicycle,5,crosswalk_valid,867,0,0,0,0,0,02_semantic_cache/cache/stage12a_mode_semantics.csv
Fold1,Bicycle,5,walkway_distance,0,,,,,,02_semantic_cache/cache/stage12a_mode_semantics.csv
Fold1,Bicycle,5,walkway_inside_fraction,0,,,,,,02_semantic_cache/cache/stage12a_mode_semantics.csv
Fold1,Bicycle,5,walkway_intersects,0,,,,,,02_semantic_cache/cache/stage12a_mode_semantics.csv
Fold1,Bicycle,5,walkway_valid,867,0,0,0,0,0,02_semantic_cache/cache/stage12a_mode_semantics.csv
Fold1,Bicycle,5,map_valid_mask,867,0.938869665513,1,1,1,1,02_semantic_cache/cache/stage12a_mode_semantics.csv
Fold2,Vehicle,0,centerline_distance,49666,2.28855186157,0.857646837831,6.33212596178,7.81307548285,9.44449290633,02_semantic_cache/cache/stage12a_mode_semantics.csv
Fold2,Vehicle,0,centerline_mean_distance,49666,5.0735824941,4.02539685369,10.1665115356,12.7921175957,22.1119532585,02_semantic_cache/cache/stage12a_mode_semantics.csv
Fold2,Vehicle,0,centerline_endpoint_distance,49666,6.46012014169,4.07670423388,13.2484263182,23.3060896397,44.6226050854,02_semantic_cache/cache/stage12a_mode_semantics.csv
Fold2,Vehicle,0,centerline_heading_error,49666,1.31955162658,1.3807501726,3.03670444374,3.06036980287,3.10927805807,02_semantic_cache/cache/stage12a_mode_semantics.csv
Fold2,Vehicle,0,centerline_valid,60451,0.821591040678,1,1,1,1,02_semantic_cache/cache/stage12a_mode_semantics.csv
Fold2,Vehicle,0,lane_count,60451,1.8503581413,2,3,3,3,02_semantic_cache/cache/stage12a_mode_semantics.csv
Fold2,Vehicle,0,connector_count,60451,1.5743329308,2,3,3,3,02_semantic_cache/cache/stage12a_mode_semantics.csv
Fold2,Vehicle,0,drivable_distance,52612,0.022128350759,0,0,0,1.0048857548,02_semantic_cache/cache/stage12a_mode_semantics.csv
Fold2,Vehicle,0,drivable_inside_fraction,52612,0.869465774601,1,1,1,1,02_semantic_cache/cache/stage12a_mode_semantics.csv
Fold2,Vehicle,0,drivable_intersects,52612,0.975537900099,1,1,1,1,02_semantic_cache/cache/stage12a_mode_semantics.csv
Fold2,Vehicle,0,drivable_boundary_crossing,52612,0.276723941306,0,1,1,1,02_semantic_cache/cache/stage12a_mode_semantics.csv
Fold2,Vehicle,0,drivable_boundary_distance,52612,1.72968966891,1.12241864319,4.11555591974,5.48893834791,12.8405678677,02_semantic_cache/cache/stage12a_mode_semantics.csv
Fold2,Vehicle,0,drivable_valid,60451,0.870324725811,1,1,1,1,02_semantic_cache/cache/stage12a_mode_semantics.csv
Fold2,Vehicle,0,carpark_distance,16172,0.0884267978359,0,0,0.842467536008,1.81393454781,02_semantic_cache/cache/stage12a_mode_semantics.csv
Fold2,Vehicle,0,carpark_inside_fraction,16172,0.664590032154,0.75,1,1,1,02_semantic_cache/cache/stage12a_mode_semantics.csv
Fold2,Vehicle,0,carpark_intersects,16172,0.91664605491,1,1,1,1,02_semantic_cache/cache/stage12a_mode_semantics.csv
Fold2,Vehicle,0,carpark_valid,60451,0.267522456204,0,1,1,1,02_semantic_cache/cache/stage12a_mode_semantics.csv
Fold2,Vehicle,0,crosswalk_distance,0,,,,,,02_semantic_cache/cache/stage12a_mode_semantics.csv
Fold2,Vehicle,0,crosswalk_inside_fraction,0,,,,,,02_semantic_cache/cache/stage12a_mode_semantics.csv
Fold2,Vehicle,0,crosswalk_intersects,0,,,,,,02_semantic_cache/cache/stage12a_mode_semantics.csv
Fold2,Vehicle,0,crosswalk_valid,60451,0,0,0,0,0,02_semantic_cache/cache/stage12a_mode_semantics.csv
Fold2,Vehicle,0,walkway_distance,0,,,,,,02_semantic_cache/cache/stage12a_mode_semantics.csv
Fold2,Vehicle,0,walkway_inside_fraction,0,,,,,,02_semantic_cache/cache/stage12a_mode_semantics.csv
Fold2,Vehicle,0,walkway_intersects,0,,,,,,02_semantic_cache/cache/stage12a_mode_semantics.csv
Fold2,Vehicle,0,walkway_valid,60451,0,0,0,0,0,02_semantic_cache/cache/stage12a_mode_semantics.csv
Fold2,Vehicle,0,map_valid_mask,60451,0.905361367058,1,1,1,1,02_semantic_cache/cache/stage12a_mode_semantics.csv
Fold2,Vehicle,1,centerline_distance,48018,2.76660520611,2.54443228245,6.64144521952,7.99541243911,9.56139450669,02_semantic_cache/cache/stage12a_mode_semantics.csv
Fold2,Vehicle,1,centerline_mean_distance,48018,3.69508770115,3.38721171021,7.7362023592,9.01551187038,14.1947993159,02_semantic_cache/cache/stage12a_mode_semantics.csv
Fold2,Vehicle,1,centerline_endpoint_distance,48018,4.31794521711,3.43266159296,8.35437494516,11.4450061917,28.9729727507,02_semantic_cache/cache/stage12a_mode_semantics.csv
Fold2,Vehicle,1,centerline_heading_error,48018,1.30329035904,1.37373827988,2.65214402295,2.83605176074,3.07104343277,02_semantic_cache/cache/stage12a_mode_semantics.csv
Fold2,Vehicle,1,centerline_valid,60451,0.794329291492,1,1,1,1,02_semantic_cache/cache/stage12a_mode_semantics.csv
Fold2,Vehicle,1,lane_count,60451,1.70402474732,2,3,3,3,02_semantic_cache/cache/stage12a_mode_semantics.csv
Fold2,Vehicle,1,connector_count,60451,1.38273973962,1,3,3,3,02_semantic_cache/cache/stage12a_mode_semantics.csv
Fold2,Vehicle,1,drivable_distance,51673,0.024995015303,0,0,0,1.20050329137,02_semantic_cache/cache/stage12a_mode_semantics.csv
Fold2,Vehicle,1,drivable_inside_fraction,51673,0.965633244957,1,1,1,1,02_semantic_cache/cache/stage12a_mode_semantics.csv
Fold2,Vehicle,1,drivable_intersects,51673,0.976660925435,1,1,1,1,02_semantic_cache/cache/stage12a_mode_semantics.csv
Fold2,Vehicle,1,drivable_boundary_crossing,51673,0.0393822692702,0,0,0,1,02_semantic_cache/cache/stage12a_mode_semantics.csv
Fold2,Vehicle,1,drivable_boundary_distance,51673,2.48413372083,1.71879404627,4.90840147087,6.62878325425,14.5670567385,02_semantic_cache/cache/stage12a_mode_semantics.csv
Fold2,Vehicle,1,drivable_valid,60451,0.854791484012,1,1,1,1,02_semantic_cache/cache/stage12a_mode_semantics.csv
Fold2,Vehicle,1,carpark_distance,15261,0.0733117625265,0,0,0.522641834346,1.83408711842,02_semantic_cache/cache/stage12a_mode_semantics.csv
Fold2,Vehicle,1,carpark_inside_fraction,15261,0.92670860363,1,1,1,1,02_semantic_cache/cache/stage12a_mode_semantics.csv
Fold2,Vehicle,1,carpark_intersects,15261,0.933228490925,1,1,1,1,02_semantic_cache/cache/stage12a_mode_semantics.csv
Fold2,Vehicle,1,carpark_valid,60451,0.252452399464,0,1,1,1,02_semantic_cache/cache/stage12a_mode_semantics.csv
Fold2,Vehicle,1,crosswalk_distance,0,,,,,,02_semantic_cache/cache/stage12a_mode_semantics.csv
Fold2,Vehicle,1,crosswalk_inside_fraction,0,,,,,,02_semantic_cache/cache/stage12a_mode_semantics.csv
Fold2,Vehicle,1,crosswalk_intersects,0,,,,,,02_semantic_cache/cache/stage12a_mode_semantics.csv
Fold2,Vehicle,1,crosswalk_valid,60451,0,0,0,0,0,02_semantic_cache/cache/stage12a_mode_semantics.csv
Fold2,Vehicle,1,walkway_distance,0,,,,,,02_semantic_cache/cache/stage12a_mode_semantics.csv
Fold2,Vehicle,1,walkway_inside_fraction,0,,,,,,02_semantic_cache/cache/stage12a_mode_semantics.csv
Fold2,Vehicle,1,walkway_intersects,0,,,,,,02_semantic_cache/cache/stage12a_mode_semantics.csv
Fold2,Vehicle,1,walkway_valid,60451,0,0,0,0,0,02_semantic_cache/cache/stage12a_mode_semantics.csv
Fold2,Vehicle,1,map_valid_mask,60451,0.889149889994,1,1,1,1,02_semantic_cache/cache/stage12a_mode_semantics.csv
Fold2,Vehicle,2,centerline_distance,51442,1.85527645626,0.0709583167918,5.98775464296,7.5536044538,9.30904735327,02_semantic_cache/cache/stage12a_mode_semantics.csv
Fold2,Vehicle,2,centerline_mean_distance,51442,6.80173647337,5.49779683352,13.2017623186,16.0548475385,24.4362729549,02_semantic_cache/cache/stage12a_mode_semantics.csv
Fold2,Vehicle,2,centerline_endpoint_distance,51442,9.18921293261,5.94102114439,20.9383845329,27.9086087942,48.9665861607,02_semantic_cache/cache/stage12a_mode_semantics.csv
Fold2,Vehicle,2,centerline_heading_error,51442,1.36794180924,1.49131457569,3.05343719065,3.08005141599,3.12138095561,02_semantic_cache/cache/stage12a_mode_semantics.csv
Fold2,Vehicle,2,centerline_valid,60451,0.850970207275,1,1,1,1,02_semantic_cache/cache/stage12a_mode_semantics.csv
Fold2,Vehicle,2,lane_count,60451,2.00813882318,2,3,3,3,02_semantic_cache/cache/stage12a_mode_semantics.csv
Fold2,Vehicle,2,connector_count,60451,1.76931729831,3,3,3,3,02_semantic_cache/cache/stage12a_mode_semantics.csv
Fold2,Vehicle,2,drivable_distance,53992,0.0178109610146,0,0,0,0.817480234991,02_semantic_cache/cache/stage12a_mode_semantics.csv
Fold2,Vehicle,2,drivable_inside_fraction,53992,0.779598520769,1,1,1,1,02_semantic_cache/cache/stage12a_mode_semantics.csv
Fold2,Vehicle,2,drivable_intersects,53992,0.980497110683,1,1,1,1,02_semantic_cache/cache/stage12a_mode_semantics.csv
Fold2,Vehicle,2,drivable_boundary_crossing,53992,0.493739813306,0,1,1,1,02_semantic_cache/cache/stage12a_mode_semantics.csv
Fold2,Vehicle,2,drivable_boundary_distance,53992,1.18637835071,0.0780559051534,3.40144301664,4.7112566502,9.67316267748,02_semantic_cache/cache/stage12a_mode_semantics.csv
Fold2,Vehicle,2,drivable_valid,60451,0.893153132289,1,1,1,1,02_semantic_cache/cache/stage12a_mode_semantics.csv
Fold2,Vehicle,2,carpark_distance,17254,0.0887064964599,0,0,0.854113248591,1.82095035931,02_semantic_cache/cache/stage12a_mode_semantics.csv
Fold2,Vehicle,2,carpark_inside_fraction,17254,0.466906224644,0.333333333333,1,1,1,02_semantic_cache/cache/stage12a_mode_semantics.csv
Fold2,Vehicle,2,carpark_intersects,17254,0.911324910166,1,1,1,1,02_semantic_cache/cache/stage12a_mode_semantics.csv
Fold2,Vehicle,2,carpark_valid,60451,0.285421250269,0,1,1,1,02_semantic_cache/cache/stage12a_mode_semantics.csv
Fold2,Vehicle,2,crosswalk_distance,0,,,,,,02_semantic_cache/cache/stage12a_mode_semantics.csv
Fold2,Vehicle,2,crosswalk_inside_fraction,0,,,,,,02_semantic_cache/cache/stage12a_mode_semantics.csv
Fold2,Vehicle,2,crosswalk_intersects,0,,,,,,02_semantic_cache/cache/stage12a_mode_semantics.csv
Fold2,Vehicle,2,crosswalk_valid,60451,0,0,0,0,0,02_semantic_cache/cache/stage12a_mode_semantics.csv
Fold2,Vehicle,2,walkway_distance,0,,,,,,02_semantic_cache/cache/stage12a_mode_semantics.csv
Fold2,Vehicle,2,walkway_inside_fraction,0,,,,,,02_semantic_cache/cache/stage12a_mode_semantics.csv
Fold2,Vehicle,2,walkway_intersects,0,,,,,,02_semantic_cache/cache/stage12a_mode_semantics.csv
Fold2,Vehicle,2,walkway_valid,60451,0,0,0,0,0,02_semantic_cache/cache/stage12a_mode_semantics.csv
Fold2,Vehicle,2,map_valid_mask,60451,0.921820978975,1,1,1,1,02_semantic_cache/cache/stage12a_mode_semantics.csv
Fold2,Vehicle,3,centerline_distance,48118,2.76109920489,2.5315259397,6.63714897633,7.97902017832,9.58077862263,02_semantic_cache/cache/stage12a_mode_semantics.csv
Fold2,Vehicle,3,centerline_mean_distance,48118,3.30453069155,3.11936303973,7.18035453558,8.33855861425,10.0272629619,02_semantic_cache/cache/stage12a_mode_semantics.csv
Fold2,Vehicle,3,centerline_endpoint_distance,48118,3.59613051629,3.20305272937,7.69603955746,9.10293081403,18.0190885305,02_semantic_cache/cache/stage12a_mode_semantics.csv
Fold2,Vehicle,3,centerline_heading_error,48118,1.28952721775,1.42245446962,2.62834373341,2.92019588609,3.0989078095,02_semantic_cache/cache/stage12a_mode_semantics.csv
Fold2,Vehicle,3,centerline_valid,60451,0.795983523846,1,1,1,1,02_semantic_cache/cache/stage12a_mode_semantics.csv
Fold2,Vehicle,3,lane_count,60451,1.68948404493,2,3,3,3,02_semantic_cache/cache/stage12a_mode_semantics.csv
Fold2,Vehicle,3,connector_count,60451,1.36388149079,1,3,3,3,02_semantic_cache/cache/stage12a_mode_semantics.csv
Fold2,Vehicle,3,drivable_distance,51696,0.0249176519044,0,0,0,1.20724720593,02_semantic_cache/cache/stage12a_mode_semantics.csv
Fold2,Vehicle,3,drivable_inside_fraction,51696,0.970713401424,1,1,1,1,02_semantic_cache/cache/stage12a_mode_semantics.csv
Fold2,Vehicle,3,drivable_intersects,51696,0.976381151346,1,1,1,1,02_semantic_cache/cache/stage12a_mode_semantics.csv
Fold2,Vehicle,3,drivable_boundary_crossing,51696,0.0217811822965,0,0,0,1,02_semantic_cache/cache/stage12a_mode_semantics.csv
Fold2,Vehicle,3,drivable_boundary_distance,51696,2.52149011226,1.73769709124,4.98015098749,6.78726345189,14.4369288087,02_semantic_cache/cache/stage12a_mode_semantics.csv
Fold2,Vehicle,3,drivable_valid,60451,0.855171957453,1,1,1,1,02_semantic_cache/cache/stage12a_mode_semantics.csv
Fold2,Vehicle,3,carpark_distance,15218,0.0744877213893,0,0,0.525762343947,1.83938818506,02_semantic_cache/cache/stage12a_mode_semantics.csv
Fold2,Vehicle,3,carpark_inside_fraction,15218,0.927656941341,1,1,1,1,02_semantic_cache/cache/stage12a_mode_semantics.csv
Fold2,Vehicle,3,carpark_intersects,15218,0.93409120778,1,1,1,1,02_semantic_cache/cache/stage12a_mode_semantics.csv
Fold2,Vehicle,3,carpark_valid,60451,0.251741079552,0,1,1,1,02_semantic_cache/cache/stage12a_mode_semantics.csv
Fold2,Vehicle,3,crosswalk_distance,0,,,,,,02_semantic_cache/cache/stage12a_mode_semantics.csv
Fold2,Vehicle,3,crosswalk_inside_fraction,0,,,,,,02_semantic_cache/cache/stage12a_mode_semantics.csv
Fold2,Vehicle,3,crosswalk_intersects,0,,,,,,02_semantic_cache/cache/stage12a_mode_semantics.csv
Fold2,Vehicle,3,crosswalk_valid,60451,0,0,0,0,0,02_semantic_cache/cache/stage12a_mode_semantics.csv
Fold2,Vehicle,3,walkway_distance,0,,,,,,02_semantic_cache/cache/stage12a_mode_semantics.csv
Fold2,Vehicle,3,walkway_inside_fraction,0,,,,,,02_semantic_cache/cache/stage12a_mode_semantics.csv
Fold2,Vehicle,3,walkway_intersects,0,,,,,,02_semantic_cache/cache/stage12a_mode_semantics.csv
Fold2,Vehicle,3,walkway_valid,60451,0,0,0,0,0,02_semantic_cache/cache/stage12a_mode_semantics.csv
Fold2,Vehicle,3,map_valid_mask,60451,0.890225141023,1,1,1,1,02_semantic_cache/cache/stage12a_mode_semantics.csv
Fold2,Vehicle,4,centerline_distance,48221,2.71599013242,2.46466562152,6.62099063396,8.00569236279,9.57652449608,02_semantic_cache/cache/stage12a_mode_semantics.csv
Fold2,Vehicle,4,centerline_mean_distance,48221,4.34127406806,3.74023109674,8.60948085785,10.6254041195,19.8597855568,02_semantic_cache/cache/stage12a_mode_semantics.csv
Fold2,Vehicle,4,centerline_endpoint_distance,48221,5.37199778421,3.69831174612,9.77616667747,19.2679333687,39.8424167633,02_semantic_cache/cache/stage12a_mode_semantics.csv
Fold2,Vehicle,4,centerline_heading_error,48221,1.30305697958,1.15646368666,3.07646100625,3.11875228297,3.13732193362,02_semantic_cache/cache/stage12a_mode_semantics.csv
Fold2,Vehicle,4,centerline_valid,60451,0.79768738317,1,1,1,1,02_semantic_cache/cache/stage12a_mode_semantics.csv
Fold2,Vehicle,4,lane_count,60451,1.73530628112,2,3,3,3,02_semantic_cache/cache/stage12a_mode_semantics.csv
Fold2,Vehicle,4,connector_count,60451,1.4213826074,1,3,3,3,02_semantic_cache/cache/stage12a_mode_semantics.csv
Fold2,Vehicle,4,drivable_distance,51752,0.0246502110269,0,0,0,1.17922267671,02_semantic_cache/cache/stage12a_mode_semantics.csv
Fold2,Vehicle,4,drivable_inside_fraction,51752,0.955393028289,1,1,1,1,02_semantic_cache/cache/stage12a_mode_semantics.csv
Fold2,Vehicle,4,drivable_intersects,51752,0.976889782037,1,1,1,1,02_semantic_cache/cache/stage12a_mode_semantics.csv
Fold2,Vehicle,4,drivable_boundary_crossing,51752,0.0721711238213,0,0,1,1,02_semantic_cache/cache/stage12a_mode_semantics.csv
Fold2,Vehicle,4,drivable_boundary_distance,51752,2.32471604212,1.59085957236,4.76136420112,6.39737721666,14.4220204449,02_semantic_cache/cache/stage12a_mode_semantics.csv
Fold2,Vehicle,4,drivable_valid,60451,0.856098327571,1,1,1,1,02_semantic_cache/cache/stage12a_mode_semantics.csv
Fold2,Vehicle,4,carpark_distance,15428,0.0777621199747,0,0,0.630277261216,1.83170424323,02_semantic_cache/cache/stage12a_mode_semantics.csv
Fold2,Vehicle,4,carpark_inside_fraction,15428,0.910109325037,1,1,1,1,02_semantic_cache/cache/stage12a_mode_semantics.csv
Fold2,Vehicle,4,carpark_intersects,15428,0.930710396681,1,1,1,1,02_semantic_cache/cache/stage12a_mode_semantics.csv
Fold2,Vehicle,4,carpark_valid,60451,0.255214967494,0,1,1,1,02_semantic_cache/cache/stage12a_mode_semantics.csv
Fold2,Vehicle,4,crosswalk_distance,0,,,,,,02_semantic_cache/cache/stage12a_mode_semantics.csv
Fold2,Vehicle,4,crosswalk_inside_fraction,0,,,,,,02_semantic_cache/cache/stage12a_mode_semantics.csv
Fold2,Vehicle,4,crosswalk_intersects,0,,,,,,02_semantic_cache/cache/stage12a_mode_semantics.csv
Fold2,Vehicle,4,crosswalk_valid,60451,0,0,0,0,0,02_semantic_cache/cache/stage12a_mode_semantics.csv
Fold2,Vehicle,4,walkway_distance,0,,,,,,02_semantic_cache/cache/stage12a_mode_semantics.csv
Fold2,Vehicle,4,walkway_inside_fraction,0,,,,,,02_semantic_cache/cache/stage12a_mode_semantics.csv
Fold2,Vehicle,4,walkway_intersects,0,,,,,,02_semantic_cache/cache/stage12a_mode_semantics.csv
Fold2,Vehicle,4,walkway_valid,60451,0,0,0,0,0,02_semantic_cache/cache/stage12a_mode_semantics.csv
Fold2,Vehicle,4,map_valid_mask,60451,0.891151511141,1,1,1,1,02_semantic_cache/cache/stage12a_mode_semantics.csv
Fold2,Vehicle,5,centerline_distance,48061,2.74689088375,2.52848446369,6.62615776062,7.9997241497,9.55560159683,02_semantic_cache/cache/stage12a_mode_semantics.csv
Fold2,Vehicle,5,centerline_mean_distance,48061,4.02189501148,3.59970420599,8.16255688667,9.65228497982,17.1109933853,02_semantic_cache/cache/stage12a_mode_semantics.csv
Fold2,Vehicle,5,centerline_endpoint_distance,48061,4.84984280352,3.58487963676,9.12803947926,15.6034851074,34.6687693596,02_semantic_cache/cache/stage12a_mode_semantics.csv
Fold2,Vehicle,5,centerline_heading_error,48061,1.30471868163,1.08636635503,2.63301920074,2.78778641476,3.06630449697,02_semantic_cache/cache/stage12a_mode_semantics.csv
Fold2,Vehicle,5,centerline_valid,60451,0.795040611404,1,1,1,1,02_semantic_cache/cache/stage12a_mode_semantics.csv
Fold2,Vehicle,5,lane_count,60451,1.7183503995,2,3,3,3,02_semantic_cache/cache/stage12a_mode_semantics.csv
Fold2,Vehicle,5,connector_count,60451,1.39999338307,1,3,3,3,02_semantic_cache/cache/stage12a_mode_semantics.csv
Fold2,Vehicle,5,drivable_distance,51704,0.025199177212,0,0,0,1.20798361145,02_semantic_cache/cache/stage12a_mode_semantics.csv
Fold2,Vehicle,5,drivable_inside_fraction,51704,0.961226404147,1,1,1,1,02_semantic_cache/cache/stage12a_mode_semantics.csv
Fold2,Vehicle,5,drivable_intersects,51704,0.976713600495,1,1,1,1,02_semantic_cache/cache/stage12a_mode_semantics.csv
Fold2,Vehicle,5,drivable_boundary_crossing,51704,0.0540577131363,0,0,1,1,02_semantic_cache/cache/stage12a_mode_semantics.csv
Fold2,Vehicle,5,drivable_boundary_distance,51704,2.41613509776,1.6706545635,4.8466748024,6.53974583296,14.5106717744,02_semantic_cache/cache/stage12a_mode_semantics.csv
Fold2,Vehicle,5,drivable_valid,60451,0.855304296041,1,1,1,1,02_semantic_cache/cache/stage12a_mode_semantics.csv
Fold2,Vehicle,5,carpark_distance,15349,0.0768324201255,0,0,0.596962256627,1.84597034128,02_semantic_cache/cache/stage12a_mode_semantics.csv
Fold2,Vehicle,5,carpark_inside_fraction,15349,0.920401980585,1,1,1,1,02_semantic_cache/cache/stage12a_mode_semantics.csv
Fold2,Vehicle,5,carpark_intersects,15349,0.931591634634,1,1,1,1,02_semantic_cache/cache/stage12a_mode_semantics.csv
Fold2,Vehicle,5,carpark_valid,60451,0.253908123935,0,1,1,1,02_semantic_cache/cache/stage12a_mode_semantics.csv
Fold2,Vehicle,5,crosswalk_distance,0,,,,,,02_semantic_cache/cache/stage12a_mode_semantics.csv
Fold2,Vehicle,5,crosswalk_inside_fraction,0,,,,,,02_semantic_cache/cache/stage12a_mode_semantics.csv
Fold2,Vehicle,5,crosswalk_intersects,0,,,,,,02_semantic_cache/cache/stage12a_mode_semantics.csv
Fold2,Vehicle,5,crosswalk_valid,60451,0,0,0,0,0,02_semantic_cache/cache/stage12a_mode_semantics.csv
Fold2,Vehicle,5,walkway_distance,0,,,,,,02_semantic_cache/cache/stage12a_mode_semantics.csv
Fold2,Vehicle,5,walkway_inside_fraction,0,,,,,,02_semantic_cache/cache/stage12a_mode_semantics.csv
Fold2,Vehicle,5,walkway_intersects,0,,,,,,02_semantic_cache/cache/stage12a_mode_semantics.csv
Fold2,Vehicle,5,walkway_valid,60451,0,0,0,0,0,02_semantic_cache/cache/stage12a_mode_semantics.csv
Fold2,Vehicle,5,map_valid_mask,60451,0.889613075053,1,1,1,1,02_semantic_cache/cache/stage12a_mode_semantics.csv
Fold2,Pedestrian,0,centerline_distance,0,,,,,,02_semantic_cache/cache/stage12a_mode_semantics.csv
Fold2,Pedestrian,0,centerline_mean_distance,0,,,,,,02_semantic_cache/cache/stage12a_mode_semantics.csv
Fold2,Pedestrian,0,centerline_endpoint_distance,0,,,,,,02_semantic_cache/cache/stage12a_mode_semantics.csv
Fold2,Pedestrian,0,centerline_heading_error,0,,,,,,02_semantic_cache/cache/stage12a_mode_semantics.csv
Fold2,Pedestrian,0,centerline_valid,22108,0,0,0,0,0,02_semantic_cache/cache/stage12a_mode_semantics.csv
Fold2,Pedestrian,0,lane_count,22108,0,0,0,0,0,02_semantic_cache/cache/stage12a_mode_semantics.csv
Fold2,Pedestrian,0,connector_count,22108,0,0,0,0,0,02_semantic_cache/cache/stage12a_mode_semantics.csv
Fold2,Pedestrian,0,drivable_distance,13721,0.476192429162,0,1.62857070626,1.81651971497,1.96495529304,02_semantic_cache/cache/stage12a_mode_semantics.csv
Fold2,Pedestrian,0,drivable_inside_fraction,13721,0.389494205962,0.25,1,1,1,02_semantic_cache/cache/stage12a_mode_semantics.csv
Fold2,Pedestrian,0,drivable_intersects,13721,0.578091975804,1,1,1,1,02_semantic_cache/cache/stage12a_mode_semantics.csv
Fold2,Pedestrian,0,drivable_boundary_crossing,13721,0.379855695649,0,1,1,1,02_semantic_cache/cache/stage12a_mode_semantics.csv
Fold2,Pedestrian,0,drivable_boundary_distance,13721,0.872493938996,0.518353458558,1.92607779699,3.08518557504,5.29287873368,02_semantic_cache/cache/stage12a_mode_semantics.csv
Fold2,Pedestrian,0,drivable_valid,22108,0.62063506423,1,1,1,1,02_semantic_cache/cache/stage12a_mode_semantics.csv
Fold2,Pedestrian,0,carpark_distance,0,,,,,,02_semantic_cache/cache/stage12a_mode_semantics.csv
Fold2,Pedestrian,0,carpark_inside_fraction,0,,,,,,02_semantic_cache/cache/stage12a_mode_semantics.csv
Fold2,Pedestrian,0,carpark_intersects,0,,,,,,02_semantic_cache/cache/stage12a_mode_semantics.csv
Fold2,Pedestrian,0,carpark_valid,22108,0,0,0,0,0,02_semantic_cache/cache/stage12a_mode_semantics.csv
Fold2,Pedestrian,0,crosswalk_distance,5851,0.36488904116,0,1.42534561519,1.70037901222,1.93957983158,02_semantic_cache/cache/stage12a_mode_semantics.csv
Fold2,Pedestrian,0,crosswalk_inside_fraction,5851,0.367358856036,0.25,1,1,1,02_semantic_cache/cache/stage12a_mode_semantics.csv
Fold2,Pedestrian,0,crosswalk_intersects,5851,0.625192274825,1,1,1,1,02_semantic_cache/cache/stage12a_mode_semantics.csv
Fold2,Pedestrian,0,crosswalk_valid,22108,0.264655328388,0,1,1,1,02_semantic_cache/cache/stage12a_mode_semantics.csv
Fold2,Pedestrian,0,walkway_distance,16960,0.120311940206,0,0.407891785713,1.05739728901,1.77480835301,02_semantic_cache/cache/stage12a_mode_semantics.csv
Fold2,Pedestrian,0,walkway_inside_fraction,16960,0.655262382075,0.833333333333,1,1,1,02_semantic_cache/cache/stage12a_mode_semantics.csv
Fold2,Pedestrian,0,walkway_intersects,16960,0.847641509434,1,1,1,1,02_semantic_cache/cache/stage12a_mode_semantics.csv
Fold2,Pedestrian,0,walkway_valid,22108,0.767143115614,1,1,1,1,02_semantic_cache/cache/stage12a_mode_semantics.csv
Fold2,Pedestrian,0,map_valid_mask,22108,0.904061878053,1,1,1,1,02_semantic_cache/cache/stage12a_mode_semantics.csv
Fold2,Pedestrian,1,centerline_distance,0,,,,,,02_semantic_cache/cache/stage12a_mode_semantics.csv
Fold2,Pedestrian,1,centerline_mean_distance,0,,,,,,02_semantic_cache/cache/stage12a_mode_semantics.csv
Fold2,Pedestrian,1,centerline_endpoint_distance,0,,,,,,02_semantic_cache/cache/stage12a_mode_semantics.csv
Fold2,Pedestrian,1,centerline_heading_error,0,,,,,,02_semantic_cache/cache/stage12a_mode_semantics.csv
Fold2,Pedestrian,1,centerline_valid,22108,0,0,0,0,0,02_semantic_cache/cache/stage12a_mode_semantics.csv
Fold2,Pedestrian,1,lane_count,22108,0,0,0,0,0,02_semantic_cache/cache/stage12a_mode_semantics.csv
Fold2,Pedestrian,1,connector_count,22108,0,0,0,0,0,02_semantic_cache/cache/stage12a_mode_semantics.csv
Fold2,Pedestrian,1,drivable_distance,12760,0.598416033653,0.212610953981,1.67539438715,1.83176088596,1.96336088553,02_semantic_cache/cache/stage12a_mode_semantics.csv
Fold2,Pedestrian,1,drivable_inside_fraction,12760,0.362643678161,0,1,1,1,02_semantic_cache/cache/stage12a_mode_semantics.csv
Fold2,Pedestrian,1,drivable_intersects,12760,0.467868338558,0,1,1,1,02_semantic_cache/cache/stage12a_mode_semantics.csv
Fold2,Pedestrian,1,drivable_boundary_crossing,12760,0.210736677116,0,1,1,1,02_semantic_cache/cache/stage12a_mode_semantics.csv
Fold2,Pedestrian,1,drivable_boundary_distance,12760,1.12947018834,0.976551969668,2.14274427299,3.55046883863,5.59966769706,02_semantic_cache/cache/stage12a_mode_semantics.csv
Fold2,Pedestrian,1,drivable_valid,22108,0.577166636512,1,1,1,1,02_semantic_cache/cache/stage12a_mode_semantics.csv
Fold2,Pedestrian,1,carpark_distance,0,,,,,,02_semantic_cache/cache/stage12a_mode_semantics.csv
Fold2,Pedestrian,1,carpark_inside_fraction,0,,,,,,02_semantic_cache/cache/stage12a_mode_semantics.csv
Fold2,Pedestrian,1,carpark_intersects,0,,,,,,02_semantic_cache/cache/stage12a_mode_semantics.csv
Fold2,Pedestrian,1,carpark_valid,22108,0,0,0,0,0,02_semantic_cache/cache/stage12a_mode_semantics.csv
Fold2,Pedestrian,1,crosswalk_distance,5430,0.517163161194,0,1.58271483624,1.77026464059,1.95590325195,02_semantic_cache/cache/stage12a_mode_semantics.csv
Fold2,Pedestrian,1,crosswalk_inside_fraction,5430,0.349631675875,0.0833333333333,1,1,1,02_semantic_cache/cache/stage12a_mode_semantics.csv
Fold2,Pedestrian,1,crosswalk_intersects,5430,0.504604051565,1,1,1,1,02_semantic_cache/cache/stage12a_mode_semantics.csv
Fold2,Pedestrian,1,crosswalk_valid,22108,0.245612447983,0,1,1,1,02_semantic_cache/cache/stage12a_mode_semantics.csv
Fold2,Pedestrian,1,walkway_distance,16431,0.131901460866,0,0.543732313472,1.13291045753,1.80658402715,02_semantic_cache/cache/stage12a_mode_semantics.csv
Fold2,Pedestrian,1,walkway_inside_fraction,16431,0.740779623882,1,1,1,1,02_semantic_cache/cache/stage12a_mode_semantics.csv
Fold2,Pedestrian,1,walkway_intersects,16431,0.838415190798,1,1,1,1,02_semantic_cache/cache/stage12a_mode_semantics.csv
Fold2,Pedestrian,1,walkway_valid,22108,0.743215125746,1,1,1,1,02_semantic_cache/cache/stage12a_mode_semantics.csv
Fold2,Pedestrian,1,map_valid_mask,22108,0.892120499367,1,1,1,1,02_semantic_cache/cache/stage12a_mode_semantics.csv
Fold2,Pedestrian,2,centerline_distance,0,,,,,,02_semantic_cache/cache/stage12a_mode_semantics.csv
Fold2,Pedestrian,2,centerline_mean_distance,0,,,,,,02_semantic_cache/cache/stage12a_mode_semantics.csv
Fold2,Pedestrian,2,centerline_endpoint_distance,0,,,,,,02_semantic_cache/cache/stage12a_mode_semantics.csv
Fold2,Pedestrian,2,centerline_heading_error,0,,,,,,02_semantic_cache/cache/stage12a_mode_semantics.csv
Fold2,Pedestrian,2,centerline_valid,22108,0,0,0,0,0,02_semantic_cache/cache/stage12a_mode_semantics.csv
Fold2,Pedestrian,2,lane_count,22108,0,0,0,0,0,02_semantic_cache/cache/stage12a_mode_semantics.csv
Fold2,Pedestrian,2,connector_count,22108,0,0,0,0,0,02_semantic_cache/cache/stage12a_mode_semantics.csv
Fold2,Pedestrian,2,drivable_distance,14043,0.433330793488,0,1.60661609628,1.80948306954,1.96182067468,02_semantic_cache/cache/stage12a_mode_semantics.csv
Fold2,Pedestrian,2,drivable_inside_fraction,14043,0.416969308552,0.333333333333,1,1,1,02_semantic_cache/cache/stage12a_mode_semantics.csv
Fold2,Pedestrian,2,drivable_intersects,14043,0.622445346436,1,1,1,1,02_semantic_cache/cache/stage12a_mode_semantics.csv
Fold2,Pedestrian,2,drivable_boundary_crossing,14043,0.440432955921,0,1,1,1,02_semantic_cache/cache/stage12a_mode_semantics.csv
Fold2,Pedestrian,2,drivable_boundary_distance,14043,0.792718696212,0.305418026247,1.89650474061,2.85519339293,5.20760479501,02_semantic_cache/cache/stage12a_mode_semantics.csv
Fold2,Pedestrian,2,drivable_valid,22108,0.635199927628,1,1,1,1,02_semantic_cache/cache/stage12a_mode_semantics.csv
Fold2,Pedestrian,2,carpark_distance,0,,,,,,02_semantic_cache/cache/stage12a_mode_semantics.csv
Fold2,Pedestrian,2,carpark_inside_fraction,0,,,,,,02_semantic_cache/cache/stage12a_mode_semantics.csv
Fold2,Pedestrian,2,carpark_intersects,0,,,,,,02_semantic_cache/cache/stage12a_mode_semantics.csv
Fold2,Pedestrian,2,carpark_valid,22108,0,0,0,0,0,02_semantic_cache/cache/stage12a_mode_semantics.csv
Fold2,Pedestrian,2,crosswalk_distance,5982,0.344736747864,0,1.40919901766,1.69640901528,1.90333383627,02_semantic_cache/cache/stage12a_mode_semantics.csv
Fold2,Pedestrian,2,crosswalk_inside_fraction,5982,0.361180764516,0.25,1,1,1,02_semantic_cache/cache/stage12a_mode_semantics.csv
Fold2,Pedestrian,2,crosswalk_intersects,5982,0.651120026747,1,1,1,1,02_semantic_cache/cache/stage12a_mode_semantics.csv
Fold2,Pedestrian,2,crosswalk_valid,22108,0.270580785236,0,1,1,1,02_semantic_cache/cache/stage12a_mode_semantics.csv
Fold2,Pedestrian,2,walkway_distance,17297,0.116923472508,0,0.360748593294,1.03836193463,1.79076231529,02_semantic_cache/cache/stage12a_mode_semantics.csv
Fold2,Pedestrian,2,walkway_inside_fraction,17297,0.607817347902,0.666666666667,1,1,1,02_semantic_cache/cache/stage12a_mode_semantics.csv
Fold2,Pedestrian,2,walkway_intersects,17297,0.85488813089,1,1,1,1,02_semantic_cache/cache/stage12a_mode_semantics.csv
Fold2,Pedestrian,2,walkway_valid,22108,0.782386466437,1,1,1,1,02_semantic_cache/cache/stage12a_mode_semantics.csv
Fold2,Pedestrian,2,map_valid_mask,22108,0.911841867197,1,1,1,1,02_semantic_cache/cache/stage12a_mode_semantics.csv
Fold2,Pedestrian,3,centerline_distance,0,,,,,,02_semantic_cache/cache/stage12a_mode_semantics.csv
Fold2,Pedestrian,3,centerline_mean_distance,0,,,,,,02_semantic_cache/cache/stage12a_mode_semantics.csv
Fold2,Pedestrian,3,centerline_endpoint_distance,0,,,,,,02_semantic_cache/cache/stage12a_mode_semantics.csv
Fold2,Pedestrian,3,centerline_heading_error,0,,,,,,02_semantic_cache/cache/stage12a_mode_semantics.csv
Fold2,Pedestrian,3,centerline_valid,22108,0,0,0,0,0,02_semantic_cache/cache/stage12a_mode_semantics.csv
Fold2,Pedestrian,3,lane_count,22108,0,0,0,0,0,02_semantic_cache/cache/stage12a_mode_semantics.csv
Fold2,Pedestrian,3,connector_count,22108,0,0,0,0,0,02_semantic_cache/cache/stage12a_mode_semantics.csv
Fold2,Pedestrian,3,drivable_distance,12400,0.630836294212,0.362820461315,1.6827103458,1.82773690197,1.95721145909,02_semantic_cache/cache/stage12a_mode_semantics.csv
Fold2,Pedestrian,3,drivable_inside_fraction,12400,0.360934139785,0,1,1,1,02_semantic_cache/cache/stage12a_mode_semantics.csv
Fold2,Pedestrian,3,drivable_intersects,12400,0.432822580645,0,1,1,1,02_semantic_cache/cache/stage12a_mode_semantics.csv
Fold2,Pedestrian,3,drivable_boundary_crossing,12400,0.147177419355,0,1,1,1,02_semantic_cache/cache/stage12a_mode_semantics.csv
Fold2,Pedestrian,3,drivable_boundary_distance,12400,1.25003367352,1.08591900586,2.60745390642,3.71616370542,6.02355483696,02_semantic_cache/cache/stage12a_mode_semantics.csv
Fold2,Pedestrian,3,drivable_valid,22108,0.560882938303,1,1,1,1,02_semantic_cache/cache/stage12a_mode_semantics.csv
Fold2,Pedestrian,3,carpark_distance,0,,,,,,02_semantic_cache/cache/stage12a_mode_semantics.csv
Fold2,Pedestrian,3,carpark_inside_fraction,0,,,,,,02_semantic_cache/cache/stage12a_mode_semantics.csv
Fold2,Pedestrian,3,carpark_intersects,0,,,,,,02_semantic_cache/cache/stage12a_mode_semantics.csv
Fold2,Pedestrian,3,carpark_valid,22108,0,0,0,0,0,02_semantic_cache/cache/stage12a_mode_semantics.csv
Fold2,Pedestrian,3,crosswalk_distance,5217,0.543671730031,0.170500046274,1.56115432492,1.76364621756,1.93937971057,02_semantic_cache/cache/stage12a_mode_semantics.csv
Fold2,Pedestrian,3,crosswalk_inside_fraction,5217,0.352884799693,0,1,1,1,02_semantic_cache/cache/stage12a_mode_semantics.csv
Fold2,Pedestrian,3,crosswalk_intersects,5217,0.467126701169,0,1,1,1,02_semantic_cache/cache/stage12a_mode_semantics.csv
Fold2,Pedestrian,3,crosswalk_valid,22108,0.235977926542,0,1,1,1,02_semantic_cache/cache/stage12a_mode_semantics.csv
Fold2,Pedestrian,3,walkway_distance,16141,0.130566836117,0,0.516014236573,1.14276611069,1.80800605648,02_semantic_cache/cache/stage12a_mode_semantics.csv
Fold2,Pedestrian,3,walkway_inside_fraction,16141,0.773558019949,1,1,1,1,02_semantic_cache/cache/stage12a_mode_semantics.csv
Fold2,Pedestrian,3,walkway_intersects,16141,0.845920327117,1,1,1,1,02_semantic_cache/cache/stage12a_mode_semantics.csv
Fold2,Pedestrian,3,walkway_valid,22108,0.730097702189,1,1,1,1,02_semantic_cache/cache/stage12a_mode_semantics.csv
Fold2,Pedestrian,3,map_valid_mask,22108,0.888863759725,1,1,1,1,02_semantic_cache/cache/stage12a_mode_semantics.csv
Fold2,Pedestrian,4,centerline_distance,0,,,,,,02_semantic_cache/cache/stage12a_mode_semantics.csv
Fold2,Pedestrian,4,centerline_mean_distance,0,,,,,,02_semantic_cache/cache/stage12a_mode_semantics.csv
Fold2,Pedestrian,4,centerline_endpoint_distance,0,,,,,,02_semantic_cache/cache/stage12a_mode_semantics.csv
Fold2,Pedestrian,4,centerline_heading_error,0,,,,,,02_semantic_cache/cache/stage12a_mode_semantics.csv
Fold2,Pedestrian,4,centerline_valid,22108,0,0,0,0,0,02_semantic_cache/cache/stage12a_mode_semantics.csv
Fold2,Pedestrian,4,lane_count,22108,0,0,0,0,0,02_semantic_cache/cache/stage12a_mode_semantics.csv
Fold2,Pedestrian,4,connector_count,22108,0,0,0,0,0,02_semantic_cache/cache/stage12a_mode_semantics.csv
Fold2,Pedestrian,4,drivable_distance,13242,0.548294605081,0,1.65423583758,1.82856042908,1.96883424522,02_semantic_cache/cache/stage12a_mode_semantics.csv
Fold2,Pedestrian,4,drivable_inside_fraction,13242,0.368209736696,0.0833333333333,1,1,1,02_semantic_cache/cache/stage12a_mode_semantics.csv
Fold2,Pedestrian,4,drivable_intersects,13242,0.510496903791,1,1,1,1,02_semantic_cache/cache/stage12a_mode_semantics.csv
Fold2,Pedestrian,4,drivable_boundary_crossing,13242,0.285304334693,0,1,1,1,02_semantic_cache/cache/stage12a_mode_semantics.csv
Fold2,Pedestrian,4,drivable_boundary_distance,13242,1.00052796359,0.792856641664,1.97167340541,3.28759501688,5.439037045,02_semantic_cache/cache/stage12a_mode_semantics.csv
Fold2,Pedestrian,4,drivable_valid,22108,0.598968699113,1,1,1,1,02_semantic_cache/cache/stage12a_mode_semantics.csv
Fold2,Pedestrian,4,carpark_distance,0,,,,,,02_semantic_cache/cache/stage12a_mode_semantics.csv
Fold2,Pedestrian,4,carpark_inside_fraction,0,,,,,,02_semantic_cache/cache/stage12a_mode_semantics.csv
Fold2,Pedestrian,4,carpark_intersects,0,,,,,,02_semantic_cache/cache/stage12a_mode_semantics.csv
Fold2,Pedestrian,4,carpark_valid,22108,0,0,0,0,0,02_semantic_cache/cache/stage12a_mode_semantics.csv
Fold2,Pedestrian,4,crosswalk_distance,5675,0.456440099458,0,1.51855594503,1.70673457489,1.94886374062,02_semantic_cache/cache/stage12a_mode_semantics.csv
Fold2,Pedestrian,4,crosswalk_inside_fraction,5675,0.348002936858,0.166666666667,1,1,1,02_semantic_cache/cache/stage12a_mode_semantics.csv
Fold2,Pedestrian,4,crosswalk_intersects,5675,0.544669603524,1,1,1,1,02_semantic_cache/cache/stage12a_mode_semantics.csv
Fold2,Pedestrian,4,crosswalk_valid,22108,0.256694409264,0,1,1,1,02_semantic_cache/cache/stage12a_mode_semantics.csv
Fold2,Pedestrian,4,walkway_distance,16731,0.127734700116,0,0.496446368034,1.1007834903,1.78328356561,02_semantic_cache/cache/stage12a_mode_semantics.csv
Fold2,Pedestrian,4,walkway_inside_fraction,16731,0.70233897157,1,1,1,1,02_semantic_cache/cache/stage12a_mode_semantics.csv
Fold2,Pedestrian,4,walkway_intersects,16731,0.841611380073,1,1,1,1,02_semantic_cache/cache/stage12a_mode_semantics.csv
Fold2,Pedestrian,4,walkway_valid,22108,0.756784874254,1,1,1,1,02_semantic_cache/cache/stage12a_mode_semantics.csv
Fold2,Pedestrian,4,map_valid_mask,22108,0.896327121404,1,1,1,1,02_semantic_cache/cache/stage12a_mode_semantics.csv
Fold2,Pedestrian,5,centerline_distance,0,,,,,,02_semantic_cache/cache/stage12a_mode_semantics.csv
Fold2,Pedestrian,5,centerline_mean_distance,0,,,,,,02_semantic_cache/cache/stage12a_mode_semantics.csv
Fold2,Pedestrian,5,centerline_endpoint_distance,0,,,,,,02_semantic_cache/cache/stage12a_mode_semantics.csv
Fold2,Pedestrian,5,centerline_heading_error,0,,,,,,02_semantic_cache/cache/stage12a_mode_semantics.csv
Fold2,Pedestrian,5,centerline_valid,22108,0,0,0,0,0,02_semantic_cache/cache/stage12a_mode_semantics.csv
Fold2,Pedestrian,5,lane_count,22108,0,0,0,0,0,02_semantic_cache/cache/stage12a_mode_semantics.csv
Fold2,Pedestrian,5,connector_count,22108,0,0,0,0,0,02_semantic_cache/cache/stage12a_mode_semantics.csv
Fold2,Pedestrian,5,drivable_distance,13000,0.56961374037,0.0656362341533,1.66007887317,1.82538159371,1.96509739935,02_semantic_cache/cache/stage12a_mode_semantics.csv
Fold2,Pedestrian,5,drivable_inside_fraction,13000,0.364576923077,0,1,1,1,02_semantic_cache/cache/stage12a_mode_semantics.csv
Fold2,Pedestrian,5,drivable_intersects,13000,0.491769230769,0,1,1,1,02_semantic_cache/cache/stage12a_mode_semantics.csv
Fold2,Pedestrian,5,drivable_boundary_crossing,13000,0.253,0,1,1,1,02_semantic_cache/cache/stage12a_mode_semantics.csv
Fold2,Pedestrian,5,drivable_boundary_distance,13000,1.05502214079,0.891458554664,1.98972828421,3.42983658536,5.50268691842,02_semantic_cache/cache/stage12a_mode_semantics.csv
Fold2,Pedestrian,5,drivable_valid,22108,0.588022435318,1,1,1,1,02_semantic_cache/cache/stage12a_mode_semantics.csv
Fold2,Pedestrian,5,carpark_distance,0,,,,,,02_semantic_cache/cache/stage12a_mode_semantics.csv
Fold2,Pedestrian,5,carpark_inside_fraction,0,,,,,,02_semantic_cache/cache/stage12a_mode_semantics.csv
Fold2,Pedestrian,5,carpark_intersects,0,,,,,,02_semantic_cache/cache/stage12a_mode_semantics.csv
Fold2,Pedestrian,5,carpark_valid,22108,0,0,0,0,0,02_semantic_cache/cache/stage12a_mode_semantics.csv
Fold2,Pedestrian,5,crosswalk_distance,5563,0.486365058789,0,1.57018112791,1.72830191534,1.95428875703,02_semantic_cache/cache/stage12a_mode_semantics.csv
Fold2,Pedestrian,5,crosswalk_inside_fraction,5563,0.346740367907,0.0833333333333,1,1,1,02_semantic_cache/cache/stage12a_mode_semantics.csv
Fold2,Pedestrian,5,crosswalk_intersects,5563,0.525975193241,1,1,1,1,02_semantic_cache/cache/stage12a_mode_semantics.csv
Fold2,Pedestrian,5,crosswalk_valid,22108,0.251628369821,0,1,1,1,02_semantic_cache/cache/stage12a_mode_semantics.csv
Fold2,Pedestrian,5,walkway_distance,16610,0.130430722666,0,0.521754986415,1.11071226315,1.83039117807,02_semantic_cache/cache/stage12a_mode_semantics.csv
Fold2,Pedestrian,5,walkway_inside_fraction,16610,0.719094922737,1,1,1,1,02_semantic_cache/cache/stage12a_mode_semantics.csv
Fold2,Pedestrian,5,walkway_intersects,16610,0.838470800722,1,1,1,1,02_semantic_cache/cache/stage12a_mode_semantics.csv
Fold2,Pedestrian,5,walkway_valid,22108,0.751311742356,1,1,1,1,02_semantic_cache/cache/stage12a_mode_semantics.csv
Fold2,Pedestrian,5,map_valid_mask,22108,0.894201194138,1,1,1,1,02_semantic_cache/cache/stage12a_mode_semantics.csv
Fold2,Bicycle,0,centerline_distance,1021,3.18671858753,2.99880474806,6.99360251427,7.88638174534,9.50487279892,02_semantic_cache/cache/stage12a_mode_semantics.csv
Fold2,Bicycle,0,centerline_mean_distance,1021,5.3284438736,5.29422283173,9.14121508598,10.1739263535,14.6689507961,02_semantic_cache/cache/stage12a_mode_semantics.csv
Fold2,Bicycle,0,centerline_endpoint_distance,1021,6.03294589844,5.24534642696,10.8718657494,14.039003849,26.8486709595,02_semantic_cache/cache/stage12a_mode_semantics.csv
Fold2,Bicycle,0,centerline_heading_error,1021,1.40816230219,1.48256305824,3.04257734836,3.08128423971,3.13137490182,02_semantic_cache/cache/stage12a_mode_semantics.csv
Fold2,Bicycle,0,centerline_valid,1152,0.886284722222,1,1,1,1,02_semantic_cache/cache/stage12a_mode_semantics.csv
Fold2,Bicycle,0,lane_count,1152,1.82638888889,2,3,3,3,02_semantic_cache/cache/stage12a_mode_semantics.csv
Fold2,Bicycle,0,connector_count,1152,2.01041666667,3,3,3,3,02_semantic_cache/cache/stage12a_mode_semantics.csv
Fold2,Bicycle,0,drivable_distance,756,0.426636273538,0,1.33060802168,1.61650091044,1.93286829998,02_semantic_cache/cache/stage12a_mode_semantics.csv
Fold2,Bicycle,0,drivable_inside_fraction,756,0.431547619048,0.25,1,1,1,02_semantic_cache/cache/stage12a_mode_semantics.csv
Fold2,Bicycle,0,drivable_intersects,756,0.55291005291,1,1,1,1,02_semantic_cache/cache/stage12a_mode_semantics.csv
Fold2,Bicycle,0,drivable_boundary_crossing,756,0.251322751323,0,1,1,1,02_semantic_cache/cache/stage12a_mode_semantics.csv
Fold2,Bicycle,0,drivable_boundary_distance,756,0.97483619321,0.734067056902,1.99112570033,3.46495786572,6.27090054648,02_semantic_cache/cache/stage12a_mode_semantics.csv
Fold2,Bicycle,0,drivable_valid,1152,0.65625,1,1,1,1,02_semantic_cache/cache/stage12a_mode_semantics.csv
Fold2,Bicycle,0,carpark_distance,0,,,,,,02_semantic_cache/cache/stage12a_mode_semantics.csv
Fold2,Bicycle,0,carpark_inside_fraction,0,,,,,,02_semantic_cache/cache/stage12a_mode_semantics.csv
Fold2,Bicycle,0,carpark_intersects,0,,,,,,02_semantic_cache/cache/stage12a_mode_semantics.csv
Fold2,Bicycle,0,carpark_valid,1152,0,0,0,0,0,02_semantic_cache/cache/stage12a_mode_semantics.csv
Fold2,Bicycle,0,crosswalk_distance,0,,,,,,02_semantic_cache/cache/stage12a_mode_semantics.csv
Fold2,Bicycle,0,crosswalk_inside_fraction,0,,,,,,02_semantic_cache/cache/stage12a_mode_semantics.csv
Fold2,Bicycle,0,crosswalk_intersects,0,,,,,,02_semantic_cache/cache/stage12a_mode_semantics.csv
Fold2,Bicycle,0,crosswalk_valid,1152,0,0,0,0,0,02_semantic_cache/cache/stage12a_mode_semantics.csv
Fold2,Bicycle,0,walkway_distance,0,,,,,,02_semantic_cache/cache/stage12a_mode_semantics.csv
Fold2,Bicycle,0,walkway_inside_fraction,0,,,,,,02_semantic_cache/cache/stage12a_mode_semantics.csv
Fold2,Bicycle,0,walkway_intersects,0,,,,,,02_semantic_cache/cache/stage12a_mode_semantics.csv
Fold2,Bicycle,0,walkway_valid,1152,0,0,0,0,0,02_semantic_cache/cache/stage12a_mode_semantics.csv
Fold2,Bicycle,0,map_valid_mask,1152,0.886284722222,1,1,1,1,02_semantic_cache/cache/stage12a_mode_semantics.csv
Fold2,Bicycle,1,centerline_distance,998,3.60769649059,3.30514878035,7.41815328598,8.26937270164,9.39739531279,02_semantic_cache/cache/stage12a_mode_semantics.csv
Fold2,Bicycle,1,centerline_mean_distance,998,4.58703156843,4.58234071732,7.69146710634,9.00661811233,10.2835655451,02_semantic_cache/cache/stage12a_mode_semantics.csv
Fold2,Bicycle,1,centerline_endpoint_distance,998,4.76679633994,4.33397367597,8.51012301445,9.496383816,18.4940382361,02_semantic_cache/cache/stage12a_mode_semantics.csv
Fold2,Bicycle,1,centerline_heading_error,998,1.519229455,1.59478009977,2.91434597278,3.03964488515,3.13133480446,02_semantic_cache/cache/stage12a_mode_semantics.csv
Fold2,Bicycle,1,centerline_valid,1152,0.866319444444,1,1,1,1,02_semantic_cache/cache/stage12a_mode_semantics.csv
Fold2,Bicycle,1,lane_count,1152,1.63628472222,2,3,3,3,02_semantic_cache/cache/stage12a_mode_semantics.csv
Fold2,Bicycle,1,connector_count,1152,1.73697916667,2,3,3,3,02_semantic_cache/cache/stage12a_mode_semantics.csv
Fold2,Bicycle,1,drivable_distance,655,0.462208096852,0,1.25763462031,1.65793369819,1.97144011586,02_semantic_cache/cache/stage12a_mode_semantics.csv
Fold2,Bicycle,1,drivable_inside_fraction,655,0.472900763359,0.25,1,1,1,02_semantic_cache/cache/stage12a_mode_semantics.csv
Fold2,Bicycle,1,drivable_intersects,655,0.514503816794,1,1,1,1,02_semantic_cache/cache/stage12a_mode_semantics.csv
Fold2,Bicycle,1,drivable_boundary_crossing,655,0.103816793893,0,1,1,1,02_semantic_cache/cache/stage12a_mode_semantics.csv
Fold2,Bicycle,1,drivable_boundary_distance,655,1.195263153,0.904012572036,2.60857328887,3.65949125279,6.25394368731,02_semantic_cache/cache/stage12a_mode_semantics.csv
Fold2,Bicycle,1,drivable_valid,1152,0.568576388889,1,1,1,1,02_semantic_cache/cache/stage12a_mode_semantics.csv
Fold2,Bicycle,1,carpark_distance,0,,,,,,02_semantic_cache/cache/stage12a_mode_semantics.csv
Fold2,Bicycle,1,carpark_inside_fraction,0,,,,,,02_semantic_cache/cache/stage12a_mode_semantics.csv
Fold2,Bicycle,1,carpark_intersects,0,,,,,,02_semantic_cache/cache/stage12a_mode_semantics.csv
Fold2,Bicycle,1,carpark_valid,1152,0,0,0,0,0,02_semantic_cache/cache/stage12a_mode_semantics.csv
Fold2,Bicycle,1,crosswalk_distance,0,,,,,,02_semantic_cache/cache/stage12a_mode_semantics.csv
Fold2,Bicycle,1,crosswalk_inside_fraction,0,,,,,,02_semantic_cache/cache/stage12a_mode_semantics.csv
Fold2,Bicycle,1,crosswalk_intersects,0,,,,,,02_semantic_cache/cache/stage12a_mode_semantics.csv
Fold2,Bicycle,1,crosswalk_valid,1152,0,0,0,0,0,02_semantic_cache/cache/stage12a_mode_semantics.csv
Fold2,Bicycle,1,walkway_distance,0,,,,,,02_semantic_cache/cache/stage12a_mode_semantics.csv
Fold2,Bicycle,1,walkway_inside_fraction,0,,,,,,02_semantic_cache/cache/stage12a_mode_semantics.csv
Fold2,Bicycle,1,walkway_intersects,0,,,,,,02_semantic_cache/cache/stage12a_mode_semantics.csv
Fold2,Bicycle,1,walkway_valid,1152,0,0,0,0,0,02_semantic_cache/cache/stage12a_mode_semantics.csv
Fold2,Bicycle,1,map_valid_mask,1152,0.866319444444,1,1,1,1,02_semantic_cache/cache/stage12a_mode_semantics.csv
Fold2,Bicycle,2,centerline_distance,1048,2.72532223241,2.10038125515,6.76670259237,7.5626026988,9.34947994947,02_semantic_cache/cache/stage12a_mode_semantics.csv
Fold2,Bicycle,2,centerline_mean_distance,1048,6.32187175788,5.70933938026,10.7976526022,12.3699328899,15.4454155803,02_semantic_cache/cache/stage12a_mode_semantics.csv
Fold2,Bicycle,2,centerline_endpoint_distance,1048,7.26278470734,5.79173505306,15.8086255789,18.3665627241,29.2062614918,02_semantic_cache/cache/stage12a_mode_semantics.csv
Fold2,Bicycle,2,centerline_heading_error,1048,1.41722675192,1.55413034519,3.04216407922,3.08202858175,3.11391889086,02_semantic_cache/cache/stage12a_mode_semantics.csv
Fold2,Bicycle,2,centerline_valid,1152,0.909722222222,1,1,1,1,02_semantic_cache/cache/stage12a_mode_semantics.csv
Fold2,Bicycle,2,lane_count,1152,1.99565972222,2,3,3,3,02_semantic_cache/cache/stage12a_mode_semantics.csv
Fold2,Bicycle,2,connector_count,1152,2.22482638889,3,3,3,3,02_semantic_cache/cache/stage12a_mode_semantics.csv
Fold2,Bicycle,2,drivable_distance,840,0.32353334404,0,1.22052438459,1.57120766426,1.87077097617,02_semantic_cache/cache/stage12a_mode_semantics.csv
Fold2,Bicycle,2,drivable_inside_fraction,840,0.44246031746,0.416666666667,1,1,1,02_semantic_cache/cache/stage12a_mode_semantics.csv
Fold2,Bicycle,2,drivable_intersects,840,0.630952380952,1,1,1,1,02_semantic_cache/cache/stage12a_mode_semantics.csv
Fold2,Bicycle,2,drivable_boundary_crossing,840,0.386904761905,0,1,1,1,02_semantic_cache/cache/stage12a_mode_semantics.csv
Fold2,Bicycle,2,drivable_boundary_distance,840,0.769549449927,0.318786877624,1.77712370126,2.92164701882,6.19386455718,02_semantic_cache/cache/stage12a_mode_semantics.csv
Fold2,Bicycle,2,drivable_valid,1152,0.729166666667,1,1,1,1,02_semantic_cache/cache/stage12a_mode_semantics.csv
Fold2,Bicycle,2,carpark_distance,0,,,,,,02_semantic_cache/cache/stage12a_mode_semantics.csv
Fold2,Bicycle,2,carpark_inside_fraction,0,,,,,,02_semantic_cache/cache/stage12a_mode_semantics.csv
Fold2,Bicycle,2,carpark_intersects,0,,,,,,02_semantic_cache/cache/stage12a_mode_semantics.csv
Fold2,Bicycle,2,carpark_valid,1152,0,0,0,0,0,02_semantic_cache/cache/stage12a_mode_semantics.csv
Fold2,Bicycle,2,crosswalk_distance,0,,,,,,02_semantic_cache/cache/stage12a_mode_semantics.csv
Fold2,Bicycle,2,crosswalk_inside_fraction,0,,,,,,02_semantic_cache/cache/stage12a_mode_semantics.csv
Fold2,Bicycle,2,crosswalk_intersects,0,,,,,,02_semantic_cache/cache/stage12a_mode_semantics.csv
Fold2,Bicycle,2,crosswalk_valid,1152,0,0,0,0,0,02_semantic_cache/cache/stage12a_mode_semantics.csv
Fold2,Bicycle,2,walkway_distance,0,,,,,,02_semantic_cache/cache/stage12a_mode_semantics.csv
Fold2,Bicycle,2,walkway_inside_fraction,0,,,,,,02_semantic_cache/cache/stage12a_mode_semantics.csv
Fold2,Bicycle,2,walkway_intersects,0,,,,,,02_semantic_cache/cache/stage12a_mode_semantics.csv
Fold2,Bicycle,2,walkway_valid,1152,0,0,0,0,0,02_semantic_cache/cache/stage12a_mode_semantics.csv
Fold2,Bicycle,2,map_valid_mask,1152,0.909722222222,1,1,1,1,02_semantic_cache/cache/stage12a_mode_semantics.csv
Fold2,Bicycle,3,centerline_distance,1001,3.73066912993,3.29250901937,7.46348977089,8.61396610737,9.52925264835,02_semantic_cache/cache/stage12a_mode_semantics.csv
Fold2,Bicycle,3,centerline_mean_distance,1001,4.35811113364,3.97773265839,7.6645886898,8.89758825302,9.69681799412,02_semantic_cache/cache/stage12a_mode_semantics.csv
Fold2,Bicycle,3,centerline_endpoint_distance,1001,4.5474878817,4.16622698307,8.2087802887,9.34772968292,12.8590607643,02_semantic_cache/cache/stage12a_mode_semantics.csv
Fold2,Bicycle,3,centerline_heading_error,1001,1.34290724696,1.42362255914,2.64554405777,3.00507474362,3.11719019571,02_semantic_cache/cache/stage12a_mode_semantics.csv
Fold2,Bicycle,3,centerline_valid,1152,0.868923611111,1,1,1,1,02_semantic_cache/cache/stage12a_mode_semantics.csv
Fold2,Bicycle,3,lane_count,1152,1.61631944444,2,3,3,3,02_semantic_cache/cache/stage12a_mode_semantics.csv
Fold2,Bicycle,3,connector_count,1152,1.70659722222,2,3,3,3,02_semantic_cache/cache/stage12a_mode_semantics.csv
Fold2,Bicycle,3,drivable_distance,652,0.449371233574,0.13796625638,1.25634399746,1.66493586772,1.98103100551,02_semantic_cache/cache/stage12a_mode_semantics.csv
Fold2,Bicycle,3,drivable_inside_fraction,652,0.471114519427,0,1,1,1,02_semantic_cache/cache/stage12a_mode_semantics.csv
Fold2,Bicycle,3,drivable_intersects,652,0.496932515337,0,1,1,1,02_semantic_cache/cache/stage12a_mode_semantics.csv
Fold2,Bicycle,3,drivable_boundary_crossing,652,0.0674846625767,0,0,1,1,02_semantic_cache/cache/stage12a_mode_semantics.csv
Fold2,Bicycle,3,drivable_boundary_distance,652,1.25118513838,0.914672387356,2.71880272046,3.4622321322,6.24604182107,02_semantic_cache/cache/stage12a_mode_semantics.csv
Fold2,Bicycle,3,drivable_valid,1152,0.565972222222,1,1,1,1,02_semantic_cache/cache/stage12a_mode_semantics.csv
Fold2,Bicycle,3,carpark_distance,0,,,,,,02_semantic_cache/cache/stage12a_mode_semantics.csv
Fold2,Bicycle,3,carpark_inside_fraction,0,,,,,,02_semantic_cache/cache/stage12a_mode_semantics.csv
Fold2,Bicycle,3,carpark_intersects,0,,,,,,02_semantic_cache/cache/stage12a_mode_semantics.csv
Fold2,Bicycle,3,carpark_valid,1152,0,0,0,0,0,02_semantic_cache/cache/stage12a_mode_semantics.csv
Fold2,Bicycle,3,crosswalk_distance,0,,,,,,02_semantic_cache/cache/stage12a_mode_semantics.csv
Fold2,Bicycle,3,crosswalk_inside_fraction,0,,,,,,02_semantic_cache/cache/stage12a_mode_semantics.csv
Fold2,Bicycle,3,crosswalk_intersects,0,,,,,,02_semantic_cache/cache/stage12a_mode_semantics.csv
Fold2,Bicycle,3,crosswalk_valid,1152,0,0,0,0,0,02_semantic_cache/cache/stage12a_mode_semantics.csv
Fold2,Bicycle,3,walkway_distance,0,,,,,,02_semantic_cache/cache/stage12a_mode_semantics.csv
Fold2,Bicycle,3,walkway_inside_fraction,0,,,,,,02_semantic_cache/cache/stage12a_mode_semantics.csv
Fold2,Bicycle,3,walkway_intersects,0,,,,,,02_semantic_cache/cache/stage12a_mode_semantics.csv
Fold2,Bicycle,3,walkway_valid,1152,0,0,0,0,0,02_semantic_cache/cache/stage12a_mode_semantics.csv
Fold2,Bicycle,3,map_valid_mask,1152,0.868923611111,1,1,1,1,02_semantic_cache/cache/stage12a_mode_semantics.csv
Fold2,Bicycle,4,centerline_distance,1001,3.47888804131,3.2628044486,7.3722076416,8.03034484386,9.48686718941,02_semantic_cache/cache/stage12a_mode_semantics.csv
Fold2,Bicycle,4,centerline_mean_distance,1001,4.90153269496,4.88161355257,8.38825166225,9.51271235943,12.6622331142,02_semantic_cache/cache/stage12a_mode_semantics.csv
Fold2,Bicycle,4,centerline_endpoint_distance,1001,5.29744194916,4.87913906574,9.15160655975,11.262229681,23.7639451027,02_semantic_cache/cache/stage12a_mode_semantics.csv
Fold2,Bicycle,4,centerline_heading_error,1001,1.39215514843,1.32137264784,2.91214511555,3.01663589018,3.12280782265,02_semantic_cache/cache/stage12a_mode_semantics.csv
Fold2,Bicycle,4,centerline_valid,1152,0.868923611111,1,1,1,1,02_semantic_cache/cache/stage12a_mode_semantics.csv
Fold2,Bicycle,4,lane_count,1152,1.66840277778,2,3,3,3,02_semantic_cache/cache/stage12a_mode_semantics.csv
Fold2,Bicycle,4,connector_count,1152,1.77517361111,2,3,3,3,02_semantic_cache/cache/stage12a_mode_semantics.csv
Fold2,Bicycle,4,drivable_distance,680,0.459143009447,0,1.28021997579,1.65910065476,1.96385696496,02_semantic_cache/cache/stage12a_mode_semantics.csv
Fold2,Bicycle,4,drivable_inside_fraction,680,0.457475490196,0.25,1,1,1,02_semantic_cache/cache/stage12a_mode_semantics.csv
Fold2,Bicycle,4,drivable_intersects,680,0.526470588235,1,1,1,1,02_semantic_cache/cache/stage12a_mode_semantics.csv
Fold2,Bicycle,4,drivable_boundary_crossing,680,0.172058823529,0,1,1,1,02_semantic_cache/cache/stage12a_mode_semantics.csv
Fold2,Bicycle,4,drivable_boundary_distance,680,1.10975069569,0.89069547332,2.39777766847,3.64407293069,6.29381247285,02_semantic_cache/cache/stage12a_mode_semantics.csv
Fold2,Bicycle,4,drivable_valid,1152,0.590277777778,1,1,1,1,02_semantic_cache/cache/stage12a_mode_semantics.csv
Fold2,Bicycle,4,carpark_distance,0,,,,,,02_semantic_cache/cache/stage12a_mode_semantics.csv
Fold2,Bicycle,4,carpark_inside_fraction,0,,,,,,02_semantic_cache/cache/stage12a_mode_semantics.csv
Fold2,Bicycle,4,carpark_intersects,0,,,,,,02_semantic_cache/cache/stage12a_mode_semantics.csv
Fold2,Bicycle,4,carpark_valid,1152,0,0,0,0,0,02_semantic_cache/cache/stage12a_mode_semantics.csv
Fold2,Bicycle,4,crosswalk_distance,0,,,,,,02_semantic_cache/cache/stage12a_mode_semantics.csv
Fold2,Bicycle,4,crosswalk_inside_fraction,0,,,,,,02_semantic_cache/cache/stage12a_mode_semantics.csv
Fold2,Bicycle,4,crosswalk_intersects,0,,,,,,02_semantic_cache/cache/stage12a_mode_semantics.csv
Fold2,Bicycle,4,crosswalk_valid,1152,0,0,0,0,0,02_semantic_cache/cache/stage12a_mode_semantics.csv
Fold2,Bicycle,4,walkway_distance,0,,,,,,02_semantic_cache/cache/stage12a_mode_semantics.csv
Fold2,Bicycle,4,walkway_inside_fraction,0,,,,,,02_semantic_cache/cache/stage12a_mode_semantics.csv
Fold2,Bicycle,4,walkway_intersects,0,,,,,,02_semantic_cache/cache/stage12a_mode_semantics.csv
Fold2,Bicycle,4,walkway_valid,1152,0,0,0,0,0,02_semantic_cache/cache/stage12a_mode_semantics.csv
Fold2,Bicycle,4,map_valid_mask,1152,0.868923611111,1,1,1,1,02_semantic_cache/cache/stage12a_mode_semantics.csv
Fold2,Bicycle,5,centerline_distance,998,3.52763181278,3.28037038445,7.40589219332,7.98805725574,9.44013887048,02_semantic_cache/cache/stage12a_mode_semantics.csv
Fold2,Bicycle,5,centerline_mean_distance,998,4.75582197225,4.74995359778,7.97611373663,9.19514557719,11.7242060661,02_semantic_cache/cache/stage12a_mode_semantics.csv
Fold2,Bicycle,5,centerline_endpoint_distance,998,5.01642704868,4.61077526212,8.89924824238,9.87514108419,21.467525959,02_semantic_cache/cache/stage12a_mode_semantics.csv
Fold2,Bicycle,5,centerline_heading_error,998,1.48847992711,1.63788717224,2.74801542124,2.88908424845,3.11255237004,02_semantic_cache/cache/stage12a_mode_semantics.csv
Fold2,Bicycle,5,centerline_valid,1152,0.866319444444,1,1,1,1,02_semantic_cache/cache/stage12a_mode_semantics.csv
Fold2,Bicycle,5,lane_count,1152,1.65538194444,2,3,3,3,02_semantic_cache/cache/stage12a_mode_semantics.csv
Fold2,Bicycle,5,connector_count,1152,1.76128472222,2,3,3,3,02_semantic_cache/cache/stage12a_mode_semantics.csv
Fold2,Bicycle,5,drivable_distance,667,0.461007220654,0,1.26803668567,1.65451724479,1.96716504721,02_semantic_cache/cache/stage12a_mode_semantics.csv
Fold2,Bicycle,5,drivable_inside_fraction,667,0.465517241379,0.25,1,1,1,02_semantic_cache/cache/stage12a_mode_semantics.csv
Fold2,Bicycle,5,drivable_intersects,667,0.52323838081,1,1,1,1,02_semantic_cache/cache/stage12a_mode_semantics.csv
Fold2,Bicycle,5,drivable_boundary_crossing,667,0.137931034483,0,1,1,1,02_semantic_cache/cache/stage12a_mode_semantics.csv
Fold2,Bicycle,5,drivable_boundary_distance,667,1.15360321359,0.911790090352,2.51749214552,3.66628851693,6.27665566127,02_semantic_cache/cache/stage12a_mode_semantics.csv
Fold2,Bicycle,5,drivable_valid,1152,0.578993055556,1,1,1,1,02_semantic_cache/cache/stage12a_mode_semantics.csv
Fold2,Bicycle,5,carpark_distance,0,,,,,,02_semantic_cache/cache/stage12a_mode_semantics.csv
Fold2,Bicycle,5,carpark_inside_fraction,0,,,,,,02_semantic_cache/cache/stage12a_mode_semantics.csv
Fold2,Bicycle,5,carpark_intersects,0,,,,,,02_semantic_cache/cache/stage12a_mode_semantics.csv
Fold2,Bicycle,5,carpark_valid,1152,0,0,0,0,0,02_semantic_cache/cache/stage12a_mode_semantics.csv
Fold2,Bicycle,5,crosswalk_distance,0,,,,,,02_semantic_cache/cache/stage12a_mode_semantics.csv
Fold2,Bicycle,5,crosswalk_inside_fraction,0,,,,,,02_semantic_cache/cache/stage12a_mode_semantics.csv
Fold2,Bicycle,5,crosswalk_intersects,0,,,,,,02_semantic_cache/cache/stage12a_mode_semantics.csv
Fold2,Bicycle,5,crosswalk_valid,1152,0,0,0,0,0,02_semantic_cache/cache/stage12a_mode_semantics.csv
Fold2,Bicycle,5,walkway_distance,0,,,,,,02_semantic_cache/cache/stage12a_mode_semantics.csv
Fold2,Bicycle,5,walkway_inside_fraction,0,,,,,,02_semantic_cache/cache/stage12a_mode_semantics.csv
Fold2,Bicycle,5,walkway_intersects,0,,,,,,02_semantic_cache/cache/stage12a_mode_semantics.csv
Fold2,Bicycle,5,walkway_valid,1152,0,0,0,0,0,02_semantic_cache/cache/stage12a_mode_semantics.csv
Fold2,Bicycle,5,map_valid_mask,1152,0.866319444444,1,1,1,1,02_semantic_cache/cache/stage12a_mode_semantics.csv
Fold3,Vehicle,0,centerline_distance,54632,2.33868274172,0.993968471885,6.61213439703,8.26428219676,9.62040817142,02_semantic_cache/cache/stage12a_mode_semantics.csv
Fold3,Vehicle,0,centerline_mean_distance,54632,5.07067205969,4.04611065984,10.2674928904,12.5073547363,21.4806572199,02_semantic_cache/cache/stage12a_mode_semantics.csv
Fold3,Vehicle,0,centerline_endpoint_distance,54632,6.36465325847,4.01901185513,13.349414587,22.5514942408,43.020654726,02_semantic_cache/cache/stage12a_mode_semantics.csv
Fold3,Vehicle,0,centerline_heading_error,54632,1.32100830791,1.40310223549,3.03407239608,3.05850703604,3.11174545756,02_semantic_cache/cache/stage12a_mode_semantics.csv
Fold3,Vehicle,0,centerline_valid,69019,0.791550152856,1,1,1,1,02_semantic_cache/cache/stage12a_mode_semantics.csv
Fold3,Vehicle,0,lane_count,69019,1.77627899564,2,3,3,3,02_semantic_cache/cache/stage12a_mode_semantics.csv
Fold3,Vehicle,0,connector_count,69019,1.51410481172,2,3,3,3,02_semantic_cache/cache/stage12a_mode_semantics.csv
Fold3,Vehicle,0,drivable_distance,57319,0.0248227826744,0,0,0,1.13961483542,02_semantic_cache/cache/stage12a_mode_semantics.csv
Fold3,Vehicle,0,drivable_inside_fraction,57319,0.866401193322,1,1,1,1,02_semantic_cache/cache/stage12a_mode_semantics.csv
Fold3,Vehicle,0,drivable_intersects,57319,0.974092360299,1,1,1,1,02_semantic_cache/cache/stage12a_mode_semantics.csv
Fold3,Vehicle,0,drivable_boundary_crossing,57319,0.26739824491,0,1,1,1,02_semantic_cache/cache/stage12a_mode_semantics.csv
Fold3,Vehicle,0,drivable_boundary_distance,57319,1.86148237945,1.11847578428,4.51394590386,5.99668970749,14.5487224604,02_semantic_cache/cache/stage12a_mode_semantics.csv
Fold3,Vehicle,0,drivable_valid,69019,0.830481461627,1,1,1,1,02_semantic_cache/cache/stage12a_mode_semantics.csv
Fold3,Vehicle,0,carpark_distance,20546,0.106414404142,0,0,1.14021185549,1.84743326754,02_semantic_cache/cache/stage12a_mode_semantics.csv
Fold3,Vehicle,0,carpark_inside_fraction,20546,0.64822025374,0.666666666667,1,1,1,02_semantic_cache/cache/stage12a_mode_semantics.csv
Fold3,Vehicle,0,carpark_intersects,20546,0.902949479217,1,1,1,1,02_semantic_cache/cache/stage12a_mode_semantics.csv
Fold3,Vehicle,0,carpark_valid,69019,0.297686144395,0,1,1,1,02_semantic_cache/cache/stage12a_mode_semantics.csv
Fold3,Vehicle,0,crosswalk_distance,0,,,,,,02_semantic_cache/cache/stage12a_mode_semantics.csv
Fold3,Vehicle,0,crosswalk_inside_fraction,0,,,,,,02_semantic_cache/cache/stage12a_mode_semantics.csv
Fold3,Vehicle,0,crosswalk_intersects,0,,,,,,02_semantic_cache/cache/stage12a_mode_semantics.csv
Fold3,Vehicle,0,crosswalk_valid,69019,0,0,0,0,0,02_semantic_cache/cache/stage12a_mode_semantics.csv
Fold3,Vehicle,0,walkway_distance,0,,,,,,02_semantic_cache/cache/stage12a_mode_semantics.csv
Fold3,Vehicle,0,walkway_inside_fraction,0,,,,,,02_semantic_cache/cache/stage12a_mode_semantics.csv
Fold3,Vehicle,0,walkway_intersects,0,,,,,,02_semantic_cache/cache/stage12a_mode_semantics.csv
Fold3,Vehicle,0,walkway_valid,69019,0,0,0,0,0,02_semantic_cache/cache/stage12a_mode_semantics.csv
Fold3,Vehicle,0,map_valid_mask,69019,0.877236702937,1,1,1,1,02_semantic_cache/cache/stage12a_mode_semantics.csv
Fold3,Vehicle,1,centerline_distance,52846,2.85623049293,2.83995226026,7.02946096659,8.60343232751,9.77293217182,02_semantic_cache/cache/stage12a_mode_semantics.csv
Fold3,Vehicle,1,centerline_mean_distance,52846,3.73001758293,3.40912789106,8.13984036446,9.35183227062,13.1895921826,02_semantic_cache/cache/stage12a_mode_semantics.csv
Fold3,Vehicle,1,centerline_endpoint_distance,52846,4.24389983971,3.42564880848,8.7798166275,10.2042713761,25.9030611515,02_semantic_cache/cache/stage12a_mode_semantics.csv
Fold3,Vehicle,1,centerline_heading_error,52846,1.3293381556,1.39388486067,2.63111123779,2.83780736411,3.07397310014,02_semantic_cache/cache/stage12a_mode_semantics.csv
Fold3,Vehicle,1,centerline_valid,69019,0.765673220418,1,1,1,1,02_semantic_cache/cache/stage12a_mode_semantics.csv
Fold3,Vehicle,1,lane_count,69019,1.63113055825,2,3,3,3,02_semantic_cache/cache/stage12a_mode_semantics.csv
Fold3,Vehicle,1,connector_count,69019,1.33321259363,1,3,3,3,02_semantic_cache/cache/stage12a_mode_semantics.csv
Fold3,Vehicle,1,drivable_distance,56004,0.0222746362581,0,0,0,1.19973093808,02_semantic_cache/cache/stage12a_mode_semantics.csv
Fold3,Vehicle,1,drivable_inside_fraction,56004,0.968877223055,1,1,1,1,02_semantic_cache/cache/stage12a_mode_semantics.csv
Fold3,Vehicle,1,drivable_intersects,56004,0.978947932291,1,1,1,1,02_semantic_cache/cache/stage12a_mode_semantics.csv
Fold3,Vehicle,1,drivable_boundary_crossing,56004,0.0370866366688,0,0,0,1,02_semantic_cache/cache/stage12a_mode_semantics.csv
Fold3,Vehicle,1,drivable_boundary_distance,56004,2.59164308835,1.71469602689,5.11993365744,6.98010584482,15.8010296359,02_semantic_cache/cache/stage12a_mode_semantics.csv
Fold3,Vehicle,1,drivable_valid,69019,0.811428737014,1,1,1,1,02_semantic_cache/cache/stage12a_mode_semantics.csv
Fold3,Vehicle,1,carpark_distance,19491,0.0889011109499,0,0,0.951234274159,1.80049052842,02_semantic_cache/cache/stage12a_mode_semantics.csv
Fold3,Vehicle,1,carpark_inside_fraction,19491,0.913622526636,1,1,1,1,02_semantic_cache/cache/stage12a_mode_semantics.csv
Fold3,Vehicle,1,carpark_intersects,19491,0.918629110872,1,1,1,1,02_semantic_cache/cache/stage12a_mode_semantics.csv
Fold3,Vehicle,1,carpark_valid,69019,0.282400498413,0,1,1,1,02_semantic_cache/cache/stage12a_mode_semantics.csv
Fold3,Vehicle,1,crosswalk_distance,0,,,,,,02_semantic_cache/cache/stage12a_mode_semantics.csv
Fold3,Vehicle,1,crosswalk_inside_fraction,0,,,,,,02_semantic_cache/cache/stage12a_mode_semantics.csv
Fold3,Vehicle,1,crosswalk_intersects,0,,,,,,02_semantic_cache/cache/stage12a_mode_semantics.csv
Fold3,Vehicle,1,crosswalk_valid,69019,0,0,0,0,0,02_semantic_cache/cache/stage12a_mode_semantics.csv
Fold3,Vehicle,1,walkway_distance,0,,,,,,02_semantic_cache/cache/stage12a_mode_semantics.csv
Fold3,Vehicle,1,walkway_inside_fraction,0,,,,,,02_semantic_cache/cache/stage12a_mode_semantics.csv
Fold3,Vehicle,1,walkway_intersects,0,,,,,,02_semantic_cache/cache/stage12a_mode_semantics.csv
Fold3,Vehicle,1,walkway_valid,69019,0,0,0,0,0,02_semantic_cache/cache/stage12a_mode_semantics.csv
Fold3,Vehicle,1,map_valid_mask,69019,0.858111534505,1,1,1,1,02_semantic_cache/cache/stage12a_mode_semantics.csv
Fold3,Vehicle,2,centerline_distance,56503,1.89895352904,0.0790280476213,5.89336526394,7.77651244402,9.59007782936,02_semantic_cache/cache/stage12a_mode_semantics.csv
Fold3,Vehicle,2,centerline_mean_distance,56503,6.78233287009,5.46781003475,13.174176693,15.8594317436,23.6595479012,02_semantic_cache/cache/stage12a_mode_semantics.csv
Fold3,Vehicle,2,centerline_endpoint_distance,56503,9.16356692377,6.00978910923,20.588739872,27.2725961208,47.4612872124,02_semantic_cache/cache/stage12a_mode_semantics.csv
Fold3,Vehicle,2,centerline_heading_error,56503,1.36261679854,1.46989573067,3.04292030037,3.07722188586,3.12279189991,02_semantic_cache/cache/stage12a_mode_semantics.csv
Fold3,Vehicle,2,centerline_valid,69019,0.818658630232,1,1,1,1,02_semantic_cache/cache/stage12a_mode_semantics.csv
Fold3,Vehicle,2,lane_count,69019,1.93700285429,2,3,3,3,02_semantic_cache/cache/stage12a_mode_semantics.csv
Fold3,Vehicle,2,connector_count,69019,1.71257190049,2,3,3,3,02_semantic_cache/cache/stage12a_mode_semantics.csv
Fold3,Vehicle,2,drivable_distance,59442,0.0187937478147,0,0,0,0.915519329733,02_semantic_cache/cache/stage12a_mode_semantics.csv
Fold3,Vehicle,2,drivable_inside_fraction,59442,0.773504704866,1,1,1,1,02_semantic_cache/cache/stage12a_mode_semantics.csv
Fold3,Vehicle,2,drivable_intersects,59442,0.97811311867,1,1,1,1,02_semantic_cache/cache/stage12a_mode_semantics.csv
Fold3,Vehicle,2,drivable_boundary_crossing,59442,0.477625248141,0,1,1,1,02_semantic_cache/cache/stage12a_mode_semantics.csv
Fold3,Vehicle,2,drivable_boundary_distance,59442,1.28017603792,0.259527357978,3.61130856445,5.01719648367,11.8999036354,02_semantic_cache/cache/stage12a_mode_semantics.csv
Fold3,Vehicle,2,drivable_valid,69019,0.861241107521,1,1,1,1,02_semantic_cache/cache/stage12a_mode_semantics.csv
Fold3,Vehicle,2,carpark_distance,21890,0.107672922976,0,0.0665572500904,1.08780910626,1.85644275402,02_semantic_cache/cache/stage12a_mode_semantics.csv
Fold3,Vehicle,2,carpark_inside_fraction,21890,0.441841784681,0.25,1,1,1,02_semantic_cache/cache/stage12a_mode_semantics.csv
Fold3,Vehicle,2,carpark_intersects,21890,0.894929191412,1,1,1,1,02_semantic_cache/cache/stage12a_mode_semantics.csv
Fold3,Vehicle,2,carpark_valid,69019,0.317159043162,0,1,1,1,02_semantic_cache/cache/stage12a_mode_semantics.csv
Fold3,Vehicle,2,crosswalk_distance,0,,,,,,02_semantic_cache/cache/stage12a_mode_semantics.csv
Fold3,Vehicle,2,crosswalk_inside_fraction,0,,,,,,02_semantic_cache/cache/stage12a_mode_semantics.csv
Fold3,Vehicle,2,crosswalk_intersects,0,,,,,,02_semantic_cache/cache/stage12a_mode_semantics.csv
Fold3,Vehicle,2,crosswalk_valid,69019,0,0,0,0,0,02_semantic_cache/cache/stage12a_mode_semantics.csv
Fold3,Vehicle,2,walkway_distance,0,,,,,,02_semantic_cache/cache/stage12a_mode_semantics.csv
Fold3,Vehicle,2,walkway_inside_fraction,0,,,,,,02_semantic_cache/cache/stage12a_mode_semantics.csv
Fold3,Vehicle,2,walkway_intersects,0,,,,,,02_semantic_cache/cache/stage12a_mode_semantics.csv
Fold3,Vehicle,2,walkway_valid,69019,0,0,0,0,0,02_semantic_cache/cache/stage12a_mode_semantics.csv
Fold3,Vehicle,2,map_valid_mask,69019,0.895391124183,1,1,1,1,02_semantic_cache/cache/stage12a_mode_semantics.csv
Fold3,Vehicle,3,centerline_distance,52918,2.84459044432,2.78085187078,7.03237700462,8.59290280938,9.71648104787,02_semantic_cache/cache/stage12a_mode_semantics.csv
Fold3,Vehicle,3,centerline_mean_distance,52918,3.35507164129,3.19569185376,7.58714735508,8.89018785954,9.97149842978,02_semantic_cache/cache/stage12a_mode_semantics.csv
Fold3,Vehicle,3,centerline_endpoint_distance,52918,3.59643342068,3.23378130794,8.09661835432,9.3626871407,16.1448403716,02_semantic_cache/cache/stage12a_mode_semantics.csv
Fold3,Vehicle,3,centerline_heading_error,52918,1.29447974085,1.4345257156,2.65269905422,2.92912840807,3.10091860113,02_semantic_cache/cache/stage12a_mode_semantics.csv
Fold3,Vehicle,3,centerline_valid,69019,0.766716411423,1,1,1,1,02_semantic_cache/cache/stage12a_mode_semantics.csv
Fold3,Vehicle,3,lane_count,69019,1.6192497718,2,3,3,3,02_semantic_cache/cache/stage12a_mode_semantics.csv
Fold3,Vehicle,3,connector_count,69019,1.31804285776,1,3,3,3,02_semantic_cache/cache/stage12a_mode_semantics.csv
Fold3,Vehicle,3,drivable_distance,55993,0.0219445158885,0,0,0,1.1248305581,02_semantic_cache/cache/stage12a_mode_semantics.csv
Fold3,Vehicle,3,drivable_inside_fraction,55993,0.973100804267,1,1,1,1,02_semantic_cache/cache/stage12a_mode_semantics.csv
Fold3,Vehicle,3,drivable_intersects,55993,0.979390280928,1,1,1,1,02_semantic_cache/cache/stage12a_mode_semantics.csv
Fold3,Vehicle,3,drivable_boundary_crossing,55993,0.0236100941189,0,0,0,1,02_semantic_cache/cache/stage12a_mode_semantics.csv
Fold3,Vehicle,3,drivable_boundary_distance,55993,2.61751207125,1.74383299051,5.14680046597,7.08675562026,15.7615022306,02_semantic_cache/cache/stage12a_mode_semantics.csv
Fold3,Vehicle,3,drivable_valid,69019,0.811269360611,1,1,1,1,02_semantic_cache/cache/stage12a_mode_semantics.csv
Fold3,Vehicle,3,carpark_distance,19450,0.0887572552103,0,0,0.974971931382,1.83145248042,02_semantic_cache/cache/stage12a_mode_semantics.csv
Fold3,Vehicle,3,carpark_inside_fraction,19450,0.917720651243,1,1,1,1,02_semantic_cache/cache/stage12a_mode_semantics.csv
Fold3,Vehicle,3,carpark_intersects,19450,0.925141388175,1,1,1,1,02_semantic_cache/cache/stage12a_mode_semantics.csv
Fold3,Vehicle,3,carpark_valid,69019,0.281806459091,0,1,1,1,02_semantic_cache/cache/stage12a_mode_semantics.csv
Fold3,Vehicle,3,crosswalk_distance,0,,,,,,02_semantic_cache/cache/stage12a_mode_semantics.csv
Fold3,Vehicle,3,crosswalk_inside_fraction,0,,,,,,02_semantic_cache/cache/stage12a_mode_semantics.csv
Fold3,Vehicle,3,crosswalk_intersects,0,,,,,,02_semantic_cache/cache/stage12a_mode_semantics.csv
Fold3,Vehicle,3,crosswalk_valid,69019,0,0,0,0,0,02_semantic_cache/cache/stage12a_mode_semantics.csv
Fold3,Vehicle,3,walkway_distance,0,,,,,,02_semantic_cache/cache/stage12a_mode_semantics.csv
Fold3,Vehicle,3,walkway_inside_fraction,0,,,,,,02_semantic_cache/cache/stage12a_mode_semantics.csv
Fold3,Vehicle,3,walkway_intersects,0,,,,,,02_semantic_cache/cache/stage12a_mode_semantics.csv
Fold3,Vehicle,3,walkway_valid,69019,0,0,0,0,0,02_semantic_cache/cache/stage12a_mode_semantics.csv
Fold3,Vehicle,3,map_valid_mask,69019,0.858720062591,1,1,1,1,02_semantic_cache/cache/stage12a_mode_semantics.csv
Fold3,Vehicle,4,centerline_distance,53045,2.80510102301,2.74839311838,7.02682769299,8.58359217644,9.74213387966,02_semantic_cache/cache/stage12a_mode_semantics.csv
Fold3,Vehicle,4,centerline_mean_distance,53045,4.35315603445,3.68944257498,9.01159155369,10.3818137646,19.1038328171,02_semantic_cache/cache/stage12a_mode_semantics.csv
Fold3,Vehicle,4,centerline_endpoint_distance,53045,5.27507084278,3.67108374834,9.81820678711,17.9787819386,37.7024933815,02_semantic_cache/cache/stage12a_mode_semantics.csv
Fold3,Vehicle,4,centerline_heading_error,53045,1.29859933496,1.22792993963,3.05075056115,3.1122922892,3.13557270895,02_semantic_cache/cache/stage12a_mode_semantics.csv
Fold3,Vehicle,4,centerline_valid,69019,0.768556484446,1,1,1,1,02_semantic_cache/cache/stage12a_mode_semantics.csv
Fold3,Vehicle,4,lane_count,69019,1.65752908619,2,3,3,3,02_semantic_cache/cache/stage12a_mode_semantics.csv
Fold3,Vehicle,4,connector_count,69019,1.36815949231,1,3,3,3,02_semantic_cache/cache/stage12a_mode_semantics.csv
Fold3,Vehicle,4,drivable_distance,56091,0.0220884946898,0,0,0,1.16517282267,02_semantic_cache/cache/stage12a_mode_semantics.csv
Fold3,Vehicle,4,drivable_inside_fraction,56091,0.958678754167,1,1,1,1,02_semantic_cache/cache/stage12a_mode_semantics.csv
Fold3,Vehicle,4,drivable_intersects,56091,0.978962756949,1,1,1,1,02_semantic_cache/cache/stage12a_mode_semantics.csv
Fold3,Vehicle,4,drivable_boundary_crossing,56091,0.06762225669,0,0,1,1,02_semantic_cache/cache/stage12a_mode_semantics.csv
Fold3,Vehicle,4,drivable_boundary_distance,56091,2.44504352208,1.58721455788,5.01022531732,6.80143570239,15.7399026516,02_semantic_cache/cache/stage12a_mode_semantics.csv
Fold3,Vehicle,4,drivable_valid,69019,0.812689259479,1,1,1,1,02_semantic_cache/cache/stage12a_mode_semantics.csv
Fold3,Vehicle,4,carpark_distance,19694,0.0930192540222,0,0,1.04504971362,1.8203770193,02_semantic_cache/cache/stage12a_mode_semantics.csv
Fold3,Vehicle,4,carpark_inside_fraction,19694,0.897807284791,1,1,1,1,02_semantic_cache/cache/stage12a_mode_semantics.csv
Fold3,Vehicle,4,carpark_intersects,19694,0.917233675231,1,1,1,1,02_semantic_cache/cache/stage12a_mode_semantics.csv
Fold3,Vehicle,4,carpark_valid,69019,0.285341717498,0,1,1,1,02_semantic_cache/cache/stage12a_mode_semantics.csv
Fold3,Vehicle,4,crosswalk_distance,0,,,,,,02_semantic_cache/cache/stage12a_mode_semantics.csv
Fold3,Vehicle,4,crosswalk_inside_fraction,0,,,,,,02_semantic_cache/cache/stage12a_mode_semantics.csv
Fold3,Vehicle,4,crosswalk_intersects,0,,,,,,02_semantic_cache/cache/stage12a_mode_semantics.csv
Fold3,Vehicle,4,crosswalk_valid,69019,0,0,0,0,0,02_semantic_cache/cache/stage12a_mode_semantics.csv
Fold3,Vehicle,4,walkway_distance,0,,,,,,02_semantic_cache/cache/stage12a_mode_semantics.csv
Fold3,Vehicle,4,walkway_inside_fraction,0,,,,,,02_semantic_cache/cache/stage12a_mode_semantics.csv
Fold3,Vehicle,4,walkway_intersects,0,,,,,,02_semantic_cache/cache/stage12a_mode_semantics.csv
Fold3,Vehicle,4,walkway_valid,69019,0,0,0,0,0,02_semantic_cache/cache/stage12a_mode_semantics.csv
Fold3,Vehicle,4,map_valid_mask,69019,0.860024051348,1,1,1,1,02_semantic_cache/cache/stage12a_mode_semantics.csv
Fold3,Vehicle,5,centerline_distance,52882,2.83543530223,2.81980201602,7.02407681942,8.58883312345,9.72857557535,02_semantic_cache/cache/stage12a_mode_semantics.csv
Fold3,Vehicle,5,centerline_mean_distance,52882,4.05266586383,3.55197370052,8.62383669615,9.7603212297,16.3623607039,02_semantic_cache/cache/stage12a_mode_semantics.csv
Fold3,Vehicle,5,centerline_endpoint_distance,52882,4.76516410946,3.53572458029,9.33968043327,14.4234888554,32.2122277498,02_semantic_cache/cache/stage12a_mode_semantics.csv
Fold3,Vehicle,5,centerline_heading_error,52882,1.30227606178,1.08242691154,2.61437473498,2.78456947137,3.06705025952,02_semantic_cache/cache/stage12a_mode_semantics.csv
Fold3,Vehicle,5,centerline_valid,69019,0.76619481592,1,1,1,1,02_semantic_cache/cache/stage12a_mode_semantics.csv
Fold3,Vehicle,5,lane_count,69019,1.64351845144,2,3,3,3,02_semantic_cache/cache/stage12a_mode_semantics.csv
Fold3,Vehicle,5,connector_count,69019,1.34987467219,1,3,3,3,02_semantic_cache/cache/stage12a_mode_semantics.csv
Fold3,Vehicle,5,drivable_distance,56027,0.0218327442099,0,0,0,1.19267177751,02_semantic_cache/cache/stage12a_mode_semantics.csv
Fold3,Vehicle,5,drivable_inside_fraction,56027,0.964656921365,1,1,1,1,02_semantic_cache/cache/stage12a_mode_semantics.csv
Fold3,Vehicle,5,drivable_intersects,56027,0.979045817195,1,1,1,1,02_semantic_cache/cache/stage12a_mode_semantics.csv
Fold3,Vehicle,5,drivable_boundary_crossing,56027,0.0511896050119,0,0,1,1,02_semantic_cache/cache/stage12a_mode_semantics.csv
Fold3,Vehicle,5,drivable_boundary_distance,56027,2.52843731533,1.66063584044,5.07918424917,6.89200908737,15.7763610641,02_semantic_cache/cache/stage12a_mode_semantics.csv
Fold3,Vehicle,5,drivable_valid,69019,0.811761978586,1,1,1,1,02_semantic_cache/cache/stage12a_mode_semantics.csv
Fold3,Vehicle,5,carpark_distance,19581,0.0913760720334,0,0,0.997547000789,1.81640646134,02_semantic_cache/cache/stage12a_mode_semantics.csv
Fold3,Vehicle,5,carpark_inside_fraction,19581,0.908733806581,1,1,1,1,02_semantic_cache/cache/stage12a_mode_semantics.csv
Fold3,Vehicle,5,carpark_intersects,19581,0.917419947909,1,1,1,1,02_semantic_cache/cache/stage12a_mode_semantics.csv
Fold3,Vehicle,5,carpark_valid,69019,0.28370448717,0,1,1,1,02_semantic_cache/cache/stage12a_mode_semantics.csv
Fold3,Vehicle,5,crosswalk_distance,0,,,,,,02_semantic_cache/cache/stage12a_mode_semantics.csv
Fold3,Vehicle,5,crosswalk_inside_fraction,0,,,,,,02_semantic_cache/cache/stage12a_mode_semantics.csv
Fold3,Vehicle,5,crosswalk_intersects,0,,,,,,02_semantic_cache/cache/stage12a_mode_semantics.csv
Fold3,Vehicle,5,crosswalk_valid,69019,0,0,0,0,0,02_semantic_cache/cache/stage12a_mode_semantics.csv
Fold3,Vehicle,5,walkway_distance,0,,,,,,02_semantic_cache/cache/stage12a_mode_semantics.csv
Fold3,Vehicle,5,walkway_inside_fraction,0,,,,,,02_semantic_cache/cache/stage12a_mode_semantics.csv
Fold3,Vehicle,5,walkway_intersects,0,,,,,,02_semantic_cache/cache/stage12a_mode_semantics.csv
Fold3,Vehicle,5,walkway_valid,69019,0,0,0,0,0,02_semantic_cache/cache/stage12a_mode_semantics.csv
Fold3,Vehicle,5,map_valid_mask,69019,0.85845926484,1,1,1,1,02_semantic_cache/cache/stage12a_mode_semantics.csv
Fold3,Pedestrian,0,centerline_distance,0,,,,,,02_semantic_cache/cache/stage12a_mode_semantics.csv
Fold3,Pedestrian,0,centerline_mean_distance,0,,,,,,02_semantic_cache/cache/stage12a_mode_semantics.csv
Fold3,Pedestrian,0,centerline_endpoint_distance,0,,,,,,02_semantic_cache/cache/stage12a_mode_semantics.csv
Fold3,Pedestrian,0,centerline_heading_error,0,,,,,,02_semantic_cache/cache/stage12a_mode_semantics.csv
Fold3,Pedestrian,0,centerline_valid,23787,0,0,0,0,0,02_semantic_cache/cache/stage12a_mode_semantics.csv
Fold3,Pedestrian,0,lane_count,23787,0,0,0,0,0,02_semantic_cache/cache/stage12a_mode_semantics.csv
Fold3,Pedestrian,0,connector_count,23787,0,0,0,0,0,02_semantic_cache/cache/stage12a_mode_semantics.csv
Fold3,Pedestrian,0,drivable_distance,15700,0.501964372862,0,1.627895646,1.79056698632,1.95210962841,02_semantic_cache/cache/stage12a_mode_semantics.csv
Fold3,Pedestrian,0,drivable_inside_fraction,15700,0.349909766454,0.166666666667,1,1,1,02_semantic_cache/cache/stage12a_mode_semantics.csv
Fold3,Pedestrian,0,drivable_intersects,15700,0.547324840764,1,1,1,1,02_semantic_cache/cache/stage12a_mode_semantics.csv
Fold3,Pedestrian,0,drivable_boundary_crossing,15700,0.383630573248,0,1,1,1,02_semantic_cache/cache/stage12a_mode_semantics.csv
Fold3,Pedestrian,0,drivable_boundary_distance,15700,0.87239224803,0.524895306753,1.88756193022,2.81125080909,5.81102958332,02_semantic_cache/cache/stage12a_mode_semantics.csv
Fold3,Pedestrian,0,drivable_valid,23787,0.660024383066,1,1,1,1,02_semantic_cache/cache/stage12a_mode_semantics.csv
Fold3,Pedestrian,0,carpark_distance,0,,,,,,02_semantic_cache/cache/stage12a_mode_semantics.csv
Fold3,Pedestrian,0,carpark_inside_fraction,0,,,,,,02_semantic_cache/cache/stage12a_mode_semantics.csv
Fold3,Pedestrian,0,carpark_intersects,0,,,,,,02_semantic_cache/cache/stage12a_mode_semantics.csv
Fold3,Pedestrian,0,carpark_valid,23787,0,0,0,0,0,02_semantic_cache/cache/stage12a_mode_semantics.csv
Fold3,Pedestrian,0,crosswalk_distance,6507,0.442587167956,0,1.52982418168,1.7690994039,1.94388064648,02_semantic_cache/cache/stage12a_mode_semantics.csv
Fold3,Pedestrian,0,crosswalk_inside_fraction,6507,0.310665437221,0.166666666667,1,1,1,02_semantic_cache/cache/stage12a_mode_semantics.csv
Fold3,Pedestrian,0,crosswalk_intersects,6507,0.552635623175,1,1,1,1,02_semantic_cache/cache/stage12a_mode_semantics.csv
Fold3,Pedestrian,0,crosswalk_valid,23787,0.273552780931,0,1,1,1,02_semantic_cache/cache/stage12a_mode_semantics.csv
Fold3,Pedestrian,0,walkway_distance,19330,0.0841371624219,0,0.0475233083682,0.774730164621,1.67877830225,02_semantic_cache/cache/stage12a_mode_semantics.csv
Fold3,Pedestrian,0,walkway_inside_fraction,19330,0.692050353509,0.916666666667,1,1,1,02_semantic_cache/cache/stage12a_mode_semantics.csv
Fold3,Pedestrian,0,walkway_intersects,19330,0.89317123642,1,1,1,1,02_semantic_cache/cache/stage12a_mode_semantics.csv
Fold3,Pedestrian,0,walkway_valid,23787,0.812628746794,1,1,1,1,02_semantic_cache/cache/stage12a_mode_semantics.csv
Fold3,Pedestrian,0,map_valid_mask,23787,0.918526926472,1,1,1,1,02_semantic_cache/cache/stage12a_mode_semantics.csv
Fold3,Pedestrian,1,centerline_distance,0,,,,,,02_semantic_cache/cache/stage12a_mode_semantics.csv
Fold3,Pedestrian,1,centerline_mean_distance,0,,,,,,02_semantic_cache/cache/stage12a_mode_semantics.csv
Fold3,Pedestrian,1,centerline_endpoint_distance,0,,,,,,02_semantic_cache/cache/stage12a_mode_semantics.csv
Fold3,Pedestrian,1,centerline_heading_error,0,,,,,,02_semantic_cache/cache/stage12a_mode_semantics.csv
Fold3,Pedestrian,1,centerline_valid,23787,0,0,0,0,0,02_semantic_cache/cache/stage12a_mode_semantics.csv
Fold3,Pedestrian,1,lane_count,23787,0,0,0,0,0,02_semantic_cache/cache/stage12a_mode_semantics.csv
Fold3,Pedestrian,1,connector_count,23787,0,0,0,0,0,02_semantic_cache/cache/stage12a_mode_semantics.csv
Fold3,Pedestrian,1,drivable_distance,14528,0.635865363456,0.390234151821,1.68176279394,1.83731068307,1.96822685033,02_semantic_cache/cache/stage12a_mode_semantics.csv
Fold3,Pedestrian,1,drivable_inside_fraction,14528,0.320909049192,0,1,1,1,02_semantic_cache/cache/stage12a_mode_semantics.csv
Fold3,Pedestrian,1,drivable_intersects,14528,0.429240088106,0,1,1,1,02_semantic_cache/cache/stage12a_mode_semantics.csv
Fold3,Pedestrian,1,drivable_boundary_crossing,14528,0.212279735683,0,1,1,1,02_semantic_cache/cache/stage12a_mode_semantics.csv
Fold3,Pedestrian,1,drivable_boundary_distance,14528,1.14860348751,0.928201979087,2.04066094332,3.60170750063,6.33169412769,02_semantic_cache/cache/stage12a_mode_semantics.csv
Fold3,Pedestrian,1,drivable_valid,23787,0.610753773069,1,1,1,1,02_semantic_cache/cache/stage12a_mode_semantics.csv
Fold3,Pedestrian,1,carpark_distance,0,,,,,,02_semantic_cache/cache/stage12a_mode_semantics.csv
Fold3,Pedestrian,1,carpark_inside_fraction,0,,,,,,02_semantic_cache/cache/stage12a_mode_semantics.csv
Fold3,Pedestrian,1,carpark_intersects,0,,,,,,02_semantic_cache/cache/stage12a_mode_semantics.csv
Fold3,Pedestrian,1,carpark_valid,23787,0,0,0,0,0,02_semantic_cache/cache/stage12a_mode_semantics.csv
Fold3,Pedestrian,1,crosswalk_distance,5830,0.550896048851,0.16037544867,1.61898468018,1.80569567409,1.96466750391,02_semantic_cache/cache/stage12a_mode_semantics.csv
Fold3,Pedestrian,1,crosswalk_inside_fraction,5830,0.307132647227,0,1,1,1,02_semantic_cache/cache/stage12a_mode_semantics.csv
Fold3,Pedestrian,1,crosswalk_intersects,5830,0.453859348199,0,1,1,1,02_semantic_cache/cache/stage12a_mode_semantics.csv
Fold3,Pedestrian,1,crosswalk_valid,23787,0.245091856897,0,1,1,1,02_semantic_cache/cache/stage12a_mode_semantics.csv
Fold3,Pedestrian,1,walkway_distance,18818,0.0954017104259,0,0.19484841719,0.830904854609,1.67741808063,02_semantic_cache/cache/stage12a_mode_semantics.csv
Fold3,Pedestrian,1,walkway_inside_fraction,18818,0.771845219116,1,1,1,1,02_semantic_cache/cache/stage12a_mode_semantics.csv
Fold3,Pedestrian,1,walkway_intersects,18818,0.87246253587,1,1,1,1,02_semantic_cache/cache/stage12a_mode_semantics.csv
Fold3,Pedestrian,1,walkway_valid,23787,0.791104384748,1,1,1,1,02_semantic_cache/cache/stage12a_mode_semantics.csv
Fold3,Pedestrian,1,map_valid_mask,23787,0.91217892126,1,1,1,1,02_semantic_cache/cache/stage12a_mode_semantics.csv
Fold3,Pedestrian,2,centerline_distance,0,,,,,,02_semantic_cache/cache/stage12a_mode_semantics.csv
Fold3,Pedestrian,2,centerline_mean_distance,0,,,,,,02_semantic_cache/cache/stage12a_mode_semantics.csv
Fold3,Pedestrian,2,centerline_endpoint_distance,0,,,,,,02_semantic_cache/cache/stage12a_mode_semantics.csv
Fold3,Pedestrian,2,centerline_heading_error,0,,,,,,02_semantic_cache/cache/stage12a_mode_semantics.csv
Fold3,Pedestrian,2,centerline_valid,23787,0,0,0,0,0,02_semantic_cache/cache/stage12a_mode_semantics.csv
Fold3,Pedestrian,2,lane_count,23787,0,0,0,0,0,02_semantic_cache/cache/stage12a_mode_semantics.csv
Fold3,Pedestrian,2,connector_count,23787,0,0,0,0,0,02_semantic_cache/cache/stage12a_mode_semantics.csv
Fold3,Pedestrian,2,drivable_distance,16130,0.444054447993,0,1.59656384581,1.77854947084,1.95359651295,02_semantic_cache/cache/stage12a_mode_semantics.csv
Fold3,Pedestrian,2,drivable_inside_fraction,16130,0.383793139078,0.333333333333,1,1,1,02_semantic_cache/cache/stage12a_mode_semantics.csv
Fold3,Pedestrian,2,drivable_intersects,16130,0.609299442033,1,1,1,1,02_semantic_cache/cache/stage12a_mode_semantics.csv
Fold3,Pedestrian,2,drivable_boundary_crossing,16130,0.466398016119,0,1,1,1,02_semantic_cache/cache/stage12a_mode_semantics.csv
Fold3,Pedestrian,2,drivable_boundary_distance,16130,0.764127870732,0.190142219347,1.84462374618,2.4795192725,5.61910865266,02_semantic_cache/cache/stage12a_mode_semantics.csv
Fold3,Pedestrian,2,drivable_valid,23787,0.678101484004,1,1,1,1,02_semantic_cache/cache/stage12a_mode_semantics.csv
Fold3,Pedestrian,2,carpark_distance,0,,,,,,02_semantic_cache/cache/stage12a_mode_semantics.csv
Fold3,Pedestrian,2,carpark_inside_fraction,0,,,,,,02_semantic_cache/cache/stage12a_mode_semantics.csv
Fold3,Pedestrian,2,carpark_intersects,0,,,,,,02_semantic_cache/cache/stage12a_mode_semantics.csv
Fold3,Pedestrian,2,carpark_valid,23787,0,0,0,0,0,02_semantic_cache/cache/stage12a_mode_semantics.csv
Fold3,Pedestrian,2,crosswalk_distance,6727,0.409770294895,0,1.46712339268,1.72239585408,1.94923771602,02_semantic_cache/cache/stage12a_mode_semantics.csv
Fold3,Pedestrian,2,crosswalk_inside_fraction,6727,0.306934740598,0.166666666667,0.916666666667,1,1,02_semantic_cache/cache/stage12a_mode_semantics.csv
Fold3,Pedestrian,2,crosswalk_intersects,6727,0.582131708042,1,1,1,1,02_semantic_cache/cache/stage12a_mode_semantics.csv
Fold3,Pedestrian,2,crosswalk_valid,23787,0.282801530248,0,1,1,1,02_semantic_cache/cache/stage12a_mode_semantics.csv
Fold3,Pedestrian,2,walkway_distance,19515,0.0787302607183,0,0.0376807789015,0.692912866594,1.64865451613,02_semantic_cache/cache/stage12a_mode_semantics.csv
Fold3,Pedestrian,2,walkway_inside_fraction,19515,0.637953710821,0.75,1,1,1,02_semantic_cache/cache/stage12a_mode_semantics.csv
Fold3,Pedestrian,2,walkway_intersects,19515,0.894747630028,1,1,1,1,02_semantic_cache/cache/stage12a_mode_semantics.csv
Fold3,Pedestrian,2,walkway_valid,23787,0.820406104175,1,1,1,1,02_semantic_cache/cache/stage12a_mode_semantics.csv
Fold3,Pedestrian,2,map_valid_mask,23787,0.921679909194,1,1,1,1,02_semantic_cache/cache/stage12a_mode_semantics.csv
Fold3,Pedestrian,3,centerline_distance,0,,,,,,02_semantic_cache/cache/stage12a_mode_semantics.csv
Fold3,Pedestrian,3,centerline_mean_distance,0,,,,,,02_semantic_cache/cache/stage12a_mode_semantics.csv
Fold3,Pedestrian,3,centerline_endpoint_distance,0,,,,,,02_semantic_cache/cache/stage12a_mode_semantics.csv
Fold3,Pedestrian,3,centerline_heading_error,0,,,,,,02_semantic_cache/cache/stage12a_mode_semantics.csv
Fold3,Pedestrian,3,centerline_valid,23787,0,0,0,0,0,02_semantic_cache/cache/stage12a_mode_semantics.csv
Fold3,Pedestrian,3,lane_count,23787,0,0,0,0,0,02_semantic_cache/cache/stage12a_mode_semantics.csv
Fold3,Pedestrian,3,connector_count,23787,0,0,0,0,0,02_semantic_cache/cache/stage12a_mode_semantics.csv
Fold3,Pedestrian,3,drivable_distance,14164,0.676232884683,0.493964789651,1.70707733004,1.85758498266,1.97165922029,02_semantic_cache/cache/stage12a_mode_semantics.csv
Fold3,Pedestrian,3,drivable_inside_fraction,14164,0.31956603596,0,1,1,1,02_semantic_cache/cache/stage12a_mode_semantics.csv
Fold3,Pedestrian,3,drivable_intersects,14164,0.393321095736,0,1,1,1,02_semantic_cache/cache/stage12a_mode_semantics.csv
Fold3,Pedestrian,3,drivable_boundary_crossing,14164,0.146145156735,0,1,1,1,02_semantic_cache/cache/stage12a_mode_semantics.csv
Fold3,Pedestrian,3,drivable_boundary_distance,14164,1.28490076349,1.07006773297,2.51706858284,4.06975003271,6.92386166231,02_semantic_cache/cache/stage12a_mode_semantics.csv
Fold3,Pedestrian,3,drivable_valid,23787,0.595451296927,1,1,1,1,02_semantic_cache/cache/stage12a_mode_semantics.csv
Fold3,Pedestrian,3,carpark_distance,0,,,,,,02_semantic_cache/cache/stage12a_mode_semantics.csv
Fold3,Pedestrian,3,carpark_inside_fraction,0,,,,,,02_semantic_cache/cache/stage12a_mode_semantics.csv
Fold3,Pedestrian,3,carpark_intersects,0,,,,,,02_semantic_cache/cache/stage12a_mode_semantics.csv
Fold3,Pedestrian,3,carpark_valid,23787,0,0,0,0,0,02_semantic_cache/cache/stage12a_mode_semantics.csv
Fold3,Pedestrian,3,crosswalk_distance,5544,0.566209260639,0.251946950688,1.67103753529,1.82787049803,1.95975717177,02_semantic_cache/cache/stage12a_mode_semantics.csv
Fold3,Pedestrian,3,crosswalk_inside_fraction,5544,0.328854016354,0,1,1,1,02_semantic_cache/cache/stage12a_mode_semantics.csv
Fold3,Pedestrian,3,crosswalk_intersects,5544,0.440836940837,0,1,1,1,02_semantic_cache/cache/stage12a_mode_semantics.csv
Fold3,Pedestrian,3,crosswalk_valid,23787,0.233068482785,0,1,1,1,02_semantic_cache/cache/stage12a_mode_semantics.csv
Fold3,Pedestrian,3,walkway_distance,18536,0.100920401975,0,0.223837042567,0.878602278224,1.72070586214,02_semantic_cache/cache/stage12a_mode_semantics.csv
Fold3,Pedestrian,3,walkway_inside_fraction,18536,0.797812365127,1,1,1,1,02_semantic_cache/cache/stage12a_mode_semantics.csv
Fold3,Pedestrian,3,walkway_intersects,18536,0.86955114372,1,1,1,1,02_semantic_cache/cache/stage12a_mode_semantics.csv
Fold3,Pedestrian,3,walkway_valid,23787,0.779249169715,1,1,1,1,02_semantic_cache/cache/stage12a_mode_semantics.csv
Fold3,Pedestrian,3,map_valid_mask,23787,0.911506284946,1,1,1,1,02_semantic_cache/cache/stage12a_mode_semantics.csv
Fold3,Pedestrian,4,centerline_distance,0,,,,,,02_semantic_cache/cache/stage12a_mode_semantics.csv
Fold3,Pedestrian,4,centerline_mean_distance,0,,,,,,02_semantic_cache/cache/stage12a_mode_semantics.csv
Fold3,Pedestrian,4,centerline_endpoint_distance,0,,,,,,02_semantic_cache/cache/stage12a_mode_semantics.csv
Fold3,Pedestrian,4,centerline_heading_error,0,,,,,,02_semantic_cache/cache/stage12a_mode_semantics.csv
Fold3,Pedestrian,4,centerline_valid,23787,0,0,0,0,0,02_semantic_cache/cache/stage12a_mode_semantics.csv
Fold3,Pedestrian,4,lane_count,23787,0,0,0,0,0,02_semantic_cache/cache/stage12a_mode_semantics.csv
Fold3,Pedestrian,4,connector_count,23787,0,0,0,0,0,02_semantic_cache/cache/stage12a_mode_semantics.csv
Fold3,Pedestrian,4,drivable_distance,15019,0.574885380549,0.161530857835,1.64664630805,1.81224360675,1.96575876332,02_semantic_cache/cache/stage12a_mode_semantics.csv
Fold3,Pedestrian,4,drivable_inside_fraction,15019,0.327041303238,0,1,1,1,02_semantic_cache/cache/stage12a_mode_semantics.csv
Fold3,Pedestrian,4,drivable_intersects,15019,0.474598841467,0,1,1,1,02_semantic_cache/cache/stage12a_mode_semantics.csv
Fold3,Pedestrian,4,drivable_boundary_crossing,15019,0.288434649444,0,1,1,1,02_semantic_cache/cache/stage12a_mode_semantics.csv
Fold3,Pedestrian,4,drivable_boundary_distance,15019,1.00237352348,0.753590956118,1.94771381786,3.11622378974,5.95355501662,02_semantic_cache/cache/stage12a_mode_semantics.csv
Fold3,Pedestrian,4,drivable_valid,23787,0.631395299954,1,1,1,1,02_semantic_cache/cache/stage12a_mode_semantics.csv
Fold3,Pedestrian,4,carpark_distance,0,,,,,,02_semantic_cache/cache/stage12a_mode_semantics.csv
Fold3,Pedestrian,4,carpark_inside_fraction,0,,,,,,02_semantic_cache/cache/stage12a_mode_semantics.csv
Fold3,Pedestrian,4,carpark_intersects,0,,,,,,02_semantic_cache/cache/stage12a_mode_semantics.csv
Fold3,Pedestrian,4,carpark_valid,23787,0,0,0,0,0,02_semantic_cache/cache/stage12a_mode_semantics.csv
Fold3,Pedestrian,4,crosswalk_distance,6133,0.499156349305,0.0312485613288,1.57675771361,1.7686363431,1.9457421083,02_semantic_cache/cache/stage12a_mode_semantics.csv
Fold3,Pedestrian,4,crosswalk_inside_fraction,6133,0.300437523778,0,1,1,1,02_semantic_cache/cache/stage12a_mode_semantics.csv
Fold3,Pedestrian,4,crosswalk_intersects,6133,0.494374694277,0,1,1,1,02_semantic_cache/cache/stage12a_mode_semantics.csv
Fold3,Pedestrian,4,crosswalk_valid,23787,0.257829907092,0,1,1,1,02_semantic_cache/cache/stage12a_mode_semantics.csv
Fold3,Pedestrian,4,walkway_distance,19130,0.0891541169978,0,0.116800772528,0.804220098569,1.67463642508,02_semantic_cache/cache/stage12a_mode_semantics.csv
Fold3,Pedestrian,4,walkway_inside_fraction,19130,0.737232096184,1,1,1,1,02_semantic_cache/cache/stage12a_mode_semantics.csv
Fold3,Pedestrian,4,walkway_intersects,19130,0.882331416623,1,1,1,1,02_semantic_cache/cache/stage12a_mode_semantics.csv
Fold3,Pedestrian,4,walkway_valid,23787,0.80422079287,1,1,1,1,02_semantic_cache/cache/stage12a_mode_semantics.csv
Fold3,Pedestrian,4,map_valid_mask,23787,0.915163744903,1,1,1,1,02_semantic_cache/cache/stage12a_mode_semantics.csv
Fold3,Pedestrian,5,centerline_distance,0,,,,,,02_semantic_cache/cache/stage12a_mode_semantics.csv
Fold3,Pedestrian,5,centerline_mean_distance,0,,,,,,02_semantic_cache/cache/stage12a_mode_semantics.csv
Fold3,Pedestrian,5,centerline_endpoint_distance,0,,,,,,02_semantic_cache/cache/stage12a_mode_semantics.csv
Fold3,Pedestrian,5,centerline_heading_error,0,,,,,,02_semantic_cache/cache/stage12a_mode_semantics.csv
Fold3,Pedestrian,5,centerline_valid,23787,0,0,0,0,0,02_semantic_cache/cache/stage12a_mode_semantics.csv
Fold3,Pedestrian,5,lane_count,23787,0,0,0,0,0,02_semantic_cache/cache/stage12a_mode_semantics.csv
Fold3,Pedestrian,5,connector_count,23787,0,0,0,0,0,02_semantic_cache/cache/stage12a_mode_semantics.csv
Fold3,Pedestrian,5,drivable_distance,14792,0.605302533063,0.292389617035,1.66942574153,1.8272351729,1.96745542293,02_semantic_cache/cache/stage12a_mode_semantics.csv
Fold3,Pedestrian,5,drivable_inside_fraction,14792,0.322578646115,0,1,1,1,02_semantic_cache/cache/stage12a_mode_semantics.csv
Fold3,Pedestrian,5,drivable_intersects,14792,0.451122228231,0,1,1,1,02_semantic_cache/cache/stage12a_mode_semantics.csv
Fold3,Pedestrian,5,drivable_boundary_crossing,14792,0.252433747972,0,1,1,1,02_semantic_cache/cache/stage12a_mode_semantics.csv
Fold3,Pedestrian,5,drivable_boundary_distance,14792,1.06657694922,0.836176557716,1.97205156541,3.3621444366,6.06091556599,02_semantic_cache/cache/stage12a_mode_semantics.csv
Fold3,Pedestrian,5,drivable_valid,23787,0.62185227225,1,1,1,1,02_semantic_cache/cache/stage12a_mode_semantics.csv
Fold3,Pedestrian,5,carpark_distance,0,,,,,,02_semantic_cache/cache/stage12a_mode_semantics.csv
Fold3,Pedestrian,5,carpark_inside_fraction,0,,,,,,02_semantic_cache/cache/stage12a_mode_semantics.csv
Fold3,Pedestrian,5,carpark_intersects,0,,,,,,02_semantic_cache/cache/stage12a_mode_semantics.csv
Fold3,Pedestrian,5,carpark_valid,23787,0,0,0,0,0,02_semantic_cache/cache/stage12a_mode_semantics.csv
Fold3,Pedestrian,5,crosswalk_distance,5997,0.524173288727,0.0964823772333,1.61738789771,1.79837048952,1.96917581531,02_semantic_cache/cache/stage12a_mode_semantics.csv
Fold3,Pedestrian,5,crosswalk_inside_fraction,5997,0.299566449892,0,1,1,1,02_semantic_cache/cache/stage12a_mode_semantics.csv
Fold3,Pedestrian,5,crosswalk_intersects,5997,0.472736368184,0,1,1,1,02_semantic_cache/cache/stage12a_mode_semantics.csv
Fold3,Pedestrian,5,crosswalk_valid,23787,0.252112498424,0,1,1,1,02_semantic_cache/cache/stage12a_mode_semantics.csv
Fold3,Pedestrian,5,walkway_distance,19016,0.0934847655665,0,0.159770871065,0.82672361083,1.7052520432,02_semantic_cache/cache/stage12a_mode_semantics.csv
Fold3,Pedestrian,5,walkway_inside_fraction,19016,0.753251647735,1,1,1,1,02_semantic_cache/cache/stage12a_mode_semantics.csv
Fold3,Pedestrian,5,walkway_intersects,19016,0.8781026504,1,1,1,1,02_semantic_cache/cache/stage12a_mode_semantics.csv
Fold3,Pedestrian,5,walkway_valid,23787,0.799428259133,1,1,1,1,02_semantic_cache/cache/stage12a_mode_semantics.csv
Fold3,Pedestrian,5,map_valid_mask,23787,0.914112750662,1,1,1,1,02_semantic_cache/cache/stage12a_mode_semantics.csv
Fold3,Bicycle,0,centerline_distance,911,2.71104100695,2.30910927057,6.46119296551,6.7419397831,9.31829124689,02_semantic_cache/cache/stage12a_mode_semantics.csv
Fold3,Bicycle,0,centerline_mean_distance,911,4.81974293933,3.8278350234,8.73574674129,10.4571533203,15.661714673,02_semantic_cache/cache/stage12a_mode_semantics.csv
Fold3,Bicycle,0,centerline_endpoint_distance,911,4.72172046929,3.1131196022,9.5988535881,15.2518433332,27.2583217621,02_semantic_cache/cache/stage12a_mode_semantics.csv
Fold3,Bicycle,0,centerline_heading_error,911,1.42200410972,1.41562001745,3.04238519035,3.0712901308,3.13519912894,02_semantic_cache/cache/stage12a_mode_semantics.csv
Fold3,Bicycle,0,centerline_valid,961,0.947970863684,1,1,1,1,02_semantic_cache/cache/stage12a_mode_semantics.csv
Fold3,Bicycle,0,lane_count,961,1.9604578564,2,3,3,3,02_semantic_cache/cache/stage12a_mode_semantics.csv
Fold3,Bicycle,0,connector_count,961,2.0749219563,3,3,3,3,02_semantic_cache/cache/stage12a_mode_semantics.csv
Fold3,Bicycle,0,drivable_distance,728,0.337437457508,0,1.43750709739,1.54670796773,1.87710846708,02_semantic_cache/cache/stage12a_mode_semantics.csv
Fold3,Bicycle,0,drivable_inside_fraction,728,0.394574175824,0.333333333333,1,1,1,02_semantic_cache/cache/stage12a_mode_semantics.csv
Fold3,Bicycle,0,drivable_intersects,728,0.627747252747,1,1,1,1,02_semantic_cache/cache/stage12a_mode_semantics.csv
Fold3,Bicycle,0,drivable_boundary_crossing,728,0.442307692308,0,1,1,1,02_semantic_cache/cache/stage12a_mode_semantics.csv
Fold3,Bicycle,0,drivable_boundary_distance,728,0.558696005746,0.274938269749,1.53089585247,1.88722548853,3.72413709113,02_semantic_cache/cache/stage12a_mode_semantics.csv
Fold3,Bicycle,0,drivable_valid,961,0.757544224766,1,1,1,1,02_semantic_cache/cache/stage12a_mode_semantics.csv
Fold3,Bicycle,0,carpark_distance,0,,,,,,02_semantic_cache/cache/stage12a_mode_semantics.csv
Fold3,Bicycle,0,carpark_inside_fraction,0,,,,,,02_semantic_cache/cache/stage12a_mode_semantics.csv
Fold3,Bicycle,0,carpark_intersects,0,,,,,,02_semantic_cache/cache/stage12a_mode_semantics.csv
Fold3,Bicycle,0,carpark_valid,961,0,0,0,0,0,02_semantic_cache/cache/stage12a_mode_semantics.csv
Fold3,Bicycle,0,crosswalk_distance,0,,,,,,02_semantic_cache/cache/stage12a_mode_semantics.csv
Fold3,Bicycle,0,crosswalk_inside_fraction,0,,,,,,02_semantic_cache/cache/stage12a_mode_semantics.csv
Fold3,Bicycle,0,crosswalk_intersects,0,,,,,,02_semantic_cache/cache/stage12a_mode_semantics.csv
Fold3,Bicycle,0,crosswalk_valid,961,0,0,0,0,0,02_semantic_cache/cache/stage12a_mode_semantics.csv
Fold3,Bicycle,0,walkway_distance,0,,,,,,02_semantic_cache/cache/stage12a_mode_semantics.csv
Fold3,Bicycle,0,walkway_inside_fraction,0,,,,,,02_semantic_cache/cache/stage12a_mode_semantics.csv
Fold3,Bicycle,0,walkway_intersects,0,,,,,,02_semantic_cache/cache/stage12a_mode_semantics.csv
Fold3,Bicycle,0,walkway_valid,961,0,0,0,0,0,02_semantic_cache/cache/stage12a_mode_semantics.csv
Fold3,Bicycle,0,map_valid_mask,961,0.955254942768,1,1,1,1,02_semantic_cache/cache/stage12a_mode_semantics.csv
Fold3,Bicycle,1,centerline_distance,897,3.6899735175,3.43775808811,6.57959413528,6.85286235809,9.21783466339,02_semantic_cache/cache/stage12a_mode_semantics.csv
Fold3,Bicycle,1,centerline_mean_distance,897,4.43287047725,3.8268956542,6.85568940639,8.29719734192,12.1136642933,02_semantic_cache/cache/stage12a_mode_semantics.csv
Fold3,Bicycle,1,centerline_endpoint_distance,897,4.72450679129,3.73764425516,6.98589980602,10.8212172985,22.8593876839,02_semantic_cache/cache/stage12a_mode_semantics.csv
Fold3,Bicycle,1,centerline_heading_error,897,1.42992145511,1.34033371194,2.9163712564,3.02806233623,3.10547065365,02_semantic_cache/cache/stage12a_mode_semantics.csv
Fold3,Bicycle,1,centerline_valid,961,0.933402705515,1,1,1,1,02_semantic_cache/cache/stage12a_mode_semantics.csv
Fold3,Bicycle,1,lane_count,961,1.70239334027,2,3,3,3,02_semantic_cache/cache/stage12a_mode_semantics.csv
Fold3,Bicycle,1,connector_count,961,1.98959417274,3,3,3,3,02_semantic_cache/cache/stage12a_mode_semantics.csv
Fold3,Bicycle,1,drivable_distance,617,0.590569673518,0.488499059456,1.57536803645,1.72373081519,1.93034489631,02_semantic_cache/cache/stage12a_mode_semantics.csv
Fold3,Bicycle,1,drivable_inside_fraction,617,0.320637493247,0,1,1,1,02_semantic_cache/cache/stage12a_mode_semantics.csv
Fold3,Bicycle,1,drivable_intersects,617,0.364667747164,0,1,1,1,02_semantic_cache/cache/stage12a_mode_semantics.csv
Fold3,Bicycle,1,drivable_boundary_crossing,617,0.106969205835,0,1,1,1,02_semantic_cache/cache/stage12a_mode_semantics.csv
Fold3,Bicycle,1,drivable_boundary_distance,617,0.895263845549,0.69086081604,1.72537729267,2.36075818803,3.72159160328,02_semantic_cache/cache/stage12a_mode_semantics.csv
Fold3,Bicycle,1,drivable_valid,961,0.642039542144,1,1,1,1,02_semantic_cache/cache/stage12a_mode_semantics.csv
Fold3,Bicycle,1,carpark_distance,0,,,,,,02_semantic_cache/cache/stage12a_mode_semantics.csv
Fold3,Bicycle,1,carpark_inside_fraction,0,,,,,,02_semantic_cache/cache/stage12a_mode_semantics.csv
Fold3,Bicycle,1,carpark_intersects,0,,,,,,02_semantic_cache/cache/stage12a_mode_semantics.csv
Fold3,Bicycle,1,carpark_valid,961,0,0,0,0,0,02_semantic_cache/cache/stage12a_mode_semantics.csv
Fold3,Bicycle,1,crosswalk_distance,0,,,,,,02_semantic_cache/cache/stage12a_mode_semantics.csv
Fold3,Bicycle,1,crosswalk_inside_fraction,0,,,,,,02_semantic_cache/cache/stage12a_mode_semantics.csv
Fold3,Bicycle,1,crosswalk_intersects,0,,,,,,02_semantic_cache/cache/stage12a_mode_semantics.csv
Fold3,Bicycle,1,crosswalk_valid,961,0,0,0,0,0,02_semantic_cache/cache/stage12a_mode_semantics.csv
Fold3,Bicycle,1,walkway_distance,0,,,,,,02_semantic_cache/cache/stage12a_mode_semantics.csv
Fold3,Bicycle,1,walkway_inside_fraction,0,,,,,,02_semantic_cache/cache/stage12a_mode_semantics.csv
Fold3,Bicycle,1,walkway_intersects,0,,,,,,02_semantic_cache/cache/stage12a_mode_semantics.csv
Fold3,Bicycle,1,walkway_valid,961,0,0,0,0,0,02_semantic_cache/cache/stage12a_mode_semantics.csv
Fold3,Bicycle,1,map_valid_mask,961,0.940686784599,1,1,1,1,02_semantic_cache/cache/stage12a_mode_semantics.csv
Fold3,Bicycle,2,centerline_distance,921,2.16701257459,1.39007300138,6.33219957352,6.6897213459,9.12613892555,02_semantic_cache/cache/stage12a_mode_semantics.csv
Fold3,Bicycle,2,centerline_mean_distance,921,5.77578381448,4.32559758425,10.765171051,12.557246685,17.6228797436,02_semantic_cache/cache/stage12a_mode_semantics.csv
Fold3,Bicycle,2,centerline_endpoint_distance,921,6.54952033394,4.48863297701,16.1261475086,19.3036687374,29.862054348,02_semantic_cache/cache/stage12a_mode_semantics.csv
Fold3,Bicycle,2,centerline_heading_error,921,1.45278559532,1.43796158361,3.03985432021,3.08065069255,3.12737656281,02_semantic_cache/cache/stage12a_mode_semantics.csv
Fold3,Bicycle,2,centerline_valid,961,0.958376690947,1,1,1,1,02_semantic_cache/cache/stage12a_mode_semantics.csv
Fold3,Bicycle,2,lane_count,961,2.10926118626,2,3,3,3,02_semantic_cache/cache/stage12a_mode_semantics.csv
Fold3,Bicycle,2,connector_count,961,2.27159209157,3,3,3,3,02_semantic_cache/cache/stage12a_mode_semantics.csv
Fold3,Bicycle,2,drivable_distance,776,0.287301307427,0,1.34133622063,1.57910873528,1.99901385343,02_semantic_cache/cache/stage12a_mode_semantics.csv
Fold3,Bicycle,2,drivable_inside_fraction,776,0.476052405498,0.5,1,1,1,02_semantic_cache/cache/stage12a_mode_semantics.csv
Fold3,Bicycle,2,drivable_intersects,776,0.717783505155,1,1,1,1,02_semantic_cache/cache/stage12a_mode_semantics.csv
Fold3,Bicycle,2,drivable_boundary_crossing,776,0.55412371134,1,1,1,1,02_semantic_cache/cache/stage12a_mode_semantics.csv
Fold3,Bicycle,2,drivable_boundary_distance,776,0.479791400191,0,1.52370880739,1.84479453034,3.73117230231,02_semantic_cache/cache/stage12a_mode_semantics.csv
Fold3,Bicycle,2,drivable_valid,961,0.80749219563,1,1,1,1,02_semantic_cache/cache/stage12a_mode_semantics.csv
Fold3,Bicycle,2,carpark_distance,0,,,,,,02_semantic_cache/cache/stage12a_mode_semantics.csv
Fold3,Bicycle,2,carpark_inside_fraction,0,,,,,,02_semantic_cache/cache/stage12a_mode_semantics.csv
Fold3,Bicycle,2,carpark_intersects,0,,,,,,02_semantic_cache/cache/stage12a_mode_semantics.csv
Fold3,Bicycle,2,carpark_valid,961,0,0,0,0,0,02_semantic_cache/cache/stage12a_mode_semantics.csv
Fold3,Bicycle,2,crosswalk_distance,0,,,,,,02_semantic_cache/cache/stage12a_mode_semantics.csv
Fold3,Bicycle,2,crosswalk_inside_fraction,0,,,,,,02_semantic_cache/cache/stage12a_mode_semantics.csv
Fold3,Bicycle,2,crosswalk_intersects,0,,,,,,02_semantic_cache/cache/stage12a_mode_semantics.csv
Fold3,Bicycle,2,crosswalk_valid,961,0,0,0,0,0,02_semantic_cache/cache/stage12a_mode_semantics.csv
Fold3,Bicycle,2,walkway_distance,0,,,,,,02_semantic_cache/cache/stage12a_mode_semantics.csv
Fold3,Bicycle,2,walkway_inside_fraction,0,,,,,,02_semantic_cache/cache/stage12a_mode_semantics.csv
Fold3,Bicycle,2,walkway_intersects,0,,,,,,02_semantic_cache/cache/stage12a_mode_semantics.csv
Fold3,Bicycle,2,walkway_valid,961,0,0,0,0,0,02_semantic_cache/cache/stage12a_mode_semantics.csv
Fold3,Bicycle,2,map_valid_mask,961,0.965660770031,1,1,1,1,02_semantic_cache/cache/stage12a_mode_semantics.csv
Fold3,Bicycle,3,centerline_distance,897,3.72983983482,3.49640756845,6.58738362789,6.98917138577,9.19028761387,02_semantic_cache/cache/stage12a_mode_semantics.csv
Fold3,Bicycle,3,centerline_mean_distance,897,4.21723509722,3.7876522541,6.86277532578,7.93240094185,10.7505394936,02_semantic_cache/cache/stage12a_mode_semantics.csv
Fold3,Bicycle,3,centerline_endpoint_distance,897,4.44038163879,3.84566605091,6.92642664909,9.21312689781,15.8819524765,02_semantic_cache/cache/stage12a_mode_semantics.csv
Fold3,Bicycle,3,centerline_heading_error,897,1.35156718988,1.38313548589,2.8028521963,3.01071751928,3.09868753729,02_semantic_cache/cache/stage12a_mode_semantics.csv
Fold3,Bicycle,3,centerline_valid,961,0.933402705515,1,1,1,1,02_semantic_cache/cache/stage12a_mode_semantics.csv
Fold3,Bicycle,3,lane_count,961,1.68054110302,2,3,3,3,02_semantic_cache/cache/stage12a_mode_semantics.csv
Fold3,Bicycle,3,connector_count,961,1.95421436004,3,3,3,3,02_semantic_cache/cache/stage12a_mode_semantics.csv
Fold3,Bicycle,3,drivable_distance,615,0.580329508408,0.452871659838,1.57997277934,1.74016129175,1.96062320634,02_semantic_cache/cache/stage12a_mode_semantics.csv
Fold3,Bicycle,3,drivable_inside_fraction,615,0.326422764228,0,1,1,1,02_semantic_cache/cache/stage12a_mode_semantics.csv
Fold3,Bicycle,3,drivable_intersects,615,0.360975609756,0,1,1,1,02_semantic_cache/cache/stage12a_mode_semantics.csv
Fold3,Bicycle,3,drivable_boundary_crossing,615,0.0861788617886,0,0,1,1,02_semantic_cache/cache/stage12a_mode_semantics.csv
Fold3,Bicycle,3,drivable_boundary_distance,615,0.907733930916,0.707599941808,1.79145685947,2.91291788238,3.72257446861,02_semantic_cache/cache/stage12a_mode_semantics.csv
Fold3,Bicycle,3,drivable_valid,961,0.639958376691,1,1,1,1,02_semantic_cache/cache/stage12a_mode_semantics.csv
Fold3,Bicycle,3,carpark_distance,0,,,,,,02_semantic_cache/cache/stage12a_mode_semantics.csv
Fold3,Bicycle,3,carpark_inside_fraction,0,,,,,,02_semantic_cache/cache/stage12a_mode_semantics.csv
Fold3,Bicycle,3,carpark_intersects,0,,,,,,02_semantic_cache/cache/stage12a_mode_semantics.csv
Fold3,Bicycle,3,carpark_valid,961,0,0,0,0,0,02_semantic_cache/cache/stage12a_mode_semantics.csv
Fold3,Bicycle,3,crosswalk_distance,0,,,,,,02_semantic_cache/cache/stage12a_mode_semantics.csv
Fold3,Bicycle,3,crosswalk_inside_fraction,0,,,,,,02_semantic_cache/cache/stage12a_mode_semantics.csv
Fold3,Bicycle,3,crosswalk_intersects,0,,,,,,02_semantic_cache/cache/stage12a_mode_semantics.csv
Fold3,Bicycle,3,crosswalk_valid,961,0,0,0,0,0,02_semantic_cache/cache/stage12a_mode_semantics.csv
Fold3,Bicycle,3,walkway_distance,0,,,,,,02_semantic_cache/cache/stage12a_mode_semantics.csv
Fold3,Bicycle,3,walkway_inside_fraction,0,,,,,,02_semantic_cache/cache/stage12a_mode_semantics.csv
Fold3,Bicycle,3,walkway_intersects,0,,,,,,02_semantic_cache/cache/stage12a_mode_semantics.csv
Fold3,Bicycle,3,walkway_valid,961,0,0,0,0,0,02_semantic_cache/cache/stage12a_mode_semantics.csv
Fold3,Bicycle,3,map_valid_mask,961,0.941727367326,1,1,1,1,02_semantic_cache/cache/stage12a_mode_semantics.csv
Fold3,Bicycle,4,centerline_distance,898,3.53191205327,3.26532736421,6.57302248478,6.84774145484,9.21773838997,02_semantic_cache/cache/stage12a_mode_semantics.csv
Fold3,Bicycle,4,centerline_mean_distance,898,4.65583336376,3.98236900568,7.64979207516,9.30792421103,14.1525319219,02_semantic_cache/cache/stage12a_mode_semantics.csv
Fold3,Bicycle,4,centerline_endpoint_distance,898,4.84721305913,3.57343584299,7.15982192755,14.2953609824,24.4445875645,02_semantic_cache/cache/stage12a_mode_semantics.csv
Fold3,Bicycle,4,centerline_heading_error,898,1.4482796794,1.46060410843,2.96931207242,3.0237805764,3.13124124614,02_semantic_cache/cache/stage12a_mode_semantics.csv
Fold3,Bicycle,4,centerline_valid,961,0.934443288241,1,1,1,1,02_semantic_cache/cache/stage12a_mode_semantics.csv
Fold3,Bicycle,4,lane_count,961,1.76795005203,2,3,3,3,02_semantic_cache/cache/stage12a_mode_semantics.csv
Fold3,Bicycle,4,connector_count,961,2.00728407908,3,3,3,3,02_semantic_cache/cache/stage12a_mode_semantics.csv
Fold3,Bicycle,4,drivable_distance,650,0.577154939887,0.371032021974,1.57764423978,1.83401124162,1.93395864697,02_semantic_cache/cache/stage12a_mode_semantics.csv
Fold3,Bicycle,4,drivable_inside_fraction,650,0.320897435897,0,1,1,1,02_semantic_cache/cache/stage12a_mode_semantics.csv
Fold3,Bicycle,4,drivable_intersects,650,0.413846153846,0,1,1,1,02_semantic_cache/cache/stage12a_mode_semantics.csv
Fold3,Bicycle,4,drivable_boundary_crossing,650,0.201538461538,0,1,1,1,02_semantic_cache/cache/stage12a_mode_semantics.csv
Fold3,Bicycle,4,drivable_boundary_distance,650,0.841379507124,0.603296501873,1.80392039466,1.94691218109,3.72790611395,02_semantic_cache/cache/stage12a_mode_semantics.csv
Fold3,Bicycle,4,drivable_valid,961,0.676378772112,1,1,1,1,02_semantic_cache/cache/stage12a_mode_semantics.csv
Fold3,Bicycle,4,carpark_distance,0,,,,,,02_semantic_cache/cache/stage12a_mode_semantics.csv
Fold3,Bicycle,4,carpark_inside_fraction,0,,,,,,02_semantic_cache/cache/stage12a_mode_semantics.csv
Fold3,Bicycle,4,carpark_intersects,0,,,,,,02_semantic_cache/cache/stage12a_mode_semantics.csv
Fold3,Bicycle,4,carpark_valid,961,0,0,0,0,0,02_semantic_cache/cache/stage12a_mode_semantics.csv
Fold3,Bicycle,4,crosswalk_distance,0,,,,,,02_semantic_cache/cache/stage12a_mode_semantics.csv
Fold3,Bicycle,4,crosswalk_inside_fraction,0,,,,,,02_semantic_cache/cache/stage12a_mode_semantics.csv
Fold3,Bicycle,4,crosswalk_intersects,0,,,,,,02_semantic_cache/cache/stage12a_mode_semantics.csv
Fold3,Bicycle,4,crosswalk_valid,961,0,0,0,0,0,02_semantic_cache/cache/stage12a_mode_semantics.csv
Fold3,Bicycle,4,walkway_distance,0,,,,,,02_semantic_cache/cache/stage12a_mode_semantics.csv
Fold3,Bicycle,4,walkway_inside_fraction,0,,,,,,02_semantic_cache/cache/stage12a_mode_semantics.csv
Fold3,Bicycle,4,walkway_intersects,0,,,,,,02_semantic_cache/cache/stage12a_mode_semantics.csv
Fold3,Bicycle,4,walkway_valid,961,0,0,0,0,0,02_semantic_cache/cache/stage12a_mode_semantics.csv
Fold3,Bicycle,4,map_valid_mask,961,0.941727367326,1,1,1,1,02_semantic_cache/cache/stage12a_mode_semantics.csv
Fold3,Bicycle,5,centerline_distance,898,3.62570245488,3.37866231799,6.57822370529,6.84938555956,9.22243753672,02_semantic_cache/cache/stage12a_mode_semantics.csv
Fold3,Bicycle,5,centerline_mean_distance,898,4.58650836738,3.89119029045,7.3054728508,9.23797795177,13.8576363325,02_semantic_cache/cache/stage12a_mode_semantics.csv
Fold3,Bicycle,5,centerline_endpoint_distance,898,4.84116823907,3.69801953435,7.59602963924,13.1130290031,24.612760663,02_semantic_cache/cache/stage12a_mode_semantics.csv
Fold3,Bicycle,5,centerline_heading_error,898,1.39702631214,1.14739283508,2.84414318786,3.02876205434,3.11432355796,02_semantic_cache/cache/stage12a_mode_semantics.csv
Fold3,Bicycle,5,centerline_valid,961,0.934443288241,1,1,1,1,02_semantic_cache/cache/stage12a_mode_semantics.csv
Fold3,Bicycle,5,lane_count,961,1.73257023933,2,3,3,3,02_semantic_cache/cache/stage12a_mode_semantics.csv
Fold3,Bicycle,5,connector_count,961,2.00312174818,3,3,3,3,02_semantic_cache/cache/stage12a_mode_semantics.csv
Fold3,Bicycle,5,drivable_distance,619,0.56046505734,0.442268842555,1.56970064413,1.68977625932,1.93097341723,02_semantic_cache/cache/stage12a_mode_semantics.csv
Fold3,Bicycle,5,drivable_inside_fraction,619,0.319736133549,0,1,1,1,02_semantic_cache/cache/stage12a_mode_semantics.csv
Fold3,Bicycle,5,drivable_intersects,619,0.376413570275,0,1,1,1,02_semantic_cache/cache/stage12a_mode_semantics.csv
Fold3,Bicycle,5,drivable_boundary_crossing,619,0.130856219709,0,1,1,1,02_semantic_cache/cache/stage12a_mode_semantics.csv
Fold3,Bicycle,5,drivable_boundary_distance,619,0.848874787536,0.635386229708,1.69487677273,1.98725196462,3.72572901923,02_semantic_cache/cache/stage12a_mode_semantics.csv
Fold3,Bicycle,5,drivable_valid,961,0.644120707596,1,1,1,1,02_semantic_cache/cache/stage12a_mode_semantics.csv
Fold3,Bicycle,5,carpark_distance,0,,,,,,02_semantic_cache/cache/stage12a_mode_semantics.csv
Fold3,Bicycle,5,carpark_inside_fraction,0,,,,,,02_semantic_cache/cache/stage12a_mode_semantics.csv
Fold3,Bicycle,5,carpark_intersects,0,,,,,,02_semantic_cache/cache/stage12a_mode_semantics.csv
Fold3,Bicycle,5,carpark_valid,961,0,0,0,0,0,02_semantic_cache/cache/stage12a_mode_semantics.csv
Fold3,Bicycle,5,crosswalk_distance,0,,,,,,02_semantic_cache/cache/stage12a_mode_semantics.csv
Fold3,Bicycle,5,crosswalk_inside_fraction,0,,,,,,02_semantic_cache/cache/stage12a_mode_semantics.csv
Fold3,Bicycle,5,crosswalk_intersects,0,,,,,,02_semantic_cache/cache/stage12a_mode_semantics.csv
Fold3,Bicycle,5,crosswalk_valid,961,0,0,0,0,0,02_semantic_cache/cache/stage12a_mode_semantics.csv
Fold3,Bicycle,5,walkway_distance,0,,,,,,02_semantic_cache/cache/stage12a_mode_semantics.csv
Fold3,Bicycle,5,walkway_inside_fraction,0,,,,,,02_semantic_cache/cache/stage12a_mode_semantics.csv
Fold3,Bicycle,5,walkway_intersects,0,,,,,,02_semantic_cache/cache/stage12a_mode_semantics.csv
Fold3,Bicycle,5,walkway_valid,961,0,0,0,0,0,02_semantic_cache/cache/stage12a_mode_semantics.csv
Fold3,Bicycle,5,map_valid_mask,961,0.941727367326,1,1,1,1,02_semantic_cache/cache/stage12a_mode_semantics.csv
