Partition,Group,Count,Model,PopulationFraction,MeanSoftCE,SoftCE_P10,SoftCE_Median,SoftCE_P90,SoftCE_P99,TotalSoftCE,SoftCEContributionShare,MeanTargetEntropy,MeanExcessCE_KL,ExcessCEContributionShare,MeanLogitGradL1,MeanLogitGradL2,MeanLogitGradSquaredL2,LogitGradSquaredL2Share,MeanMicro1024LogitGradL2,GradientScope
HeadTrain,Overall,260151,R0,1,1.58482815281,1.45519018173,1.48109555244,1.78112745285,2.48906373978,412294.628782,1,1.26464245249,0.32018570032,1,0.451905032135,0.230464062333,0.114946468493,1,0.000225062560872,output logits only; shared parameter gradients unresolved
HeadTrain,Overall,260151,R2,1,1.54661020505,1.39325714111,1.41393971443,1.77816200256,2.72510457039,402352.191453,1,1.26464245249,0.281967752555,1,0.375309165406,0.195290360452,0.109835694911,1,0.000190713242629,output logits only; shared parameter gradients unresolved
HeadTrain,Overall,260151,G1,1,1.50444945934,1.37365579605,1.41126835346,1.75265026093,2.74207079411,391384.031296,1,1.26464245249,0.239807006847,1,0.350174900321,0.185955922518,0.0978349782022,1,0.000181597580584,output logits only; shared parameter gradients unresolved
HeadTrain,Overall,260151,G3,1,1.50112447842,1.37136626244,1.40827941895,1.75400233269,2.59526741505,390519.034186,1,1.26464245249,0.236482025932,1,0.351673202312,0.187285608471,0.098277041346,1,0.000182896102022,output logits only; shared parameter gradients unresolved
HeadTrain,Overall,260151,T2,1,1.48401829601,1.34782421589,1.40856468678,1.73726034164,2.74064302444,386068.843726,1,1.26464245249,0.219375843522,1,0.334112018873,0.179451720407,0.0910871550764,1,0.00017524582071,output logits only; shared parameter gradients unresolved
HeadTrain,Overall,260151,T3,1,1.52485763907,1.38587546349,1.41171550751,1.77022147179,2.77621269226,396693.239661,1,1.26464245249,0.260215186577,1,0.362161982142,0.190523400176,0.103993084784,1,0.000186058007984,output logits only; shared parameter gradients unresolved
HeadTrain,Overall,191026,VehicleExpert,1,1.45677026635,1.35925072432,1.4044508338,1.63869452477,2.78631001711,278280.9969,1,1.18244944408,0.274320822275,1,0.360164108057,0.195630038343,0.115956254952,1,0.000191044959319,output logits only; shared parameter gradients unresolved
HeadTrain,Overall,66145,PedestrianExpert,1,1.65448955376,1.44714624882,1.66016364098,1.81809406281,2.48398946762,109436.211534,1,1.50246774312,0.152021810644,1,0.349005143131,0.171433110897,0.0499781046036,1,0.000167415147361,output logits only; shared parameter gradients unresolved
HeadTrain,Overall,260151,DualExpert,1,1.50793003233,1.37756454945,1.41162931919,1.75305020809,2.68560600281,392289.50584,1,1.26464245249,0.243287579834,1,0.357511452365,0.189456266334,0.0990282533883,1,0.000185015885091,output logits only; shared parameter gradients unresolved
HeadTrain,Vehicle,191026,R0,0.734288932197,1.54239730209,1.4529389143,1.47116780281,1.71857619286,2.5877519846,294637.98703,0.714629700368,1.18244944408,0.359947858017,0.825476365888,0.456930204482,0.237547901281,0.133271828397,0.85135306764,0.000231980372345,output logits only; shared parameter gradients unresolved
HeadTrain,Vehicle,191026,R2,0.734288932197,1.49990342377,1.38977986574,1.40722042322,1.72537362576,2.86538505554,286520.55143,0.712113808539,1.18244944408,0.317453979696,0.826700719001,0.376881089178,0.200242432667,0.128034602851,0.855954814032,0.000195549250652,output logits only; shared parameter gradients unresolved
HeadTrain,Vehicle,191026,G1,0.734288932197,1.45270865967,1.35047632456,1.40382266045,1.60869795084,2.84194874763,277505.124423,0.709035377616,1.18244944408,0.270259215598,0.827533579802,0.351917555596,0.191467387437,0.114270773717,0.857645864044,0.000186979870544,output logits only; shared parameter gradients unresolved
HeadTrain,Vehicle,191026,G3,0.734288932197,1.44880322698,1.35019427538,1.40163367987,1.62802052498,2.64478927851,276759.085236,0.708695507795,1.18244944408,0.266353782899,0.827042283915,0.353541078024,0.193019271132,0.114982552755,0.859106203519,0.000188495381964,output logits only; shared parameter gradients unresolved
HeadTrain,Vehicle,191026,T2,0.734288932197,1.43128235172,1.30155932903,1.40226411819,1.54284846783,2.87127262354,273412.142519,0.708195304962,1.18244944408,0.24883290764,0.832886826154,0.334930328995,0.184901348236,0.107199884598,0.864179902505,0.000180567722886,output logits only; shared parameter gradients unresolved
HeadTrain,Vehicle,191026,T3,0.734288932197,1.47711466159,1.37762141228,1.40463477373,1.68749463558,2.86629277468,282167.305345,0.711298497515,1.18244944408,0.294665217515,0.831501845727,0.365294575744,0.196450013209,0.121898551762,0.860718360225,0.000191845716024,output logits only; shared parameter gradients unresolved
HeadTrain,Vehicle,191026,VehicleExpert,1,1.45677026635,1.35925072432,1.4044508338,1.63869452477,2.78631001711,278280.9969,1,1.18244944408,0.274320822275,1,0.360164108057,0.195630038343,0.115956254952,1,0.000191044959319,output logits only; shared parameter gradients unresolved
HeadTrain,Vehicle,191026,DualExpert,0.734288932197,1.45677026635,1.35925072432,1.4044508338,1.63869452477,2.78631001711,278280.9969,0.709376602631,1.18244944408,0.274320822275,0.827953255176,0.360164108057,0.195630038343,0.115956254952,0.859809112216,0.000191044959319,output logits only; shared parameter gradients unresolved
HeadTrain,Pedestrian,66145,R0,0.254256181987,1.70768560219,1.54858109951,1.71974956989,1.81386346817,2.10971793175,112954.864157,0.273966373247,1.50246774312,0.205217859069,0.162961397933,0.436786967562,0.209809337038,0.0623254592955,0.137860984585,0.000204891930702,output logits only; shared parameter gradients unresolved
HeadTrain,Pedestrian,66145,R2,0.254256181987,1.68205219771,1.4464782238,1.69366550446,1.82722370625,2.54708202362,111259.342618,0.276522273225,1.50246774312,0.179584454593,0.16193503461,0.370725829648,0.18105830072,0.0576020857632,0.133341773933,0.000176814746797,output logits only; shared parameter gradients unresolved
HeadTrain,Pedestrian,66145,G1,0.254256181987,1.65450278902,1.43917536736,1.65194940567,1.83187785149,2.53022446632,109437.08698,0.279615615939,1.50246774312,0.152035045903,0.161195666497,0.344771199641,0.169944339815,0.0506555044682,0.13164489224,0.000165961269351,output logits only; shared parameter gradients unresolved
HeadTrain,Pedestrian,66145,G3,0.254256181987,1.65243582026,1.43863997459,1.66084527969,1.81344165802,2.44799496651,109300.367331,0.279884865429,1.50246774312,0.149968077137,0.161239783711,0.345709087005,0.170591554534,0.0502369336235,0.129969835914,0.000166593314975,output logits only; shared parameter gradients unresolved
HeadTrain,Pedestrian,66145,T2,0.254256181987,1.64057301635,1.43701453209,1.65075850487,1.81398711205,2.41234043121,108515.702166,0.281078631259,1.50246774312,0.138105273226,0.160063746851,0.334301409667,0.164912980961,0.0460911182258,0.128656469002,0.000161047832969,output logits only; shared parameter gradients unresolved
HeadTrain,Pedestrian,66145,T3,0.254256181987,1.66562776754,1.44211194515,1.66614711285,1.83272821903,2.59931455612,110172.948684,0.277728324228,1.50246774312,0.16316002442,0.159423611695,0.354428470501,0.174079343802,0.0533072902781,0.130332782476,0.000169999359182,output logits only; shared parameter gradients unresolved
HeadTrain,Pedestrian,66145,PedestrianExpert,1,1.65448955376,1.44714624882,1.66016364098,1.81809406281,2.48398946762,109436.211534,1,1.50246774312,0.152021810644,1,0.349005143131,0.171433110897,0.0499781046036,1,0.000167415147361,output logits only; shared parameter gradients unresolved
HeadTrain,Pedestrian,66145,DualExpert,0.254256181987,1.65448955376,1.44714624882,1.66016364098,1.81809406281,2.48398946762,109436.211534,0.278967981311,1.50246774312,0.152021810644,0.158875702489,0.349005143131,0.171433110897,0.0499781046036,0.128319359624,0.000167415147361,output logits only; shared parameter gradients unresolved
HeadTrain,Bicycle,2980,R0,0.0114548858163,1.57777771666,1.48107532263,1.50140225887,1.74935787916,2.30809383631,4701.77759564,0.0114039263852,1.2545913709,0.323186345762,0.0115622361785,0.465343222907,0.234829627971,0.108233868579,0.0107859477745,0.000229325808566,output logits only; shared parameter gradients unresolved
HeadTrain,Bicycle,2980,R2,0.0114548858163,1.53432798854,1.40484199524,1.42532068491,1.75086197853,2.99155077457,4572.29740584,0.0113639182362,1.2545913709,0.279736617641,0.0113642463887,0.376277767183,0.193748428923,0.102630154294,0.0107034120347,0.00018920745012,output logits only; shared parameter gradients unresolved
HeadTrain,Bicycle,2980,G1,0.0114548858163,1.49054358844,1.39236402512,1.42100405693,1.66878317595,2.8574788928,4441.81989354,0.0113490064447,1.2545913709,0.23595221754,0.0112707537013,0.358408227411,0.188054258194,0.0914665272438,0.0107092437168,0.000183646736518,output logits only; shared parameter gradients unresolved
HeadTrain,Bicycle,2980,G3,0.0114548858163,1.49650389906,1.39666297436,1.42211633921,1.71139380932,2.65401905298,4459.5816192,0.0114196267757,1.2545913709,0.241912528166,0.0117179323746,0.364318699345,0.190288814581,0.0937219751969,0.0109239605676,0.00018582892049,output logits only; shared parameter gradients unresolved
HeadTrain,Bicycle,2980,T2,0.0114548858163,1.38959699366,1.14935933352,1.4155755043,1.47612595558,2.32331752777,4140.99904111,0.0107260637796,1.2545913709,0.135005622764,0.00704942699477,0.277452366668,0.152822295935,0.0569638623968,0.00716362849256,0.000149240523374,output logits only; shared parameter gradients unresolved
HeadTrain,Bicycle,2980,T3,0.0114548858163,1.46073343358,1.38746228218,1.41931706667,1.60765918493,2.58627407312,4352.98563206,0.0109731782568,1.2545913709,0.206142062682,0.00907454257773,0.33300973458,0.175608946353,0.0812421259168,0.00894885729935,0.000171493111673,output logits only; shared parameter gradients unresolved
HeadTrain,Bicycle,2980,DualExpert,0.0114548858163,1.53432798854,1.40484199524,1.42532068491,1.75086197853,2.99155077457,4572.29740584,0.0116554160582,1.2545913709,0.279736617641,0.0131710423356,0.376277767183,0.193748428923,0.102630154294,0.0118715281601,0.00018920745012,output logits only; shared parameter gradients unresolved
HeadTrain,MovingVehicle,41728,R0,0.1603991528,1.76875533143,1.46659858227,1.68445837498,2.10986292362,3.31678353548,73806.6224698,0.179014271148,0.53307575934,1.23567957209,0.619021887288,1.27858709543,0.679708702458,0.526137839798,0.734185789839,0.000663778029744,output logits only; shared parameter gradients unresolved
HeadTrain,MovingVehicle,41728,R2,0.1603991528,1.77599040844,1.41251208782,1.68552803993,2.11231341362,4.29941665173,74108.5277634,0.184188204607,0.53307575934,1.2429146491,0.707039918259,1.26897840968,0.676009495954,0.523456247592,0.76443217034,0.000660165523393,output logits only; shared parameter gradients unresolved
HeadTrain,MovingVehicle,41728,G1,0.1603991528,1.59381311474,1.0407296896,1.51134395599,2.20720815659,3.6272622776,66506.6336518,0.169926793976,0.53307575934,1.0607373554,0.709492918433,1.15687702965,0.631857067159,0.465738367153,0.763571893104,0.000617047917147,output logits only; shared parameter gradients unresolved
HeadTrain,MovingVehicle,41728,G3,0.1603991528,1.60007974675,1.08647391796,1.53929674625,2.14548089504,3.31582637072,66768.1276725,0.170972787054,0.53307575934,1.06700398741,0.723719001224,1.17558817112,0.639173687179,0.47096626693,0.768669764354,0.000624193053885,output logits only; shared parameter gradients unresolved
HeadTrain,MovingVehicle,41728,T2,0.1603991528,1.51293602291,0.856371933222,1.42880100012,2.20419590473,3.80874376297,63131.7943639,0.163524706512,0.53307575934,0.979860263569,0.716436019642,1.09164793369,0.605110536455,0.43655528166,0.768748318793,0.000590928258257,output logits only; shared parameter gradients unresolved
HeadTrain,MovingVehicle,41728,T3,0.1603991528,1.69029615053,1.26560192108,1.60303586721,2.1865449667,3.74697140217,70532.6777692,0.177801562309,0.53307575934,1.15722039119,0.713321819494,1.22514780494,0.659127474291,0.497232418239,0.766932328199,0.000643679174112,output logits only; shared parameter gradients unresolved
HeadTrain,MovingVehicle,41728,VehicleExpert,0.218441468701,1.60732434978,1.06945432425,1.5432985425,2.1675265789,3.62942838907,67070.4304675,0.241016926109,0.53307575934,1.07424859044,0.855423361225,1.17089368251,0.637319413927,0.470945167887,0.887178998609,0.000622382240163,output logits only; shared parameter gradients unresolved
HeadTrain,MovingVehicle,41728,DualExpert,0.1603991528,1.60732434978,1.06945432425,1.5432985425,2.1675265789,3.62942838907,67070.4304675,0.17097176822,0.53307575934,1.07424859044,0.708250556479,1.17089368251,0.637319413927,0.470945167887,0.762804587171,0.000622382240163,output logits only; shared parameter gradients unresolved
HeadTrain,StoppedVehicle,23044,R0,0.0885793250843,1.53034702366,1.45217044353,1.4679287076,1.49025067091,3.68617550135,35265.3168131,0.0855342620332,1.33237289968,0.197974123974,0.0547695111564,0.279075242321,0.143154812502,0.0526075416474,0.0405400930935,0.000139799621584,output logits only; shared parameter gradients unresolved
HeadTrain,StoppedVehicle,23044,R2,0.0885793250843,1.51772341581,1.39209480286,1.4065567255,1.43526291847,4.90233524799,34974.4183939,0.0869248860497,1.33237289968,0.185350516128,0.0582273095909,0.194199930129,0.103374230917,0.0501095413819,0.0404119021553,0.00010095139738,output logits only; shared parameter gradients unresolved
HeadTrain,StoppedVehicle,23044,G1,0.0885793250843,1.47969427532,1.3904759407,1.41006559134,1.47800602913,3.84143420219,34098.0748806,0.0871217836037,1.33237289968,0.147321375643,0.054417209057,0.202945454843,0.107608127505,0.044135267201,0.0399598615231,0.000105086062017,output logits only; shared parameter gradients unresolved
HeadTrain,StoppedVehicle,23044,G3,0.0885793250843,1.47168303784,1.38904212713,1.41384577751,1.52194449902,3.10394866705,33913.4639241,0.0868420254976,1.33237289968,0.139310138164,0.0521815472754,0.222476586752,0.117356805791,0.044241712333,0.0398760581857,0.000114606255655,output logits only; shared parameter gradients unresolved
HeadTrain,StoppedVehicle,23044,T2,0.0885793250843,1.46319713655,1.38656696081,1.40746194124,1.47358065844,3.53209395885,33717.9148147,0.0873365343063,1.33237289968,0.130824236871,0.0528240594799,0.193310515908,0.103773758776,0.0404843513941,0.0393697280364,0.000101341561305,output logits only; shared parameter gradients unresolved
HeadTrain,StoppedVehicle,23044,T3,0.0885793250843,1.50028669184,1.39148215055,1.40809863806,1.45506124496,4.42553251743,34572.6065268,0.0871519932034,1.33237289968,0.16791379216,0.0571591941945,0.197857655515,0.105109585374,0.0477816885964,0.0406995305125,0.000102646079467,output logits only; shared parameter gradients unresolved
HeadTrain,StoppedVehicle,23044,VehicleExpert,0.120632793442,1.48370417628,1.3898645997,1.40918177366,1.4677111268,4.06888630867,34190.4790382,0.122863147032,1.33237289968,0.1513312766,0.0665480457517,0.205695249503,0.109392113085,0.0447372258017,0.0465414868869,0.000106828235435,output logits only; shared parameter gradients unresolved
HeadTrain,StoppedVehicle,23044,DualExpert,0.0885793250843,1.48370417628,1.3898645997,1.40918177366,1.4677111268,4.06888630867,34190.4790382,0.0871562418297,1.33237289968,0.1513312766,0.0550986711057,0.205695249503,0.109392113085,0.0447372258017,0.0400167945214,0.000106828235435,output logits only; shared parameter gradients unresolved
HeadTrain,ParkedVehicle,121939,R0,0.468723933408,1.46702640317,1.45206210613,1.46683239937,1.48455975056,1.49815260172,178887.732577,0.433883247776,1.37636500419,0.0906613989848,0.132720379136,0.20926309105,0.104038777695,0.0140151924073,0.0571505692934,0.000101600368843,output logits only; shared parameter gradients unresolved
HeadTrain,ParkedVehicle,121939,R2,0.468723933408,1.4017428994,1.38699605465,1.40433382988,1.41733441353,1.45831439257,170927.12741,0.424819675502,1.37636500419,0.025377895214,0.0421864796896,0.105949188533,0.0556692802495,0.00737060644854,0.0314540700905,5.43645314937e-05,output logits only; shared parameter gradients unresolved
HeadTrain,ParkedVehicle,121939,G1,0.468723933408,1.39923277469,1.38159868717,1.40187573433,1.41994390488,1.49817850113,170621.045312,0.4359427868,1.37636500419,0.0228677704953,0.0446970731829,0.104514768177,0.056580075025,0.00724048320028,0.0346888998983,5.52539795166e-05,output logits only; shared parameter gradients unresolved
HeadTrain,ParkedVehicle,121939,G3,0.468723933408,1.39264056039,1.37535531521,1.39942228794,1.41337859631,1.4702410388,169817.197294,0.434849987908,1.37636500419,0.0162755562021,0.0322592919752,0.096836897959,0.0545634852898,0.00651909192997,0.0310922507415,5.32846536034e-05,output logits only; shared parameter gradients unresolved
HeadTrain,ParkedVehicle,121939,T2,0.468723933408,1.39700940303,1.37962503433,1.4012556076,1.4181221962,1.49109257221,170349.929596,0.441242364839,1.37636500419,0.0206443988419,0.0441093407217,0.10256534844,0.0563438336347,0.00698543176559,0.0359462215169,5.50232750339e-05,output logits only; shared parameter gradients unresolved
HeadTrain,ParkedVehicle,121939,T3,0.468723933408,1.39935984444,1.38312573433,1.40196239948,1.41712741852,1.47400650501,170636.540071,0.43014733555,1.37636500419,0.0229948402483,0.041420457088,0.102448596932,0.0552983799931,0.00735869480983,0.0331675551617,5.4002324212e-05,output logits only; shared parameter gradients unresolved
HeadTrain,ParkedVehicle,121939,VehicleExpert,0.638337189702,1.40003754948,1.38142194748,1.40232658386,1.41934509277,1.49994328976,170719.178746,0.613477674177,1.37636500419,0.0236725452886,0.0550853774326,0.11170412179,0.0606765352989,0.00787175915443,0.0433338987943,5.92544290028e-05,output logits only; shared parameter gradients unresolved
HeadTrain,ParkedVehicle,121939,DualExpert,0.468723933408,1.40003754948,1.38142194748,1.40232658386,1.41934509277,1.49994328976,170719.178746,0.435186708297,1.37636500419,0.0236725452886,0.0456081175579,0.11170412179,0.0606765352989,0.00787175915443,0.0372588810512,5.92544290028e-05,output logits only; shared parameter gradients unresolved
HeadTrain,OtherOrUnknownVehicleState,4315,R0,0.0165865209052,1.54769760604,1.45363535881,1.47077453136,1.73164634705,2.62628267765,6678.31517005,0.0161979194097,1.18160576415,0.366091841887,0.018964588308,0.459866739184,0.238631898335,0.134975150776,0.019476615414,0.000233038963218,output logits only; shared parameter gradients unresolved
HeadTrain,OtherOrUnknownVehicleState,4315,R2,0.0165865209052,1.50880135848,1.39103410244,1.40652775764,1.72491939068,2.97067788601,6510.47786182,0.0161810423806,1.18160576415,0.327195594325,0.019247011462,0.381848104704,0.202218900095,0.130166186162,0.0196566714461,0.000197479394624,output logits only; shared parameter gradients unresolved
HeadTrain,OtherOrUnknownVehicleState,4315,G1,0.0165865209052,1.45524231248,1.35654218197,1.4044752121,1.62738990784,2.93385251522,6279.37057834,0.0160440132356,1.18160576415,0.273636548328,0.0189263791285,0.354608784206,0.192370334988,0.11457887767,0.019425209518,0.000187861655262,output logits only; shared parameter gradients unresolved
HeadTrain,OtherOrUnknownVehicleState,4315,G3,0.0165865209052,1.45082186467,1.35253434181,1.40192604065,1.61631333828,2.79452446938,6260.29634604,0.0160307073356,1.18160576415,0.269216100517,0.01888244344,0.358203893582,0.195242781736,0.115350907597,0.0194681302375,0.000190666779039,output logits only; shared parameter gradients unresolved
HeadTrain,OtherOrUnknownVehicleState,4315,T2,0.0165865209052,1.43974594299,1.32768859863,1.40264177322,1.54679980278,2.92543236732,6212.50374401,0.0160916993043,1.18160576415,0.258140178843,0.019517406311,0.339919466404,0.187494613219,0.110467764675,0.0201156341593,0.000183100208222,output logits only; shared parameter gradients unresolved
HeadTrain,OtherOrUnknownVehicleState,4315,T3,0.0165865209052,1.48910335536,1.38502233028,1.40504980087,1.70846867561,2.98299132824,6425.48097837,0.0161976064524,1.18160576415,0.307497591208,0.019600374951,0.372162861255,0.198798269446,0.124886508061,0.0199189463514,0.000194138935006,output logits only; shared parameter gradients unresolved
HeadTrain,OtherOrUnknownVehicleState,4315,VehicleExpert,0.0225885481557,1.46023375401,1.3701169014,1.40497231483,1.64926240444,2.80366907597,6300.90864857,0.0226422526826,1.18160576415,0.278627989863,0.022943215591,0.366286694123,0.198537962545,0.117789228722,0.0229456157094,0.000193884729048,output logits only; shared parameter gradients unresolved
HeadTrain,OtherOrUnknownVehicleState,4315,DualExpert,0.0165865209052,1.46023375401,1.3701169014,1.40497231483,1.64926240444,2.80366907597,6300.90864857,0.0160618842839,1.18160576415,0.278627989863,0.0189959100328,0.366286694123,0.198537962545,0.117789228722,0.0197288494723,0.000193884729048,output logits only; shared parameter gradients unresolved
HeadTrain,Vehicle/GTDisplacement/0-1m,146525,R0,0.563230585314,1.46600268086,1.4517791748,1.4665312767,1.48389861584,1.49590128422,214806.042812,0.521001312695,1.37571071952,0.0902919613363,0.158830310603,0.20819685358,0.103432382754,0.0138815964654,0.0680189639999,0.000101008186284,output logits only; shared parameter gradients unresolved
HeadTrain,Vehicle/GTDisplacement/0-1m,146525,R2,0.563230585314,1.40051338543,1.38739821911,1.40438437462,1.41695156097,1.44194184303,205210.2238,0.510026360385,1.37571071952,0.0248026659075,0.0495433251137,0.104735469973,0.054751076249,0.00705317147405,0.0361682229158,5.34678478994e-05,output logits only; shared parameter gradients unresolved
HeadTrain,Vehicle/GTDisplacement/0-1m,146525,G1,0.563230585314,1.40137060186,1.38335571289,1.40253591537,1.423579216,1.51408315659,205335.827437,0.524640279158,1.37571071952,0.0256598823399,0.060266923554,0.10783299546,0.0576083189282,0.00755987814799,0.0435218024518,5.62581239533e-05,output logits only; shared parameter gradients unresolved
HeadTrain,Vehicle/GTDisplacement/0-1m,146525,G3,0.563230585314,1.39778193563,1.37804198265,1.40030908585,1.42210371494,1.5353172636,204809.998118,0.524455865627,1.37571071952,0.0220712161088,0.0525671408581,0.105327091171,0.0578808535022,0.00721703004043,0.0413611561584,5.65242709982e-05,output logits only; shared parameter gradients unresolved
HeadTrain,Vehicle/GTDisplacement/0-1m,146525,T2,0.563230585314,1.39816586229,1.38084673882,1.40171813965,1.42099833488,1.5057131958,204866.252972,0.530646946266,1.37571071952,0.0224551427681,0.0576518499099,0.104602262504,0.0567882280995,0.00693578358389,0.0428868971074,5.54572540035e-05,output logits only; shared parameter gradients unresolved
HeadTrain,Vehicle/GTDisplacement/0-1m,146525,T3,0.563230585314,1.39967587583,1.38444128036,1.40246713161,1.4184981823,1.4695639801,205087.507707,0.516992696628,1.37571071952,0.0239651563153,0.0518721032241,0.103603410057,0.0552942737556,0.00726212030405,0.0393319255599,5.39983142145e-05,output logits only; shared parameter gradients unresolved
HeadTrain,Vehicle/GTDisplacement/0-1m,146525,VehicleExpert,0.76704218274,1.40111217614,1.38297276497,1.40292620659,1.42213418484,1.50005255222,205297.96161,0.737736187151,1.37571071952,0.0254014566257,0.0710262843825,0.1139028405,0.0611497649137,0.00790886466962,0.0523165638775,5.97165672985e-05,output logits only; shared parameter gradients unresolved
HeadTrain,Vehicle/GTDisplacement/0-1m,146525,DualExpert,0.563230585314,1.40111217614,1.38297276497,1.40292620659,1.42213418484,1.50005255222,205297.96161,0.523332790079,1.37571071952,0.0254014566257,0.0588064433575,0.1139028405,0.0611497649137,0.00790886466962,0.0449822583417,5.97165672985e-05,output logits only; shared parameter gradients unresolved
HeadTrain,Vehicle/GTDisplacement/1-3m,4594,R0,0.0176589749799,1.51022995637,1.4003713131,1.47707730532,1.62231403589,2.12048154593,6937.99641955,0.0168277632916,1.10488092942,0.405349026949,0.0223559275691,0.608629108221,0.324624268118,0.163288996022,0.0250857319329,0.000317015886834,output logits only; shared parameter gradients unresolved
HeadTrain,Vehicle/GTDisplacement/1-3m,4594,R2,0.0176589749799,1.49376818782,1.31455559731,1.43748581409,1.70956103802,2.51890766859,6862.37105483,0.0170556323554,1.10488092942,0.388887258399,0.0243550913317,0.589956183595,0.323171715009,0.163033353998,0.0262118969747,0.000315597377939,output logits only; shared parameter gradients unresolved
HeadTrain,Vehicle/GTDisplacement/1-3m,4594,G1,0.0176589749799,1.45411505806,1.14405300617,1.43878996372,1.7466165781,2.46406635046,6680.20457672,0.0170681582347,1.10488092942,0.34923412864,0.0257169997694,0.559745177688,0.308140489924,0.144453843111,0.0260735664087,0.000300918447191,output logits only; shared parameter gradients unresolved
HeadTrain,Vehicle/GTDisplacement/1-3m,4594,G3,0.0176589749799,1.41888670828,1.06941643953,1.42604446411,1.71680430174,2.22535620213,6518.36553785,0.0166915437334,1.10488092942,0.314005778865,0.023447956227,0.535107368964,0.295531457973,0.132887069132,0.0238779006451,0.000288604939427,output logits only; shared parameter gradients unresolved
HeadTrain,Vehicle/GTDisplacement/1-3m,4594,T2,0.0176589749799,1.40238323599,1.02267763615,1.42576795816,1.68894354105,2.33515553713,6442.54858616,0.0166875641245,1.10488092942,0.297502306576,0.023947877323,0.521066909183,0.291464260542,0.127836059441,0.0247834480428,0.000284633066935,output logits only; shared parameter gradients unresolved
HeadTrain,Vehicle/GTDisplacement/1-3m,4594,T3,0.0176589749799,1.48040269924,1.24817098379,1.4388794899,1.72859197855,2.56075319052,6800.9700003,0.0171441540221,1.10488092942,0.37552176982,0.0254840219931,0.582199870143,0.3189728279,0.156455281635,0.0265675348471,0.000311496902247,output logits only; shared parameter gradients unresolved
HeadTrain,Vehicle/GTDisplacement/1-3m,4594,VehicleExpert,0.0240490823239,1.45193582625,1.15776853561,1.43597638607,1.72755664587,2.46069774151,6670.19318581,0.0239692730014,1.10488092942,0.347054896835,0.030425513148,0.562678304412,0.309351798746,0.14402718509,0.0298709339357,0.000302101365963,output logits only; shared parameter gradients unresolved
HeadTrain,Vehicle/GTDisplacement/1-3m,4594,DualExpert,0.0176589749799,1.45193582625,1.15776853561,1.43597638607,1.72755664587,2.46069774151,6670.19318581,0.0170032414493,1.10488092942,0.347054896835,0.0251909026513,0.562678304412,0.309351798746,0.14402718509,0.0256833011884,0.000302101365963,output logits only; shared parameter gradients unresolved
HeadTrain,Vehicle/GTDisplacement/3-5m,1666,R0,0.00640397307717,1.70590165833,1.4128472209,1.6046692729,2.22638618946,2.66632239819,2842.03216279,0.00689320685836,0.77209590864,0.933805749695,0.018676870561,1.04839024199,0.567020282652,0.404322917524,0.022525903686,0.000553730744778,output logits only; shared parameter gradients unresolved
HeadTrain,Vehicle/GTDisplacement/3-5m,1666,R2,0.00640397307717,1.82039936772,1.31384032965,1.6003421545,2.62248075008,4.37044875622,3032.78534663,0.00753763844475,0.77209590864,1.04830345908,0.0238087762442,1.05275646037,0.572315160567,0.409246985473,0.023861156239,0.000558901523992,output logits only; shared parameter gradients unresolved
HeadTrain,Vehicle/GTDisplacement/3-5m,1666,G1,0.00640397307717,1.64631242801,0.832472622395,1.50334894657,2.54880094528,4.09501545429,2742.75650507,0.00700783957891,0.77209590864,0.874216519375,0.0233456858801,0.943378574312,0.518998801022,0.345059011092,0.0225864885717,0.000506834766623,output logits only; shared parameter gradients unresolved
HeadTrain,Vehicle/GTDisplacement/3-5m,1666,G3,0.00640397307717,1.57071529785,0.752530008554,1.49422764778,2.34144890308,3.31930156946,2616.81168622,0.00670085567448,0.77209590864,0.79861938921,0.0216267475182,0.929636704055,0.511543129751,0.333447758461,0.021728273853,0.000499553837647,output logits only; shared parameter gradients unresolved
HeadTrain,Vehicle/GTDisplacement/3-5m,1666,T2,0.00640397307717,1.5302033457,0.638383984566,1.4651350379,2.35977268219,3.83033881187,2549.31877393,0.00660327507739,0.77209590864,0.758107437058,0.0221305114482,0.87168684153,0.486776212806,0.309653882476,0.0217705243396,0.000475367395318,output logits only; shared parameter gradients unresolved
HeadTrain,Vehicle/GTDisplacement/3-5m,1666,T3,0.00640397307717,1.77055136015,1.07434469461,1.5769572854,2.70935118198,4.42416677475,2949.73856601,0.00743581758169,0.77209590864,0.998455451511,0.024572285401,1.01607808492,0.553088386906,0.383735145678,0.023630701472,0.000540125377838,output logits only; shared parameter gradients unresolved
HeadTrain,Vehicle/GTDisplacement/3-5m,1666,VehicleExpert,0.00872132589281,1.67679871614,0.859771311283,1.51150375605,2.56000125408,4.3186195612,2793.54666109,0.0100385821965,0.77209590864,0.904702807503,0.0287627018428,0.961760552048,0.527724579284,0.352732658634,0.0265298018659,0.000515356034457,output logits only; shared parameter gradients unresolved
HeadTrain,Vehicle/GTDisplacement/3-5m,1666,DualExpert,0.00640397307717,1.67679871614,0.859771311283,1.51150375605,2.56000125408,4.3186195612,2793.54666109,0.00712113533375,0.77209590864,0.904702807503,0.0238141726184,0.961760552048,0.527724579284,0.352732658634,0.0228105653896,0.000515356034457,output logits only; shared parameter gradients unresolved
HeadTrain,Vehicle/GTDisplacement/5-8m,2088,R0,0.00802610791425,1.86228694438,1.4402225256,1.74185198545,2.61811053753,2.88445156813,3888.45513988,0.00943125344941,0.594193922492,1.26809302189,0.0317873391249,1.24542891579,0.673868161042,0.538997255246,0.0376353461991,0.000658074376017,output logits only; shared parameter gradients unresolved
HeadTrain,Vehicle/GTDisplacement/5-8m,2088,R2,0.00802610791425,2.03426462027,1.32946056128,1.71614718437,3.74128620625,4.70641789436,4247.54452711,0.0105567823845,0.594193922492,1.44007069777,0.0409910804329,1.24582846108,0.676521471932,0.54420903868,0.039767404175,0.000660665499933,output logits only; shared parameter gradients unresolved
HeadTrain,Vehicle/GTDisplacement/5-8m,2088,G1,0.00802610791425,1.75276544768,0.898906123638,1.53755754232,2.93004827499,4.54247866631,3659.77425475,0.00935085226301,0.594193922492,1.15857152519,0.0387762651716,1.11927879032,0.617270896627,0.466328965003,0.038256323714,0.000602803609987,output logits only; shared parameter gradients unresolved
HeadTrain,Vehicle/GTDisplacement/5-8m,2088,G3,0.00802610791425,1.6600019427,0.826640820503,1.53458547592,2.58240411282,4.31825084209,3466.08405635,0.00887558288566,0.594193922492,1.0658080202,0.0361731093613,1.10444072101,0.608514189593,0.450531311689,0.0367940759799,0.000594252138274,output logits only; shared parameter gradients unresolved
HeadTrain,Vehicle/GTDisplacement/5-8m,2088,T2,0.00802610791425,1.60820328669,0.630042749643,1.4442025423,2.81176064014,4.13563052177,3357.92846261,0.00869774527827,0.594193922492,1.0140093642,0.0370986543114,1.02611858666,0.573933793456,0.417953511813,0.0368278050416,0.000560482220172,output logits only; shared parameter gradients unresolved
HeadTrain,Vehicle/GTDisplacement/5-8m,2088,T3,0.00802610791425,1.95431838975,1.09086471796,1.68375045061,3.54864058495,4.91286260128,4080.6167978,0.0102865801325,0.594193922492,1.36012446726,0.0419518395319,1.20010084623,0.653814788158,0.513625875174,0.0396412579765,0.00063849100406,output logits only; shared parameter gradients unresolved
HeadTrain,Vehicle/GTDisplacement/5-8m,2088,VehicleExpert,0.0109304492582,1.80826184257,0.893071961403,1.58661174774,3.08650035858,4.81652517796,3775.65072729,0.0135677634095,0.594193922492,1.21406792008,0.0483751385928,1.13769430053,0.624666205739,0.475317882568,0.0448051551776,0.000610025591542,output logits only; shared parameter gradients unresolved
HeadTrain,Vehicle/GTDisplacement/5-8m,2088,DualExpert,0.00802610791425,1.80826184257,0.893071961403,1.58661174774,3.08650035858,4.81652517796,3775.65072729,0.00962465391269,0.594193922492,1.21406792008,0.0400523534675,1.13769430053,0.624666205739,0.475317882568,0.038523880696,0.000610025591542,output logits only; shared parameter gradients unresolved
HeadTrain,Vehicle/GTDisplacement/8m+,36153,R0,0.138969290912,1.83009599466,1.54989545345,1.70731651783,2.21083288193,3.98772871971,66163.4604951,0.160476164074,0.461919139296,1.36817685537,0.59382591803,1.37295354267,0.729659478002,0.577412814207,0.698087121822,0.000712558083986,output logits only; shared parameter gradients unresolved
HeadTrain,Vehicle/GTDisplacement/8m+,36153,R2,0.138969290912,1.85787145469,1.52917807102,1.710968256,2.1915705204,5.11905675888,67167.6267014,0.166937394969,0.461919139296,1.39595231539,0.688002445879,1.37145690279,0.729632526917,0.576919838329,0.729946133728,0.000712531764568,output logits only; shared parameter gradients unresolved
HeadTrain,Vehicle/GTDisplacement/8m+,36153,G1,0.138969290912,1.63434740268,1.04444642067,1.54741096497,2.29047045708,4.01252782822,59086.5616491,0.150968248381,0.461919139296,1.17242826338,0.679427705427,1.24318814899,0.679475539409,0.511957334875,0.727207682897,0.000663550331455,output logits only; shared parameter gradients unresolved
HeadTrain,Vehicle/GTDisplacement/8m+,36153,G3,0.138969290912,1.6415740281,1.10888626575,1.58015573025,2.21810064316,3.55539386749,59347.8258379,0.151971659875,0.461919139296,1.17965488881,0.69322732995,1.2665437366,0.689022411081,0.52002503958,0.735344796882,0.000672873448321,output logits only; shared parameter gradients unresolved
HeadTrain,Vehicle/GTDisplacement/8m+,36153,T2,0.138969290912,1.55439641868,0.868467307091,1.4588201046,2.30018782616,4.1413710022,56196.0937246,0.145559774216,0.461919139296,1.09247727939,0.692057933162,1.180123565,0.654212377439,0.483662498485,0.737911227974,0.000638879274843,output logits only; shared parameter gradients unresolved
HeadTrain,Vehicle/GTDisplacement/8m+,36153,T3,0.138969290912,1.74946677384,1.28698806763,1.64929676056,2.26035513878,4.4364648819,63248.4722745,0.15943924915,0.461919139296,1.28754763454,0.687621595577,1.32014076584,0.710123504537,0.547429021866,0.731546940369,0.0006934799849,output logits only; shared parameter gradients unresolved
HeadTrain,Vehicle/GTDisplacement/8m+,36153,VehicleExpert,0.189256959786,1.65252246608,1.07805793285,1.58931589127,2.23624639511,4.09080984116,59743.6447163,0.214688194242,0.461919139296,1.19060332679,0.821410362034,1.25987752861,0.686133932188,0.518630153136,0.846477545143,0.000670052668152,output logits only; shared parameter gradients unresolved
HeadTrain,Vehicle/GTDisplacement/8m+,36153,DualExpert,0.138969290912,1.65252246608,1.07805793285,1.58931589127,2.23624639511,4.09080984116,59743.6447163,0.152294781856,0.461919139296,1.19060332679,0.680089383081,1.25987752861,0.686133932188,0.518630153136,0.727809106601,0.000670052668152,output logits only; shared parameter gradients unresolved
HeadTrain,Pedestrian/GTDisplacement/0-1m,18337,R0,0.0704859869845,1.57058835113,1.53608350754,1.55704414845,1.60010025501,1.95162704945,28799.8785946,0.0698526650219,1.39646085172,0.174127499405,0.0383325946301,0.357309537764,0.16884607051,0.0404939924611,0.0248312024109,0.000164888740732,output logits only; shared parameter gradients unresolved
HeadTrain,Pedestrian/GTDisplacement/0-1m,18337,R2,0.0704859869845,1.47016707297,1.41608791351,1.45780575275,1.50297746658,2.07623253822,26958.4536171,0.0670021294522,1.39646085172,0.0737062212494,0.0184249996838,0.180246499282,0.0921196642772,0.0238728053713,0.0153201402336,8.99606096457e-05,output logits only; shared parameter gradients unresolved
HeadTrain,Pedestrian/GTDisplacement/0-1m,18337,G1,0.0704859869845,1.46119953267,1.40259242058,1.45561397076,1.51147162914,1.82018482685,26794.0158306,0.0684596551929,1.39646085172,0.0647386809473,0.0190285091442,0.18559812987,0.0939148325303,0.0205266850625,0.0147886132622,9.17137036428e-05,output logits only; shared parameter gradients unresolved
HeadTrain,Pedestrian/GTDisplacement/0-1m,18337,G3,0.0704859869845,1.45839081987,1.39613037109,1.4554412365,1.51004989147,1.84060679913,26742.5124639,0.0684794084867,1.39646085172,0.0619299681421,0.0184588867218,0.178627003923,0.0909592327546,0.0198049437763,0.0142044468385,8.88273757369e-05,output logits only; shared parameter gradients unresolved
HeadTrain,Pedestrian/GTDisplacement/0-1m,18337,T2,0.0704859869845,1.45478948598,1.39672913551,1.45611202717,1.51166944504,1.71037356377,26676.4748045,0.069097714664,1.39646085172,0.0583286342595,0.0187411306971,0.181305608049,0.0918356666847,0.017972673029,0.0139077962874,8.96832682467e-05,output logits only; shared parameter gradients unresolved
HeadTrain,Pedestrian/GTDisplacement/0-1m,18337,T3,0.0704859869845,1.45991225209,1.40725007057,1.45649218559,1.50124938488,1.7630308342,26770.4109666,0.0674839102111,1.39646085172,0.0634514003703,0.0171874464342,0.180820169568,0.0919422277113,0.0206902424326,0.0140237416925,8.97873317493e-05,output logits only; shared parameter gradients unresolved
HeadTrain,Pedestrian/GTDisplacement/0-1m,18337,PedestrianExpert,0.277224279991,1.46334440066,1.40994551182,1.46284484863,1.51424417496,1.74722355843,26833.3462749,0.245196228002,1.39646085172,0.0668835489343,0.121967654628,0.192932763459,0.0964280144647,0.0195419252532,0.108397391236,9.41679828757e-05,output logits only; shared parameter gradients unresolved
HeadTrain,Pedestrian/GTDisplacement/0-1m,18337,DualExpert,0.0704859869845,1.46334440066,1.40994551182,1.46284484863,1.51424417496,1.74722355843,26833.3462749,0.0684018967508,1.39646085172,0.0668835489343,0.0193776968099,0.192932763459,0.0964280144647,0.0195419252532,0.0139094838283,9.41679828757e-05,output logits only; shared parameter gradients unresolved
HeadTrain,Pedestrian/GTDisplacement/1-3m,2787,R0,0.0107130089832,1.77787261108,1.56243200302,1.71610498428,2.07135019302,2.1466260767,4954.93096709,0.0120179372254,1.209717364,0.568155247082,0.0190097567124,0.78599762391,0.406043746959,0.218752202354,0.0203877016811,0.00039652709664,output logits only; shared parameter gradients unresolved
HeadTrain,Pedestrian/GTDisplacement/1-3m,2787,R2,0.0107130089832,1.83713118526,1.45909786224,1.72594845295,2.34750714302,2.72168383598,5120.08461332,0.0127253802069,1.209717364,0.627413821259,0.0238377964943,0.777918476971,0.409094219563,0.233023185129,0.0227283077475,0.000399506073792,output logits only; shared parameter gradients unresolved
HeadTrain,Pedestrian/GTDisplacement/1-3m,2787,G1,0.0107130089832,1.74324026168,1.40516281128,1.65554749966,2.27416906357,2.89490020752,4858.4106093,0.0124134104123,1.209717364,0.533522897678,0.0238343143961,0.724058919502,0.381944315527,0.203233841211,0.0222542694505,0.000372992495632,output logits only; shared parameter gradients unresolved
HeadTrain,Pedestrian/GTDisplacement/1-3m,2787,G3,0.0107130089832,1.68956190286,1.38273744583,1.6105222702,2.13597068787,2.75078140259,4708.80902326,0.0120578220549,1.209717364,0.479844538854,0.0217377148857,0.695316866625,0.369141795151,0.190233830522,0.0207370582935,0.000360490034327,output logits only; shared parameter gradients unresolved
HeadTrain,Pedestrian/GTDisplacement/1-3m,2787,T2,0.0107130089832,1.63561810316,1.29685192108,1.57569730282,2.05721459389,2.7695050621,4558.46765351,0.0118073958248,1.209717364,0.42590073916,0.0207984542479,0.657939041185,0.348742190983,0.16741296188,0.0196898954966,0.000340568545882,output logits only; shared parameter gradients unresolved
HeadTrain,Pedestrian/GTDisplacement/1-3m,2787,T3,0.0107130089832,1.75544530322,1.43145029545,1.66260898113,2.27677388191,2.79426773071,4892.42606008,0.0123330210121,1.209717364,0.54572793922,0.0224675138764,0.731975163357,0.386685937731,0.209671224076,0.0215996064711,0.000377622986065,output logits only; shared parameter gradients unresolved
HeadTrain,Pedestrian/GTDisplacement/1-3m,2787,PedestrianExpert,0.0421347040593,1.68601230229,1.36707043648,1.60937952995,2.15070233345,2.73149078369,4698.91628647,0.0429374904396,1.209717364,0.476294938283,0.132010967272,0.68964173662,0.364599627918,0.186724984986,0.15742097555,0.000356054324139,output logits only; shared parameter gradients unresolved
HeadTrain,Pedestrian/GTDisplacement/1-3m,2787,DualExpert,0.0107130089832,1.68601230229,1.36707043648,1.60937952995,2.15070233345,2.73149078369,4698.91628647,0.0119781850305,1.209717364,0.476294938283,0.0209733351615,0.68964173662,0.364599627918,0.186724984986,0.0202001587739,0.000356054324139,output logits only; shared parameter gradients unresolved
HeadTrain,Pedestrian/GTDisplacement/3-5m,2881,R0,0.0110743375962,1.83521791226,1.66864168644,1.78863108158,2.05944442749,2.2567053318,5287.26280522,0.0128239914763,1.38177042044,0.453447491819,0.0156834943021,0.733999737768,0.370739030727,0.169158808106,0.0162973406048,0.000362049834694,output logits only; shared parameter gradients unresolved
HeadTrain,Pedestrian/GTDisplacement/3-5m,2881,R2,0.0110743375962,1.93669552532,1.61596989632,1.81534528732,2.34839367867,3.32255787849,5579.61980844,0.0138675019721,1.38177042044,0.554925104874,0.021794789994,0.758997406088,0.384634376926,0.188807439619,0.0190367742355,0.000375619508717,output logits only; shared parameter gradients unresolved
HeadTrain,Pedestrian/GTDisplacement/3-5m,2881,G1,0.0110743375962,1.91465476001,1.55144095421,1.81998765469,2.37764668465,3.10367975235,5516.12036359,0.0140938820251,1.38177042044,0.53288433957,0.0246087099528,0.759944099064,0.384633770368,0.18439685632,0.0208726273169,0.000375618916375,output logits only; shared parameter gradients unresolved
HeadTrain,Pedestrian/GTDisplacement/3-5m,2881,G3,0.0110743375962,1.87508317014,1.56402397156,1.78498148918,2.30530762672,3.05970373154,5402.11461318,0.013833165967,1.38177042044,0.493312749699,0.0231015947583,0.735103964063,0.374392808041,0.176146956851,0.0198491004613,0.000365617976603,output logits only; shared parameter gradients unresolved
HeadTrain,Pedestrian/GTDisplacement/3-5m,2881,T2,0.0110743375962,1.83840173953,1.50030791759,1.76419007778,2.2896437645,3.01466259956,5296.43541157,0.0137188884771,1.38177042044,0.456631319084,0.0230512589871,0.706154878343,0.359572894615,0.163760204169,0.0199098960142,0.000351145404898,output logits only; shared parameter gradients unresolved
HeadTrain,Pedestrian/GTDisplacement/3-5m,2881,T3,0.0110743375962,1.94832503427,1.60218822956,1.83736658096,2.43773603439,3.198605299,5613.12442374,0.0141497859367,1.38177042044,0.566554613832,0.024111648297,0.779219603521,0.393261640473,0.193427082219,0.0205982620209,0.000384044570774,output logits only; shared parameter gradients unresolved
HeadTrain,Pedestrian/GTDisplacement/3-5m,2881,PedestrianExpert,0.0435558243253,1.88095961199,1.55487465858,1.80066096783,2.3100733757,2.97929944992,5419.04464215,0.0495178384395,1.38177042044,0.499189191551,0.143022877048,0.741547538941,0.376636982454,0.177657621709,0.154828283758,0.000367809553177,output logits only; shared parameter gradients unresolved
HeadTrain,Pedestrian/GTDisplacement/3-5m,2881,DualExpert,0.0110743375962,1.88095961199,1.55487465858,1.80066096783,2.3100733757,2.97929944992,5419.04464215,0.0138138914284,1.38177042044,0.499189191551,0.0227228600629,0.741547538941,0.376636982454,0.177657621709,0.0198674662234,0.000367809553177,output logits only; shared parameter gradients unresolved
HeadTrain,Pedestrian/GTDisplacement/5-8m,22483,R0,0.0864228851705,1.74978449996,1.69981999397,1.7265920639,1.80696008205,2.21758042812,39340.4049127,0.0954181843914,1.58259524942,0.167189250544,0.0451268666499,0.412069324357,0.196282702598,0.0506428976437,0.0380760312618,0.000191682326756,output logits only; shared parameter gradients unresolved
HeadTrain,Pedestrian/GTDisplacement/5-8m,22483,R2,0.0864228851705,1.74743988912,1.65315277576,1.70055150986,1.83306787014,2.95219172955,39287.6910272,0.0976450280668,1.58259524942,0.164844639703,0.0505247470285,0.38029493063,0.181071440998,0.0487304290419,0.0383429474072,0.000176827579099,output logits only; shared parameter gradients unresolved
HeadTrain,Pedestrian/GTDisplacement/5-8m,22483,G1,0.0864228851705,1.73808976675,1.61147451401,1.69310450554,1.88037688732,2.60969408989,39077.4722259,0.0998443193926,1.58259524942,0.155494517332,0.0560379156253,0.377991100448,0.181776884436,0.0488783051668,0.0431768293138,0.000177516488707,output logits only; shared parameter gradients unresolved
HeadTrain,Pedestrian/GTDisplacement/5-8m,22483,G3,0.0864228851705,1.73980740221,1.62510638237,1.69954907894,1.85775990486,2.61760363579,39116.089824,0.100164361784,1.58259524942,0.157212152793,0.0574535327778,0.382869388459,0.183980687183,0.0492012250825,0.043266583602,0.000179668639827,output logits only; shared parameter gradients unresolved
HeadTrain,Pedestrian/GTDisplacement/5-8m,22483,T2,0.0864228851705,1.73029137285,1.61278247833,1.69382858276,1.86468698978,2.48049665928,38902.1409358,0.100764776977,1.58259524942,0.147696123432,0.0581847340644,0.372611343098,0.179742312489,0.0467004092716,0.0443090368177,0.00017552960204,output logits only; shared parameter gradients unresolved
HeadTrain,Pedestrian/GTDisplacement/5-8m,22483,T3,0.0864228851705,1.75658928036,1.63240776062,1.702698946,1.89029393196,2.91427098751,39493.3967904,0.0995565158209,1.58259524942,0.173994030942,0.057787042925,0.39457234773,0.188630301268,0.0525706175672,0.0436885246244,0.000184209278582,output logits only; shared parameter gradients unresolved
HeadTrain,Pedestrian/GTDisplacement/5-8m,22483,PedestrianExpert,0.339904754706,1.73999963853,1.62260055542,1.69521403313,1.86567230225,2.6483980751,39120.411873,0.357472278369,1.58259524942,0.157404389106,0.351939633149,0.379404357344,0.182285836988,0.0488811891168,0.332444552035,0.000178013512684,output logits only; shared parameter gradients unresolved
HeadTrain,Pedestrian/GTDisplacement/5-8m,22483,DualExpert,0.0864228851705,1.73999963853,1.62260055542,1.69521403313,1.86567230225,2.6483980751,39120.411873,0.0997233198713,1.58259524942,0.157404389106,0.0559146564501,0.379404357344,0.182285836988,0.0488811891168,0.0426590720274,0.000178013512684,output logits only; shared parameter gradients unresolved
HeadTrain,Pedestrian/GTDisplacement/8m+,19657,R0,0.0755599632521,1.7587824631,1.70671298504,1.74779057503,1.81408815384,1.9860214138,34572.3868771,0.0838535951322,1.56890544656,0.189877016534,0.044808685639,0.446126353642,0.212084302318,0.058216715852,0.0382687086269,0.000207113576483,output logits only; shared parameter gradients unresolved
HeadTrain,Pedestrian/GTDisplacement/8m+,19657,R2,0.0755599632521,1.74561192204,1.68338422775,1.72860336304,1.8057101965,2.01311722755,34313.4935516,0.085282233527,1.56890544656,0.176706475483,0.0473527014097,0.422830477545,0.20184140914,0.0551120844516,0.0379136043095,0.000197110751113,output logits only; shared parameter gradients unresolved
HeadTrain,Pedestrian/GTDisplacement/8m+,19657,G1,0.0755599632521,1.68851136747,1.60055196285,1.6729195118,1.7885550499,2.1027564621,33191.0679504,0.0848043489166,1.56890544656,0.119605920913,0.0376862173784,0.340634533419,0.165811348649,0.0395594203327,0.0305525528961,0.000161925145165,output logits only; shared parameter gradients unresolved
HeadTrain,Pedestrian/GTDisplacement/8m+,19657,G3,0.0755599632521,1.69562198741,1.61281380653,1.68244314194,1.78321635723,2.0326536274,33330.8414065,0.0853501071362,1.56890544656,0.12671654085,0.0404880545669,0.352429623065,0.171541805497,0.0415071734558,0.0319126467185,0.000167521294431,output logits only; shared parameter gradients unresolved
HeadTrain,Pedestrian/GTDisplacement/8m+,19657,T2,0.0755599632521,1.68297214024,1.57964344025,1.67550694942,1.7910844326,2.09522357941,33082.1833608,0.0856898553156,1.56890544656,0.114066693682,0.0392881688546,0.332819691127,0.161528112036,0.0371772770557,0.0308398443863,0.000157742296911,output logits only; shared parameter gradients unresolved
HeadTrain,Pedestrian/GTDisplacement/8m+,19657,T3,0.0755599632521,1.69932291006,1.62906823158,1.6828840971,1.77539696693,2.1562112236,33403.590443,0.0842050912477,1.56890544656,0.130417463498,0.0378699601624,0.35467544284,0.171790100636,0.0418706526846,0.030422647667,0.000167763770152,output logits only; shared parameter gradients unresolved
HeadTrain,Pedestrian/GTDisplacement/8m+,19657,PedestrianExpert,0.297180436919,1.69733389923,1.61722459793,1.68181681633,1.78264596462,2.14117254257,33364.4924572,0.30487616475,1.56890544656,0.128428452669,0.251058867904,0.353999031544,0.171525656845,0.0415237080644,0.246908797421,0.000167505524263,output logits only; shared parameter gradients unresolved
HeadTrain,Pedestrian/GTDisplacement/8m+,19657,DualExpert,0.0755599632521,1.69733389923,1.61722459793,1.68181681633,1.78264596462,2.14117254257,33364.4924572,0.0850506882302,1.56890544656,0.128428452669,0.0398871540042,0.353999031544,0.171525656845,0.0415237080644,0.0316831787705,0.000167505524263,output logits only; shared parameter gradients unresolved
HeadTrain,Bicycle/GTDisplacement/0-1m,2158,R0,0.00829518241329,1.4956749228,1.47819983959,1.495624125,1.51082234383,1.52772536278,3227.6664834,0.0078285436144,1.39347622518,0.102198697623,0.00264770362429,0.234073309495,0.114747138209,0.0158475675487,0.00114364943393,0.000112057752157,output logits only; shared parameter gradients unresolved
HeadTrain,Bicycle/GTDisplacement/0-1m,2158,R2,0.00829518241329,1.41890430854,1.40112270117,1.4195458889,1.43596330881,1.46887574077,3061.99549782,0.00761023690902,1.39347622518,0.0254280833599,0.000748066358579,0.109632231586,0.0573290208736,0.00705536277847,0.000532846096042,5.59853719468e-05,output logits only; shared parameter gradients unresolved
HeadTrain,Bicycle/GTDisplacement/0-1m,2158,G1,0.00829518241329,1.42029024817,1.39815373421,1.41759163141,1.44226850271,1.52334734797,3064.98635554,0.00783114820855,1.39347622518,0.0268140229894,0.000927525908668,0.122017084999,0.0645979905176,0.00827754254745,0.000701832070969,6.30839751148e-05,output logits only; shared parameter gradients unresolved
HeadTrain,Bicycle/GTDisplacement/0-1m,2158,G3,0.00829518241329,1.42033711639,1.3980333209,1.41717916727,1.44743443727,1.54811143756,3065.08749717,0.00784875314352,1.39347622518,0.0268608912153,0.000942211111126,0.119271474217,0.0630699165743,0.0078387628628,0.000661639452622,6.15917154046e-05,output logits only; shared parameter gradients unresolved
HeadTrain,Bicycle/GTDisplacement/0-1m,2158,T2,0.00829518241329,1.4146309239,1.39455974102,1.4169049263,1.43916712999,1.4920595932,3052.77353378,0.00790732943978,1.39347622518,0.021154698723,0.00079991525953,0.119265752608,0.0653087158704,0.00723949876236,0.000659291233371,6.37780428422e-05,output logits only; shared parameter gradients unresolved
HeadTrain,Bicycle/GTDisplacement/0-1m,2158,T3,0.00829518241329,1.41706601777,1.39816119671,1.41728723049,1.43689389229,1.47833708405,3058.02846634,0.0077087990432,1.39347622518,0.0235897925912,0.000751999278789,0.110794405808,0.0586342389712,0.00699773737756,0.000558186230822,5.72599989953e-05,output logits only; shared parameter gradients unresolved
HeadTrain,Bicycle/GTDisplacement/0-1m,2158,DualExpert,0.00829518241329,1.41890430854,1.40112270117,1.4195458889,1.43596330881,1.46887574077,3061.99549782,0.00780544840543,1.39347622518,0.0254280833599,0.00086700106119,0.109632231586,0.0573290208736,0.00705536277847,0.000590998217548,5.59853719468e-05,output logits only; shared parameter gradients unresolved
HeadTrain,Bicycle/GTDisplacement/1-3m,47,R0,0.000180664306499,1.73112377715,1.51659789085,1.64604198933,2.08357720375,2.23703364372,81.3628175259,0.000197341444312,0.870720569753,0.860403207393,0.000485481233602,0.991897650539,0.514001572544,0.352215533848,0.000553586169242,0.000501954660688,output logits only; shared parameter gradients unresolved
HeadTrain,Bicycle/GTDisplacement/1-3m,47,R2,0.000180664306499,1.75181997076,1.46523623466,1.71925878525,2.07263870239,2.42311302662,82.3355386257,0.000204635491927,0.870720569753,0.881099401007,0.000564544033128,0.999817425583,0.519608580844,0.358081262549,0.00058899343261,0.000507430254731,output logits only; shared parameter gradients unresolved
HeadTrain,Bicycle/GTDisplacement/1-3m,47,G1,0.000180664306499,1.55834401415,1.17173743248,1.45993256569,2.12217268944,2.54126689911,73.2421686649,0.000187136323427,0.870720569753,0.687623444394,0.000518037459986,0.859014719645,0.457285246316,0.284862016959,0.000526032710259,0.000446567623356,output logits only; shared parameter gradients unresolved
HeadTrain,Bicycle/GTDisplacement/1-3m,47,G3,0.000180664306499,1.51737211106,1.13376116753,1.48331618309,1.99411587715,2.2075490427,71.3164892197,0.000182619752116,0.870720569753,0.646651541304,0.000494020007634,0.83438777559,0.451321770417,0.282896363391,0.000520053052097,0.000440743916423,output logits only; shared parameter gradients unresolved
HeadTrain,Bicycle/GTDisplacement/1-3m,47,T2,0.000180664306499,1.10689703676,0.309362059832,1.22695362568,1.54836053848,1.94347791195,52.0241607279,0.000134753584945,0.870720569753,0.23617646701,0.000194500255537,0.494014299138,0.285967510758,0.117261296361,0.000232578685419,0.000279265147225,output logits only; shared parameter gradients unresolved
HeadTrain,Bicycle/GTDisplacement/1-3m,47,T3,0.000180664306499,1.41139372105,1.12128274441,1.44643211365,1.72647061348,2.29036229134,66.3355048895,0.000167221162998,0.870720569753,0.5406731513,0.000375382932899,0.763133751902,0.410655574497,0.229092559451,0.000397996159679,0.000401030834469,output logits only; shared parameter gradients unresolved
HeadTrain,Bicycle/GTDisplacement/1-3m,47,DualExpert,0.000180664306499,1.75181997076,1.46523623466,1.71925878525,2.07263870239,2.42311302662,82.3355386257,0.000209884632141,0.870720569753,0.881099401007,0.000654300611432,0.999817425583,0.519608580844,0.358081262549,0.000653273189773,0.000507430254731,output logits only; shared parameter gradients unresolved
HeadTrain,Bicycle/GTDisplacement/3-5m,34,R0,0.000130693328106,1.88432842844,1.50501979589,1.90715610981,2.23514037132,2.36404105425,64.0671665668,0.000155391708003,0.961187850688,0.923140577749,0.000376807316175,1.01712024782,0.547913010725,0.37840676961,0.000430245841795,0.000535071299536,output logits only; shared parameter gradients unresolved
HeadTrain,Bicycle/GTDisplacement/3-5m,34,R2,0.000130693328106,2.12568909631,1.46071544886,1.9961360693,3.16805078983,3.53117233038,72.2734292746,0.000179627278812,0.961187850688,1.16450124562,0.000539751592139,1.07112778153,0.576817921198,0.415248678271,0.000494103777454,0.00056329875117,output logits only; shared parameter gradients unresolved
HeadTrain,Bicycle/GTDisplacement/3-5m,34,G1,0.000130693328106,1.97329079579,1.41597293615,1.84876155853,3.09438457489,3.71044077396,67.0918870568,0.000171422137062,0.961187850688,1.0121029451,0.000551589813908,1.00573940575,0.545869652949,0.369097758742,0.000493061023498,0.000533075832958,output logits only; shared parameter gradients unresolved
HeadTrain,Bicycle/GTDisplacement/3-5m,34,G3,0.000130693328106,1.97752043079,1.38626662493,1.79007929564,2.95303046703,3.67595330477,67.2356946468,0.000172170083302,0.961187850688,1.0163325801,0.000561682803723,1.01225555447,0.546297970173,0.368438151323,0.00048996599346,0.000533494111497,output logits only; shared parameter gradients unresolved
HeadTrain,Bicycle/GTDisplacement/3-5m,34,T2,0.000130693328106,1.42756830857,0.296351251006,1.49308687449,2.40406763554,3.17585913897,48.5373224914,0.000125721936075,0.961187850688,0.466380457883,0.000277846517764,0.610076286994,0.339770887924,0.177268898635,0.000254348292169,0.000331807507738,output logits only; shared parameter gradients unresolved
HeadTrain,Bicycle/GTDisplacement/3-5m,34,T3,0.000130693328106,1.78667714929,1.08980545998,1.55401134491,3.0918721199,3.51604438782,60.7470230758,0.000153133497127,0.961187850688,0.825489298601,0.000414602795359,0.875264019431,0.479185821708,0.295741424471,0.000371673088678,0.000467954904011,output logits only; shared parameter gradients unresolved
HeadTrain,Bicycle/GTDisplacement/3-5m,34,DualExpert,0.000130693328106,2.12568909631,1.46071544886,1.9961360693,3.16805078983,3.53117233038,72.2734292746,0.000184234929048,0.961187850688,1.16450124562,0.000625566432438,1.07112778153,0.576817921198,0.415248678271,0.000548027758724,0.00056329875117,output logits only; shared parameter gradients unresolved
HeadTrain,Bicycle/GTDisplacement/5-8m,49,R0,0.000188352149329,1.88301911159,1.55471858978,1.76852011681,2.18674721718,2.57753549576,92.2679364681,0.000223791264855,0.844837367339,1.03818174426,0.000610719850165,1.11996084376,0.59493859614,0.424558269098,0.000695684378549,0.000580994722793,output logits only; shared parameter gradients unresolved
HeadTrain,Bicycle/GTDisplacement/5-8m,49,R2,0.000188352149329,1.9325874241,1.45206458569,1.58144676685,2.65081615448,4.06512454987,94.6967837811,0.000235357942103,0.844837367339,1.08775005676,0.000726608129005,1.0589330686,0.570867974691,0.412054853229,0.00070661379536,0.000557488256534,output logits only; shared parameter gradients unresolved
HeadTrain,Bicycle/GTDisplacement/5-8m,49,G1,0.000188352149329,1.63204062472,1.29608492851,1.43305873871,2.30032305717,2.93214203835,79.9699906111,0.00020432614572,0.844837367339,0.787203257377,0.000618294800618,0.93664746838,0.512179073174,0.337764782071,0.000650265619103,0.000500174876147,output logits only; shared parameter gradients unresolved
HeadTrain,Bicycle/GTDisplacement/5-8m,49,G3,0.000188352149329,1.77112869949,1.4241127491,1.54768967628,2.62371344566,3.40536263466,86.7853062749,0.000222230669129,0.844837367339,0.926291332149,0.000737768389066,1.02024896595,0.55227651219,0.37535537403,0.00071938461407,0.000539332531435,output logits only; shared parameter gradients unresolved
HeadTrain,Bicycle/GTDisplacement/5-8m,49,T2,0.000188352149329,1.23813601355,0.525308954716,1.24684250355,1.78388864994,2.47770184517,60.668664664,0.000157144679375,0.844837367339,0.393298646213,0.000337679136193,0.630635256214,0.355958276485,0.174368603079,0.000360563475035,0.00034761550438,output logits only; shared parameter gradients unresolved
HeadTrain,Bicycle/GTDisplacement/5-8m,49,T3,0.000188352149329,1.55083842302,0.825884747505,1.45781004429,2.41087498665,3.01327778816,75.9910827279,0.000191561325302,0.844837367339,0.70600105568,0.000511026347136,0.881542049957,0.48148037516,0.289211372534,0.000523819287986,0.000470195678868,output logits only; shared parameter gradients unresolved
HeadTrain,Bicycle/GTDisplacement/5-8m,49,DualExpert,0.000188352149329,1.9325874241,1.45206458569,1.58144676685,2.65081615448,4.06512454987,94.6967837811,0.000241395149173,0.844837367339,1.08775005676,0.000842131198244,1.0589330686,0.570867974691,0.412054853229,0.000783730042603,0.000557488256534,output logits only; shared parameter gradients unresolved
HeadTrain,Bicycle/GTDisplacement/8m+,692,R0,0.00265999361909,1.78672426543,1.58005702496,1.67318046093,2.08847053051,3.61992772818,1236.41319168,0.00299885835362,0.890981656988,0.89574260844,0.00744152415432,1.07733127605,0.549463669963,0.34409618808,0.00796278195101,0.000536585615199,output logits only; shared parameter gradients unresolved
HeadTrain,Bicycle/GTDisplacement/8m+,692,R2,0.00265999361909,1.82224878083,1.58454326391,1.68287146091,2.03125283718,4.65542990208,1260.99615633,0.00313406061436,0.890981656988,0.931267123843,0.0087852762759,1.08298252385,0.551514953418,0.346059862298,0.00838085493321,0.000538588821697,output logits only; shared parameter gradients unresolved
HeadTrain,Bicycle/GTDisplacement/8m+,692,G1,0.00265999361909,1.67128539258,1.31632102728,1.59457057714,2.00513854027,3.90411619186,1156.52949166,0.00295497362995,0.890981656988,0.780303735589,0.00865530571816,0.988842616601,0.514234792656,0.306674857592,0.00833805229295,0.000502182414704,output logits only; shared parameter gradients unresolved
HeadTrain,Bicycle/GTDisplacement/8m+,692,G3,0.00265999361909,1.68953270504,1.37211461067,1.62649613619,2.02622876167,3.26913448811,1169.15663189,0.0029938531276,0.890981656988,0.798551048051,0.00898225006304,1.01829012869,0.526167607215,0.315260110227,0.00853291745531,0.000513835553921,output logits only; shared parameter gradients unresolved
HeadTrain,Bicycle/GTDisplacement/8m+,692,T2,0.00265999361909,1.33958866972,0.81965726614,1.27951264381,1.8532990098,3.0507219696,926.995359447,0.00240111413938,0.890981656988,0.448607012733,0.00543948582574,0.714696770475,0.393120801004,0.193709518179,0.00565684680657,0.00038390703223,output logits only; shared parameter gradients unresolved
HeadTrain,Bicycle/GTDisplacement/8m+,692,T3,0.00265999361909,1.577866409,1.20183223486,1.53014212847,1.89803609848,3.27358693838,1091.88355502,0.00275246322815,0.890981656988,0.686884752008,0.00702153122355,0.931290257033,0.487855930797,0.277466043339,0.00709718253218,0.000476421807418,output logits only; shared parameter gradients unresolved
HeadTrain,Bicycle/GTDisplacement/8m+,692,DualExpert,0.00265999361909,1.82224878083,1.58454326391,1.68287146091,2.03125283718,4.65542990208,1260.99615633,0.00321445294244,0.890981656988,0.931267123843,0.0101820430323,1.08298252385,0.551514953418,0.346059862298,0.00929549895146,0.000538588821697,output logits only; shared parameter gradients unresolved
HeadTrain,Vehicle/HistoryRecentSpeed/0-0.2mps,136302,R0,0.52393417669,1.48545875542,1.45558860302,1.4682803154,1.48552536964,1.69566838741,202470.999281,0.491083281582,1.38436661263,0.101092142785,0.165421592991,0.199088331447,0.100192516553,0.0167977615394,0.0765653915061,9.78442544467e-05,output logits only; shared parameter gradients unresolved
HeadTrain,Vehicle/HistoryRecentSpeed/0-0.2mps,136302,R2,0.52393417669,1.43549008596,1.39453305006,1.40538281202,1.41890631914,1.92719976187,195660.169697,0.486290801574,1.38436661263,0.0511234733293,0.094994319973,0.102126498797,0.0539861077507,0.0119919172353,0.0572034008496,5.27208083503e-05,output logits only; shared parameter gradients unresolved
HeadTrain,Vehicle/HistoryRecentSpeed/0-0.2mps,136302,G1,0.52393417669,1.42501725469,1.39116586447,1.40362346172,1.42588891983,1.77724872828,194232.701849,0.496271401787,1.38436661263,0.0406506420558,0.0888141716851,0.104069177762,0.0561041540017,0.0112277601486,0.0601278538374,5.47892128923e-05,output logits only; shared parameter gradients unresolved
HeadTrain,Vehicle/HistoryRecentSpeed/0-0.2mps,136302,G3,0.52393417669,1.41891239834,1.38780940771,1.40137398243,1.42699117661,1.72542301536,193400.597719,0.495239875112,1.38436661263,0.0345457857113,0.0765373931631,0.103354180061,0.0569624876612,0.0109707614653,0.0584872804191,5.56274293566e-05,output logits only; shared parameter gradients unresolved
HeadTrain,Vehicle/HistoryRecentSpeed/0-0.2mps,136302,T2,0.52393417669,1.42221440624,1.38985254765,1.40286707878,1.4236700058,1.75247588277,193850.668,0.502114250217,1.38436661263,0.0378477936091,0.0903916870048,0.10229627881,0.0557892779091,0.0108465774211,0.0623896158164,5.44817167081e-05,output logits only; shared parameter gradients unresolved
HeadTrain,Vehicle/HistoryRecentSpeed/0-0.2mps,136302,T3,0.52393417669,1.42963954412,1.39209080935,1.40356278419,1.42030825615,1.86307521701,194862.729142,0.491217670633,1.38436661263,0.0452729314838,0.0911554640425,0.100193835448,0.0540458873553,0.0117341992733,0.059118815911,5.27791868704e-05,output logits only; shared parameter gradients unresolved
HeadTrain,Vehicle/HistoryRecentSpeed/0-0.2mps,136302,VehicleExpert,0.713525907468,1.42640634395,1.39120115042,1.40402156115,1.42434148788,1.80737848163,194422.037493,0.698653661797,1.38436661263,0.0420397313142,0.10934801517,0.110541295102,0.0598743038725,0.0117456695155,0.0722758725117,5.84709998755e-05,output logits only; shared parameter gradients unresolved
HeadTrain,Vehicle/HistoryRecentSpeed/0-0.2mps,136302,DualExpert,0.52393417669,1.42640634395,1.39120115042,1.40402156115,1.42434148788,1.80737848163,194422.037493,0.495608561021,1.38436661263,0.0420397313142,0.0905350451074,0.110541295102,0.0598743038725,0.0117456695155,0.062143453779,5.84709998755e-05,output logits only; shared parameter gradients unresolved
HeadTrain,Vehicle/HistoryRecentSpeed/0.2-0.5mps,13821,R0,0.0531268378749,1.52419318864,1.41769123077,1.44860291481,1.50979220867,3.53685946465,21065.8740602,0.0510942238622,1.25119838728,0.272994801361,0.0452966841995,0.427955621158,0.214233277022,0.0806333721759,0.0372677486057,0.000209212184592,output logits only; shared parameter gradients unresolved
HeadTrain,Vehicle/HistoryRecentSpeed/0.2-0.5mps,13821,R2,0.0531268378749,1.49202549461,1.30935573578,1.37809932232,1.51513290405,4.22578735352,20621.284361,0.051251825637,1.25119838728,0.240827107334,0.0453753401631,0.330030711431,0.176749959895,0.0761380578742,0.0368275018433,0.00017260738271,output logits only; shared parameter gradients unresolved
HeadTrain,Vehicle/HistoryRecentSpeed/0.2-0.5mps,13821,G1,0.0531268378749,1.43293967588,1.29233515263,1.37313389778,1.54371213913,3.25160069466,19804.6592603,0.0506016027141,1.25119838728,0.181741288602,0.0402629602098,0.319105829244,0.17196695017,0.0635242378504,0.0344952485034,0.000167936474776,output logits only; shared parameter gradients unresolved
HeadTrain,Vehicle/HistoryRecentSpeed/0.2-0.5mps,13821,G3,0.0531268378749,1.41429949516,1.27663254738,1.3634326458,1.52090167999,2.80728468895,19547.0333226,0.0500539835744,1.25119838728,0.163101107886,0.0366414575557,0.306871726179,0.168582101953,0.0606919522414,0.0328090005853,0.000164630958939,output logits only; shared parameter gradients unresolved
HeadTrain,Vehicle/HistoryRecentSpeed/0.2-0.5mps,13821,T2,0.0531268378749,1.42012258842,1.28388214111,1.36827981472,1.51032805443,3.24334626198,19627.5142945,0.0508394153361,1.25119838728,0.168924201143,0.0409088279874,0.309830825574,0.169687739014,0.0613153685346,0.0357623601335,0.000165710682631,output logits only; shared parameter gradients unresolved
HeadTrain,Vehicle/HistoryRecentSpeed/0.2-0.5mps,13821,T3,0.0531268378749,1.45545376857,1.30005526543,1.37434136868,1.53257358074,3.75252561569,20115.8265354,0.0507087707182,1.25119838728,0.204255381296,0.0417018033034,0.325252464956,0.174874277521,0.068960362872,0.0352297080686,0.000170775661641,output logits only; shared parameter gradients unresolved
HeadTrain,Vehicle/HistoryRecentSpeed/0.2-0.5mps,13821,VehicleExpert,0.0723514076618,1.43696901237,1.29484248161,1.37326073647,1.53550124168,3.30660920143,19860.34872,0.0713679659813,1.25119838728,0.185770625098,0.0489965220889,0.320614463929,0.172999183223,0.0645103326834,0.0402515015711,0.000168944514866,output logits only; shared parameter gradients unresolved
HeadTrain,Vehicle/HistoryRecentSpeed/0.2-0.5mps,13821,DualExpert,0.0531268378749,1.43696901237,1.29484248161,1.37326073647,1.53550124168,3.30660920143,19860.34872,0.0506267652445,1.25119838728,0.185770625098,0.0405668299558,0.320614463929,0.172999183223,0.0645103326834,0.0346086078313,0.000168944514866,output logits only; shared parameter gradients unresolved
HeadTrain,Vehicle/HistoryRecentSpeed/0.5-1mps,4241,R0,0.0163020707205,1.62684594775,1.37025809288,1.41291105747,2.2839076519,3.18939371109,6899.45366442,0.0167342797669,0.887692607359,0.739153340394,0.0376335670716,0.891472258916,0.458439416031,0.276050107832,0.0391502969972,0.000447694742218,output logits only; shared parameter gradients unresolved
HeadTrain,Vehicle/HistoryRecentSpeed/0.5-1mps,4241,R2,0.0163020707205,1.56860736431,1.18849623203,1.34777879715,2.34358477592,3.31878757477,6652.46383202,0.0165339321454,0.887692607359,0.680914756946,0.0393673404911,0.792547641077,0.417955502354,0.260708119749,0.0386949088727,0.000408159670267,output logits only; shared parameter gradients unresolved
HeadTrain,Vehicle/HistoryRecentSpeed/0.5-1mps,4241,G1,0.0163020707205,1.43020668418,1.051623106,1.30550813675,1.99172866344,3.06963071823,6065.50654759,0.0154975830963,0.887692607359,0.542514076817,0.0368800852127,0.720495767554,0.386081875676,0.218130333924,0.0363466747298,0.000377033081715,output logits only; shared parameter gradients unresolved
HeadTrain,Vehicle/HistoryRecentSpeed/0.5-1mps,4241,G3,0.0163020707205,1.39157131186,0.999529242516,1.26107311249,1.95030593872,3.11546416283,5901.6539336,0.0151123336303,0.887692607359,0.503878704501,0.0347352668472,0.686368815647,0.372483724767,0.209624249429,0.0347722040887,0.000363753637468,output logits only; shared parameter gradients unresolved
HeadTrain,Vehicle/HistoryRecentSpeed/0.5-1mps,4241,T2,0.0163020707205,1.38689185681,1.02427768707,1.26069974899,1.97288775444,3.11875300407,5881.80836471,0.0152351282946,0.887692607359,0.499199249446,0.0370960691816,0.679160255751,0.369251303992,0.204975643942,0.0366849468591,0.000360596976555,output logits only; shared parameter gradients unresolved
HeadTrain,Vehicle/HistoryRecentSpeed/0.5-1mps,4241,T3,0.0163020707205,1.48898332213,1.12207484245,1.32839071751,2.13578414917,3.03520741463,6314.77826916,0.0159185426869,0.887692607359,0.601290714772,0.0376699142149,0.761656640325,0.403278431094,0.237253817769,0.0371921702678,0.000393826592865,output logits only; shared parameter gradients unresolved
HeadTrain,Vehicle/HistoryRecentSpeed/0.5-1mps,4241,VehicleExpert,0.0222011663334,1.44334592165,1.0697157383,1.31476712227,2.02860999107,3.14602274895,6121.23005372,0.0219965794356,0.887692607359,0.555653314292,0.0449697968677,0.731286033866,0.391061424945,0.222736510232,0.0426454813863,0.000381895922798,output logits only; shared parameter gradients unresolved
HeadTrain,Vehicle/HistoryRecentSpeed/0.5-1mps,4241,DualExpert,0.0163020707205,1.44334592165,1.0697157383,1.31476712227,2.02860999107,3.14602274895,6121.23005372,0.0156038587895,0.887692607359,0.555653314292,0.0372328897012,0.731286033866,0.391061424945,0.222736510232,0.0366669734908,0.000381895922798,output logits only; shared parameter gradients unresolved
HeadTrain,Vehicle/HistoryRecentSpeed/1-2mps,3835,R0,0.014741438626,1.73469101979,1.38639137745,1.68315052986,2.15770087242,2.76791171551,6652.54006088,0.0161354031716,0.548388534149,1.18630248564,0.0546176961258,1.28642769032,0.680800507378,0.500452677124,0.0641811142334,0.000664844245486,output logits only; shared parameter gradients unresolved
HeadTrain,Vehicle/HistoryRecentSpeed/1-2mps,3835,R2,0.014741438626,1.69567588628,1.2810131073,1.65830016136,2.15630803108,2.82910032749,6502.9170239,0.0161622507893,0.548388534149,1.14728735213,0.0599808521884,1.25819458703,0.669093113817,0.487563909929,0.0654376836266,0.000653411243962,output logits only; shared parameter gradients unresolved
HeadTrain,Vehicle/HistoryRecentSpeed/1-2mps,3835,G1,0.014741438626,1.49190863979,0.893584048748,1.47009170055,2.080082798,3.07794616699,5721.46963359,0.0146185566505,0.548388534149,0.94352010564,0.0580001556776,1.11631757628,0.60731685576,0.41403690433,0.0623856592626,0.000593082866953,output logits only; shared parameter gradients unresolved
HeadTrain,Vehicle/HistoryRecentSpeed/1-2mps,3835,G3,0.014741438626,1.51178005382,0.85437785387,1.51564097404,2.15543751717,3.04940597534,5797.6765064,0.0148460791892,0.548388534149,0.963391519671,0.06005436102,1.12374926892,0.609777345196,0.419549047615,0.0629318552057,0.000595485688668,output logits only; shared parameter gradients unresolved
HeadTrain,Vehicle/HistoryRecentSpeed/1-2mps,3835,T2,0.014741438626,1.43545748665,0.772798609734,1.41057121754,2.12382240295,3.38290716648,5504.97946129,0.0142590616952,0.548388534149,0.887068952496,0.0596085344235,1.06178813777,0.586115872412,0.395679417765,0.0640362941149,0.000572378781652,output logits only; shared parameter gradients unresolved
HeadTrain,Vehicle/HistoryRecentSpeed/1-2mps,3835,T3,0.014741438626,1.59998875671,1.05208694935,1.61399614811,2.1149251461,2.97888505936,6135.956882,0.0154677626653,0.548388534149,1.05160022257,0.0595741560821,1.20096986976,0.643658204422,0.451840357296,0.0640501905456,0.000628572465256,output logits only; shared parameter gradients unresolved
HeadTrain,Vehicle/HistoryRecentSpeed/1-2mps,3835,VehicleExpert,0.0200758011998,1.51587264814,0.898241066933,1.52816975117,2.11143956184,3.07694664001,5813.37160563,0.0208902931583,0.548388534149,0.967484113995,0.0708040263786,1.13663860274,0.615983333875,0.422605699026,0.0731667990061,0.000601546224488,output logits only; shared parameter gradients unresolved
HeadTrain,Vehicle/HistoryRecentSpeed/1-2mps,3835,DualExpert,0.014741438626,1.51587264814,0.898241066933,1.52816975117,2.11143956184,3.07694664001,5813.37160563,0.0148190851886,0.548388534149,0.967484113995,0.0586224241197,1.13663860274,0.615983333875,0.422605699026,0.0629094804972,0.000601546224488,output logits only; shared parameter gradients unresolved
HeadTrain,Vehicle/HistoryRecentSpeed/2mps+,32827,R0,0.126184408286,1.75310323707,1.54499797821,1.69573998451,2.03079609871,2.5359893465,57549.1199633,0.139582511985,0.427272129111,1.32583110796,0.522506825501,1.38667721102,0.737361177324,0.577707906209,0.634188516298,0.00072007927473,output logits only; shared parameter gradients unresolved
HeadTrain,Vehicle/HistoryRecentSpeed/2mps+,32827,R2,0.126184408286,1.73892577804,1.52418243885,1.6981137991,2.02766065598,2.5350553751,57083.7165158,0.141874998393,0.427272129111,1.31165364893,0.586982866186,1.38076326355,0.734508603021,0.572566512714,0.65779131884,0.000717293557637,output logits only; shared parameter gradients unresolved
HeadTrain,Vehicle/HistoryRecentSpeed/2mps+,32827,G1,0.126184408286,1.57433780525,1.01478757858,1.53153753281,2.17918968201,3.26098208427,51680.787133,0.132046233368,0.427272129111,1.14706567614,0.603576207017,1.25791280918,0.687999273737,0.515046513256,0.66429042771,0.000671874290759,output logits only; shared parameter gradients unresolved
HeadTrain,Vehicle/HistoryRecentSpeed/2mps+,32827,G3,0.126184408286,1.5874774958,1.06548218727,1.56148350239,2.12644429207,3.06177192211,52112.1237545,0.13344323629,0.427272129111,1.16020536669,0.619073805329,1.27902073899,0.696360479706,0.521903003077,0.67010586322,0.000680039530963,output logits only; shared parameter gradients unresolved
HeadTrain,Vehicle/HistoryRecentSpeed/2mps+,32827,T2,0.126184408286,1.47887934928,0.818352413177,1.42834210396,2.17555103302,3.46232551098,48547.1723988,0.125747449419,0.427272129111,1.05160722017,0.604881707557,1.18203812834,0.656708544754,0.480256586896,0.665306685581,0.000641316938236,output logits only; shared parameter gradients unresolved
HeadTrain,Vehicle/HistoryRecentSpeed/2mps+,32827,T3,0.126184408286,1.66746929407,1.26027405262,1.6262127161,2.12958102226,2.97548317909,54738.0145165,0.137985750812,0.427272129111,1.24019716496,0.601400508084,1.33405190503,0.717848943098,0.548155345691,0.665127475432,0.000701024358494,output logits only; shared parameter gradients unresolved
HeadTrain,Vehicle/HistoryRecentSpeed/2mps+,32827,VehicleExpert,0.171845717337,1.58601178993,1.04860286713,1.56903171539,2.1256840229,3.08176140308,52064.0090281,0.187091499628,0.427272129111,1.15873966082,0.725881639494,1.27462465908,0.694477930914,0.520692893303,0.771660345525,0.000678201104408,output logits only; shared parameter gradients unresolved
HeadTrain,Vehicle/HistoryRecentSpeed/2mps+,32827,DualExpert,0.126184408286,1.58601178993,1.04860286713,1.56903171539,2.1256840229,3.08176140308,52064.0090281,0.132718332387,0.427272129111,1.15873966082,0.600996066292,1.27462465908,0.694477930914,0.520692893303,0.663480596618,0.000678201104408,output logits only; shared parameter gradients unresolved
HeadTrain,Pedestrian/HistoryRecentSpeed/0-0.2mps,17757,R0,0.0682565125639,1.58419432713,1.53664073944,1.55786705017,1.60011413097,2.29761325836,28130.5386668,0.068229214506,1.43007752464,0.154116802489,0.0328542950383,0.322384153907,0.153105891433,0.0324408866887,0.0192637652891,0.000149517472102,output logits only; shared parameter gradients unresolved
HeadTrain,Pedestrian/HistoryRecentSpeed/0-0.2mps,17757,R2,0.0682565125639,1.52004707483,1.43114817142,1.46168470383,1.51687669754,3.29222520828,26991.4759077,0.0670842025495,1.43007752464,0.0899695501849,0.0217791136643,0.16795202018,0.0858780764734,0.0226982089847,0.0141056201083,8.38653090561e-05,output logits only; shared parameter gradients unresolved
HeadTrain,Pedestrian/HistoryRecentSpeed/0-0.2mps,17757,G1,0.0682565125639,1.50971701859,1.42857017517,1.46166777611,1.53949048519,2.80716537476,26808.0450991,0.0684955004688,1.43007752464,0.079639493951,0.0226678702633,0.178708850424,0.0905578471701,0.021849421943,0.0152436824822,8.84353976271e-05,output logits only; shared parameter gradients unresolved
HeadTrain,Pedestrian/HistoryRecentSpeed/0-0.2mps,17757,G3,0.0682565125639,1.50891018493,1.42727918625,1.46204209328,1.53778271675,2.79011563301,26793.7181537,0.0686105306225,1.43007752464,0.0788326602841,0.0227537058934,0.174459378098,0.0885617364041,0.0216730460985,0.0150526157794,8.64860707071e-05,output logits only; shared parameter gradients unresolved
HeadTrain,Pedestrian/HistoryRecentSpeed/0-0.2mps,17757,T2,0.0682565125639,1.50660738395,1.42865638733,1.46346449852,1.53860106468,2.68987989426,26752.8273168,0.0692954838276,1.43007752464,0.0765298593068,0.0238114699386,0.17948243537,0.0909945344395,0.0210948106234,0.0158074780702,8.88618500386e-05,output logits only; shared parameter gradients unresolved
HeadTrain,Pedestrian/HistoryRecentSpeed/0-0.2mps,17757,T3,0.0682565125639,1.51615754836,1.42979838848,1.46237206459,1.51897463799,3.16070920944,26922.4095862,0.0678670743398,1.43007752464,0.0860800237169,0.0225794746941,0.174163549616,0.0884421622704,0.0223732342327,0.0146848124245,8.63692990922e-05,output logits only; shared parameter gradients unresolved
HeadTrain,Pedestrian/HistoryRecentSpeed/0-0.2mps,17757,PedestrianExpert,0.268455665583,1.51470359426,1.43611068726,1.46879780293,1.53725976944,2.81727417946,26896.5917232,0.245774148669,1.43007752464,0.084626069615,0.149441371261,0.187588881057,0.0938300140919,0.0219869443353,0.118102113365,9.16308731366e-05,output logits only; shared parameter gradients unresolved
HeadTrain,Pedestrian/HistoryRecentSpeed/0-0.2mps,17757,DualExpert,0.0682565125639,1.51470359426,1.43611068726,1.46879780293,1.53725976944,2.81727417946,26896.5917232,0.0685631181126,1.43007752464,0.084626069615,0.02374260284,0.187588881057,0.0938300140919,0.0219869443353,0.0151547875572,9.16308731366e-05,output logits only; shared parameter gradients unresolved
HeadTrain,Pedestrian/HistoryRecentSpeed/0.2-0.5mps,3164,R0,0.0121621673567,1.67926671317,1.53594859838,1.62057113647,1.93742107153,2.39442920208,5313.19988048,0.012886900555,1.25049812893,0.428768584241,0.0162866588783,0.711985038615,0.336919356786,0.135878216413,0.0143768976099,0.000329022809362,output logits only; shared parameter gradients unresolved
HeadTrain,Pedestrian/HistoryRecentSpeed/0.2-0.5mps,3164,R2,0.0121621673567,1.63427189271,1.34162268639,1.4705286622,2.13340802193,3.51212232113,5170.83626854,0.0128515175967,1.25049812893,0.38377376378,0.0165533849169,0.582051613401,0.286681059253,0.122344564523,0.0135472814199,0.000279961971927,output logits only; shared parameter gradients unresolved
HeadTrain,Pedestrian/HistoryRecentSpeed/0.2-0.5mps,3164,G1,0.0121621673567,1.56440369003,1.28444741964,1.44137787819,1.93678792715,3.06669082403,4949.77327526,0.0126468452452,1.25049812893,0.313905561098,0.0159201852291,0.538460492671,0.266940618959,0.103639376437,0.012883729972,0.000260684198202,output logits only; shared parameter gradients unresolved
HeadTrain,Pedestrian/HistoryRecentSpeed/0.2-0.5mps,3164,G3,0.0121621673567,1.56621134699,1.28469736576,1.42673307657,2.01744024754,3.11583534956,4955.49270189,0.01268950363,1.25049812893,0.315713218061,0.0162369929792,0.532288167073,0.265968499241,0.105284771719,0.0130294013355,0.00025973486254,output logits only; shared parameter gradients unresolved
HeadTrain,Pedestrian/HistoryRecentSpeed/0.2-0.5mps,3164,T2,0.0121621673567,1.54085110863,1.25349663496,1.43266421556,1.94148033857,3.00781463623,4875.25290769,0.012627936667,1.25049812893,0.290352979693,0.0160971302712,0.51415517161,0.256624021679,0.0966626948818,0.0129066263109,0.000250609396171,output logits only; shared parameter gradients unresolved
HeadTrain,Pedestrian/HistoryRecentSpeed/0.2-0.5mps,3164,T3,0.0121621673567,1.60364936437,1.31019191742,1.44224482775,2.10651488304,3.39971797705,5073.94658887,0.0127906051366,1.25049812893,0.353151235439,0.0165058945411,0.557456616723,0.275807470476,0.1138046217,0.0133096432128,0.000269343232887,output logits only; shared parameter gradients unresolved
HeadTrain,Pedestrian/HistoryRecentSpeed/0.2-0.5mps,3164,PedestrianExpert,0.0478343034243,1.57167151405,1.28320375681,1.44738268852,1.96992436647,3.15774211645,4972.76867044,0.0454398832046,1.25049812893,0.321173385113,0.101058559231,0.539013648801,0.26713669403,0.10475789975,0.1002643298,0.000260875677764,output logits only; shared parameter gradients unresolved
HeadTrain,Pedestrian/HistoryRecentSpeed/0.2-0.5mps,3164,DualExpert,0.0121621673567,1.57167151405,1.28320375681,1.44738268852,1.96992436647,3.15774211645,4972.76867044,0.0126762724886,1.25049812893,0.321173385113,0.0160557495903,0.539013648801,0.26713669403,0.10475789975,0.012865854593,0.000260875677764,output logits only; shared parameter gradients unresolved
HeadTrain,Pedestrian/HistoryRecentSpeed/0.5-1mps,6512,R0,0.0250316162536,1.77828790449,1.70337486267,1.74834573269,1.92026495934,2.09620330811,11580.210834,0.0280872221601,1.39085476407,0.387433140415,0.0302889157296,0.658195866215,0.324090821551,0.138481082138,0.030156692519,0.000316494942921,output logits only; shared parameter gradients unresolved
HeadTrain,Pedestrian/HistoryRecentSpeed/0.5-1mps,6512,R2,0.0250316162536,1.78154445527,1.63614990711,1.71705216169,2.07373776436,2.54828842402,11601.4174927,0.0288339860928,1.39085476407,0.390689691202,0.0346833789885,0.629640261576,0.312510706429,0.138987045149,0.0316752252647,0.000305186236747,output logits only; shared parameter gradients unresolved
HeadTrain,Pedestrian/HistoryRecentSpeed/0.5-1mps,6512,G1,0.0250316162536,1.71696902824,1.50473670959,1.69210463762,1.95402448177,2.57404883862,11180.9023119,0.0285675996409,1.39085476407,0.326114264171,0.034040569635,0.586903250914,0.293304172556,0.119885089965,0.0306732583957,0.000286429856012,output logits only; shared parameter gradients unresolved
HeadTrain,Pedestrian/HistoryRecentSpeed/0.5-1mps,6512,G3,0.0250316162536,1.70847508634,1.49550344944,1.698802948,1.91705195904,2.4864319849,11125.5897623,0.0284892381378,1.39085476407,0.317620322271,0.0336201027969,0.585336586182,0.292863767402,0.116920333844,0.0297801489436,0.000285999772853,output logits only; shared parameter gradients unresolved
HeadTrain,Pedestrian/HistoryRecentSpeed/0.5-1mps,6512,T2,0.0250316162536,1.67399809687,1.37843331099,1.68082606792,1.90450572968,2.45204287291,10901.0756068,0.0282360925622,1.39085476407,0.283143332798,0.0323077287708,0.553939226253,0.278153774503,0.104377732544,0.0286839933059,0.000271634545413,output logits only; shared parameter gradients unresolved
HeadTrain,Pedestrian/HistoryRecentSpeed/0.5-1mps,6512,T3,0.0250316162536,1.74208940205,1.58201887608,1.71878659725,1.94488835335,2.50153178692,11344.4861861,0.0285976292307,1.39085476407,0.351234637977,0.0337873080679,0.615766948714,0.306451855817,0.12773465507,0.0307463219756,0.000299269390446,output logits only; shared parameter gradients unresolved
HeadTrain,Pedestrian/HistoryRecentSpeed/0.5-1mps,6512,PedestrianExpert,0.0984503741779,1.70525108441,1.4826670289,1.69446504116,1.93537396193,2.47278992891,11104.5950617,0.101470938239,1.39085476407,0.314396320334,0.203605227737,0.583301571543,0.291448760968,0.115528941255,0.227577007676,0.000284617930633,output logits only; shared parameter gradients unresolved
HeadTrain,Pedestrian/HistoryRecentSpeed/0.5-1mps,6512,DualExpert,0.0250316162536,1.70525108441,1.4826670289,1.69446504116,1.93537396193,2.47278992891,11104.5950617,0.0283071428023,1.39085476407,0.314396320334,0.0323479235871,0.583301571543,0.291448760968,0.115528941255,0.02920253589,0.000284617930633,output logits only; shared parameter gradients unresolved
HeadTrain,Pedestrian/HistoryRecentSpeed/1-2mps,37701,R0,0.144919681262,1.75218687554,1.70257019997,1.73534548283,1.80967593193,2.07023596764,66059.1973947,0.160223279139,1.58141997563,0.170766899912,0.0772910366721,0.420777949738,0.201240671787,0.0536236870214,0.0676064931193,0.000196524093542,output logits only; shared parameter gradients unresolved
HeadTrain,Pedestrian/HistoryRecentSpeed/1-2mps,37701,R2,0.144919681262,1.74093904246,1.66718924046,1.71542692184,1.8135163784,2.28619909286,65635.1428397,0.163128582953,1.58141997563,0.159519066829,0.0819861566103,0.393588744086,0.188762083668,0.0510601518181,0.0673699104165,0.000184337972332,output logits only; shared parameter gradients unresolved
HeadTrain,Pedestrian/HistoryRecentSpeed/1-2mps,37701,G1,0.144919681262,1.7182626875,1.61247587204,1.68440818787,1.84039568901,2.36093664169,64780.2215815,0.165515750264,1.58141997563,0.136842711874,0.0826965085322,0.356679324803,0.173463286138,0.0455248827487,0.067434486302,0.000169397740369,output logits only; shared parameter gradients unresolved
HeadTrain,Pedestrian/HistoryRecentSpeed/1-2mps,37701,G3,0.144919681262,1.71589533148,1.62402427197,1.69127058983,1.81705784798,2.24142408371,64690.969892,0.165653820247,1.58141997563,0.134475355848,0.0824084859314,0.360607025226,0.175437360075,0.0450432064614,0.0664208754558,0.000171325546948,output logits only; shared parameter gradients unresolved
HeadTrain,Pedestrian/HistoryRecentSpeed/1-2mps,37701,T2,0.144919681262,1.70715559841,1.60531365871,1.6858894825,1.82379198074,2.22497081757,64361.4732158,0.166709834947,1.58141997563,0.125735622786,0.0830609518573,0.348886573396,0.16967368801,0.0421349686976,0.0670367433094,0.000165696960947,output logits only; shared parameter gradients unresolved
HeadTrain,Pedestrian/HistoryRecentSpeed/1-2mps,37701,T3,0.144919681262,1.7271251744,1.6348335743,1.69204568863,1.83670210838,2.35272979736,65114.3462001,0.164142817901,1.58141997563,0.145705198773,0.0811464974133,0.370103524734,0.179221904926,0.0479305666624,0.0667936955409,0.000175021391529,output logits only; shared parameter gradients unresolved
HeadTrain,Pedestrian/HistoryRecentSpeed/1-2mps,37701,PedestrianExpert,0.569975054804,1.71788311712,1.62617003918,1.68887829781,1.82340347767,2.29830694199,64765.9113985,0.59181426779,1.58141997563,0.13646314149,0.51164096928,0.361538117954,0.175492179562,0.0453290223181,0.516954618125,0.000171379081603,output logits only; shared parameter gradients unresolved
HeadTrain,Pedestrian/HistoryRecentSpeed/1-2mps,37701,DualExpert,0.144919681262,1.71788311712,1.62617003918,1.68887829781,1.82340347767,2.29830694199,64765.9113985,0.165097231596,1.58141997563,0.13646314149,0.0812873184164,0.361538117954,0.175492179562,0.0453290223181,0.0663352855522,0.000171379081603,output logits only; shared parameter gradients unresolved
HeadTrain,Pedestrian/HistoryRecentSpeed/2mps+,1011,R0,0.00388620455043,1.85135250311,1.71564531326,1.84465742111,1.98473143578,2.08568496704,1871.71738064,0.00453975688738,1.33719629949,0.51415620362,0.00624049161516,0.755743741252,0.391365422723,0.190989685614,0.00645713604822,0.000382192795628,output logits only; shared parameter gradients unresolved
HeadTrain,Pedestrian/HistoryRecentSpeed/2mps+,1011,R2,0.00388620455043,1.84022760533,1.71315908432,1.83441376686,1.96059036255,2.1315690279,1860.47010899,0.00462398403316,1.33719629949,0.503031305839,0.00693300043018,0.750561870156,0.388245686496,0.187771752723,0.00664373672392,0.000379146178219,output logits only; shared parameter gradients unresolved
HeadTrain,Pedestrian/HistoryRecentSpeed/2mps+,1011,G1,0.00388620455043,1.69945075368,1.35685658455,1.71096563339,1.99405121803,2.36812007427,1718.14471197,0.00438992032015,1.33719629949,0.362254454192,0.00587053283724,0.651619930863,0.334912387873,0.136189772701,0.00540973508777,0.000327062878783,output logits only; shared parameter gradients unresolved
HeadTrain,Pedestrian/HistoryRecentSpeed/2mps+,1011,G3,0.00388620455043,1.71572385851,1.43676686287,1.72094607353,1.95110058784,2.33059527874,1734.59682095,0.00444177279237,1.33719629949,0.378527559018,0.0062204961097,0.670559164406,0.344580142666,0.143811608748,0.00568679439946,0.000336504045572,output logits only; shared parameter gradients unresolved
HeadTrain,Pedestrian/HistoryRecentSpeed/2mps+,1011,T2,0.00388620455043,1.60739180914,1.11772298813,1.67419505119,1.94789505005,2.44326503277,1625.07311904,0.00420928325466,1.33719629949,0.270195509655,0.00478646601317,0.532032868091,0.269253889014,0.0989490079153,0.00422162800561,0.00026294325099,output logits only; shared parameter gradients unresolved
HeadTrain,Pedestrian/HistoryRecentSpeed/2mps+,1011,T3,0.00388620455043,1.6990703487,1.19970917702,1.68692135811,2.12481808662,2.78266172409,1717.76012254,0.00433019762072,1.33719629949,0.361874049213,0.00540443697863,0.617318436599,0.315426667734,0.128400597978,0.00479830932198,0.000308033855209,output logits only; shared parameter gradients unresolved
HeadTrain,Pedestrian/HistoryRecentSpeed/2mps+,1011,PedestrianExpert,0.0152846020107,1.67788791279,1.27288603783,1.68133020401,2.07029533386,2.43547477722,1696.34467983,0.0155007620975,1.33719629949,0.340691613303,0.0342538724916,0.612939493401,0.310522321549,0.121317139231,0.0371019310344,0.000303244454638,output logits only; shared parameter gradients unresolved
HeadTrain,Pedestrian/HistoryRecentSpeed/2mps+,1011,DualExpert,0.00388620455043,1.67788791279,1.27288603783,1.68133020401,2.07029533386,2.43547477722,1696.34467983,0.00432421631112,1.33719629949,0.340691613303,0.00544210805506,0.612939493401,0.310522321549,0.121317139231,0.00476089603114,0.000303244454638,output logits only; shared parameter gradients unresolved
HeadTrain,Bicycle/HistoryRecentSpeed/0-0.2mps,2057,R0,0.00790694635039,1.51244074318,1.48118906021,1.49634456635,1.51182365417,2.17440673828,3111.09060872,0.00754579466123,1.39697218139,0.115468561791,0.00285148188168,0.233503768013,0.115394613617,0.0198582714502,0.00136601227534,0.000112690052361,output logits only; shared parameter gradients unresolved
HeadTrain,Bicycle/HistoryRecentSpeed/0-0.2mps,2057,R2,0.00790694635039,1.45239888457,1.40589008331,1.42037522793,1.43800115585,3.00031240463,2987.58450556,0.00742529696376,1.39697218139,0.0554267031819,0.00155427691453,0.113786874008,0.0599195713535,0.013066298135,0.00094062789365,5.85152063999e-05,output logits only; shared parameter gradients unresolved
HeadTrain,Bicycle/HistoryRecentSpeed/0-0.2mps,2057,G1,0.00790694635039,1.4437570252,1.40263216496,1.41838252544,1.44327483177,2.43354459763,2969.80820084,0.00758796466734,1.39697218139,0.046784843813,0.00154259566851,0.124874588867,0.0665259226998,0.0133838190158,0.00108166977563,6.49667213866e-05,output logits only; shared parameter gradients unresolved
HeadTrain,Bicycle/HistoryRecentSpeed/0-0.2mps,2057,G3,0.00790694635039,1.44028590145,1.40420751572,1.41842782497,1.44946577549,2.08506638527,2962.66809928,0.0075864883397,1.39697218139,0.0433137200638,0.00144822533311,0.122844335021,0.0651539215054,0.0126318489747,0.00101630401954,6.36268764701e-05,output logits only; shared parameter gradients unresolved
HeadTrain,Bicycle/HistoryRecentSpeed/0-0.2mps,2057,T2,0.00790694635039,1.436092138,1.40216681957,1.41813123226,1.44311938286,1.91153682232,2954.04152787,0.00765159265212,1.39697218139,0.0391199566137,0.00140999753304,0.126170868342,0.0687882597934,0.0128061175893,0.00111165273139,6.71760349545e-05,output logits only; shared parameter gradients unresolved
HeadTrain,Bicycle/HistoryRecentSpeed/0-0.2mps,2057,T3,0.00790694635039,1.44019658564,1.40414648056,1.41812372208,1.43947143555,2.49109425545,2962.48437667,0.00746794772505,1.39697218139,0.0432244042567,0.00131342466972,0.113823923107,0.0605201077015,0.0123834467492,0.000941555385942,5.91016676772e-05,output logits only; shared parameter gradients unresolved
HeadTrain,Bicycle/HistoryRecentSpeed/0-0.2mps,2057,DualExpert,0.00790694635039,1.45239888457,1.40589008331,1.42037522793,1.43800115585,3.00031240463,2987.58450556,0.00761576453381,1.39697218139,0.0554267031819,0.00180139063711,0.113786874008,0.0599195713535,0.013066298135,0.00104328325318,5.85152063999e-05,output logits only; shared parameter gradients unresolved
HeadTrain,Bicycle/HistoryRecentSpeed/0.2-0.5mps,151,R0,0.000580432133645,1.60331372315,1.45090794563,1.47923004627,1.68981206417,3.67423450947,242.100372195,0.000587202343408,1.26354719795,0.339766525194,0.000615928222161,0.474946286702,0.234121191235,0.0958100338405,0.00048380105188,0.000228633975816,output logits only; shared parameter gradients unresolved
HeadTrain,Bicycle/HistoryRecentSpeed/0.2-0.5mps,151,R2,0.000580432133645,1.59980514271,1.34377408028,1.39149022102,1.7082773447,4.74292159081,241.570576549,0.000600395826542,1.26354719795,0.336257944753,0.000692188785985,0.372577891148,0.192048488617,0.0909608560745,0.000480687119177,0.000187547352165,output logits only; shared parameter gradients unresolved
HeadTrain,Bicycle/HistoryRecentSpeed/0.2-0.5mps,151,G1,0.000580432133645,1.57760789615,1.33108198643,1.399979949,1.83927965164,4.35954880714,238.218792319,0.000608657413871,1.26354719795,0.314060698201,0.000760156775849,0.392135279882,0.201748684937,0.0933702534746,0.000553943961957,0.000197020200134,output logits only; shared parameter gradients unresolved
HeadTrain,Bicycle/HistoryRecentSpeed/0.2-0.5mps,151,G3,0.000580432133645,1.54121446294,1.32956123352,1.38998246193,1.864585042,3.3176599741,232.723383904,0.00059593352316,1.26354719795,0.277667264984,0.000681519039018,0.371057693224,0.195856150918,0.087830228248,0.000518732412803,0.000191265772381,output logits only; shared parameter gradients unresolved
HeadTrain,Bicycle/HistoryRecentSpeed/0.2-0.5mps,151,T2,0.000580432133645,1.38308612844,1.31854176521,1.37750267982,1.51853013039,2.00573611259,208.846005395,0.000540955347185,1.26354719795,0.119538930491,0.000316280203711,0.289433315594,0.153647404657,0.0415912742748,0.000265030915151,0.000150046293611,output logits only; shared parameter gradients unresolved
HeadTrain,Bicycle/HistoryRecentSpeed/0.2-0.5mps,151,T3,0.000580432133645,1.48335981685,1.33321881294,1.39028847218,1.54882502556,3.7274684906,223.987332344,0.000564636121693,1.26354719795,0.219812618895,0.000490310765739,0.36088493018,0.186718938514,0.074315066347,0.000414785777452,0.000182342713393,output logits only; shared parameter gradients unresolved
HeadTrain,Bicycle/HistoryRecentSpeed/0.2-0.5mps,151,DualExpert,0.000580432133645,1.59980514271,1.34377408028,1.39149022102,1.7082773447,4.74292159081,241.570576549,0.000615796683196,1.26354719795,0.336257944753,0.000802239540797,0.372577891148,0.192048488617,0.0909608560745,0.000533146874383,0.000187547352165,output logits only; shared parameter gradients unresolved
HeadTrain,Bicycle/HistoryRecentSpeed/0.5-1mps,49,R0,0.000188352149329,1.72964468781,1.44894895554,1.62034249306,2.21244559288,2.38656858444,84.7525897026,0.000205563167177,0.847758010834,0.881886676974,0.000518777855808,1.06572089086,0.549210642065,0.343286971543,0.000562512618043,0.000536338517642,output logits only; shared parameter gradients unresolved
HeadTrain,Bicycle/HistoryRecentSpeed/0.5-1mps,49,R2,0.000188352149329,1.72629108721,1.27015995979,1.643851161,2.48550581932,2.76486758232,84.5882632732,0.000210234379407,0.847758010834,0.878533076375,0.000586852899638,1.0196043922,0.532097573183,0.340420528353,0.000583771407309,0.000519626536312,output logits only; shared parameter gradients unresolved
HeadTrain,Bicycle/HistoryRecentSpeed/0.5-1mps,49,G1,0.000188352149329,1.47102697406,1.05991485119,1.32516098022,2.03991956711,3.02737690926,72.0803217292,0.00018416776354,0.847758010834,0.623268963231,0.000489535524327,0.85034390767,0.448874426892,0.25032133458,0.000481919271178,0.000438353932511,output logits only; shared parameter gradients unresolved
HeadTrain,Bicycle/HistoryRecentSpeed/0.5-1mps,49,G3,0.000188352149329,1.44769117662,1.03985552788,1.27715849876,1.98919053078,3.10795437813,70.9368676543,0.000181647657206,0.847758010834,0.599933165785,0.000477832092244,0.820721429221,0.442411397641,0.243329772117,0.000466351906267,0.000432042380509,output logits only; shared parameter gradients unresolved
HeadTrain,Bicycle/HistoryRecentSpeed/0.5-1mps,49,T2,0.000188352149329,1.16609725539,0.73721164465,1.20004415512,1.43731844425,1.93698762894,57.1387655139,0.000148001493626,0.847758010834,0.318339244551,0.00027332034359,0.608603598512,0.349588787069,0.161245766077,0.000333427765806,0.000341395299872,output logits only; shared parameter gradients unresolved
HeadTrain,Bicycle/HistoryRecentSpeed/0.5-1mps,49,T3,0.000188352149329,1.35189294633,0.833432984352,1.33613502979,1.82788321972,2.53646661758,66.24275437,0.000166987353822,0.847758010834,0.504134935492,0.000364909135015,0.749401654212,0.400986788072,0.205714348333,0.000372589578785,0.000391588660227,output logits only; shared parameter gradients unresolved
HeadTrain,Bicycle/HistoryRecentSpeed/0.5-1mps,49,DualExpert,0.000188352149329,1.72629108721,1.27015995979,1.643851161,2.48550581932,2.76486758232,84.5882632732,0.000215627137647,0.847758010834,0.878533076375,0.000680156353662,1.0196043922,0.532097573183,0.340420528353,0.000647481259106,0.000519626536312,output logits only; shared parameter gradients unresolved
HeadTrain,Bicycle/HistoryRecentSpeed/1-2mps,79,R0,0.000303669791775,1.80231938181,1.64146280289,1.72831726074,2.0749891758,2.30592031002,142.383231163,0.000345343405476,0.809740845359,0.992578536452,0.000941379072154,1.16841288307,0.602147022569,0.399425546273,0.00105521704196,0.000588034201727,output logits only; shared parameter gradients unresolved
HeadTrain,Bicycle/HistoryRecentSpeed/1-2mps,79,R2,0.000303669791775,1.73848439621,1.47568018436,1.72624266148,2.0760831356,2.26916734695,137.340267301,0.000341343405648,0.809740845359,0.928743550852,0.00100022558659,1.11343321016,0.576601914024,0.37752107934,0.00104375674635,0.000563087806664,output logits only; shared parameter gradients unresolved
HeadTrain,Bicycle/HistoryRecentSpeed/1-2mps,79,G1,0.000303669791775,1.546829201,1.13729290962,1.414041996,2.12005724907,2.83066876888,122.199506879,0.000312224048779,0.809740845359,0.737088355639,0.000933381682292,0.959955045694,0.508177216955,0.306999304131,0.000952894521711,0.000496266813432,output logits only; shared parameter gradients unresolved
HeadTrain,Bicycle/HistoryRecentSpeed/1-2mps,79,G3,0.000303669791775,1.653442247,1.20531153679,1.52613127232,2.11154022217,3.79745326042,130.621937513,0.00033448289604,0.809740845359,0.843701401646,0.00108340846603,1.0367920776,0.541400270749,0.339540178593,0.00104915750332,0.000528711201903,output logits only; shared parameter gradients unresolved
HeadTrain,Bicycle/HistoryRecentSpeed/1-2mps,79,T2,0.000303669791775,1.17448141416,0.44881670475,1.20106995106,1.61151263714,3.01548300266,92.784031719,0.000240330275874,0.809740845359,0.364740568805,0.000504890104592,0.637905748773,0.354908960954,0.15855262043,0.000528588703764,0.000346590782182,output logits only; shared parameter gradients unresolved
HeadTrain,Bicycle/HistoryRecentSpeed/1-2mps,79,T3,0.000303669791775,1.45881384913,1.07976717949,1.48784351349,1.77765128613,2.24126993179,115.246294081,0.000290517413858,0.809740845359,0.649073003771,0.000757464875492,0.92857917502,0.495626984706,0.274713748335,0.000802190519955,0.000484010727252,output logits only; shared parameter gradients unresolved
HeadTrain,Bicycle/HistoryRecentSpeed/1-2mps,79,DualExpert,0.000303669791775,1.73848439621,1.47568018436,1.72624266148,2.0760831356,2.26916734695,137.340267301,0.00035009926408,0.809740845359,0.928743550852,0.0011592509609,1.11343321016,0.576601914024,0.37752107934,0.00115766706603,0.000563087806664,output logits only; shared parameter gradients unresolved
HeadTrain,Bicycle/HistoryRecentSpeed/2mps+,644,R0,0.00247548539118,1.74138322028,1.58061208725,1.66710358858,2.06554987431,2.2051840663,1121.45079386,0.0027200228079,0.883237906756,0.858145313527,0.00663466914675,1.07168279931,0.547503625812,0.33982215702,0.00731840478731,0.000534671509582,output logits only; shared parameter gradients unresolved
HeadTrain,Bicycle/HistoryRecentSpeed/2mps+,644,R2,0.00247548539118,1.74101520677,1.58966070414,1.6821975112,1.99627600908,2.22636748791,1121.21379316,0.00278664766087,0.883237906756,0.857777300012,0.00753070220201,1.0761910652,0.548900785468,0.339628298303,0.00765456886819,0.000536035923309,output logits only; shared parameter gradients unresolved
HeadTrain,Bicycle/HistoryRecentSpeed/2mps+,644,G1,0.00247548539118,1.61415073257,1.33101217747,1.5936383009,1.90826280117,2.67693353176,1039.51307178,0.00265599255118,0.883237906756,0.730912825815,0.00754508405036,0.985207703474,0.513902124133,0.301897727913,0.0076388161863,0.000501857543099,output logits only; shared parameter gradients unresolved
HeadTrain,Bicycle/HistoryRecentSpeed/2mps+,644,G3,0.00247548539118,1.65004865038,1.39808957577,1.62138909101,1.95396575928,2.58009433508,1062.63133085,0.00272107435957,0.883237906756,0.766810743629,0.00802694744419,1.01681256378,0.526422348221,0.312575427543,0.00787341472562,0.000514084324434,output logits only; shared parameter gradients unresolved
HeadTrain,Bicycle/HistoryRecentSpeed/2mps+,644,T2,0.00247548539118,1.28600731461,0.757685261965,1.2520352602,1.79370040894,2.46495689631,828.188710611,0.00214518401075,0.883237906756,0.402769407858,0.00454493880984,0.68843791204,0.381280395816,0.181216062258,0.00492492837645,0.000372344136539,output logits only; shared parameter gradients unresolved
HeadTrain,Bicycle/HistoryRecentSpeed/2mps+,644,T3,0.00247548539118,1.52954173074,1.19597357512,1.51705145836,1.860305655,2.43353311539,985.024874598,0.00248308964236,0.883237906756,0.646303823986,0.00614843313177,0.92183406658,0.484203966566,0.269603759416,0.00641773603721,0.000472855436099,output logits only; shared parameter gradients unresolved
HeadTrain,Bicycle/HistoryRecentSpeed/2mps+,644,DualExpert,0.00247548539118,1.74101520677,1.58966070414,1.6821975112,1.99627600908,2.22636748791,1121.21379316,0.0028581284395,0.883237906756,0.857777300012,0.00872800484311,1.0761910652,0.548900785468,0.339628298303,0.00848994970742,0.000536035923309,output logits only; shared parameter gradients unresolved
HeadTrain,Vehicle/HistoryNetDisplacement/0-0.5m,147522,R0,0.567062974965,1.48631178085,1.45322240591,1.46737617254,1.48563226461,2.1921925807,219263.686534,0.53181310458,1.37248091623,0.113830864612,0.201599473885,0.217362549501,0.109055722206,0.0214902960474,0.106017621675,0.000106499728717,output logits only; shared parameter gradients unresolved
HeadTrain,Vehicle/HistoryNetDisplacement/0-0.5m,147522,R2,0.567062974965,1.43605744032,1.3898660183,1.4048435688,1.4192797184,2.7219350934,211850.065711,0.5265289222,1.37248091623,0.0635765240836,0.127858212714,0.118456231434,0.0626906608273,0.0163174863754,0.0842444013806,6.12213484642e-05,output logits only; shared parameter gradients unresolved
HeadTrain,Vehicle/HistoryNetDisplacement/0-0.5m,147522,G1,0.567062974965,1.42170726331,1.38571275473,1.40300387144,1.42668161392,1.96799856782,209733.098899,0.535875462787,1.37248091623,0.0492263470794,0.116403766464,0.118658932219,0.0639971844877,0.0145147026925,0.0841289142264,6.24972504763e-05,output logits only; shared parameter gradients unresolved
HeadTrain,Vehicle/HistoryNetDisplacement/0-0.5m,147522,G3,0.567062974965,1.41411175121,1.38134359121,1.40075582266,1.4274748683,1.83403283119,208612.593761,0.534193151932,1.37248091623,0.0416308349724,0.0998270588925,0.116620183686,0.0643708868891,0.013996316549,0.0807593797303,6.28621942276e-05,output logits only; shared parameter gradients unresolved
HeadTrain,Vehicle/HistoryNetDisplacement/0-0.5m,147522,T2,0.567062974965,1.41819049593,1.38385443687,1.40221655369,1.42412157059,1.88468120456,209214.29834,0.541909303845,1.37248091623,0.0457095796921,0.118154350217,0.116297311674,0.0635248654909,0.0140042392295,0.0871833745705,6.2036001456e-05,output logits only; shared parameter gradients unresolved
HeadTrain,Vehicle/HistoryNetDisplacement/0-0.5m,147522,T3,0.567062974965,1.42771074897,1.38697882891,1.40295219421,1.42079110146,2.24907437325,210618.74511,0.530936058526,1.37248091623,0.0552298327375,0.120357284565,0.115893613692,0.0624593534579,0.0154230016831,0.0840999498715,6.09954623612e-05,output logits only; shared parameter gradients unresolved
HeadTrain,Vehicle/HistoryNetDisplacement/0-0.5m,147522,VehicleExpert,0.772261367563,1.42324634358,1.38553560972,1.40340614319,1.42503790855,2.0330087781,209960.147097,0.754489704422,1.37248091623,0.0507654273452,0.142913607583,0.124895416867,0.0676363655676,0.015073246811,0.100386876074,6.60511382496e-05,output logits only; shared parameter gradients unresolved
HeadTrain,Vehicle/HistoryNetDisplacement/0-0.5m,147522,DualExpert,0.567062974965,1.42324634358,1.38553560972,1.40340614319,1.42503790855,2.0330087781,209960.147097,0.535217343243,1.37248091623,0.0507654273452,0.118325786607,0.124895416867,0.0676363655676,0.015073246811,0.0863135507953,6.60511382496e-05,output logits only; shared parameter gradients unresolved
HeadTrain,Vehicle/HistoryNetDisplacement/0.5-1.5m,6421,R0,0.0246818194049,1.61480628384,1.39372014999,1.45612692833,2.0658621788,3.40945644379,10368.6711485,0.0251486932516,1.01002076556,0.604785518281,0.0466204672038,0.738254741628,0.383915628077,0.227551793948,0.0488609381142,0.000374917605544,output logits only; shared parameter gradients unresolved
HeadTrain,Vehicle/HistoryNetDisplacement/0.5-1.5m,6421,R2,0.0246818194049,1.59568955421,1.27818226814,1.40243148804,2.18027758598,3.99459209442,10245.9226276,0.0254650598287,1.01002076556,0.585668788649,0.051266044225,0.671623223356,0.358997636308,0.222129295561,0.0499159691393,0.000350583629207,output logits only; shared parameter gradients unresolved
HeadTrain,Vehicle/HistoryNetDisplacement/0.5-1.5m,6421,G1,0.0246818194049,1.47637772506,1.09839844704,1.3912320137,1.93866109848,3.50607042313,9479.82137261,0.0242212778616,1.01002076556,0.4663569595,0.0479991740188,0.611468619523,0.33235875543,0.186607115741,0.0470772643386,0.0003245690971,output logits only; shared parameter gradients unresolved
HeadTrain,Vehicle/HistoryNetDisplacement/0.5-1.5m,6421,G3,0.0246818194049,1.44938498869,1.05178070068,1.37960362434,1.87430727482,3.39268789291,9306.50101237,0.0238311073153,1.01002076556,0.43936422313,0.0458567976383,0.5936140741,0.325127475163,0.179312238458,0.0450334302507,0.000317507299964,output logits only; shared parameter gradients unresolved
HeadTrain,Vehicle/HistoryNetDisplacement/0.5-1.5m,6421,T2,0.0246818194049,1.44440734272,1.06667900085,1.38043868542,1.87834084034,3.60375318527,9274.53954762,0.0240230199829,1.01002076556,0.434386577164,0.0488725234161,0.587991372256,0.322920106177,0.177363686897,0.0480601077651,0.000315351666188,output logits only; shared parameter gradients unresolved
HeadTrain,Vehicle/HistoryNetDisplacement/0.5-1.5m,6421,T3,0.0246818194049,1.52619546365,1.19753980637,1.3961776495,2.06222915649,3.60845775604,9799.70107213,0.0247034738492,1.01002076556,0.516174698096,0.0489599813422,0.643470099198,0.346008751789,0.202191494335,0.0479883249809,0.000337899171669,output logits only; shared parameter gradients unresolved
HeadTrain,Vehicle/HistoryNetDisplacement/0.5-1.5m,6421,VehicleExpert,0.0336132254248,1.4862749896,1.11929321289,1.39107632637,1.97515928745,3.65627064705,9543.37170824,0.0342940115011,1.01002076556,0.476254224045,0.0583566368005,0.616195606083,0.334323312521,0.189391305627,0.0549004678721,0.000326487609884,output logits only; shared parameter gradients unresolved
HeadTrain,Vehicle/HistoryNetDisplacement/0.5-1.5m,6421,DualExpert,0.0246818194049,1.4862749896,1.11929321289,1.39107632637,1.97515928745,3.65627064705,9543.37170824,0.0243273693693,1.01002076556,0.476254224045,0.0483165674001,0.616195606083,0.334323312521,0.189391305627,0.0472039225414,0.000326487609884,output logits only; shared parameter gradients unresolved
HeadTrain,Vehicle/HistoryNetDisplacement/1.5-2.5m,2271,R0,0.00872954553317,1.78743753261,1.40688467026,1.66029167175,2.44536280632,3.01992304325,4059.27063656,0.00984555789279,0.665287530672,1.12215000194,0.0305943067638,1.17723467333,0.622924671807,0.460177894,0.0349479538755,0.000608324874812,output logits only; shared parameter gradients unresolved
HeadTrain,Vehicle/HistoryNetDisplacement/1.5-2.5m,2271,R2,0.00872954553317,1.76220173512,1.37731397152,1.63655555248,2.38055634499,3.18293187618,4001.96014047,0.0099464106956,0.665287530672,1.09691420445,0.0339597787583,1.15968505741,0.616116282854,0.453619380928,0.0360528609916,0.000601676057474,output logits only; shared parameter gradients unresolved
HeadTrain,Vehicle/HistoryNetDisplacement/1.5-2.5m,2271,G1,0.00872954553317,1.54015569991,0.95637267828,1.52389347553,2.09141898155,3.06886351109,3497.6935945,0.00893673046117,0.665287530672,0.87486816924,0.0318472826099,1.04795930166,0.565865719588,0.378303891197,0.0337550138433,0.000552603241785,output logits only; shared parameter gradients unresolved
HeadTrain,Vehicle/HistoryNetDisplacement/1.5-2.5m,2271,G3,0.00872954553317,1.56898956856,1.01721119881,1.53696620464,2.08174967766,3.05180594921,3563.17531019,0.00912420393956,0.665287530672,0.903702037886,0.0333594405624,1.06353211161,0.571614155649,0.387755266209,0.0344427061065,0.000558216948876,output logits only; shared parameter gradients unresolved
HeadTrain,Vehicle/HistoryNetDisplacement/1.5-2.5m,2271,T2,0.00872954553317,1.48429420351,0.850064635277,1.44723272324,2.12681746483,3.11135296822,3370.83213617,0.0087311685233,0.665287530672,0.819006672837,0.0325904435407,0.993851166366,0.5420895477,0.356086635766,0.0341263759755,0.000529384323926,output logits only; shared parameter gradients unresolved
HeadTrain,Vehicle/HistoryNetDisplacement/1.5-2.5m,2271,T3,0.00872954553317,1.64296229375,1.16339981556,1.60289514065,2.18750548363,2.98671233654,3731.16736911,0.00940567419878,0.665287530672,0.977674763081,0.0327984560518,1.11123649798,0.592805787092,0.413197787215,0.0346852764796,0.000578911901457,output logits only; shared parameter gradients unresolved
HeadTrain,Vehicle/HistoryNetDisplacement/1.5-2.5m,2271,VehicleExpert,0.0118884340352,1.55705560804,0.97321408987,1.5272064209,2.12429881096,3.08372132778,3536.07328586,0.0127068442519,0.665287530672,0.89176807737,0.0386471791479,1.05855857639,0.569689297547,0.382431381469,0.0392088400359,0.000556337204635,output logits only; shared parameter gradients unresolved
HeadTrain,Vehicle/HistoryNetDisplacement/1.5-2.5m,2271,DualExpert,0.00872954553317,1.55705560804,0.97321408987,1.5272064209,2.12429881096,3.08372132778,3536.07328586,0.00901393800554,0.665287530672,0.89176807737,0.0319980577789,1.05855857639,0.569689297547,0.382431381469,0.0337121179423,0.000556337204635,output logits only; shared parameter gradients unresolved
HeadTrain,Vehicle/HistoryNetDisplacement/2.5-4m,3190,R0,0.0122621093134,1.76625042324,1.43152961731,1.69516938925,2.18376047611,2.73281685114,5634.33885014,0.0136658070632,0.571607125633,1.19464329761,0.0457510959771,1.27940142782,0.675563612583,0.503290107153,0.0536893250502,0.000659730090413,output logits only; shared parameter gradients unresolved
HeadTrain,Vehicle/HistoryNetDisplacement/2.5-4m,3190,R2,0.0122621093134,1.74319946119,1.41007779837,1.68481189013,2.15550093651,2.83609940529,5560.80628121,0.0138207431184,0.571607125633,1.17159233556,0.0509497740761,1.26653262044,0.670168850463,0.496054796019,0.0553797937835,0.000654461768031,output logits only; shared parameter gradients unresolved
HeadTrain,Vehicle/HistoryNetDisplacement/2.5-4m,3190,G1,0.0122621093134,1.57128191768,1.04201067686,1.55209469795,2.09965703487,3.04905972719,5012.38931739,0.0128068314407,0.571607125633,0.999674792045,0.0511166113914,1.16338704972,0.62637337352,0.43540229586,0.0545709790636,0.000611692747578,output logits only; shared parameter gradients unresolved
HeadTrain,Vehicle/HistoryNetDisplacement/2.5-4m,3190,G3,0.0122621093134,1.60263967515,1.07294166088,1.58683437109,2.15575182438,2.9987237525,5112.42056373,0.0130913479656,0.571607125633,1.03103254952,0.0534612885612,1.1847036103,0.634917883229,0.446113125936,0.0556619108743,0.000620036995341,output logits only; shared parameter gradients unresolved
HeadTrain,Vehicle/HistoryNetDisplacement/2.5-4m,3190,T2,0.0122621093134,1.50666799478,0.85776642561,1.49341869354,2.12933437824,3.22657278061,4806.27090334,0.0124492586787,0.571607125633,0.935060869145,0.052265638769,1.09983652865,0.60088832758,0.412849489814,0.0555776011431,0.000586805007403,output logits only; shared parameter gradients unresolved
HeadTrain,Vehicle/HistoryNetDisplacement/2.5-4m,3190,T3,0.0122621093134,1.66370988249,1.21269158125,1.66272497177,2.08655946255,2.89411837339,5307.23452516,0.0133786865884,0.571607125633,1.09210275686,0.051463112366,1.23174802227,0.655610627699,0.468964761109,0.0552969187981,0.000640244753612,output logits only; shared parameter gradients unresolved
HeadTrain,Vehicle/HistoryNetDisplacement/2.5-4m,3190,VehicleExpert,0.0166992974778,1.59273476173,1.04726853371,1.58807176352,2.106143713,2.94315303564,5080.82388991,0.0182578902135,0.571607125633,1.02112763609,0.062161209698,1.18257407564,0.634788541757,0.443632616949,0.0638892058421,0.00061991068531,output logits only; shared parameter gradients unresolved
HeadTrain,Vehicle/HistoryNetDisplacement/2.5-4m,3190,DualExpert,0.0122621093134,1.59273476173,1.04726853371,1.58807176352,2.106143713,2.94315303564,5080.82388991,0.0129517201309,0.571607125633,1.02112763609,0.0514665759152,1.18257407564,0.634788541757,0.443632616949,0.0549325213553,0.00061991068531,output logits only; shared parameter gradients unresolved
HeadTrain,Vehicle/HistoryNetDisplacement/4m+,31622,R0,0.121552482981,1.7491626039,1.53594456911,1.69376128912,2.02675344944,2.55603309631,55312.0198604,0.13415653758,0.429695140438,1.31946746346,0.500911022059,1.38272933464,0.735401778421,0.574803090565,0.607837228926,0.000718165799239,output logits only; shared parameter gradients unresolved
HeadTrain,Vehicle/HistoryNetDisplacement/4m+,31622,R2,0.121552482981,1.73492494687,1.51494332552,1.69685143232,2.02320456505,2.5397066021,54861.7966698,0.136352672696,0.429695140438,1.30522980643,0.562666909228,1.3766621411,0.732436175512,0.569599430741,0.630361788737,0.000715269702648,output logits only; shared parameter gradients unresolved
HeadTrain,Vehicle/HistoryNetDisplacement/4m+,31622,G1,0.121552482981,1.57428756056,1.0219326973,1.52734661102,2.17845408916,3.28085885525,49782.12124,0.127195075065,0.429695140438,1.14459242012,0.580166745318,1.25555751401,0.686767719413,0.51360398136,0.638113692572,0.000670671600989,output logits only; shared parameter gradients unresolved
HeadTrain,Vehicle/HistoryNetDisplacement/4m+,31622,G3,0.121552482981,1.58637640214,1.06436889172,1.55786389112,2.12803297043,3.08467998505,50164.3945885,0.128455696642,0.429695140438,1.1566812617,0.59453769826,1.27523285436,0.694592688588,0.520044132193,0.643208776557,0.000678313172449,output logits only; shared parameter gradients unresolved
HeadTrain,Vehicle/HistoryNetDisplacement/4m+,31622,T2,0.121552482981,1.47828099399,0.827948969603,1.42273372412,2.17734963894,3.49086943626,46746.2015918,0.121082553932,0.429695140438,1.04858585355,0.581003870212,1.17902036201,0.655501252657,0.4790183075,0.639232443051,0.000640137942048,output logits only; shared parameter gradients unresolved
HeadTrain,Vehicle/HistoryNetDisplacement/4m+,31622,T3,0.121552482981,1.66689195083,1.26281174421,1.62130492926,2.12986409664,3.0005704093,52710.4572691,0.132874604352,0.429695140438,1.23719681039,0.577923011403,1.33132907982,0.716385726467,0.546389202038,0.638647890095,0.000699595436003,output logits only; shared parameter gradients unresolved
HeadTrain,Vehicle/HistoryNetDisplacement/4m+,31622,VehicleExpert,0.1655376755,1.58625580035,1.05673578978,1.56679904461,2.1237552166,3.08312317848,50160.5809186,0.180251549611,0.429695140438,1.15656065991,0.69792136677,1.27262340787,0.69341414049,0.519488101751,0.741614610176,0.000677162246572,output logits only; shared parameter gradients unresolved
HeadTrain,Vehicle/HistoryNetDisplacement/4m+,31622,DualExpert,0.121552482981,1.58625580035,1.05673578978,1.56679904461,2.1237552166,3.08312317848,50160.5809186,0.127866231882,0.429695140438,1.15656065991,0.577846267474,1.27262340787,0.69341414049,0.519488101751,0.637646999582,0.000677162246572,output logits only; shared parameter gradients unresolved
HeadTrain,Pedestrian/HistoryNetDisplacement/0-0.5m,19845,R0,0.0762826204781,1.59376250714,1.53638236523,1.5588940382,1.62370872498,2.32857066154,31628.2169541,0.0767126582453,1.41126299932,0.182499507815,0.0434795828739,0.3618916435,0.171947758503,0.0433155274441,0.0287457455993,0.000167917732913,output logits only; shared parameter gradients unresolved
HeadTrain,Pedestrian/HistoryNetDisplacement/0-0.5m,19845,R2,0.0762826204781,1.53184112402,1.42143051624,1.46103930473,1.55860989094,3.39127666473,30399.3871062,0.0755541730651,1.41126299932,0.120578124699,0.0326208058937,0.208144766663,0.105838815255,0.0332113602239,0.0230658128906,0.000103358218023,output logits only; shared parameter gradients unresolved
HeadTrain,Pedestrian/HistoryNetDisplacement/0-0.5m,19845,G1,0.0762826204781,1.51441238715,1.41955518723,1.46081483364,1.58453726768,2.84724182129,30053.5138229,0.0767877874919,1.41126299932,0.103149387825,0.0328118252567,0.214099797094,0.108206401435,0.030424318866,0.0237220553631,0.000105670313901,output logits only; shared parameter gradients unresolved
HeadTrain,Pedestrian/HistoryNetDisplacement/0-0.5m,19845,G3,0.0762826204781,1.51296153812,1.41627533436,1.46092784405,1.57770204544,2.83737855911,30024.721724,0.0768841441662,1.41126299932,0.101698538801,0.0328051614409,0.209136272254,0.106064867994,0.0301640816696,0.0234133543558,0.00010357897265,output logits only; shared parameter gradients unresolved
HeadTrain,Pedestrian/HistoryNetDisplacement/0-0.5m,19845,T2,0.0762826204781,1.50931397302,1.41904025078,1.46221864223,1.57527494431,2.75270553589,29952.3357945,0.0775828878223,1.41126299932,0.0980509736954,0.0340948442355,0.212400409933,0.107579928679,0.0290057019141,0.0242913608286,0.000105058524101,output logits only; shared parameter gradients unresolved
HeadTrain,Pedestrian/HistoryNetDisplacement/0-0.5m,19845,T3,0.0762826204781,1.52527511979,1.41976456642,1.46129798889,1.55485155582,3.25509487152,30269.0847523,0.0763035053942,1.41126299932,0.114012120474,0.0334228890727,0.211806861033,0.107249759123,0.0321339619231,0.0235714021459,0.000104736092893,output logits only; shared parameter gradients unresolved
HeadTrain,Pedestrian/HistoryNetDisplacement/0-0.5m,19845,PedestrianExpert,0.300022677451,1.52068737638,1.42837533951,1.46809983253,1.5746796608,2.90728586197,30178.0409843,0.275759189407,1.41126299932,0.10942437706,0.215954503139,0.223386279942,0.111697360634,0.0309068336797,0.185536267645,0.000109079453744,output logits only; shared parameter gradients unresolved
HeadTrain,Pedestrian/HistoryNetDisplacement/0-0.5m,19845,DualExpert,0.0762826204781,1.52068737638,1.42837533951,1.46809983253,1.5746796608,2.90728586197,30178.0409843,0.0769279843968,1.41126299932,0.10942437706,0.0343099233918,0.223386279942,0.111697360634,0.0309068336797,0.0238078950511,0.000109079453744,output logits only; shared parameter gradients unresolved
HeadTrain,Pedestrian/HistoryNetDisplacement/0.5-1.5m,5866,R0,0.0225484430196,1.74827667159,1.62589502335,1.72588908672,1.8979549408,2.18427280188,10255.3909556,0.0248739378096,1.37179044378,0.376486227812,0.0265132960248,0.653124996575,0.316851587843,0.129272402915,0.0253586860854,0.000309425378753,output logits only; shared parameter gradients unresolved
HeadTrain,Pedestrian/HistoryNetDisplacement/0.5-1.5m,5866,R2,0.0225484430196,1.73751074338,1.48615384102,1.6951161623,2.01211941242,2.64888546467,10192.2380207,0.0253316329255,1.37179044378,0.365720299598,0.0292459803005,0.610553242462,0.300394995421,0.125952145887,0.0258570293295,0.000293354487716,output logits only; shared parameter gradients unresolved
HeadTrain,Pedestrian/HistoryNetDisplacement/0.5-1.5m,5866,G1,0.0225484430196,1.68100004252,1.38653808832,1.66873788834,1.93241840601,2.59041401148,9860.74624944,0.0251945543531,1.37179044378,0.309209598742,0.0290741922432,0.569016088894,0.282283498904,0.109033957361,0.0251295193186,0.000275667479399,output logits only; shared parameter gradients unresolved
HeadTrain,Pedestrian/HistoryNetDisplacement/0.5-1.5m,5866,G3,0.0225484430196,1.68099630501,1.36653602123,1.67465102673,1.92661958933,2.69961260557,9860.72432518,0.0252503039851,1.37179044378,0.309205861228,0.0294826243802,0.569696201387,0.283375298521,0.109191989424,0.025052741902,0.000276733689961,output logits only; shared parameter gradients unresolved
HeadTrain,Pedestrian/HistoryNetDisplacement/0.5-1.5m,5866,T2,0.0225484430196,1.65798155476,1.33441609144,1.66933101416,1.90783977509,2.65175664425,9725.71980023,0.02519167231,1.37179044378,0.286191110981,0.0294160188974,0.551496951379,0.274827115028,0.101166711134,0.0250436169577,0.00026838585452,output logits only; shared parameter gradients unresolved
HeadTrain,Pedestrian/HistoryNetDisplacement/0.5-1.5m,5866,T3,0.0225484430196,1.70596087654,1.43306916952,1.68455171585,1.95283138752,2.67034729719,10007.1665018,0.0252264609054,1.37179044378,0.334170432755,0.028956891644,0.592566354745,0.292843629738,0.116793778431,0.0253239709493,0.000285980107166,output logits only; shared parameter gradients unresolved
HeadTrain,Pedestrian/HistoryNetDisplacement/0.5-1.5m,5866,PedestrianExpert,0.0886839519238,1.67887256275,1.36325269938,1.67639672756,1.92641830444,2.64984830618,9848.26645309,0.0899909300137,1.37179044378,0.307082118968,0.179140452018,0.568432665566,0.281995732775,0.108225861505,0.192042038704,0.000275386457788,output logits only; shared parameter gradients unresolved
HeadTrain,Pedestrian/HistoryNetDisplacement/0.5-1.5m,5866,DualExpert,0.0225484430196,1.67887256275,1.36325269938,1.67639672756,1.92641830444,2.64984830618,9848.26645309,0.0251045880822,1.37179044378,0.307082118968,0.0284610651584,0.568432665566,0.281995732775,0.108225861505,0.0246427114273,0.000275386457788,output logits only; shared parameter gradients unresolved
HeadTrain,Pedestrian/HistoryNetDisplacement/1.5-2.5m,16474,R0,0.0633247613886,1.75824421218,1.70253349543,1.73154515028,1.84125590324,2.09914217949,28965.3151515,0.0702539231157,1.53445457558,0.223789636605,0.0442600194982,0.476273329739,0.23128775423,0.0747776370025,0.0411954893654,0.00022586694749,output logits only; shared parameter gradients unresolved
HeadTrain,Pedestrian/HistoryNetDisplacement/1.5-2.5m,16474,R2,0.0633247613886,1.75011007153,1.65497879982,1.70363807678,1.88370258808,2.39847264528,28831.3133184,0.071656906389,1.53445457558,0.215655495954,0.0484322504955,0.443777697091,0.216274501511,0.072912416729,0.0420369843827,0.000211205567881,output logits only; shared parameter gradients unresolved
HeadTrain,Pedestrian/HistoryNetDisplacement/1.5-2.5m,16474,G1,0.0633247613886,1.72390636845,1.60416274071,1.68434613943,1.8717012167,2.47338617802,28399.6335139,0.0725620649872,1.53445457558,0.189451792876,0.0500276857471,0.418482475852,0.206003778389,0.0664327406504,0.0429993191329,0.000201175564833,output logits only; shared parameter gradients unresolved
HeadTrain,Pedestrian/HistoryNetDisplacement/1.5-2.5m,16474,G3,0.0633247613886,1.71838121366,1.61589697599,1.6912483573,1.83975262642,2.31512737274,28308.6121138,0.0724897114755,1.53445457558,0.183926638084,0.0492515675295,0.42151428597,0.207336162744,0.0648256271677,0.0417703597507,0.00020247672143,output logits only; shared parameter gradients unresolved
HeadTrain,Pedestrian/HistoryNetDisplacement/1.5-2.5m,16474,T2,0.0633247613886,1.70231628403,1.59934105873,1.6853826642,1.83631515503,2.28822349787,28043.9584632,0.0726397867088,1.53445457558,0.16786170846,0.0484547544698,0.405776878681,0.199623036881,0.0588980263237,0.0409465358763,0.000194944371954,output logits only; shared parameter gradients unresolved
HeadTrain,Pedestrian/HistoryNetDisplacement/1.5-2.5m,16474,T3,0.0633247613886,1.73705313589,1.62909631729,1.69946759939,1.87493304014,2.40939750195,28616.2133607,0.0721368818513,1.53445457558,0.202598560315,0.0493034463454,0.438276787585,0.214621573372,0.0702567468751,0.0427816113066,0.000209591380247,output logits only; shared parameter gradients unresolved
HeadTrain,Pedestrian/HistoryNetDisplacement/1.5-2.5m,16474,PedestrianExpert,0.249058885781,1.71753003679,1.61438148022,1.68928158283,1.84664078951,2.36971497536,28294.5898261,0.258548696356,1.53445457558,0.183075461216,0.29993439883,0.420158685988,0.206448229091,0.0641318232737,0.319591960807,0.000201609598722,output logits only; shared parameter gradients unresolved
HeadTrain,Pedestrian/HistoryNetDisplacement/1.5-2.5m,16474,DualExpert,0.0633247613886,1.71753003679,1.61438148022,1.68928158283,1.84664078951,2.36971497536,28294.5898261,0.0721268078929,1.53445457558,0.183075461216,0.0476522883146,0.420158685988,0.206448229091,0.0641318232737,0.0410098357516,0.000201609598722,output logits only; shared parameter gradients unresolved
HeadTrain,Pedestrian/HistoryNetDisplacement/2.5-4m,23278,R0,0.0894788026954,1.75413544361,1.70616027117,1.74077272415,1.80863096714,2.03855982304,40832.7648563,0.09903782879,1.59588152044,0.158253923173,0.0442254964952,0.407935370297,0.193991579462,0.0487161443689,0.0379225419208,0.000189444901819,output logits only; shared parameter gradients unresolved
HeadTrain,Pedestrian/HistoryNetDisplacement/2.5-4m,23278,R2,0.0894788026954,1.74304025844,1.68038796186,1.72314912081,1.80657404661,2.17993419647,40574.4911361,0.100843221431,1.59588152044,0.147158738008,0.0466989134884,0.385233600591,0.183563281652,0.0461989728399,0.0376364785494,0.000179261017238,output logits only; shared parameter gradients unresolved
HeadTrain,Pedestrian/HistoryNetDisplacement/2.5-4m,23278,G1,0.0894788026954,1.7187565768,1.6151945591,1.68628585339,1.83841317892,2.32505684376,40009.2155948,0.102224956553,1.59588152044,0.122875056364,0.0458481721161,0.339518820891,0.164358896724,0.0400067507349,0.0365897373441,0.000160506735082,output logits only; shared parameter gradients unresolved
HeadTrain,Pedestrian/HistoryNetDisplacement/2.5-4m,23278,G3,0.0894788026954,1.71728925051,1.62712261677,1.69342696667,1.81544333696,2.23372354031,39975.0591733,0.102363919999,1.59588152044,0.121407730072,0.0459376068097,0.343203182115,0.166322313269,0.0397621769768,0.0362024735351,0.000162424134052,output logits only; shared parameter gradients unresolved
HeadTrain,Pedestrian/HistoryNetDisplacement/2.5-4m,23278,T2,0.0894788026954,1.70741502497,1.5998791337,1.68616181612,1.82661681175,2.21404115438,39745.2069511,0.102948496355,1.59588152044,0.111533504528,0.0454921758266,0.32894699514,0.159373837292,0.0367905676511,0.0361409459011,0.000155638512981,output logits only; shared parameter gradients unresolved
HeadTrain,Pedestrian/HistoryNetDisplacement/2.5-4m,23278,T3,0.0894788026954,1.72681907747,1.63855121136,1.6914832592,1.83369120359,2.34307048798,40196.8944854,0.10132992062,1.59588152044,0.130937557034,0.0450247965361,0.35091089679,0.169234988805,0.0420303060314,0.0361641494569,0.000165268543755,output logits only; shared parameter gradients unresolved
HeadTrain,Pedestrian/HistoryNetDisplacement/2.5-4m,23278,PedestrianExpert,0.351923803764,1.71965085272,1.62994589806,1.68965131044,1.82327771187,2.29653933048,40030.0325496,0.36578415854,1.59588152044,0.123769332283,0.286520559268,0.344411220342,0.166474357072,0.0401897374693,0.282998432908,0.000162572614329,output logits only; shared parameter gradients unresolved
HeadTrain,Pedestrian/HistoryNetDisplacement/2.5-4m,23278,DualExpert,0.0894788026954,1.71965085272,1.62994589806,1.68965131044,1.82327771187,2.29653933048,40030.0325496,0.102042068303,1.59588152044,0.123769332283,0.0455211551311,0.344411220342,0.166474357072,0.0401897374693,0.0363141776852,0.000162572614329,output logits only; shared parameter gradients unresolved
HeadTrain,Pedestrian/HistoryNetDisplacement/4m+,682,R0,0.00262155440494,1.86682733028,1.73548567295,1.86895346642,1.98466006517,2.02587268829,1273.17623925,0.00308802528671,1.31929207196,0.547535258324,0.00448300304131,0.78630013245,0.411896578776,0.20338379307,0.00463852161453,0.000402242752711,output logits only; shared parameter gradients unresolved
HeadTrain,Pedestrian/HistoryNetDisplacement/4m+,682,R2,0.00262155440494,1.85031237001,1.73250110149,1.85802972317,1.95634781122,2.02716565132,1261.91303635,0.00313633941396,1.31929207196,0.531020298052,0.00493708443202,0.77897397491,0.407215192157,0.19882168391,0.00474546878113,0.000397671086091,output logits only; shared parameter gradients unresolved
HeadTrain,Pedestrian/HistoryNetDisplacement/4m+,682,G1,0.00262155440494,1.63339853199,1.32011976242,1.62909650803,1.91762157679,2.30044516563,1113.97779882,0.00284625255438,1.31929207196,0.314106460036,0.00343379113377,0.617056788259,0.319772247657,0.119581273006,0.00320426108082,0.000312277585602,output logits only; shared parameter gradients unresolved
HeadTrain,Pedestrian/HistoryNetDisplacement/4m+,682,G3,0.00262155440494,1.65872433196,1.39788460732,1.67741024494,1.86004433632,2.1197748518,1131.2499944,0.00289678580394,1.31929207196,0.339432260003,0.00376282355026,0.647610409693,0.336268057003,0.132366900594,0.00353090637008,0.000328386774417,output logits only; shared parameter gradients unresolved
HeadTrain,Pedestrian/HistoryNetDisplacement/4m+,682,T2,0.00262155440494,1.53736240039,1.08304083347,1.55103158951,1.9478705287,2.56058692217,1048.48115706,0.00271578806242,1.31929207196,0.21807032843,0.00260595342178,0.469505921225,0.238439135163,0.077621720828,0.00223400943838,0.000232850717933,output logits only; shared parameter gradients unresolved
HeadTrain,Pedestrian/HistoryNetDisplacement/4m+,682,T3,0.00262155440494,1.5888410319,1.15179429054,1.58688771725,2.00520992279,2.48812924623,1083.58958375,0.00273155545751,1.31929207196,0.26954895994,0.00271558809682,0.550871162787,0.283223056914,0.0988399193281,0.00249164861718,0.000276585016518,output logits only; shared parameter gradients unresolved
HeadTrain,Pedestrian/HistoryNetDisplacement/4m+,682,PedestrianExpert,0.0103106810794,1.59132217085,1.23372280598,1.58543181419,2.00277371407,2.29390452385,1085.28172052,0.00991702568382,1.31929207196,0.272030098891,0.0184500867461,0.555014473121,0.282117038266,0.0961266064797,0.0198312999367,0.000275504920182,output logits only; shared parameter gradients unresolved
HeadTrain,Pedestrian/HistoryNetDisplacement/4m+,682,DualExpert,0.00262155440494,1.59132217085,1.23372280598,1.58543181419,2.00277371407,2.29390452385,1085.28172052,0.00276653263563,1.31929207196,0.272030098891,0.00293127049277,0.555014473121,0.282117038266,0.0961266064797,0.00254473970838,0.000275504920182,output logits only; shared parameter gradients unresolved
HeadTrain,Bicycle/HistoryNetDisplacement/0-0.5m,2167,R0,0.00832977770602,1.51361152682,1.4788713932,1.49594068527,1.51164312363,2.26740343094,3279.99617863,0.00795546667274,1.39009985914,0.123511667681,0.00321321262898,0.244026422552,0.120455920609,0.0226761270284,0.00164326142297,0.000117632734969,output logits only; shared parameter gradients unresolved
HeadTrain,Bicycle/HistoryNetDisplacement/0-0.5m,2167,R2,0.00832977770602,1.45404299476,1.40207109451,1.41990327835,1.43799059391,3.30582174778,3150.91116965,0.00783122656365,1.39009985914,0.0639431356192,0.0018889823418,0.12366805558,0.065033406637,0.0156158469549,0.00118428288665,6.3509186169e-05,output logits only; shared parameter gradients unresolved
HeadTrain,Bicycle/HistoryNetDisplacement/0-0.5m,2167,G1,0.00832977770602,1.44470196558,1.39913444519,1.41796219349,1.44399511814,2.57947473526,3130.66915941,0.00799897008839,1.39009985914,0.0546021064379,0.00189662268375,0.134047649966,0.0713210750164,0.0158517772452,0.00134963775865,6.96494873207e-05,output logits only; shared parameter gradients unresolved
HeadTrain,Bicycle/HistoryNetDisplacement/0-0.5m,2167,G3,0.00832977770602,1.4393386648,1.39949431419,1.417709589,1.44977772236,2.43047163486,3119.04688662,0.00798692666318,1.39009985914,0.0492388056583,0.00173437412009,0.131082235269,0.0697252267336,0.0149084832512,0.00126361507953,6.8091041732e-05,output logits only; shared parameter gradients unresolved
HeadTrain,Bicycle/HistoryNetDisplacement/0-0.5m,2167,T2,0.00832977770602,1.43124679956,1.39662072659,1.41743028164,1.44259052277,1.85445239305,3101.51181465,0.00803357190059,1.39009985914,0.0411469404211,0.00156236375659,0.13208028486,0.072050013801,0.0138139103695,0.00126326047325,7.03613416025e-05,output logits only; shared parameter gradients unresolved
HeadTrain,Bicycle/HistoryNetDisplacement/0-0.5m,2167,T3,0.00832977770602,1.43828727553,1.39935972691,1.41762816906,1.43894021511,2.60649923325,3116.76852608,0.0078568733078,1.39009985914,0.0481874163894,0.00154253282459,0.122595085216,0.0651872661358,0.0143279250092,0.00114765737129,6.36594395857e-05,output logits only; shared parameter gradients unresolved
HeadTrain,Bicycle/HistoryNetDisplacement/0-0.5m,2167,DualExpert,0.00832977770602,1.45404299476,1.40207109451,1.41990327835,1.43799059391,3.30582174778,3150.91116965,0.00803210670371,1.39009985914,0.0639431356192,0.00218931071572,0.12366805558,0.065033406637,0.0156158469549,0.00131352951683,6.3509186169e-05,output logits only; shared parameter gradients unresolved
HeadTrain,Bicycle/HistoryNetDisplacement/0.5-1.5m,70,R0,0.000269074499041,1.77339606626,1.47696151733,1.54140949249,2.21463875771,3.51881649017,124.137724638,0.000301089842001,1.04449829759,0.728897768671,0.000612543913614,0.825522501873,0.421841006832,0.257236238476,0.000602156054994,0.000411954108235,output logits only; shared parameter gradients unresolved
HeadTrain,Bicycle/HistoryNetDisplacement/0.5-1.5m,70,R2,0.000269074499041,1.84066632986,1.34192371368,1.45317226648,2.65926756859,4.45074840069,128.84664309,0.00032023348158,1.04449829759,0.796168032275,0.000759762463953,0.778137243912,0.403380703873,0.262108947063,0.000642112144712,0.000393926468626,output logits only; shared parameter gradients unresolved
HeadTrain,Bicycle/HistoryNetDisplacement/0.5-1.5m,70,G1,0.000269074499041,1.75717494658,1.32419083118,1.49530106783,2.52141742706,4.41510175705,123.002246261,0.000314275076204,1.04449829759,0.712676648995,0.00079965600183,0.784921040492,0.408828863661,0.252168658512,0.000693536777028,0.000399246937169,output logits only; shared parameter gradients unresolved
HeadTrain,Bicycle/HistoryNetDisplacement/0.5-1.5m,70,G3,0.000269074499041,1.80034931047,1.30851051807,1.48636221886,2.4721722126,5.07096482754,126.024451733,0.000322710138816,1.04449829759,0.75585101288,0.000860024062459,0.786327798877,0.413028481975,0.25830934998,0.000707229867642,0.000403348126929,output logits only; shared parameter gradients unresolved
HeadTrain,Bicycle/HistoryNetDisplacement/0.5-1.5m,70,T2,0.000269074499041,1.37125555979,0.822308850288,1.3795055747,1.82316828966,2.87901512623,95.9878891855,0.00024862894467,1.04449829759,0.326757262208,0.000400782717116,0.54772074627,0.299099925586,0.130885045129,0.000386638795783,0.00029208977108,output logits only; shared parameter gradients unresolved
HeadTrain,Bicycle/HistoryNetDisplacement/0.5-1.5m,70,T3,0.000269074499041,1.60315714223,1.28903826475,1.43771010637,2.09898188114,3.41500051022,112.220999956,0.000282891132836,1.04449829759,0.558658844644,0.000577678999965,0.713959139373,0.379807144563,0.214909590972,0.000556062844467,0.000370905414612,output logits only; shared parameter gradients unresolved
HeadTrain,Bicycle/HistoryNetDisplacement/0.5-1.5m,70,DualExpert,0.000269074499041,1.84066632986,1.34192371368,1.45317226648,2.65926756859,4.45074840069,128.84664309,0.000328447845717,1.04449829759,0.796168032275,0.000880556724608,0.778137243912,0.403380703873,0.262108947063,0.000712189008813,0.000393926468626,output logits only; shared parameter gradients unresolved
HeadTrain,Bicycle/HistoryNetDisplacement/1.5-2.5m,81,R0,0.000311357634605,1.74554205971,1.57893788815,1.69874048233,2.02524662018,2.26227383614,141.388906837,0.000342931721556,0.903145830082,0.842396229628,0.000819169929183,1.07089824183,0.542454164337,0.322509767212,0.000873588197816,0.000529740394861,output logits only; shared parameter gradients unresolved
HeadTrain,Bicycle/HistoryNetDisplacement/1.5-2.5m,81,R2,0.000311357634605,1.70850817362,1.49614584446,1.6678109169,2.03381490707,2.40891957283,138.389162064,0.000343950312695,0.903145830082,0.805362343543,0.000889306355116,1.03512924174,0.526808671101,0.309879850688,0.000878434441555,0.000514461592872,output logits only; shared parameter gradients unresolved
HeadTrain,Bicycle/HistoryNetDisplacement/1.5-2.5m,81,G1,0.000311357634605,1.47923595008,1.14046525955,1.414041996,1.84316217899,2.43572525978,119.818111956,0.000306139500785,0.903145830082,0.576090119994,0.000747976714435,0.862723208688,0.451539578261,0.232687315708,0.000740522189024,0.000440956619396,output logits only; shared parameter gradients unresolved
HeadTrain,Bicycle/HistoryNetDisplacement/1.5-2.5m,81,G3,0.000311357634605,1.54006251141,1.05218720436,1.51505875587,1.98154234886,2.55961575508,124.745063424,0.000319434016024,0.903145830082,0.636916681327,0.000838579044461,0.896563607234,0.464758489419,0.247643503464,0.000784574854998,0.000453865712323,output logits only; shared parameter gradients unresolved
HeadTrain,Bicycle/HistoryNetDisplacement/1.5-2.5m,81,T2,0.000311357634605,1.2200249566,0.733477771282,1.24057805538,1.54830694199,1.83748383522,98.8220214844,0.000255969947045,0.903145830082,0.316879126515,0.000449742932965,0.608701562256,0.339349466525,0.140904430812,0.000481644972291,0.000331395963404,output logits only; shared parameter gradients unresolved
HeadTrain,Bicycle/HistoryNetDisplacement/1.5-2.5m,81,T3,0.000311357634605,1.40763268022,0.951147317886,1.4307923317,1.72160243988,2.39428186417,114.018247098,0.000287421704477,0.903145830082,0.504486850137,0.000603638221174,0.793416222304,0.414526502383,0.196589158681,0.0005885923623,0.000404811037484,output logits only; shared parameter gradients unresolved
HeadTrain,Bicycle/HistoryNetDisplacement/1.5-2.5m,81,DualExpert,0.000311357634605,1.70850817362,1.49614584446,1.6678109169,2.03381490707,2.40891957283,138.389162064,0.000352773041347,0.903145830082,0.805362343543,0.00103069673534,1.03512924174,0.526808671101,0.309879850688,0.00097430232303,0.000514461592872,output logits only; shared parameter gradients unresolved
HeadTrain,Bicycle/HistoryNetDisplacement/2.5-4m,68,R0,0.000261386656211,1.78766595616,1.59761595726,1.71748316288,2.07905647755,2.2399892664,121.561285019,0.000294840816573,0.795576444959,0.992089511202,0.000809901753064,1.15167943169,0.595271151294,0.39988569929,0.00090933446825,0.000581319483685,output logits only; shared parameter gradients unresolved
HeadTrain,Bicycle/HistoryNetDisplacement/2.5-4m,68,R2,0.000261386656211,1.77288992966,1.51624290943,1.72589552402,2.02987091541,2.41931299448,120.556515217,0.000299629324203,0.795576444959,0.977313484701,0.000905978437325,1.14018630193,0.588448759826,0.394302946598,0.000938360965704,0.000574656992017,output logits only; shared parameter gradients unresolved
HeadTrain,Bicycle/HistoryNetDisplacement/2.5-4m,68,G1,0.000261386656211,1.63371752816,1.15564945936,1.64324426651,2.1318073988,2.82088893175,111.092791915,0.000283846000428,0.795576444959,0.838141083202,0.00091356336102,1.04686034383,0.54372429771,0.339429462931,0.000906856974525,0.000530980759483,output logits only; shared parameter gradients unresolved
HeadTrain,Bicycle/HistoryNetDisplacement/2.5-4m,68,G3,0.000261386656211,1.64207029167,1.24559811354,1.55833798647,2.06244909763,2.5227931118,111.660779834,0.000285929161088,0.795576444959,0.846493846715,0.000935640648477,1.07117927907,0.55849071877,0.352300819119,0.000937011654286,0.000545401092549,output logits only; shared parameter gradients unresolved
HeadTrain,Bicycle/HistoryNetDisplacement/2.5-4m,68,T2,0.000261386656211,1.21452022716,0.458748683333,1.23278957605,1.7449195385,2.44774339914,82.5873754472,0.000213918778449,0.795576444959,0.418943782205,0.000499172163229,0.693462562254,0.377080997069,0.17965637446,0.000515547762445,0.0003682431612,output logits only; shared parameter gradients unresolved
HeadTrain,Bicycle/HistoryNetDisplacement/2.5-4m,68,T3,0.000261386656211,1.48516672061,1.0384550333,1.49876374006,1.84674619436,2.59177536249,100.991337001,0.000254582954546,0.795576444959,0.689590275649,0.000692694760359,0.956330957658,0.501860231819,0.283673970084,0.000713014626389,0.000490097882635,output logits only; shared parameter gradients unresolved
HeadTrain,Bicycle/HistoryNetDisplacement/2.5-4m,68,DualExpert,0.000261386656211,1.77288992966,1.51624290943,1.72589552402,2.02987091541,2.41931299448,120.556515217,0.000307315167554,0.795576444959,0.977313484701,0.00105001950371,1.14018630193,0.588448759826,0.394302946598,0.00104076892421,0.000574656992017,output logits only; shared parameter gradients unresolved
HeadTrain,Bicycle/HistoryNetDisplacement/4m+,594,R0,0.00228328932043,1.74190825003,1.57876194715,1.66710358858,2.07175023556,2.20585967064,1034.69350052,0.00250959733231,0.88546632859,0.856441921441,0.00610740795371,1.06914816922,0.54683201232,0.34019479075,0.0067576076305,0.000534015637031,output logits only; shared parameter gradients unresolved
HeadTrain,Bicycle/HistoryNetDisplacement/4m+,594,R2,0.00228328932043,1.74005709734,1.58866629601,1.6821975112,1.9971526742,2.21271928549,1033.59391582,0.0025688785541,0.88546632859,0.85459076875,0.00692021679056,1.07318404979,0.548013903552,0.339625967804,0.00706022159606,0.000535169827687,output logits only; shared parameter gradients unresolved
HeadTrain,Bicycle/HistoryNetDisplacement/4m+,594,G1,0.00228328932043,1.61151108417,1.32277691364,1.59066098928,1.90567758083,2.7162204361,957.237583995,0.0024457757789,0.88546632859,0.726044755576,0.0069129349403,0.979063474896,0.511250742959,0.300738666243,0.00701869001755,0.000499268303671,output logits only; shared parameter gradients unresolved
HeadTrain,Bicycle/HistoryNetDisplacement/4m+,594,G3,0.00228328932043,1.64664046732,1.3972873807,1.61983555555,1.94148349762,2.60385051489,978.10443759,0.00250462679656,0.88546632859,0.761174138732,0.0073493144991,1.01196924434,0.524295119299,0.311258533505,0.0072315291111,0.00051200695244,output logits only; shared parameter gradients unresolved
HeadTrain,Bicycle/HistoryNetDisplacement/4m+,594,T2,0.00228328932043,1.28297969753,0.749963146448,1.24569016695,1.80400037766,2.48216671228,762.089940336,0.0019739742088,0.88546632859,0.397513368944,0.00413736542487,0.683147041014,0.379145206395,0.180177980898,0.00451653648879,0.00037025899062,output logits only; shared parameter gradients unresolved
HeadTrain,Bicycle/HistoryNetDisplacement/4m+,594,T3,0.00228328932043,1.53028033995,1.19597357512,1.51682758331,1.85310738087,2.40848438263,908.98652193,0.00229140915713,0.88546632859,0.644814011358,0.00565799777165,0.921601179297,0.484451535086,0.270699829209,0.0059435300949,0.000473097202232,output logits only; shared parameter gradients unresolved
HeadTrain,Bicycle/HistoryNetDisplacement/4m+,594,DualExpert,0.00228328932043,1.74005709734,1.58866629601,1.6821975112,1.9971526742,2.21271928549,1033.59391582,0.00263477329991,0.88546632859,0.85459076875,0.00802045865619,1.07318404979,0.548013903552,0.339625967804,0.00783073838723,0.000535169827687,output logits only; shared parameter gradients unresolved
HeadTrain,Vehicle/HistoryPathLength/0-0.5m,142239,R0,0.54675553813,1.48682252637,1.454306674,1.46785795689,1.48570747375,2.07684700966,211484.149329,0.512944226205,1.37735860319,0.109463923185,0.186922795636,0.210061872046,0.105548956806,0.0198524747613,0.0944304828469,0.00010307515313,output logits only; shared parameter gradients unresolved
HeadTrain,Vehicle/HistoryPathLength/0-0.5m,142239,R2,0.54675553813,1.43713375245,1.39189782143,1.40505683422,1.41914830208,2.57998181343,204416.467814,0.508053571365,1.37735860319,0.0597751492567,0.115908268242,0.111875020136,0.0592415137964,0.0149475040457,0.0744077835977,5.78530408168e-05,output logits only; shared parameter gradients unresolved
HeadTrain,Vehicle/HistoryPathLength/0-0.5m,142239,G1,0.54675553813,1.42361354575,1.38825564384,1.40327143669,1.42634897232,1.91515860796,202493.367134,0.51737769286,1.37735860319,0.0462549425632,0.105460413125,0.112761558201,0.0608350027024,0.0134202144614,0.0749995217919,5.94091823266e-05,output logits only; shared parameter gradients unresolved
HeadTrain,Vehicle/HistoryPathLength/0-0.5m,142239,G3,0.54675553813,1.41661417817,1.38461892605,1.40103149414,1.42747161388,1.81037942648,201497.784088,0.515974296894,1.37735860319,0.0392555749755,0.0907603989596,0.111361520619,0.0614382014702,0.0130028622722,0.0723402624,5.99982436232e-05,output logits only; shared parameter gradients unresolved
HeadTrain,Vehicle/HistoryPathLength/0-0.5m,142239,T2,0.54675553813,1.42041660549,1.38678982258,1.40251755714,1.4240398407,1.85127449989,202038.637548,0.523322823977,1.37735860319,0.0430580023,0.107314464712,0.110740215633,0.0604579531539,0.01294324723,0.0776925363234,5.90409698769e-05,output logits only; shared parameter gradients unresolved
HeadTrain,Vehicle/HistoryPathLength/0-0.5m,142239,T3,0.54675553813,1.42936949618,1.38933312893,1.40319824219,1.42059073448,2.20134909153,203312.087767,0.512517147861,1.37735860319,0.0520108929891,0.109283567031,0.109531217003,0.0590966983163,0.0142354575033,0.0748445460958,5.77116194495e-05,output logits only; shared parameter gradients unresolved
HeadTrain,Vehicle/HistoryPathLength/0-0.5m,142239,VehicleExpert,0.744605446379,1.42515613869,1.38826713562,1.40366661549,1.42475192547,1.98259285212,202712.784012,0.728446377114,1.37735860319,0.0477975355037,0.129739714851,0.119195075369,0.0645787376936,0.013990873532,0.089841471992,6.30651735289e-05,output logits only; shared parameter gradients unresolved
HeadTrain,Vehicle/HistoryPathLength/0-0.5m,142239,DualExpert,0.54675553813,1.42515613869,1.38826713562,1.40366661549,1.42475192547,1.98259285212,202712.784012,0.516742816196,1.37735860319,0.0477975355037,0.107418419236,0.119195075369,0.0645787376936,0.013990873532,0.0772465162736,6.30651735289e-05,output logits only; shared parameter gradients unresolved
HeadTrain,Vehicle/HistoryPathLength/0.5-1.5m,11239,R0,0.0432018327817,1.55351069496,1.39186754227,1.45168912411,1.81192059517,3.2159425354,17459.9067006,0.0423481303945,1.12298408216,0.430526612801,0.0580898482216,0.583552074796,0.297942850333,0.151640386431,0.0569929872874,0.000290959814778,output logits only; shared parameter gradients unresolved
HeadTrain,Vehicle/HistoryPathLength/0.5-1.5m,11239,R2,0.0432018327817,1.51411589802,1.2656601429,1.38930034637,1.86258933544,3.79233922005,17017.1485778,0.0422941615314,1.12298408216,0.391131815862,0.059927460326,0.493062567172,0.262539226937,0.14343389723,0.0564170623072,0.000256385963806,output logits only; shared parameter gradients unresolved
HeadTrain,Vehicle/HistoryPathLength/0.5-1.5m,11239,G1,0.0432018327817,1.43397563843,1.16722421646,1.37987458706,1.72579541206,3.31693018913,16116.4522003,0.0411781036311,1.12298408216,0.310991556271,0.0560259076129,0.454260245809,0.246079710446,0.120525221581,0.0532213587043,0.000240312217233,output logits only; shared parameter gradients unresolved
HeadTrain,Vehicle/HistoryPathLength/0.5-1.5m,11239,G3,0.0432018327817,1.41002435872,1.13602759838,1.36874723434,1.69453952312,3.07527177334,15847.2637677,0.0405800034836,1.12298408216,0.287040276569,0.052438091145,0.437592579026,0.240314913543,0.115473981102,0.0507614754564,0.000234682532757,output logits only; shared parameter gradients unresolved
HeadTrain,Vehicle/HistoryPathLength/0.5-1.5m,11239,T2,0.0432018327817,1.41135203395,1.14770178795,1.37195301056,1.6616994381,3.34627536297,15862.1855096,0.0410864170143,1.12298408216,0.288367951794,0.0567884951825,0.436779621648,0.239726322445,0.114840169491,0.0544676776306,0.000234107736762,output logits only; shared parameter gradients unresolved
HeadTrain,Vehicle/HistoryPathLength/0.5-1.5m,11239,T3,0.0432018327817,1.46476750786,1.21669096947,1.38270390034,1.79020297527,3.50324975491,16462.5220208,0.0414993762809,1.12298408216,0.3417834257,0.0567440763121,0.473875372587,0.254231349506,0.129790842717,0.0539189917803,0.000248272802252,output logits only; shared parameter gradients unresolved
HeadTrain,Vehicle/HistoryPathLength/0.5-1.5m,11239,VehicleExpert,0.0588349229948,1.43979072607,1.18133058548,1.38033056259,1.74359650612,3.36395024776,16181.8079703,0.0581491663121,1.12298408216,0.316806643911,0.0679470641133,0.457012100743,0.24741347629,0.122127302237,0.0619660442263,0.000241614722939,output logits only; shared parameter gradients unresolved
HeadTrain,Vehicle/HistoryPathLength/0.5-1.5m,11239,DualExpert,0.0432018327817,1.43979072607,1.18133058548,1.38033056259,1.74359650612,3.36395024776,16181.8079703,0.0412496580443,1.12298408216,0.316806643911,0.0562569929122,0.457012100743,0.24741347629,0.122127302237,0.0532789694738,0.000241614722939,output logits only; shared parameter gradients unresolved
HeadTrain,Vehicle/HistoryPathLength/1.5-2.5m,2598,R0,0.00998650783583,1.74444272079,1.39345327616,1.61771452427,2.38365135193,2.96239492655,4532.06218863,0.0109922901543,0.70794910167,1.03649361912,0.03232796355,1.11557606735,0.588622745727,0.422026024526,0.036665469206,0.000574826900124,output logits only; shared parameter gradients unresolved
HeadTrain,Vehicle/HistoryPathLength/1.5-2.5m,2598,R2,0.00998650783583,1.71420975902,1.32834910154,1.58999943733,2.33105070591,3.1611306715,4453.51695395,0.0110687031127,0.70794910167,1.00626065735,0.0356389333478,1.08866723014,0.577762746415,0.41391970162,0.0376345080439,0.000564221432046,output logits only; shared parameter gradients unresolved
HeadTrain,Vehicle/HistoryPathLength/1.5-2.5m,2598,G1,0.00998650783583,1.51017805581,0.949884706736,1.48084890842,2.05932524204,3.05034991741,3923.442589,0.0100245341538,0.70794910167,0.802228954142,0.0334079718603,0.982042066556,0.530307926833,0.34536602856,0.035253245964,0.000517878834798,output logits only; shared parameter gradients unresolved
HeadTrain,Vehicle/HistoryPathLength/1.5-2.5m,2598,G3,0.00998650783583,1.52385640802,0.969286739826,1.4909299016,2.05757243633,2.99417233467,3958.97894803,0.0101377361958,0.70794910167,0.815907306346,0.0344553235115,0.985904253276,0.531192372793,0.350923635408,0.0356594132951,0.000518742551555,output logits only; shared parameter gradients unresolved
HeadTrain,Vehicle/HistoryPathLength/1.5-2.5m,2598,T2,0.00998650783583,1.45818386445,0.877502644062,1.41699254513,2.07831058502,3.06201554537,3788.36167985,0.00981265839348,0.70794910167,0.750234762784,0.0341524628098,0.932214828069,0.508880466373,0.3256848497,0.0357070577165,0.000496953580443,output logits only; shared parameter gradients unresolved
HeadTrain,Vehicle/HistoryPathLength/1.5-2.5m,2598,T3,0.00998650783583,1.6067351004,1.13670233488,1.54405093193,2.14536452293,2.92819144726,4174.29779084,0.010522734883,0.70794910167,0.89878599873,0.0344935033851,1.0446499124,0.556923300377,0.377844424282,0.0362845886499,0.000543870410524,output logits only; shared parameter gradients unresolved
HeadTrain,Vehicle/HistoryPathLength/1.5-2.5m,2598,VehicleExpert,0.0136002428989,1.52552417018,0.971333962679,1.48416364193,2.10052461624,3.0296402812,3963.31179412,0.0142421215903,0.70794910167,0.817575068505,0.0405336329467,0.991627867508,0.533728883956,0.348672278642,0.0408949709838,0.000521219613238,output logits only; shared parameter gradients unresolved
HeadTrain,Vehicle/HistoryPathLength/1.5-2.5m,2598,DualExpert,0.00998650783583,1.52552417018,0.971333962679,1.48416364193,2.10052461624,3.0296402812,3963.31179412,0.010103027828,0.70794910167,0.817575068505,0.0335599533423,0.991627867508,0.533728883956,0.348672278642,0.0351618686957,0.000521219613238,output logits only; shared parameter gradients unresolved
HeadTrain,Vehicle/HistoryPathLength/2.5-4m,3271,R0,0.012573466948,1.75948170022,1.42259395123,1.69280016422,2.18057274818,2.73539960384,5755.2646414,0.0139591065215,0.576989726203,1.18249197401,0.0464356270024,1.26952382318,0.670552811959,0.49779712949,0.0544517446821,0.000654836730428,output logits only; shared parameter gradients unresolved
HeadTrain,Vehicle/HistoryPathLength/2.5-4m,3271,R2,0.012573466948,1.73652521684,1.39948260784,1.68241178989,2.15535330772,2.88276145458,5680.17398429,0.0141174177871,0.576989726203,1.15953549064,0.051705845915,1.25586854134,0.664799346511,0.490509904335,0.0561512363977,0.000649218111827,output logits only; shared parameter gradients unresolved
HeadTrain,Vehicle/HistoryPathLength/2.5-4m,3271,G1,0.012573466948,1.56137196398,1.02349996567,1.54437863827,2.08537435532,3.04083263874,5107.24769416,0.013049197938,0.576989726203,0.984382237772,0.0516127434873,1.1503914207,0.619632732114,0.428600085149,0.0550824368092,0.000605110089955,output logits only; shared parameter gradients unresolved
HeadTrain,Vehicle/HistoryPathLength/2.5-4m,3271,G3,0.012573466948,1.59183837258,1.05342507362,1.57319068909,2.14936089516,2.99028933048,5206.90331671,0.0133332894453,0.576989726203,1.01484864638,0.0539582907504,1.17010287112,0.627541961079,0.439084414795,0.0561760234254,0.000612833946367,output logits only; shared parameter gradients unresolved
HeadTrain,Vehicle/HistoryPathLength/2.5-4m,3271,T2,0.012573466948,1.49895094615,0.842469334602,1.48319125175,2.12401437759,3.20442965031,4903.06854486,0.0126999850533,0.576989726203,0.921961219947,0.0528419571647,1.08821281675,0.594868012971,0.407193477113,0.0562080758988,0.000580925793917,output logits only; shared parameter gradients unresolved
HeadTrain,Vehicle/HistoryPathLength/2.5-4m,3271,T3,0.012573466948,1.65731128811,1.20147156715,1.65414476395,2.0840139389,2.91096160412,5421.06522341,0.0136656355123,0.576989726203,1.08032156191,0.0522005945563,1.22110959305,0.650188223351,0.463519999583,0.0560427013644,0.000634949436866,output logits only; shared parameter gradients unresolved
HeadTrain,Vehicle/HistoryPathLength/2.5-4m,3271,VehicleExpert,0.0171233235266,1.58351936351,1.02383041382,1.57965385914,2.09457492828,2.94947254658,5179.69183803,0.0186131712037,0.576989726203,1.0065296373,0.0628283791064,1.16976305592,0.628242684537,0.43716294605,0.0645560911069,0.000613518246618,output logits only; shared parameter gradients unresolved
HeadTrain,Vehicle/HistoryPathLength/2.5-4m,3271,DualExpert,0.012573466948,1.58351936351,1.02383041382,1.57965385914,2.09457492828,2.94947254658,5179.69183803,0.0132037481526,0.576989726203,1.0065296373,0.0520189609986,1.16976305592,0.628242684537,0.43716294605,0.0555059153827,0.000613518246618,output logits only; shared parameter gradients unresolved
HeadTrain,Vehicle/HistoryPathLength/4m+,31679,R0,0.121771586502,1.74900104707,1.53565928936,1.69369244576,2.02675538063,2.55577543259,55406.6041701,0.134385947093,0.429832819383,1.31916822769,0.501700131478,1.38252905098,0.735296173708,0.574689346521,0.608812383618,0.000718062669637,output logits only; shared parameter gradients unresolved
HeadTrain,Vehicle/HistoryPathLength/4m+,31679,R2,0.121771586502,1.73468998704,1.51448206902,1.69664084911,2.02316117287,2.53933097839,54953.2440993,0.136579954743,0.429832819383,1.30485716765,0.563520211171,1.37640905007,0.732308236138,0.56946068889,0.631344223686,0.000715144761854,output logits only; shared parameter gradients unresolved
HeadTrain,Vehicle/HistoryPathLength/4m+,31679,G1,0.121771586502,1.57405899193,1.02168204784,1.52730405331,2.17819867134,3.28123746395,49864.6148053,0.127405849033,0.429832819383,1.14422617254,0.581026543716,1.2552986259,0.686634384824,0.513463687275,0.639089300774,0.00067054139143,output logits only; shared parameter gradients unresolved
HeadTrain,Vehicle/HistoryPathLength/4m+,31679,G3,0.121771586502,1.58616607582,1.06293702126,1.55774271488,2.12807097435,3.08549137592,50248.1551158,0.128670181776,0.429832819383,1.15633325643,0.595430179548,1.27493601131,0.694439979032,0.519883398992,0.644169028942,0.000678164042023,output logits only; shared parameter gradients unresolved
HeadTrain,Vehicle/HistoryPathLength/4m+,31679,T2,0.121771586502,1.47794719645,0.826781857014,1.42243015766,2.17716526985,3.49188707829,46819.8892365,0.121273420524,0.429832819383,1.04811437707,0.581789446285,1.17864891823,0.655302165137,0.478808764307,0.640104554936,0.000639943520641,output logits only; shared parameter gradients unresolved
HeadTrain,Vehicle/HistoryPathLength/4m+,31679,T3,0.121771586502,1.66663507507,1.26207294464,1.6211502552,2.1296462059,3.00028597355,52797.3325433,0.133093602977,0.429832819383,1.23680225569,0.578780104442,1.33107154856,0.716255134359,0.546242700052,0.639627532334,0.000699467904647,output logits only; shared parameter gradients unresolved
HeadTrain,Vehicle/HistoryPathLength/4m+,31679,VehicleExpert,0.165836064201,1.58601601332,1.05659408569,1.56660783291,2.12364544868,3.08252902985,50243.4012861,0.18054916378,0.429832819383,1.15618319394,0.698951208983,1.27237657199,0.693283219546,0.519341278823,0.742741421691,0.000677034394088,output logits only; shared parameter gradients unresolved
HeadTrain,Vehicle/HistoryPathLength/4m+,31679,DualExpert,0.121771586502,1.58601601332,1.05659408569,1.56660783291,2.12364544868,3.08252902985,50243.4012861,0.12807735241,0.429832819383,1.15618319394,0.578698928686,1.27237657199,0.693283219546,0.519341278823,0.63861584239,0.000677034394088,output logits only; shared parameter gradients unresolved
HeadTrain,Pedestrian/HistoryPathLength/0-0.5m,19176,R0,0.0737110370516,1.5926103469,1.53644108772,1.55870342255,1.61825716496,2.3183901906,30539.8960122,0.0740729902361,1.41585363794,0.176756708965,0.0406917620324,0.353416531353,0.16798662471,0.0412366092628,0.026443554753,0.000164049438193,output logits only; shared parameter gradients unresolved
HeadTrain,Pedestrian/HistoryPathLength/0-0.5m,19176,R2,0.0737110370516,1.53140413997,1.42561757565,1.4613301158,1.55052423477,3.37604951859,29366.205788,0.072986319975,1.41585363794,0.115550502031,0.0302068135782,0.200110516989,0.101871871594,0.0315152475374,0.0211499693319,9.9484249604e-05,output logits only; shared parameter gradients unresolved
HeadTrain,Pedestrian/HistoryPathLength/0-0.5m,19176,G1,0.0737110370516,1.51444964747,1.42437463999,1.46112328768,1.57552665472,2.83653193712,29041.08644,0.0742009998307,1.41585363794,0.0985960095374,0.0303060957546,0.20676989509,0.104562114451,0.0288916688796,0.0217676225252,0.000102111439893,output logits only; shared parameter gradients unresolved
HeadTrain,Pedestrian/HistoryPathLength/0-0.5m,19176,G3,0.0737110370516,1.5127858785,1.42266464233,1.46139377356,1.56967830658,2.81476861238,29009.1820061,0.0742836570478,1.41585363794,0.0969322405633,0.0302136111508,0.201833631149,0.102377605192,0.0285602469454,0.0214211314459,9.99781300703e-05,output logits only; shared parameter gradients unresolved
HeadTrain,Pedestrian/HistoryPathLength/0-0.5m,19176,T2,0.0737110370516,1.50990218256,1.42323315144,1.46263682842,1.56707382202,2.73562729359,28953.8842528,0.0749966870503,1.41585363794,0.0940485446239,0.0316006340813,0.205511363304,0.104110542519,0.0276110480339,0.0223438637748,0.000101670451679,output logits only; shared parameter gradients unresolved
HeadTrain,Pedestrian/HistoryPathLength/0-0.5m,19176,T3,0.0737110370516,1.52496959339,1.42484015226,1.46173584461,1.54504859447,3.24239265919,29242.8169228,0.0737164488806,1.41585363794,0.10911595545,0.0309092268629,0.204271714761,0.103490918281,0.0305001170606,0.0216186995837,0.000101065349884,output logits only; shared parameter gradients unresolved
HeadTrain,Pedestrian/HistoryPathLength/0-0.5m,19176,PedestrianExpert,0.289908534281,1.52065488895,1.43181812763,1.46849364042,1.56663489342,2.8956694603,29160.0781505,0.266457306424,1.41585363794,0.104801251013,0.199858013422,0.216195108792,0.10810533317,0.0293479951354,0.170239234186,0.000105571614424,output logits only; shared parameter gradients unresolved
HeadTrain,Pedestrian/HistoryPathLength/0-0.5m,19176,DualExpert,0.0737110370516,1.52065488895,1.43181812763,1.46849364042,1.56663489342,2.8956694603,29160.0781505,0.0743330568788,1.41585363794,0.104801251013,0.0317525822804,0.216195108792,0.10810533317,0.0293479951354,0.0218449895135,0.000105571614424,output logits only; shared parameter gradients unresolved
HeadTrain,Pedestrian/HistoryPathLength/0.5-1.5m,6387,R0,0.0245511260768,1.73433452672,1.57620413303,1.71818816662,1.88814942837,2.19443117619,11077.1946222,0.0268671814981,1.36610729072,0.368227235996,0.0282348439884,0.64394283005,0.311142269968,0.124203932068,0.0265284043556,0.000303849873016,output logits only; shared parameter gradients unresolved
HeadTrain,Pedestrian/HistoryPathLength/0.5-1.5m,6387,R2,0.0245511260768,1.71576153743,1.43594355583,1.68421387672,2.00071702003,2.74217960835,10958.5689396,0.0272362601033,1.36610729072,0.349654246706,0.0304446356591,0.587829527952,0.289239330954,0.118950668745,0.0265885590986,0.000282460284135,output logits only; shared parameter gradients unresolved
HeadTrain,Pedestrian/HistoryPathLength/0.5-1.5m,6387,G1,0.0245511260768,1.6630173082,1.35513138771,1.65646362305,1.91992278099,2.64688615322,10621.6915475,0.0271387964202,1.36610729072,0.296910017473,0.0303972572289,0.549364196367,0.272516424053,0.103412525111,0.025950779451,0.000266129320364,output logits only; shared parameter gradients unresolved
HeadTrain,Pedestrian/HistoryPathLength/0.5-1.5m,6387,G3,0.0245511260768,1.66343092288,1.34163560867,1.66274535656,1.92091283798,2.73449250221,10624.3333044,0.0272056734099,1.36610729072,0.297323632152,0.030867588984,0.549612992199,0.273430893761,0.103666231546,0.0258974292036,0.000267022357188,output logits only; shared parameter gradients unresolved
HeadTrain,Pedestrian/HistoryPathLength/0.5-1.5m,6387,T2,0.0245511260768,1.64104024191,1.31871857643,1.65631842613,1.89504528046,2.68731715202,10481.3240251,0.0271488471433,1.36610729072,0.274932951189,0.0307687183735,0.533037629381,0.265663137625,0.0961484383331,0.0259153162663,0.000259436657837,output logits only; shared parameter gradients unresolved
HeadTrain,Pedestrian/HistoryPathLength/0.5-1.5m,6387,T3,0.0245511260768,1.68695476887,1.39367864132,1.67202270031,1.94220852852,2.78175040722,10774.5801088,0.0271609874622,1.36610729072,0.320847478145,0.0302717415957,0.57082035087,0.282143910172,0.110698876936,0.0261342577716,0.000275531162278,output logits only; shared parameter gradients unresolved
HeadTrain,Pedestrian/HistoryPathLength/0.5-1.5m,6387,PedestrianExpert,0.0965605865901,1.66181964663,1.3431902647,1.66415178776,1.91537780762,2.69570437908,10614.042083,0.0969883910845,1.36610729072,0.295712355906,0.187829354402,0.549490934703,0.272505430764,0.102817718971,0.198649775425,0.000266118584731,output logits only; shared parameter gradients unresolved
HeadTrain,Pedestrian/HistoryPathLength/0.5-1.5m,6387,DualExpert,0.0245511260768,1.66181964663,1.3431902647,1.66415178776,1.91537780762,2.69570437908,10614.042083,0.0270566556715,1.36610729072,0.295712355906,0.0298415206286,0.549490934703,0.272505430764,0.102817718971,0.025490611972,0.000266118584731,output logits only; shared parameter gradients unresolved
HeadTrain,Pedestrian/HistoryPathLength/1.5-2.5m,16378,R0,0.0629557449328,1.7583833318,1.70240570307,1.73133277893,1.84344661236,2.10013742447,28798.8022082,0.0698500543004,1.53138328712,0.227000044683,0.0446333390232,0.47959555785,0.233034107025,0.0760728926272,0.0416648348343,0.000227572370142,output logits only; shared parameter gradients unresolved
HeadTrain,Pedestrian/HistoryPathLength/1.5-2.5m,16378,R2,0.0629557449328,1.75016963729,1.65471018553,1.70337331295,1.88762880564,2.40179934025,28664.2783196,0.0712417601507,1.53138328712,0.218786350179,0.0488490528856,0.446961654293,0.217984349239,0.0741842638048,0.042521018271,0.000212875341054,output logits only; shared parameter gradients unresolved
HeadTrain,Pedestrian/HistoryPathLength/1.5-2.5m,16378,G1,0.0629557449328,1.72309029591,1.6033526063,1.68391078711,1.87324676514,2.47849478722,28220.7728664,0.0721050697263,1.53138328712,0.191707008792,0.0503282106141,0.421216731726,0.207448203466,0.0674174591268,0.0433824020692,0.000202586136197,output logits only; shared parameter gradients unresolved
HeadTrain,Pedestrian/HistoryPathLength/1.5-2.5m,16378,G3,0.0629557449328,1.71781172872,1.61493659019,1.69094669819,1.83964757919,2.31763570786,28134.320493,0.0720434038551,1.53138328712,0.186428441605,0.0496305855452,0.424235615679,0.208827605829,0.0658978892377,0.0422138339701,0.000203933208817,output logits only; shared parameter gradients unresolved
HeadTrain,Pedestrian/HistoryPathLength/1.5-2.5m,16378,T2,0.0629557449328,1.70117198839,1.59799889326,1.68482357264,1.83636300564,2.29900874376,27861.7948258,0.0721679443409,1.53138328712,0.169788701271,0.048725392906,0.408188616835,0.200915821644,0.0597127965664,0.041271061619,0.000196206857075,output logits only; shared parameter gradients unresolved
HeadTrain,Pedestrian/HistoryPathLength/1.5-2.5m,16378,T3,0.0629557449328,1.73651337708,1.62843610048,1.6992239356,1.87548834085,2.41501454115,28440.6160898,0.0716942293096,1.53138328712,0.205130089965,0.0496286085058,0.44116836481,0.216190761904,0.0713204608386,0.0431762626367,0.000211123790922,output logits only; shared parameter gradients unresolved
HeadTrain,Pedestrian/HistoryPathLength/1.5-2.5m,16378,PedestrianExpert,0.247607528914,1.71665226068,1.61358360052,1.68889725208,1.84675761461,2.37994539261,28115.3307254,0.256910672723,1.53138328712,0.185268973562,0.301759283973,0.422743582492,0.207841061967,0.0650814274422,0.322434225047,0.000202969787077,output logits only; shared parameter gradients unresolved
HeadTrain,Pedestrian/HistoryPathLength/1.5-2.5m,16378,DualExpert,0.0629557449328,1.71665226068,1.61358360052,1.68889725208,1.84675761461,2.37994539261,28115.3307254,0.0716698517469,1.53138328712,0.185268973562,0.0479422182237,0.422743582492,0.207841061967,0.0650814274422,0.0413745532787,0.000202969787077,output logits only; shared parameter gradients unresolved
HeadTrain,Pedestrian/HistoryPathLength/2.5-4m,23501,R0,0.0903359971709,1.75425204236,1.70615923405,1.7408427,1.80892193317,2.03920125961,41226.6772475,0.0999932435921,1.5957184903,0.158533552062,0.0447280640462,0.40812713265,0.194123500932,0.048834291203,0.0383786857466,0.000189573731379,output logits only; shared parameter gradients unresolved
HeadTrain,Pedestrian/HistoryPathLength/2.5-4m,23501,R2,0.0903359971709,1.74329429376,1.68030524254,1.72319221497,1.80700576305,2.18525052071,40969.1591977,0.101824123412,1.5957184903,0.147575803463,0.0472799007805,0.385495641444,0.183727978935,0.0463484845089,0.0381199988662,0.000179421854429,output logits only; shared parameter gradients unresolved
HeadTrain,Pedestrian/HistoryPathLength/2.5-4m,23501,G1,0.0903359971709,1.71898566394,1.6152741909,1.68645048141,1.83933615685,2.32407665253,40397.8820882,0.103218013148,1.5957184903,0.123267173638,0.0464351029416,0.340113359123,0.164660949417,0.0401369145175,0.037060448757,0.000160801708415,output logits only; shared parameter gradients unresolved
HeadTrain,Pedestrian/HistoryPathLength/2.5-4m,23501,G3,0.0903359971709,1.71752796802,1.62712597847,1.69361245632,1.81631469727,2.23007154465,40363.6247765,0.103358917858,1.5957184903,0.121809477723,0.0465311500595,0.343745571032,0.166604568048,0.0399075000745,0.0366828688008,0.000162699773484,output logits only; shared parameter gradients unresolved
HeadTrain,Pedestrian/HistoryPathLength/2.5-4m,23501,T2,0.0903359971709,1.70776443933,1.60001778603,1.68642640114,1.82703328133,2.21888995171,40134.1720886,0.103955998369,1.5957184903,0.112045949028,0.0461390022344,0.329521632472,0.159684579426,0.0369721699088,0.0366672757919,0.000155941972095,output logits only; shared parameter gradients unresolved
HeadTrain,Pedestrian/HistoryPathLength/2.5-4m,23501,T3,0.0903359971709,1.72679729745,1.6385910511,1.6916257143,1.83496439457,2.34124350548,40581.4632874,0.102299356858,1.5957184903,0.131078807151,0.045505164044,0.351447710046,0.169491734245,0.0421400757592,0.0366059509867,0.000165519271723,output logits only; shared parameter gradients unresolved
HeadTrain,Pedestrian/HistoryPathLength/2.5-4m,23501,PedestrianExpert,0.355295184821,1.71999790938,1.63005578518,1.68984031677,1.82455134392,2.29513120651,40421.6708683,0.369362848931,1.5957184903,0.124279419079,0.290457527009,0.345034376059,0.166794527548,0.040363435263,0.286944339037,0.000162885280808,output logits only; shared parameter gradients unresolved
HeadTrain,Pedestrian/HistoryPathLength/2.5-4m,23501,DualExpert,0.0903359971709,1.71999790938,1.63005578518,1.68984031677,1.82455134392,2.29513120651,40421.6708683,0.103040408338,1.5957184903,0.124279419079,0.0461466436467,0.345034376059,0.166794527548,0.040363435263,0.0368205138328,0.000162885280808,output logits only; shared parameter gradients unresolved
HeadTrain,Pedestrian/HistoryPathLength/4m+,703,R0,0.00270227675465,1.86670564249,1.73455209732,1.86437821388,1.98584647179,2.03894656658,1312.29406667,0.00318290362051,1.31296802954,0.553737612947,0.00467338884325,0.789593055134,0.413275112982,0.206112743598,0.00484550489602,0.000403588977522,output logits only; shared parameter gradients unresolved
HeadTrain,Pedestrian/HistoryPathLength/4m+,703,R2,0.00270227675465,1.85082556581,1.73074836731,1.85446214676,1.95911109447,2.11136975288,1301.13037276,0.00323380958375,1.31296802954,0.537857536268,0.00515463170665,0.782364850183,0.408671095053,0.201692813253,0.00496222836554,0.000399092866263,output logits only; shared parameter gradients unresolved
HeadTrain,Pedestrian/HistoryPathLength/4m+,703,G1,0.00270227675465,1.64388910076,1.32104218006,1.6336029768,1.9353215456,2.35662994385,1155.65403783,0.00295273681454,1.31296802954,0.330921071219,0.00372899995766,0.62502231132,0.324380087252,0.126123938941,0.00348363943723,0.000316777428957,output logits only; shared parameter gradients unresolved
HeadTrain,Pedestrian/HistoryPathLength/4m+,703,G3,0.00270227675465,1.66274075505,1.39800333977,1.6782771349,1.86757757664,2.19405552387,1168.9067508,0.00299321325844,1.31296802954,0.349772725508,0.00399684797112,0.653900554009,0.339444974514,0.136547182121,0.00375457249328,0.000331489232924,output logits only; shared parameter gradients unresolved
HeadTrain,Pedestrian/HistoryPathLength/4m+,703,T2,0.00270227675465,1.54271262282,1.08391497135,1.55887234211,1.94784600735,2.55246368885,1084.52697384,0.00280915435542,1.31296802954,0.229744593282,0.00282999925592,0.480182716382,0.244108498306,0.0828852562158,0.00245895155017,0.000238387205377,output logits only; shared parameter gradients unresolved
HeadTrain,Pedestrian/HistoryPathLength/4m+,703,T3,0.00270227675465,1.6123360955,1.15284571648,1.60419774055,2.02611489296,2.6021562767,1133.47227514,0.00285730171784,1.31296802954,0.299368065963,0.00310887068652,0.563156593713,0.290022258362,0.107661899954,0.00279761149706,0.000283224861682,output logits only; shared parameter gradients unresolved
HeadTrain,Pedestrian/HistoryPathLength/4m+,703,PedestrianExpert,0.0106281653942,1.60041210017,1.23490307331,1.59489679337,2.01199140549,2.36310608864,1125.08970642,0.0102807808371,1.31296802954,0.287444070633,0.0200958211939,0.56506674316,0.287430953568,0.102195010605,0.0217324263052,0.000280694290594,output logits only; shared parameter gradients unresolved
HeadTrain,Pedestrian/HistoryPathLength/4m+,703,DualExpert,0.00270227675465,1.60041210017,1.23490307331,1.59489679337,2.01199140549,2.36310608864,1125.08970642,0.00286800867643,1.31296802954,0.287444070633,0.00319273770927,0.56506674316,0.287430953568,0.102195010605,0.00278869102655,0.000280694290594,output logits only; shared parameter gradients unresolved
HeadTrain,Bicycle/HistoryPathLength/0-0.5m,2137,R0,0.00821446006358,1.51424152844,1.47968389988,1.49610388279,1.51185340881,2.2766546917,3235.93414629,0.00784859641719,1.39099524477,0.12324628367,0.00316192032992,0.24263192996,0.119832357272,0.0225588674311,0.00161213230839,0.000117023786399,output logits only; shared parameter gradients unresolved
HeadTrain,Bicycle/HistoryPathLength/0-0.5m,2137,R2,0.00821446006358,1.45514933038,1.40258536339,1.42004728317,1.43808319569,3.32305633545,3109.65411901,0.00772868691925,1.39099524477,0.0641540856024,0.00186897675114,0.122476615276,0.0644388593074,0.0156286134322,0.00116884243316,6.29285735424e-05,output logits only; shared parameter gradients unresolved
HeadTrain,Bicycle/HistoryPathLength/0-0.5m,2137,G1,0.00821446006358,1.44548143033,1.39964394569,1.41807353497,1.44384291172,2.59976511002,3088.99381661,0.00789248811808,1.39099524477,0.0544861855553,0.00186639498631,0.13257367863,0.0705824657094,0.0157880988496,0.00132560674989,6.89281891693e-05,output logits only; shared parameter gradients unresolved
HeadTrain,Bicycle/HistoryPathLength/0-0.5m,2137,G3,0.00821446006358,1.44028499311,1.40069355965,1.4178674221,1.44979186058,2.45007929802,3077.88903028,0.0078815339608,1.39099524477,0.0492897483366,0.00171213295243,0.129915577909,0.0691047847464,0.0148830746004,0.00124399778681,6.74851413539e-05,output logits only; shared parameter gradients unresolved
HeadTrain,Bicycle/HistoryPathLength/0-0.5m,2137,T2,0.00821446006358,1.43211203155,1.39805355072,1.41754925251,1.44259052277,1.85539034367,3060.42341143,0.00792714424166,1.39099524477,0.0411167867789,0.00153960526152,0.131075342933,0.071510890295,0.0138026757452,0.00124475869934,6.98348538037e-05,output logits only; shared parameter gradients unresolved
HeadTrain,Bicycle/HistoryPathLength/0-0.5m,2137,T3,0.00821446006358,1.43912080186,1.40012328625,1.41768991947,1.43899786472,2.66436871529,3075.40115356,0.00775259279989,1.39099524477,0.048125557081,0.00151922519158,0.121205883243,0.0645048806244,0.0142975172371,0.00112936725164,6.29930474847e-05,output logits only; shared parameter gradients unresolved
HeadTrain,Bicycle/HistoryPathLength/0-0.5m,2137,DualExpert,0.00821446006358,1.45514933038,1.40258536339,1.42004728317,1.43808319569,3.32305633545,3109.65411901,0.00792693679725,1.39099524477,0.0641540856024,0.00216612444604,0.122476615276,0.0644388593074,0.0156286134322,0.00129640397053,6.29285735424e-05,output logits only; shared parameter gradients unresolved
HeadTrain,Bicycle/HistoryPathLength/0.5-1.5m,99,R0,0.000380548220072,1.68230106734,1.4630171299,1.49129986763,2.12203083038,3.46721157074,166.547805667,0.000403953372274,1.12828228378,0.554018783567,0.000658464327927,0.679240777712,0.344446431356,0.189867167498,0.000628584884678,0.000336373468121,output logits only; shared parameter gradients unresolved
HeadTrain,Bicycle/HistoryPathLength/0.5-1.5m,99,R2,0.000380548220072,1.70122172495,1.3407759428,1.41598618031,2.37783050537,4.36454831123,168.42095077,0.000418590862304,1.12828228378,0.572939441178,0.000773248297274,0.604593602357,0.313851815583,0.188274260984,0.000652314668386,0.000306495913655,output logits only; shared parameter gradients unresolved
HeadTrain,Bicycle/HistoryPathLength/0.5-1.5m,99,G1,0.000380548220072,1.64706545526,1.32703666687,1.42145931721,2.18270153999,4.37253721237,163.059480071,0.000416622720991,1.12828228378,0.518783171488,0.000823253728523,0.619336285149,0.322582264478,0.182859663535,0.000711268308738,0.000315021742654,output logits only; shared parameter gradients unresolved
HeadTrain,Bicycle/HistoryPathLength/0.5-1.5m,99,G3,0.000380548220072,1.67033885344,1.30726130009,1.41633176804,2.30973405838,4.57614577293,165.363546491,0.000423445548141,1.12828228378,0.542056569666,0.000872280512449,0.610722095226,0.322086612214,0.185726310302,0.000719169155258,0.00031453770724,output logits only; shared parameter gradients unresolved
HeadTrain,Bicycle/HistoryPathLength/0.5-1.5m,99,T2,0.000380548220072,1.37133863854,1.07199728489,1.38341200352,1.73147547245,2.6969737339,135.762525216,0.000351653668567,1.12828228378,0.243056354767,0.000421626473083,0.444759669554,0.242825141873,0.0965241871732,0.00040326330965,0.00023713392761,output logits only; shared parameter gradients unresolved
HeadTrain,Bicycle/HistoryPathLength/0.5-1.5m,99,T3,0.000380548220072,1.53592326424,1.28860025406,1.4144089222,1.97306416035,3.22652592659,152.05640316,0.000383309791944,1.12828228378,0.407640980468,0.000596149101005,0.564511042427,0.299233951201,0.155524777579,0.000569121277705,0.00029222065547,output logits only; shared parameter gradients unresolved
HeadTrain,Bicycle/HistoryPathLength/0.5-1.5m,99,DualExpert,0.000380548220072,1.70122172495,1.3407759428,1.41598618031,2.37783050537,4.36454831123,168.42095077,0.000429328208538,1.12828228378,0.572939441178,0.000896186663938,0.604593602357,0.313851815583,0.188274260984,0.000723504984197,0.000306495913655,output logits only; shared parameter gradients unresolved
HeadTrain,Bicycle/HistoryPathLength/1.5-2.5m,81,R0,0.000311357634605,1.74341689069,1.57893788815,1.69865977764,2.02524662018,2.26227383614,141.216768146,0.000342514207771,0.911714486367,0.831702404319,0.000808770950872,1.06457949163,0.537773414526,0.317225419008,0.000859274385667,0.000525169350123,output logits only; shared parameter gradients unresolved
HeadTrain,Bicycle/HistoryPathLength/1.5-2.5m,81,R2,0.000311357634605,1.70661968361,1.49614584446,1.6678109169,2.03381490707,2.40891957283,138.236194372,0.000343570129127,0.911714486367,0.79490519724,0.000877759246242,1.02915379515,0.522262476937,0.304688185131,0.000863717325151,0.000510021950133,output logits only; shared parameter gradients unresolved
HeadTrain,Bicycle/HistoryPathLength/1.5-2.5m,81,G1,0.000311357634605,1.48243620881,1.14046525955,1.41546773911,1.84316217899,2.43572525978,120.077332914,0.000306801819472,0.911714486367,0.570721722446,0.000741006561294,0.858610954734,0.448779771357,0.229860230981,0.000731525054977,0.000438261495466,output logits only; shared parameter gradients unresolved
HeadTrain,Bicycle/HistoryPathLength/1.5-2.5m,81,G3,0.000311357634605,1.55260070459,1.07768619061,1.52645397186,1.98154234886,2.55961575508,125.760657072,0.000322034641241,0.911714486367,0.640886218226,0.000843805427373,0.90182396144,0.466241797731,0.248779677452,0.000788174438795,0.000455314255597,output logits only; shared parameter gradients unresolved
HeadTrain,Bicycle/HistoryPathLength/1.5-2.5m,81,T2,0.000311357634605,1.22784835321,0.738145112991,1.2407566309,1.54830694199,1.83748383522,99.45571661,0.000257611351515,0.911714486367,0.316133866842,0.000448685194404,0.610340455616,0.340047515653,0.141159417113,0.000482516576325,0.000332077652005,output logits only; shared parameter gradients unresolved
HeadTrain,Bicycle/HistoryPathLength/1.5-2.5m,81,T3,0.000311357634605,1.41226188894,0.951147317886,1.44172346592,1.72160243988,2.39428186417,114.393213004,0.000288366933355,0.911714486367,0.500547402569,0.000598924518287,0.790879425811,0.412669215397,0.194912270304,0.000583571720785,0.000402997280661,output logits only; shared parameter gradients unresolved
HeadTrain,Bicycle/HistoryPathLength/1.5-2.5m,81,DualExpert,0.000311357634605,1.70661968361,1.49614584446,1.6678109169,2.03381490707,2.40891957283,138.236194372,0.000352383105626,0.911714486367,0.79490519724,0.00101731375731,1.02915379515,0.522262476937,0.304688185131,0.000957979055154,0.000510021950133,output logits only; shared parameter gradients unresolved
HeadTrain,Bicycle/HistoryPathLength/2.5-4m,66,R0,0.000253698813381,1.78006539742,1.59681916237,1.7154712081,2.08217275143,2.24636228085,117.48431623,0.000284952332697,0.782187558946,0.997877838475,0.000790667488485,1.15463860288,0.598023788947,0.404853629485,0.000893554075564,0.000584007606394,output logits only; shared parameter gradients unresolved
HeadTrain,Bicycle/HistoryPathLength/2.5-4m,66,R2,0.000253698813381,1.76787874012,1.51453173161,1.71708148718,2.03347098827,2.4218690753,116.679996848,0.000289994684574,0.782187558946,0.985691181176,0.000886869795425,1.14407314405,0.591650911804,0.399848690002,0.000923571688312,0.000577784093559,output logits only; shared parameter gradients unresolved
HeadTrain,Bicycle/HistoryPathLength/2.5-4m,66,G1,0.000253698813381,1.5929902792,1.15227133036,1.62787234783,2.0028758049,2.62113052607,105.137358427,0.000268629657881,0.782187558946,0.810802720251,0.000857771800409,1.03393663376,0.539446155343,0.335013831034,0.000868734403192,0.000526802886077,output logits only; shared parameter gradients unresolved
HeadTrain,Bicycle/HistoryPathLength/2.5-4m,66,G3,0.000253698813381,1.60318501429,1.23562401533,1.538882792,2.03631997108,2.38418411016,105.810210943,0.000270947640654,0.782187558946,0.820997455345,0.000880769180615,1.05768765599,0.552881740485,0.347367594752,0.000896717538388,0.000539923574693,output logits only; shared parameter gradients unresolved
HeadTrain,Bicycle/HistoryPathLength/2.5-4m,66,T2,0.000253698813381,1.16182285615,0.458564475179,1.20568847656,1.72946184874,2.09394568205,76.6803085059,0.000198618225096,0.782187558946,0.379635297204,0.000439032041413,0.665146587699,0.362184942164,0.165903200593,0.00046207881991,0.000353696232582,output logits only; shared parameter gradients unresolved
HeadTrain,Bicycle/HistoryPathLength/2.5-4m,66,T3,0.000253698813381,1.46166987401,1.01882517338,1.49069499969,1.83514761925,2.59826639891,96.4702116847,0.000243185923126,0.782187558946,0.679482315064,0.000662466550524,0.948344039195,0.499426975169,0.281678227482,0.000687174846443,0.000487721655438,output logits only; shared parameter gradients unresolved
HeadTrain,Bicycle/HistoryPathLength/2.5-4m,66,DualExpert,0.000253698813381,1.76787874012,1.51453173161,1.71708148718,2.03347098827,2.4218690753,116.679996848,0.000297433388126,0.782187558946,0.985691181176,0.00102787278823,1.14407314405,0.591650911804,0.399848690002,0.00102436562006,0.000577784093559,output logits only; shared parameter gradients unresolved
HeadTrain,Bicycle/HistoryPathLength/4m+,597,R0,0.00229482108468,1.74303946283,1.57897355556,1.66854965687,2.07108511925,2.20580980301,1040.59455931,0.00252391005526,0.88601716718,0.857022295654,0.00614241308134,1.06957528699,0.547037069534,0.340228108202,0.00679240212023,0.000534215888217,output logits only; shared parameter gradients unresolved
HeadTrain,Bicycle/HistoryPathLength/4m+,597,R2,0.00229482108468,1.74088131463,1.58885962963,1.68246805668,1.99701616764,2.21232442856,1039.30614483,0.00258307564097,0.88601716718,0.854864147449,0.00695739229867,1.07345086735,0.548142253429,0.339582252124,0.00709496591966,0.000535295169364,output logits only; shared parameter gradients unresolved
HeadTrain,Bicycle/HistoryPathLength/4m+,597,G1,0.00229482108468,1.61566483335,1.32351756096,1.59182631969,1.91200184822,2.72535776138,964.551905513,0.00246446412828,0.88601716718,0.729647666175,0.0069823266248,0.980979847673,0.512021286903,0.301504833664,0.00707210919998,0.000500020787991,output logits only; shared parameter gradients unresolved
HeadTrain,Bicycle/HistoryPathLength/4m+,597,G3,0.00229482108468,1.64951117993,1.39757802486,1.62005996704,1.94594848156,2.72729623795,984.758174419,0.00252166498484,0.88601716718,0.763494012752,0.00740894430173,1.0129372202,0.524692441126,0.311594699864,0.00727590164831,0.000512394962037,output logits only; shared parameter gradients unresolved
HeadTrain,Bicycle/HistoryPathLength/4m+,597,T2,0.00229482108468,1.28756629706,0.75170763731,1.24907827377,1.8096275568,2.50871714592,768.677079346,0.00199103629272,0.88601716718,0.401549129882,0.00420047802435,0.685647547476,0.380408585141,0.18143479618,0.00457101108734,0.000371492758927,output logits only; shared parameter gradients unresolved
HeadTrain,Bicycle/HistoryPathLength/4m+,597,T3,0.00229482108468,1.53210159238,1.19732916355,1.52130436897,1.8556499958,2.40698145866,914.664650649,0.00230572280846,0.88601716718,0.646084425197,0.00569777721634,0.922635683887,0.484849551527,0.270975093815,0.00597962220277,0.000473485890163,output logits only; shared parameter gradients unresolved
HeadTrain,Bicycle/HistoryPathLength/4m+,597,DualExpert,0.00229482108468,1.74088131463,1.58885962963,1.68246805668,1.99701616764,2.21232442856,1039.30614483,0.00264933455869,0.88601716718,0.854864147449,0.00806354468007,1.07345086735,0.548142253429,0.339582252124,0.00786927453017,0.000535295169364,output logits only; shared parameter gradients unresolved
HeadTrain,ObservableStaticLowError,150936,R0,0.580186122675,1.48094588197,,,,,223528.047641,0.542156099149,1.3956587491,0.0852871328656,0.154542850858,0.199432082778,0.0987059623185,0.0113792212761,0.0574360078899,9.63925413267e-05,output logits only; shared parameter gradients unresolved
HeadTrain,ObservableStaticLowError,150936,R2,0.580186122675,1.41578290676,,,,,213692.608814,0.531108350728,1.3956587491,0.0201241576562,0.0414081287553,0.0912169061267,0.0477507825986,0.00492428706156,0.0260116077884,4.66316236315e-05,output logits only; shared parameter gradients unresolved
HeadTrain,ObservableStaticLowError,150936,G1,0.580186122675,1.41604468347,,,,,213732.120344,0.546093103584,1.3956587491,0.020385934367,0.049321478855,0.0960137957002,0.0511497441976,0.00536207847516,0.031798479206,4.99509220679e-05,output logits only; shared parameter gradients unresolved
HeadTrain,ObservableStaticLowError,150936,G3,0.580186122675,1.41435518909,,,,,213477.114821,0.546649704965,1.3956587491,0.0186964399925,0.0458699344457,0.0952706331009,0.0518990460672,0.00545541604504,0.0322064710069,5.0682662175e-05,output logits only; shared parameter gradients unresolved
HeadTrain,ObservableStaticLowError,150936,T2,0.580186122675,1.41495150263,,,,,213567.12,0.553184033032,1.3956587491,0.0192927535249,0.0510237940677,0.0950892114847,0.0511977623004,0.00534860646586,0.0340683298819,4.99978147465e-05,output logits only; shared parameter gradients unresolved
HeadTrain,ObservableStaticLowError,150936,T3,0.580186122675,1.41483920554,,,,,213550.170328,0.538325711096,1.3956587491,0.0191804564413,0.0427655080404,0.090816206134,0.0484435909502,0.00505146337265,0.0281825368879,4.73081942873e-05,output logits only; shared parameter gradients unresolved
HeadTrain,ObservableStaticLowError,132643,VehicleExpert,0.694371446819,1.40867832204,,,,,186851.318671,0.671448358861,1.39096931193,0.0177090101184,0.0448257295078,0.0961343389155,0.0520040233823,0.00506228492483,0.0303140706719,5.07851790843e-05,output logits only; shared parameter gradients unresolved
HeadTrain,ObservableStaticLowError,16283,PedestrianExpert,0.246171290347,1.48093258934,,,,,24114.0253522,0.220347771677,1.43288491125,0.0480476780892,0.0778043549363,0.157056492317,0.0782944271968,0.0114938984903,0.056614148234,7.64594015594e-05,output logits only; shared parameter gradients unresolved
HeadTrain,ObservableStaticLowError,150936,DualExpert,0.580186122675,1.4166581358,,,,,213824.712385,0.545068652619,1.3956587491,0.0209993866959,0.0500788110677,0.102693202245,0.0548149252481,0.00574784072503,0.0336754139339,5.35302004376e-05,output logits only; shared parameter gradients unresolved
HeadTrain,Complement,109215,R0,0.419813877325,1.72839427864,,,,,188766.581141,0.457843900851,1.08357688691,0.64481739173,0.845457149142,0.800824659332,0.412554806129,0.258077229156,0.94256399211,0.000402885552861,output logits only; shared parameter gradients unresolved
HeadTrain,Complement,109215,R2,0.419813877325,1.72741457344,,,,,188659.582639,0.468891649272,1.08357688691,0.643837686536,0.958591871245,0.767926930792,0.399191232337,0.254824096276,0.973988392212,0.000389835187829,output logits only; shared parameter gradients unresolved
HeadTrain,Complement,109215,G1,0.419813877325,1.62662556382,,,,,177651.910952,0.453906896416,1.08357688691,0.54304867691,0.950678521145,0.701427571538,0.372259134816,0.225633262258,0.968201520794,0.000363534311343,output logits only; shared parameter gradients unresolved
HeadTrain,Complement,109215,G3,0.419813877325,1.62104032747,,,,,177041.919365,0.453350295035,1.08357688691,0.537463440567,0.954130065554,0.706023595449,0.374390916194,0.226557266923,0.967793528993,0.000365616129095,output logits only; shared parameter gradients unresolved
HeadTrain,Complement,109215,T2,0.419813877325,1.57946915466,,,,,172501.723726,0.446815966968,1.08357688691,0.495892267748,0.948976205932,0.664443442724,0.356699712173,0.209578512244,0.965931670118,0.000348339562669,output logits only; shared parameter gradients unresolved
HeadTrain,Complement,109215,T3,0.419813877325,1.6769039906,,,,,183143.069333,0.461674288904,1.08357688691,0.593327103692,0.95723449196,0.73716400611,0.386878828325,0.240731193737,0.971817463112,0.000377811355786,output logits only; shared parameter gradients unresolved
HeadTrain,Complement,58383,VehicleExpert,0.305628553181,1.56603254765,,,,,91429.6782293,0.328551641139,0.70870364768,0.857328899967,0.955174270492,0.960025380485,0.521940531164,0.367901322288,0.969685929328,0.000509707549965,output logits only; shared parameter gradients unresolved
HeadTrain,Complement,49862,PedestrianExpert,0.753828709653,1.71116654329,,,,,85322.1861814,0.779652228323,1.52519080379,0.185975739495,0.922195645064,0.411688145843,0.201848601385,0.0625455573359,0.943385851766,0.00019711777479,output logits only; shared parameter gradients unresolved
HeadTrain,Complement,109215,DualExpert,0.419813877325,1.63406852039,,,,,178464.793455,0.454931347381,1.08357688691,0.550491633486,0.949921188932,0.709672303898,0.375531672259,0.227942526755,0.966324586066,0.00036673014869,output logits only; shared parameter gradients unresolved
HeadTrain,VehicleObservableStaticLowError,132643,R0,0.509869268233,1.47033122265,,,,,195029.144365,0.47303343471,1.39096931193,0.0793619107205,0.126377284508,0.186383250761,0.0931594586128,0.00980794500798,0.0435052055941,9.09760338016e-05,output logits only; shared parameter gradients unresolved
HeadTrain,VehicleObservableStaticLowError,132643,R2,0.509869268233,1.40833222806,,,,,186805.411726,0.464283321166,1.39096931193,0.0173629161321,0.0313965595797,0.0861185641937,0.0452370844779,0.00421015225661,0.0195439856958,4.41768403105e-05,output logits only; shared parameter gradients unresolved
HeadTrain,VehicleObservableStaticLowError,132643,G1,0.509869268233,1.40857546265,,,,,186837.675092,0.477376847678,1.39096931193,0.01760615072,0.037433581704,0.0895910458309,0.0481996570485,0.00462049531307,0.0240798189711,4.70699775865e-05,output logits only; shared parameter gradients unresolved
HeadTrain,VehicleObservableStaticLowError,132643,G3,0.509869268233,1.40674308309,,,,,186594.62277,0.477811851499,1.39096931193,0.0157737711628,0.0340091858074,0.0892909631954,0.0493109798352,0.00474258184256,0.0246048995827,4.81552537453e-05,output logits only; shared parameter gradients unresolved
HeadTrain,VehicleObservableStaticLowError,132643,T2,0.509869268233,1.40737662154,,,,,186678.657211,0.483537224629,1.39096931193,0.0164073096158,0.0381335648135,0.0882714349797,0.0480903013242,0.00460545780824,0.0257795009691,4.69631848869e-05,output logits only; shared parameter gradients unresolved
HeadTrain,VehicleObservableStaticLowError,132643,T3,0.509869268233,1.40739568713,,,,,186681.186128,0.470593313584,1.39096931193,0.0164263752084,0.0321860688356,0.0846339445844,0.0455757401107,0.00433555297782,0.0212568482681,4.45075587018e-05,output logits only; shared parameter gradients unresolved
HeadTrain,VehicleObservableStaticLowError,132643,VehicleExpert,0.694371446819,1.40867832204,,,,,186851.318671,0.671448358861,1.39096931193,0.0177090101184,0.0448257295078,0.0961343389155,0.0520040233823,0.00506228492483,0.0303140706719,5.07851790843e-05,output logits only; shared parameter gradients unresolved
HeadTrain,VehicleObservableStaticLowError,132643,DualExpert,0.509869268233,1.40867832204,,,,,186851.318671,0.476309755651,1.39096931193,0.0177090101184,0.0371136086616,0.0961343389155,0.0520040233823,0.00506228492483,0.0260643141921,5.07851790843e-05,output logits only; shared parameter gradients unresolved
HeadTrain,PedestrianObservableStaticLowError,16283,R0,0.0625905723983,1.56541932818,,,,,25489.7229208,0.061824048002,1.43288491125,0.132534416929,0.0259081058579,0.303328401747,0.142797600971,0.0240456309152,0.0130933104983,0.000139450782199,output logits only; shared parameter gradients unresolved
HeadTrain,PedestrianObservableStaticLowError,16283,R2,0.0625905723983,1.4756389318,,,,,24027.8287265,0.0597183990468,1.43288491125,0.0427540205501,0.00949044206052,0.132265985379,0.0679372228829,0.0108014915482,0.00615529896092,6.63449442216e-05,output logits only; shared parameter gradients unresolved
HeadTrain,PedestrianObservableStaticLowError,16283,G1,0.0625905723983,1.47607628675,,,,,24034.9501772,0.061410145165,1.43288491125,0.0431913755008,0.0112731189585,0.146939806762,0.0744223541364,0.0113967762512,0.00729116275351,7.26780802113e-05,output logits only; shared parameter gradients unresolved
HeadTrain,PedestrianObservableStaticLowError,16283,G3,0.0625905723983,1.47518672215,,,,,24020.4653968,0.0615090771358,1.43288491125,0.0423018108978,0.0111961767375,0.142624066035,0.072442263236,0.0112787509136,0.00718319829285,7.07443976914e-05,output logits only; shared parameter gradients unresolved
HeadTrain,PedestrianObservableStaticLowError,16283,T2,0.0625905723983,1.475917288,,,,,24032.3612005,0.0622489009175,1.43288491125,0.043032376745,0.0122776557751,0.148839651167,0.0754171905802,0.0113600484755,0.00780606152382,7.36496001759e-05,output logits only; shared parameter gradients unresolved
HeadTrain,PedestrianObservableStaticLowError,16283,T3,0.0625905723983,1.47466944472,,,,,24012.0425683,0.0605305061131,1.43288491125,0.0417845334651,0.0100505965904,0.140469687944,0.0714384746606,0.0109390669672,0.00658392300224,6.97641354107e-05,output logits only; shared parameter gradients unresolved
HeadTrain,PedestrianObservableStaticLowError,16283,PedestrianExpert,0.246171290347,1.48093258934,,,,,24114.0253522,0.220347771677,1.43288491125,0.0480476780892,0.0778043549363,0.157056492317,0.0782944271968,0.0114938984903,0.056614148234,7.64594015594e-05,output logits only; shared parameter gradients unresolved
HeadTrain,PedestrianObservableStaticLowError,16283,DualExpert,0.0625905723983,1.48093258934,,,,,24114.0253522,0.0614699730512,1.43288491125,0.0480476780892,0.0123612215472,0.157056492317,0.0782944271968,0.0114938984903,0.00726469124701,7.64594015594e-05,output logits only; shared parameter gradients unresolved
