split,scene_name,scene_token,map_location,window_count,shard_sha256
train,scene-0001,73030fb67d3c46cfb5e590168088ae39,singapore-onenorth,24,d2fdd93f6975bce8fe2f9aad27af59a16a0130d364464cedfdfe04d40ac97b61
train,scene-0002,c3e0e9f6ee8d4170a3d22a6179f1ca3a,singapore-onenorth,24,5ef9f872a5cce7d3c96d6ed0ac8fd59d9eb834af852e1095d56f5a76e9f1ef7d
train,scene-0004,25496f19ffd14bd088cb430bfc01a4d7,singapore-onenorth,24,b6e099bcf5b2ec4362190fde4594bbb1f16bc95776a65ec79e0a1076b29634a5
train,scene-0005,6f5133fe62b240e797bac25aeff8b531,singapore-onenorth,23,03dad640e8357de8bb81a2fdc2181c5bc1598893a5f2c85708bf72740b1249cd
train,scene-0006,7deb4760e2244f32b57f9d631b535b66,singapore-onenorth,24,db20964ff5fbe0611db182327104b2615fa3377c23d78a52dbba2d317eeea9ae
train,scene-0007,bc219c0fa63b43b4b9dddab47fce1fef,singapore-onenorth,23,6c273c2dfdee639a1db7842ab94f9a68ae0bfff55ec5223eaed989efa6843167
train,scene-0008,9a61a88ed9094334a73aa93c08222110,singapore-onenorth,24,e6b74023c1ca080571c2537fbcfd1912833686d767b9e6528c296a4186970977
train,scene-0009,dd61533869aa48f2aaa7e8a6418bdbe6,singapore-onenorth,24,ae14597fd6874b53339842a8ef3b4bbb9f0b49fdd7ef0d904163d3a22308421c
train,scene-0010,daa9fce50073470398da3c2bccdaf21b,singapore-onenorth,24,63faabb64a4ee1d7c9a0d680b60a323c03119563444f6b17dd66d3a620bbbbef
train,scene-0011,c075fbdd97124beaba95bc5c25149f30,singapore-onenorth,24,f97834f8626209adfe58df93222398595a5289ddea639222ae854a538a70888a
train,scene-0019,de943e246dad4ad686de98008a634ecf,singapore-onenorth,24,c0689a5366b779e6a41abece3afc1fff055fd596fc2998307b575659b4a9a12a
train,scene-0020,4d475873416a4860900f5af213e0027c,singapore-onenorth,23,2580cc804e05adb43f095d10a013c5985edaec72e2ab0c661ca90f1132e90b48
train,scene-0021,03ee880dd4e348f4b3407f0d073c7c70,singapore-onenorth,24,bf74ccec1f3f1105cdb74ba875b754f46917774fde5efdf8d0c95ab838e3b476
train,scene-0022,7e3a6bdd6c6f4c8fb018cff404974446,singapore-onenorth,24,c27955aea7a74417c4e25e92a40087ae2cb4f44a9238c00f10b3423db5e04826
train,scene-0023,d0880a386b6d434bb5cd13c134af7a3e,singapore-onenorth,24,6b8019be3a0abdb17f5723d8c735f7e459d842e965b687b7f9d4bc745e458eb6
train,scene-0024,d7ebcbbd26d849b384c11bec8df28a9b,singapore-onenorth,24,e5be22e25cae011c472c3a9ea9ad68d7ad32b482f4dcd684917b05ba61c8a4f5
train,scene-0025,0c601ff2bf004fccafec366b08bf29e2,singapore-onenorth,24,9db89abffa78d6ae4099fe81e620d5a604f823df39ae55a2387eae0ece94cf66
train,scene-0026,b79d940da8df43d09ee972c2414ffeca,singapore-onenorth,23,a2485a41e49f1036338b68fa36d93321da5b76afdaea1f76ddd369946da0c805
train,scene-0027,1d4db80d13f342aba4881b38099bc4b7,singapore-onenorth,24,6dce15ef4948a502e4773ac214550722e869b5efd1843951bee140046501aa68
train,scene-0028,3a1850241080418b88dcee97c7d17ed7,singapore-onenorth,24,959607d4504945bbc9a741a3979d74957c95aed969c93aec833f0fb111e89bda
train,scene-0029,6520b5f0d568414c973f791b30ee1548,singapore-onenorth,24,bac95d718e9449b7e4456041d89160b15f0563a459368948728d1df596059392
train,scene-0030,82aef599650d462db73731b7ff40918b,singapore-onenorth,24,a735c46cc7f8b5c70bd25bedd52ffc3d22d7ef5fd393c8b03c697c5d1960e91e
train,scene-0031,f444b757d7e2444c889da10f02b73491,singapore-onenorth,24,4356a55c8735a4e11b307e8e79c0a4538b42c8210f309d3949e80903d4cdf61e
train,scene-0032,9047b53fd41540649dce014a128cbe1b,singapore-onenorth,24,395cfbd4543b17ac0207099f32212bd54fd9ef96ed94a9ac93d5c7b6f47d7b28
train,scene-0033,6e81ee0f64274490a403bbd6482c2bf9,singapore-onenorth,24,d4290b923747e2049ec7be912a7197eeafe2c3515c3240e3470021a299b9abb3
train,scene-0034,bb73edb93a0a46c4be997c576e9beb61,singapore-onenorth,23,f71aab590b56de34b6884188c9941f44220ee7e0ad1e27f2455e76ca72001a72
train,scene-0041,359f9c029ae44e1d9d47c05bc7915561,singapore-onenorth,24,7dac3517469844a7e9fce2c0904b693dc3560eb7b7959985d0a3e9c21c7ac3e7
train,scene-0042,c6c092a66329470f836714f46b92d59b,singapore-onenorth,25,68b4cdb75aee282045ef8db4b75b23a53cfdccf208db88f9b051867eae6ccd6f
train,scene-0043,70368a18644046f898ab836fc8a3c03f,singapore-onenorth,23,a420986a0077c9874fbd131f6576054964205acd6d7c554e1ff69ea3e4e67043
train,scene-0044,8758419c03ab47a59ea6d6620176f3a3,singapore-onenorth,24,cb13810cdfa38f4a7f4c3a2c71f0fa096aaab4a36235b97d97e7a31b2c0524ab
train,scene-0045,eac3102e4cc24d4b95532bcc711a902f,singapore-onenorth,23,8a9f9d65ee24f51306a9eda8589826ac2f29225e519205958c79bdf1af152e8a
train,scene-0046,798e8504b4364d378270333a349ef508,singapore-onenorth,23,cd561c8fd6d9504a8e0408bfbb4c8395af8b4225903ca55fc03295258832baf5
train,scene-0047,4047f251c21a475abb49518e0fa6fa9e,singapore-onenorth,24,2d881ddae3e69d91d462405faff8b066a723c1bb027a003cbd65b0ed454dd823
train,scene-0048,cf550d9670274ac1a7f274fbacb39c48,singapore-onenorth,24,8adac25cbcfc6c364e193d1322b346055317a0486da45597f700de2665e7e70b
train,scene-0049,095d9b93b583425f910ae2afaf1d017d,singapore-onenorth,23,9bbf99ae20d9be295a5daf705e9b302582ca0c7bb4a2649ccd4ca20db96c9d7e
train,scene-0050,9a81caa3d5134d7f87ee4786ccef68f7,singapore-onenorth,23,61b7a14954a02f0e94390723f58fd8b72539879e9aedab917ba06538f404ee3e
train,scene-0051,0e37d4a357db4246a908cfd97d17efc6,singapore-onenorth,23,b4a26903da19a71429d7dcbf22303c89764d1252c5795793c232868d56f0fc73
train,scene-0052,37b32e4e8cf846679b2c0cb342dbd4aa,singapore-onenorth,24,a2b8608cd56c1b5e3d8a7e03720acfeb717a27f753d9c67913889d731d045e82
train,scene-0053,6d4b2bd795ae4c66900ad98ccd2371a6,singapore-onenorth,23,8a0aa1f8737d9f69b369be52da81af4b885e3b9083add02de4b5c9a8f47c3ae8
train,scene-0054,8b43539a55374b6c8ed60c95a42d63a2,singapore-onenorth,23,705fd595a4d2250298883b476b7b09284db6dd6eda4b93e3fa4a09c04e419336
train,scene-0055,446af4b1d7da4735a607bc3e45c2e0b3,singapore-onenorth,24,69e117453d3d81e34b6169c2e0f13a4692c36926a28669ddf1cfecc0f08a20be
train,scene-0056,83773bcf46ac486383529098de0542dd,singapore-onenorth,25,1564cc4df79e628040768e7c8844a8e74f7cdd527e161ad4a62629dab7d709b4
train,scene-0057,433a14f8dcf5457fb2c4def5c749122a,singapore-onenorth,23,e9042e9a3bedcfa47a6799d563f76464a0fda609ad8e130c8eecadf1ec16bda4
train,scene-0058,9a1188aba4bf458c8220818a6c0be55a,singapore-onenorth,23,9e86288809a8ad8622538573ad6ab5681c1527368234d01461a997dc6117bbe4
train,scene-0059,dcd5bc29543747e28ef02816dd458290,singapore-onenorth,25,3964a569910d5e4a18993350be12748ca5fce8b3a471e23ff36ac6c7f934d164
train,scene-0060,bb028034cb474e3da8953f83752a70a9,singapore-onenorth,24,32474ffc9ba5d2293b8b4abc8ee732ced012ec196a178a48959d30e29f8f5f3f
train,scene-0061,cc8c0bf57f984915a77078b10eb33198,singapore-onenorth,23,c3ce5a85fc6d97896868c38de52cf42f655eb49537f5371bb35bae6d7c009305
train,scene-0062,762e6aac0d6f4c1b9b0286ab4b2da654,boston-seaport,23,010f825a09dd3d55c4daf96817cd132503f59dd597c6eb8061aa17288dc2f486
train,scene-0063,a8819942e8bb43b6a832c56dfb78cfc6,boston-seaport,23,79f8259a06afc2f396b4700cc3826f7f3b6466b8ada30bb847f518649b0d0969
train,scene-0064,7ad94b6e54f641208bf59cba6bb55220,boston-seaport,24,619b54731d27acbc04f80a2c52713ab6328b467df4872bdb425645f1cc33ad69
train,scene-0065,59530445fcc04c2090bfaf63f342f794,boston-seaport,24,bedc32f781254f7c1b07a35066d6f7d6ccfbcd05840a26c196221b5b377388a8
train,scene-0066,30e77a3561ce4f1bb4fd90e322ea29d7,boston-seaport,23,2fb2f2433bfc4f3c75e3ad77fe726a2e43df1cb2cecfd336f295f0e0239100c9
train,scene-0067,cb0cd06a1dd84271968466d7b65e48f8,boston-seaport,24,14d7ddfc0fec78eeed512767730222ad8d6d590ae69605aa53ea9eb9819ffad2
train,scene-0068,b0b26c1e5a1140e69598422f12ae1dc0,boston-seaport,23,74367e85853cac3e2b6d60607dd37a79cdc532bae3754300be23253c9edbd107
train,scene-0069,a5d7cc4bf3404cccb89932d94ccb9da6,boston-seaport,24,7107dd8478f970882701f8e94babb98445d9e9f20227c010562612222f181ba4
train,scene-0070,c0cb50847c3949a0b4baf2e200ac897c,boston-seaport,24,c7052d5883c1105afea897d176de44f6c949035bdb171282fe4babbd9be7df29
train,scene-0071,860ef56791a947baadb27dd00bd5d4b3,boston-seaport,24,2bbbddacfcbf9b630916fd7b78aedc51a28613f4a22e4e2e9f4d1bc48a10f16d
train,scene-0072,fbf27198b3424e28ab1de2a12eb3dc4a,boston-seaport,24,f8a715504ae08b0af33bd813287ff5f5b8db8e0ac8e35cbcd91fddc0e883da78
train,scene-0073,5557f4edc1464442812293e2ea90a586,boston-seaport,24,72b2fafa0edb756c40b7bbdc4c81f708f50f9a0bac55f9e121b8a9a11be5660c
train,scene-0074,78c5f7d7b547483c906d8524a8c3190f,boston-seaport,24,0f874062cc545af58eb6d0f1105be6d5593b16b2eb8fd7925c721110aed64e2d
train,scene-0075,01c3f5e39956402da3e37845632fadca,boston-seaport,23,c5c6e4eaae239bb8916b04f736f7ea0094ddc90d0150efc876238ebfa2bda111
train,scene-0076,e9a94a93c36a4adb831eb67ec8bdf289,boston-seaport,24,6f8dde47e14f0af2b113d7deb76c18fb5064aac30f78d2e734660f908772163a
train,scene-0120,a1ca2ba59ac9452fb3da60019bf32c71,singapore-onenorth,24,db86611cf7e02cfd640734074902a7adb1b587734b8d7c5e5e02df91fa0159d0
train,scene-0121,ce2d6bdc33084dc1a2780f41f6740e06,singapore-onenorth,24,9c03919d05dd09110358fb32213fdaea288f170df7ac166edf0d055cd91d8bc4
train,scene-0122,e6cb595f6df44b3999db28c65f2244ac,singapore-onenorth,23,9e7bb0cfbd01db4cf08fbc6ff652f42ad8e41fa6ec0ec442f7c07cdacd12b8d8
train,scene-0123,cb3ef7b7ef124983b336c781f134cdfb,singapore-onenorth,24,8a09ced3045d1c35e91a098d438bfc65ea84fffd98b72fc039d32e3ef48c23be
train,scene-0124,bed8426a524d45afab05b19cf02386b2,singapore-onenorth,24,d24b152682e2b87e48b5170f67f21e6d5732f41df9fb72989acc5ff9057148c1
train,scene-0125,36fbee38a28543ea9e27a67d64e1dee4,singapore-onenorth,24,8a8776ecadb05ae790ff5c2e2a7c8804843a8201c643803f810ef4136ed4b9b7
train,scene-0126,00590cbfa24a430a8c274b51e1c71231,singapore-onenorth,24,050ef1464cc055de5a58102ee80f4c026cfba5bcaa0d10db25f0b7eeaee4409f
train,scene-0127,52b30ecd104a4f4eab6f8f5684a73e56,singapore-onenorth,24,15bdb02694667018c9c9e6102e68ec4aea4161157b57ed9fce371d736ce7d9d2
train,scene-0128,5c9bd7ead37e4aa9989f7909f3a78baa,singapore-onenorth,24,761cd6084cab4da25f8fc84224adc517a9c500c4c77ed370af69b5c946c77fb7
train,scene-0129,ef5f216134a94e308697ab4c75402a20,singapore-onenorth,24,bedc6e53db66dc646ba96d12cb6110bd5456f7563335bc7f3b344be2fca11dee
train,scene-0130,dc6235e2281943548084c484cb38b876,singapore-onenorth,24,6aba4e358633320bf4fd0e795bfb81b04d4074f13ffb6cdd75c943bd27165c4b
train,scene-0131,8857cf15fa7049a6b000490835d3b9fc,singapore-onenorth,24,b6d2925d4d465bc9560973cc5b064edf797105cddc953399e8ef491d21cc00fd
train,scene-0132,4f28b42169f4404cbab4b43476e13885,singapore-onenorth,24,0994cac5343e2f8d75f0cb3dc94e3625932da71d34b0cf76f2bd956a8f8fe606
train,scene-0133,f57957ebc5654b649a0786d993b64be4,singapore-onenorth,24,9004b75b176f641879d96e92b2b907d81d9dbcb43108ef4c0d7ccb89fa3f12d2
train,scene-0134,d90b94e8bfd446cd9407f48665122268,singapore-onenorth,24,106da109f673137941eb2e5e3d8d882b44e06c351299759b4fb93950b82a3aa6
train,scene-0135,4db0eee3b82d49b198c1a411cf7f7d68,singapore-onenorth,23,d48da76a975ad666c5e8e48a3b35f62262fca9b4eeebb72ab2801f387cbba58a
train,scene-0138,7365754410624f2f85087003f4ed41ad,singapore-onenorth,24,730994b37f79f5f18b524d95927c95427c9d89afcfcd67b8d026cc1218acb544
train,scene-0139,01c8c59260db4a3682d7b4f8da65425e,singapore-onenorth,24,ba1c31b3579c35929ce261a6b836efac3b2a15d199c7d5a9a9261a5d64056e4c
train,scene-0149,1fbcc26ebf6948bb964d3ae74939e8ea,singapore-onenorth,24,42857a5cf27587ab968d2dd763b4e660d421b359e096ef53bcf169ae0958e046
train,scene-0150,94f224a2a36c4bbbab59120cc6c31f6e,singapore-onenorth,23,a711480716c04861221f968e28e11ce35e5df9d03ed757f10dbd2ed1bd255dfd
train,scene-0151,ba76f4185aa34ed3bff467ac640da902,singapore-onenorth,24,91b4b25d3db10a31221f1307aad6ef0fb11b7f942a63e00c406408965e713178
train,scene-0152,bd210a5bc7004d8c94b68cf6366612a2,singapore-onenorth,23,0b5ffcb5d82981102cef8ca26220801e386727229d7f737197e82c06d240f858
train,scene-0154,12cd5f88732749a58725528bb3d86958,singapore-onenorth,23,9029877ec8af61f6af936b1eaac5c087010fac36c404bb479531a56f900f45fa
train,scene-0155,cd1a8954ff904333bb13fa1a6ee526fd,singapore-onenorth,23,a6d8f8837fa61b608c5cb7c6b0236ab9ddafbcd9df8439b1d53bfa75ee5df5c1
train,scene-0157,d0b2d916178a402a842c88f394d7d7e8,singapore-onenorth,24,5c6f315ee949806ebbe37da224deb2ca3559fc833b6bd47a00022aa03e8e57a4
train,scene-0158,c0d3796765e2452d990309b2568adac5,singapore-onenorth,24,1fdad716bfeabd1174e941ac171fb75affe403cfab8100f4b65b9768a0a0beb7
train,scene-0159,73d9a36f20594e658020ebfc5b0ba74a,singapore-onenorth,23,4c7e6d012b61ea2117406ca1aea91808ef156fe3e6001f2cd8a15666641f637f
train,scene-0160,9eaabad9385b4fe1b9f397edead326ac,singapore-onenorth,24,f0da487b18aa4bf36f23d4b84fbc74d8bda1267f262af29ed407f9826d0cfda3
train,scene-0161,0d2cc345342a460e94ff54748338ac22,boston-seaport,24,3d5360a6458ff20c0f14018710c936fce35bccc914b686d887bf7e857f3fbfb0
train,scene-0162,bc4fd5a05a004333b9411754630f4cba,boston-seaport,24,ad899f9f0b1a3adddc79fec69a7bc04e60d2883265e6d68d35886edd7b846608
train,scene-0163,6ab3d1e9476d4cd89d4949d69d056901,boston-seaport,24,6c8fe6f55db9733407e8e81bc835dbb110da37d3b071f60961d5c93d9c39eb69
train,scene-0164,75a4ec12042542149b0a77a0a10d6330,boston-seaport,23,12e4d28b6a5c8212ecca961ec5d3e00d39bf80a3310467519a70749c6bf8796b
train,scene-0165,8fbbe701baf641359129ea166e1674ec,boston-seaport,24,a3687a285213ea27c191015b083feb1640a0c855969ec58e10259a942eeec2be
train,scene-0166,15e1fa06e30e438a98430cc1fd0e8a69,boston-seaport,23,56bba5a1ed2a127b41258bfb387c7671dff59fc012f2d7e852b89fd5e5ea8f4f
train,scene-0167,448cf480b0b8400a86881d28c2c5f734,boston-seaport,24,20113a50b9e5bf4036b97a6de3aa119bfd3e273cdb13e5b80f0e8995e598995f
train,scene-0168,bef135921f374f838bf0badae55cac83,boston-seaport,24,5e1730b30e2e96828722a6354f28f76e6a22e457dd01eb9be374fcc546a62e36
train,scene-0170,ab6eea0e06c84f70be411a9d36636a7a,boston-seaport,24,e9ccc804d48ecfba5923080175a04b50ffe5c747b84395abd9d09deda13dc1d4
train,scene-0171,2ffd7e2a1daf4b928464ddb2ed3dca59,boston-seaport,24,2110e2158eca7f9f6cfdad2c75d7880a99e105a53c84a14edd4f6e028ec3b526
train,scene-0172,634a8c5835e44aec912604a9a1972a5d,boston-seaport,24,26ed03b91b1abba0ac2f1b2910a00d0128e0f29a0f40682aae2a255c3c0ca110
train,scene-0173,8931a57994764c9b945a7a1b352c9ae5,boston-seaport,24,a39211d5bfb799986da8d508e4c1f9048f14b8d8978ef9ec2cc0ef994aea18c9
train,scene-0174,fd5a3c6d3ad44954a8045edbe9d93763,boston-seaport,24,e47dfe9eddfe4e97328be916b94061ab458342d7356840c9fae9b6fa88879a3c
train,scene-0175,7cf32f906f50415786414ce8bbe10e9b,boston-seaport,24,26aaa42aa9f707ee2e3d9b708193b740368d2b6e1f5e3079936b390f1a8ddf00
train,scene-0176,c7492bdc08f8450fa580b7787331f0c9,boston-seaport,23,f87b0c46e1432ecaf2306cfdf7e9d4654ac1a48c5ade444f211a9484610e6a0f
train,scene-0177,fcb40dc8514444c49b1fdc06f80a123b,singapore-queenstown,24,90a598b2f3a93cb449718f0badde654c2095ee085ee294084dade406218b7d3b
train,scene-0178,f4395dd8e4004f12a8dec3079a93d804,singapore-queenstown,23,5a4c7d60384faaf869ecc79448dfb16d8a43c5d4c70b452f12da010f89ee037b
train,scene-0179,2538a745a83f430eb590d48b4743e179,singapore-queenstown,24,cb1356d2b31b01a23944f44a6e6c094b491809fadcbc8794fcce442122c5722b
train,scene-0180,4431d97ea17044ad9c09c13d16684054,singapore-queenstown,23,85e1f0d71d369b09224af5ce727a85d0d9d8e5debdc289ed5e9c9ff0915ba81a
train,scene-0181,c9c28de6e66442f7921858f1ebbec3ef,singapore-queenstown,24,cfe18699a9af171d235186bf8510f8143244159e77919a51ff5aa018775ec713
train,scene-0182,2c1f2e5096434cd78919b2ae442d4ba4,singapore-queenstown,24,94f02a7b9ffb94d982f6ede47946650f197bfcfd3f8fd78e1f0f5ca3fe1e3831
train,scene-0183,c67b72f4a0bd4f2b96ecbd0e01c58232,singapore-queenstown,24,dd0a9e24f14a9ac46dfbc25524d2758cb2f217923445d533f1f3eab632d5d414
train,scene-0184,93032908bafd484ea10a39b0d5d3fff6,singapore-queenstown,24,8ad629f8086bcf32a91da6fabf58591360d2aee9aaebf68972802b74f006b207
train,scene-0185,b886756c3fd641eeba9dda3932e196c0,singapore-queenstown,24,4a3c3f1c146d13e2d5f146bef6f4eb047dc0330bd3ad64543cc9479a1b42c6ac
train,scene-0187,019b370afb444a2e8ce85654898307c8,singapore-queenstown,23,5a8a1612125495e14adb2ab16b3dd80b8d9cd6b2b2c465d6653580a7424333c1
train,scene-0188,928ee3a8c5a84497a6360fe70a4e921e,singapore-queenstown,16,b4e6a61dbae152d6f872035b7cb75f9798da5c6c95fa6e696e1e030ec654c817
train,scene-0190,c04cdbbe744c4da08d3df61c47d5cc94,singapore-onenorth,24,52123f9a67cf4d1485d6967790216b70a2e8fbbdc05e1a0d5d400be0cde671ed
train,scene-0191,f9e460f092c94466b1211704b5a8859d,singapore-onenorth,24,bbd4f28cfd778ad5a30f81db4c5a3d134b0ba781ce24dc32602065058333ea2d
train,scene-0192,1fa63d31aaa7459383b4414715cd12db,singapore-onenorth,24,8b0be34fa244bbd3eaa5360d30662275bf3e59dced1b005355dc40a008b2b7bc
train,scene-0193,2ce2df158372461fa91ce77455656f81,singapore-onenorth,24,434819d5e86307e1ca29ee7a336dee7dc711916b9d2caddfb9d8ebd335f38a63
train,scene-0194,04061484361145f5ac6f90a5103b84a6,singapore-onenorth,24,928d145885060734619462c9fc28d43e44b03b8c3f7f6fd7c0529754b5fdf229
train,scene-0195,b487d499e93e44caaf6c3dc884225fa2,singapore-onenorth,24,331cd78692c2dd9433b617514476751eaf9c6fba46b3b74d018ff0423322483c
train,scene-0196,6bb64043c9db4f51b7a69e7260ed4f6e,singapore-onenorth,24,30bb7fd3178059c6fe914599048ed71f90c28a17c12234d715da30d8522c6724
train,scene-0199,c324de94562d41498a2d4b7d51c5ce78,boston-seaport,24,886fa645300c82e0e88f28fd0cd953d1ed2aa7d323d2955f38ba4057e66e77aa
train,scene-0200,670e01eb31b64b509db5290531254203,boston-seaport,23,57cb7e411318b1b5622fdacad61601ea41d7355a34f03c6f7c2afb0177655859
train,scene-0202,53c92676ef334011bd4689494ac11fa0,boston-seaport,23,e18f5755e589e9e19ccdf1c1d475b0972f9d04d793b015afeb2dc0a8dee25bf6
train,scene-0203,8e1f7ff7dc9940da8eeca3c06ae1aa4d,boston-seaport,24,88b60e73987f074f88615b142d343e2a5b5b1f79918ae123293ad542b601b8eb
train,scene-0204,5e30d846d2344ec2addfb664799d1899,boston-seaport,23,b4e570f2615eb25175a009f36d3e3ddcddbe808ac5df0f81502d5c5cabe31dc3
train,scene-0206,fc61f52dcc1b4def95a278665d23af00,boston-seaport,23,1e074596cbfa6caf2e16d9d5c8a187387697fb9162b50be20aa3022a7ff0dd50
train,scene-0207,210add02013a4dfa84b7c5e23058781f,boston-seaport,24,a0cc69b847c51414f03f3c5260e92babe28f2b0abaf85ef58ed8dd530dc95935
train,scene-0208,1959c8f440a340fda3ea2cac0ac528ec,boston-seaport,24,845563d1eeb6a6d5ed540b8b5d8c9b77f690d195be1c5140d27613fb65c24d3b
train,scene-0209,875e9b8b63b54263ba1edeb21faadea8,boston-seaport,23,77ab5def2cb645bd59ea33e99280c385067e504c268bfd8f93e8a2bc678ec80c
train,scene-0210,2e3c0f308fcf4664bf7994053d7080b9,boston-seaport,24,6dc407ffec763d790b1ee3df8a5570cd88d65c9bbe396895680d21b0263ad898
train,scene-0211,ed22649f50454a6ab71356780b2a2454,boston-seaport,23,5ecef2aa9a05ef2f736fe2bdf04c8660bdd459254ea2e30ea07810fa0d19ef29
train,scene-0212,1ecfbad2023f4b17b542801a21375e3f,boston-seaport,24,4a3e781bd84bc2964a08836a9655be9cadab21938fc69daeff687d08a1ee28f7
train,scene-0213,69295e26c8d146de94ea5307d8d74819,boston-seaport,23,99b782e0be76dded9522e4865e21afbaf359a5c72d9496cde07eda556bc89e15
train,scene-0214,2bbff07f5b4248eab483ddcf91cfa848,boston-seaport,23,817f29ca4266bc84813044595ac4ee1205ab921e79bc6cafa4a98b3d723e59f9
train,scene-0218,febc1800b9ed432d96aee5ecf0156831,boston-seaport,24,c03995cc67a5396dd6675e626c02424ae3bd51e4dd97c0fc6232e2ddd2b43563
train,scene-0219,bc8f2774ff4946d3965a807a6aa1b64f,boston-seaport,23,912764bfe0114c48c497004a25adb94555855ae2afc0dfaae397db933c41a998
train,scene-0220,81227a12571240e0b9d537165f57e177,boston-seaport,24,6e99daeb75769c8305c97a83e4d3d45ad96df8543fc7ea9bde7c7a2df02fb969
train,scene-0222,129304d659464b0fb3a51c99eaec114a,boston-seaport,24,88dcecd1ae85b216dc755f75ef5941bbdabcbd0640d331b15f1e7c5ed2f9f05e
train,scene-0224,60111bb5388f4195b98555d4d4b89618,boston-seaport,23,1de0122480abf6580022546686fa6d8215c8950eddf9b484189f42c3801fd10b
train,scene-0225,eae0cfe3be5f44a5be4f3e2c961397ed,boston-seaport,24,61a2989bc2ca99ecd029ebc0a194b447ab59b86fed1579cebf30985de7e6d27c
train,scene-0226,7ad327c8827849ed91136bb2d04acec9,boston-seaport,24,e630e43e4271a974247c9af445bb7ed8cb41c3886290e5158a6bebf33a3408b9
train,scene-0227,87a71839e68b46da8e91fb5f21b50c1c,boston-seaport,23,e11778b2145d22ea3a61a1b516d8f9a86a2c07b3837a8048c928eafbe558a9b2
train,scene-0228,aad7d3bf3c7a47ad9cb93d9b92ed38ee,boston-seaport,24,e516c87d2bd697280912fccabfa62e008e2e59928f0ddba17aa8d94b441bf07c
train,scene-0229,2755560e05784e5cbc76619793d36e86,boston-seaport,24,72918a25f4c52e17e38df30bd2372f32274e73c10df2b0773e324cec2c83c649
train,scene-0230,d91c7213cd1c48ae86a30bd82fc4fd25,boston-seaport,24,c1ec959257806aced6505bbf748308a4cf64c087b10ae56de5769d7369605206
train,scene-0231,52678e6091214431bf9f3b41e5eeaa24,boston-seaport,24,96285258d8e7a3dbf0c4fe1d4b437b934463f29c0b291228a6fd9ad0029563fc
train,scene-0232,7599adab7f3944dc8ac1c88b4f3bb082,boston-seaport,24,49db2d0f58998764c210d3ea2e3f5ef0a482221d538e4ff6cec9b0f4292677fe
train,scene-0233,9e7d5adad1514dd79292e9318b7a443c,boston-seaport,24,c23ec07a9abd68b4fbbc83ccff84aea85254d383ad2792f208ced214b1873e23
train,scene-0234,0053e9c440a94c1b84bd9c4223efc4b0,boston-seaport,24,da3a3a9313649f903d6b4dea22a9534ad9570d8a2c6c2fcdc3fcf5d3f5ca18ba
train,scene-0235,fb3aaad97849430cbc32891319c9be10,boston-seaport,23,885c00a9c0c0b9df695ddd2ef9efec8d8cd928d2b7c62ee0912a85fe273e210e
train,scene-0236,2ba06ef7b3b44cbfad6d771981d86af9,boston-seaport,24,9b1ae621fc8c7e27867145a7333ba4c6754848bc4ca936faea44c1c22f8564a4
train,scene-0237,22daa579e9d54040b3f76a4eeef3a587,boston-seaport,23,4c6f4e884ac2f93a9db1986b908c9c8703c1261b2c32c1a3bca9ce358108f933
train,scene-0238,724957e51f464a9aa64a16458443786d,boston-seaport,24,ffc87a17fbb9bcd38698464094ef1baade63aa0586e321f0aefdb5d73acdcaeb
train,scene-0239,1977a1c98a6c4eb79fbc2a6dc0da9b0f,boston-seaport,24,344abfabd173c973fbe08c9458698c22b8daa74ea7f4863f648833370c03c8d8
train,scene-0240,d865cb18632040fdb4cb06b6e3331cdb,boston-seaport,23,8eae2ebe74debae3175a0eb510c3641df08be0578e1af1440cb45e48d3bd5cf9
train,scene-0241,dc9ef63b61394d3d8effeb51919f2144,boston-seaport,24,147ab019ef3057a44dde43c60fcd33c28eee8c2be95bd0ecbee09217c70f0c4a
train,scene-0242,19f47b8941094af29b8db20b255717fc,boston-seaport,24,40ab1f6b1d478d33e68a81a028869f9381edbd86c18ad170935d6ae582eebb5b
train,scene-0243,28e4134bcd664522907277f1ceec2893,boston-seaport,24,3c4273b5e8ae9dc324c66653e0338128d1494d4475507b992f6e8e031e2cb740
train,scene-0244,c9d654d4279c4efa9745a25ba6b373ee,boston-seaport,24,dc2a0e3814dae90c5f57d0fa016d393965b868f102d62c6e003fd3556fcc8112
train,scene-0245,bcb05cffb5814973a6cff4fbdca2b99b,boston-seaport,23,d7f8e32891f5d0d7fb8bc32866912f3f8f4dedb8d5ade85ecd90f07864a154ba
train,scene-0246,d1ac8e27ba8944a4a42a488cf2fedd74,boston-seaport,24,d0b639f35f026a9c782ec7d9ff05d35c3f2cb7019e6b6ae218ac40cffae5c35c
train,scene-0247,93bdbe60d6d0495cbb39d6c811554905,boston-seaport,23,00248ae2ba567c5c5bfa37e3d035ec5faaf6ab93969a74d0e29499ec2964af64
train,scene-0248,36b7b02f0f034f0595e3437a85554151,boston-seaport,24,1271b17361c4fe7edbe9221021a3ea3d21a971382229dd593168411d850e1840
train,scene-0249,35ecd252b8ee4cbc83376148e192a803,boston-seaport,24,4987537731b04688b6d5b9b17f02bd230b6f70ce60fb9f1d480ce8727e386c66
train,scene-0250,892ed06c432448fe87ecb5d31756f14a,boston-seaport,24,65f2377399bd295e737e0cc3afe062252f4e7f75daf865b5e0f10966de338c69
train,scene-0251,75ebb308bea04317adbc25554d5cd7f5,boston-seaport,24,1a5f49ef4e034ddc129aedf79caa6f33de8568d661d0d5fbbd0c2773e2d777a8
train,scene-0252,7ca5e90766dc4b7bb6a9b3b0d95c99da,boston-seaport,24,9cc9657531134fb04a0b3936b30a84dda8e4d3c9b55474752c083d60a37b2c18
train,scene-0253,7d6006ae9d8f406aa99756156ea4f70a,boston-seaport,24,c309b20064484bc4fb6a57f4a742689925738ac018150d58a5a60a965f6e75b7
train,scene-0254,55c853d5aab04850a8059dc95e62c2ad,boston-seaport,24,a400cf2b1ba083f6d6ee11518cf0df4fb4a17ed8789502db80f0245fa794ff24
train,scene-0255,6207269cb9474c14b01f9610b2ee30aa,boston-seaport,24,6f653fda10ee5c118525e579f5cefa15a75d62377fc26df9473af4e02a5e33bb
train,scene-0256,4959ccdac5774a088d0c9e10667f09f1,boston-seaport,23,b37182a9ad75f3e7297874c95d72bd08aa41736eadc680c2a363b944443deb44
train,scene-0257,b0be2e24e2234947867c7f555f6f59d2,boston-seaport,24,6c83ae2c2f6c87271d8b1c371df76c6a795a8f8a8d9be11a0f2a5475ae098d32
train,scene-0258,aa45d94630be481787f20121ce89a605,boston-seaport,24,f989b33c42cd16ccc55a419fdc5e0016c33b830edc422acb6c97bdf4fe926896
train,scene-0259,5e270cfc71714e2bb94bad445c6159a4,boston-seaport,24,7a38e4d77d5c7542503b028e1b1e5668273f2480dad331f485de7ef83b6de4de
train,scene-0260,3d42cd90a8184d9ebd3bb85b6416314d,boston-seaport,24,7cf80a75abd99807041e491afe4328d4c0012e534a2164af67cd01a33bd95695
train,scene-0261,14b96c255dee4a838a8d401302ac2852,boston-seaport,24,45030e9c24ba69fde4a7becc37c92e126a9b5fae0bc96c450c539313b28ef694
train,scene-0262,d654cae175de44319ace178994ed0329,boston-seaport,24,5acb74f020c01ec44adbdada0d58c1e955590028e5fa0d8a8a9efe16421af9f6
train,scene-0263,cffc45a1565446fab5014afb3da169e8,boston-seaport,24,62e4313b91e11ef960d2c23fe38213f02507b6e1c9ab7cd6a70c51989c445ddf
train,scene-0264,9833ac6de5ae418f9e6d0eeb58e72beb,boston-seaport,24,50004fc627369e4f00819d4a61ab40d584a27026c6a6f989563fa2123400140f
train,scene-0283,2d8e61ea27fd419ba9b708488e3f2f10,boston-seaport,24,b8c6c142a0d64b1c818340d0d5e2be803ce493ba92427cc90b083d74575590df
train,scene-0284,4284a8d9b40d42edb9725543db91381e,boston-seaport,23,0941b4ef5fd800a9befb823c47943e5010233aa833019e9c2868586ce1153499
train,scene-0285,26540bfbab79463cb1ba76b52ec6013b,boston-seaport,24,3cb978b97540e7d9d45ce292db43056c2591177c208fe65c97513b72f0a0cfad
train,scene-0286,363bb6c0fdaf465aa54c39f082bb92c6,boston-seaport,24,b3357e6bff929ce968604c304e8c1cc8d3f7d5c59755f2f77e5c8610179a4c55
train,scene-0287,ab8bf18dfce14db4b8213b88f5dc1429,boston-seaport,24,6d4f2e210759029e0176721c3495092950269fd8f7425527c165d596c7f39e2e
train,scene-0288,5ab815cbcfee494499e41151890d6d8f,boston-seaport,24,77a016f40c5d60656285f27f9e78836fdbf957186839b0ba738a8ac04fa12f13
train,scene-0289,9a442b0f6b7a41568b3e4f7b7ba58402,boston-seaport,24,be18c14aae1ec3638607ecaa5b9b08b97c9bb09575cc442e16a9d2120cb01da7
train,scene-0290,bd850592cd2541288b177b8e20baa31e,boston-seaport,24,2fc83d55d2af57c356ad1d74f7d2d88cafd1242b8cd1d8f0a262cb4bd762319c
train,scene-0291,59ff984c3143486da7d2c4ffec023b36,boston-seaport,23,dc3f912b277cab675f72017297cb6ccaab9eda8a24e2aa85b80d859911baa548
train,scene-0292,7ef04cdbd04c4b67a22f59502cb8fac6,boston-seaport,24,9ac5361e54da1a8b3e986b40c62929ee63c1bbd6c32b7feb7a80a371290d0947
train,scene-0293,6308d6d934074a028fc3145eedf3e65f,boston-seaport,24,810afbde3e312243c87a5895462b8c8fab0d5157b3f0a36ef6a5785c7f71e648
train,scene-0294,5c2fc0a595c9435cb08e30700c63f9e9,boston-seaport,23,f1528b0cd31a916dd358ec3461891c365946a05713f2d0340433ba7975fafc12
train,scene-0295,63252988084b4943a50734990c47e039,boston-seaport,24,31aad7e40a5fb9a4c2419ebc9e46a0d949dbf8dc9942021004bb8ca2d4b3daf9
train,scene-0296,1a819a84e3494177b47bea8c7f0770ec,boston-seaport,24,719d27fa819e79af9c00db877b1198917bc702a2dda0bd52cb89a2dc28c1a31b
train,scene-0297,3bc4553925494890a21ef7a15c40eaed,boston-seaport,23,217b1f47461e5012e8f81f28001b16f1a055edb928d8a680d90dfe586f5284e1
train,scene-0298,84f4c0747550493f959595dae6785cd3,boston-seaport,23,af821292f4d8507acdb494d83d98e133265c657f32562a5e8e8a256ecc39f06c
train,scene-0299,7f8714d8ca814914bf4ff3ed30123db5,boston-seaport,24,e350f420e67f4d4d10ec0d276da86a825fc8a96032e132e1a3c1b190a2dc2eb7
train,scene-0300,da783af4b5124333911684dbaf31d969,boston-seaport,24,7004c638009884d6d12054b090ee93351710eeb625de3d3fc60c51f280e656a0
train,scene-0301,85a9c262809d4ac49d2a9b1f8a1487e8,boston-seaport,24,e9c0a123cc392c5b594a65589641160195bdaf1151013b20583d0e1b6f569f62
train,scene-0302,c6da5920d2bc459bb3bc51ee6b9fdd7e,boston-seaport,24,26b63c8027a66ecf8d495ce570be696b682c53cd5c667310702dc5065b8f73b5
train,scene-0303,9a0d2af517ff44f587c93254ee657215,boston-seaport,24,d6970e5eb08265478ad92a611b6f3014f4af2c0f8d065a871de4004f0d9b6250
train,scene-0304,f123185f3bb64faebc08d4453aec2659,boston-seaport,23,d58096470acf6e2093d2948e13c6c1e2e16024efde7778c47d1567e768310e0a
train,scene-0305,8c7dfcee70754286959b80c6cfe2d246,boston-seaport,24,9fd103868552f7e76b9a4ba55211d22e17862bd3911ec59858772cb31147921b
train,scene-0306,7540f31d12f1439db67a50be7726c70d,boston-seaport,24,ed11a69af18895c269b1c4b701400a8c6df04d5783162f59b9a12819d2da60e0
train,scene-0315,dbe2eceb3e4649289366f674c2ba4274,singapore-queenstown,23,96424e0c8830e38bb121ac1e2288ad521993c11398b838abb893ccf5e979cf96
train,scene-0316,c74a3a7265ae45f99f65628fbd7cd2a4,singapore-queenstown,23,cc84c7fb8bb18b6c96f3a79cb4b6332a1a0360c49cf378e3941cd4e6f3ccf20a
train,scene-0317,fc9068b303e448a6bbcefd37204386a9,singapore-queenstown,23,afafa1109780612f6f1c7196a196a6e6320fe52f2220e373c7e1b16f36876144
train,scene-0318,4b48dfc43a3f411b88a71031d77e5696,singapore-queenstown,23,ab941c97f99a068f1b52f781608ffe070104e89da428549b0669280e5fa546fe
train,scene-0321,69ee276c40644ddbb7fe21c613cd7689,boston-seaport,24,10c1b49854113823011dbc30a92b22d338a30b57d25bdc65669deb1aad1c4550
train,scene-0323,53484b9d012842bb98719a9d12b038ca,boston-seaport,24,005765082eff019bfc6d9f1fbcb9f2b72093efa8013c425e52b4d9708be10642
train,scene-0324,13c6a31ab85547b08dab2544024553a8,boston-seaport,24,2418aaafade735c45206efacad0e1a07adf40b5b43b1bc10f8fcfa1236014682
train,scene-0328,cc9d6954dc6448359fc1e8aeafc5f760,boston-seaport,23,ddaa687d0ce75b165891770f8e09eb059342c38b42689321904cc71a0c458514
train,scene-0347,af128e79b77a4a4b8bfcd997c320b2a9,singapore-onenorth,23,c693cdf2153ceac476a5c3e6051b027e058f770a913abe4a04ac7666702c6558
train,scene-0348,566311b8201e416f9f99463656dcadce,singapore-onenorth,24,21ca08c2a3d1dd40914d9a63df6ab84905610ce1261337db9865af70ef821ff3
train,scene-0349,c24317a5c0cb4f5c9fd31740eb1152f2,singapore-onenorth,23,d960f336980de4a4ad4f9904b005e977023066096364dd8f5ec612024c05f457
train,scene-0350,d825d5544592463e8c138473502dfeea,singapore-onenorth,23,292f2074e835c39603474c08037f8897207ef678e6ef822f119598d7fe6ab917
train,scene-0351,a99120daccb24bcd941b33e6e03bf718,singapore-onenorth,24,cc62ed24e6cabbc720c59504be158341c6edad30d2ab597f10c7ba9ccac82e95
train,scene-0352,1d914f73a4a243c3acac50d24f083aac,singapore-onenorth,24,a044b9ed3f264edfea9ebac2d8eb9070a4ea334d52fbf2de55237d7e7c51a59e
train,scene-0353,6746ba640c0e45c7961efbe6af51757e,singapore-onenorth,23,a99d61473a7f3c87cf2be8ae5a0fb23df29c7d9f0f1620b27160b3f8946f7f94
train,scene-0354,312102fd97de4bd4859374946e24ccdc,singapore-onenorth,23,53056a55f3ee79fa16c022cc359114ddf447c29ae8e49c3edd51d833264b3dad
train,scene-0355,2f093cad7209436aa06e103bfe062857,singapore-onenorth,23,745a16e335e8654757b966a8d8028cff89685202c57583718f29601915c02983
train,scene-0356,7bcc4753bdb64d2cb407b55cc4e4527f,singapore-onenorth,23,bf59685bf33e0f789aef773184576174a7be17f149ba5900837170372075b484
train,scene-0357,f0294478e1994642bac453f1e84610df,singapore-onenorth,25,e4a7fd92e39a61394b8c68ec702a02e5a20245e692f422dfea741853e71db440
train,scene-0358,2121cc12888e47ce856dc5391f202594,singapore-onenorth,24,f11b2c13fa8ae9b7ea33d6a78c17e51a9d0b75f8d3a25787dd61ba394e5de303
train,scene-0359,2987b4494fcc4639bdd6d714a94b2c72,singapore-onenorth,24,2da7d700f00214717ba7625517707a81b1eaa3218e9fac0f59dd7db0dc14a27b
train,scene-0360,cf10376382b74af1975be86f7190df20,singapore-onenorth,24,6d77811c5aa9d3d88161b2fee6df64757019e156c725ff60f592e591ff5041e9
train,scene-0361,212b65c558254e2084489bf76e371e1a,singapore-onenorth,24,38f762eee3ea3c0a45691bdc9626613fac3181684fd492f95bbc965737394f9e
train,scene-0362,4098aaf3c7074e7d87285e2fc95369e0,singapore-onenorth,24,acda5f648450df6ef5a091cd304fbcae14401309e921432317386c4171760aba
train,scene-0363,88084e0150d64dd1949a9cf1493e5188,singapore-onenorth,25,770f70e62e3e213a40b672cc73fb95fe34f040473b51cd29efee1bb2ce68785c
train,scene-0364,f13bd38bf9b64d579a63d4e7d750f592,singapore-onenorth,24,94f77968fc6c9e0e5bfbb6e6bba9c0702cbe13889e605b68c2596251b2b9bda4
train,scene-0365,8dd4349e80c345afac455cf76074f028,singapore-onenorth,24,e6c4b844de505fa1288c44526896c189dd5722323726d29fa08bcc493beeee8d
train,scene-0366,792b78f6cbcf413c821cb591630cddfb,singapore-onenorth,24,4f56bfeadadb0fe9760a9886585259ed62e19124bca603a3cca09fd143051103
train,scene-0367,4ea72ee843914a6cbd755e39f2489156,singapore-onenorth,24,c370ebe79c79a7509b34f9f8023552b215b79f2382ba555899d4c984e3b5c6ad
train,scene-0368,54cdaaae372d421fa4734d66f51a8c48,singapore-onenorth,24,f6841275e231b85d07084ef9aae0a2972755e3bb93ff3db010b4607dd417129f
train,scene-0369,a1b51c02d8414856a86c0c37e4789c2f,singapore-onenorth,24,4f6fab61090abb60d771b127cb2b8ed2821ca9a977de615132b9f6130c8810ee
train,scene-0370,105c227c304b4cb18e98a5be6b2d8302,singapore-onenorth,24,74f36bbb840dacf240d892b1ffc3243595363ef2ac5eef1751dd31d24f798c64
train,scene-0371,17302a41218442ffbb0b094adb0669ab,singapore-onenorth,24,477c09533a814230717eeed6807e7fca0ff76def1e26148103865f438525a699
train,scene-0372,b68cfa7e0bd64bd395fd922d750cfdd2,singapore-onenorth,24,cdfa55e1ea9a477d05f4aa2736fa10c5ea572cdd175a4e8d6c0ac2fa4811479e
train,scene-0373,10dfdae842b543938a230f25a1e9f934,singapore-onenorth,24,d1ac0db4fa61199abf91a0e16787e7e6443f7370950366c7adf995b85e22b2c2
train,scene-0374,7463b2d752f0464f803b07a945ee7c5a,singapore-onenorth,25,62087cc35cb5b843907718ee736d5e7d6fda0e1f31811da1e57ccce8536bbdf2
train,scene-0375,28d385e6db0e495da3a606b58e2432f0,singapore-onenorth,24,e10d4e1816a22cf2ec59a24b15163b669043f931a1d341d2aad0b629493cfc82
train,scene-0376,f05ec45554f842ccb523caf326750f13,singapore-onenorth,25,499ddf1e1b84668f6e3cd3b2b6bb597a8ce3d30980516dcbe2ce7da04c21b90d
train,scene-0377,0cc28fe2c1064fb9a51f1647c28ca564,singapore-onenorth,24,f9266d49d7c20ba283cf0ab4674ccfe2621fab75a3cfdb80564677fc3d4f3596
train,scene-0378,fdf4384c1fce4a16aad939d8417bccd6,singapore-onenorth,24,0282f97e187e64780af07d5602208a2ced6fb78e082f8884eaabbec3b14f6947
train,scene-0379,90d616aaefc4429380388205ebb23398,singapore-onenorth,23,3e7e827064ad526bee8b352224d3207aa5c721cc5105483a4de1afba20e7ac2d
train,scene-0380,1c89941a6935484182ca19eddcd3bc77,singapore-onenorth,25,63f20e4b328b93e6f6777cbe6ae1cc9beef7aa5ac42080133a9b6e8d2771c2b2
train,scene-0381,eba4b7c19b5f48289e105937d03e5222,singapore-onenorth,24,5e361037c2afca34a96909724ede4bd1559183179cabda14da819b1c10d6ecdd
train,scene-0382,2dc89e0f9c6c4dbab908d341fab020c6,singapore-onenorth,24,dbce46a35b5e8fd3ca62f85d6161f3615dbeaede048ec2c1653a627b6aaa4985
train,scene-0383,e0a22086a94f48e5bbd4c4e7916b2106,singapore-onenorth,24,95c1db0b700628ffc658a9ce1940174c7f33bfd8e86193839c259cedc9eb97af
train,scene-0384,25f40f7316954a3e978e24d691e1a117,singapore-onenorth,24,4cf711b4b1c96aee310124552e3b7c1c9517e404eb4cd931a37806393f98755f
train,scene-0385,d0de3bf834b747179080898725b0f21d,singapore-onenorth,24,a6c47f816fa6af8ad166d9ab6c31a728c586b5aeec8616f86723b723f6227597
train,scene-0386,11058d54abcd4829828523040372ce05,singapore-onenorth,24,87923542c9ff65e52b33d6f828468d9dfa097c37edcb5e1b0b242ea3162834d3
train,scene-0388,3359935281a34136992997acab7cdddd,boston-seaport,25,4a385945f92935940cfe364df941bb03d74a499ac577a958ccbc3a958c35338b
train,scene-0389,a5887dd5d6d947e4af581b915716d51c,boston-seaport,24,9ed6466aadd2d70c679b17481947e1b556b95c3f052af82b76f8a83df363ecf5
train,scene-0390,6295f0119c5c44d8a75e0016517a172d,boston-seaport,24,e004105aae3a6856744ddada0f2ccc26ba5dd56ba2d127411f8d68fb2b28812b
train,scene-0391,ed97ee6a3b444ba7800641baab057556,boston-seaport,24,39d96bec49004a6e8863519e28101d07d522ddcb9b5686c24c5b13dda0c4549e
train,scene-0392,d987908d74794138b07d1237887bb441,boston-seaport,24,215450b886a11eac9d63f62e7dd0c94e6b642fdcfee21b986e673051758eb46a
train,scene-0393,62696ecd66a3445da436ce2d87ee3501,boston-seaport,24,28eb7777e3e68cd260d5261727f9ee0ceeded280ced4aee15adda0688d1ffe4b
train,scene-0394,181bf34123514c329e2cef72847607a4,boston-seaport,24,7e4e6c3e092b95e9cc0d0494ab318d91d549cae4d0c11c09b772ddc9ccd460a0
train,scene-0395,dbfd4af0e0d744858e796ec69826e673,boston-seaport,24,6af320a6ec0e8760c97573182658c5d267e0ac8ffec574802242b1e6a71c2f65
train,scene-0396,fab5dcdfa43b4cce99da3ddf6718cc2a,boston-seaport,24,f3f2ca0f5a879726b20df24c08ebd9755e1b59db00f2d8ca8a2d7d4319a5a10f
train,scene-0397,fd2d419d4cf84a2d84922b9b7d2cea4d,boston-seaport,24,182575e24f07e3c8de4f6675805b9a324346ea51ce7e226bc90b296d0e19cdc9
train,scene-0398,b519ec833e23450a8bd3340b67f2516b,boston-seaport,25,445bb062b8b9b4ac4410d3d00c3b8ec1eeded0f4d25c4fd8297dcabc94b07d3c
train,scene-0399,36349e9caeff483e9d8d25e9743b9f5b,singapore-hollandvillage,25,7adc8dc8853bab770ece4c41f9fdfecb3fd0a13541b15b9ec401e8053e2cc271
train,scene-0400,9f5f2211d6f943a89dd87bbe9703539d,singapore-hollandvillage,24,275c157f23c3c23cd963dd5177487abefa3a9e83be08488311b00f97286df20a
train,scene-0401,ced236f5da704cbcb41249bb6ecc8b68,singapore-hollandvillage,24,04c792371824e37f370dd6ee54e6d77fcf8c7f03c8e047d30b55db6d49c38c7f
train,scene-0402,1847e3fc11ab466d95f82e6c7031f33d,singapore-hollandvillage,24,a765241f5d7c46a1606bc31c1c870f33b201561a2a34a0a4b31ada7ff1f7de71
train,scene-0403,f2e4460c1fd149ec8068626837f20013,singapore-hollandvillage,25,b389842728e6ecc3665c42fcec6a96c6ff0885e8f0e4f0152a7bd3d333244748
train,scene-0405,295c6c85275e4376bc8446b4a76504cd,singapore-hollandvillage,24,32dbe798b99e521560cbf4fa25f810e2b73dbd043c4df93467899c79fda2dfeb
train,scene-0406,83ffc453d209404781ea4574d77adb22,singapore-hollandvillage,24,29c87aee1338ec82de88e7fefbc3489a1d718f8da5175a9992f3cf5219fb09a8
train,scene-0407,c34206e65a1442828b950b0ca52098b7,singapore-hollandvillage,24,6a7d510bc00951d9c986d08973e77a868e33550c96736692cb7f0d3154112982
train,scene-0408,268099669c954f429087081530094337,singapore-hollandvillage,25,fba1a7c450fc5eec977cf1d87c35738552dac978cfc62184038affedfb767b28
train,scene-0410,5c6620829a1f492b8482218670aa0541,singapore-hollandvillage,24,2ccdb59f2cf5cff6b8e6a6fb9cf92d68040762a96c84e0e45980ecc8bf7b85e4
train,scene-0411,ceca737af78440118b7b394a54723454,singapore-hollandvillage,25,750429a85b03542473180e81a06d6b2229741d575cfe05a61bb68741e5e613a7
train,scene-0412,055a607b74e04001adef097225a8661a,singapore-hollandvillage,25,c0812885a5b360be7469a7486b9c683fd6e8977d444ea12e6f4469ceadc0b52b
train,scene-0413,5035adcd18d34d4783c2ccb41db998c1,singapore-hollandvillage,25,24af0e5d4392e6ce52178e0299c3efbed77be9b837695c3949c737a7f921f849
train,scene-0414,05d5241d4d5a4c2a9c670dc8c9853c74,singapore-hollandvillage,25,5334b42b302b7a10a9c29c65147200bf88911e6f37d21a4a5b14d2e1af1d2750
train,scene-0415,3be5ff913abf449bac92ce2d2a4cffa0,singapore-hollandvillage,24,2194b06a524563228f082858efb80e4b389f282f869c9ed9f918595127bdf74c
train,scene-0416,bd916d78cb3149999182fb3ce4eb8a8d,singapore-hollandvillage,25,9a805a2326431bb60c2158e5eb80d3b04076509d08ddff5fa02f01f156186849
train,scene-0417,4b5bf3f4668d44fea9a676e9c4a8a79e,singapore-hollandvillage,24,12066e321ca4991aad0e91adad0997b443aebde6034df5f173facab87400a0d5
train,scene-0418,b526c20f7eed49f0886cdb4ba6b733e8,singapore-hollandvillage,25,3a29adbd90212c84e0e559992b9dced83bbf3082aeb5b2efb799fc91242b15ed
train,scene-0419,8c84164e752a4ab69d039a07c898f7af,singapore-hollandvillage,25,da409bcc37c40732c386dc0513e66849ada65f40236d6a463f6456b13cd2e105
train,scene-0420,c7b8d96173bf41dc8df8c0d16adfc71e,singapore-queenstown,25,005d9d3dea89c23b889a29c3b3840612ae0f442bc153fb4c3246df5d78c60992
train,scene-0421,fb255bba9b6a4f37a8894e336d2136f1,singapore-queenstown,25,0016a84a941c1fe1364ee97d99563701de5e9b34f305919616c95cc54c755f57
train,scene-0422,9ac6dff089a84a6d8f066122443a10db,singapore-queenstown,24,d8f49414ce0838248f5e44e850defcc606f526616ae4b976356dc1227aaddf8c
train,scene-0423,47cfdbcf14fe47d2a3b9e7e5b46d8a36,singapore-queenstown,25,10715a54f029af1c6a38ed74f6430b0730071e6f27e320c3531cf66c917004a9
train,scene-0424,4deb245e67374cd88e64d6557b652841,singapore-queenstown,25,21da803df9a161562b0a31cea5c59b8d7238fe45125476aa2327dc9638c52810
train,scene-0425,48ff8fee13c344ed843af3eec8f9b94b,singapore-queenstown,25,78a78e7de0bfceccec3752490111b28c99c306b213aa99475985e08e65262ec6
train,scene-0426,034256c9639044f98da7562ef3de3646,singapore-queenstown,25,4ca0efdca3ef41590cec2b90774174e6ec0cbbe2abe1d2ca353fcd69e3e96423
train,scene-0427,88abbe4f3b37466791b2ae58490044d9,singapore-queenstown,25,8eb4f23b92d09fc15f2c0c354b19d46abc8509d6d5e0b6e7849ed09152d946aa
train,scene-0428,240d15482599449a9bd0432fbfa688ab,singapore-queenstown,25,11f305625f36e16c20f2ad3043772333f84af34b762a372013a1982cfd9c40c6
train,scene-0429,9c83e438973e4824853e6a38928ca4ff,singapore-queenstown,24,783fb9e3f8e869eeaca9436301f554d6d99577e3d6f144e757dcf67d0e495491
train,scene-0430,d1455a9d8add42dba52beac59a67259c,singapore-queenstown,25,256b01ac40fa2d608e5f6850140d8372d6b1b32148a26f812a38280cc40dba8f
train,scene-0431,c8e6213038884d05907b1edd7e55552e,singapore-queenstown,25,008445136fa22df4bf9da4623fdd87a49cee4fe3d50fa3fffb4ccde0bf7b5d00
train,scene-0432,d4c560022dda448dabb0b60fb62dd6ba,singapore-queenstown,24,b935ecd8abfe286e28d8c587a883451d1138202ce631a0d7d07bb422e0492a35
train,scene-0433,f8ef029224b84d14843db98a76a7f4a1,singapore-queenstown,25,cadc47ed021e26c284298860e0408ae65daa25aa651a9af661079a3ff552e8a1
train,scene-0434,e0a212aafd574781b122a6ba66599a1e,singapore-queenstown,25,106df448eff9872fba0ea1fe84f45bf375359276cca13cb26e72d0aa0484737f
train,scene-0435,e2d9a52b37bd4b63b913777ef77b2d4f,singapore-queenstown,24,3836d110bce92426c317cb61f2e9d8ee1c60b4505a369de3ea9459344f0b4b5a
train,scene-0436,773e6b4f990f4044bed5ea7036ea7c3b,singapore-queenstown,24,2a9ca40d8ee4f0967f8c9c1928f8d4cc85556b48b50c8daa7ec3dd75697dd49e
train,scene-0437,2a721a8d80e04e4e82709e6150f5196a,singapore-queenstown,24,fbd29e89cfa1ca6455ff5bc1723a2c50f4d5ba9c308907c056c1c05b75096b3b
train,scene-0438,5af1f9db65e04747aa3ca8364037c49b,singapore-queenstown,25,ffeb8abd3cdc6ec0dbf08e4a6894269bb9bb9106fde790cd280edde350f96ee8
train,scene-0439,261e8288cf5647e396ab584e210e4ba1,singapore-queenstown,25,0a056128f9ac435e8de9e205942eb3b46aabe9d9d51203db3634d4fe3d66b74f
train,scene-0440,64e1ad8a976542ab86c427d714550d06,boston-seaport,25,cf4cde565d6c16adadd9d9fbf0b484472bfd38dcd351f5749f07933e3446fb0f
train,scene-0441,93481c2504474ca0b21d4abbab2cf3cf,boston-seaport,24,3dd15ec0ea6ccf46c84cd2ec15b6b4aa5520baa10401b2ea9af2b02dd6a1b563
train,scene-0442,e54f4a36a8b94aebbe4189186dee8f05,boston-seaport,25,0103748d64d5d859eb84a107d20a4e144b2704a632299d78e678a49accbdc6ed
train,scene-0443,6193fac132614eb1a09dcbf3f359460f,boston-seaport,25,20ddf6398905dd51b25bbc6ea13b5302649901d8e330033723e863ce4abb415b
train,scene-0444,a2e3c0a763c04e56a5e26611eb69395b,boston-seaport,25,3ecbf9452a119a5dee8256335e96ce35e790b743100004d919f4c59bbc82a873
train,scene-0445,bed12977df5a41dcb97ac69eeae3682c,boston-seaport,24,534b1d9bed3caebd47f10380defb61c943b8d3f0855c0e052c4fece9cd0983be
train,scene-0446,ae643c14ded14e6ea74f8c8605200ed1,boston-seaport,25,53810d18356f6bcbddc22f77cfd4623f43dc61fb87ceaef4966b978890000d2f
train,scene-0447,e757a98aa8794d448f65f5966b8ac954,boston-seaport,24,e62c1eeb105a93ce17caef65182c12dff7edf3c8d43e59c463cb46755194db1f
train,scene-0448,2575c1870ede486b8568279b4731e47e,boston-seaport,25,5e0e6b3572c0f886c6468a953a24b2c163de72ba50889f5df64050ddfc04f0aa
train,scene-0449,e3d714da71d2477695a055716ede7130,boston-seaport,25,3b8c9154bd1c11868f91d682284681c61e96d23703670e86e9da601c1d1f429c
train,scene-0450,0ced08ea43754420a23b2fbec667a763,boston-seaport,24,51b54617e34d72eefd613eeca8242156ad08b4f8bb8b37f817d3f7780606e72d
train,scene-0451,9f3c8453d03d4df5946444757376b826,boston-seaport,24,f25222d51636e5dd0ab28563784a5a3b874483c1d033020b7c60fdd6c7db7176
train,scene-0452,f69f7b4cefb7493bb1a8185f6f01d137,boston-seaport,24,d202db98f62db2c79fed59e9da4885a5e7e0ae26d4d0e822c384b3ce1c4a716e
train,scene-0453,e0b14a8e11994763acba690bbcc3f56a,boston-seaport,25,06b93f3ff0ca945318ba3954c6ff0dc5c461c3db3192e3b6046e6197b4d2cdec
train,scene-0454,b0c4f9a7680142d8add66f69e5f20ecb,boston-seaport,24,541361b23a7c1594cb022f3a4918f8ead0f04ca2533af90a670467e9f1439d7f
train,scene-0455,df0c3cb16cde410eba8eea191765515c,boston-seaport,25,f5f7961091da556424c2172d82d71b3ab1dae4c10888b458ce92df07c9a9b0fd
train,scene-0456,97ba0e14805b42f292db7f06b6d1121b,boston-seaport,25,980884d68d4bba0d44a976559da8df8a91c219e3a488634c7319c20c55ae03de
train,scene-0457,96a410b8fe5e4b57bf69b844bfd4d28c,boston-seaport,25,b081ade4869cb6b165d2083dc0fd6270c9f6b80afd1f8f8b807e4a1a460b9893
train,scene-0458,634e7fbfe29c4a72b1ceb692b1d2ab44,boston-seaport,25,01b1d06801fe21eef3952e671ba2892588269061845bcba47122acb656b1d08f
train,scene-0459,2c96ff6afc9e4cf7bc8b107fce955c1f,boston-seaport,25,54f927cdfe980c4b9db572c54bdb750f7c6b3579e054aaa0dfdb33d57976ce51
train,scene-0461,4a4d09496d594c7385a1ec227bdb3a7f,boston-seaport,25,4065dfe82c4c06dc33a3c67d03e4e7996e42b3e8cbab2a3b1398ed79c11c8b23
train,scene-0462,36e3167610cc48eabcaad06a72479ac7,boston-seaport,25,a4075f8ae278918a4220efa87d7bca57731d3ff9efafeb448cd9472245075959
train,scene-0463,48ba943c3d19463a81281bf6a7078eac,boston-seaport,24,6530f5ebc35e3649b3bb9c771279cc928df17b6a2853ae508a72bbc8ccf40ce9
train,scene-0464,b0644660d7864451bfc4b3432bb5b47e,boston-seaport,25,5c327f1ed436e78ed927a103fa2568729dc32e5ecac78490a0799dd64568ea1b
train,scene-0465,64a3a2d22172406c848f2a92275808ba,boston-seaport,25,76fe4bb735161bffd8e943a0d7f82c575d4d7e6ae289470ba1dd119155dcdbee
train,scene-0467,453453c849304ad69741891946d46453,boston-seaport,24,cd0b77e3d131147c836ed1d297a842ed3bf29d0f0f9fba3cb66e3e8e25c28da5
train,scene-0468,4efde86424ea4088a43faeb5158ceabf,boston-seaport,25,3e1926f8751a1b459768f2ee65923c407e56256280be50c73ce6b53d50c225a0
train,scene-0469,1e3f0bd8063a4084b7104345b20bfb80,boston-seaport,24,878e0ad913544090113830ec9755c1ad3ff298c3ac573c5c75ef6ba22623e845
train,scene-0471,010fb5bcc7984d0f8f07f99e02366df1,boston-seaport,24,ff1ebb6face24f961cf804b3a63203472310d023db7372ca04710bb4e31ace0f
train,scene-0472,54ec146682e24683becfeab4124e8402,boston-seaport,24,205cfde42fef1ae079416b8db0682a7d2d6d6f487fe2861656d91087a56343d1
train,scene-0474,ab40eb69df49448d83628f611b2ca273,boston-seaport,24,1f3c1e33418d7a2d574affdbee45d93aa0871ef8a85f84b23119144def4ded8c
train,scene-0475,8b60e7e47cde43e0a7fbd66d926de14f,boston-seaport,25,6b706c104a38f571e0c3a5ccb841d8df19e97f23d9c957c932aa777fba1b2c43
train,scene-0476,f29904c2bcdc4d78bbcac75a2b30fe38,boston-seaport,25,896811767c16e602034f8e515be6741204876c52077177f0504311876ead8890
train,scene-0477,c7780850596641b8ab5f352d16b178e4,boston-seaport,25,8bffd883a646fffa7eb3ceffd784535c1a23bd7f09a9effa089bbeafa7de5f6a
train,scene-0478,69e393da7cb54eb6bea7927a2af0d1ee,boston-seaport,24,506ad83b3a804f310e04ee03314067cb5d5994f449967aa434459dc85a39edc7
train,scene-0479,5fc7c5dfc56b4971b14005bc53f69908,boston-seaport,25,8d3295e53a74236cd23225e7edaa0ea088746c2944a250bbb686d343df8dd811
train,scene-0480,5c76a3728b8b4d02ae20bd69fb928aa1,boston-seaport,24,2680d0fb7a6d420846ba0a0754f3acfe56d593fa5e815d669ca51eb7941dbe4a
train,scene-0499,a6daedc3063b421cb3a05019e545f925,boston-seaport,24,5af9c1dbe45860b95379c989696c11e5b14b214482348a345d5c5b6f37056348
train,scene-0500,1ec0b9bc3eca4b76b2610c519f843762,boston-seaport,24,70c1cadc3a89b29c7a1a0d7bdfab020329cf7e8f4e41c2b444f8b0b37149afa2
train,scene-0501,c59fe8015e3743329ec907bc29c93124,boston-seaport,23,19b8c4e09a9981c65393c62546d0e00209c246419b03fc281d394f4faad98f49
train,scene-0502,20ec831deb0f44e397497198cbe5a97c,boston-seaport,25,4351c7b5a713f8e61912bf0b74c573e2d801f6b76111930377065c6537622ebe
train,scene-0504,27dc2edfb6524c7d8997ac3573ed2f3d,boston-seaport,23,99160e00482975ffad44b55dafa5d78eaea145af7e80874111773ca3a8cdfb3d
train,scene-0505,8399be3e75814cc793d145986318c45d,boston-seaport,24,66d7383ec5f48a01ffd92d1a8de792ebefae603605d354c003eebe9afeccde05
train,scene-0506,19dce2ebc7bd4f138aea6d645a4afec7,boston-seaport,24,169830d29871938a6089d79ba4645d44e3b84b9c3ca29b2b6f9866f96a0c5aa4
train,scene-0507,aee27b55da77468ba444357348f5cf88,boston-seaport,25,2c60eb88f059747e2885f670bbbcedd264c2f5e91a8d8e6cfbad68e3c45adddc
train,scene-0508,862a468e56954dc9a833a9eb3ebd884b,boston-seaport,25,b92929f607984b82cf62854661095b87b3ad46de76db9f1eb05d721ad292bac9
train,scene-0509,7809330e0345423ab6212787edf3561b,boston-seaport,24,8fe0d4ed7c7f0e11d0fbc51548022587ceb7a9f3d3367bfcbb57ca2d28c4e87b
train,scene-0510,ccf96ecd7161425ba7c5b5dbad79b600,boston-seaport,25,b1551785978bf7ead90a5961bc3c8774ff65dce4ea577545b68c3467218bd102
train,scene-0511,2bd47eabb64d4499862388cec180a7d1,boston-seaport,25,25f410047e7446a3ef1b3e970ed14921d63364572db1abf7310db4d42c0618c1
train,scene-0512,befb96098dc14988ac468a6bd3cbd4a0,boston-seaport,24,f652a195bfb85a72165725656dac5bef3888d19f7b53014e0a3d0ea560152dd2
train,scene-0513,e333874a12d64a7d956f23fe6a4c5c62,boston-seaport,24,34ed4a825f90da2ca89acbe449f63caf67ae09b113d8c7cff48c2510aff970ae
train,scene-0514,49eb09ab4c4142268131125d6e619a0c,boston-seaport,24,0426a82334b9ca680d10b3f90751ea566f088ddfdd741f43775af668a3dc209f
train,scene-0515,02f1e5e2fc544798aad223f5ae5e8440,boston-seaport,25,78903dfcdb6c811be59aefa75c2f8faafe33045748f106b4380d7e11210d851c
train,scene-0517,55638ae3a8b34572aef756ee7fbce0df,boston-seaport,24,f9ea1236a540d524a146102de27e459a10d8861da00aabc211ca41747dad2e05
train,scene-0518,1c76efe7d0b048bc815c0445eeaa76ab,boston-seaport,25,11258e7ea14111fa5a285c2ad69dc1f15f9338b4b357834f27483570fabcb4c5
train,scene-0525,d6e6f5d622474271b695f4c7f07df7bb,boston-seaport,24,2da982876b615ba6eb6928419758d184f00d8345ee0ac81c1a7218ca3258e8a0
train,scene-0526,827712f3e79340d8878de0202c5b3960,boston-seaport,25,5e519e9407ce8e04d4989149a35bc52f4c93d233c2843806b6ec31ff33c7654e
train,scene-0527,44f25e0b668e4077abf57f3df320bb57,boston-seaport,25,f52d7bcff669b7d1652aa5ee723ab343cd270d5f1a6896632fb4059503a42c52
train,scene-0528,da41ecbc644b4915b84bb732e35ebf8c,boston-seaport,24,101a152f3f4a476d04b884e5c159249a3bf63368974d7b3fb9bffee2f121b721
train,scene-0529,77b27e26bf6d4c38859ccfa076cee51d,boston-seaport,25,ccaf2deff7adb3e701383ad796f18803ad4be10bf7536b285bca21b9b95f0397
train,scene-0530,4f18d9a7ed374a0fb93c026589dcf9a0,boston-seaport,25,23e483eccc120212bf27d8fdffc9061a76426454cabc058b49e3cfc01afe9719
train,scene-0531,37a37b06ba5e4f978fc6cb77e90f2498,boston-seaport,25,029d6ae2afcbd495a54f55a95b234076787b35953eeb24b6336f930342913015
train,scene-0532,8c45a7a9142f4f848d463cc46843db71,boston-seaport,24,f825d8e69d47fdb9c06f94f07a542abaddcf9124721d2b2b747b04cb9845f151
train,scene-0533,0c12123d57594f4d81d32fd4aa89fb1f,boston-seaport,24,5876d77fa29616487170bc31b66e279fb8870871039289a93d4e283fb697648a
train,scene-0534,82024d9f5f7f46dba436cd93c27173c7,boston-seaport,25,749b04d9e8d6a210c864e13ef09539f7dd9918b8725369af394543607d60e02f
train,scene-0535,7b4a37ecca84421fbc22ad15e8b00ed8,boston-seaport,25,62151e65e7c979cec8f9d3acfa2af263b6c52d9bc3cc1986743b8aecfab2b5d8
train,scene-0536,6b80170cd8404e6298d353bf1fa8dc0c,boston-seaport,24,7f0e4c5dc8f6911b8244eaf854bea1203e0a9123a3930cf9175eccb543a37f26
train,scene-0537,3034b3f33e1d49f4a7b6c84bdea57004,boston-seaport,25,f2436ac8e4e4ec175260caae5193572c7bcffe84ae98234a5e3e2976857b58a5
train,scene-0538,5890face846e47a899246159b7c30bd7,boston-seaport,25,62de9db0e955dc602f0ef50c3f95230f37ec06338025741b8341df22f4b5080f
train,scene-0539,2f0e54af35964a3fb347359836bec035,boston-seaport,25,61b2c4b1eb60304ba26dfde3413fb7d19146c666731d2c9d1d9f7aea1703a1a4
train,scene-0541,788c5502523f4d01b3a8de47ec3dadfb,boston-seaport,25,37a73decc3d1b4b12d3778527dc6c746d9bb131d7f8ef1ca030f84a61bcf7dc4
train,scene-0542,f12b4e7fb95646ec9dac305076024bb9,boston-seaport,24,48cbc4ab00c39ff3e42c86821a1892eb6ad4127823919c6b69dfe4e7164cf8af
train,scene-0543,c7604a179ea94e45857ec2c16416e5ad,boston-seaport,24,d0f1a37a6590d58367eeee163e2f36d34231c512ddb22f0274ff5a46c4bb53d8
train,scene-0544,643ee37539844cb2b0453fd031a3afdd,boston-seaport,25,4c36224ed8ac2633eeb7c4d86ee11116f523979f0c1687b186d444a481c21d87
train,scene-0545,f7d01e23508040c2aec430e8da13fb76,boston-seaport,25,e7c95a204c13c441290047960efed1aef98a9dbef0d56731983dffb0e7e8e0f3
train,scene-0546,70e7d95ee1d1426fa84da44ddbf82d7a,boston-seaport,25,579fa7521fd7408e854e48d4c7f8d3d098f1f4538d89177fa20cc7f4576f01f3
train,scene-0566,58af378ff68b49c99aabf320dca1ee25,boston-seaport,25,ea9aa6cbb2d5d29e050f01e8a32c3957466a624377d13d90c503098c3bca552f
train,scene-0568,1f23540a109243438a5e3bd47e70105d,boston-seaport,25,40913d30eaecac7cc0a870eabc9f418d3dde4782862973b68bad970ab08c6332
train,scene-0570,0b8948ee96ac46faad405bf1ffc70bb1,boston-seaport,24,c548a4708e023d6e49a383fd03364931a392310eb53f3f03fb85fe386a2522e9
train,scene-0571,673ce9bdd9254fff82a524653a07b57f,boston-seaport,25,caa198092c62d151599b7704e78c0eb53bde613186e97b4ca1b257b17b3ff4ca
train,scene-0572,dbd9183e1278475ea54761297e004b04,boston-seaport,25,3b3cdfef260ae63a0beb19c6f2aa8202fd8ef2e96f775182e02b4581ef898731
train,scene-0573,47a73fb6a41a4c4b9fe2897254dd3671,boston-seaport,25,b2ad088558cad178f33484315318262d861a8c25d9213d226c8fe88689ed53f0
train,scene-0574,08be42eb2186411d8e2201225329f1c6,boston-seaport,24,dcc916696d170b4aa85dc9d49f11a5f3ee000dcc4384b87d48ddb4ea0ebc212c
train,scene-0575,e329b73341204af7a9de29e65291ce1c,boston-seaport,24,af0ba01d6b024889f487407193c1754b7b7682cadeafd1d9fbf728f805d51e6d
train,scene-0576,6946bd49ebe648b7a8c4555774059bc8,boston-seaport,24,3317ce0c8ffed3520d65e7a79d1a85e0df20847f538e34348add2668a44f052c
train,scene-0577,482edf83eb664fdf90204c1830abe648,boston-seaport,25,ad95a83b612c2ed59160433cd0ddbef6947ccdf2bdd1af71e5edf5ab0ae5f976
train,scene-0578,f0f120e4d4b0441da90ec53b16ee169d,boston-seaport,25,1941c2ac53c8c8f4daca0d133f7c933aa6c935b9489f0162360bd8ef57704ebf
train,scene-0580,73b16c26a0d24c7a841e4cbe5d0d7878,boston-seaport,25,4532b2ac137e4d0856530365146b4b73fdaae7e5c3f6dd53125e006267d8dd35
train,scene-0582,45fc8a7a26c5469a88db999ae8468777,boston-seaport,24,d8fc1a2a3af7770f9c2b543c2707c7a75cc9599637a844d1bf5a68c64eae327c
train,scene-0583,43d5f10c855048b9963c9eb288a8a001,boston-seaport,25,acbf45f2344e84f331655c103f3dda9b027828679bc03a99a52a0ac850524c41
train,scene-0584,2eb0dd074d8e4a328fd2283184c4412e,boston-seaport,24,9e7b5faf79ab8c651dc04a94dcc6cc5b64a066f1b5fb76bc05093c92e3a1a155
train,scene-0585,5d709891c41d423687ae4ea0473cb9c4,boston-seaport,25,c3eab6aaf4cee55d18da6d3633f5815a4537d5ed4b9ab4cbe2e0db1e71ad225f
train,scene-0586,64eef73c4f564a3db415e965f6460012,boston-seaport,25,a675f8b24a8cd91f0b8d96770bc03d9b71133a4a64783a5af904e058396f1dfc
train,scene-0587,0287702725184161af95373198546a59,boston-seaport,25,9496bdb637f87bbf9d39027cbdcb304c7623f04bbc5d2baff8042a60fe2cc3d1
train,scene-0588,590b4e5a4f94426ab3b1a66f35e140d5,boston-seaport,24,693b3e9927d93ced6e0002dbf43ed5ebed9b8f56e914645ab8b1bbe805a96268
train,scene-0589,cddd0d5be10b4313a859524952455f43,boston-seaport,25,2163e1b60f51d5b2004bcaf2ec48836ca42e46e0561874e5da205492c4d0dfc9
train,scene-0590,d8a5dd6087de4e808c61c27f91e8216e,boston-seaport,24,03bd5cd889959957c3a181df648300c5766da8335fa752383907d55d36976b64
train,scene-0591,28db6ee9a8d34e9e88e741817b6733c1,boston-seaport,25,e355b5da94933b362cdb0fe1dc6797a4b26befa38407aa5a98f5e31960f8ab44
train,scene-0592,9c5dc664216e43a99d5da3f23d373e4d,boston-seaport,25,60ffa11ab71f5de039d25918cafccc42b11a77597f27a54da7a8d02157419f2f
train,scene-0593,a59b6db922ff490da5ccfc9980700935,boston-seaport,24,93d7092653c11f78682c756dd6ca24359638422bbde9eef230e87219777e7175
train,scene-0594,66461d94f2e44d39a90843ff2dce11e8,boston-seaport,24,9e226d09f2fa440a2cad3855d2e5bfee408be131b7ad195e3a9924b1514a91fc
train,scene-0595,b3318661150b4d6080886dc702989910,boston-seaport,25,c82cfb82f2765d3c9b0551036e2a12e07b0d870ae7e2b092ee2b8013581e6d67
train,scene-0596,c4ab236557c8423caa8add5fb48a0898,boston-seaport,25,1239918d103cff4fa61f81d55071c0992549c21947f98c15cfc99291aea3647c
train,scene-0597,b829278aae2747959f2a95423455bbcb,boston-seaport,24,2f17b5f8ce084b991c35cf732ae12d3917c44b7c66e84b008c30b6c84d0c3a27
train,scene-0598,a8bd4c1efe284a5bba46f59454764965,boston-seaport,25,c299ef2dcf491182b6582916864eace294b2aeff2b2a03fa221b00585cef361d
train,scene-0599,d4c5db6faa9f443795ad86561e9e556e,boston-seaport,24,fe6c8cc78d1c770047ed43bb4ec66dcc230a18d9616df4aafa6d1cbf7173b051
train,scene-0600,bd22f197e9f648cba8e307869479629b,boston-seaport,25,bad3a02c36d3789d934293814df1f353f1cdc6940a6fdf7394c9058d45e25328
train,scene-0639,66134aebdaca4aca82aec91ec8c6245e,boston-seaport,24,ff622c8a64668965549f26f0839ae4bdc757822dfa0938161344d6d23bdb31cf
train,scene-0640,55162149a9464d5bb0b0ebd914567e09,boston-seaport,24,0f023c6f8f3d78215aa6c24257463b94f8ba1273440b8e7589922f819500e6e2
train,scene-0641,e02aee6f1fec4d13ad77044466da5fb4,boston-seaport,24,ec50aff10879a8cb82329f60409511349ba6620676a92740909f4570f0f092ba
train,scene-0642,4772f5283211444eaabd463cd341d360,boston-seaport,25,cce5eb3b5922731439ec9e90f8097c59969cb25a91ba80d182bfd30202f958d3
train,scene-0643,98fc76cc0e364efdaa7e86a36b666dda,boston-seaport,25,7e513e545de758386206f89646d8f0bdf9ae8732a238a1a434fe2a6e80734525
train,scene-0644,4bcb814456f044919bc052c208dbebc5,boston-seaport,24,6d3445030f9b630315b88cbdecc3f61aff6b929a9b87c9512bf8680d8e7bae0d
train,scene-0645,38b3010304734913bb148d17ebbc352b,boston-seaport,25,cce615e19c17d7a15712c2acd6718097f054631393c2c4f11b7d695300603083
train,scene-0646,491322eec05043c9907c59aa35b046ea,boston-seaport,24,8255c0dab9d1470833969e24bcf6aa16c70aed283c4cd3862386f430e726e563
train,scene-0647,37cfda558193400bbe3a5ff14ae4606e,boston-seaport,25,d837106bc3f21779b1e6d3bceadd56d5983b1b96bbe1c2da21e7d5b98fb77440
train,scene-0648,a6fae4900f8e46cba689b59b5bc8a2ab,boston-seaport,24,69feae6bfa0fb66cd01d31092f926a7347d69ac967697306748204e8184704cc
train,scene-0649,b7bb8ec5bf22476f8ba8ca0b2e57e8f6,boston-seaport,25,5107826e35c3b2ec2a32d984dec0f7a8e218cdbdc91a4ab0a537f2c4e7982540
train,scene-0650,406a61a4d394432e95a7e8426a97551f,boston-seaport,24,633da69d8c8008c543228273b473dc65b20385f37f3ea498bfb64f2a4309fbd7
train,scene-0651,d7823d64ca1a47c5842beb6d7197042d,boston-seaport,25,6f6e4bdeee7655f772f0b65655af259ce1f04dd3255392443468598bfce8a26e
train,scene-0652,c468cdcc838143d480b5b9c835c8380c,boston-seaport,25,aa57a792af18c991096b3a74d9529fdf3ed1e951cfd842366f92106a5355a35d
train,scene-0653,08110c8640454affb5167801442a85fd,boston-seaport,25,4a26f8ce7fd8f9b6fdf57ef2316d387a422293934c96b1cfb8901fe51d6012c0
train,scene-0654,9056ac9944e846109b00e31cc96259cb,boston-seaport,24,f1d1058874c389b91a6c09015f130fdf7105a0851ae6ac6a568c5be24f56a186
train,scene-0655,bebf5f5b2a674631ab5c88fd1aa9e87a,boston-seaport,25,3c7010ac782564997bb7189afa4435ae92a4dba86e316119a0132993f7dcd517
train,scene-0656,ab7f4909bc6c4841a12020355a7d505c,boston-seaport,24,b04277b5793db70ed9dd5e010a56d6af862852765ace9dce2bcb216b76cbda2b
train,scene-0657,cf3db17f34cd412faca3535ac8c7069a,boston-seaport,25,040eab7b1dbb4e93d5e7d0b1bb4e1546df27b47ea1ecb5dc8cf9251be7da84ec
train,scene-0658,ff6af17f52c34e9c9958c64e41fb3786,boston-seaport,24,50e742e98e1dc5f3337ceea7b0ad92fcaef9fddd189b1b2680e78d000daee79b
train,scene-0659,35c3bc100e4b4e5089820986d3f50fa3,boston-seaport,24,aecdb73f752faffecc1ee0e8918228a04c64f71c15dcb37d95711a469a21d690
train,scene-0660,77c9f156f8594ed59dcdacb8b877a7ac,boston-seaport,24,3d9b754e5ca7cb5cfb6260e49d434529b034510ed69a6b5e5f629cf18d4a0adf
train,scene-0661,97349fd50e694a5f994b0954047b96d0,boston-seaport,24,27e6ecc2b94c4bf38b99b471b76404061a6928293ec7dfc026733aad0ae4b48b
train,scene-0662,06c43bc74aff453081ce83eb126a756e,boston-seaport,24,33a6ac188f8f9c6e0e5e82eeaea4188bbeaf91436f56cbc50aa3b12439892852
train,scene-0663,5b9c64f03f8b4a4f8189a18d74f866c2,boston-seaport,24,8601bb779dfd35f03061caa9105168c3ba0684108d870a6bfbd94c7b8937e21d
train,scene-0664,881c0b8d8efe4006a6c974128ee7f7c2,boston-seaport,25,a7298a4608db0e7cee05e9b46d55db16da0cce5ab2658f761556a0ace7292605
train,scene-0665,45275e709d4a4b0592d57850d8e8bd8d,boston-seaport,25,35166237978dd1d2006ed86f3a90314af74f7db6f99c78902f6254e4ea6ec7fb
train,scene-0666,e323a27a0ba94ab5ab11010d778cd41f,boston-seaport,25,2681b33e7921d5a9e8df33f4a947f5733c3bbde2c1dd28eeaccf292309ada47c
train,scene-0667,d39c6835da754adfa0f75183e685c403,boston-seaport,24,d6f881a7537bacfb28bb73f0df1ec8fbe95b00323a892dd4db18392a74f0ed4a
train,scene-0668,e8bda599a2d44d76a7692caeacb1ba6e,boston-seaport,25,e5b1079e41d643c3c20d13079c700a387f7e09f0142d614cb6f62854e3ef0bce
train,scene-0669,30783e1b472a4101b82be19e41636ba2,boston-seaport,25,050980671c13863f23b7f520e431648004c6c99deeb0a21deee58d6e0e67cb50
train,scene-0670,66be189398d74681a8b8db4b7dd52259,boston-seaport,25,975fd7cc7ce259ea5b74f3ad335d21766de210625c50dbd884d6b93729e0fe08
train,scene-0671,d1ece215e0a8442691cb5e380a6fb935,boston-seaport,25,a8b53144f4bb5e556859b6c32361a5d264f39ac4395daf8c17ed716b915eb22a
train,scene-0672,f612aec0c3e34e32b2e9e48670cdecca,boston-seaport,25,4a9680a63733ea290303fe6baf0afa4df343a3e87b63f1fa75ef7c320469b2ee
train,scene-0673,b528f78de55e41d9bb3382176dae1a4c,boston-seaport,24,51f13d73817fbf5b67cc6bab252e4fa236a95551ea3650d00420d945923fbcba
train,scene-0674,fccdb073bc54449a99f033e040ad51a2,boston-seaport,25,8306b8c4ae31a7eedb3bb70a2f26b88d340f6ef0a4ed43134396ad197bb56a02
train,scene-0675,3b5f3391078e48ac92600cbdfa4ccbe6,boston-seaport,24,3cfedec930c0d161c94691bea8e26bae9486d19755d23dabbe1fdce4d06e7e93
train,scene-0676,b8be4950e73743a8841d545fcb145706,boston-seaport,24,b543d4a6b96495b3c34278478306dc73d96ec98b2beaa3c29079390031a0961f
train,scene-0677,70c3b2f2b1f3403083fd44d06cc5abe0,boston-seaport,25,680ef195c387457f90364c64846cc9125109fa87aac748fd26968379b0c534e6
train,scene-0678,53d376c20b7146349a53554a4616c48c,boston-seaport,25,0f39529242926ec700654052872519562dea050fe17c7841e0e9b13ad175c0ee
train,scene-0679,3469d30a6e2a4d878fb0ff899346b7de,boston-seaport,25,6186e53cf4eace20c47732fc299c99ece690f80ec90d62b129de378da25596c8
train,scene-0681,52bb785dcb5548a1836898f14fb3cf6d,boston-seaport,24,bd4f1a9db26641de3733ebd29787bf7699e2a99366f3d39eb4a131a2430179c0
train,scene-0683,cab845a2e8864482993ac62811f879c1,boston-seaport,24,84765a304454201a3950a4d406d2fc10448137d1ecd3475a4d00fc23106df6bc
train,scene-0684,62d9a581c7114d90a48bacfb2a47b104,boston-seaport,25,4333b2db1efcf475eddaf93d7b5b439b03982b36e8a162e944554795341526e2
train,scene-0685,53d4c9a634df4fdfadf057d3a216e98f,boston-seaport,25,60b916ff933ac8a92288b9cbe4d2fdd1e75dd194294967ac6723482ad14aa0c4
train,scene-0686,a6ebe93557f24cf9bcf613dbff0aab24,boston-seaport,25,b572b67d7862f45317b7d94faae8f6ca0c45d1dcc74bc368f399dd044d9dbd5d
train,scene-0687,a25d763258dc4526b52759b3ddaad7ec,boston-seaport,25,d12af2ccbefe02a535a0eefd6dbed59608f88701877f41c957cc3f069d9e7f55
train,scene-0688,2bbae5e654224cbeb5884c471e2ad05e,boston-seaport,25,c1b4cd25a99da6fd58e4301faa157feb4fce7edba23e9c1a3f81a4207bbe881c
train,scene-0689,d9a3087bab26405cb005221b979edd39,boston-seaport,24,8ed91e48d797d39220b63ab355e34c528f4d3649ef15c86ca803b880c77df951
train,scene-0695,1466f33b56704942a368fa03d10708dd,boston-seaport,24,50dfa4d4ed03d283ba715c6040a37964a9c2f1a687bc1aae787559d2104cfb00
train,scene-0696,c133e78e55ae487c821803a3b183d1ab,boston-seaport,24,d5b99c8749a8d7375916d68e05cc2ea47eb520f129732ce4f150dc764fe4a6b5
train,scene-0697,f36162eac28641a0978032ff89e0f752,boston-seaport,24,e4d676180488f050295736e5a32b982df03a598e428b7a9d12e148450041983e
train,scene-0698,f68ef41fbd1142d3a74f71be605a2227,boston-seaport,25,5213e047312969f63572ecf3a5020900446a1299774a0bd3be36b81f456829a1
train,scene-0700,41e0d46e715a476ab05e4d62e415ea41,boston-seaport,24,9b24d1e4db28a5b4e2f2835f13068ced3ab9417dd57ef21d4a5f5ac657fc4514
train,scene-0701,b0525843a3b0463f91d715deff733b8f,boston-seaport,25,2227b57b9c0ce5147f7707d980e9ed1d9d4f8d41cfc75460898c502417821bcd
train,scene-0703,77c23b25e2ee4b9ebff6d179d3ce4a31,boston-seaport,24,854fbbe050e6e966e13ed08b44584173bc9caed12b1c87030ae392321ea0310d
train,scene-0704,1891b66d9f58463399aa242f3b521232,boston-seaport,24,4265567bb8e35e4246abf383887c63d6fad88c6cfb4343a4f8ce19d906cbc341
train,scene-0705,23e33c8bba1f411ba5871dc074f8dbf8,boston-seaport,24,0929de4e9e59d63de5397873fb6538d4cb94b70a04941fe7b0236f9482bc6b01
train,scene-0706,1ad821fcfc9f4c24bb879ec7d5ba0ec1,boston-seaport,25,5c28d09e4bfed93eaba4a3d162049db518417ec1e0692b446c404fa7c3bc6a75
train,scene-0707,1b3b150c9d3e4e1593e7ce882a69f870,boston-seaport,24,f999b2166ee2590801b045cdce9895241e34b34647afe1317632013a98927706
train,scene-0708,fe3aa64e4339456186c38c6308f5fb1a,boston-seaport,24,3c5d0a11950c8c73ed30ee849cb671b29d36eebfa877efa1fd49c5fa5a82af0f
train,scene-0709,cd122d67c51c4fa4902486897cad91ad,boston-seaport,25,803b46759b3efa223e00549b7cb4b895c5afc9f76d778c7418692f7828f0bab7
train,scene-0710,0c13be31e9854d97960d1af570db433f,boston-seaport,24,41bb24e47a0c2ed59a13b94075c42517178bd28b609fc9614fb1bfece2a38483
train,scene-0711,5674c9e612cc4f7793330a361755830a,boston-seaport,25,99619557b50ee3c288edccea494f3ac873075a5a804c33bc1807fd1c96b36180
train,scene-0712,fb20ca9935c4439e8125ba830abcf9dc,boston-seaport,24,e45c4791cbf000d6d44c31a0b63c811f4a475b322ced0fc18281add90861ebaf
train,scene-0713,efe3681f556b43e6aa65bf7bfc61a2f8,boston-seaport,24,f50b0d3942651fdd4093e5b80ed7d4b67ddb47f2f3bc9e5bbd075bf62d4188dc
train,scene-0714,214008f81b8b4b509c730f0c13e9491f,boston-seaport,25,417ea4ab40ea9065e70485478324bee9c9e1e1bf362f9f3c5463191e769f4291
train,scene-0715,579fb61492be4ffc97132658f8e4bb9c,boston-seaport,24,9ea7e542b3b89995963a82d1b19404ade30c4dd84a955c1e2de0e09e5610d593
train,scene-0716,30ae9c1092f6404a9e6aa0589e809780,boston-seaport,24,0634b786d32130b6c642365bc522fd03e4f35e4b597d65f25ce22eb7b145350b
train,scene-0717,5aa5225d0ef440519a31c1dde075dab7,boston-seaport,24,e0b8bd3d8717611bf63fdc519a3f1fc9e4fa0ac2f4654840587690702a7fa398
train,scene-0718,555c691be4704ef29559373e031441dd,boston-seaport,24,be09de114b43d07ae8018fb7cd3531cffa7bf0e09dba8f52362d1a59b1d275ca
train,scene-0719,e209e66ff7834490b212c16cb12a1ce9,boston-seaport,24,8258047111a2d124b5d53cac474071de591fb286fdae685212546e76a7352373
train,scene-0726,ef5f945852e84fcc88cab506746a6636,boston-seaport,24,5c43c6b8f5b54afa1bcf1132827a5334e421dab8f1534af35c93a9a1e56b103a
train,scene-0727,52fa2df7fde34bd58ee30cff02b73f51,boston-seaport,24,b2b1315cf7eaf2f05ea16f84e2f273eb95e716015dd1ba7feafe72455d864fcf
train,scene-0728,3673601f263947fd9259640bd55622bd,boston-seaport,24,ba9993143a6d73885bb30165fb31b8f9f34e28060245e3ece070812ea8a737e8
train,scene-0730,f92422ed4b4e427194a4958ccf15709a,boston-seaport,24,ac76d908c3e4bdd8cfe9f1883ad1e0a2a282402c0819dcea8f74a6242f3416ba
train,scene-0731,85e8f6d6743a4897b5e07e685267868e,boston-seaport,25,b1f144ccb08735f4e3a8f9399ea0a067609a4625342a5c3be5e080a1de1dfb95
train,scene-0733,221a67d95acf448ba863917ec4d32ed0,boston-seaport,24,4a4be99d1d162f82ae4015708ad4c43e2cc4b23410ec9280a25a857bffc1925c
train,scene-0734,20b987b503444b3d9996c8f66946afa3,boston-seaport,24,88a66dfa5813ea7c1ffb8a56121d8054fddf5c60594fc67385cc56c45b3b7261
train,scene-0735,deab903b0b644d7a984c552968026631,boston-seaport,24,1ef2fdd4c506011e3d6a5eb68428176065f53184862ea64f826682787d8cccbe
train,scene-0736,2f9da038274a4448bdbb83f994fc6381,boston-seaport,25,d048b7d27dcb408497fced54d002416521ae7012012bba81e94eec58098a81e1
train,scene-0737,df8dfada99a04a81bd1b102eeb84e9bc,boston-seaport,24,28400de47658b2cb4b95393c40526ba8d3d8c1cdbc480366014b9c74454de8e5
train,scene-0738,d3d94f2ce3dc4db4b3ba6f4aa81c3987,boston-seaport,25,3d4665998eaac2bdd7c19c81f82cf6bd710fa6faf88ac4da6c87279f22479ebc
train,scene-0739,1623e7fab5174f2a84cf1b539233e3a6,boston-seaport,25,f5735947e0395c25f74643f55ff87949794481bb35a6c65b063bb2264d250ac8
train,scene-0740,d95a36c034344ae2ac11daf2ba1b2c60,boston-seaport,25,b3dbff62e051bf1f54abe1ec9f01341e7910009c4a5532961d9b4f96917dd1ad
train,scene-0741,66e050dbde3447e5a4b07f0d896f5864,boston-seaport,25,cad59530428fbb09543509d68c8e86038d1a14051ab92aba34329ee213ce9958
train,scene-0744,1d25e9071ea94891b5eb7554e77a11bb,boston-seaport,24,1dd4da1f8f517db46b361ac5589ed41333d76767df7a53e9c5163cb7d36e1785
train,scene-0746,2911b04ae82a45f386ad4f79457dd73f,boston-seaport,25,2fd69be7d0718b0dd73f9f814d61be7f1d71953a040f61710bce0d8d517827b8
train,scene-0747,373bf99c103d4464a7b963a83523fbcb,boston-seaport,25,e38e48846e2dbb4c2e2d9d5ec970598622669575e87d012b764dd44c16cb8382
train,scene-0749,9c7062b34e064d6ab42124f3f0be233d,boston-seaport,25,8c456d7bb5ac50b48a73e99165741651183ca347e23c87b9a142852958e77c00
train,scene-0750,82240fd6d5ba4375815f8a7fa1561361,boston-seaport,25,331b50c0d80f4d5ee1f3fbe09368dbbc89811eccbca2710c230550aa0fb71d4d
train,scene-0751,103b54209e584cd4b7ed2890eca2e126,boston-seaport,25,2751044df915e35bf837b35dc3be05f9376509c8452e024d9830ac26ab85445d
train,scene-0752,6d6314f1865343f987ca53107b694745,boston-seaport,25,9cd40fe3add2c16a65b75364d2e0c263b80a601278ebc1ba292d8655fe0faccd
train,scene-0757,2fc3753772e241f2ab2cd16a784cc680,boston-seaport,25,23c101a229c7ca25c8202273724b2234ed307d3093afdcecb218a5abfa64995d
train,scene-0758,c71940250758484c913c23850c284fba,boston-seaport,24,90f77166c4378d5da225ab8ff39b8126b411638dd3e5a1ed84befc9353435847
train,scene-0759,5726dbbea8044103be584a85e2f3ee64,boston-seaport,24,c97012cbf7a6e620b515d9b39bd1ba6091ee750bfa745531f12a440a9884b987
train,scene-0760,ea4c42715ae24b0b952c57a9af1e7731,boston-seaport,25,5edcc2da7341aa455ec411a241f5debf350df59743fa94b5d8320df89e47f7b9
train,scene-0761,947308824ada42fdbcff7009e815287f,boston-seaport,25,d7a95494e0344a173f81637dfbfc469261bf052dfc9e62e12438a23a435c078c
train,scene-0762,ea9d0ef295c14dafb5653ede3f9f29a1,boston-seaport,24,55aa4f3a281e8af0f6c012ac683684e36cd5a8280f60dc928d961d48d91e9c8c
train,scene-0763,cfeb880362694fa7a428aec2fd139daa,boston-seaport,25,3e1cddf03e57a8695948258ad50aa661875a2a8573bbb7b59fa6e17e741ed5b1
train,scene-0764,dc8302cfccdb4812a0a4a60dde595e18,boston-seaport,24,e6837d9e1a2312320cb02a8ce9d77f2ac6c0bc87daf3a574ee187a3b008e0eb5
train,scene-0765,ab5bc0504e2c4103ab306c5bd18f6791,boston-seaport,25,deac4fe6f49e5db9b12c805e6f14b795811dd48ed1bbc8683afe3694bbdf0486
train,scene-0767,5a3283d8aad24bba8cd36bfc1619064a,boston-seaport,24,3cc1df5457b0f461c9a0149881cf116efa3af15b42434727407ef64e0b0a0af0
train,scene-0768,078e6d7a3d4a429bba404bf12c7a98f2,boston-seaport,25,5df69071b316c18ed9815a3e20eba01ab89c53f56ee182bb8fb5f1b6ca440a32
train,scene-0769,1e9283d1ce98428aaa3b851487eb4f58,boston-seaport,25,a79fde8f60c66962d86b7fd2dd64ba4680605bf482aa27793c36870237eb5ed2
train,scene-0786,85d5e2548a5e454fa65a739ac0ac55c2,singapore-queenstown,24,9e437c3e8488f3508a8f8bd428263fb31a3a37d1e5ab7ab47e09e20092eedb84
train,scene-0787,19284973bd0342998c37848e931a90d0,singapore-queenstown,24,51504b00aa626ee2ffb35da7dd47f81280cb5d14d6026ad70a933ca138ace343
train,scene-0789,76b0df6376e246d284c9be42b1fc6be6,singapore-queenstown,24,5a05b7cc784bfe359da36501a60d995f372128532697f7fcf7132f7b310262b8
train,scene-0790,78f63999591a49a195b872ddc368a146,singapore-queenstown,24,39088ae21bb6ac1905b3562609e42ba2105824365730b453215dc8c16ca43665
train,scene-0791,74d03e3b673f4a72a3f76e1b0c7840bd,singapore-queenstown,24,c7daa03a84e5bbe4ce192ff7ac11efcb30c0fe2c1f98fa65350353b31e4990cd
train,scene-0792,34ca95580d2d4c45a68b471d5afb3e27,singapore-queenstown,24,a37dbfeb0ee1754529dea7be9737af8d5e8a57a55b02834fbc7a9391dc9f3f0c
train,scene-0803,5560a973257e407b8d5bf9fb92b1e0f3,boston-seaport,24,6f908072bd10c2cf5c3ed418f3f3a599f087f09818358099a3e2e283629b42cd
train,scene-0804,3a3c0ea9e3ce43918ee1765afd0f1319,boston-seaport,25,5130a8dc266be93bcfdac3e5461600243296679cd3698c65cf27840ba4e1f88f
train,scene-0805,e5a3df5fe95149b5b974af1d14277ea7,boston-seaport,24,d46e5d7e18364744a3bb5982c280cb76a3cad0475ff169c54f35be0968cb0f3d
train,scene-0806,aa54277d163d419b9f952b014112643e,boston-seaport,25,77b0d7fc73dd6a06b28b2359511a88f2a3ecd9c09588f4c22540daafa263807f
train,scene-0808,2cc8ffb250c44b42a888e9185810e04c,boston-seaport,24,24b3edafe90c0f202bc4c6b418cf998a7d77d283716b452a644742d9db8bd6b4
train,scene-0809,e1e664292aa144bc8d0d5d6441df084c,boston-seaport,24,b25b330b1e0851dc9009d4133c216325c32f827296ab3c84421bf7f861cee6f5
train,scene-0810,717053dec2ef4baa913ba1e24c09edff,boston-seaport,24,d3a1142963c09a55ad720f0c7128d26d8ed68323ba3bc44838682d946ed4aa32
train,scene-0811,4bf8fb20e4744bd391beb07b2424b30a,boston-seaport,24,8b66736b8666e0fc3cae67af41c5d9b9cf44ad97ceb41e081503e67f579d1a1e
train,scene-0812,5a1d2867bb504c888a628ad549cc10b6,boston-seaport,25,45e94f2568f01c58c88b218695229e2dd3208d438b6b8edf473aa6ad8404e9fa
train,scene-0813,8cf06ee8cd004478aa46f391310b923e,boston-seaport,24,5bb0bb5421c5b7da40bb7efca5a1728197b09ea1775121517892c5420122d85e
train,scene-0815,c5b36e5275cc4a2285d095e87347c49a,boston-seaport,24,ae37c08140d0950d9c9cb81b5edc6f47df5c334b662a5889d9002c3edf29e979
train,scene-0816,0e247ba64b9d4a34a7256b6c173b1b5d,boston-seaport,25,8edb23f3d4f0838848ddf5558b0de5a3a53c270777ef9a8a80dab4fc2c8b1329
train,scene-0817,e3094e1174654d119b55cce4df145e02,boston-seaport,24,436691088509bbf474410c22a0a09dfb187ee31525eab04def3fefa9d905c7d6
train,scene-0819,521f01dfc8c9402e8309e047e2eea112,boston-seaport,25,5cc100a868a0decef2214bc81b7ce18632921dbc0ee42506cee8d997fcc3ed31
train,scene-0820,7937f7d56b5444fd8c55052460e23807,boston-seaport,24,fe1ce0409dfa05e5f0e073e2a508f70424b23eb4037f210b9701c97069624c1d
train,scene-0821,64ca274b5f69458bb5d21e0e2e071902,boston-seaport,24,b683392dbc1ad9614ef68ace46eb714924c95f1325846407d9c35cc42fe5d595
train,scene-0822,087c6e521e974c708d49cac1db095691,boston-seaport,24,03c979bd4e4abef0082cabe7f821dbb4605aec078cf931a5e9a5abb4170903fd
train,scene-0847,d83994e61a1b431cacf34931801d0c78,singapore-queenstown,24,944641ddca4d73230c7f4c0f6de1bdff0ab312e559cf3c47987efc863e4b2eab
train,scene-0848,bf753f22bc524274bc359467e0be149c,singapore-queenstown,25,07ea01bce5a870f829ccc53cae902d1876e162caf1878b6708e8c4e99113bb6e
train,scene-0849,68fc5e3698a544d1bdf5847b88ad77d4,singapore-queenstown,24,b97a89e53f952d8d79798184e0d78090cafdb39068853b9ff84d4dd761d7191e
train,scene-0850,b3f63d06b6c54ae6ae80d688f4966408,singapore-queenstown,25,72e0af61d77b6095e97452078e10a26c4d139d586f6767e1dcf25dbfaf5c1047
train,scene-0851,a5003bf9af8545a3a4c7f1f5604e8d3b,singapore-queenstown,24,02efb3dbcfc477a781c55c375738a9c97bbe62f6ac72d2d6d8fe079cfec6b22f
train,scene-0852,ea68050d37ea40688241b2dc361ec886,singapore-queenstown,25,a80f724c34d4424c245b52c1fcd28eaf765d0efa3edb91d7670aedfaeb082066
train,scene-0853,57f5503bf63144b8bf450315e860f58e,singapore-queenstown,25,ab9dc6674b9f483e110d4e0dd4d2cc832cd355f1484bba96db3f1d1f009bed62
train,scene-0854,01796494e25c448dadaba70cfcc3532d,singapore-queenstown,24,bfbfe1e58220e050370064310ba421780abb5e029fab93de9d99b766e4789e12
train,scene-0855,03a8a37d5d444674bae34336e78ac39d,singapore-queenstown,25,dfb40cf92c8588eb095d6f6a4fae0d372c389d213afbbe58f02e54a4a75a0245
train,scene-0856,5dd272b76c3f4e2582040a91f2be2dde,singapore-queenstown,25,b59b6f807023c0fe96d99ef5c98fc00ed5794654185c59b76a71912bdb9de4cf
train,scene-0858,cf652a711c8e40209132036a95162fed,singapore-queenstown,24,58532da9fe32efaf450097d37d63c7a86a9966b5c862663c4c35d8659f3687a0
train,scene-0860,c6072dd4f7cc47efaad77889aa465ad6,singapore-queenstown,25,23b1923da8e3ba114924403784b8fc4efe097978a7172bd2a72fbaeaef807e9f
train,scene-0861,748894952b00431186308b387c2f424c,singapore-queenstown,25,775dc0c9b2badeaada98479417713863d2b81628b7fb96752d0a93b45b19ce40
train,scene-0862,c0990deaa8954a54afc86f7710f349a1,singapore-queenstown,24,ddaaa8443534a6437a19212fd4bbc5d044a5964fb6768342a3fca7653a94e840
train,scene-0863,212fd4c9c9174635a7ec76051c8eec9e,singapore-queenstown,25,fea6a1f3d06fc41734474d06f5a323b592dba7d15ad9d247f8b2b8cfb7ba1a73
train,scene-0864,5d5506d750cc41d8bd33840d5350d7ad,singapore-queenstown,25,4c0cc0dee57aef4b2dda370082d22a36a2a3bf56fe446bacf9dfba1ee21e79cc
train,scene-0865,b09162caded44198b149b4bce3558056,singapore-queenstown,25,7c560c5dbaf24a6eb69be788986ba2bf0e82175e2db86794f6469288466a4fec
train,scene-0866,dac50250c406439480be8b44d2c5a634,singapore-queenstown,25,1b08ab81cb4bbdc367347b072a95b6b309ead5228bd072429704fdf9a36ed034
train,scene-0868,40a2faa275fe4b9bb7412259485bb46e,boston-seaport,25,afc68204be0f0a49faf2b5dd843774111918e702dc4962704ed7c3d0ecddf8eb
train,scene-0869,fd0d4fdda5c04f7eb43ecd2097df56fa,boston-seaport,25,afb0eb3ed1b55b36388f032a8ef409ba21bf0b284aa3d5f4a0615715fbaeeec8
train,scene-0870,76b36918bd4c487581a4196ffd1b1434,boston-seaport,24,9ee58360629bbd89cf1c76b208fde6bae302df051be9af06a970226e6aaa4705
train,scene-0871,f55c8c62235146d895f611176fd0a5dc,boston-seaport,25,562a66c0ce64c98b2122544ffb08f8fb317db543f9475f73927f9146372f2e70
train,scene-0872,40516b7f46e548d19dfee580e9a5afa6,boston-seaport,25,866f404d079e866f76b1344553b8e3b250cac9d76b70bd5f9a295744140a91e1
train,scene-0873,6b6a24b7ae6b40ee95d60918f7f4cb2e,boston-seaport,24,c63787bd9565939a84b6a9ae238d9fe7972f36c5be1daf0e07343a46e77c3cb5
train,scene-0875,13be0238abba499e95ba4e6404b22223,boston-seaport,24,665d22d902e3a50e5149bdd46f11352252f85df779da3a576e896b418575e6bc
train,scene-0876,e15260c4ed5b4505900d497ef92ddd2d,boston-seaport,24,237fcc612eb00ba64047117c1490a58e1dfd89592fd6992df6f891fe67d184a2
train,scene-0877,938479858b4849dd8ceddc11c154082b,boston-seaport,23,0e46c445a2fccab564e5b9b42a9045ab0257b27a30507166341fbb3c7c03ce5f
train,scene-0878,6447a9c30b0140d783871b08104ae7b3,boston-seaport,24,74fe2d0f73b5d712d2c72ec1ac37b87392df44bf879c4f08f479e0ddbf62b660
train,scene-0880,d033fb0d79ea42b9a356fa5162172598,boston-seaport,25,d714bb76037fe4903a14985c3c6b93b383727d1911c1c87dae39d6f99274a6c2
train,scene-0882,c31adab2faea4db6ae5673eb8a507d00,boston-seaport,24,dc6d6f630acd438aa4d8f20d8e11b4f54ec462694d461e5457dc6fdfff9cdd0d
train,scene-0883,ee909cb746e44174be804f26bc971efe,boston-seaport,25,504997c0d7def80cc28a2e726809d0856b2e594228498b771b7f7c27cd0d5ec3
train,scene-0884,23663ff8f4614b8bb005d67e51a69283,boston-seaport,24,f09ef91fe7504fbe4fec9ade0153a4c5b70bf8f6b03601ada2b88b6353ccd62b
train,scene-0885,d58468c6097c425e89671a7b3f480acf,boston-seaport,24,c189dbce9daf49258dbef5220c816ce2f2fe590c55141d1b14cc8a655c11b971
train,scene-0886,3289046b886f4c98a676bd7e6a3c6ef1,boston-seaport,25,8e22014d8803df7a733fd174a416aaefe6a375c3b85a58a7b0b537bdbb30459a
train,scene-0887,857922568e4e4fb89c3ee3010eb93c7c,boston-seaport,24,7046fd4e6b82f6491059ed63949026db61eb87a13613fd517aa3565e2b14a948
train,scene-0888,dcdea563c77544bb887de11d87619d3c,boston-seaport,24,cff5fef2822cd5c004ecb356a4cc7db8c847bca176f4cc123cad1a3722c16be1
train,scene-0889,53e8446852bf488bb1b09ae032918bbd,boston-seaport,24,e2a06957fb26bd842b65418e77de2fdc1daf4923df5c30e54b977b4fa5548dcb
train,scene-0890,c77e6ecf108c4c8b80d35d84642c805f,boston-seaport,24,b82fba23ba794f57e50c401519456b987739591931b131d36a4999bd4b6b9787
train,scene-0891,782f9486adbd4546a492e69b6697ef70,boston-seaport,24,3e68d20cfb57e17cf9a421dfec66f7fff071b2ccbde18d143adbe8d430c178e5
train,scene-0892,2131d9fd2c48418081875019e35cf6a2,boston-seaport,24,9464bc286832c9f1e28bd2fcd95781df898bf5a7aa47b4339b43600a69ccffe7
train,scene-0893,3014465d5958427aac89c4f15b6050dd,boston-seaport,24,dde4c096775d0b0c9d8a530d36717e2a6ef602979a6e1ea67fb37c9d42fd4e0b
train,scene-0894,65cfdc10a42e499ea704c617e077afe0,boston-seaport,24,973f3378b241f93aef597bdd482d8c392fb61e625d7b12f530802b6f526db7cc
train,scene-0895,e083627747d8499a8c4e94c7abf941e2,boston-seaport,25,f7df39035782d1ad0cfcddb58726bd84f1951b250ba54668bca0365049660171
train,scene-0896,fd4ef697de684d0a8e016a8f8ae61193,boston-seaport,24,963005dcf7f587bd507f1ca4c715dc45a82ea32c5ef8bef8ce3df8675c6fc514
train,scene-0897,098c11f50ff2425a9ff994e004de1216,boston-seaport,24,f1135894c7bba92f0916ec15a3c0a0deddc02fc4f9d3ebee12807898247a7331
train,scene-0898,82aa6c89bbf744a6a5a12cc171d8376e,boston-seaport,24,096f398261a3395a22015a662c3e239d65d7f4a6c727197e69fccba51e9ec92e
train,scene-0899,881da81bb35a4bdb925e0a2884ee7f0f,boston-seaport,24,2929555b379bf5ca21f46fc59ab92099592dccfecbcaad73f6b1a9d8ea4114e0
train,scene-0900,7e2d9f38f8eb409ea57b3864bb4ed098,boston-seaport,24,faf5c7a25345f8716b72f19d2e8cdcdcae477fb7e8a424375aa9f12ec2e112ef
train,scene-0901,4c5c675340d14cd88a65b5e22eb9c9c1,boston-seaport,25,bda193e1b9d19c1f0cb869ac902aedfe720ab088f318fac9a0608339e782e909
train,scene-0902,727214583a2a478094d4f093d20c7060,boston-seaport,24,de3efd18f3263af71bca501f5f46e918027db6459a3f9a2bad22dc559e38ac9a
train,scene-0903,3e1f0257a4b8457486651de2d16b61ab,boston-seaport,24,eb9dbf3b5fe0febc8111dfde1f0f782ddac380fb2f374f9f8bf207580ea00590
train,scene-0945,209e9e9c3a2e4a399c44b6aa8be659d6,singapore-onenorth,25,6066a97a0985eee0788c8c358f4e767c1721af1d3a2ee9f2cbc348d5780348f8
train,scene-0947,93036f2be8de445aad06b727b848cea5,singapore-onenorth,24,359f9303c40aca4409124fcf05d564a195cb088c4a422d20ade051adf3271ca9
train,scene-0949,8461c1125eaf46c7abaf4ee18e8c4ee6,singapore-onenorth,24,be792b2b818d38bf59e1681e24916f9a4518e6465e8df51aed7c60d5e758036b
train,scene-0952,a4fe925930de41489b12b85b77d2f0cb,singapore-onenorth,24,59aff74f2b43a1882afcf1555b44f2c013982ce1fb50ac5901121368f6912a25
train,scene-0953,43017e1e57174925ae241b2ebff7991b,singapore-onenorth,24,9e8fb8dc2aadda42cac379b700e4de327e96de42a1b1be1e79f7fbad60a801cb
train,scene-0955,f77e66f97d204b5da547f6c007dc2abf,singapore-onenorth,24,dcbdb2f811c322e66f969e88900a4a10872d78ba030d7b32731e08a8c5bc7cd8
train,scene-0956,75548269eb0a4614a6f84ab8d7713196,singapore-onenorth,24,b800bbf7cee4567ad6968e19854911fb724fe3ddfcdbe1a9152b9c6b64d74701
train,scene-0957,2135a00f664d4a3bbfb938e007befa06,singapore-onenorth,25,0833e9e08a550ad6b28f99b8b41e035a76ba913ceef425b9d29773481c5867ff
train,scene-0958,02e484442a2f411b971edcf96ebbe885,singapore-onenorth,24,c3e202f7cecc58ea696acf204e16101dae2efa46b0b9b97b040d7f300b5a9f71
train,scene-0959,31cb85777b814e0ab6ae6d146964b6ae,singapore-onenorth,25,9a3edc74b11d3e60e677d2ed5f7133c117ac9e1ad74a3a75e78c4b84f1f26f22
train,scene-0960,21464a6831c1443db294d1b56a7a33a5,singapore-onenorth,24,195623c9f195777ea434861bd8959517ccb9b5dcf14ae558d7ea64ae70a46e41
train,scene-0961,5a2aac9df32945d183fc81924ff148b6,singapore-onenorth,25,2ffe2177d31d2d192b1007c65bbab0ed418f2e37c3cf28c3cf9c24dc457a6bc4
train,scene-0975,55b44b64f35c48689cdca8c39b672db4,singapore-onenorth,25,b92e6aff8e3d1f790465af33426d675f5d5615aa683173c23f00be89257b5317
train,scene-0976,7f03cd19d9cc4381a591fca00666d7ed,singapore-onenorth,24,5d757914d56bd38874b5c8c00091c19138869f4b1b788abc1b1d19f24c9ec909
train,scene-0977,1319a9c0288f4ff9ae32d3f33b3bae17,singapore-onenorth,24,e619513f6362443e4e3dabde24d4dc3e3cc06ad214d225a81e87e5ea5caee2a0
train,scene-0978,8b93e49bac094cf0a1c3ea983912f89f,singapore-onenorth,25,4490d24d6b1a0753a71113a4e6a8c123c46667bde2ef6c827c944eae718daa32
train,scene-0979,8383c0b1422b46ad90e2a64ff3e91fcf,singapore-onenorth,24,d42eb03c00e75fee0f8c0abef01ab8c12ab3062c58423ad6f5aee450c51f1a07
train,scene-0980,a2e8f126913b4f72909e06d881dc5a8b,singapore-onenorth,25,efda516a6abd2b91ba1a884d188a24e824b69590e80ca3989ef8a6809cb5f417
train,scene-0981,2422d2652f4f42298a389a6e0dfef307,singapore-onenorth,25,37ee437df44d872e09c7c0b76098feb340102c64531790dac8cd270e24df38f6
train,scene-0982,8fe2dd6f533646b39c8e81316597c52b,singapore-onenorth,25,77549fc2e668199e4ff6daee28622b4749683c3cdbaebf254a9a258ca32c2692
train,scene-0983,76c632788f8c4516bef1c4297f2002f6,singapore-onenorth,24,3dea93cc769a489308ffec29220289353ef991c60d7abba856be5190327c5eae
train,scene-0984,0be1ff07a8f148ca9535fb7f0deaf828,singapore-onenorth,24,ae187ba1ea6a2814b809972306321f42ab181e160ff2606fb691200bc15d47e4
train,scene-0988,37284f813cc74496971ff58f5d37400a,singapore-onenorth,25,72b6e4ab5fb7a04b266f9118c201102b217055afd3886c81dde9915c6e6c3450
train,scene-0989,a4bfab3710d4494aa3c9a443c1bf5573,singapore-onenorth,24,3b4894e8a196d2e4d26dff4b8c2f362626cb9fbaaff598abc761bf789475a301
train,scene-0990,7f6043918b234b68a61e6caab7a33346,singapore-onenorth,25,0c4e9e4fe1af43b413732f79c4c46e3cd0751fdb8afbd826de8aff80590d29df
train,scene-0991,c2d5a5e7f7dc4e12b967fff22a0e1bf1,singapore-onenorth,25,fa2b3e38a14420cf2b14fd7df8dd66ccd05647fd440684865a442fed07da3b39
train,scene-0992,ca6abd081eaf48689f06b5e8fcc9d369,singapore-queenstown,25,0126e4d31df8370cebb4dcd90d42f7d564d8b3990bb867271fb7c03a559db2d7
train,scene-0994,e71f69d57d944b6cb0ffc516a88b6104,singapore-queenstown,24,d5e38150961e61001d1506e6a063b141efaa47ca4188dea988d908bdefbe5033
train,scene-0995,c6d1085c40614693a046dae3168bdb35,singapore-queenstown,24,b3b49f9298d580ed9b36a8f1a4b3ef8e4f23daada3fb028d890568fc43aeec56
train,scene-0996,796e7ae080984a0ab2b96ce80f18ca3b,singapore-queenstown,24,9e9e83b72e62ef82bae71644460a85cc08f35470a4eb7d5e235a8c7c7d6103b5
train,scene-0997,599c50b42e294116bd702c9e5cc830a3,singapore-queenstown,25,922ea59f18af561e8c54dd0f5d35587ad4b78cd54a93d7ab20c78c36f25f3392
train,scene-0998,242ac1b59fec4e0c9c200ffca81775e2,singapore-queenstown,24,f27863ae512e2e55a8edbe042182a0b0dd602ff258212f9ac83a50fdbb3de570
train,scene-0999,f30849d00388491fa6997a13d56c73fd,singapore-queenstown,24,c362d621eb22981d2e5eaf2bb75f71591d2843cba14d28a6ebc342858f7d48a4
train,scene-1000,09f67057dd8346388b28f79d9bb1cf04,singapore-queenstown,25,536a160e65f65b3df048325349101cd3975ce5eadcf35d22ee0e202c5f515086
train,scene-1001,8adaf76e6005413181924e6c83053a21,singapore-queenstown,25,305c5231ceba9b6db83e8d633d09aa849dab8a69fd5abd4594ae4b481107d461
train,scene-1002,fdf27bbde3e345bd9ac83cbe9a3c813a,singapore-queenstown,24,5600b5daaf6eeb7b729bdac655da5ea8dcb0aaa3e0ca337797d255ac3e66575e
train,scene-1003,126aa95f38b649fa857d48672c8ad808,singapore-queenstown,25,2506bf2a77c9301786d5df8d8403e21ac6ba548cd23c858e6d33a592585efd14
train,scene-1004,edf6a55a70114f6296143ed471251804,singapore-queenstown,25,0f9c632c507cf2af60596df92c610f4496bc38e546671fef5e0261b134fe414f
train,scene-1005,6e820d4c44b74793aacd0c7091488865,singapore-queenstown,24,d1a1270cd0f73afc5c505f4340ee2ef9ce5fe35012b844b8edcaa44b3b16902f
train,scene-1006,e12dee10fe2545e4ab88459ed4268bc6,singapore-queenstown,25,2d4ffda564b5999a5937a2995638c13ade971e4da774d26f71399c2fd79ad3e1
train,scene-1007,3032b651c72e4b5c86d4dea1b4930689,singapore-queenstown,24,2c39262f3b8eb9a608f8af9d47a70121e0410899ef7c3f8b0fe16cc2b6cb6b59
train,scene-1008,c610d0ac2e2045a5972bda66ac42ede3,singapore-queenstown,24,5052c003e12c15994736ede1b628c26c479c4708715906399e32d6371c7b0df0
train,scene-1009,ea0979999bf84ee6a6230b1bde7ec723,singapore-queenstown,25,9b6b4c37e648041af84b088c5f78c72f5ad21fec13ebcd948f254952da0a0efd
train,scene-1010,b2119bd765a94b0cb705424800307bbf,singapore-queenstown,24,1b5c187e61fded7913995f14bd7e8417e289cfbccf4fe14260e465f447fc5192
train,scene-1011,270fe8382f884386b3445143fa946200,singapore-queenstown,24,96e7a932b168d0de1e2a09dd0fedf41cafcfeea23d4b07402d1a02f47676af7c
train,scene-1012,32bae098e2434a09af1e7983e31fbf5c,singapore-queenstown,24,c68b87c05eae02c9ebbef5b53694be6e96cc1c152683f3fc73ad0a4ac97af7a3
train,scene-1013,2bfb95d8ba3a4c11869f4d6635784640,singapore-queenstown,24,a2fdd45702ebc5f3eb321b14a5510a70110d2605149427612b816a7b49fc4c35
train,scene-1014,29dee0b8210b410a9b3421f0cb39019f,singapore-queenstown,25,25d2004617d56c46b58e8e7892db9f1be4dd192fd9f73867d22408b9fe84f681
train,scene-1015,69a38ccf0894467fbae658d28d4fd10a,singapore-queenstown,24,5045cd7b5471ffc6864f0d9023240f7cd2c0b5b873c5dcabd59283fa9718c1ac
train,scene-1016,f0f7132494bc4045a21868aca13b56f9,singapore-queenstown,24,2b0902714f4cfce72e3ff6b409525b6c86a2206ab6cac4e60ba898b2066bac92
train,scene-1017,34a9823fac0d4b9db30898e00b5f9f9c,singapore-queenstown,24,54bb9921cd33dc5871a858bef9c4e739590b3d2f03592b25a070f8a6cdd9e554
train,scene-1018,faa975eaad804c85bd8f2da9b30c8d9a,singapore-queenstown,25,e8aba116275f435e4e37b8be2b8abf859acaf184f478c05257b97d36f3b24bb5
train,scene-1019,d4d2faa310a748dda508d15c6d5c4244,singapore-queenstown,24,43c4e62b30df6cdc2cf724db1ba740d336fc0ec1b919d78b18af4e258a0d465b
train,scene-1020,7bbc6931b39b4ba3834240618fc4a4c2,singapore-queenstown,24,132343b3d2870bb82145ba51023300c7de28badcb921e01b11ec8114bb587240
train,scene-1021,fee7ac5f5c1e4943877cd20d6e069427,singapore-queenstown,24,66bba648bb9fc738ee5d261ebc2e94d87f1a78e28c5c42fe3cf71607bfa7543a
train,scene-1022,797700339b014fb6aa61c1ea3778d587,singapore-queenstown,24,c36efe3ca66ea9109db62ab71744604e16d9e647af44f147326eff61d9459bfc
train,scene-1023,d9161e521b1644cea4cb9e3f21ef9f79,singapore-queenstown,24,1f2aa779f19e4a3c8b2116170aa853efd4e0141775fb25b7d546f33b287b08db
train,scene-1024,19640fe4b6894f97b16e0faad51432b4,singapore-queenstown,24,42f0af5713b91d1801e682e3ff4add9ca6bbe67a05a1ddf2f67ea07077e0164e
train,scene-1025,2a334f5c4615465f86a250d4758a2d7d,singapore-queenstown,24,d1eaec2850804fa6e49147b38c30e381ba4921e6367f348627eab0f7c0ffe1fc
train,scene-1044,f634de95cc7043b8b38ceaac67d472cf,singapore-hollandvillage,25,8cffb07fe13d2a02eb5bb8eff14e093bee04cd99f01abf4f731d2a47351d7257
train,scene-1045,8d8728879b89405eba3f8ce1af138cb2,singapore-hollandvillage,25,fd61d5eaf0fdcf50687e784f305adf9a9c0480e2c515a6415be8148df3e8f830
train,scene-1046,4f679c8f8f6d4f5d8466253dda4733ba,singapore-hollandvillage,24,e83db80133fad7e4439b50e65b862b053a93501555b40ac7d808f942e01613aa
train,scene-1047,cd9db61edff14e8784678abb347cd674,singapore-hollandvillage,25,63b0e65742a5ae8bfe1ee65c630605c115b832b9503efeb043da79a773beba07
train,scene-1048,2175d0e84f224ea69907e5c338bde395,singapore-hollandvillage,24,f7407df2d77ade964628ca0cab51b43353938664f5cf13daf326a89960486cf3
train,scene-1049,9544516643a14926bf750fc71c1b307d,singapore-hollandvillage,24,a404b61647668afeed380563c0a29d1ed32260fe27959af82088ccc4185602a8
train,scene-1050,e631037169574c67944176bf079ee75c,singapore-hollandvillage,24,6e0215e1feadf031c8a847f5bf02d122091f7d4047cf901ac84359814bf44f78
train,scene-1051,bc5daf905b854dbc8944811c4b7c319d,singapore-hollandvillage,24,81ff79d5f705be3a987ca19cbfb68a27156c28303b3564df180b6af406dc7410
train,scene-1052,390f81ac97474695a727d688240e6fba,singapore-hollandvillage,24,e4c4dd8f97bf90456325e5e909617a1a168886a905a767035ad6bea4f1407723
train,scene-1053,4ed628299b1e45a3a73704e8cf8287a9,singapore-hollandvillage,25,dfd917b7c4468c8e00e8bcfe12dd8f161b4d9a604b3ab778a91dbcb993622b7d
train,scene-1054,add2303ca41d445c8339e05769745fc0,singapore-hollandvillage,24,c1692a207c0742fc7229f950101d30d7eb4d4c2b129fb7a2b70a158d6cbe907c
train,scene-1055,2376fcdd28a44b83962289664cee55b7,singapore-hollandvillage,25,c34e3ebc2bb6338a37b634bea2e31128e7c6968c0ec7c2e6d12dec6d24213f54
train,scene-1056,16c90eedfc7943a5a4c64e84d18876a2,singapore-hollandvillage,24,77d26f2b3ed957660ee76919856016daf6d2a4c465683d37b0cff08d558aaeb7
train,scene-1057,102b894332464704900264216480a8f7,singapore-hollandvillage,25,8b2cfbaecf1e93599fe43e41e7f077622fe56754302137ad3f714acd7613d9c5
train,scene-1058,bfe368f8c6a44efcb323a82f6974a9a6,singapore-hollandvillage,24,9720fa0a7e47c3d88430ae0226bb17cd91ce17add435c716c898842d5238e986
train,scene-1074,865c607c8ef44f13b39744a0de110740,singapore-hollandvillage,24,e0182d7502822ef4808b0ae9c03e8dce2f6e80a49556e103e6fb61771f2a262a
train,scene-1075,277af8c7487f4f24bd2953d4dc8d11ff,singapore-hollandvillage,24,396bc67c516ce028189ed5ad7229420a299e29c7f699f25793df464fd4616eee
train,scene-1076,7061c4fa99a44d02af4a3e2689be4457,singapore-hollandvillage,25,0124d538995c76e59898be28abe819b445f0eb5f7c9ec507d8391e27350fd917
train,scene-1077,d25718445d89453381c659b9c8734939,singapore-hollandvillage,25,45df6dd32376d2f938c30fdac0ed775f409ff7f98ba383893318c573d60e6a0d
train,scene-1078,c949ec2cca7047bdb67dce64b6c3586a,singapore-hollandvillage,24,c2201dc1e9f7819c1a8f9a9504f1589f42cd6592437b29f30f938715915d2c25
train,scene-1079,f98a50e675b14266a6c53cb25a0351fa,singapore-hollandvillage,24,11b64f164e4628d3dbda983fcfb187f0bb7a16e2a100ebf7cd45d0755c94f997
train,scene-1080,a1e7cd557b9541dbb00822ea0c56204b,singapore-hollandvillage,24,f5bdc061962f24e4b575db9ccb6d89367fce988eebbba584207fc20fa59e9e93
train,scene-1081,26c089d84086473e87607ae5c6ae85c6,singapore-hollandvillage,24,afd591f3a3905f30f292bdceebf962d9aa3558d46024133dc528f16706dbf211
train,scene-1082,400b708de5d7434d8964da4a0246d164,singapore-hollandvillage,24,5e5754b9c60078a85a67ad1fefe147ab8734823b48fe7d91ff783e91bd00c547
train,scene-1083,567fcd99d0dc4fa088f52b047f4ebdcf,singapore-hollandvillage,24,82bebda3e4a8135fb1f7853716b5ccc9b6f23707ad0977d08daa6a1ccc86adf4
train,scene-1084,affb0caa5d2948f98cee5c42c7aefc1c,singapore-hollandvillage,25,d38701f2288faf5de157b5b347841fee1115c952864957de9cb4feb4757b0ae2
train,scene-1085,8d267899e2e843d4905fafd1f12c0a20,singapore-hollandvillage,25,2f40045f57128458b3cf147a89b4083012dd8a7ff16d3904d1fe5a6b1efc99d7
train,scene-1086,1b5ef5ecb2084b89aa0314d65f25d9e1,singapore-hollandvillage,24,ae50bee6120b91631f0d6a6902609d293ec63bba969f9e4835f953f23f402594
train,scene-1087,f143809fc26c4bb296f4f367b0954c26,singapore-hollandvillage,24,018af006722e0c1e5e9e7406a942a6720a0c617578e29a9ae9a1a49b10e38322
train,scene-1088,fe4fdd7a28754baeac7074ad78f55a52,singapore-hollandvillage,24,d6613b9c035b6a28b3d5a004f73ea40d3f1afb527cbfccc535e6d972d4f1e7be
train,scene-1089,980ddcb62e294608bd4235b0dfd517f4,singapore-hollandvillage,24,f669f30fb9a2c42f227cb347ebd8dc3cf938be6597b8e61aa4cc84f778a572b7
train,scene-1090,6d8cb5391245464c9de1c412819df210,singapore-hollandvillage,24,99c6b1080535f57fc18910396aa2cc44466665f83240d8b31cf1af337f5f9499
train,scene-1091,24d0c3ea8a2049468201c055667d6bc3,singapore-hollandvillage,25,3a117f3946c12d1b0150491b4780dd37ac1a1f6baa596e040716e87e722bc893
train,scene-1092,d2db9f5df62c4d338d3bed43f616b954,singapore-hollandvillage,25,330d245d57895c30a46ab174a48a345fd08d058f36dd98bd39f29b355101c30d
train,scene-1093,1be49200788d4e38ae4496b27b233ccb,singapore-hollandvillage,25,ac6997855f8b0f61a1b272eee034cf2befb5b912ed816b1d6545cea02a99dcb5
train,scene-1094,de7d80a1f5fb4c3e82ce8a4f213b450a,singapore-hollandvillage,24,c3a0f24d027fe9e86976331b6a140e2b55fa6b0d78c4c2b2df31bcd56769f3b1
train,scene-1095,a2b64d02c5fa4b9bab671a97561b6b33,singapore-hollandvillage,24,e17ab8d217131e556792d37ef8c3439a5af60f12f446253095eb7187a982fdf4
train,scene-1096,9771da5dd7bb4657be34365619e39dab,singapore-hollandvillage,25,1560f809316975c73b4053f6c4db6d34e7ec0e4c046aaddd97999246cf09e99a
train,scene-1097,3ace9decdd1f4ea0915b9862c95ca128,singapore-hollandvillage,24,57138c7ed38639bd1b0619f5cc735bbbdb8c8a71ee9bb0a5963b985824b53c09
train,scene-1098,cdeb0e85e43e481a87b2251351e10c2f,singapore-hollandvillage,24,1cfd196ff90cb49cdc852886c8cbd9e47ade1b696286a98f42a816213349cb3a
train,scene-1099,b57e1a48e584451f8f966ab083c8d07d,singapore-hollandvillage,24,428e375c8440ea8e5c80c0010d684b335a0225616c97ce276fe9812bbaf36fac
train,scene-1100,e233467e827140efa4b42d2b4c435855,singapore-hollandvillage,24,c7a14e1d6a133dafaa96263ae23fecdaf3bc52bc7558051c4a6536a1eb232613
train,scene-1101,cfa36eca40364e5bb15f550a077a21c5,singapore-hollandvillage,24,74ed904cd6bbd3fcddfdc1376ca63b04cafecc04002331ae65fe4dd3b3564766
train,scene-1102,04e5f089805540a5a9e73c1b7c54ee8c,singapore-hollandvillage,24,082a80037ccb547b08482791d5d68c13bdce491e608c0b44d2f386eb63940299
train,scene-1104,e3b6fe9201c64334be311d4249a0c80e,singapore-hollandvillage,25,56ac1b4945a2d0dc15d2e5f23e7540c4b0b4f16d4a352551eb25ee523dffba94
train,scene-1105,692fe09aecae4b1a94f8a3bceedd9b7c,singapore-hollandvillage,24,54d8f1281f438fc171445fa73b7c639a8c0cca7a0f7b5b8311f718a761ede094
train,scene-1106,e5514b8f435e475cac4eba74b44773b5,singapore-hollandvillage,24,f415a177c31ba57fc7c1e8dbb8ed366bea754124b862c8533e5975d154d19306
train,scene-1107,89f20737ec344aa48b543a9e005a38ca,singapore-hollandvillage,25,d6bc741c4968ddc6a25263aa52495d1d7cc4ff4b7bb666b2d21ff81f03244715
train,scene-1108,d3c39710e9da42f48b605824ce2a1927,singapore-hollandvillage,24,e6c6e2df2948aa864d90538e67b1ec64a7a16c5266bcd601404662ee0396a63a
train,scene-1109,7ed1b613f0ee47ceaf6d19ca3947f825,singapore-hollandvillage,23,7e2775a74f9f8e1decd01ea756587bf03c2f316781f584437793f597ec6d4f7b
train,scene-1110,57146b2ebf10432f84b15a3038fe1755,singapore-hollandvillage,24,feb742c60ed0ecd2bea871ae9aab2e68deb75c093780a345ba036f3342f57ae2
val,scene-0003,e7ef871f77f44331aefdebc24ec034b7,singapore-onenorth,24,81000f754f42d148328acd1a240e78847d188642368e009a2448a79954a366ac
val,scene-0012,265f002f02d447ad9074813292eef75e,singapore-onenorth,24,95192f81c5109aae3542e09718721f802957b0c41c7536b652fb4d0a94218fef
val,scene-0013,41fde20fedcd4d22ab26811688612870,singapore-onenorth,24,3ad6b3b4c31cd0fdb3d9e0893b46f3ebb6862f73626c74f0b2e58ea0de0afa65
val,scene-0014,d1e57234fd6a463d963670938f9f556e,singapore-onenorth,24,5de9725eaf7565e186ac9626a875a7bb44be58420201d082356004d419edd423
val,scene-0015,813213458a214a39a1d1fc77fa52fa34,singapore-onenorth,24,43a5f28c69b1f04364b889d07079d4840f6bd2139422a3220963451baa7241c4
val,scene-0016,efa5c96f05594f41a2498eb9f2e7ad99,singapore-onenorth,24,f53cac4d218834f2b05be360f65a774a4bbcff5f9b30203eab0d9f57ee36ebd8
val,scene-0017,3dd9ad3f963e4f588d75c112cbf07f56,singapore-onenorth,24,9e0c01a9896bce93cdebf9732635e0b5de94dabbd0868f27ca6676c4751a1ea7
val,scene-0018,b51869782c0e464b8021eb798609f35f,singapore-onenorth,24,ae04f96c1c45562f85e87140df938906ab4c140af02a550000fbbe6dbbfca4a1
val,scene-0035,3dd2be428534403ba150a0b60abc6a0a,singapore-onenorth,24,7d315ac13e4d585cc9373a1d96ac4539aa12e646433d365b97041522b6260aee
val,scene-0036,5a0dd8908a3a459b83ec5eb6ac7d0f82,singapore-onenorth,24,061af7b9bee3071993fba558532f1b11349bd91e6e1f195520807038d3765875
val,scene-0038,2f56eb47c64f43df8902d9f88aa8a019,singapore-onenorth,24,a3ecd53bb7d80d9e46e9dcb7631a43dcad5ff0e40775aa6ec94c3e8f26cbd8f3
val,scene-0039,8edbc31083ab4fb187626e5b3c0411f7,singapore-onenorth,24,3e6fc694c4391e78c9aa49e26ccfdaf976c0ce1570944988c240b1f8a442c66d
val,scene-0092,7365495b74464629813b41eacdb711af,boston-seaport,24,384cf47918a7e52384ceae25e45e0f1232d150ee1be56c02b7e21e09841f68a4
val,scene-0093,cba3ddd5c3664a43b6a08e586e094900,boston-seaport,23,a6180eed61be70c731f6e558fa73fbe4f1a03d58d57e6ff1f5fbc0a266a4ff24
val,scene-0094,91c071bcc1ad4fa1b555399e1cfbab79,boston-seaport,24,6829c25dfa1b98cfcdededc0102dcbfd0abe3423282fe7cf5a736c7d8929a82e
val,scene-0095,b4b82c4d338a4b6d86835388ce076345,boston-seaport,23,675a9da12e699c7f8fdcef9e5fa5b1d77e03a1f3fa329cb0647e06f6dc93795e
val,scene-0096,68e79a88244f447f993a72da444b29ba,boston-seaport,23,45e7c5ff9a4c7f62953f35c578032ca3903b158904477d1194ea860e82a101fa
val,scene-0097,2eb4d7f00e584a548aa0b899638bfb0a,boston-seaport,23,d6d6043584daf813255d376fe6d3cfb37eacee00ee7ff55a7c51882a37aa8deb
val,scene-0098,c65c4acf86954f8cbd53a3541a3bfa3a,boston-seaport,23,9fca5a8a5bfa69fa92321e8d11fc2c6520aa751a10f45798b4a030bc8bcb7dd1
val,scene-0099,5af9c7f124d84e7e9ac729fafa40ea01,boston-seaport,23,c02f9eb8057169b9ee71309debb74c7c48bdb4035e159a560b2a19d2ec8cbe38
val,scene-0100,afd73f70ff7d46d6b772d341c08e31a5,boston-seaport,24,1b6ed71c1c199901f0a892b06f9b42dba84528b623f804feef7b19cc75c55914
val,scene-0101,01452fbfbf4543af8acdfd3e8a1ee806,boston-seaport,24,1d01fdcb6ebd9dd530e5c8df6a7e572541f8caa7067b93389ff06988456b9b54
val,scene-0102,ddb615d9bb22484cabc6545b632a1025,boston-seaport,24,298677ef6b20672011e2ccfd200c9d9e4d4fb30b59ed32408e5722808b1fbec9
val,scene-0103,fcbccedd61424f1b85dcbf8f897f9754,boston-seaport,24,53e221a28a7f2cb548943be4edc6f632d8985eb08e8a89c015e041b405ed02a9
val,scene-0104,c525507ee2ef4c6d8bb64b0e0cf0dd32,boston-seaport,23,287379a0deff2b8a22bdf7c10f9ac2faedfc36bbba9a601e2ee3657630edfab8
val,scene-0105,2ed0fcbfc214478ca3b3ce013e7723ba,boston-seaport,23,b71dd134f4429eef238eb46b835c55044f52ff3c0075188fdaa75b120eed64ae
val,scene-0106,bed67ef03c4a4066a74f6c0117d512ee,boston-seaport,24,22ceecc48f27d9ec9e2416c82108a0e04540de178c4f7653c533e39e2881bfa7
val,scene-0107,3b2ee26cb8484f77895bc336663df502,boston-seaport,24,6491231c2785c92867cfd40a8d974c4db571a66f76e9cd2701590ed18aa74cd7
val,scene-0108,a178a1b5415f45c08d179bd2cacdf284,boston-seaport,23,53988a240e6e2f10a51fbe50dad80236dab94b0a81b96c6a6dbf742c90c54295
val,scene-0109,fb73d1a6c16147ee9416faf6b310fadb,boston-seaport,24,261195c41794de0e1b3485dae20bbe3213fe6080790920f4b9a745eabc8f0566
val,scene-0110,d87ec0461e3f4c4ea29b0f0c0ede5167,boston-seaport,24,99fdc739bb2e67e19fd1b569d22f0dab67bbfee415c862d90bcb14831d404800
val,scene-0221,acc29386502047339e1ec6b9c7e512d2,singapore-onenorth,23,47052dd44cd656a97eb8a61dfa7ad83d5ea7d772501a7fd6f446c7480958a9fb
val,scene-0268,c3ab8ee2c1a54068a72d7eb4cf22e43d,singapore-onenorth,23,9957ab69301a14a16f629aa111b53d8f71c2d957a33859f6db1281722ccfd718
val,scene-0269,9f1f69646d644e35be4fe0122a8b91ef,singapore-onenorth,24,cb095de4b6748239eaef1c91203a106221c1e551aa18d5374c1f7e6aa12525e0
val,scene-0270,2ca15f59d656489a8b1a0be4d9bead4e,singapore-onenorth,24,e0c18e91a9a17fd59d7932843266ae4e66c274ab8a4d9a75973ae740d12de30d
val,scene-0271,8180a1dbbba3479bb0c7f4ff6e9a3f0e,singapore-onenorth,23,f1ea1e3ece66f46c97dba4474b4f41784557b1b70545aa8da04dcaf6e864a17f
val,scene-0272,080a52cb8f59489b9cddc7b721808088,singapore-onenorth,23,029e10095201fc278add7e13efcafc8d37d81d520a4a17d6e8254dcdddd09329
val,scene-0273,1aa633b683174280b243e0a9a7ad9171,singapore-onenorth,23,b676261220c1baf1f4f0c6822269b152f474926a6961a5375a9c1b19cbae4e77
val,scene-0274,9709626638f5406f9f773348150d02fd,singapore-onenorth,24,93e00134061388c45a3d0f5fb726aef35d782b7679dd5782d5ccd50d9521a40a
val,scene-0275,8377abf77f464a9cb62eacf63f383422,singapore-onenorth,24,f8c332c7973fb6a3ca129418e45dda75ced44592fe5215a1413b0fdf0d6c09eb
val,scene-0276,201b7c65a61f4bc1a2333ea90ba9a932,singapore-onenorth,24,1e10c8b22a3c13bd0abdf56a448996724de1a04ea859033003a3402ae241a91e
val,scene-0277,848ac962547c4508b8f3b0fcc8d53270,singapore-onenorth,24,2a10758abcca4db323d7377ecd5f819b2db6c02a5b6906d162a2728095892ba4
val,scene-0278,91f797db8fb34ae5b32ba85eecae47c9,singapore-onenorth,24,cdf9a9a4650cf7a7aa77f95ebeaa09a378e789518dfc57a0c6c9dba201712abc
val,scene-0329,5eaff323af5b4df4b864dbd433aeb75c,boston-seaport,23,9a5a6e4dc1cf6b6daff324b9e07b06dd2af8b2bc08cce933324bfac42a1fe6a0
val,scene-0330,3927699fa562451a98bb13bf8405361d,boston-seaport,23,fa1f2f5ab3b55e3cb3ae21aeecf75f03856eb2b519de9b7420f29ea185318ae0
val,scene-0331,9d1307e95c524ca4a51e03087bd57c29,boston-seaport,23,1183ac073d31dd6e03225eb967f4980cda5216584a4d1a72ff46b4b7c30e0926
val,scene-0332,93608f0d57794ba6b014314c488e2b4a,boston-seaport,24,c8d52c0e6ccebe9645e5924d8cf383c2fe5a516cd3fa7a80d81d2bff3d9862d7
val,scene-0344,6d872d1448814fd189e631b1187c3771,singapore-onenorth,24,2680ddc7351e91449287b3e7f3dbb7d725d84d9ebd76c8c33e0850158ef0dcab
val,scene-0345,fcc020250f884397965ba00c1d9ad9e6,singapore-onenorth,23,a3b4a95bda212e4fb17093227264d255c3373d26d13b2eaa2f04339b9ef1ebc7
val,scene-0346,a499ee875da34e2b9655afb999edb8a9,singapore-onenorth,24,1132b34c397a88b9b7f4175d144492201746d374cda3ee9d15bc991f01eea76f
val,scene-0519,b07358651c604e2d83da7c4d4755de73,boston-seaport,25,319a9f19b292ae68646cc0caa3e59ca024a031d589e675dda62af3f4cede1cd9
val,scene-0520,26a6b03c8e2f4e6692f174a7074e54ff,boston-seaport,25,efe9d3d38fa513dcdc6295c8ba583d6fbbbce79a64eabe120baeadf9d5fdfb01
val,scene-0521,4962cb207a824e57bd10a2af49354b16,boston-seaport,24,913fd9b2b60e08bca6dcd0568e04282b732a64b586cf83aba59bde97b514141e
val,scene-0522,2abb3f3517c64446a5768df5665da49d,boston-seaport,24,834c2a76dc071063a62916a22c21ec8c3a20c50907c89dbea26e346617c9f012
val,scene-0523,d7bacba9119840f78f3c804134ceece0,boston-seaport,24,b986ed45f4f0ba8723255de6e18846e5b49e7c41456f728a8b7d97e317d8cecf
val,scene-0524,6a24a80e2ea3493c81f5fdb9fe78c28a,boston-seaport,25,a52719072b751b872b697ab0d1c5e6d4e590d44dd03c1bf26d5ed6ab067902bb
val,scene-0552,16e50a63b809463099cb4c378fe0641e,boston-seaport,25,d4b1679b54283aae25278dd0f631028fc45c87d030c40da6c312e5fa3d00712f
val,scene-0553,6f83169d067343658251f72e1dd17dbc,boston-seaport,25,692e2dafb0bba7d88b828982ceb8932069a40bb520c05efa1cc68354310c5a65
val,scene-0554,f2541977a00a448db9b46a32187d9059,boston-seaport,25,b7172310607cc8b04ec30f5722bfaaba7a61178ce7388f53422a666f856fc699
val,scene-0555,3363f396bb43405fbdd17d65dc123d4e,boston-seaport,24,84cc480cdb6540a02696a3dd5b3fcee087a533248210698abf22ee6e5a187f1b
val,scene-0556,b94fbf78579f4ff5ab5dbd897d5e3199,boston-seaport,24,cacb20a6296fb9cd2e3d53c9fe0419f3afe35c6ccb2df0fd03161016114ecc43
val,scene-0557,3f90afe9f7dc49399347ae1626502aed,boston-seaport,24,c4ff2063a4b528d57bcb33b316a3ca677481c8d45754c4905466a8f19d221dcf
val,scene-0558,952cb0bcd89b4ca4b904cdcbbf595523,boston-seaport,25,1181294f149585be397da884547228690e90a59fb004cb13e43a6983dd162b0e
val,scene-0559,0e7ede02718341558414865d5c604745,boston-seaport,25,c4a0bfcbb6103b57d6d654bd5c6753de6e2911651225ec7d6c40c70b256e75a4
val,scene-0560,44c9089913db4d4ab839a2fcb35989ed,boston-seaport,24,b46e161c62e027dac609695af6e64c16768cf37c8396acda2700d1a930668888
val,scene-0561,ed242d80ccb34b139aaf9ab89859332e,boston-seaport,24,68a1583482e1343edefc8c3eb1210bbc167b00f2434917dbc396f527dacac740
val,scene-0562,30a1a4ccd60047b4a22ee3bf0645f3ad,boston-seaport,24,d1a01258084fc4524f5897c04f88d1a0c9e61bb3b35b7cbfcd972d1d3059c4f6
val,scene-0563,8e3364691ee94c698458e0913a29af78,boston-seaport,24,28343d505e3f8390a236bf5f8884ee16bded1f2a20bbb79b4b3a9db335d0d98b
val,scene-0564,84e056bd8e994362a37cba45c0f75558,boston-seaport,24,fa3e692ae14542fd8d58f7fdc9afe649e5928c92139ea58edc897baed79ddfd4
val,scene-0565,54f56f80350b4c07af598ee87cf3886a,boston-seaport,24,00b7147d2a74d09c7f38cc9e2940e94f19412818fefd82f4060524978484a15b
val,scene-0625,0ac05652a4c44374998be876ba5cd6fd,boston-seaport,24,e37feebfc87b1b75e4ab54dcc75d186679f5ffd3dae1a56f1e36936e1f39d1b4
val,scene-0626,3ada261efee347cba2e7557794f1aec8,boston-seaport,24,d1da743e6c4b3ab6b363a767f5e31541da10c680ce5a62cacf1cf26406a37ccf
val,scene-0627,5301151d8b6a42b0b252e95634bd3995,boston-seaport,25,67be8475d72b7a9007f70d58d49fbe159ffa556a8f815ddd08bc1943efd765ce
val,scene-0629,991d65cab952449a821deb32e971ff19,boston-seaport,24,26569b4770bc664bec54aa1b3f3c77a395d024e69989fad1d040a4447298ba69
val,scene-0630,9068766ee9374872a380fe75fcfb299e,boston-seaport,25,60a7aee261588c965b793f7f6deb0c630ff6f961c371a870c41f9897896d033f
val,scene-0632,b789de07180846cc972118ee6d1fb027,boston-seaport,24,20df8a728fe7fa903499147318a7587882101f081c3185603152a0d0f7f76f23
val,scene-0633,9088db17416043e5880a53178bfa461c,boston-seaport,24,dded457c218cebb00f15a195dbc145d047ada2a93bbe2d8223cd450cfc0c4c0c
val,scene-0634,7210f928860043b5a7e0d3dd4b3e80ff,boston-seaport,24,6ed5ac3c34ab592b049e4ae2c5e1cd1840e81bb8a013e18bba2909d9423232fb
val,scene-0635,7bd098ac88cb4221addd19202a7ea5de,boston-seaport,24,d04fd488f593755303b5a55b5846765522c00a6789ed30c41e824946a336aa2a
val,scene-0636,19d97841d6f64eba9f6eb9b6e8c257dc,boston-seaport,24,a0a50d8fdd46d77fd731561e4deba7c5933b0bcad5b91344c7e829707c3b866e
val,scene-0637,3045ed93c2534ec2a5cabea89b186bd9,boston-seaport,24,9f3c158fa238460470b9656a9df16066442c81d3d80411ceeba14010bae39c3b
val,scene-0638,f5b29a1e09d04355adcd60ab72de006b,boston-seaport,25,98850f4512745d5fa4ebd8930b4f42dad204977182c39acb1489bb862fca7212
val,scene-0770,aedcd3cf7c4a49d7a4a43ab7443a9eb1,boston-seaport,24,b7e7f53dfcbb8ba4a9a006bacf2b390702f19f2a5dee9c19951ac4052a04ce24
val,scene-0771,21a7ba093614493b83838b9656b3558d,boston-seaport,25,eafa89b7f7fdf4c0e9297d8b7b07de85a1ec9b383b6061627753082a3886e826
val,scene-0775,96e5f1f0944946f391b4ef33ad623008,boston-seaport,25,9177e542318f3bf67679adef47f11b21ca8838b79a5b77d272e2fec2f56e8383
val,scene-0777,4bb9626f13184da7a67ba1b241c19558,boston-seaport,24,5073458f0f59e3f444ddf5c4669715da11de126d7d619c5315c48cae4d65486e
val,scene-0778,ca6e45c25d954dc4af6e12dd7b23454d,boston-seaport,24,10982a5ed67cab5714fa751acd9cea9b8279876606ec88f05efbdab9cd2a7358
val,scene-0780,656bb27689dc4e9b8e4559e3f6a7e534,boston-seaport,25,312aa783416287f1d97baf4f3d8087aa3bd211949ce78150f4aff3455f4c4f31
val,scene-0781,57dc3221a3d845b5ab17ff0f98ce336f,boston-seaport,24,14ab8ae29dd1379c1da2849b0c64e99fa13158373f5b1bc4221729b15e371811
val,scene-0782,7061c08f7eec4495979a0cf68ab6bb79,boston-seaport,25,9b93390cf9a29291db486c017c444a803754f0ab40a363ff887b89ff399b94c1
val,scene-0783,40209c4e465d4b4e8341ebd52be0d842,boston-seaport,25,6df1247023aab1ae5fb0f63425d2812548f8f2b574984d139b7782e5e97262a9
val,scene-0784,50ff554b3ecb4d208849d042b7643715,boston-seaport,25,a7d6685ba6856b77521a468d7bbdb1e525a238eceb5e80b2f4abe6337a752c07
val,scene-0794,905cfed4f0fc46679e8df8890cca4141,singapore-queenstown,24,0e5a6d6e1c0c9b3d71c8a25a19a0dfec8053727931efe97a84dae6846ddcb943
val,scene-0795,36f27b26ef4c423c9b79ac984dc33bae,singapore-queenstown,24,a963412a61404d53e4796c06d8fd7373e42d78b3216059793b478e0fb982489e
val,scene-0796,c5224b9b454b4ded9b5d2d2634bbda8a,singapore-queenstown,24,c80e55f91c79edc46a39a207a0bcd090e55c526ddfe32bda1d72e671e0c047bc
val,scene-0797,f24b4682fbb9482aba149534deed1cc9,singapore-queenstown,24,f1b2ef6b9545d00c52c0c996ef3762c276f2f917cffaae1e6e7944db3eb71511
val,scene-0798,380ff00ec86447e3b986edc8e82ffba7,singapore-queenstown,24,eae85db446cef2d49f318e4a24394fc597fa25f413b541bc2d844b597fb7e585
val,scene-0799,ec7b7459461e4da1a236ba23e22377c9,singapore-queenstown,24,bb2186afc96f8d9b1a0c627b4f7e5ea37b02d35e98679b78bf7a56158559409d
val,scene-0800,07aed9dae37340a997535ad99138e243,singapore-queenstown,24,76d09d7e786cbd47ca78c838daad818bb4788a80475b7eacc66cf470fa588d2e
val,scene-0802,6741d407b1b44511853e5ec7aaee2992,singapore-queenstown,25,9e4ea8b4f16cadf21795d1d61ba9482574311db7476886823ce9afaa9c83e07a
val,scene-0904,c164a8e8e8b8489f964f711f472789be,boston-seaport,25,d495d633d26ab5fe8a00e3a75a96a33cedec46e8bee4b7e4e8c75d9570786a72
val,scene-0905,d3b86ca0a17840109e9e049b3dd40037,boston-seaport,24,6432b94f714a96e2718866bfbb5e0a4f1edccc771fcecaae78b3568b8773b5f9
val,scene-0906,dce6f3f2bf6b4859abcf3268581969d3,boston-seaport,25,983897c9624c3c5c3747f9656933355fab2283aa6c145fa1c7a539859be25b84
val,scene-0907,01e4fcbe6e49483293ce45727152b36e,boston-seaport,24,2f92e03f99934bbc8576e57a82ee5d6b8f3b8e2599ed2d7f87a137541c6e892c
val,scene-0908,d01e7279da2649ef896dc42f6b9ee7ab,boston-seaport,25,7bffe434b98bf63ecbf72b821f663199a84c1c95342dc02b08ae126993a1718b
val,scene-0909,7e8ff24069ff4023ac699669b2c920de,boston-seaport,24,f84dff2d03c8a63227a84ce2e69e31c36d23b403c0a23e47f9607397c70f85e8
val,scene-0910,a7d073bc435b4356a0a9a5ebfb61f229,boston-seaport,24,d2ce99ae90a813dd4383eb381084f5829b26f9e6eb96fedbc6fad30199129225
val,scene-0911,85651af9c04945c3a394cf845cb480a6,boston-seaport,24,591181bbf0d519cad4ba2c18067fa11e2a4ca780d1b5feecb373287f4ad935c8
val,scene-0912,197a7e4d3de84e57af17b3d65fcb3893,boston-seaport,24,d50709fbd53ba659d0fbb15404a6bdf90edd7ef419fe8e1d2dfd2ca10fd8224d
val,scene-0913,55b3a17359014f398b6bbd90e94a8e1b,boston-seaport,24,18871d098311813464c94003143318703f0711bd25467a6a61515bcfe6e6da08
val,scene-0914,a2b005c4dd654af48194ada18662c8ca,boston-seaport,25,1a78b5aa121848f9b8f50749eec958a7a9753a44705cfe8138c6a2eb2b083a7d
val,scene-0915,3a2d9bf6115f40898005d1c1df2b7282,boston-seaport,25,7e57d4474a962a85688c21d996b31af9b46723f75ffd7a6ad1ca2797627400ce
val,scene-0916,325cef682f064c55a255f2625c533b75,singapore-queenstown,25,e611222f0ab2893614b29ba813ed980209cfbf07b57ce4fdfed290538b3e22ae
val,scene-0917,223096a415cc45bf8ecd4c3a42251fd7,singapore-queenstown,25,dc47bae3ba6d6a05a62401a22ba5a8b4986cf8b1a1f9ce4c796a4a2fcdf053a9
val,scene-0919,76ceedbcc6a54b158eba9945a160a7bc,singapore-queenstown,25,f566c3ccaadcf1b1df3a6a74c576b01ac6cec52ea3f7e91a081dd5b459a15c0e
val,scene-0920,955ff42a1990442d868cdfc0c01583d4,singapore-queenstown,25,1150ca41a7698a6cc35a013c12ba6407df42eb4e7fe5d4cfe0834101d04f51b9
val,scene-0921,112ca771e318478a88cfa692f61ffcac,singapore-queenstown,25,674e05a1f2db9b276666d85d73ce4fb6679fd088f2d16c4862fdff4e8ccb13b6
val,scene-0922,04219bfdc9004ba2af16d3079ecc4353,singapore-queenstown,25,edf075c9ee826c354f64a18e3cadc0682ebc9721eb53ad009ef02c485d3a2509
val,scene-0923,ee48ee50025e40b4ae27dbdf84d92825,singapore-queenstown,24,7fb8485fd18fdf94e6e0f58c631e52d9d5c5ec3aca570552f5ebeb3ae5f15091
val,scene-0924,32185f91e68f4069ab3cdd2f4f1a4ff1,singapore-queenstown,24,410909a3ec21575d59c5f7372f3fee30d7b14324c2063598ffdec50966078acd
val,scene-0925,696a45dbd11346b794fdce43fa0a1770,singapore-queenstown,24,f74ad2a54442810d7843b17e20fe53f8d30f57790c0a8dc606b4bafcfd691d16
val,scene-0926,c4df079d260241ff8015218e29b42ea7,singapore-queenstown,25,2d306023467577b55a5ac7daa3561048643df4ddfb64fbb5b67ebc29561af1a2
val,scene-0927,5521cd85ed0e441f8d23938ed09099dd,singapore-queenstown,24,c2021c5ae37800a96854f2e7bb2e2be37417e7635a73ff4d29a5629e99fde41c
val,scene-0928,e036014a715945aa965f4ec24e8639c9,singapore-queenstown,24,a6ccda3b7fc8e05189934cc209ac1a51f45e91b03217d03d505bd77d52f53042
val,scene-0929,cb3e964697d448b3bc04a9bc06c9e131,singapore-queenstown,24,9fc38b39aecf5fcede184244f6225b52a53d876585136d6a696a1b0dca1c7d80
val,scene-0930,a04daf2d0f194b2ab2ff2a47dfebc1d7,singapore-queenstown,24,e08790fcd978ef578127e44760c2bc48a91b2c5ec6e6e9d2a4bcfc26693ab96b
val,scene-0931,e60ef590e3614187b7800db3e5284e1a,singapore-queenstown,24,2066e85812aa39c9ae5b75c9f8b41f34fb1ef946cb8a126bc09175b704045e96
val,scene-0962,2086743226764f268fe8d4b0b7c19590,singapore-onenorth,25,7d1eb6fde8bbcfe5171b347590d4a6ecc4ff598423449da2dc398fe8d552fc2f
val,scene-0963,4efbf4c0b77f467385fc2e19da45c989,singapore-onenorth,24,45cd7a5a4fece8d5eb0449fa7cfabed644b72cd6e2b649aa6584691f15f71f39
val,scene-0966,c92fdd793fbb4401b12782a9b8d4a499,singapore-onenorth,25,56ab4a902dcc42729ae7af3a9c00adeaa374f4a43ec21d2864d7db290a7bad10
val,scene-0967,6776b91389394ff18e57b269863b4dbf,singapore-onenorth,25,ddc374c61850e9ea11655efee3c84a8773f5bdd0ca5ef9eebd87c2a79ade7212
val,scene-0968,931c5c57011944459bba3825ab8777a9,singapore-onenorth,25,2e43c26c9852cd3788226500d09fbc3e0986de393158b3639623ce5b84ccae25
val,scene-0969,aacd6706a091407fb1b0e5343d27da7e,singapore-onenorth,24,c5986108c3ee3928f826b574ce7d26ca22cbcf75cd2ced55ca7dcaa9da270b2e
val,scene-0971,64bfc5edd71147858ce7446892d7f864,singapore-onenorth,24,5029cfd4d990beb2836a33ff12302c84d125d9637d6886a643eb7f1fdd8a2632
val,scene-0972,e005041f659c47e194cd5b18ea6fc346,singapore-onenorth,25,c18d1a16ac6a62d80802bf9c80a74c9743b35ca4503d3b7b70a8fd636c68b2f9
val,scene-1059,034dee1695304630b0692da8c1f153fc,singapore-hollandvillage,24,3357419e993d572b175291dee84283564e43ce0462f5b9d85b499340dbe06c10
val,scene-1060,7052d21b95fc4bae8761b8d9524f3e42,singapore-hollandvillage,24,148e111bded37510e0a0d06e3a6ff39af2b3731c9b744242119c75e09011a2af
val,scene-1061,e8099a6136804f3bb9b38ff94d98eb64,singapore-hollandvillage,25,7c18bec87d55562d8470de7833a3ef9a972a7e38244ba6143b370df352ee13f8
val,scene-1062,e6f1a7e6218a4737bfedc6af90926b3e,singapore-hollandvillage,24,34bd8b24e033165d7e345b1843af18c3457de3e8923b54555dc8fac7d1e8a480
val,scene-1063,6af9b75e439e4811ad3b04dc2220657a,singapore-hollandvillage,24,49115003017a3db135a8edaf587340381901d0a3df9d7bb13182531385719720
val,scene-1064,f97bf749746c4c3a8ad9f1c11eab6444,singapore-hollandvillage,24,503ebab4fe7531b0cba84f65ada8c981c8a8612cb56bc6e1004d19b146fa63c6
val,scene-1065,bd338b912ce9434995b29b6dac9fbf1d,singapore-hollandvillage,24,ba42f36771958e4a6e191a376e5409d3b194976201ef5abc0b8269a6acf8b520
val,scene-1066,afbc2583cc324938b2e8931d42c83e6b,singapore-hollandvillage,24,42d9cb57366a858cf2d2e364e4633b05dfde26d4ba909cc191202095030f6461
val,scene-1067,16be583c31a2403caa6c158bb55ae616,singapore-hollandvillage,24,d1924e0f18e0efab980debd348e24157bd798a0182a065a3d98e3bacb4fa3633
val,scene-1068,e8834785d9ff4783a5950281a4579943,singapore-hollandvillage,24,892c5f6a20d22bb6adeda9ca70820e48e097ace47fea483c12953a018e4f6a20
val,scene-1069,d29527ec841045d18d04a933e7a0afd2,singapore-hollandvillage,24,6aebbac918fd33fc8318f059acdd64aadc81f72ffcaa5b587391ebeb8ff7568b
val,scene-1070,85889db3628342a482c5c0255e5347e9,singapore-hollandvillage,25,986b11ec922c1dfffe309f79c7f4f9df4b4e6b383047a4d86994dd10865e08ef
val,scene-1071,0dae482684ce4cd69a7258f55bc98d73,singapore-hollandvillage,24,5073503d5c6f016544f37b9a8533e8cba469bca56b6eff3c05677f3c89b364ea
val,scene-1072,82cabcf15a1a48aca6bbf082f8710e39,singapore-hollandvillage,24,6e07095f6bbf606e843f4e73d702640a83ef662bff3221bfb101417c69a74727
val,scene-1073,6498fce2f38645fc9bf9d4464b159230,singapore-hollandvillage,24,c564cc09c219d7e7a1b28c0bf4ca8e822a6d7d11ab47b888eddaab129d80e282
