location,stop_line_token,stop_line_type,associated_lane_count,associated_lane_tokens
boston-seaport,0048cba6-0f9b-4b47-bdf0-521e78d5d8a3,STOP_SIGN,1,bd0f0d2b-2e99-48f3-a3de-279a12067be6
boston-seaport,00a2cefd-db17-4425-af2f-578e13efafc0,TURN_STOP,3,c2a05d3d-cfa3-4be7-bdf1-121bf6d15318|0e85fce6-abdf-490c-b1ef-2899ed79aa22|0812c29f-f496-425c-9746-9bd1ac7054d4
boston-seaport,011ac901-fe14-41fa-9c7a-5713c53efee2,TURN_STOP,2,bed49b68-67df-46b7-928d-b1c5b3433780|2ca69514-ead3-4452-9d23-e83dffe30d15
boston-seaport,0180563c-281a-400c-b38b-f5ab3a37c6b7,TURN_STOP,2,b7f1ec28-3e2c-4a22-8df5-33045937dfb1|f7576e70-daf5-4c6b-a218-0581349ff857
boston-seaport,01b14b38-26b9-470a-b4aa-f846932ddcd9,TRAFFIC_LIGHT,2,7a0a3874-5146-4db2-8f28-050b1d6dc058|dbe0ab4a-9999-45be-952a-b7fa0912f85a
boston-seaport,01f8154a-ac1e-401e-b0f3-d16dce1343c7,TURN_STOP,1,f47c49ae-58b8-4966-86c5-743f2f101a66
boston-seaport,02489dbd-d008-4faf-8f13-7ab2807bfba5,PED_CROSSING,2,00f1d122-b4e4-4015-a594-72b7e2dbf624|6edeaade-542e-493b-8cdb-c139fd88265b
boston-seaport,025a1699-f295-4d9f-ac35-16c74e5912e0,TURN_STOP,1,079e7bd2-aa07-4769-9c9b-6c195bfa653c
boston-seaport,02618fe6-5e2b-4caa-83dc-a85869cb5b8c,TURN_STOP,2,27d9c175-ebba-45e5-9fcf-33efebba3946|bd513482-210f-4cae-bb76-7922eccc66e8
boston-seaport,02c1979e-c101-46b7-a91f-208e563869b5,TURN_STOP,2,821a63ca-23f8-4c68-b5d7-f944ab6db407|883a6f83-e483-43c4-ae02-7f7c1114090e
boston-seaport,02ddd8c3-29ef-4ffd-8584-1824233c3798,TRAFFIC_LIGHT,6,e5ca641b-75b6-4678-a38d-4c901a4b1c7c|e621171b-f633-458b-be03-cb1e223b9ca7|1e985c7e-276c-4adb-93fc-d5f34e16cf65|c759c43f-69fc-4d25-8e30-4cbd96966420|59ad46ac-8524-4754-8c00-1de07374a542|5cbcaf1f-58af-439e-82b0-f1e3140333ea
boston-seaport,040a0a88-2e42-42e9-a033-9d353b33c804,STOP_SIGN,4,c1859731-6622-4654-847c-3d3229d22cb1|b28ea0f9-0d5b-4bf0-a193-148b152c2d92|7bb9ca3c-c388-45be-b5cd-c2baee1e382d|e2a36b42-d22a-4a14-a946-182ed7258507
boston-seaport,04cd8ab4-15e8-43d0-81ee-f0530d366974,STOP_SIGN,3,82146b56-010d-479f-80f5-88684319ca6a|6843ffe2-dad8-4e65-9874-25bbb48a0edd|7bd19b34-dab2-48be-8caa-ab8ad8148ecd
boston-seaport,06529f0b-cbc7-49a2-a36e-7316462a6077,PED_CROSSING,1,39f97fe5-61c1-4ca0-be21-9b0626359882
boston-seaport,0658f69b-39fc-4841-b0eb-5be4d25159d4,TRAFFIC_LIGHT,5,e37338d9-073c-4135-94f7-75460028de90|04314df9-86fd-4d02-8c5f-2a7af9c99872|96d4d9f4-d47c-4af1-bb47-92017762bb04|8f202c3c-92c5-4df3-aa56-762f530fc142|7e600fbd-4884-41da-a98d-1130df602b01
boston-seaport,068e7eba-f4b6-4301-9970-18a21ee0796f,PED_CROSSING,1,b411d037-9c9f-4222-8faf-defebcd7ec22
boston-seaport,06da1da2-66f2-4a5f-af2c-81bf6daf99ce,PED_CROSSING,3,b873f1f9-77a2-4bbc-b2f8-da533eadeaae|74c6051f-1528-4093-b99c-840fb5923194|f105c321-6127-448c-aad8-4918a6826ac7
boston-seaport,073ddea5-c153-4527-8fe7-17a1f736f6f4,PED_CROSSING,1,3f82c94f-a7da-454e-a1fc-fe5a58ea0fb7
boston-seaport,07547b9c-0afa-4a33-b1ef-f7e36ac9e32a,TURN_STOP,1,b0737084-f87c-4bd2-ae87-6d44c94bfafc
boston-seaport,079ca90a-e7cd-41ed-99fe-3607872aaac4,TURN_STOP,2,d3308b04-db3e-4a7c-aed7-3f646d6037da|b274d4ca-4eb8-42a3-b54e-10393f536eed
boston-seaport,07d1b947-9e0e-4eeb-8a6c-450a00ebe537,TURN_STOP,2,9d15d2ab-c1eb-4636-8506-ef379d477b4d|6204d120-fc12-45c4-9563-702c716eb7c1
boston-seaport,0807b769-3913-42cd-9347-c7eb10fe0d1f,TURN_STOP,3,230b4b6e-52a3-4d81-b428-1bcb19546c1c|6a90d7e3-57b5-41a5-8c9a-fc5efda13f16|30b01cc7-f271-49b2-88f7-475ba4b1fb0d
boston-seaport,0869a61f-f747-430a-a8a7-3dc2bccbdb5c,PED_CROSSING,3,dd009a21-c3d3-4a85-87aa-1d1ecf8e97c7|c2d0767e-3983-4c45-9737-66d5eddf1c61|35813cc2-99f6-4555-901a-d3e44ddacacb
boston-seaport,08b2918c-c022-413d-9f60-eab77481b160,TURN_STOP,2,a1fc0300-cefd-4c5c-8ff3-8ea53e2226cd|79af6a96-f2ba-4483-bb8d-ac15daeb6d2b
boston-seaport,08ff946f-e657-44f0-8329-37ca579c23ab,TURN_STOP,2,5ebd7b94-4291-413f-8e6e-cc705ef40193|6d59fd7e-4d71-4bb9-8156-a891f8ada3ab
boston-seaport,09457e0b-8f2d-4771-a846-d79aab12ec3c,TURN_STOP,2,a7cd320e-1d2d-4084-98c6-9121d6b68d4c|a6c612c0-e638-4c6a-bd48-80346dbfa635
boston-seaport,0953d762-d908-4c96-8827-2278acccb168,TURN_STOP,2,1cd782e3-bf92-4a08-b525-7d9458b3f6df|e2ec817b-8a1c-49fb-a689-463075ebede5
boston-seaport,09aa5f6a-b148-491b-83f5-490ce0dfea3e,PED_CROSSING,3,6b88e441-9298-4ab5-ab96-889948d3cea1|1e6957e0-7ea7-4c62-baf1-811edb1734d2|27549ee9-0c3e-4589-8f27-f67f3f613097
boston-seaport,09de2f45-bae3-451b-9ebc-108b4e2ce8e9,TURN_STOP,3,acbae3c6-6813-4fa7-9d2a-84530c37cf35|705d1d1a-df25-49c8-9f5d-de659c45647b|3a13c5a1-bb4b-4e0f-a8a6-f9ab374415ed
boston-seaport,0a206553-940c-423f-9cdf-81af62eae58d,STOP_SIGN,3,1e4d986f-615e-4926-bed2-b1b9f3b5062f|aba432cc-57dc-4c7c-a1e4-71eb1191bb09|616cc89b-a03c-4a31-a4ce-ce1ca351e23b
boston-seaport,0a22ce66-87a7-47f9-8693-d1dd8d8cb12d,PED_CROSSING,4,ee2ea11d-df6b-49da-ae4a-5939d4b94a17|f997033e-5d5c-4d2c-b7dc-314c83326adb|3e53776e-87fb-48fb-9de4-66abc20223c6|f877aa1a-5644-4511-8951-bf9bafaa2834
boston-seaport,0a45ba22-3800-4414-b969-50e38aae02b4,PED_CROSSING,4,cf2db7d3-90af-4e14-8d30-086d224992f5|56b6b6ca-c6f7-4202-9442-4a58ea0de6bc|dccf7f5d-6415-46d7-b536-27f229c8c9d2|fdaf6b1e-caa5-42f7-ab3e-679dc8abd98b
boston-seaport,0ba18dcb-fb4c-43a8-bd69-5ee21631fdc1,TRAFFIC_LIGHT,4,53f4b277-fabf-4f2d-91a0-0a16108fee68|d1565a81-bc45-4785-b2f1-79be07bae85f|770c8302-c118-406c-badd-7ac8408f6d21|49119619-5809-4597-b4c7-5b597cc4ff9c
boston-seaport,0bc8abac-e769-4fd2-873e-cabb19fd477f,TURN_STOP,1,38ac00b9-6e57-4dde-8be7-a4937182bd50
boston-seaport,0bce4c63-806f-4c49-9cf4-d5339e97325c,PED_CROSSING,1,591f6227-94c4-4813-b0cc-de46f9d50480
boston-seaport,0be4ccbf-9ef3-4b4b-bf42-e3ba9308a0a3,TURN_STOP,1,014d217b-3581-4c4b-b5f1-d9ea7ef6973e
boston-seaport,0be9e1c5-04e0-4d2a-9a05-5e9fdfb9f2cf,TRAFFIC_LIGHT,2,952631a6-f799-49df-b010-fc617da92ef1|9839b42f-fc25-465a-a523-45a12da409b3
boston-seaport,0c0d13db-e7d6-4454-b070-c08ee8bef224,PED_CROSSING,1,cdd65865-b8e0-4fd8-aa22-d114319234c3
boston-seaport,0f88dbba-0a3f-4a8c-aadd-396ffe67c7e1,TURN_STOP,3,a8d76f0c-803c-4228-a5af-a639d5c4916c|03e852e4-04fc-4a3d-bca5-ca647ca83447|1f4b45b4-0bf3-4833-8822-6e529c32d3c1
boston-seaport,0fb7f7df-0fe5-41b1-8270-263ccc01a4e4,TURN_STOP,3,1c52102c-e43a-494d-b792-40ce132113e7|31568a06-b314-4144-a9f6-26bff8506b0e|40de92de-4356-45cd-ab6d-ff8cd8a082db
boston-seaport,0fdf5aa2-1d56-4bfb-990e-cf79dcedf006,TRAFFIC_LIGHT,4,1487e05b-5168-4bae-9879-ff862139c430|1ab04999-9a23-4db4-8e6f-d73cf674e5fb|089d5ffe-5b60-499e-b9b1-2aecb1187913|e15db13c-d2e4-4380-bb59-8ec3294cbc50
boston-seaport,10080fe2-02aa-41b9-b55e-7c62def7ef8d,TURN_STOP,1,89efa971-615e-448e-87d6-17ef1fb92cf0
boston-seaport,1065af8a-246d-4c36-82bb-3077ff755dfd,TURN_STOP,2,b7f1ec28-3e2c-4a22-8df5-33045937dfb1|bb1ca76f-c7b1-4169-a245-feaa5626a1df
boston-seaport,10b65a1e-0a38-4aff-8da7-4b27261808f8,TURN_STOP,4,d1912fde-7fbc-4c56-be4a-a4a621863ab1|bc02fc35-70ac-4a11-9fa6-a27e4d987643|cbf872b6-ab28-43d7-b6b9-03e4336eba87|a2ef18af-1b04-4157-a6f3-15737df42167
boston-seaport,10c52d8f-043a-4e5d-a919-ca2bf83fbaa5,PED_CROSSING,1,2730c4d6-307c-457a-b432-ec27856e7421
boston-seaport,12745588-3acf-4224-ad3d-6ed6f3224a9a,STOP_SIGN,4,76190bac-9333-49bf-8881-f829653aeceb|781da098-0e6e-443f-89a6-3e1a041bfddb|58588e9e-30ae-4f34-8828-6decd5dc2df0|af17cb2a-9fe5-4513-91c5-2a746dd40afe
boston-seaport,128821fc-66ac-4306-a0d5-d2b97d81f115,STOP_SIGN,3,dbd4dc35-fd00-4f85-ad0f-b095985563e6|c71d2a1f-0636-436b-9c22-e7d3dcdc6293|b448fbfe-ac51-4abe-b0ab-f792115a73dc
boston-seaport,12a3be78-b3f2-4f02-adcd-804b9f4a1d76,TRAFFIC_LIGHT,4,49594d94-bb01-4a7b-aeaa-946991c59a81|7694467d-3757-433a-aec2-15be7a1c269e|618f6a5d-68d1-4be2-bb85-d116b7faca05|f0519c59-e563-4008-a0a9-1158769c0111
boston-seaport,12aba16c-46a4-4beb-b598-2cbd6aa80e3a,PED_CROSSING,3,06d68bf9-f730-449f-948e-c9269ce455fb|548c1395-c8f2-4f84-b20f-d63d9cd96ef5|d183f5a4-ef1a-4bc3-8829-7a3591d0fe45
boston-seaport,131ce8db-b558-4076-9092-89b58a8543df,TURN_STOP,2,b6a1870a-e975-42d5-ad8e-238182f2f280|ab223f82-911c-4aa0-b07a-6c559cbe7e76
boston-seaport,13b90174-6834-4302-a8c8-df3b1e1860cf,TURN_STOP,2,817c6acb-fbcd-4f3b-b3d2-fba32a17c712|5bc5c007-0aae-4530-9173-bfcf8b989379
boston-seaport,140ac2bb-dfd0-4836-b4ba-9720dac79a6e,PED_CROSSING,3,36b4b0bf-8b87-46e3-95d8-cdf73f2b5812|6e3322ef-5d4a-49d4-bdf4-d27d4535ce0e|471e7fe0-73d6-4d93-9bfd-8f0fd0e2e765
boston-seaport,144072cf-21b5-4b62-968c-a454a006a1a4,TURN_STOP,3,673346ae-bf75-4c72-953d-0f37d589eda9|76c18a12-96e0-42c6-a2a5-204be20b4ce3|1b4092ae-711d-4522-b6a8-ef6ab8ed09ab
boston-seaport,146055e0-faf0-43c1-887a-9713e222256f,TURN_STOP,1,6582549e-5560-48de-bc63-72987650b148
boston-seaport,14d0eba6-2f8a-486e-8d67-01b997433a72,STOP_SIGN,1,980cde20-2af1-43db-852c-bbe0da9bb63c
boston-seaport,14fb0e44-54e2-4083-86da-8bdf99ad2054,TURN_STOP,2,19ccf991-8b2e-4aa4-92f0-d019c57bd8aa|62d1ad85-2cc7-43f3-af48-465bdcc31e05
boston-seaport,1596e1ce-8754-4fd4-9aab-eca272d76690,PED_CROSSING,4,9005aec7-9268-4bff-aab3-d6b19486ebd7|6f753469-dcac-4143-8a47-0768b8bb1093|83057c34-5975-4201-9755-1d7cec500169|909b0fb0-0013-4de7-8f71-c24b04f1a134
boston-seaport,15b0b0eb-fec7-4299-8239-3a3eb1c88e99,TURN_STOP,4,705d1d1a-df25-49c8-9f5d-de659c45647b|6b88e441-9298-4ab5-ab96-889948d3cea1|6582549e-5560-48de-bc63-72987650b148|c1e17732-0e6c-488d-9046-e32405116869
boston-seaport,15c1e753-a2ce-412f-a066-9954b3a0f0c2,PED_CROSSING,3,0f3fb5ff-71df-476b-af24-95d66856848e|b7f1ec28-3e2c-4a22-8df5-33045937dfb1|f7576e70-daf5-4c6b-a218-0581349ff857
boston-seaport,15ed4f28-2b99-4f93-8f57-84aa08aaab9d,TURN_STOP,3,93bfb678-d881-448e-9332-89ce68ad70de|0beec669-fad2-49e1-aa10-9d9aa0147a87|04404fa5-969f-4d31-a33b-ed6531bce904
boston-seaport,15f445a3-3202-45d1-beb2-fda71db417c8,PED_CROSSING,1,0257fc51-2c18-4fb4-a539-2ccd0cee5da1
boston-seaport,17260d9d-af1f-479e-8dd2-2221ca724b3d,STOP_SIGN,3,74847cb3-7c47-4676-8c14-52b5abecc8b5|fd060057-9781-498f-a14d-eee4d71b5398|1a0aa1f4-36e1-44ef-b4c8-860075952531
boston-seaport,175ae401-7fcf-493c-b6b9-de0523ae9e09,TURN_STOP,1,5cbcaf1f-58af-439e-82b0-f1e3140333ea
boston-seaport,17e7bd24-44fd-4a71-ab6c-5e71bd5f64aa,TURN_STOP,1,a335d888-08e4-4353-a6f4-d8b715acf6d2
boston-seaport,182bc8b5-a0d2-47f5-841e-0d45a88b776f,TURN_STOP,3,b2fd6316-bd40-460e-a1f9-4d7732ba494b|c71c6a5b-adab-445a-abdb-3cabe03dcc7b|47a3ea72-22d1-4b2f-8311-88d963e7f8d9
boston-seaport,185d40ec-20b9-4baf-bc84-d7a863ad7203,PED_CROSSING,1,f9a5b96e-1436-4e11-80c1-ac858bd1436f
boston-seaport,1886e1bc-fe5d-42a8-8cbd-07e4786a2456,PED_CROSSING,3,75b14938-e52e-4607-b7a6-a5e9e0fb8f8f|1b0afcb6-1c1f-48be-bf3e-38528262d807|d7038c50-b1e9-4def-9371-1afe9d406d51
boston-seaport,18c83416-04eb-411e-8e50-73b6473baa0b,TURN_STOP,2,e62adb6f-2d41-4bf0-862d-c911db164076|66892626-1b97-4eef-875e-cee6a31712bb
boston-seaport,1977596d-846a-4304-8a10-de3dce500223,PED_CROSSING,1,501465d7-6313-4ff2-9001-c15749493e07
boston-seaport,19b88682-6580-41f1-bb2e-8f6a8c500bf7,PED_CROSSING,1,517fae22-12af-4847-b5b7-b68db71b89db
boston-seaport,1acde8b7-5c26-41c2-9bc4-e6ddaba18f32,TURN_STOP,3,2cb0f982-cb06-44f8-a9c8-92b4ed174b84|c3744074-21cc-43ff-a543-031039f39509|6b75d7fc-4b1f-4957-963d-401f1e8b5d96
boston-seaport,1ad7a53b-06ae-46b7-8e9b-c04196ff1a5c,TURN_STOP,2,037c3d58-6ac4-4f25-abf7-2aa7ac9eead4|a69bf2da-7e45-4d3d-b94e-b86bbe16bc6c
boston-seaport,1adf365b-2442-4508-a1bf-b7962895404a,TURN_STOP,3,2da871fd-f7ca-488e-b5f6-fee05097e0ae|1b7928e2-2e0f-437a-ba2f-e94404adda10|e5db12d7-9cf0-43e7-9f16-9e43fcdc06fa
boston-seaport,1c4b809d-3042-45fc-85d1-6d238d44c321,PED_CROSSING,3,46751d92-3393-435b-aac9-e6f3bf534b61|6582549e-5560-48de-bc63-72987650b148|f7150d39-5613-492f-9615-07a2dc25cfce
boston-seaport,1c824cf2-7088-447d-a0d3-96ca8779ff1c,PED_CROSSING,3,0aad1380-534f-455f-af75-37eb49b99be3|b28ea0f9-0d5b-4bf0-a193-148b152c2d92|8b79e830-05ce-4cc4-ad72-2339e0c76bbb
boston-seaport,1cd025ec-8bb0-4117-8363-a14d06c73aaa,PED_CROSSING,2,682a7c8e-21ec-4f8a-a575-0d4f730a45cc|70090a1b-98ae-4208-8c55-1ff65a1e9bd4
boston-seaport,1d10e7c2-13dd-40e4-a9f3-b5eaba23d82e,TRAFFIC_LIGHT,5,a896b0cc-e458-4781-8a5c-58c9a9910d65|d55a8de1-9a12-433d-8f10-42b1f0fdc5c5|6199ff16-5da3-4ab0-a23b-c1d3c6b842ff|b4cc81c0-8f7b-4438-a8a9-dd8ac1c02ecb|52cbed63-81f2-4f27-a30d-df9cef4b9468
boston-seaport,1d6b9b76-65a8-46bc-841d-1942a5078484,PED_CROSSING,3,2cb0f982-cb06-44f8-a9c8-92b4ed174b84|fd507478-2312-4887-9d11-323dfedf56f7|04404fa5-969f-4d31-a33b-ed6531bce904
boston-seaport,1d6fde6b-0848-4a6f-a17e-2609bab71d1f,STOP_SIGN,3,aff2ec2e-a96b-4d39-8f87-758d2b15067d|521a3779-3a31-4d86-8855-72d9e222b78c|006ff474-96eb-435e-92f2-b0718d729149
boston-seaport,1ddbccf3-4539-425c-a6cc-7729bb359919,PED_CROSSING,2,8b1bb0d7-cd6d-4604-9cd8-9945d6e0c789|0f7112c6-342e-411d-89c8-0381c942ae26
boston-seaport,1de587e2-2311-4db2-98b9-72ee63cf4fc2,PED_CROSSING,3,d0a778a6-8abd-46cb-b8ce-eb9c660895cd|19ccf991-8b2e-4aa4-92f0-d019c57bd8aa|62d1ad85-2cc7-43f3-af48-465bdcc31e05
boston-seaport,1ded9f8d-138d-4c3b-820b-6305aea02180,TRAFFIC_LIGHT,4,40b49335-8200-4701-b4c9-002da11c99d7|a028c622-34fe-4636-8a01-b1dd05f355c0|78fce62e-4ff7-4f17-8263-42e3e5d00cea|bcca2ea4-328d-4140-b520-1c2c390d521a
boston-seaport,1e496829-8b42-4c71-8156-50978fe7299e,PED_CROSSING,3,623a6ebe-b290-4825-9e90-c5c4d5fb9637|ada536f1-5872-4c98-a0e6-4fa3d6790712|7aecf789-bafc-488b-a6b2-4f3c1c6b9e7b
boston-seaport,1e8b05ee-ab9d-4e80-a097-fa2c72f06e88,TURN_STOP,2,ee69abf7-b483-49a4-bc92-8735bdc87f6b|5d7a97d9-e976-40d3-b898-d8bbd59d3b55
boston-seaport,1ef9fdaa-7e1c-4095-a43c-d26eb588da48,TURN_STOP,1,39ea65e2-51fd-4aef-8ce2-82e69d35c427
boston-seaport,1f7804e5-d698-491b-a7b9-92c160c49cb7,PED_CROSSING,3,2ae08bb7-2010-4de6-aa21-4b79cba203a0|ba7078bb-2566-42eb-95c8-7210629e36e2|5d90a664-0b22-43fa-b560-a84786692631
boston-seaport,1f8c1de2-c82c-4306-8b96-6fd0368ddd6e,PED_CROSSING,1,d0fa23e4-edf7-47e6-9f3c-429b38976711
boston-seaport,1ffca4ba-b4c9-4a69-903e-16d8d3f1fc22,PED_CROSSING,2,819bf933-4465-4f18-b885-876f537da087|6204d120-fc12-45c4-9563-702c716eb7c1
boston-seaport,2077d557-2711-4c6b-965a-bfa3695efb17,TRAFFIC_LIGHT,3,bbbd2760-0243-4471-b3e3-a89926126a59|f91ff7a0-32ac-42c4-bfbb-6f1542369c94|7df1f236-15bd-42fe-b195-74021ce7d4af
boston-seaport,207da251-7c82-44d9-9670-2fa836456afa,TURN_STOP,1,73a9eccb-dfb5-41e6-8549-6d1ec87cf79d
boston-seaport,20cf8cec-932f-4d05-b7a4-7b3020fe9d6b,TRAFFIC_LIGHT,6,1c19b8bf-36de-4c2b-a051-54b571e70c58|93c16593-b7bf-4ac9-b914-634a05b51a52|7f8956ff-558c-4b50-adbe-64d09268fc68|2afaf1ad-3687-4dce-aa76-1a283132068c|c42eeb41-4db2-4a03-99b0-88fb15824ac5|56be59ec-aa51-4723-ab1a-e16ac884ef10
boston-seaport,20ddaf42-8f14-4231-9d32-75a82c288c44,TRAFFIC_LIGHT,1,1c78c2ef-e2be-4346-86b5-99fc00487ad4
boston-seaport,216aefd6-36de-44b4-9f64-866dc314d6a1,TURN_STOP,3,ef84b28f-c317-4b21-b75a-77d65c5b8db2|08fe5664-5193-42b0-b94b-435cc9f5d05b|96e53592-d6ad-4c1a-8501-4546d73e9592
boston-seaport,2191bca0-e069-4f07-8d45-6c70efd9338d,PED_CROSSING,4,781da098-0e6e-443f-89a6-3e1a041bfddb|50dd766e-f80a-4202-bf4f-29ece460a75c|7d3d87e2-435a-44ef-bd8c-9a32a1845cc5|93b9bc55-e422-4a6d-bcfc-872c9fb0febd
boston-seaport,21bc84d3-2905-4bac-8038-360f173ad3bf,PED_CROSSING,1,2ac516f6-cb44-44e4-a391-f2125ce594f7
boston-seaport,21da5779-7bd8-47bc-961f-cec0676f9a7d,TURN_STOP,2,18b1a46b-3338-4eeb-b1d7-bb6dcf888b73|d52e5c9f-fcf2-4291-b1d3-834057097958
boston-seaport,22abc6b9-b1c9-4944-966f-708b69547cd0,TURN_STOP,4,1fe9a4d1-2ce2-4802-982c-caac0ae6b148|3b3598d3-4a32-436c-a76a-d90ad4581591|fe083b11-a299-4eb1-882d-0539b2211500|a98cf0fa-f030-476f-baee-8e5f986206cb
boston-seaport,22eebaa0-4772-4718-ab5b-f8d5d1289f65,PED_CROSSING,4,46ebf784-79aa-4523-ada2-b437b6d2fa63|d45b5f5d-5cf6-4e3f-950c-47918101e478|de01f0ca-37f2-4db4-b540-c1ca63c73ad6|a0690e00-4e35-41dd-aa01-db2aec244248
boston-seaport,23e9e68c-897d-4ea1-a8db-6325af02f486,TURN_STOP,3,cd45a1a7-e06d-49c4-b3bd-966fa435ae7c|6147114e-638c-46bc-9e2d-655cd67df99e|c7a5dc3b-4f20-443c-9fe3-c3f220f47e65
boston-seaport,24099c63-a283-4300-b3f8-9c13d8848a7a,TRAFFIC_LIGHT,5,0c664200-b288-44d8-bf87-983a32e580a4|7d340278-71ee-4f0c-aca5-9a706142475f|70eb7f33-ea24-4c1c-9570-40a7c846d264|7fa6840a-3c00-4c2e-b817-aaa8697a4a17|3bf2a119-7dfe-4eb0-84e3-e51c87aa1322
boston-seaport,240e854c-f903-41a9-9178-93bf779253a3,PED_CROSSING,1,823f931a-45e6-4ccb-b462-df24ec953495
boston-seaport,24778e71-43b4-418d-973f-d907dddcf40f,TURN_STOP,3,ca9bb8cf-1930-4c0b-87fd-53e2b9394eb7|8aea7eb0-a1c4-4081-ab59-daa87e36e545|30b01cc7-f271-49b2-88f7-475ba4b1fb0d
boston-seaport,24c0c5a3-4e1a-42dd-b3cc-8067461b0fd2,TURN_STOP,1,037cad72-0d55-4b58-b538-0a26b673dce3
boston-seaport,24d04413-3945-4fa3-94db-cd9967673237,TURN_STOP,2,dac80544-2812-4ae8-9696-dea8db9c1610|247c0afb-7ebd-451e-9846-1f2613031727
boston-seaport,253fbbc6-206d-41f9-a2b7-f17312347e08,TURN_STOP,4,0c3d99c4-e220-456a-ab56-ff7d2ffe5bad|36b4b0bf-8b87-46e3-95d8-cdf73f2b5812|471e7fe0-73d6-4d93-9bfd-8f0fd0e2e765|7e7480ee-87fc-457e-965d-7a54b8dd7d6b
boston-seaport,258f64b6-aba9-4263-9d39-0fa49891afa2,PED_CROSSING,1,7087612d-f619-4b53-9e2a-f25b7f18bc32
boston-seaport,25a2bc7e-8228-4d69-9588-e70b24e94752,TURN_STOP,3,d0e859ca-2c2b-4295-87df-ff8c32e1aee5|7946380a-7492-4044-8506-3058fcdf498b|649e3ab2-847b-4060-9a16-b40ee8e5ecfd
boston-seaport,26522f19-d8b8-4d1c-94cf-d215c679c590,PED_CROSSING,1,5ec27d8d-4d00-4e90-b68e-24bbe8ee12e1
boston-seaport,268ea5b4-caee-4f43-a07a-98fd26d8488a,TRAFFIC_LIGHT,2,70e47d09-14f9-4db5-9325-f8b25b60707a|8e0ea485-6930-4ad7-8bae-25c2586c7178
boston-seaport,26a6d2eb-e059-40f9-998f-817c7b0270cf,TURN_STOP,2,197b8356-bd93-4448-91d7-99a49d1ff8e3|ab6e76ec-3e62-4f4d-bf6e-d3ad75a1cf5f
boston-seaport,26bb5363-70a0-4dbb-84ff-3c212ae11180,TURN_STOP,3,59d8a6f7-2c38-40c8-a82b-7207dbe620b5|4aff40d3-9dd6-4cf8-b5bf-9bd04d0d1023|5a50a6bc-2872-44a6-a90f-7d688cb7faf8
boston-seaport,26d5e509-e467-49ce-92d1-6b3d240055c9,TRAFFIC_LIGHT,6,4e622255-3317-4a86-a8ed-143fad1f31fe|ad895b9e-e5a5-4644-b581-767ad847c691|d83e0381-abc1-4f8b-ba61-a18a8bf6e5b8|82cb2434-ff37-4fe8-bb2f-a406092bccac|92c41d17-26cc-4aa2-aeaa-04a421e445db|113e793a-d3ec-40a1-ba43-f989db7a5398
boston-seaport,275edbe0-5be4-4169-993c-2291dfaff91a,TRAFFIC_LIGHT,7,4cc3c5b6-aa77-408d-966b-452dcaba16f4|826332a4-5e57-432d-9a3c-036e59c661dd|90504116-7d40-4d2f-adf3-1eb593a3a085|fcbfc3f3-0881-41de-8745-e8a3af07fe7d|cd02a8e8-185a-4ec4-9ccf-2c5367026ff6|00984f3b-7147-4d6a-9d2b-2ac0ced05001|84d75af1-e7b6-44e9-bb46-2c1c161c5c43
boston-seaport,28086414-a167-402a-91c8-d8181f9c8599,PED_CROSSING,2,5a1209c6-4157-47c1-84f3-410589a5c782|d69521d2-a26d-442d-b03f-abed021a27c7
boston-seaport,2815471b-3ede-4779-8944-360cc226de8c,PED_CROSSING,2,aac715dd-8c9a-4d81-b2cd-6cca9cd507bb|f4522a6e-4e08-4b97-8d46-35bf3c2bcd38
boston-seaport,289ad529-7aa8-4188-8e8b-7c0bdfa31add,PED_CROSSING,2,60ff5932-7309-424f-8340-631aac8e7b5f|759178d9-3dba-4fcb-b1b3-6ddcfc7c77fa
boston-seaport,28f85203-efd9-4c02-a467-7913c3474113,PED_CROSSING,2,77d3f4ea-c68d-43c9-b889-fdf9faf91053|b21361d7-4720-4c7b-8699-76cea4df3594
boston-seaport,28ff169c-e95a-45ec-9864-a80f48f27370,TRAFFIC_LIGHT,3,06194a4d-8fcc-4277-b1ea-4760dc0a3a22|c036dfa5-0176-43c8-80d1-c191cd3e7e29|b8565aa1-7c18-49b7-9373-ca8fecef894a
boston-seaport,29554615-b7a7-4548-8818-fcd93a2b45be,TURN_STOP,5,f1d9bc5a-b7be-4205-b1ff-5828f21bae8e|2afaf1ad-3687-4dce-aa76-1a283132068c|ca212334-510b-4c4a-8340-75d741fdf16f|56be59ec-aa51-4723-ab1a-e16ac884ef10|8b021e16-5b71-4c99-8854-32bd34c3b88d
boston-seaport,297135ab-e452-413c-afe2-002497b2f71a,TURN_STOP,4,2e52085b-9f9c-47e3-882b-039152cacd2a|27d9c175-ebba-45e5-9fcf-33efebba3946|59b82368-6b67-42f2-ad87-3126f8b8670b|c01d5c21-c658-4555-8bb4-fbb645f9476c
boston-seaport,29b3dd9d-2260-4af3-8064-42b12f2c2ed3,TURN_STOP,3,23b20e17-50c9-4239-84da-fecb3576532f|f19e4303-88b1-4b17-8d39-e328e47c27ac|3e82c21c-5d8c-4126-a30a-d1e1339d1c54
boston-seaport,29e52805-3d86-4e31-b19a-32b0521ef00f,TURN_STOP,2,edb8cd3a-8d71-48b1-a801-429bab57e64e|a1532c14-c4a3-47cd-b9d4-cd10dbc81af1
boston-seaport,2a9088fa-4598-4dfe-a85c-8259db264ac7,PED_CROSSING,1,c869bda4-a3d0-4cd4-84bc-8cce28143a7a
boston-seaport,2aa2348e-f2d1-4a4c-9fc7-b9fbf2a050f6,STOP_SIGN,2,05494686-be54-4e3c-bd13-5e7b23ab4d21|ce37939c-2d50-4932-ad12-497f1496d9b1
boston-seaport,2ae1b9d8-f3ee-4eec-bd92-79457676361e,TURN_STOP,2,54e70eac-91c6-44fe-b8c5-65f544fdfdb6|68952eb8-c2bf-473c-a97b-5e397a2e50fb
boston-seaport,2bcf44e6-55bc-487e-9d4d-56f83acc8e8b,TURN_STOP,3,c936ede1-b470-45ff-a08a-0b7230d9c1b8|5fb3e5ac-091e-42d4-bd54-4561fec73531|c6286fa5-94b8-493c-8040-b2d2caf793bc
boston-seaport,2bddb79c-347c-4a11-89d7-72edb3ea2e08,TURN_STOP,2,12964b69-d717-44d9-8511-8dbf5c83ab5b|1c4b586e-a6d4-4e67-bd32-6a38d0dcea3d
boston-seaport,2cbc1560-6ce8-4576-90bc-04bb13e54325,TURN_STOP,2,05494686-be54-4e3c-bd13-5e7b23ab4d21|ce37939c-2d50-4932-ad12-497f1496d9b1
boston-seaport,2cf0851e-86ec-4139-baed-2c202573bd36,PED_CROSSING,5,480a4e5d-fc8b-4dc4-a941-422942c27cd7|a4d93cfc-168a-45fc-9804-e1f5b9d8e748|efbaa16a-49d7-4997-a4f3-444018cb0335|fdf5385f-cfb3-4a71-bd7a-e9e0999e8886|b7fdf62e-e7a8-4cf6-a9ff-339bd43cfde8
boston-seaport,2d8c6fe8-16a2-46e2-9806-ceb32169b709,PED_CROSSING,4,e44fabc0-cedf-4c3e-9c92-f15d15e780e1|5a476e4e-5e89-4ae1-bfea-b11d568df5c8|91d7b4a5-de14-46ed-8165-72713cc200c6|35bfdd3a-c301-499a-a4c1-94e8343f6f49
boston-seaport,2db58757-433f-4a70-baf9-879e69f69b97,STOP_SIGN,6,510849c7-d87b-4b8c-aa2f-ca8ede06a785|a5ddda61-8b50-4d0a-b76a-9f9ed90d54d5|16c2233d-6a49-42f2-a269-e8374ebb89d3|c71d2a1f-0636-436b-9c22-e7d3dcdc6293|a0c11866-99cc-4d6c-825e-67b36aa23989|5987a1c7-d67d-4495-b4a5-387a8a01176f
boston-seaport,2dbbe422-5202-4d96-8d4c-e45068cda7d3,PED_CROSSING,2,f5c9b678-13db-4eaf-9bdb-75a7680ef948|286f4d2d-c96a-4d53-b298-ed77f7e5a13f
boston-seaport,2e09f3cd-e37d-4398-9541-d2f92a1c55bd,TURN_STOP,2,623a6ebe-b290-4825-9e90-c5c4d5fb9637|ada536f1-5872-4c98-a0e6-4fa3d6790712
boston-seaport,2e1be533-b88c-4baf-ba54-e639d31890ea,TURN_STOP,2,6199ff16-5da3-4ab0-a23b-c1d3c6b842ff|b4cc81c0-8f7b-4438-a8a9-dd8ac1c02ecb
boston-seaport,2e958791-7309-47fe-a07a-cf08c4b7dfb7,PED_CROSSING,1,e65320a6-0e52-4705-bb81-9cb627c8b9a9
boston-seaport,2e9aefc4-b981-4003-bccf-a8df06b23820,PED_CROSSING,2,c4ba56e2-fa15-4101-b036-28105f26ac2b|39f97fe5-61c1-4ca0-be21-9b0626359882
boston-seaport,2ee08dad-c2ab-401a-85fa-ac8202d730c4,TURN_STOP,2,daab5e1c-fc2f-4279-aea0-720bb87138db|432251ba-bb66-44eb-aed0-2fa57c447864
boston-seaport,2f5aeddd-87c2-4c63-b13f-ec2b1e819cd3,STOP_SIGN,3,2adf9f30-db68-41c8-9b73-0baf06eab690|673346ae-bf75-4c72-953d-0f37d589eda9|1b4092ae-711d-4522-b6a8-ef6ab8ed09ab
boston-seaport,2f98b20d-4e98-4617-91ca-6f52b82b594e,PED_CROSSING,1,545e101f-19c7-4d57-a573-35cccc0222ce
boston-seaport,2ff5edec-e9da-4f57-932c-791638a105eb,TURN_STOP,3,570df0cd-1e57-437e-b6fc-bebb1d787d2d|3680de85-fd4e-4f2a-9499-1c8b336e0ffa|ab6e76ec-3e62-4f4d-bf6e-d3ad75a1cf5f
boston-seaport,302c2c66-5ea4-425b-9057-acaff58a46fe,TURN_STOP,2,935a4220-871d-4052-b773-6c64874254de|deff8d9c-e64b-4a0c-acdb-c1fa86645c1e
boston-seaport,30436016-d278-498a-ab24-5ca8ef3d5e44,STOP_SIGN,4,5bc4b0d0-1867-4e76-9722-aba5dee2e27f|cb061cbb-1aa1-450d-b39d-03ecd7094a19|8b79e830-05ce-4cc4-ad72-2339e0c76bbb|da9a43f6-d678-4faa-92a2-24f90f422cfc
boston-seaport,307a5e92-a102-415c-b091-920947a07248,STOP_SIGN,3,b0737084-f87c-4bd2-ae87-6d44c94bfafc|fd507478-2312-4887-9d11-323dfedf56f7|7086c64b-c064-4172-9438-68f635b9ba89
boston-seaport,30a51e2d-801e-466c-82e2-0cb23b2fd952,TURN_STOP,2,1d821cea-1435-49ca-9a12-454851b7a780|6a68813b-e605-48ea-b00c-8054ad1258fc
boston-seaport,30b16144-3d0e-428e-bd90-b51c77724313,TURN_STOP,3,1ecea599-60b4-4f01-bc0e-084b3c12bd1e|ca9bb8cf-1930-4c0b-87fd-53e2b9394eb7|b712d06a-1381-43ba-9d3a-ec52ecfb7f98
boston-seaport,30dde004-2680-4073-b5eb-29732e1bfe97,PED_CROSSING,2,37a493ba-87e3-486b-a686-5d3ccea44c16|d3365745-aa48-4e96-8b1f-a3bfa8cd9a74
boston-seaport,30ee831c-af7b-4ebd-847b-8cc9a569c0ca,TRAFFIC_LIGHT,5,980b1e6c-aefc-4149-b962-1abba289b32e|e2fa71a2-c0f3-4f0e-b458-524c9b893c0b|1fc46784-9b07-431c-9334-b2128f842e8f|6affa77a-f0de-4055-bc65-fb22f08158c2|823f931a-45e6-4ccb-b462-df24ec953495
boston-seaport,3117f097-18bf-4f56-9d09-05a8eb6c6979,PED_CROSSING,3,3a6e5144-5607-4c1e-b20d-371e01902db1|ec60bda5-1f45-4a06-9a76-a8730f19420f|f5612f55-46c6-4f65-9be5-d0b979f3e4ba
boston-seaport,311d6eac-9891-4433-b72e-b62f0a02b841,STOP_SIGN,2,00c7c72b-4049-4da7-a870-cff621d79339|09876f0c-5d64-4db2-973a-8266a72e3e0d
boston-seaport,31bb1110-f361-41ee-9c71-1f15acf75db3,TURN_STOP,1,e289447a-fe2d-4700-8763-e23f878bc3c0
boston-seaport,3294b48f-4844-4198-bb08-c1d34b23b174,PED_CROSSING,1,ff5ce5b6-0428-4ef9-a3ef-0ac9a1587c51
boston-seaport,32e80dca-2a22-4044-964f-3be9a1f87bd0,TRAFFIC_LIGHT,3,6f1eb45b-118e-45fa-bd98-5ba4cd47fb0b|0cd2321c-46cf-4aa1-9983-2587e0d1d99c|89d76ed8-8f78-48cf-85e4-a5f5b31004ab
boston-seaport,3356975c-12f6-455f-ac65-405249f27131,TURN_STOP,1,19e74c88-1aae-4f72-b93f-a787caea96c3
boston-seaport,338098b1-1686-4faa-bef4-40df5b271353,PED_CROSSING,3,9600379f-ce89-4896-ac4e-b63cfabbb28f|7e3f5c6f-95a4-4dfe-9585-fc3fc3f24d57|32fa9e60-f164-4c7f-b336-b34deec02e65
boston-seaport,33b14235-3ad4-4683-9169-9a38b09eca08,PED_CROSSING,1,71348992-82c3-4855-be29-6647726d8e77
boston-seaport,33d16d24-4cdc-4ad1-b91b-36edeef38b6b,PED_CROSSING,1,69b2c32b-58ac-49a2-a03c-6857969a92c8
boston-seaport,34510bba-5f41-4007-942e-d2dd8d3cf752,PED_CROSSING,2,cbb78ffe-c544-47fc-817e-85a053203ae4|f5a41939-a78d-467b-b8f5-7014bfb45dad
boston-seaport,34757054-eba2-4f13-81b4-384ce9390712,PED_CROSSING,1,51b24a93-b8da-463b-9c30-d2ee1e25534a
boston-seaport,351b9081-a060-49e9-8097-a8dabdbb5837,TURN_STOP,2,e60529b1-ff6e-4d38-86f3-ad9cfdd83d55|16ddc52b-e776-426a-831e-1f2cf90c7f2a
boston-seaport,369b7348-dab0-48fc-9737-1c7a1dfffef9,TURN_STOP,3,1ecea599-60b4-4f01-bc0e-084b3c12bd1e|6a90d7e3-57b5-41a5-8c9a-fc5efda13f16|b712d06a-1381-43ba-9d3a-ec52ecfb7f98
boston-seaport,369bdb49-25d3-4ebe-ae40-1eeb315b149a,PED_CROSSING,1,830b729a-dc4c-4772-976f-fed06f7435ae
boston-seaport,36c0c736-c038-4438-ba44-2c865690b547,PED_CROSSING,2,e8a2cbe0-635a-4c69-8e2b-f79fc94dcdcd|f7ebe844-430e-4c23-a0d4-b8f10f2469c1
boston-seaport,37225451-38c6-43cd-9345-ac3035632130,TRAFFIC_LIGHT,3,53cbb49e-11a7-4c35-a7b5-97045de80334|746ca434-4b65-4e37-a4d3-279112a721f0|98d5572e-17b3-4fc3-9cc6-0e36eb81c942
boston-seaport,376d76ee-a78b-4ddd-95a5-e288377c6f2e,TRAFFIC_LIGHT,4,2cf58c7a-53fe-4646-ae73-1ef348b94dbf|be914803-35eb-47b9-a8d7-8676bb8e0788|821a63ca-23f8-4c68-b5d7-f944ab6db407|883a6f83-e483-43c4-ae02-7f7c1114090e
boston-seaport,377d9ee2-7d4a-487b-944c-8b43978f5d33,TRAFFIC_LIGHT,5,18993fc6-f38b-4881-8fb5-b96aa29b7b07|5684a15e-2558-458f-a72d-9fde889489fa|8d7e14c3-75d4-4753-b41a-4805bd689566|7fb9b515-2bdb-489c-bb3a-251851d6ee36|2ca69514-ead3-4452-9d23-e83dffe30d15
boston-seaport,382487bc-2933-4a5f-9094-e1773ee2c93c,STOP_SIGN,1,517fae22-12af-4847-b5b7-b68db71b89db
boston-seaport,38263608-c03c-4994-8039-dc4a8aa4cf1c,TURN_STOP,3,2494ba3f-2ebf-47c6-8680-a6f902b684fb|713bc3cd-a9fe-426e-b6fe-d156701765a8|be2bd09f-cd5f-4204-9b43-75132218239b
boston-seaport,38acad4a-1f72-4723-b668-ebb0eaca0c4b,TRAFFIC_LIGHT,2,4ef87c48-ebc0-4a45-904c-ca59bfa9f096|b8a479a1-addc-4019-bcf3-0c08cff99407
boston-seaport,38cfff3f-f5a6-43fd-af20-1ddc8c9bdc48,TURN_STOP,2,fd060057-9781-498f-a14d-eee4d71b5398|1a0aa1f4-36e1-44ef-b4c8-860075952531
boston-seaport,390d95ff-ffd9-484a-9fe8-19012d605a77,TURN_STOP,3,d266852f-b893-48ab-a92a-57c4e1715463|49406018-d9b9-4221-806d-167d8d78916c|f5475568-4486-41ea-a343-217e4575cc4e
boston-seaport,3947b8d4-1929-4eed-9aef-b4027aa9e7cc,TURN_STOP,1,bcc6d571-82e2-4c7e-a4aa-174103518740
boston-seaport,395fc768-e897-4af5-9608-6a7cff3d66ad,STOP_SIGN,2,548c1395-c8f2-4f84-b20f-d63d9cd96ef5|d183f5a4-ef1a-4bc3-8829-7a3591d0fe45
boston-seaport,397c041e-b474-4d33-9c43-eeec7ee61909,STOP_SIGN,2,5a1209c6-4157-47c1-84f3-410589a5c782|d69521d2-a26d-442d-b03f-abed021a27c7
boston-seaport,39b967dd-0ea8-4280-9e5b-76f1bf1cbe6d,PED_CROSSING,1,d68fa6fd-5484-458d-8e8c-aee2c7c7ef05
boston-seaport,3a241aad-2f78-4f6a-b0c5-ed38e49b7f54,PED_CROSSING,3,7bb9ca3c-c388-45be-b5cd-c2baee1e382d|ecd676a7-df1e-49e5-9b14-e73a78532e18|5ca3da26-341d-4518-adf1-5663f32a4a01
boston-seaport,3b6aaef3-670f-4551-941e-e4b32fcb0190,TURN_STOP,2,0c3d99c4-e220-456a-ab56-ff7d2ffe5bad|2fc5c9e1-e3f0-4c1c-b3b9-80a45af8c755
boston-seaport,3c043ae3-7b4d-4812-bbf2-80c90fefdfc4,PED_CROSSING,2,c8ca4a6b-46bf-47e1-bdb9-74e40ea76fe1|33f16b7d-3e80-45d2-bb28-ef14ba4475bf
boston-seaport,3c1f9b6c-cbd3-4315-b6d3-c30c9de5b7fe,PED_CROSSING,1,4cbd9901-b1c4-4886-a630-2689a068d737
boston-seaport,3c353337-878d-482e-b003-06019839f9db,TRAFFIC_LIGHT,6,2df75328-33d9-443a-b790-e177914a9358|637b94d5-89c0-48fa-921e-2c98da46944c|e4fa3349-50a3-4a91-a8e2-f37db8d16e4d|56a24364-84c7-4973-9f72-cadf0abdc5d3|197b8356-bd93-4448-91d7-99a49d1ff8e3|ab6e76ec-3e62-4f4d-bf6e-d3ad75a1cf5f
boston-seaport,3ca23548-7577-4bc5-9eec-6a5a7dfc69c9,TURN_STOP,1,f7150d39-5613-492f-9615-07a2dc25cfce
boston-seaport,3d4cd391-137f-41fa-8e1a-da2eaeec18ca,TURN_STOP,2,fd060057-9781-498f-a14d-eee4d71b5398|f68b443c-9f84-426f-a2b3-4e7a83a798fe
boston-seaport,3d848b13-5c2d-4943-9592-2607506d1d43,STOP_SIGN,4,d579ee05-aff9-41cb-927b-4ad182cb2ff8|a0267a6f-c15d-4332-bd96-32fe6a97b9e1|4aa3ef96-eb34-4fab-ab62-7a4f5b39e46a|7a81dc27-7d22-4437-9de6-eda3d45c7745
boston-seaport,3daca591-17de-4418-86a8-55d3867997a2,TRAFFIC_LIGHT,2,6be29d5b-c51b-4724-9071-09d309755085|8d1c8ef6-ea81-4792-848f-fcdd75467a29
boston-seaport,3e2466ab-efb6-4fbc-8a26-ee6a2326834e,STOP_SIGN,4,9005aec7-9268-4bff-aab3-d6b19486ebd7|6f753469-dcac-4143-8a47-0768b8bb1093|83057c34-5975-4201-9755-1d7cec500169|909b0fb0-0013-4de7-8f71-c24b04f1a134
boston-seaport,3f0e81f9-7c43-452d-a040-6124f48976b5,TURN_STOP,2,e4a09723-2daf-4387-a7ae-e9b4517e1904|4593b66e-a6c1-4091-a776-16899aa90ba3
boston-seaport,3f614738-8b4b-43ac-a0c0-1d9796f3b691,TURN_STOP,1,d2b742b8-e6fa-4f14-b53a-6cd0b2fbf9c7
boston-seaport,3fea519e-2521-4b40-9d97-4ab82ef544b2,TURN_STOP,1,d97f044f-7c6b-44a4-91e4-a3798d3790da
boston-seaport,409649df-0593-48bd-85b6-cf3211242452,TRAFFIC_LIGHT,1,8b8c8328-ba1c-42d8-957a-aa3cc127effd
boston-seaport,41206b91-0799-4719-b3dc-3ceb9022ad2f,TURN_STOP,1,6c715c93-2741-4e51-a865-58d43880ed24
boston-seaport,4193b04d-3b95-45c2-93d2-cd32b2ec1c7e,PED_CROSSING,1,f995b526-4490-4004-be00-62037f0d6389
boston-seaport,41b2f90e-3eb0-40b3-a66a-942ddb349c4d,TRAFFIC_LIGHT,6,8fac88e0-e44f-4013-8437-5d86b7e8a8da|d0e859ca-2c2b-4295-87df-ff8c32e1aee5|7946380a-7492-4044-8506-3058fcdf498b|6b11f893-f4a9-4f34-b221-f8cb9f69675a|649e3ab2-847b-4060-9a16-b40ee8e5ecfd|ae0dd652-b09e-4efe-92ae-78d19abfd59d
boston-seaport,4242d4f0-09d1-4851-bb5c-66a9c65f351d,PED_CROSSING,3,1e57fc9f-0d5d-4bd4-b836-7b40c385d970|b06a4f2d-26e5-4216-9d69-84e9cd418890|65d50075-6ea7-4d2d-98c6-bbff7554e609
boston-seaport,42f13274-af34-4744-bfaf-7439ebe99d48,TURN_STOP,2,baefd9fa-0fd2-4dcd-9525-ad064b85c8f2|41605b9f-d969-4963-a65f-516c4b05ad6d
boston-seaport,4302dcc3-2025-42bb-917f-8574dbd141d7,PED_CROSSING,1,a5180d2b-2228-4b3b-bd84-f5c859ea6af7
boston-seaport,43258730-a04f-47bb-9142-0a269e921c31,STOP_SIGN,4,51f51e1a-41fe-4f4a-9987-6fa0fdc059a6|32270ce6-56dd-456f-9e0f-2d36e593dc87|935a4220-871d-4052-b773-6c64874254de|deff8d9c-e64b-4a0c-acdb-c1fa86645c1e
boston-seaport,43273629-c167-4e97-a162-0bc5dcb2795e,PED_CROSSING,4,e44fabc0-cedf-4c3e-9c92-f15d15e780e1|b2fd6316-bd40-460e-a1f9-4d7732ba494b|5a476e4e-5e89-4ae1-bfea-b11d568df5c8|32270ce6-56dd-456f-9e0f-2d36e593dc87
boston-seaport,4483cac2-f46e-478f-98fd-830d8479918c,TURN_STOP,1,8137e7f3-225f-40e3-9ace-0142f7b78b76
boston-seaport,457f6bc6-18bb-4ce8-b951-84a957c4dd56,TURN_STOP,4,066e4bc6-cd1a-4f60-92b3-be69cd5ee56c|acc88a96-1864-47a4-aeb1-72bed30b2d19|09383864-472b-40a8-ae46-1aaf4ecefcfd|c259cbe4-0085-44b7-9f65-732f95e390be
boston-seaport,45876952-bb1a-49eb-b82b-4707db1deef0,TURN_STOP,1,49406018-d9b9-4221-806d-167d8d78916c
boston-seaport,45957f4d-bc02-4575-bc43-5221865fa44c,TURN_STOP,3,ee2ea11d-df6b-49da-ae4a-5939d4b94a17|3e53776e-87fb-48fb-9de4-66abc20223c6|f877aa1a-5644-4511-8951-bf9bafaa2834
boston-seaport,459852e9-4523-45c0-b2f3-b50d07ed67d3,TRAFFIC_LIGHT,1,2da32211-4f47-4343-816c-3655e393e42e
boston-seaport,46003a4b-de49-4d0b-8bfd-ae1b3d5262db,PED_CROSSING,4,65900bdd-c9ff-4d5b-b11f-a6ed14c584c1|5a87ac64-88bf-490e-9d87-df49b07466c4|5cf3ec09-477a-40d4-9c3a-03d610fad1b8|c95bb3ae-aa92-4154-8b63-ab7bee15e787
boston-seaport,4657f8ee-48c5-4d36-80d2-1a9c6c0fc6a4,TURN_STOP,2,d6319454-27f7-493c-b5fb-fde42548f944|dcffc383-05af-42ce-8ef2-02098c792bbe
boston-seaport,46b50a45-2665-444a-824f-db53dcd14091,TURN_STOP,2,2da32211-4f47-4343-816c-3655e393e42e|b34fb234-e0a3-4484-aa0e-ebeb079a374a
boston-seaport,46d735bd-4b61-4cc2-886b-3c11d9fc5ab9,STOP_SIGN,0,
boston-seaport,476026d9-e1ef-4d7f-92c1-c6efc820b625,TURN_STOP,1,25158253-98ca-4b14-bb2f-af1db1b938c4
boston-seaport,477cc48f-70d7-4219-9271-46702bab267c,TURN_STOP,4,daab5e1c-fc2f-4279-aea0-720bb87138db|dbf6dfbb-98ee-43b4-8808-03085f3fe878|9466bf47-b59b-408a-9fc8-61f4c2adddd3|f557551f-745a-45c3-8a76-75de732c807f
boston-seaport,47c7a06f-3028-445a-9834-dad87210f851,STOP_SIGN,1,2dd29fdb-0d04-4df9-825e-ef66ec060543
boston-seaport,47cdc059-3c4b-46c0-b6ba-20febdd3020b,TURN_STOP,2,2a6178ab-a7d3-429d-a07d-d2a8fd0ddf8f|618f6a5d-68d1-4be2-bb85-d116b7faca05
boston-seaport,47eb1f6a-d3f8-4bf4-9fad-1253ff407341,TURN_STOP,2,9887faab-9a4d-4ebc-8d7e-d02680f42eb2|31dbb92b-6939-4bd0-86cc-c5f5598efa93
boston-seaport,485bf6ef-3177-4128-b944-087e183bed8a,TURN_STOP,1,7bd6b20c-cf98-4c88-9f0d-eeb0da6e5ea8
boston-seaport,48c7181e-ef73-4f60-ae38-10c381c9a0fa,TURN_STOP,4,daab5e1c-fc2f-4279-aea0-720bb87138db|dbf6dfbb-98ee-43b4-8808-03085f3fe878|9466bf47-b59b-408a-9fc8-61f4c2adddd3|f557551f-745a-45c3-8a76-75de732c807f
boston-seaport,48d19307-f8bc-4336-be8b-61ddb6e3cf53,TURN_STOP,1,f83b33f4-f455-4801-b38e-fded988784c3
boston-seaport,48e8a104-69c6-422d-b7c1-21e8931cfd51,TURN_STOP,2,3fe36aa4-7068-41ce-800a-4fc0c68803ab|77f8b5b8-2539-4e54-bd71-ad1c84d5e90d
boston-seaport,490eb9bb-7a71-4880-a643-81edf155de6d,PED_CROSSING,3,2f16f1fb-5984-461d-8117-3943f65c94de|c166e513-dfb1-4b0a-a8e6-20442d5383d9|e613be94-4838-4eba-8154-fc04112d3bfd
boston-seaport,497999bb-beb9-4210-b371-178439c3f4e7,TURN_STOP,6,d181445e-9424-4613-afe3-ccfec4afc049|9f334175-b405-4527-9c90-54a559c1a99e|57795579-dbed-4431-a0ee-5d8bf15e520b|d43e15ef-769f-4a6f-a631-3f22b31b15fd|9d53c076-881e-477a-b821-d72915420745|cbbd8a17-a834-4183-b285-2a3ce3b68229
boston-seaport,49a8b70d-6a4a-4958-a331-47cb9e1a958b,PED_CROSSING,4,84211b06-624f-4bf8-8627-9d3fcc6917be|c53a18c1-5957-43ed-8729-e069327c9ed6|5ca3da26-341d-4518-adf1-5663f32a4a01|43ed9a31-7626-4dac-93c3-ffc99f827480
boston-seaport,49f785bc-343e-413c-b516-453a135baa14,STOP_SIGN,1,47850147-59b3-4050-8e4f-b3b8089aba63
boston-seaport,4a4b2352-0a30-45b3-82fa-e75a03dd99ef,TURN_STOP,2,c2d0767e-3983-4c45-9737-66d5eddf1c61|35813cc2-99f6-4555-901a-d3e44ddacacb
boston-seaport,4adf0bc3-70c0-4aae-931c-e87b0c768287,TRAFFIC_LIGHT,5,1b209e29-797c-4b32-805a-58e9bed7ae3d|efedc9a8-d27b-496e-876e-a47c54cc4465|f2ba81d3-0692-48a1-8458-371647bf600d|694da7dd-0d2f-4ed5-90b5-ee795f7c5a59|3e0d005f-c477-4dba-b120-53298ebe77ef
boston-seaport,4bcddb75-0fdd-41a2-b039-4b199c4fbd57,TRAFFIC_LIGHT,8,1ddef502-a4cf-4c82-9137-eb09f4484684|9446a0c3-1569-412e-bb9c-231b0c967627|a66239cd-2c9f-46af-b6c5-5795a46c08dd|f1d9bc5a-b7be-4205-b1ff-5828f21bae8e|77d66bbb-fae2-4606-9e7f-f1951649285b|ecf949db-6276-4b6a-b268-d441a11c9bc9|ca212334-510b-4c4a-8340-75d741fdf16f|8b021e16-5b71-4c99-8854-32bd34c3b88d
boston-seaport,4c41d9cc-faab-49cd-8c6d-fa53e2e51499,STOP_SIGN,1,7bad8682-11a5-4e47-94c1-44fffeb52d04
boston-seaport,4c6a5bbb-137e-4d19-9853-de7d2ddb725c,STOP_SIGN,2,1d821cea-1435-49ca-9a12-454851b7a780|6a68813b-e605-48ea-b00c-8054ad1258fc
boston-seaport,4c89508f-5676-4225-b1aa-c84ab863d61b,STOP_SIGN,1,34fb198a-75cb-4188-bbe8-d89235bad4e2
boston-seaport,4cb3e0af-6fe9-497a-b0a2-fb6717f3d168,PED_CROSSING,2,3d242bc4-00aa-4331-b736-b15533bae374|8701d865-2515-4c5a-a7e7-f2ff3867dff3
boston-seaport,4cb8f731-5aee-4f86-aa3d-f45494887be0,TRAFFIC_LIGHT,1,dc6d1201-8286-4c3a-9b3c-371a06c146fd
boston-seaport,4cc1d9be-456a-4d58-9644-917a4757a5e8,TURN_STOP,3,3dfadf8b-46de-4f09-9753-97fb7b5f817c|58c952f3-10e1-48ab-b6f9-42f241de8765|e34cd943-135b-47e9-8ccd-5eded34c2961
boston-seaport,4cc5d44a-bbf4-462f-a69b-d2aedae4f026,TRAFFIC_LIGHT,2,a4207931-9246-4793-b8cc-de3f4dba2f2a|c4af2aa3-3ee2-49d1-9ae2-0e820f82b906
boston-seaport,4d9b0214-3c9d-4b00-95d5-6e325db19173,TURN_STOP,3,561548f7-8277-4b52-bcd1-f87d6d101649|314aa54c-689e-47c8-bd39-897c3788f2d9|43891b64-fbec-4bbc-bb8c-73531e50c83a
boston-seaport,4deed9a6-7e3c-4b02-b1df-bd3888713f06,TURN_STOP,2,a5a68fe1-03e5-42aa-abc1-1094aa15149f|01c5a857-4975-42ae-afb4-47a41d1865dd
boston-seaport,4e0267a7-93d3-43ab-8000-360e5088f687,TURN_STOP,1,b0c54a9a-81a4-4a81-abef-01e6779b6c81
boston-seaport,4e53f6bc-c204-4104-8822-114d26b2420d,TURN_STOP,2,2e537f36-adfe-491a-b4fb-c5b9f6393c69|20323046-17a0-40d3-88fe-d06b66e381d6
boston-seaport,4e5dfc4e-83fc-4894-b5a6-b8123b2bacf1,TURN_STOP,1,df5a30ab-437f-4ed9-967a-55a1b190053e
boston-seaport,4ed5cb02-8f66-451e-b516-1da7c1082df9,TURN_STOP,2,de01f0ca-37f2-4db4-b540-c1ca63c73ad6|8c175791-5a96-4954-9529-cf7d528027a5
boston-seaport,4eec7150-772a-421a-9d61-55bf94bd0abe,TRAFFIC_LIGHT,3,706849ba-e02d-443e-99cc-2011c4ae48bd|76cd3971-96c8-4d7c-bbc4-a940c8bc17a3|ac78c7d9-0bd6-4162-9c45-2490aaca8c64
boston-seaport,4f273764-14b7-4ae3-aeee-655a413bd63d,PED_CROSSING,1,225e6c38-a5ea-499b-96d8-771ae197ab85
boston-seaport,4f603990-cdcb-40dd-a500-3abcf6451678,PED_CROSSING,2,21525b7e-2d69-4619-8979-c9fb3dd4f02a|8cef6678-190b-42f7-b11d-5dc0bbf5877e
boston-seaport,508e7ef3-af6a-4929-b9d7-ba1136634236,TURN_STOP,2,692d1357-554c-4997-8ad3-95cfbb79c04c|713bc3cd-a9fe-426e-b6fe-d156701765a8
boston-seaport,509456d9-25b4-45fa-872c-8ac78d0785a0,TURN_STOP,3,7cfb68ac-aa7e-4f8a-a6c1-58180ef7644d|9a9b31c1-21a3-4e5a-9999-4f211ff581db|8884317f-1c04-48c9-8ea4-a8a5c973e0bb
boston-seaport,50e72f66-2e51-4bf5-8d65-baac0affb888,TURN_STOP,2,aea286d9-e258-4b9e-b488-94328f417daa|2006a61a-eb7e-4d71-b60a-1d7aad306f5e
boston-seaport,5100c924-84ea-45a7-be9c-669d9721fbf7,TRAFFIC_LIGHT,5,2c7720be-1206-4a00-8310-fface731269c|d143a8c1-0757-48e9-af77-edc3fca650d7|0068d592-9b07-4535-bfcf-6021cb298c66|2322f22b-4af1-4b9c-b773-3f035e033981|6cab46b2-44d4-4d00-9e7a-006949ca5de8
boston-seaport,511e76f2-49c7-4924-9adb-a08ad9046a6f,STOP_SIGN,1,53c5901a-dad9-4f0d-bcb6-c127dda2be09
boston-seaport,5156272c-0328-494c-8533-ebab1a6f4457,TURN_STOP,2,f6d13084-967c-42cc-b489-e9ce7e377287|798426b8-9320-43ec-9abb-0ff79a2d4a94
boston-seaport,5193489d-73f1-4ef0-83e3-5578d35175d2,TURN_STOP,2,7b5e9acd-a578-4782-abe7-1edd24b8f0ed|0b031f86-78a4-42af-a264-6ee37d00270f
boston-seaport,51a3e10f-84eb-4655-8671-0c76a3dfb056,TURN_STOP,3,c2a05d3d-cfa3-4be7-bdf1-121bf6d15318|0e85fce6-abdf-490c-b1ef-2899ed79aa22|1431b6a6-ebcc-438f-ad86-6f398b51d89c
boston-seaport,51e509f5-1d27-4946-b8ed-c0728a9f08ab,TRAFFIC_LIGHT,2,34aa946c-4406-42d6-b712-feba98b2a90b|ad25f493-2829-4496-aa0f-01603348be8d
boston-seaport,528a6ac2-c923-49be-96ea-64549c3612f6,TURN_STOP,2,c2d0767e-3983-4c45-9737-66d5eddf1c61|35813cc2-99f6-4555-901a-d3e44ddacacb
boston-seaport,52b6b3d0-876d-41ca-bf14-e6bcbebbb35e,PED_CROSSING,3,283955d0-b0f6-4a89-a01d-540899b9efcc|f877aa1a-5644-4511-8951-bf9bafaa2834|f97afc5a-75b9-4846-ba13-549df63ae5e4
boston-seaport,53d0c51c-69e6-437f-ad77-0e5959776c70,PED_CROSSING,2,7a44abfe-1f1e-40a3-91cd-e42c7ba34aa0|f0cf525f-9ca5-4860-9028-1e2151eb9377
boston-seaport,5459f62e-c648-4cd4-8a27-5bd43bf00f81,TRAFFIC_LIGHT,4,68fac1dc-12e7-4cfa-b8b0-fc5903a9adae|b1cd4744-55b7-4971-a435-0e05ccb07fff|d0eb1b7f-0da1-40b4-86a8-62a5bc20ccac|2b96e6e7-3272-4d74-89b5-f8724b34c138
boston-seaport,546d923a-70d8-490a-97a0-1b60f22f8026,STOP_SIGN,4,b319c897-b570-46fc-b959-2d9de22a263c|bb07e10e-c755-4abe-9c53-d8a7defcd67e|2fc5c9e1-e3f0-4c1c-b3b9-80a45af8c755|6e3322ef-5d4a-49d4-bdf4-d27d4535ce0e
boston-seaport,54ad2aa6-e3e3-4602-87a3-dbdbdaf25806,TRAFFIC_LIGHT,1,b137b438-c713-4327-9fa1-73f0b9cf2880
boston-seaport,54c3346f-5abf-4151-8362-fa538e3b4bc0,TRAFFIC_LIGHT,4,53bd41c9-fa66-48f3-a51d-6d526e11691b|7e26ff0c-0e52-45b7-b02f-83f424be6893|d2b2875f-9c88-40b7-ac0e-8b2642485a9c|9f8da5b7-61a4-4345-9565-16c45518e9db
boston-seaport,54c74fa4-2501-4d6c-9836-2ac1b53b1d3f,STOP_SIGN,2,177414b1-1467-4708-a7b4-fd318bea6465|8cef6678-190b-42f7-b11d-5dc0bbf5877e
boston-seaport,553f6859-c59b-4910-9c59-99b42adfaa1d,PED_CROSSING,2,7cce6c2d-b726-4dcc-9f3d-7171cdbe33d3|0858ea45-13c3-4700-92ac-8ee2edef318c
boston-seaport,5564ff67-0709-43f3-8227-bc81518250be,PED_CROSSING,2,dbb6335a-bc81-4049-aa01-4a674e9b2ea6|707f9530-f948-46ae-845e-5ce56fcae953
boston-seaport,55d8e701-d507-40c0-9412-44e841a9ed6d,PED_CROSSING,4,a86ef2e4-4d79-4ec4-9c00-c5c4d620f64e|1ecea599-60b4-4f01-bc0e-084b3c12bd1e|39b34696-6776-4cb9-877b-05f853b56f5f|8aea7eb0-a1c4-4081-ab59-daa87e36e545
boston-seaport,5654d234-de75-4aaf-bd0b-a8fc0e169178,TURN_STOP,3,aa6e659e-2bec-45e9-913a-356ce3091844|b0fa64d3-d1d2-4960-8d9f-f6d456d9ac3e|ffb8c734-8bb9-486c-a62a-fb3d2b6b42bb
boston-seaport,5685671b-efc7-4b28-b43e-0c9781d1ea9e,PED_CROSSING,3,74847cb3-7c47-4676-8c14-52b5abecc8b5|fd060057-9781-498f-a14d-eee4d71b5398|1a0aa1f4-36e1-44ef-b4c8-860075952531
boston-seaport,56f3ce8b-3cc1-4c36-896e-b2a77581ac6f,PED_CROSSING,1,f4c65209-9445-4eb1-9bf9-fd44ce281c94
boston-seaport,5701c8c6-e590-486b-8053-a17903c09ebb,STOP_SIGN,3,80d0e44f-e02a-437a-b042-803a0d9ae961|46ebf784-79aa-4523-ada2-b437b6d2fa63|b17a726e-d45c-4e0a-b30f-6706c0ec3c5f
boston-seaport,579a0e7f-f0c8-431e-81b5-cc6dce8a82d1,TURN_STOP,1,6c661343-2dcf-47be-bf26-078947308955
boston-seaport,57cbab06-4061-4ff4-93ea-e540b629bed5,PED_CROSSING,3,25bacf43-fdb7-4476-b778-53fce545ebbd|91d7b4a5-de14-46ed-8165-72713cc200c6|c71c6a5b-adab-445a-abdb-3cabe03dcc7b
boston-seaport,581e2cff-8e63-4a45-97ab-b889bcfd635f,TURN_STOP,2,f4522a6e-4e08-4b97-8d46-35bf3c2bcd38|933a5385-eb8a-413a-b3a2-0e86a18f91a4
boston-seaport,5858d85b-c7b9-426a-96de-82a88168bc49,PED_CROSSING,3,7fbf48d6-c89b-4636-85ba-aade598e2c52|3f035eb1-e3a1-4ef6-a483-babf0830a1af|2f7bcea3-fa9e-41c1-9509-05ae936089c9
boston-seaport,585c541f-1745-4877-91cf-5d3d3de8c948,TURN_STOP,4,c7e23335-8dd9-4bf7-909a-fc805ed253db|d714e92f-4a0b-4720-b406-21839ed66885|3b3598d3-4a32-436c-a76a-d90ad4581591|d26b2cf0-ac66-4e63-af0d-bb4b634e0b05
boston-seaport,58b76b27-10c6-4240-bc16-934f136c5a60,STOP_SIGN,1,3ed3ccc0-35da-4c20-8e2b-3241750d51bf
boston-seaport,58edb0c1-dbb2-400a-bc6d-71048eb1f269,STOP_SIGN,1,ff5ce5b6-0428-4ef9-a3ef-0ac9a1587c51
boston-seaport,5971f146-bb38-4498-a5fd-cfa2ce259b3f,TRAFFIC_LIGHT,5,a591569f-b40d-4f7f-bfe8-da3aed3d965c|a825d56b-933a-468a-afe2-96c2747544df|7996f2a3-53eb-452b-abd9-ead28a4c61ba|2f74571b-0d28-4b38-9c51-7ecafd803127|9cff383a-d24c-4eef-9e33-e05ebda844dc
boston-seaport,5985e4fc-4581-4e50-9ba4-0fe49352ddd0,PED_CROSSING,1,971af7a8-855a-474a-8715-f6b8016e78ff
boston-seaport,59b924d2-bb7c-4f2a-a269-a06c287615e7,TURN_STOP,3,b779287a-260c-4b6d-9d2a-0f8d529f7855|d714e92f-4a0b-4720-b406-21839ed66885|d26b2cf0-ac66-4e63-af0d-bb4b634e0b05
boston-seaport,5a1fc242-7f69-442d-bb83-2c61f69541aa,TRAFFIC_LIGHT,5,65c9e9b8-489d-44bd-9453-0810ec03f929|7000a309-a710-488d-83b0-1b6ce72a96c4|2e537f36-adfe-491a-b4fb-c5b9f6393c69|e289447a-fe2d-4700-8763-e23f878bc3c0|20323046-17a0-40d3-88fe-d06b66e381d6
boston-seaport,5a825073-5f79-4fcc-ab06-560b20a740a4,PED_CROSSING,5,ffa5e7a2-c36e-471d-935b-44b35123905f|59d8a6f7-2c38-40c8-a82b-7207dbe620b5|b1a82a60-c48d-43cf-891a-cc359d365ef8|4aff40d3-9dd6-4cf8-b5bf-9bd04d0d1023|5a50a6bc-2872-44a6-a90f-7d688cb7faf8
boston-seaport,5a8f6fe4-3b30-454f-a3e7-14ea39bdbfd9,TURN_STOP,3,1092af86-a4e7-4e18-bae7-7a0aca0c1aa2|52661dee-fdec-48ca-b7da-29eeff20d907|2006a61a-eb7e-4d71-b60a-1d7aad306f5e
boston-seaport,5aaf5e9d-c6b9-4a68-a21e-23c7be2b0e50,PED_CROSSING,2,7a1fe9fa-924e-4ebd-a53c-96cac2807722|7946af3f-4dbe-4fae-b5e0-fcc5f474b434
boston-seaport,5abec80e-d3a1-425e-98ed-af3e021e926c,TURN_STOP,2,eb96662d-78a4-477e-89d4-c7c584690d05|d6797fc3-c7be-4b86-b2a0-868310446752
boston-seaport,5ad8975a-a243-4a6d-b0b3-254a9ab31547,PED_CROSSING,1,45770a13-13d4-4ac3-a617-7996fc2a4a5a
boston-seaport,5ae2c2e1-66a4-4a4e-8d4a-53e71d94b52a,STOP_SIGN,1,3e82c21c-5d8c-4126-a30a-d1e1339d1c54
boston-seaport,5affa161-3cac-4feb-8117-280fb29814c0,PED_CROSSING,3,a5ddda61-8b50-4d0a-b76a-9f9ed90d54d5|16c2233d-6a49-42f2-a269-e8374ebb89d3|c71d2a1f-0636-436b-9c22-e7d3dcdc6293
boston-seaport,5b0d10f7-5113-4070-a37d-7def2dda0263,PED_CROSSING,4,21a97ba0-16a2-4243-810d-fa260dbeffca|067165bd-d384-4479-aef4-3ba58d228b26|620010c6-07d6-401b-9b77-586cd3e7edba|f47c49ae-58b8-4966-86c5-743f2f101a66
boston-seaport,5b681e58-578d-4547-9d80-6f8fa8bae759,PED_CROSSING,2,3e53776e-87fb-48fb-9de4-66abc20223c6|51f6c0d3-cb8b-41bf-b2c6-78b204a8e626
boston-seaport,5cd080a5-c65c-47cf-b2b0-20f1a725c073,TURN_STOP,2,a7cd320e-1d2d-4084-98c6-9121d6b68d4c|80e238f9-d698-4c20-bcac-5e3d340454f9
boston-seaport,5d5b6f8f-3773-47df-9150-8fe963c69544,PED_CROSSING,1,ecb416ff-0164-4826-aac1-2779707d954b
boston-seaport,5d5eff7f-781e-443f-9e88-90ca915d788f,TURN_STOP,6,2e537f36-adfe-491a-b4fb-c5b9f6393c69|337f1dff-5d30-4c0f-bf61-0ae20643fce5|5cbcaf1f-58af-439e-82b0-f1e3140333ea|fe89a03c-ced6-4f46-8898-5011c316e08f|4505bd78-690e-411d-abae-db8457106547|3f6521c9-0d64-4a50-8542-b3432db1f31b
boston-seaport,5d639ba3-fcdd-4800-a36f-bdc8ebb8a50c,PED_CROSSING,4,ddf186d5-5645-49af-aa02-9a6fe2c14fa0|230b4b6e-52a3-4d81-b428-1bcb19546c1c|6a90d7e3-57b5-41a5-8c9a-fc5efda13f16|30b01cc7-f271-49b2-88f7-475ba4b1fb0d
boston-seaport,5d699f30-9248-4ef7-8a95-66c15c8c46c3,PED_CROSSING,3,46751d92-3393-435b-aac9-e6f3bf534b61|6582549e-5560-48de-bc63-72987650b148|f7150d39-5613-492f-9615-07a2dc25cfce
boston-seaport,5dc57765-3579-4345-856f-0b8ca83989f5,TURN_STOP,2,23d819b0-51fe-412b-a140-b67e2969924c|b15bf56f-85be-4203-a2d8-1e673be6ad25
boston-seaport,5df3b8f9-30eb-472d-b1fd-3f3abde63690,TURN_STOP,1,8bf14c25-7acf-4962-9241-ce7dba8c947a
boston-seaport,5e0a5a5c-6e53-4117-8734-d9d51103750f,STOP_SIGN,3,9a140aed-882c-48b3-abf3-e0ede3686b42|8c4e71e6-ec2c-4e25-85ae-4601a29eec35|29ba28a0-7a31-4b6a-bc90-c21eee81512e
boston-seaport,5e1ea2b6-bdcb-4a10-bff2-849e97c9d3d3,PED_CROSSING,3,18de79de-e9cd-4055-9d32-c67a09e677d2|878e2a8d-1346-4b73-a4e5-da081cf1bd8a|cd6c420e-677c-4a31-b43d-caa6210eab77
boston-seaport,5eaeb88b-f93f-4e43-8f1a-76a7a34b4680,PED_CROSSING,2,e931e90f-5089-46ec-8e63-9b3e89f6585b|823653bf-6325-47f6-b10c-20d69e54687d
boston-seaport,5ef4e9fd-a4f9-4322-b403-0d03362fe9c8,STOP_SIGN,1,20756b38-6364-43c7-8dcf-d68c47321748
boston-seaport,5f39bdd2-ed3d-4d74-a691-d5df85ff5c83,TURN_STOP,3,1c52102c-e43a-494d-b792-40ce132113e7|31568a06-b314-4144-a9f6-26bff8506b0e|40de92de-4356-45cd-ab6d-ff8cd8a082db
boston-seaport,5f3ea66c-1770-4889-93fb-16557a6fcfa6,TURN_STOP,1,df5a30ab-437f-4ed9-967a-55a1b190053e
boston-seaport,5f65b8a6-6c7c-4bb9-93a3-fc3d1e2b78d5,PED_CROSSING,4,b319c897-b570-46fc-b959-2d9de22a263c|bb07e10e-c755-4abe-9c53-d8a7defcd67e|2fc5c9e1-e3f0-4c1c-b3b9-80a45af8c755|6e3322ef-5d4a-49d4-bdf4-d27d4535ce0e
boston-seaport,6032dd47-7dc0-4b8c-b40e-0c72d9887d4b,TRAFFIC_LIGHT,6,a3c2d569-8002-4520-8f69-74fb60e7b444|f3567386-4378-4758-8d4b-1a63179ccb15|d6319454-27f7-493c-b5fb-fde42548f944|cbd77977-c58d-40c8-a3a4-7622ad043947|13a5c762-348a-4e88-9d41-5190b2015464|dcffc383-05af-42ce-8ef2-02098c792bbe
boston-seaport,60465211-419d-4f2d-b0be-2d8a30c61a01,TRAFFIC_LIGHT,7,112eb27d-9608-40b4-a82c-0a64f0383fd8|65309b89-734c-4c22-8e21-4a931d64eb11|897cc688-478c-461a-9eee-d9c7f221c9d6|b6a1870a-e975-42d5-ad8e-238182f2f280|ab223f82-911c-4aa0-b07a-6c559cbe7e76|6c220971-6c7c-4f9d-9e66-ad62ee3668d0|c176ff31-6e66-4a33-b95c-8c41864967cb
boston-seaport,6079384d-6514-45a4-9d2e-52f603bf7299,PED_CROSSING,1,a8165712-c2f8-4d79-a6a1-16bfc2595ad7
boston-seaport,60ac3594-1958-41b2-8b30-060397ad8868,TURN_STOP,1,616cc89b-a03c-4a31-a4ce-ce1ca351e23b
boston-seaport,6112e9a5-08ea-45b1-b8ca-a6d3cadfdeef,TRAFFIC_LIGHT,5,889eff2c-e031-4dff-a6b9-cb1d4f0a9ef1|c2803833-6ee4-4f85-8e10-94080b24d8c5|acc88a96-1864-47a4-aeb1-72bed30b2d19|7a75d118-21cf-414b-8ef8-fa1109350ecb|38ac00b9-6e57-4dde-8be7-a4937182bd50
boston-seaport,6121e489-fd0d-4e2d-ba2e-e9767a645a7d,TURN_STOP,3,7996f2a3-53eb-452b-abd9-ead28a4c61ba|9c30cba6-66c2-4be0-b7f7-387ba8196991|9cff383a-d24c-4eef-9e33-e05ebda844dc
boston-seaport,6126d070-b0b5-4754-a3b8-e141ade5b7b6,PED_CROSSING,1,5bc4b0d0-1867-4e76-9722-aba5dee2e27f
boston-seaport,614979e5-4c3e-4562-a5e8-3cb44456a4ac,TURN_STOP,3,33fa6bb3-6597-41cf-916d-5bc4237da5de|0497e868-298a-4cf3-9471-a05698501f98|37a493ba-87e3-486b-a686-5d3ccea44c16
boston-seaport,61813ba0-09c4-4b59-b6f3-cdbbd8fac57b,TURN_STOP,5,f36d1e61-d346-46a1-918b-de15f906bc98|5e1bff6c-620a-4009-8ad8-07ebfe045cd1|58a695d5-e5e6-4c4e-b5e6-ba871601d8db|07f7ab0d-f1e8-41af-b477-098bef8b316b|cc8a09ba-f7d5-4a3c-a287-3ab84e547920
boston-seaport,61c62279-2d51-4dd7-86c4-af8a4619f4ba,PED_CROSSING,2,86a54bc5-fd56-44c3-80e7-ba6e80cc5bb5|0e771932-2df2-41ed-ab9f-43d904196d7d
boston-seaport,61da13fc-e5e3-4e63-b9e9-972696cfff64,TURN_STOP,2,18b1a46b-3338-4eeb-b1d7-bb6dcf888b73|d52e5c9f-fcf2-4291-b1d3-834057097958
boston-seaport,62471da1-233c-4d59-b8ac-fbb062064d30,TURN_STOP,3,b8a479a1-addc-4019-bcf3-0c08cff99407|41070c08-e409-4091-849f-ca5a62376c0c|ce9301db-07dd-4281-b5b4-a48e7b15eca7
boston-seaport,62612273-0d94-49d6-976f-1ca9d3a39939,PED_CROSSING,1,21bf84a8-05c7-4859-81ab-c1fc386221d0
boston-seaport,627c3529-4e6f-40cb-a05a-33db31de38e1,TURN_STOP,2,93bfb678-d881-448e-9332-89ce68ad70de|04404fa5-969f-4d31-a33b-ed6531bce904
boston-seaport,62a2e9bb-6cd0-4f12-a9f1-6fa97c4b68f4,PED_CROSSING,1,9dfe1761-64e2-4f71-8664-7771e60e115c
boston-seaport,62c9d811-a0d0-418f-a0a7-6ea41c498600,STOP_SIGN,1,91c6f6a0-6451-467d-a144-ab8b5e8fa32c
boston-seaport,632a660b-bb19-4bda-baa0-4c0fec83b5b3,TURN_STOP,2,c01d5c21-c658-4555-8bb4-fbb645f9476c|e28b900a-7e0b-485d-8a7d-4a70bd158bbf
boston-seaport,6338e517-1806-4c58-bd6d-4322fbddbc22,TURN_STOP,2,d0783774-96f1-4ba1-9a0c-8a4ea7292a57|b1101eb2-870c-4666-b8e1-5cfca1854f4b
boston-seaport,635f89cc-6920-48b1-8e5a-f60ec04e4aa8,TURN_STOP,2,548c1395-c8f2-4f84-b20f-d63d9cd96ef5|d183f5a4-ef1a-4bc3-8829-7a3591d0fe45
boston-seaport,63c95e16-7b79-48d8-988f-c59cccec97a0,TRAFFIC_LIGHT,4,fadcefbf-5b8d-4335-a8e5-791b17665b0a|6d09cdf5-d37e-47d0-823c-c9529e801d94|797b45f6-5c4a-4009-a92a-a462879132b1|77bec508-9056-4b85-8466-0f303f80049c
boston-seaport,63d88feb-7928-4a81-b1d3-44dd979a6a29,TURN_STOP,1,12964b69-d717-44d9-8511-8dbf5c83ab5b
boston-seaport,64b74f11-dc97-4c70-8c3f-af42b37332ad,PED_CROSSING,2,1176874f-0f27-41d1-95f9-c20aa0b799e9|195eeeb3-648a-4540-bf4c-13784cbecc60
boston-seaport,64e4949e-88d7-469b-9e11-6594c786b1c9,PED_CROSSING,1,272732e3-638c-4757-a435-e4be45913e61
boston-seaport,64f99543-c2c6-4eea-b974-e949b936cea2,TRAFFIC_LIGHT,5,c936ede1-b470-45ff-a08a-0b7230d9c1b8|faf6c3f8-6cf3-460f-a16d-10da9eb19287|b369780b-821d-4c0e-8fcd-c3318956eb1e|5fb3e5ac-091e-42d4-bd54-4561fec73531|c6286fa5-94b8-493c-8040-b2d2caf793bc
boston-seaport,64fff774-40b2-4933-a65c-f1ac1d627c50,PED_CROSSING,2,dfb56511-6aaa-40a5-be3d-70fc105cf69c|a69bf2da-7e45-4d3d-b94e-b86bbe16bc6c
boston-seaport,66585ab8-a635-4acc-8e88-0d765c67c868,TURN_STOP,2,c64f6ee2-a78d-499f-92b4-d2ed1aeb8341|aa22cc68-edac-46df-a38f-1946c04f7fd2
boston-seaport,676ae423-8a1a-44ab-93d9-ea8f73655145,TURN_STOP,1,4a901457-305c-4d21-979d-9832ee3dd790
boston-seaport,6782647d-def6-4880-a6ee-a999ec613145,TURN_STOP,3,b0737084-f87c-4bd2-ae87-6d44c94bfafc|fd507478-2312-4887-9d11-323dfedf56f7|7086c64b-c064-4172-9438-68f635b9ba89
boston-seaport,681dc135-c7f6-4bf6-86a3-f03cc8cbc0af,TRAFFIC_LIGHT,6,bee6037e-34ae-4636-8c58-8696a3293bb4|fd84140a-9c01-4e1b-b8dd-08f56b7196a5|066e4bc6-cd1a-4f60-92b3-be69cd5ee56c|1cd782e3-bf92-4a08-b525-7d9458b3f6df|e2ec817b-8a1c-49fb-a689-463075ebede5|09383864-472b-40a8-ae46-1aaf4ecefcfd
boston-seaport,686e0b5a-295b-4e93-972f-25d35351c789,TURN_STOP,1,51fc036f-922f-4fca-8c6f-377cbf99665e
boston-seaport,68716ee0-c126-400a-9d8a-330d80ee2ff9,PED_CROSSING,1,a9ae11cf-a6d0-46de-badb-79d21a825945
boston-seaport,68ee4e26-9ef8-4667-9d8e-9fcba180a599,TURN_STOP,2,77d3f4ea-c68d-43c9-b889-fdf9faf91053|6aede176-0c9a-4173-8002-614539057586
boston-seaport,694e44b6-03fe-4728-96ff-1f4f8a78e4bf,TURN_STOP,2,53c8e475-a150-4402-a6c3-94e0515424be|658e057f-c1e9-4358-b1bc-ce1cdc75ffe8
boston-seaport,699bb8a7-b830-467f-b829-e1bcb51f21ba,TURN_STOP,1,fcbfc3f3-0881-41de-8745-e8a3af07fe7d
boston-seaport,6a64a731-2164-48fb-83c0-8163d1231444,STOP_SIGN,5,c7664d0e-6974-4048-aa62-cc3edda21938|180d348c-8052-43ce-8fae-67da509fd468|3499ce6d-5756-4c97-981f-e3ba60fdfc7f|681eda3a-6498-4ca9-a051-1898728a5b35|ff182875-2f58-490c-a5f3-87cfc7e11120
boston-seaport,6ae9c61f-fa66-42aa-b70b-63f9ae1790cd,PED_CROSSING,1,272732e3-638c-4757-a435-e4be45913e61
boston-seaport,6b311683-2d0c-4b1a-a602-38963a66d68d,PED_CROSSING,2,8192d464-50f3-4ce0-84db-490174b0965a|60ab91de-9cae-42d4-b829-a6ce04cf5c7a
boston-seaport,6b352679-1d9f-4610-b7b4-429ffeea766d,PED_CROSSING,4,932636f1-edeb-46b2-ae1e-bb24436a06cc|61e948a6-063a-48cb-a38c-0add4a338757|13e7bb17-6521-46d3-8f71-119908832ccd|e23df2bf-dea0-4689-be85-de127eab300e
boston-seaport,6c1eb40c-6d0c-474e-b769-c9d8b25cee4f,TRAFFIC_LIGHT,4,5fa4fcf0-d25d-4492-a191-8a036481a1f1|3a36cb78-32a3-4aa7-8de3-aa1f22a28367|5bd38f92-f57c-4ac1-a8d9-469f5bf24f6d|16ddc52b-e776-426a-831e-1f2cf90c7f2a
boston-seaport,6c2c6c84-4f3f-4f97-a792-e3f49d63d7a5,TURN_STOP,4,a00e94f2-9647-4c1d-8a67-0047603f56d0|e1cc4627-df71-4653-9075-448399bda59c|431bdaaa-0a1d-4ee6-a9f8-06eb2a4be9f7|66fb8962-4936-4148-86b3-9d5548606607
boston-seaport,6c3a88e0-7e18-4f3a-adc5-6d36770b7070,PED_CROSSING,1,f9c3f400-b1e2-47cd-b13d-ade2bc6c5c95
boston-seaport,6cfeedf0-12c2-48c5-9847-701ea4450402,PED_CROSSING,4,164eec16-a3c9-483c-b9ec-c292edda5b88|162b4954-b11a-4fe0-b608-d054ba54e716|ca9bb8cf-1930-4c0b-87fd-53e2b9394eb7|b712d06a-1381-43ba-9d3a-ec52ecfb7f98
boston-seaport,6d930949-1b90-4ee3-8c2f-4c411ae9f24f,TRAFFIC_LIGHT,4,2c6cffdf-0056-49ef-8933-71e8333d5032|f9e770e0-619f-4796-a87e-e8a672b567bb|9148b969-d159-487a-ba18-c7be12234570|2a5284f5-35a2-45e2-8117-39cf4b8f7543
boston-seaport,6dfb9f6c-fea7-4e7b-b7f2-7c6759bbbea3,PED_CROSSING,1,2109d42d-3892-4e35-8ee2-72b8e8ff7ead
boston-seaport,6e1aa861-48a2-495f-9b00-5d4156e4cd43,STOP_SIGN,1,4affd62a-4bcb-44b9-a408-71b484d40139
boston-seaport,6ec2e37e-20de-46d6-926a-46671c8c0944,STOP_SIGN,4,b6bef143-5046-4791-900d-ac8a02988ddb|e5533b01-1b35-4812-80b6-dd4682951f28|de01f0ca-37f2-4db4-b540-c1ca63c73ad6|8c175791-5a96-4954-9529-cf7d528027a5
boston-seaport,6edc5944-4df7-4d22-b52a-1b46f4b58ec9,PED_CROSSING,2,8d30612d-878c-4749-b211-ea00487ed7b8|cdcae34e-9b38-472b-a74e-f1a326585d1a
boston-seaport,6ee5657e-9b0a-4e7e-82b0-6ec5d11c89bc,PED_CROSSING,3,623a42d9-af93-4ce3-9ada-a16afd25d362|d4cf177a-87e4-475f-aa31-694d3f8b0775|b9621910-5b76-49f0-8e6a-c861e794f93f
boston-seaport,6f6c3697-8d1a-4f6d-ad91-c096b1ccacf6,TURN_STOP,2,155ca085-6c46-4eaf-bd82-d5c781dbf8e7|a675ce3b-1060-41f0-b762-4b0748af154e
boston-seaport,700f1867-1999-47c9-82f4-382d03759bbd,TRAFFIC_LIGHT,1,6962741c-24d9-43e4-9f7a-6d9ec8f2d0ee
boston-seaport,70267e49-ac64-43e1-96dd-1505a1eef9a1,TURN_STOP,3,8b1bb0d7-cd6d-4604-9cd8-9945d6e0c789|152132c9-68c5-4e44-8eb3-70a87ccaf495|d24fc9f8-0afd-469f-9ec7-671884902508
boston-seaport,706732af-bd73-424b-8bd2-39109b782416,TURN_STOP,3,1df2ec80-bfa9-48e2-9719-c90cc8453ee2|aa6e659e-2bec-45e9-913a-356ce3091844|2ca69514-ead3-4452-9d23-e83dffe30d15
boston-seaport,709ba6de-c587-4f2b-b09d-6e6b8e20458a,PED_CROSSING,1,d4b2c820-3c01-4489-ab17-cffca7dd5e77
boston-seaport,70d26c74-53cd-4167-b94e-9434753b7969,PED_CROSSING,5,87a462bc-83b9-46e1-a2e8-708e78162914|f36d1e61-d346-46a1-918b-de15f906bc98|c7725d10-27d2-4f87-8ac6-dcffd8033d66|ea809fc5-4941-4241-966b-ad77eae112d9|07291490-4716-4ffe-b9ef-23ba99534afc
boston-seaport,70d4c39e-37c8-4067-be31-d93f3900553d,PED_CROSSING,2,3d242bc4-00aa-4331-b736-b15533bae374|8701d865-2515-4c5a-a7e7-f2ff3867dff3
boston-seaport,71357974-e1ae-4f4e-a87d-8c409e9fc7fe,PED_CROSSING,2,f1c47fff-d09e-4b4f-a7ac-c155b9209071|3275f442-0616-4b5d-bffa-8a7c2f0b264d
boston-seaport,71a1f9cf-0fb6-4146-a27f-0449145d032b,PED_CROSSING,3,6b88e441-9298-4ab5-ab96-889948d3cea1|1e6957e0-7ea7-4c62-baf1-811edb1734d2|27549ee9-0c3e-4589-8f27-f67f3f613097
boston-seaport,71e32007-6b4d-42c0-a7fd-d6ba5b4e2b82,TURN_STOP,2,a5a68fe1-03e5-42aa-abc1-1094aa15149f|01c5a857-4975-42ae-afb4-47a41d1865dd
boston-seaport,71fb90ff-88a4-468e-9c95-c565d497d1a3,TRAFFIC_LIGHT,2,064b40fb-8cac-41fe-8da0-64d7efae466c|68e91877-a36f-4dc4-a863-1bb14590b64a
boston-seaport,72839ca9-d42a-4cb0-bd25-a1254f2b4fea,PED_CROSSING,2,1278955c-6c11-4705-9dd6-b9f65377711f|13868736-7922-49f8-bb6c-dfc09bb4e0d9
boston-seaport,72b5058c-02d7-40d6-9e4c-6178e5d9ba55,TURN_STOP,2,548c1395-c8f2-4f84-b20f-d63d9cd96ef5|d183f5a4-ef1a-4bc3-8829-7a3591d0fe45
boston-seaport,73f45e57-7c8b-4db9-967e-a550ac5b3865,PED_CROSSING,4,c387d709-e8ad-494e-9aac-f0e0296b5737|693e7f3a-bd15-4da0-ae83-8ae02d600dbe|471e7fe0-73d6-4d93-9bfd-8f0fd0e2e765|19e2f5ea-08d4-47db-af17-5d028381b2e5
boston-seaport,7423e161-8ea7-4006-8350-bdaa3bce0d29,TURN_STOP,3,1c52102c-e43a-494d-b792-40ce132113e7|31568a06-b314-4144-a9f6-26bff8506b0e|40de92de-4356-45cd-ab6d-ff8cd8a082db
boston-seaport,74707ce3-709e-43fd-bdd8-e94ff8b37d19,TURN_STOP,3,7b09b899-7719-4d78-8522-9e153f1c212b|c1e17732-0e6c-488d-9046-e32405116869|27549ee9-0c3e-4589-8f27-f67f3f613097
boston-seaport,74db5409-bb4b-4def-8373-e03b4adbe842,TURN_STOP,3,955da614-9e6e-46bf-8e66-e33eebd63a0e|0f4f8d01-3f92-481b-b81d-b40722c5b34f|f3b010b0-09e0-4b8e-b67c-905fa98bb360
boston-seaport,74e63593-8f5b-45cf-913a-2d72a28e1658,PED_CROSSING,1,91c6f6a0-6451-467d-a144-ab8b5e8fa32c
boston-seaport,755d92da-2bfe-46ea-b20b-f9fdadb8defa,TURN_STOP,3,c9791f42-a89b-4307-9764-143c953dee11|1b0afcb6-1c1f-48be-bf3e-38528262d807|cd6c420e-677c-4a31-b43d-caa6210eab77
boston-seaport,756e32ba-1707-40b4-b226-be17b42270a7,TURN_STOP,2,5a1209c6-4157-47c1-84f3-410589a5c782|d69521d2-a26d-442d-b03f-abed021a27c7
boston-seaport,7577c3a3-f305-4900-9b41-57f6d6d3a766,PED_CROSSING,4,606620e5-6299-4157-9cd2-6ad1e7aa9350|93bfb678-d881-448e-9332-89ce68ad70de|0beec669-fad2-49e1-aa10-9d9aa0147a87|04404fa5-969f-4d31-a33b-ed6531bce904
boston-seaport,75db6716-d843-4cf6-a699-834f049b0cc2,STOP_SIGN,2,80e95318-46fe-4264-9716-b94ea969b096|c8ca4a6b-46bf-47e1-bdb9-74e40ea76fe1
boston-seaport,760b3996-86bc-422b-8394-5f8e98f2b1ff,TURN_STOP,3,6f1eb45b-118e-45fa-bd98-5ba4cd47fb0b|0cd2321c-46cf-4aa1-9983-2587e0d1d99c|89d76ed8-8f78-48cf-85e4-a5f5b31004ab
boston-seaport,76419926-1ce4-4fa1-8cbd-d4b9f69f3171,TURN_STOP,5,2e52085b-9f9c-47e3-882b-039152cacd2a|6cf0d458-81cb-443d-89d9-59f935953017|59b82368-6b67-42f2-ad87-3126f8b8670b|bd513482-210f-4cae-bb76-7922eccc66e8|e28b900a-7e0b-485d-8a7d-4a70bd158bbf
boston-seaport,7744220d-de33-4faa-a77c-2682c8894f1e,STOP_SIGN,1,b1eca8e7-a66e-4b86-8f64-39a49a204bc9
boston-seaport,7747c1a5-780c-484c-a332-8cd48fa372dd,TURN_STOP,4,067165bd-d384-4479-aef4-3ba58d228b26|1ecea599-60b4-4f01-bc0e-084b3c12bd1e|6a90d7e3-57b5-41a5-8c9a-fc5efda13f16|b712d06a-1381-43ba-9d3a-ec52ecfb7f98
boston-seaport,774b131c-3b51-4355-b2bf-ac709347af91,PED_CROSSING,4,6db1fef0-ecee-4992-949d-a864041fddbe|f227391d-48f9-4b9d-9274-a72bd5441857|36b4b0bf-8b87-46e3-95d8-cdf73f2b5812|7e7480ee-87fc-457e-965d-7a54b8dd7d6b
boston-seaport,779cc9cc-a259-403a-baae-bdc3d0e06d1d,PED_CROSSING,1,bc49f707-e440-4864-8777-401343897fa4
boston-seaport,77c31388-be9d-4168-8662-989a52ae7d94,TURN_STOP,2,05494686-be54-4e3c-bd13-5e7b23ab4d21|ce37939c-2d50-4932-ad12-497f1496d9b1
boston-seaport,77e1751d-b849-4a91-8d22-a1ca0e334259,TURN_STOP,1,00cf8d72-2af5-46a0-9d8b-6d5c83072919
boston-seaport,788cc5f7-fb34-4340-a74e-cc5e987b6c42,TURN_STOP,2,6843ffe2-dad8-4e65-9874-25bbb48a0edd|7bd19b34-dab2-48be-8caa-ab8ad8148ecd
boston-seaport,78c687bb-7ed8-4c35-a947-699d33c8a7d9,STOP_SIGN,1,0d335a07-fc67-46b3-a4f1-90ebf2d14177
boston-seaport,7907b5cf-b628-4f60-a0d1-5017716c8110,TRAFFIC_LIGHT,6,15df5ebd-4ec0-4c8d-8aa2-6cffe1908cd4|28b2a367-078b-478b-bd57-1c6b69cddd86|b274d4ca-4eb8-42a3-b54e-10393f536eed|21548af8-fd90-4192-a4bd-9271004337a9|4d3066cd-ece3-47a0-bac8-777eeaa24744|569216bf-8fe0-4c9b-9e1b-da9d5d75a7cd
boston-seaport,7919ff0c-5296-4453-9ced-fe8eb0e51a51,STOP_SIGN,2,d3f0be5e-b2be-4768-8be2-f6be4fde66ec|a5248007-c872-4e6f-bf6c-b08310e24645
boston-seaport,79ea61cb-16d8-45bc-837c-1a25ccc0d069,STOP_SIGN,4,5010ecf8-bd85-40fa-82d5-3cdc15b2a807|d3e6e0b0-d2db-4755-be30-216f510a68a8|9d45ac0c-bc3a-4b84-81d3-0766b1c6c2c1|119059c5-4c31-440e-93ae-2725bc01b02b
boston-seaport,7a3b0763-1ab0-4acf-bdd0-7d29a5fc3878,TRAFFIC_LIGHT,4,c7dab27d-0e77-4c7b-b4f6-7947211e2ce9|a8bd72aa-c845-4bc1-a29c-6cfd6ee596a2|9f7cc35a-d727-4267-b9f8-30f20ababff8|e79847eb-3f28-4db5-8752-7f52f59a03f2
boston-seaport,7a44837c-e261-4e9b-bc12-8cf0f468a049,TRAFFIC_LIGHT,2,23f40a58-81de-4748-b376-73da69c1cdb0|ffeb5ae8-8cfe-45d6-8755-f15297b15515
boston-seaport,7a57dd35-b501-4143-84b9-dce9d0eee163,TURN_STOP,1,30d9b1e0-ac6b-4f74-b706-918dfbaa681c
boston-seaport,7a58912e-a96a-4b95-b00d-edf44f70477e,TRAFFIC_LIGHT,5,d01e5e0c-b6c4-4f10-be3f-67d2061a5637|de26fddc-66ca-48fc-afff-ff456a561833|d181445e-9424-4613-afe3-ccfec4afc049|9d53c076-881e-477a-b821-d72915420745|c7809c19-7bf1-4ceb-8561-0dd7dd80a268
boston-seaport,7a8cd2ce-15d6-4b9f-b251-46fc69d8d63b,TRAFFIC_LIGHT,6,50d7e09a-f9f4-48d9-8134-baf137e7d447|561548f7-8277-4b52-bcd1-f87d6d101649|6c715c93-2741-4e51-a865-58d43880ed24|314aa54c-689e-47c8-bd39-897c3788f2d9|43891b64-fbec-4bbc-bb8c-73531e50c83a|921dde84-414f-4912-8108-aedcd6e68fe6
boston-seaport,7ac1685d-7a50-47ff-98a9-4b14357b9ba5,PED_CROSSING,3,9d49fbea-a0d3-40fe-a94e-6737f88fa1a2|d2f01536-09c0-478c-b7dd-e8f75a978c2c|f510d2d8-b27e-4d84-b162-5fdb6f17d927
boston-seaport,7b31ac7a-581f-48aa-aa8f-9b1a173eec39,PED_CROSSING,4,51f51e1a-41fe-4f4a-9987-6fa0fdc059a6|32270ce6-56dd-456f-9e0f-2d36e593dc87|935a4220-871d-4052-b773-6c64874254de|deff8d9c-e64b-4a0c-acdb-c1fa86645c1e
boston-seaport,7bc72461-39ae-47dd-93fc-cb86a752f0ce,TURN_STOP,2,fcbfc3f3-0881-41de-8745-e8a3af07fe7d|88523e1a-67ce-440a-8941-67c707425ab7
boston-seaport,7bec04cf-d6b0-44ef-9183-ef0541585be0,TURN_STOP,2,21a29489-e6a5-4ec4-bc38-94687d35e047|dac80544-2812-4ae8-9696-dea8db9c1610
boston-seaport,7cdbef9b-9c5b-4feb-b367-fffc859d67e7,STOP_SIGN,3,c2a05d3d-cfa3-4be7-bdf1-121bf6d15318|0e85fce6-abdf-490c-b1ef-2899ed79aa22|1431b6a6-ebcc-438f-ad86-6f398b51d89c
boston-seaport,7d847059-6fc7-465b-a0a9-e2b0ce8d5908,PED_CROSSING,3,6b8d5573-6b04-4755-910c-38b8c9c5c364|ed73290a-a51c-4a06-bbe5-ebf26a214094|c181852b-2684-487d-84d3-3c33e16461f8
boston-seaport,7d98eddb-8c82-46f4-8c0c-d8b8ed87f4e0,TURN_STOP,2,fd060057-9781-498f-a14d-eee4d71b5398|f68b443c-9f84-426f-a2b3-4e7a83a798fe
boston-seaport,7dd37799-8751-43ab-ba38-97e4446f0388,TURN_STOP,1,46ebf784-79aa-4523-ada2-b437b6d2fa63
boston-seaport,7dfa5141-74bf-44a7-878e-8533ebb1e2b7,TURN_STOP,2,d97b915d-5d07-4fac-9059-a592e64bf43c|8e867c93-341e-4b4c-b8ff-8e19da45fc3f
boston-seaport,7e1c9429-0da4-433f-b952-47b778bf686e,TURN_STOP,2,817c6acb-fbcd-4f3b-b3d2-fba32a17c712|5bc5c007-0aae-4530-9173-bfcf8b989379
boston-seaport,7e2d9985-99c3-4e51-8fcd-ed72f9f4e87a,PED_CROSSING,4,5410ab4c-c662-4cf0-84a4-ce485ac000a2|37ea15ba-2024-40fd-84da-5a11799d8108|21985f53-5fb9-4746-8dbb-eb0df92d33cf|fdaf6b1e-caa5-42f7-ab3e-679dc8abd98b
boston-seaport,7efd59ac-556d-4c32-bcef-a08ecf667dcf,TRAFFIC_LIGHT,1,8ec5c560-3e9d-4147-8431-5eb98b09766e
boston-seaport,7f10e9fb-516e-407c-adb6-0b37d89aaf81,PED_CROSSING,1,3c1f1d88-892b-4924-8968-0b67f2f1fde3
boston-seaport,7f3ae8e3-83a5-4490-a8ea-22c77d24607c,PED_CROSSING,2,733c7520-8312-4a9a-bb02-600f10bac77a|f955d8e1-7549-49c2-a914-b0852c0ce904
boston-seaport,8041bd58-7ff0-4db2-b134-bf7ab677d983,PED_CROSSING,1,08bbbaa8-c8f4-4723-9e72-7782e4f6cf7e
boston-seaport,80f02b8e-58cf-41a1-980f-3e308476f2d3,PED_CROSSING,2,66ae6542-b5b5-4d7d-8fcd-884fb02c42ee|acc522ed-b8fa-4db5-ace5-351c851a482d
boston-seaport,80f0fb04-f157-4bcd-9a2e-d4fc2078def5,PED_CROSSING,2,75b14938-e52e-4607-b7a6-a5e9e0fb8f8f|1b0afcb6-1c1f-48be-bf3e-38528262d807
boston-seaport,81db7d74-02a7-424d-a415-e409f1653c37,STOP_SIGN,3,ae8404f7-eb61-4849-9e81-eb95e4226a07|794ca9be-9b2a-4c19-bb16-9b7f09e1ffd6|305b79fe-690a-4d5a-b463-cc67c3708e48
boston-seaport,81e3d74d-4135-42c8-aa4b-96f0a96f51d8,TRAFFIC_LIGHT,2,4b356bbd-563f-429f-a722-5cf02a17b23f|71def729-59d2-4858-9bc6-cd89559b29da
boston-seaport,825a6980-fd86-4607-972b-8500d2cfefda,PED_CROSSING,1,0658b80c-8ef7-4272-bf16-150f8a32025d
boston-seaport,82d55595-0a0d-40aa-908f-f45fd25434e8,PED_CROSSING,1,4875a588-d722-404d-b522-f83013a08b0a
boston-seaport,8423ba07-61b5-4c0f-a8bf-54bf102b82fc,TURN_STOP,2,ece92542-c4dd-488a-8638-c7d10dd0826d|5d646467-f9e9-4498-8f0b-d8f88e924876
boston-seaport,8433ed00-4309-4194-aa31-25e705f3d8cd,TURN_STOP,1,770c8302-c118-406c-badd-7ac8408f6d21
boston-seaport,84346c02-12b5-41a9-8c78-657420c8405b,STOP_SIGN,3,0f3fb5ff-71df-476b-af24-95d66856848e|b7f1ec28-3e2c-4a22-8df5-33045937dfb1|f7576e70-daf5-4c6b-a218-0581349ff857
boston-seaport,8434be3e-3955-4a41-a6fa-1408d816e500,TURN_STOP,2,8055f7cb-4bb5-49eb-9b9e-0e8b08001199|c7a5dc3b-4f20-443c-9fe3-c3f220f47e65
boston-seaport,84903488-a520-481a-90fa-8996913dfc57,TURN_STOP,2,3f5aba74-272d-40a7-aef8-402f9588033f|36cc5fd2-fbbd-488c-98fd-c97c405fb8c7
boston-seaport,84aab602-2d12-44cb-b1fa-fe08941751a8,PED_CROSSING,2,09621652-0c57-45e1-a71f-895aa7dcda6b|5f8a3448-2ded-48f8-8ad5-546382f89ece
boston-seaport,84c69ab1-cff4-4b9e-9efe-c436b8d991b9,TURN_STOP,2,41605b9f-d969-4963-a65f-516c4b05ad6d|5269d197-33a9-4ee0-aebb-3a99e8a5e84a
boston-seaport,85613653-d359-4678-9fb7-4226d36ba89c,TRAFFIC_LIGHT,4,2693c446-5cac-4672-a078-880d6848c443|823f34aa-6f17-410e-83ec-74dae21fe69f|9306f662-786b-4842-af51-840f5d652660|32513f91-bdfc-449e-83d4-7573346665e0
boston-seaport,856a2304-2ad4-46d9-9b2b-8c510ff4dbff,STOP_SIGN,3,c83bc7de-ab94-480e-8448-290112205b87|dcac141a-26ee-4918-9245-0ecced7d82f9|8362b73d-7afe-4dfb-ab0f-ebe4c3f9a93e
boston-seaport,8570db8d-b64e-4697-bf04-0151bf697260,PED_CROSSING,1,6702918b-0a61-4032-93b3-c0b74303851a
boston-seaport,8579c568-c28b-4dc4-81bc-8563057369c5,PED_CROSSING,1,c5481d9a-36f6-4094-a39f-e3375c209181
boston-seaport,8582bbef-e0eb-4b71-b491-8624b0152747,TURN_STOP,3,c2a05d3d-cfa3-4be7-bdf1-121bf6d15318|447bdbb2-44e6-473e-819e-50234ef6a099|0de48041-bb21-4564-bcac-ecd0b6bf65f6
boston-seaport,8587c62f-3c0c-458d-9bf2-14ea2d90d2ce,TURN_STOP,4,598c335b-235c-4032-ad39-b83ec5348d95|c3f65969-e807-40f5-b89f-d4ebd4a5d16b|ae60847c-cb30-40e8-8b21-430757710f77|301e92d3-fddf-4490-9713-4205b834ddf0
boston-seaport,86ff23e9-c596-4360-b319-27e6ebdf1bfb,TRAFFIC_LIGHT,6,08d4b45b-3be4-4580-949c-52f69b97eb56|64156731-c3e8-42b7-9513-4aad46104c1f|ffa5e7a2-c36e-471d-935b-44b35123905f|7fc51637-9aed-4915-8b58-f522a1207924|4aff40d3-9dd6-4cf8-b5bf-9bd04d0d1023|21050308-ebc3-46ca-867f-e620ebdeebb9
boston-seaport,874eb8c6-4194-4285-93c5-60064ef5f9c7,TURN_STOP,2,61e948a6-063a-48cb-a38c-0add4a338757|13e7bb17-6521-46d3-8f71-119908832ccd
boston-seaport,87bb2a60-c213-4c33-9362-4c66a4981051,STOP_SIGN,4,c387d709-e8ad-494e-9aac-f0e0296b5737|693e7f3a-bd15-4da0-ae83-8ae02d600dbe|471e7fe0-73d6-4d93-9bfd-8f0fd0e2e765|19e2f5ea-08d4-47db-af17-5d028381b2e5
boston-seaport,885b6f4e-3a19-483f-be8e-32c89b16f03a,STOP_SIGN,4,ceb91701-8669-4739-a5f2-58c48f22f2a6|0c3d99c4-e220-456a-ab56-ff7d2ffe5bad|079e7bd2-aa07-4769-9c9b-6c195bfa653c|7ac43871-c2b3-4d99-8fab-ba0f1a059eb1
boston-seaport,8864dd7a-cd81-44ff-9ccb-d117b3b24fe7,STOP_SIGN,3,ce545472-ede6-462d-9b1f-172df83ad402|4bb7213d-b421-4101-aa95-bf8865c1cfc1|dfe0a752-d30b-4bf4-8302-345f3ba078ac
boston-seaport,889c27d4-ff06-4be3-b8cf-8bd288a2bb09,TRAFFIC_LIGHT,4,105f7c20-0042-4d7f-a91d-e6b552fbf389|623fe3ab-5eb7-4827-abbb-df6055d87591|cdfcbc83-f32b-415f-92ce-5d4ed9ca54a4|df156d19-a0bd-4c93-992b-e16b601f66e8
boston-seaport,88f58680-17f9-4b8a-964c-400ab9afd580,STOP_SIGN,2,a5a68fe1-03e5-42aa-abc1-1094aa15149f|01c5a857-4975-42ae-afb4-47a41d1865dd
boston-seaport,89569abd-59bb-4bcb-b05e-4bfe1420ba90,TURN_STOP,3,c0ec2d8f-7a8a-40e7-b2f8-6b1ed08241ad|ea809fc5-4941-4241-966b-ad77eae112d9|959bd135-d5ac-4436-be93-94f31f2fdec3
boston-seaport,8a14966b-cd26-40fc-be82-b9efc50f1cfa,TRAFFIC_LIGHT,5,235111c6-952a-406d-bdec-88f5bf48b645|2ddc7041-1ad6-46a6-ba6f-b06fe6233ca4|8bf14c25-7acf-4962-9241-ce7dba8c947a|fcd56355-bc25-47ad-ac06-8b393ec73e50|8e0376f5-9bdd-4453-9d3a-e40f1758a9ec
boston-seaport,8ace1e40-e4d6-48d7-9c69-54c0687a2667,TURN_STOP,1,162b4954-b11a-4fe0-b608-d054ba54e716
boston-seaport,8b0843af-7c2b-4699-b3db-7c3cc080d549,TURN_STOP,2,fc833eba-7e9a-4b1b-b745-83f10842f12d|9958efb8-94c8-4769-82b6-d857ad0d7f52
boston-seaport,8ba57b51-4d85-435c-9859-6158c6dfe9ca,TURN_STOP,1,21548af8-fd90-4192-a4bd-9271004337a9
boston-seaport,8bc7deb0-0f7c-41bf-a8e7-5bbc50c98f57,TURN_STOP,3,2fc5c9e1-e3f0-4c1c-b3b9-80a45af8c755|7e7480ee-87fc-457e-965d-7a54b8dd7d6b|19e2f5ea-08d4-47db-af17-5d028381b2e5
boston-seaport,8bcc623e-37c5-490c-98e9-3076b21e5eb9,PED_CROSSING,2,de2ac100-e112-4801-b1f3-b403e4e8c995|28001f1e-9d93-4d65-a4dd-aa292aed8f2b
boston-seaport,8bd87ec2-f2af-4493-8e3c-a942f942ba25,PED_CROSSING,3,55f7961a-f09f-4cb2-aa03-f59c88376112|f5c9b678-13db-4eaf-9bdb-75a7680ef948|d50d2ce4-567b-4fa8-aa05-693bc608cf20
boston-seaport,8c072fce-4589-47ce-bf37-1e54d151750f,PED_CROSSING,2,588efa13-c9ff-4cc8-9dc2-e412805c1d9f|197b8356-bd93-4448-91d7-99a49d1ff8e3
boston-seaport,8d386948-450c-4586-af2d-726cf4e173a2,PED_CROSSING,4,b5ea08dc-c449-4e12-bc60-b60478ba167c|2cb0f982-cb06-44f8-a9c8-92b4ed174b84|c3744074-21cc-43ff-a543-031039f39509|6b75d7fc-4b1f-4957-963d-401f1e8b5d96
boston-seaport,8d64ecfa-b891-4904-8305-b2d8459eded3,TURN_STOP,2,75f8b426-6bcb-4d4d-8163-915873479a96|21050308-ebc3-46ca-867f-e620ebdeebb9
boston-seaport,8d7c20f4-ab8e-4cc7-ba14-30a4b58d4b39,PED_CROSSING,2,237b6458-73f7-42fb-b826-c74e3e092ce7|533d6c0e-cee1-473f-9182-df085143f653
boston-seaport,8e89b188-0b29-4dfd-9edd-e9d1ce8d88be,PED_CROSSING,4,0359d359-a51d-4bfa-b62d-738aa0962dcb|18de79de-e9cd-4055-9d32-c67a09e677d2|878e2a8d-1346-4b73-a4e5-da081cf1bd8a|037cad72-0d55-4b58-b538-0a26b673dce3
boston-seaport,8ec4a50d-2d0d-477e-a9a8-b6064e81e6ad,STOP_SIGN,2,c677d947-7d2d-4d4c-8381-cb2ca0448a1a|437f0b1f-cc90-4366-85ac-07b134b09d42
boston-seaport,8eeedbe2-7c9c-43dc-a1b5-cb0a6ed203c6,TURN_STOP,4,4d3066cd-ece3-47a0-bac8-777eeaa24744|7e600fbd-4884-41da-a98d-1130df602b01|8b7f8488-703b-4b0d-8de9-871bc0393ea7|5e13747e-4ea8-422f-b286-ff3cd0a0f941
boston-seaport,8efb1b8f-d1eb-454b-9089-94e308cc570b,PED_CROSSING,3,d00a1267-25c0-45c9-879f-492d2597b3c1|e242646f-b0e8-4aa1-a9ae-cffdc570a731|662d0200-76f0-4ecb-9263-ad7f94c1eff5
boston-seaport,8f12163d-d807-4cee-8ea0-0a71022540a1,TURN_STOP,2,cc5c770f-c530-43d6-a4b0-93c768cdbeb7|3508a31f-059f-477e-94d8-b842273097c2
boston-seaport,8f165179-a2ce-4f2d-8895-3e3cea819e38,STOP_SIGN,2,77d3f4ea-c68d-43c9-b889-fdf9faf91053|6aede176-0c9a-4173-8002-614539057586
boston-seaport,8f1edeec-16c9-4ea4-a2c5-44e879d04fbf,PED_CROSSING,2,7dc8c1c5-5dd4-4a6a-8a70-501f14c5073b|9222eb42-2713-4ca5-ac23-0e884df29758
boston-seaport,8f6fbd0e-7432-413b-b7ac-2231de95b316,TURN_STOP,2,d0783774-96f1-4ba1-9a0c-8a4ea7292a57|b1101eb2-870c-4666-b8e1-5cfca1854f4b
boston-seaport,8f6fe1ad-4bbe-4ada-a0db-fd71afd25a42,PED_CROSSING,3,2fee6c4b-578c-4344-bfb6-67cfb7cb6c3a|817c6acb-fbcd-4f3b-b3d2-fba32a17c712|5bc5c007-0aae-4530-9173-bfcf8b989379
boston-seaport,8f86b0d1-cd5c-4d37-b31b-216ff5fc44c4,TURN_STOP,1,f971dd20-91a1-4279-99fa-e599425c5596
boston-seaport,9020c011-b5f2-4724-b1d7-f95d075f3f55,PED_CROSSING,2,272732e3-638c-4757-a435-e4be45913e61|a93df496-207f-4bb2-ae49-193dc0434e1f
boston-seaport,904b4c11-a68a-4bcc-a02b-c2a8ed6b71d8,STOP_SIGN,1,fb610fb1-8df3-4563-8e2c-f3f9b4a31369
boston-seaport,909fdffa-c96a-4406-b0b2-601cf89ecefe,TRAFFIC_LIGHT,4,8d72dd56-87e0-423c-bdec-9fec3f6f73b2|b779287a-260c-4b6d-9d2a-0f8d529f7855|a67ea127-fa86-4bd4-8bec-2a50ab46fa0f|7b75f0f6-746b-4d9e-b4d0-1085be10dde5
boston-seaport,90e561be-fcee-47fb-97c3-86566b66cce3,PED_CROSSING,1,6929e9e5-2483-43ac-a9c7-7bd6cb6e2371
boston-seaport,91056b66-b22c-434e-860b-556945a0eb61,TURN_STOP,3,e47b9967-98e9-4d79-9eee-767d211abfa6|101a5b41-3d93-442f-9229-31b97c410669|d6797fc3-c7be-4b86-b2a0-868310446752
boston-seaport,9105ba2f-52f9-497d-b613-5b35b6e34f64,PED_CROSSING,2,b0d54d52-4353-45c0-8a89-e340236bfef1|fca00908-2542-4566-a7a1-7edaba76f63d
boston-seaport,911e235a-fd08-4438-bb8e-0a29fd5fe3f0,STOP_SIGN,3,1c52102c-e43a-494d-b792-40ce132113e7|31568a06-b314-4144-a9f6-26bff8506b0e|40de92de-4356-45cd-ab6d-ff8cd8a082db
boston-seaport,9143cebe-254f-4af8-8358-d31fea682370,TURN_STOP,2,7a1fe9fa-924e-4ebd-a53c-96cac2807722|7946af3f-4dbe-4fae-b5e0-fcc5f474b434
boston-seaport,91a13dbc-b579-43d9-bbcf-b4062707428a,TURN_STOP,1,b369780b-821d-4c0e-8fcd-c3318956eb1e
boston-seaport,920d08b9-37f9-495e-964e-22c0aeae9ac5,TRAFFIC_LIGHT,1,25e3c1b4-935b-4dbe-a6e9-103935b8bd07
boston-seaport,9284f8ce-51a2-4e76-8ed8-86f5a42a9852,STOP_SIGN,3,04068d2c-5035-46ee-9704-bc14c63c6261|6d5ad559-7c3d-43b4-ba20-f2af8b4fcde9|0e771932-2df2-41ed-ab9f-43d904196d7d
boston-seaport,92cf039a-6d71-49b4-ae85-353118e27630,STOP_SIGN,4,a86ef2e4-4d79-4ec4-9c00-c5c4d620f64e|1ecea599-60b4-4f01-bc0e-084b3c12bd1e|39b34696-6776-4cb9-877b-05f853b56f5f|8aea7eb0-a1c4-4081-ab59-daa87e36e545
boston-seaport,932db365-ad67-4635-8b60-086d394f454c,TURN_STOP,3,623a6ebe-b290-4825-9e90-c5c4d5fb9637|ada536f1-5872-4c98-a0e6-4fa3d6790712|7aecf789-bafc-488b-a6b2-4f3c1c6b9e7b
boston-seaport,93ce5c5f-5c26-4d45-8ef8-6e6ab215b054,PED_CROSSING,3,05b74398-ca6f-4a9d-a80d-ab5399231c8f|4cb2645e-12b2-40a6-b09d-8cc084ecc176|790ef45f-6a6c-4789-866e-c5fdba17bc3c
boston-seaport,94b683a4-f166-49c2-a916-60e731fd8a4d,STOP_SIGN,3,2e2e16a1-1d3f-4a52-85a4-41eb6bc37554|c427b3c4-b752-42d0-8ad5-aed206f17f23|8ee52207-75c7-4e1b-8adc-e4009f01b682
boston-seaport,94d38a2b-7f88-4ac9-b02a-8c516641ca3b,TURN_STOP,4,c7809c19-7bf1-4ceb-8561-0dd7dd80a268|e3d89195-9899-4536-9c0f-9b0592a89a2d|5e2dff05-4f0f-4b09-80eb-f4cae4bbd680|c176ff31-6e66-4a33-b95c-8c41864967cb
boston-seaport,950543ce-5ff1-4f92-9de6-b9ecec785a43,TURN_STOP,2,fa148f58-60d3-4b75-8d7f-dc691e294e4e|db3dbc17-39be-4121-8930-9a9a8a643024
boston-seaport,95baf4a0-8793-4dd8-b459-76a6a2ee2bcb,TURN_STOP,1,c0bec4fc-1387-4daa-a403-f75296268da8
boston-seaport,95d2fe6d-64d6-4378-ada9-7c14a5e3e20d,PED_CROSSING,3,595b8095-1cd5-4a5a-85a6-c6125b54677f|705d1d1a-df25-49c8-9f5d-de659c45647b|6b88e441-9298-4ab5-ab96-889948d3cea1
boston-seaport,96c4c38f-a390-4e6e-bf13-5197a4d47d1d,TURN_STOP,3,7996f2a3-53eb-452b-abd9-ead28a4c61ba|2f74571b-0d28-4b38-9c51-7ecafd803127|9cff383a-d24c-4eef-9e33-e05ebda844dc
boston-seaport,9714742f-feda-40b2-99e9-66ab972699e5,TURN_STOP,4,067165bd-d384-4479-aef4-3ba58d228b26|620010c6-07d6-401b-9b77-586cd3e7edba|8aea7eb0-a1c4-4081-ab59-daa87e36e545|30b01cc7-f271-49b2-88f7-475ba4b1fb0d
boston-seaport,97da92f5-bc04-4aca-8e5c-aeddf3f1fd52,STOP_SIGN,2,22b954b4-97a1-4da1-a64d-422de24b8c97|a167b2ed-6279-44c8-bc0e-917668f987d4
boston-seaport,9881d116-f04b-4bf8-a4e0-1c8bfb67dafc,TURN_STOP,2,75b14938-e52e-4607-b7a6-a5e9e0fb8f8f|c9791f42-a89b-4307-9764-143c953dee11
boston-seaport,988456e8-f1b0-495c-9b88-9a1cb180ca9b,TURN_STOP,1,7aecf789-bafc-488b-a6b2-4f3c1c6b9e7b
boston-seaport,98865771-4641-4866-9db4-9ced9ae1eb0c,PED_CROSSING,2,65c1927b-ceeb-467e-8e62-c3fe33485842|74755340-4f19-4257-b83f-2fc16a870334
boston-seaport,98895cf7-2c97-4074-bc53-5d2fad79d695,TRAFFIC_LIGHT,6,3182177c-a6ee-4d95-b7da-a08842ffae50|e9dd42d6-baaa-4ce2-b47d-f7e88afa53ae|fdbb1f3d-9f06-468c-9364-5d994b2036f2|bc02fc35-70ac-4a11-9fa6-a27e4d987643|a2ef18af-1b04-4157-a6f3-15737df42167|3a3dfb21-eb2e-4c48-b151-61841800523d
boston-seaport,989f2d9c-14e4-4b79-9942-badb5b808acd,TURN_STOP,2,77d3f4ea-c68d-43c9-b889-fdf9faf91053|6aede176-0c9a-4173-8002-614539057586
boston-seaport,98d614a1-fd0f-4d32-8d53-5ead0483d083,PED_CROSSING,3,2fee6c4b-578c-4344-bfb6-67cfb7cb6c3a|817c6acb-fbcd-4f3b-b3d2-fba32a17c712|5bc5c007-0aae-4530-9173-bfcf8b989379
boston-seaport,9943570b-3f82-45b3-b287-24846799b2e7,TURN_STOP,2,176df598-5817-4d3d-b172-9d9319d7d85f|f6599c6d-fc2d-4c8f-b3d6-b4f651b93ebf
boston-seaport,99ab9781-e572-4e0d-96ee-ed09ea78bf35,PED_CROSSING,3,1c52102c-e43a-494d-b792-40ce132113e7|9de62069-4dce-45f1-884e-9547e471a32e|0e85fce6-abdf-490c-b1ef-2899ed79aa22
boston-seaport,9b433698-59d7-4259-af5e-d748b691553e,TURN_STOP,1,b3b0ed8a-c1a6-4fe9-afd8-c237b0b49f33
boston-seaport,9c220089-3289-4a15-8aab-03655cd9b94b,STOP_SIGN,1,fa643c96-bb60-4bbf-b9eb-2855c6c643e3
boston-seaport,9c639d78-8357-4496-a68f-aca369df89a0,PED_CROSSING,3,c04e23b3-4abe-4bff-8ed7-6017334a0422|7ac7d543-d61c-492c-a078-117aec79d94f|d2b742b8-e6fa-4f14-b53a-6cd0b2fbf9c7
boston-seaport,9ce43f1f-559f-417d-a1fb-4104403c3751,TURN_STOP,3,f303ef0a-082d-4ec3-8d82-eaef8e42de72|d3a24cd0-d3ee-4435-818a-b4fc6492752f|9f8da5b7-61a4-4345-9565-16c45518e9db
boston-seaport,9d8d0a75-f349-4cd9-a8b1-967c46c65da8,STOP_SIGN,4,606620e5-6299-4157-9cd2-6ad1e7aa9350|93bfb678-d881-448e-9332-89ce68ad70de|0beec669-fad2-49e1-aa10-9d9aa0147a87|04404fa5-969f-4d31-a33b-ed6531bce904
boston-seaport,9dc3c6ef-34de-44e8-92fe-e1ebd98da705,STOP_SIGN,3,c04e23b3-4abe-4bff-8ed7-6017334a0422|7ac7d543-d61c-492c-a078-117aec79d94f|d2b742b8-e6fa-4f14-b53a-6cd0b2fbf9c7
boston-seaport,9dc50658-8f26-446a-a9c2-b5138893f83c,TURN_STOP,4,c67e592f-2e73-4165-b8cf-64165bb300a8|8245d394-389e-4006-9146-e877055e0b3e|6be19fe2-81b1-4f6b-b949-891e6263ff0d|09908dfd-417d-43ed-9a7b-46d18d32da38
boston-seaport,9e9f66fc-77a6-4768-9911-5fe9c05845d9,TURN_STOP,1,8c4e71e6-ec2c-4e25-85ae-4601a29eec35
boston-seaport,9ebc804f-db4d-433a-b566-02ce8dedfbf5,TURN_STOP,2,fd507478-2312-4887-9d11-323dfedf56f7|7086c64b-c064-4172-9438-68f635b9ba89
boston-seaport,9eef2484-fb9d-448e-8b87-e2e76952aeec,TURN_STOP,4,efedc9a8-d27b-496e-876e-a47c54cc4465|f2ba81d3-0692-48a1-8458-371647bf600d|b4cc81c0-8f7b-4438-a8a9-dd8ac1c02ecb|52cbed63-81f2-4f27-a30d-df9cef4b9468
boston-seaport,9ef289aa-540d-45eb-8a5c-c2cc15af4b7f,PED_CROSSING,4,5247772a-1358-42de-8bfe-6007a37cdfe2|595b8095-1cd5-4a5a-85a6-c6125b54677f|3a13c5a1-bb4b-4e0f-a8a6-f9ab374415ed|c1e17732-0e6c-488d-9046-e32405116869
boston-seaport,9f12cca0-b9bf-4eca-a0be-0b985919b868,TRAFFIC_LIGHT,4,bc10ea79-a763-4e9b-9bce-e879166a94c8|bc3d1abb-2103-4450-8560-ec4100e2caa6|890db76b-8c22-48cb-8e34-15446cd40e44|922b5a28-8e4a-4f92-b1e3-83e986047a54
boston-seaport,9ff1abbf-134f-4344-adc6-675161cf485a,PED_CROSSING,1,e67c59b8-7d98-4b40-b847-6e96f6c2c52d
boston-seaport,a0a7add0-21b7-4754-9a31-b3a2b900df89,TURN_STOP,3,8245d394-389e-4006-9146-e877055e0b3e|9b71f3ff-dbc5-40d8-90e6-b504019257bd|03e852e4-04fc-4a3d-bca5-ca647ca83447
boston-seaport,a0d52dd1-e01a-48ab-aa47-ac5ff5cf7564,TURN_STOP,2,75f8191a-356f-46d7-93c5-cf87f79b3c84|88523e1a-67ce-440a-8941-67c707425ab7
boston-seaport,a0e70855-8c9e-458a-b4ee-cfdf972cbf7d,PED_CROSSING,2,0753a9d4-1c51-4217-965c-93e564be6106|33f16b7d-3e80-45d2-bb28-ef14ba4475bf
boston-seaport,a12735b0-099c-478e-ae6f-3e832eff0ce4,PED_CROSSING,3,9a140aed-882c-48b3-abf3-e0ede3686b42|8c4e71e6-ec2c-4e25-85ae-4601a29eec35|29ba28a0-7a31-4b6a-bc90-c21eee81512e
boston-seaport,a15b5e66-0aab-4bec-9591-4a69593452ce,TRAFFIC_LIGHT,3,da0eda41-ce54-45a5-9c7b-33293178992e|55392761-4e19-4d14-b5af-14507ff3b5b9|1e4d8548-5951-4a02-b990-2c7c74c49dde
boston-seaport,a1a6d853-a73e-40b8-939c-d8279f582199,TURN_STOP,1,555faf45-ee02-407f-af9f-4a4c59dc8c6b
boston-seaport,a1ad0e30-b3d8-4e33-82af-9379d2e810f7,TRAFFIC_LIGHT,7,068467e0-cc59-4d92-8ae6-202803716ca9|5cb5049b-6a0d-45ca-b683-82fcf3390b8f|d266852f-b893-48ab-a92a-57c4e1715463|2e52085b-9f9c-47e3-882b-039152cacd2a|49406018-d9b9-4221-806d-167d8d78916c|59b82368-6b67-42f2-ad87-3126f8b8670b|f5475568-4486-41ea-a343-217e4575cc4e
boston-seaport,a1c04512-8f1a-451c-b4c5-36f7d12026f7,TURN_STOP,1,890db76b-8c22-48cb-8e34-15446cd40e44
boston-seaport,a1cac14d-d68d-4a3d-a098-cf7b2fa48cc9,TURN_STOP,2,8c4e71e6-ec2c-4e25-85ae-4601a29eec35|29ba28a0-7a31-4b6a-bc90-c21eee81512e
boston-seaport,a205bf38-6f86-4d2c-980e-1e160b6ca83d,STOP_SIGN,1,84211b06-624f-4bf8-8627-9d3fcc6917be
boston-seaport,a2c97b1b-efb4-418b-ac3b-3193934ff1cd,TURN_STOP,3,32270ce6-56dd-456f-9e0f-2d36e593dc87|935a4220-871d-4052-b773-6c64874254de|deff8d9c-e64b-4a0c-acdb-c1fa86645c1e
boston-seaport,a30709f7-5413-43aa-833a-f3d47ddf9531,PED_CROSSING,2,06194a4d-8fcc-4277-b1ea-4760dc0a3a22|f678e022-73c8-440a-a27c-9844206ecb24
boston-seaport,a3186701-db1d-4196-90a4-6c488c852057,STOP_SIGN,3,7fbf48d6-c89b-4636-85ba-aade598e2c52|3f035eb1-e3a1-4ef6-a483-babf0830a1af|2f7bcea3-fa9e-41c1-9509-05ae936089c9
boston-seaport,a33630ba-8ecc-4488-8453-3742341f1a9d,STOP_SIGN,1,1bcb0457-c0a4-4d23-bdaf-7db6f366e606
boston-seaport,a3b19e7f-56aa-4d57-adbc-f7aba99c55b8,STOP_SIGN,1,f9a5b96e-1436-4e11-80c1-ac858bd1436f
boston-seaport,a3c15ef7-0f47-47c5-b81b-77196218d484,STOP_SIGN,1,dcc169d6-9afb-4ca6-92b6-2716a43c683e
boston-seaport,a45f57e5-da8a-4461-9dbb-0a6685caedfd,PED_CROSSING,3,6929e9e5-2483-43ac-a9c7-7bd6cb6e2371|dfe0a752-d30b-4bf4-8302-345f3ba078ac|3d2eb751-8199-44ac-abaf-bb8cf2e4726f
boston-seaport,a46721e6-f43c-441f-93ef-213dc34ce151,TURN_STOP,1,7ac7d543-d61c-492c-a078-117aec79d94f
boston-seaport,a4bdc0d6-f1c1-429c-9db9-e3dd8ca710da,PED_CROSSING,1,dcc169d6-9afb-4ca6-92b6-2716a43c683e
boston-seaport,a5ad8a64-6029-4004-91dd-a9755baf940c,TRAFFIC_LIGHT,8,31f13ebc-e298-4798-b632-94c1780d090b|364fc55d-a8f9-40a4-b675-5d6c956b3db8|4293f083-d893-46aa-8ae3-7b92af38e4c1|5fb56fb0-f1bc-4d8f-8107-18a7d8aaa7d2|e1db7566-333b-4ad4-9241-13a6cdec6768|6f713149-b57d-4db6-9656-9c3e6d745f2a|588efa13-c9ff-4cc8-9dc2-e412805c1d9f|bd03d20e-3763-4c7c-b640-9ab8b9d2ae4f
boston-seaport,a5f47dd8-f893-4d6f-b396-12fff4368726,TURN_STOP,2,9d15d2ab-c1eb-4636-8506-ef379d477b4d|6204d120-fc12-45c4-9563-702c716eb7c1
boston-seaport,a69d1afe-4c90-4a00-beba-580008b4dfa9,TRAFFIC_LIGHT,5,1e7f9c5c-c948-44dd-9169-ee87deb5de1d|dccf1f4e-9f6c-4acf-855b-1d007a659ced|7bd6b20c-cf98-4c88-9f0d-eeb0da6e5ea8|3b35944a-a89e-4aa2-9bfd-c235d51e2475|c259cbe4-0085-44b7-9f65-732f95e390be
boston-seaport,a6d871f9-6d2d-4912-bec5-557695a22532,TURN_STOP,1,b20a370f-14f2-4883-b017-4f14ad0f7030
boston-seaport,a712387f-153a-4be5-ad44-1e93fab24001,PED_CROSSING,2,1985f2f5-c505-420f-86c2-0aaf496c9dcb|edd294c7-5e0a-45ef-aa40-8fcc4c259510
boston-seaport,a897767f-562f-4d59-9954-a16055087d6b,TURN_STOP,1,83eadacc-84de-4615-9fe8-908c9eded56d
boston-seaport,a983519a-8569-413c-a46c-0d13efb0883d,PED_CROSSING,2,c677d947-7d2d-4d4c-8381-cb2ca0448a1a|437f0b1f-cc90-4366-85ac-07b134b09d42
boston-seaport,a9bf2fa6-70d2-457f-9408-d486355e9fe1,TURN_STOP,2,bf67eabe-f3b8-4515-bfa1-ff8107322d1f|54e1fd2b-4c8e-4258-8109-a97d8ca5b62f
boston-seaport,aa361dda-9c95-4400-b117-24ffd00dfd84,TRAFFIC_LIGHT,5,5851ca60-a18c-42e2-a115-a74dd9e3ce6a|f04a53f0-2903-4192-8817-42f91b27d422|dc18c231-2f7e-46a7-8bab-8493158ed882|83eadacc-84de-4615-9fe8-908c9eded56d|9144ec1d-4409-4ce5-99ca-2776a349d47f
boston-seaport,aaae9034-c0f1-40aa-973e-c230e4e4db28,PED_CROSSING,4,fd7dc1c7-45c7-43ec-ae07-23619caed278|b20a370f-14f2-4883-b017-4f14ad0f7030|1fae83b3-f1c8-471f-96b5-927b8aac2f4e|0de48041-bb21-4564-bcac-ecd0b6bf65f6
boston-seaport,aab72fb5-d551-4e3d-8a64-1880431774e3,PED_CROSSING,2,1269f4a6-5c43-48fb-8c6e-59e16e8d7d30|fdb25724-1410-4167-84e2-499ec93c8e9b
boston-seaport,aad77f23-447b-4233-a342-516608f2db3b,PED_CROSSING,3,0aad1380-534f-455f-af75-37eb49b99be3|b28ea0f9-0d5b-4bf0-a193-148b152c2d92|8b79e830-05ce-4cc4-ad72-2339e0c76bbb
boston-seaport,ab7688b0-c6e9-4e76-9f03-d490d25fc9e3,PED_CROSSING,2,e7eb1c2e-fdb2-443e-8710-85eed882fa37|c78265b0-c747-47c2-b783-48425556322d
boston-seaport,ac051b42-b2dd-46e7-9a8d-753908d45cd4,TRAFFIC_LIGHT,3,459b2053-4731-492d-826e-0b9bc3cc2f3a|851400f1-305e-46e4-aba8-cb7d9863dfed|19e74c88-1aae-4f72-b93f-a787caea96c3
boston-seaport,ac166065-4533-4b0a-8997-cd8044921ed0,PED_CROSSING,2,f4522a6e-4e08-4b97-8d46-35bf3c2bcd38|0b3edf71-30f7-4b6c-b525-8b01e028746d
boston-seaport,ac335f57-1746-48c5-9aba-f1597ec0e4d0,TRAFFIC_LIGHT,5,11a7f73d-2ab2-4ef7-a827-6ebe4e1b37ce|73166286-0df4-47dc-9b3e-03e2173a5749|d1912fde-7fbc-4c56-be4a-a4a621863ab1|cbf872b6-ab28-43d7-b6b9-03e4336eba87|4658b825-e993-44e3-aee2-e21cdb222d0b
boston-seaport,ac4054b0-118a-47a4-8a29-e922a34bedeb,STOP_SIGN,3,c0752404-34d0-4475-beaf-99ed824ef249|7b5e9acd-a578-4782-abe7-1edd24b8f0ed|0b031f86-78a4-42af-a264-6ee37d00270f
boston-seaport,ac8734f4-0b4a-4aaf-b125-c782abeebd4f,STOP_SIGN,1,21d6ca1e-2b3a-4799-91ce-7d3b21765575
boston-seaport,ad7a2ef9-9394-4aae-97bb-caf3dab3bbd9,PED_CROSSING,3,01f896fa-fd6a-400e-87a3-6b1afda98c92|a5a68fe1-03e5-42aa-abc1-1094aa15149f|01c5a857-4975-42ae-afb4-47a41d1865dd
boston-seaport,ade794e3-22a4-4742-b859-6f1c3b57a738,TRAFFIC_LIGHT,2,85c6f747-5bcb-4733-b185-9040f68a2da2|defc7e7a-fd19-44f9-be82-cbad4cd610d5
boston-seaport,ae77981c-52d6-42a6-8f83-86549f8037de,PED_CROSSING,1,ad617542-b0ce-499c-86a2-6e19832cfc18
boston-seaport,af13b9ca-9317-410e-b8b2-f75b40b61a5c,TURN_STOP,2,d20d1c1a-306e-4d69-b076-a4e8e796b5de|8701d865-2515-4c5a-a7e7-f2ff3867dff3
boston-seaport,af72a342-ac7e-4055-adc0-ff2da1c81953,TURN_STOP,2,aac715dd-8c9a-4d81-b2cd-6cca9cd507bb|0b3edf71-30f7-4b6c-b525-8b01e028746d
boston-seaport,afa87654-d20d-4a8d-ab4a-ed35c55d5fe0,STOP_SIGN,3,37ea15ba-2024-40fd-84da-5a11799d8108|7ccce197-fc1a-4627-b275-141b6bb17eb3|21985f53-5fb9-4746-8dbb-eb0df92d33cf
boston-seaport,b00e8871-41e7-4e6c-a620-ed4227204b33,TURN_STOP,1,7fc51637-9aed-4915-8b58-f522a1207924
boston-seaport,b06f02b2-1d45-4b9a-9cbc-56041be3711f,PED_CROSSING,1,34fb198a-75cb-4188-bbe8-d89235bad4e2
boston-seaport,b0ed0eca-65dc-434c-9ee8-c8169292fcc2,PED_CROSSING,2,4bb7213d-b421-4101-aa95-bf8865c1cfc1|606fae42-e732-4e2b-8018-56274a1e0150
boston-seaport,b133772a-351c-40d8-9e03-0ac397d3e2aa,TURN_STOP,3,9de62069-4dce-45f1-884e-9547e471a32e|0812c29f-f496-425c-9746-9bd1ac7054d4|447bdbb2-44e6-473e-819e-50234ef6a099
boston-seaport,b14281f2-a6ec-48a9-b94e-aceb505bb4e4,TURN_STOP,1,1d821cea-1435-49ca-9a12-454851b7a780
boston-seaport,b18a86c5-e225-47e2-a65c-4aeb18595fc5,TURN_STOP,2,b7f1ec28-3e2c-4a22-8df5-33045937dfb1|f7576e70-daf5-4c6b-a218-0581349ff857
boston-seaport,b1a806e4-7271-4af6-a911-8f4ec9587d5c,STOP_SIGN,1,c0bec4fc-1387-4daa-a403-f75296268da8
boston-seaport,b1e97b4a-c509-4899-9b52-dca340676ae9,TRAFFIC_LIGHT,8,45351c9d-59d0-4179-b82f-e122af43c1db|c376dd7b-850d-4a2e-8ed2-3e5c23d96c78|f430053f-cda3-4d32-ab3e-8166fe640080|3beff812-b896-4c79-aee2-00f76cef8047|2c0dc3c5-5bd8-4371-b378-8d5b6b832b7b|c296b8ac-9ea9-4c9e-a333-88a4c243fe08|5898a3e9-3db9-42ba-b0ce-52a9a56b68a8|fdd38a14-e559-41f5-8876-c4b793b3edbd
boston-seaport,b277ecb1-b0ff-433b-bea5-d9dc21b19927,TURN_STOP,2,00c7c72b-4049-4da7-a870-cff621d79339|09876f0c-5d64-4db2-973a-8266a72e3e0d
boston-seaport,b2ffc038-25a3-4bc0-88e3-606fbfa2165d,PED_CROSSING,1,41070c08-e409-4091-849f-ca5a62376c0c
boston-seaport,b3b72234-cb28-40b0-a21f-3a3eede41db0,TURN_STOP,4,e44fabc0-cedf-4c3e-9c92-f15d15e780e1|5a476e4e-5e89-4ae1-bfea-b11d568df5c8|91d7b4a5-de14-46ed-8165-72713cc200c6|35bfdd3a-c301-499a-a4c1-94e8343f6f49
boston-seaport,b3e0fa6c-23bb-44a7-b29d-9ace9c7fe292,TURN_STOP,3,6d09cdf5-d37e-47d0-823c-c9529e801d94|797b45f6-5c4a-4009-a92a-a462879132b1|77bec508-9056-4b85-8466-0f303f80049c
boston-seaport,b48cca0f-5699-433c-87b5-4ca790050750,TRAFFIC_LIGHT,7,9f5df2da-a7ee-4b2a-94a8-98af6123645d|c98e764c-3dd2-4cbc-982b-e68be8e795cb|ec4eae74-c6d0-43aa-88b1-cd64712ad913|aea286d9-e258-4b9e-b488-94328f417daa|001d2afd-eec8-4648-be4d-6f70a3612ded|f05fab40-265b-4626-8d31-2516c83f9303|2006a61a-eb7e-4d71-b60a-1d7aad306f5e
boston-seaport,b4af7924-30d4-486c-8e5d-d177335635c6,TURN_STOP,2,47d2cce5-92aa-485c-810a-56a56e1d6cba|759178d9-3dba-4fcb-b1b3-6ddcfc7c77fa
boston-seaport,b4c6ce20-88f4-4e72-b96d-474acaa2a2b4,PED_CROSSING,3,f5297ae0-1062-4a48-ac31-3c0e69d8289d|f4522a6e-4e08-4b97-8d46-35bf3c2bcd38|933a5385-eb8a-413a-b3a2-0e86a18f91a4
boston-seaport,b534bed0-cf98-447b-9d34-597404acea5b,PED_CROSSING,3,46751d92-3393-435b-aac9-e6f3bf534b61|6582549e-5560-48de-bc63-72987650b148|f7150d39-5613-492f-9615-07a2dc25cfce
boston-seaport,b684fe50-f089-4dc4-9cf4-cd0c30ba3a72,TURN_STOP,2,dc78cf22-8a55-4783-9989-aeda671bf89b|b21361d7-4720-4c7b-8699-76cea4df3594
boston-seaport,b6eed884-224e-477e-a8f8-8f74747b7cad,TURN_STOP,1,bb1ca76f-c7b1-4169-a245-feaa5626a1df
boston-seaport,b6f70885-4f86-4f5a-9126-5a419705e4b0,TURN_STOP,2,d3308b04-db3e-4a7c-aed7-3f646d6037da|7f25b911-17ec-4171-a242-8509d56f7be3
boston-seaport,b71bc01d-93dc-43ec-a1f0-62dcf22091a5,TURN_STOP,1,7fb9b515-2bdb-489c-bb3a-251851d6ee36
boston-seaport,b7453d1d-0050-48d0-bdae-2e67b2526082,PED_CROSSING,1,99c90907-e7a2-4b19-becc-afe2b7f013c7
boston-seaport,b7784de0-4389-4e60-a4fb-299be8aecd57,TURN_STOP,2,85056e56-aa74-4cfd-a5bd-03acdd9b34fb|66892626-1b97-4eef-875e-cee6a31712bb
boston-seaport,b7944708-571c-44a7-81ee-4e2f3abf02a7,TURN_STOP,1,6cc30bb4-e313-44d9-b647-2d1094aea0be
boston-seaport,b8b22c82-32ea-4935-b27c-91db2e7551ef,PED_CROSSING,2,6147114e-638c-46bc-9e2d-655cd67df99e|9d53c076-881e-477a-b821-d72915420745
boston-seaport,ba1772f5-825c-431d-8c2a-f3aa7df46dc6,PED_CROSSING,1,b137b438-c713-4327-9fa1-73f0b9cf2880
boston-seaport,ba867132-54ff-4ee6-8e72-fa55ad29a317,STOP_SIGN,3,623a6ebe-b290-4825-9e90-c5c4d5fb9637|ada536f1-5872-4c98-a0e6-4fa3d6790712|7aecf789-bafc-488b-a6b2-4f3c1c6b9e7b
boston-seaport,bab70097-3605-4029-b443-018a745d7519,PED_CROSSING,4,ceb91701-8669-4739-a5f2-58c48f22f2a6|0c3d99c4-e220-456a-ab56-ff7d2ffe5bad|079e7bd2-aa07-4769-9c9b-6c195bfa653c|7ac43871-c2b3-4d99-8fab-ba0f1a059eb1
boston-seaport,bb0c9f8b-fd9a-47a3-b2f4-ec9301260b7c,PED_CROSSING,4,65defdb0-421f-4c74-bd14-af675b2aa67a|1c52102c-e43a-494d-b792-40ce132113e7|31568a06-b314-4144-a9f6-26bff8506b0e|40de92de-4356-45cd-ab6d-ff8cd8a082db
boston-seaport,bb623bed-44d3-4839-bf8c-c834df5c2c99,TURN_STOP,4,9f334175-b405-4527-9c90-54a559c1a99e|57795579-dbed-4431-a0ee-5d8bf15e520b|d43e15ef-769f-4a6f-a631-3f22b31b15fd|c176ff31-6e66-4a33-b95c-8c41864967cb
boston-seaport,bd3b6890-a5b5-46c1-885f-37c517da0998,PED_CROSSING,1,cc7dacfc-9b98-48fb-9384-78d6bb512a4d
boston-seaport,bd5f0357-2f1c-422a-8302-c101573b00e3,TRAFFIC_LIGHT,2,23929494-724d-4448-b32c-a445bcf55041|641cd106-0735-4754-847a-7c378bdc7d87
boston-seaport,bdf151a9-1120-4389-a6c2-1e737eebd19f,STOP_SIGN,4,daab5e1c-fc2f-4279-aea0-720bb87138db|dbf6dfbb-98ee-43b4-8808-03085f3fe878|9466bf47-b59b-408a-9fc8-61f4c2adddd3|f557551f-745a-45c3-8a76-75de732c807f
boston-seaport,bebd9087-cd0d-4795-a153-269f5fb54a61,TURN_STOP,4,6cf0d458-81cb-443d-89d9-59f935953017|59b82368-6b67-42f2-ad87-3126f8b8670b|bd513482-210f-4cae-bb76-7922eccc66e8|c01d5c21-c658-4555-8bb4-fbb645f9476c
boston-seaport,bf61c9b0-f8d7-4de9-aada-4cf4545417d2,PED_CROSSING,2,968d8586-c7f5-43ca-8512-6ca73ef1987f|e5db12d7-9cf0-43e7-9f16-9e43fcdc06fa
boston-seaport,bf7674de-c681-41e2-8ded-278d1baa798d,PED_CROSSING,2,ece92542-c4dd-488a-8638-c7d10dd0826d|b81e5646-3357-4901-874c-a1578feccaae
boston-seaport,bfca8d95-8399-478e-a3d7-eabf4566056b,PED_CROSSING,1,f90e3760-2084-4fc3-a41b-01df3a552307
boston-seaport,c07ee29d-6ebe-46da-8ac1-95a200766821,TURN_STOP,1,f3b010b0-09e0-4b8e-b67c-905fa98bb360
boston-seaport,c08bba6c-9c33-4eef-b6ea-a5836dc1814f,TURN_STOP,1,3e82c21c-5d8c-4126-a30a-d1e1339d1c54
boston-seaport,c0fb2085-3895-499d-bf5e-544a579b47ca,TURN_STOP,2,177414b1-1467-4708-a7b4-fd318bea6465|8cef6678-190b-42f7-b11d-5dc0bbf5877e
boston-seaport,c181c285-f28d-4ada-91bc-f6c08c85ab86,TURN_STOP,2,04314df9-86fd-4d02-8c5f-2a7af9c99872|96d4d9f4-d47c-4af1-bb47-92017762bb04
boston-seaport,c2442ee9-de17-46a1-8185-40c945703d1f,PED_CROSSING,3,23b20e17-50c9-4239-84da-fecb3576532f|f19e4303-88b1-4b17-8d39-e328e47c27ac|3e82c21c-5d8c-4126-a30a-d1e1339d1c54
boston-seaport,c25d3442-5eea-45fb-8a0b-9a0167201302,TURN_STOP,2,8c2e663c-7854-42c5-8e4d-25c18b063e83|a0a5e3dd-7c85-46c7-8281-8cbcedaa00d8
boston-seaport,c26c1282-268c-43c1-a840-8fa97f0f02f4,TURN_STOP,2,4658b825-e993-44e3-aee2-e21cdb222d0b|8e0376f5-9bdd-4453-9d3a-e40f1758a9ec
boston-seaport,c294a2a4-2efe-432c-bf10-d25e5828fba2,TRAFFIC_LIGHT,4,2bf433c4-dd30-4ad9-a91f-a749be4c9e34|3a8999f8-c5d3-4929-bbc4-5043e9c30fe4|de4a29ef-8fa1-4474-8020-ec7eed292928|6276a381-8a4b-4d0c-b174-5afe44108b38
boston-seaport,c3280aa3-6166-4389-9ea5-9bba90ca89fc,TURN_STOP,1,c4f42739-fba2-4876-a343-98844bb5cf98
boston-seaport,c373578f-dfc1-475e-a2e2-6acd7f575c56,PED_CROSSING,1,53c5901a-dad9-4f0d-bcb6-c127dda2be09
boston-seaport,c37b3db7-8bf1-45eb-82ab-a93b75986f86,TRAFFIC_LIGHT,2,edb8cd3a-8d71-48b1-a801-429bab57e64e|a1532c14-c4a3-47cd-b9d4-cd10dbc81af1
boston-seaport,c3c42b11-9961-4833-89dd-cee097483194,PED_CROSSING,4,037c3d58-6ac4-4f25-abf7-2aa7ac9eead4|29bc5b22-6f4a-4a41-ac17-039fc2a70b57|a69bf2da-7e45-4d3d-b94e-b86bbe16bc6c|d71bc4ec-cd79-4d0e-a5e6-a0b3c0cdf81e
boston-seaport,c3dafb21-25d8-4c96-a8bb-1a7afce227c6,PED_CROSSING,1,a3f0280b-e9c5-49b2-b52d-383f308ae717
boston-seaport,c3dfbc36-73d7-46f3-9d0b-ae6b5d3f9dc8,STOP_SIGN,1,6542a2df-480d-42c9-adb7-7ec624dbb269
boston-seaport,c483694d-141c-4b4e-8915-b9c3a6469a2f,TURN_STOP,2,a675ce3b-1060-41f0-b762-4b0748af154e|971e6f03-1c9d-48d4-bc2f-7c76d844858f
boston-seaport,c4a67671-dac1-4eb5-bea1-48d38e338d63,TURN_STOP,3,112eb27d-9608-40b4-a82c-0a64f0383fd8|b6a1870a-e975-42d5-ad8e-238182f2f280|ab223f82-911c-4aa0-b07a-6c559cbe7e76
boston-seaport,c4af00d7-ee15-4ee7-8db1-c431f0e8110e,TRAFFIC_LIGHT,5,93abf417-21c4-4335-b392-57bb2c9f9b3f|a00e94f2-9647-4c1d-8a67-0047603f56d0|285c0837-643a-4e78-add4-0f4068b7c81c|e7034a1f-e446-4b3e-8903-2ed299376089|749200c6-bf6d-4763-b6a2-bfea8f990960
boston-seaport,c4c174cb-0108-4d4d-a611-f32503cbd9c7,STOP_SIGN,3,7c00e80f-5974-4a30-bd7b-14e4828cae27|3d242bc4-00aa-4331-b736-b15533bae374|b81e5646-3357-4901-874c-a1578feccaae
boston-seaport,c4c567cf-9450-4032-a8f3-a86eb38359b0,TRAFFIC_LIGHT,2,949980fd-9d6e-4560-85a8-a129e5b899cb|c897c9c9-4aa6-4957-a88c-202f0543b590
boston-seaport,c5377d8b-9de0-4316-a756-4b615ce69a49,PED_CROSSING,2,5172b4cc-3adb-46a7-8b39-7d9ac8a18d76|bdc2b2d9-3003-44d7-91cf-6c64db09efb3
boston-seaport,c582869f-38d8-4157-9641-c1c5f84a86e6,PED_CROSSING,2,80d16b5d-a6aa-41ba-91da-0b83cc05a7d0|b3e0949d-76b1-4643-a654-c9051c28b222
boston-seaport,c59bacb0-268d-4962-a93b-abf84dacef4f,TURN_STOP,2,8f202c3c-92c5-4df3-aa56-762f530fc142|7e600fbd-4884-41da-a98d-1130df602b01
boston-seaport,c5b18e57-9030-4960-8411-42cb623a94fe,PED_CROSSING,3,7946380a-7492-4044-8506-3058fcdf498b|fdd38a14-e559-41f5-8876-c4b793b3edbd|649e3ab2-847b-4060-9a16-b40ee8e5ecfd
boston-seaport,c5c92d77-8314-45e6-a8a7-b639e7c3ef57,TURN_STOP,2,bd513482-210f-4cae-bb76-7922eccc66e8|e28b900a-7e0b-485d-8a7d-4a70bd158bbf
boston-seaport,c5ca7144-de32-4616-8a29-531d7a08cab7,TURN_STOP,2,db3dbc17-39be-4121-8930-9a9a8a643024|922b5a28-8e4a-4f92-b1e3-83e986047a54
boston-seaport,c66b5c46-c6ed-449b-9f28-aaf95b951b47,PED_CROSSING,1,cee1fc3f-6e0d-47e7-aa92-481dcc6fc1bd
boston-seaport,c6d34ecb-1683-4f0d-ab01-3ecc07dc43f0,STOP_SIGN,2,134f8bb5-20bf-4ef1-9ace-7553a7fb3d63|bdc2b2d9-3003-44d7-91cf-6c64db09efb3
boston-seaport,c6e48534-72e9-44dd-ab4b-eba93f8ef85d,PED_CROSSING,2,93bfb678-d881-448e-9332-89ce68ad70de|7086c64b-c064-4172-9438-68f635b9ba89
boston-seaport,c78c2554-7fba-40d3-ab36-222d35f293b9,PED_CROSSING,4,5ccd1ac6-a163-4c70-97d2-38d00a52513f|c2a05d3d-cfa3-4be7-bdf1-121bf6d15318|0e85fce6-abdf-490c-b1ef-2899ed79aa22|1431b6a6-ebcc-438f-ad86-6f398b51d89c
boston-seaport,c97d3f2e-8d58-4a0d-9945-02738a95d5e0,PED_CROSSING,1,f995b526-4490-4004-be00-62037f0d6389
boston-seaport,c9aac8d3-d02e-4472-a8dd-514f0fc9c02d,PED_CROSSING,1,1ab59d37-9322-4f9e-90d9-d81653eec093
boston-seaport,c9b9c33c-f2bf-48ef-88c2-737f7920abef,PED_CROSSING,1,8b22ba25-82f6-4e36-a627-9d8876d3722f
boston-seaport,c9fc26f4-02f5-416f-ba19-2fbfa996c632,PED_CROSSING,1,c67e592f-2e73-4165-b8cf-64165bb300a8
boston-seaport,ca4bafcb-6ce8-41f9-b755-4773cf5211a5,TURN_STOP,1,001d2afd-eec8-4648-be4d-6f70a3612ded
boston-seaport,ca7eae2c-f3da-4723-b3f9-c23a8382e850,TURN_STOP,2,ecf949db-6276-4b6a-b268-d441a11c9bc9|8b021e16-5b71-4c99-8854-32bd34c3b88d
boston-seaport,cac01e04-64d4-4777-acd5-a3991093b379,TRAFFIC_LIGHT,2,c415a89f-18b4-40d9-b977-ae61cd4da875|51fc036f-922f-4fca-8c6f-377cbf99665e
boston-seaport,cac0f558-0477-4f5f-b8bb-6c35cd7fd9e2,TRAFFIC_LIGHT,5,d5415e91-d64f-4435-97a4-ef44f4ff5fc8|1fa7c707-3671-44c9-bb57-2403001f05d6|75f8b426-6bcb-4d4d-8163-915873479a96|b1a82a60-c48d-43cf-891a-cc359d365ef8|fc833eba-7e9a-4b1b-b745-83f10842f12d
boston-seaport,cacb2664-6bfd-4730-a31d-c9a50455f3c3,PED_CROSSING,2,aac715dd-8c9a-4d81-b2cd-6cca9cd507bb|f4522a6e-4e08-4b97-8d46-35bf3c2bcd38
boston-seaport,cb215754-5475-4895-a5b6-8ef8c27dfe87,TURN_STOP,2,acbae3c6-6813-4fa7-9d2a-84530c37cf35|1e6957e0-7ea7-4c62-baf1-811edb1734d2
boston-seaport,cb2335c8-57dc-4829-aa44-a6d36b1134df,STOP_SIGN,4,8bf9e7db-1297-4176-b489-e40215e43871|ab84f57d-b934-4ac5-bb9c-4203eedd459d|d21ff36d-0577-4802-823e-5923c9d56e40|9b25d045-6420-4819-bba6-4c9fc858a721
boston-seaport,cb378e44-4127-4f8a-a12d-5a097809061e,TRAFFIC_LIGHT,6,0b3e6488-77b8-44da-801b-65fba68c5827|e4c7a9aa-f07d-45ec-94ec-c95657676756|f438a5ab-c3ba-47dd-9310-c852978e7281|9c30cba6-66c2-4be0-b7f7-387ba8196991|6f76d6ef-c905-4f61-8447-eaaca2eb2299|26ee858a-a7b7-486e-bc25-b79fcf24a6a7
boston-seaport,cb68b75e-53f9-4f0f-bac7-3b429efaa568,TURN_STOP,2,1fae83b3-f1c8-471f-96b5-927b8aac2f4e|0de48041-bb21-4564-bcac-ecd0b6bf65f6
boston-seaport,cb911ba4-501b-460e-9369-a7f64203ca16,PED_CROSSING,2,2c4fe0ac-cdc9-473c-8553-dfc6ab1cb296|5d377664-5650-402a-856b-3d9221dee598
boston-seaport,cc4933fd-c6c1-46c5-8b8f-940181bc22d1,PED_CROSSING,2,92221e33-bbd4-4c7a-9f1d-5a828a177e54|58c952f3-10e1-48ab-b6f9-42f241de8765
boston-seaport,cc89a371-50e4-4326-b60e-94f1131792b8,STOP_SIGN,6,6c3c72ab-b45e-4f80-aedd-354769f40c0b|acbae3c6-6813-4fa7-9d2a-84530c37cf35|1e6957e0-7ea7-4c62-baf1-811edb1734d2|6582549e-5560-48de-bc63-72987650b148|3275f442-0616-4b5d-bffa-8a7c2f0b264d|817c6acb-fbcd-4f3b-b3d2-fba32a17c712
boston-seaport,ccf5cf46-b4b3-4bde-be63-4f76aa6beccf,TURN_STOP,3,03eaa355-2c5b-437f-aa88-582d2b44a3ea|878e2a8d-1346-4b73-a4e5-da081cf1bd8a|037cad72-0d55-4b58-b538-0a26b673dce3
boston-seaport,cd36d5eb-f030-4944-aea3-93e7c9569dcd,TURN_STOP,2,5a1209c6-4157-47c1-84f3-410589a5c782|d69521d2-a26d-442d-b03f-abed021a27c7
boston-seaport,cd78a928-30ed-4aa0-b8ec-e1c93fd2b9ed,STOP_SIGN,4,ddf186d5-5645-49af-aa02-9a6fe2c14fa0|230b4b6e-52a3-4d81-b428-1bcb19546c1c|6a90d7e3-57b5-41a5-8c9a-fc5efda13f16|30b01cc7-f271-49b2-88f7-475ba4b1fb0d
boston-seaport,cddf1137-a720-43eb-a965-79b768ccc1ca,STOP_SIGN,1,d97f044f-7c6b-44a4-91e4-a3798d3790da
boston-seaport,cdeb50e4-df7a-43b4-bcb4-e1a069848bff,TRAFFIC_LIGHT,2,60835a52-f0a0-4a9c-83bd-2955e4f20944|f2f4c158-e97e-4318-aa33-21c7da8a49de
boston-seaport,cdecc98c-5d78-43b2-bb44-d676fc4868a3,TRAFFIC_LIGHT,5,3bd50465-1442-4e2d-ae5b-cf2b787fdc98|00cf8d72-2af5-46a0-9d8b-6d5c83072919|8c510ea3-41ee-42bc-8d5e-6a9e077a75da|e0395f4e-a812-4088-bbbf-28a7699fbf85|4f2b3bda-a601-4b4f-8fcf-950f7c78f1ce
boston-seaport,ce02df5f-1c58-482e-86f0-5d1859b59471,TURN_STOP,1,7bd19b34-dab2-48be-8caa-ab8ad8148ecd
boston-seaport,ce6cfd52-0997-4a9d-89b3-4e970f3a2c51,TURN_STOP,4,c7809c19-7bf1-4ceb-8561-0dd7dd80a268|cbbd8a17-a834-4183-b285-2a3ce3b68229|ab223f82-911c-4aa0-b07a-6c559cbe7e76|6c220971-6c7c-4f9d-9e66-ad62ee3668d0
boston-seaport,cf05c4e0-2c2e-4eaf-a1d7-ca4a68edcde8,PED_CROSSING,1,9dfe1761-64e2-4f71-8664-7771e60e115c
boston-seaport,cf35b4f9-f2eb-451e-ae34-d518cd4e7d19,TURN_STOP,2,46ebf784-79aa-4523-ada2-b437b6d2fa63|b17a726e-d45c-4e0a-b30f-6706c0ec3c5f
boston-seaport,cf58c4b6-0a9c-42ba-9c0d-4798999583da,TRAFFIC_LIGHT,5,4b4fb85d-af5f-4a49-85d8-e35b03166af8|a222d466-8f50-4711-aac4-e5291c5e5d00|4fc644a6-e19e-4d97-adfd-48a39f604d32|4a901457-305c-4d21-979d-9832ee3dd790|fe89a03c-ced6-4f46-8898-5011c316e08f
boston-seaport,cf692431-dddd-4c89-8de8-c3d26103a371,PED_CROSSING,1,109d033b-13dd-4ed0-b78a-cc3640f1f072
boston-seaport,cffe13aa-991f-4cff-bcf4-2d57beb61742,TURN_STOP,5,4fc644a6-e19e-4d97-adfd-48a39f604d32|1e985c7e-276c-4adb-93fc-d5f34e16cf65|c759c43f-69fc-4d25-8e30-4cbd96966420|fe89a03c-ced6-4f46-8898-5011c316e08f|20323046-17a0-40d3-88fe-d06b66e381d6
boston-seaport,d0678265-1730-43b5-84a8-e2d9f36c516f,TURN_STOP,1,f227391d-48f9-4b9d-9274-a72bd5441857
boston-seaport,d090f631-8c74-4a7f-8768-248b522e7160,PED_CROSSING,3,22b954b4-97a1-4da1-a64d-422de24b8c97|a167b2ed-6279-44c8-bc0e-917668f987d4|df5a30ab-437f-4ed9-967a-55a1b190053e
boston-seaport,d0d6caa0-8aa2-414e-bc7f-541f85573b94,STOP_SIGN,4,fa6de28d-963e-49d0-a464-a22a2e26efb5|a369ed5f-9edf-4dbf-8334-28cf1e277742|7d3d87e2-435a-44ef-bd8c-9a32a1845cc5|9a36078e-6352-45cb-a134-e0cff096cf57
boston-seaport,d11c1b91-8c19-404f-b221-6baa32a81976,TURN_STOP,3,3a13c5a1-bb4b-4e0f-a8a6-f9ab374415ed|6582549e-5560-48de-bc63-72987650b148|c1e17732-0e6c-488d-9046-e32405116869
boston-seaport,d1e92059-61d1-4836-a7ef-b2724f73f5d4,TRAFFIC_LIGHT,8,ca1c9a94-d37f-4c5f-b18a-9550ee9c7862|d4ddc7f8-e2f7-4051-ac77-f8f9142b8084|f445fb8b-b6c4-4157-b575-4676381e1ee3|5e60035e-1777-424f-bb52-59f83357209f|da3d7db2-a6d4-4e33-b943-8e6cdf299851|1fe9a4d1-2ce2-4802-982c-caac0ae6b148|fe083b11-a299-4eb1-882d-0539b2211500|a98cf0fa-f030-476f-baee-8e5f986206cb
boston-seaport,d28f64db-a0cf-4e57-b6bf-bc286b86bcf3,TURN_STOP,3,ca9bb8cf-1930-4c0b-87fd-53e2b9394eb7|8aea7eb0-a1c4-4081-ab59-daa87e36e545|30b01cc7-f271-49b2-88f7-475ba4b1fb0d
boston-seaport,d2fa50df-1bf7-4791-b072-c95888a2696c,PED_CROSSING,3,fd507478-2312-4887-9d11-323dfedf56f7|0beec669-fad2-49e1-aa10-9d9aa0147a87|6b75d7fc-4b1f-4957-963d-401f1e8b5d96
boston-seaport,d324f10f-c0c3-4dc9-a2a4-5d354294a95a,PED_CROSSING,1,508c6a0a-ddbe-42ef-9d61-df68ad4edc97
boston-seaport,d3454712-bb50-4b80-b6d6-5aa434955924,TURN_STOP,2,07460cbd-b968-47fc-869e-4cdddc9909c8|0883820f-d3f0-430a-9bee-18e0e53a829c
boston-seaport,d358ffd0-fd71-4873-8375-387a21e757f5,PED_CROSSING,1,b3a983a5-e2b0-4d67-bcf9-d4c07fd9f283
boston-seaport,d3a247e8-8b14-4858-ac75-00e195ea092e,TURN_STOP,2,07460cbd-b968-47fc-869e-4cdddc9909c8|0883820f-d3f0-430a-9bee-18e0e53a829c
boston-seaport,d3bad99d-e057-4800-971d-8502bff308f3,TURN_STOP,2,1cd782e3-bf92-4a08-b525-7d9458b3f6df|e2ec817b-8a1c-49fb-a689-463075ebede5
boston-seaport,d3e0426f-93a5-41b8-abc6-d127a06b258e,TURN_STOP,3,daec3cdc-e76e-4b03-9474-dba0dcdd10c8|31b6de98-bc1b-47ea-a10b-075b7e80ace9|c3555579-77a1-43d1-8e84-b2718eb0221e
boston-seaport,d3f4353b-fea7-4ec6-ac9e-d2cd3c86a2c7,TURN_STOP,3,68088d77-f8d1-429b-85a9-5c8cc03a9bd4|4ae0faee-25f2-4712-a50d-9110f54ece6e|9306f662-786b-4842-af51-840f5d652660
boston-seaport,d420877b-75d7-49e9-82ad-b5b3d2aca67c,PED_CROSSING,1,88b025bb-d814-4dc8-b6bd-690cb1f03564
boston-seaport,d44f79b3-5af3-4298-bbcf-f8172cc2aa93,TURN_STOP,2,d263bd8a-4dce-4128-b3b3-66d09a14d3ad|7dcee85e-14a6-438d-9dcf-abf93baa75f9
boston-seaport,d4b7214a-7805-4b93-89d2-5c2e99bb2a92,PED_CROSSING,2,92221e33-bbd4-4c7a-9f1d-5a828a177e54|58c952f3-10e1-48ab-b6f9-42f241de8765
boston-seaport,d5141fb3-11bc-44af-8fc2-e7aac33e1c23,TRAFFIC_LIGHT,6,31325775-7491-46c9-8f40-4f52869bec5b|e2896148-c057-43dd-b79f-9b37a7ec7d1c|1df2ec80-bfa9-48e2-9719-c90cc8453ee2|aa6e659e-2bec-45e9-913a-356ce3091844|bed49b68-67df-46b7-928d-b1c5b3433780|ffb8c734-8bb9-486c-a62a-fb3d2b6b42bb
boston-seaport,d527ac09-0c86-470c-abf3-40e5f90eeb15,PED_CROSSING,6,6c3c72ab-b45e-4f80-aedd-354769f40c0b|acbae3c6-6813-4fa7-9d2a-84530c37cf35|1e6957e0-7ea7-4c62-baf1-811edb1734d2|6582549e-5560-48de-bc63-72987650b148|3275f442-0616-4b5d-bffa-8a7c2f0b264d|817c6acb-fbcd-4f3b-b3d2-fba32a17c712
boston-seaport,d5934409-65bc-4fe8-b611-1f340e118cb2,STOP_SIGN,3,b873f1f9-77a2-4bbc-b2f8-da533eadeaae|74c6051f-1528-4093-b99c-840fb5923194|f105c321-6127-448c-aad8-4918a6826ac7
boston-seaport,d59d8c3c-9917-41c5-bb3b-a64b5eb8c59c,STOP_SIGN,3,518b1508-0f4c-4a4d-a1f4-329e3d9bbe31|3d7f1ea7-c34e-44c1-a8ce-7729be928364|99d49664-1ae9-4c76-81f8-91634b8a6983
boston-seaport,d5ffcf3b-59d1-4f6a-bc7e-244596da36f8,PED_CROSSING,2,07bcaab4-7d8a-4205-b33f-f31a1a9dbda3|78cc349e-062f-42a4-bbd8-1b39f71d5b20
boston-seaport,d713caba-169a-427f-8bca-e70b282da15d,STOP_SIGN,3,623a42d9-af93-4ce3-9ada-a16afd25d362|d4cf177a-87e4-475f-aa31-694d3f8b0775|b9621910-5b76-49f0-8e6a-c861e794f93f
boston-seaport,d7910f9a-6162-4d35-968a-7d2230564993,PED_CROSSING,4,65c1927b-ceeb-467e-8e62-c3fe33485842|74755340-4f19-4257-b83f-2fc16a870334|076bf8aa-25f9-400c-a4db-0403a7a91c4e|f458c63e-0d1b-4d45-8230-b002675e3b18
boston-seaport,d7d7ac8d-daad-47f0-be51-17eef43001fe,TRAFFIC_LIGHT,6,07765ab7-77ba-4e54-ab58-7fcfca05706f|73a4fa36-76d7-492c-80a9-6f481164826a|a4124c18-6ac2-4a24-9cbc-643f40e4b712|3a66c8a2-b8ae-405f-971f-69d6cad57a3c|ec5e7f52-332b-4e2d-bc93-9b197802a3f0|a58463c7-0467-44eb-9ece-5447a3bb9ab4
boston-seaport,d7e1422d-1e32-49ce-92d2-d975bd2b872b,TURN_STOP,1,d3c6d592-3c04-454a-b502-1309035d7026
boston-seaport,d7fcda40-a9a8-43d0-bd87-7ddd301b394d,TURN_STOP,5,dc18c231-2f7e-46a7-8bab-8493158ed882|883a6f83-e483-43c4-ae02-7f7c1114090e|2b562ea9-d7fa-496a-8261-6974fe652f7c|9144ec1d-4409-4ce5-99ca-2776a349d47f|ec27c9a3-ead4-473d-a808-44beb0802e71
boston-seaport,d817c86f-11f4-4f94-8a80-e9b2dd50cb2d,PED_CROSSING,2,682a7c8e-21ec-4f8a-a575-0d4f730a45cc|70090a1b-98ae-4208-8c55-1ff65a1e9bd4
boston-seaport,d823d543-55aa-4923-a98d-d26809947261,TURN_STOP,2,00c7c72b-4049-4da7-a870-cff621d79339|09876f0c-5d64-4db2-973a-8266a72e3e0d
boston-seaport,d87a0dc2-1c38-4af1-b833-07b3df5455b9,PED_CROSSING,1,432251ba-bb66-44eb-aed0-2fa57c447864
boston-seaport,d882226d-190f-4509-b011-3e7aaf5f540d,PED_CROSSING,1,d329b62d-0dfc-4332-9db3-e46f02eede5e
boston-seaport,d93adc66-92ef-442d-a301-f810c8b9a716,PED_CROSSING,1,3b89801e-1ec8-41bc-be40-75769d894bd2
boston-seaport,d9b9f8ee-16c4-4d5f-b899-265660576a31,TURN_STOP,1,501465d7-6313-4ff2-9001-c15749493e07
boston-seaport,d9c47e14-d30a-41dd-9984-d213e340c020,TURN_STOP,3,6cf0d458-81cb-443d-89d9-59f935953017|e960885d-1199-4633-9128-28796c4edcb1|f5475568-4486-41ea-a343-217e4575cc4e
boston-seaport,da33c309-4fcf-4aa1-8195-6f5d48c85a71,PED_CROSSING,1,d97f044f-7c6b-44a4-91e4-a3798d3790da
boston-seaport,db7fef00-78b1-46c1-8717-23634ab9396c,TRAFFIC_LIGHT,2,4724d2da-28ed-4372-a517-85915aaa71ec|8bbc57ad-eaca-4028-b1be-7c298d3cdbbc
boston-seaport,db89794a-2144-4698-ac72-ef5813778819,PED_CROSSING,1,d329b62d-0dfc-4332-9db3-e46f02eede5e
boston-seaport,de6fde6d-34fd-4c5f-838b-37dd0da43b5f,TURN_STOP,2,0959d382-59f4-4e9f-b249-7d440c226a03|bea5be5a-be3e-40d9-8540-e4dcdab15ee3
boston-seaport,dec3f472-1880-4c85-a9e5-5f7d69083245,PED_CROSSING,2,3a8a923b-073c-43ba-8dd2-9c47ac85b075|937b1d85-2ebf-4f32-9dab-3e1f7bd2077c
boston-seaport,df4d154c-dfc2-41cf-a977-f938d7fd7ed9,TURN_STOP,2,acbae3c6-6813-4fa7-9d2a-84530c37cf35|1e6957e0-7ea7-4c62-baf1-811edb1734d2
boston-seaport,df6f85f7-a6ff-44d8-9558-dbf4c08c30b5,TURN_STOP,4,e1db7566-333b-4ad4-9241-13a6cdec6768|56a24364-84c7-4973-9f72-cadf0abdc5d3|053a9598-990a-4b48-b99d-2cffe580a80e|bd03d20e-3763-4c7c-b640-9ab8b9d2ae4f
boston-seaport,dfa9320d-57ff-4aa0-96e7-ebdf39c5e26f,TURN_STOP,2,f430f151-31c4-41c8-aca8-bb8dd19f49af|1fd4c82f-ce9c-4a0c-9016-01327fe62d73
boston-seaport,dfe4e48f-e00a-4b84-99da-d450c680d1d9,TURN_STOP,1,2a5284f5-35a2-45e2-8117-39cf4b8f7543
boston-seaport,e032b2b6-f832-49c2-a781-5528ab1d6709,TRAFFIC_LIGHT,7,4f2d60b5-0169-421b-8066-29227383562b|88274dd5-943e-4730-93cf-13a62049cfeb|ab94de49-5a11-4907-aaad-02bc47219dde|8055f7cb-4bb5-49eb-9b9e-0e8b08001199|9f334175-b405-4527-9c90-54a559c1a99e|e3d89195-9899-4536-9c0f-9b0592a89a2d|5e2dff05-4f0f-4b09-80eb-f4cae4bbd680
boston-seaport,e057b501-6ba8-4e8b-b9bd-3e1301f2a983,PED_CROSSING,3,46751d92-3393-435b-aac9-e6f3bf534b61|e65320a6-0e52-4705-bb81-9cb627c8b9a9|3a13c5a1-bb4b-4e0f-a8a6-f9ab374415ed
boston-seaport,e140794e-aec3-4374-a619-16e4e66965d4,PED_CROSSING,5,fc0cbac6-f6cd-4a83-87f2-ed18c307e1ff|a4c3f533-a98d-4865-8114-d923d4f1c1dc|718de231-b519-4f9d-a7f9-c179862c8813|833d44de-013d-4430-aa1f-3b6cf3cd28e1|3499ce6d-5756-4c97-981f-e3ba60fdfc7f
boston-seaport,e14ed1be-30e4-410a-b390-ad0c3f8b8e97,TURN_STOP,3,620010c6-07d6-401b-9b77-586cd3e7edba|ca9bb8cf-1930-4c0b-87fd-53e2b9394eb7|6a90d7e3-57b5-41a5-8c9a-fc5efda13f16
boston-seaport,e16c1005-2173-41c4-818d-94d5ef47d844,PED_CROSSING,2,c427b3c4-b752-42d0-8ad5-aed206f17f23|8ee52207-75c7-4e1b-8adc-e4009f01b682
boston-seaport,e1d537de-a192-41e6-8caa-803c4b2f7af2,TRAFFIC_LIGHT,2,10782cae-91a0-432e-bf83-c23b29d2dda0|29c81178-3693-4489-8e9f-991d8b9790e5
boston-seaport,e1f49b0f-b57c-462a-bd8c-8b66e111918b,PED_CROSSING,1,2dd29fdb-0d04-4df9-825e-ef66ec060543
boston-seaport,e1f73d68-3bcd-4042-b65c-2f655a0b8792,TURN_STOP,3,4108b04b-9f06-42b7-bcef-8f67964b66ca|4f546776-a367-4af8-b2ac-9fdd0d472eaa|7b33435d-be2d-4eda-8486-8c35bef6bcfb
boston-seaport,e399e6aa-afdb-4f50-b9f4-66dee7fb7b6b,TRAFFIC_LIGHT,8,32e1e37c-f036-4f8e-a7f0-d6d75cd7bc65|86e82f4b-b362-43d1-9564-ae8d5292a5d9|cd45a1a7-e06d-49c4-b3bd-966fa435ae7c|6147114e-638c-46bc-9e2d-655cd67df99e|57795579-dbed-4431-a0ee-5d8bf15e520b|c7a5dc3b-4f20-443c-9fe3-c3f220f47e65|d43e15ef-769f-4a6f-a631-3f22b31b15fd|cbbd8a17-a834-4183-b285-2a3ce3b68229
boston-seaport,e3aebbe6-c5a4-438c-b7f4-354a1498a45e,TRAFFIC_LIGHT,6,19793eeb-57ca-4441-8d4a-b0ca5774c70f|759be38b-711a-4c73-9f50-650436a17494|8a7a7eb0-4503-46a2-8338-cde8ccbb55b8|b6131c65-6209-4f6a-8b28-1974ad163840|2a6178ab-a7d3-429d-a07d-d2a8fd0ddf8f|3687c935-6d58-4aab-ab63-bbb65498c47a
boston-seaport,e41db6f1-8b96-4b40-98dc-e9b8735b7ab0,TURN_STOP,3,262751e8-8dc6-4124-86fb-90d5eb9a7ea3|769ca133-49fb-4437-af05-de7c30bda1f6|88523e1a-67ce-440a-8941-67c707425ab7
boston-seaport,e422122d-72b4-4d41-bf63-ba70aff54b38,STOP_SIGN,1,994521eb-fb2b-4e45-a389-a5af31af5838
boston-seaport,e4aadffe-8282-41ba-9a7c-ceb69d25aea2,TRAFFIC_LIGHT,2,aee0b750-a29c-48b4-96e3-57a6f43c20b7|ec4602a3-d031-456f-b54c-ee82d5877af9
boston-seaport,e4f5a4db-a5de-48a9-9bd0-76537bfab9de,TURN_STOP,5,b369780b-821d-4c0e-8fcd-c3318956eb1e|066e4bc6-cd1a-4f60-92b3-be69cd5ee56c|acc88a96-1864-47a4-aeb1-72bed30b2d19|7a75d118-21cf-414b-8ef8-fa1109350ecb|e2ec817b-8a1c-49fb-a689-463075ebede5
boston-seaport,e4fb0386-3efe-438b-a9f3-4515d980df64,PED_CROSSING,6,20756b38-6364-43c7-8dcf-d68c47321748|87a462bc-83b9-46e1-a2e8-708e78162914|598c335b-235c-4032-ad39-b83ec5348d95|c3f65969-e807-40f5-b89f-d4ebd4a5d16b|ae60847c-cb30-40e8-8b21-430757710f77|301e92d3-fddf-4490-9713-4205b834ddf0
boston-seaport,e50f2a35-3f07-4cb5-8b1b-487dd9ee08b0,TRAFFIC_LIGHT,1,714f7a00-99c1-47b1-bf7b-aded9bc14c73
boston-seaport,e5685565-f87e-49e0-8e17-c4f38ff4a2ba,TURN_STOP,1,84d75af1-e7b6-44e9-bb46-2c1c161c5c43
boston-seaport,e5774642-03ab-4398-a7d4-df1b30eac19d,TURN_STOP,2,8bf14c25-7acf-4962-9241-ce7dba8c947a|8e0376f5-9bdd-4453-9d3a-e40f1758a9ec
boston-seaport,e5bda877-611c-4d90-9cc9-2d2e50120976,TURN_STOP,2,39b34696-6776-4cb9-877b-05f853b56f5f|b712d06a-1381-43ba-9d3a-ec52ecfb7f98
boston-seaport,e5d1a6cd-e9df-4a10-a716-7825ecea71f8,STOP_SIGN,1,545e101f-19c7-4d57-a573-35cccc0222ce
boston-seaport,e5efc497-d7a9-40c5-ab8a-4ed17ca5ba76,PED_CROSSING,3,6b88e441-9298-4ab5-ab96-889948d3cea1|1e6957e0-7ea7-4c62-baf1-811edb1734d2|27549ee9-0c3e-4589-8f27-f67f3f613097
boston-seaport,e5f4ed8c-3f0d-4839-b3d2-716c227fe7d4,STOP_SIGN,2,de2ac100-e112-4801-b1f3-b403e4e8c995|28001f1e-9d93-4d65-a4dd-aa292aed8f2b
boston-seaport,e61564cc-74a9-492e-9315-a0eb0a4847fa,STOP_SIGN,3,4875a588-d722-404d-b522-f83013a08b0a|00c7c72b-4049-4da7-a870-cff621d79339|09876f0c-5d64-4db2-973a-8266a72e3e0d
boston-seaport,e61976cf-88bc-44d3-8199-5b7b28b3d602,PED_CROSSING,1,dc6d1201-8286-4c3a-9b3c-371a06c146fd
boston-seaport,e6672c40-8c52-434c-848b-fd81c9fb69ab,TURN_STOP,1,23d819b0-51fe-412b-a140-b67e2969924c
boston-seaport,e6fc197e-8dfd-4106-b0dc-307e3fc9c979,PED_CROSSING,3,f1c7a6c0-3535-44d0-b9e6-aa1e0c664d6b|623a6ebe-b290-4825-9e90-c5c4d5fb9637|6be19fe2-81b1-4f6b-b949-891e6263ff0d
boston-seaport,e7357039-2eca-40ae-be15-c910d9e1cce9,PED_CROSSING,2,c8ca4a6b-46bf-47e1-bdb9-74e40ea76fe1|33f16b7d-3e80-45d2-bb28-ef14ba4475bf
boston-seaport,e7579034-f9eb-4c21-9e77-afd1e6663fdb,PED_CROSSING,1,9c6d76b2-26be-4ac2-bc5b-4471d721e27d
boston-seaport,e775e1a9-8bfa-4143-9453-9bb41de5505e,TURN_STOP,4,f1d9bc5a-b7be-4205-b1ff-5828f21bae8e|77d66bbb-fae2-4606-9e7f-f1951649285b|ecf949db-6276-4b6a-b268-d441a11c9bc9|8b021e16-5b71-4c99-8854-32bd34c3b88d
boston-seaport,e79fb9e7-dfc1-45e9-968a-77fc54a8af9c,TRAFFIC_LIGHT,2,0f98559f-b844-424a-bfc5-8f8b19aa3724|4e13a1c5-4769-4e64-a03b-affaf90f7289
boston-seaport,e7c18db4-b785-43a0-bb82-b9c408f1a04c,STOP_SIGN,3,bfa48760-c474-4fbf-aefc-64baa8fce9f2|1f23acdd-115c-496b-9489-01e1f9aeaece|c0156ae5-3347-4052-b502-93828f67a1cd
boston-seaport,e7e2a599-9aae-4557-a3d4-616b2c02540b,TRAFFIC_LIGHT,1,cdd65865-b8e0-4fd8-aa22-d114319234c3
boston-seaport,e8408464-7a42-4ddc-8dc1-172603d1a11d,TURN_STOP,2,47d2cce5-92aa-485c-810a-56a56e1d6cba|759178d9-3dba-4fcb-b1b3-6ddcfc7c77fa
boston-seaport,e841e4a5-8002-4ae2-a70e-ac9b77135146,TURN_STOP,2,18ea9815-6127-48c6-a70d-dceab58864fd|68938af2-8e34-4735-8b86-85d743983f03
boston-seaport,e85fc11d-277b-4952-a4f1-797d8b4e1cda,STOP_SIGN,1,d0a778a6-8abd-46cb-b8ce-eb9c660895cd
boston-seaport,e886493f-e0f5-411f-ac66-33877964ee3a,PED_CROSSING,4,4aa3ef96-eb34-4fab-ab62-7a4f5b39e46a|7a81dc27-7d22-4437-9de6-eda3d45c7745|0015fe5a-59f5-4f2f-9b7b-f9da83c457bd|f510d2d8-b27e-4d84-b162-5fdb6f17d927
boston-seaport,e8bdc9e7-4f47-48f2-846e-b83afd7b4f3f,TURN_STOP,3,a8d76f0c-803c-4228-a5af-a639d5c4916c|03e852e4-04fc-4a3d-bca5-ca647ca83447|1f4b45b4-0bf3-4833-8822-6e529c32d3c1
boston-seaport,e8ce5f09-c5ed-4106-b4a7-78fd750bd2bb,TRAFFIC_LIGHT,3,82762b59-06b1-43b1-8613-c0cf2aea1048|a4d3e079-9eb1-461f-b595-008661bae6cd|014d217b-3581-4c4b-b5f1-d9ea7ef6973e
boston-seaport,e94ad7b0-d797-40b9-b649-934517dddf94,TURN_STOP,2,19ccf991-8b2e-4aa4-92f0-d019c57bd8aa|62d1ad85-2cc7-43f3-af48-465bdcc31e05
boston-seaport,e99cf419-b714-43a0-a167-945d916508ae,PED_CROSSING,1,e9306171-9dfd-4235-9071-5a5017edd289
boston-seaport,e9d5adfa-c2f0-424f-ab1b-2fecb22cd570,STOP_SIGN,5,d225a814-6b79-4be2-80ee-769880a05726|b0585ccd-bc27-4f50-a537-46eb1a52258b|a4c3f533-a98d-4865-8114-d923d4f1c1dc|bdae8dff-0370-4013-a733-82fd9df653f6|833d44de-013d-4430-aa1f-3b6cf3cd28e1
boston-seaport,e9d7e870-7d42-45a0-bde2-7562a874521a,TRAFFIC_LIGHT,1,41326665-f537-4f75-b99a-60527479181a
boston-seaport,ea8596fa-f559-4b35-8256-1c9ae8977546,TRAFFIC_LIGHT,5,295fb49d-21dc-4aa5-99fe-4ddcde73de46|3251da3c-9621-4d75-83c5-620a00034aaf|39ea65e2-51fd-4aef-8ce2-82e69d35c427|db3dbc17-39be-4121-8930-9a9a8a643024|dc581164-751d-4250-8a5c-e6b799543d82
boston-seaport,eafe37eb-4712-415c-9cab-f711f27bb75f,TRAFFIC_LIGHT,6,7186f825-c0eb-4ab6-8350-638ef8c9439b|8e2df45d-3d14-4c43-b7bd-0b92c3e91928|a89902be-1638-4793-84c8-2e982db64648|9728f117-a579-4773-a230-0e0c10960379|693f0a4b-3428-4746-b916-6a9521150cb6|537f26b9-9849-4c0d-9f85-0379bbb1f984
boston-seaport,eb3fc31a-ab55-49b3-ba8e-08da46fdb25b,TRAFFIC_LIGHT,5,67276eb4-9f37-4ed0-9ddf-ff4dd0e73305|d49acd82-c879-44ba-9c16-b0b4ed55c44f|6c661343-2dcf-47be-bf26-078947308955|456629c3-541c-4ff9-8130-e9f597ee6ef5|ec27c9a3-ead4-473d-a808-44beb0802e71
boston-seaport,ebbda889-573e-4602-8378-3d6345bf3acf,TURN_STOP,1,ffeb5ae8-8cfe-45d6-8755-f15297b15515
boston-seaport,ebcf687d-17a4-4fa9-9570-d8ada1237e49,TURN_STOP,2,c340c297-c188-4c46-8acf-46310c3f677d|6a397ae4-d4a8-4b36-bee1-aca9fc7d7587
boston-seaport,ec039553-6a53-4bf4-bb1d-e9ecfe98dcf5,PED_CROSSING,2,7b5e9acd-a578-4782-abe7-1edd24b8f0ed|7b33435d-be2d-4eda-8486-8c35bef6bcfb
boston-seaport,ecd89e51-e15d-4bce-bacf-ba5bc597c4ab,TURN_STOP,1,3a3dfb21-eb2e-4c48-b151-61841800523d
boston-seaport,ecf49c14-96fc-421f-925e-25abe91edd0b,PED_CROSSING,3,45aafa0e-8f29-4ec1-bb9a-acf020671152|177414b1-1467-4708-a7b4-fd318bea6465|8cef6678-190b-42f7-b11d-5dc0bbf5877e
boston-seaport,ed9b4802-f74c-44d4-9b38-2ec849f4c06e,PED_CROSSING,3,61fea18a-8059-4ba4-97fc-3a5eb391bcdc|937435bc-1835-486a-aecc-0a0b7ebf9f08|bfa48760-c474-4fbf-aefc-64baa8fce9f2
boston-seaport,ee40ed8d-a56b-4db5-b3dc-284dbf0929b8,TURN_STOP,3,5fb3e5ac-091e-42d4-bd54-4561fec73531|3b35944a-a89e-4aa2-9bfd-c235d51e2475|c259cbe4-0085-44b7-9f65-732f95e390be
boston-seaport,ee5aec4c-4b9b-4bdf-9e39-ff58d6c3f933,STOP_SIGN,1,c5481d9a-36f6-4094-a39f-e3375c209181
boston-seaport,ef45131d-baf0-424a-8cf9-f1e3d0cc33ac,STOP_SIGN,1,c92f4c8a-441b-45f7-ad8c-9fe35d7870a5
boston-seaport,ef4d2653-069f-46a4-8511-48c115e5147b,TURN_STOP,1,ec5e7f52-332b-4e2d-bc93-9b197802a3f0
boston-seaport,ef52b9df-ae2c-4e35-92ac-9e1b195bbf44,TRAFFIC_LIGHT,2,508c6a0a-ddbe-42ef-9d61-df68ad4edc97|f678e022-73c8-440a-a27c-9844206ecb24
boston-seaport,efc81b8f-2e16-4667-9b5a-eb3c13a43cfd,TRAFFIC_LIGHT,2,19c84c33-8d05-4d2f-ba66-3af69e76e149|2b591ae1-a5f3-41d4-8364-e0137ddf2d77
boston-seaport,efe42324-606c-420e-bcad-a5b3156262c7,TURN_STOP,3,06194a4d-8fcc-4277-b1ea-4760dc0a3a22|c036dfa5-0176-43c8-80d1-c191cd3e7e29|b8565aa1-7c18-49b7-9373-ca8fecef894a
boston-seaport,f080198c-424b-49a8-ae32-2cefc9b26609,TRAFFIC_LIGHT,5,0a4ae01a-16e1-4366-afe9-1f9d2f1c5480|d07178c1-04c8-4895-99ed-108bc2ff042c|337f1dff-5d30-4c0f-bf61-0ae20643fce5|c0dc033e-6ffe-4440-8dc9-a74eb0ad6276|3f6521c9-0d64-4a50-8542-b3432db1f31b
boston-seaport,f08db7d5-d0f5-48ff-a261-e8081199213f,TURN_STOP,2,f1c7a6c0-3535-44d0-b9e6-aa1e0c664d6b|9b71f3ff-dbc5-40d8-90e6-b504019257bd
boston-seaport,f0e54fd3-eed6-41ff-ba98-ec5df6f0ac17,PED_CROSSING,1,3dfadf8b-46de-4f09-9753-97fb7b5f817c
boston-seaport,f19c0381-6c86-4577-980f-93bcc4cab66d,TRAFFIC_LIGHT,2,075b4e4a-b9f5-4e2a-9f07-a48ef0a50712|eb664d78-acdd-4205-901f-426c81e84ad4
boston-seaport,f1a62889-5da9-4a8c-9212-53f10975649c,STOP_SIGN,2,1985f2f5-c505-420f-86c2-0aaf496c9dcb|edd294c7-5e0a-45ef-aa40-8fcc4c259510
boston-seaport,f1dc84e5-8e8a-4065-8b06-cf9409c7fd79,PED_CROSSING,1,4e75ac97-65d9-4299-9475-109c0246fd5a
boston-seaport,f2044a80-5cb5-4c35-b8b3-b80065bc5991,PED_CROSSING,1,66917769-0b04-4060-9422-d62fd17afa82
boston-seaport,f20aad1b-3bfd-4814-964c-35151402a17f,TURN_STOP,2,cbf872b6-ab28-43d7-b6b9-03e4336eba87|3a3dfb21-eb2e-4c48-b151-61841800523d
boston-seaport,f217186f-8292-49e9-8532-d8173621b461,TURN_STOP,3,7b09b899-7719-4d78-8522-9e153f1c212b|c1e17732-0e6c-488d-9046-e32405116869|27549ee9-0c3e-4589-8f27-f67f3f613097
boston-seaport,f246ec34-c957-48cb-8a63-dfd0a9ed2524,PED_CROSSING,1,33fa6bb3-6597-41cf-916d-5bc4237da5de
boston-seaport,f33f5858-0f58-45f0-9411-646d506796ec,TURN_STOP,1,f877aa1a-5644-4511-8951-bf9bafaa2834
boston-seaport,f35733bf-b0a5-44fe-a23b-199ee982920b,TRAFFIC_LIGHT,4,66b2d0c2-de9d-4dd0-94ac-1f0cbcfb6073|955da614-9e6e-46bf-8e66-e33eebd63a0e|0f4f8d01-3f92-481b-b81d-b40722c5b34f|f3b010b0-09e0-4b8e-b67c-905fa98bb360
boston-seaport,f38c8099-a42b-442b-8f15-3d5be48b90f1,TURN_STOP,2,5796c377-f1ed-4968-bd33-ee1a2f11300c|f2891499-e4c3-4457-9c8a-789d7cb05075
boston-seaport,f3bb9d5b-9dfc-4daf-bb9f-4b76e224914b,TURN_STOP,3,93bfb678-d881-448e-9332-89ce68ad70de|0beec669-fad2-49e1-aa10-9d9aa0147a87|04404fa5-969f-4d31-a33b-ed6531bce904
boston-seaport,f446a373-f84f-4610-ade3-44c8a404146f,PED_CROSSING,2,122564cf-4efd-466f-a5f3-0f36ba4f81cb|3ee79932-7cd6-4a3d-a796-18a9a05e65b8
boston-seaport,f46ed016-d5a5-49e9-836f-b3e500445741,PED_CROSSING,3,dbf6dfbb-98ee-43b4-8808-03085f3fe878|9466bf47-b59b-408a-9fc8-61f4c2adddd3|a8ee8dc4-7481-4b04-8860-3def002c83db
boston-seaport,f519acde-a6a5-475f-8816-7dc9a0ea9648,PED_CROSSING,3,82146b56-010d-479f-80f5-88684319ca6a|6843ffe2-dad8-4e65-9874-25bbb48a0edd|7bd19b34-dab2-48be-8caa-ab8ad8148ecd
boston-seaport,f5240c77-4464-4c4e-a8f4-f1ae9d8c0bf3,TURN_STOP,6,ca1c9a94-d37f-4c5f-b18a-9550ee9c7862|f445fb8b-b6c4-4157-b575-4676381e1ee3|da3d7db2-a6d4-4e33-b943-8e6cdf299851|1fe9a4d1-2ce2-4802-982c-caac0ae6b148|fe083b11-a299-4eb1-882d-0539b2211500|a98cf0fa-f030-476f-baee-8e5f986206cb
boston-seaport,f559efd5-aa3c-4aa9-896a-98421543384d,TRAFFIC_LIGHT,5,5c2adb23-cff4-4272-b948-b482668ba63f|60be6449-5bc2-45b3-b444-409edc80ff99|88bc4d12-7940-4101-8a88-133b2046d916|7469b8b1-2695-4ad8-9a58-f55321a6c13d|bf67eabe-f3b8-4515-bfa1-ff8107322d1f
boston-seaport,f5a7a636-08f9-4a3f-9ed8-5bd95c98d7c5,TRAFFIC_LIGHT,4,16439dab-3aca-44e0-b71c-27f3a4101cc6|ed9d7479-61fe-433d-a6db-00503e8720c0|776500a2-2eaf-48cf-803c-9d8a8664df16|450d3c7f-cbbb-4d0a-bda9-e1bf62e1969b
boston-seaport,f5fb9b68-c1f6-4fe7-8c1f-f36dd39162f6,PED_CROSSING,1,0753a9d4-1c51-4217-965c-93e564be6106
boston-seaport,f6a22bd2-58af-47ea-b0cb-bdb64da9f059,STOP_SIGN,1,7087612d-f619-4b53-9e2a-f25b7f18bc32
boston-seaport,f6cce2ef-58fa-43b9-a74f-593479f4ff79,STOP_SIGN,2,122564cf-4efd-466f-a5f3-0f36ba4f81cb|3ee79932-7cd6-4a3d-a796-18a9a05e65b8
boston-seaport,f7122472-c4da-40c4-9b4d-00edf6f01def,PED_CROSSING,1,37eb45ff-41c7-4507-839c-96d08569076c
boston-seaport,f84d04eb-b909-4896-88fa-92cb507aae2c,PED_CROSSING,2,f2891499-e4c3-4457-9c8a-789d7cb05075|f6fb0336-be3c-41e2-a25b-f9dc694ee4b4
boston-seaport,f8576367-3b12-45b4-a882-4076dca816c2,TURN_STOP,3,a8d76f0c-803c-4228-a5af-a639d5c4916c|03e852e4-04fc-4a3d-bca5-ca647ca83447|1f4b45b4-0bf3-4833-8822-6e529c32d3c1
boston-seaport,f8674cd7-1e97-4865-8f3f-3fa2c2a4146f,TURN_STOP,2,a8bd72aa-c845-4bc1-a29c-6cfd6ee596a2|e79847eb-3f28-4db5-8752-7f52f59a03f2
boston-seaport,f8de449b-411d-4ff8-bde4-5197b405664b,TRAFFIC_LIGHT,1,a44abc06-cc5b-4087-a291-38c4bda85fb1
boston-seaport,f91127e8-c64d-41b2-8f0b-dae5dc89d263,TURN_STOP,2,177414b1-1467-4708-a7b4-fd318bea6465|8cef6678-190b-42f7-b11d-5dc0bbf5877e
boston-seaport,f9c847b4-cd6b-447b-b8b9-ef1c69224f4e,TRAFFIC_LIGHT,5,0b8a1538-aca3-4a17-b111-9d660d01b4dd|988ad849-7968-4370-9a89-788fdd327504|33f6a471-4b9f-43dc-827a-ff2b6953fe8a|c246affc-b606-4ace-90ab-05e1252feecc|9958efb8-94c8-4769-82b6-d857ad0d7f52
boston-seaport,f9db9e1b-b37d-4371-8594-f4e59f6f8515,TURN_STOP,3,49522b1c-d227-4327-b8cf-a6d40e1d8910|314aa54c-689e-47c8-bd39-897c3788f2d9|e0395f4e-a812-4088-bbbf-28a7699fbf85
boston-seaport,f9e8a7cb-b656-4a12-9487-bf93a6b13d25,PED_CROSSING,4,423bfa6c-b7ab-4cc9-afff-52c486951adb|1655df9b-7a54-4925-9f44-474bcef2a804|50dd766e-f80a-4202-bf4f-29ece460a75c|dac876a1-da57-451c-9032-bd043b3497ab
boston-seaport,fa7f0539-adde-45ad-a305-0022e9a53b37,STOP_SIGN,2,74939c43-a9c7-4938-879a-82d3765bdc81|33f16b7d-3e80-45d2-bb28-ef14ba4475bf
boston-seaport,fab4a84f-5cbe-42d1-af3b-2f0f70534c14,TURN_STOP,1,595b8095-1cd5-4a5a-85a6-c6125b54677f
boston-seaport,faef8aa2-313e-494b-8c62-4ca28865fd69,TURN_STOP,2,39b34696-6776-4cb9-877b-05f853b56f5f|b712d06a-1381-43ba-9d3a-ec52ecfb7f98
boston-seaport,fb4fe181-b161-4a36-9633-1049150376b0,TURN_STOP,1,cd6c420e-677c-4a31-b43d-caa6210eab77
boston-seaport,fbb98b7e-ba4d-4326-b20c-6c4a644d7434,TURN_STOP,5,1df2ec80-bfa9-48e2-9719-c90cc8453ee2|7abb91bf-e477-49ed-926f-8032dc01c85b|4ae0faee-25f2-4712-a50d-9110f54ece6e|ffa30729-898a-47cc-bd1d-9ef08027ce7d|32513f91-bdfc-449e-83d4-7573346665e0
boston-seaport,fc7e312e-536b-4b93-94ec-2b7a964bb5bb,TRAFFIC_LIGHT,4,d190c816-c71b-4db2-9913-5f58d0b2c72d|f83b33f4-f455-4801-b38e-fded988784c3|8b7f8488-703b-4b0d-8de9-871bc0393ea7|5e13747e-4ea8-422f-b286-ff3cd0a0f941
boston-seaport,fcf65cca-a6cb-4a40-b419-464b7596febe,TURN_STOP,3,c2a05d3d-cfa3-4be7-bdf1-121bf6d15318|0e85fce6-abdf-490c-b1ef-2899ed79aa22|0812c29f-f496-425c-9746-9bd1ac7054d4
boston-seaport,fcfd3c53-aeb1-486b-9de4-e46b712623fc,TRAFFIC_LIGHT,2,91bc53ad-e788-4cc9-b843-f054e6b51241|e75358db-9de4-42e3-b641-2e8d9eef9351
boston-seaport,fd096c17-0e72-4832-8b1a-c8ee100b7402,TURN_STOP,4,8245d394-389e-4006-9146-e877055e0b3e|6be19fe2-81b1-4f6b-b949-891e6263ff0d|09908dfd-417d-43ed-9a7b-46d18d32da38|1f4b45b4-0bf3-4833-8822-6e529c32d3c1
boston-seaport,fd176445-a4e5-4b48-aa77-e923fc5ebae4,TURN_STOP,3,3a36cb78-32a3-4aa7-8de3-aa1f22a28367|5bd38f92-f57c-4ac1-a8d9-469f5bf24f6d|16ddc52b-e776-426a-831e-1f2cf90c7f2a
boston-seaport,fd58c7ca-28d1-43b4-ad32-de097a8118cc,TURN_STOP,4,87a462bc-83b9-46e1-a2e8-708e78162914|c3f65969-e807-40f5-b89f-d4ebd4a5d16b|301e92d3-fddf-4490-9713-4205b834ddf0|959bd135-d5ac-4436-be93-94f31f2fdec3
boston-seaport,fd888235-93c1-48c7-a95e-2623eb44e8b3,PED_CROSSING,2,5993e4fc-633a-4537-91e4-4513b5b6073e|d0c132b3-9e39-40f7-9893-febe1d91e185
boston-seaport,fdccf897-38aa-477a-897a-b5812e22b9e4,PED_CROSSING,2,60ff5932-7309-424f-8340-631aac8e7b5f|0128f685-bcfa-465a-84e4-4798df7ed6fb
boston-seaport,fdcef442-af62-45c2-801d-ec4ccce25d78,PED_CROSSING,2,80e95318-46fe-4264-9716-b94ea969b096|c8ca4a6b-46bf-47e1-bdb9-74e40ea76fe1
boston-seaport,fe2510dc-9864-4d47-87e4-bf0791893928,STOP_SIGN,4,6db1fef0-ecee-4992-949d-a864041fddbe|f227391d-48f9-4b9d-9274-a72bd5441857|36b4b0bf-8b87-46e3-95d8-cdf73f2b5812|7e7480ee-87fc-457e-965d-7a54b8dd7d6b
boston-seaport,fed26e66-b72d-420d-b4ac-6572a82cd373,TRAFFIC_LIGHT,6,bd68de54-9c8f-4604-a433-c4eac31af0b6|d50c7cd4-4630-4cb5-b694-7b6862d33bd8|c7e23335-8dd9-4bf7-909a-fc805ed253db|d714e92f-4a0b-4720-b406-21839ed66885|3b3598d3-4a32-436c-a76a-d90ad4581591|d26b2cf0-ac66-4e63-af0d-bb4b634e0b05
singapore-hollandvillage,036cade7-ce7d-430a-9389-1522f5f3cb2a,STOP_SIGN,4,021247ff-01b8-4410-a869-c933d1c5df36|b2fb8223-b9fe-426f-88da-61509b6cee68|1ceb8aaf-4ad6-44be-9eb0-b5bb037cf4aa|0810abce-1f25-4342-98f6-2077452fff05
singapore-hollandvillage,04b55878-f270-42f5-a80a-67f12b9be50c,TURN_STOP,3,987dad78-d872-47f5-8390-d2450ac3790f|8d840030-cc70-4824-8513-504bd9816391|07409ca4-b7fe-4b60-8706-4923cb9b10c0
singapore-hollandvillage,05526707-2ee3-4d44-9b5e-e0f6f1508832,PED_CROSSING,1,02a26206-657c-4353-a907-54328290bd4e
singapore-hollandvillage,05f2fa58-ad5f-47ee-901f-6c2c4b5a1292,TRAFFIC_LIGHT,1,4b7b53ff-c7c2-44da-a2b0-3e2351213182
singapore-hollandvillage,066ecdda-2185-4442-9487-5aab1b8795d3,TURN_STOP,3,987dad78-d872-47f5-8390-d2450ac3790f|8d840030-cc70-4824-8513-504bd9816391|07409ca4-b7fe-4b60-8706-4923cb9b10c0
singapore-hollandvillage,06ea03fd-6157-44d3-9e40-c54549465806,TURN_STOP,2,4e2acc87-2c0e-4ddf-9da8-4ba5b70a1f03|e3ad7a34-3389-487f-9f9b-18dab423702e
singapore-hollandvillage,0a9e2d09-8322-4cc3-aafc-b280bb19b0d7,STOP_SIGN,2,a4d732f6-933b-4c05-959b-0a6264d3784e|439d4581-f52d-49de-9d38-21699a2d38c3
singapore-hollandvillage,0c8cd1fd-7f4d-4e75-bdee-4275c4448a6e,TURN_STOP,2,2bba0ee6-e076-46fd-8de8-613abfd20447|b8f4290a-c785-4df7-bd17-1c0c2e5621e4
singapore-hollandvillage,0db2fbc1-a5bf-41bf-ba8b-6c688e56168d,STOP_SIGN,1,aedac330-c28b-42ac-a3a2-c2536f82abb0
singapore-hollandvillage,0e037098-e645-48e0-9d1b-b331b1d201e8,STOP_SIGN,1,d3d86aad-d015-4101-b3cb-055dfc58f2f7
singapore-hollandvillage,0e2c43bf-cd82-43f8-8e16-c900a0001986,TURN_STOP,3,78da5b01-f272-41fb-a6f7-cf77f3c5d117|a99155a8-a405-46cd-9385-87d978b807d0|37e77bd3-2b18-4e26-b632-dcf16f8a27ac
singapore-hollandvillage,0f09ca9e-151e-4881-8571-040debe4ce8c,TURN_STOP,2,ff99064e-28c9-4547-b37f-eeb8ab5dba90|4f67dd17-c0cb-4a56-af61-b996a2008b56
singapore-hollandvillage,112af861-3bcc-4d09-b381-bfd0a5023036,STOP_SIGN,3,125bacf5-4668-40f1-affe-3ee7ad4d5b9f|c258bb30-5184-48d6-9b27-c7ad90f8326d|60855865-7d02-40d2-9c5a-632e666399ca
singapore-hollandvillage,1433d94f-3acc-4d0e-893f-432cde22713d,TURN_STOP,1,b9642f25-f83b-45af-9c28-fee9bd8fb0b9
singapore-hollandvillage,14db9650-b84b-4534-847c-3be56fba0115,TURN_STOP,2,ab757bdf-81b9-4963-b277-0157f1323341|45c2e888-010b-47e4-a340-e8077edd1180
singapore-hollandvillage,1523663e-a22a-458c-8a8d-a8756aac62fb,TURN_STOP,2,f7b45eaa-aed3-47e4-9a93-4e164c636270|4c9cc35e-8aaa-48a6-a03a-c4606ee2c687
singapore-hollandvillage,15305101-2dee-492e-9396-43ece4eeb10e,STOP_SIGN,1,8c87dda2-cd8f-4f69-b8c3-ed43c6161187
singapore-hollandvillage,1877ca8e-328e-47a6-94f2-e8f8fcf8ca05,TRAFFIC_LIGHT,3,a6ed1c5b-b103-49ed-af36-dd4d064bb671|5bdc75d2-a706-472a-9f77-966686b9b95b|bf5c1fbd-e78c-4170-a013-fcf1b851247b
singapore-hollandvillage,19707a40-ba7c-438e-a92f-b803e00baeca,STOP_SIGN,2,00766dc6-a45d-4394-9ba3-8abb3dbdfdaf|4be96c6d-80a2-4811-a896-cbcb4156dce4
singapore-hollandvillage,1b75ec40-5753-4247-85dc-d68896f84d66,TURN_STOP,5,d4ba7c46-5911-405f-9c03-88d0e333d720|616e7128-3e6d-4d66-ac69-50366b3fb965|d7a48256-4e02-4002-a469-d8499b937cbc|608f4a5c-848d-4345-9818-36c900688e19|15b69e8d-282f-4ddc-9cfa-8d95f018f3fa
singapore-hollandvillage,1e77f307-ba33-4bac-8d97-4bc6fffb99c6,TURN_STOP,2,57223a2a-a01b-4dc0-a841-081407b9116f|fd872757-2c05-4b0f-8417-e9113a71ee00
singapore-hollandvillage,212b977e-ca3f-41e3-b34b-3a26025c1f87,TURN_STOP,1,2af3f8a6-e366-4e76-ad6c-33fb8f72e724
singapore-hollandvillage,21733ba6-ae89-44c4-adc3-47f05c102ab4,STOP_SIGN,1,21c4cbb0-c7ec-4385-b885-893952860311
singapore-hollandvillage,21ca3aa6-c24a-4df8-82be-e2e732a87cce,STOP_SIGN,1,ce1c4c1b-f274-4877-ad1d-6093e313dbd4
singapore-hollandvillage,21e95848-ed19-42f5-806f-ee77892bd055,PED_CROSSING,1,0f5e9c90-7605-40bb-9c6c-cb3e12177c4d
singapore-hollandvillage,249ded04-f260-4979-81da-959fdd146564,TURN_STOP,3,18c4da3c-42d5-42c6-be49-b2026d328bd2|57777d33-97ec-4b3b-96f1-c4ae677b18cc|47ce9e07-c496-4128-a915-2ca1ade9d253
singapore-hollandvillage,24c4b848-4824-435f-8e12-d6a6f46676c8,STOP_SIGN,1,3106ad18-3a1e-4dd5-bcb0-7fd4855c213a
singapore-hollandvillage,26c46cc6-856b-4360-8dd3-d6ffb37eb736,TURN_STOP,2,7f999633-6746-4e84-ad28-97373961a242|40bd6905-524c-4cfa-8e1d-ff7a3a14b4dc
singapore-hollandvillage,2877c85a-3a3b-4bf7-ab50-ceaaef4e1fa6,TRAFFIC_LIGHT,6,e2be91f3-cfd7-4102-b110-31c2faf3fcd7|cc8fdbaf-fa68-483e-b268-e4077ba266e0|fd220d9a-2248-4dc6-9945-e97aae3e53f1|cbd29710-ea3f-4f47-9ba9-ca3707f7c968|484791d3-293a-4ca3-87f3-74b3eb489d94|88cccff1-ac5d-4f70-9c01-b901bd1af0f5
singapore-hollandvillage,298d6d60-d1dc-4d84-a279-5154b9a479ce,TURN_STOP,3,213971bc-cdbd-441c-8e5d-91c2683da576|4b899bb1-ccad-4d11-8a28-27ac9e83b7d3|fd0e9050-dc72-4b67-beaf-67fe32ef531f
singapore-hollandvillage,29d88648-6f76-402a-bc24-cd0d580a04d3,TURN_STOP,2,5c4246e5-003f-4b58-b13f-448d1897fb40|e093ed52-aecf-4707-900d-827cdd2dd753
singapore-hollandvillage,2dcb82b7-4020-43b3-a564-56b550ecafcd,TURN_STOP,1,9a782d06-6ecb-4458-b12b-8a2f683b7039
singapore-hollandvillage,2dec3ec3-112e-435c-b08e-c183cbe69d64,TURN_STOP,3,484791d3-293a-4ca3-87f3-74b3eb489d94|e7335bd0-dd97-4f4c-a7b8-d5ad2bc0d4fb|f2a14094-53f5-4b38-9616-a18a3d983a01
singapore-hollandvillage,2e85881a-61e7-4b6a-be4a-3567e5213891,STOP_SIGN,3,238a9b4d-95d4-4b92-b228-3741bc03ac74|b4a7076f-fcbb-48cf-8ebe-19c4eafb1ec6|f414cc79-8ef8-443d-825b-2f22de03a49c
singapore-hollandvillage,2ec266ee-7896-4a80-937b-b08bf0e6ac47,TURN_STOP,2,770fb65e-2ada-4f9a-8a5e-28c41c4024ef|ee311e33-a409-4159-b6e3-a72c987633bb
singapore-hollandvillage,2f199a66-a324-43b4-b387-712b7f55f08e,TURN_STOP,3,46d8b079-5d33-4839-83d2-9da3b1899fbe|f5fbd6a4-789c-467a-a591-6dd664dfa09c|cca504f6-d3e0-442c-958c-7ef338b62157
singapore-hollandvillage,3145f3a6-5b4a-467b-b99f-d64800ddb48b,TRAFFIC_LIGHT,1,d23dd750-86ba-4a8c-a30e-9ff084f06717
singapore-hollandvillage,314f000f-072a-4cd1-9f23-8480977bbecb,STOP_SIGN,3,5d480ff5-e325-4094-935e-0d5ef70b3f35|11a5357a-6b66-41d9-9e93-1489e2ea8e8f|80cdf8db-3b45-4d7e-860a-01f66aabf99f
singapore-hollandvillage,3400105f-971f-4c97-8e55-e989a5e93627,TURN_STOP,5,5ca54089-999f-491e-871c-2e7143b28fc2|78f1976b-e5c9-4d52-9dc1-936b047a5b70|7cb63778-108a-4b49-8ddf-2fe363a4b8ae|984cb994-f932-45f5-b459-034d85ec02bf|ac35dcec-456a-4063-b315-7e74e0c42b2d
singapore-hollandvillage,38e35c21-3790-486b-ae58-1747cb5ed67a,TURN_STOP,2,c6f74d9e-ae6f-4452-a5ff-ecd9b1d8fc7e|9adbac24-7a0e-4413-b248-2fa6651c6de7
singapore-hollandvillage,39c31f61-feda-46db-abaa-258108021a3c,TURN_STOP,2,07d6e451-a00f-4928-8eb9-dbf9e6fdeedd|049a17f6-d8e9-406e-ac82-3cd24dec5955
singapore-hollandvillage,3b47dba6-0fb8-40f0-9e7c-a78f397f033d,TRAFFIC_LIGHT,4,4436a27e-c099-40bc-af3a-dacda763d274|eaf1228e-282a-4c28-ac84-36b795b828ac|8e2de418-c326-4ab6-b1a1-180d36017a25|15b69e8d-282f-4ddc-9cfa-8d95f018f3fa
singapore-hollandvillage,3bbb26c9-8d05-41cd-a948-418934e2e038,TURN_STOP,2,332e5333-489f-49e2-99ee-7cfc52aa1c51|6c3b3ad3-0660-4b55-b0a5-f49a1cc683a6
singapore-hollandvillage,3cd05dfd-bd34-4cfe-8155-e8fe80f69af3,TURN_STOP,1,7d9d6d0a-b1e1-41d3-ab5b-50bded24b0df
singapore-hollandvillage,3cdacec7-84f6-4503-a96f-ca246d5319f3,TURN_STOP,3,c010ebed-894e-4757-8021-774c1284add0|7bf04b34-2722-4a74-a76d-90a4bc6ce803|c2eebc4d-3161-4a7b-82bc-0b720857795d
singapore-hollandvillage,3fc95701-d7ac-417b-b2fc-e589707b18eb,TURN_STOP,1,11a5357a-6b66-41d9-9e93-1489e2ea8e8f
singapore-hollandvillage,40ba0295-575d-4535-8063-11e590a7dc50,STOP_SIGN,2,80cf3e29-0582-4396-b015-69d06d41a309|90f69801-2551-4477-8cf8-c68eb6c4543e
singapore-hollandvillage,41478cf5-421b-4edd-a649-bb7514430eea,TURN_STOP,2,becd0709-958e-497e-ba6c-674327cba0ad|49df4f03-80a5-4d19-be8b-656ff37ec834
singapore-hollandvillage,43cee826-9794-470e-82ec-eed5837b25c3,TURN_STOP,5,24df4d10-fad3-4873-8f80-2bdca59dda18|a90d0e17-6056-424a-a324-f2fef6c49d07|6474c953-feae-4528-b721-00dc0d4a4ca7|5f07039e-4810-4455-8df7-1b4893fc4dc7|0f7c650c-579a-40e0-90f6-c7c3e7125eb5
singapore-hollandvillage,464c8b0c-351f-4adc-922d-ae03b694c1a5,STOP_SIGN,1,ba26f9bf-9eea-45fe-8fd4-5b8c6917464c
singapore-hollandvillage,47aa4c46-c79d-4a74-92a2-19f2608225e3,TURN_STOP,3,23f7f59d-a3bd-4763-9e75-02c704c55bd3|5bf030e9-b99c-49a7-9874-6a14f9c37f47|5f24fb98-ca9f-4319-aae4-4ced90c118c2
singapore-hollandvillage,485f129b-83ce-4edc-a6bf-6007f695bd5f,TURN_STOP,5,6402c018-6c97-471d-8b5d-b7c23019063e|d1255247-0fb9-4dfc-b3d8-75279f2c6209|d83df1c3-7184-4996-b489-56dbaca802fb|85118d8c-76aa-4a32-b01a-00dd92dbbc6c|4857a130-f20d-4dbb-935a-2c0378266b70
singapore-hollandvillage,498138d0-a46f-4ff2-8817-bcf317986127,TRAFFIC_LIGHT,5,0d86908c-5076-41d6-83d4-55a011dfffb5|b7f09b4a-1aed-4f3c-ba32-9d30a38a7d32|24986bd0-d733-4484-b686-03d79cf5f2f0|008dbb5a-8bc6-4e3e-8a31-03637952a6b6|a3af642f-32d5-4cfd-a398-c0d31662692d
singapore-hollandvillage,4b13dbab-6428-442e-823c-c0a53489931f,TURN_STOP,2,4e2acc87-2c0e-4ddf-9da8-4ba5b70a1f03|e3ad7a34-3389-487f-9f9b-18dab423702e
singapore-hollandvillage,4cbcafa8-3bec-46c9-89cb-b87236997750,STOP_SIGN,3,cfb401bb-f67f-4c0f-b5b4-a9883261be42|02e94337-0847-4a00-93ca-7e4b611d12c7|c77f8c61-0f95-40e8-a3af-281927c47ae4
singapore-hollandvillage,4d24064b-c78f-42eb-a5ba-1f4add457842,STOP_SIGN,2,0ce5bfa4-6725-4274-9af5-7d88035644a0|5da0a67e-aaff-4a05-bf1e-cc737857c9b9
singapore-hollandvillage,4f267ae9-6b18-47aa-9b64-3a05e80638f4,TRAFFIC_LIGHT,3,464753a2-6bbf-41c6-a7b4-f6ba212ea51e|082d274a-7e47-480f-a5aa-ad8aec4f34d5|7b9ecb50-f02a-4210-929a-eea62c32902c
singapore-hollandvillage,4f3594a7-65bb-4bf9-b5d0-34a351f59bbd,TURN_STOP,2,8c0f38e2-0178-4d83-abd1-f76087cbf776|74c2b445-7df3-4ce1-a1a7-2318b604041f
singapore-hollandvillage,4f8162e3-c1d2-4501-80bf-f561e92c22c4,TURN_STOP,2,d71740ca-c0c5-44d4-af3a-a2b87bbc442f|966968b4-6c11-461b-a319-a46e5f23df0b
singapore-hollandvillage,4f928b16-cb8b-4584-8c64-0bf198431fdf,TURN_STOP,3,ba26f9bf-9eea-45fe-8fd4-5b8c6917464c|b714bfc3-763d-41d3-8376-47cd02e1c102|311da397-9ced-49ca-9eb4-aa459cde6286
singapore-hollandvillage,509d4573-9c3d-4680-ba11-18ab5c3d65ae,TURN_STOP,6,f144aff9-032f-40cb-a16c-7e0486c13d77|63e0ab46-3fa6-488e-b04c-52fa424bf7c6|cd97d572-2a84-451c-b2ae-6b65c2b629f2|73c522de-cf55-4b00-8e62-f5b731c15256|d8dfdb62-f9d4-427e-b96b-f6e46b980474|f87015f0-6119-48dd-9181-fa16c0cb294c
singapore-hollandvillage,51f5b9c9-24ca-41f5-8142-1d49ca8f2b4b,TURN_STOP,1,ca414e13-6ddb-4c23-94e5-2af772b0eddc
singapore-hollandvillage,559a87df-619a-43a7-ae95-3f0d725b379f,TURN_STOP,2,9d3aaa36-7ca9-48d9-8179-434c64abe57e|e5854f56-535d-439b-9309-4b7bae2fc0cb
singapore-hollandvillage,581a486e-d62a-45fa-b2f0-1f297dc672f3,STOP_SIGN,3,18c4da3c-42d5-42c6-be49-b2026d328bd2|57777d33-97ec-4b3b-96f1-c4ae677b18cc|47ce9e07-c496-4128-a915-2ca1ade9d253
singapore-hollandvillage,58542c98-2625-4b61-90c6-7957b8c63cce,STOP_SIGN,2,07d6e451-a00f-4928-8eb9-dbf9e6fdeedd|049a17f6-d8e9-406e-ac82-3cd24dec5955
singapore-hollandvillage,586ca524-992b-40f6-a014-e6b3b8d2bc14,STOP_SIGN,4,f9ca191e-5e5e-4221-a587-ca80829b08a3|a90d0e17-6056-424a-a324-f2fef6c49d07|f39b2c1d-ba88-4edd-9018-18dffc93da7b|70c73140-ac26-4dab-84e3-8b3f42d6e153
singapore-hollandvillage,58b782c2-1286-45c2-bd9d-b4a7a3559b2c,TURN_STOP,3,4857a130-f20d-4dbb-935a-2c0378266b70|ac35dcec-456a-4063-b315-7e74e0c42b2d|1552e88a-fd0c-4671-a37e-ce20401894e7
singapore-hollandvillage,59f0377c-a5d5-4552-9e0d-65abc61916f6,TURN_STOP,1,2d54b0fc-6b32-4ad2-a1e4-7036eb14fa48
singapore-hollandvillage,59ff6cd5-4e69-4671-8b45-3be0d2ec97c8,TURN_STOP,2,72febc2c-037a-4bbb-9241-f74a901c39ba|8e720670-3c50-4bee-b4af-664ac30d19b5
singapore-hollandvillage,5ab30ae8-f960-4739-9941-fc8c31c155fa,TURN_STOP,1,5e5744f3-1cba-4b4e-8688-9e499d67cfd1
singapore-hollandvillage,5abea1fd-4137-4926-9854-419cde062dd0,TURN_STOP,3,a8dfcbc0-37ba-4694-bf8a-763381e9f000|08ad7edf-d689-43f6-bb24-ed151b811b9f|cbd5796a-0b72-492a-a919-ee002087efe5
singapore-hollandvillage,5b89de4c-7d1a-48c7-8c05-07c0ed45adb9,TURN_STOP,3,2b93a0f1-5bd1-4d7d-9f73-29607703885a|bc722789-8dda-49d0-ab43-07af5626edcf|cfdb9b6e-8c5c-4edd-be14-fca900a81b2b
singapore-hollandvillage,5c91d8e8-17d6-416c-bd4e-22916deb3985,TRAFFIC_LIGHT,4,730b448a-2658-49a8-a71a-55e8362137f4|fbbe0707-6882-48c3-82a0-2bc47fb3b43c|4ca04f31-4b21-4152-a6b0-6ad6110fbde2|f4503cd8-96bf-40c6-bcf1-7e2400f76495
singapore-hollandvillage,5d9b97ef-e13c-415e-9940-92b69268ea76,TRAFFIC_LIGHT,4,1acadcde-bf42-451e-b33c-08d187d2e182|dc694210-ef56-43b0-85fa-11b2e5d7f495|e7335bd0-dd97-4f4c-a7b8-d5ad2bc0d4fb|f2a14094-53f5-4b38-9616-a18a3d983a01
singapore-hollandvillage,5da48ad3-7152-41e3-90f5-53940bb2fbaf,STOP_SIGN,3,5e39575c-5784-4e0a-99f8-e293cd3dedd4|7a96caf9-5a5e-4d9d-93fe-c6475a2e246f|f4af0758-0cc6-49fd-99ca-ecfad9043bff
singapore-hollandvillage,5dce57c7-e2cb-484d-a12d-b4ef242937a9,TURN_STOP,2,d8839787-4359-43a6-a156-916f84dea612|be6a85b4-d629-4f57-a4f4-eb7917b2e67c
singapore-hollandvillage,5e03053f-f1b9-4fe3-860e-ebfa54050964,TURN_STOP,4,b7d95bc0-cbb3-4bd9-94d9-56ca6d63a803|211e7ceb-4c23-4e14-8857-ec71edb9fc10|3ad52503-b53c-4b0b-ba4e-9d246819ac5a|3359008c-d57d-4db6-ad07-dac026c452f4
singapore-hollandvillage,5f4090d9-e77d-4d93-99f0-4a835d70215c,TURN_STOP,2,744a3e0f-9d3c-46dc-8cd2-3b1501641a10|a5fb7b7a-b1f8-49fe-953c-f899341e7cfe
singapore-hollandvillage,5f65ad41-8e32-402d-9a12-2fda1353c731,TURN_STOP,2,cd076f06-77e5-49ba-aac4-2a042c8a8cfa|6afeca34-58de-404c-be5a-dfe3ec43807a
singapore-hollandvillage,5f6c442d-4815-4e4f-83b5-9f961526136a,TURN_STOP,2,78a6c389-3df7-481e-ba3e-0a71877f73d4|a1f4c3a4-361e-4eed-a2e0-54b1a77a86b2
singapore-hollandvillage,609478d3-bf26-4887-9593-e92d209089ed,STOP_SIGN,2,7045f479-1f66-4752-b180-71759574c641|086476c0-4c20-4b36-b092-16ae5cb0478e
singapore-hollandvillage,6159db4a-1b9a-4f96-ac8d-d4ae45aab546,STOP_SIGN,3,87203252-a2eb-458e-9b7e-10b98ab05cf8|cb56cfc5-b77f-47ee-a2fe-0eb03cc4ba7a|01269543-d100-4041-9715-8b298d1454cf
singapore-hollandvillage,62980435-5261-47b0-99e9-adc81b39c195,TRAFFIC_LIGHT,4,24c853c5-c63b-4d12-ac71-792fad6afcb9|1cd6e92f-9611-4522-a874-39632086583d|e50bc35c-02f5-4e27-a448-fcb9405bd761|ee62767e-04ce-4c7b-86f3-9bce3e76f2fc
singapore-hollandvillage,642eaf72-6310-407b-9c7a-57549c3b9d2e,TURN_STOP,4,555af5c2-8a8e-4c45-85f9-d520ca0dd814|85118d8c-76aa-4a32-b01a-00dd92dbbc6c|52468757-6c27-400c-8c13-e5a41393fe2c|984cb994-f932-45f5-b459-034d85ec02bf
singapore-hollandvillage,67100595-c8f4-437f-87c3-4735b26bdfe6,STOP_SIGN,2,744a3e0f-9d3c-46dc-8cd2-3b1501641a10|a5fb7b7a-b1f8-49fe-953c-f899341e7cfe
singapore-hollandvillage,67655a6d-ed1e-4aca-bbc4-8feaf254c54f,TURN_STOP,2,b4f479bd-43cb-4b52-904e-b9be167fc788|2a5bd066-0a55-4d0a-806f-801e4332c3fc
singapore-hollandvillage,69e23d4b-66ef-416b-b86a-71f58d339da6,TURN_STOP,4,169673ee-77a5-4593-9bb0-39340515e214|c5e94bab-ff0a-4f09-9152-a939c80cbef4|56ccb8be-84b6-4c46-aa43-6868285700e4|d0d4c239-a724-4447-88c0-36439eafbe39
singapore-hollandvillage,6ba96401-fd87-4619-8e67-981d24263abb,TURN_STOP,2,6d74b046-f06e-4ab0-ba87-40a4e05abb0c|8b283661-1cf1-4e28-9a3b-36bbab0daa58
singapore-hollandvillage,6e54187a-026d-4012-b8a0-d9bc59e38981,TRAFFIC_LIGHT,3,b952da39-64c6-4883-bd38-b13d07ed8ad9|753c4f6e-be0e-4459-95ab-984ecedccd51|d0846ccc-2aca-4ad8-8d07-ebfbb9d96e52
singapore-hollandvillage,711f50a5-0080-4c12-8e37-14715b7c1b2b,TURN_STOP,1,767acca8-c83c-4c40-a6d6-5dfe0379d310
singapore-hollandvillage,71604422-301e-4fd6-9bc1-c4ab54d2118f,STOP_SIGN,2,664f5e83-4d63-469d-bb0c-bdc137ebdbd5|457e33c0-5e42-4014-9ae5-1e630a14e82d
singapore-hollandvillage,71c0d2bc-c11a-4855-80f9-e376eed6d7ef,STOP_SIGN,3,5ef5f2b9-46f1-4e12-923b-a2672876c81f|0ac32277-6241-4e0b-9df9-102b52c336ac|69a02a88-acd2-4cac-997b-90bc2b15a502
singapore-hollandvillage,71d84a31-d879-4adf-975a-4983f6c07f97,STOP_SIGN,3,a954c0eb-0f52-4234-b3ce-b6ed750fd40f|cff7694f-8976-46c6-a8e2-4625f4c6eee1|8da5f12c-d2a7-4b23-a51c-01ec74d3f73d
singapore-hollandvillage,71fce76c-072a-4ac0-855b-c0947af67814,TURN_STOP,3,3cd26ef4-d4c3-4241-a2ef-3823e72ef958|41f6d93b-3735-4368-8fb4-68c79ff959d4|e3a0d95a-80f5-4438-9c17-69f858f2a636
singapore-hollandvillage,7473688f-e802-49ce-b640-5a831f9d0af4,TRAFFIC_LIGHT,4,0071dfc7-8fac-44c4-8b33-8163409e17dc|dc320f2f-8434-4ab6-b304-33bf9a96d34d|a8e71107-2922-48d9-aa6b-08c53915389b|66a7510a-7017-4295-be9f-728cc152a0b6
singapore-hollandvillage,75712095-a3ad-4b15-9227-06e1edd2fea9,STOP_SIGN,3,bbcbe650-6726-41a1-9254-3de4c5f53878|b179ef4a-202e-408b-bf18-b1f9184e0159|1a6962f0-2099-4cec-9e80-5255affbb409
singapore-hollandvillage,76741b82-b47a-4970-8510-58cf0a47eca4,TRAFFIC_LIGHT,4,a1993acb-afe4-4d45-b069-bceb9c5b203a|44c1420d-d2cc-4982-ad47-3df7d5084602|5dd02d67-53d3-4302-8b18-e976f1a440ab|6a2a4a2d-001f-4ddd-a80c-52f8e2316e40
singapore-hollandvillage,79455d33-4108-486c-9017-017d5071d24a,STOP_SIGN,3,0b4bde38-8259-4693-bfe1-f59fbcdaa61b|01791f3e-d627-4425-a17b-4dd7bda4732f|196d7575-1f4f-4fb8-bdfc-93eb7b69ce3f
singapore-hollandvillage,7a3b6264-0d97-4dd3-bfb7-21216e523320,TRAFFIC_LIGHT,5,f02a5ade-6416-470a-a5e5-fdc5b8c976c8|1d185f79-06ef-4155-a028-d1d9c26c648e|a86f50ef-b3d4-409b-9097-2eca015108ff|9a7afc90-35a1-4ec2-b384-9124d0d5293e|3a7c5768-a24b-46d1-815f-7aab39f4d64b
singapore-hollandvillage,7a7b2fd7-3bcd-4841-bb33-cf270b7f8eea,TRAFFIC_LIGHT,3,5ab127c0-82b7-4aae-80a7-5203f2ca2a72|12164dd6-f68d-44e1-98ee-e27bc8d4c945|b87e2e96-340f-4015-b1e3-5ef40c719af0
singapore-hollandvillage,7b1802ad-460a-43c4-972b-e0bf6a57fbe7,STOP_SIGN,2,57223a2a-a01b-4dc0-a841-081407b9116f|fd872757-2c05-4b0f-8417-e9113a71ee00
singapore-hollandvillage,7e47b428-383e-4674-b922-1049dfd98764,TRAFFIC_LIGHT,4,2c4a9fad-4a23-4c3e-a2e3-683475fc45e6|c8b724ba-fe63-4684-a989-fd1fc7f7ac54|be16095a-77de-479a-a804-9e4c9ac8f71f|cacf0d88-8721-4d35-a311-ee6b3a2db5a5
singapore-hollandvillage,7e76d8fc-710b-4f12-b015-0aefa16687a1,STOP_SIGN,1,dd969699-60a8-44cf-8a3c-b7d84823e7ae
singapore-hollandvillage,7f5b110c-4024-49ad-a4e6-ae4b32bc6c64,STOP_SIGN,3,46d0167e-2296-49a8-80de-9ebfd2a931c3|502a838e-ba09-449b-8664-a658f271903c|2af3f8a6-e366-4e76-ad6c-33fb8f72e724
singapore-hollandvillage,7feebb4d-2ddb-45b8-b415-e42ba10cb0f0,STOP_SIGN,3,eeb9cd70-a283-4f6b-a9b6-cd994da0a568|4f57768e-c030-443a-a57c-7c48b69c4b18|f78e3a6f-29b6-4742-af5a-816acbc0e994
singapore-hollandvillage,8314436d-64be-46a1-83be-964d8d9d2678,TURN_STOP,2,2bba0ee6-e076-46fd-8de8-613abfd20447|b8f4290a-c785-4df7-bd17-1c0c2e5621e4
singapore-hollandvillage,83915c44-8086-42ef-a1d1-e14d021cd1bb,TURN_STOP,3,21c4cbb0-c7ec-4385-b885-893952860311|f7c97ab9-08e6-4038-af44-4c540690a550|5972e566-f682-4087-9498-d48d7aa39d71
singapore-hollandvillage,83e16202-b6c0-47fc-8e3f-c9f31a57b3e7,TURN_STOP,1,502a838e-ba09-449b-8664-a658f271903c
singapore-hollandvillage,841f811d-5e1b-4df6-a96d-6c4eab5b1010,TRAFFIC_LIGHT,3,dd92204d-1a44-4cbb-b21d-70f2bed33a0f|ac60b001-0720-4572-b852-e097f921b025|990effe7-ca4f-45e6-8677-d08e1f9bf19f
singapore-hollandvillage,846ec6cf-8a6d-40af-8a4d-420aef987e5b,STOP_SIGN,2,ab757bdf-81b9-4963-b277-0157f1323341|45c2e888-010b-47e4-a340-e8077edd1180
singapore-hollandvillage,84d81a03-cb63-46bd-b59e-7d23b7f76055,STOP_SIGN,2,4e2acc87-2c0e-4ddf-9da8-4ba5b70a1f03|e3ad7a34-3389-487f-9f9b-18dab423702e
singapore-hollandvillage,87874908-4219-4e4c-8944-812a1b1be9ce,TURN_STOP,1,11095d91-9899-48aa-a15c-c5e3ef6376d3
singapore-hollandvillage,8937afb3-41fc-4c09-b94c-b980c74cf8ba,TRAFFIC_LIGHT,4,c6fd2846-d461-4e9a-a269-e00c3b10fbb9|c4b9aa98-cb22-4227-a50d-d8d2a6f22b20|fdbbfb27-acba-4490-a40a-5d5986284d58|78585a9f-2538-4888-9379-4e4ca1158b4e
singapore-hollandvillage,8ac4dea0-acc3-4f31-b6c3-d5a1a6391b38,STOP_SIGN,3,028182fa-f139-4e91-b596-be21bd122269|ab154484-d1d4-44ce-84c4-4696bce266f3|c0a58f5a-3be9-4a16-950a-7cea687aea48
singapore-hollandvillage,8b17fc6a-459c-4052-9abe-0de3251e5c28,STOP_SIGN,4,169673ee-77a5-4593-9bb0-39340515e214|c5e94bab-ff0a-4f09-9152-a939c80cbef4|56ccb8be-84b6-4c46-aa43-6868285700e4|d0d4c239-a724-4447-88c0-36439eafbe39
singapore-hollandvillage,8c7177b2-4d08-43f7-820d-acfb051a6129,STOP_SIGN,3,987dad78-d872-47f5-8390-d2450ac3790f|8d840030-cc70-4824-8513-504bd9816391|07409ca4-b7fe-4b60-8706-4923cb9b10c0
singapore-hollandvillage,904542a6-19ae-403b-a18c-ceb351c53d4f,STOP_SIGN,2,80f22224-702d-4963-b582-04b542cadaf0|75c47c4e-97fe-4ba6-b3da-8987ebeb9892
singapore-hollandvillage,933a9131-a0b7-446d-aa61-7bab5421563f,PED_CROSSING,2,eeb9cd70-a283-4f6b-a9b6-cd994da0a568|7c873280-40ae-492f-97c4-d5f7d49ab853
singapore-hollandvillage,93f763ba-8d07-4a83-80ee-96addb621ebd,TURN_STOP,3,910b6aab-aac1-439b-b5e7-af8931b9296c|c8c0e5b5-611c-432f-b0c1-f8206efad1d8|3f89eef1-ab10-441b-87cc-65a7e0c2b858
singapore-hollandvillage,9555490d-1815-4a55-bfdc-804867d24eb0,TURN_STOP,1,85640091-9d1f-45b9-9f8c-25b3e19f2bcb
singapore-hollandvillage,95afe74a-177d-4d29-9dec-b42a7dee446b,TURN_STOP,3,416f7a60-a7eb-495c-b359-3918ab9807cd|2b1d4aa8-b78c-48fc-977a-d2661cf128db|6dcc298e-71b8-4caa-8987-5a30df147a1b
singapore-hollandvillage,96723bd3-e31a-46f4-9266-e4740e05bf19,STOP_SIGN,2,0e22a4ea-a17b-4dbd-be52-631951ea959f|75ab432c-0828-4229-97f1-9fe413d471c5
singapore-hollandvillage,991f4239-30cc-4aa7-a813-d402f2c12e3b,TURN_STOP,3,23f7f59d-a3bd-4763-9e75-02c704c55bd3|5bf030e9-b99c-49a7-9874-6a14f9c37f47|5f24fb98-ca9f-4319-aae4-4ced90c118c2
singapore-hollandvillage,9a4f6aca-95f8-4435-9939-e47a6bf9c4d5,TURN_STOP,2,332e5333-489f-49e2-99ee-7cfc52aa1c51|6c3b3ad3-0660-4b55-b0a5-f49a1cc683a6
singapore-hollandvillage,9ae82403-ba2f-476c-8bf6-c43becd4315f,STOP_SIGN,4,4088bc01-bd14-40a1-a5d0-1fdec1ad3891|4857a130-f20d-4dbb-935a-2c0378266b70|ac35dcec-456a-4063-b315-7e74e0c42b2d|1552e88a-fd0c-4671-a37e-ce20401894e7
singapore-hollandvillage,9af54a5c-2d72-4a40-8d3a-6f243f198f2a,TURN_STOP,3,6474c953-feae-4528-b721-00dc0d4a4ca7|a4c787e1-daf5-469b-9bdd-17b3bf5a8138|b2e30b64-41e4-4777-8efb-d81c6de43085
singapore-hollandvillage,9b6a6f4d-a35d-4dc7-8a52-e21217d4fabd,STOP_SIGN,3,5e48d1a3-6c64-475e-9da2-166b226df9c5|7453f8e1-5a17-4d04-894b-de68b9e362d3|eff9e5ec-6f7e-41ca-a50a-2daa7e5b62f2
singapore-hollandvillage,9bbb31e4-ce17-439f-96d7-317b0adac9c2,TURN_STOP,2,56b4ecdb-707f-454e-8440-af46dc67c0b0|e7335bd0-dd97-4f4c-a7b8-d5ad2bc0d4fb
singapore-hollandvillage,9c52150d-c0c4-49cf-8646-bc532e805798,TURN_STOP,3,c010ebed-894e-4757-8021-774c1284add0|7bf04b34-2722-4a74-a76d-90a4bc6ce803|c2eebc4d-3161-4a7b-82bc-0b720857795d
singapore-hollandvillage,9d365261-9f03-4f81-a0a6-6ade7328acc8,TURN_STOP,3,87203252-a2eb-458e-9b7e-10b98ab05cf8|cb56cfc5-b77f-47ee-a2fe-0eb03cc4ba7a|01269543-d100-4041-9715-8b298d1454cf
singapore-hollandvillage,9dc94ed0-0c18-41cf-9137-dcc8690ae19b,STOP_SIGN,1,23f7f59d-a3bd-4763-9e75-02c704c55bd3
singapore-hollandvillage,a0b1891d-15e1-4b7a-87fd-3de881133f06,TURN_STOP,3,2e9cbd9f-061a-4600-9dfd-df50f2a68929|cef2f86e-bfe0-49e8-98af-9c4333a40ef6|a192bfb6-e3c8-42c0-b740-2b6d50bbe3f3
singapore-hollandvillage,a0c185fb-c87b-4790-a159-5facc3f77f57,STOP_SIGN,1,cfb401bb-f67f-4c0f-b5b4-a9883261be42
singapore-hollandvillage,a36ccea3-3e7d-4eeb-9c63-8eff642ab2f1,STOP_SIGN,3,bbccc7bb-73b9-4e90-af1d-c824d2146796|a75c3979-ce20-496f-9a10-c477e38e4a60|05c77fa0-fe5a-4d23-ad70-93ca4147cb6e
singapore-hollandvillage,a3853656-cd99-4fae-af7a-0e2abdb63dcf,TURN_STOP,3,87203252-a2eb-458e-9b7e-10b98ab05cf8|cb56cfc5-b77f-47ee-a2fe-0eb03cc4ba7a|01269543-d100-4041-9715-8b298d1454cf
singapore-hollandvillage,a3d11b1a-d10e-4f12-ae4d-dfb2dd73dd28,TURN_STOP,3,0b4bde38-8259-4693-bfe1-f59fbcdaa61b|01791f3e-d627-4425-a17b-4dd7bda4732f|196d7575-1f4f-4fb8-bdfc-93eb7b69ce3f
singapore-hollandvillage,a3e8f4fd-a78e-4fa7-bd77-2c7601bb6060,TURN_STOP,3,498847c4-96d8-403d-a063-27ae2b080b70|c635efea-8184-4c89-b55e-bdf81d45802c|e797212e-1faa-4b0e-911c-88167cb96823
singapore-hollandvillage,a4405470-583a-4360-acd8-c36317bf6f67,STOP_SIGN,3,75aa0171-cf5e-4fcd-8d16-5904468cd617|00d01ead-32d3-498e-951e-ff090818c4c0|e2dcfca7-64ac-4195-b681-4cbe61a82143
singapore-hollandvillage,a4902d1f-d3e3-4f20-ae00-b2fe018b90f0,TRAFFIC_LIGHT,3,2549a6f2-a8c1-417f-ac9a-7dafb0ca881a|11d1386c-0007-4eed-8f42-09a2b8c442d2|e34eed7b-a621-44fc-8b47-cfc5e1c913f3
singapore-hollandvillage,a55b71f3-420c-48b2-8de2-714dcb388bb2,TURN_STOP,2,b1f516f9-ad49-49c5-b92f-f0d05dd5b0de|42130ae4-c1d6-4e4a-b3e7-32588a5f91a0
singapore-hollandvillage,a88a0ee6-59a6-43f8-9a20-d147d80d0816,TURN_STOP,4,4088bc01-bd14-40a1-a5d0-1fdec1ad3891|4857a130-f20d-4dbb-935a-2c0378266b70|ac35dcec-456a-4063-b315-7e74e0c42b2d|1552e88a-fd0c-4671-a37e-ce20401894e7
singapore-hollandvillage,a8b6450d-526e-4a37-9997-22d173d3796a,TURN_STOP,2,b1f516f9-ad49-49c5-b92f-f0d05dd5b0de|42130ae4-c1d6-4e4a-b3e7-32588a5f91a0
singapore-hollandvillage,a8b742d6-ad17-4a54-a343-49ecb7a2e9fc,TURN_STOP,3,498847c4-96d8-403d-a063-27ae2b080b70|c635efea-8184-4c89-b55e-bdf81d45802c|e797212e-1faa-4b0e-911c-88167cb96823
singapore-hollandvillage,a986c197-c8dd-4a6a-a36c-0d42f228fadf,TURN_STOP,2,cd076f06-77e5-49ba-aac4-2a042c8a8cfa|6afeca34-58de-404c-be5a-dfe3ec43807a
singapore-hollandvillage,aa151784-0e64-423d-85e8-4fbf53cc57b6,TRAFFIC_LIGHT,3,147826f5-6c4f-4f6b-960c-c7c288b3273b|02ac8726-0cfb-44e0-93f9-a3c80c161536|72e9c0a7-1a91-48ae-b122-b596cfba29d3
singapore-hollandvillage,aacb1bb9-cf99-4c0d-8fa3-0ceb01e4df11,TURN_STOP,2,02e94337-0847-4a00-93ca-7e4b611d12c7|c77f8c61-0f95-40e8-a3af-281927c47ae4
singapore-hollandvillage,aad8d6a4-4d3b-4f20-b27a-fecd39b9b6a0,STOP_SIGN,3,c010ebed-894e-4757-8021-774c1284add0|7bf04b34-2722-4a74-a76d-90a4bc6ce803|c2eebc4d-3161-4a7b-82bc-0b720857795d
singapore-hollandvillage,ab0eb607-1b0e-4287-8bc5-807fb1457d35,TURN_STOP,4,555af5c2-8a8e-4c45-85f9-d520ca0dd814|85118d8c-76aa-4a32-b01a-00dd92dbbc6c|52468757-6c27-400c-8c13-e5a41393fe2c|984cb994-f932-45f5-b459-034d85ec02bf
singapore-hollandvillage,ab79c005-a8af-4cbe-ac88-657c2bd7c6b3,STOP_SIGN,1,7fe0c4ab-ff2d-4749-aa18-76ae1dfd8449
singapore-hollandvillage,ace27dde-c4c4-4b82-959e-afaa781c776c,TURN_STOP,2,c258bb30-5184-48d6-9b27-c7ad90f8326d|60855865-7d02-40d2-9c5a-632e666399ca
singapore-hollandvillage,af4bdc89-b978-4a25-83e5-396f00e843e8,STOP_SIGN,4,01f13d02-89d0-43f5-8b56-6917d5f29f0e|6474c953-feae-4528-b721-00dc0d4a4ca7|a4c787e1-daf5-469b-9bdd-17b3bf5a8138|b2e30b64-41e4-4777-8efb-d81c6de43085
singapore-hollandvillage,afc6af12-02bc-4ecb-b9aa-577d12cdade6,TURN_STOP,2,fd8801e3-2e85-40c6-bc14-594632a335a7|8fa97eb6-a92f-4b5f-989f-a3847fbaf005
singapore-hollandvillage,b036e2e5-9ead-4cb7-89f3-d7d6e2a65d84,STOP_SIGN,2,80cfdfe1-19ca-4314-8b6e-1f8d2bcf1c9e|0a8d3528-8553-4c5c-92a0-785b41782631
singapore-hollandvillage,b20a9a5b-b2ea-43c5-a901-e56df6063c41,TURN_STOP,3,a90d0e17-6056-424a-a324-f2fef6c49d07|f39b2c1d-ba88-4edd-9018-18dffc93da7b|70c73140-ac26-4dab-84e3-8b3f42d6e153
singapore-hollandvillage,b259c059-d8a6-4220-b678-55c676d17ee6,STOP_SIGN,1,4ac77103-6dda-4ff5-b57a-a9e7f1ed56d8
singapore-hollandvillage,b29bca1e-dc45-47c2-ac11-1954217839e8,TRAFFIC_LIGHT,4,312dc192-3f34-4ca5-82b3-d3e69aad0148|b775feb0-5e88-4d71-80e8-2465e63d25b0|0b25f78c-b460-45dc-8d0a-735a5d5cb762|80be8519-d00b-40e1-a7e7-8e25f1fb1abf
singapore-hollandvillage,b321e439-6d4b-4696-a92d-2dd817bef8c3,STOP_SIGN,2,b8289bee-a652-41fb-9374-a4915e820afc|0c53e4d6-f21c-4d8e-91bb-4322dad18d5d
singapore-hollandvillage,b36a1d84-e619-4be1-bfea-61c733a37dec,TRAFFIC_LIGHT,3,a1f30350-08b7-4b8b-8ff2-e1d20a6d17e2|56db96c7-b534-4437-872e-3b79a4becb07|f833d8aa-ee35-4327-92a3-61a24d7ff324
singapore-hollandvillage,b3e5c4af-4f1f-47bf-914c-419b29b42a9c,TURN_STOP,3,4e2acc87-2c0e-4ddf-9da8-4ba5b70a1f03|4c7d3af4-3380-431c-93f1-5dd0b3fe2437|d4eb2b36-3527-42e5-af61-28c7f225300f
singapore-hollandvillage,b3ef0944-cd87-47da-853a-3cf53f731c1a,TURN_STOP,2,86ed4f74-ad18-490a-9cd8-8c3a2c2cbaab|df11262e-5222-4b42-83a6-dee1e660673c
singapore-hollandvillage,b5ec5507-df1f-4492-9c5e-6896b57a83e0,STOP_SIGN,3,d94d8095-2bae-4b6d-91bb-2d194853bbe5|6d74b046-f06e-4ab0-ba87-40a4e05abb0c|8b283661-1cf1-4e28-9a3b-36bbab0daa58
singapore-hollandvillage,b60be55e-007d-4e7e-ae6c-2b699cf66c08,STOP_SIGN,2,713ac5c5-c92f-4577-9880-ad5856227a6d|fa5d88b6-3959-412a-8a47-ea5a21914530
singapore-hollandvillage,b69c16b8-bf17-409b-8720-63698f885afd,TURN_STOP,3,eeb9cd70-a283-4f6b-a9b6-cd994da0a568|4f57768e-c030-443a-a57c-7c48b69c4b18|f78e3a6f-29b6-4742-af5a-816acbc0e994
singapore-hollandvillage,b8d97146-e1f6-4d0f-af83-8f0df1dad710,STOP_SIGN,3,6a41dad0-d872-4c20-9b20-6fce05be50f0|2bba0ee6-e076-46fd-8de8-613abfd20447|b8f4290a-c785-4df7-bd17-1c0c2e5621e4
singapore-hollandvillage,b8d9bdb2-8f73-46ce-b585-8c6fe8fbf165,TURN_STOP,3,3a3ff6a5-2672-474c-9e11-f5e6e49dd614|e681966e-636f-496f-abbc-03fdfc8c3e7f|e8ff244e-db2b-46f7-aac1-89f3b51e4cd2
singapore-hollandvillage,b9ee9ebb-6489-475c-9cb8-d14f1fdf9d53,TURN_STOP,3,5993eafe-c95e-46a4-bf71-944047069d45|c7f4088b-2614-4960-ae75-49b58bc743d7|8420a9e8-94e9-414c-b75f-d93a76e4ec60
singapore-hollandvillage,ba68ce23-a78a-4fd3-ba3a-7f96f6935cfb,STOP_SIGN,2,c6f74d9e-ae6f-4452-a5ff-ecd9b1d8fc7e|9adbac24-7a0e-4413-b248-2fa6651c6de7
singapore-hollandvillage,bca94c83-5afd-424d-a27d-95a02575c398,TURN_STOP,4,ed3ac551-0d9e-4bfb-a3a5-ad6d07d505cd|25599af8-adc8-47c9-bed8-022193288b4e|616e7128-3e6d-4d66-ac69-50366b3fb965|fc3792a5-1535-4c06-9096-0ff64c843c60
singapore-hollandvillage,bd457c75-bc18-4904-921b-ef930d356577,TURN_STOP,2,d3365ff0-c05a-4594-a747-461895b72ea9|62927252-4b14-4e0c-b068-ce5a25bfddae
singapore-hollandvillage,c0d72ccf-2117-4aa7-85cd-b9e38a648f70,TRAFFIC_LIGHT,6,839757c0-0da6-4c87-bffd-f4a60739ba69|cc819b6f-d79d-4ddb-9db0-271e5f482965|c0847059-1bd4-46e4-a3ee-ac36bf4995cb|ace2e4a9-566f-42a6-8657-c395b5313290|d8dfdb62-f9d4-427e-b96b-f6e46b980474|5e5744f3-1cba-4b4e-8688-9e499d67cfd1
singapore-hollandvillage,c3def340-5c86-4925-9c96-9870fe6a405b,TRAFFIC_LIGHT,3,9b2c7a6e-5c49-42c3-bf2c-805e5b26e213|552f5fc3-db7c-4787-b8a4-de54668e37af|13375341-6d75-42ac-9805-74446eb8dabb
singapore-hollandvillage,c4679712-6ede-4886-b064-45409c22560a,TRAFFIC_LIGHT,5,2b83c844-9abf-4a51-bae3-7817547a2010|47bd07ab-45bc-43cc-9832-692c83913009|adf143e0-9b22-4b27-aaab-e4b03dc9b22b|c330687b-e6fe-40c6-a8cb-eafb97389e69|7d9d6d0a-b1e1-41d3-ab5b-50bded24b0df
singapore-hollandvillage,c48e8961-aa4f-4854-9ca0-8a0172a3cf82,TRAFFIC_LIGHT,5,3566409d-669d-4ee1-b65d-3ff4602e7a30|d539f430-6908-4f61-8d11-2f66ed68c0f4|6d8cfb92-42ab-4cf5-b81d-b00fcbb0dffd|a348da17-31f1-4000-914f-90c0757dfc36|3b4eb4fc-46fd-4a6d-ac75-38e377b59ddd
singapore-hollandvillage,c6904e0b-fd37-4cfd-ad63-775b2e34e4bb,TURN_STOP,2,381fe10a-15f6-4cfb-a535-cc42b6f92624|3ff11593-cdb0-447b-85c9-57b24c8dadf1
singapore-hollandvillage,c6b873a8-5cec-4c58-a345-f0291d282584,TURN_STOP,4,e736db5d-2358-4236-a84b-c6a36ce9b69c|37f8a30b-0d28-42b4-b5e7-db19b3763a00|07409ca4-b7fe-4b60-8706-4923cb9b10c0|a5594652-406c-4b5c-8008-1dee4d0c47df
singapore-hollandvillage,c7204fd8-273b-436e-b745-a0f336ff67d8,TRAFFIC_LIGHT,1,ebb09042-bb48-4555-a408-7d783ed40e61
singapore-hollandvillage,cd7c1b4b-4718-45e0-8330-d9ebf6dbf346,STOP_SIGN,3,e8192f91-d889-48e4-9283-a5936c739add|cd076f06-77e5-49ba-aac4-2a042c8a8cfa|6afeca34-58de-404c-be5a-dfe3ec43807a
singapore-hollandvillage,cfd56292-49aa-40e4-8070-e01cffad7bf2,TURN_STOP,3,125bacf5-4668-40f1-affe-3ee7ad4d5b9f|c258bb30-5184-48d6-9b27-c7ad90f8326d|60855865-7d02-40d2-9c5a-632e666399ca
singapore-hollandvillage,d0663b07-a97e-4666-afe0-25edefbd6cc1,TRAFFIC_LIGHT,2,14b03be7-e969-4171-bea9-153596db87b5|8c67664c-1f7a-4f65-934d-20af254af561
singapore-hollandvillage,d18bda58-344b-476a-a535-60119c09679f,STOP_SIGN,1,c7819c39-fc00-4894-ba53-abeb28e26a92
singapore-hollandvillage,d1faaedc-0086-49c9-a43c-0383f00ba9d1,TURN_STOP,3,a90d0e17-6056-424a-a324-f2fef6c49d07|f39b2c1d-ba88-4edd-9018-18dffc93da7b|70c73140-ac26-4dab-84e3-8b3f42d6e153
singapore-hollandvillage,d55eb612-6545-48e8-ba3c-752e2455eccb,TRAFFIC_LIGHT,2,ae0e84b7-01f1-4546-afbc-93f399b6949a|ade12b01-954b-413d-a6da-7c74bd3435ba
singapore-hollandvillage,d5a1e1b8-4877-4eb2-adbb-0ebf5ed87267,TURN_STOP,3,75322e82-378f-4657-81b6-ebd68ef24b8c|b9548f21-a426-468c-b1a8-ca447bca72c3|2eecb073-b6b8-4c98-bcee-93180707901d
singapore-hollandvillage,d6b84100-bbb8-49fd-a571-4d61fec28028,TURN_STOP,3,82bb5974-8bc4-43f1-889d-a123ae40b9ef|b2e30b64-41e4-4777-8efb-d81c6de43085|0f7c650c-579a-40e0-90f6-c7c3e7125eb5
singapore-hollandvillage,d8cb282d-db38-4fc1-8fa3-274ff83015e1,STOP_SIGN,3,75322e82-378f-4657-81b6-ebd68ef24b8c|b9548f21-a426-468c-b1a8-ca447bca72c3|2eecb073-b6b8-4c98-bcee-93180707901d
singapore-hollandvillage,db922b04-660b-4162-be9a-bce1e15aa6be,TRAFFIC_LIGHT,6,73df80f2-a1e3-4236-947e-c0c9a68874d7|48bad732-2dc3-4f98-a49f-04203876bdfe|b547050f-6243-4101-b7a3-2ae79277380a|8e75a561-8d58-4587-8321-854732083946|84cfe815-6a70-4731-bb06-2e54e6851039|de191836-8257-4894-8ea4-63241fa63d8c
singapore-hollandvillage,dbcfdf8e-9bb6-4858-8226-fb872a16ba19,TURN_STOP,1,f4503cd8-96bf-40c6-bcf1-7e2400f76495
singapore-hollandvillage,dc7deb9d-a983-4d3c-9bbb-2586ad54c99e,TURN_STOP,3,659b2578-03c5-431c-bc5a-2cece2c51ced|33104b25-04d4-4c1b-a0c9-dba360bad6e3|b0944e9e-f1ba-415e-bf1e-382de1bf5cee
singapore-hollandvillage,dd1a9481-733e-469f-8d20-001e48c69d6b,STOP_SIGN,3,498847c4-96d8-403d-a063-27ae2b080b70|c635efea-8184-4c89-b55e-bdf81d45802c|e797212e-1faa-4b0e-911c-88167cb96823
singapore-hollandvillage,dda53af2-682e-4740-a6d5-d0053b9ed82e,STOP_SIGN,1,ae64a144-2604-4cf4-b4e9-3355403aac82
singapore-hollandvillage,de5d91d4-02c6-48e1-9eef-ce0dffe4d422,TURN_STOP,1,8fc722c6-43f6-475b-90c2-2e3228a703a9
singapore-hollandvillage,de77e23d-75c2-4084-8185-95e9971de8cf,STOP_SIGN,1,8fc722c6-43f6-475b-90c2-2e3228a703a9
singapore-hollandvillage,e14ad956-c21a-4151-bd68-be827ebc52be,TURN_STOP,2,ab757bdf-81b9-4963-b277-0157f1323341|45c2e888-010b-47e4-a340-e8077edd1180
singapore-hollandvillage,e1b54410-b795-4bf7-a78b-7d8bd2af50a5,STOP_SIGN,3,a985f9e9-c846-4587-86e8-2d815a1357ed|3ab9df23-3da1-464e-88e9-9d1168dcd13b|b217943c-2e92-4c5f-972a-064c598dc898
singapore-hollandvillage,e1f70a84-efec-4c1f-8337-52681b923a53,TURN_STOP,2,65f1c154-d2a8-49d4-b913-4c6813fe23e3|5d2c9466-a5ad-4ee9-b4db-06a683e4a7ed
singapore-hollandvillage,e24a0cf4-57b7-4857-900d-c918b938feb7,TRAFFIC_LIGHT,2,8620a32c-4577-48be-a3ce-537da9400ea7|a4a99c29-e30d-4342-b538-7ea8db21c335
singapore-hollandvillage,e42c82b8-053e-489d-8145-614f8706fde2,TRAFFIC_LIGHT,1,0bd7b953-edaa-43e1-9b3a-e2097c9e3198
singapore-hollandvillage,e445413f-ccf8-4b1e-a280-9b6f73d4af46,TURN_STOP,2,c6f74d9e-ae6f-4452-a5ff-ecd9b1d8fc7e|9adbac24-7a0e-4413-b248-2fa6651c6de7
singapore-hollandvillage,e571e0c1-9d51-43d0-8eb3-9771c1922938,TRAFFIC_LIGHT,2,9f55ac97-3d07-43ce-ad3a-a47df8dcc1e1|560dea1d-3467-498a-8db1-0ba97f4a9672
singapore-hollandvillage,e61af487-569d-4876-b9dc-86aec0754425,STOP_SIGN,2,b1f516f9-ad49-49c5-b92f-f0d05dd5b0de|42130ae4-c1d6-4e4a-b3e7-32588a5f91a0
singapore-hollandvillage,e6992f52-be49-4e47-921c-0bdf02c4521b,TURN_STOP,2,ee4ff271-ed82-4b54-9382-453fb740c650|4a06904d-8ea6-4058-8206-8cf5f472ef0d
singapore-hollandvillage,e74ff1d5-6a44-46f7-8e2d-64edcf821377,STOP_SIGN,4,555af5c2-8a8e-4c45-85f9-d520ca0dd814|85118d8c-76aa-4a32-b01a-00dd92dbbc6c|52468757-6c27-400c-8c13-e5a41393fe2c|984cb994-f932-45f5-b459-034d85ec02bf
singapore-hollandvillage,e767688e-9cc5-46e3-b19a-85885c693239,TURN_STOP,3,21c4cbb0-c7ec-4385-b885-893952860311|f7c97ab9-08e6-4038-af44-4c540690a550|5972e566-f682-4087-9498-d48d7aa39d71
singapore-hollandvillage,e8fbcfb1-1329-477a-adde-afe1775b05e0,PED_CROSSING,1,15059f1c-d54a-4231-92e7-95da04fe4195
singapore-hollandvillage,ec90852a-c05c-4856-994a-ab3fe77dc5a0,STOP_SIGN,3,b1ea5969-4bf1-49a3-b4d1-e8daebc2aff9|332e5333-489f-49e2-99ee-7cfc52aa1c51|6c3b3ad3-0660-4b55-b0a5-f49a1cc683a6
singapore-hollandvillage,eda8bc91-7caf-4ac4-9f9e-3f033fd29622,TURN_STOP,3,6474c953-feae-4528-b721-00dc0d4a4ca7|a4c787e1-daf5-469b-9bdd-17b3bf5a8138|b2e30b64-41e4-4777-8efb-d81c6de43085
singapore-hollandvillage,ef7df495-ce08-4cd8-b2ad-9d7a3cd24daa,TURN_STOP,3,1d79a3e0-1794-4647-865d-38f3b6027905|c44d5291-8ada-4680-9b1d-116baccd7b98|4c411416-aa15-42a3-8a36-189ab08de624
singapore-hollandvillage,efcd3fee-a56c-468e-acf9-183ace85e19a,TURN_STOP,4,6e0ece4b-41e4-4068-bea9-abf9e57e16cc|cb962fb2-f68a-403a-86c2-ef47ecf24501|41f6d93b-3735-4368-8fb4-68c79ff959d4|8c0f38e2-0178-4d83-abd1-f76087cbf776
singapore-hollandvillage,f24c2acb-42c5-47cd-bbc5-f76cc720dc83,TURN_STOP,2,f7b45eaa-aed3-47e4-9a93-4e164c636270|4c9cc35e-8aaa-48a6-a03a-c4606ee2c687
singapore-hollandvillage,f2d7cd8f-00be-4704-9053-45970df89747,TURN_STOP,2,29a859ca-bf8d-44d6-be51-28fa31d53129|99ce9aaf-89f9-46ad-9ce2-ee8f5b4c4485
singapore-hollandvillage,f39c9d89-3ae6-419b-a7c5-7d18bda6b1a9,TRAFFIC_LIGHT,4,69749bb2-04ed-4768-be24-81b4b21e83af|dd5aad06-7936-4b1b-9ccc-7d8e564fdf24|b6a51b70-49d2-4006-9ce2-d29b56ac3662|61c19988-bcb8-43cb-853b-d83402fe101e
singapore-hollandvillage,f4009436-c49e-4822-8557-1b9820a231b4,TURN_STOP,3,18c4da3c-42d5-42c6-be49-b2026d328bd2|57777d33-97ec-4b3b-96f1-c4ae677b18cc|47ce9e07-c496-4128-a915-2ca1ade9d253
singapore-hollandvillage,f49b40a9-f3a3-4f95-a176-eadd907107db,TURN_STOP,3,5993eafe-c95e-46a4-bf71-944047069d45|c7f4088b-2614-4960-ae75-49b58bc743d7|8420a9e8-94e9-414c-b75f-d93a76e4ec60
singapore-hollandvillage,f5546bff-375b-4e76-846a-8495cc8f3ef5,STOP_SIGN,3,0154c8bb-9ca0-46e2-a958-6c4ab3eeb322|75c34a75-ab09-4d3e-ab76-2f0330cd0e21|54838a77-b47e-407b-bc1e-9d0a9419dd7d
singapore-hollandvillage,f7386eb8-8fd0-4335-b681-19d5a13ebb95,TURN_STOP,1,80cdf8db-3b45-4d7e-860a-01f66aabf99f
singapore-hollandvillage,f74aac88-123d-4e54-8c71-fb9c353ce53f,TURN_STOP,4,169673ee-77a5-4593-9bb0-39340515e214|c5e94bab-ff0a-4f09-9152-a939c80cbef4|56ccb8be-84b6-4c46-aa43-6868285700e4|d0d4c239-a724-4447-88c0-36439eafbe39
singapore-hollandvillage,f7cf1fd1-6abd-444a-9d19-4b671e180487,TRAFFIC_LIGHT,2,beb02ee5-10fc-46c4-bbfd-4d3116a305c9|eb5ffd00-909e-41c3-96b8-15be7820f283
singapore-hollandvillage,f8def612-31c0-4eca-ae3e-559c7b1c9d45,TURN_STOP,2,80cfdfe1-19ca-4314-8b6e-1f8d2bcf1c9e|0a8d3528-8553-4c5c-92a0-785b41782631
singapore-hollandvillage,f9a7caf9-d668-4f6c-a5f2-42f59114a661,PED_CROSSING,1,bf603aba-d749-4879-ada0-6e6a3bf2fca1
singapore-hollandvillage,fa26c671-39ed-4c12-a06b-ecb4268065a1,TURN_STOP,2,01791f3e-d627-4425-a17b-4dd7bda4732f|196d7575-1f4f-4fb8-bdfc-93eb7b69ce3f
singapore-hollandvillage,fc997ebb-3ff8-4b77-a727-5c3499f7501c,TURN_STOP,3,d94d8095-2bae-4b6d-91bb-2d194853bbe5|6d74b046-f06e-4ab0-ba87-40a4e05abb0c|8b283661-1cf1-4e28-9a3b-36bbab0daa58
singapore-hollandvillage,fd5ce45b-af80-4efd-8305-4b870a1a4011,TURN_STOP,2,492440af-f103-4518-aee9-6f0783fc48de|669ff49c-6877-4769-9746-87e83502e674
singapore-hollandvillage,ff7d51c7-aa50-4416-9f9a-30a56ad8e814,STOP_SIGN,3,1d8af85a-1d12-4d6e-a7b4-18e048e78976|5c82db65-765a-44c4-b5eb-bf57edef7247|5687ec43-0283-47e7-9fda-9f369c3f29c4
singapore-hollandvillage,ffb972dd-72aa-4f91-abc5-d938c7721e2b,TURN_STOP,4,f06c7b56-da47-4574-8234-4e772bdde9a5|e90444d1-11b6-4c1b-a537-2a520c7c9dca|9b025299-c4c3-4fa6-b6c9-13ec7eda95e2|fde82888-e8c0-47f5-9231-7fca57df9a7e
singapore-hollandvillage,932e7d6c-53be-4e77-beda-cd69bde2a1fa,TRAFFIC_LIGHT,0,
singapore-hollandvillage,2010def7-3181-4dd0-9283-784afdc67fb3,TURN_STOP,3,1117ffc6-f855-49bc-bcdf-10829ef88fb2|45202dd4-d6fe-4358-bb7f-ed1cef297672|85597c88-39e8-403c-961a-8854c04343d2
singapore-hollandvillage,05e06c48-54f8-4a75-a37a-c86db733a14a,PED_CROSSING,1,ff7833af-e024-4dcc-94b5-e0e23b50428d
singapore-hollandvillage,0729db0e-8ace-4072-ab0c-49b3b0d83a8c,PED_CROSSING,1,14542091-1dfb-4a8d-a004-405363089654
singapore-hollandvillage,1046539c-fd45-4fff-818e-bcf2db9a8f57,PED_CROSSING,1,467031fe-c74a-4a7b-91cd-1cc1657361d7
singapore-hollandvillage,16f9c8b8-469a-4d00-9d94-58d935875951,PED_CROSSING,2,213971bc-cdbd-441c-8e5d-91c2683da576|4c411416-aa15-42a3-8a36-189ab08de624
singapore-hollandvillage,1a0ff315-cde8-4508-9726-a93c8507b00c,PED_CROSSING,1,6bf18302-6a67-457a-8753-b1070913748a
singapore-hollandvillage,211613cb-ea8d-4fb2-908a-7ac8342c26b2,PED_CROSSING,1,3d704e6d-5d27-421b-9703-ba2a01993a13
singapore-hollandvillage,224dfbdd-d890-4bea-91e4-750eb29d5443,PED_CROSSING,2,c4594861-82c1-457b-be32-edf00903089b|a6e5fb6a-a93f-43f0-a424-48ab03410334
singapore-hollandvillage,289f9738-ae40-40d8-ad6c-5990828b24bb,PED_CROSSING,1,f06c7b56-da47-4574-8234-4e772bdde9a5
singapore-hollandvillage,28c7179f-40ad-4003-9f74-2261fd2ca31d,PED_CROSSING,1,2e2784ca-aa7b-4ebe-8792-a67267702744
singapore-hollandvillage,29ad4808-7775-464b-8e28-b9ccbecfdc27,PED_CROSSING,1,3d704e6d-5d27-421b-9703-ba2a01993a13
singapore-hollandvillage,2b8aeeac-8b70-4d62-8b60-60cd75231140,PED_CROSSING,2,8d605418-93f6-44a0-b1a0-68b64b4ee175|11a5357a-6b66-41d9-9e93-1489e2ea8e8f
singapore-hollandvillage,304c951f-8b34-4a8e-82c9-dd0b287df560,PED_CROSSING,1,78d6301c-3f35-4be0-a3fb-0e2d51dcbc24
singapore-hollandvillage,32ebc25d-4da0-4791-a77a-7537f8dd474e,PED_CROSSING,1,4c0d9b6d-39a3-440e-b7c1-a9c3c08d1620
singapore-hollandvillage,33a2fd6b-14be-471e-8739-2ab87aaa7e42,PED_CROSSING,1,13710b16-87dc-4503-ad18-6c9719808684
singapore-hollandvillage,36af2b43-e595-44a3-b06b-daed8ec5f799,PED_CROSSING,1,e5632487-71b2-46d5-9d29-3adbdfb2e20a
singapore-hollandvillage,37cd7720-2ff6-4cd9-841f-12fe27821c9b,PED_CROSSING,1,34fb5320-fba0-4f01-a742-ae68f8cee5cd
singapore-hollandvillage,3b994083-677a-4796-90dd-b4ff835742d7,PED_CROSSING,1,e15a5c9d-e863-48ea-8937-08fa8b87332d
singapore-hollandvillage,3dd902fd-3e3d-47ee-8bf1-8a98b499f207,PED_CROSSING,1,3d704e6d-5d27-421b-9703-ba2a01993a13
singapore-hollandvillage,42251a0f-46ba-42e6-bc49-b4796ec21bac,PED_CROSSING,3,e5632487-71b2-46d5-9d29-3adbdfb2e20a|cd076f06-77e5-49ba-aac4-2a042c8a8cfa|a192bfb6-e3c8-42c0-b740-2b6d50bbe3f3
singapore-hollandvillage,4257652b-d590-43bc-bfa9-3a883c11bf44,PED_CROSSING,1,3ff7c955-d1fb-49ee-b7d7-b649b5f51e48
singapore-hollandvillage,442dcb83-2207-4ef7-bcc2-e4c1d98fe147,PED_CROSSING,1,241c17c8-8a70-42b6-9cd1-5f1de2e74e9e
singapore-hollandvillage,44d46fdf-e866-4b57-876c-47b773135d0a,PED_CROSSING,1,4c0d9b6d-39a3-440e-b7c1-a9c3c08d1620
singapore-hollandvillage,455dd643-8465-44ed-b215-4a003982afe5,PED_CROSSING,1,13710b16-87dc-4503-ad18-6c9719808684
singapore-hollandvillage,47ecbb94-bc4a-4829-8ab1-2b939c2d7695,PED_CROSSING,1,589934ec-22bf-44a6-b48a-9ab33597075e
singapore-hollandvillage,5085c44c-52b6-4dca-9ef7-d187faf61cae,PED_CROSSING,1,24341b0e-ea2c-472b-afa3-12df8c35d649
singapore-hollandvillage,50d6f1f8-d986-4bf9-99f9-6c0145df70b2,PED_CROSSING,3,6174a8a2-99ab-47e2-80fb-2491467defc6|8d605418-93f6-44a0-b1a0-68b64b4ee175|11a5357a-6b66-41d9-9e93-1489e2ea8e8f
singapore-hollandvillage,5d4c211f-a94a-4813-a239-ec7ace71c72c,PED_CROSSING,1,0d79a99a-831a-427b-9589-26ad139ca922
singapore-hollandvillage,5f481112-a13d-438f-8ac1-3f4d23e1e511,PED_CROSSING,1,91360a1b-6012-4fad-85a2-33d7f284f119
singapore-hollandvillage,5f80b591-96a0-4d88-bf2d-05321d59a16e,PED_CROSSING,1,6578c455-0b96-42d9-98d4-676393f0b555
singapore-hollandvillage,63b93393-8b7b-4aad-b053-42df26e690ab,PED_CROSSING,1,91360a1b-6012-4fad-85a2-33d7f284f119
singapore-hollandvillage,63eb4029-61ec-4f86-a231-b688ccf1582a,PED_CROSSING,1,ff7833af-e024-4dcc-94b5-e0e23b50428d
singapore-hollandvillage,72aa9f81-0bd0-4663-ad23-a013449fe085,PED_CROSSING,1,2b93a0f1-5bd1-4d7d-9f73-29607703885a
singapore-hollandvillage,7449da40-acb9-497e-9e22-07762109d282,PED_CROSSING,1,14542091-1dfb-4a8d-a004-405363089654
singapore-hollandvillage,75e47b39-0236-4868-a1e9-53f1fb1408cd,PED_CROSSING,1,24341b0e-ea2c-472b-afa3-12df8c35d649
singapore-hollandvillage,81243815-c0d9-4d76-be8f-c1a1da778472,PED_CROSSING,1,4edf8e7a-c08a-4cf3-ab58-b153d13e95b1
singapore-hollandvillage,834778ba-eddb-4999-8711-f4da371bce53,PED_CROSSING,1,2e72e065-a487-48c5-951d-7dce6ff450e5
singapore-hollandvillage,8d5f42e5-4300-41dd-b9c1-4e48ac4afd17,PED_CROSSING,3,0d79a99a-831a-427b-9589-26ad139ca922|29a859ca-bf8d-44d6-be51-28fa31d53129|99ce9aaf-89f9-46ad-9ce2-ee8f5b4c4485
singapore-hollandvillage,8dd25e38-6fd1-493a-b89a-5920428469d2,PED_CROSSING,1,4edf8e7a-c08a-4cf3-ab58-b153d13e95b1
singapore-hollandvillage,920c4512-a8de-49d3-8e94-eed4084ca981,PED_CROSSING,1,14542091-1dfb-4a8d-a004-405363089654
singapore-hollandvillage,929283d6-7875-4b70-81ca-63780df350f2,PED_CROSSING,1,241c17c8-8a70-42b6-9cd1-5f1de2e74e9e
singapore-hollandvillage,92c87334-199e-4d18-b4b3-cebb59595aa4,PED_CROSSING,1,4ac77103-6dda-4ff5-b57a-a9e7f1ed56d8
singapore-hollandvillage,942212e2-0b74-420f-9dcd-99950678d9ff,PED_CROSSING,1,987dad78-d872-47f5-8390-d2450ac3790f
singapore-hollandvillage,954458a8-ac58-44d7-8cd1-fa56b0c77616,PED_CROSSING,1,b02d2675-ca29-465d-a14e-2a0771daf4e4
singapore-hollandvillage,a0b0d53c-2c87-44e7-87c4-2a676c8e77b1,PED_CROSSING,1,6578c455-0b96-42d9-98d4-676393f0b555
singapore-hollandvillage,a24250a7-052b-4904-8bbb-43476f2eadf8,PED_CROSSING,1,541147a9-507e-4046-9ac1-5ae784af521f
singapore-hollandvillage,a2612ce6-5f9d-45cd-97a7-d2980d139e44,PED_CROSSING,1,213971bc-cdbd-441c-8e5d-91c2683da576
singapore-hollandvillage,a71add5c-de6a-4f69-ab2d-dc2bac383238,PED_CROSSING,1,467031fe-c74a-4a7b-91cd-1cc1657361d7
singapore-hollandvillage,a7e7c827-864e-4de9-9ab2-efcd36e6d125,PED_CROSSING,3,22c3cf7e-2a99-441c-a877-de9852a7b726|c4594861-82c1-457b-be32-edf00903089b|a6e5fb6a-a93f-43f0-a424-48ab03410334
singapore-hollandvillage,a969a5d3-4c42-49ac-a2d3-ea2905ed099d,PED_CROSSING,1,3d704e6d-5d27-421b-9703-ba2a01993a13
singapore-hollandvillage,aad98504-b11f-4632-8c57-3acd34ee9310,PED_CROSSING,1,2e72e065-a487-48c5-951d-7dce6ff450e5
singapore-hollandvillage,aca21be6-147f-4426-8dc2-3c397960292d,PED_CROSSING,1,cca6665d-62df-41fa-801b-9917aebe087c
singapore-hollandvillage,afa9d96a-728a-4276-b29b-4b2e09bab0f5,PED_CROSSING,1,2e72e065-a487-48c5-951d-7dce6ff450e5
singapore-hollandvillage,b4e0dcc1-5b77-4cb8-9582-c7fa56b927b0,PED_CROSSING,1,cca6665d-62df-41fa-801b-9917aebe087c
singapore-hollandvillage,bb51d959-5a8d-445a-9883-38670a79c76a,PED_CROSSING,1,2b93a0f1-5bd1-4d7d-9f73-29607703885a
singapore-hollandvillage,bbb39608-53a5-4c6f-a7a8-29b0280bff47,PED_CROSSING,1,14542091-1dfb-4a8d-a004-405363089654
singapore-hollandvillage,c01c225e-b518-4bbc-84e7-cddfadef5666,PED_CROSSING,1,78d6301c-3f35-4be0-a3fb-0e2d51dcbc24
singapore-hollandvillage,c10efb8d-9749-48b4-85c6-f962cb302361,PED_CROSSING,1,ce1c4c1b-f274-4877-ad1d-6093e313dbd4
singapore-hollandvillage,c30d935b-6bcb-46c4-a630-44ec2a6618df,PED_CROSSING,1,2e2784ca-aa7b-4ebe-8792-a67267702744
singapore-hollandvillage,cd78319f-15e7-484e-9211-97d8c87c3512,PED_CROSSING,1,2b93a0f1-5bd1-4d7d-9f73-29607703885a
singapore-hollandvillage,d23cc754-083f-4380-803d-cbeb3a09d71e,PED_CROSSING,1,2e72e065-a487-48c5-951d-7dce6ff450e5
singapore-hollandvillage,d2edb29f-0a35-4d69-9092-e87bf0fb051d,PED_CROSSING,1,987dad78-d872-47f5-8390-d2450ac3790f
singapore-hollandvillage,d4390e00-5f75-4208-9928-24c9d39a2f36,PED_CROSSING,1,468f80f9-a25c-40f7-9a03-cec53c895bb4
singapore-hollandvillage,d46c4d28-ae9e-4695-bb7c-1adc657d915e,PED_CROSSING,1,3ff7c955-d1fb-49ee-b7d7-b649b5f51e48
singapore-hollandvillage,d77a2175-54b7-48a4-9054-7f47507124fb,PED_CROSSING,1,541147a9-507e-4046-9ac1-5ae784af521f
singapore-hollandvillage,dbaa600e-76bf-4437-aee8-2702cc2810f0,PED_CROSSING,1,6bf18302-6a67-457a-8753-b1070913748a
singapore-hollandvillage,dde7f87c-f7d9-4dd0-a475-a14c473a59fb,PED_CROSSING,4,ce1c4c1b-f274-4877-ad1d-6093e313dbd4|8100ebdf-4db4-45a2-b1cf-0f553381929c|5c82db65-765a-44c4-b5eb-bf57edef7247|3106ad18-3a1e-4dd5-bcb0-7fd4855c213a
singapore-hollandvillage,dfcfeedf-ad71-44e9-ac1f-8edd30088214,PED_CROSSING,1,34fb5320-fba0-4f01-a742-ae68f8cee5cd
singapore-hollandvillage,e738052f-7378-4413-a063-dc1daf506b28,PED_CROSSING,2,589934ec-22bf-44a6-b48a-9ab33597075e|e2645969-dbaf-42f8-93b2-21ede485da4d
singapore-hollandvillage,ebce1e65-9746-4f0c-bdff-86c2e9eb5fe0,PED_CROSSING,4,f06c7b56-da47-4574-8234-4e772bdde9a5|e90444d1-11b6-4c1b-a537-2a520c7c9dca|9b025299-c4c3-4fa6-b6c9-13ec7eda95e2|fde82888-e8c0-47f5-9231-7fca57df9a7e
singapore-hollandvillage,f000a07c-c6f0-494c-8361-c3a6ed4b224f,PED_CROSSING,1,2b93a0f1-5bd1-4d7d-9f73-29607703885a
singapore-hollandvillage,f2d725e1-6b3e-43e4-b4c1-d77080989996,PED_CROSSING,1,4ac77103-6dda-4ff5-b57a-a9e7f1ed56d8
singapore-hollandvillage,f565305e-a78b-4409-a610-d786ed140523,PED_CROSSING,1,e15a5c9d-e863-48ea-8937-08fa8b87332d
singapore-hollandvillage,f59f8b96-648b-4bf7-899c-7ac5f5ae5d28,PED_CROSSING,1,468f80f9-a25c-40f7-9a03-cec53c895bb4
singapore-hollandvillage,f82bba1b-9f4f-4152-83ab-8020e49fe7de,PED_CROSSING,1,b02d2675-ca29-465d-a14e-2a0771daf4e4
singapore-onenorth,0037ebe0-23bd-45d2-95d0-057ad7600392,STOP_SIGN,2,fd697c22-dbb8-4c5a-9804-ebeb70badf8b|d31bb58b-f8b7-49e8-aab6-b57400c226cd
singapore-onenorth,00904b8f-3166-47b8-9cbb-30062caec0eb,TURN_STOP,3,7ad26b17-9aa5-4a35-9612-33678fccb087|20b38bd6-c182-4dda-a584-9d47d0dd3710|7cc63cbc-c60a-4550-bc89-499ce4006a1a
singapore-onenorth,009cf7f7-b428-49e8-976a-2507bdf24cc3,TRAFFIC_LIGHT,3,40c99f02-972e-49eb-a9c5-03ed0223444d|4ffaa613-88d6-4e0d-87a4-fbf430e0516d|a28f0e75-2bc6-4d5e-9b6c-19f2c0bd0add
singapore-onenorth,00a8ae64-b069-472f-8a77-483bb61302cf,STOP_SIGN,4,b947f602-92c3-4d63-9978-bb0091dffc69|1e8e31a4-a3d1-4ed7-960e-9020f36ba614|639b9bd4-8cbc-4f3a-8a8c-2189ae997d92|77be0801-e717-4642-a5b7-44199067e886
singapore-onenorth,00ae7832-a44b-46e0-bdcf-55429399a1a4,STOP_SIGN,2,e428ae41-6a74-4f60-9b60-754cacbde0ae|fc4be07b-1181-4948-be2c-2e7deb8b245d
singapore-onenorth,00dd5805-ed16-4e03-905a-4d809df813b2,PED_CROSSING,1,39913ebf-29f7-4fa6-acc5-dc83402aad6c
singapore-onenorth,01029aba-f2c2-4df7-869f-9c6e696f8b0a,TURN_STOP,1,5db837c3-4836-49d6-a161-2079dd16059e
singapore-onenorth,0180ade1-6904-495f-a80a-1e7a9b92805d,PED_CROSSING,4,50e0930a-84b4-412c-9bb4-44a5fc42f399|c7c6061c-803a-4c24-ac77-c88aba659c8c|3713d00f-8a9a-41db-afdc-27e4f73de78b|c8ebee91-cf9c-4212-a7d0-662f3f0c3a28
singapore-onenorth,01a43300-ec66-48ab-8741-6114d74ea3ef,STOP_SIGN,3,baa57550-a094-4556-afa6-7ab78a47768f|45df1a62-9561-4579-907f-4be0c3eef6c5|499785fd-f471-4478-b7a4-eb794bd41760
singapore-onenorth,03901e87-7303-4ea8-bdec-49142ac77d60,PED_CROSSING,4,36cae262-06d0-4d6a-82d4-efa26d0f2b9e|38fe3d4e-0336-418d-9cb3-a883139f99ed|a572fcda-400a-4d54-98e8-be09bf19ad01|2d8820a4-2879-4d20-81e7-a04d4d06f057
singapore-onenorth,039600f0-97d3-4699-8c8f-30c4114db6a5,TRAFFIC_LIGHT,3,2de0aa74-cdf4-46ee-a995-0280e28024bf|58a9e6c7-903a-4c1e-bbd4-f0940fc26635|c5111a70-104c-44a4-b236-9012f1baa11d
singapore-onenorth,046679ff-e39f-4132-8fd6-a4159936753b,STOP_SIGN,2,54d5887e-b534-4c8f-902b-5cbd64d6171c|ced4338d-a5dc-4453-9f8f-21faadba28fa
singapore-onenorth,047a9b5c-d190-4218-9c8c-67a59a720710,PED_CROSSING,2,84fed037-289b-4db0-824b-8cac978a6df4|30529bf0-ca7d-44f7-9502-f910aec28da4
singapore-onenorth,04baaab2-94a5-4734-89a6-113ef5861d75,TURN_STOP,4,a4d6b95f-94ab-47a7-ac79-16dae01c44d5|ea8da0dc-cdb2-4b7f-9c5d-6bce6aaa876e|3a8ecfd8-caa4-48da-8d89-2da24d417cf0|0a5f0ec5-be99-4fa1-8fde-0b80440ce52e
singapore-onenorth,056d9647-e271-4f02-9aaf-382f506e0d75,TURN_STOP,1,06d4e467-bc0a-434e-b9fa-a77f56d651fc
singapore-onenorth,06e013de-a59c-4508-9601-55a9dae5e5c5,PED_CROSSING,1,c6bb5ad3-160b-4509-b626-02e81051f2c2
singapore-onenorth,08868c58-8ed1-4a49-8d09-f8d417a9f683,TURN_STOP,2,2e4a5e83-a23c-4ac1-9678-d68a0bc60c56|ef6260da-5be4-4a74-b224-acba49380159
singapore-onenorth,088f6c0f-d9eb-4eef-81b3-a64ab3012a18,PED_CROSSING,2,5627541e-d5e3-49c0-8483-67620e1502b3|c3276328-0806-484c-be8a-112be5de4440
singapore-onenorth,099d4889-1c29-4ef4-9dc6-ef68ea05b534,PED_CROSSING,1,1efbf1c2-0462-4b9c-9ff7-04b429838d98
singapore-onenorth,09aa99d7-ba7e-40f0-8cde-9ed7a61a35fd,TURN_STOP,1,a172b4fe-53f4-41fd-ac12-85a3fe91149b
singapore-onenorth,0a1affbd-f419-4854-add3-b597ee73308e,TURN_STOP,2,aa2c92b7-f73b-4f83-b447-11d5b26d3e39|7da300d1-d234-408f-bf6f-c986f3e128f5
singapore-onenorth,0bb7a82a-914f-4723-8f5c-556ec7e85365,TURN_STOP,2,20e0b928-3e0b-4f3d-98c2-67f3ac9b3e87|527e83b0-ed2a-4e27-bc8f-3be9c09e2a63
singapore-onenorth,0c1dfe8c-7468-4bf8-a7f2-33bbc06e2c68,STOP_SIGN,1,7a2bdf41-be8a-433a-af3e-c6841a634059
singapore-onenorth,0c6808fa-7777-48f1-abb2-0b5822fc4b91,STOP_SIGN,2,7cd63426-9c6c-497f-a1ee-7ed9f6b12424|acfbaf4b-eb93-4a62-9775-0d084b74a7d9
singapore-onenorth,0d186489-bd9d-4dd4-8fd1-3e4f6865322e,STOP_SIGN,2,2e4a5e83-a23c-4ac1-9678-d68a0bc60c56|ef6260da-5be4-4a74-b224-acba49380159
singapore-onenorth,0de23cff-5030-4f49-b472-e14e4ae6c291,TURN_STOP,2,97fc26db-0e23-4668-8a40-a404ef4bcace|0d26b2f9-ddeb-43ae-8fd0-a4b657e0c9bd
singapore-onenorth,0e590418-3b87-4e1b-8f53-ab58139a46c2,TURN_STOP,4,111111f4-5271-4344-8d76-42c0e8e2dab5|231ce3b9-9f4f-4f59-9fc0-2ebf86f4316b|d2ffcc2d-8e91-47ca-9f0f-960bcb9ab660|8f164e7b-3d29-42f7-90c7-6f021f44edb1
singapore-onenorth,0ec0e189-b5e3-4fe7-bde6-b64729a23acd,STOP_SIGN,2,61dd0be8-f2cd-4b29-8a9e-7e5d51a3f463|e91c0edd-b19a-45af-998a-d7e0d9ecb6ab
singapore-onenorth,0edc359d-cd3b-458c-a4cc-3d047df4b03e,TURN_STOP,4,945d0efa-019f-424f-960b-bb78f086c282|752c2a6d-9823-4275-991b-5b5f19945263|de79f400-e135-4747-b6f0-a3f1dd1d24d5|92d9ddcc-21a9-4561-8e63-95b989b7e85c
singapore-onenorth,0f22f0f0-418e-4437-85a5-d6bc2c776be8,STOP_SIGN,2,4bbcac5f-9dae-4e14-b5ec-97b99a02ec72|f8ef5a84-ea5b-4d61-8ac8-0f0c28235de1
singapore-onenorth,10b76670-f399-4994-8db1-7c1a87d9b2fd,STOP_SIGN,2,be65c463-e8b6-4316-92ae-7eb4885ef307|400ab14f-b7a8-45a8-ae38-05627adbf040
singapore-onenorth,111034e2-b3f6-4e2d-b0f2-16b1da6690a1,PED_CROSSING,2,bd2a02cf-42af-42e7-9526-73982b48dd59|cdbc3011-7163-4119-8f8d-da14627b9c75
singapore-onenorth,118d7171-de51-44b7-ad4b-7f50441685be,TURN_STOP,3,265a199a-859f-4ed3-86e3-28c854f16aa8|e6ef7e96-2671-403c-bfca-3b943f2b935c|35be8067-4c28-44aa-905b-4386c6461849
singapore-onenorth,11971d7a-146e-4657-9ff6-4769fa0b1832,TURN_STOP,2,042d878f-d58f-444e-86d9-578cc82dc45e|5cf0a294-e89c-4a22-9625-05c8eceef92e
singapore-onenorth,12899a50-5b1c-49f8-9fcb-7149969498c4,TURN_STOP,3,6b357b57-3f0a-403f-b5eb-6c1334368ba4|8828e24b-6c62-4e6a-a78d-62da75c4f176|2b6de0aa-86b0-4c02-a709-08e4e397ffd1
singapore-onenorth,12b0cbef-bb73-4fe7-989c-6055e7fa920d,TURN_STOP,2,02a1769a-b83e-4256-b13d-bb674b32fbe7|6a323ddd-6d28-4643-bc4e-b1fa2dbdd434
singapore-onenorth,12b9408e-9342-41d6-b9a0-bf85739eada0,STOP_SIGN,3,07e29808-edce-4b9e-9663-20a412981556|60f0f6ce-0302-439f-8b9f-97726259d6f9|648c4b94-5500-46a9-96f8-73ac5667a68e
singapore-onenorth,1352a327-bcd3-442c-a896-586822ed0236,PED_CROSSING,2,c8ca9faf-cfbe-4342-adfc-0d9a507f69a4|a2de3a57-f7c4-48a7-abe9-c04762b45603
singapore-onenorth,139bc18a-7222-49dd-9fbd-f42f64ef7280,PED_CROSSING,2,20e495f3-5688-422d-9a72-58a08f4a2b07|d8b21c56-002f-41bb-bd0d-1686af74474b
singapore-onenorth,13f4bf4c-dd04-4a9d-9f97-f0c009378733,PED_CROSSING,2,540c8c27-b765-4b1a-a9c9-a7f932ad5310|fa2e8070-4046-4bff-85a2-ed8f7766cb25
singapore-onenorth,141a01ab-144f-4329-b6b5-19da7f34491d,TRAFFIC_LIGHT,4,3ed3b404-5198-488c-9ea7-342363e3fbdd|b839e1cc-931f-42c2-ade2-b1bcc1212ca8|2ea9b9e0-846e-4898-8464-f7dd775f5b33|ed5dad24-79b4-4de8-9a03-23487d7a7b7e
singapore-onenorth,1449690d-a66f-40c7-b8d1-125f9c5166f5,TURN_STOP,2,07f6fb98-583a-408b-8e1b-509e2dca6b75|ebe3cf3c-2508-4dbf-92b5-d3be35a240f6
singapore-onenorth,147c7934-a97c-41f1-b34c-0495e38092b6,TURN_STOP,3,4f2719a3-c740-4dd3-9b88-458fcf34cc46|2ecd656c-19a9-4f7c-9584-84c62180e268|0a3f11ca-70af-4ab0-af23-bf61152ab0af
singapore-onenorth,14f6ab9b-b1cc-44cf-a901-5adac6ba3f9c,STOP_SIGN,1,a172b4fe-53f4-41fd-ac12-85a3fe91149b
singapore-onenorth,1561c0a3-0706-40b4-9e85-54a4ff09c80c,TURN_STOP,2,8eedc923-b442-436e-ac9d-2502f00fd284|5de09b06-8104-4be6-8145-62f9e25076d3
singapore-onenorth,156d9fb0-609f-4aae-a205-8834e89b93fc,PED_CROSSING,2,42018623-73b7-4890-9718-a9b3c9f41227|e967c005-75da-4af9-9bab-f5fa0c1c3111
singapore-onenorth,160008b5-771a-45f1-bfbf-b0f03895030e,STOP_SIGN,1,04af2b39-1b38-45e0-967a-29a5aceaadee
singapore-onenorth,174c11c5-7174-4a7f-bc71-551e7ab69782,TURN_STOP,2,44d28d30-5028-4454-ac3e-5325daa91c2c|5a2dde3c-8df7-4524-8de0-4762fba3b8c3
singapore-onenorth,184e451d-94ec-4add-bd7b-36955155ff1e,TURN_STOP,1,45d70af8-7c95-4602-9b17-9d3820ce4ef7
singapore-onenorth,188a9af8-3ec5-4960-9c06-b2fef765c9c4,STOP_SIGN,2,9f037a92-95cc-47ba-8eb9-be056e78a9a2|2a35fed7-781c-4c3f-a7d4-8368e415c8fb
singapore-onenorth,189ad6cf-7348-41a7-90ea-83e28298ca1e,PED_CROSSING,4,a5753d46-3394-45f2-969a-46f89879b720|470a6174-29a8-462f-a4eb-da381094a9ae|2fabe399-9630-4f1a-a35f-4070eefcd867|39ef2a20-6c6c-4c0d-ac0b-61e17230f48d
singapore-onenorth,1937f32c-0015-4c91-b2c2-4a0d36d41a5c,STOP_SIGN,2,2b49f8dd-6ffc-4c97-81bf-e50e9c32a7d5|5194beef-58d4-4b54-9d40-55903e75628b
singapore-onenorth,19d77407-7ef5-49fa-961f-7c0d82d8a1b7,TURN_STOP,3,03b2a1c9-1cdd-43cf-8927-3e291e96cadd|fd6d65c1-2251-4114-86a3-14ef068b94e5|fa36a8c7-4b19-49cc-8687-3769becc4c57
singapore-onenorth,1a27e150-7fd6-456f-92f8-be332be74cca,TURN_STOP,2,fb2c8bcc-c73c-4316-8c72-e684f9b70438|a8c9f4fa-7bd5-4ecc-b4fa-9d3f3e9a1c5a
singapore-onenorth,1a573694-1c67-4472-8ff7-85695ed60091,TURN_STOP,1,b6e22e1d-5607-448a-95c3-f33629f917aa
singapore-onenorth,1a581dda-9a47-4d33-9485-2b4eed36600e,TURN_STOP,2,b76b31bc-2e5d-4106-a58d-fb74e2aeffb2|b55b7e15-1d03-4adb-aad6-38703337a1aa
singapore-onenorth,1a85bac3-78d1-49e0-85ed-95c06e2dbbeb,TRAFFIC_LIGHT,1,30e2ffd1-79ad-42c6-bffa-4ed913432763
singapore-onenorth,1b7472ba-2eff-43e0-b379-4ffefc976385,TURN_STOP,2,af28223b-2476-4dac-af97-606399f260f1|1e8e31a4-a3d1-4ed7-960e-9020f36ba614
singapore-onenorth,1bbc54a0-adcf-4740-9b99-842c7ad3fa44,TURN_STOP,2,eb31cc71-f597-4bcb-8c72-131102d081cd|2017488a-749c-4774-ac37-07cdb7d5680f
singapore-onenorth,1c6862ff-5e23-49fb-b9b5-2ee0d55c3174,TURN_STOP,3,849042ee-2461-42f7-93bd-7ac7da4b831b|c4173049-a5b7-44ec-8713-8de06877fc7b|1c229225-fcf4-470b-a247-be14d91295cf
singapore-onenorth,1c8944a8-1f56-4e73-b94c-a8f037f8204f,TURN_STOP,2,de29d1f4-e7b6-4a2b-807a-8a732704e004|d27ea74b-6cb5-4300-baef-3f7622cd4598
singapore-onenorth,1d000711-b1be-4a46-98da-40ffa90e1521,TURN_STOP,4,1c229225-fcf4-470b-a247-be14d91295cf|90a6ba20-5eea-464b-b075-be34b59f0cb0|ede288dd-2724-4789-ab83-473098fab3e6|b0a65cfb-fac5-4004-b99b-58e2f8876d58
singapore-onenorth,1d65872e-1e28-4e40-bda6-393b133265b7,TURN_STOP,2,aac5ca80-41aa-459d-878d-175578545cbe|a39f817c-e46b-4cf6-90d6-1032d2055267
singapore-onenorth,1dc78586-cae7-4395-b181-30fd71d3902b,PED_CROSSING,1,44cd0fa8-3ab8-43d9-8002-ebc7da3ce084
singapore-onenorth,1f8082e2-3085-42c5-8f60-425602f6d956,TRAFFIC_LIGHT,4,c6a3e729-6b92-4c0a-a9df-2b3a5492eda5|645ed1ba-d46c-40a0-a43f-274c35335df5|44337035-c60c-4f45-9db2-a7f6cb5917e8|eb4fe5d5-6805-4e30-9abb-e0fa4d792f8e
singapore-onenorth,2068294e-7a55-4699-b9db-19e60638773c,PED_CROSSING,1,1429cbea-6221-4b45-8033-4137a4f6d15c
singapore-onenorth,20c4b370-9780-4122-aea6-1b6a798e8f1d,PED_CROSSING,2,4e25cee1-c681-45f5-90bf-9c2274215f07|94f94d80-0d8f-453c-a8ce-70b9a342dde3
singapore-onenorth,220c7324-0af9-4e00-a0fd-1609f58475e9,TRAFFIC_LIGHT,1,6f63e2fe-4222-4f11-ae5c-31358e57d4dc
singapore-onenorth,229d8999-7725-4376-b30d-0e5dc1867bca,PED_CROSSING,2,95889ebb-cdbd-4afe-a67f-6162f0d3e05e|1bee33ca-4bef-492c-bafc-bee1ba692919
singapore-onenorth,2315c0cc-e3a7-4c06-ab89-df91173de466,TURN_STOP,3,de11a0dc-fe5f-45db-b2cd-717a915328f7|adbc0464-2373-4bdb-afdb-a9ab54981f95|27f46d10-5265-430c-8bf4-f6e6ac9cf8e1
singapore-onenorth,2332c4b1-b3ba-4a6d-9b7b-864fb95de7a5,TURN_STOP,2,42018623-73b7-4890-9718-a9b3c9f41227|ced43384-8e85-4dbd-b466-aba764339b0a
singapore-onenorth,2418bb70-0325-4a91-8c2d-6526b4e4aac8,TURN_STOP,4,919162be-8b6c-45f7-a626-ae752c288166|eb75fe65-6d65-4539-aa10-c76e8a07bf7e|d73efb02-5567-4485-bfc8-98d061c8a2fd|795693a1-380d-45aa-928c-5ab1d6723f79
singapore-onenorth,241d8486-da4e-4530-967a-d01630bb7655,STOP_SIGN,2,a17be044-ed45-4925-a826-7d0434794a3b|feefc074-2445-46c6-8145-b5a96636d085
singapore-onenorth,24e7a2fb-21d7-4b71-836a-81909d73adeb,STOP_SIGN,1,af49a79a-4f23-4ccd-ad97-782c65da6262
singapore-onenorth,25148838-9d62-4d3d-a444-86d6cd137531,TURN_STOP,3,54d5887e-b534-4c8f-902b-5cbd64d6171c|ced4338d-a5dc-4453-9f8f-21faadba28fa|02a1769a-b83e-4256-b13d-bb674b32fbe7
singapore-onenorth,257b7e94-7fec-4776-9180-ead949980244,TURN_STOP,2,c4173049-a5b7-44ec-8713-8de06877fc7b|1c229225-fcf4-470b-a247-be14d91295cf
singapore-onenorth,257cb7a0-415e-4288-8bed-21b80e32d26a,PED_CROSSING,1,77bb5253-5a55-474c-bc21-4f4761bfe7e1
singapore-onenorth,25803748-e9ca-411f-b652-4103eb0a0f30,TURN_STOP,2,a7bc5e08-9756-45b5-b759-885b8ee1d044|c2355843-ac4e-4773-a548-13b14993e77b
singapore-onenorth,2631dba4-de0e-427f-b3b0-0f65f217cba5,TURN_STOP,3,1ac4e389-c7d0-4ea6-9506-fe6d8f241352|66acee8b-a394-4da8-b155-1f32673046a6|b59c1023-4b6e-4f93-907b-6354c415407a
singapore-onenorth,26a50329-242c-4740-8d4a-4a8c5cf0dfe9,STOP_SIGN,2,7df84294-3d43-4461-b524-f481aa3de2eb|340e421d-90e2-47dc-9a62-ce0fbf487e5e
singapore-onenorth,27fe923d-7ca2-427c-b85f-0a9b94415dd3,STOP_SIGN,2,c8a7c6d9-0364-43aa-a120-95c873997718|b9c3098b-10b4-4164-87ac-0fc95909c6c6
singapore-onenorth,281e0cd8-a2f4-4aa9-9c15-bab4caa6d07e,PED_CROSSING,3,d866a474-47e5-4269-b749-6bd0f8f3870b|c2d081c0-b73f-4939-904c-e84c217aba9b|4205d713-0751-435b-8f47-1efe407e83f5
singapore-onenorth,28f859fc-cb1c-4b08-b20c-680eb87c0b56,STOP_SIGN,2,8a702c0e-0c56-494e-a823-d8f1e3868bec|06d4e467-bc0a-434e-b9fa-a77f56d651fc
singapore-onenorth,29059e89-ecf8-4bdf-b5b2-f6307d447a6c,STOP_SIGN,1,3faae508-d43d-4817-b1b9-06ebf575e3cf
singapore-onenorth,296ae4fe-f56b-44ec-8bb7-bbcf0d938b31,STOP_SIGN,3,b9dfee76-caf7-41a7-861f-b1204c29f9b2|45fd3344-14af-45b8-b0b4-6e0981b01f82|c80e93e5-1613-4c37-a80e-32a44b99c361
singapore-onenorth,298949ba-48b4-45e9-87cc-040e4de64ddc,TURN_STOP,4,111111f4-5271-4344-8d76-42c0e8e2dab5|ea8da0dc-cdb2-4b7f-9c5d-6bce6aaa876e|3d893d52-0ebb-4458-8738-6bbe98e15ddc|0a5f0ec5-be99-4fa1-8fde-0b80440ce52e
singapore-onenorth,2a35b48b-9240-4fb0-a907-28d20590210b,PED_CROSSING,3,b48efdfd-f4c7-4397-9d3c-2317719297ce|cb9ab5ef-2fd3-410a-86bb-5a7026558f79|6184cec1-027c-48c2-b41d-65a83786f8eb
singapore-onenorth,2a5965a5-6061-4008-a0aa-278a75ebd4da,TURN_STOP,5,7ad26b17-9aa5-4a35-9612-33678fccb087|00645d3e-0ab6-49dd-96c2-d499232d219f|eb75fe65-6d65-4539-aa10-c76e8a07bf7e|f3b46160-57ff-4d83-b607-0380332a2dbc|794f1e67-b6b2-4709-aff2-254059095e96
singapore-onenorth,2aebfba7-ff65-4968-b0a3-cba0e7d3e1f5,TURN_STOP,1,d47e23d9-37e3-441b-86a2-1e44582c5eba
singapore-onenorth,2aefa5fa-d915-4711-82d7-69f61c4014b9,TRAFFIC_LIGHT,1,f4a41ec7-e979-4dec-acd0-13571b063cc1
singapore-onenorth,2be980f3-3894-4b39-90b8-9d9a21f07dff,TURN_STOP,2,b6b61079-c116-4966-ae21-01a721911f4f|71ea88af-13a9-4841-abb2-d6807bbe6370
singapore-onenorth,2c9d55e7-537e-41cc-b198-4882c57268ff,PED_CROSSING,2,be65c463-e8b6-4316-92ae-7eb4885ef307|68a2cd68-98e8-4551-9e77-a55733113ccb
singapore-onenorth,2d0a51a6-d01a-4488-938f-0403a03abbfb,TURN_STOP,2,5df420f3-7c80-44cc-8716-a8a345416dca|0128e7b9-17fd-47a6-bd82-e1818615892e
singapore-onenorth,2d6bb600-3260-45cc-b1a5-97847f31aeda,TURN_STOP,1,7ac6383f-660b-41de-890f-aac419201024
singapore-onenorth,2db83c94-d0c1-4ae5-bd8b-a8f89ff10e26,TURN_STOP,3,7009e98c-4969-4fd8-8289-12075aa068fd|28d15254-0ef9-48c3-9e06-dc5a25b31127|fea4c05c-c4ce-499d-8bd9-9070f080eb70
singapore-onenorth,2e825d6f-e75a-4cb1-a7e0-3a5aa830655f,TURN_STOP,2,96d889bf-089b-4a8e-b6ff-928d4a5c0287|3c9656be-19fb-475e-85dd-1558de242a30
singapore-onenorth,2e9b47e6-4978-423e-9e88-5164a379decf,TURN_STOP,3,919162be-8b6c-45f7-a626-ae752c288166|eb75fe65-6d65-4539-aa10-c76e8a07bf7e|d73efb02-5567-4485-bfc8-98d061c8a2fd
singapore-onenorth,2ed33025-b21a-4037-b021-d9a19f94902a,TURN_STOP,3,46393d4a-40a3-4488-88f6-1021f8c3bc88|d4434a21-898b-444e-a42a-bf5d5a79034e|71ea88af-13a9-4841-abb2-d6807bbe6370
singapore-onenorth,2ff75321-2944-4ebf-b213-4ba1ea36f96e,STOP_SIGN,2,8b560272-107f-4405-b27c-9db28ffa4a14|d4e297ec-b5a3-41b2-8cca-d408046c3b63
singapore-onenorth,301cfa88-3fbd-4e5d-b81a-6360a2462a1e,TRAFFIC_LIGHT,1,08248baa-8604-4621-a807-6dc6b044ee75
singapore-onenorth,30373b22-5005-457d-95e4-18135e992f44,PED_CROSSING,1,6eee0d44-0d0e-4c7b-9a68-b2c7c7c96b6c
singapore-onenorth,3121236d-88dd-4959-bfc2-bd14c02c730a,PED_CROSSING,5,a2a25289-aa01-4a9f-aac6-32d71f1ac27c|60e2d81a-cb0b-448d-82b6-4eee61d0e3ca|114794ac-5be2-4adb-b9a0-cdf1d8bba222|738f747e-c1d7-44e7-92f9-dc763048a2ce|c3cdcddb-a4c9-431c-b7ee-943ca85a180a
singapore-onenorth,33882eb2-bf08-477e-a255-b889256d9f5b,STOP_SIGN,3,b5b8bd84-0a39-4a06-a0fc-b3388e77c637|d98ade05-8b95-4124-807c-6d7f1ab205e3|f3bfc117-bdad-4af2-b598-c89899379e84
singapore-onenorth,33a9effe-5e43-4961-b330-d3077b5154bc,STOP_SIGN,1,a46a957e-af04-47e6-bdf9-35e7e0890271
singapore-onenorth,33bac984-fe06-4c4f-8ced-5b35972158d1,STOP_SIGN,1,12d4ea2a-6a7f-47f1-b064-cd3952afc2bb
singapore-onenorth,34af146e-bbf0-4b40-a8e2-1471ff5aed70,PED_CROSSING,3,8a2f986a-10fa-4346-b82e-64ab55fa1b69|d687406b-10cb-4015-844e-a85851bfd097|99839371-aad5-484d-a7a5-c3d373c6e5ea
singapore-onenorth,34c7b1d6-14a9-4513-b58b-4aaec95fa09e,STOP_SIGN,1,009f41e9-56c1-467b-80b7-08851d132932
singapore-onenorth,34f3d1ad-9579-4831-8929-83d78f9128e6,TURN_STOP,5,dc2cbfb7-e2df-4aea-8c20-93fc427f1263|ea8da0dc-cdb2-4b7f-9c5d-6bce6aaa876e|3a8ecfd8-caa4-48da-8d89-2da24d417cf0|0a5f0ec5-be99-4fa1-8fde-0b80440ce52e|da475282-0e97-44d4-b099-2e9d90e78c0f
singapore-onenorth,352f6a67-b5b6-4b9a-817b-a394769a4cfd,PED_CROSSING,1,9b333fce-dfa2-45db-a10d-4f04f4456a26
singapore-onenorth,354be4da-dbcd-4935-9392-87e5fdc80fa5,TURN_STOP,2,bc40cbe9-eace-48d3-a686-60b7c7db8db9|47613aa6-88e2-4d2a-b9bb-1e2283ddd125
singapore-onenorth,37139ae2-e380-4062-ab0c-1d810d9b124b,STOP_SIGN,2,d265a23d-6fad-4bef-9c02-382856d7ef27|1c840f23-f9a7-4ec7-a9de-0e08880017f0
singapore-onenorth,373e4ada-a504-4ed7-a959-676887cf3b3a,TURN_STOP,3,70680506-34b0-4aaf-9739-43f2ccefd99e|bc40cbe9-eace-48d3-a686-60b7c7db8db9|c29efe70-f7a5-43f6-b70a-47d9afcf08ac
singapore-onenorth,3742fa57-f1ac-4d16-a072-0b04ee0731a1,TURN_STOP,2,cb9ab5ef-2fd3-410a-86bb-5a7026558f79|6184cec1-027c-48c2-b41d-65a83786f8eb
singapore-onenorth,38cb4f84-fa83-4830-b1a6-edd986f71dc1,TRAFFIC_LIGHT,6,0b68e4ef-a391-4aa3-bfdb-b6ccb902fb3f|f5b54c58-ed3b-42fb-afaa-df4b418e1fa9|6bfc2a40-a65b-4126-bb34-a4760db82f3d|1886ad3c-1c3c-4ca5-9d36-28a23d765b31|fe8de4b2-142b-4f28-9810-a6d523ca89dd|3aa1f6c9-448d-4649-ba72-e20e89a37889
singapore-onenorth,3b7d0015-00d5-483e-8913-e2b677633411,TURN_STOP,4,c4173049-a5b7-44ec-8713-8de06877fc7b|5276822f-4d45-4859-8e81-14d8813101e1|27a29d99-c58a-4438-b5a6-7bf91e1a2888|afc678c8-16d8-4fb8-8590-807be0cfca24
singapore-onenorth,3bc2aa37-1624-4428-8261-b6957e7ae176,TRAFFIC_LIGHT,2,89745c96-237d-4346-b5ee-f7c10b801fde|8b0a8730-16a0-42fd-bce2-3bfabf7ba5b1
singapore-onenorth,3c5149bd-7b87-421b-855e-748d855a9475,PED_CROSSING,2,60175fb1-76cc-427b-adf0-8ee5d01ee42b|4f63c85f-8fa6-425b-8c02-ef60bb153f58
singapore-onenorth,3cffa24a-7c65-4dc9-a4d2-ffe3589a7868,TURN_STOP,2,7cd63426-9c6c-497f-a1ee-7ed9f6b12424|acfbaf4b-eb93-4a62-9775-0d084b74a7d9
singapore-onenorth,3ec0bc15-c778-4b5b-bb2b-4f44d0c88fa2,PED_CROSSING,4,2711d488-aafc-49ef-b929-041338e04acd|c4790221-e57b-43ad-a9e2-81d3b1f94ccd|256732eb-510a-4fff-af12-a74cd4fa4a06|3d51e56d-2af9-4a35-9c38-0aa6934b7349
singapore-onenorth,3eeced3e-cc12-4cca-aa80-10abac22ba25,STOP_SIGN,3,275588bb-6e88-4817-9209-558dc86cd783|6ec042df-8212-4d7c-8900-d6733cdd602e|3883ba57-1beb-4937-abcd-e6b2b1537467
singapore-onenorth,3fde13a0-a7fc-47ca-99e9-4595a6de8e64,PED_CROSSING,2,0fd8f7cc-e7cc-4e00-b2e3-bd18163c16b2|82b12b50-e68b-4e31-b561-12661960677e
singapore-onenorth,401aefdf-dc7f-43a3-9592-175b7ec1b79b,STOP_SIGN,2,5ad16f88-bfb0-4ed9-b34f-3514245074b6|b50a5ae8-8602-4fe5-9dfb-dc4c4cfef841
singapore-onenorth,4048a4f0-4ef2-43e9-aa6b-130bc9368b54,TRAFFIC_LIGHT,6,1e793bcf-164d-4808-b903-e8f027836da9|d5abdf79-b891-4462-a650-9120d6a0762c|7a419642-f630-499a-a891-f45f7eb7c995|53078c6b-01ea-420d-ad45-43bc8cf55faa|4de05887-b4b8-48b9-84b5-9d79cc319cc3|d47e23d9-37e3-441b-86a2-1e44582c5eba
singapore-onenorth,408db077-4770-4af7-a4d3-4a5f0882518a,TURN_STOP,2,beb55667-14ed-4cf2-9e78-296ba57af72b|1edd7bf8-0e3f-47a9-8051-3ab0cc5236f3
singapore-onenorth,40a87bfb-fe4c-4d24-8055-5a492353038d,PED_CROSSING,1,f7777f9d-01ca-471f-b3e4-babbc8d0d8e0
singapore-onenorth,41b463e8-4249-4600-8545-40169194cea4,TURN_STOP,1,30ec1dee-99fe-49d2-8deb-aaf5849bf1d1
singapore-onenorth,41f02349-e393-4289-a688-d6bbfd1a0776,TURN_STOP,3,7bbeb740-8eda-4134-8896-f00f66246375|43150cc7-fdfe-4e2f-811c-43a13cb923c2|07c47d48-d94f-424a-bb7e-aa17de5ae29a
singapore-onenorth,4358ade9-154b-425f-8e23-fcf513959f26,STOP_SIGN,1,50e4d5ba-36b3-4085-91dc-839cbe0f56d2
singapore-onenorth,43be0124-c448-448e-bd07-516e215fdee0,TURN_STOP,1,69c2a83c-4294-44f3-bae9-60444a00a7d4
singapore-onenorth,43d878c5-b750-4c84-a0d6-9cdbebcefd3b,TURN_STOP,4,7bbeb740-8eda-4134-8896-f00f66246375|43150cc7-fdfe-4e2f-811c-43a13cb923c2|1abb9d07-6ebb-425c-9545-68a637363327|07c47d48-d94f-424a-bb7e-aa17de5ae29a
singapore-onenorth,45225c31-9555-4e26-9665-67efed2c584f,TURN_STOP,2,2e4a5e83-a23c-4ac1-9678-d68a0bc60c56|ef6260da-5be4-4a74-b224-acba49380159
singapore-onenorth,45edef65-d436-4a32-a8eb-6355adf2e7b1,PED_CROSSING,1,138c204c-f89e-47fa-8edf-be3940495d84
singapore-onenorth,4685a959-47d1-4ce5-bd47-cd2fec3348be,TURN_STOP,2,42245e79-88fd-4fcf-a7c5-fcd728e20c74|aa2c92b7-f73b-4f83-b447-11d5b26d3e39
singapore-onenorth,46ab3d51-9242-44b0-9ec5-81c31d06a05c,PED_CROSSING,2,5ad16f88-bfb0-4ed9-b34f-3514245074b6|0dfd397f-f0e0-4d7b-acba-66072007e62b
singapore-onenorth,47d4a3be-beb5-4664-8774-cbb159f4f182,STOP_SIGN,2,1efbf1c2-0462-4b9c-9ff7-04b429838d98|6b829ad4-15ca-4a8a-89c0-f67f12921489
singapore-onenorth,484d53f8-24fe-44e4-84b0-95c270a2ab35,TRAFFIC_LIGHT,3,55078fce-1089-4b19-9781-1278b7d97dd1|7446cbb1-a150-4069-a436-f5e3ccc99be6|703d4f5f-9026-49df-b90a-9a1be720d992
singapore-onenorth,48a6845b-5764-4007-9c25-e145c884d3c9,STOP_SIGN,3,ffd12964-5650-44a6-91b8-e11ce1d51061|f59a93c1-280e-417a-b0b3-50b11b6b5260|b53a2a15-b206-4851-817d-cca3c527e33b
singapore-onenorth,496167e7-7ea7-40fb-bf97-ad0def0f58c4,STOP_SIGN,2,1d461032-cf3a-48dc-aad2-181704fd63f9|bfdbd392-4753-485b-96a7-f26ed396ccba
singapore-onenorth,4a0096a8-929a-4b2e-9773-ab71bfc6445a,TURN_STOP,2,0fb05edf-5cbc-480f-a9aa-a8626de27f40|a9a1640a-3a1a-4f8c-9788-0deab85caddc
singapore-onenorth,4a21d519-4d8e-43b5-883a-e592e089c20b,STOP_SIGN,3,ecf2a1d7-63e0-482a-ab28-67c098d59325|70eaff4d-03cc-464b-80e3-991dcd83209f|4f3bbb5e-0ff3-418a-979c-d71d42f87d62
singapore-onenorth,4a64eb81-25a2-42eb-9a9f-33553c8c3364,PED_CROSSING,1,334258cd-e3f2-48fd-84b1-b4eb029e1845
singapore-onenorth,4be9e477-d314-4007-bcc6-87d5d75d39fa,PED_CROSSING,2,ab002cec-e21a-4ecf-8384-6c26efcc1340|c61107e0-de72-4d12-a1e6-7d03230467f8
singapore-onenorth,4bfbf1f2-8b42-4918-a73b-4b6096f7e236,TRAFFIC_LIGHT,4,063825c3-e078-4988-9c5c-7f9e8454754b|e27129b0-ad14-4e6e-a1b1-954f43af9707|30ec1dee-99fe-49d2-8deb-aaf5849bf1d1|87ae0b76-6f3c-4552-8c82-25524e340eaf
singapore-onenorth,4d8f49e9-1203-45dd-b950-4347bfde0c7e,PED_CROSSING,4,bc04f51e-5ef7-4ce8-ad0d-952430b570d7|72bc71be-0818-4953-85db-dc0bbf32906d|f24305b4-7d48-4b7a-b249-987f0a21ba2a|8b3bdce3-0dac-442a-b221-0164f5d2b1d2
singapore-onenorth,4ec2fd8d-6fd9-4f20-81fe-0f729fa02920,TURN_STOP,3,3e93a552-29c7-403c-b6f5-ac9d6b4ca24d|4853f36d-601a-446c-b482-c9609fb07791|87ae0b76-6f3c-4552-8c82-25524e340eaf
singapore-onenorth,4ee6eb43-d311-4343-90f8-d46d5b2c8ab6,TURN_STOP,1,b6c87076-3f71-4d9e-b840-8bd28ddfa7ef
singapore-onenorth,4f354236-ad01-41c7-bc5c-6ed03b49ece2,TRAFFIC_LIGHT,3,1105e9d7-262b-44aa-b622-75d49c89b8a9|3e93a552-29c7-403c-b6f5-ac9d6b4ca24d|ac86fc6f-5b95-4eed-97b8-488363dc3383
singapore-onenorth,500234b4-2c1d-4979-9253-8cb53e58e773,PED_CROSSING,1,66ff213a-7e7c-4bd8-a9da-e901d50847ac
singapore-onenorth,50a741c0-a58e-4842-afc4-a92525546c12,PED_CROSSING,1,f6168090-ef9e-4f86-a3b6-6ea46b16fbeb
singapore-onenorth,5298ce89-d996-4d34-b658-750ad5c87ce0,TURN_STOP,3,594d53a6-35d6-44f2-9ed3-cf74e6a7dd3f|20b38bd6-c182-4dda-a584-9d47d0dd3710|7cc63cbc-c60a-4550-bc89-499ce4006a1a
singapore-onenorth,529a891f-e753-47a4-879d-6b9d5b2cfd17,TURN_STOP,4,db45c847-0540-4a55-a4c1-f282994dcdc3|914c7e43-4fb9-415e-b6e9-ce50ea279864|c40ad2db-68dd-491f-a96b-07220e1c3d60|33e62345-472b-44b5-b67f-a4375bf001da
singapore-onenorth,52abb7fb-dce3-46b1-bb8a-49a94471c493,TURN_STOP,2,04911e0d-bd5a-41ec-9d45-59e334dc1022|049d3c5c-4856-4f78-94fd-96c34fddf234
singapore-onenorth,52dbdb68-adf7-43fd-8b92-d14a69878d85,STOP_SIGN,2,44d28d30-5028-4454-ac3e-5325daa91c2c|5a2dde3c-8df7-4524-8de0-4762fba3b8c3
singapore-onenorth,536a3bfe-f31a-4f79-ae63-e484092f6938,TURN_STOP,1,6ec042df-8212-4d7c-8900-d6733cdd602e
singapore-onenorth,54a7a513-c28b-4385-ab48-807f52041d7b,STOP_SIGN,2,c7050b03-8b96-467e-8537-340b359ecd60|90162bb7-daca-4a2c-991e-155e80d4dba7
singapore-onenorth,5549523e-1375-4847-aadd-36860b11026d,TURN_STOP,2,d117b06b-f99c-4474-82b9-277fd650ae63|8bb87db4-4090-44ea-87ab-53e08d4df3e7
singapore-onenorth,558a3454-73d8-4ae7-a468-20d9f37aae20,STOP_SIGN,2,f747ce8a-2396-4da3-a8e6-45201ed470d6|752a1b85-0c08-44f6-8993-d39867e76608
singapore-onenorth,559b97e0-e981-4391-8be2-ad548b77da01,PED_CROSSING,4,1d796e3c-d8e5-4103-90e3-f278da728d07|9691e029-f25b-45d4-bff5-ccc45efd9a5a|d687406b-10cb-4015-844e-a85851bfd097|99839371-aad5-484d-a7a5-c3d373c6e5ea
singapore-onenorth,5625e540-730c-4fd0-8f16-7ca3602eb077,PED_CROSSING,2,c8ca9faf-cfbe-4342-adfc-0d9a507f69a4|a2de3a57-f7c4-48a7-abe9-c04762b45603
singapore-onenorth,568e0b4a-3a4a-4273-ab18-c09dbbd5822e,TURN_STOP,2,49005ede-ee00-4836-866a-e0a68b262651|7d858288-43fa-41a4-b11f-b2e38f8403de
singapore-onenorth,5b099972-f3ca-4c77-a0cd-3f318f6b9cc7,TURN_STOP,3,af28223b-2476-4dac-af97-606399f260f1|1e8e31a4-a3d1-4ed7-960e-9020f36ba614|07c47d48-d94f-424a-bb7e-aa17de5ae29a
singapore-onenorth,5beb7c00-5d23-440c-906c-c65fe5cd3333,TURN_STOP,2,105d042f-b131-470e-9e66-e745a71902bb|b8070ed8-dbb0-401e-ac46-18f6479a2f3a
singapore-onenorth,5cb436c6-1470-492f-b9b8-88ea91808c82,STOP_SIGN,2,f0340a1e-fc46-4352-8d1c-db9f9d2e2af9|e6c7f4bd-e87c-4eb1-aea8-1bd8cbe787b1
singapore-onenorth,5cea8236-f677-4092-81e1-49798ae2edd7,TURN_STOP,2,fd6f07a7-dad8-4c93-a010-eb1601c8e027|2c9a9c48-7cd0-42ae-9cbf-1ccb4d872113
singapore-onenorth,5d7b5cb6-c2db-4513-8d7a-68b619d80329,TURN_STOP,3,db45c847-0540-4a55-a4c1-f282994dcdc3|914c7e43-4fb9-415e-b6e9-ce50ea279864|33e62345-472b-44b5-b67f-a4375bf001da
singapore-onenorth,60c573b0-8e45-428f-9f54-d50eecf6ff9b,TURN_STOP,2,d8299b7e-d6a4-4f83-adf7-53a81e300953|dbf75989-acdc-4c22-aa02-6e085253153b
singapore-onenorth,6107e1e4-40c4-4669-a7ec-7e8516c7d74e,TURN_STOP,3,da39f5a7-d29e-487c-9122-b3dc316614ff|4b65514a-8771-4ef7-a0f9-aab9136f787d|d7efef09-8bfe-4b57-9c54-b138401f5e0a
singapore-onenorth,619932a5-b30f-4fd4-8772-e1be0fea3a68,TURN_STOP,2,1ed998ee-2e17-4b90-8d74-8c31f67a85d6|2eb92598-eb17-4134-9e33-8e99a7a8f786
singapore-onenorth,61a9df72-adb4-4b18-9e5e-5cfefc47cf10,TURN_STOP,3,630e5d97-123e-4d56-800f-378bef9cfcca|f8bbb431-966e-4258-ac18-7595990be22c|de79f400-e135-4747-b6f0-a3f1dd1d24d5
singapore-onenorth,622437b6-6bfa-4c37-b607-830cddf44470,TURN_STOP,3,a0405866-493c-4903-808a-2d5a5b7e73a2|74ee76d4-03d6-413a-809f-1daf175c3c46|27b7ec4e-6a00-40b6-8cd6-6d2c1191bff9
singapore-onenorth,627e2ea9-f37c-46e0-902e-a7e63fda8cf7,TURN_STOP,2,63b6d6e0-46a7-4b19-99b4-ecf4596d6c6b|648b01c1-1a2a-4b03-a895-5c3ec25843db
singapore-onenorth,639ec3dc-d396-4395-b678-d67ca06ff0f2,TURN_STOP,3,7efb080b-c52f-4cba-b231-fd3710444dd6|784c9d65-fbcf-45bc-b84b-cd3835ac3ca0|66dfa2af-cd47-4e92-b8b2-bfcc3d8e5fc4
singapore-onenorth,63dd3d4a-1ecc-4918-b53e-ecba5136e350,TURN_STOP,2,4d9b88e6-bc24-4c1c-a64c-cea608a567c2|9e95f0fe-c0b2-4d2d-b384-3d915ada2149
singapore-onenorth,6473f4da-01c0-408f-8b2f-8279c20db6b2,TURN_STOP,3,645ed1ba-d46c-40a0-a43f-274c35335df5|44337035-c60c-4f45-9db2-a7f6cb5917e8|eb4fe5d5-6805-4e30-9abb-e0fa4d792f8e
singapore-onenorth,6497bb54-2bdc-4067-bc0c-89549538cf54,TURN_STOP,2,78310ce4-ad5c-4965-8361-ce302a7ab05e|2c1f1364-131c-46f5-aa1f-67d546a1377b
singapore-onenorth,64a304ee-0df2-4ef8-bf6c-5ef433c4ee9e,TURN_STOP,1,acfbaf4b-eb93-4a62-9775-0d084b74a7d9
singapore-onenorth,65cffec1-bfb9-4cdf-b01e-5bc4101e10de,STOP_SIGN,3,265a199a-859f-4ed3-86e3-28c854f16aa8|e6ef7e96-2671-403c-bfca-3b943f2b935c|35be8067-4c28-44aa-905b-4386c6461849
singapore-onenorth,66257873-f611-4abf-8316-7e9847b12f78,TRAFFIC_LIGHT,4,957791cc-5447-40f3-96fa-0a2bf9b8c662|b6ab8d9e-e874-456a-ad2c-c8504d93120e|92b7b8ee-f5e1-4076-89c6-cc10f5c60d42|07fe730d-8e91-4957-835d-0f50b836dfbd
singapore-onenorth,66373cbb-4f99-4bdc-b67a-6d448906775e,TURN_STOP,2,0e46854a-010b-4e72-907d-234aedbd3f40|9089bcdd-267c-44b9-bf2e-7cc1c0029fef
singapore-onenorth,66f79d2b-9604-4c49-898c-a3262cab999d,STOP_SIGN,1,07f6fb98-583a-408b-8e1b-509e2dca6b75
singapore-onenorth,678652f3-14fe-4256-990a-761d0d0cc7bf,TRAFFIC_LIGHT,2,ad1abbe5-c1ab-4cbb-b9d2-ef3a3f06581c|af22deab-c58e-4ab4-b58c-f783be8e27af
singapore-onenorth,689dac2a-c76b-454a-9f87-5a6906d41c78,STOP_SIGN,1,b76b31bc-2e5d-4106-a58d-fb74e2aeffb2
singapore-onenorth,692341b9-a15f-41cf-a098-bc11ef665e2d,TURN_STOP,4,70680506-34b0-4aaf-9739-43f2ccefd99e|c29efe70-f7a5-43f6-b70a-47d9afcf08ac|ed0fc1ea-9416-4a1f-ab2e-0e488e5474b5|c64cd7f8-8c61-4a4a-97de-4cfdf9072639
singapore-onenorth,69ab1fe7-92eb-4255-af10-96cec3bd5ed0,TURN_STOP,2,0bb6554c-d75a-4dc7-b953-972158f21865|bb7f5c88-9e2b-4d0a-ab0d-39a3ab9fdf02
singapore-onenorth,69c52db5-8ee9-4326-b43d-25a79f7fa333,PED_CROSSING,1,9bc140ea-b31a-49c0-bba8-26b4d05319fa
singapore-onenorth,6a3d28a9-01bf-4f5f-927f-5e7fe06d1278,TURN_STOP,2,7d82ca81-9144-45dd-832d-35bb6c089e2e|3615a7ef-f021-4fd3-856c-6763f7a039be
singapore-onenorth,6b25bdc1-bada-46c5-8ff9-43cb8ffc5612,TURN_STOP,3,44337035-c60c-4f45-9db2-a7f6cb5917e8|7a419642-f630-499a-a891-f45f7eb7c995|eb4fe5d5-6805-4e30-9abb-e0fa4d792f8e
singapore-onenorth,6b46ce4b-b57f-4ed4-9e64-5e662cf60718,PED_CROSSING,3,49b90c27-2d4f-477a-a564-39026c728192|0cc76b8c-3d5e-41fc-b187-47f5e4dd1a99|28789d60-f97d-4823-a25d-eaa35d663674
singapore-onenorth,6c04e990-d101-428a-b88b-9dc126f232a0,STOP_SIGN,3,8b9544b9-d209-416e-831b-9b0ea141f0a9|2ac56653-d5a5-4dd5-8a65-5d3a77ca983b|c7795ced-43be-4425-85fe-c565f4dbeb8f
singapore-onenorth,6c49df40-d9a9-4c3e-966a-bb0b1cfef86b,TURN_STOP,3,45d70af8-7c95-4602-9b17-9d3820ce4ef7|47613aa6-88e2-4d2a-b9bb-1e2283ddd125|1c765039-f220-4d41-9d39-a8d0460fd44b
singapore-onenorth,6d7b1fc2-8980-4b2d-94f2-1542aea54267,PED_CROSSING,3,f8a5b497-2b13-4ae2-9089-4abbdde990d3|c21c7588-04d7-4351-a5dd-1307d62e5935|90a27e84-c8f6-4e84-816e-adbdc64fbc63
singapore-onenorth,6d7fd52e-caa6-4db7-995c-6a52b0dd468f,TURN_STOP,3,b5b8bd84-0a39-4a06-a0fc-b3388e77c637|d98ade05-8b95-4124-807c-6d7f1ab205e3|f3bfc117-bdad-4af2-b598-c89899379e84
singapore-onenorth,6dd804d8-21f3-4841-a61a-1dcab2067624,TURN_STOP,4,b9dfee76-caf7-41a7-861f-b1204c29f9b2|45fd3344-14af-45b8-b0b4-6e0981b01f82|c80e93e5-1613-4c37-a80e-32a44b99c361|d53cf772-4361-44e8-ba0d-45ba8b5ecb84
singapore-onenorth,6e514efa-0283-4406-91ae-d9eb8bf79438,YIELD,2,c5c1ef19-603d-42ff-8fff-ccdc4d7bdb91|304aea59-4706-4dff-b629-8d08d2d26d47
singapore-onenorth,6f4ff2c5-d1fc-494a-b375-76e930f4aad3,STOP_SIGN,4,993d51cd-c7fd-45a1-8172-fe681de9968b|a44b3734-95c7-4aca-bd34-e049ea14de8a|38f33ff3-80e3-42fe-82b1-447baa87eae5|ffbf7f10-9f45-4855-9679-641b027134cd
singapore-onenorth,6fad31a5-3e6a-433f-bdd8-6b77b57b3bdd,STOP_SIGN,2,6c7c15d2-7352-40f7-a01e-8e840de45786|c60e35eb-c0f3-4875-8f74-a25c187c5d20
singapore-onenorth,702aa20e-3b98-40f6-857c-acd409f3776c,TURN_STOP,2,4ea60f3d-cdba-4905-b6c1-b5a4fd2ae31d|bfc07d6f-125b-45c9-8639-d106355a2d84
singapore-onenorth,71aa64a8-6d01-4752-9471-df034c8bc79f,STOP_SIGN,2,889844c4-9c73-46b6-a5b2-2ac2c2d056a7|85be2751-b636-457f-a2af-6eea78f331b6
singapore-onenorth,724be15c-17a3-4604-b288-4910413e4889,TURN_STOP,2,49005ede-ee00-4836-866a-e0a68b262651|7d858288-43fa-41a4-b11f-b2e38f8403de
singapore-onenorth,729bd03c-4dfe-415a-8276-f248327f2a1f,PED_CROSSING,2,04275473-4cc9-457f-9475-5411a8361e70|75b23220-cf4c-44d4-bf17-4a82d5a86c4a
singapore-onenorth,72ec058b-7f57-42cc-a8b8-3791d70d3985,PED_CROSSING,2,c956b8d5-1ffd-4ce5-8ecf-9671a25f77fc|7000a4dd-8780-48ea-972d-44b7b056f7aa
singapore-onenorth,7407ba60-d552-4b76-8c35-7d2504afefe3,PED_CROSSING,1,d59d1844-07be-4918-9b90-95229beae41c
singapore-onenorth,753d6286-311e-4850-8640-6734b66398fa,TURN_STOP,2,66e49751-c5e8-4e91-af54-f4f7d3979fb5|78f90f5b-6b05-4a52-88db-09979ed1d080
singapore-onenorth,7546c101-6599-4b6a-8b68-afe7e2c96297,TURN_STOP,2,84fed037-289b-4db0-824b-8cac978a6df4|f426af22-d65d-4ab4-9d53-991fb082ccf0
singapore-onenorth,759a2b0b-fd53-4def-818d-36c206bd01a6,TURN_STOP,2,d9d953ea-d3d5-4e12-abd2-31add7778c0d|02961994-c01c-40b9-a6b5-9c0240b77697
singapore-onenorth,761a9990-7de4-4bcd-affc-382946ced90f,STOP_SIGN,3,14c2631a-c099-4b9b-aed4-9b93cab457b1|a42fbae9-f292-4316-81a3-b8c7859fb030|ad3b432e-a3c9-4556-b399-6a53a031d192
singapore-onenorth,76fb6482-dbfb-445f-b2c4-0cde53ba3907,TURN_STOP,3,a2a25289-aa01-4a9f-aac6-32d71f1ac27c|114794ac-5be2-4adb-b9a0-cdf1d8bba222|4bfca2e8-223e-4843-90fc-f8a176b38da1
singapore-onenorth,77e2fd5d-9358-4cfb-b901-c700064cfae6,TURN_STOP,2,bd973523-9fe1-41cf-bb35-50655533e23c|bfc07d6f-125b-45c9-8639-d106355a2d84
singapore-onenorth,79c3f10c-c20b-47de-8c61-67785ce57e12,TURN_STOP,2,39913ebf-29f7-4fa6-acc5-dc83402aad6c|e3a198e3-ad91-4ba6-ae83-251e52ecf120
singapore-onenorth,7ab07ccb-3f47-4d78-96d3-b58c1ad6c7ae,STOP_SIGN,2,0fb05edf-5cbc-480f-a9aa-a8626de27f40|a9a1640a-3a1a-4f8c-9788-0deab85caddc
singapore-onenorth,7b396931-072e-401d-8a39-9a0cfe6d5e54,TRAFFIC_LIGHT,3,8f577867-0ecb-4618-abae-792b6bb7e3df|9b48337b-b60e-4841-80c3-55de7fe12062|b48b3468-aefe-40d5-b620-d15fc811c503
singapore-onenorth,7bb7ad75-ff6a-4666-bb65-866e6e2bb941,TURN_STOP,2,bd973523-9fe1-41cf-bb35-50655533e23c|2bf169a1-721b-4fea-ba71-002d3c355203
singapore-onenorth,7bbc759a-616b-45f2-9f6c-28790b027a94,TURN_STOP,2,f747ce8a-2396-4da3-a8e6-45201ed470d6|752a1b85-0c08-44f6-8993-d39867e76608
singapore-onenorth,7c184893-4e47-40c3-a77d-b27d70be4899,PED_CROSSING,2,2b6de0aa-86b0-4c02-a709-08e4e397ffd1|0954f070-35c5-4b74-b5c4-c969e8f33943
singapore-onenorth,7c2e6625-9662-42e7-8d07-9616600f8ab4,TRAFFIC_LIGHT,4,20ee3d78-943c-4838-a3f9-02d78a8b542e|e3b2c736-da54-4da2-8c10-8978692d2362|81e6cda2-e87b-4fac-b2fa-9c9665911f45|4dc2ccaf-1afd-4b2c-964b-5c111b872a9c
singapore-onenorth,7d6bf140-46b4-4c39-a3cb-6b5677a055e4,TURN_STOP,2,209a392b-f3c5-4fc4-bc2f-c18090d6c36a|36673daa-f6e3-4663-b10c-8401275b331a
singapore-onenorth,7f96b57b-77c0-4d9c-907b-5fa1ff00c5a0,TURN_STOP,2,28d15254-0ef9-48c3-9e06-dc5a25b31127|0282d0e3-b6bf-4bcd-be24-35c9ce4c6591
singapore-onenorth,7fa09255-127b-4689-9373-518bef2b51f9,PED_CROSSING,2,c4aac720-2f18-475d-8a59-aa98cc64c884|01397c2c-1f86-493f-8e33-d3b235f43172
singapore-onenorth,811eea55-03fa-4773-8dad-1375ac862523,TURN_STOP,3,1886ad3c-1c3c-4ca5-9d36-28a23d765b31|fe8de4b2-142b-4f28-9810-a6d523ca89dd|d4434a21-898b-444e-a42a-bf5d5a79034e
singapore-onenorth,8133d4db-97ac-4a07-90f3-dffff71ed034,STOP_SIGN,3,a6f12a5c-f6fa-4e99-993f-4cbd6f982c65|04911e0d-bd5a-41ec-9d45-59e334dc1022|049d3c5c-4856-4f78-94fd-96c34fddf234
singapore-onenorth,81ae11df-6cc4-4bbd-b535-ec48d96db152,STOP_SIGN,1,495981b7-1e5d-4e0f-a6c4-2db0c60c87fd
singapore-onenorth,81b64f3e-1fe4-4b08-9843-e755cee2d4ce,STOP_SIGN,2,a60e56d6-a64a-4887-ac65-5a65c4f75b52|6fe66e1e-802b-41de-b114-9b49a3f48b5d
singapore-onenorth,821fde33-d4cd-4958-8a33-2c18c94d79b0,TURN_STOP,2,8b560272-107f-4405-b27c-9db28ffa4a14|6405637f-4b0d-474f-beb3-d18e86067eb0
singapore-onenorth,82387991-3498-4368-b018-b494c6a01a68,STOP_SIGN,2,334258cd-e3f2-48fd-84b1-b4eb029e1845|6de4c224-cff5-40d3-bb02-ad25ebec6859
singapore-onenorth,83bcd3a9-64f0-4016-a40d-5d4c0ebae79d,STOP_SIGN,3,0bded406-e18f-489e-a6d6-ccd21e42b3bf|4409c629-bc51-4a67-9589-ac74b9d58fd6|8b1456f4-6713-4efa-8368-db7a6f2c1583
singapore-onenorth,8404261c-3643-4ef4-9835-bb7d6efff1e5,STOP_SIGN,2,0e46854a-010b-4e72-907d-234aedbd3f40|9089bcdd-267c-44b9-bf2e-7cc1c0029fef
singapore-onenorth,84557599-3c37-4ea8-a5b3-bd29a3626d69,PED_CROSSING,1,d6c2ec7a-681b-48d0-b0aa-8462d78dcc55
singapore-onenorth,84cb70b7-3a00-46a7-95a5-3920b904565a,TRAFFIC_LIGHT,4,4b0f967d-086d-43ab-9564-a5eceddc174a|67d29494-2596-4e3f-853c-4662aca01761|14616ef7-6c86-434f-99f4-8c029d861666|77a30923-0944-4dd4-bc2e-e12f97930dc5
singapore-onenorth,85018b61-d6e6-4157-9f32-b118f86a8f01,TURN_STOP,7,c4173049-a5b7-44ec-8713-8de06877fc7b|1c229225-fcf4-470b-a247-be14d91295cf|90a6ba20-5eea-464b-b075-be34b59f0cb0|27a29d99-c58a-4438-b5a6-7bf91e1a2888|afc678c8-16d8-4fb8-8590-807be0cfca24|ede288dd-2724-4789-ab83-473098fab3e6|b0a65cfb-fac5-4004-b99b-58e2f8876d58
singapore-onenorth,864efdfb-db92-45ac-8839-31b3830eb8f9,TURN_STOP,1,35fe8ade-7d13-4794-8ee6-68905a7c509a
singapore-onenorth,8726206f-eacb-4731-89a2-2a4bc70cee70,TURN_STOP,2,2b49f8dd-6ffc-4c97-81bf-e50e9c32a7d5|5194beef-58d4-4b54-9d40-55903e75628b
singapore-onenorth,88870222-bd4a-4f54-a8b7-ccf82d499cb5,TURN_STOP,2,9f037a92-95cc-47ba-8eb9-be056e78a9a2|2a35fed7-781c-4c3f-a7d4-8368e415c8fb
singapore-onenorth,88e90044-50ba-4199-95eb-b89977f2965f,PED_CROSSING,1,53f0b134-a073-4ec1-aaae-d773dcb6b7ef
singapore-onenorth,898ce659-c6d9-42e5-8607-526f6b9c3b53,TURN_STOP,1,b804c0a3-cbc2-4cbf-a7ec-04a567693fc9
singapore-onenorth,89f7f065-6f80-4309-8d40-fc9b0d1003e3,TURN_STOP,2,f0340a1e-fc46-4352-8d1c-db9f9d2e2af9|e6c7f4bd-e87c-4eb1-aea8-1bd8cbe787b1
singapore-onenorth,8a3dbb90-affb-49be-921e-dcfd6966056c,STOP_SIGN,2,75d39d7c-03c0-4a02-a17b-5a0af7824217|0c4e3d5a-b412-4a9d-a80c-c436dd4366b9
singapore-onenorth,8a687cd4-bc82-4bf6-8f20-c900fd90dc39,STOP_SIGN,4,eb31cc71-f597-4bcb-8c72-131102d081cd|fb2c8bcc-c73c-4316-8c72-e684f9b70438|2017488a-749c-4774-ac37-07cdb7d5680f|a8c9f4fa-7bd5-4ecc-b4fa-9d3f3e9a1c5a
singapore-onenorth,8aa1d310-3e53-4dcf-9fa8-f589127f0dbd,TURN_STOP,1,63883a03-212d-4699-a915-81b91fc9bd5a
singapore-onenorth,8aa49f1c-efee-4df1-8ab5-d3bb2ba199b3,TRAFFIC_LIGHT,2,25aab84b-5664-429a-ba1d-9ad5a2ef6276|9f7600c8-4859-4ba1-85fe-43f928dc848b
singapore-onenorth,8ab45175-dd0a-4e2f-8a3f-a59b18602194,TURN_STOP,3,07e29808-edce-4b9e-9663-20a412981556|60f0f6ce-0302-439f-8b9f-97726259d6f9|648c4b94-5500-46a9-96f8-73ac5667a68e
singapore-onenorth,8bdc8805-81cc-40a0-a34d-105c5e435f55,TURN_STOP,2,2b11904e-e7ca-4358-a7a8-74ca78203a4a|df8d99e5-c8b2-4a85-9c52-1ede34c47f5b
singapore-onenorth,8c088025-3808-4811-9a8f-4e958c873016,TURN_STOP,6,c4173049-a5b7-44ec-8713-8de06877fc7b|1c229225-fcf4-470b-a247-be14d91295cf|5276822f-4d45-4859-8e81-14d8813101e1|90a6ba20-5eea-464b-b075-be34b59f0cb0|afc678c8-16d8-4fb8-8590-807be0cfca24|b0a65cfb-fac5-4004-b99b-58e2f8876d58
singapore-onenorth,8c1939df-c765-4163-a031-653a3b31fb7d,PED_CROSSING,1,9691e029-f25b-45d4-bff5-ccc45efd9a5a
singapore-onenorth,8c1b7912-5df4-4b3d-b878-284445a5cb5d,STOP_SIGN,2,5df420f3-7c80-44cc-8716-a8a345416dca|0128e7b9-17fd-47a6-bd82-e1818615892e
singapore-onenorth,8d533462-e888-475c-9402-51d63ba62e61,TRAFFIC_LIGHT,4,f137293e-bb13-4e8c-b849-7b8d78110557|f2752c3e-0c21-46ac-9334-6ee2cd3ce2ec|594d53a6-35d6-44f2-9ed3-cf74e6a7dd3f|b6e22e1d-5607-448a-95c3-f33629f917aa
singapore-onenorth,8e5533cc-6bed-4b97-8d60-2dddf19a2671,TURN_STOP,2,b9dfee76-caf7-41a7-861f-b1204c29f9b2|45fd3344-14af-45b8-b0b4-6e0981b01f82
singapore-onenorth,8f323479-6d50-4d1b-b95b-598b33f261a0,TURN_STOP,3,7bbeb740-8eda-4134-8896-f00f66246375|639b9bd4-8cbc-4f3a-8a8c-2189ae997d92|1abb9d07-6ebb-425c-9545-68a637363327
singapore-onenorth,8f4897a1-24cb-4151-9d68-c3f7df8b0dd9,PED_CROSSING,1,d6c2ec7a-681b-48d0-b0aa-8462d78dcc55
singapore-onenorth,8fbed0f0-48b5-40cd-9533-2c7fcdb51ea8,PED_CROSSING,2,faa58b2f-d76c-499d-8099-b55765ede5ac|c6a0a7a8-cf07-414e-9618-1f83f52fa1e8
singapore-onenorth,9011177b-a314-44e6-903a-0f21377d5324,TURN_STOP,4,b9dfee76-caf7-41a7-861f-b1204c29f9b2|946ffbdb-e32e-447e-a7b9-e71295dd963d|e127ad90-246a-400f-9e1b-fe4e0beed408|d53cf772-4361-44e8-ba0d-45ba8b5ecb84
singapore-onenorth,90131eb6-29b8-476c-8685-4c2dd6e21ff2,STOP_SIGN,2,fd6f07a7-dad8-4c93-a010-eb1601c8e027|2c9a9c48-7cd0-42ae-9cbf-1ccb4d872113
singapore-onenorth,90797c4f-51a0-4559-857e-6e6cca78bb29,TRAFFIC_LIGHT,3,b4dbd87f-baa8-4784-9597-d90c7bcd30ef|f493215c-bc0b-47db-ba48-7338e21afe3d|bd23f1a8-95ec-42ba-82d4-79ca85de54d0
singapore-onenorth,90d0b6bd-a368-474a-889f-ab7dabf069ee,TURN_STOP,2,6ec042df-8212-4d7c-8900-d6733cdd602e|3883ba57-1beb-4937-abcd-e6b2b1537467
singapore-onenorth,9132cb07-bcd1-4ca4-b781-6c8eb1ad91a2,STOP_SIGN,2,209a392b-f3c5-4fc4-bc2f-c18090d6c36a|36673daa-f6e3-4663-b10c-8401275b331a
singapore-onenorth,91ac8a48-1b9a-401a-9950-3c22619b7f84,STOP_SIGN,3,90a6ba20-5eea-464b-b075-be34b59f0cb0|afc678c8-16d8-4fb8-8590-807be0cfca24|6ccc64bd-5b1d-44ef-b549-802bf5f8141b
singapore-onenorth,92331750-6646-460c-92b4-befa240bc0bb,STOP_SIGN,2,faa58b2f-d76c-499d-8099-b55765ede5ac|c3c204fe-ffb8-48fd-b2ad-92158b7be586
singapore-onenorth,923fa369-1618-4309-be4b-1ccf9b2e8bdc,TURN_STOP,3,4b9d1775-df21-4dd2-b6be-806ea02015a4|a2a25289-aa01-4a9f-aac6-32d71f1ac27c|c3cdcddb-a4c9-431c-b7ee-943ca85a180a
singapore-onenorth,928331e7-1741-47cb-8f03-f3f21f9735e8,TURN_STOP,2,df6e3a92-da61-401c-95bc-59abfaf37e1f|9c0d6c30-56a6-4046-b0d0-502360380f6e
singapore-onenorth,92d2cc73-33ab-4138-a4ee-4cb99fc01ff6,TRAFFIC_LIGHT,3,797f78ee-b293-46dc-8f94-881f7e8d7c27|995789d7-f9fe-4ce6-923f-26e3e9c962d9|b59c1023-4b6e-4f93-907b-6354c415407a
singapore-onenorth,939f42c7-7159-4d45-8ff0-2415769aa1a4,TURN_STOP,2,04911e0d-bd5a-41ec-9d45-59e334dc1022|049d3c5c-4856-4f78-94fd-96c34fddf234
singapore-onenorth,93c4d661-2972-4efe-b063-a2e2ad4fe77b,TURN_STOP,4,da39f5a7-d29e-487c-9122-b3dc316614ff|0bded406-e18f-489e-a6d6-ccd21e42b3bf|4409c629-bc51-4a67-9589-ac74b9d58fd6|8b1456f4-6713-4efa-8368-db7a6f2c1583
singapore-onenorth,942dc2b1-345c-4fe7-83d0-9eeed8202709,TRAFFIC_LIGHT,6,32e91310-fd24-4dc5-8def-1fe7c5c98eca|5933500a-f0f2-4d69-9bbc-83b875e4a73e|d58aa99a-059a-4436-8c20-6db30841ab6f|28d15254-0ef9-48c3-9e06-dc5a25b31127|c119fed8-400d-486a-93a0-6738464a3680|0282d0e3-b6bf-4bcd-be24-35c9ce4c6591
singapore-onenorth,94ec847b-bd2b-4c16-a126-c7ede86aa356,TURN_STOP,3,1ac4e389-c7d0-4ea6-9506-fe6d8f241352|995789d7-f9fe-4ce6-923f-26e3e9c962d9|b59c1023-4b6e-4f93-907b-6354c415407a
singapore-onenorth,95479390-1e00-4d6a-a735-bae285bd110b,PED_CROSSING,1,bc455fc4-e366-49c7-9aac-b21a7f4d596b
singapore-onenorth,9566e4a8-6d5f-4131-abc1-b5e631a08f32,TURN_STOP,3,b6ab8d9e-e874-456a-ad2c-c8504d93120e|92b7b8ee-f5e1-4076-89c6-cc10f5c60d42|07fe730d-8e91-4957-835d-0f50b836dfbd
singapore-onenorth,967c9c44-bf34-4f71-b84f-5f780d6e991b,PED_CROSSING,1,46efd982-f399-44f1-b8ed-d01607f9a9c1
singapore-onenorth,979330af-c3b9-4442-9e82-2f2869fae6fe,TURN_STOP,2,70f14d4f-e210-471c-a11b-bb6d81091098|edc43bb6-a014-4ae1-9a71-630a09d00b92
singapore-onenorth,97d7f572-fa7f-424f-a224-1c2ab2c28b04,TRAFFIC_LIGHT,4,5e3418be-88e4-49c3-95d0-cc9e6cb509f0|62c0274c-a428-49ce-88e6-9f5aa6aafe64|b441c6d2-94c7-4cb8-b843-381640bdd7eb|d020ebcc-7e99-46c4-908c-cb56cc8ba5c8
singapore-onenorth,97ee4472-634d-4752-bbe8-2db284313d92,TURN_STOP,3,90a6ba20-5eea-464b-b075-be34b59f0cb0|afc678c8-16d8-4fb8-8590-807be0cfca24|6ccc64bd-5b1d-44ef-b549-802bf5f8141b
singapore-onenorth,9866da50-8d0c-43c9-99ec-872407b08194,TRAFFIC_LIGHT,4,fb52028b-c612-470e-bb12-2748f13c1330|46393d4a-40a3-4488-88f6-1021f8c3bc88|d4434a21-898b-444e-a42a-bf5d5a79034e|71ea88af-13a9-4841-abb2-d6807bbe6370
singapore-onenorth,989ca95f-18a0-4321-bfca-aa1182a3a8af,STOP_SIGN,2,fc331502-7d14-47b2-a987-53840875a56f|67e95eb1-de21-49dd-bedc-55f2924785b9
singapore-onenorth,9910f482-6987-4321-b62a-3b20f12334e2,TURN_STOP,4,c4173049-a5b7-44ec-8713-8de06877fc7b|90a6ba20-5eea-464b-b075-be34b59f0cb0|27a29d99-c58a-4438-b5a6-7bf91e1a2888|afc678c8-16d8-4fb8-8590-807be0cfca24
singapore-onenorth,99500d2a-3461-49f0-9113-c5a4ee73ea8a,YIELD,1,df0d7cde-5821-4ee0-8158-4e6c26b30d8e
singapore-onenorth,99eee750-a667-4053-a43f-962696ddec8c,TURN_STOP,2,334258cd-e3f2-48fd-84b1-b4eb029e1845|6de4c224-cff5-40d3-bb02-ad25ebec6859
singapore-onenorth,9ab69927-2f1e-48e9-baf4-9a4835f4c021,STOP_SIGN,1,0a73738e-b9ab-469d-85d0-6e44a0184f67
singapore-onenorth,9ac4cbfd-3c75-44ff-a568-2c90269f96ad,TURN_STOP,2,7bbeb740-8eda-4134-8896-f00f66246375|1abb9d07-6ebb-425c-9545-68a637363327
singapore-onenorth,9b1f96fb-2995-42e2-b3c9-4e725f966f20,TURN_STOP,4,86d8f7ae-ee89-484e-96f3-deb2f3d0da59|7859cb3a-8270-41ef-b171-b7c190dbbd1b|4cc6899b-6006-4e98-8211-4e4769451034|7d82ca81-9144-45dd-832d-35bb6c089e2e
singapore-onenorth,9b50cbbf-c541-4902-89ce-a096cbead607,TURN_STOP,3,cc24f40a-65a6-45c0-9634-eb7339d8c77c|81e6cda2-e87b-4fac-b2fa-9c9665911f45|4dc2ccaf-1afd-4b2c-964b-5c111b872a9c
singapore-onenorth,9c9d7f80-a88c-482f-b73c-20852aa0a0fc,TURN_STOP,4,3d51c431-b799-4962-9502-82028b8f116d|4f2719a3-c740-4dd3-9b88-458fcf34cc46|81e6ac43-9c9b-4213-a64c-b40b44c3e975|eb4fe5d5-6805-4e30-9abb-e0fa4d792f8e
singapore-onenorth,9d7b6d32-74da-4ef9-af5c-0e3ba2ec6ee3,PED_CROSSING,2,7df84294-3d43-4461-b524-f481aa3de2eb|67329c50-48af-4d18-b987-b1195d90e7a6
singapore-onenorth,9d921081-2c4c-4e18-9ae9-16b7cc5182dc,STOP_SIGN,2,773d19c6-5859-4ac8-9afb-72b3e37cdd93|66344d61-27b5-4e16-a5a5-3e31b7e1eb54
singapore-onenorth,9dd9ad58-9623-4437-af60-de0aa7176a75,TURN_STOP,1,66c33b96-dc98-43ef-baa2-850a06633f9a
singapore-onenorth,9e4c51d0-384e-4af2-9b69-7b1ebcd1b21b,TURN_STOP,1,4409c629-bc51-4a67-9589-ac74b9d58fd6
singapore-onenorth,9e50d443-a307-4721-9d0a-d17d5c5d4cb3,STOP_SIGN,2,64befc42-7d40-4b56-b954-539e9878c58b|5196f7b2-2278-4a02-947a-1a7fbade1818
singapore-onenorth,9ece8fdd-1369-4ec2-9db6-1f06d7140042,PED_CROSSING,2,9bfbdd86-9ce7-4bb6-8601-1d8515d146e2|39759dfc-e801-4c7a-a1b5-d7924346323e
singapore-onenorth,9ee392f0-25c1-41cb-86fe-82ab493aeb03,STOP_SIGN,4,d2ec5733-c3bb-4ea9-ae5a-206bd8f5cfe5|7bbeb740-8eda-4134-8896-f00f66246375|43150cc7-fdfe-4e2f-811c-43a13cb923c2|07c47d48-d94f-424a-bb7e-aa17de5ae29a
singapore-onenorth,9f9d8b20-67c2-40dc-be90-bd0b5c6707f0,TURN_STOP,2,48cd0905-d4dd-47e9-9615-5a450dcf1ca2|d79ec187-417a-4b7a-a855-2cba2107377c
singapore-onenorth,a0609bee-1328-4b0f-9db2-d5c1ae13f73d,PED_CROSSING,2,8e8dfd1d-7816-400c-b86f-c0bcc1481ecb|a172b4fe-53f4-41fd-ac12-85a3fe91149b
singapore-onenorth,a0e0c9a4-43b3-47b5-a329-8f71e37af1ba,TRAFFIC_LIGHT,5,3b054222-19a4-44fe-b003-e26be95dfa6e|b870fb0d-378c-4613-a1ea-5f55ccdaf03c|c379e0d8-f24a-45ac-8c21-c420762ddea3|046d20b6-405f-4f1a-9731-c3e77646ef0d|6378690e-cb8d-4092-b8fc-573acbd2eb77
singapore-onenorth,a1263298-e3b8-4fe7-90fa-884c705205b2,TRAFFIC_LIGHT,3,48195510-cad0-4576-917b-93be4d538360|a699eeb2-7bae-4781-9af8-598c6ac8b257|b44298e9-e1ea-4b53-82d1-a7cb32a60c14
singapore-onenorth,a3821f7f-58f0-41d2-9ac7-755b7544c991,STOP_SIGN,1,817b6375-137d-493d-9930-1ebe2368fd51
singapore-onenorth,a3a12b27-c52b-4b64-a06f-569e69079010,TURN_STOP,2,1d461032-cf3a-48dc-aad2-181704fd63f9|bfdbd392-4753-485b-96a7-f26ed396ccba
singapore-onenorth,a519d332-f089-41d3-977b-29e520df2428,YIELD,2,ee33d14b-27aa-4100-b9c2-2c937535ae1a|d2f0e25d-edfe-480a-b346-1aa1f8ae676d
singapore-onenorth,a595bdd7-e3fe-422f-95d9-524f4bc0e75e,TURN_STOP,2,63b6d6e0-46a7-4b19-99b4-ecf4596d6c6b|648b01c1-1a2a-4b03-a895-5c3ec25843db
singapore-onenorth,a5ff0ca8-92d2-40a5-ad59-87a92072e96c,PED_CROSSING,2,6eee0d44-0d0e-4c7b-9a68-b2c7c7c96b6c|8ea52712-f2da-4e9c-8e58-1781fbdd9413
singapore-onenorth,a60d5fbe-cdc0-4e34-9a1c-ebfa6ff3c84e,TURN_STOP,2,639b9bd4-8cbc-4f3a-8a8c-2189ae997d92|1abb9d07-6ebb-425c-9545-68a637363327
singapore-onenorth,a66b10ea-0da3-46e1-af59-3aaa1e704641,TURN_STOP,3,1c229225-fcf4-470b-a247-be14d91295cf|90a6ba20-5eea-464b-b075-be34b59f0cb0|b0a65cfb-fac5-4004-b99b-58e2f8876d58
singapore-onenorth,a66ef732-f542-40db-9351-000ae089209d,STOP_SIGN,2,aac5ca80-41aa-459d-878d-175578545cbe|a39f817c-e46b-4cf6-90d6-1032d2055267
singapore-onenorth,a689ba80-01bd-469f-9d60-efad645d7b58,TRAFFIC_LIGHT,4,951303ee-583c-4cc1-b56e-09c3ca736087|f1b2c27d-c082-466e-a126-c7c15f88f01a|35fe8ade-7d13-4794-8ee6-68905a7c509a|7da300d1-d234-408f-bf6f-c986f3e128f5
singapore-onenorth,a69b5713-7fdf-4e3f-a87e-cea649858b2c,TURN_STOP,2,889844c4-9c73-46b6-a5b2-2ac2c2d056a7|85be2751-b636-457f-a2af-6eea78f331b6
singapore-onenorth,a6d3aa6d-fcec-4b33-adfb-c5b8e8264e31,STOP_SIGN,3,4b9d1775-df21-4dd2-b6be-806ea02015a4|a2a25289-aa01-4a9f-aac6-32d71f1ac27c|c3cdcddb-a4c9-431c-b7ee-943ca85a180a
singapore-onenorth,a72896a8-9d2c-47cf-9d73-488fdfaeb08a,STOP_SIGN,2,2470a490-6ee9-4658-babe-06cbe7f28038|e1108c56-6b96-4386-945a-e2a1aebf6e20
singapore-onenorth,a76e8591-616d-4920-a7a0-ddbd0f711ca5,PED_CROSSING,5,01820f54-a67c-45f1-bc50-e98c4c1adacf|df2e1a44-b489-4efe-a541-88091eb50c59|49b90c27-2d4f-477a-a564-39026c728192|0cc76b8c-3d5e-41fc-b187-47f5e4dd1a99|b6c87076-3f71-4d9e-b840-8bd28ddfa7ef
singapore-onenorth,a7e9a31a-7f3a-4159-86ae-83ccda9bc35c,STOP_SIGN,1,e42e78f7-5a63-4139-bbba-b8547d89904d
singapore-onenorth,a857254e-85f4-445c-99df-0cc257b1edaf,TURN_STOP,3,64194433-f0f4-4c9b-82ff-71a1d64002da|3eda1e2e-c8e5-498f-b7ff-c62d4e5d92d0|8c076ba1-c097-45b1-b640-f23ec54e68ae
singapore-onenorth,a8c35e13-9763-41e6-9d93-26afe2a65dee,TURN_STOP,4,c379e0d8-f24a-45ac-8c21-c420762ddea3|046d20b6-405f-4f1a-9731-c3e77646ef0d|16b5fddc-841c-4e5b-9639-b77a7da52ed1|5d071884-65b2-4044-b099-4299123ab81d
singapore-onenorth,a8d354e6-ef6c-48b5-adcf-5c611819807c,TURN_STOP,2,2470a490-6ee9-4658-babe-06cbe7f28038|e1108c56-6b96-4386-945a-e2a1aebf6e20
singapore-onenorth,a98eab72-4a2f-43e2-9fab-22bdd6a9c0a5,PED_CROSSING,3,b996e337-c619-4ccd-b508-9df47f16349e|f82f09be-0292-447e-abbd-2724ffa8b5dc|dcf6554a-2ffd-459e-b363-0ff273d7819c
singapore-onenorth,a9d90c55-7cb3-4bca-ad3e-02efa2b3a04b,TURN_STOP,3,940a223e-713f-4fa8-9e9b-710fde9d9beb|c379e0d8-f24a-45ac-8c21-c420762ddea3|6378690e-cb8d-4092-b8fc-573acbd2eb77
singapore-onenorth,aa5837ea-fe68-44b8-bc2b-ef5731e69ce3,TURN_STOP,3,da39f5a7-d29e-487c-9122-b3dc316614ff|0bded406-e18f-489e-a6d6-ccd21e42b3bf|8b1456f4-6713-4efa-8368-db7a6f2c1583
singapore-onenorth,aa6b92e0-c591-4146-bf0a-3470aad5b27d,STOP_SIGN,2,63b6d6e0-46a7-4b19-99b4-ecf4596d6c6b|648b01c1-1a2a-4b03-a895-5c3ec25843db
singapore-onenorth,aaf2d44e-5f11-488f-943d-67d58f574ebd,PED_CROSSING,1,52e15815-376a-4023-ad89-2652ffc1193b
singapore-onenorth,ab8dbc71-bdfc-4b9d-8287-84158133b11e,TURN_STOP,1,fba5e722-7794-41b3-8b0b-dabfb6d1ec94
singapore-onenorth,ac0a935f-99af-4dd4-95e3-71c92a5e58b1,TURN_STOP,4,f46f90a1-f70b-4f71-93ca-0fbae535e5d5|d5deaa6e-1222-453e-bda2-47613279c74d|4c811d49-2ba2-44f0-8544-470d553c96ff|aa6e1624-c511-4c92-8b53-fe5a7f32393f
singapore-onenorth,ac51ed9d-9597-4037-8971-9bdea6133b81,TRAFFIC_LIGHT,4,d655dcf9-8249-4a37-bf4d-6662bfe9d102|7ad26b17-9aa5-4a35-9612-33678fccb087|20b38bd6-c182-4dda-a584-9d47d0dd3710|7cc63cbc-c60a-4550-bc89-499ce4006a1a
singapore-onenorth,ac6c73c0-416f-4d7d-819b-bfbaab4085a4,STOP_SIGN,3,b966d59b-e042-4e44-8012-19f44f2e284c|49005ede-ee00-4836-866a-e0a68b262651|7d858288-43fa-41a4-b11f-b2e38f8403de
singapore-onenorth,acd38db5-2efd-4d8b-ab6c-de8045ee450d,STOP_SIGN,2,78310ce4-ad5c-4965-8361-ce302a7ab05e|2c1f1364-131c-46f5-aa1f-67d546a1377b
singapore-onenorth,ad504714-6496-4b92-a1b8-9d1df7a671b0,TURN_STOP,1,24e61126-ce2f-4aee-b880-1316e877da27
singapore-onenorth,ad8fdb46-668a-4355-b58b-079d1de239f2,STOP_SIGN,3,2f8b98ef-0e3f-43f7-b5ad-5e60b6b84857|1ed998ee-2e17-4b90-8d74-8c31f67a85d6|2eb92598-eb17-4134-9e33-8e99a7a8f786
singapore-onenorth,ae4f38c2-37c6-4ef6-9349-a5e257945455,TURN_STOP,3,b8126ea8-8104-4362-a774-e3830d0c8b1c|bc40cbe9-eace-48d3-a686-60b7c7db8db9|9ed8d57f-8efa-44ac-a79c-5f11b24aca86
singapore-onenorth,ae6809d8-eca3-4c38-8a7e-c2b3e60de881,PED_CROSSING,2,caaf47a8-33c4-4b61-b743-4d7058e9b07c|ebaedddd-6c73-4945-94ca-7cdae88e8f24
singapore-onenorth,aec55242-fa02-495a-bbb1-88f341de52e8,TRAFFIC_LIGHT,7,914abc99-2eb1-494b-b72c-a749b863bec5|cfe128f6-c960-4343-a625-f0a246f0c65f|111111f4-5271-4344-8d76-42c0e8e2dab5|935332cb-f5df-4a63-9e0c-926e21f758ac|231ce3b9-9f4f-4f59-9fc0-2ebf86f4316b|88d1f54a-8cce-4576-be6f-bbf59942795c|07e1d306-6153-4629-8843-1e6934f5b5f0
singapore-onenorth,aee128fd-3eb3-4404-89ab-1e7bc2e0fe06,TURN_STOP,2,1ed998ee-2e17-4b90-8d74-8c31f67a85d6|2eb92598-eb17-4134-9e33-8e99a7a8f786
singapore-onenorth,af223df1-108e-44d0-b17d-ca1f71cf2e0b,TURN_STOP,3,03b2a1c9-1cdd-43cf-8927-3e291e96cadd|fd6d65c1-2251-4114-86a3-14ef068b94e5|fa36a8c7-4b19-49cc-8687-3769becc4c57
singapore-onenorth,afdf59f0-0f0b-4c32-b08c-be924b31de90,TURN_STOP,2,b7f7e3a8-f382-4368-9737-39ee4f428fc2|c1057b86-5f3f-4a73-856f-26274270ca1a
singapore-onenorth,b03d3501-c16f-40c2-9b74-0b6f805680c9,TURN_STOP,1,6ccc64bd-5b1d-44ef-b549-802bf5f8141b
singapore-onenorth,b0faea6d-d878-445d-ab82-ed060a0f79ab,STOP_SIGN,2,540c8c27-b765-4b1a-a9c9-a7f932ad5310|80e93c85-cf03-42cf-8f53-787b6b37f5be
singapore-onenorth,b1807593-581a-473b-ae93-3b54dfce9198,STOP_SIGN,4,a3c1ea2f-1766-4935-91f2-0e32a9b8720d|d3f16dc3-fb92-4a5c-ad84-c123b0ecf72d|85074954-6051-4a2f-900b-762c83c9b2e5|b804c0a3-cbc2-4cbf-a7ec-04a567693fc9
singapore-onenorth,b1c4261f-6e58-4397-bbb6-8ae6bcc6fe57,STOP_SIGN,2,df6e3a92-da61-401c-95bc-59abfaf37e1f|9c0d6c30-56a6-4046-b0d0-502360380f6e
singapore-onenorth,b263c6fc-e11e-4a6d-a463-212b2205e9b1,TURN_STOP,1,0a73738e-b9ab-469d-85d0-6e44a0184f67
singapore-onenorth,b2c23a52-0d01-4d77-ab85-06e365d121a3,TURN_STOP,1,bd23f1a8-95ec-42ba-82d4-79ca85de54d0
singapore-onenorth,b457ea77-4781-4b9c-bdb2-4a7d8e0e6ad7,STOP_SIGN,2,7e193532-5c3b-4717-b245-b34423bb2f83|28789d60-f97d-4823-a25d-eaa35d663674
singapore-onenorth,b4d2d8b7-9039-4c93-a1c7-0c20bb27ceec,STOP_SIGN,1,d5a154d9-b6f5-4b66-bb6a-b6317da0feb1
singapore-onenorth,b5b6ba07-aa58-4083-bab9-c735b5241b1e,TURN_STOP,1,45df1a62-9561-4579-907f-4be0c3eef6c5
singapore-onenorth,b6c8f846-4c26-4b0f-9047-18b224aa1578,TURN_STOP,2,7009e98c-4969-4fd8-8289-12075aa068fd|c119fed8-400d-486a-93a0-6738464a3680
singapore-onenorth,b703f1c6-ce9f-4bea-af90-20c751aaa1d3,STOP_SIGN,2,28a4ef40-b423-4525-a1b2-4f2f5f1d73c3|69c2a83c-4294-44f3-bae9-60444a00a7d4
singapore-onenorth,b72be5af-7c86-441a-8ce3-b5e223892291,TURN_STOP,1,85074954-6051-4a2f-900b-762c83c9b2e5
singapore-onenorth,b7a22ff0-9a47-4d6b-b454-5008d860e5a3,STOP_SIGN,2,82327b13-f439-4528-97e1-868d40910cef|8afee301-8caa-400e-bf07-ae117ee7c3c5
singapore-onenorth,b842e654-57da-4720-8cfc-af3bdc1be927,STOP_SIGN,3,db45c847-0540-4a55-a4c1-f282994dcdc3|914c7e43-4fb9-415e-b6e9-ce50ea279864|33e62345-472b-44b5-b67f-a4375bf001da
singapore-onenorth,b86a2472-3a7c-4a2b-83c8-666ab8d41a4e,TURN_STOP,3,876c71b1-a712-49a8-8aed-019d26a207ea|70f14d4f-e210-471c-a11b-bb6d81091098|edc43bb6-a014-4ae1-9a71-630a09d00b92
singapore-onenorth,b8d6a98f-710a-40b1-b180-86e054d352cd,PED_CROSSING,1,67fe9e3c-12ea-4a66-ab24-a4599eccf268
singapore-onenorth,b9b4dd42-5100-4d46-97a9-1df4fd943a66,STOP_SIGN,3,304c0665-745d-49c5-88c2-326bb4a5a8bb|b26929bd-f977-4fde-a50e-87aa016f1d7e|39604cc2-9266-45cf-a73c-9eae28ff3583
singapore-onenorth,ba8430ef-25f5-4146-aca2-11352f5ec337,TURN_STOP,3,1e8e31a4-a3d1-4ed7-960e-9020f36ba614|639b9bd4-8cbc-4f3a-8a8c-2189ae997d92|77be0801-e717-4642-a5b7-44199067e886
singapore-onenorth,bac0f9cc-371a-4c8f-8627-11b5818c6fbf,STOP_SIGN,3,64194433-f0f4-4c9b-82ff-71a1d64002da|3eda1e2e-c8e5-498f-b7ff-c62d4e5d92d0|8c076ba1-c097-45b1-b640-f23ec54e68ae
singapore-onenorth,bb86d01e-a821-4ff5-911a-20676f6fa525,TURN_STOP,2,8a89ac2b-84df-488d-a068-dfd14fd9a386|036e68ba-688e-40e3-bc4c-d824c6f8cb47
singapore-onenorth,bc0b7316-e2d3-4016-adfa-c76f546fc248,TURN_STOP,3,1e8e31a4-a3d1-4ed7-960e-9020f36ba614|639b9bd4-8cbc-4f3a-8a8c-2189ae997d92|77be0801-e717-4642-a5b7-44199067e886
singapore-onenorth,bc0bc56f-b429-44a7-8534-f6b8a15f4962,TRAFFIC_LIGHT,4,080d6972-ed9a-4072-848f-ab46dacd7af9|47f84447-809a-46e8-8d0e-1996ddff0075|b6b61079-c116-4966-ae21-01a721911f4f|bf8a3541-5f32-4c2c-8875-9d6475432990
singapore-onenorth,bced1d82-4c5f-4994-a84e-a7fcb31021c6,TURN_STOP,1,77a30923-0944-4dd4-bc2e-e12f97930dc5
singapore-onenorth,bd07f012-ae9d-4ff4-8025-5da25070129b,TURN_STOP,3,4b9d1775-df21-4dd2-b6be-806ea02015a4|a2a25289-aa01-4a9f-aac6-32d71f1ac27c|c3cdcddb-a4c9-431c-b7ee-943ca85a180a
singapore-onenorth,bd139b0c-83a6-41b4-a4f5-3a5ad6169325,STOP_SIGN,2,f5d48e98-4274-428c-85b7-7f3d280b254e|3b4dee7a-61be-4981-b92a-02db8a6ea8f0
singapore-onenorth,beea01b4-9dc5-4d71-bce4-e91fa7c97bec,PED_CROSSING,1,c0387e92-1249-48d7-a8a3-3b1cadf1a1e5
singapore-onenorth,bf2c717f-4bf7-4242-a6df-9648896048f6,STOP_SIGN,2,fba5e722-7794-41b3-8b0b-dabfb6d1ec94|8a89ac2b-84df-488d-a068-dfd14fd9a386
singapore-onenorth,bfe05c0e-7fb3-44d5-a627-d7d8a02bb6f0,TURN_STOP,4,b6ab8d9e-e874-456a-ad2c-c8504d93120e|065ac816-ecd5-4c07-b9c2-4633014d7b52|71ea88af-13a9-4841-abb2-d6807bbe6370|ff5b79af-d764-481f-9f6b-aa5b076eb234
singapore-onenorth,c2c9a9d7-75e7-49cb-b55b-f566cb35754c,PED_CROSSING,1,46efd982-f399-44f1-b8ed-d01607f9a9c1
singapore-onenorth,c360e86b-8177-4778-aa38-05e48a2d6f88,TURN_STOP,2,9cb6ed18-e973-4eeb-ad55-ae0ea3d4b294|036e68ba-688e-40e3-bc4c-d824c6f8cb47
singapore-onenorth,c3a4ce9e-5d62-4202-86d1-526b18237519,TURN_STOP,2,74ee76d4-03d6-413a-809f-1daf175c3c46|27b7ec4e-6a00-40b6-8cd6-6d2c1191bff9
singapore-onenorth,c483b4f3-ef96-438f-a525-10c1427e189e,PED_CROSSING,2,75d39d7c-03c0-4a02-a17b-5a0af7824217|2a5170f5-2685-4ffb-b21e-ae8d56b95549
singapore-onenorth,c4c0e9b1-ec13-4ebd-8499-ecbc1df03f1a,TRAFFIC_LIGHT,1,c53c175b-1a0d-4189-a950-c553a544adfa
singapore-onenorth,c4f63fdc-903b-45d7-a2eb-e3fb481e2964,TURN_STOP,3,1e8e31a4-a3d1-4ed7-960e-9020f36ba614|639b9bd4-8cbc-4f3a-8a8c-2189ae997d92|77be0801-e717-4642-a5b7-44199067e886
singapore-onenorth,c57971f7-3667-4106-8e67-f7876675befd,PED_CROSSING,2,64befc42-7d40-4b56-b954-539e9878c58b|ca83e919-a389-4701-9cab-4c5a45e879e5
singapore-onenorth,c6ca8268-3298-413e-be5a-d5f495853531,TURN_STOP,2,5b6d1b1d-df69-4809-a329-7c9b5fe0c293|736250f7-de28-4d04-af6c-25b81101f4c4
singapore-onenorth,c7433ba1-fbf0-4d82-a6d0-1812665f3091,TURN_STOP,2,ac1b4a5c-9c27-4e1f-aea5-87b507ed64a9|291f4275-a883-4ed2-a45e-2abc655bb82a
singapore-onenorth,c796cbe9-d909-4df0-9f55-2f0d9ebcd207,STOP_SIGN,3,1b5ea0d5-34ae-414f-9c0a-5d24b10e94c6|4ea60f3d-cdba-4905-b6c1-b5a4fd2ae31d|bfc07d6f-125b-45c9-8639-d106355a2d84
singapore-onenorth,c7f18862-4acc-47f9-944e-5be0125d222d,PED_CROSSING,1,ee33d14b-27aa-4100-b9c2-2c937535ae1a
singapore-onenorth,c8c0833e-4836-4f37-a9b9-7badea10da33,STOP_SIGN,3,5551732a-d928-4850-9886-d604cefcc9cc|392686de-8e37-40f9-924b-b9413c78e255|3fdf45fb-0ee4-4181-a9c9-3ead161de06c
singapore-onenorth,c8fce8f6-5f6b-407b-a3dc-6feebabf8534,TURN_STOP,1,8a702c0e-0c56-494e-a823-d8f1e3868bec
singapore-onenorth,c90087ab-66a6-4855-a4c8-8239a11ebc5f,STOP_SIGN,2,f6168090-ef9e-4f86-a3b6-6ea46b16fbeb|988bdb4e-589d-4ca1-973c-8afaa122a431
singapore-onenorth,c9a712a4-5907-439f-8415-c8758ea373be,TURN_STOP,2,6f489965-2ef5-4299-aa17-9a5bcf4e3d2a|349bd97f-67bc-4f5d-92cb-8f1fb9551767
singapore-onenorth,ca139262-c67d-4e3f-82cd-87cf713edb7b,STOP_SIGN,4,4862ca49-bf7c-4cec-9daf-b572f16cb7c4|849042ee-2461-42f7-93bd-7ac7da4b831b|c4173049-a5b7-44ec-8713-8de06877fc7b|1c229225-fcf4-470b-a247-be14d91295cf
singapore-onenorth,cb9ed94c-6773-4391-8c54-4daf6f7ea40f,STOP_SIGN,2,1ac27f77-e04b-4e9b-8782-1458da016b77|af73a37f-8dd3-4f22-88dd-9958ec74d1eb
singapore-onenorth,ce39c11b-c06a-4e79-8e42-b2fd35f02ad7,TURN_STOP,1,3faae508-d43d-4817-b1b9-06ebf575e3cf
singapore-onenorth,cf44476e-9905-4019-95e4-dbe5637879ac,TURN_STOP,5,092b05cd-12bd-4b45-ab0c-510c886fa06b|fea4c05c-c4ce-499d-8bd9-9070f080eb70|5b467cda-77cd-41ad-9d8a-0a93ce657f5f|349bd97f-67bc-4f5d-92cb-8f1fb9551767|5e479fe8-4129-4ae1-a80c-70f19fd637d6
singapore-onenorth,cf7ac8c6-5c4a-4bcf-8fb4-c4e1e9395439,TURN_STOP,3,b9dfee76-caf7-41a7-861f-b1204c29f9b2|45fd3344-14af-45b8-b0b4-6e0981b01f82|c80e93e5-1613-4c37-a80e-32a44b99c361
singapore-onenorth,cf8d2e73-0878-465d-ae1f-e590a7a3dd89,STOP_SIGN,1,464316ba-c0ce-4871-ad37-38cdad0d1473
singapore-onenorth,cfd8998c-f736-4943-8c69-10a9fc60205c,STOP_SIGN,1,91468598-c964-48d8-9386-2a9e3e700164
singapore-onenorth,d065a9d2-afd6-425a-a980-d33a686dacab,PED_CROSSING,1,559786c5-a342-4a9a-9b6b-f5702c968945
singapore-onenorth,d0b8131f-403e-4a9a-9218-c8697b964223,STOP_SIGN,2,0f49930e-6edf-4929-82ec-faac9f1b2746|c956b8d5-1ffd-4ce5-8ecf-9671a25f77fc
singapore-onenorth,d106780f-ff17-4af6-bfe7-ee7cce3bd431,TURN_STOP,1,45df1a62-9561-4579-907f-4be0c3eef6c5
singapore-onenorth,d1e41713-7ec5-485c-95fc-e2afd5c6171f,STOP_SIGN,2,0bb6554c-d75a-4dc7-b953-972158f21865|bb7f5c88-9e2b-4d0a-ab0d-39a3ab9fdf02
singapore-onenorth,d30175c1-894b-4fd5-a639-95e21d046718,TRAFFIC_LIGHT,4,6b020e3e-741b-4aeb-9cd6-59977459f80f|d30ded67-d540-47b2-aa1f-d2d90e6feab5|6021f6f7-3707-4996-a779-8d3934302d22|7299f083-060e-46ba-8257-4c12d5356d9c
singapore-onenorth,d31c315f-be1c-4f66-935c-4a943ae12fb6,STOP_SIGN,2,8f231cdb-7dec-4013-9f83-8a6ae674467e|dffa2160-736e-4998-ae58-939fb331cf71
singapore-onenorth,d32fca96-b738-45d7-974c-73ce3f092778,STOP_SIGN,1,a2562c5d-49eb-43ee-a2e1-094f93e71d3b
singapore-onenorth,d3322ade-3735-4218-a7fa-00e33d117af9,TRAFFIC_LIGHT,4,092b05cd-12bd-4b45-ab0c-510c886fa06b|6f489965-2ef5-4299-aa17-9a5bcf4e3d2a|5b467cda-77cd-41ad-9d8a-0a93ce657f5f|5e479fe8-4129-4ae1-a80c-70f19fd637d6
singapore-onenorth,d3f3048b-d80f-462b-a431-32fc7479f8ba,TURN_STOP,2,04fbe7d8-85ac-4b9b-870a-0f07f839a111|307fd087-208d-41fb-9146-c9582f62137a
singapore-onenorth,d40d40fa-ea73-4b53-9a2e-215373d13cc0,TURN_STOP,1,af49a79a-4f23-4ccd-ad97-782c65da6262
singapore-onenorth,d4be5462-702a-4788-bb46-338e2c0cc136,TURN_STOP,3,b6ab8d9e-e874-456a-ad2c-c8504d93120e|07fe730d-8e91-4957-835d-0f50b836dfbd|bf8a3541-5f32-4c2c-8875-9d6475432990
singapore-onenorth,d769a2dd-46cc-41e1-997f-ac0497ee8228,STOP_SIGN,2,b7f7e3a8-f382-4368-9737-39ee4f428fc2|c1057b86-5f3f-4a73-856f-26274270ca1a
singapore-onenorth,d7f2d850-e997-44ee-8a19-bfb085e45274,TRAFFIC_LIGHT,6,04f5295d-7c22-47db-9cb2-16fe30f14307|e4b6e9b8-4eb3-40e2-ae77-220bd8126f0b|5db837c3-4836-49d6-a161-2079dd16059e|1d50e506-350b-4982-9841-38e7f6fa9007|795693a1-380d-45aa-928c-5ab1d6723f79|794f1e67-b6b2-4709-aff2-254059095e96
singapore-onenorth,d7f69341-bf68-4e53-8b1d-8360c4ba2eb5,TURN_STOP,5,919162be-8b6c-45f7-a626-ae752c288166|00645d3e-0ab6-49dd-96c2-d499232d219f|20b38bd6-c182-4dda-a584-9d47d0dd3710|1d50e506-350b-4982-9841-38e7f6fa9007|794f1e67-b6b2-4709-aff2-254059095e96
singapore-onenorth,d995c946-97ec-4d96-877d-90b978b737d9,STOP_SIGN,1,39a1e7fd-6f3a-4ea6-966f-a76150c498d8
singapore-onenorth,d99a5cce-4e5d-4529-8951-4ac285dc3c02,TURN_STOP,1,33f13d52-b977-4abc-819f-3eed9b2e6249
singapore-onenorth,d9c11497-8c00-4c14-b8b3-4d144689d74b,TRAFFIC_LIGHT,3,05979899-270e-4dc0-8d40-dfc9ef4f2ac7|51597324-1d79-4b1e-a73f-792e328ab27d|5d071884-65b2-4044-b099-4299123ab81d
singapore-onenorth,da7e78b6-d764-48de-9d6a-94c3ca0cc1b4,STOP_SIGN,1,e4d33d53-fb4f-40c9-9183-fd7d8070475e
singapore-onenorth,db69f580-8eea-4719-ac5a-5b1a58ce1e98,PED_CROSSING,3,add186e4-4a85-441c-9068-c127148a58d0|4f3bbb5e-0ff3-418a-979c-d71d42f87d62|16385705-3c61-487b-8359-f6a4b31f4399
singapore-onenorth,db7f1b52-b18c-4018-823e-fec83ad14da0,TURN_STOP,1,aac5ca80-41aa-459d-878d-175578545cbe
singapore-onenorth,dbf50cde-67ff-48c7-86a9-e6ba5d20d2ff,PED_CROSSING,2,1a9b85d7-5633-4ebc-a912-0ce4a6182236|56da5c27-80fd-4dcb-b67d-a5cd11124ebc
singapore-onenorth,dc502e6e-dc29-4eeb-b75e-680a96eef5cf,PED_CROSSING,2,679966e4-6560-45d1-82d9-69157d9febee|feefc074-2445-46c6-8145-b5a96636d085
singapore-onenorth,dd1bf4d6-140a-404f-a92a-5da15a896648,TURN_STOP,2,3e93a552-29c7-403c-b6f5-ac9d6b4ca24d|ac86fc6f-5b95-4eed-97b8-488363dc3383
singapore-onenorth,dd5fe978-0c68-4330-9c76-e0fb4a3c9add,TURN_STOP,3,849042ee-2461-42f7-93bd-7ac7da4b831b|c4173049-a5b7-44ec-8713-8de06877fc7b|1c229225-fcf4-470b-a247-be14d91295cf
singapore-onenorth,de2f204c-7c06-4a74-9419-8e5240d988f3,TURN_STOP,2,149ba4e0-dde8-450d-961a-186e57666409|16385705-3c61-487b-8359-f6a4b31f4399
singapore-onenorth,de8696a8-e488-472d-8b96-9376eab33528,TURN_STOP,2,d265a23d-6fad-4bef-9c02-382856d7ef27|1c840f23-f9a7-4ec7-a9de-0e08880017f0
singapore-onenorth,deb998fe-4396-4f7a-9e22-365afbaceb35,TURN_STOP,2,5ad16f88-bfb0-4ed9-b34f-3514245074b6|b50a5ae8-8602-4fe5-9dfb-dc4c4cfef841
singapore-onenorth,dfe0d3f7-2a2a-40ab-a786-4593a844931a,TRAFFIC_LIGHT,4,107c7aa8-f421-4ba1-85a8-2c1db4584749|24f2cd96-ad64-4c7d-ae95-1348db8fe4ef|c42ee64d-3010-4a61-883b-23daea8ce458|e69d6774-e492-4b45-bc90-9b73f4bd3e2d
singapore-onenorth,e0ac703e-f63c-4cff-bcd9-1f63677c3abb,TURN_STOP,1,a39f817c-e46b-4cf6-90d6-1032d2055267
singapore-onenorth,e1300165-a48e-4d95-9be0-b543ffe19440,PED_CROSSING,1,8f231cdb-7dec-4013-9f83-8a6ae674467e
singapore-onenorth,e48ff3d5-6e31-461d-bc8c-a8976beccfe3,PED_CROSSING,1,1d461032-cf3a-48dc-aad2-181704fd63f9
singapore-onenorth,e51a6ceb-6c48-4eb9-87b2-8342aef9adb9,PED_CROSSING,3,8043afc7-3506-4c16-bc13-917840dcfe30|f3978ff6-91b5-4ece-ac6c-523b728fc975|74b2fec3-c1f7-4b50-9bea-2af5a0f244c4
singapore-onenorth,e54849a4-f592-43b9-b828-bf0a789c4dca,TURN_STOP,2,3647ea8d-7f47-484f-8a4c-cb8978b9d1b7|d891a552-2867-4843-a841-a643548475d6
singapore-onenorth,e6056a7f-d736-4668-9245-806077c460fb,PED_CROSSING,4,81b1876f-31e0-4e11-b0a7-1293ec761ab5|8a2f986a-10fa-4346-b82e-64ab55fa1b69|ee1b08ea-d720-41ff-9681-70caa04fd9fb|99839371-aad5-484d-a7a5-c3d373c6e5ea
singapore-onenorth,e6a4f25f-cfab-43bd-b4b4-2e0ba90bb2b9,PED_CROSSING,2,9f037a92-95cc-47ba-8eb9-be056e78a9a2|a2207822-0442-4689-a586-baf3fe3aac71
singapore-onenorth,e734d2f5-4b3d-4e58-bcd4-0b5780037068,TRAFFIC_LIGHT,4,a3194623-533e-4bc6-8a1e-3b08001de374|cb8d8871-5c44-4362-88fc-884f3dcffb70|2a515cde-b01b-4046-a70a-b7cee017c23f|e004e099-3bd5-4db2-8991-877551539d90
singapore-onenorth,e7837f7d-d283-42e2-aaa2-6c2c7d948899,TURN_STOP,1,3aa1f6c9-448d-4649-ba72-e20e89a37889
singapore-onenorth,e86803cc-2361-48ad-98df-df8303a55822,TURN_STOP,3,b5b8bd84-0a39-4a06-a0fc-b3388e77c637|d98ade05-8b95-4124-807c-6d7f1ab205e3|f3bfc117-bdad-4af2-b598-c89899379e84
singapore-onenorth,e92f6ff1-7f86-499b-a777-3c43d2162c75,PED_CROSSING,5,caa76166-6049-484a-afd0-a0c2b5d24db1|aac5ca80-41aa-459d-878d-175578545cbe|a39f817c-e46b-4cf6-90d6-1032d2055267|95889ebb-cdbd-4afe-a67f-6162f0d3e05e|1bee33ca-4bef-492c-bafc-bee1ba692919
singapore-onenorth,e939f30d-30ff-4825-a51b-315eff863cde,PED_CROSSING,1,c0387e92-1249-48d7-a8a3-3b1cadf1a1e5
singapore-onenorth,e9a1a746-c4da-4540-8cb4-0f76aaf4c8bb,TURN_STOP,3,46393d4a-40a3-4488-88f6-1021f8c3bc88|d4434a21-898b-444e-a42a-bf5d5a79034e|71ea88af-13a9-4841-abb2-d6807bbe6370
singapore-onenorth,e9fd0bae-fdc2-4ca0-8fc6-dc5f40956d50,STOP_SIGN,3,03b2a1c9-1cdd-43cf-8927-3e291e96cadd|fd6d65c1-2251-4114-86a3-14ef068b94e5|fa36a8c7-4b19-49cc-8687-3769becc4c57
singapore-onenorth,ea133092-907d-4845-9e3f-e5b6f315080f,TURN_STOP,1,03c11ccb-f5d1-4920-b534-aa743355e6a6
singapore-onenorth,ea295e1b-ee41-4aec-916c-1b861b48579c,TURN_STOP,2,98053670-65a8-4894-b8f6-5c030b30086c|84395c05-5f6b-4811-b1a6-dddeef91d960
singapore-onenorth,eabe61b9-c00d-46c0-bf91-3098619c4f7f,TURN_STOP,2,74857537-1b32-468d-999a-89ec9bcc34f6|c7a6f934-182f-4b8f-b3af-a07826caeafa
singapore-onenorth,eae5856d-d125-448f-bf7c-560eb73cd68c,STOP_SIGN,4,2361fba2-3d24-4561-926f-64687d9aa53a|de11a0dc-fe5f-45db-b2cd-717a915328f7|adbc0464-2373-4bdb-afdb-a9ab54981f95|27f46d10-5265-430c-8bf4-f6e6ac9cf8e1
singapore-onenorth,ec3525f4-531e-4d0a-b51c-4af9aa92305b,TURN_STOP,4,e442465e-62b8-4170-bf60-0d2c2d1de2ed|4f2719a3-c740-4dd3-9b88-458fcf34cc46|2ecd656c-19a9-4f7c-9584-84c62180e268|0a3f11ca-70af-4ab0-af23-bf61152ab0af
singapore-onenorth,ec55cd34-d41a-4a12-b99a-305276cdaffc,TURN_STOP,3,7bbeb740-8eda-4134-8896-f00f66246375|43150cc7-fdfe-4e2f-811c-43a13cb923c2|07c47d48-d94f-424a-bb7e-aa17de5ae29a
singapore-onenorth,ec7347c4-24c7-4696-bd5c-dc0bcdae0e43,TURN_STOP,2,ffd12964-5650-44a6-91b8-e11ce1d51061|b53a2a15-b206-4851-817d-cca3c527e33b
singapore-onenorth,ec8e188b-71b4-4e7b-a4da-3d2f70e7e0fd,TURN_STOP,3,44337035-c60c-4f45-9db2-a7f6cb5917e8|2ecd656c-19a9-4f7c-9584-84c62180e268|53078c6b-01ea-420d-ad45-43bc8cf55faa
singapore-onenorth,edbe31de-d8a1-4cb1-8d48-ecf91e207d57,TURN_STOP,2,0bb6554c-d75a-4dc7-b953-972158f21865|bb7f5c88-9e2b-4d0a-ab0d-39a3ab9fdf02
singapore-onenorth,ee518f45-2b09-4155-9571-901e44aadaad,TURN_STOP,1,e4d33d53-fb4f-40c9-9183-fd7d8070475e
singapore-onenorth,eef082e9-bd54-4795-bbb9-e7446d05e125,TURN_STOP,1,499785fd-f471-4478-b7a4-eb794bd41760
singapore-onenorth,efbd8cbe-4058-4a89-a05c-31f2573a4a2d,TURN_STOP,3,2460a678-3bf4-46ea-a7a9-2ad057b22baa|995789d7-f9fe-4ce6-923f-26e3e9c962d9|dff0bb1c-6f49-4f3b-8d9d-93565b1d7a27
singapore-onenorth,eff1fdb5-6a96-4c2b-8a63-6ae8bf2e85b1,TURN_STOP,4,a4d6b95f-94ab-47a7-ac79-16dae01c44d5|d2ffcc2d-8e91-47ca-9f0f-960bcb9ab660|da475282-0e97-44d4-b099-2e9d90e78c0f|07e1d306-6153-4629-8843-1e6934f5b5f0
singapore-onenorth,f1ee7fd5-2e48-4077-b3c8-8dc809cdc57d,TURN_STOP,2,74ee76d4-03d6-413a-809f-1daf175c3c46|27b7ec4e-6a00-40b6-8cd6-6d2c1191bff9
singapore-onenorth,f44ca486-31bb-4916-b80c-0c10f262dd86,STOP_SIGN,1,1e5a2b63-1b6e-4364-b003-d36c89b4714a
singapore-onenorth,f45ca8b9-eeef-456a-88fa-037bcbb716b3,PED_CROSSING,2,50e4d5ba-36b3-4085-91dc-839cbe0f56d2|dd70cb79-acf0-4096-b204-66f98ef5d173
singapore-onenorth,f49860a6-9560-488b-954e-d93057e1065b,PED_CROSSING,1,033d831b-c951-4507-a425-e913ef26c883
singapore-onenorth,f52b1dbd-3bf0-41c4-a295-2a0ff6e8ebe4,TRAFFIC_LIGHT,2,019c6ebf-278f-482e-ad63-f53c3bbfb7f7|034011e2-8169-4f13-9c97-dec18df450b8
singapore-onenorth,f5ea153b-7341-4580-b3c2-c3d17d5613a8,TURN_STOP,3,cc097b61-f499-4d60-9500-45110c00f55b|a8c9f4fa-7bd5-4ecc-b4fa-9d3f3e9a1c5a|d3cd7de4-b855-4902-a7d0-38fb048ad01f
singapore-onenorth,f609c350-b696-41a7-b0f4-f8c9896bec9d,TRAFFIC_LIGHT,2,4f3e4f9b-b34f-4bdf-b61a-243f83cc1cf5|9685be61-d4ad-429b-995a-3159f1a5a8c4
singapore-onenorth,f6599c55-0301-4ada-b5da-d3ab80a62c78,TURN_STOP,2,38f33ff3-80e3-42fe-82b1-447baa87eae5|ffbf7f10-9f45-4855-9679-641b027134cd
singapore-onenorth,f6925da9-17a2-498d-b07a-9eca2eb8e9b0,STOP_SIGN,2,c01b36e2-ad55-43ea-9bb6-f81bb1404fa5|28565835-5eaf-4895-8fd1-540f8d8465a0
singapore-onenorth,f7ef8577-8708-4fa3-9c53-83dd0af59b88,TURN_STOP,1,54d5887e-b534-4c8f-902b-5cbd64d6171c
singapore-onenorth,f8091563-ff82-4c4f-bae6-f667e64adac1,TRAFFIC_LIGHT,5,37102b94-7aee-4f4c-ba0c-7b8b2799d06e|6c2bb111-5128-4aac-8b20-130534ff2f31|de29d1f4-e7b6-4a2b-807a-8a732704e004|323f2d0c-2d68-4f63-8b87-56eb13ef2808|d27ea74b-6cb5-4300-baef-3f7622cd4598
singapore-onenorth,f8a8bbea-4224-43cb-8dfc-63404b9ba131,PED_CROSSING,2,4b053749-95a9-4845-9f77-29eb0cdd05dc|1bee33ca-4bef-492c-bafc-bee1ba692919
singapore-onenorth,f9f91a09-2d43-4594-a2fc-069029cd5df3,STOP_SIGN,1,bd0c2031-2155-4015-aebf-d820f3da1f81
singapore-onenorth,fb335b40-08d9-483f-87fe-7b9d63736137,STOP_SIGN,2,44cd0fa8-3ab8-43d9-8002-ebc7da3ce084|fbcfb7a4-cfa9-4002-9dfb-208fbaeec2bf
singapore-onenorth,fc41d291-bf8c-42d2-a138-e12864b0f097,TURN_STOP,3,90a6ba20-5eea-464b-b075-be34b59f0cb0|afc678c8-16d8-4fb8-8590-807be0cfca24|6ccc64bd-5b1d-44ef-b549-802bf5f8141b
singapore-onenorth,fc647fbc-be4e-4771-a9c9-86e1ee9e1c18,PED_CROSSING,2,042d878f-d58f-444e-86d9-578cc82dc45e|f3bfc117-bdad-4af2-b598-c89899379e84
singapore-onenorth,fcf51fa1-0c2a-4465-b6e2-9cc32f7495c5,TRAFFIC_LIGHT,2,15364ba7-634f-4a4b-9f21-f669c5b010a4|7498f53c-84f9-4c80-933a-a96e87358cec
singapore-onenorth,fd0ebcaa-fd7d-4601-99ac-c267a3d924e5,TURN_STOP,4,af28223b-2476-4dac-af97-606399f260f1|1e8e31a4-a3d1-4ed7-960e-9020f36ba614|d7435315-15d5-4169-a8b2-cc46368597d7|07c47d48-d94f-424a-bb7e-aa17de5ae29a
singapore-onenorth,fdb9a911-10fa-4964-a741-f964e46c213c,TURN_STOP,3,64194433-f0f4-4c9b-82ff-71a1d64002da|3eda1e2e-c8e5-498f-b7ff-c62d4e5d92d0|8c076ba1-c097-45b1-b640-f23ec54e68ae
singapore-onenorth,fecf073a-30a2-45d5-8553-c93d64a32d98,TURN_STOP,2,c01b36e2-ad55-43ea-9bb6-f81bb1404fa5|28565835-5eaf-4895-8fd1-540f8d8465a0
singapore-onenorth,ff245d03-4eee-4f61-8cdf-46e5482830ca,TURN_STOP,4,b98db0b1-822e-4b13-b48c-dc856126d129|3f934472-578c-4ed9-9984-013588f9ac00|a12d7a4c-0748-43b2-af78-bf1e1d094a70|a0d89376-efe7-458b-8cf2-ad03ac1a8663
singapore-queenstown,019eff08-a39d-4756-8ded-8a5d90a0ca8c,TURN_STOP,1,013161d3-d4e7-4854-8b94-d180717f1bde
singapore-queenstown,034bd695-e60f-457a-9fea-9041d0155a43,STOP_SIGN,2,4c77c53e-71cc-4c14-8720-fa8b2645c3d0|b9595cbc-326b-42e1-9e5f-d7a1d82367bf
singapore-queenstown,03a7bea9-d648-4cc2-9d28-952bd3deb07b,TRAFFIC_LIGHT,6,50168e88-7562-49ff-86d6-be307abd087d|e57b75a4-e607-48d5-a407-13c364080796|ae8257b1-806d-40c7-8e1a-efe1f4acb118|79dcea79-c735-4092-9690-fec7c51130e1|2e436329-9cb8-42c1-8a32-dca03b744dfc|6904ce07-5e0d-4ac4-8520-0e6b050075a5
singapore-queenstown,03d25e8a-be77-41d3-937a-12598f5d7308,STOP_SIGN,3,f60446fb-6ad5-4154-b103-0815546c9195|20ee55c3-d9ea-4ace-b7f5-abc1ba32221e|7f5c50e6-e2a9-4491-a2ca-0a2e686c3377
singapore-queenstown,05198567-6250-439c-9c28-950d91f59f66,STOP_SIGN,2,4e23b72d-d19f-48b2-b33a-b69cb6d82271|30a639b0-3012-4362-a43f-c0931d71cf7f
singapore-queenstown,052069c7-1d8a-4b77-b461-9a1fbe77ba85,PED_CROSSING,1,237555af-171c-483c-aa67-97b3a2006d57
singapore-queenstown,0667ed85-e259-48aa-a3e2-5fcb5246902f,TURN_STOP,2,1fda9495-1185-433f-b3bf-0529c2f7c29d|972c23ef-1600-4002-b65c-83ac9cdad0f8
singapore-queenstown,097e8d06-03b6-4934-9463-6c80c8d72de2,STOP_SIGN,3,81186c8b-1c3d-4bc0-96ab-d33f84529379|f2bce5f5-e274-46a0-a02b-a69541fff3e0|5f9a5fb5-9f8d-4482-b937-4a05e18caae9
singapore-queenstown,0a382e0c-ed52-4993-8409-a325b73d1f96,TURN_STOP,2,45358a8d-3aa8-4912-a695-0309e3c5f92a|ce76cd39-5d15-4819-8d8c-6cec397ff495
singapore-queenstown,0a855e2b-fa32-4822-a32d-6f15661e9a32,STOP_SIGN,4,80203d5b-dc7d-47bb-a773-07b796d7ac60|3d1eb68b-dbee-4cc9-98e3-7991ffb439fa|c9341bc8-22d1-42b1-a3f1-31702326cd13|0df5f653-2900-4923-a21d-fe9e5b8554dd
singapore-queenstown,0afe0f06-eb7e-4075-afda-2af20e760809,TRAFFIC_LIGHT,8,14848a32-fb6b-4465-b56d-507838f77709|e7709896-d073-4669-af87-05745d1f86ed|909768e1-8e56-4897-b58a-59ac99ad5e62|7b8faece-ff72-4c15-92bd-707d8cba3ef8|565c70c4-c2cb-488e-af25-944b1e15f28f|8ea5f54a-c87d-457f-928e-cdd2d88a3f2a|209b1ad9-c420-4153-af72-fd852c450bdf|a2083659-d1d1-40d7-812e-b9019f951b69
singapore-queenstown,0b2b5db7-cfc7-4e42-b82a-237048233d59,STOP_SIGN,2,2d60e1cd-83d9-4df3-9897-47bf81f4699f|794e67ee-e061-46ca-96d5-9533c40c971b
singapore-queenstown,0b4a8db2-5b31-444e-813f-7351e3fcecbc,TRAFFIC_LIGHT,2,6377c573-38b3-40dc-a957-665797abba62|c0982d15-695a-4508-82dc-ff42d23c4b21
singapore-queenstown,0bc68e63-3833-41bf-8345-ab3ac2bce810,TURN_STOP,2,b80c4137-d73d-47a8-ae9f-5d64b7788edf|88f4df67-5095-4f2a-b255-d1ff27e4ac9b
singapore-queenstown,0c39c3ce-4779-4ce1-ba1a-bc1db381b8b6,TURN_STOP,2,7758658f-8e08-4e1e-a021-b16cf2a1c710|755dab4e-7096-46b2-aca5-cf894bf324a1
singapore-queenstown,0c9a403a-97cb-407d-a833-6cf2d0edc70c,STOP_SIGN,3,3cd1d043-b501-46da-a969-ee39c57ba262|7758658f-8e08-4e1e-a021-b16cf2a1c710|755dab4e-7096-46b2-aca5-cf894bf324a1
singapore-queenstown,0cd53dfd-565f-4383-ba82-fd965685f461,TURN_STOP,5,1efbaf76-10d2-471c-bbfc-7fc341821b32|2d457060-3dbe-4748-8c1c-8e9a80d7e462|1e40f055-a3f5-43b7-b696-621147681d40|3cb93bc4-6e84-4171-9fe4-21d3626ec303|16d94829-9f9a-44a3-bba7-2c2e920fc79e
singapore-queenstown,0cf6fed5-d1a2-4223-9ba8-ce98df3c3fec,STOP_SIGN,3,d972044f-0371-4972-81aa-a3eb0d1260b0|0cfec890-614c-432a-9596-44f6bd4ba8a2|90a0d563-9b4d-48d1-b097-382e89b7cb46
singapore-queenstown,0cf8d551-252e-469e-a661-238b3d908f96,STOP_SIGN,2,ddad67d5-aac7-4421-9077-68bfb5c177e6|55a13368-e23f-44c8-ae25-aca9cdc1e079
singapore-queenstown,0f1ed0bd-99a2-406e-aa65-23486c529b7f,PED_CROSSING,1,8f5357d1-fa0b-452d-8320-f1154960511f
singapore-queenstown,10d80d09-508e-4720-bb67-27dc5ea6c671,TRAFFIC_LIGHT,1,e8f430e2-d6f7-42e4-b03c-793e6b432382
singapore-queenstown,11abf30d-ce60-42a9-a5a4-a714b67ceda7,STOP_SIGN,1,5de18f4b-41bb-4c8f-92dd-aed54e3d4d2c
singapore-queenstown,11e999ae-808f-4fc7-b6b9-3b1895c470ee,STOP_SIGN,2,7b9962cb-fc62-4aab-8848-db989bcd9a8f|8929b9e3-6afd-4c53-b0c8-7cf7fd48c425
singapore-queenstown,12d3d196-77c7-427d-bdbc-0643b9988029,STOP_SIGN,1,7b9962cb-fc62-4aab-8848-db989bcd9a8f
singapore-queenstown,139ad848-fe7f-426b-a74c-b384a2181408,TURN_STOP,2,d2959199-ad7f-4bf6-8a36-762e426f3947|15561115-b7a9-4a9d-95b4-3a6054906281
singapore-queenstown,147dd8ef-b56e-4a9e-a379-445a0ac90e64,STOP_SIGN,3,dcbfa00f-d3a3-49ba-bf29-d73180258ef1|134ce44d-f612-433f-99a5-7a4baaad9a2f|b46dc78d-b1f4-4419-be93-80a07f150540
singapore-queenstown,15a738be-a01f-4109-8cdf-5d1238e79cf9,STOP_SIGN,2,f8ab4b9c-c880-4d04-bd23-51faa18041d8|436379d4-8071-4597-8521-89637a0731db
singapore-queenstown,16a1a360-e6c3-415d-bae5-40ec132a02a6,TURN_STOP,2,d3c7cd4c-c0b7-4b3d-8f8c-1372b7bb533b|432b2c40-75ca-4786-9a2c-f4da0a61141c
singapore-queenstown,194e6763-39af-46a7-ae45-c66f28dec71a,STOP_SIGN,4,937fea9f-0fbe-484f-a9b1-66455953ac94|43eb5925-0065-467d-aaa8-26fd0a4996a8|7ba88a37-5e3b-46bf-9400-bd11b2dea807|d1572e54-3279-4551-975e-4aa703704558
singapore-queenstown,19ebf3a6-684f-4137-9bb3-d99e4dffc721,TURN_STOP,3,4c77c53e-71cc-4c14-8720-fa8b2645c3d0|cabaca69-e1c6-416f-b576-10a1b92affc6|b9595cbc-326b-42e1-9e5f-d7a1d82367bf
singapore-queenstown,1a283612-0e6b-4bac-a0d3-9dcac01edd55,TRAFFIC_LIGHT,4,263c5989-297f-4cf7-92a2-17e05930fb33|d8a6bb78-b75b-46f2-97a1-a02ef3748188|d684e623-a24b-45dc-8a85-756089b88706|e07744f6-4b7a-469d-8288-50efec93b576
singapore-queenstown,1b22e848-71ec-4a45-96f5-b4642b78020d,TRAFFIC_LIGHT,5,29cccbe7-d13c-4d88-9448-69f1146b2147|01e1977b-4518-43c2-8b6e-8f78b0790925|048c4f7a-9bc5-4e85-bb91-f4af9ec231be|fd2c2fc0-33cc-4e63-9bcc-dd8ac730901b|e88d4297-8c30-4e4a-ad9c-00b2d0f5806d
singapore-queenstown,1d0c7a4e-a59b-4754-8497-ae008e440e39,TURN_STOP,3,988aad28-3a8f-4bef-b2d2-1c5c53c591f1|cabaca69-e1c6-416f-b576-10a1b92affc6|452cf74d-6fcf-43aa-9ad1-d9a61eb58414
singapore-queenstown,1e124c44-8f0e-4973-bce5-64b69eb46d0b,TURN_STOP,2,640536b4-8e21-4926-98df-8b7602696beb|8bdd91ca-0d48-4e45-ae3b-f07a2a9f65c3
singapore-queenstown,1eafe90b-35bc-4b33-8cb9-e6ebe7e43824,STOP_SIGN,1,82b3097a-1b7b-44e3-a45d-ec645541992c
singapore-queenstown,21583b59-0144-4677-8892-a04f56b520af,TRAFFIC_LIGHT,5,9c3adf38-ba95-4e42-9441-7b8069fb91d1|5d7a0abe-c676-4c6a-b1b0-73f4c8656d7f|bef628bb-83d0-4f24-a41e-83a973d36032|480403dc-bb46-426c-977d-a44eeb39d3a9|0f848a32-c14a-4e38-9995-b021eae6ee46
singapore-queenstown,221a1d4e-20a9-4d57-89b1-9dc254d3acf4,STOP_SIGN,3,a1996e1d-36e1-4651-a562-d34cf5e75105|bd6441e1-5f29-43f7-8160-56a0da2da906|5da63c67-544c-4650-b615-7ed0776134c6
singapore-queenstown,22c15e03-888f-422d-859d-839865bfb88d,TURN_STOP,2,410ed7c9-5a24-43bf-895a-04412a370e0e|bc5d71dd-3d2f-483a-a5cf-d11f29532f37
singapore-queenstown,22f03ea9-6680-4755-8550-466aadaeec36,PED_CROSSING,1,d4ce2747-7246-460c-886b-16b1278f9f70
singapore-queenstown,232bfedd-f08b-445e-9862-16d6593fe40a,TURN_STOP,3,02ac87f3-5aa8-45bb-b147-71de1951564d|bb9cd475-e409-4c0c-95c4-b1918f14990a|523c4b36-8c26-49ab-afda-500abe825d0e
singapore-queenstown,236d050e-0c8d-4515-9080-6231edf40802,TURN_STOP,2,9b87c647-24c2-437d-ae34-66bedb11cfe5|6b0f0f8c-e6e8-488d-816a-2e457d200d9e
singapore-queenstown,237b24f5-a44b-460a-9240-4fd5bab585fc,PED_CROSSING,1,80b3ef5c-3a61-4c04-a70a-34fa589cee8c
singapore-queenstown,241f1087-279e-47b9-89ae-45ba70038bb6,TRAFFIC_LIGHT,5,723c16ed-a4eb-4689-ac8c-c8509643d24c|5cd681c8-a30e-478b-a558-d36e3d703d59|00c1f1d9-5ab6-47dc-b73d-2af4497b957d|9f2c61ee-6127-4640-9df8-f927146891ae|6c4312a4-c11d-4f91-9538-09390f84340a
singapore-queenstown,24e3939a-c94f-418d-81b3-a98027a466a4,TURN_STOP,3,879e19f8-c48f-468c-8f71-93ec325b1d27|ed125afd-1be0-4227-b14f-59db73650a73|876fe1eb-dfd2-4d2f-8be0-25f6b5f0f548
singapore-queenstown,24fff835-c290-4363-af82-099515305146,STOP_SIGN,4,6ff74632-cd1d-4152-9552-3bfcac9408a1|f73a507f-5fc1-4a69-b141-170838d0c57d|9c8dded1-7e0a-4118-916c-c4b7ce854e31|aa8ea752-50a6-4d0a-b24c-26cefb982d16
singapore-queenstown,25d4007c-68cd-4c3e-b7ff-1d0941766b1d,TURN_STOP,4,8d72c374-b660-4d3b-a819-8f66534c66d8|6ed62706-e5a5-47ed-98b6-ae01da389369|388a6a27-77e0-4035-aa82-4837f973cce5|e1fa9b0c-880d-414c-b42d-d3ea023140df
singapore-queenstown,265c4872-3eec-4ae4-84db-86456acc765b,TURN_STOP,2,54819fd3-6371-4c93-b194-2d54e9fae859|c4b5fce4-b986-496d-8782-88bab092a58f
singapore-queenstown,26a7dc92-718b-4990-974a-1a8073e2b42f,TURN_STOP,2,e0cd6fe6-8204-46ac-bd8d-2449c6bd2dfa|6432ec4e-12c3-461a-b3d6-ce764f12dd6e
singapore-queenstown,26b404f4-7844-49db-bae5-8de08ed1eac3,PED_CROSSING,2,0fd7dec0-7af0-4fe9-972f-5a106ef2e82a|424dd9b1-0a61-4741-98ef-820fda0be1e1
singapore-queenstown,27c63c94-b162-4704-ac49-0b1bbbbae495,STOP_SIGN,5,af886ca8-1b13-4e12-a0e9-b0861792cd7b|359106c9-3331-4070-ab31-ed9d40fba7dd|b5286882-7510-48be-adc8-e1e0584ca905|159eafad-3773-4626-aa49-fdcffa81962d|d39db195-039d-444b-9c48-f19520d89dab
singapore-queenstown,27d242e7-2eae-43ca-92bd-0d6c6518cfc0,TURN_STOP,3,8f910eee-3d58-48f9-87cf-a33125dd7409|56945876-ec36-4e6d-8ff2-93a5d80cdde5|12c99083-f6b3-4979-b512-821a854e04e2
singapore-queenstown,29433ced-bbd1-4f60-96de-6ca15454e03a,PED_CROSSING,1,37cb49e8-9672-475f-87b3-c5de81599820
singapore-queenstown,2b0fbc06-a158-42fb-92a8-52b2f16b1680,PED_CROSSING,1,1712b608-283a-422d-8ae9-7ee353d65a7e
singapore-queenstown,2b182bab-8f34-4600-aa64-1adca4182dff,STOP_SIGN,2,52ff4c1d-99dd-4498-ad77-b61a37d5b543|f446b197-c372-43e7-a770-37f6b9b1eb29
singapore-queenstown,2b8097fd-810c-4087-8fd8-9d91eb41ae4f,STOP_SIGN,4,44a8a509-0f94-4d23-bb0d-257e0828c097|6e613f3d-2a49-4b7c-9712-f9613e453c0d|44ea0d80-895b-4c48-bc3e-067caa3a8b74|30bad0d4-72b8-42ed-bead-7523ac45a0fa
singapore-queenstown,2d8cce84-2013-4d5e-84af-93adc58adae3,PED_CROSSING,4,443bbe77-def4-48de-951c-31d464bd6aa9|91ba72bb-cfbe-402d-ab62-bc6b07d8a6e4|ece66472-662b-4614-acf3-8d9ef504f872|8b2f7df9-26a8-4f69-b79c-d8d4a9ddc8eb
singapore-queenstown,2e0e43e1-b8d0-436c-b4a5-85698f1c1487,PED_CROSSING,1,34b22338-4a03-4182-b668-8ad1a59ae938
singapore-queenstown,2e23459c-ddf4-4933-9855-d50a77b777e1,TURN_STOP,2,5e940376-1ceb-4a9f-a9e8-f172958c3ab3|04ea441d-32ca-4449-ab1c-617cbb851925
singapore-queenstown,2eb3d54c-eb05-4564-b44e-8e10bb152e82,TRAFFIC_LIGHT,4,d87a5a4a-5003-4997-af4f-bf02b936d0fc|3b6abf3d-990a-41f2-b94b-b7f6892883d7|e81fe12e-3f17-478e-bd9b-d799d1718d4c|adbd4dcc-d2f4-45d4-9181-f795f1e5e3a3
singapore-queenstown,2f12c48b-d05b-4a89-8cd9-43798d9d2ab4,STOP_SIGN,1,f60446fb-6ad5-4154-b103-0815546c9195
singapore-queenstown,30200aa0-d7c2-431f-a3df-b9cf802c0b91,TURN_STOP,3,9c151c68-0e67-4190-80dd-0f7d57305938|c5b34f04-0168-41ee-9843-10ab950f9528|78a0bfbc-178a-43f1-b515-93b4b6015970
singapore-queenstown,3046bc76-db83-48c1-bb25-d687c011a2fc,STOP_SIGN,3,8ddaac75-6ed8-4f2e-9db4-a0906a585721|6a261e6b-5867-4b15-98ed-86ccabe88235|0c74461f-63c9-4143-93d9-856e662af135
singapore-queenstown,30d2b197-3b88-4fbe-842c-0dd137a55ae1,TURN_STOP,1,01ad7b35-c40f-4d18-8b58-fb4b3678d7a0
singapore-queenstown,31773cef-9037-4173-8228-8213b2744e30,TURN_STOP,2,4c77c53e-71cc-4c14-8720-fa8b2645c3d0|b9595cbc-326b-42e1-9e5f-d7a1d82367bf
singapore-queenstown,31e7d9f4-a3f4-40e7-9973-669f3ed7c2c6,STOP_SIGN,3,8367da66-6de5-4e06-ab63-e0fc74ed280d|a3e4e6ca-f958-4fc1-94d8-da78cebcde0b|40a2e801-2831-497c-ba14-d48bb6280ebb
singapore-queenstown,32df0b25-3b9d-4310-aa07-451d9ca8fd7c,TURN_STOP,2,20ee55c3-d9ea-4ace-b7f5-abc1ba32221e|7f5c50e6-e2a9-4491-a2ca-0a2e686c3377
singapore-queenstown,3493707b-b9dc-4d7e-87a7-fc9ab18c6e16,TURN_STOP,2,45962eb2-f7b0-4368-964a-a71adece42b5|c61dd871-899f-4245-a844-ffca33c4df98
singapore-queenstown,386d725f-6dd1-4ecf-9ecf-e25942034857,TURN_STOP,1,0fd7dec0-7af0-4fe9-972f-5a106ef2e82a
singapore-queenstown,38a3eeed-6d5a-4aa9-92a2-ee8174ffccc2,TURN_STOP,3,0594dc86-e0d2-4256-b900-e8c071241821|80b3ef5c-3a61-4c04-a70a-34fa589cee8c|50e29c2d-e987-47fb-90c4-7f9a130a15d4
singapore-queenstown,39507714-9213-4e02-9d18-45ee0498d576,STOP_SIGN,1,1589e444-082a-487b-a605-bebbda1df977
singapore-queenstown,39bc2a65-3fc0-4b9d-9159-9eaed1174ac8,PED_CROSSING,2,879b3873-6bda-4b99-90bf-ac6a007b52ea|9535a472-095d-4625-86ab-6313da627a39
singapore-queenstown,3a1da611-464c-40ae-840d-bdffa5c9bea7,PED_CROSSING,1,bf5d1315-581c-4975-89a6-ef8397fbf9ec
singapore-queenstown,3a870451-d366-423b-a1d4-6b0bb1d0b28f,STOP_SIGN,4,066dc8eb-1c69-4ba5-b975-dccdd98b3b12|6ed62706-e5a5-47ed-98b6-ae01da389369|75b89fcf-43ba-45ef-937e-2b47be062799|e1fa9b0c-880d-414c-b42d-d3ea023140df
singapore-queenstown,3cb5f741-432f-44f4-b1eb-be775bc92fa1,TURN_STOP,2,552a3125-9ee9-4d9f-8c0d-8141bf81fcae|b1384ff1-6159-4ec4-aeb7-0142cabaf0d2
singapore-queenstown,3d0445bb-1fca-4d46-b15f-0444f6964da4,TURN_STOP,2,fc7d1dd2-7077-46ee-abc5-ea7b5ebc22e4|0679dad1-21d4-422c-958e-f96cf734eba8
singapore-queenstown,3de9a3f1-7176-42c4-85a6-eec993a831a6,STOP_SIGN,2,377a7c0c-e7b6-45c5-ba1d-47cc613b36e3|dbc28784-2930-4f24-87b1-8a3ebcf5e60d
singapore-queenstown,3fbd16d5-836a-456f-9c4c-ed59da922a5b,TURN_STOP,1,1be5c91b-7ad3-4fba-95e1-20031772254b
singapore-queenstown,40589f57-4fcf-419d-b4c4-fce91c4a18f8,TURN_STOP,4,a31dbbde-3f97-4d90-931c-c306715e23bd|be4b966f-37ba-4b41-8555-12cbd029da8c|bb51e106-7479-4db3-98ad-acca1f87c32a|086f090d-0a33-4b74-813a-9ad87e766868
singapore-queenstown,41167536-8cc1-4b18-a19f-84bd4a5c14b7,TURN_STOP,2,664dc158-56e4-43ba-befd-41427cbb6e74|f4b7cbf3-285a-431c-9d42-707d713a275c
singapore-queenstown,420cde32-087b-445e-9e62-dd7dfd206b44,STOP_SIGN,2,b8440a1b-62d0-463d-b2e9-efebbdf01732|b7e88242-aa8d-4524-ad19-674eed0bc4ec
singapore-queenstown,45f979f9-0280-48cc-b49f-436dede494cf,STOP_SIGN,2,b6850371-af03-4980-b45f-f335cf41ff89|9755001b-dcb8-4c7e-88d3-f7792752e2f1
singapore-queenstown,47605da7-7371-4dcf-b7da-61dcb83179b0,TURN_STOP,2,c680f7cd-7081-4d1e-8067-b1c2db8c0d73|db0f174f-56d1-4db4-bb1c-d24bb8b779a3
singapore-queenstown,49c77d2a-b4d7-4cc7-8cd6-fd0007ac19b0,TURN_STOP,2,df46e2f6-9a53-48ee-ac3c-34ab7c807582|e58b015f-d0eb-4ad1-8f8d-48da89bfec3c
singapore-queenstown,49fdf49c-b7e0-4f27-9215-71d021eba434,TRAFFIC_LIGHT,5,9f52e417-1406-4dcc-b36f-64a4d14bda3c|c80d29fc-4b26-4337-ba2c-95b821f9e2aa|2b0c5724-ce56-4fc5-94af-314cfa1ef9b4|d7cca682-24cc-44f6-97ad-c25664123c18|a03a1ad1-84a0-40ef-8f9b-f3e758777d9c
singapore-queenstown,4cd53b49-3442-49cb-8634-aa2966aa50e3,STOP_SIGN,2,bfa17ab2-494e-48d8-8feb-2219393aaa79|2b700bf8-545b-4f0f-ba9e-0492d0cd0aef
singapore-queenstown,4ce01149-be36-465d-a4f2-9dd3375fd140,STOP_SIGN,4,d5a8d8e8-2882-41a1-9761-36b47eeaac24|58849185-eb91-4038-a1bf-4fcdca92496b|922b908b-ce98-4a91-927d-ccfe7b3c7726|149a925d-c989-45ac-a806-eb0bcbbe909f
singapore-queenstown,4d2442d0-7cae-42c3-90b8-790308ee7c0c,TURN_STOP,2,7b9962cb-fc62-4aab-8848-db989bcd9a8f|8929b9e3-6afd-4c53-b0c8-7cf7fd48c425
singapore-queenstown,4f1213c7-abf2-456a-ba58-e14cc6ffebe0,TURN_STOP,2,20ee55c3-d9ea-4ace-b7f5-abc1ba32221e|7f5c50e6-e2a9-4491-a2ca-0a2e686c3377
singapore-queenstown,50a48f48-0f06-418b-84c4-8a15c4c87c22,TURN_STOP,2,39a0fe68-5b7f-4cb1-8aa9-e67e376041b0|17423f03-a4c0-46c0-afb9-c42bc1cb07af
singapore-queenstown,50c18bb5-6b2d-4a46-ab23-7e8342c9c73c,STOP_SIGN,1,0b2fb5fd-23bb-428f-9a51-d55eba71194b
singapore-queenstown,50dc63e0-f46a-41e6-b8e2-37f7fd571880,PED_CROSSING,2,9762d2eb-7920-4f5d-80d9-ee3e21906100|3455e12d-5cf6-482c-9ac9-e97f7b8d139e
singapore-queenstown,52e9c82c-78ca-4031-aec3-b0b33adad63c,TURN_STOP,2,c25de824-b450-42d2-98ef-5ca55e11b744|ad3240eb-2ff6-4147-b9bb-bf92e9910ed7
singapore-queenstown,53711c52-9aba-4ae0-853a-5f7cac60ae79,STOP_SIGN,2,3e947d1a-e78c-4f45-a12a-b379350fd205|74d61c0c-8f2b-472e-a130-cbcf469ffb7d
singapore-queenstown,54da5b58-9145-4aa8-aa1b-844f61fa564d,TURN_STOP,3,4a73d887-6cd1-4dd2-b1c3-8a7028632385|da5db63a-57ca-4d04-a7b6-190cf0bf8713|995c7f60-7e2b-4b3c-92ca-fb14f5c88466
singapore-queenstown,553c6fe8-2356-4ca5-9a74-d6ef748e71d7,STOP_SIGN,3,c2b7bd0b-9dce-4edc-b86a-b9d05c750eac|5268232d-c356-470e-9649-3ca36746c89c|b6b6de06-02bd-476f-9d97-3b5cdc26e5d9
singapore-queenstown,56cc3699-3c33-4616-a012-6425a6beed65,TURN_STOP,2,07a93729-7860-450c-bb99-2310b26b7060|0df5f653-2900-4923-a21d-fe9e5b8554dd
singapore-queenstown,5766f7ec-f0b8-40c6-8441-948b0fc1a85e,STOP_SIGN,4,beb2cd3c-ec43-4865-981b-bc1a678ae6f2|c476b995-d846-4c6e-b027-22fb0e4f70de|8a765161-5d13-4a91-aa83-07d053951e8b|2dcb62de-ee7d-42af-8064-de3c8ae9c747
singapore-queenstown,577af9a1-78be-40ed-8ed2-68fc6bb13799,TURN_STOP,1,a257c15c-c2cb-4580-b540-96c58cf6d9a9
singapore-queenstown,5a67c499-f943-4591-aeda-e61602c06099,STOP_SIGN,2,37b7ab2e-1ede-480d-a562-37a28076e195|fac283c6-a198-4fc8-a33f-e8d54450a802
singapore-queenstown,5a993fa8-52df-4115-9988-c0116974d560,TURN_STOP,2,c680f7cd-7081-4d1e-8067-b1c2db8c0d73|db0f174f-56d1-4db4-bb1c-d24bb8b779a3
singapore-queenstown,5b76d4ae-95f2-430a-a7ad-924e902f0358,STOP_SIGN,1,0b8060d9-63b2-42d0-8b61-5c86cc0b04db
singapore-queenstown,5b9fa227-8509-43a4-aea8-4bc09b04773b,TRAFFIC_LIGHT,3,8813b59b-48e5-4a99-a005-7979ecdbf278|536496bc-c9e9-47e9-a553-d0afa0645a25|866b986c-ad93-478e-919b-9d36a7a08bde
singapore-queenstown,5c30ebe4-4fa8-4185-ac08-9d703cdebd03,TRAFFIC_LIGHT,5,312b884b-c762-4563-810f-94ecc433a508|89b91049-ad6b-4f87-9900-e614c70121d4|c8efad55-a3a8-48e4-bcfd-d3369e6238e2|d14831f6-e093-45af-8199-66dde5cc9090|d960879b-b03d-460b-b373-19e95d8aa4b4
singapore-queenstown,5dcb5f72-607a-456c-b393-2afb46147763,STOP_SIGN,1,97014bd8-f69d-4122-895b-f76f82dfb270
singapore-queenstown,5dde7f69-482f-45ce-869c-689bd196784a,STOP_SIGN,3,9a8685bf-65c8-463c-89d8-d1b23c6ab8cc|e3a5d33f-0b28-467a-be5e-a30f1bb0d1ed|bca35f1f-dc5c-4fa4-bb06-2d19c3c2f46d
singapore-queenstown,5efb1407-16be-4cc6-87c8-ad504c1d7f06,TURN_STOP,1,f42beacf-3ebc-4c43-9545-35391d948cbb
singapore-queenstown,5fb40de2-b6ae-452e-8302-8570135e92d2,PED_CROSSING,2,dc683da0-f378-4347-af58-8d2f78d83703|31062a83-a32f-44c3-8d87-f091cec82753
singapore-queenstown,600f0733-0aa4-4375-8d09-901cd7753ec4,STOP_SIGN,5,6949425c-ecd3-451a-a81d-afc0dccefc7d|2815d5ad-eaec-44bd-b2bc-31b80e71b6bd|993c3b4f-f99e-43a2-93d2-d9308cc68467|b4535266-d99c-4f09-94b0-c653e24ca8dc|e6b9cbab-5a85-4ad0-a888-f68ca1711b92
singapore-queenstown,6061960c-fa57-4ab3-8878-1f27c7875f93,PED_CROSSING,2,9a0e3890-f879-47d9-8cb0-2e6ebcf36061|bf06dc12-9e3c-4763-9f50-806a7c61a8e7
singapore-queenstown,609257f3-2c51-4d40-8ce9-03a016f74772,STOP_SIGN,3,dfdfb0ee-5eb9-4721-b385-5b98e82e0fd7|91909c15-83f4-4525-bcf3-656d2e10c772|eeb7553f-0db0-4ac5-921c-632273cb5622
singapore-queenstown,60f578c3-55d0-4b43-8d0c-095291dc3078,TURN_STOP,4,db859fed-cdbc-4260-a2e1-0369ac1ee6db|d98a9497-ed64-4222-a8a3-94b23e1c1697|eb1296e5-6446-4894-ab03-66ba7e02ad9b|c9be712d-8ec5-47cc-80b7-e37cfca7a2c5
singapore-queenstown,613770cd-4e52-40e4-9f67-c07b55a004e1,STOP_SIGN,3,b8642fcb-a80c-47e1-9ba1-944f43659e10|83e397fb-c467-46ea-aff3-8b1f482f05eb|be1e545b-cd03-4f6e-82a8-f1270002fd10
singapore-queenstown,61fb6b49-d9b2-46d1-81e5-3193ad8dd65e,TURN_STOP,2,aea19e65-118f-40a2-81f7-363bb035bc43|48316371-42ca-4245-ba92-03fedc476b3a
singapore-queenstown,624fe554-04df-4118-bae0-1a5156bad78d,STOP_SIGN,1,d30e95f7-72fb-4758-b743-e8c6f8e8d610
singapore-queenstown,6295cc71-5ecc-495d-a7fa-73c953cccf68,TURN_STOP,3,1858a3d5-c7cc-40d6-8d77-f55e552908c3|5edf1793-646c-4b3d-8d25-215e1d9a4494|1e40f055-a3f5-43b7-b696-621147681d40
singapore-queenstown,62fa5f51-6847-46dc-a57e-ce2974aa54b4,STOP_SIGN,3,07bd7027-3626-49ca-8469-f42d79f9211b|ec329bab-c73e-4153-9c24-a09aab6a272d|bd1e0174-2932-461b-824a-f2668a0861ac
singapore-queenstown,639d2b15-6634-492d-a06e-99f0c9ddc3b0,STOP_SIGN,1,410bb99c-21bd-4fa3-8168-549cf10aaf99
singapore-queenstown,645c96ce-e600-4f96-ad42-eda6acc58be7,TURN_STOP,3,43eb5925-0065-467d-aaa8-26fd0a4996a8|7ba88a37-5e3b-46bf-9400-bd11b2dea807|d1572e54-3279-4551-975e-4aa703704558
singapore-queenstown,645d39fa-ced2-46b6-ab29-b2b50f927341,STOP_SIGN,2,d20d814c-f1ee-4b78-8089-bc006a2faf8e|c5f61b4f-88c8-484a-a91b-213204a9e261
singapore-queenstown,647d9632-15fc-43bf-998e-e0beafbc65ac,PED_CROSSING,1,10044fd5-d17a-46e1-8510-516bc5b33fb6
singapore-queenstown,64a182ea-61a7-432e-9764-5c76e6dfb3af,PED_CROSSING,1,e0cb6ac0-126f-4643-98bd-ea6dd41efffc
singapore-queenstown,64f77ab3-20f1-428d-ae25-2b15dde401a4,TURN_STOP,3,879e19f8-c48f-468c-8f71-93ec325b1d27|ed125afd-1be0-4227-b14f-59db73650a73|876fe1eb-dfd2-4d2f-8be0-25f6b5f0f548
singapore-queenstown,6544fe32-a6fd-451d-a2b8-1d8338b35ebb,TURN_STOP,3,e6314b2d-70f2-4200-8be9-a0ab4e0517bf|aea19e65-118f-40a2-81f7-363bb035bc43|48316371-42ca-4245-ba92-03fedc476b3a
singapore-queenstown,666e8601-6c5d-44e5-9706-39c9ba160db4,TURN_STOP,4,bf160aff-88e6-4390-ac05-517aecdae6f1|5edf1793-646c-4b3d-8d25-215e1d9a4494|16d94829-9f9a-44a3-bba7-2c2e920fc79e|6470b99a-a9ff-4158-a31c-df1331a23fb9
singapore-queenstown,6727da0c-9938-4d26-a6f3-a357979cbcd3,PED_CROSSING,2,eaa4bc59-1031-4a79-ab4d-c6aceba673a5|be659517-9f6c-44cc-8f43-43700637ef87
singapore-queenstown,677080b2-90e5-4ebc-9457-729f26c81cdd,TURN_STOP,3,c476b995-d846-4c6e-b027-22fb0e4f70de|8a765161-5d13-4a91-aa83-07d053951e8b|2dcb62de-ee7d-42af-8064-de3c8ae9c747
singapore-queenstown,67e5d582-e57e-4dbd-a9ae-c9374e2d0cb5,TURN_STOP,3,dfdfb0ee-5eb9-4721-b385-5b98e82e0fd7|91909c15-83f4-4525-bcf3-656d2e10c772|eeb7553f-0db0-4ac5-921c-632273cb5622
singapore-queenstown,68068568-ce74-44e1-9aa0-f4a356bb89b2,TURN_STOP,3,bf160aff-88e6-4390-ac05-517aecdae6f1|d4c6ad31-5ea0-4491-8e83-c7f17579e721|16d94829-9f9a-44a3-bba7-2c2e920fc79e
singapore-queenstown,68780a5b-20eb-4e6a-b4e5-8d730891a96e,PED_CROSSING,1,f5667c60-4f7a-49c7-97b6-295e7f6bcfe8
singapore-queenstown,6b962e76-adae-4678-a30a-b116758dbd80,TRAFFIC_LIGHT,6,ec61851e-0d30-4cfe-a32b-b78a6e5bee6f|11feec9f-1c23-4558-818f-ee4122e69bdd|3b65082f-63f4-4925-9dd7-f62e173af31f|742627f7-71e0-4f9b-a805-fdba6814e33a|1904636c-e5bd-4966-993d-61efabf63399|f3813cfb-fe97-4461-9d12-ab1056c0dfdb
singapore-queenstown,6ba41ef2-e684-4882-8c88-2adc5a578d19,STOP_SIGN,3,879e19f8-c48f-468c-8f71-93ec325b1d27|ed125afd-1be0-4227-b14f-59db73650a73|876fe1eb-dfd2-4d2f-8be0-25f6b5f0f548
singapore-queenstown,6bc23e4a-a754-4842-8d70-988862c1608a,STOP_SIGN,1,24dba97a-7ae2-43f2-a0af-48efea11090d
singapore-queenstown,6bf82bab-86b0-4cd6-883f-692b3f5fe8db,STOP_SIGN,4,c0aa9aa8-66d0-47d0-aa90-1c8813db0cc3|d6d6d05f-4f11-4431-806f-0c520fe2db9e|d706f118-f523-4f12-a040-8cc6b6cfe67e|82caf46c-74bd-4e82-8f9d-bc37fff57c7b
singapore-queenstown,6e91cde3-af7a-48d3-a94c-08b2297a833c,TURN_STOP,4,6b95bba9-5047-448f-98fe-fe3ad9e78cb4|6b5c512e-7305-4d37-a0f3-37392c602d33|f38c6f2b-52c7-4389-bb85-1a73fb393884|62cf13d3-8ad8-42a4-9e37-a029497331bc
singapore-queenstown,6f3fcf2e-d81e-4c3a-bc3c-4bc59d64a675,TURN_STOP,3,81186c8b-1c3d-4bc0-96ab-d33f84529379|f2bce5f5-e274-46a0-a02b-a69541fff3e0|5f9a5fb5-9f8d-4482-b937-4a05e18caae9
singapore-queenstown,6f8874ee-b1e7-4e15-8c18-97a4671e732e,STOP_SIGN,3,022f2e90-67bf-4adf-9ff3-a974d05204e6|c5f61b4f-88c8-484a-a91b-213204a9e261|ad3240eb-2ff6-4147-b9bb-bf92e9910ed7
singapore-queenstown,70606fbe-5ced-4125-9819-d11ca7e03fd3,TURN_STOP,1,0108907a-5390-48a5-8843-fe976d4a7809
singapore-queenstown,70ad5bad-9e74-4ffe-bd4c-c328187f345f,TURN_STOP,2,3d419945-0acf-40de-8c5b-49b1dcbabda4|9d487d54-7e46-4a12-be2e-a2708fb295ff
singapore-queenstown,70d87ca2-b46d-400d-b833-c4b7cb31bee6,TRAFFIC_LIGHT,4,00a2a877-0525-4b6e-92e1-612034cf30e0|74abdad0-b22d-4738-b34b-3d4f9db9dcd7|b9f34bb4-4ca0-4365-8dcc-2bb1088b3662|1fb437c7-3a40-443b-b5be-12734818ef39
singapore-queenstown,70fddf2b-f909-4abf-bdfe-8a6d0776859b,TURN_STOP,6,9c607216-1326-4e22-a74c-0503a15a2a47|1efbaf76-10d2-471c-bbfc-7fc341821b32|2d457060-3dbe-4748-8c1c-8e9a80d7e462|1e40f055-a3f5-43b7-b696-621147681d40|3cb93bc4-6e84-4171-9fe4-21d3626ec303|16d94829-9f9a-44a3-bba7-2c2e920fc79e
singapore-queenstown,72ba61e9-c747-4d7f-abc2-0c401bfddc84,PED_CROSSING,1,8d65a8ea-44ef-48ae-b29b-2c2555ddd827
singapore-queenstown,73ffdda2-e61a-485b-8122-2b03a072f8c7,STOP_SIGN,3,c7a6eaea-715b-4e07-8b75-d467e0c6259f|8b9ba398-f715-44c6-973c-75c65d2cd0f1|8b3fc894-73fd-42bf-b44d-da3e1d14cd2d
singapore-queenstown,74da21d2-ccd3-4897-96ed-43b142f062fe,TURN_STOP,3,4285dbbe-5e6c-463c-a5c0-6ff8bbe0fb21|6574861e-9fcb-46c6-aa7f-e352c55aa23f|e36d8c49-34c5-4995-a9de-c54b4d9ae2f2
singapore-queenstown,7625865c-603f-45c0-a22d-f848a06afa7e,STOP_SIGN,1,a257c15c-c2cb-4580-b540-96c58cf6d9a9
singapore-queenstown,767a008f-2137-43a3-a67d-dae73b2a6370,STOP_SIGN,1,6bd8eab7-3fdc-494f-bd3b-6ae3dbc86b0a
singapore-queenstown,76f5c271-029b-4864-8d84-8607bebf62f1,STOP_SIGN,4,b5ef3c14-79bd-4802-9f53-3e4c40910263|b48522bf-ec0c-4ae9-a160-ff2da29365b5|41e5a44f-cbd9-4aba-8fec-6814d8997b2b|dcb27088-7f37-48f6-99dc-019bb51b7092
singapore-queenstown,78729ecb-d92e-4c25-aedd-e1776d26022f,STOP_SIGN,3,2b42a537-8dd8-4a3e-97a7-c8908fc713bf|9fb06f39-869a-42e8-a4a5-39b4ae83e5d3|9181440f-c7b1-4ed1-aaa9-eb09e4a7dfa2
singapore-queenstown,790b5c91-015e-4864-8a0c-8c23ca13fe4c,STOP_SIGN,4,80c17383-b7ac-452c-be7a-a9d9a6224cca|066e823f-381b-45cb-a5c3-c8e3c437fc55|77509039-ded7-4d17-869a-d3967950ddd3|790942c2-90ec-47fa-b21c-d8fc4738b7c3
singapore-queenstown,7af31547-2575-4076-964f-f32831d8a429,STOP_SIGN,4,e09fd0dd-30a6-4ccb-ade3-2825902b3235|8aa76138-df2a-4b16-9526-9870fe08bb90|b863b622-591b-4044-821c-087d10754bca|559b6f39-4793-45d8-880d-60715aaada36
singapore-queenstown,7b4bf9c1-922f-4a31-98da-92da5aa899e8,STOP_SIGN,3,ce2b01a2-f123-4ce9-b78d-1d74553b3e6d|975fbd57-20df-4a18-bd85-a09d0fe57e82|1ce27fca-921f-4b38-a6fb-1b59897347b0
singapore-queenstown,7c9472af-68e1-4ddb-8f58-941ffcf2d5c1,STOP_SIGN,3,50b0e82b-41a4-4f9e-9fe8-184f7ebc8b7c|d01a6997-8d45-464e-8621-c72b1b5604ca|76ccf377-36bb-4715-9d2e-5421949ddbca
singapore-queenstown,7d42d48b-d54a-44d1-9de9-9490cdf89e00,PED_CROSSING,1,9a915fc9-34b1-4fc2-a177-67bc877fb12a
singapore-queenstown,7e4825dd-6c4c-4fd1-be8e-01a2783f4dc5,TURN_STOP,1,5844a3c6-4c5e-4a15-bf54-486be8e5b45e
singapore-queenstown,7e7533e8-39b3-45b1-bda7-15def00ab1dd,STOP_SIGN,3,2265126f-9053-4987-900f-a798422af582|5c30f8e7-7298-4f55-8130-c585ef1043c0|5ec101c6-071e-4db5-8c25-2dd245fd0dd2
singapore-queenstown,7e9e3d4e-f4b3-4c0c-a3de-80a87a778215,PED_CROSSING,1,e669d075-9f4b-4474-a7c0-f4175f40d3cf
singapore-queenstown,801ebd11-008a-443d-865c-a60bba2fe722,TURN_STOP,2,68811806-9325-4fec-b724-b461e8e13956|edd2aa67-7c5c-43c3-8789-e0aa03543eac
singapore-queenstown,80a1e74c-df61-4b0b-95e5-8baefd81bbcc,PED_CROSSING,2,619351b8-82dc-442e-89b5-f134df902975|96c37aaa-6a31-4c0e-8158-4e2047d14020
singapore-queenstown,80e9e79a-8e22-413e-bcfc-5a7251a61dc2,TURN_STOP,1,80774a1c-f88e-4ccc-b3f1-0eea8deac934
singapore-queenstown,8236584b-a8bf-4886-8f51-0e0c9da6a171,PED_CROSSING,3,d972bb6b-6623-44eb-8847-c72e3b3a7dc6|4285dbbe-5e6c-463c-a5c0-6ff8bbe0fb21|6574861e-9fcb-46c6-aa7f-e352c55aa23f
singapore-queenstown,837fb951-6c79-417f-ac93-521dde94e41f,STOP_SIGN,2,1e526f0b-84c5-450f-9d09-1817a4b5cb23|2f2657a4-0ed4-4559-bbc6-b1cb55981113
singapore-queenstown,849d7d8a-9221-48b5-bcd2-25dd244b00a2,STOP_SIGN,1,0fd7dec0-7af0-4fe9-972f-5a106ef2e82a
singapore-queenstown,8669d338-6f0a-475e-ad64-7453c04ebd0c,STOP_SIGN,4,a0d5a309-b460-47ef-93d3-588b08d5549e|589721c8-9498-4746-aa50-8a234a91a3ee|9dafb5fb-7a65-49be-a182-b75e51f8d808|a8f25972-2cc7-4267-93bd-218c3dea9e62
singapore-queenstown,8693901f-1b45-4d57-b696-b28f4d784c3d,TURN_STOP,3,0eed95e4-9c27-4b0e-9d2a-b179847c3362|f69f1205-7de1-4ecd-b13a-43d6723f43bf|62c29d00-0807-4fe2-a230-4bbe9321cd3f
singapore-queenstown,86d7a821-f1d8-4d7d-8952-b26b9696c6e4,PED_CROSSING,3,1c25a8f7-c4e2-4d15-969f-b6c4cbdb95c5|9cfa2af2-f502-4179-b71a-bf490a75d1c5|7fa9979c-fcc0-4c4d-9543-295dda350a7a
singapore-queenstown,876b0225-9fe5-4b09-a520-e2e1085a12b4,TURN_STOP,3,d4c6ad31-5ea0-4491-8e83-c7f17579e721|d11c3a77-65eb-423b-8c88-9a40244348da|6470b99a-a9ff-4158-a31c-df1331a23fb9
singapore-queenstown,884b5732-5e39-4828-b982-f8d7027b2f58,TURN_STOP,2,4e23b72d-d19f-48b2-b33a-b69cb6d82271|30a639b0-3012-4362-a43f-c0931d71cf7f
singapore-queenstown,88b333f1-4ad8-42b1-923f-8a5206dfec49,TRAFFIC_LIGHT,4,8e8ee5f1-3f17-4cee-891c-e0df884fb4fe|be1f01a1-3818-4f0d-9a73-eab8ae57785b|f6989660-602d-451c-b047-3e2ae894f55a|330f82e1-2472-4f9b-92ad-177c9da9305f
singapore-queenstown,88ded3b4-d9ec-441a-ac72-6d89e159da51,TURN_STOP,4,244def94-d847-4087-a736-31735d9838ea|3c28b39a-ddc2-4479-a0e9-36a6e22bd886|25901800-3842-4721-8fdc-4f5d26a11463|f65a8393-7194-4a23-b340-eb889c69df0b
singapore-queenstown,89081bb3-0961-41bc-a321-cc8dcc208ecc,STOP_SIGN,5,b41fd2b4-3e10-4a3e-8e90-e7731c81a9a1|b4f41ce1-0cf7-4a14-beed-bbc21d18f96f|334b27a7-34d0-493e-92d2-7ed48d32815c|7f5f702a-f5af-4f3e-86dc-4d282cf95b6e|825c1f5a-5cb2-4b9e-9a2a-83b6a223ff52
singapore-queenstown,8921117d-3165-4b72-9c7f-3447f24cd581,TURN_STOP,2,5297c106-7922-4cfd-b094-66ce5255c210|bf3e082f-fccc-45a6-974a-47a7f2c26c87
singapore-queenstown,8a8a73ec-f216-49fb-8dc3-88cfeb9d7099,TURN_STOP,2,1c507ae2-2517-430e-b509-282bc16d0990|193f765b-f6d6-4b76-8618-0a995aceb0dd
singapore-queenstown,8c90a2e5-935c-43c8-84b3-5474ac87003b,STOP_SIGN,2,7ddd22eb-9464-45a1-82ee-63c8ae4b7513|71b0a5a4-bdbf-4ef8-bb90-5e8e3ed9c8e0
singapore-queenstown,8cfef54b-01a7-4d0f-95fc-400177185a73,PED_CROSSING,3,255a4bab-842a-4ffa-9d84-cbf2ce8e7ec7|d01a6997-8d45-464e-8621-c72b1b5604ca|2f963bc0-1ae0-4cca-963d-b0974774bc75
singapore-queenstown,8f6cce6a-010a-4bae-b4d7-5be476fc6c57,STOP_SIGN,2,9f35df1d-c37d-4a6f-9d80-595bb3ff7ff8|362ddbe2-9151-44b6-9fb3-cf7051c49a64
singapore-queenstown,928829b0-6b1b-4816-ad14-3f83e8f2a74a,TURN_STOP,1,c87eb16a-b9d2-4287-a5b0-e1e49c617f2a
singapore-queenstown,9305ee8d-77dc-47ad-be47-455ca7cccdb8,STOP_SIGN,1,8bc695ee-4eb7-449a-9f41-d84f37e83cdf
singapore-queenstown,93460f90-e1e8-4866-992b-2e962a35d42a,STOP_SIGN,2,1c9c44a2-6cb5-4b4e-aa96-ab21a2b79b4d|80774a1c-f88e-4ccc-b3f1-0eea8deac934
singapore-queenstown,935d7bdc-337b-4b69-88b9-a516c8483711,TURN_STOP,3,50b0e82b-41a4-4f9e-9fe8-184f7ebc8b7c|d01a6997-8d45-464e-8621-c72b1b5604ca|76ccf377-36bb-4715-9d2e-5421949ddbca
singapore-queenstown,93aa0e2c-b6e0-4982-a4a5-f143d89699eb,TURN_STOP,2,d7cca682-24cc-44f6-97ad-c25664123c18|d5549fea-ac14-46b4-811b-132cc5d21ff4
singapore-queenstown,946b079b-19de-4648-b6e7-49a2dda1269a,TURN_STOP,2,2d60e1cd-83d9-4df3-9897-47bf81f4699f|794e67ee-e061-46ca-96d5-9533c40c971b
singapore-queenstown,94e01466-3581-4506-8439-f2e9ea368329,TURN_STOP,3,710391db-9553-44e4-89a3-ba79fbc66939|b295e336-09e6-401e-b6bb-008f55e4310b|01737e79-25d7-4954-abbb-970fb1e35492
singapore-queenstown,94f3c82d-8cab-4b71-9f19-25cb1410e960,TURN_STOP,2,b8440a1b-62d0-463d-b2e9-efebbdf01732|b7e88242-aa8d-4524-ad19-674eed0bc4ec
singapore-queenstown,96ddbfa6-d23e-466d-b0da-e03254009c6b,STOP_SIGN,3,ba351cd1-6337-4329-9248-36b62e40b593|5297c106-7922-4cfd-b094-66ce5255c210|bf3e082f-fccc-45a6-974a-47a7f2c26c87
singapore-queenstown,9705698f-7b07-4e2c-a3db-f0474bccd396,TURN_STOP,3,dfdfb0ee-5eb9-4721-b385-5b98e82e0fd7|91909c15-83f4-4525-bcf3-656d2e10c772|eeb7553f-0db0-4ac5-921c-632273cb5622
singapore-queenstown,9835ed24-a7c6-4e2c-a40a-b547a4011059,TRAFFIC_LIGHT,2,00355be2-5a47-4402-9b1e-8d7450ffd66d|90f66616-7b15-4f03-a6b8-e558857ea00a
singapore-queenstown,986e9eda-16f8-4b74-b7f0-70aedc02727b,TURN_STOP,3,bf160aff-88e6-4390-ac05-517aecdae6f1|d4c6ad31-5ea0-4491-8e83-c7f17579e721|16d94829-9f9a-44a3-bba7-2c2e920fc79e
singapore-queenstown,996450bb-ea46-4497-beaa-f6452a1997e4,PED_CROSSING,1,b59face2-5a45-4a7f-9251-b8189f2bc647
singapore-queenstown,9a29b997-c3f4-4e88-9fc4-cd957f4e7224,TURN_STOP,3,1fda9495-1185-433f-b3bf-0529c2f7c29d|972c23ef-1600-4002-b65c-83ac9cdad0f8|2b59033d-2f95-4034-99fb-f5949aef4cae
singapore-queenstown,9a394229-f49b-42ef-bf92-049eb0dfc251,STOP_SIGN,3,47b89d7e-2c40-4d2a-9e36-6d76a52b24ab|624989ff-7a06-49e3-ab5d-1910435197ce|c624c30e-c4fd-48bb-a69e-36e3467114db
singapore-queenstown,9a93a95f-256b-4b10-9d1d-57ec8189b1ed,STOP_SIGN,4,902c507d-a75b-4148-9990-380401784f62|29927d78-b33c-482b-ad7a-93023c45e0ea|644e26fc-6130-4c2c-ac73-a09eba137430|c3b98cb0-9b14-445e-84a1-d453af7e9092
singapore-queenstown,9b6e74ab-9149-4cdb-a373-d383757096e7,STOP_SIGN,3,8d9542eb-507f-4fa0-87e6-bbdc4bbb6985|3d65f1d9-6f13-4e01-96a1-1b2b42afe14d|6b4bb053-7a5b-4ba8-bc34-c08f31d0f6c7
singapore-queenstown,9ca832d2-376f-487d-be18-1436804a28ec,TRAFFIC_LIGHT,2,1e5a0b77-a174-4dd5-ad9d-6a8505b854b9|379708dc-dd30-4743-9238-0f81b308dd1e
singapore-queenstown,9cfdc862-85a5-4690-8d92-405c2e45b951,PED_CROSSING,3,8d52c682-3c13-47fc-80ab-11024db90b60|71e11d97-3d81-4130-99fc-e87b844d35f7|44ebc83a-8e1b-44c6-965e-68861b8250ef
singapore-queenstown,9df22d7f-7164-477e-b692-84247bff8777,TRAFFIC_LIGHT,4,739efa23-9221-4c2a-99ac-234aec323226|e5e70d3c-8b14-4569-abd2-a773c94d6dc8|7aa3c040-e248-4f5c-bac0-da0ea0953ce4|f2ce3cb3-a07f-4a97-a476-788eb54f6bf2
singapore-queenstown,9ebfc5a0-b3a6-4474-9e33-0431aa80e401,TURN_STOP,2,c25de824-b450-42d2-98ef-5ca55e11b744|ad3240eb-2ff6-4147-b9bb-bf92e9910ed7
singapore-queenstown,a06f5165-a41e-4880-960b-be2913d0f534,TURN_STOP,2,443bbe77-def4-48de-951c-31d464bd6aa9|c0a47b93-a0aa-48f5-b715-b1fade6ed808
singapore-queenstown,a0acf72c-06b5-414f-ac3e-c2af5ae279c9,STOP_SIGN,1,fc7d1dd2-7077-46ee-abc5-ea7b5ebc22e4
singapore-queenstown,a21f2aca-5b49-40db-82a5-438c682f1b15,TURN_STOP,2,45525d52-65a3-4948-be9e-5df3b0bfb4a9|627b77cf-21d1-47fe-b081-e1c6f9901899
singapore-queenstown,a26909cc-d06b-41ab-b4dd-8ca72debe3c1,STOP_SIGN,6,9c607216-1326-4e22-a74c-0503a15a2a47|1efbaf76-10d2-471c-bbfc-7fc341821b32|2d457060-3dbe-4748-8c1c-8e9a80d7e462|1e40f055-a3f5-43b7-b696-621147681d40|3cb93bc4-6e84-4171-9fe4-21d3626ec303|16d94829-9f9a-44a3-bba7-2c2e920fc79e
singapore-queenstown,a348cae8-e377-42c8-8c05-6ed719b53c85,STOP_SIGN,2,d493bab5-ffae-4f25-965e-2b208ab4b4c2|f507212e-771a-459f-b698-e25f483c03c8
singapore-queenstown,a355aa1f-bcc5-456b-91b3-be6e9d9e6b4a,PED_CROSSING,1,6949425c-ecd3-451a-a81d-afc0dccefc7d
singapore-queenstown,a4b39eb5-fb4e-4761-bb09-550bfa9514fb,PED_CROSSING,1,03457870-fec6-463e-b666-95dc06345a57
singapore-queenstown,a51bf136-80d7-45a3-bfac-3c25ea40457e,PED_CROSSING,1,1d9b1197-3211-4b7c-bbe0-f38a6afc31d4
singapore-queenstown,a5b49e8e-3e0c-4dd1-86d2-ae0e4c0cfdb3,STOP_SIGN,1,afacd6a4-b62e-4973-bba0-efa9d0cf7452
singapore-queenstown,a78bb1b8-008b-45fd-b6fa-9fbe9ec98764,PED_CROSSING,2,2dc56f9d-9f21-4032-b818-12d360e9a3fa|894d1332-dc72-48d9-ac37-7bd4862aa859
singapore-queenstown,a7a78f35-b369-49ee-b557-24fa02269f9b,TRAFFIC_LIGHT,9,4dc443e6-32e3-41e9-8a65-551acfa16a59|96644e8b-9762-447f-b37a-fd903423bf24|f7fd8e68-cdad-4840-baf4-b1e09a07dfd5|594e70c3-d424-4e42-985d-65d0245b4e5e|58102292-f1c1-4511-850c-a9efabf6be64|da159709-5253-4cac-a644-9cfe5e4fd530|42940978-367b-4073-975e-996020fe5d00|76bc3d9c-9fee-428c-9916-6dc696fb2df4|52752b33-45c6-494a-9bc3-07c2882db8c7
singapore-queenstown,a8349f4c-6a3f-484a-91b8-07b1556dd948,STOP_SIGN,4,6cce58a1-0ba2-4ba8-b30b-9873aa125e87|30f1df30-310c-45b3-a1c0-ef5881fb97b0|d6e53024-d3d9-49f2-bf6a-ec95bc42e26b|a3999344-d085-47da-bf48-9da697445fc0
singapore-queenstown,a89802c8-06d7-4ab7-870a-15d57cd590ea,TRAFFIC_LIGHT,7,60ea0872-678c-432c-badc-66da92224a06|c1827e15-9b8a-4155-9ea6-e6ec70f5b718|2d505cc6-3e02-4bb5-8d4e-9b1f86f767db|0e378fe5-ad8c-4608-b925-45e471542af9|5844a3c6-4c5e-4a15-bf54-486be8e5b45e|8fc361d8-b670-481e-aec7-3368b7a0e7f6|9815be27-4d78-4f3e-afb8-07aecea07b89
singapore-queenstown,a8f26bc8-6f2b-4d3d-a700-c76c6aa2f32b,PED_CROSSING,2,9762d2eb-7920-4f5d-80d9-ee3e21906100|3455e12d-5cf6-482c-9ac9-e97f7b8d139e
singapore-queenstown,aa1604f5-1b65-4fb0-8bcc-fff65d7c8c44,TURN_STOP,3,064fe5f9-2a89-4e64-9b78-6bed631baf86|dff329b3-0684-4bd1-8441-7d60b41f43ff|4824ff63-fdb7-4290-a235-1fbfdf739b12
singapore-queenstown,aa48d265-a25c-4569-8f83-5a5b22d11e6c,TURN_STOP,2,9f35df1d-c37d-4a6f-9d80-595bb3ff7ff8|362ddbe2-9151-44b6-9fb3-cf7051c49a64
singapore-queenstown,ac6a7231-9ea6-4301-8728-b2845f4d1905,TURN_STOP,3,dfdfb0ee-5eb9-4721-b385-5b98e82e0fd7|91909c15-83f4-4525-bcf3-656d2e10c772|eeb7553f-0db0-4ac5-921c-632273cb5622
singapore-queenstown,ad62ebfe-8a84-4993-b5d0-e88112881a83,TURN_STOP,2,c0d60099-851f-4598-b949-2d22224b70fa|72c17254-a221-4664-b821-242541c384ad
singapore-queenstown,ad904c2c-0242-42be-a4cd-0ac3975f183f,TURN_STOP,2,716f0dc7-29d5-4c8e-ba0c-090add95e96c|44e3ddab-c77e-4a86-8e09-83efd3948e5f
singapore-queenstown,adcd95d5-3828-44de-a1b8-3d0cab681be2,STOP_SIGN,3,827487cb-0e49-428b-860c-bbde9bd56561|dfc18e0a-89a5-4228-bfa6-2111abd5319a|1b117661-7990-4366-9061-38f6f25c0142
singapore-queenstown,add6c4b6-7c9b-4bb8-80f3-246ab17c4c97,STOP_SIGN,4,5c74d624-b9d7-4b66-87b7-09f5431243f0|d4c6ad31-5ea0-4491-8e83-c7f17579e721|d11c3a77-65eb-423b-8c88-9a40244348da|6470b99a-a9ff-4158-a31c-df1331a23fb9
singapore-queenstown,aeddf05a-43d8-40a9-95e6-83eba3c90fbb,TURN_STOP,2,3220e986-9aa4-4bf2-9782-854b74a05bed|fb9220fe-f53b-4b46-a879-13cd36ff093b
singapore-queenstown,aef0c2c4-6a84-4c7e-aca4-684d6ac7830c,TURN_STOP,3,60cabec7-2f12-48d1-9af2-1767f08069d6|5008954b-516b-48eb-970e-fa2e355ba739|24bd8a13-38a5-4c80-b2fb-b632d5380684
singapore-queenstown,b21e5829-05f1-422f-838d-4046dac11006,TURN_STOP,3,07bd7027-3626-49ca-8469-f42d79f9211b|ec329bab-c73e-4153-9c24-a09aab6a272d|bd1e0174-2932-461b-824a-f2668a0861ac
singapore-queenstown,b33411e5-5e28-47e9-904c-3f151dec66a3,TURN_STOP,2,7f0c2e0a-bb13-4885-b3cb-3572284ef553|20e8c63a-3a16-4e1f-98c9-8b833907561f
singapore-queenstown,b33edda6-c359-4a8b-9e26-3e9276ffdafc,STOP_SIGN,1,19a61812-9115-48db-b368-a0fe0659a469
singapore-queenstown,b45cbca8-6427-4248-9bed-8f3d5257d956,PED_CROSSING,1,65c8d0b4-d1b9-422b-a2d4-fd7ea1e7b6d7
singapore-queenstown,b4777aa3-b92e-4967-9ec5-c12d07c01bea,TRAFFIC_LIGHT,4,e5af9901-f1f5-4247-9c4e-e5b42b917b90|5fe2a88a-a51c-4930-8945-da495693b722|c489f4bf-d888-4793-9d72-4a824aab3ff8|716454bb-9a7f-49bf-99fb-5ac5dda99a55
singapore-queenstown,b5a36acd-2b4a-4d53-8a24-c4b6ab5c7144,STOP_SIGN,5,54433564-9c51-47ea-aa4e-49717ca26f7d|87a8c00a-d107-4b28-a5eb-afebd0d5ab68|118d3b0f-303b-4cd9-baf0-4658ec1db9ec|a8aa8e69-cead-4514-8aa8-9b9b1410d336|faef11f8-3404-4ff1-8799-572ced994fc4
singapore-queenstown,b78853b9-d174-45c1-883d-7ca69fa9f4f1,STOP_SIGN,1,b6abe082-de10-4d95-9e10-2df3452c4df2
singapore-queenstown,b79e6c5e-1df2-4cde-9512-960230e488f9,PED_CROSSING,2,09cd2717-c8d5-4d95-b444-4492fb34a9d2|2e59fa20-319b-4ca2-a6c2-9306ad137589
singapore-queenstown,b7f8b06a-a2c5-4dbe-9bd4-12c4a04bcdce,STOP_SIGN,2,6f2de2ea-1f31-4b5a-adba-6dc29fd35281|4072d19f-902a-4419-b51b-b17f022260de
singapore-queenstown,b99ea1a4-fc6c-45a1-9393-949d6049fe85,TURN_STOP,3,81186c8b-1c3d-4bc0-96ab-d33f84529379|f2bce5f5-e274-46a0-a02b-a69541fff3e0|5f9a5fb5-9f8d-4482-b937-4a05e18caae9
singapore-queenstown,b9ae6887-7a3c-4314-8df6-8c671b642625,TURN_STOP,2,9b87c647-24c2-437d-ae34-66bedb11cfe5|6b0f0f8c-e6e8-488d-816a-2e457d200d9e
singapore-queenstown,ba999c1f-3b4b-4f01-b0ac-0cad02915c9c,TURN_STOP,1,81186c8b-1c3d-4bc0-96ab-d33f84529379
singapore-queenstown,bcfe3290-5f6d-402a-b060-cbbf556339e8,TURN_STOP,1,170a5028-1b42-4533-af2e-b4fe58c34034
singapore-queenstown,bd3dd071-1282-469c-a326-d4df61521ec4,PED_CROSSING,5,e1b9922a-cbb7-485b-b673-e12dcc00441e|b48522bf-ec0c-4ae9-a160-ff2da29365b5|41e5a44f-cbd9-4aba-8fec-6814d8997b2b|369f59cb-b769-4987-9c44-ff8d748b0159|dcb27088-7f37-48f6-99dc-019bb51b7092
singapore-queenstown,bd8a1da6-afc2-4bd8-b633-4d66edff83d2,TRAFFIC_LIGHT,2,b08d96b2-ad8f-449c-bd3b-104fd1496928|f93dacc9-9747-49e8-adda-069e43bd2857
singapore-queenstown,bd91ddee-06b2-458f-8e0a-f05b4d6ac09e,TURN_STOP,2,022f2e90-67bf-4adf-9ff3-a974d05204e6|ad3240eb-2ff6-4147-b9bb-bf92e9910ed7
singapore-queenstown,c1ddfb78-8f02-47ae-ae41-feb2fdb425ca,STOP_SIGN,5,285a5e6d-0914-4ca4-a398-d2835c41f3ac|c5405797-e3e4-4e75-acaa-0ec90a4abbc8|c7db624e-49f1-4b3d-90cb-ddfe0371982f|df8d098b-60da-47e3-a39f-de65acb594e9|ccec379b-fd97-407e-b1c1-0c49be0d7362
singapore-queenstown,c292fc0b-f005-4989-bb48-b164682ebfe2,TURN_STOP,2,a3e5236d-bb5d-43e1-a839-2fd1aabfe238|a0a4f680-c77d-4d2f-bbbf-b4838a469264
singapore-queenstown,c3e639e3-c639-427e-86f4-3cf447337454,TURN_STOP,4,d8a6bb78-b75b-46f2-97a1-a02ef3748188|d684e623-a24b-45dc-8a85-756089b88706|e07744f6-4b7a-469d-8288-50efec93b576|9815be27-4d78-4f3e-afb8-07aecea07b89
singapore-queenstown,c4b04508-7189-4c3f-bf4a-84f95fbc120e,TURN_STOP,3,a3b70404-afea-437d-ac69-6c598e715402|6b8f36ba-c2e1-4e36-a813-4f198bf60949|481edf59-81b0-42bd-a382-832c76be21b4
singapore-queenstown,c4f2a5f9-ab79-4a99-8875-5c3ef742c13b,STOP_SIGN,5,d732a0ef-0832-41b4-9844-aa878f3d2e60|8b475eb2-6bd4-44f3-9cec-238346a64d7a|5ca5a8be-517d-4086-b95c-d5f352589e6b|282d0d56-3b32-4169-b555-79775e01e827|a1e027c6-5116-4bff-94e9-c8b4ec27afe9
singapore-queenstown,c5cd7724-6712-42e7-a7cd-e55fabc16f41,STOP_SIGN,1,65bcb537-682c-4e73-bb52-4463de9b9aea
singapore-queenstown,c5e7c7a1-0860-4fd5-9f4e-bba0ccf6e70b,STOP_SIGN,1,50b0e82b-41a4-4f9e-9fe8-184f7ebc8b7c
singapore-queenstown,c63c4435-4b9d-40eb-9c94-bde1a6ab207a,STOP_SIGN,1,716f0dc7-29d5-4c8e-ba0c-090add95e96c
singapore-queenstown,c65b1f79-4308-4f1f-bb00-3476183dc0f9,TURN_STOP,5,6949425c-ecd3-451a-a81d-afc0dccefc7d|2815d5ad-eaec-44bd-b2bc-31b80e71b6bd|993c3b4f-f99e-43a2-93d2-d9308cc68467|b4535266-d99c-4f09-94b0-c653e24ca8dc|e6b9cbab-5a85-4ad0-a888-f68ca1711b92
singapore-queenstown,c74e309c-3f54-4922-8b3a-7b2ddae7d986,PED_CROSSING,1,3ab106c8-7e59-4f0c-a52a-fbd882ff801e
singapore-queenstown,c9be7453-1bd5-4728-a425-47df0b630d28,TURN_STOP,5,2dc56f9d-9f21-4032-b818-12d360e9a3fa|894d1332-dc72-48d9-ac37-7bd4862aa859|d5560e4e-1d2d-4845-bbad-e32c3fe3d765|93d25ff4-bfac-4279-91a5-2a03f6e6bf05|244758fc-2a7d-4754-b080-f9d9c33cf1de
singapore-queenstown,c9c9fcfa-c9de-41b6-8afa-02e4b088eeae,STOP_SIGN,2,2a7fd60d-30b9-40c6-b5af-d1626ec77ffc|6e3873e0-8f87-46c6-b8e0-48b60f01b32c
singapore-queenstown,ca17c297-8d01-4cf1-9caf-6d2faf49a840,STOP_SIGN,1,16cad89e-a48d-4479-9405-4754f62316c0
singapore-queenstown,ca7070b2-b967-4641-a46e-f328f659a756,TRAFFIC_LIGHT,6,8649a094-f395-4759-907b-5202cfb74ba1|70695589-4c24-4f3f-9238-c32b3aa268db|595f8a12-363a-40c8-9b3d-9f81ae96bf77|013161d3-d4e7-4854-8b94-d180717f1bde|d644755c-2e8b-4050-b116-5a78a29e7a8b|ea2c9bd3-dac3-4332-9c46-4f2bc6da7c48
singapore-queenstown,cb14164d-0025-4a58-83a6-85a71b5b1a53,PED_CROSSING,1,b5070b4b-9d36-4c5d-bdef-4a39f660802e
singapore-queenstown,cc0025c5-1d51-4f01-be43-7146ce90976e,STOP_SIGN,3,1fda9495-1185-433f-b3bf-0529c2f7c29d|972c23ef-1600-4002-b65c-83ac9cdad0f8|2b59033d-2f95-4034-99fb-f5949aef4cae
singapore-queenstown,cc3dab8a-419d-4f84-872b-6a5ca9522a13,STOP_SIGN,2,fc7d1dd2-7077-46ee-abc5-ea7b5ebc22e4|0679dad1-21d4-422c-958e-f96cf734eba8
singapore-queenstown,cd2ae587-9267-4c6c-b30c-8eb60deb499a,STOP_SIGN,3,7bbc626f-bd4d-4bfb-a17c-4fd2c929756c|fd9db6ce-dfcf-4c16-a0c5-a2411043dea3|e21e41a2-4358-405a-9413-d0af14e2d8d8
singapore-queenstown,ce48dcb2-f3f3-498f-b149-4a3eca60278a,PED_CROSSING,2,b3ab0386-460e-4e5e-8f7b-2322f7ee2057|91ca3d81-a2b9-45c0-a735-942ec12b7437
singapore-queenstown,ce548d0a-b01a-4ef0-a71d-8e40399b0bf9,PED_CROSSING,3,2a98142c-2cca-49c1-ace3-8b683fab04fc|6b0f0f8c-e6e8-488d-816a-2e457d200d9e|d3c7cd4c-c0b7-4b3d-8f8c-1372b7bb533b
singapore-queenstown,ceea5bfc-f2a4-43f2-85a3-0fb952fd904c,TURN_STOP,2,2b0c5724-ce56-4fc5-94af-314cfa1ef9b4|a03a1ad1-84a0-40ef-8f9b-f3e758777d9c
singapore-queenstown,cf869e98-5e0a-4895-b961-f0a49b394bd9,TRAFFIC_LIGHT,4,9ec89f4b-5794-4d60-917c-765b07847f69|1f8ce9c4-44d8-46c5-a9a9-2bcd227bfcdb|ddd6992a-8b47-42e9-af3a-eedc0c9386e3|e189dc8a-abbc-46f8-917f-5ad3c1aeee85
singapore-queenstown,cfbba4bf-0c96-4715-8ad0-762387a8c001,TURN_STOP,3,9481e889-0e37-4977-913f-432678e3e5d6|12cd1572-afb8-4e6e-94b5-f251337ec970|623370b0-d205-4bb7-aa1c-d283571b2cff
singapore-queenstown,d09bf665-6ef3-4b15-ada8-d5189805db2b,TURN_STOP,2,c0d60099-851f-4598-b949-2d22224b70fa|72c17254-a221-4664-b821-242541c384ad
singapore-queenstown,d10b0df4-5267-464c-9ce6-9dd3cc57e5ff,PED_CROSSING,1,8084e94e-8d23-4d90-9127-c47272553523
singapore-queenstown,d1409b29-915d-4c9d-89bc-4cb7317a28a6,TURN_STOP,3,9c151c68-0e67-4190-80dd-0f7d57305938|c5b34f04-0168-41ee-9843-10ab950f9528|78a0bfbc-178a-43f1-b515-93b4b6015970
singapore-queenstown,d1fd1117-789f-47e7-a128-36972f34a0e5,TURN_STOP,3,29927d78-b33c-482b-ad7a-93023c45e0ea|644e26fc-6130-4c2c-ac73-a09eba137430|c3b98cb0-9b14-445e-84a1-d453af7e9092
singapore-queenstown,d35189c4-641e-462e-8b95-cda0b25c1d93,TURN_STOP,2,cedc576c-a47c-4870-a5bd-68e9f8dbf14b|41baec00-385d-4e9a-9684-e8e5f432a507
singapore-queenstown,d3999a0d-26c2-42c4-a982-6de8dac92cf4,TURN_STOP,3,c0d60099-851f-4598-b949-2d22224b70fa|1f45fc94-ae5c-4544-b6ae-866f939ed361|bf11ed1b-6fb4-46c3-9e8f-803bbc0283e6
singapore-queenstown,d84252a1-8bde-4fde-ac9b-6e898c866180,PED_CROSSING,2,31d53799-0a24-4323-9e73-97670d7edaa1|74dfab1c-1c1a-4325-94d2-379191dcb397
singapore-queenstown,d8a40dc6-3c34-4047-a5a2-83f749d9d9be,STOP_SIGN,3,99c00bb3-dd9d-4681-a0ab-5de33b923d76|640536b4-8e21-4926-98df-8b7602696beb|8bdd91ca-0d48-4e45-ae3b-f07a2a9f65c3
singapore-queenstown,d8b03a3d-6416-4fda-8df2-0cc101cc4194,TURN_STOP,2,cc9c88aa-a3f9-4c06-90b3-ee3599426414|11d9f65b-82e3-409b-8263-9edec86e1d8f
singapore-queenstown,d8e50a17-1a54-4c2b-a085-cb6695a3c280,TURN_STOP,5,ae06b002-ed20-4aaf-ac29-f4442afab862|57ba7382-25f7-4bcb-910b-b25522f40868|b863b622-591b-4044-821c-087d10754bca|dbe680bc-def5-403c-bd94-67b7fa8d775d|db8b1321-3b5c-42d8-9f90-cfe93333655a
singapore-queenstown,d9a67e48-7a46-4476-ab9f-e031f7123c1e,STOP_SIGN,1,ba351cd1-6337-4329-9248-36b62e40b593
singapore-queenstown,da1f9f90-8af2-4646-9a6c-6d3aeae4789b,STOP_SIGN,5,9146c8d2-92b7-40ce-9e78-881155221a7f|20b27ccf-53dc-4b43-ae75-0863cd355300|7ef61b6c-80a0-48c8-be3a-20f013cb48bd|ebb970eb-36ec-4ca7-bdf8-cc770cd656fd|5008954b-516b-48eb-970e-fa2e355ba739
singapore-queenstown,da2bd05d-53be-4dad-a4e4-041f53f9c14a,TURN_STOP,3,aa471d9b-ae9f-4b9b-8e91-e9bbce188763|9db2c4d9-69cc-41a4-8692-b0b3e5a8feef|ed7f2aa0-605d-4783-a234-ef42a800db7f
singapore-queenstown,daa14da2-37ac-4ffd-bcea-1a94ccfe8612,STOP_SIGN,4,3566832b-0e95-4e93-9d63-2b34ae56213a|2b1ba532-2f57-4b78-a3ad-f8539d0765d8|17bcd963-1cf6-4b8a-b805-e1066447c210|316827c5-067e-4756-a8da-7bc2cba3c454
singapore-queenstown,db4c1084-ee47-419a-9bfa-a6bc373185ea,PED_CROSSING,3,9c86cfce-5978-4ab4-ae10-87e8ee25799c|c25de824-b450-42d2-98ef-5ca55e11b744|ad3240eb-2ff6-4147-b9bb-bf92e9910ed7
singapore-queenstown,dbe17fee-4357-4d29-b672-6a425d969278,TURN_STOP,2,01c54d39-f5a8-4799-8a85-52badde1da5b|3ff3d59d-696a-4440-ab23-65655ef541fb
singapore-queenstown,dd063e6e-0af6-4d72-9b4f-96e34829fe02,STOP_SIGN,3,19a38a9f-cae7-429d-9d41-79a626405d2e|ec99ba33-d1d4-4e87-886f-ad585f45b843|981b3df7-2398-4915-a993-2ab4df1715c8
singapore-queenstown,dd95c580-4d3e-4dbd-8662-98faded82d2d,TURN_STOP,3,50b0e82b-41a4-4f9e-9fe8-184f7ebc8b7c|d01a6997-8d45-464e-8621-c72b1b5604ca|76ccf377-36bb-4715-9d2e-5421949ddbca
singapore-queenstown,df36e13a-5e8a-4ad6-92b5-2162bca15bf6,TURN_STOP,1,c9341bc8-22d1-42b1-a3f1-31702326cd13
singapore-queenstown,e1195448-cf19-4554-9382-66dc54d5f606,STOP_SIGN,1,0108907a-5390-48a5-8843-fe976d4a7809
singapore-queenstown,e1525f08-bd6c-430e-ad7e-7efcffd241d3,TURN_STOP,4,dee820bd-5937-4129-aa06-32534826e4b5|35734e6e-a752-4165-8b1c-da4bbba45429|25901800-3842-4721-8fdc-4f5d26a11463|23f30fff-b63c-4a7c-a414-e19335107220
singapore-queenstown,e192e57b-54bb-4441-9ae6-502ae9fb5cf1,STOP_SIGN,3,5ba342fe-68ec-4b5f-999f-89ee2eae2c89|2ca6c8ff-0af7-4c10-bb3b-f89f204fc522|00a13f16-5792-491f-babf-82ad49d0f517
singapore-queenstown,e2ac97ae-1cd3-473e-9208-bf407cad0a19,TURN_STOP,3,ba351cd1-6337-4329-9248-36b62e40b593|5297c106-7922-4cfd-b094-66ce5255c210|bf3e082f-fccc-45a6-974a-47a7f2c26c87
singapore-queenstown,e32595cf-1d76-48eb-a0c2-49468cf753e7,TURN_STOP,2,30f1df30-310c-45b3-a1c0-ef5881fb97b0|a3999344-d085-47da-bf48-9da697445fc0
singapore-queenstown,e335836f-d276-43dd-8370-db32759e6be3,TRAFFIC_LIGHT,8,69870802-bd45-4d5e-8c81-38e23745e8c8|7c6a3d69-4a01-4840-9ece-f5d5420bfaf1|fa5eeaf2-b942-40b8-90ae-98d6a38e6303|74370a6c-6091-4179-843a-6ae084ec2bc3|9f094dd7-f69c-400d-a981-b31d26e1168f|9171536c-08b5-4de1-83c2-620ed90cc9f9|7d80526f-e0e2-4acb-8073-7a09ea4a1dd2|7e5148f4-5dfa-4b2c-a355-736b8d4b18a3
singapore-queenstown,e3cae064-aa11-4e01-a468-3ae5a96b4d78,STOP_SIGN,3,10385e2d-aef3-4857-a933-09088da00bc4|59d66a7f-43e1-467c-9158-c07d806fc8e6|3455e12d-5cf6-482c-9ac9-e97f7b8d139e
singapore-queenstown,e483b863-6be8-4c22-b1da-b7c8104e106e,TURN_STOP,3,0a80ee7b-cbf9-437c-a063-09f8c60bec08|df2560ba-8086-441a-bb45-4829eae0c56b|66250cfb-9ed2-46a7-95ca-546b8f55ca5c
singapore-queenstown,e530674b-821c-4a67-b54f-e227bf9549f0,TURN_STOP,2,6cce58a1-0ba2-4ba8-b30b-9873aa125e87|d6e53024-d3d9-49f2-bf6a-ec95bc42e26b
singapore-queenstown,e5bdc0d3-af02-4a42-910e-cb5b548cb20b,STOP_SIGN,2,45525d52-65a3-4948-be9e-5df3b0bfb4a9|627b77cf-21d1-47fe-b081-e1c6f9901899
singapore-queenstown,e5ee17ef-bb64-41bf-ab3d-f990d5ccdc6e,TURN_STOP,2,07a93729-7860-450c-bb99-2310b26b7060|66713bb3-a2da-4391-b2d7-7196afc683ae
singapore-queenstown,e684234c-7cda-40de-887e-02eede26ae6a,TURN_STOP,2,aeda6cbc-18ff-48af-8091-1c9bd9ee91b1|48c07a9f-bc50-49ca-935d-6cb8042d5cc6
singapore-queenstown,e69696d3-9fe3-4b90-94d9-1cb2515c1e8f,TURN_STOP,2,04ca4d58-edb4-4051-ab24-35183f915abd|6fd59f74-7f49-4e2d-9521-734adbe24e4e
singapore-queenstown,e6e3a000-e27c-484f-a6da-3e87c37c8c68,TURN_STOP,5,6949425c-ecd3-451a-a81d-afc0dccefc7d|2815d5ad-eaec-44bd-b2bc-31b80e71b6bd|993c3b4f-f99e-43a2-93d2-d9308cc68467|b4535266-d99c-4f09-94b0-c653e24ca8dc|e6b9cbab-5a85-4ad0-a888-f68ca1711b92
singapore-queenstown,e77b0efd-2acb-4f1e-aa2a-c6dfeae94ddf,TURN_STOP,1,440aed54-3de5-43c9-9785-e67c8e4886bc
singapore-queenstown,ea5d3fea-a3a2-4af1-9d98-64d69be3e797,TURN_STOP,5,57ba7382-25f7-4bcb-910b-b25522f40868|dbe680bc-def5-403c-bd94-67b7fa8d775d|eb148e2b-c4c6-472b-9182-06c9161db24b|716e677c-cfc0-43fe-84b2-eba0a56952c5|559b6f39-4793-45d8-880d-60715aaada36
singapore-queenstown,ecece7ab-2943-49c7-96be-5fe1acf65051,STOP_SIGN,5,da809596-5de0-45e7-b3af-f967a2ac76ed|3b10625b-8cfc-4b6f-b401-e1566a26e8e1|f8ebfd3a-a455-41d3-902d-fbf3598190fe|f61a399e-a96f-4ba2-8b41-63cd3e1c88a0|2b5e8c8f-670d-4d0b-9dd9-9175676c2d4e
singapore-queenstown,ed695669-51ed-416f-99a7-c2d6397a3c87,STOP_SIGN,3,1001ea72-374e-4472-842a-f17314fb0c6b|20e8c63a-3a16-4e1f-98c9-8b833907561f|db0f174f-56d1-4db4-bb1c-d24bb8b779a3
singapore-queenstown,ed69987b-4b9a-46f7-99ac-cca793d1a6f3,STOP_SIGN,1,716f0dc7-29d5-4c8e-ba0c-090add95e96c
singapore-queenstown,edb4237c-e3fc-44c4-86b5-f6ec1ec538be,STOP_SIGN,2,60bce7f9-d8a0-41d8-9f99-5f2befddacc3|1b76a87e-1159-4f36-a628-baf9ccf06330
singapore-queenstown,eec10e2d-562a-45d9-baae-5728ac5db471,TURN_STOP,1,2f2657a4-0ed4-4559-bbc6-b1cb55981113
singapore-queenstown,f0271bb4-4ec9-4271-937a-1eb13252c9e0,PED_CROSSING,2,ce8eb2fa-ca03-45c7-b944-53394ec5a70e|53ee8993-0681-441b-8443-1f87b39f6dca
singapore-queenstown,f08b8ca7-5a0f-41f3-a68b-cba505eb1255,PED_CROSSING,1,3f047245-6db1-4c78-82ef-af53e3ed1d9d
singapore-queenstown,f0b690b1-c9e6-4601-a020-763cd4e10573,TURN_STOP,2,0ef8cd8f-8ba7-4eb0-85f1-bee5c04693c2|4a308193-2249-46d7-9ebe-35eb1b7fddc1
singapore-queenstown,f130e152-4f3b-4668-a3d6-532bee103068,TURN_STOP,3,d4c6ad31-5ea0-4491-8e83-c7f17579e721|d11c3a77-65eb-423b-8c88-9a40244348da|6470b99a-a9ff-4158-a31c-df1331a23fb9
singapore-queenstown,f36b4ec0-351b-43e8-9642-d42786d06c3f,TURN_STOP,2,640536b4-8e21-4926-98df-8b7602696beb|8bdd91ca-0d48-4e45-ae3b-f07a2a9f65c3
singapore-queenstown,f3f3a54e-c138-4343-92f6-3ee26684dba1,PED_CROSSING,4,134ce44d-f612-433f-99a5-7a4baaad9a2f|780b99fd-b58d-4ecc-8028-71202581ec77|e138c663-5b93-4d4f-8cf4-379f5866c0f6|b46dc78d-b1f4-4419-be93-80a07f150540
singapore-queenstown,f49606ae-bf0d-4e29-817d-0ae8542fe71d,TURN_STOP,3,0503f2ae-6009-4425-b6e3-53e9812e8010|18eaed45-a515-49d0-9fe2-9034faec13e7|f9a8a224-cb56-4365-aaca-fcd8d9b16c5b
singapore-queenstown,f4c4be8c-7fcd-49a0-b5e5-8d0ac4aa8a02,STOP_SIGN,2,9b87c647-24c2-437d-ae34-66bedb11cfe5|6b0f0f8c-e6e8-488d-816a-2e457d200d9e
singapore-queenstown,f4d89ac5-0250-4ed1-898b-9fbddea515bb,PED_CROSSING,1,008d9296-eb5d-4af6-9230-3e1bdfacbe1b
singapore-queenstown,f52f4802-6669-49aa-acf1-c8a97751f7db,STOP_SIGN,1,6d4ca0c1-5d44-471f-bed8-fecd9f0b3999
singapore-queenstown,f73294c9-0c7e-4ecb-9929-048bd4aa8930,PED_CROSSING,1,7721841d-72ea-487e-93af-85087c0c5bb2
singapore-queenstown,f88ce20e-027d-4956-a276-a6855ad79e01,STOP_SIGN,5,2dc56f9d-9f21-4032-b818-12d360e9a3fa|894d1332-dc72-48d9-ac37-7bd4862aa859|d5560e4e-1d2d-4845-bbad-e32c3fe3d765|93d25ff4-bfac-4279-91a5-2a03f6e6bf05|244758fc-2a7d-4754-b080-f9d9c33cf1de
singapore-queenstown,f8f2274e-c9bf-4d68-bedf-d9dd437a7cd3,TURN_STOP,2,df04f416-a12d-42b7-b44e-bdb94f0f7c05|2e49f43b-b60d-41e7-a2e5-32f68830f0a1
singapore-queenstown,f94cb611-1da1-43db-b054-14db968b8424,TURN_STOP,3,43eb5925-0065-467d-aaa8-26fd0a4996a8|7ba88a37-5e3b-46bf-9400-bd11b2dea807|d1572e54-3279-4551-975e-4aa703704558
singapore-queenstown,f9c28a1f-0644-4554-bf86-28b532a4bae2,PED_CROSSING,2,780b99fd-b58d-4ecc-8028-71202581ec77|bedbe17e-90e2-4e14-9464-8395b70730bf
singapore-queenstown,fb60c8b6-160c-4e19-8cb3-f8fb49619fb1,TURN_STOP,2,06ce125b-8f4a-4a6d-850e-2b80d6844d3b|6d947fba-b283-4d69-9afc-4333f449965a
singapore-queenstown,fc2ebf49-9a26-4242-93c3-75fedf5d1352,TURN_STOP,3,ee2a1ea6-9159-4be5-a08c-2f416a0e9f39|6904ce07-5e0d-4ac4-8520-0e6b050075a5|067836c0-952e-4beb-8d28-0fa2c2d694dd
singapore-queenstown,fd14fcef-ac60-4eec-9eb5-e871500ccb22,TURN_STOP,2,4a18c2aa-8a68-4cea-808f-46e41996f99e|0728861c-9a4a-4696-8400-b660c95bb9ab
singapore-queenstown,fdcddc76-4351-4808-b190-0640533c1aef,TURN_STOP,3,894d1332-dc72-48d9-ac37-7bd4862aa859|93d25ff4-bfac-4279-91a5-2a03f6e6bf05|244758fc-2a7d-4754-b080-f9d9c33cf1de
singapore-queenstown,fe7039f6-9cbb-4488-9eb0-448b4d0058ff,TURN_STOP,6,9c607216-1326-4e22-a74c-0503a15a2a47|1efbaf76-10d2-471c-bbfc-7fc341821b32|2d457060-3dbe-4748-8c1c-8e9a80d7e462|1e40f055-a3f5-43b7-b696-621147681d40|3cb93bc4-6e84-4171-9fe4-21d3626ec303|16d94829-9f9a-44a3-bba7-2c2e920fc79e
singapore-queenstown,ff6e1904-4576-4e7d-bc00-f3d56655c63a,STOP_SIGN,3,9c151c68-0e67-4190-80dd-0f7d57305938|c5b34f04-0168-41ee-9843-10ab950f9528|78a0bfbc-178a-43f1-b515-93b4b6015970
singapore-queenstown,ffad6caa-ff9c-4a35-9ac9-bbb7e5a74781,STOP_SIGN,3,ae06b002-ed20-4aaf-ac29-f4442afab862|eb148e2b-c4c6-472b-9182-06c9161db24b|d32379ca-797e-4fd3-b7e2-15e65b277b21
singapore-queenstown,a4a78a55-28a3-4aa1-8c46-3c0cd5206a8a,TRAFFIC_LIGHT,2,28f59eca-0761-4fa6-a620-4276ccd57102|eab3eb47-55cc-4736-b1ae-f6bc29d74531
singapore-queenstown,e1d38faa-505a-4e54-a1e4-616cc0c47679,TURN_STOP,3,b32d3cac-6d1c-4e69-bd1d-e824d06d3f26|4f54c927-ef36-4289-937d-b95602e374e3|1f45fc94-ae5c-4544-b6ae-866f939ed361
singapore-queenstown,54ae1c88-487a-4101-ab5b-529af531063f,TURN_STOP,3,0d639405-be8b-46d1-a7d4-d7303dcff053|96fb9431-9af0-48a6-957b-ac152ff2b78f|4285dbbe-5e6c-463c-a5c0-6ff8bbe0fb21
singapore-queenstown,a8c21de6-91ae-46d9-a96e-a78a45083a84,TURN_STOP,3,b009b03b-1806-4c3a-81b2-8f1be8a2bf82|be4b966f-37ba-4b41-8555-12cbd029da8c|bb9cd475-e409-4c0c-95c4-b1918f14990a
singapore-queenstown,66f4ef4e-6aa9-400e-abad-f31feb7a0455,STOP_SIGN,2,555f28e3-3deb-44e8-b685-20c1f66b0de2|848d6b51-e74d-48d2-ac8b-75051fe3d21a
singapore-queenstown,02d7b7cc-ec3a-49b7-b13c-19577eee3707,PED_CROSSING,1,b20d53a2-1d1e-452d-844d-0f0749507582
singapore-queenstown,0354175a-78d7-40b7-a602-13cfc8598ee2,PED_CROSSING,1,acc345ff-9b9f-486e-907f-8f078e56b36e
singapore-queenstown,03778815-f181-4f43-94d3-cb5a78291b19,PED_CROSSING,1,43b95730-f266-42b0-a3d2-1ada2ba81cc5
singapore-queenstown,04ea856d-4462-46da-9435-9858519cc326,PED_CROSSING,1,e422d2b6-9ea5-4312-8e76-0a3331013750
singapore-queenstown,078e646c-323c-45a8-8c29-67e3165e43d5,PED_CROSSING,1,27874412-0bea-4c3a-8b7d-9dcf03a5f009
singapore-queenstown,0bdc43c5-654e-4222-8271-97a5ee095183,PED_CROSSING,1,d972bb6b-6623-44eb-8847-c72e3b3a7dc6
singapore-queenstown,0c04131e-7b76-4ba9-9da7-07e1860aab84,PED_CROSSING,1,773c5362-f224-4d3d-89d7-0c531449bdf2
singapore-queenstown,0fc13753-b01c-46e6-8a31-54b0f25ecbb5,PED_CROSSING,5,a9e0f23c-ebf1-40d5-837c-1c1f3e294457|0bff6238-7672-44c4-a429-bfe28ebbec8a|aa51ccff-fcdc-4022-9ed7-0bb0bdc7eff3|1c274f5d-d87d-4241-9d1b-2c1c8928d027|d78800aa-e34f-4e8e-be7b-b92cb9fabf44
singapore-queenstown,10e520df-86f5-4278-b6b7-030614af3279,PED_CROSSING,2,d4ce2747-7246-460c-886b-16b1278f9f70|f856fdf0-556c-4f09-90a1-444772eea776
singapore-queenstown,14cc08d9-5789-4246-b9b7-b77a2e57bd9f,PED_CROSSING,1,e6650300-33f8-4368-b1b1-43e9c1f58b39
singapore-queenstown,155d21e9-98e1-4b3f-bf29-a0712c87eba3,PED_CROSSING,2,cabaca69-e1c6-416f-b576-10a1b92affc6|452cf74d-6fcf-43aa-9ad1-d9a61eb58414
singapore-queenstown,1564e505-6e78-4f08-b603-b1d5bde1be87,PED_CROSSING,1,b06801aa-1226-4d26-b78b-ec78aac252e6
singapore-queenstown,15bc3bac-8d19-40c7-82de-8a1779d4afbd,PED_CROSSING,3,0c0da108-aa5d-4b59-b77b-62dfee2ec3d6|cabaca69-e1c6-416f-b576-10a1b92affc6|b9595cbc-326b-42e1-9e5f-d7a1d82367bf
singapore-queenstown,17722f5c-d9f5-4da9-8347-ada3fa91e355,PED_CROSSING,2,2b4ad293-9bd4-4bfe-b7f9-3eaa42ce08e9|edb9ef20-095c-47ec-94de-710cb43369ae
singapore-queenstown,1c9623eb-af21-4b5e-929a-f9baab903c60,PED_CROSSING,3,f11b1a86-0722-4042-8707-fe06082d9a23|df46e2f6-9a53-48ee-ac3c-34ab7c807582|e58b015f-d0eb-4ad1-8f8d-48da89bfec3c
singapore-queenstown,1d221582-ceba-4edd-9aaf-6081cf5930e8,PED_CROSSING,2,902c507d-a75b-4148-9990-380401784f62|29927d78-b33c-482b-ad7a-93023c45e0ea
singapore-queenstown,1ecd1be8-5de8-499e-952d-8eeeb433a0e1,PED_CROSSING,1,ed8f0f48-10f9-4b62-8f36-8b15241269b4
singapore-queenstown,201d8ad6-f241-4e53-9504-a8f13c34ee3d,PED_CROSSING,1,b06801aa-1226-4d26-b78b-ec78aac252e6
singapore-queenstown,205561fe-d924-475d-a8f1-1596af57313c,PED_CROSSING,1,8d65a8ea-44ef-48ae-b29b-2c2555ddd827
singapore-queenstown,22f5a840-5ca3-4101-bc92-edb1308328cf,PED_CROSSING,1,6af0e7b0-d5e4-4fcd-8a64-60c3aa3c3337
singapore-queenstown,2667399c-9b64-4239-8ce5-6dc6ecf5f5f0,PED_CROSSING,8,5317cea3-1e0b-4463-879b-dcee17c35268|ebd74b7d-1d5c-4850-9abf-27bb1c2dc7a3|1efbaf76-10d2-471c-bbfc-7fc341821b32|2d457060-3dbe-4748-8c1c-8e9a80d7e462|4415347c-bf43-423e-b418-e72c853ac7e7|5edf1793-646c-4b3d-8d25-215e1d9a4494|d4c6ad31-5ea0-4491-8e83-c7f17579e721|6470b99a-a9ff-4158-a31c-df1331a23fb9
singapore-queenstown,2c8e80ce-d2e0-4e5c-8e99-53e02c5f485e,PED_CROSSING,1,2db2c278-1849-46bc-8170-d13fe503d569
singapore-queenstown,2dfd945b-979c-4dd0-bb85-fadd46d59b2c,PED_CROSSING,1,db8f1979-697a-412d-8c44-3e99307af6dd
singapore-queenstown,2fdb1a47-d499-49a5-86be-0cd586e6361c,PED_CROSSING,2,664dc158-56e4-43ba-befd-41427cbb6e74|864716bb-574d-4668-8438-7972e5016444
singapore-queenstown,307c9223-435b-4968-8e87-707b96de562c,PED_CROSSING,1,77496fbe-3259-428a-9b3d-3fb20e15b86f
singapore-queenstown,30f174c3-d9a5-4d3d-bd8a-587b2f5b47b9,PED_CROSSING,3,1bdc73d9-db5e-4aa0-a667-0b1d917e770b|8ab53775-52d0-4fe4-9afc-00309a618d65|794e67ee-e061-46ca-96d5-9533c40c971b
singapore-queenstown,316312f8-cb1b-4988-8148-744ea9398ff5,PED_CROSSING,1,b4800a28-4084-48f2-aeb4-d0a01302f5f2
singapore-queenstown,322ddcb8-0163-4a70-83fa-b6c8f6a4750a,PED_CROSSING,2,67d9a851-d963-483a-b51e-c743921d893b|4bcd9310-f413-4f28-af91-0243ebe33203
singapore-queenstown,3630eec3-0884-423f-8bae-c8c311dd041d,PED_CROSSING,1,52eb3032-f16f-4876-ab8f-e7a3687c9570
singapore-queenstown,37d65793-92e5-4e0b-a467-2a40d2cea093,PED_CROSSING,3,988aad28-3a8f-4bef-b2d2-1c5c53c591f1|cabaca69-e1c6-416f-b576-10a1b92affc6|452cf74d-6fcf-43aa-9ad1-d9a61eb58414
singapore-queenstown,3d095849-c787-4019-9027-375366c6aad3,PED_CROSSING,1,c2529b1a-de06-446f-921c-aabe6f81152f
singapore-queenstown,3f20e60c-eb76-4d25-979c-ab19efb0b990,PED_CROSSING,1,b06801aa-1226-4d26-b78b-ec78aac252e6
singapore-queenstown,42aa9f65-67b1-430c-873e-b66b0ffa95b8,PED_CROSSING,1,616a9d82-8564-4d9b-9575-8d0f007fb135
singapore-queenstown,43fbd3e7-2164-4c13-91ea-04b20b868826,PED_CROSSING,1,b06801aa-1226-4d26-b78b-ec78aac252e6
singapore-queenstown,4540f581-3214-462b-82eb-d6ea95e14107,PED_CROSSING,1,b06801aa-1226-4d26-b78b-ec78aac252e6
singapore-queenstown,4d9c0d7e-7731-4910-b7aa-a985f8ca2c29,PED_CROSSING,2,e6ed963a-4a36-47d0-8de3-ee3531cc6969|9c86cfce-5978-4ab4-ae10-87e8ee25799c
singapore-queenstown,4ea398b7-f197-4937-979c-487db2bbd734,PED_CROSSING,1,21f734a8-042a-4946-b9c1-32851bb25b4a
singapore-queenstown,4f32bb82-46fe-4504-baf6-ff4ebf0d1ffd,PED_CROSSING,1,eeedf7e0-1bc3-4bd9-9ecd-ca9684edff86
singapore-queenstown,5347f581-7e4c-4778-9c34-6985b36e2dd7,PED_CROSSING,2,df46e2f6-9a53-48ee-ac3c-34ab7c807582|e58b015f-d0eb-4ad1-8f8d-48da89bfec3c
singapore-queenstown,5565cc7b-0f89-4869-9f32-8fee20f346b9,PED_CROSSING,1,32d88a75-63ac-4314-98c3-aa99265351af
singapore-queenstown,5590519f-49cf-4a23-8894-fca25b8bf99f,PED_CROSSING,1,0ea3d1a7-c192-410d-9891-f6bcb68f0e31
singapore-queenstown,568d4959-737a-48ca-96a5-92a8bc0087ac,PED_CROSSING,1,b1116aa4-89c6-4180-8288-b8dc72fad8d5
singapore-queenstown,576251ee-555b-4b11-ab9e-22fd3da14f34,PED_CROSSING,1,b06801aa-1226-4d26-b78b-ec78aac252e6
singapore-queenstown,587c307d-88fb-4221-aebf-b678a3def0ef,PED_CROSSING,4,2b4ad293-9bd4-4bfe-b7f9-3eaa42ce08e9|edb9ef20-095c-47ec-94de-710cb43369ae|8e07c441-bbc2-47ae-a5ae-28278ea0b5b2|4a50d98b-c138-414d-8ea2-897969a1e81b
singapore-queenstown,5992abe8-9fc8-4199-92f6-2e4436f97133,PED_CROSSING,1,21f734a8-042a-4946-b9c1-32851bb25b4a
singapore-queenstown,5992bd09-a042-417d-9838-800f2589d0fc,PED_CROSSING,1,c114fbe6-4d89-4566-b955-b79e6079880f
singapore-queenstown,5e42ee93-0183-454d-ae27-274f5d1541fe,PED_CROSSING,3,bfd49e17-7762-480e-a818-1949a5defa4f|f853c23e-95aa-4085-9bd8-8eede5dabb2f|a62a5668-1694-47c1-9806-fc34c2b4f432
singapore-queenstown,6123ad46-3b5c-4c1a-89e4-07053345d339,PED_CROSSING,1,e6ed963a-4a36-47d0-8de3-ee3531cc6969
singapore-queenstown,64feb7e7-7aa1-4a81-8e51-3f685f32a149,PED_CROSSING,1,b06801aa-1226-4d26-b78b-ec78aac252e6
singapore-queenstown,6786ed48-638c-43dc-958d-d56de5810a3a,PED_CROSSING,1,feed14c7-0233-44d6-af20-bccdfbeeae66
singapore-queenstown,681bd5a4-750b-4eb9-b5f5-af20539d00a4,PED_CROSSING,1,feed14c7-0233-44d6-af20-bccdfbeeae66
singapore-queenstown,68293f1c-2d3d-4c83-a059-ddd9bf14eabf,PED_CROSSING,2,8ab53775-52d0-4fe4-9afc-00309a618d65|794e67ee-e061-46ca-96d5-9533c40c971b
singapore-queenstown,68aabfe9-f7e6-40a2-866a-9355e2163265,PED_CROSSING,4,f82e43cd-0202-4079-b322-38b088a734f5|9c86cfce-5978-4ab4-ae10-87e8ee25799c|c25de824-b450-42d2-98ef-5ca55e11b744|ad3240eb-2ff6-4147-b9bb-bf92e9910ed7
singapore-queenstown,69de5688-7121-4024-aa39-2ad31a5b9934,PED_CROSSING,3,7e350b92-98ed-4ff6-beaa-cfaa930488e9|a748b599-fe49-4236-92f8-79ff4b193cc8|794e0868-67d6-4754-9540-140b23a3ca09
singapore-queenstown,7019389f-02ad-43b2-a3d3-460a088abc81,PED_CROSSING,1,2db2c278-1849-46bc-8170-d13fe503d569
singapore-queenstown,713b61a1-2778-4b41-9f4d-73c518907c53,PED_CROSSING,1,319c9c6a-9d27-46bd-8381-5a2537fb721e
singapore-queenstown,77c433f8-958f-4c6e-8e0f-eec883dea0f4,PED_CROSSING,2,c1853704-e210-45b6-9891-99f7d7f27c8d|5d790960-b70b-4fa0-ae22-8c01dacf22cf
singapore-queenstown,77c97219-dc7c-4857-9a6e-2de1a817dda8,PED_CROSSING,1,f11b1a86-0722-4042-8707-fe06082d9a23
singapore-queenstown,7b273747-285d-4b63-a0d0-854aee98b4f0,PED_CROSSING,1,0a80ee7b-cbf9-437c-a063-09f8c60bec08
singapore-queenstown,7e065a13-0fa3-4b5b-8c9e-403fd4b38657,PED_CROSSING,9,a1d7308e-e6c2-4e3e-9beb-f1382ee6c277|3969085c-0377-40e3-838a-9f7112439d6e|f07cfc36-4697-4f67-a2ee-acd68200b12a|4048e1a2-7a48-4629-bed9-a6f0d00d70bd|8e9f46ac-1492-4ecc-98dd-334e2e1a9d82|4c2dec81-29f8-4ef0-9a61-5a0858086a30|59d1bd1c-f4e1-4c8d-9475-642719090896|ba22a804-d089-45b9-a04c-6fc40592e735|0e4028d8-f973-4825-a5f3-db06589aa532
singapore-queenstown,8001feee-2e10-490d-a93d-a5b7311b2f69,PED_CROSSING,2,aa3a8079-da4f-4437-b2e1-7ac73f63d781|fb42b56a-ad63-441b-907f-94d30862b223
singapore-queenstown,804964b3-618e-4a22-97d5-d2e2f8b39d18,PED_CROSSING,1,bfd49e17-7762-480e-a818-1949a5defa4f
singapore-queenstown,821a46a8-53aa-476b-ae4e-032907e8f185,PED_CROSSING,1,21a7fab4-7561-4edf-832e-f227619677a4
singapore-queenstown,834fbc85-490c-4944-9240-7e99679c606a,PED_CROSSING,4,c2529b1a-de06-446f-921c-aabe6f81152f|85ac1425-b4b9-4efa-8430-d72a3bd31db3|aa471d9b-ae9f-4b9b-8e91-e9bbce188763|d1572e54-3279-4551-975e-4aa703704558
singapore-queenstown,837f8108-38b5-4448-b35c-e92efe5a5cb2,PED_CROSSING,3,2e9415c6-65a3-4e84-96cc-5abe24ac8a51|ed125afd-1be0-4227-b14f-59db73650a73|371a8171-788f-49e0-8a4b-98e49f457651
singapore-queenstown,8d099904-a6a7-423d-8673-7ae8f01062ca,PED_CROSSING,1,773c5362-f224-4d3d-89d7-0c531449bdf2
singapore-queenstown,951996e7-901e-49b0-bedf-f0607cab5e75,PED_CROSSING,1,32d88a75-63ac-4314-98c3-aa99265351af
singapore-queenstown,956dd76f-6c79-4471-b3ae-fde727c78934,PED_CROSSING,2,ed125afd-1be0-4227-b14f-59db73650a73|371a8171-788f-49e0-8a4b-98e49f457651
singapore-queenstown,9934a3a5-cc51-4a94-9b1d-4c23de687e14,PED_CROSSING,1,52eb3032-f16f-4876-ab8f-e7a3687c9570
singapore-queenstown,9a8546c6-6a9f-4966-9baa-a88536f51052,PED_CROSSING,1,77496fbe-3259-428a-9b3d-3fb20e15b86f
singapore-queenstown,9c8b9795-b6b2-4f3c-be27-2bf4e5610532,PED_CROSSING,1,f5667c60-4f7a-49c7-97b6-295e7f6bcfe8
singapore-queenstown,9d103e18-c1af-47f2-b8c8-136ff6b41421,PED_CROSSING,1,b8642fcb-a80c-47e1-9ba1-944f43659e10
singapore-queenstown,a0967d1e-f259-4502-9315-191c9bcc335c,PED_CROSSING,1,3f047245-6db1-4c78-82ef-af53e3ed1d9d
singapore-queenstown,a1099790-7ee3-4e9f-8ea1-6cbc1b45b2cd,PED_CROSSING,1,6949425c-ecd3-451a-a81d-afc0dccefc7d
singapore-queenstown,a2941c75-d4b5-463f-8b14-1c13d01ed195,PED_CROSSING,1,43b95730-f266-42b0-a3d2-1ada2ba81cc5
singapore-queenstown,a78281d1-bdf9-47b4-a7fa-144c1cef62e9,PED_CROSSING,2,0c0da108-aa5d-4b59-b77b-62dfee2ec3d6|b9595cbc-326b-42e1-9e5f-d7a1d82367bf
singapore-queenstown,a9b06293-6a66-4140-b595-dcc7f4518edb,PED_CROSSING,2,cabaca69-e1c6-416f-b576-10a1b92affc6|9f3345b1-01f4-44be-b528-36f0310c0a8b
singapore-queenstown,acf6659a-49a7-4aa6-89bf-64ef0980b0e2,PED_CROSSING,1,b20d53a2-1d1e-452d-844d-0f0749507582
singapore-queenstown,afe03641-83fe-4fff-80bb-1b46a6890bdb,PED_CROSSING,1,e04edcd2-5754-4bfc-9f94-00fe61af1406
singapore-queenstown,b1be92e4-293f-4acf-a043-9a6832d64ca0,PED_CROSSING,3,60ea0872-678c-432c-badc-66da92224a06|c1827e15-9b8a-4155-9ea6-e6ec70f5b718|2d505cc6-3e02-4bb5-8d4e-9b1f86f767db
singapore-queenstown,b232c804-e787-466a-97b6-587b14f814c9,PED_CROSSING,2,f446b197-c372-43e7-a770-37f6b9b1eb29|e00cf786-cc80-428d-8402-53cfb667e1b2
singapore-queenstown,b505d2a3-c89e-4426-9417-60b06b77e98c,PED_CROSSING,2,902c507d-a75b-4148-9990-380401784f62|29927d78-b33c-482b-ad7a-93023c45e0ea
singapore-queenstown,b54062db-74e8-41a1-b0a7-848f111c3bd0,PED_CROSSING,1,c114fbe6-4d89-4566-b955-b79e6079880f
singapore-queenstown,b64181f7-a51d-4645-a80d-2cef08de08f4,PED_CROSSING,2,69a0f5ba-93dc-4f42-9888-58e9b2730bda|59d34343-99d6-4a63-b82b-e5cec6d25ab4
singapore-queenstown,b6516461-fb68-403a-a6d7-6ea2f5cb5dd8,PED_CROSSING,3,ec40b229-993e-4873-bce4-5b7a3bd0bc18|0fd7dec0-7af0-4fe9-972f-5a106ef2e82a|424dd9b1-0a61-4741-98ef-820fda0be1e1
singapore-queenstown,b68ca23d-3f1d-4f6b-9e27-9b23b93351cd,PED_CROSSING,2,0c0da108-aa5d-4b59-b77b-62dfee2ec3d6|b9595cbc-326b-42e1-9e5f-d7a1d82367bf
singapore-queenstown,b8028f2a-5519-489b-90dc-5b8be7ea0d1b,PED_CROSSING,2,dc683da0-f378-4347-af58-8d2f78d83703|31062a83-a32f-44c3-8d87-f091cec82753
singapore-queenstown,bc566449-b2dc-482c-84b1-b2467737bc99,PED_CROSSING,3,f4345d9e-a43d-4f04-a8d6-1dc2c815caa9|d00045f7-8682-4562-83a2-f9ca5e712798|b5fc09a8-8a7f-4ca9-b069-52b49ae14a7b
singapore-queenstown,bdb9c9b4-f435-495a-b35f-7d9b430ea265,PED_CROSSING,1,b06801aa-1226-4d26-b78b-ec78aac252e6
singapore-queenstown,c5fb0b8d-6baa-4b63-8eed-d48d68dcd7ad,PED_CROSSING,1,319c9c6a-9d27-46bd-8381-5a2537fb721e
singapore-queenstown,c99a3aaf-b82b-4ba3-9500-b10b8343f2c6,PED_CROSSING,1,900aeee3-ae13-471e-b9e6-370acf682ee1
singapore-queenstown,cb86cfbf-02f7-4dc2-86cd-8a79a0861ce4,PED_CROSSING,1,3b1055ce-76f9-4e57-8598-5291b611aa4a
singapore-queenstown,ce6f3a4a-0156-482b-829d-2f8729721f3c,PED_CROSSING,1,32d88a75-63ac-4314-98c3-aa99265351af
singapore-queenstown,d15e5fb6-6142-4726-9a0f-e42d7ca8c3ac,PED_CROSSING,1,8f5357d1-fa0b-452d-8320-f1154960511f
singapore-queenstown,d5fc5dc1-46af-4495-8198-a8a61b95517f,PED_CROSSING,1,3b1055ce-76f9-4e57-8598-5291b611aa4a
singapore-queenstown,d636c098-00d3-4ec2-bb21-9938e336ed58,PED_CROSSING,1,f11b1a86-0722-4042-8707-fe06082d9a23
singapore-queenstown,da5caccd-fc7b-48ad-b051-43762dac4403,PED_CROSSING,1,7b9962cb-fc62-4aab-8848-db989bcd9a8f
singapore-queenstown,db891ce1-04a4-4c6e-87f6-f5ce77732217,PED_CROSSING,2,b046cb8e-145f-48b8-9652-e4fe308556f6|244758fc-2a7d-4754-b080-f9d9c33cf1de
singapore-queenstown,ddb5ef2e-e77f-4a4c-a4aa-f08ec983ebec,PED_CROSSING,1,2a98142c-2cca-49c1-ace3-8b683fab04fc
singapore-queenstown,de89d726-a2a5-4bd3-9aac-64d784ab6d40,PED_CROSSING,1,eeedf7e0-1bc3-4bd9-9ecd-ca9684edff86
singapore-queenstown,deed934f-5259-4002-adce-d6ce0a049ec0,PED_CROSSING,1,5df1bed7-7718-4ccd-ab95-08549c3dc967
singapore-queenstown,e3640b1b-7889-4877-90d1-c15f79374fac,PED_CROSSING,1,0a80ee7b-cbf9-437c-a063-09f8c60bec08
singapore-queenstown,f0770343-6dab-43bf-ba29-ea23b5cc3475,PED_CROSSING,1,e04edcd2-5754-4bfc-9f94-00fe61af1406
singapore-queenstown,f26ff6b9-8f9d-474d-a512-833654ba143d,PED_CROSSING,1,b1116aa4-89c6-4180-8288-b8dc72fad8d5
singapore-queenstown,f4496bb5-7dcf-49af-965b-aa1a432fa86d,PED_CROSSING,2,0ea3d1a7-c192-410d-9891-f6bcb68f0e31|b18b20fa-25c8-43b4-986e-f7ba821183a8
singapore-queenstown,f915dbd8-ac93-4284-9bdd-91f38f0db7da,PED_CROSSING,1,e4a9b6ea-920f-4774-bda3-5f72072687e6
singapore-queenstown,fc8c32c0-fa7f-42a6-b9af-d7110cd07a59,PED_CROSSING,1,e422d2b6-9ea5-4312-8e76-0a3331013750
singapore-queenstown,fe81b511-6a9e-48f0-a2f8-46f00a40a90b,PED_CROSSING,1,616a9d82-8564-4d9b-9575-8d0f007fb135
singapore-queenstown,feb41b15-4cc6-48ef-983d-23b3bd0078e2,PED_CROSSING,2,cabaca69-e1c6-416f-b576-10a1b92affc6|9f3345b1-01f4-44be-b528-36f0310c0a8b
singapore-queenstown,fec26be5-a185-463a-b726-6ad1c142307a,PED_CROSSING,1,8e07c441-bbc2-47ae-a5ae-28278ea0b5b2
singapore-queenstown,ff119073-1c4f-4bdb-a557-b23813f3df6e,PED_CROSSING,2,f446b197-c372-43e7-a770-37f6b9b1eb29|e00cf786-cc80-428d-8402-53cfb667e1b2
singapore-queenstown,ff15271c-5fbe-4cd9-91f0-d72daa413e19,PED_CROSSING,1,7b9962cb-fc62-4aab-8848-db989bcd9a8f
singapore-queenstown,ffeaef31-5954-4fa1-a7d7-e6171bcd0142,PED_CROSSING,1,b8642fcb-a80c-47e1-9ba1-944f43659e10
