location,token,delta_theta_deg,exact_arc_delta_deg,angle_difference_deg,incoming_count,outgoing_count,segment_count,length_m,unresolved_connectivity_count
boston-seaport,08fe5664-5193-42b0-b94b-435cc9f5d05b,84.59190275223692,91.17251626329518,6.580613511058248,1,1,14,24.728941149546397,0
boston-seaport,2e537f36-adfe-491a-b4fb-c5b9f6393c69,15.991672035487987,16.240956662601697,0.24928462711371005,1,1,24,44.940429793118724,0
boston-seaport,fcbfc3f3-0881-41de-8745-e8a3af07fe7d,125.2634525056792,128.0421603123564,2.7787078066771955,1,1,26,47.13876436761365,0
boston-seaport,db8320dc-91cf-4336-9a16-ebb64bc606ee,-33.73596910071064,-38.76352395146028,5.027554850749641,1,1,5,9.347708713082866,0
boston-seaport,5b9afbaa-864c-482a-9ac8-9e79948d46d1,-0.0012038906674684464,-0.022475050883240488,0.021271160215772043,1,1,12,22.825024677738327,0
boston-seaport,1fc46784-9b07-431c-9334-b2128f842e8f,0.22772522270195303,0.2608544865552776,0.03312926385332459,1,1,23,44.42711742137976,0
boston-seaport,de4a29ef-8fa1-4474-8020-ec7eed292928,-2.5910734928425305,-2.5910734928374413,5.088887490341627e-12,1,1,9,16.295004372338692,0
boston-seaport,b369780b-821d-4c0e-8fcd-c3318956eb1e,84.64664793345715,88.32238230415426,3.6757343706971106,1,1,16,30.65310949997095,0
boston-seaport,3beff812-b896-4c79-aee2-00f76cef8047,121.147471749575,121.14763792741117,0.0001661778361552689,1,1,18,34.94020368349016,0
boston-seaport,018825f8-bbfd-4f70-b720-cb5ef3cac77c,-85.69036917697198,-91.15914478611434,5.468775609142359,1,1,9,15.427993074581986,0
boston-seaport,cb0e9350-3420-4c23-8220-ca6fcd70cd45,0.29228316044237007,0.8107865698433457,0.5185034094009756,1,1,12,22.151029862850987,0
boston-seaport,dbe50883-809e-4984-ad6c-bc9504bf9e7b,85.50954328516663,93.96231613104624,8.452772845879615,1,1,12,21.608836445736127,0
boston-seaport,723eb3ee-ffbc-4430-b31a-da334a5fdf88,-89.12567553578278,-93.18393933870605,4.058263802923273,1,1,14,26.13319582926029,0
boston-seaport,3389a4a0-3c24-4220-b070-d19eafb48c95,-0.016543965210199723,-0.08089924281655939,0.06435527760635966,1,1,7,12.084148594307468,0
boston-seaport,2718740f-580e-4e4a-9a02-9b9a726cf141,0.0015475473723767473,0.026537240050781556,0.02498969267840481,1,1,7,13.922153694305388,0
boston-seaport,5c4ddfe1-21d3-4e91-bc85-23b8a4e6f855,-0.15291198504997194,0.25060945628733694,0.4035214413373089,1,1,10,18.947106343423656,0
boston-seaport,9d144abc-aaac-4442-9ef9-bbff25223505,-0.35123665310652835,-0.443137178971069,0.09190052586454071,1,1,19,36.63869465487473,0
boston-seaport,7996f2a3-53eb-452b-abd9-ead28a4c61ba,11.97760347823462,12.671936119258941,0.6943326410243207,1,1,25,48.04671338368005,0
boston-seaport,cab96530-2e57-4144-91e3-605382d0fa3f,0.05954034027920902,0.059540340274018354,5.19066524014846e-12,1,1,15,28.843123754418464,0
boston-seaport,cae10f5a-ff83-4c13-80cd-1a0a6732f1bb,-0.13991896901519074,-0.139918969016234,1.0432219355200335e-12,1,1,25,49.6503311338811,0
boston-seaport,87a462bc-83b9-46e1-a2e8-708e78162914,81.24833569482004,89.70056192271461,8.452226227894561,1,1,12,22.876807490458607,0
boston-seaport,b0737084-f87c-4bd2-ae87-6d44c94bfafc,-86.58399491518217,-89.2503142212033,2.666319306021126,1,1,16,28.4570619890556,0
boston-seaport,595b8095-1cd5-4a5a-85a6-c6125b54677f,-99.27960748582615,-105.26186932121155,5.982261835385403,1,1,15,27.86679225613427,0
boston-seaport,a00e94f2-9647-4c1d-8a67-0047603f56d0,2.528670253425074,2.3076844259369427,0.22098582748813092,1,1,13,23.42634506960318,0
boston-seaport,fb6a9957-83a1-4c64-a3dd-d1b2b3935281,77.46177620412904,87.22936208870459,9.767585884575558,1,1,8,15.272302907650056,0
boston-seaport,e306b242-4fdc-43d9-b256-206f9ae41744,-2.4728237604092436e-07,-2.472877702616641e-07,5.394220739762124e-12,1,1,4,7.54054823089568,0
boston-seaport,05b74398-ca6f-4a9d-a80d-ab5399231c8f,-81.31497883025733,-88.44561695524793,7.130638124990601,1,1,8,15.214171494519832,0
boston-seaport,7bd6b20c-cf98-4c88-9f0d-eeb0da6e5ea8,-83.21556798380158,-89.39303185668233,6.177463872880756,1,1,13,23.54695536617318,0
boston-seaport,f1c7a6c0-3535-44d0-b9e6-aa1e0c664d6b,89.88581713121522,89.88587422515903,5.709394381100471e-05,1,1,16,28.929275912034537,0
boston-seaport,48069b92-9fcb-4bee-b1fa-c9667ce4016f,-0.011112301056186493,-0.02881727837754193,0.017704977321355436,1,1,6,11.1253827998758,0
boston-seaport,f6d13084-967c-42cc-b489-e9ce7e377287,111.74524051211691,111.7576353572043,0.012394845087373237,1,1,16,29.139073848357384,0
boston-seaport,f82f6959-505a-422b-9107-fd7ae057bdde,1.3304067108308637,0.004767782352860397,1.3256389284780032,1,1,16,29.909200154589772,0
boston-seaport,39ea65e2-51fd-4aef-8ce2-82e69d35c427,-48.80035077939175,-53.91631636145677,5.115965582065029,1,1,13,24.972601236422573,0
boston-seaport,c7e1f474-e0d2-4091-9449-ce8a0f5abc8b,-93.34278157404884,-102.87275823844077,9.529976664391919,1,1,10,17.169809555534478,0
boston-seaport,36f58899-80a7-4335-b32b-e715bd472ab8,0.23995507635131227,0.14903342220388546,0.09092165414742683,1,1,15,28.978821557173898,0
boston-seaport,61fea18a-8059-4ba4-97fc-3a5eb391bcdc,-83.2214021552691,-90.76645198296691,7.5450498276978095,1,1,7,13.679264974731078,0
boston-seaport,9a9b31c1-21a3-4e5a-9999-4f211ff581db,-0.06158482859395825,-0.15305213732604378,0.09146730873208553,1,1,9,17.920796093419042,0
boston-seaport,ba7565b6-ec54-492e-b695-bc5ef536423b,-0.07018870816441905,-0.07018870817202694,7.607886798060732e-12,1,1,16,30.06362437869401,0
boston-seaport,ffa5e7a2-c36e-471d-935b-44b35123905f,0.70869967718223,0.4644013998274216,0.24429827735480839,1,1,21,38.700159935158645,0
boston-seaport,94928959-5408-4d8d-b37f-4876e1664e73,-2.4345713558104687,-2.381522455455957,0.05304890035451148,1,1,19,35.06246774818744,0
boston-seaport,fe7ef616-3f46-4788-9cd2-20ca3ff236f3,3.1675461850578492,3.513791037986014,0.34624485292816504,1,1,14,27.218720563134912,0
boston-seaport,8851faa0-f9d6-45f2-9389-840b3d756d55,82.57048497212018,89.67602009727405,7.105535125153854,1,1,9,17.857776867808557,0
boston-seaport,d3308b04-db3e-4a7c-aed7-3f646d6037da,-0.214297762307973,-0.7296707779417657,0.5153730156337928,1,1,21,40.367264397962835,0
boston-seaport,b3169bf0-522e-45ec-994d-054391e36753,-0.10593652628903434,-0.17866563273191766,0.07272910644288332,1,1,8,15.59343787411777,0
boston-seaport,03d7a405-bad0-46a8-9c84-605b46847023,-81.4474007065962,-90.40492425891951,8.957523552323298,1,1,6,10.616935767177758,0
boston-seaport,853eef68-f37c-481b-a469-8fa59f076ecb,0.6600210118453181,0.7534169482149506,0.09339593636963246,1,1,9,17.89663493732751,0
boston-seaport,16c2233d-6a49-42f2-a269-e8374ebb89d3,-0.2097493743786765,-0.20974937437231536,6.361109362927033e-12,1,1,11,20.446178194439174,0
boston-seaport,9ce8f690-5608-4ade-9031-7a367a027c4a,0.8260693210131067,0.8260693210114528,1.6538884343610287e-12,1,1,15,28.89291427911079,0
boston-seaport,d181445e-9424-4613-afe3-ccfec4afc049,4.797626893611502,5.076152767936216,0.27852587432471393,1,1,24,45.16818682034499,0
boston-seaport,626100d0-2cb9-4b6d-9e3c-de9a27c21e8b,-87.80252075434038,-88.4067103506423,0.6041895963019306,1,1,14,25.00725857903464,0
boston-seaport,155ca085-6c46-4eaf-bd82-d5c781dbf8e7,-0.0016518071502402373,-0.011397376709325483,0.009745569559085246,1,1,6,11.495902372464005,0
boston-seaport,067165bd-d384-4479-aef4-3ba58d228b26,124.48413665904091,131.91388684768106,7.429750188640148,1,1,14,27.753731971150113,0
boston-seaport,77d3f4ea-c68d-43c9-b889-fdf9faf91053,-85.1877367763933,-89.81023772685293,4.622500950459639,1,1,11,20.27552188889627,0
boston-seaport,6c661343-2dcf-47be-bf26-078947308955,-85.21157646000101,-85.21178382808655,0.0002073680855466536,1,1,17,32.48185445733328,0
boston-seaport,25bacf43-fdb7-4476-b778-53fce545ebbd,85.8918580465299,91.61679654228239,5.7249384957524825,1,1,12,22.79517134189358,0
boston-seaport,d08aeed8-08ae-416c-9102-c40544062327,-62.162565510997574,-68.05745787574646,5.894892364748881,1,1,9,17.50637600045281,0
boston-seaport,7c8a1418-552c-43d9-b11e-b64314f01107,81.85523468739886,89.24609882549169,7.3908641380928195,1,1,11,20.73828579427417,0
boston-seaport,9728f117-a579-4773-a230-0e0c10960379,-74.14540993592394,-80.53492720591134,6.389517269987397,1,1,12,22.12579303362593,0
boston-seaport,87d36b52-7cc5-4e5c-8728-257f73202499,-0.014153766448650943,-0.014153766447989387,6.615553737444115e-13,1,1,22,43.134869070757766,0
boston-seaport,1d821cea-1435-49ca-9a12-454851b7a780,-82.52356759546707,-88.86930853701232,6.3457409415452375,1,1,11,20.502150590023675,0
boston-seaport,fd95d83a-0987-4f0e-b237-b1d92589db08,-0.17946428224197122,-0.23997339226610928,0.060509110024138064,1,1,15,28.29805957021588,0
boston-seaport,a675ce3b-1060-41f0-b762-4b0748af154e,82.39779558622703,91.84997534487611,9.45217975864907,1,1,9,16.468483013549687,0
boston-seaport,dc78cf22-8a55-4783-9989-aeda671bf89b,-82.49019942156207,-90.70168683797147,8.211487416409389,1,1,8,15.066957711721424,0
boston-seaport,7f52dd91-2577-4d49-84a9-65d1bb5a2aa1,0.036590348293790195,0.03659034829394286,1.526666247102488e-13,1,1,9,16.284621657156645,0
boston-seaport,39044f34-b5fa-42ee-b472-7bb124c9fb1f,80.52112953400255,91.18092713676701,10.659797602764458,1,1,8,14.489299115991047,0
boston-seaport,f5612f55-46c6-4f65-9be5-d0b979f3e4ba,-0.15782464674310984,-0.1578246467357055,7.404331298447066e-12,1,1,17,32.617464526702655,0
boston-seaport,bd378dda-dac2-47d5-8f44-6894907be684,79.20663351492799,89.60100995504482,10.394376440116828,1,1,7,13.72033946246043,0
boston-seaport,1fa7c707-3671-44c9-bb57-2403001f05d6,1.8374038842537144,1.8797538193763295,0.04234993512261525,1,1,25,47.05419227211069,0
boston-seaport,02ac92a3-f81b-4da9-860f-fe2f452bbdfd,-0.019830728684199873,-0.08821702050194978,0.06838629181774991,1,1,12,23.651947845198688,0
boston-seaport,23c2038d-fb90-4fcc-ac28-3cf415dfe58c,-0.39738397359888994,-0.3994528933532286,0.0020689197543386664,1,1,14,26.758234216408034,0
boston-seaport,0262e73a-6a16-4367-964c-82af091a15bd,68.96976941533532,71.43868944895414,2.4689200336188226,1,1,19,35.89549165439096,0
boston-seaport,03b179fe-fa3f-4cb5-b92f-e5142b0fe34c,0.10301734489175678,0.10692516338430225,0.003907818492545466,1,1,6,10.371570032117429,0
boston-seaport,a8bd72aa-c845-4bc1-a29c-6cfd6ee596a2,-0.8894876542337904,-0.8610731784687,0.028414475765090444,1,1,17,33.34931305278217,0
boston-seaport,eff6c660-4a30-49c4-a436-ccdc6bf72f88,78.90999142357204,84.63177698395393,5.721785560381889,1,1,10,19.314880502925377,0
boston-seaport,efedc9a8-d27b-496e-876e-a47c54cc4465,67.87501660085033,67.26128493464643,0.613731666203902,1,1,23,43.94508087859449,0
boston-seaport,cb778ae4-6c62-48d2-9f6e-2434ea0648ca,1.0735878738533478,1.0735878738540858,7.378886860995359e-13,1,1,10,18.148615872475446,0
boston-seaport,0aad1380-534f-455f-af75-37eb49b99be3,87.3515078659773,89.96122055368953,2.6097126877122268,1,1,20,36.67122192702579,0
boston-seaport,cad32818-b94b-46f3-947d-50ac67323b6b,-0.0020419688022272064,-0.019859190153788203,0.017817221351560997,1,1,7,12.517831372727041,0
boston-seaport,04be6416-ecd9-4e4a-ba86-2411c1da9293,19.341611385281354,20.283839194461887,0.9422278091805336,1,1,17,31.253513999991736,0
boston-seaport,1c52102c-e43a-494d-b792-40ce132113e7,-85.55978662263254,-92.3102700102332,6.750483387600651,1,1,8,15.014723711330396,0
boston-seaport,673346ae-bf75-4c72-953d-0f37d589eda9,-51.78633793675374,-61.40694464643759,9.62060670968385,1,1,6,11.682128458760836,0
boston-seaport,e1db7566-333b-4ad4-9241-13a6cdec6768,85.63193264577333,85.75016960347651,0.11823695770317069,1,1,16,30.237239558508602,0
boston-seaport,bc3ad596-ba75-4697-971a-8fc60aaac525,-81.32221601669403,-90.75482683394907,9.43261081725504,1,1,6,11.338930642572969,0
boston-seaport,4bb7213d-b421-4101-aa95-bf8865c1cfc1,85.9138122802058,90.42452749033262,4.510715210126808,1,1,11,20.205646712479787,0
boston-seaport,c59fc9bd-029b-4fc1-bafe-1586bcef4bb9,-1.3275586154781251,-2.0432493851024742,0.7156907696243492,1,1,12,22.94494838849414,0
boston-seaport,2117599f-5ff0-4a43-9cfe-cb8a12736bb5,0.36745958785597366,0.3674595878550831,8.905553108097847e-13,1,1,12,23.280539278914993,0
boston-seaport,871863f0-aaeb-47f9-88b0-fe3cb5dc9978,71.96218119430537,78.47852334127218,6.516342146966807,1,1,7,12.077656443797562,0
boston-seaport,59d8a6f7-2c38-40c8-a82b-7207dbe620b5,-1.3714358621384453,-1.413673479595569,0.042237617457123705,1,1,25,47.30673771798297,0
boston-seaport,6147114e-638c-46bc-9e2d-655cd67df99e,-87.62837632684803,-87.6287572575348,0.0003809306867623024,1,1,13,23.61548554981864,0
boston-seaport,f19e4303-88b1-4b17-8d39-e328e47c27ac,0.4248734431374532,0.5855185848548744,0.16064514171742122,1,1,9,17.182100438399512,0
boston-seaport,aea35228-581c-4d10-9240-19c66f8235c6,86.3763963563855,89.05699191185616,2.680595555470667,1,1,14,25.278367229001596,0
boston-seaport,ac78c7d9-0bd6-4162-9c45-2490aaca8c64,0.0646822646345263,0.06468226463274519,1.7811106216195693e-12,1,1,17,33.248491617162585,0
boston-seaport,7923df22-37fb-4f19-90c5-4b8557f5b473,84.1484222508001,91.81712614875777,7.668703897957675,1,1,7,13.599686730541318,0
boston-seaport,163ca7a3-fe12-4949-85dd-b2ac82b7b99d,0.009093143187122189,0.5047225033799664,0.4956293601928442,1,1,6,10.915067928220678,0
boston-seaport,bc49f707-e440-4864-8777-401343897fa4,0.05707904526494018,0.09444509266773848,0.0373660474027983,1,1,7,12.6528834989882,0
boston-seaport,9148b969-d159-487a-ba18-c7be12234570,-1.2687445586189026,-1.4289926744293906,0.16024811581048803,1,1,13,23.05579935891492,0
boston-seaport,9f7cc35a-d727-4267-b9f8-30f20ababff8,-0.08873463769798338,-0.17023947117838095,0.08150483348039757,1,1,21,40.9218399304346,0
boston-seaport,781da098-0e6e-443f-89a6-3e1a041bfddb,84.12212038971514,88.80444948039239,4.682329090677245,1,1,11,20.165735138593163,0
boston-seaport,55749b90-440b-406e-927f-3d0379c4e661,-0.10375458522450706,-0.10375458522437983,1.2722218725854067e-13,1,1,5,8.342596407729731,0
boston-seaport,56a24364-84c7-4973-9f72-cadf0abdc5d3,-1.1803904972585475,-1.241588967588542,0.06119847032999457,1,1,21,41.210640132890084,0
boston-seaport,1a47bd9b-2463-48f5-99d4-501cd86995b6,1.8683998589389341,2.0083890249978302,0.13998916605889594,1,1,10,18.93170469116333,0
boston-seaport,b1fc550e-9ec4-4851-bfa6-53d37eeff544,19.635683369885,21.846711619167753,2.21102824928275,1,1,18,33.912637923589955,0
boston-seaport,86e2c5be-a140-432d-a992-30d23ee67124,-168.24775387118004,-179.57392409538002,11.326170224199975,1,1,20,36.568658800244364,0
boston-seaport,c340c297-c188-4c46-8acf-46310c3f677d,86.76439298730102,91.88285891498487,5.1184659276838325,1,1,10,18.031004344201826,0
boston-seaport,d1de9b20-17b6-485e-b90e-6f04694d2446,-0.747911829590656,-0.7479118295948034,4.147443304628426e-12,1,1,8,15.936370978479108,0
boston-seaport,afb9984a-78c5-4893-9733-0abce8f36468,-0.5293995673224419,-0.529399567323307,8.651108733580766e-13,1,1,20,38.034767171838396,0
boston-seaport,f36d1e61-d346-46a1-918b-de15f906bc98,84.7485592895664,92.67911236530944,7.930553075743041,1,1,11,19.61580340292488,0
boston-seaport,2e52085b-9f9c-47e3-882b-039152cacd2a,101.11740053649964,101.11756731108409,0.00016677458444504608,1,1,25,47.29152775259098,0
boston-seaport,d85a35bb-ef71-4564-8cef-1078cb9da2cd,0.14754313916127254,0.14754313916208678,8.142219984546603e-13,1,1,6,11.591082530356639,0
boston-seaport,a9708b2f-3c6d-41d6-847e-b8633bf22311,81.8209213525787,88.32375556266787,6.502834210089186,1,1,8,15.432451647147463,0
boston-seaport,fd060057-9781-498f-a14d-eee4d71b5398,-79.04237970932981,-81.88994068889936,2.847560979569542,1,1,17,32.943641567961315,0
boston-seaport,c22bb993-0943-4528-a163-0923a44702c4,0.1348721163770245,0.23246505251951965,0.09759293614249515,1,1,14,26.89267202973707,0
boston-seaport,053a9598-990a-4b48-b99d-2cffe580a80e,-0.2619698611975276,-0.26196986119686605,6.615553737444115e-13,1,1,20,38.285321422665525,0
boston-seaport,96310842-3449-4da2-a1d0-1e9a565b2409,79.20725605819993,88.4919372140649,9.284681155864984,1,1,8,14.063657681368632,0
boston-seaport,b9658dac-e66e-4651-9947-18ab78706ab4,-0.0009392335131675241,-0.004306491861080657,0.003367258347913133,1,1,10,18.815843703825497,0
boston-seaport,1655df9b-7a54-4925-9f44-474bcef2a804,1.1311817451069108,1.131181745107267,3.562221243239139e-13,1,1,13,25.24560598708969,0
boston-seaport,0753a9d4-1c51-4217-965c-93e564be6106,-86.11645796415057,-89.61657813730528,3.500120173154717,1,1,12,21.606158261694343,0
boston-seaport,ff342c7f-92b3-4524-bcf4-924b21e1c289,-77.08155840200074,-89.84787681202774,12.766318410026997,1,1,5,9.447827188455078,0
boston-seaport,2ada2114-9cf8-44e5-9cc1-f07a98293e55,-77.00712758390962,-89.38910852230255,12.381980938392925,1,1,7,12.130707784240355,0
boston-seaport,6d494112-b193-4917-b4ce-c7ad1e5cd963,0.08807451424797055,0.08807451424789421,7.63333123551244e-14,1,1,10,19.15539127161388,0
boston-seaport,7f25b911-17ec-4171-a242-8509d56f7be3,83.29532728565088,85.00022983687994,1.704902551229046,1,1,27,49.77369714436995,0
boston-seaport,00c768ff-2a8e-4f90-b398-7ac9df6b90d1,0.24676936099026686,0.2467693609873153,2.9515547443981437e-12,1,1,9,17.17637030135149,0
boston-seaport,10d25e5d-ef2d-41ed-a44e-87fa614812ca,-76.08234609613704,-85.50254814799632,9.420202051859285,1,1,6,11.904053731498795,0
boston-seaport,d1912fde-7fbc-4c56-be4a-a4a621863ab1,86.35715897223616,86.35717888250939,1.9910273221961363e-05,1,1,24,44.77256827370607,0
boston-seaport,15f865b5-1609-4f66-aebb-0c7eca16c4f8,-80.19077064924896,-86.9154265170509,6.724655867801952,1,1,10,18.99637671191681,0
boston-seaport,262751e8-8dc6-4124-86fb-90d5eb9a7ea3,-85.65456354486949,-92.3383602119608,6.6837966670913085,1,1,11,20.8858285407591,0
boston-seaport,dc169455-0c3d-4979-b63e-478698a4a603,0.049523146000735596,1.028057051271624,0.9785339052708883,1,1,6,10.616616390228117,0
boston-seaport,aea286d9-e258-4b9e-b488-94328f417daa,-52.095461164690605,-58.90944184125552,6.813980676564916,1,1,11,21.044614572444356,0
boston-seaport,b779287a-260c-4b6d-9d2a-0f8d529f7855,85.64404040441914,85.73028964797187,0.08624924355272744,1,1,31,57.96018567433526,0
boston-seaport,8dcc507a-67d8-419d-90d3-9104e5050840,-0.33677035568632135,-0.3367703556876699,1.348555184940531e-12,1,1,9,17.382990120960788,0
boston-seaport,c64f6ee2-a78d-499f-92b4-d2ed1aeb8341,-87.92029786687921,-88.32107531156251,0.40077744468329285,1,1,15,28.0712650478298,0
boston-seaport,6dd4d6ed-fbf6-4908-8c35-0c9a2eba7f1c,82.92430459729312,90.70742099882942,7.783116401536306,1,1,8,14.862129815677822,0
boston-seaport,8b1bb0d7-cd6d-4604-9cd8-9945d6e0c789,-28.832699787076244,-33.98061642155689,5.147916634480649,1,1,7,12.336098187379521,0
boston-seaport,954de437-ec07-4967-a5ac-d04402abcaf2,86.71026122099221,92.02824752367013,5.3179863026779195,1,1,10,19.719615285607173,0
boston-seaport,adc79631-cbc3-4d87-8719-24eb644b230a,0.17902951468442369,0.6039039970713505,0.42487448238692677,1,1,11,21.995027796039093,0
boston-seaport,75829658-59b9-483c-ba8a-f9b0615690b5,78.90512342940532,91.84899569550524,12.943872266099913,1,1,7,13.74768997552511,0
boston-seaport,08a92366-a748-4fe5-9c82-fd89480e1d8e,-10.119278384187828,-11.361814068957125,1.2425356847692983,1,1,8,15.033038356199437,0
boston-seaport,f2ba81d3-0692-48a1-8458-371647bf600d,67.6289729529196,67.89444566671006,0.2654727137904553,1,1,21,39.16267297888994,0
boston-seaport,3e6d10eb-80ef-4865-8094-7693096058a3,-0.727158409370709,-0.7271584093710397,3.3077768687220577e-13,1,1,4,7.6982775650816055,0
boston-seaport,e79847eb-3f28-4db5-8752-7f52f59a03f2,-65.79138010313676,-69.70168554978565,3.910305446648903,1,1,10,18.384053238564512,0
boston-seaport,8055f7cb-4bb5-49eb-9b9e-0e8b08001199,-84.99921659798558,-92.97770255416732,7.978485956181733,1,1,11,20.63765034576963,0
boston-seaport,f227391d-48f9-4b9d-9274-a72bd5441857,-83.68830600368138,-90.16931807471404,6.481012071032661,1,1,8,14.939148729285602,0
boston-seaport,19ccf991-8b2e-4aa4-92f0-d019c57bd8aa,-80.97420686903999,-88.61536478726745,7.641157918227463,1,1,7,13.671668380986231,0
boston-seaport,e6c2b73b-2871-4127-a5fd-8236eb483139,-83.87374578849749,-89.84318737176943,5.969441583271937,1,1,17,31.439068786411585,0
boston-seaport,fa148f58-60d3-4b75-8d7f-dc691e294e4e,67.2823551051954,65.87270656080658,1.4096485443888245,1,1,25,47.52903973219922,0
boston-seaport,c368204b-d6e0-4195-883c-c0b034144d81,0.3038404978261181,0.4135001636887196,0.10965966586260151,1,1,20,39.19986056106609,0
boston-seaport,5f26f20a-72ae-4b74-93c2-094fdd540978,-0.5570082901056106,-0.557008290112964,7.35344242354365e-12,1,1,10,18.25850824941481,0
boston-seaport,2043a0a4-79ae-46d3-b328-f6b7733a97ab,88.47411175245607,96.11293861522307,7.638826862767005,1,1,13,24.020108313728162,0
boston-seaport,ece92542-c4dd-488a-8638-c7d10dd0826d,-64.09989347182477,-70.10484452788694,6.00495105606218,1,1,8,15.924912874376517,0
boston-seaport,e084d056-acfa-421d-a0ac-46e8b8ff2081,-9.162839422722785e-05,-0.013034266318414414,0.012942637924187187,1,1,7,12.342561725218468,0
boston-seaport,9c30cba6-66c2-4be0-b7f7-387ba8196991,66.7895111772068,66.78955935618679,4.8178979975937596e-05,1,1,23,43.42698067624799,0
boston-seaport,2b26b021-9cb3-4dc3-890b-fe3d3acfc73a,-0.006750782709111868,-0.051429062969052634,0.044678280259940764,1,1,7,12.620218323161534,0
boston-seaport,5c892e70-68eb-419a-b722-3910b3ac34d1,-2.4707145249451536,-2.561924353186596,0.09120982824144218,1,1,13,23.739455706586764,0
boston-seaport,8db08c8c-4afb-4348-88b4-ddd4574eccaf,86.0847883251545,88.69558675627441,2.610798431119903,1,1,14,26.69875651220164,0
boston-seaport,128174e7-a140-4b02-bb85-10d9c858e0b4,-0.9204366975917326,0.36729740892429846,1.2877341065160313,1,1,20,37.83496546443953,0
boston-seaport,d1eea70d-0279-4020-a4e5-0a10e510ea25,-0.13335254574403899,-0.1333525457454893,1.4503329347473637e-12,1,1,4,6.463036359211831,0
boston-seaport,bd93f36f-89a9-4977-8815-46c95a5713ea,-32.350806065065704,-39.00768109298887,6.656875027923161,1,1,11,19.737300489468872,0
boston-seaport,c3c3c585-0d6f-4e47-a351-939cb037f3de,-7.793752203769309,-8.36034981155857,0.5665976077892619,1,1,9,16.168011412320034,0
boston-seaport,35747210-b4c5-469e-ac17-88eda0cee17f,-5.529091524918648e-08,-5.529119513799846e-08,2.7988881196878945e-13,1,1,7,13.73527450676916,0
boston-seaport,afb92666-aa9f-4c88-94e3-0e8e1c236cd6,-77.51345972403874,-84.30757499772486,6.794115273686116,1,1,8,15.692056550499217,0
boston-seaport,77c12622-7810-43ac-8be7-2ed3e5a56ec4,74.98570079241078,84.40980626856842,9.424105476157632,1,1,8,15.95209473675019,0
boston-seaport,9fd0ede7-4730-48e3-b6ab-03c4126e1858,-0.1109392506909294,-0.11093925068952996,1.3994440598439474e-12,1,1,12,23.43362976863116,0
boston-seaport,28fe4a4e-c3ac-4052-a3a7-5ee2445ecc9d,-0.5794593250677137,-0.5794593250684261,7.124442486478278e-13,1,1,15,28.182099885462794,0
boston-seaport,b3b0ed8a-c1a6-4fe9-afd8-c237b0b49f33,-60.64549386689833,-64.36908921026073,3.7235953433623927,1,1,10,18.534900699927945,0
boston-seaport,521a3779-3a31-4d86-8855-72d9e222b78c,-0.0233023563612055,-0.01994981698928524,0.0033525393719202575,1,1,20,38.238504957448455,0
boston-seaport,9f334175-b405-4527-9c90-54a559c1a99e,83.79099733452283,84.10835340477966,0.31735607025683327,1,1,23,42.88213880365592,0
boston-seaport,60ab91de-9cae-42d4-b829-a6ce04cf5c7a,-17.483487243730846,-18.848362992706825,1.3648757489759786,1,1,28,52.899780535459485,0
boston-seaport,909b3187-5e90-48a0-977d-a6f24c924686,0.4022036388562731,0.40220363885227833,3.994776679918177e-12,1,1,21,40.200976530758446,0
boston-seaport,5a1209c6-4157-47c1-84f3-410589a5c782,-80.9372566272007,-89.1362217557831,8.1989651285824,1,1,8,15.030840257991464,0
boston-seaport,72ab8cac-a0da-4507-8f7d-6cbe99355a2f,0.09968139922997107,0.09968139923358418,3.613110118142555e-12,1,1,18,35.658268318571096,0
boston-seaport,75f8b426-6bcb-4d4d-8163-915873479a96,2.483906536478227,2.307099976220283,0.1768065602579442,1,1,24,46.95230738680029,0
boston-seaport,cd576c0d-d321-4648-a1e1-7a1b801d491d,-87.22084282409054,-92.75703212435508,5.536189300264545,1,1,11,20.43851078107499,0
boston-seaport,bcc6d571-82e2-4c7e-a4aa-174103518740,-85.04018061504127,-90.26161820797978,5.221437592938508,1,1,10,19.563210169795617,0
boston-seaport,41070c08-e409-4091-849f-ca5a62376c0c,-86.13396349973425,-90.17838176084727,4.044418261113022,1,1,12,21.975478542905748,0
boston-seaport,87cd3680-9026-4b36-9db9-3e6aebafd31a,-0.02044102068560201,-0.020441020680640343,4.961665303083086e-12,1,1,16,31.211756366003364,0
boston-seaport,72379555-af05-40f6-acd3-5fb45093546d,84.39935314560555,87.8844609631632,3.4851078175576653,1,1,8,15.47262955812509,0
boston-seaport,821a63ca-23f8-4c68-b5d7-f944ab6db407,89.89156489917521,90.3449380571355,0.45337315796029043,1,1,21,38.44406005091627,0
boston-seaport,c0bd1866-e03d-42fb-829a-d81fd55e1680,-82.79267281284092,-84.44455452459749,1.6518817117565687,1,1,12,21.435295591818274,0
boston-seaport,2ab59d58-c976-453d-ac0b-1e63d1a368a5,0.10523114826625454,0.12339313154573077,0.018161983279476223,1,1,9,16.378462607857834,0
boston-seaport,5a07b10f-e3ec-4cb8-a2b8-def81771b5d9,0.6834265140592809,0.7648236964694579,0.08139718241017709,1,1,10,18.542078658761817,0
boston-seaport,33f6a471-4b9f-43dc-827a-ff2b6953fe8a,-83.56128969668495,-86.42459690352831,2.863307206843351,1,1,14,25.91081248719335,0
boston-seaport,bd0f1f27-3d1a-4145-8446-30bba166c48e,-4.688617176634486,-5.01051987604932,0.32190269941483374,1,1,9,16.483588420006335,0
boston-seaport,df07fec2-eb5a-4cbf-b6e9-929d421bda5f,83.30743919268822,87.97890304319466,4.671463850506451,1,1,12,21.67204675574882,0
boston-seaport,64a4b3ee-62c2-4e64-914c-45c00f0761a7,0.6315416133594599,0.5814103205375653,0.05013129282189473,1,1,14,26.70194486455223,0
boston-seaport,692d1357-554c-4997-8ad3-95cfbb79c04c,-0.1350328137729968,-0.190859232437761,0.05582641866476419,1,1,12,22.245208143795836,0
boston-seaport,6f753469-dcac-4143-8a47-0768b8bb1093,-80.85338538899182,-87.04568827628903,6.192302887297191,1,1,8,14.808936156848237,0
boston-seaport,0a50d06c-60f9-48d9-b026-1cb7883e39ad,-0.0003210149764656751,-0.00447188770443417,0.004150872727968494,1,1,16,30.790213337442882,0
boston-seaport,1b2b5a03-70e3-4baf-8804-c21fddf274fb,-92.26868720171936,-100.16237688851972,7.893689686800352,1,1,9,16.256014340637865,0
boston-seaport,417aeeee-10c9-4a9c-a9d5-0f24867f68d6,0.0226438949197358,-0.07186375859247715,0.09450765351221295,1,1,23,43.34650625180825,0
boston-seaport,da8edcf6-264c-4623-8153-53584a6a634e,-1.9551005553184293,-2.061598734974593,0.10649817965616364,1,1,13,24.683714310612867,0
boston-seaport,1d439f9e-9479-485a-aa7c-620a7193c11f,0.19210060130782788,0.19210060130609768,1.7302217467161532e-12,1,1,12,22.702492276733853,0
boston-seaport,6cf0d458-81cb-443d-89d9-59f935953017,73.28151829827416,74.0468212043113,0.765302906037133,1,1,28,52.81892075093628,0
boston-seaport,1df2ec80-bfa9-48e2-9719-c90cc8453ee2,90.31081811792235,91.63117946082426,1.3203613429019072,1,1,23,42.52035791596474,0
boston-seaport,29bf7cc8-feb4-4318-b175-aff804b5d3dd,0.001328248801062097,0.00454851772495964,0.003220268923897543,1,1,8,14.059590186550466,0
boston-seaport,8a21fea8-c144-4108-b907-cb7c11e191fa,-0.5885111603613068,-0.5885111603590168,2.289999370653732e-12,1,1,9,16.069959481491125,0
boston-seaport,d7f4b1ec-5231-4165-8bf9-a478bb429e63,-81.21335285002871,-90.95437864933935,9.741025799310629,1,1,6,10.00582763028618,0
boston-seaport,623a6ebe-b290-4825-9e90-c5c4d5fb9637,-0.17094476955658564,-0.1709447695550844,1.50122180965078e-12,1,1,16,30.973470721297346,0
boston-seaport,344674de-112e-448c-aa16-55d08d9a656b,-0.4809231910368175,-0.48092319103786074,1.0432219355200335e-12,1,1,8,15.381764327011949,0
boston-seaport,8245d394-389e-4006-9146-e877055e0b3e,89.81733074305797,89.8173802547504,4.9511692436343196e-05,1,1,16,30.829021636713783,0
boston-seaport,094548ca-23f1-413d-9082-f3a726629aee,-104.80589896440526,-113.91927169672257,9.113372732317314,1,1,10,18.604858687785217,0
boston-seaport,46ebf784-79aa-4523-ada2-b437b6d2fa63,90.47204814893283,92.13324220325812,1.6611940543252859,1,1,15,27.878398861959425,0
boston-seaport,cc5c770f-c530-43d6-a4b0-93c768cdbeb7,82.91006373329031,83.99759134162377,1.0875276083334484,1,1,22,41.8385193722458,0
boston-seaport,5dde81b2-f0b2-4e98-af42-32e51fb9e902,0.056552146159567135,0.05655214615315514,6.41199823783045e-12,1,1,7,12.057923630465815,0
boston-seaport,0497e868-298a-4cf3-9471-a05698501f98,80.72593427929873,80.73394741673997,0.008013137441238221,1,1,11,19.768819206783114,0
boston-seaport,acbae3c6-6813-4fa7-9d2a-84530c37cf35,-4.0796627366247975,-4.496087973561577,0.4164252369367804,1,1,17,31.550259949411487,0
boston-seaport,fc0cbac6-f6cd-4a83-87f2-ed18c307e1ff,16.07001664465386,16.980078398780734,0.9100617541268745,1,1,15,28.550156208939192,0
boston-seaport,dfb56511-6aaa-40a5-be3d-70fc105cf69c,1.8644689893684216,1.9755597811082015,0.11109079173977988,1,1,20,38.4524911015284,0
boston-seaport,56b6b6ca-c6f7-4202-9442-4a58ea0de6bc,-84.60096422635252,-90.89551362816968,6.294549401817171,1,1,9,17.139741999976604,0
boston-seaport,baea3f60-f991-4522-a838-88d7ce48bdc0,1.5237320571410624,1.6234086149588645,0.09967655781780194,1,1,14,27.487545316832815,0
boston-seaport,446fba9e-628e-4579-9f1f-78cd11b1bb94,-0.1665189931246241,-0.16651899312271576,1.90833280887811e-12,1,1,11,20.157807763772723,0
boston-seaport,b60f03db-a53a-4e12-a2b7-e056bf2fe2d2,1.4618659849756297,1.461865984973645,1.9846661212332344e-12,1,1,10,18.71132723124345,0
boston-seaport,763d0304-d355-43ea-8ca2-5d2b6ed533b9,-0.010741527974472084,-0.03375365125862398,0.023012123284151892,1,1,10,19.745352095691224,0
boston-seaport,7c3057c3-a131-4507-9939-440b0f61cf7a,-0.0805887453429948,-0.08058874534057758,2.4172215579122727e-12,1,1,3,4.580849637330571,0
boston-seaport,42bf6753-b2e6-4aa1-b02b-b19942b48c42,-0.15571666770803938,-0.1557166677078867,1.526666247102488e-13,1,1,6,10.469512254239726,0
boston-seaport,c7e23335-8dd9-4bf7-909a-fc805ed253db,1.4247960440159715,1.5362745362767147,0.11147849226074323,1,1,27,52.53294507955007,0
boston-seaport,e3ae44f9-903f-4600-867e-4fd4c5055d4d,-2.9927226089223002,-3.2528804783490273,0.2601578694267273,1,1,19,36.04926527858391,0
boston-seaport,dc18c231-2f7e-46a7-8bab-8493158ed882,80.68817536473553,82.8595252476548,2.1713498829192655,1,1,23,42.29963966338036,0
boston-seaport,b0585ccd-bc27-4f50-a537-46eb1a52258b,-8.726822251231551,-9.611793668776762,0.8849714175452117,1,1,15,28.455155290701356,0
boston-seaport,bf9451ee-b9f6-4662-9bbe-ff241039b955,-0.008402541742012552,-0.028552952103519852,0.0201504103615073,1,1,6,10.323470400893363,0
boston-seaport,6d09cdf5-d37e-47d0-823c-c9529e801d94,85.94840874725749,89.88549785174469,3.937089104487201,1,1,13,24.329713977455153,0
boston-seaport,155260e8-ca71-4580-95e1-ca6bcc1ed807,-80.6403206898264,-89.87482878345013,9.234508093623722,1,1,6,11.236849024606641,0
boston-seaport,31b6de98-bc1b-47ea-a10b-075b7e80ace9,-75.895161080196,-89.75872859513301,13.863567514937005,1,1,5,9.580455523946666,0
boston-seaport,bda8e372-cca6-4193-a2fe-4efa60f907cb,1.9371573528225048,2.185060469040317,0.24790311621781208,1,1,10,18.647157128671633,0
boston-seaport,330c3e4a-7658-4ca7-b479-f2666298001c,-80.89890823197491,-90.30292557214896,9.404017340174045,1,1,11,20.659249230061807,0
boston-seaport,1c9c653e-a7a6-4cbe-9350-bbce2717373c,0.4694855060249731,0.4694855060261435,1.1704441227785741e-12,1,1,7,12.312946210465444,0
boston-seaport,a3aa1eb8-2bd5-45f9-9d31-901be06b1513,-73.06998886255644,-87.675915527132,14.605926664575557,1,1,6,11.232171593715274,0
boston-seaport,7f8956ff-558c-4b50-adbe-64d09268fc68,-8.742788587315424,-9.254644451753496,0.511855864438072,1,1,20,37.06030305752681,0
boston-seaport,fbd992e7-ae02-494a-8054-efa6dfa27474,-59.13274420869021,-65.52752760946107,6.394783400770873,1,1,9,17.179023045272558,0
boston-seaport,38220ffe-7a3c-438c-9ae5-a92ec0febf1b,86.45878477473471,92.05251406099381,5.593729286259102,1,1,15,28.71190347929199,0
boston-seaport,c3555579-77a1-43d1-8e84-b2718eb0221e,73.79109943863602,78.67322703180825,4.882127593172217,1,1,10,18.16451497374597,0
boston-seaport,504cf93e-9dcf-47bb-b25f-415f50bde96f,-0.6520007045077013,-0.6520007045058948,1.8065550590712775e-12,1,1,18,34.91725873592573,0
boston-seaport,fa8cb5a0-c36b-41ed-a89d-93f650bea395,0.01800264526122588,0.08208423176787592,0.06408158650665004,1,1,2,3.3428186410307643,0
boston-seaport,820e4106-2a8e-48d9-8428-76d704196610,-0.7559163912034804,-0.8499185206160185,0.09400212941253809,1,1,7,12.356744290145217,0
boston-seaport,e44fabc0-cedf-4c3e-9c92-f15d15e780e1,-0.7458683868643022,-0.10465172835828146,0.6412166585060207,1,1,17,32.075790473545595,0
boston-seaport,65bea406-3713-4399-8db4-fa79dc82ebf8,-0.5207691742275344,-0.5207691742285268,9.923330606166172e-13,1,1,19,36.86507016642725,0
boston-seaport,ad617542-b0ce-499c-86a2-6e19832cfc18,0.1609519708582707,0.16095197085903404,7.63333123551244e-13,1,1,7,13.09784224868457,0
boston-seaport,a67ea127-fa86-4bd4-8bec-2a50ab46fa0f,-94.91242868310964,-94.91258295758566,0.0001542744760150397,1,1,14,25.596370261538063,0
boston-seaport,e931e90f-5089-46ec-8e63-9b3e89f6585b,-0.018179551324548553,-0.035441594185537356,0.017262042860988803,1,1,6,11.48273449593582,0
boston-seaport,f91ff7a0-32ac-42c4-bfbb-6f1542369c94,8.219149460071221e-07,0.0002618555081823256,0.0002610335932363185,1,1,7,12.734874044710901,0
boston-seaport,73e15b62-a8eb-461a-8b4d-2c6df97a38cf,3.94783723970714e-06,3.947835255041019e-06,1.9846661212332344e-12,1,1,24,47.15414175914,0
boston-seaport,5286ef77-f20c-430d-9b6c-1601c2059b0e,78.85165411522799,86.26041515073516,7.408761035507162,1,1,9,16.31865150847826,0
boston-seaport,5e60035e-1777-424f-bb52-59f83357209f,-0.04580962384156766,-0.0458096238406771,8.905553108097847e-13,1,1,17,33.21160966057679,0
boston-seaport,968d8586-c7f5-43ca-8512-6ca73ef1987f,-45.11687982169019,-47.16010461425836,2.043224792568172,1,1,14,26.596493632987208,0
boston-seaport,f384cb64-19d5-405b-9e27-8491bb25f02c,-9.424981350235506e-06,-0.00011292045714055166,0.00010349547579031616,1,1,4,6.899246698929706,0
boston-seaport,b7a797f8-d132-4813-a8b6-9cc328fcebed,64.94335384765033,69.07695778933808,4.133603941687761,1,1,12,21.0790275114999,0
boston-seaport,f0121fba-7c47-48b7-9a4a-f21a0b7bad64,-0.06621961294813387,-0.06621961294859188,4.579998741307465e-13,1,1,7,12.303569347433886,0
boston-seaport,f5c9b678-13db-4eaf-9bdb-75a7680ef948,0.4316600268966764,0.43166002689761784,9.414441857132009e-13,1,1,11,20.571234478843657,0
boston-seaport,3967489d-3ac2-40e0-b39e-370e00eefe16,-0.10627877212904527,-0.16637848820727452,0.060099716078229254,1,1,9,16.60322805493982,0
boston-seaport,75b14938-e52e-4607-b7a6-a5e9e0fb8f8f,0.8441010780537693,0.9293878889753758,0.08528681092160648,1,1,17,32.275909405013785,0
boston-seaport,6c715c93-2741-4e51-a865-58d43880ed24,-83.16470566752295,-83.72089217821885,0.5561865106958879,1,1,13,23.628792535341862,0
boston-seaport,aa6e659e-2bec-45e9-913a-356ce3091844,-10.358710591318605,-11.181091725526409,0.8223811342078048,1,1,23,43.71849719127716,0
boston-seaport,337f1dff-5d30-4c0f-bf61-0ae20643fce5,81.00945870172481,81.20880128786808,0.19934258614328385,1,1,27,49.00163698006148,0
boston-seaport,37c0eb0a-1aac-445d-8657-6a7a726a2cdc,0.0002349161959341113,0.00023491619822411065,2.289999370653732e-12,1,1,4,7.136234936787895,0
boston-seaport,9eb8b82d-6575-4f4d-8a24-65cb08fae4c7,3.840095334428388,3.987488256096275,0.14739292166788745,1,1,16,30.516855762113337,0
boston-seaport,b860b892-4bd2-491d-b569-134e65a262e8,92.13957175534054,92.60233981329985,0.46276805795929926,1,1,16,30.12306468985681,0
boston-seaport,0bb61632-b38c-40d5-bb6c-3c55f96077ea,-0.5300097542709625,-0.6420354912148817,0.11202573694391915,1,1,19,37.14910235788379,0
boston-seaport,cc4c3276-76e2-46dc-8c35-682ba14cfe51,-31.407888363107745,-32.835484386610695,1.4275960235029488,1,1,13,24.055759683183116,0
boston-seaport,d5d793b1-fce4-4839-affe-b2a4610d0d1b,-106.23322293936728,-117.38799065864565,11.154767719278357,1,1,8,14.250636596853019,0
boston-seaport,5b50da15-4316-483b-a3ea-13ca354ea453,-6.305784175185701,-7.436334381878568,1.1305502066928677,1,1,5,9.179423697470897,0
boston-seaport,aa22cc68-edac-46df-a38f-1946c04f7fd2,1.0336973481207423,1.2176152478332327,0.18391789971249037,1,1,15,29.09278606156405,0
boston-seaport,769ca133-49fb-4437-af05-de7c30bda1f6,84.37773880803864,87.00120714918266,2.6234683411440183,1,1,28,52.49863462335756,0
boston-seaport,d50d2ce4-567b-4fa8-aa05-693bc608cf20,-85.39196017323654,-91.80883528867713,6.4168751154405905,1,1,9,17.441053839324763,0
boston-seaport,6b4de64a-782f-4f4f-a9f4-022c54f7ba65,-4.031641600635491,-4.031641600635161,3.3077768687220577e-13,1,1,8,15.903878929989073,0
boston-seaport,e0946c01-1bd8-4b5f-bd59-ebf44ee02fc9,0.005992017805079502,0.01784875603322985,0.01185673822815035,1,1,10,19.161413345096026,0
boston-seaport,5410ab4c-c662-4cf0-84a4-ce485ac000a2,1.132003664631339,1.0614861236539694,0.07051754097736952,1,1,12,22.917184320299956,0
boston-seaport,fe355783-d15a-4b4b-94db-fd7f9f02acdd,1.3991884953306142,1.5429415364236827,0.14375304109306838,1,1,20,36.874883616800176,0
boston-seaport,4fc644a6-e19e-4d97-adfd-48a39f604d32,-0.7981530209427065,-0.9244559044933423,0.12630288355063585,1,1,25,48.454539401534625,0
boston-seaport,93bfb678-d881-448e-9332-89ce68ad70de,56.898057894997194,59.01158298740645,2.113525092409251,1,1,18,33.36355771107249,0
boston-seaport,5fb3e5ac-091e-42d4-bd54-4561fec73531,-0.7531251458503851,-0.5788044387967213,0.17432070705366395,1,1,20,37.789970406881324,0
boston-seaport,75f8191a-356f-46d7-93c5-cf87f79b3c84,95.75412470120557,95.75416455307298,3.985186740142609e-05,1,1,21,38.229584024724396,0
boston-seaport,04314df9-86fd-4d02-8c5f-2a7af9c99872,-82.2352344602717,-84.16626738029215,1.931032920020444,1,1,19,35.23421298422428,0
boston-seaport,a4c3f533-a98d-4865-8114-d923d4f1c1dc,-77.22944138153856,-82.74881442573931,5.519373044200756,1,1,10,18.833811690194853,0
boston-seaport,e59ee78d-196c-4c4d-a507-7ffd52063a7e,-82.40150885065839,-87.35948188798473,4.957973037326351,1,1,10,18.56320667779982,0
boston-seaport,c9fd4f71-f560-476e-a3f9-67d2554e27fd,79.2211062777322,90.2524550634051,11.031348785672895,1,1,8,14.799321118945024,0
boston-seaport,bea27c7a-4458-47f9-867c-8cd73d89b7de,-71.64048697689127,-76.88585222484653,5.2453652479552515,1,1,9,17.6460007614629,0
boston-seaport,06194a4d-8fcc-4277-b1ea-4760dc0a3a22,-21.381450857894627,-22.04473172126582,0.6632808633711886,1,1,18,34.04992897144158,0
boston-seaport,46751d92-3393-435b-aac9-e6f3bf534b61,3.328755026676798,3.553581502452548,0.22482647577575024,1,1,36,68.72033588451286,0
boston-seaport,8cde3581-b051-473f-bb3f-f5e7e569bd9a,-82.47715849329876,-91.91452816799337,9.437369674694603,1,1,6,11.308843147798063,0
boston-seaport,d2b2875f-9c88-40b7-ac0e-8b2642485a9c,-0.48324963741834054,-0.4832496374171192,1.2213329976819904e-12,1,1,18,35.982204114288685,0
boston-seaport,27d9c175-ebba-45e5-9fcf-33efebba3946,2.7624848562772075,2.442601736515201,0.31988311976200634,1,1,29,56.4046013067778,0
boston-seaport,9b71f3ff-dbc5-40d8-90e6-b504019257bd,-0.2040826966742149,-0.20408269667617412,1.9592216837815263e-12,1,1,18,34.90379377209159,0
boston-seaport,35a4798d-8b01-4096-9349-1fe7190303bd,13.543783966061394,13.968881381922074,0.4250974158606806,1,1,11,19.9907168129037,0
boston-seaport,8eca4517-8df4-4469-a8a9-f4bc6e233940,0.34652807233969607,0.34652807233496336,4.732665366017713e-12,1,1,13,24.274096561035826,0
boston-seaport,250a301d-a154-45a7-9518-f7ab6234d4ce,0.7419228739743888,0.7419228739716918,2.697110369881062e-12,1,1,11,21.35325210153991,0
boston-seaport,7effe542-c765-4118-9b6f-e3bfca871944,-79.40444513977819,-88.13806755566317,8.733622415884993,1,1,6,10.026584255884327,0
boston-seaport,152132c9-68c5-4e44-8eb3-70a87ccaf495,54.64926580349252,61.36515398818057,6.7158881846880565,1,1,13,23.735215176353375,0
boston-seaport,469ec6a2-d19a-4f84-a58b-82352eb8d8f7,0.06508098916503154,0.14082498062983323,0.07574399146480168,1,1,14,26.961742937422777,0
boston-seaport,f887dcc4-61c2-4739-98eb-9af3dc0e99c1,85.50338634277014,86.18894499144157,0.6855586486714311,1,1,12,22.10101041877322,0
boston-seaport,00cf8d72-2af5-46a0-9d8b-6d5c83072919,-76.95948422941213,-81.13197961324728,4.1724953838351535,1,1,15,27.716413314952785,0
boston-seaport,e4a09723-2daf-4387-a7ae-e9b4517e1904,78.92912375379456,84.52985789897224,5.600734145177674,1,1,13,24.77422360342745,0
boston-seaport,7927850b-5ac5-4e3d-b3ce-eada8dfc1d49,-0.7999474712124023,-0.9077217319714199,0.10777426075901766,1,1,14,26.334191211471165,0
boston-seaport,00315b8a-086d-4561-91bd-923ebda35d5e,0.2508948512327727,0.2508948512222387,1.0533997105007168e-11,1,1,5,9.213222978886177,0
boston-seaport,42aa9b90-0e38-4109-9a5a-c162b2cc8a37,-0.0074692337629999935,-0.007469233760531883,2.468110432815689e-12,1,1,11,20.83706839159132,0
boston-seaport,2c14ea52-beee-4981-aae7-e6236b2ebcfc,-0.06743399287204818,-0.06743399287670451,4.656332053662588e-12,1,1,6,11.595695407273505,0
boston-seaport,a93f1f0c-3cf5-4ab2-8bf1-d7774d198f46,16.319542062953175,17.253195915550993,0.933653852597818,1,1,13,23.032693043389653,0
boston-seaport,cb491573-762f-4051-bbc6-16cf8194d028,-0.3071105098262784,-0.14832828819768815,0.15878222162859026,1,1,14,25.226710107151614,0
boston-seaport,575220af-c004-4881-95f9-0e7548805197,0.10295562038347392,0.10295562037980992,3.663998993045972e-12,1,1,12,22.958295702816173,0
boston-seaport,8676b2a7-782e-4da9-ab7f-47942f33a881,-0.131935839437242,-0.13193583943706388,1.7811106216195694e-13,1,1,10,18.27095723343426,0
boston-seaport,54e70eac-91c6-44fe-b8c5-65f544fdfdb6,-1.1722688067181688,-1.1722688067191864,1.0177774980683254e-12,1,1,9,17.30618632194149,0
boston-seaport,937435bc-1835-486a-aecc-0a0b7ebf9f08,-0.5185911395033209,-0.6300789629261249,0.11148782342280392,1,1,10,19.45827487086838,0
boston-seaport,c036dfa5-0176-43c8-80d1-c191cd3e7e29,-21.48584560372131,-20.44298301017825,1.0428625935430593,1,1,18,33.145895869302684,0
boston-seaport,c53a18c1-5957-43ed-8729-e069327c9ed6,-81.58533020237711,-88.10800995479728,6.522679752420166,1,1,16,31.267000131176548,0
boston-seaport,9bd8b14d-f468-44e4-a3de-e5eba17304fa,88.0649271438833,94.14732946208568,6.082402318202394,1,1,9,17.423260387199168,0
boston-seaport,98583544-6125-42b4-af47-17947ade32da,1.0049289721140036,1.0049289721148942,8.905553108097847e-13,1,1,7,12.05635684269032,0
boston-seaport,598c335b-235c-4032-ad39-b83ec5348d95,-87.97240251052915,-90.51922039285238,2.5468178823232246,1,1,21,39.58455006548409,0
boston-seaport,2a070daa-1ee2-4429-b8de-fc8eec902e31,-126.86042990163773,-137.15580980094967,10.29537989931193,1,1,8,14.591272646894126,0
boston-seaport,ee69abf7-b483-49a4-bc92-8735bdc87f6b,0.0385732165210982,0.29470159722116995,0.25612838070007177,1,1,21,40.03731373883074,0
boston-seaport,7d6e097e-b470-4799-86b6-e48ee0fdb0c5,101.40102005744028,102.20815777740651,0.807137719966238,1,1,17,31.489359634543575,0
boston-seaport,0c55bb48-f7ed-4384-a66f-8469d1e00a89,-88.75121313420341,-88.75145546983185,0.00024233562842985263,1,1,17,31.767880252596957,0
boston-seaport,ecbb5c10-e113-45df-9fda-fa5dfc0070b5,-78.25211039472487,-90.24931458011223,11.997204185387362,1,1,6,11.43007007062236,0
boston-seaport,8bf14c25-7acf-4962-9241-ce7dba8c947a,-87.35253763706928,-87.70235173864528,0.34981410157600695,1,1,14,26.99641663892361,0
boston-seaport,c3678cfb-1c38-4e9c-a0da-0282981417aa,-15.457179357099113,-16.867817815546648,1.4106384584475358,1,1,20,37.27944973568176,0
boston-seaport,193d0d26-32fe-423e-952a-b022dc850441,-82.12497605766677,-92.64497375139283,10.519997693726044,1,1,6,11.096456286759818,0
boston-seaport,a6d36940-e4c0-436e-93c8-174971f88d20,0.0018934702150912597,0.016873876395405617,0.014980406180314359,1,1,20,39.74270866717247,0
boston-seaport,0068d592-9b07-4535-bfcf-6021cb298c66,-91.85888824360201,-91.8589344313065,4.618770448396522e-05,1,1,12,22.912026666139187,0
boston-seaport,a03253d5-532f-4bc3-b81e-663355d45bb2,-0.7140739900807496,-0.7140739900830141,2.2645549332020238e-12,1,1,9,16.26911040959404,0
boston-seaport,798426b8-9320-43ec-9abb-0ff79a2d4a94,-45.81248218962362,-50.81223115182618,4.999748962202562,1,1,10,18.022287896513948,0
boston-seaport,162b4954-b11a-4fe0-b608-d054ba54e716,-43.472940841908006,-47.57108320245373,4.098142360545726,1,1,12,22.647894776242946,0
boston-seaport,bb07e10e-c755-4abe-9c53-d8a7defcd67e,-78.14220822379629,-86.6388586667583,8.496650442961998,1,1,8,15.298375987704976,0
boston-seaport,57795579-dbed-4431-a0ee-5d8bf15e520b,92.94108722183577,92.941149746027,6.252419122797695e-05,1,1,24,44.0747173368236,0
boston-seaport,d1ce2f59-184a-4943-b519-2791f3d50601,-0.20327453808433987,-0.4135607315912441,0.21028619350690428,1,1,8,14.718031175528488,0
boston-seaport,62d3079e-b8cc-436c-ba3d-2f5035e93f80,81.542027476681,90.44661427300733,8.904586796326338,1,1,9,17.841460679384554,0
boston-seaport,3b35944a-a89e-4aa2-9bfd-c235d51e2475,91.83787632996523,91.83799873603334,0.0001224060681070136,1,1,16,29.3163804856147,0
boston-seaport,001d2afd-eec8-4648-be4d-6f70a3612ded,89.13515562720463,94.2171067597734,5.08195113256877,1,1,17,32.731184161858316,0
boston-seaport,de8c20ed-28e7-4e04-908f-36dbac38e089,-83.08571374569858,-88.1462229366505,5.0605091909519215,1,1,11,20.403544913821687,0
boston-seaport,180d348c-8052-43ce-8fae-67da509fd468,11.889740964388796,13.395265985601643,1.505525021212847,1,1,15,29.560143677571993,0
boston-seaport,934dbb59-a3bf-4811-8573-99dd2d1d1bbe,0.501155295231509,0.6087099931002076,0.10755469786869853,1,1,15,28.157724459038835,0
boston-seaport,705d1d1a-df25-49c8-9f5d-de659c45647b,51.023437535932274,52.45259440590017,1.4291568699678945,1,1,27,51.131210574713215,0
boston-seaport,33a54939-4bf0-4b26-80a4-d1a6afaf98b7,-76.71790497879238,-85.32202286825071,8.604117889458344,1,1,6,11.266127430440108,0
boston-seaport,b28ea0f9-0d5b-4bf0-a193-148b152c2d92,-2.749370571627795,-3.179709609039429,0.43033903741163393,1,1,18,33.576392798177444,0
boston-seaport,e7dafc44-0574-43be-b577-3449caf10e21,-1.0900976078713616,-1.2169645775617903,0.1268669696904289,1,1,8,15.17883112879213,0
boston-seaport,6ad38cb8-a6f2-4d20-931e-febe6ac82818,89.2085884051213,100.87153206428073,11.662943659159419,1,1,8,15.014078922007691,0
boston-seaport,2c0dc3c5-5bd8-4371-b378-8d5b6b832b7b,-0.8058073689569746,-0.8058073689530816,3.892998930111344e-12,1,1,19,37.87139295935006,0
boston-seaport,b204b6a1-1f98-40dd-bb81-cd87cea6d792,-0.06398631838024776,0.11058621954421909,0.17457253792446686,1,1,22,40.945781197486866,0
boston-seaport,066e4bc6-cd1a-4f60-92b3-be69cd5ee56c,-0.38978926417066995,-0.3897892641693214,1.348555184940531e-12,1,1,17,32.10604422938307,0
boston-seaport,84cf7b24-af47-42d9-95bb-3487b3877a5f,27.378903785882432,29.294410852802958,1.915507066920527,1,1,9,16.668017156387656,0
boston-seaport,0dddb6c9-c413-41c5-b9ac-1810a469809e,-4.622768224083915,-4.919878196379533,0.2971099722956173,1,1,14,27.078485615025127,0
boston-seaport,9f79881b-590c-421c-8ae2-46f88f2b9306,-0.19845634942346166,-1.3416640831006246,1.1432077336771629,1,1,18,35.234435963822456,0
boston-seaport,df852f04-b8a6-4fef-85d2-2a8c3a7f0084,85.330778859135,89.0350428938951,3.7042640347600932,1,1,13,24.71029826644329,0
boston-seaport,6e14131f-bbb3-4a1c-8c3a-01a3e91af74d,-0.9276841566496925,-0.9276841566471989,2.493554870267397e-12,1,1,6,11.061264459996897,0
boston-seaport,bdae8dff-0370-4013-a733-82fd9df653f6,77.91043863318934,81.39271677074231,3.482278137552972,1,1,14,25.11604003214674,0
boston-seaport,0ce1dbf6-d42f-4e34-9c60-fdb77dcbdd90,78.74017094869473,83.76835918895424,5.028188240259511,1,1,12,22.4703095823884,0
boston-seaport,7bb9ca3c-c388-45be-b5cd-c2baee1e382d,-84.70144290301654,-89.84612053765612,5.144677634639566,1,1,10,17.982695391657234,0
boston-seaport,baefd9fa-0fd2-4dcd-9525-ad064b85c8f2,-90.26683120121527,-94.40658721222263,4.139756011007364,1,1,14,26.26391233306942,0
boston-seaport,cd02a8e8-185a-4ec4-9ccf-2c5367026ff6,0.08751744107041584,0.09683277451700864,0.009315333446592801,1,1,22,42.36548653193938,0
boston-seaport,58f5fadb-e914-44c0-95c7-74fd0861cd7d,0.10190808205869892,0.12478654682504245,0.022878464766343542,1,1,7,13.623800289379437,0
boston-seaport,dcac141a-26ee-4918-9245-0ecced7d82f9,93.32189158002525,104.08028215143275,10.758390571407501,1,1,8,15.936139139415614,0
boston-seaport,6be19fe2-81b1-4f6b-b949-891e6263ff0d,-84.61648938333873,-90.02901575056632,5.412526367227589,1,1,10,18.9124653506667,0
boston-seaport,0c3d99c4-e220-456a-ab56-ff7d2ffe5bad,91.47465936870205,91.65239052127569,0.1777311525736498,1,1,12,21.956978718994154,0
boston-seaport,f4a1399c-a218-4032-97a5-accadf477915,81.44811433972313,88.42679425136402,6.978679911640878,1,1,11,19.524428870352004,0
boston-seaport,7946380a-7492-4044-8506-3058fcdf498b,-81.79861877088476,-82.63965206634566,0.841033295460896,1,1,13,23.21500556113296,0
boston-seaport,cf49cf10-b75b-42e0-8c31-f402ac8ee507,82.17483996969453,91.25019405733251,9.075354087637967,1,1,10,19.424980447765964,0
boston-seaport,3bd9d409-1a2f-4cce-b8b3-942c895f0e96,-0.15765836646077938,-0.16864508657612384,0.010986720115344455,1,1,2,3.523062471777092,0
boston-seaport,cb061cbb-1aa1-450d-b39d-03ecd7094a19,89.71214910377009,89.71221673780124,6.76340311438937e-05,1,1,14,25.89758940504274,0
boston-seaport,36b4b0bf-8b87-46e3-95d8-cdf73f2b5812,86.3120139722648,93.17128922555358,6.859275253288779,1,1,12,22.029228694549246,0
boston-seaport,5e1bff6c-620a-4009-8ad8-07ebfe045cd1,-82.78460612315936,-89.17759725001397,6.392991126854621,1,1,11,19.9119584634773,0
boston-seaport,a25c1466-7ca9-4c33-9e0d-07e89d4846c1,-0.028857869950998403,-0.4116669517297914,0.382809081778793,1,1,3,5.51389372783948,0
boston-seaport,11325c36-6764-435d-adfd-a5b0067f0ef5,80.39872839140389,89.80177356004319,9.403045168639299,1,1,11,19.50756152590336,0
boston-seaport,1b9f8dd4-6e51-415e-9ce2-ef40f8dcde0d,-0.1863475484404698,-0.29383366526237203,0.10748611682190225,1,1,8,15.007877462781936,0
boston-seaport,a369ed5f-9edf-4dbf-8334-28cf1e277742,1.346011177410445,0.04509476063879928,1.3009164167716456,1,1,12,21.76412244414829,0
boston-seaport,7b75f0f6-746b-4d9e-b4d0-1085be10dde5,-94.13856793938004,-95.21904466662652,1.0804767272464821,1,1,16,28.148663555193536,0
boston-seaport,53c8e475-a150-4402-a6c3-94e0515424be,-3.0693704162417506,-3.1869449400109082,0.11757452376915763,1,1,17,31.103884726482487,0
boston-seaport,03f7b858-c4fb-421a-8301-529a7ee7f3f3,-66.34296600453402,-73.73778668387578,7.394820679341772,1,1,6,10.937582219491073,0
boston-seaport,6117e49b-1777-4ecc-b17f-c65e0d7ea5ef,81.70350645096096,88.04579840594788,6.3422919549869246,1,1,10,18.606310133951155,0
boston-seaport,89efa971-615e-448e-87d6-17ef1fb92cf0,-81.91796271807665,-90.26772976952425,8.349767051447593,1,1,12,22.052388648770425,0
boston-seaport,bedb1fe6-e8d5-4a2c-af40-fdd96e457b04,-88.27008881277835,-102.30345136195943,14.033362549181088,1,1,6,10.726461683415879,0
boston-seaport,b2fd6316-bd40-460e-a1f9-4d7732ba494b,78.6170697537519,86.14747654782086,7.530406794068953,1,1,11,20.977497600521296,0
boston-seaport,9d49fbea-a0d3-40fe-a94e-6737f88fa1a2,-90.97591987309342,-91.62743252159959,0.6515126485061781,1,1,13,23.717918580274315,0
boston-seaport,3804c034-7c70-4486-84d2-3f73168f456a,82.46744561806992,88.49287004614399,6.025424428074064,1,1,16,29.623703318529817,0
boston-seaport,36d4a369-f116-44c7-b393-9844a4977ce8,-1.0880449056909185,-1.1357662544315061,0.04772134874058765,1,1,26,49.461482110385,0
boston-seaport,285c0837-643a-4e78-add4-0f4068b7c81c,-85.93299590249553,-93.02949545105825,7.096499548562724,1,1,8,14.57783848004112,0
boston-seaport,7a1fe9fa-924e-4ebd-a53c-96cac2807722,-7.661437389487357,-8.108356336094728,0.4469189466073701,1,1,18,32.50304159082343,0
boston-seaport,5172b4cc-3adb-46a7-8b39-7d9ac8a18d76,28.18307988009639,30.805630479289224,2.6225505991928353,1,1,10,18.597039244602733,0
boston-seaport,6b88e441-9298-4ab5-ab96-889948d3cea1,-0.3347979396548727,-0.3347979396565266,1.6538884343610287e-12,1,1,32,63.400053594418125,0
boston-seaport,00f1d122-b4e4-4015-a594-72b7e2dbf624,-82.29872436258374,-88.02060697594428,5.721882613360543,1,1,13,23.872955257203024,0
boston-seaport,6d62ee26-9d16-426b-969e-75dac3ab2491,27.41773213087582,28.646485802104003,1.228753671228184,1,1,11,20.06516742253904,0
boston-seaport,8439f339-a0c6-43e5-9155-f86d35521a10,83.90763076846106,89.36592057556614,5.458289807105081,1,1,11,20.36342729488747,0
boston-seaport,e1cc4627-df71-4653-9075-448399bda59c,83.49634041183545,84.53285405697164,1.036513645136195,1,1,12,22.630632234407308,0
boston-seaport,c246affc-b606-4ace-90ab-05e1252feecc,2.5614062545150142,2.670947073358645,0.10954081884363061,1,1,20,39.956331513379396,0
boston-seaport,ae421821-9226-4365-b50a-2c14bd7bd58b,-80.7715575934321,-90.44101307724166,9.669455483809559,1,1,8,15.377452379462305,0
boston-seaport,3e53776e-87fb-48fb-9de4-66abc20223c6,5.562123280226646,5.825513807702917,0.26339052747627095,1,1,15,29.211714613641867,0
boston-seaport,5d7a97d9-e976-40d3-b898-d8bbd59d3b55,75.76661304172988,74.80563238778738,0.9609806539424984,1,1,20,37.13127748948709,0
boston-seaport,891b9777-945a-4fc3-842c-0ac04b548e5f,-26.788351431257702,-26.788351431254547,3.1551102440118085e-12,1,1,9,17.710546192590254,0
boston-seaport,7c73c2da-14ef-4dac-bbe6-2e0bb46a0e90,3.920803071032656,2.8169457087664425,1.1038573622662133,1,1,21,39.93973407911834,0
boston-seaport,1ecea599-60b4-4f01-bc0e-084b3c12bd1e,50.532162247963434,53.0213478112354,2.489185563271966,1,1,14,26.52901427789629,0
boston-seaport,0ceb1c9b-35ef-4a43-8908-44a4a1285bae,-85.43904743531249,-92.62310621933335,7.184058784020852,1,1,11,20.976618635481472,0
boston-seaport,280ca4db-f361-46f2-9628-d207fd92211e,-13.361867717398292,-14.342085901125133,0.9802181837268399,1,1,10,18.265528459573623,0
boston-seaport,a55cc2e8-835f-4ac9-b03d-50b3ee2bc779,7.448095730864005e-10,1.0209809527434954e-08,9.464999954348553e-09,1,1,6,11.804237627702635,0
boston-seaport,230b4b6e-52a3-4d81-b428-1bcb19546c1c,-90.28034018621773,-90.28984043676289,0.009500250545148742,1,1,12,21.546070863685166,0
boston-seaport,23d819b0-51fe-412b-a140-b67e2969924c,84.96680749914748,90.33736136247067,5.3705538633231935,1,1,10,18.456864752993905,0
boston-seaport,21b7f5ca-3729-4c6a-bd7a-c9f971f15db3,-0.0015556899289403125,-0.0015556899270319797,1.90833280887811e-12,1,1,5,9.536294398583932,0
boston-seaport,797b45f6-5c4a-4009-a92a-a462879132b1,-5.382125128021908,-6.09420843714625,0.7120833091243423,1,1,14,27.00377942572355,0
boston-seaport,b6a1870a-e975-42d5-ad8e-238182f2f280,-86.35182026821852,-86.69537469449392,0.3435544262754048,1,1,13,24.45724887135066,0
boston-seaport,30dfff1a-c97a-4917-8654-0e42f426a076,2.235585888505213,2.331419378011642,0.09583348950642881,1,1,12,22.391950627668642,0
boston-seaport,fe784d07-d782-471a-834e-823174b80381,5.094830227649069,5.320600057812261,0.22576983016319171,1,1,13,25.793921736029024,0
boston-seaport,1367b45a-838e-4546-9045-0bb2f108542d,-4.74586738582299,-5.236070825437766,0.4902034396147757,1,1,17,31.72784352715641,0
boston-seaport,96367f3b-2c43-49cb-adf6-6e0474b7a77a,87.30344989320682,91.91937721088242,4.615927317675602,1,1,19,36.87598700648491,0
boston-seaport,59b511dd-402e-4a97-ab44-ce080c029c5d,80.31922018212971,88.61045455294156,8.29123437081185,1,1,8,15.683906847249036,0
boston-seaport,c2a05d3d-cfa3-4be7-bdf1-121bf6d15318,25.474631162487142,33.16852585555274,7.693894693065595,1,1,14,27.095149637542637,0
boston-seaport,3d7f1ea7-c34e-44c1-a8ce-7729be928364,86.54655862408374,89.66062791822021,3.1140692941364683,1,1,13,24.480307393446964,0
boston-seaport,3db09d4d-52c5-4cad-9271-73786ceda21b,-81.57182154173226,-87.68001038937633,6.108188847644068,1,1,10,18.211265361189437,0
boston-seaport,6702918b-0a61-4032-93b3-c0b74303851a,-85.31840995706617,-90.23112949338726,4.912719536321097,1,1,11,20.705703330323033,0
boston-seaport,41605b9f-d969-4963-a65f-516c4b05ad6d,3.668752814876661,3.443568220704314,0.2251845941723469,1,1,21,40.437696504328414,0
boston-seaport,0e9a69e7-47f7-4137-8f35-2fe7dcca281f,-5.134509203806462,-9.537822984033193,4.403313780226731,1,1,6,10.230556209118623,0
boston-seaport,a0267a6f-c15d-4332-bd96-32fe6a97b9e1,-81.46354217370659,-88.36694942884701,6.903407255140421,1,1,9,17.58485425690751,0
boston-seaport,1092af86-a4e7-4e18-bae7-7a0aca0c1aa2,62.29952144243013,62.753745745956394,0.4542243035262694,1,1,21,38.470247333002035,0
boston-seaport,aac715dd-8c9a-4d81-b2cd-6cca9cd507bb,-57.802044679022146,-61.37100707224194,3.568962393219786,1,1,13,22.55829897180349,0
boston-seaport,e8a2cbe0-635a-4c69-8e2b-f79fc94dcdcd,-7.859471861756599,-8.310933419981703,0.45146155822510453,1,1,27,52.254560511733686,0
boston-seaport,776500a2-2eaf-48cf-803c-9d8a8664df16,-87.41080812941473,-94.46658496574368,7.055776836328949,1,1,8,14.541380464749402,0
boston-seaport,c869bda4-a3d0-4cd4-84bc-8cce28143a7a,-0.3310334240427894,-0.3310334240440871,1.297666310037115e-12,1,1,16,30.000369578967206,0
boston-seaport,57364a73-f297-4b04-a5e4-497ab73f80fc,0.001167221079601454,0.003869059464292368,0.0027018383846909135,1,1,8,15.779823556975346,0
boston-seaport,bed49b68-67df-46b7-928d-b1c5b3433780,-60.872220430350374,-65.1325686971522,4.260348266801813,1,1,15,27.82575555526584,0
boston-seaport,0cd2321c-46cf-4aa1-9983-2587e0d1d99c,70.0142824951075,78.14545468130582,8.131172186198329,1,1,10,19.07885007028348,0
boston-seaport,6f713149-b57d-4db6-9656-9c3e6d745f2a,1.2610071046713778,1.261007104669317,2.060999433588359e-12,1,1,16,31.43337380515102,0
boston-seaport,5a476e4e-5e89-4ae1-bfea-b11d568df5c8,-0.17326529840767957,-0.17326529840823934,5.597776239375789e-13,1,1,15,28.183375863455773,0
boston-seaport,83057c34-5975-4201-9755-1d7cec500169,1.9870146384243221,2.2914956395119854,0.3044810010876633,1,1,11,20.517542039926315,0
boston-seaport,b17a726e-d45c-4e0a-b30f-6706c0ec3c5f,-81.25144156803141,-87.40608205429153,6.154640486260121,1,1,10,18.701677678408018,0
boston-seaport,e6da3c50-c078-4c9d-a02d-21b5441261fd,1.9317964596702855,1.931796459667843,2.442665995363981e-12,1,1,9,17.265674994419637,0
boston-seaport,b1296a93-e449-4ae6-a32f-e94c61322b00,-0.40043394504262225,-0.520723028991445,0.12028908394882273,1,1,6,11.041374045681318,0
boston-seaport,b1a82a60-c48d-43cf-891a-cc359d365ef8,89.60245778670104,90.11818068604394,0.5157228993429019,1,1,21,38.19453553155461,0
boston-seaport,1e985c7e-276c-4adb-93fc-d5f34e16cf65,-16.292313807323062,-16.822233054370102,0.5299192470470434,1,1,27,50.90713222686415,0
boston-seaport,52661dee-fdec-48ca-b7da-29eeff20d907,-20.190676541057353,-21.949725273777837,1.7590487327204822,1,1,22,40.88938913913456,0
boston-seaport,70307d15-0919-492d-b8d2-66d7a937544d,-74.61693355312516,-86.01707844220576,11.40014488908059,1,1,5,9.64537882426113,0
boston-seaport,8bea7fc8-746d-45ca-9516-ba3e6ca69177,89.22324794112032,89.35771033093778,0.13446238981746,1,1,12,21.25332941347147,0
boston-seaport,0a2d875a-d6c0-440a-82f7-ae1c1a7a206a,-82.09785919138527,-91.46281261035321,9.36495341896795,1,1,6,11.7596231453995,0
boston-seaport,588efa13-c9ff-4cc8-9dc2-e412805c1d9f,1.542090688949975,1.542090688948779,1.1958885602302823e-12,1,1,15,29.746211792117357,0
boston-seaport,952ba5fc-c702-42b7-af95-2f9b67b4b1ed,-87.30857507217304,-87.31219840766794,0.003623335494882156,1,1,23,41.91231004847844,0
boston-seaport,d714e92f-4a0b-4720-b406-21839ed66885,3.888955500208,3.973613943245264,0.08465844303726369,1,1,26,51.95041005972546,0
boston-seaport,d3c6d592-3c04-454a-b502-1309035d7026,-82.58741502220555,-90.56689257690475,7.9794775546992,1,1,9,16.584470004123723,0
boston-seaport,8119af68-d1c1-48db-bb3f-30e7515eaa7e,0.08400817483510707,0.08400817483480173,3.053332494204976e-13,1,1,9,16.74929075516155,0
boston-seaport,c48f783f-4746-489e-95a4-b795dd27a615,-45.58928332307584,-49.17340953593276,3.584126212856928,1,1,8,14.882797469134367,0
boston-seaport,152dd27c-e6c9-4712-90fa-6c317ab38453,-2.4885347977184336,-2.7963131473538314,0.30777834963539785,1,1,7,13.243128291333996,0
boston-seaport,3003c842-7a80-4549-b37e-b7982a09f4ab,-0.19265232207669813,-0.2692654895156628,0.07661316743896468,1,1,19,36.68049556786293,0
boston-seaport,ba2ee20e-643d-4e8f-a494-1331bb22816b,0.15309554973568634,0.15309554973207323,3.613110118142555e-12,1,1,9,16.535934025267355,0
boston-seaport,2fc5c9e1-e3f0-4c1c-b3b9-80a45af8c755,83.01958891938847,90.02053403297408,7.000945113585616,1,1,13,23.331825994194848,0
boston-seaport,ca6228d7-7caf-4c56-9df0-af3e4d317c0d,0.5199601436420047,0.7968515466033517,0.27689140296134696,1,1,3,5.558079939513017,0
boston-seaport,dc941ba3-ccbe-4622-9af1-8e83ad289a4f,-0.011158488216312164,-0.0697227900548623,0.058564301838550145,1,1,16,31.759996315781883,0
boston-seaport,2d847f5b-1212-485b-b240-c78e565bfb9f,0.48612819952166836,-0.3634147870029043,0.8495429865245726,1,1,17,31.16046657694169,0
boston-seaport,cb458427-c5da-42c6-be42-b4273560d1c3,82.5586834044457,88.50819846071519,5.949515056269485,1,1,13,23.379080625876863,0
boston-seaport,31222303-1196-435f-9381-40d42e30ebfa,-11.290888530091278,-11.290888530087742,3.5367768057874305e-12,1,1,8,14.333535182388898,0
boston-seaport,5eacdb68-bf95-432e-ad5b-8417dfecdaa2,-2.5614338661761664,-2.645391638175709,0.08395777199954252,1,1,13,24.889755348463446,0
boston-seaport,58327837-37f1-421c-a5ee-d15d0e8e1b7a,-0.40801403284847304,-0.40801403284979615,1.323110747488823e-12,1,1,12,23.867509085635596,0
boston-seaport,fdab7efe-95d3-4c99-838b-74729dd64643,-86.04156345161529,-92.79077979718164,6.749216345566341,1,1,8,15.878945662752008,0
boston-seaport,d7ab7a5c-8640-43a4-a4ed-9c8143fdceb5,-0.8504324714403653,-0.9752300863154287,0.12479761487506347,1,1,5,8.269704216839935,0
boston-seaport,af81acc2-402b-42c7-9561-5c274a3f8511,-0.7059785024137823,-0.7668624819849835,0.06088397957120122,1,1,10,18.639454558680537,0
boston-seaport,f38a0e4c-66f1-445d-99ed-21bec45f0917,-0.28043081342297027,-0.3811424782167655,0.10071166479379526,1,1,9,16.1078414245993,0
boston-seaport,e960885d-1199-4633-9128-28796c4edcb1,-92.5690426786727,-99.7059797748499,7.136937096177189,1,1,10,18.915875734618016,0
boston-seaport,6a397ae4-d4a8-4b36-bee1-aca9fc7d7587,0.01279829788555515,0.0190677817980237,0.006269483912468552,1,1,9,16.278730229133668,0
boston-seaport,49406018-d9b9-4221-806d-167d8d78916c,-75.86567847666771,-75.86572976466759,5.128799988606057e-05,1,1,15,27.44064728706191,0
boston-seaport,bc02fc35-70ac-4a11-9fa6-a27e4d987643,-0.41024577038958027,-0.4102457703906998,1.1195552478751578e-12,1,1,20,39.779704802737264,0
boston-seaport,2c31be13-78b5-44e0-a584-6b957323e057,0.7272134675064789,0.7272134675022551,4.2237766169835504e-12,1,1,12,22.174903865685966,0
boston-seaport,9d30d8f5-d977-4096-a146-e85ea648d753,11.84291096374156,12.638194575085212,0.7952836113436526,1,1,9,16.510194935169288,0
boston-seaport,1335a013-2f1a-4962-b974-4f1c615a4398,88.69777163874652,94.78316726802731,6.085395629280797,1,1,11,20.448316318187217,0
boston-seaport,ecd676a7-df1e-49e5-9b14-e73a78532e18,2.7283571956032224,3.2948096250728662,0.5664524294696436,1,1,24,45.975409971493434,0
boston-seaport,da3d7db2-a6d4-4e33-b943-8e6cdf299851,-0.502820061754413,-0.5028200617551254,7.124442486478278e-13,1,1,22,43.541804788703814,0
boston-seaport,109d033b-13dd-4ed0-b78a-cc3640f1f072,0.0053896790464509564,0.0053896790463491785,1.0177774980683254e-13,1,1,9,16.82795857247878,0
boston-seaport,ba02910c-b956-4c25-9f16-3028ff939077,1.5802685727935167e-05,0.0002050497944805529,0.0001892471087526177,1,1,3,5.489490629631477,0
boston-seaport,7bab0131-fef0-4821-a00b-fd0df36fb8bc,-0.21839455952829118,-0.2813930552442447,0.06299849571595348,1,1,5,8.575061078899813,0
boston-seaport,52a089b6-a192-45a3-9a44-7e4ad07cb7f2,-0.8535993463991262,-0.8535993463954368,3.689443430497679e-12,1,1,9,16.450791475452284,0
boston-seaport,58588e9e-30ae-4f34-8828-6decd5dc2df0,-2.507068056749829,-2.995558082155824,0.4884900254059948,1,1,12,22.296472791943202,0
boston-seaport,34ba3e86-034a-4f00-afb0-434b09e5a6e2,-0.22349909298112938,-0.22349909298207082,9.414441857132009e-13,1,1,7,13.158092778658164,0
boston-seaport,21a29489-e6a5-4ec4-bc38-94687d35e047,0.37447880907166176,0.37447880907061853,1.0432219355200335e-12,1,1,8,15.796453942456003,0
boston-seaport,90108b5c-08da-4027-808a-eb68bb638dcf,-2.264502486494211,-2.081055302724275,0.18344718376993596,1,1,11,20.699854451833495,0
boston-seaport,3f035eb1-e3a1-4ef6-a483-babf0830a1af,89.59832175126958,89.60056155577448,0.0022398045048933634,1,1,24,44.15100396819687,0
boston-seaport,f05fab40-265b-4626-8d31-2516c83f9303,1.9399657945043614,1.9399657945043869,2.5444437451708134e-14,1,1,19,37.10019333683694,0
boston-seaport,c8ca4a6b-46bf-47e1-bdb9-74e40ea76fe1,89.93532272949052,89.93550268202173,0.00017995253121298857,1,1,14,24.331078929500002,0
boston-seaport,72191719-1908-43b2-9aba-6de51d8d348e,86.87322541458204,92.04073246978504,5.167507055203004,1,1,10,18.78298998296677,0
boston-seaport,d263bd8a-4dce-4128-b3b3-66d09a14d3ad,83.93659806469127,88.64612133745328,4.709523272762012,1,1,11,20.20626306647266,0
boston-seaport,6199ff16-5da3-4ab0-a23b-c1d3c6b842ff,104.94962608938141,110.966008351606,6.016382262224598,1,1,16,30.94033002710733,0
boston-seaport,d2f01536-09c0-478c-b7dd-e8f75a978c2c,0.4711751832746149,0.5895040103728697,0.1183288270982548,1,1,19,35.41688685127374,0
boston-seaport,be823a7e-b610-4064-a805-4e3d17b722b3,-4.146842461357118,-4.318971575645298,0.17212911428817987,1,1,11,19.64099880152069,0
boston-seaport,bc3d1abb-2103-4450-8560-ec4100e2caa6,-32.380519600331645,-34.283816042325476,1.9032964419938356,1,1,30,55.605841786828066,0
boston-seaport,cbf872b6-ab28-43d7-b6b9-03e4336eba87,85.92893132416516,85.9289424151069,1.1090941745278874e-05,1,1,26,48.338457384341154,0
boston-seaport,a114ca5a-489b-4f85-a3de-845fe288d7ef,0.031791834381886895,0.031791834381886895,0.0,1,1,8,14.998415870660425,0
boston-seaport,07460cbd-b968-47fc-869e-4cdddc9909c8,23.59919483792502,25.008087342469498,1.4088925045444771,1,1,12,21.09601109141077,0
boston-seaport,3b874654-cd37-4dd0-b488-d7a0cd053cf3,-0.17421072823223732,-0.1742107282354433,3.205999118915225e-12,1,1,6,10.629868506287917,0
boston-seaport,c759c43f-69fc-4d25-8e30-4cbd96966420,-15.469085223906495,-15.528063366850649,0.05897814294415343,1,1,22,40.95010898011937,0
boston-seaport,718de231-b519-4f9d-a7f9-c179862c8813,16.129540126138128,17.007713120585947,0.8781729944478186,1,1,15,28.326678291465747,0
boston-seaport,c9791f42-a89b-4307-9764-143c953dee11,86.8384350916533,90.890108438842,4.051673347188715,1,1,16,28.86485575189209,0
boston-seaport,58d14a97-6e32-470b-a646-d37b49dec25a,0.49241674565425825,0.4924167456536985,5.597776239375789e-13,1,1,10,19.138042376666494,0
boston-seaport,18ea9815-6127-48c6-a70d-dceab58864fd,0.23472051547944137,0.15694962388499836,0.077770891594443,1,1,17,31.58867396955754,0
boston-seaport,981b8431-ac8f-4e42-b47c-942a75adffa8,1.4797111008285062,1.4797111008257582,2.7479992447844784e-12,1,1,9,17.44740351920738,0
boston-seaport,b0d54d52-4353-45c0-8a89-e340236bfef1,-0.17751486063461774,-0.1775394692081266,2.460857350886786e-05,1,1,16,31.60826440561652,0
boston-seaport,48fee27d-9aa0-4462-8f44-a7f38644713d,1.2646363233042572,1.264636323308761,4.503665428952339e-12,1,1,10,18.792241755984076,0
boston-seaport,fb4c56ce-315c-4662-9f0f-f74d9f9fb0d4,0.008347187066310888,0.010555012130361294,0.0022078250640504074,1,1,11,20.08247063698254,0
boston-seaport,7b78d54f-641f-48d0-b758-00c9956d31cc,92.24584286569579,92.32984196515866,0.08399909946287186,1,1,12,21.096335168832255,0
boston-seaport,59ad46ac-8524-4754-8c00-1de07374a542,-95.9733311355743,-96.07858392720166,0.10525279162736098,1,1,22,40.35630389961884,0
boston-seaport,83eadacc-84de-4615-9fe8-908c9eded56d,-88.23087329398977,-90.22363564764727,1.9927623536574863,1,1,12,22.580568965289523,0
boston-seaport,3ee79932-7cd6-4a3d-a796-18a9a05e65b8,1.1213666464391014,1.1334499718481563,0.012083325409054806,1,1,3,5.943209590865855,0
boston-seaport,4df92bda-a490-499a-89cb-5b40632717fa,96.23047449698082,106.03853435705317,9.808059860072351,1,1,7,13.889147078857352,0
boston-seaport,bda33d1e-c0da-4479-b68d-4d79c9c33581,6.0127898107191315,6.678508396316014,0.6657185855968821,1,1,6,10.423840160692379,0
boston-seaport,d4cf177a-87e4-475f-aa31-694d3f8b0775,0.3917551306463411,0.391755130649369,3.027888056753268e-12,1,1,20,38.65849082859639,0
boston-seaport,b75d2653-cf00-4ea8-ad12-1b240c98000a,4.805921435437207,4.989206108340313,0.1832846729031065,1,1,15,29.091373494370306,0
boston-seaport,acc88a96-1864-47a4-aeb1-72bed30b2d19,91.50173859267704,91.82797489602075,0.326236303343705,1,1,21,38.78986587039219,0
boston-seaport,314aa54c-689e-47c8-bd39-897c3788f2d9,85.66718115000619,89.46712576593617,3.799944615929986,1,1,14,26.417254118868716,0
boston-seaport,e7034a1f-e446-4b3e-8903-2ed299376089,84.22684915826973,88.1056775638897,3.878828405619965,1,1,12,21.926476441546136,0
boston-seaport,18de79de-e9cd-4055-9d32-c67a09e677d2,0.3816672755957786,0.38223438353993977,0.0005671079441611438,1,1,21,41.22590322430789,0
boston-seaport,51835f88-1a3f-4c81-b675-2b6f15aea1b4,81.11473447251169,87.24199383751545,6.127259365003765,1,1,9,16.600748801125686,0
boston-seaport,620010c6-07d6-401b-9b77-586cd3e7edba,-0.18565771455368524,-0.18565771455572078,2.0355549961366507e-12,1,1,15,28.48912979870363,0
boston-seaport,2cb0f982-cb06-44f8-a9c8-92b4ed174b84,88.90594574712343,88.90612784292291,0.00018209579948463416,1,1,18,33.61651244570703,0
boston-seaport,9c35de72-aeaf-4a45-aea2-b4070c2ccc16,0.25730916525546854,0.3674976450802057,0.1101884798247372,1,1,8,15.385197835224831,0
boston-seaport,f0cf525f-9ca5-4860-9028-1e2151eb9377,83.77860297602241,86.4544047489005,2.675801772878094,1,1,17,31.310012648633926,0
boston-seaport,c047defc-5662-4442-b162-85c9ccc9ed75,79.82819588591362,86.0173789057287,6.189183019815082,1,1,9,17.435590171176116,0
boston-seaport,508c6a0a-ddbe-42ef-9d61-df68ad4edc97,-88.89954714289141,-92.01944393050222,3.119896787610812,1,1,15,28.16815361864427,0
boston-seaport,1b7928e2-2e0f-437a-ba2f-e94404adda10,116.76710736431396,128.4258200075246,11.658712643210656,1,1,9,16.950872806347657,0
boston-seaport,4cb2645e-12b2-40a6-b09d-8cc084ecc176,-1.3796950786404671,-1.5127937202266164,0.1330986415861493,1,1,14,26.533696079889197,0
boston-seaport,693f0a4b-3428-4746-b916-6a9521150cb6,1.8266801131269004,1.8266801131313022,4.4018876791455075e-12,1,1,13,24.45078154389975,0
boston-seaport,1fe9a4d1-2ce2-4802-982c-caac0ae6b148,-89.99047268090723,-94.76165837730791,4.7711856964006785,1,1,16,29.363234766053207,0
boston-seaport,890db76b-8c22-48cb-8e34-15446cd40e44,-128.60181065183104,-129.58871876504432,0.9869081132132711,1,1,21,38.157671261721866,0
boston-seaport,bfa48760-c474-4fbf-aefc-64baa8fce9f2,82.80446203095258,87.40046504269367,4.5960030117410975,1,1,13,23.552064274636386,0
boston-seaport,7f4ec005-0b8d-466b-aec4-05bc70dac428,0.01714034993825191,0.08662467762425245,0.06948432768600055,1,1,15,29.06123922078364,0
boston-seaport,a8274a3e-813d-4720-a1b5-da271e776bdc,89.82014912917887,89.82023008321615,8.095403728490601e-05,1,1,15,28.22190979910005,0
boston-seaport,105949bc-9893-4c5a-9dcd-ffd39045154c,0.7228230639777461,1.16740752549443,0.44458446151668385,1,1,11,20.0214130907445,0
boston-seaport,e28d3c64-db16-4ecc-bfe0-8c03ce2fc7a3,0.04454668555793445,0.13391102669957192,0.08936434114163745,1,1,8,15.931436895006474,0
boston-seaport,283955d0-b0f6-4a89-a01d-540899b9efcc,-0.021867456177596403,-0.09679548461235646,0.07492802843476006,1,1,14,26.448758226480486,0
boston-seaport,f114eb16-6ce2-4eb1-8562-c610daff0fb1,0.002729822300660268,0.01628784946083853,0.013558027160178262,1,1,13,25.128009012815493,0
boston-seaport,00c7c72b-4049-4da7-a870-cff621d79339,-83.64635965402447,-91.07433624640338,7.4279765923789025,1,1,9,16.823949481735816,0
boston-seaport,33f16b7d-3e80-45d2-bb28-ef14ba4475bf,-0.08619397297491177,0.09753844167309886,0.18373241464801063,1,1,19,35.41043776407594,0
boston-seaport,7fc51637-9aed-4915-8b58-f522a1207924,91.00157165276887,91.00175519997896,0.00018354721009308537,1,1,21,40.50229889786931,0
boston-seaport,4593b66e-a6c1-4091-a776-16899aa90ba3,-4.28911430266878,-4.685226848410409,0.3961125457416284,1,1,11,21.647103687211693,0
boston-seaport,d3e6e0b0-d2db-4755-be30-216f510a68a8,3.26898690080055,2.982631827918499,0.2863550728820509,1,1,14,25.939448950140427,0
boston-seaport,18b1a46b-3338-4eeb-b1d7-bb6dcf888b73,89.3338334303715,89.42623285031314,0.09239941994165142,1,1,14,25.219286133556306,0
boston-seaport,50dd766e-f80a-4202-bf4f-29ece460a75c,85.13087555682289,88.249767933128,3.1188923763051184,1,1,13,24.698071620665687,0
boston-seaport,5e97b273-2e6d-4af6-8da4-a819cccc7e7d,0.02091890266687846,0.02914455736470011,0.008225654697821648,1,1,20,39.414922878051875,0
boston-seaport,71cfa9c1-6653-4459-83e8-d35677eaca3f,0.024435959356666113,1.434400210541658,1.409964251184992,1,1,13,24.665437180941275,0
boston-seaport,9204b6ca-c0db-49c1-99da-64231f79486b,84.2045520109158,90.52854889436065,6.323996883444851,1,1,14,27.053963736828454,0
boston-seaport,d0eb1b7f-0da1-40b4-86a8-62a5bc20ccac,-2.8200327172364053,-3.037534122629068,0.2175014053926632,1,1,8,14.557391621751185,0
boston-seaport,833d44de-013d-4430-aa1f-3b6cf3cd28e1,-75.9593611860508,-82.72117970393415,6.761818517883357,1,1,11,20.296017402945914,0
boston-seaport,e43463f4-48ea-4f68-a12e-e16b801c9c96,-2.223843833279291e-11,-1.10960647283154e-09,1.0873680344987471e-09,1,1,12,22.242414896424464,0
boston-seaport,5e6afd76-d44d-4c3b-92bc-46417f66cc14,-74.62694956632595,-89.06090158628496,14.433952019958994,1,1,5,9.535957283307916,0
boston-seaport,424f0aa0-d207-4ebe-bdfc-7b184998fb82,-4.5189320914233646e-11,-7.810602631238491e-09,7.765413310324258e-09,1,1,3,5.494714892491624,0
boston-seaport,71348992-82c3-4855-be29-6647726d8e77,-1.0163041970335092,-1.1424397788287155,0.12613558179520634,1,1,8,14.614385520417281,0
boston-seaport,60737951-eefd-427a-adad-a0f3150c4f28,-0.3553344595371007,-0.35533445953776227,6.615553737444115e-13,1,1,11,20.869971276523543,0
boston-seaport,2494ba3f-2ebf-47c6-8680-a6f902b684fb,-0.014930654876134755,-0.07458152313597262,0.05965086825983786,1,1,11,20.47173825802006,0
boston-seaport,37ea15ba-2024-40fd-84da-5a11799d8108,86.61149276988496,91.18237510931809,4.570882339433118,0,1,11,21.360699472510063,0
boston-seaport,4b5559aa-c129-4cf7-9fed-f66d857da916,-0.1837453031642008,-0.18374530316465879,4.579998741307465e-13,1,1,15,29.11987220355872,0
boston-seaport,34dd7023-80b6-4a61-bee4-fc25cc128eef,84.76480909810223,90.11709915574332,5.352290057641085,1,1,16,29.47936525673655,0
boston-seaport,ab11d83b-5a2d-4d6b-a889-c0ceeb29e085,87.04163853102851,87.737521989843,0.695883458814491,1,1,18,33.81948481261707,0
boston-seaport,e500158a-7cd6-48da-86ab-f9e36c4f69ba,-92.53580922742374,-106.65071346544673,14.114904238022982,1,1,6,11.89606532993227,0
boston-seaport,5fbedbc9-9949-4c81-9174-af09883f11d6,2.8261333419892734,2.8261333419887644,5.088887490341627e-13,1,1,4,7.99759338802752,0
boston-seaport,2a32e84e-61d9-442f-a50b-34f7d993f087,-82.72029312557501,-91.41631337664712,8.696020251072103,1,1,7,12.535961409971652,0
boston-seaport,b9828614-afe5-44a0-81f2-1aeb4cb1da13,0.4875339979495242,0.48753399794652175,3.00244361930156e-12,1,1,11,20.36226715352128,0
boston-seaport,76472803-08fe-4c3d-bf4e-397bea0e616c,-0.017332937716202878,-0.017332937715846656,3.562221243239139e-13,1,1,18,34.57633072510065,0
boston-seaport,3594fb95-5922-4a4a-b490-cb1204f79e9a,-85.9322959764629,-94.20353570935917,8.271239732896266,1,1,7,13.562700915974647,0
boston-seaport,f303ef0a-082d-4ec3-8d82-eaef8e42de72,-77.9932837711946,-77.9933388018359,5.5030641299604844e-05,1,1,16,29.952680291012342,0
boston-seaport,70eb7f33-ea24-4c1c-9570-40a7c846d264,0.20372320551902284,0.2037232055206513,1.6284439969093206e-12,1,1,15,29.6070315304427,0
boston-seaport,b7f1ec28-3e2c-4a22-8df5-33045937dfb1,86.71283215583858,90.43599154993635,3.7231593940977676,1,1,15,29.784412119956137,0
boston-seaport,ada536f1-5872-4c98-a0e6-4fa3d6790712,89.98285609225196,89.98303197317355,0.00017588092159374148,1,1,16,28.55610416754994,0
boston-seaport,0f7112c6-342e-411d-89c8-0381c942ae26,74.25571290084861,82.50676501371487,8.251052112866265,1,1,12,22.31105222078937,0
boston-seaport,07eb1bc4-d09e-402d-b9ad-8c06d200ff79,84.97389979397971,90.68824875304594,5.714348959066232,1,1,9,16.787484855001395,0
boston-seaport,ca325dbe-37b0-4a01-8253-9a4ba67e3ace,-86.25604752463636,-91.5449180246294,5.288870499993029,1,1,10,18.214948652807387,0
boston-seaport,9dd65378-3d4f-4d3e-aad1-7a44353a21dd,-89.92479819427088,-91.38297116937495,1.4581729751040815,1,1,11,19.834126440714545,0
boston-seaport,25158253-98ca-4b14-bb2f-af1db1b938c4,-51.53078500694239,-57.119095546293615,5.588310539351229,1,1,9,17.548357750825367,0
boston-seaport,c4ba56e2-fa15-4101-b036-28105f26ac2b,8.660117867425555,9.069731603804465,0.40961373637891135,1,1,21,38.905133323462046,0
boston-seaport,3a66c8a2-b8ae-405f-971f-69d6cad57a3c,0.39214427836545906,0.3921442783613625,4.09655442972501e-12,1,1,14,27.80356611320536,0
boston-seaport,8c4e71e6-ec2c-4e25-85ae-4601a29eec35,-82.16701640006873,-88.3434063692014,6.176389969132663,1,1,14,24.913928341485704,0
boston-seaport,b38dbf03-333f-45d7-80ca-acdf36019c8f,0.24355024422153934,0.35275473349387476,0.10920448927233542,1,1,17,32.60998561445827,0
boston-seaport,b21361d7-4720-4c7b-8699-76cea4df3594,0.031062779790864536,0.10068010055976087,0.06961732076889633,1,1,15,28.82676947312873,0
boston-seaport,9f3919c8-e211-4511-ad53-592fdd288444,2.63994841439812,2.9630667120305785,0.32311829763245853,1,1,7,12.691338997497528,0
boston-seaport,30547223-6aac-4b78-9848-c9961cc0ea75,-3.871842211147936e-05,-0.0002777931979988251,0.00023907477588734575,1,1,13,24.333867631123404,0
boston-seaport,62d1ad85-2cc7-43f3-af48-465bdcc31e05,84.08344200530769,90.62914584422818,6.545703838920487,1,1,11,20.351004429272248,0
boston-seaport,c7725d10-27d2-4f87-8ac6-dcffd8033d66,-84.60204993648689,-92.69233149073179,8.090281554244907,1,1,7,13.15317891274848,0
boston-seaport,74c6051f-1528-4093-b99c-840fb5923194,17.852109642397394,20.241363367332116,2.389253724934721,1,1,17,32.966331658885366,0
boston-seaport,e87dc0e5-9374-4274-8a06-3b9710747b7f,47.1957106583821,50.80677710228435,3.611066443902252,1,1,8,15.08018562534917,0
boston-seaport,1b0afcb6-1c1f-48be-bf3e-38528262d807,90.27501904446548,90.27509641387228,7.736940679482547e-05,1,1,17,31.717371936444135,0
boston-seaport,f28bf6eb-ba57-4e2f-ba99-e56d87333f44,-1.015797236920113,-1.015797236916627,3.485887930884014e-12,1,1,10,18.08469376908137,0
boston-seaport,e7dad203-2c73-4853-82ed-40f6c1ebc00c,-84.17413876091756,-90.65530898138387,6.481170220466304,1,1,8,14.897741416112726,0
boston-seaport,7ae91dbf-b3c3-4141-ae26-5790623b6747,-0.27953392903920177,-0.20578769390071913,0.07374623513848261,1,1,20,38.14429743681519,0
boston-seaport,17bfaa4b-a65e-4a87-9b3e-f9d69fb9d042,4.40617394508199,4.984033474493099,0.5778595294111095,1,1,15,27.681334533858603,0
boston-seaport,59b82368-6b67-42f2-ad87-3126f8b8670b,100.24883305613339,101.55862627211484,1.3097932159814338,1,1,30,56.34438022243613,0
boston-seaport,d7b6213e-ad42-4ed2-96c3-3b70c95d5fed,85.22826021488883,90.29068081838315,5.062420603494314,1,1,10,18.732158779888408,0
boston-seaport,66a63125-4a0b-4d03-b370-bfcd4ab6e1c8,-83.92320671675147,-90.26586274822758,6.342656031476098,1,1,10,19.80533660478275,0
boston-seaport,b15bf56f-85be-4203-a2d8-1e673be6ad25,-81.77060368440736,-89.68081227007286,7.910208585665507,1,1,7,12.307015770111724,0
boston-seaport,fe7bb03f-33da-47b2-9c64-c04f9bad0eef,80.63461521088246,87.55338778066876,6.918772569786301,1,1,8,15.281995493988974,0
boston-seaport,4edaecca-ef5f-430e-ae09-f05ea3123ff7,4.83639254387901,4.926774620430741,0.09038207655173101,1,1,30,59.51288704717314,0
boston-seaport,c2d0767e-3983-4c45-9737-66d5eddf1c61,-91.59775796224599,-100.67616003648735,9.078402074241358,1,1,7,12.349126942153564,0
boston-seaport,51f6c0d3-cb8b-41bf-b2c6-78b204a8e626,11.545845847348293,12.508233785045418,0.9623879376971256,1,1,15,27.851806319014973,0
boston-seaport,f16fa1a6-e707-4928-b895-9879d3a5ee7c,-0.8191317029940817,-0.9164862146241017,0.0973545116300201,1,1,6,10.508395968714483,0
boston-seaport,06cd057c-fee5-4a62-93d3-9c33fe95867f,-77.11981969381907,-90.27071127639364,13.150891582574575,1,1,5,9.454852666287326,0
boston-seaport,3cf3386f-b931-4c03-b3a5-8c4618d453e4,0.36727638876082186,0.4342120411253731,0.06693565236455122,1,1,6,10.106760997139634,0
boston-seaport,5796c377-f1ed-4968-bd33-ee1a2f11300c,86.74078120939048,89.67555669471461,2.9347754853241432,1,1,14,26.50065721557469,0
boston-seaport,c7a5dc3b-4f20-443c-9fe3-c3f220f47e65,-0.4021864856478182,-0.40218648564557913,2.2391104957503156e-12,1,1,22,42.09330866831458,0
boston-seaport,1ebbc149-735e-4767-b8ef-c15d6a227431,-0.11755167772498648,-0.11755167772577525,7.887775610029521e-13,1,1,9,17.06559384781486,0
boston-seaport,35d3bf77-ccbd-4727-bfc1-39d613fcb8ba,9.895015488735716,11.678068674133863,1.7830531853981475,1,1,14,26.09737336735793,0
boston-seaport,68088d77-f8d1-429b-85a9-5c8cc03a9bd4,-18.847336917519186,-20.42193680239209,1.5745998848729021,1,1,21,38.319956963709195,0
boston-seaport,c81ba440-135e-46ab-b8f6-0dd5371d79a9,105.55253500546915,112.23570125710597,6.683166251636827,1,1,10,18.044106552847182,0
boston-seaport,b3c79f8b-31bc-4b46-95d2-634f642560b5,74.19034429600863,81.37757935275938,7.187235056750758,1,1,7,13.196768356841076,0
boston-seaport,de35ee7a-c0c2-4da3-a10e-c00928ebed17,0.6183075128077368,0.6748381545052188,0.05653064169748196,1,1,7,13.665097495160827,0
boston-seaport,2f62a07a-129c-470a-8a51-64896fb8c8f4,-23.886016350906846,-25.239298755616467,1.3532824047096224,1,1,11,20.11362839526256,0
boston-seaport,819bf933-4465-4f18-b885-876f537da087,-2.7289664013265282,-2.964069879648962,0.23510347832243364,1,1,16,28.556414221947726,0
boston-seaport,13c56c52-91da-4aa2-8007-ed6a0ca3d9cc,0.06304442387241765,0.16130132556681318,0.09825690169439552,1,1,4,7.243382168158612,0
boston-seaport,7abb91bf-e477-49ed-926f-8032dc01c85b,16.32353905270136,16.42966990239818,0.10613084969681998,1,1,21,39.71171114070598,0
boston-seaport,22fbaed7-40f0-4bc8-a4ed-f9b1d91ed26f,4.277419405493432,4.717181590029773,0.43976218453634086,1,1,15,27.88092960068102,0
boston-seaport,a69bf2da-7e45-4d3d-b94e-b86bbe16bc6c,89.63930500942442,90.20182557520367,0.5625205657792602,1,1,19,34.89923864574641,0
boston-seaport,b2fd9971-3c3c-4e4d-9deb-099e89c28d8f,-9.19743811158173,-9.689800974413211,0.4923628628314805,1,1,18,33.405800334304665,0
boston-seaport,1a0aa1f4-36e1-44ef-b4c8-860075952531,-17.769718089946945,-7.133025705825938,10.636692384121007,1,1,15,28.820744000512303,0
boston-seaport,edb8cd3a-8d71-48b1-a801-429bab57e64e,3.3969547356374985,3.5998017849409285,0.20284704930343017,1,1,14,25.5477880307071,0
boston-seaport,e62adb6f-2d41-4bf0-862d-c911db164076,-0.532006145248717,-0.7511533938100046,0.21914724856128745,1,1,11,20.727362845723828,0
boston-seaport,e9a0bf40-bc20-46f4-9ef9-4149f9f9b0e6,0.1435778361813753,0.16301159448952374,0.019433758308148433,1,1,15,28.61230191994092,0
boston-seaport,092fa834-a079-4619-8828-4bcf9ca7c2e6,-80.98558670212938,-90.84742170013403,9.861834998004648,1,1,6,11.586521073255293,0
boston-seaport,5b9904ed-59ff-4190-a3ca-439f76e4b57b,82.80328930313668,89.34827064310787,6.544981339971196,1,1,8,14.510485720921553,0
boston-seaport,54d71688-e0a5-41ea-bf46-d170d4617903,0.4372050224754428,0.49836909633931487,0.0611640738638721,1,1,10,19.417261273346572,0
boston-seaport,09295974-dcf3-459a-aa39-cc880ac81d53,-0.012056956185458028,-0.0685923683483333,0.05653541216287526,1,1,5,9.82188433862449,0
boston-seaport,40914e36-e4de-4623-ad36-bf0670ded71f,-0.028276726470851558,-0.04673112029297697,0.018454393822125412,1,1,4,6.5955741264859435,0
boston-seaport,0443230b-ef95-4400-b719-94357fb5930f,2.0256194114894078e-05,0.0018560439793976569,0.0018357877852827628,1,1,8,15.313322609120199,0
boston-seaport,7e05d2dc-d239-42be-9f35-bca274567a2c,0.011379992087706745,0.02167614674459467,0.010296154656887926,1,1,11,20.479866788877224,0
boston-seaport,4658b825-e993-44e3-aee2-e21cdb222d0b,-92.41190810709473,-93.06531126103519,0.6534031539404555,1,1,12,21.94150546880115,0
boston-seaport,f1d9bc5a-b7be-4205-b1ff-5828f21bae8e,5.779355283350544,5.779364984615611,9.701265067083951e-06,1,1,18,34.725562683635005,0
boston-seaport,77e93415-48ee-4222-a1b0-6707992c11bb,-0.3191493152430684,-0.31914931524062573,2.442665995363981e-12,1,1,24,46.61336479846153,0
boston-seaport,85cd5a5f-d94c-428b-99d3-6e9ebb4c7482,-79.0367282703166,-87.72600214502867,8.689273874712072,1,1,6,11.10263239461033,0
boston-seaport,51fc036f-922f-4fca-8c6f-377cbf99665e,-88.89035846987477,-89.16303772588827,0.2726792560134986,1,1,15,27.38685854557402,0
boston-seaport,24984dae-0144-47c4-8487-dec554732243,17.13728617198428,17.989806232943543,0.8525200609592622,1,1,14,26.662807139975502,0
boston-seaport,40fba035-43c3-4eff-b023-3bc7f80a3a54,-0.039562214250250555,-0.03956221424933456,9.15999748261493e-13,1,1,11,20.12096133821637,0
boston-seaport,ea1b8b48-568a-4412-b171-5e6bbd0c42a3,-0.43798621688041955,-0.5774221528449639,0.1394359359645444,1,1,4,7.900144602966213,0
boston-seaport,2edb46f0-9492-4fa6-a91f-61e35646ba9f,-0.5657588939253352,-0.5657588939258187,4.834443115824545e-13,1,1,15,29.588074187414207,0
boston-seaport,4961a49c-b25b-4877-a768-e5eca215b769,-86.0835295419745,-89.3608587284117,3.2773291864371923,1,1,14,26.028736257344626,0
boston-seaport,2bfdc8e7-5235-4b90-9381-7b1af7916b7b,-77.44577628091776,-88.74130930941767,11.295533028499912,1,1,6,11.130344076612356,0
boston-seaport,5d0c9f2f-ba20-4671-b96d-ed38d1d78d8e,-0.07420659126886658,-0.0742065912676198,1.2467774351336986e-12,1,1,16,31.57181040831907,0
boston-seaport,4e01c093-194c-4860-ae60-241085bc5fce,12.376339333342889,13.42153091614735,1.0451915828044613,1,1,9,17.004086999964148,0
boston-seaport,8c2e663c-7854-42c5-8e4d-25c18b063e83,86.99268425698827,92.9884565661879,5.9957723091996415,1,1,12,23.159583186490703,0
boston-seaport,85056e56-aa74-4cfd-a5bd-03acdd9b34fb,-79.82112664266826,-87.98355343676698,8.162426794098732,1,1,7,13.118484050539259,0
boston-seaport,088da5ff-c26c-44a0-9eea-c19405340905,-0.03735480054914298,-0.03735480054909209,5.088887490341627e-14,1,1,10,18.82442991143426,0
boston-seaport,a1fc0300-cefd-4c5c-8ff3-8ea53e2226cd,-0.9574528034741078,-1.197355157672946,0.23990235419883824,1,1,9,17.955277247255218,0
boston-seaport,60ff5932-7309-424f-8340-631aac8e7b5f,0.5544443262282786,0.5544443262264974,1.7811106216195693e-12,1,1,13,24.98282219222291,0
boston-seaport,9222eb42-2713-4ca5-ac23-0e884df29758,-0.0883892739122809,-0.16375073491121236,0.07536146099893148,1,1,7,12.426402515721236,0
boston-seaport,563f5b2b-6bf9-46aa-b486-bac6fed42489,0.12554075095162134,0.08725508636840036,0.038285664583220975,1,1,21,38.25520674399089,0
boston-seaport,c44a54d0-6745-4bfc-8cde-aa4d5ce12ed4,0.6498092384612916,0.6498092384616987,4.0711099922733015e-13,1,1,9,17.672380281642003,0
boston-seaport,af17cb2a-9fe5-4513-91c5-2a746dd40afe,-83.12225979149642,-90.1141442701766,6.991884478680189,1,1,9,16.131777415393998,0
boston-seaport,7192cd0e-046b-47cd-bfff-8ade184b840f,-81.20659464196139,-81.38919281608825,0.18259817412687757,1,1,10,18.348923053249205,0
boston-seaport,a4d3e079-9eb1-461f-b595-008661bae6cd,95.86270243521335,102.92784666643414,7.065144231220781,1,1,12,22.05344236641289,0
boston-seaport,173ed355-368d-4490-9306-3164f5b8784f,1.4533662571294121,1.5407008682010752,0.08733461107166308,1,1,10,19.97402517165124,0
boston-seaport,9ef89feb-553a-4352-b626-357b9d38550b,-1.0075083414777923,-1.0075083414816854,3.892998930111344e-12,1,1,9,17.469696488403006,0
boston-seaport,e8132522-a4aa-4a7b-8df6-ef9c3168b3d6,87.73507547603415,93.58340356280361,5.848328086769447,1,1,9,16.52686645212741,0
boston-seaport,0b133f6c-a7ac-4831-9a31-167bdbc0905d,-0.1924033699701853,-0.1958611886684763,0.003457818698290996,1,1,16,30.989824545983595,0
boston-seaport,1e1be482-8c12-4fd7-a3c8-0861661acd68,0.19589197784570994,0.19589197784784726,2.1373327459434834e-12,1,1,16,30.13781442330092,0
boston-seaport,ea4907ab-cbcf-4e67-9ef8-611d9f6f4fe2,-0.5058466194409427,-0.5058466194394923,1.4503329347473637e-12,1,1,26,51.29685038126612,0
boston-seaport,37a493ba-87e3-486b-a686-5d3ccea44c16,-90.95227692025267,-100.70589441992308,9.753617499670414,1,1,9,17.24667409338049,0
boston-seaport,41a6298c-4e78-4ce8-8805-5253636a7cad,82.52166247618132,89.87874919269258,7.357086716511267,1,1,10,19.700217202698198,0
boston-seaport,6e9469bb-ee7e-48f4-a628-e4eff9b75927,-0.038676237118650356,-0.1116576067834544,0.07298136966480405,1,1,25,48.32359070530014,0
boston-seaport,b06a4f2d-26e5-4216-9d69-84e9cd418890,0.5445361598217421,0.5445361598227598,1.0177774980683254e-12,1,1,11,21.319192825756154,0
boston-seaport,39b34696-6776-4cb9-877b-05f853b56f5f,-118.10399562439197,-125.91955695140274,7.815561327010767,1,1,10,19.22641051851454,0
boston-seaport,2bf44133-e6c7-49c5-8ec7-e6e64d6a8234,-78.70109087109999,-91.71597415385482,13.014883282754823,1,1,5,9.903784618725503,0
boston-seaport,36ec1bfc-e4bf-4012-8590-656e6376b154,-0.0011764376293818604,-0.008147680289477537,0.006971242660095677,1,1,4,7.365782841525066,0
boston-seaport,427b01c8-2656-4f44-90a3-9ef486259d76,77.04716104090996,81.81778291120229,4.770621870292324,1,1,10,18.703161431489136,0
boston-seaport,a5839c32-267c-4ffc-b2b4-29a7e1831dfb,0.001753036073505456,0.0050788029427619895,0.003325766869256533,1,1,8,14.528901842913545,0
boston-seaport,d5d69c16-d1db-40e7-a78e-ed1dd69bbcc4,83.94634058846236,89.52907906954201,5.582738481079654,1,1,10,19.316097286458408,0
boston-seaport,542e87ad-fe3a-4a8a-9518-718d1c083d94,-77.79495703032171,-88.8606691117528,11.065712081431094,1,1,6,10.282095755661325,0
boston-seaport,30f59d14-f7c6-4b5b-9023-b6c67ed51569,0.04362414537987376,0.04930393336276688,0.005679787982893124,1,1,19,36.104489569058664,0
boston-seaport,f6b21c30-5464-4992-8a41-118d7499472b,81.80594418080007,90.79686677444087,8.990922593640793,1,1,6,10.353090710567464,0
boston-seaport,494f45f2-34f8-4048-bfff-f9a5e036af43,-0.010924977848879809,-0.010924977849261476,3.81666561775622e-13,1,1,4,7.477250134063064,0
boston-seaport,de1c5862-49d5-4f17-97e6-0c9f2ab6dad2,-0.001164569220713248,-0.019402931294043985,0.01823836207333074,1,1,8,14.203511171761587,0
boston-seaport,60599a71-295d-4601-bbbb-ce0f3e419b3e,0.1211167801888199,0.21891750965610662,0.09780072946728671,1,1,7,13.690784255859619,0
boston-seaport,883a6f83-e483-43c4-ae02-7f7c1114090e,-6.722775787434726,-7.198484670645649,0.47570888321092303,1,1,24,46.503468594610275,0
boston-seaport,2b7c6c3e-aecb-4a18-b6bb-57b88987efd3,-84.74023652419109,-93.77686591105449,9.036629386863385,1,1,7,12.776100351720148,0
boston-seaport,6991f405-16b9-47b3-80bd-4d6862d27447,89.26495121773665,90.91579450257639,1.650843284839739,1,1,19,36.547064173878326,0
boston-seaport,b8565aa1-7c18-49b7-9373-ca8fecef894a,90.18473837386097,91.84855986545774,1.6638214915967784,1,1,20,37.216605318300616,0
boston-seaport,f4522a6e-4e08-4b97-8d46-35bf3c2bcd38,88.71921809360768,94.92833505728083,6.209116963673145,1,1,13,24.381477876779382,0
boston-seaport,9f9422b3-e683-453a-854f-408ef0f7397e,-77.64230214819325,-92.15976138969909,14.517459241505843,1,1,5,9.369110587061051,0
boston-seaport,7469b8b1-2695-4ad8-9a58-f55321a6c13d,4.36975890726006,4.477146145302382,0.10738723804232214,1,1,23,45.14960999488705,0
boston-seaport,a0e2893c-717e-405f-be61-52300c8f4072,-72.72659531218879,-77.95084169520159,5.224246383012803,1,1,9,16.73863841746533,0
boston-seaport,fc26cff3-15b6-4096-99d4-200161fa14ed,1.1675639520600232,1.3869505798341162,0.21938662777409304,1,1,6,11.460422887266256,0
boston-seaport,0d65690a-542c-470b-ad93-4fc53256d8fd,85.40374877553525,91.08284527936965,5.679096503834406,1,1,9,16.79526016908475,0
boston-seaport,3a36cb78-32a3-4aa7-8de3-aa1f22a28367,6.4504958454273655,6.750679035069712,0.30018318964234647,1,1,13,25.58717088832961,0
boston-seaport,89012fc9-9823-4fef-8f36-1bc1d4337b68,-0.3967728239285017,-0.5292621375016896,0.1324893135731879,1,1,11,21.175181774678563,0
boston-seaport,694da7dd-0d2f-4ed5-90b5-ee795f7c5a59,-104.44503137394153,-110.32713137478711,5.882100000845594,1,1,15,27.479929244584252,0
boston-seaport,3a1ee351-9711-4bfb-b28c-7eaf3e31cfa4,-80.4687660982374,-87.86041428443787,7.39164818620046,1,1,7,13.027343022940583,0
boston-seaport,d97f044f-7c6b-44a4-91e4-a3798d3790da,-81.51993672193356,-88.1538339253043,6.633897203370732,1,1,15,28.820240628758135,0
boston-seaport,7fa6840a-3c00-4c2e-b817-aaa8697a4a17,-79.54057405972179,-89.86602246754309,10.325448407821291,1,1,7,12.826023173635415,0
boston-seaport,82cb2434-ff37-4fe8-bb2f-a406092bccac,1.7590871963542358,1.499199890260279,0.25988730609395677,1,1,14,24.92300859679994,0
boston-seaport,e9c2e98f-c5b0-4a62-b9d3-4069a8988f5b,-72.43707278552981,-88.89252457179829,16.45545178626848,1,1,5,9.18710484395373,0
boston-seaport,b20a370f-14f2-4883-b017-4f14ad0f7030,-113.88208183011123,-122.22789302960692,8.345811199495678,1,1,14,27.253590093217102,0
boston-seaport,f5a41939-a78d-467b-b8f5-7014bfb45dad,1.9895884954807546,2.2300093021441185,0.24042080666336396,1,1,10,19.39968816142293,0
boston-seaport,c7c8ce2d-7158-4f93-bc34-1b7881db0ce6,-0.3025157297029076,-0.6769931686934666,0.3744774389905591,1,1,9,17.675949559586922,0
boston-seaport,a335d888-08e4-4353-a6f4-d8b715acf6d2,-82.95281876264646,-90.07557663780052,7.122757875154074,1,1,8,14.949257251001372,0
boston-seaport,a8d76f0c-803c-4228-a5af-a639d5c4916c,-81.78403855836739,-89.80075611567878,8.016717557311402,1,1,7,12.934431010980898,0
boston-seaport,01f17a52-b525-4609-b190-d2160a3424e0,-7.444804169735271e-05,-7.444804322401896e-05,1.526666247102488e-12,1,1,6,10.351079710869975,0
boston-seaport,6e3322ef-5d4a-49d4-bdf4-d27d4535ce0e,0.9366804237528771,1.0827980773876575,0.14611765363478052,1,1,13,24.179166136144172,0
boston-seaport,7b2d9a39-efbb-49f7-b361-d366b3e398e1,83.23044572644298,91.55769661336957,8.327250886926585,1,1,8,14.718573118726262,0
boston-seaport,b274d4ca-4eb8-42a3-b54e-10393f536eed,-79.59451662134327,-79.59458337675005,6.675540678069388e-05,1,1,16,31.101684334057275,0
boston-seaport,20c8ddad-84de-433b-bd6e-4a5623067410,-0.01042593606291669,-0.04648781834590479,0.0360618822829881,1,1,13,24.46940444423569,0
boston-seaport,83c20771-4091-47f1-b047-00e98adead97,85.71392624829498,92.46675446738067,6.752828219085689,1,1,8,14.18551358494703,0
boston-seaport,0883820f-d3f0-430a-9bee-18e0e53a829c,-83.41502367086724,-90.9419084366822,7.526884765814958,1,1,7,12.340377986304627,0
boston-seaport,5d21bf63-f0c1-466e-b180-803bc898219e,-82.57089408959162,-90.03581265245239,7.4649185628607775,1,1,7,12.472359145117428,0
boston-seaport,22b4c797-8e38-4c4a-951c-c6535579ab1b,-81.08993697029028,-91.6075162524643,10.517579282174005,1,1,6,10.219653704214144,0
boston-seaport,2b562ea9-d7fa-496a-8261-6974fe652f7c,-7.154510003889955,-7.61045457758733,0.4559445736973745,1,1,20,38.948017524603614,0
boston-seaport,f8ae7e3f-248e-4b9d-b968-ddb7394fe799,-0.08032530072962064,-0.0835637776262942,0.0032384768966735593,1,1,8,15.671452373421314,0
boston-seaport,c3f65969-e807-40f5-b89f-d4ebd4a5d16b,-174.72558549369506,178.8679227621898,6.406491744115094,1,1,13,24.864701297117048,0
boston-seaport,9600379f-ce89-4896-ac4e-b63cfabbb28f,85.607626644808,92.42894372645183,6.821317081643846,1,1,13,23.417451696145385,0
boston-seaport,d3a24cd0-d3ee-4435-818a-b4fc6492752f,-78.19150024552576,-78.19170087218454,0.00020062665878780239,1,1,16,30.21357404488371,0
boston-seaport,b0c54a9a-81a4-4a81-abef-01e6779b6c81,-95.59337291385789,-98.24279501907257,2.649422105214675,1,1,11,18.506773865519047,0
boston-seaport,6aede176-0c9a-4173-8002-614539057586,89.91723560337768,89.91728013980583,4.453642815010854e-05,1,1,16,29.295234699899417,0
boston-seaport,3a5cb53c-516e-469b-a49f-3e1dfbfe7e44,-1.4613495935079168,-1.5686790962882622,0.10732950278034528,1,1,12,23.946703627833458,0
boston-seaport,909b0fb0-0013-4de7-8f71-c24b04f1a134,89.97687981596911,92.6169122887254,2.640032472756287,1,1,11,21.425774877584224,0
boston-seaport,b0323d04-8011-4629-98f4-b2141c86e91b,-14.326090709256121,-19.864795495832894,5.538704786576772,1,1,6,11.51631653585052,0
boston-seaport,437f0b1f-cc90-4366-85ac-07b134b09d42,-79.02793549736421,-89.96235286956711,10.934417372202901,1,1,7,12.903463660660135,0
boston-seaport,60c5d421-e2ee-42fb-8a73-1573072a6eb0,87.6033589511176,91.00753596443826,3.4041770133206666,1,1,16,30.55780866422264,0
boston-seaport,a43ba6e9-058f-4feb-8812-bfcb686e09c2,-0.010356167941462404,-0.015014676839774522,0.004658508898312118,1,1,7,13.739619484379293,0
boston-seaport,f7b88471-2409-4c9c-8e52-8d6ce1c4bc5e,-0.45714983333557585,-0.769111774874796,0.3119619415392201,1,1,6,11.20218283619653,0
boston-seaport,0128f685-bcfa-465a-84e4-4798df7ed6fb,-82.80672008872546,-90.76533853681393,7.958618448088472,1,1,8,15.235260199114926,0
boston-seaport,4aff40d3-9dd6-4cf8-b5bf-9bd04d0d1023,1.9894575216017252,1.0231610230274886,0.9662964985742366,1,1,21,40.84427680068386,0
boston-seaport,7b5e9acd-a578-4782-abe7-1edd24b8f0ed,127.70132604704177,135.29166264523937,7.590336598197596,1,1,11,20.133420942158807,0
boston-seaport,2a99eaa1-8822-4532-af18-a3202559bf9d,2.315736249899202,2.468514492579273,0.15277824268007087,1,1,21,41.42493011943228,0
boston-seaport,8e52fe0d-5538-420e-97e7-f734d5466c9b,-0.32856400099630345,-0.32856400100062905,4.325554366790383e-12,1,1,4,6.450983299917564,0
boston-seaport,7194c9af-5eba-49f2-b805-77d446f5e591,79.19768655239051,88.07435949602193,8.876672943631418,1,1,7,13.637032081574459,0
boston-seaport,6843ffe2-dad8-4e65-9874-25bbb48a0edd,63.038456987773465,66.04220281628439,3.0037458285109238,1,1,16,29.474259553407638,0
boston-seaport,a6cfcc1c-f162-42f3-9016-4b56efd80ce9,-0.08153551794506908,-0.18338357836680247,0.1018480604217334,1,1,9,16.197231121795827,0
boston-seaport,45de9a20-27f7-46c0-963f-77fbb16ead58,-0.4639759333990256,-0.5697252207636457,0.10574928736462015,1,1,9,16.611041222797166,0
boston-seaport,0df8872a-dd7f-47ec-b849-7dcd8b7d566c,-0.6169347070252459,-0.6772565443686743,0.06032183734342838,1,1,7,12.909537826799241,0
boston-seaport,2695f1a2-b605-4f4e-a140-231f16e099b7,0.002534903703641866,0.03151518127231352,0.028980277568671657,1,1,9,16.828556168431188,0
boston-seaport,e5db12d7-9cf0-43e7-9f16-9e43fcdc06fa,-45.16077430840953,-46.70960115456836,1.5488268461588328,1,1,15,27.876739376541003,0
boston-seaport,cb6e4da4-69d0-4b2f-92a6-cb3bb0a2203d,0.9093999172306835,0.6805994442916178,0.2288004729390657,1,1,16,29.31908314980445,0
boston-seaport,d588ff87-cdb8-41ef-8ef3-a0a2d774bb7c,83.80746055588804,89.6352717990974,5.827811243209347,1,1,10,19.90832297337418,0
boston-seaport,606fae42-e732-4e2b-8018-56274a1e0150,-0.9124477711670341,-0.4070139002854119,0.5054338708816222,1,1,13,23.74020680748317,0
boston-seaport,78fce62e-4ff7-4f17-8263-42e3e5d00cea,-82.02608185700447,-97.84763613162103,15.821554274616567,1,1,6,10.597768714501393,0
boston-seaport,e2cc5bc7-050c-4688-ae5c-d7fd636f2681,-2.4652686122966887e-05,-2.4652686072078015e-05,5.088887490341627e-14,1,1,5,9.834770368858347,0
boston-seaport,2f74571b-0d28-4b38-9c51-7ecafd803127,-40.938817959323586,-40.93882627319218,8.313868592151263e-06,1,1,18,33.52648872557824,0
boston-seaport,d6319454-27f7-493c-b5fb-fde42548f944,118.11226301665832,118.11226908248585,6.065827531410834e-06,1,1,22,40.96258017746541,0
boston-seaport,6e565464-6e7d-4a56-92e0-b19d9a49f3eb,-70.03189129904518,-83.3280447227389,13.296153423693715,1,1,5,8.558471685275252,0
boston-seaport,56ab6dea-83c2-470e-aa9d-647345487b2e,1.1272379491172324,1.334605150282032,0.20736720116479943,1,1,14,25.98943352833893,0
boston-seaport,c0dc033e-6ffe-4440-8dc9-a74eb0ad6276,-80.88837310880537,-83.19729778369299,2.3089246748876264,1,1,13,24.02473763243296,0
boston-seaport,77bec508-9056-4b85-8466-0f303f80049c,-82.75378933008889,-89.36587290835642,6.612083578267525,1,1,12,22.69226025363161,0
boston-seaport,4390a922-d3a1-4c16-89c4-e8718d035aa9,6.628030523022998,8.131392498917975,1.5033619758949777,1,1,5,8.907373221784164,0
boston-seaport,6774b8fa-5444-4ece-b628-5c293214f066,0.49832431182642384,0.6049023335649034,0.10657802173847958,1,1,9,17.062730855312267,0
boston-seaport,dda2ea27-8795-498a-8a38-86b1cde5a0cd,-86.88984589683345,-92.94314172359802,6.05329582676456,1,1,9,16.67232320449917,0
boston-seaport,3e0d005f-c477-4dba-b120-53298ebe77ef,-103.55967134028316,-110.5799948277528,7.020323487469648,1,1,13,23.750889305838346,0
boston-seaport,3861033c-51c4-4354-bf4a-32ca7cba7be2,0.979046829506481,1.1790544132827285,0.20000758377624736,1,1,9,16.248223925538696,0
boston-seaport,da009976-0f1d-4348-a759-2bf011343a50,0.6256199663001611,0.6256199662988634,1.297666310037115e-12,1,1,12,23.85875968067546,0
boston-seaport,3f5aba74-272d-40a7-aef8-402f9588033f,87.44576404666473,89.71722218776618,2.2714581411014416,1,1,15,28.21313861358887,0
boston-seaport,42fe01cb-3fa7-4ff3-a275-fbc7936e4792,-80.83238457023128,-91.98863950696237,11.156254936731077,1,1,6,11.939020811971032,0
boston-seaport,3499ce6d-5756-4c97-981f-e3ba60fdfc7f,103.58223005052515,107.74312083791925,4.1608907873940995,1,1,15,28.1951909984633,0
boston-seaport,33d64bdd-9d52-4ba9-8eee-9b43190c8514,-58.531542115774116,-66.90806521563995,8.376523099865834,1,1,5,8.797024944721572,0
boston-seaport,985563f2-72f8-4928-b523-4e8230e16351,7.534437215757535e-05,0.004075118048328792,0.003999773676171217,1,1,12,22.975902027066915,0
boston-seaport,bdc2b2d9-3003-44d7-91cf-6c64db09efb3,-74.42327223000949,-79.19093235277633,4.767660122766833,1,1,10,18.0852430336604,0
boston-seaport,b08d66dd-e34c-4a16-a77b-2decd3181891,-77.28230165290235,-85.43406554352511,8.151763890622766,1,1,7,13.260444368652472,0
boston-seaport,a6f5b125-807b-4dfc-b9be-bcfdcc4e490b,85.51106071783215,89.88038617668745,4.369325458855301,1,1,12,22.673123527440648,0
boston-seaport,88523e1a-67ce-440a-8941-67c707425ab7,34.9558144815912,35.53393338914085,0.5781189075496538,1,1,25,47.56652584080835,0
boston-seaport,c0ec2d8f-7a8a-40e7-b2f8-6b1ed08241ad,-79.71389048812361,-88.37787287785429,8.663982389730684,1,1,12,21.296738771463364,0
boston-seaport,e65320a6-0e52-4705-bb81-9cb627c8b9a9,-61.62910193699641,-66.06043111931248,4.4313291823160785,1,1,12,22.155004427541645,0
boston-seaport,d43e15ef-769f-4a6f-a631-3f22b31b15fd,2.0123749330407024,2.0905723125262083,0.07819737948550588,1,1,23,44.62581095319757,0
boston-seaport,e12c5ec8-b65e-4851-91a7-3fd9c8b147d4,-79.85565259577278,-87.1767991560599,7.321146560287128,1,1,7,12.135644517820953,0
boston-seaport,31dbb92b-6939-4bd0-86cc-c5f5598efa93,-27.757231376496094,-31.678026335030744,3.9207949585346498,1,1,6,11.706528314420453,0
boston-seaport,3a13c5a1-bb4b-4e0f-a8a6-f9ab374415ed,71.46643951499992,74.20497730050417,2.7385377855042603,1,1,35,67.29291451312582,0
boston-seaport,bd2ae6ca-9f97-45af-8239-e5291ec8b1b9,-0.4017315523678225,-0.40173155236632124,1.50122180965078e-12,1,1,21,41.67889719256084,0
boston-seaport,464b3025-3fc1-464b-ae2f-97edf71cd7c4,83.27349208518729,89.64466148043343,6.371169395246133,1,1,8,14.70343434039251,0
boston-seaport,86a54bc5-fd56-44c3-80e7-ba6e80cc5bb5,-0.3693645907029526,-0.3822317076784231,0.012867116975470584,1,1,16,30.436813760304783,0
boston-seaport,6d5ad559-7c3d-43b4-ba20-f2af8b4fcde9,-85.43097834923626,-90.10378590727014,4.6728075580338855,1,1,11,20.144818571067965,0
boston-seaport,5a87ac64-88bf-490e-9d87-df49b07466c4,-98.69012737934105,-106.92745798335537,8.237330604014328,1,1,9,17.234008700140066,0
boston-seaport,6340d18d-ff49-4376-8f23-0d9695ceaff1,0.22670459052237302,0.12838347618517654,0.09832111433719647,1,1,20,36.2894992416523,0
boston-seaport,f877aa1a-5644-4511-8951-bf9bafaa2834,90.51104704503106,93.09135187205597,2.5803048270248996,1,1,14,27.577719222277416,0
boston-seaport,09da240a-e9c5-4db8-aa23-39b086e9d821,-3.597269117106848,-3.877154513361964,0.2798853962551159,1,1,19,37.826332669147355,0
boston-seaport,daab5e1c-fc2f-4279-aea0-720bb87138db,46.78627742047109,54.53281171477116,7.746534294300069,1,1,21,39.23928721119414,0
boston-seaport,5269d197-33a9-4ee0-aebb-3a99e8a5e84a,-76.78369559204558,-81.58966395688692,4.805968364841343,1,1,10,18.884535704001507,0
boston-seaport,cea92a08-b161-4bf5-be62-da8d5f8b7dad,0.6993876287748731,0.6993876287764762,1.6029995594576124e-12,1,1,11,21.84809093096139,0
boston-seaport,ae60847c-cb30-40e8-8b21-430757710f77,-89.92174958141102,-90.24687392349627,0.32512434208525787,1,1,21,40.32126086269633,0
boston-seaport,f8b80e1a-57a1-47a8-ac7e-1267d0fee536,79.27827511362761,86.48768870137214,7.209413587744525,1,1,10,18.78621507807137,0
boston-seaport,7fb9b515-2bdb-489c-bb3a-251851d6ee36,-86.56737900376172,-89.8563975244802,3.289018520718488,1,1,14,25.212979111953956,0
boston-seaport,9927e508-4fbe-47fc-89e7-6c68f5d3d812,-69.06320419784836,-84.51950934134358,15.456305143495204,1,1,5,8.320485083040667,0
boston-seaport,39d0fbed-55ae-4c54-83be-5de07ce4579d,-0.004286159119691133,-0.026461516063214643,0.02217535694352351,1,1,13,24.313404274714724,0
boston-seaport,e7f9a04f-451a-43ef-b903-80dccb17e471,0.04091576464766184,0.1232548107453054,0.08233904609764355,1,1,7,12.542986230324182,0
boston-seaport,d69521d2-a26d-442d-b03f-abed021a27c7,90.76786084719402,90.76793253350544,7.168631143823073e-05,1,1,15,27.864089333096732,0
boston-seaport,dde76198-845c-486c-9e86-dbdafb50fdb3,12.009145578437272,12.916678902303572,0.907533323866301,1,1,9,17.42827788355111,0
boston-seaport,5cc201d9-2f42-40a0-ae97-55020b3c949f,0.544670007988062,0.6318968085293677,0.08722680054130576,1,1,14,26.90847708144277,0
boston-seaport,ac3a17e3-7a6b-4129-ba08-36d7a4509a3e,-78.1627988792042,-84.14856516067154,5.9857662814673445,1,1,8,14.940746928069137,0
boston-seaport,3508a31f-059f-477e-94d8-b842273097c2,80.17724032517653,83.90458217299997,3.727341847823431,1,1,18,33.953888168079516,0
boston-seaport,a7cd320e-1d2d-4084-98c6-9121d6b68d4c,82.42441630863942,88.70360872995205,6.279192421312636,1,1,10,18.79475427433752,0
boston-seaport,21d65968-6a37-4e24-8fa7-a2a317e8fed7,69.00147491164627,74.483126307922,5.481651396275744,1,1,9,17.473095223048038,0
boston-seaport,8bd12ec2-bfed-4ff5-8253-92c213e27a4c,0.00020698109010545358,0.00020698108893500947,1.1704441227785741e-12,1,1,6,11.954629251612179,0
boston-seaport,c0542a61-5aca-4ed1-aa33-0e3620552dc2,-0.07062234373919746,-0.15867626657187692,0.08805392283267945,1,1,10,18.568165707193295,0
boston-seaport,bf82b35f-0643-4125-b040-0470febe9dba,-0.20454372554321,-0.204543725544355,1.144999685326866e-12,1,1,21,40.54883287252751,0
boston-seaport,21acc0e4-80bb-4d3e-a2b1-6e163f80b19f,91.07238538662163,96.65106752258245,5.578682135960813,1,1,12,23.09045302988111,0
boston-seaport,e0f28012-c990-42cd-8812-3b977e2fce59,-97.78705604615165,-107.63927455212442,9.85221850597278,1,1,7,12.389649770166104,0
boston-seaport,d05ffb9c-3134-403e-9230-040cd6f7f8b2,-0.3729508490596194,-0.372950849057075,2.5444437451708135e-12,1,1,17,33.77147014188125,0
boston-seaport,d45b5f5d-5cf6-4e3f-950c-47918101e478,0.26094934764421507,0.26094934764159433,2.620777057525938e-12,1,1,12,23.913039211996796,0
boston-seaport,92c41d17-26cc-4aa2-aeaa-04a421e445db,-70.54262338865963,-78.59677554882816,8.054152160168524,1,1,6,10.129629034428708,0
boston-seaport,43f4c9cb-37bd-4aeb-b0a5-d41dc501ca92,0.7856711697880938,0.9764919166064026,0.19082074681830866,1,1,7,12.356572460948218,0
boston-seaport,a2ef18af-1b04-4157-a6f3-15737df42167,-1.0827144324389804,-1.0827144324446543,5.674109551730914e-12,1,1,21,40.672635633434886,0
boston-seaport,dc4882b6-fc87-467b-963b-d84b4a6d2e32,-76.71723965635769,-86.18434590906705,9.467106252709348,1,1,6,10.507111008426529,0
boston-seaport,2c4fe0ac-cdc9-473c-8553-dfc6ab1cb296,-81.36612076578923,-93.78450879087171,12.418388025082468,1,1,7,13.19110263779053,0
boston-seaport,a1532c14-c4a3-47cd-b9d4-cd10dbc81af1,83.4268274135467,90.76700151747852,7.340174103931802,1,1,11,20.44706069219621,0
boston-seaport,681eda3a-6498-4ca9-a051-1898728a5b35,-85.99720816273117,-88.11534796559906,2.118139802867892,1,1,12,22.3418691592736,0
boston-seaport,a5a68fe1-03e5-42aa-abc1-1094aa15149f,89.54806775686677,89.54816218335576,9.4426488989356e-05,1,1,12,22.130887473716662,0
boston-seaport,2a5284f5-35a2-45e2-8117-39cf4b8f7543,-95.35509447472387,-101.05106270177417,5.695968227050296,1,1,10,18.10367474795977,0
boston-seaport,6edeaade-542e-493b-8cdb-c139fd88265b,0.4057368794674489,0.5181160470635318,0.11237916759608278,1,1,15,29.42076642279936,0
boston-seaport,eb96662d-78a4-477e-89d4-c7c584690d05,-79.12703470236524,-79.12713664630867,0.0001019439434323808,1,1,12,21.14922828418454,0
boston-seaport,0a89eebc-657e-41cb-af93-0d328a2d05ac,-81.61814253138941,-88.47093266094863,6.852790129559229,1,1,11,21.148411393341288,0
boston-seaport,985276cb-b909-4103-8f6e-ea2f0e5d6805,-2.651162880730936,-2.8510791013610386,0.19991622063010278,1,1,11,20.261721735283285,0
boston-seaport,e6247d1d-8356-4c3d-a140-9de21df8a0c7,-75.10438425747408,-88.71098197254676,13.606597715072683,1,1,6,10.336598301922523,0
boston-seaport,790ef45f-6a6c-4789-866e-c5fdba17bc3c,84.3165931099679,85.29833327439906,0.9817401644311656,1,1,17,31.93186612316672,0
boston-seaport,237b6458-73f7-42fb-b826-c74e3e092ce7,-73.80811643503822,-83.92696422358132,10.118847788543118,1,1,6,10.35249405657978,0
boston-seaport,f51f1e9b-901e-4787-b4f9-45ed6fafeb92,-82.69166966582125,-91.62855758324764,8.936887917426402,1,1,8,15.826095201770583,0
boston-seaport,1e6957e0-7ea7-4c62-baf1-811edb1734d2,-54.81496772093065,-57.283480319118276,2.468512598187624,1,1,21,40.17478009300205,0
boston-seaport,bd0f0d2b-2e99-48f3-a3de-279a12067be6,71.36732777901584,78.10745260893452,6.740124829918692,1,1,8,14.220155380849931,0
boston-seaport,6b11f893-f4a9-4f34-b221-f8cb9f69675a,28.63405091212368,30.438189734446695,1.8041388223230146,1,1,22,40.747325591341045,0
boston-seaport,32270ce6-56dd-456f-9e0f-2d36e593dc87,92.03472837035284,95.54164731401416,3.5069189436613244,1,1,13,24.02337382224757,0
boston-seaport,9de62069-4dce-45f1-884e-9547e471a32e,-1.8211009555038273,-2.0250596301255706,0.2039586746217431,1,1,14,26.67783420080235,0
boston-seaport,0f4f8d01-3f92-481b-b81d-b40722c5b34f,-0.3763689120379391,-0.08892950901081488,0.28743940302712423,1,1,18,34.342259808149244,0
boston-seaport,c1293c6f-b303-47c5-a932-bc279b0cff23,3.403549731290287e-09,1.6720990182452162e-08,1.3317440451161876e-08,1,1,6,11.119174730346757,0
boston-seaport,386ca7e6-59ac-4062-8627-b0c93cbcd2be,2.6853954841865977,2.7943006222234996,0.10890513803690192,1,1,31,60.250298182121654,0
boston-seaport,7ac7d543-d61c-492c-a078-117aec79d94f,78.50112053243748,78.50122396396998,0.00010343153249411151,1,1,14,25.50662642685589,0
boston-seaport,2006a61a-eb7e-4d71-b60a-1d7aad306f5e,3.70078892122999,3.7720123763237248,0.07122345509373465,1,1,20,36.51524280423713,0
boston-seaport,e1300a0a-f7ae-4a6f-b526-b66433658601,-0.5063996278596402,-0.5063996278632533,3.613110118142555e-12,1,1,10,19.636541071454346,0
boston-seaport,5a4dae37-d795-467d-9b08-0904cfd5b6b1,59.44661302427016,67.76335730053175,8.316744276261598,1,1,6,10.100269856026014,0
boston-seaport,05ee9763-7c79-4385-a1b4-34359bf31277,-0.024901432510134245,-0.024901432509167355,9.66888623164909e-13,1,1,5,9.943359740595136,0
boston-seaport,47f7e8d9-5d2f-44d4-a88b-62f43d1be533,-82.06045072181806,-88.88872801442288,6.828277292604836,1,1,8,14.064817914961614,0
boston-seaport,3fe36aa4-7068-41ce-800a-4fc0c68803ab,-77.73818513886148,-85.10013951650056,7.36195437763908,1,1,7,12.745541927457587,0
boston-seaport,7ccce197-fc1a-4627-b275-141b6bb17eb3,-82.79265590677673,-89.2664464969902,6.473790590213475,0,1,8,14.147229300495031,0
boston-seaport,9799cca6-d688-4f3f-9576-6038dc8387d7,5.7755470698763505,3.0150572688010544,2.7604898010752965,1,1,12,21.750984981384285,0
boston-seaport,1fd4c82f-ce9c-4a0c-9016-01327fe62d73,36.73835766332613,40.39324711987019,3.654889456544066,1,1,7,12.50512612479005,0
boston-seaport,05494686-be54-4e3c-bd13-5e7b23ab4d21,85.10563677120095,91.00374697379769,5.89811020259675,1,1,9,17.252936471821208,0
boston-seaport,b36a36fa-3c4a-47c0-bd63-0f99bfe440fb,0.061803973779588385,0.061803973782463606,2.875221432043019e-12,1,1,25,48.135326893767456,0
boston-seaport,713bc3cd-a9fe-426e-b6fe-d156701765a8,88.16765091687196,89.03938095691751,0.8717300400455424,1,1,11,19.55842267168921,0
boston-seaport,192be6de-e515-4acf-8f1a-1d49ac3ad7ad,4.425144672782848,4.829708341048965,0.40456366826611767,1,1,11,20.523451172783705,0
boston-seaport,b294d85d-22ea-4e50-add8-b96afe3ce03a,-0.9948422037622106,-1.232444258845926,0.23760205508371535,1,1,12,23.772792455851892,0
boston-seaport,d20d1c1a-306e-4d69-b076-a4e8e796b5de,-17.831290981829238,-18.501694220297228,0.67040323846799,1,1,12,22.784478827692674,0
boston-seaport,d0783774-96f1-4ba1-9a0c-8a4ea7292a57,-74.37324298335054,-84.69807179987404,10.3248288165235,1,1,7,12.421582207084253,0
boston-seaport,7ce3b92c-a345-40c7-8bbc-b01550331b89,-0.6554451071540971,-0.741182716591994,0.08573760943789688,1,1,16,29.40820985157137,0
boston-seaport,77d66bbb-fae2-4606-9e7f-f1951649285b,-103.95173726647906,-103.95190793090457,0.00017066442551691416,1,1,17,31.506566287101187,0
boston-seaport,e3c2062a-9628-45c7-b338-9fba41cc7036,-0.034638579174953193,-0.06960971926893196,0.03497114009397877,1,1,7,13.579077332063667,0
boston-seaport,76c18a12-96e0-42c6-a2a5-204be20b4ce3,71.79378261917105,76.71717854955598,4.9233959303849275,1,1,10,19.003487201773734,0
boston-seaport,2af5743b-bff8-480a-a20d-7c699aebb559,4.183826785256823,3.869572114988019,0.3142546702688036,1,1,26,49.47455759244684,0
boston-seaport,1db93a55-dbdb-4018-8503-68aca415aad4,-0.12909853736426816,-0.12909853736505694,7.887775610029521e-13,1,1,25,48.69110188351073,0
boston-seaport,dcca10b9-6d08-4ca2-bb8e-769b0bd95f53,-0.1423957098731604,-0.2775927109673802,0.1351970010942198,1,1,18,33.579030005011106,0
boston-seaport,68d97c9a-62d7-41cb-80c9-8f8df7d4639d,-81.18226539838832,-91.0890057239887,9.906740325600385,1,1,6,11.57693444182482,0
boston-seaport,d86a6717-d344-4dde-9b17-e90b525dcd25,1.4498138212574718,1.5912677536436528,0.141453932386181,1,1,8,14.732245958929578,0
boston-seaport,9bdc3cc6-3cb7-4a26-97af-dd66b40036f1,-4.753747017442051,-5.298947636688993,0.545200619246942,1,1,6,11.379702422866242,0
boston-seaport,bb46d725-50b5-4186-a4f2-d93d2df115fb,-2.946369669300903e-05,-0.00029975015813286384,0.0002702864614398548,1,1,4,6.051971257986388,0
boston-seaport,dbf6dfbb-98ee-43b4-8808-03085f3fe878,-125.78508534284748,-125.78516787728907,8.253444159868444e-05,1,1,20,35.7660498812517,0
boston-seaport,4ae0faee-25f2-4712-a50d-9110f54ece6e,72.88071790984719,72.88074629416772,2.838432052731393e-05,1,1,21,38.1053970069301,0
boston-seaport,3bf2a119-7dfe-4eb0-84e3-e51c87aa1322,83.44724315806376,83.44737829447149,0.00013513640773041362,1,1,13,23.79303018880725,0
boston-seaport,6739e72f-0e6f-40de-9f0d-b89d35359e9f,-71.09970535727754,-85.7232192319068,14.62351387462926,1,1,5,9.615281745812437,0
boston-seaport,6e5ad3c3-8031-4cb4-8780-4a51546e073b,85.32462119686801,90.69945329445311,5.374832097585111,1,1,11,21.52087775033867,0
boston-seaport,29ba28a0-7a31-4b6a-bc90-c21eee81512e,81.93671534434283,83.43399414370954,1.497278799366705,1,1,12,22.34416808225279,0
boston-seaport,275bd55a-f766-495e-9b7a-7dddc64137d9,87.54456541268411,87.68291101880922,0.1383456061251114,1,1,12,22.295192999219164,0
boston-seaport,431bdaaa-0a1d-4ee6-a9f8-06eb2a4be9f7,89.09359499369344,93.96040150369441,4.86680651000097,1,1,11,20.16938069276912,0
boston-seaport,2260ddd3-7dea-40f9-9104-2f0deaa5cee9,0.0937403118136669,0.09696225733513379,0.0032219455214668857,1,1,6,11.900770421237054,0
boston-seaport,c1f0ccf2-0ca9-49a2-9bd0-eda49ecdcd9b,-80.17657549160218,-90.09216661296024,9.915591121358075,1,1,6,11.809101080230375,0
boston-seaport,8ecce741-4d67-45c0-a0f2-d6b0350f66cd,-78.1882171511079,-87.39540094456575,9.207183793457855,1,1,6,11.754531514611426,0
boston-seaport,e604be98-ae9f-4a0d-ac22-3e6008a4c9e0,-83.16463187384144,-90.68075110875115,7.5161192349097,1,1,7,12.526218735409355,0
boston-seaport,c55a2e6a-7148-41a6-bb22-7bd7fb740202,-3.9758307697497086,-4.368688348581629,0.39285757883192035,1,1,8,15.061739559165039,0
boston-seaport,68938af2-8e34-4735-8b86-85d743983f03,93.78876914475036,96.07744434068265,2.2886751959322824,1,1,20,37.38422994295733,0
boston-seaport,c6286fa5-94b8-493c-8040-b2d2caf793bc,-82.13181768850176,-92.26724476278038,10.135427074278612,1,1,11,19.31095726686531,0
boston-seaport,f61b7359-00b0-4113-bf91-894c5db1ba19,-31.25696617955407,-33.60807577074674,2.3511095911926647,1,1,10,18.456750623989862,0
boston-seaport,0bdafad4-2ee6-43ed-a526-abdc91a8b882,-0.0007613647154332094,-0.01465275715933321,0.0138913924439,1,1,7,13.399304973569976,0
boston-seaport,a7fa14dc-d9df-4434-9fc7-84e0b01dd19a,1.5683331595090184,1.705868362803779,0.13753520329476035,1,1,9,16.909521346637874,0
boston-seaport,9ee82b1d-109b-47f5-9a2a-026c79fa87c6,1.1903312762686671e-05,0.00016284360702037212,0.00015094029425768545,1,1,15,29.705554647430024,0
boston-seaport,ff0e19ac-d8f8-4fa3-9d89-0a189ce4648f,11.995928100568323,12.34909174910906,0.35316364854073906,1,1,22,41.25965382330491,0
boston-seaport,e5939b38-0706-4ade-952c-aed12aa3e4d7,83.71961136706156,88.00626036906229,4.2866490020007415,1,1,13,24.46140386387187,0
boston-seaport,db3dbc17-39be-4121-8930-9a9a8a643024,0.022561168594815183,0.09972870314040072,0.07716753454558553,1,1,26,51.9771672538766,0
boston-seaport,adf091f9-9c98-4198-a4a9-e28b397a446b,-2.1879926209098343e-09,-2.8177449922833557e-08,2.598945730192372e-08,1,1,3,5.358360663138515,0
boston-seaport,5fdcf377-7210-455e-8f40-4f04e5adb59a,-4.304750018109408,-4.981197622104966,0.6764476039955579,1,1,7,12.317875142279412,0
boston-seaport,5d40c80a-6109-4e77-896c-33c71dcf5e99,0.11098114333142131,0.1714553242211054,0.060474180889684086,1,1,8,15.69442363290945,0
boston-seaport,7d3d87e2-435a-44ef-bd8c-9a32a1845cc5,-83.83002452876508,-88.9245805171893,5.0945559884242195,1,1,10,19.320943204173858,0
boston-seaport,de01f0ca-37f2-4db4-b540-c1ca63c73ad6,-83.41967118464972,-90.26294071899838,6.843269534348663,1,1,10,18.216244122035057,0
boston-seaport,8c175791-5a96-4954-9529-cf7d528027a5,-83.39415169929975,-90.03235635766157,6.638204658361809,1,1,8,15.801481246837858,0
boston-seaport,88ed6583-c0a3-48e2-96ae-0d2d794d3924,-73.20096673726553,-88.30906953034352,15.108102793077979,1,1,5,9.675504197136982,0
boston-seaport,e99b7186-7345-42f3-9987-5266a91a0555,-81.05742124222293,-90.39639407784658,9.338972835623656,1,1,6,11.09710238239399,0
boston-seaport,7b4cdf97-9054-424a-a3d4-dc7a6f4dcf42,-0.09243146802173963,-0.29038430513511265,0.19795283711337303,1,1,4,7.517819034642576,0
boston-seaport,6b8a01c5-0935-4ee5-a67c-3c932f5dad17,0.3227060449128601,0.32270604490838184,4.478220991500631e-12,1,1,7,13.85215468682715,0
boston-seaport,225f13af-3d92-498c-ba9d-7d8ec7f3b028,-76.71122905433063,-87.46361985559795,10.752390801267323,1,1,7,13.773087039699593,0
boston-seaport,6f76d6ef-c905-4f61-8447-eaaca2eb2299,13.849369332050852,13.989866994595223,0.1404976625443708,1,1,21,38.75330822427543,0
boston-seaport,014d217b-3581-4c4b-b5f1-d9ea7ef6973e,-69.25527464730591,-75.24183830040988,5.98656365310396,1,1,8,15.216384554124696,0
boston-seaport,7d3436b0-6ffc-4fad-a8d3-42a6a0ed3bb0,-0.4862429265290335,-0.5428146994931818,0.05657177296414834,1,1,18,34.679678497668625,0
boston-seaport,1a600162-c990-47a2-8f74-a11b9622274b,-2.585544399430932e-07,-0.00013266266015881382,0.00013240410571887073,1,1,6,11.698009399860291,0
boston-seaport,9466bf47-b59b-408a-9fc8-61f4c2adddd3,43.2303229469693,47.75054967053369,4.520226723564385,1,1,20,36.52147513653444,0
boston-seaport,90dd7aab-70ed-4759-b97a-4ffacca6492e,80.90314089983231,89.5023453333595,8.599204433527193,1,1,10,18.388839932631935,0
boston-seaport,27585e56-038b-4d6a-93fb-c6ecfd65e42f,0.01544600375415552,0.028984539535150143,0.013538535780994622,1,1,14,27.142485142921227,0
boston-seaport,ab9c4bd3-d89a-421c-92fc-56cc36c72957,-76.95649991742361,-91.81217923908603,14.855679321662425,1,1,6,11.867119015162631,0
boston-seaport,cee45a6e-0f90-456b-840d-0c21dfae11a6,-0.16749745810001387,-0.1674974580989961,1.0177774980683254e-12,1,1,4,7.45538794185647,0
boston-seaport,197b8356-bd93-4448-91d7-99a49d1ff8e3,-83.88950836028647,-85.79969804399003,1.910189683703553,1,1,12,21.622521247747436,0
boston-seaport,006ff474-96eb-435e-92f2-b0718d729149,-99.30853007007288,-107.80743931671837,8.498909246645495,1,1,9,16.312309083377876,0
boston-seaport,f4813a23-1738-4121-8e8e-dde19df00529,1.175392290980196,1.285141366308446,0.10974907532825011,1,1,9,16.802502279996645,0
boston-seaport,59b10c6b-b560-4e68-8e89-932ecfcde814,-0.5603902119741031,-0.5603902119707953,3.3077768687220575e-12,1,1,11,20.222939787065854,0
boston-seaport,4bd13fc7-4254-468f-88e0-e0bd1c894d39,-72.59219972698428,-90.62075536447762,18.02855563749334,1,1,5,9.5951612117851,0
boston-seaport,0e85fce6-abdf-490c-b1ef-2899ed79aa22,113.52664636212353,122.26442079868114,8.737774436557611,1,1,16,30.127824931750773,0
boston-seaport,2c16c3aa-c803-469a-862e-5bec9643c4c9,-82.71937425706025,-91.86457597820663,9.145201721146371,1,1,6,11.052078847509653,0
boston-seaport,a5c97e16-26e8-4437-9e47-2666c691b9a0,-46.51108459155777,-49.63900927881874,3.1279246872609665,1,1,9,16.313585417381226,0
boston-seaport,bd03d20e-3763-4c7c-b640-9ab8b9d2ae4f,83.38542891024574,85.34906131119668,1.963632400950942,1,1,13,23.554112564700826,0
boston-seaport,82f45461-c4e1-4647-93bf-263916ead2fa,-81.65857992191809,-87.94332708837655,6.28474716645846,1,1,8,14.778752861211743,0
boston-seaport,1fae83b3-f1c8-471f-96b5-927b8aac2f4e,0.019995689143738483,0.0761247834185931,0.05612909427485463,1,1,18,35.56126833763448,0
boston-seaport,6e4def56-111e-4ee4-b071-02522ec07bce,83.56332539080385,90.39734578908165,6.8340203982778105,1,1,10,19.420164484253615,0
boston-seaport,aa251606-90b3-48d5-b72d-5735dba6eda7,82.44827492824713,91.14732911162798,8.699054183380852,1,1,13,24.704887337859624,0
boston-seaport,21548af8-fd90-4192-a4bd-9271004337a9,96.27343794928096,99.76021830124067,3.4867803519597,1,1,17,32.44168390830633,0
boston-seaport,c71d2a1f-0636-436b-9c22-e7d3dcdc6293,84.30529112093255,87.8195234928719,3.514232371939333,1,1,11,20.474581564005575,0
boston-seaport,111a1858-c201-4611-b5d9-1ae40fff9662,-79.00599350823475,-90.14975925835297,11.14376575011822,1,1,8,14.211855936936583,0
boston-seaport,30998d49-3b1b-4a59-873b-9bfe9e0c6e6e,-1.0080517413962695,-1.2688905573919382,0.2608388159956688,1,1,12,21.23445435266145,0
boston-seaport,8adeeaea-54c2-4249-8ae7-5a47808b1d4c,0.6520711715349534,0.6520711715334268,1.526666247102488e-12,1,1,12,22.500557554229275,0
boston-seaport,26ee858a-a7b7-486e-bc25-b79fcf24a6a7,13.339472499128094,14.076505798946238,0.7370332998181454,1,1,21,39.08413473549187,0
boston-seaport,661cf689-1e8e-41d4-b242-88914238ce5d,-0.25779129515791943,-0.25779129515886084,9.414441857132009e-13,1,1,23,45.39334774930439,0
boston-seaport,97591930-f321-4212-970c-c748fdca83fe,0.06839179207869164,0.08956916963055339,0.021177377551861748,1,1,8,14.63837402220914,0
boston-seaport,697b0403-e907-47f3-bf40-7fc272ff2a4d,-85.96884928026748,-96.46988619170655,10.501036911439071,1,1,6,11.034499222700427,0
boston-seaport,d3365745-aa48-4e96-8b1f-a3bfa8cd9a74,2.1893663980010287,2.1893663980011557,1.2722218725854067e-13,1,1,17,33.08320384669412,0
boston-seaport,450d3c7f-cbbb-4d0a-bda9-e1bf62e1969b,-1.7617962379609793,-0.5260818795910661,1.235714358369913,1,1,12,22.693015543247544,0
boston-seaport,7300f3bf-d79d-486c-a224-6d3de5e3deb8,86.04450899462623,91.41648237081563,5.371973376189404,1,1,10,18.962063866876207,0
boston-seaport,ea74e47f-fc12-4d47-b6bb-0a069afef6e2,81.95284084625906,91.39334072944148,9.440499883182415,1,1,10,19.05908284337266,0
boston-seaport,432251ba-bb66-44eb-aed0-2fa57c447864,-0.0307636577308075,-0.09636170507658949,0.06559804734578199,1,1,12,22.217329887109297,0
boston-seaport,7e3f5c6f-95a4-4dfe-9585-fc3fc3f24d57,78.52146038657858,83.76938211151872,5.2479217249401415,1,1,10,19.084074342726367,0
boston-seaport,935a4220-871d-4052-b773-6c64874254de,1.277669544778526,1.5472044146017072,0.26953486982318126,1,1,13,24.939271863537236,0
boston-seaport,4a901457-305c-4d21-979d-9832ee3dd790,-99.08343352016472,-99.08359840137875,0.00016488121403405594,1,1,16,30.38442975084925,0
boston-seaport,7694467d-3757-433a-aec2-15be7a1c269e,-92.2769495378484,-92.3720447421161,0.09509520426770292,1,1,13,23.19511800731147,0
boston-seaport,7a75d118-21cf-414b-8ef8-fa1109350ecb,0.13953457203790506,0.1395345720371163,7.887775610029521e-13,1,1,19,36.60384211933902,0
boston-seaport,09621652-0c57-45e1-a71f-895aa7dcda6b,-0.72639829481018,-1.208330556050816,0.48193226124063604,1,1,27,51.35655957641558,0
boston-seaport,cbd77977-c58d-40c8-a3a4-7622ad043947,6.137944552859218,6.780696151815371,0.6427515989561529,1,1,21,39.12218299442605,0
boston-seaport,b2f1f31b-ed28-44ae-b186-2a92bf2e5812,-0.2923755662500364,-0.2923755662492731,7.63333123551244e-13,1,1,9,16.823876556882507,0
boston-seaport,2afaf1ad-3687-4dce-aa76-1a283132068c,65.04366913932061,69.8109791461149,4.7673100067942835,1,1,19,36.095761990922824,0
boston-seaport,c3ae5120-3004-4883-be52-9e11bf6a4985,81.81099154160457,89.82471791374752,8.01372637214295,1,1,9,17.509105964392106,0
boston-seaport,0e0e06b8-d0ca-42af-b6f0-bf6a2175fd1c,-82.37806163591858,-88.74745873989541,6.369397103976829,1,1,8,14.887163034906852,0
boston-seaport,7cea2f9c-ec28-4842-a3c3-a84bba3e48b2,83.3843671897555,88.81042262440971,5.426055434654213,1,1,14,25.91895838595762,0
boston-seaport,6eaee4aa-c5d4-456c-bc86-5d52c8fe8c22,83.20585711999179,83.79081043589912,0.5849533159073282,1,1,15,27.751853676127674,0
boston-seaport,c296b8ac-9ea9-4c9e-a333-88a4c243fe08,-75.18839187943058,-75.62582178981076,0.43742991038017626,1,1,13,23.404041388112255,0
boston-seaport,95cafdc0-593b-4491-b9a7-b911c2f81f3a,-8.531635101123223,-9.9287206602647,1.3970855591414773,1,1,5,9.12761052417208,0
boston-seaport,a8ee8dc4-7481-4b04-8860-3def002c83db,0.05731940989182771,0.15497765205037634,0.09765824215854861,1,1,11,20.522376363832706,0
boston-seaport,61e948a6-063a-48cb-a38c-0add4a338757,-90.26847654106852,-90.26865344560615,0.00017690453762331633,1,1,16,30.709151000440322,0
boston-seaport,823653bf-6325-47f6-b10c-20d69e54687d,0.12559064441626477,0.12559064441053977,5.72499842663433e-12,1,1,6,10.0267417522903,0
boston-seaport,076cbcdc-0bdd-4d34-b90a-abc078181be9,0.00479105343116884,0.023089253659489297,0.018298200228320457,1,1,7,13.976923931181114,0
boston-seaport,b448fbfe-ac51-4abe-b0ab-f792115a73dc,-86.11085166725215,-92.38179670977604,6.270945042523902,1,1,9,16.503606760680423,0
boston-seaport,58a695d5-e5e6-4c4e-b5e6-ba871601d8db,-85.47258964218825,-90.14064354808399,4.6680539058957375,1,1,18,32.82981865903549,0
boston-seaport,b73314be-d0d5-43bd-bf28-e7792c6e4405,-0.12566236551943444,-0.12566236551648288,2.9515547443981437e-12,1,1,14,27.225235773807242,0
boston-seaport,6cc22a54-acd4-4456-9db2-c80e20c71e97,0.07104795960363977,0.07104795960366521,2.5444437451708134e-14,1,1,5,9.327401092844426,0
boston-seaport,eeb4e74b-09f8-479b-8f41-05d15c1b9bca,86.93056303269677,92.70749610403757,5.776933071340816,1,1,9,17.002035816659117,0
boston-seaport,c0bec4fc-1387-4daa-a403-f75296268da8,-114.74989905757946,-123.2808598761721,8.530960818592648,1,1,13,23.38704487119236,0
boston-seaport,c4f42739-fba2-4876-a343-98844bb5cf98,88.4732941008992,88.47341914194745,0.0001250410482495251,1,1,16,29.717095191973957,0
boston-seaport,dac80544-2812-4ae8-9696-dea8db9c1610,84.86386160078132,90.52214473315195,5.658283132370624,1,1,9,17.864963867412104,0
boston-seaport,13a5c762-348a-4e88-9d41-5190b2015464,-45.59061135521255,-45.04107328368901,0.5495380715235468,1,1,12,21.925890792148543,0
boston-seaport,616cc89b-a03c-4a31-a4ce-ce1ca351e23b,-86.67066060867909,-86.6708544078143,0.00019379913522794595,1,1,16,29.335159525174483,0
boston-seaport,b512274c-55a6-470e-96ba-ed36a9ea288f,-6.319833175053038,-7.250358826371283,0.9305256513182448,1,1,7,13.481996022424703,0
boston-seaport,ba391c04-3293-4bd1-894a-eec473ce7cb3,-80.6688198735072,-90.34103443343932,9.672214559932108,1,1,6,11.31781069848241,0
boston-seaport,1b4092ae-711d-4522-b6a8-ef6ab8ed09ab,36.640057615793154,40.75351421968067,4.113456603887515,1,1,7,13.666934510723769,0
boston-seaport,c600d9cd-d3c3-412f-83ce-d0cb1077ecc2,-4.612953269945243,-3.6804189695573366,0.9325343003879069,1,1,17,31.48174349465796,0
boston-seaport,ecf949db-6276-4b6a-b268-d441a11c9bc9,-99.47077638589604,-99.47087097949759,9.459360154076283e-05,1,1,15,28.86230188075521,0
boston-seaport,6582549e-5560-48de-bc63-72987650b148,117.33193033059848,123.6096798022918,6.277749471693303,1,1,19,34.87729099920279,0
boston-seaport,dcffc383-05af-42ce-8ef2-02098c792bbe,3.572094212507506,3.6658692323511244,0.0937750198436182,1,1,21,41.14144869172253,0
boston-seaport,e60529b1-ff6e-4d38-86f3-ad9cfdd83d55,84.8387931142126,89.90557314343313,5.066780029220525,1,1,14,26.40396151679409,0
boston-seaport,75200c6b-02a5-47fe-8cd6-dc31a1892a41,-74.17766733603253,-90.09725199309501,15.919584657062483,1,1,5,9.041052124876913,0
boston-seaport,a119d137-b719-41dd-afbe-7604b30ae62d,-0.07073651384095413,-0.41428675513408697,0.34355024129313283,1,1,6,10.477461835545988,0
boston-seaport,9d15d2ab-c1eb-4636-8506-ef379d477b4d,89.2557000393917,90.90396052860974,1.6482604892180508,1,1,11,19.931588612764045,0
boston-seaport,11be21cb-adc2-429f-a711-0330291ea175,0.0024751959507325312,0.030798380923709744,0.02832318497297721,1,1,6,11.719215398280603,0
boston-seaport,c5d1b362-3950-4a7a-8e3e-c16d2c092152,-1.5353236826862269,-1.7714097177543406,0.23608603506811368,1,1,5,8.58207746898411,0
boston-seaport,d97b915d-5d07-4fac-9059-a592e64bf43c,-0.01756439120958462,-0.03453506738253569,0.01697067617295107,1,1,13,24.30103364412592,0
boston-seaport,b34fb234-e0a3-4484-aa0e-ebeb079a374a,-29.9472168205108,-32.272091178988106,2.324874358477309,1,1,8,15.168260125582139,0
boston-seaport,878e2a8d-1346-4b73-a4e5-da081cf1bd8a,-0.5323350528023617,-1.0491081719715947,0.516773119169233,1,1,23,44.71277069081109,0
boston-seaport,2322f22b-4af1-4b9c-b773-3f035e033981,91.55806375508786,91.55817829140881,0.00011453632094958499,1,1,15,28.822027380655147,0
boston-seaport,8a371a54-83c8-4908-8623-57f6cd89e9c1,-0.3787133382458856,-0.47685037549181575,0.09813703724593012,1,1,20,37.576732385061305,0
boston-seaport,f678e022-73c8-440a-a27c-9844206ecb24,61.8545977288667,66.7130252541454,4.858427525278699,1,1,15,28.820913666538907,0
boston-seaport,6589cf07-9472-4deb-a351-b6e3d5431ab0,-3.38171021989626,-3.3817102198923417,3.9184433675630525e-12,1,1,12,22.116114377937876,0
boston-seaport,ca919879-464f-4864-9577-836d1cc4e52b,79.97169476575328,88.23867764756535,8.266982881812062,1,1,8,15.094339268163099,0
boston-seaport,722b350b-b94d-4105-9b91-ce8cdec7234e,-72.19701783345796,-76.69832435804781,4.5013065245898485,1,1,10,19.18981444918665,0
boston-seaport,c4af2aa3-3ee2-49d1-9ae2-0e820f82b906,-7.320963096942257,-10.754439779608493,3.433476682666236,1,1,3,4.805879285402875,0
boston-seaport,05c9f5b7-8b4e-473b-9ca7-e6b42884c3d5,4.198952562378678,4.479115914821582,0.2801633524429039,1,1,11,20.637879882829804,0
boston-seaport,c9edacdc-79de-4d33-84f3-f8ff1be8856d,5.709865013366626,6.423089374088021,0.7132243607213946,1,1,9,17.484469499478003,0
boston-seaport,4d89efb1-8391-4d7f-b0b7-72ad4914206a,0.08319561361274332,0.08319561361182733,9.15999748261493e-13,1,1,10,18.775996083116897,0
boston-seaport,537f26b9-9849-4c0d-9f85-0379bbb1f984,-0.4987496133707941,-0.49874961336875856,2.0355549961366507e-12,1,1,13,24.40951150068002,0
boston-seaport,4cfde78a-972d-406c-991c-a0da484fdb85,1.1434479170812861,1.3285764163125846,0.1851284992312985,1,1,11,20.23676460415438,0
boston-seaport,8137e7f3-225f-40e3-9ace-0142f7b78b76,83.27313627273205,88.62412216969592,5.3509858969638735,1,1,12,22.604248793014474,0
boston-seaport,b1101eb2-870c-4666-b8e1-5cfca1854f4b,85.18030072719135,90.53511390154381,5.354813174352457,1,1,12,22.719959523844295,0
boston-seaport,e2091673-e9e7-4da9-829a-047e405424e3,-1.3851821132115358,-1.557229413151956,0.17204729994042006,1,1,9,17.671433060396954,0
boston-seaport,3275f442-0616-4b5d-bffa-8a7c2f0b264d,0.13429423490989006,0.22161372040502736,0.0873194854951373,1,1,9,16.586007764277696,0
boston-seaport,12964b69-d717-44d9-8511-8dbf5c83ab5b,78.9353937827028,83.68374273549388,4.748348952791074,1,1,12,21.72308830561,0
boston-seaport,27a2f20b-398d-4e72-badb-231f3651b7e6,-4.8873247986191695,-5.342906029487903,0.45558123086873364,1,1,7,13.889134971287643,0
boston-seaport,031606e6-b581-4d90-805b-29841b5513a2,-0.3150316649810359,-0.315031664978237,2.7988881196878947e-12,1,1,5,8.212178614821564,0
boston-seaport,1f23acdd-115c-496b-9489-01e1f9aeaece,-2.0052686468251752,-2.0052686468326306,7.455220173350483e-12,1,1,13,25.56612597504966,0
boston-seaport,91add3ac-c29f-4225-b192-62a7e0c4638c,0.032158319375863324,0.032158319377695324,1.831999496522986e-12,1,1,25,48.296585414501294,0
boston-seaport,3e82c21c-5d8c-4126-a30a-d1e1339d1c54,-32.37911233791129,-29.82923147551192,2.5498808623993643,1,1,11,19.735934308956093,0
boston-seaport,dac876a1-da57-451c-9032-bd043b3497ab,-83.38956324319325,-90.98054922649568,7.590985983302436,1,1,7,13.593557882024026,0
boston-seaport,1c4b586e-a6d4-4e67-bd32-6a38d0dcea3d,-85.67461402706407,-90.72614281523045,5.051528788166388,1,1,10,19.462537080914142,0
boston-seaport,1cd782e3-bf92-4a08-b525-7d9458b3f6df,-89.4599469345273,-90.11612250041534,0.6561755658880545,1,1,13,24.681394491092014,0
boston-seaport,a34f4079-df21-4553-a334-0acc6fbb383e,-0.09300910870093623,-0.09300910870088536,5.088887490341627e-14,1,1,14,26.890245895440703,0
boston-seaport,749200c6-bf6d-4763-b6a2-bfea8f990960,1.6173669572381517,1.809263154922555,0.19189619768440352,1,1,13,23.83168880792432,0
boston-seaport,0aed49be-55a0-401f-82e8-f1774bdf1999,0.7990897327952053,0.7990897327929917,2.213666058298608e-12,1,1,14,26.684611991021367,0
boston-seaport,ca9bb8cf-1930-4c0b-87fd-53e2b9394eb7,89.44981960998378,89.94176264170494,0.49194303172116643,1,1,16,30.04242839230673,0
boston-seaport,e0493dd9-982e-4baf-968c-4a2ce251326a,-0.07719852764512579,-0.07719852764362456,1.50122180965078e-12,1,1,9,16.433035026138015,0
boston-seaport,f68b443c-9f84-426f-a2b3-4e7a83a798fe,9.497155843223357,9.652891285495027,0.15573544227167088,1,1,13,24.032498484960325,0
boston-seaport,9f8da5b7-61a4-4345-9565-16c45518e9db,0.0025210566078877105,0.031171256632720745,0.028650200024833036,1,1,19,37.072273300550464,0
boston-seaport,66892626-1b97-4eef-875e-cee6a31712bb,85.50654718547894,91.1586028585946,5.65205567311566,1,1,10,19.183358109800317,0
boston-seaport,1b81c294-f012-4838-b507-02cde968cd03,-0.00031402516922519587,-0.006697102417695154,0.006383077248469958,1,1,12,22.168810602490982,0
boston-seaport,0444e8ef-15a2-412a-ace6-51dddf7af569,1.737575456952884,1.8229614221479413,0.08538596519505719,1,1,18,35.02654522696811,0
boston-seaport,0812c29f-f496-425c-9746-9bd1ac7054d4,51.0568129433087,56.32653930554992,5.269726362241223,1,1,16,29.71834213722659,0
boston-seaport,2f7bcea3-fa9e-41c1-9509-05ae936089c9,-85.91674710638377,-90.84250518241352,4.925758076029754,1,1,11,19.523426614414216,0
boston-seaport,fcd56355-bc25-47ad-ac06-8b393ec73e50,0.010045523900508328,0.010045523899592328,9.15999748261493e-13,1,1,20,38.306025397029586,0
boston-seaport,98cbedaf-571f-427d-8187-13fbdc5f2ac3,79.07436022071101,89.16164434789715,10.08728412718614,1,1,7,13.170827985412807,0
boston-seaport,8e35cb83-b443-4de6-9ea5-ed105c86caac,75.08530192587949,89.25689916415736,14.171597238277858,1,1,6,11.69849194023758,0
boston-seaport,efb2f562-3ee1-4afb-a628-e3b908f21ed9,-3.632329256835873,-3.959598335221325,0.3272690783854521,1,1,11,20.892300233482533,0
boston-seaport,e5ad1ef0-3f9b-44a3-8eb3-10ac83236aae,-0.000852053212725521,-0.013417179569078529,0.012565126356353007,1,1,9,16.500666507286283,0
boston-seaport,5d377664-5650-402a-856b-3d9221dee598,-1.1056659617381255,-1.2165241395757633,0.11085817783763782,1,1,14,27.087732485037254,0
boston-seaport,99d49664-1ae9-4c76-81f8-91634b8a6983,-77.86920732637846,-86.90351439801704,9.03430707163859,1,1,8,15.269824963241344,0
boston-seaport,177414b1-1467-4708-a7b4-fd318bea6465,87.26324384088542,87.26333756341394,9.372252852682107e-05,1,1,13,23.383360033330103,0
boston-seaport,617a0b16-3186-461c-a120-94d1a7e43f6a,-1.4442776245693933,-1.557596205660279,0.11331858109088573,1,1,11,20.672086244218164,0
boston-seaport,fd507478-2312-4887-9d11-323dfedf56f7,88.73243076437616,89.59006507185413,0.8576343074779669,1,1,21,39.25046485030656,0
boston-seaport,3ac2f367-fa0d-4d80-9172-e2678a86d1c6,5.354424352581061,5.812751825458778,0.45832747287771747,1,1,12,21.024300196693588,0
boston-seaport,ea809fc5-4941-4241-966b-ad77eae112d9,-0.3649896307232649,-0.3649896307229341,3.3077768687220577e-13,1,1,16,30.200911906994587,0
boston-seaport,5898a3e9-3db9-42ba-b0ce-52a9a56b68a8,0.7762238753516019,0.41723921186682134,0.35898466348478053,1,1,24,45.76331829968897,0
boston-seaport,d71bc4ec-cd79-4d0e-a5e6-a0b3c0cdf81e,0.11467363650003018,0.11467363650155685,1.526666247102488e-12,1,1,17,32.8391505856447,0
boston-seaport,ab59222b-a594-41fd-8223-3f88e1315ae7,-81.8940027272625,-87.6356308083907,5.741628081128188,1,1,14,26.76449250487201,0
boston-seaport,9d45ac0c-bc3a-4b84-81d3-0766b1c6c2c1,87.50179457256021,92.13732902249667,4.635534449936447,1,1,15,28.660256231457993,0
boston-seaport,f97afc5a-75b9-4846-ba13-549df63ae5e4,-1.0271110816724087,-1.4004801401723415,0.37336905849993285,1,1,15,29.136045748411387,0
boston-seaport,91d7b4a5-de14-46ed-8165-72713cc200c6,85.46606437213394,85.48747486708014,0.021410494946191214,1,1,14,25.843964819754625,0
boston-seaport,1e2f9208-0175-456e-afea-8d63c3c9e47f,-2.1805127635392805,-2.3113549004209526,0.13084213688167246,1,1,10,18.91416885580768,0
boston-seaport,32fa9e60-f164-4c7f-b336-b34deec02e65,-77.4458361356492,-85.72220434699508,8.276368211345883,1,1,7,13.803396742017936,0
boston-seaport,a0690e00-4e35-41dd-aa01-db2aec244248,0.1894510863890106,0.1894510863867206,2.289999370653732e-12,1,1,11,20.898459026381378,0
boston-seaport,0d4edc26-e120-4b5d-816b-406cf2fd8713,85.18400009775553,91.23409782783199,6.0500977300764625,1,1,9,17.44884122832084,0
boston-seaport,8369acd7-cf98-4be3-a630-96e1a40498db,81.73231903823464,88.2882950334433,6.5559759952086765,1,1,9,16.341729183666136,0
boston-seaport,ed73290a-a51c-4a06-bbe5-ebf26a214094,-0.12777233646124792,-0.21678484913781487,0.08901251267656694,1,1,8,15.322499616192554,0
boston-seaport,1ad777a7-bca7-4208-bfaa-e5be16d12401,-11.826185731901743,-13.113321829872975,1.2871360979712312,1,1,9,17.410598442946686,0
boston-seaport,e29e5bac-b904-44a9-83cd-7406199a7c30,-80.32202935767556,-90.06820117836676,9.746171820691199,1,1,6,11.577783736111748,0
boston-seaport,47452d9d-b9f6-46cf-8abf-844f497406c1,-0.8103885759757644,-0.810388575979352,3.587665680690847e-12,1,1,7,12.033955242926242,0
boston-seaport,c55d955b-57c5-4dd8-97e7-7db0f617557e,0.15971738349944245,0.26048063039252684,0.10076324689308438,1,1,6,10.551891483722907,0
boston-seaport,e7eb1c2e-fdb2-443e-8710-85eed882fa37,-0.29401619264132106,-0.29401619264628276,4.961665303083086e-12,1,1,16,31.454351378117437,0
boston-seaport,113e793a-d3ec-40a1-ba43-f989db7a5398,-0.02125929852921847,-0.021259298532220916,3.00244361930156e-12,1,1,11,20.31496341655395,0
boston-seaport,f6cd0c37-70ac-4abe-a85b-ca4492130ffd,87.32072757179962,94.01534143768562,6.694613865886,1,1,11,20.380029650088005,0
boston-seaport,f83b33f4-f455-4801-b38e-fded988784c3,-96.1012542738422,-98.06928875562498,1.9680344817827815,1,1,12,22.540326275920723,0
boston-seaport,5f8a3448-2ded-48f8-8ad5-546382f89ece,-1.8061136684164292,-1.8061136684182104,1.7811106216195693e-12,1,1,26,51.03046152342702,0
boston-seaport,89d76ed8-8f78-48cf-85e4-a5f5b31004ab,-90.76288188399947,-100.74854303776398,9.985661153764509,1,1,6,11.928309323908266,0
boston-seaport,fad35dfd-c096-4161-b144-96d7d975f433,-0.002285345032120855,-0.026537322232294304,0.024251977200173448,1,1,9,17.050116837380326,0
boston-seaport,693e7f3a-bd15-4da0-ae83-8ae02d600dbe,-82.51671046425295,-90.49165387149085,7.974943407237907,1,1,8,15.785184621352718,0
boston-seaport,3b3598d3-4a32-436c-a76a-d90ad4581591,96.86103142962344,97.9029452852394,1.0419138556159695,1,1,17,32.86151434012103,0
boston-seaport,0801b630-add7-424f-9250-434ac8af319b,87.56106153638059,93.36609736709921,5.805035830718626,1,1,10,19.444455037360818,0
boston-seaport,03e852e4-04fc-4a3d-bca5-ca647ca83447,-0.045328101485135226,-0.10833685309064502,0.0630087516055098,1,1,14,26.03236942521125,0
boston-seaport,34dfc19f-9089-4d36-8aec-c307733352d8,-80.70062704373179,-87.10797712226727,6.407350078535491,1,1,8,14.330818422711566,0
boston-seaport,fb901551-62e4-4c5e-9824-ea26fb037bac,-0.12482149172285976,-0.19864715145216827,0.07382565972930852,1,1,15,29.737734241935804,0
boston-seaport,ab84f57d-b934-4ac5-bb9c-4203eedd459d,-4.130517603220114,-4.342906674207187,0.212389070987073,1,1,12,23.860456970651793,0
boston-seaport,2dadfb61-e4af-4d06-8b6d-ff00a553c08d,82.06382469346721,90.57288633280787,8.509061639340656,1,1,7,13.458793213076719,0
boston-seaport,1138d37a-5638-4d06-aab6-b153e129e234,7.977728441237624,9.13230509131502,1.1545766500773953,1,1,5,8.25625892610147,0
boston-seaport,54ef52b4-0319-425a-a6a3-f443b19549fa,89.74605986451947,96.718610315977,6.97255045145753,1,1,15,27.46034971401683,0
boston-seaport,a76e1abc-0bf6-4344-9643-c251542791d2,-83.330593135285,-91.36674399328024,8.036150857995237,1,1,11,20.925779631781218,0
boston-seaport,771e9064-ab01-46d3-a7e2-f4b01ec72f8b,0.02629342212629274,0.02664997174564032,0.00035654961934757713,1,1,5,8.085067683761725,0
boston-seaport,658e057f-c1e9-4358-b1bc-ce1cdc75ffe8,69.26532990724009,72.62340123865472,3.358071331414638,1,1,16,30.04608921739293,0
boston-seaport,194e3ab8-5396-44b2-acf3-158c460caf15,-81.52379148781942,-88.88223239725151,7.358440909432096,1,1,8,15.565046675096724,0
boston-seaport,3d242bc4-00aa-4331-b736-b15533bae374,-87.89214598222861,-92.80603545826106,4.913889476032457,1,1,11,20.15947398694512,0
boston-seaport,8ee85fa8-06cf-45d5-b73a-eec321b6c35d,69.63766234856845,76.96907969622687,7.331417347658424,1,1,12,20.822121852745905,0
boston-seaport,733c7520-8312-4a9a-bb02-600f10bac77a,0.1352427247593125,0.1352427247556994,3.613110118142555e-12,1,1,10,18.527618668050973,0
boston-seaport,e47b9967-98e9-4d79-9eee-767d211abfa6,-2.0411595166407563,-2.393498409738538,0.3523388930977817,1,1,18,33.068557573740506,0
boston-seaport,0342cc15-5e33-4aaf-b308-b58339bf69b8,-1.8855600373588314e-09,-1.3955917720137588e-08,1.2070357682778756e-08,1,1,13,24.81324244095415,0
boston-seaport,fdb1dd36-54e4-4aff-b0d2-8342de465701,-90.21191095804134,-94.9750055100904,4.763094552049059,1,1,11,20.39451005305574,0
boston-seaport,fe083b11-a299-4eb1-882d-0539b2211500,-0.19715669343757347,-0.3093413795826327,0.11218468614505925,1,1,22,43.07578334215399,0
boston-seaport,b1f9da3f-8851-4f29-b189-fa09a7ca705f,0.8573710705945067,0.8573710705923694,2.1373327459434834e-12,1,1,14,27.483875425668696,0
boston-seaport,e9b8e1b9-2548-46d6-808a-cb353e5e6832,80.51750613523011,89.64919000357706,9.131683868346954,1,1,9,16.641391851420096,0
boston-seaport,6db796ea-04bd-4e4b-92c6-e86f40d6569f,0.7406446443789604,0.7406446443757034,3.256887993818641e-12,1,1,8,14.94540731855158,0
boston-seaport,67049c44-f9d6-4495-84a3-667ee4af191b,-7.07757286663643,-7.9320810414188365,0.8545081747824069,1,1,6,11.854815013388057,0
boston-seaport,66fb8962-4936-4148-86b3-9d5548606607,0.7757587382291046,0.7757587382279088,1.1958885602302823e-12,1,1,12,23.795301405772406,0
boston-seaport,e673129c-1421-4003-b5bd-cb9e1aaafc9b,-2.0399093721595496,-2.2864928277981393,0.2465834556385895,1,1,7,13.675235464891312,0
boston-seaport,4795ec82-7f79-4d6c-9df6-0145816b8ed7,-0.5425854364398451,-1.00189469990398,0.45930926346413486,1,1,11,20.59041135547175,0
boston-seaport,01c5a857-4975-42ae-afb4-47a41d1865dd,-82.64317052821687,-90.38446452080173,7.741293992584859,1,1,7,12.912723370391737,0
boston-seaport,bd513482-210f-4cae-bb76-7922eccc66e8,91.41871182210863,92.45255574884226,1.0338439267336286,1,1,31,57.42291809625499,0
boston-seaport,00dd55d1-4731-4e5c-a397-d571cf74a18e,92.64162086628282,92.64169160271423,7.073643140372479e-05,1,1,14,25.244324992133468,0
boston-seaport,770c8302-c118-406c-badd-7ac8408f6d21,88.68877301625588,88.68896647192008,0.0001934556642017844,1,1,16,30.2081676307249,0
boston-seaport,d85ea41b-7c4a-439e-af0b-da8dd5fe6f90,-1.7692558726195753,-1.769255872619499,7.63333123551244e-14,1,1,10,19.10359941999578,0
boston-seaport,74f7da7e-73c6-4b7d-9394-2ff68cbb1faa,90.15457654716259,90.1546602637984,8.37166358100116e-05,1,1,18,33.852676935261634,0
boston-seaport,19b670cb-f625-46bb-9070-480fabee3f98,0.38413413622688425,0.3841341362267061,1.7811106216195694e-13,1,1,9,17.892871046228308,0
boston-seaport,dc581164-751d-4250-8a5c-e6b799543d82,-0.7503285095766683,-0.7503285095752689,1.3994440598439474e-12,1,1,31,60.072680489112535,0
boston-seaport,ef1e887d-8092-4136-88ee-cd00ce04db38,12.024021992365922,12.02405580405732,3.3811691399743385e-05,1,1,14,26.65903775633598,0
boston-seaport,07bcaab4-7d8a-4205-b33f-f31a1a9dbda3,1.8385002652401798,2.0414766183044453,0.20297635306426542,1,1,12,22.819255264545735,0
boston-seaport,cdcae34e-9b38-472b-a74e-f1a326585d1a,-31.630466756350714,-32.5680730317614,0.9376062754106846,1,1,11,19.18929488768362,0
boston-seaport,d29d4fb9-891d-489a-bb14-35f0166898f1,-1.1962573041038103,-1.196257304102894,9.15999748261493e-13,1,1,5,8.887066746577931,0
boston-seaport,98c89463-8174-441a-9170-b7ebcad0cef4,0.01734372191174368,0.023194229195510414,0.0058505072837667345,1,1,3,5.922544283624134,0
boston-seaport,812e0ac3-8823-446a-9992-7bdcb4450359,0.27195478842970977,0.27195478842512977,4.579998741307464e-12,1,1,9,17.748721105249317,0
boston-seaport,9fdc6774-063a-4175-8ad2-d7795b08d817,-1.2039861255011632,-1.2039861255014177,2.5444437451708134e-13,1,1,8,15.21130344580373,0
boston-seaport,683cb4e9-eb2e-43f5-8a96-677ed055459b,0.7726757862297791,0.9075044469070638,0.13482866067728472,1,1,19,37.44344837932816,0
boston-seaport,079e7bd2-aa07-4769-9c9b-6c195bfa653c,-89.64797374409665,-89.58158296676895,0.06639077732768739,1,1,11,19.63945886697543,0
boston-seaport,0619a54e-e7bc-42f3-8141-50948f964352,9.770306232665352e-07,6.716299458323462e-05,6.618596395996809e-05,1,1,7,13.071405599643077,0
boston-seaport,ff182875-2f58-490c-a5f3-87cfc7e11120,103.29135891683862,107.77075555972452,4.479396642885904,1,1,13,24.204352488086997,0
boston-seaport,00984f3b-7147-4d6a-9d2b-2ac0ced05001,0.04870828400005049,0.04870828400058482,5.343331864858708e-13,1,1,23,44.491809891168664,0
boston-seaport,8b67b3dc-e52d-4b87-9aae-5e67966d8cdd,1.179313995788119,1.255776318242498,0.07646232245437903,1,1,21,39.901582811679816,0
boston-seaport,306dc4d4-b9d7-4feb-9bc3-c48b82f865d7,0.7457819591965545,0.8280596111603078,0.08227765196375322,1,1,6,10.137022992148356,0
boston-seaport,31568a06-b314-4144-a9f6-26bff8506b0e,-30.254301314302246,-33.958671074557685,3.704369760255438,1,1,16,30.549629735138794,0
boston-seaport,9c2ee7d0-0dae-4d05-8ba7-182b40efb406,-86.99674956942145,-89.99499226884453,2.99824269942307,1,1,11,20.507894322662608,0
boston-seaport,4f546776-a367-4af8-b2ac-9fdd0d472eaa,36.82753057173107,42.57821401941727,5.750683447686202,1,1,10,18.618188369131882,0
boston-seaport,01d4630a-c9ce-4f68-8e41-15811c1861f7,-1.5624184558636594,-1.6382167999439736,0.07579834408031418,1,1,15,29.347928250063003,0
boston-seaport,b94bee57-4de6-4176-a973-471a6c67e412,8.759833841302148,10.03002356480939,1.2701897235072424,1,1,11,20.599306231606782,0
boston-seaport,fca00908-2542-4566-a7a1-7edaba76f63d,0.07913526499784643,0.07913526499530198,2.5444437451708135e-12,1,1,16,31.1510604571273,0
boston-seaport,bf94adf7-5480-4dd5-b049-dbde6f9a5a09,-9.985715959046665,-11.067323763256077,1.0816078042094108,1,1,11,19.07220210987105,0
boston-seaport,dc7fe976-f240-481e-9978-5424a0c6b85c,81.38641401237896,89.14429466668695,7.757880654307973,1,1,10,19.215026478600585,0
boston-seaport,5cbcaf1f-58af-439e-82b0-f1e3140333ea,83.40744597706264,83.64582314131346,0.2383771642508207,1,1,21,40.55937929012,0
boston-seaport,07291490-4716-4ffe-b9ef-23ba99534afc,77.55947382714832,80.9585584835185,3.3990846563701878,1,1,18,33.71227087739978,0
boston-seaport,d7038c50-b1e9-4def-9371-1afe9d406d51,0.26406010182383677,0.3763015660386668,0.11224146421483006,1,1,17,33.302678570742714,0
boston-seaport,bb1ca76f-c7b1-4169-a245-feaa5626a1df,91.04408136002237,91.04430888496422,0.0002275249418551814,1,1,16,29.451365785582574,0
boston-seaport,9d1aca53-8bc4-419a-84ce-a376812237c4,9.413678524008458e-10,1.22698675168376e-08,1.1328499664436754e-08,1,1,10,18.967574746716267,0
boston-seaport,09876f0c-5d64-4db2-973a-8266a72e3e0d,83.15042002337917,89.35936948272827,6.208949459349103,1,1,9,16.644941113836957,0
boston-seaport,72cf81da-9f7f-4f76-9b2d-e62eceb5a59f,-0.0007301117308107169,-0.017435181707998685,0.01670506997718797,1,1,10,18.720695691660303,0
boston-seaport,293e7586-b93d-463d-85a6-bf0d513fef24,-18.603752825420646,-20.451591924633664,1.8478390992130183,1,1,11,20.52950960220473,0
boston-seaport,0e771932-2df2-41ed-ab9f-43d904196d7d,85.2503822250375,88.89084842833768,3.640466203300178,1,1,14,25.983406972371423,0
boston-seaport,e555ff0b-acde-42b0-b5bc-2e24b43bffda,-77.94334163339256,-87.62108799858052,9.677746365187957,1,1,7,13.620678551859243,0
boston-seaport,12b27d86-7829-4d67-a8ed-fbf984eb7a25,1.0737808312089794,1.4192257554559606,0.3454449242469813,1,1,6,11.676557537571236,0
boston-seaport,96e53592-d6ad-4c1a-8501-4546d73e9592,0.08589284048911582,0.10594578424492948,0.020052943755813665,1,1,18,35.42112196877031,0
boston-seaport,7ca7317e-2ab5-42ac-842d-cbe565b4af0d,87.5127115447392,95.61451734420872,8.10180579946951,1,1,12,21.910158823320586,0
boston-seaport,cd6c420e-677c-4a31-b43d-caa6210eab77,-83.6515203071189,-89.8098418178938,6.158321510774895,1,1,16,28.62012582181042,0
boston-seaport,359c2264-b6e1-4f39-8b85-97121162d6c9,84.02786334339002,92.87581143880543,8.847948095415406,1,1,10,18.442635043128586,0
boston-seaport,c427b3c4-b752-42d0-8ad5-aed206f17f23,-97.47099245325339,-103.93418367459269,6.463191221339306,1,1,10,18.2700781933688,0
boston-seaport,19c75db8-8bd3-4a11-995b-5b94b72c8f8f,0.0016909178253261385,0.016982264859825003,0.015291347034498864,1,1,11,21.207361383334103,0
boston-seaport,efbaa16a-49d7-4997-a4f3-444018cb0335,0.1311187227401982,-0.06769899544870918,0.19881771818890737,1,1,20,36.525810932330735,0
boston-seaport,324afd7c-2eab-486c-a99a-b9cfc4bda118,-0.023573808860707566,-0.09397856763852899,0.07040475877782142,1,1,7,12.030749071423083,0
boston-seaport,c01d5c21-c658-4555-8bb4-fbb645f9476c,81.8865483163327,86.35750103396617,4.470952717633464,1,1,26,49.19259553178002,0
boston-seaport,10f24e0a-e79a-4dec-aff7-766412f32371,82.6307387199919,88.09312363493832,5.462384914946428,1,1,12,21.43643012368443,0
boston-seaport,89d964a6-c54c-40f0-911f-a44ca4e94411,0.02836670301036742,0.06050469823376375,0.03213799522339633,1,1,6,11.627264861635993,0
boston-seaport,4d3066cd-ece3-47a0-bac8-777eeaa24744,5.618709636000829,5.36334516156614,0.25536447443468924,1,1,24,44.41265133302444,0
boston-seaport,09908dfd-417d-43ed-9a7b-46d18d32da38,0.035046510689580694,0.12496099216228973,0.08991448147270904,1,1,13,25.33002049407065,0
boston-seaport,bf67eabe-f3b8-4515-bfa1-ff8107322d1f,2.5661931419287187,2.697832751934308,0.1316396100055892,1,1,20,38.19286012872188,0
boston-seaport,21525b7e-2d69-4619-8979-c9fb3dd4f02a,-0.5256318795954443,-0.5256318795930017,2.442665995363981e-12,1,1,8,15.713658379706963,0
boston-seaport,a54a7ecc-4056-43f3-a9ba-1c5001c8d559,-75.56807548783149,-89.91096283534735,14.342887347515866,1,1,6,10.000995832564662,0
boston-seaport,a128da03-584b-4f04-9e05-e25c4b70d159,1.8921544782721471,2.261749759536871,0.36959528126472396,1,1,8,15.3431352148382,0
boston-seaport,df09410d-98be-4f9e-aadb-4d02d9174a34,2.078503679888887e-06,0.0002586164940661504,0.0002565379903862615,1,1,5,8.973018011178077,0
boston-seaport,5550629c-63c3-4065-9583-7da28ad152ad,-8.882167634524731e-07,-0.0004870747799976044,0.0004861865632341519,1,1,6,10.395145729961385,0
boston-seaport,d2b742b8-e6fa-4f14-b53a-6cd0b2fbf9c7,-93.59159845073104,-100.13331804722434,6.541719596493289,1,1,9,17.677472393812092,0
boston-seaport,6965140b-be42-4116-8dac-004ec92ee720,-0.21431904077426953,-0.32062081256822617,0.10630177179395663,1,1,23,44.07592297480503,0
boston-seaport,3245dbe9-3ba1-4601-8d6e-80fd68274051,-0.8167710801845116,-0.8167710801828831,1.6284439969093206e-12,1,1,9,16.052350528387528,0
boston-seaport,0720f066-afca-4718-8973-ff31e3f70af6,-0.16673287204182985,-0.16673287203755519,4.274665491886967e-12,1,1,14,26.072503045774333,0
boston-seaport,4f01bef5-006e-405e-8858-acc83b8a23cb,-88.17952368582202,-89.82823009466439,1.648706408842363,1,1,9,16.196779036717505,0
boston-seaport,176df598-5817-4d3d-b172-9d9319d7d85f,-0.44833217236249445,-0.7200875612926051,0.2717553889301106,1,1,15,29.882993949499618,0
boston-seaport,947d49fe-a59d-4f19-8dd4-0bc84c1aa927,-96.71275039406164,-105.11310514515127,8.400354751089628,1,1,8,15.030464509831525,0
boston-seaport,b2071bc1-e852-4f64-a99c-ec538592a8ab,-95.70317820438794,-110.66961702775038,14.966438823362452,1,1,6,11.923804521888478,0
boston-seaport,817c6acb-fbcd-4f3b-b3d2-fba32a17c712,-81.60937587830243,-90.58356251698775,8.974186638685318,1,1,6,11.49822697795306,0
boston-seaport,c1e17732-0e6c-488d-9046-e32405116869,22.358309874871043,23.853756081437172,1.4954462065661276,1,1,20,36.441049383317456,0
boston-seaport,f528b7dd-e6b6-42ae-bffd-ad0c034c6327,-3.988128470146574,-4.4796554265681685,0.4915269564215943,1,1,8,15.153660672841083,0
boston-seaport,0b9d86be-85ee-4d37-8c49-703dfa0faf98,0.28145559124349817,0.2814555912435745,7.63333123551244e-14,1,1,13,24.913810304704114,0
boston-seaport,ce274032-8c68-46ec-a2d6-c650a5d0e041,-65.43551232572693,-73.76433279057284,8.32882046484591,1,1,6,11.550751049949728,0
boston-seaport,5ebd7b94-4291-413f-8e6e-cc705ef40193,-89.9268623035183,-90.02724278340719,0.10038047988887909,1,1,25,47.96665340885886,0
boston-seaport,9d2fab87-7416-4552-8f10-554f13c1dde5,-74.93509401883912,-91.49041870276193,16.555324683922812,1,1,5,9.855732451628306,0
boston-seaport,64794f7f-32ab-4f34-a1ec-96dc442ed65c,-0.10059861119713452,-0.10235425672734007,0.0017556455302055374,1,1,9,16.463599536360935,0
boston-seaport,0959d382-59f4-4e9f-b249-7d440c226a03,95.7567101010501,101.3972597199625,5.6405496189123925,1,1,10,18.107316005347613,0
boston-seaport,a6c2513d-b7ec-4831-ab0e-39927c26c787,-0.2546531360136591,-0.25465313601546563,1.8065550590712775e-12,1,1,9,16.10373702506048,0
boston-seaport,dbb6335a-bc81-4049-aa01-4a674e9b2ea6,0.02055739113821564,0.020557391137528642,6.869998111961196e-13,1,1,10,18.863647847915345,0
boston-seaport,f7576e70-daf5-4c6b-a218-0581349ff857,-82.37198641475328,-88.91956044986419,6.547574035110906,1,1,10,19.528935867163362,0
boston-seaport,2987ab63-c252-460e-8ceb-5336807bd0aa,-63.95866973987823,-71.32096988740801,7.362300147529785,1,1,7,13.589847926671457,0
boston-seaport,1355409b-3847-44e1-afbe-5f9edde74878,85.55896212543719,92.8891571430921,7.330195017654913,1,1,12,21.829656953473954,0
boston-seaport,fbb643a5-028e-4031-b055-7f8ff64b8b07,-83.29832026201662,-90.10193872906885,6.803618467052232,1,1,14,27.102528695846793,0
boston-seaport,19e74c88-1aae-4f72-b93f-a787caea96c3,-87.2750632825153,-87.27714053221389,0.0020772496985991774,1,1,14,25.043374572740564,0
boston-seaport,7124c2f6-e245-4daf-b314-608c2222a67f,-77.8962522181422,-90.00002971471082,12.103777496568613,1,1,6,10.04689422786134,0
boston-seaport,420fa5a2-2746-4b29-8e14-d15dd9110b95,-10.094038902708359,-11.469021742975102,1.3749828402667426,1,1,8,14.6209966528356,0
boston-seaport,1efbf09e-75a0-4515-89f8-558c6149876a,61.38660906184097,68.59450584229259,7.207896780451617,1,1,9,16.372297625083675,0
boston-seaport,d46539f8-c374-4593-9035-112b07d13f5b,2.7161024766517565,2.8634982155590807,0.1473957389073242,1,1,12,23.553955314851578,0
boston-seaport,1f4b45b4-0bf3-4833-8822-6e529c32d3c1,85.06260657751176,89.95531021975744,4.892703642245668,1,1,14,26.80985429682614,0
boston-seaport,2ca69514-ead3-4452-9d23-e83dffe30d15,23.010203035789846,24.239262818648722,1.2290597828588734,1,1,23,43.75510422156097,0
boston-seaport,bfc537ff-656a-49f5-833c-1fbe033cc979,82.60818813101774,90.1122320159834,7.5040438849656494,1,1,10,19.1598984605359,0
boston-seaport,325be188-1ce0-430f-a807-e4aa50b2aed2,-7.944607412575027,-8.464572756655073,0.5199653440800461,1,1,20,38.613069133484956,0
boston-seaport,d4970609-0172-4485-937f-df278bf1aa77,-0.06235996509202798,-0.062359965090221424,1.8065550590712775e-12,1,1,4,7.166731962115853,0
boston-seaport,93b9bc55-e422-4a6d-bcfc-872c9fb0febd,-0.8861043708258675,-0.9907722346334258,0.10466786380755828,1,1,13,25.835214303159365,0
boston-seaport,0e7cb52a-8157-414b-be43-a744cb6fd7bc,0.3058234899894134,0.30582348998641096,3.00244361930156e-12,1,1,11,21.037237227460672,0
boston-seaport,9d53c076-881e-477a-b821-d72915420745,3.383478785835197,3.4100386956615956,0.026559909826398585,1,1,24,45.06230233719627,0
boston-seaport,aee3f3b6-be2c-4e15-bb73-ea77a824a417,5.695690984155379e-05,0.000902910540241385,0.0008459536303998313,1,1,17,32.55756551116218,0
boston-seaport,9a77c909-a0ae-4979-bf70-b2943487ee2b,0.8354885988894594,0.8354885988901718,7.124442486478278e-13,1,1,8,15.474000931989826,0
boston-seaport,77bdacdb-c614-4bac-a434-1834b23754c0,-79.58162754278253,-88.35065318598615,8.769025643203625,1,1,6,11.26304576630955,0
boston-seaport,b4cc81c0-8f7b-4438-a8a9-dd8ac1c02ecb,-1.3665365638380818,-1.718938782614149,0.3524022187760672,1,1,17,32.09979206326592,0
boston-seaport,58e9150e-6c63-4140-b2eb-6cabba30f705,-0.5430937980164954,-0.6545039060671347,0.11141010805063928,1,1,18,35.000481014732834,0
boston-seaport,b4ddd299-854c-4a18-af50-ca81af2ff24d,-0.7117274042063039,-0.739550163488914,0.027822759282610087,1,1,25,48.10201714375947,0
boston-seaport,fdd38a14-e559-41f5-8876-c4b793b3edbd,4.280542284114237,4.561947160390141,0.28140487627590505,1,1,24,47.017555592173295,0
boston-seaport,f6599c6d-fc2d-4c8f-b3d6-b4f651b93ebf,-90.73386065022699,-96.69979385018354,5.965933199956547,1,1,11,20.918656391386957,0
boston-seaport,bf76558c-c1d7-49a9-ba3e-fb9d2d14b7b7,82.15587239544075,88.85823589219957,6.702363496758822,1,1,15,29.203881267041915,0
boston-seaport,ed527093-3d95-44a7-9ec8-8681535c108e,12.418424966155792,13.813304077547716,1.394879111391925,1,1,9,17.95592577577543,0
boston-seaport,1218b8dd-9372-4afe-a5be-28e497ec2727,90.16784382734215,91.38197160561506,1.2141277782729107,1,1,15,27.295143519144332,0
boston-seaport,d26b2cf0-ac66-4e63-af0d-bb4b634e0b05,4.902345667498416,3.8581295409110523,1.0442161265873642,1,1,32,60.706627447600994,0
boston-seaport,8701d865-2515-4c5a-a7e7-f2ff3867dff3,68.96783122411607,68.96820075299219,0.00036952887612667993,1,1,14,25.263748541118133,0
boston-seaport,07f7ab0d-f1e8-41af-b477-098bef8b316b,0.7445597662285643,0.7445597662299384,1.3739996223922392e-12,1,1,24,47.45698263153566,0
boston-seaport,ab675f60-cc01-479f-a8aa-c5a08a1597bf,0.012576209780030352,0.06347703529932686,0.05090082551929651,1,1,9,16.627580234036873,0
boston-seaport,398d189c-8513-4031-8b53-37497d6a8b3f,-77.15387592475517,-89.52512122086655,12.371245296111377,1,1,6,10.651625306397934,0
boston-seaport,f307d5e1-d45a-493a-b820-3a6e8fd8acf8,-1.676142465045092e-05,-9.249252734718797e-05,7.573110269673704e-05,1,1,8,15.354808022083382,0
boston-seaport,f7150d39-5613-492f-9615-07a2dc25cfce,-44.35513828120877,-46.69112449248206,2.335986211273294,1,1,20,36.62932811039521,0
boston-seaport,5983e73d-8b91-4e17-9bb6-9d5c06be5b64,-83.51835023884371,-92.7740169552279,9.255666716384189,1,1,6,11.129171420044743,0
boston-seaport,0daa5bf0-442b-4411-99ce-3bda80c0db77,72.54921704731531,78.2370061704339,5.6877891231185975,1,1,15,27.756415914845537,0
boston-seaport,6a68813b-e605-48ea-b00c-8054ad1258fc,89.59552749736147,93.64828622280932,4.052758725447849,1,1,20,36.81981941432609,0
boston-seaport,ee5d01d8-c9e4-48a3-ac69-bfe1f8eb3f4a,-2.436764327815526,-2.6425382265570154,0.20577389874148913,1,1,11,21.065092353987186,0
boston-seaport,b8d8c93c-a31f-49a7-a6ce-0eccba99d2b9,0.31561261131989504,0.3156126113122108,7.684220110415856e-12,1,1,10,19.967026262123643,0
boston-seaport,b0fa64d3-d1d2-4960-8d9f-f6d456d9ac3e,69.96924949589655,70.1039202059401,0.1346707100435504,1,1,21,39.31748302355024,0
boston-seaport,e042e522-2691-401d-8268-2d77574a9f74,-75.25182215168158,-83.5855902485565,8.333768096874916,1,1,6,10.94004257885788,0
boston-seaport,8738e0a6-f5df-446b-b495-c1fc0e9b8f1d,83.213445059797,90.6586870666471,7.445242006850111,1,1,9,16.29249955693095,0
boston-seaport,ce1962a7-7dd5-4935-af7d-853127e5685c,-76.13326360039092,-90.64411763440138,14.510854034010466,1,1,5,9.281360822783382,0
boston-seaport,cb49552e-e3e6-44e0-b413-17093ecacf0c,86.34766907454323,87.27246256118973,0.9247934866464831,1,1,14,26.591724343360195,0
boston-seaport,c7809c19-7bf1-4ceb-8561-0dd7dd80a268,92.34033562550486,92.34054703084146,0.00021140533660056547,1,1,25,47.217053539802016,0
boston-seaport,447bdbb2-44e6-473e-819e-50234ef6a099,-90.31643570737047,-91.12095457325398,0.804518865883497,1,1,11,19.21564654042782,0
boston-seaport,e66ab4d0-15f1-44d9-9479-c71ab922adf8,87.41885390144489,93.65282752977704,6.233973628332143,1,1,9,17.71751781979442,0
boston-seaport,65fda6cb-7c3a-4eac-a823-8ae927ef5081,8.934091466330864,12.036891813621521,3.102800347290657,1,1,9,16.947231552315817,0
boston-seaport,9193d6b5-8bb9-43d4-9ac3-98a40c7172e5,89.37592394579328,96.47358255285125,7.097658607057987,1,1,10,19.783529591492755,0
boston-seaport,ba7078bb-2566-42eb-95c8-7210629e36e2,-80.39601084846828,-88.6174705359725,8.221459687504213,1,1,10,19.059864670765467,0
boston-seaport,def7961e-dd5c-4159-bad8-5019e1fd7c0c,0.2562133054621477,0.25621330546031573,1.831999496522986e-12,1,1,12,22.560436650023114,0
boston-seaport,cbbd8a17-a834-4183-b285-2a3ce3b68229,92.13338879442499,92.13340904159539,2.0247170397818456e-05,1,1,24,44.356237878083675,0
boston-seaport,38051d76-3d28-4cec-812c-44c59e1afa42,-0.8277078653409329,-0.8277078653422051,1.2722218725854068e-12,1,1,14,27.517239737592227,0
boston-seaport,e0797c18-37b2-44e5-979f-ba96c50c841e,-81.53738896819593,-91.22144995777487,9.684060989578935,1,1,6,11.473908112237176,0
boston-seaport,4acacccf-6193-45d3-8dd6-99c239b76471,1.1507962436893895e-05,1.1507962360560584e-05,7.63333123551244e-14,1,1,7,12.327053174888162,0
boston-seaport,4088a03b-65b6-43d5-aea0-fceae424c5f2,0.011855716584370011,0.05812606902576249,0.046270352441392486,1,1,7,12.314847079958602,0
boston-seaport,2803e786-65f5-4221-9e45-fda3e23c85de,-0.0311011859842586,-0.10815227842569464,0.07705109244143604,1,1,13,24.221761214679237,0
boston-seaport,5a50a6bc-2872-44a6-a90f-7d688cb7faf8,87.6594537007739,87.65953420359253,8.050281863324496e-05,1,1,26,48.62505767036441,0
boston-seaport,92221e33-bbd4-4c7a-9f1d-5a828a177e54,-0.2367619487804552,-0.23676194878215998,1.704777309264445e-12,1,1,14,27.61637982996935,0
boston-seaport,54e1fd2b-4c8e-4258-8109-a97d8ca5b62f,95.74953050214589,95.74955713693687,2.6634790981681798e-05,1,1,22,41.348945459392006,0
boston-seaport,ab223f82-911c-4aa0-b07a-6c559cbe7e76,1.8404592813565446,1.7808201025780301,0.05963917877851441,1,1,21,39.69406030144093,0
boston-seaport,180fd5e2-950b-43cf-8e07-f2370dbbab22,0.05108908645775848,0.13266310956409133,0.08157402310633283,1,1,9,16.022865739391506,0
boston-seaport,0151097b-44a7-425c-9636-7224cdaa7880,-0.036344315067471086,-0.08248578342295643,0.04614146835548534,1,1,5,9.950194377060825,0
boston-seaport,4aa3ef96-eb34-4fab-ab62-7a4f5b39e46a,90.18085618353523,91.90702990400567,1.7261737204704437,1,1,16,29.375843716880052,0
boston-seaport,3ecf293f-ca90-44de-9db2-1623384f587c,-81.71152303471929,-90.91753155013159,9.206008515412298,1,1,7,12.726011512358872,0
boston-seaport,ec627f0e-a2b0-4e7f-aca1-fc48da69ebea,1.6792242975164462,2.035563491780711,0.3563391942642651,1,1,24,43.88574763649457,0
boston-seaport,a0c11866-99cc-4d6c-825e-67b36aa23989,-81.0687283007258,-90.04944865573697,8.98072035501117,1,1,9,16.374179754061196,0
boston-seaport,9144ec1d-4409-4ce5-99ca-2776a349d47f,83.14623397377802,83.16583994729277,0.019605973514750824,1,1,26,48.168462434357934,0
boston-seaport,548c1395-c8f2-4f84-b20f-d63d9cd96ef5,82.93543344415359,89.12965069939531,6.194217255241732,1,1,10,18.058544998389877,0
boston-seaport,b81e5646-3357-4901-874c-a1578feccaae,18.52898245840168,17.813647426899983,0.7153350315016972,1,1,15,28.75204749931525,0
boston-seaport,1ab04999-9a23-4db4-8e6f-d73cf674e5fb,88.32771781964365,89.83012145875726,1.5024036391136026,1,1,23,42.838094959039196,0
boston-seaport,a7ab528e-a8c8-4642-b8e6-9e2e7cbbd1fb,-0.05742679820922518,-0.057426798210344736,1.1195552478751578e-12,1,1,12,22.09116171555227,0
boston-seaport,96276904-05bc-433a-84ed-a6733863d147,-0.5252677477544412,-0.5252677477496831,4.758109803469421e-12,1,1,8,14.635293968702532,0
boston-seaport,101a5b41-3d93-442f-9229-31b97c410669,-1.4430723942255,-1.507850483994629,0.06477808976912905,1,1,16,31.014520988635816,0
boston-seaport,a3a43323-7c3d-4935-ab62-8c78ee15c871,-2.0916821529354013,-1.6824753171028666,0.40920683583253453,1,1,22,40.07463671289495,0
boston-seaport,b6131c65-6209-4f6a-8b28-1974ad163840,-1.665899413296787,-1.8561154471250674,0.1902160338282804,1,1,19,37.004531057618,0
boston-seaport,c0156ae5-3347-4052-b502-93828f67a1cd,-85.16732425414122,-92.15706287706539,6.9897386229241585,1,1,9,17.689807309827955,0
boston-seaport,0636c5a2-3aa7-406b-98be-51499b1030a6,84.95323459247115,89.9513758926837,4.998141300212554,1,1,10,18.267876315549405,0
boston-seaport,bc967627-3d27-47c9-b146-4931309eb1aa,6.6918870497992395e-12,1.3196045040079777e-08,1.3189353153029977e-08,1,1,9,17.83710238201085,0
boston-seaport,451550f4-84f2-4d29-836d-98c79bb7f21a,1.7436479602926485,2.0627791717093387,0.3191312114166903,1,1,5,9.117125413341338,0
boston-seaport,7fa4ddd7-bf89-46e3-b433-fd29cbcbec07,82.63513971256785,88.68948945716073,6.054349744592889,1,1,11,20.03764579830027,0
boston-seaport,c42eeb41-4db2-4a03-99b0-88fb15824ac5,-6.071108842455842,-6.456097825956176,0.38498898350033445,1,1,17,31.994136979231893,0
boston-seaport,70f1c568-90c2-4a77-8cdc-adf91c40dfa1,1.982879107502126e-06,1.9828795146131253e-06,4.0711099922733015e-13,1,1,6,10.606224206307111,0
boston-seaport,7aecf789-bafc-488b-a6b2-4f3c1c6b9e7b,-89.37100286756464,-90.26090169139026,0.889898823825619,1,1,14,26.84338275802293,0
boston-seaport,84149e9a-0df8-4096-bdf6-c38e16f9e229,-0.04011497953984218,-0.12488583232868822,0.08477085278884604,1,1,13,24.522396255840782,0
boston-seaport,e2ec817b-8a1c-49fb-a689-463075ebede5,-0.743795329173464,-0.7437953291708688,2.59533262007423e-12,1,1,19,37.18916593601644,0
boston-seaport,080ecc53-bd97-4c6c-88b3-b48cf63db658,-91.74448654130185,-109.0111278244229,17.26664128312104,1,1,6,10.812538155052776,0
boston-seaport,68952eb8-c2bf-473c-a97b-5e397a2e50fb,66.75354567306697,74.8600316324489,8.106485959381928,1,1,9,17.34926961608453,0
boston-seaport,fc833eba-7e9a-4b1b-b745-83f10842f12d,-90.74656691730989,-90.74673107946069,0.00016416215079667162,1,1,15,28.555226940586326,0
boston-seaport,558a3b8f-1858-4ddc-bc89-ced2856ae933,-1.1857738874544792e-07,-4.2149905865759383e-05,4.203132847701393e-05,1,1,6,10.563147390944751,0
boston-seaport,13e7bb17-6521-46d3-8f71-119908832ccd,0.08084000826965433,0.08084452468233934,4.516412685004647e-06,1,1,17,33.4801819299783,0
boston-seaport,7a81dc27-7d22-4437-9de6-eda3d45c7745,-0.16841116097516629,-0.3099066279667987,0.1414954669916324,1,1,14,25.38938127660995,0
boston-seaport,58c952f3-10e1-48ab-b6f9-42f241de8765,-69.71143312783408,-72.86739318335302,3.1559600555189347,1,1,16,30.311798266467637,0
boston-seaport,cd379994-1cd2-4ed9-a95a-2f9ca288c2f0,87.8600184703133,92.5011899915487,4.641171521235399,1,1,11,20.415613948161436,0
boston-seaport,55d71a4c-fe0e-4c55-884d-77c11bea775f,0.7413081686481602,0.7413081686515188,3.358665743625474e-12,1,1,5,9.353659075968155,0
boston-seaport,5ca3da26-341d-4518-adf1-5663f32a4a01,92.9571324622019,93.35211651742995,0.39498405522805596,1,1,20,36.28814005979647,0
boston-seaport,2268dde3-3c0b-43e4-9157-7a12d9ae0c86,0.04436373811521543,0.06688714352902027,0.022523405413804848,1,1,7,13.44592990366242,0
boston-seaport,3435c1e5-a9e5-4041-a7a2-089848815da0,-0.4020746627896151,-0.7852256685644523,0.3831510057748372,1,1,12,22.82257062057756,0
boston-seaport,af2286ad-9d1b-42d1-8d82-d8afb5cdb89d,0.1855765181731967,0.1855765181775477,4.350998804242091e-12,1,1,3,4.0678681866665904,0
boston-seaport,8abe80b4-c0da-4c4a-8f5a-ed897a31ebd3,21.682476216993873,23.76808067228625,2.0856044552923763,1,1,7,13.851816206078114,0
boston-seaport,c78265b0-c747-47c2-b783-48425556322d,0.30389075545116867,0.4178431800236386,0.11395242457246993,1,1,16,31.821486963971907,0
boston-seaport,a6c612c0-e638-4c6a-bd48-80346dbfa635,-0.005001552213123549,-0.031371251777135324,0.026369699564011775,1,1,11,21.972986302981948,0
boston-seaport,ec29b1d3-d22e-4792-9f9d-2951430e7987,-6.887218287922126,-7.519792725032103,0.6325744371099771,1,1,19,35.03169485849254,0
boston-seaport,d5ce914b-82c1-4c8e-9ed2-979061b5ff23,-0.20361894929701949,-0.20361894929735025,3.3077768687220577e-13,1,1,9,17.586017349099883,0
boston-seaport,ac1fc0f2-8c3e-4b22-bb66-94a10526d925,-4.0303988923505686e-11,-2.3670654828074655e-08,2.363035083915115e-08,1,1,6,10.665189747528675,0
boston-seaport,a98cf0fa-f030-476f-baee-8e5f986206cb,-85.60969600283215,-85.9844673071049,0.3747713042727379,1,1,13,25.018226943188626,0
boston-seaport,301e92d3-fddf-4490-9713-4205b834ddf0,1.6876786755825368,1.6876786755832238,6.869998111961196e-13,1,1,12,23.05337601562018,0
boston-seaport,1431b6a6-ebcc-438f-ad86-6f398b51d89c,-48.7834307549919,-57.07996245261783,8.296531697625934,1,1,10,18.997871427047404,0
boston-seaport,be3b94c8-45cc-4ec3-966c-ecc0cc55fc2c,-85.76281399758777,-93.8061270942692,8.043313096681437,1,1,12,21.320008848497466,0
boston-seaport,c2fba378-80db-4f16-a33f-fbc798c204a7,0.3388518022000772,0.3388518022011968,1.1195552478751578e-12,1,1,5,9.701731131917049,0
boston-seaport,4adbdc1a-d0c9-49ae-a739-a9b5b10fe9e3,0.7579580041718909,0.8194544643852358,0.06149646021334498,1,1,10,18.938867520005328,0
boston-seaport,c71c6a5b-adab-445a-abdb-3cabe03dcc7b,0.05937942077472197,0.06484779317983201,0.005468372405110039,1,1,13,25.043857726594535,0
boston-seaport,e3d89195-9899-4536-9c0f-9b0592a89a2d,-1.8937388474833552,-1.5000933428407874,0.39364550464256787,1,1,26,48.47428391249536,0
boston-seaport,e2a36b42-d22a-4a14-a946-182ed7258507,89.11091450036874,88.69375299011665,0.4171615102520823,1,1,27,49.13470073044836,0
boston-seaport,9959bd7c-0ad4-4c8c-9e52-2a325dc5b664,89.27490076816541,89.5314700100621,0.2565692418966842,1,1,14,25.19433244587408,0
boston-seaport,76166109-03af-474e-8980-48b169e725b0,-79.33432578256156,-86.9358110785807,7.60148529601914,1,1,7,13.62403285541711,0
boston-seaport,089d5ffe-5b60-499e-b9b1-2aecb1187913,-83.10113266270024,-89.84019102127384,6.739058358573601,1,1,12,22.91572614682047,0
boston-seaport,9958efb8-94c8-4769-82b6-d857ad0d7f52,2.1014700563289543,2.1731375308155485,0.07166747448659423,1,1,21,40.70073202415667,0
boston-seaport,c3fa50c4-c225-40db-82e4-f1fec4a56efe,-0.011658245652497606,-0.011658245655856271,3.358665743625474e-12,1,1,9,17.629083062902243,0
boston-seaport,39ec94f3-14d4-4ad8-a92d-7962ecaa1467,0.03692341154249772,0.12508671469740595,0.08816330315490825,1,1,9,17.575930362830707,0
boston-seaport,67a66cbc-cab6-4350-a535-a6810e6e6fa0,-81.10900748496006,-90.0603513958388,8.951343910878744,1,1,8,14.173792718851121,0
boston-seaport,79af6a96-f2ba-4483-bb8d-ac15daeb6d2b,83.12211208407008,90.47944255277395,7.357330468703868,1,1,11,20.3444731447359,0
boston-seaport,e7fb8041-776d-4719-b377-d609c597885c,-0.2968570308060092,-0.5343998107580258,0.23754277995201656,1,1,18,33.90542106045027,0
boston-seaport,295ed699-d50b-4d48-a5b6-6a3484c1b847,0.19506644480127905,0.30131980545446196,0.10625336065318294,1,1,7,13.659148651038178,0
boston-seaport,d37bbf1e-eba2-4cc2-a29d-169b55ac71ac,0.12733974409993204,0.1273397441044357,4.503665428952339e-12,1,1,12,22.535491098236356,0
boston-seaport,df5a30ab-437f-4ed9-967a-55a1b190053e,-44.64673636657052,-52.51658494814912,7.8698485815786,1,1,11,20.40790981598116,0
boston-seaport,be99d2dc-d447-4b52-a80c-5a4e674b1afb,0.65085623684658,0.7165081581380843,0.06565192129150438,1,1,7,12.595158576133608,0
boston-seaport,d342fb59-62bb-4a6f-b7f9-67c32ebd290e,0.03415417660636587,0.03415417660684931,4.834443115824545e-13,1,1,6,11.132259546279998,0
boston-seaport,2880a14d-f500-42e1-9f5d-5588d1ebb1df,-89.04499881918423,-94.48018723642554,5.435188417241318,1,1,11,20.687570917409943,0
boston-seaport,8362b73d-7afe-4dfb-ab0f-ebe4c3f9a93e,-68.61236980093291,-76.471439575638,7.859069774705085,1,1,6,11.902111747854565,0
boston-seaport,a24d3084-68aa-481f-851e-2de236423999,84.16708163513987,91.65117144171373,7.484089806573862,1,1,9,17.23353344538512,0
boston-seaport,b9621910-5b76-49f0-8e6a-c861e794f93f,-83.87170383450581,-90.28919620882698,6.417492374321174,1,1,15,27.16036785980819,0
boston-seaport,580d8f9d-0cef-4b26-a1b9-e9cb2ba74e5e,67.0192257088769,71.11521982425668,4.0959941153797725,1,1,16,31.61016448028368,0
boston-seaport,f2891499-e4c3-4457-9c8a-789d7cb05075,-0.014128130855817213,-0.021566580454290427,0.0074384495984732135,1,1,14,26.45535958619337,0
boston-seaport,ca212334-510b-4c4a-8340-75d741fdf16f,6.670942750930464,6.968175177317714,0.2972324263872502,1,1,19,36.55316556208547,0
boston-seaport,f3b010b0-09e0-4b8e-b67c-905fa98bb360,-87.36645763843673,-90.05234633792892,2.6858886994922013,1,1,12,22.65440345106903,0
boston-seaport,d68fa6fd-5484-458d-8e8c-aee2c7c7ef05,-0.008080740675020246,-0.03485476923112447,0.026774028556104223,1,1,7,12.405422549817557,0
boston-seaport,4fec7a19-a299-4363-b7d5-22a8182d1eb7,-2.737217779581479,-2.9950032948396363,0.25778551525815735,1,1,7,12.0513528080531,0
boston-seaport,43ed9a31-7626-4dac-93c3-ffc99f827480,2.4118978036266268,2.745108484689157,0.3332106810625303,1,1,19,35.405816072208616,0
boston-seaport,40de92de-4356-45cd-ab6d-ff8cd8a082db,86.82472765333111,88.34534673846782,1.520619085136718,1,1,15,26.930007167772693,0
boston-seaport,ef740ed3-150b-4634-b89a-ac9d21f5fd48,0.07084248951158027,0.0708424895125726,9.923330606166172e-13,1,1,5,8.674591773600053,0
boston-seaport,5e2dff05-4f0f-4b09-80eb-f4cae4bbd680,-2.0195346377368524,-2.0280352741955348,0.008500636458682346,1,1,23,44.30452534391655,0
boston-seaport,05fbf8cf-2fe5-4010-8a68-cdbfbe907c1d,-2.2110794625261665,-2.586113975338228,0.3750345128120616,1,1,6,11.633889692409634,0
boston-seaport,dfe0a752-d30b-4bf4-8302-345f3ba078ac,-82.07008856408433,-89.24467219499721,7.174583630912884,1,1,8,15.901589532134604,0
boston-seaport,e2584a37-acb9-4a35-8798-acf91bfb5d68,83.05332794208745,89.86534607416293,6.812018132075483,1,1,8,14.441316169968182,0
boston-seaport,73a9eccb-dfb5-41e6-8549-6d1ec87cf79d,-80.82769525827509,-89.0786916457876,8.250996387512513,1,1,7,12.586992621700437,0
boston-seaport,720edf60-cae4-4236-b0b9-ba2b11fce569,-8.13855264109067,-8.982099674543619,0.8435470334529506,1,1,11,19.010168284749547,0
boston-seaport,9cff383a-d24c-4eef-9e33-e05ebda844dc,9.51775836680432,10.882943162312197,1.3651847955078757,1,1,24,46.24500664841099,0
boston-seaport,27549ee9-0c3e-4589-8f27-f67f3f613097,127.45217683747335,128.7808274629922,1.3286506255188486,1,1,18,34.088144090441574,0
boston-seaport,c181852b-2684-487d-84d3-3c33e16461f8,0.009406875668525378,0.024869706582297618,0.01546283091377224,1,1,12,23.86304051167589,0
boston-seaport,7ec0be10-d621-46cb-bb4d-ba19d61f69a3,-87.92373283499857,-88.43553089137163,0.5117980563730458,1,1,16,31.086676248570036,0
boston-seaport,7693309d-3269-4860-a4cb-d33aa777f120,85.01816744860712,92.06112156913106,7.042954120523935,1,1,8,14.341794953340973,0
boston-seaport,43965777-c725-48ca-9da4-b9041db89906,4.077201364818834,4.407657565247469,0.3304562004286341,1,1,23,44.26094591603984,0
boston-seaport,ca021c2b-296e-4997-bd0f-0818791fabef,0.2646037544193941,0.2709734939204364,0.006369739501042267,1,1,11,21.379931291827198,0
boston-seaport,e15db13c-d2e4-4380-bb59-8ec3294cbc50,0.7457627031828447,0.823409871366051,0.07764716818320637,1,1,21,40.848337722525606,0
boston-seaport,649e3ab2-847b-4060-9a16-b40ee8e5ecfd,-77.66681510898876,-82.62104797333761,4.954232864348851,1,1,14,26.005644341421743,0
boston-seaport,ecf349ca-bdd8-4159-8b4c-6db446de6a0f,0.1020317927730086,0.19412488466216016,0.09209309188915155,1,1,9,17.106492981630502,0
boston-seaport,959bd135-d5ac-4436-be93-94f31f2fdec3,89.0263083802113,89.76541750682229,0.7391091266109796,1,1,17,31.23420177331383,0
boston-seaport,7b33435d-be2d-4eda-8486-8c35bef6bcfb,-0.2076696374371832,-1.271823252309082,1.0641536148718989,1,1,10,18.141156405388767,0
boston-seaport,c086ab0c-1e11-435a-91c2-7fed3b00b319,30.77367988389384,33.72786582062969,2.9541859367358483,1,1,9,17.277957111862783,0
boston-seaport,0b221d77-c7e6-437f-ad27-5eb4f2b4d4ca,0.47044766297866725,0.47044766298080454,2.1373327459434834e-12,1,1,12,23.31282715747127,0
boston-seaport,3a83bbdc-460e-4021-9ea2-3fc8a41e05b5,0.029508283393515324,0.04098243935679849,0.011474155963283163,1,1,6,10.208976230376333,0
boston-seaport,36cc5fd2-fbbd-488c-98fd-c97c405fb8c7,-0.2447010283848205,-0.3123838774085403,0.06768284902371982,1,1,13,25.63904685936006,0
boston-seaport,f4ec90cc-bcba-485b-9f84-dc29c148bc21,0.8899248891126116,0.8899248891136039,9.923330606166172e-13,1,1,5,9.599048781559906,0
boston-seaport,852ea270-3b6a-493c-91fb-c0b16d2e0e27,82.98096189017195,89.47921227025317,6.498250380081225,1,1,13,24.391039261654278,0
boston-seaport,47a3ea72-22d1-4b2f-8311-88d963e7f8d9,-84.58336334811997,-94.19734038727826,9.61397703915829,1,1,9,17.1456657605086,0
boston-seaport,88fab8d6-be13-4035-a1b0-4332fc6d7ef2,88.71029644025694,89.50618303663869,0.795886596381756,1,1,17,31.31175432738525,0
boston-seaport,cee6be3c-79cb-4752-9aa0-8c46373128f1,-0.8365512114057442,-0.8953479254260913,0.058796714020347196,1,1,9,17.962538589005757,0
boston-seaport,3411c096-5b4a-4810-819d-024baa3314a2,-0.0504764638761104,-0.050587510388395734,0.00011104651228533403,1,1,4,6.153805146658148,0
boston-seaport,05fa4699-3d22-4539-9f76-979719a7d275,-78.69449868360692,-90.43381232619649,11.739313642589561,1,1,5,9.815431216382935,0
boston-seaport,1403e6f3-70dd-4823-8644-da3af580001b,81.38110276361938,87.84617652070675,6.465073757087367,1,1,8,14.108944803719478,0
boston-seaport,932c5dc8-f9c9-40a5-9ff4-547d728fbccb,-0.1632028768607887,-0.16320287685893123,1.8574439339746936e-12,1,1,13,25.68642794753272,0
boston-seaport,545e101f-19c7-4d57-a573-35cccc0222ce,0.01909333602567857,0.07405673780838655,0.05496340178270797,1,1,11,21.783490287478703,0
boston-seaport,6a90d7e3-57b5-41a5-8c9a-fc5efda13f16,35.351130866671205,41.80970412547389,6.458573258802687,1,1,16,29.08489082998777,0
boston-seaport,dc058eda-11f3-413a-895b-768476d6e94c,-79.56089034394212,-89.6874160076152,10.12652566367307,1,1,7,13.683989288665181,0
boston-seaport,c942c4fc-b8b4-407c-8f9d-868b055a7f8e,0.003523915052590924,0.03701338678597571,0.03348947173338479,1,1,8,14.405741437875397,0
boston-seaport,2a6178ab-a7d3-429d-a07d-d2a8fd0ddf8f,92.028302324035,94.34007599807649,2.3117736740414903,1,1,20,37.455845434073126,0
boston-seaport,46e937d9-5026-4c16-94e5-e6f4a5e2b346,3.912423588807589,3.8199294074760664,0.09249418133152242,1,1,19,35.18633140909655,0
boston-seaport,0e4d03b0-1ca9-40d9-982a-d5efc3d13ed7,0.3585528871615344,0.35855288716275574,1.2213329976819904e-12,1,1,12,23.411440332729068,0
boston-seaport,c3744074-21cc-43ff-a543-031039f39509,-56.182343792457125,-58.75437712563055,2.572033333173424,1,1,12,21.73453037910758,0
boston-seaport,6209af8a-a0b9-43e1-af16-5b4c28047a4b,-1.1291861719545195,-1.2155792313191467,0.08639305936462721,1,1,8,14.03014225890774,0
boston-seaport,d00a1267-25c0-45c9-879f-492d2597b3c1,0.004907909980981993,0.016275851469731196,0.011367941488749204,1,1,11,20.104986473502745,0
boston-seaport,96d4d9f4-d47c-4af1-bb47-92017762bb04,-1.0060990929977986,-1.006099092994949,2.849776994591311e-12,1,1,23,45.88722691716813,0
boston-seaport,fe89a03c-ced6-4f46-8898-5011c316e08f,96.13209314460927,95.7877846712472,0.3443084733620708,1,1,29,53.49454422919077,0
boston-seaport,aea82f6c-57df-4d7e-a221-5665372b6e2a,-81.16108855562425,-89.6540950973668,8.493006541742565,1,1,8,14.09200981728428,0
boston-seaport,48597511-5f6d-4d4d-8406-e2fd692c3455,-6.542968057077197,-6.877486028386082,0.3345179713088849,1,1,24,47.28060066181709,0
boston-seaport,f47c49ae-58b8-4966-86c5-743f2f101a66,-83.67869086884957,-90.57326730816025,6.894576439310687,1,1,8,15.701869624417842,0
boston-seaport,98284c1f-5a01-40ad-bb32-e211631ab6e3,-7.051298173367849,-7.961992872463046,0.9106946990951966,1,1,6,11.940066532526338,0
boston-seaport,77f8b5b8-2539-4e54-bd71-ad1c84d5e90d,-79.4787151271571,-85.59856078751496,6.119845660357855,1,1,8,15.777231551477586,0
boston-seaport,21985f53-5fb9-4746-8dbb-eb0df92d33cf,0.012198556899083009,0.026101319950188984,0.013902763051105977,0,1,13,24.88119804991175,0
boston-seaport,5bd38f92-f57c-4ac1-a8d9-469f5bf24f6d,-76.56346070482736,-83.92820453176543,7.364743826938061,1,1,9,16.64028159088607,0
boston-seaport,922b5a28-8e4a-4f92-b1e3-83e986047a54,-129.76927253489106,-130.68318022524363,0.9139076903525716,1,1,24,45.953495888056686,0
boston-seaport,8c510ea3-41ee-42bc-8d5e-6a9e077a75da,95.70008868709823,99.39233359634618,3.692244909247957,1,1,16,30.57907520023286,0
boston-seaport,01f56b0a-35f2-4c73-873a-73a0a1e54e5a,1.101175072470488,0.2784896429957306,0.8226854294747574,1,1,16,30.26776686037031,0
boston-seaport,5d646467-f9e9-4498-8f0b-d8f88e924876,88.21972237427417,91.8055776136626,3.5858552393884455,1,1,13,23.875775737536493,0
boston-seaport,c62727ce-c3de-4f6e-8d1a-d252d183ddbb,0.007293871567229249,0.010007093589629668,0.002713222022400419,1,1,7,13.795898515337878,0
boston-seaport,5cf3ec09-477a-40d4-9c3a-03d610fad1b8,82.38911858540907,85.58766640736442,3.1985478219553616,1,1,14,27.031612591575975,0
boston-seaport,f955d8e1-7549-49c2-a914-b0852c0ce904,-67.9850594521831,-80.43690433296935,12.451844880786252,1,1,6,10.36970330283555,0
boston-seaport,8cef6678-190b-42f7-b11d-5dc0bbf5877e,-83.38143287620197,-93.3689846270075,9.98755175080553,1,1,6,11.751513261392196,0
boston-seaport,8e867c93-341e-4b4c-b8ff-8e19da45fc3f,83.68393902169227,89.43558012742754,5.751641105735275,1,1,11,19.945638183711527,0
boston-seaport,cbcf1116-389a-41fa-8eef-0fae12207043,0.0021335358619509574,0.005500985635847704,0.003367449773896747,1,1,6,10.409094434084528,0
boston-seaport,ce9599ec-0008-4505-b3a9-9fef72f32bc9,-0.4314723947114082,-0.5454272889458873,0.11395489423447909,1,1,12,21.334257703740693,0
boston-seaport,6cab46b2-44d4-4d00-9e7a-006949ca5de8,0.5461259506988999,0.6105881711804778,0.064462220481578,1,1,20,36.05005835769974,0
boston-seaport,6919aead-2ebf-4e41-92a1-745c22ba1584,8.6128911885283e-07,8.61288838964018e-07,2.7988881196878945e-13,1,1,6,11.421963616953438,0
boston-seaport,555faf45-ee02-407f-af9f-4a4c59dc8c6b,-72.6997122049724,-76.87706656117102,4.177354356198629,1,1,11,20.090522238252635,0
boston-seaport,f947f0cd-e535-40b7-a5eb-fffe2f1d30b7,0.834900822901641,0.9714875103564784,0.1365866874548374,1,1,9,16.420900199463222,0
boston-seaport,ae0dd652-b09e-4efe-92ae-78d19abfd59d,90.218988088847,92.15885834669794,1.9398702578509535,1,1,23,43.618255873187806,0
boston-seaport,df259885-db73-496d-9105-badf85ba30a6,-82.23583023803192,-91.42141787225674,9.185587634224811,1,1,6,11.942568793392159,0
boston-seaport,ce9301db-07dd-4281-b5b4-a48e7b15eca7,-0.6685119831250997,-0.6685119831257867,6.869998111961196e-13,1,1,23,45.660390127802856,0
boston-seaport,0015fe5a-59f5-4f2f-9b7b-f9da83c457bd,0.46018641490180046,0.4358272452637785,0.024359169638021975,1,1,19,36.6000650047272,0
boston-seaport,c01950a9-703f-4b9c-8f68-46bc742e4e84,-1.2923109403185191,-0.8862806260402759,0.40603031427824315,1,1,15,27.452953591427395,0
boston-seaport,e28b900a-7e0b-485d-8a7d-4a70bd158bbf,-4.7436870013930665,-4.9190631289694915,0.17537612757642476,1,1,29,56.3991701765593,0
boston-seaport,d21ff36d-0577-4802-823e-5923c9d56e40,-86.07971721470277,-92.02045017735338,5.940732962650603,1,1,9,17.48285369298528,0
boston-seaport,de2ac100-e112-4801-b1f3-b403e4e8c995,-11.0803880190858,-12.104438361406812,1.0240503423210106,1,1,8,15.598450550766358,0
boston-seaport,43891b64-fbec-4bbc-bb8c-73531e50c83a,-0.6305088591486158,-0.44301866173312643,0.18749019741548936,1,1,18,34.26460634068511,0
boston-seaport,8f202c3c-92c5-4df3-aa56-762f530fc142,-1.4346707092479238,-1.5432812339813242,0.10861052473340044,1,1,19,36.01657392169901,0
boston-seaport,f522a536-f355-46a2-b20c-dd58a80bce3f,122.81869110811294,130.687650852101,7.868959743988048,1,1,21,38.97426372706526,0
boston-seaport,f54f3791-a977-406d-a253-28b0bde9bd3d,-83.60184541012795,-94.19372606689791,10.591880656769968,1,1,6,10.214677926823141,0
boston-seaport,27b18e55-56dd-4aef-89c6-7ac12f571210,-81.61262365432181,-90.6333520810766,9.020728426754793,1,1,7,12.032800851263671,0
boston-seaport,49119619-5809-4597-b4c7-5b597cc4ff9c,-1.4677441946470415,-1.4677441946478558,8.142219984546603e-13,1,1,14,27.186519981722217,0
boston-seaport,569216bf-8fe0-4c9b-9e1b-da9d5d75a7cd,4.161053210425433,4.394672628788925,0.23361941836349182,1,1,25,47.97801758485316,0
boston-seaport,7df1f236-15bd-42fe-b195-74021ce7d4af,-77.56099969362585,-86.68022308659344,9.119223392967607,1,1,6,11.948841275266641,0
boston-seaport,a4b4d2f3-1d55-4ba7-b428-bbb155cb7f2d,0.04259054402612743,0.04259054402439721,1.7302217467161532e-12,1,1,14,26.99999727390766,0
boston-seaport,45770a13-13d4-4ac3-a617-7996fc2a4a5a,-55.12568859299944,-55.60160750074752,0.4759189077480789,1,1,11,19.501901225210784,0
boston-seaport,690035d3-fe15-422d-a3b3-7e5f86a6f2fc,-1.1385923158603106,-1.1385923158592166,1.0941108104234498e-12,1,1,14,26.99501588859252,0
boston-seaport,471e7fe0-73d6-4d93-9bfd-8f0fd0e2e765,-1.5539179159045327,-1.5539179159044054,1.2722218725854067e-13,1,1,13,24.470042708928236,0
boston-seaport,28001f1e-9d93-4d65-a4dd-aa292aed8f2b,-1.7460206693807403,-2.020252413630506,0.2742317442497656,1,1,8,15.476835448933153,0
boston-seaport,12e9958b-a9cf-474e-869e-95e0570fd8ba,8.445291302301076,8.90799757086608,0.4627062685650038,1,1,14,26.665535255581787,0
boston-seaport,007bfc85-636a-4970-9e2d-2ecadbf9b9bd,80.28911486861982,86.48981314725161,6.200698278631788,1,1,9,16.083515576504464,0
boston-seaport,b9da9974-6ed3-4242-b952-2a57bf17c7b7,80.87159040494815,87.56740456480607,6.695814159857913,1,1,8,14.751195439336392,0
boston-seaport,ab112d25-b346-447a-ad4f-741d1e6a0334,-80.04047037006978,-86.9463020593511,6.905831689281318,1,1,10,19.215340505101224,0
boston-seaport,cd075f1e-d538-4c6b-937d-fd96a46ba063,87.21351973800483,88.57636233326147,1.3628425952566432,1,1,13,24.010310157677615,0
boston-seaport,47beb417-06d0-435f-ad5e-5bf96827ec30,1.0289482787012694,1.0112431338572745,0.017705144843994842,1,1,16,29.873119537485543,0
boston-seaport,4044628b-f81d-4529-af6c-b52f4fd608f8,-71.54125377556171,-77.80187804573181,6.260624270170097,1,1,10,19.518827823705557,0
boston-seaport,dd4343f6-0d8d-4810-a2da-b896a5125f4f,81.05463930767235,90.79261824522374,9.73797893755139,1,1,8,14.623278038590255,0
boston-seaport,570df0cd-1e57-437e-b6fc-bebb1d787d2d,-88.24930617977793,-93.54208014715441,5.292773967376469,1,1,11,21.86635608099559,0
boston-seaport,fd5725f9-65bd-46dc-8bcd-13ed32c690e6,-85.20002005090682,-91.75883169662583,6.5588116457190155,1,1,9,16.194359876728054,0
boston-seaport,456629c3-541c-4ff9-8130-e9f597ee6ef5,3.855624538442299,4.140294138068453,0.284669599626154,1,1,24,45.11021070990096,0
boston-seaport,7bd19b34-dab2-48be-8caa-ab8ad8148ecd,-82.01856404396823,-87.28314012238208,5.264576078413859,1,1,12,21.37082074691165,0
boston-seaport,f510d2d8-b27e-4d84-b162-5fdb6f17d927,85.86817735216627,91.16082748294201,5.292650130775729,1,1,13,23.49349104836236,0
boston-seaport,dc76dac2-8ad5-479b-b37e-4044f9e067ce,0.011168964640822883,0.02898112969942147,0.01781216505859859,1,1,5,8.668036344597487,0
boston-seaport,e23df2bf-dea0-4689-be85-de127eab300e,0.36172825082995774,0.4686164116780157,0.10688816084805798,1,1,14,26.117677460845027,0
boston-seaport,5987a1c7-d67d-4495-b4a5-387a8a01176f,0.0016642909440277272,0.008011757180655771,0.006347466236628045,1,1,10,18.510091152964737,0
boston-seaport,311e6f10-c7bf-45f7-8577-a4fdc01b887b,88.98763941676596,88.9878360207592,0.00019660399324877094,1,1,19,37.04829155223029,0
boston-seaport,6affa77a-f0de-4055-bc65-fb22f08158c2,-0.045728325050806054,-0.04572832505182383,1.0177774980683254e-12,1,1,21,40.143395180795004,0
boston-seaport,1350c441-86ea-41ae-8dfb-09375972a172,82.4109396611344,89.57198456401767,7.161044902883261,1,1,9,15.980092245288704,0
boston-seaport,cba335f0-b857-4b75-adf3-8e9f1aa56070,-15.572947198221147,-17.272967952806496,1.7000207545853503,1,1,11,20.100044271344185,0
boston-seaport,b3472c5c-ebb2-4a85-8f0b-38e23f979d06,-31.689311939344343,-38.575772677576126,6.88646073823178,1,1,5,8.369377942823137,0
boston-seaport,9a36078e-6352-45cb-a134-e0cff096cf57,87.47000572735215,92.15682573224176,4.686820004889616,1,1,11,21.292013593339018,0
boston-seaport,533d6c0e-cee1-473f-9182-df085143f653,0.3671942824171761,0.3671942824161329,1.0432219355200335e-12,1,1,10,19.01611428793286,0
boston-seaport,ae8301e8-01bf-49a6-870f-cdab85dd928f,-0.0014650866187340338,-0.025276366144687236,0.023811279525953202,1,1,8,15.39523418009753,0
boston-seaport,c58a3033-8d81-41cf-9312-86c2c6342b01,-83.85018110447389,-90.7542082134229,6.904027108949008,1,1,8,14.675304778468355,0
boston-seaport,3100e06d-b6d0-46ce-b2cd-3d02a11be19b,0.0008928046133802896,0.01727623678325431,0.016383432169874017,1,1,14,27.54204977181603,0
boston-seaport,13445de5-d09c-45cf-a1e9-2a2763e534c3,0.2744901639594023,0.2744901639653563,5.953998363699704e-12,1,1,16,30.070731358719545,0
boston-seaport,f105c321-6127-448c-aad8-4918a6826ac7,-126.92246337198901,-139.30178100448575,12.379317632496747,1,1,12,22.789159709154067,0
boston-seaport,9b25d045-6420-4819-bba6-4c9fc858a721,82.31075310587015,87.89758864136756,5.58683553549741,1,1,10,18.107012171927455,0
boston-seaport,c858aa9a-9e18-42e7-9ed0-72b8ac9b0929,0.6445186475703863,0.7338680562722892,0.08934940870190292,1,1,15,27.620854511005717,0
boston-seaport,03e53c56-8561-4bd4-918a-1716b80ceeac,-0.039288770921653726,-0.08505434118525525,0.045765570263601514,1,1,20,38.71013153270078,0
boston-seaport,d183f5a4-ef1a-4bc3-8829-7a3591d0fe45,-81.74206266249044,-90.52217871409623,8.780116051605786,1,1,7,12.464687644903014,0
boston-seaport,45e00e12-5038-4cc2-b64c-d4d7ea60ca06,0.03897401084191206,0.10544896717121828,0.06647495632930622,1,1,8,15.323211131213053,0
boston-seaport,69913a4f-ba50-492c-9e02-3327ceaab399,-9.491773073213782,-11.303634561798729,1.811861488584947,1,1,5,8.074594540227574,0
boston-seaport,6a18d54b-9904-43e1-bd2e-5f314df62e56,-74.72319033032066,-91.23253408061674,16.50934375029607,1,1,5,9.066814838787133,0
boston-seaport,d24fc9f8-0afd-469f-9ec7-671884902508,58.06830227194145,65.65763138678956,7.589329114848104,1,1,12,23.082349839475075,0
boston-seaport,8aea7eb0-a1c4-4081-ab59-daa87e36e545,-31.52648908176782,-37.366261782369165,5.839772700601347,1,1,14,26.137422596796995,0
boston-seaport,2838119c-3611-4527-84a6-f4acee3ad7d2,11.37009622412644,11.271631861228482,0.09846436289795758,1,1,23,42.63532352606944,0
boston-seaport,1a5146de-4dc6-4be1-a5a2-e0eede5699e0,13.163207332816071,13.639497644294288,0.476290311478216,1,1,15,27.246378554567702,0
boston-seaport,c208f8b1-3c6c-4170-83d2-87993741c34b,85.54941892208276,92.28104268133421,6.731623759251448,1,1,8,15.701679897623038,0
boston-seaport,2730c4d6-307c-457a-b432-ec27856e7421,4.393546138046106,4.6822738513267,0.2887277132805938,1,1,11,20.731857616124827,0
boston-seaport,21050308-ebc3-46ca-867f-e620ebdeebb9,-85.55496273592641,-85.55500762783718,4.4891910782746796e-05,1,1,16,30.92650247776725,0
boston-seaport,14c30ec7-2bf4-411e-8344-6ff35e912ead,-1.6472095644086706,-1.6472095644095612,8.905553108097847e-13,1,1,12,23.84471829438597,0
boston-seaport,bac07d2a-4370-4893-9aa0-0194699fe89b,-83.62811420014492,-90.8050415203406,7.176927320195674,1,1,8,14.56812281901571,0
boston-seaport,0de48041-bb21-4564-bcac-ecd0b6bf65f6,90.32455989042744,90.32461309158916,5.3201161718389325e-05,1,1,15,27.62436869747228,0
boston-seaport,1fa67bc5-2510-4aa4-a8b8-fabde1e87f43,-84.27465095072623,-91.91585886452722,7.64120791380099,1,1,9,17.8727403070309,0
boston-seaport,bd4f082a-dcda-4d4a-95dc-c23ef2365cd1,-70.21531682939472,-80.02130529470968,9.805988465314961,1,1,6,10.651867307820137,0
boston-seaport,a8165712-c2f8-4d79-a6a1-16bfc2595ad7,15.800538492480928,16.20246451122598,0.4019260187450524,1,1,13,24.367788687692993,0
boston-seaport,de3dbebc-57fc-4efd-8af8-480d2593921c,2.830267633835862,2.9564391732768325,0.12617153944097068,1,1,19,36.222430157643394,0
boston-seaport,3ef8ba69-de90-41da-b7c5-9f5d57f68e84,-60.63327408613503,-67.33340200135314,6.700127915218104,1,1,8,14.98130833946855,0
boston-seaport,d8396633-70a8-4e7e-816f-56f3c3545d80,-1.3817546550640192,-1.3817546550619328,2.086443871040067e-12,1,1,17,33.652092643661014,0
boston-seaport,55392761-4e19-4d14-b5af-14507ff3b5b9,1.1857395477063488,1.1857395477090713,2.7225548073327702e-12,1,1,12,22.14739069607173,0
boston-seaport,7946af3f-4dbe-4fae-b5e0-fcc5f474b434,85.91012422963476,90.25313620953318,4.343011979898423,1,1,19,35.28901912160177,0
boston-seaport,3e267f67-7ce0-4dbc-a54a-32f781d46816,66.63813164022932,71.79737495462956,5.159243314400241,1,1,12,22.08061135984856,0
boston-seaport,5b8d6daf-2e07-435c-be5a-d7c27acaaa9b,1.3417951619797892,1.5307122001689444,0.18891703818915517,1,1,7,12.78333898127267,0
boston-seaport,99f24da1-2249-4053-8e84-d37ff6147d4e,1.5927399245544671,1.6695036621917565,0.07676373763728953,1,1,15,28.21166134296386,0
boston-seaport,30569699-a32d-4746-b0a6-3067c88aaf4d,-107.98023934141843,-107.98028966800959,5.032659115505632e-05,1,1,13,24.005893327066243,0
boston-seaport,0b3edf71-30f7-4b6c-b525-8b01e028746d,23.279951575919487,24.36624976391393,1.0862981879944464,1,1,18,34.698965573934764,0
boston-seaport,2bd9efaa-3274-4135-948b-f73586d05089,-84.35116238764833,-84.44301889013622,0.09185650248787505,1,1,15,28.142506013695407,0
boston-seaport,618f6a5d-68d1-4be2-bb85-d116b7faca05,88.85661230914,88.85669071319741,7.840405741536777e-05,1,1,24,45.559690611646324,0
boston-seaport,4145308c-06eb-4385-841e-7eb607ae4040,-91.98508116148905,-91.98515559905205,7.443756299101029e-05,1,1,13,25.299446121821795,0
boston-seaport,6fd8cfe5-ac53-4fb5-aa6d-4ab70fa2e627,0.6220683140328513,0.7316675493734002,0.10959923534054881,1,1,8,15.302922846273107,0
boston-seaport,90fd3d35-80b2-4941-9a03-c6e581671fad,-0.4345252929950667,-0.5432096721403196,0.10868437914525282,1,1,10,18.968982285784612,0
boston-seaport,9306f662-786b-4842-af51-840f5d652660,102.07338109230786,103.21105307082648,1.1376719785186213,1,1,20,38.015947461360824,0
boston-seaport,78cc349e-062f-42a4-bbd8-1b39f71d5b20,-83.76923718178749,-92.18937465623192,8.420137474444429,1,1,8,15.459574327501452,0
boston-seaport,f43ae126-87d8-46f3-b646-c2bf1b520987,-0.031159008317761985,-0.15164997406252667,0.1204909657447647,1,1,4,7.377068514070788,0
boston-seaport,286f4d2d-c96a-4d53-b298-ed77f7e5a13f,81.38200557368936,87.95929793974162,6.577292366052254,1,1,10,18.772711147290156,0
boston-seaport,ffa30729-898a-47cc-bd1d-9ef08027ce7d,73.08667657731492,73.32809249337004,0.24141591605512303,1,1,23,44.26025114270491,0
boston-seaport,2e215832-3bfb-4b91-9210-76195cb2ed68,-0.5886538554943578,-0.588653855495223,8.651108733580766e-13,1,1,5,8.915948088220809,0
boston-seaport,88b025bb-d814-4dc8-b6bd-690cb1f03564,-61.54753440193342,-67.87334201783108,6.32580761589767,1,1,8,14.328911806181932,0
boston-seaport,076bf8aa-25f9-400c-a4db-0403a7a91c4e,-0.12173877918533346,-0.15495581648125148,0.03321703729591803,1,1,9,17.251060058978112,0
boston-seaport,f971dd20-91a1-4279-99fa-e599425c5596,90.99258709355895,92.34330786506597,1.3507207715070113,1,1,17,32.62758704934505,0
boston-seaport,6b54ded7-5058-4d12-9be9-10d8e9e340cd,83.73333434354025,90.35403394059436,6.620699597054117,1,1,13,24.534769689943033,0
boston-seaport,2eb409ee-c714-4313-867d-ce36536f663b,-81.90620451932065,-91.45208525826526,9.545880738944616,1,1,7,13.789485443512087,0
boston-seaport,971e6f03-1c9d-48d4-bc2f-7c76d844858f,-79.20062732855206,-87.80408716731232,8.603459838760271,1,1,7,13.019755514618954,0
boston-seaport,3d2eb751-8199-44ac-abaf-bb8cf2e4726f,0.31099862867025324,0.34210072268010067,0.031102094009847387,1,1,14,25.730418893862975,0
boston-seaport,4232eb3e-c135-4f12-a5d3-b6bd24b184b2,-81.98647958868686,-88.71886994931441,6.732390360627547,1,1,13,24.85748668469494,0
boston-seaport,037cad72-0d55-4b58-b538-0a26b673dce3,-89.59859816868888,-91.0034493903389,1.4048512216500164,1,1,14,27.24244956999886,0
boston-seaport,997f0a14-dfc0-4465-be75-a0e0c68c77c5,86.95788770919337,96.35861456700341,9.400726857810046,1,1,7,12.599979389275058,0
boston-seaport,46420a7b-2419-4bff-93fc-754e830cd221,81.15285541586358,88.29126529485558,7.138409878991992,1,1,8,15.854765025577045,0
boston-seaport,f54dd813-3068-444b-bc41-30ae0d2c4309,-79.95996761217295,-92.70266878809647,12.742701175923518,1,1,6,11.291494398505975,0
boston-seaport,b0b3bc25-7ff9-48f6-8de7-90b1db9778f4,-0.3284235577356857,-0.38755286577603254,0.05912930804034679,1,1,12,22.922510589916246,0
boston-seaport,54ec6ef2-678f-4b71-a5d6-4ee7b5a88216,-77.05119834431254,-87.86255669911677,10.811358354804224,1,1,6,11.544534488154714,0
boston-seaport,8f994226-99cd-4c1b-816a-77f2a022988f,0.0002706535089509814,0.009168049288131879,0.008897395779180898,1,1,5,9.90350201339917,0
boston-seaport,39999419-e5ff-4497-96ff-9e0024aa6324,-0.00487245935685389,-0.004872459355403557,1.4503329347473637e-12,1,1,7,13.484494328124697,0
boston-seaport,247c0afb-7ebd-451e-9846-1f2613031727,-80.1300184279298,-89.1476548528666,9.017636424936802,1,1,6,11.071497985864115,0
boston-seaport,707f9530-f948-46ae-845e-5ce56fcae953,-2.0103083494663196,-2.0103083494631138,3.205999118915225e-12,1,1,11,20.942686931923326,0
boston-seaport,f2299b68-8867-4ef1-83f0-10c6b346d598,82.25977799154762,90.4709771006533,8.211199109105678,1,1,12,22.822354764827107,0
boston-seaport,1ab4e7fa-4425-4d81-8492-6340b240fcb7,81.96335308091422,89.89217298622873,7.928819905314512,1,1,8,14.219098053655735,0
boston-seaport,76f642b1-4bf5-499a-9f03-b546e8328d95,44.80646743958109,53.564421196135164,8.757953756554077,1,1,6,9.995222932871728,0
boston-seaport,a138a127-6286-4c7c-a9f9-46e3f4c9682b,0.00013403910583131162,0.00013403910654375586,7.124442486478278e-13,1,1,5,9.306540335704833,0
boston-seaport,8b79e830-05ce-4cc4-ad72-2339e0c76bbb,-88.63853251195235,-93.0143643008413,4.375831788888942,1,1,14,26.922067514489243,0
boston-seaport,f7ebe844-430e-4c23-a0d4-b8f10f2469c1,-7.900957238371769,-8.352302308076142,0.45134506970437255,1,1,28,52.54318330485821,0
boston-seaport,505fe2c6-456b-4983-aa59-7f0e453e4b78,1.4368621754411988,1.572691264168153,0.1358290887269542,1,1,9,16.267300511921025,0
boston-seaport,3638a855-0fd5-42aa-bd22-7d0940c2f971,0.2890430765216667,0.2890430765181045,3.5622212432391387e-12,1,1,22,42.37393467431541,0
boston-seaport,64a866df-d94b-42bf-84ce-98018035baeb,82.56694996807283,94.20093848909933,11.633988521026492,1,1,7,13.690493772852816,0
boston-seaport,4956fc73-a2dc-4532-80ed-5b2bfa47ba32,23.31333527021978,24.321602617755026,1.0082673475352464,1,1,15,29.729765526717888,0
boston-seaport,7dcee85e-14a6-438d-9dcf-abf93baa75f9,-1.658230082902936,-1.7446287320561322,0.08639864915319612,1,1,12,22.10448984948077,0
boston-seaport,39f97fe5-61c1-4ca0-be21-9b0626359882,-76.4691620729672,-80.7913753376567,4.322213264689509,1,1,11,20.63948561624634,0
boston-seaport,7e600fbd-4884-41da-a98d-1130df602b01,90.82708655452765,95.17756060812358,4.350474053595935,1,1,17,31.781831655857815,0
boston-seaport,84d75af1-e7b6-44e9-bb46-2c1c161c5c43,-81.35430239725515,-84.16423568142136,2.809933284166218,1,1,16,30.483849370474296,0
boston-seaport,ae2aac36-5b13-4f32-9678-24835761e3f5,1.5907936083676535e-07,8.471737474587362e-05,8.455829538503686e-05,1,1,8,14.915566515407185,0
boston-seaport,9eb43bea-935b-4cbf-839b-1ed8eed11312,-1.9623656030536434,-1.9623656030500303,3.613110118142555e-12,1,1,9,16.018440790982012,0
boston-seaport,47d2cce5-92aa-485c-810a-56a56e1d6cba,85.01237427397118,90.65744135717028,5.645067083199102,1,1,9,17.92748918108867,0
boston-seaport,8ba626b9-53d6-4359-af44-c0532ca2b29c,0.18082769297144444,0.18082769297118997,2.5444437451708134e-13,1,1,6,11.996715638312294,0
boston-seaport,56874368-7446-4f0e-b9a9-d9a904bec7b6,0.01100987879122201,0.06475801493008942,0.05374813613886742,1,1,6,11.066021332085715,0
boston-seaport,b2d7c85d-1983-452e-b363-a2d47c0b6dc9,78.10946258744538,88.13064405324886,10.02118146580348,1,1,8,15.86453855174973,0
boston-seaport,9c8c023f-ebfd-461c-a656-01968e69004d,0.6736287405837137,0.6736287405845788,8.651108733580766e-13,1,1,9,17.253415633037935,0
boston-seaport,4e6d9768-5761-4419-914e-0c33c1bde944,-2.8587617674593835,-3.182834028267361,0.32407226080797735,1,1,9,17.355598232021023,0
boston-seaport,8b7f8488-703b-4b0d-8de9-871bc0393ea7,80.17920665400648,80.25194086395389,0.0727342099474142,1,1,21,39.06256516529487,0
boston-seaport,5284d909-585f-4c68-a203-6dd0362f2d1a,-74.70429285280167,-85.91878865959853,11.214495806796856,1,1,5,9.53259503614009,0
boston-seaport,56be59ec-aa51-4723-ab1a-e16ac884ef10,66.68717122195092,71.5847715639102,4.897600341959272,1,1,16,29.054972698192106,0
boston-seaport,cc8a09ba-f7d5-4a3c-a287-3ab84e547920,0.47221329687329827,0.4722132968738326,5.343331864858708e-13,1,1,25,49.21517693350128,0
boston-seaport,1e4d8548-5951-4a02-b990-2c7c74c49dde,-97.17274204014859,-104.61227504627887,7.439533006130284,1,1,8,15.712666549192914,0
boston-seaport,b712d06a-1381-43ba-9d3a-ec52ecfb7f98,0.4599014106561343,1.38846747267135,0.9285660620152156,1,1,16,31.475450026793364,0
boston-seaport,5096b31e-05d8-4024-b267-120c6a27e906,-0.003252014601782854,-0.0256871469273188,0.022435132325535945,1,1,7,13.572185953474868,0
boston-seaport,abadfa7c-0e45-4551-9428-3c30cde60385,-61.21274208143318,-73.25114929504468,12.038407213611498,1,1,5,8.543828597976068,0
boston-seaport,e89b9d1e-2a8a-411c-8ca6-9b8d1f4a86ae,-82.29429560053535,-88.61515241670108,6.320856816165739,1,1,16,29.17317183647243,0
boston-seaport,af90d384-aeb8-4773-b04d-125cfb3b3875,0.973175472529717,1.6115272859265826,0.6383518133968655,1,1,18,33.71194630362454,0
boston-seaport,5b6f6d17-c92f-4b37-b26c-ae24b42366e3,-80.199668212251,-89.45014188054448,9.250473668293491,1,1,6,10.053925264224649,0
boston-seaport,80e238f9-d698-4c20-bcac-5e3d340454f9,-82.30198044208495,-91.2282026194182,8.926222177333253,1,1,7,13.140517132135496,0
boston-seaport,5335a835-7d99-4922-97ef-862a11810afe,0.05875229799176378,0.05876739678527115,1.5098793507381485e-05,1,1,6,11.51645761239624,0
boston-seaport,276f99f8-eb54-4f83-b230-6a90c2722193,69.4860212253874,74.38235089659717,4.896329671209771,1,1,9,17.6543990127616,0
boston-seaport,f5475568-4486-41ea-a343-217e4575cc4e,-3.639114646009851,-2.7971851472893934,0.8419294987204574,1,1,20,38.88974153456208,0
boston-seaport,1b58ff56-e6ea-437a-9a24-431fd5be15fd,106.38124338000387,112.64856157822256,6.267318198218679,1,1,11,20.70931038961232,0
boston-seaport,fbe65f32-e473-4025-91af-b56c63329372,0.2516320842601451,0.3283159503268986,0.07668386606675347,1,1,13,24.27152307283534,0
boston-seaport,c870f928-b76e-4f65-a81d-95e8823c491d,0.12894179099400346,0.13233472259755574,0.00339293160355229,1,1,9,17.00423527952567,0
boston-seaport,1dc8747f-e60a-4e4f-8ed2-6dc78853b3e2,4.728238033901116e-09,9.226346397714002e-08,8.753522594323891e-08,1,1,4,6.124748025015462,0
boston-seaport,794ca9be-9b2a-4c19-bb16-9b7f09e1ffd6,66.84160168496905,70.86400222431604,4.02240053934699,1,1,12,22.28155696925906,0
boston-seaport,366d4744-1007-42ef-9d4e-4c154f86cd1f,-0.02828965039541909,-0.02828965039623331,8.142219984546603e-13,1,1,11,20.426744492986245,0
boston-seaport,fa009e31-f25d-4982-aedb-6478fe42c294,-1.419489671157573,-1.5293862289117428,0.10989655775416955,1,1,23,44.115257479857256,0
boston-seaport,ec27c9a3-ead4-473d-a808-44beb0802e71,3.4973319244432735,3.769880547411682,0.27254862296840837,1,1,23,42.017351858392395,0
boston-seaport,bff4c846-961c-428b-a030-fa6adeb4ceb3,0.12300486627888807,0.21297490838467695,0.08997004210578888,1,1,8,14.675529949807922,0
boston-seaport,09a84e1d-17a3-40d7-a734-f426df3e2089,-71.2548400581408,-77.3677764535369,6.112936395396108,1,1,8,15.797499310487408,0
boston-seaport,0858ea45-13c3-4700-92ac-8ee2edef318c,-28.16823941807586,-30.907502137634516,2.7392627195586563,1,1,11,19.213015801519415,0
boston-seaport,0beec669-fad2-49e1-aa10-9d9aa0147a87,-114.96794353430475,-122.14803771953616,7.180094185231409,1,1,11,20.24392741589918,0
boston-seaport,7e7480ee-87fc-457e-965d-7a54b8dd7d6b,-0.34102751834458295,-0.3410275183451936,6.106664988409952e-13,1,1,14,26.399781713494217,0
boston-seaport,c4b18ebe-3b06-44c0-a953-2710736f1c2b,-90.2544674487197,-90.29589847360342,0.04143102488372541,1,1,10,17.52295970988683,0
boston-seaport,ec8a4ae2-8803-48c3-a97b-feeb357100dc,-8.129560672611001,-7.949772666590755,0.1797880060202459,1,1,28,52.86243928772884,0
boston-seaport,df156d19-a0bd-4c93-992b-e16b601f66e8,-86.295450494496,-89.86683044656803,3.571379952072036,1,1,14,25.38430295359019,0
boston-seaport,8ee52207-75c7-4e1b-8adc-e4009f01b682,74.2484005084943,76.3426467916759,2.0942462831815947,1,1,13,24.30757702415593,0
boston-seaport,bcca2ea4-328d-4140-b520-1c2c390d521a,78.31203622178641,84.918300282762,6.606264060975591,1,1,14,26.806891080195946,0
boston-seaport,f15d6d76-3690-4aed-8dac-54c885a2dac8,1.914185029492003e-10,1.2932847779079307e-08,1.2741429276130106e-08,1,1,12,23.399710950288977,0
boston-seaport,3687c935-6d58-4aab-ab63-bbb65498c47a,-1.2041999190139874,-1.2041999190116974,2.289999370653732e-12,1,1,19,36.27039128225151,0
boston-seaport,4eadfae7-7488-4709-8cad-9d0f8325d9cd,81.89114699249494,90.74486862610217,8.853721633607245,1,1,8,15.401133014938896,0
boston-seaport,4505bd78-690e-411d-abae-db8457106547,80.0630409014683,80.7097943427979,0.646753441329616,1,1,20,37.36017435522201,0
boston-seaport,119059c5-4c31-440e-93ae-2725bc01b02b,-81.01970357775164,-87.58869164465067,6.568988066899015,1,1,12,22.13530417712937,0
boston-seaport,f0519c59-e563-4008-a0a9-1158769c0111,3.4724066007141463,3.585905498813563,0.11349889809941634,1,1,22,43.7672906345248,0
boston-seaport,f6d258d5-6f19-4337-8432-c3aedab64491,83.12292708668214,90.76245849422563,7.6395314075434895,1,1,10,18.622424745616875,0
boston-seaport,6c220971-6c7c-4f9d-9e66-ad62ee3668d0,-0.670049166679461,-0.7714020049973126,0.10135283831785154,1,1,21,39.66596019835171,0
boston-seaport,dccf7f5d-6415-46d7-b536-27f229c8c9d2,0.26076016120250745,0.2607601611982328,4.274665491886967e-12,1,1,12,23.232151603203047,0
boston-seaport,3a563647-45ac-467a-914e-9a4d45ba01b6,0.034024010262740226,0.07661104261088753,0.0425870323481473,1,1,8,14.019720577832828,0
boston-seaport,5d90a664-0b22-43fa-b560-a84786692631,0.6236918151189926,0.623691815126168,7.175331361381694e-12,1,1,16,30.62225914677051,0
boston-seaport,c95bb3ae-aa92-4154-8b63-ab7bee15e787,-15.161970570187403,-15.922947543836278,0.7609769736488746,1,1,15,28.85386562893106,0
boston-seaport,e0395f4e-a812-4088-bbbf-28a7699fbf85,7.658423705484463,8.985197734872264,1.326774029387802,1,1,17,32.13255808338584,0
boston-seaport,bbc4aadb-6448-4575-acff-4df063e5aacd,-0.0035653365939542995,-0.01321012331511251,0.00964478672115821,1,1,14,26.854843307164035,0
boston-seaport,ec5e7f52-332b-4e2d-bc93-9b197802a3f0,92.39912391984137,98.95649701427052,6.557373094429161,1,1,14,26.734304811896862,0
boston-seaport,9b7fd9fe-7974-4930-8870-aea9bf346946,86.09823005012906,90.5608964369561,4.462666386827034,1,1,11,21.099845097888785,0
boston-seaport,e0d5a916-289a-41d1-a34e-2e349aeec66e,-0.8999642185443395,-0.8999642185428892,1.4503329347473637e-12,1,1,7,13.539467453364717,0
boston-seaport,a93df496-207f-4bb2-ae49-193dc0434e1f,0.8774209321254893,0.9859882201365231,0.10856728801103381,1,1,13,24.633109139236577,0
boston-seaport,d6797fc3-c7be-4b86-b2a0-868310446752,100.12166276054262,100.12176086540218,9.810485956045231e-05,1,1,17,31.45447743162316,0
boston-seaport,7bc426c6-d3f9-4f5e-914d-faf9306fc7f8,0.0023380335961054517,0.08501868882956114,0.08268065523345568,1,1,19,36.99693608450776,0
boston-seaport,921dde84-414f-4912-8108-aedcd6e68fe6,-0.16435707390600657,-0.1657001046099288,0.0013430307039222344,1,1,23,44.410291690646645,0
boston-seaport,a0a5e3dd-7c85-46c7-8281-8cbcedaa00d8,0.6905441365677981,0.6905441365680526,2.5444437451708134e-13,1,1,9,16.77552292953706,0
boston-seaport,d5f58379-f125-47d3-843a-4816613913c9,79.82208068001806,89.36499762271991,9.542916942701849,1,1,8,14.759252192818352,0
boston-seaport,35bfdd3a-c301-499a-a4c1-94e8343f6f49,-87.97014199880071,-94.16770819782069,6.197566199019968,1,1,10,19.48888690115687,0
boston-seaport,3dfc1f85-a70a-4368-bedf-2af177778805,-2.3720053727609777e-05,-0.00010344763027368746,7.972757654607769e-05,1,1,6,10.538657365748575,0
boston-seaport,1eead938-df91-479b-af82-2076b4b8eb7b,82.79888155602703,89.40455920742363,6.605677651396607,1,1,9,16.629326071586526,0
boston-seaport,7ac43871-c2b3-4d99-8fab-ba0f1a059eb1,2.3522638509959513,3.930733777129767,1.5784699261338153,1,1,13,23.97217832579243,0
boston-seaport,3680de85-fd4e-4f2a-9499-1c8b336e0ffa,-95.13756519857921,-95.13771979637478,0.0001545977955810727,1,1,15,28.70618346841226,0
boston-seaport,e32f4f32-2c34-44f4-920e-db7ff94f7a27,-52.862577382596356,-57.12599828226411,4.263420899667754,1,1,13,25.658414320494796,0
boston-seaport,30b01cc7-f271-49b2-88f7-475ba4b1fb0d,90.0021500942405,90.769254800599,0.7671047063585011,1,1,13,23.3842915030147,0
boston-seaport,eecedf8b-2a0a-4f27-83ad-8c9af752d849,98.41758454035828,103.07745354475796,4.65986900439968,1,1,13,24.038893996614167,0
boston-seaport,2ac516f6-cb44-44e4-a391-f2125ce594f7,0.17569090822824857,0.28175443659542515,0.10606352836717658,1,1,11,20.3632989945532,0
boston-seaport,305b79fe-690a-4d5a-b463-cc67c3708e48,-86.21373254735579,-92.59005990053377,6.376327353177993,1,1,9,16.935925571992378,0
boston-seaport,5e13747e-4ea8-422f-b286-ff3cd0a0f941,-2.6099215133074387,-1.9317710066677274,0.6781505066397114,1,1,21,39.71799868336455,0
boston-seaport,44ca32d1-5564-48df-9a5e-97bf4e0fac7d,80.59516893157333,86.56338623928973,5.968217307716409,1,1,10,19.095731765818858,0
boston-seaport,91aef9e8-fb86-4353-85fd-4c3547c536ed,-80.91023240716386,-88.23751823361417,7.32728582645032,1,1,10,18.29917762537232,0
boston-seaport,6b062c06-c523-4e55-bb5e-5970feab3489,-84.99261197776875,-92.44544723536099,7.452835257592242,1,1,8,14.301033984638625,0
boston-seaport,d52e5c9f-fcf2-4291-b1d3-834057097958,-79.10042157599369,-88.73716416067127,9.63674258467758,1,1,7,13.427532216110745,0
boston-seaport,4f2b3bda-a601-4b4f-8fcf-950f7c78f1ce,8.60700391960854,9.227566705182081,0.6205627855735419,1,1,21,39.27603566918874,0
boston-seaport,05a3d7ad-55a6-4eb9-8c88-f838326609ae,-81.91572934473027,-89.1621701787868,7.246440834056524,1,1,9,16.463214183877984,0
boston-seaport,933a5385-eb8a-413a-b3a2-0e86a18f91a4,-25.92073595179246,-26.00906516789683,0.0883292161043682,1,1,13,24.24299324558858,0
boston-seaport,8cf0f900-4532-4a3d-b8ed-506d4e55629b,0.07828600454077494,0.1728316537411711,0.09454564920039615,1,1,4,6.754330267044162,0
boston-seaport,a3383cbd-9b6d-4ea5-a00e-111955f8ab9a,80.2799938439816,88.38308156990064,8.103087725919035,1,1,9,17.145768224036146,0
boston-seaport,a1db5af6-842b-493a-b98f-1bb52a077a3e,-0.27886171258407394,-0.2785081532720105,0.00035355931206338466,1,1,17,32.517662555825694,0
boston-seaport,8884317f-1c04-48c9-8ea4-a8a5c973e0bb,79.21013909716119,88.98230367420689,9.772164577045706,1,1,8,15.684821638581855,0
boston-seaport,097cc23f-ead3-4027-87e9-50b94825095f,-82.40398247242446,-90.04671861660243,7.642736144177966,1,1,7,12.25751367501721,0
boston-seaport,72488a93-46bf-4b03-a150-0441aa2599ad,-0.009163011552637369,-0.0288940479680076,0.01973103641537023,1,1,9,16.118405193574798,0
boston-seaport,d753615f-b68d-494c-b5b4-d02995073ec8,-5.920270616857779e-06,-0.0005335023891411937,0.0005275821185243359,1,1,5,9.843531483772258,0
boston-seaport,7455bbd9-a17e-4f55-ab04-769922b562ec,0.012704174591999025,0.04859995577327577,0.035895781181276745,1,1,7,13.088286860026804,0
boston-seaport,256b9ee0-1d48-41bf-91e5-511099eaf951,-0.7254293830117811,-0.7254293830188037,7.022664736671445e-12,1,1,4,6.54199975382287,0
boston-seaport,58112c1a-795d-42bb-9ffe-7e5074a980d7,172.37743624537512,-174.92213490949234,12.700428845132599,1,1,12,23.306980436707537,0
boston-seaport,a2eadf8e-ed7c-4e34-ac59-541d0d2af7d3,-0.12934315033419894,-0.21858917062925753,0.08924602029505861,1,1,14,26.93732159336195,0
boston-seaport,f08d0fd9-350e-45d5-af13-ea453ca5783e,42.55466665488631,52.73727951087599,10.18261285598968,1,1,11,20.444199110329997,0
boston-seaport,c176ff31-6e66-4a33-b95c-8c41864967cb,94.77256437968471,94.77257855798392,1.4178299202799647e-05,1,1,21,39.73826641120261,0
boston-seaport,e94dacd7-54b5-4dd0-9666-bdf3ba457f54,-0.04774637004195531,-0.06405320040251855,0.016306830360563237,1,1,10,18.705105280418636,0
boston-seaport,e242646f-b0e8-4aa1-a9ae-cffdc570a731,-0.03765278378551577,0.31565029579851234,0.3533030795840281,1,1,16,30.385532234792027,0
boston-seaport,662d0200-76f0-4ecb-9263-ad7f94c1eff5,-0.3089702670495026,-0.30897026704540603,4.09655442972501e-12,1,1,14,26.09811013887274,0
boston-seaport,ed3c5c14-e392-4636-aa93-10ab93bf7247,-1.1499420011803718,-1.149942001185639,5.266998552503584e-12,1,1,6,10.141159260958338,0
boston-seaport,bdfcb45a-5d2b-4a74-aefc-0e48595d8aef,-0.006002270450877164,-0.006002270453345274,2.468110432815689e-12,1,1,4,7.832042982487447,0
boston-seaport,09383864-472b-40a8-ae46-1aaf4ecefcfd,86.7924133978595,88.12416301803727,1.3317496201777705,1,1,20,36.81940509627197,0
boston-seaport,6d59fd7e-4d71-4bb9-8156-a891f8ada3ab,-1.425730661879611,-1.536880000645459,0.11114933876584798,1,1,27,52.37783532973798,0
boston-seaport,fdf5385f-cfb3-4a71-bd7a-e9e0999e8886,-0.027503365908081202,-0.10411692548760679,0.07661355957952558,1,1,5,9.358733142590776,0
boston-seaport,df94da68-ebab-4659-aea2-6926e8b971e2,81.19667117699785,88.99748516425953,7.8008139872616855,1,1,8,14.562946240528229,0
boston-seaport,3181279a-eea4-41b1-bb76-eb161a3f98b3,-6.432521765583532,-7.702444204347635,1.2699224387641026,1,1,8,14.14028718371397,0
boston-seaport,192b8882-417b-4183-9366-a7f1769075e0,0.037847060754913064,0.143893458518473,0.10604639776355994,1,1,3,5.183893304788894,0
boston-seaport,1769c239-48bb-4d66-9f12-e54f6178f70f,6.1562638870090485,7.430673219972541,1.2744093329634925,1,1,5,9.887161196678836,0
boston-seaport,8b021e16-5b71-4c99-8854-32bd34c3b88d,7.600632867844589,8.065254531948757,0.46462166410416766,1,1,19,36.94502394249533,0
boston-seaport,383fc180-80e0-4874-9545-cc6326a56d41,-25.97696111012244,-25.976961110120655,1.7811106216195693e-12,1,1,9,16.36099129902824,0
boston-seaport,a58463c7-0467-44eb-9ece-5447a3bb9ab4,-0.2627537611011928,-0.2627537611031775,1.9846661212332344e-12,1,1,16,30.047360853969174,0
boston-seaport,6276a381-8a4b-4d0c-b174-5afe44108b38,-79.45260097776388,-88.61511289894516,9.162511921181274,1,1,7,13.751753332105764,0
boston-seaport,fdaf6b1e-caa5-42f7-ab3e-679dc8abd98b,88.3038241689069,91.64247530896868,3.338651140061786,1,1,11,20.835099254970817,0
boston-seaport,f557551f-745a-45c3-8a76-75de732c807f,-122.47971190580041,-131.6801313802791,9.2004194744787,1,1,17,31.3114494858617,0
boston-seaport,c59a724b-737a-4d3c-ba2a-713a8dbacc4a,-32.67427923734699,-35.87528856757431,3.201009330227323,1,1,8,14.650297352502049,0
boston-seaport,759178d9-3dba-4fcb-b1b3-6ddcfc7c77fa,-78.67492688907669,-87.6320257102799,8.957098821203218,1,1,7,13.262156389605458,0
boston-seaport,823f931a-45e6-4ccb-b462-df24ec953495,-84.11837572299821,-87.63428602969103,3.5159103066928172,1,1,13,23.445222912299958,0
boston-seaport,b7d2c5b7-222a-49bb-b1cb-90ceefd15536,1.9298438576894914,2.1064479884057046,0.1766041307162131,1,1,13,24.83995431342758,0
boston-seaport,46c2abec-8844-40de-95c9-dc8359c183cc,-30.278875956410047,-35.33115927827123,5.052283321861178,1,1,6,10.987703281475138,0
boston-seaport,afc4a0c9-b2dc-45f5-b1a7-427f12b6b826,-5.3411862683774745,-5.5151747103956295,0.17398844201815453,1,1,18,32.3380159973248,0
boston-seaport,65d50075-6ea7-4d2d-98c6-bbff7554e609,81.44864671350143,89.21478238689984,7.766135673398421,1,1,10,19.19184857531734,0
boston-seaport,38ac00b9-6e57-4dde-8be7-a4937182bd50,-86.02647971616297,-90.77728246544447,4.75080274928151,1,1,11,20.12575278530684,0
boston-seaport,32513f91-bdfc-449e-83d4-7573346665e0,-9.735880637486588,-10.616775267103767,0.8808946296171793,1,1,23,44.417442728568666,0
boston-seaport,ce96857c-84e4-40ec-a430-6285bb0855ad,0.27394900042423526,0.27394900042578735,1.5521106845541961e-12,1,1,3,5.544500841277531,0
boston-seaport,501465d7-6313-4ff2-9001-c15749493e07,-82.74520942300485,-92.57402950910156,9.828820086096714,1,1,6,11.734256711193881,0
boston-seaport,73fb1acf-fbdd-459e-b73a-790892e345c2,0.17469473403052113,0.17469473403482125,4.300109929338675e-12,1,1,9,17.9492059450354,0
boston-seaport,52cbed63-81f2-4f27-a30d-df9cef4b9468,-2.1877736607931237,-2.4390151207519457,0.25124145995882197,1,1,18,33.560087616427,0
boston-seaport,bea5be5a-be3e-40d9-8540-e4dcdab15ee3,0.7052311423733364,0.8634044967573977,0.15817335438406135,1,1,9,16.291131765116162,0
boston-seaport,ffb8c734-8bb9-486c-a62a-fb3d2b6b42bb,-8.441600816525177,-9.300594546039271,0.8589937295140926,1,1,22,43.3443309441341,0
boston-seaport,0b031f86-78a4-42af-a264-6ee37d00270f,-41.96415715913845,-45.32683852430535,3.362681365166898,1,1,9,16.819562136729015,0
boston-seaport,5bc5c007-0aae-4530-9173-bfcf8b989379,79.17895401219552,90.39577371126722,11.216819699071701,1,1,8,15.126800359206651,0
boston-seaport,b05f9bd3-3241-4d21-a1cf-fd76b09d8702,-80.22540801449614,-87.47476999609377,7.24936198159762,1,1,7,13.012985947052147,0
boston-seaport,c3a830d4-f15b-4426-8ba0-3b200680e812,2.6266291977509804,2.982626023550323,0.3559968257993424,1,1,8,15.67744103182138,0
boston-seaport,c269a8c9-6fc5-4236-9175-9682750277ed,-0.516300630219118,-0.5163006302171588,1.9592216837815263e-12,1,1,7,13.470655048740173,0
boston-seaport,efc0671f-4f5a-442a-acb7-4408eec974e6,-86.1630182633711,-91.73100519100521,5.5679869276341005,1,1,10,18.979076679810618,0
boston-seaport,b7fdf62e-e7a8-4cf6-a9ff-339bd43cfde8,-0.0219622154602863,-0.09051912563075044,0.06855691017046416,1,1,7,13.035833034465728,0
boston-seaport,35813cc2-99f6-4555-901a-d3e44ddacacb,72.68554000845873,77.13297648457781,4.447436476119079,1,1,12,22.588823926205635,0
boston-seaport,dfbdf3e1-b27c-4caf-b527-a543be9be669,0.5244972339653567,0.6329972512184826,0.10850001725312586,1,1,22,42.89979148110992,0
boston-seaport,3f6521c9-0d64-4a50-8542-b3432db1f31b,1.2565833300439946,1.9524504150365587,0.6958670849925641,1,1,28,54.12416747739446,0
boston-seaport,a5248007-c872-4e6f-bf6c-b08310e24645,-79.37157588180469,-85.7216526543706,6.350076772565925,1,1,9,17.777955121565373,0
boston-seaport,c5dd14ca-c158-42d1-8e1c-9e18765bd815,0.019898417540727586,0.019898417541821697,1.0941108104234498e-12,1,1,13,24.783085264488466,0
boston-seaport,8e0376f5-9bdd-4453-9d3a-e40f1758a9ec,0.17452417715373053,0.17452417715551166,1.7811106216195693e-12,1,1,20,38.940844508969434,0
boston-seaport,2aeb1e46-77c9-422c-bd29-0cb2e88a1401,0.49700290757348936,0.49700290757025795,3.231443556366933e-12,1,1,14,26.130495986633093,0
boston-seaport,04404fa5-969f-4d31-a33b-ed6531bce904,-28.1577856542159,-31.66936835206993,3.511582697854033,1,1,19,35.52988816966621,0
boston-seaport,deff8d9c-e64b-4a0c-acdb-c1fa86645c1e,-79.25751314789362,-84.53542434003931,5.277911192145692,1,1,9,17.89235374398528,0
boston-seaport,2b96e6e7-3272-4d74-89b5-f8724b34c138,-4.920789718445767,-5.345166258863888,0.42437654041812173,1,1,11,21.794363569982167,0
boston-seaport,892fb7ec-4918-4141-9225-ccf2a48143dd,5.800307774041607,10.029649321271059,4.229341547229452,1,1,9,17.551278454759792,0
boston-seaport,095ec7f0-7224-4a18-842e-2f686e307f63,86.12411135936435,91.31009319804816,5.185981838683817,1,1,10,18.368020939559678,0
boston-seaport,3cade398-ab36-4f10-9c42-b270ecdd3cac,1.9838370651277453e-06,0.00012689151325775107,0.00012490767619262333,1,1,3,4.827440949677086,0
boston-seaport,16ddc52b-e776-426a-831e-1f2cf90c7f2a,92.75658308253018,96.82042470813349,4.063841625603298,1,1,16,29.240277952001847,0
boston-seaport,be2bd09f-cd5f-4204-9b43-75132218239b,-83.88729184748932,-90.91171462962322,7.024422782133891,1,1,8,14.097208075041571,0
boston-seaport,7c81d8ec-481e-4057-9799-e0cc3dc0b465,0.5447711050997522,0.6104317473547926,0.06566064225504031,1,1,10,19.98903588278749,0
boston-seaport,429621be-66f3-4234-bf04-875e3aa0b453,-0.44192054473803494,-0.4419205447349562,3.078776931656684e-12,1,1,19,37.816155020028326,0
boston-seaport,e289447a-fe2d-4700-8763-e23f878bc3c0,-80.39818287453183,-80.42539987115491,0.027216996623076733,1,1,16,29.74279011557819,0
boston-seaport,0b5a2065-395e-405c-88e4-998110e33028,-78.22559933298697,-86.92555891091554,8.699959577928576,1,1,6,10.640669913608585,0
boston-seaport,409d7f54-a01b-4c6c-9d27-f5e65da60fe8,-3.1673155589908312e-06,-0.00035664026869277563,0.0003534729531337848,1,1,4,7.610956012991912,0
boston-seaport,6cc30bb4-e313-44d9-b647-2d1094aea0be,-82.82728269135669,-88.55979067193704,5.7325079805803405,1,1,9,17.106350621336702,0
boston-seaport,56245cbb-cca6-4d0d-88d2-0486921a2d7f,81.27146232130525,87.36023266305737,6.088770341752126,1,1,21,40.72093184452398,0
boston-seaport,a6ef184d-8d27-46d7-b94f-730033dd5386,83.44700808364469,89.08685936093181,5.63985127728712,1,1,9,17.195763262515257,0
boston-seaport,7086c64b-c064-4172-9438-68f635b9ba89,29.812575362219132,32.40822947076684,2.595654108547708,1,1,20,37.7089865285552,0
boston-seaport,3a3dfb21-eb2e-4c48-b151-61841800523d,93.42729502681438,93.43445992402161,0.00716489720723147,1,1,21,39.72810578092478,0
boston-seaport,5e9cf369-dcfb-4c9c-b415-f9c0c13f0671,2.597424770550167,2.8930653812031735,0.2956406106530065,1,1,19,36.52066652578658,0
boston-seaport,f264ab4f-4c06-4030-98e2-86a06671a1a8,-0.3850417907572255,-0.38504179075193307,5.292442989955292e-12,1,1,12,22.033783704709712,0
boston-seaport,ce37939c-2d50-4932-ad12-497f1496d9b1,-79.89737070360407,-89.62462680256694,9.727256098962878,1,1,6,11.210537910858589,0
boston-seaport,da9a43f6-d678-4faa-92a2-24f90f422cfc,-0.591967274761789,-1.1409017016852012,0.5489344269234123,1,1,25,46.50416202586442,0
boston-seaport,f458c63e-0d1b-4d45-8230-b002675e3b18,-0.09516170304827402,-0.1096814738516355,0.014519770803361467,1,1,8,15.130528770892889,0
boston-seaport,a74d91e1-1d37-4c03-8308-ce045eda5d9e,-88.33397851737928,-88.33401371614468,3.519876539187581e-05,1,1,11,19.934176148328703,0
boston-seaport,f65cdcef-b5d7-40e0-9b0f-1832ac8a091b,0.28087659594397696,0.573392490969573,0.2925158950255961,1,1,6,10.253950915640285,0
boston-seaport,afcacec8-d600-4993-95e6-b0a7378955e8,-2.2060978188287415,-2.4522889791588103,0.2461911603300689,1,1,6,10.88414093744824,0
boston-seaport,e34cd943-135b-47e9-8ccd-5eded34c2961,6.028564433481362,5.847892106701353,0.1806723267800092,1,1,11,19.763417815000487,0
boston-seaport,a662ad08-a045-4808-8128-2cfa7cbca4d6,-68.72752831103377,-82.84187795431498,14.114349643281212,1,1,5,8.628455959492179,0
boston-seaport,6204d120-fc12-45c4-9563-702c716eb7c1,-86.36759283258056,-91.95492664806396,5.587333815483404,1,1,13,23.227220045959726,0
boston-seaport,c6486357-c679-49e8-b925-816d1d53850a,-60.55050319078097,-64.80166335069241,4.251160159911442,1,1,9,16.452698537974175,0
boston-seaport,ab6e76ec-3e62-4f4d-bf6e-d3ad75a1cf5f,-0.6750083460405732,-0.6750083460371891,3.384110181077182e-12,1,1,21,40.90146075899498,0
boston-seaport,f6fb0336-be3c-41e2-a25b-f9dc694ee4b4,0.0021388617988533742,0.00596124238578043,0.0038223805869270554,1,1,12,23.663586210870434,0
boston-seaport,6b75d7fc-4b1f-4957-963d-401f1e8b5d96,-1.5725415245417351,-1.5725415245432872,1.5521106845541961e-12,1,1,17,32.73410194120477,0
boston-seaport,19e2f5ea-08d4-47db-af17-5d028381b2e5,88.27415978156654,88.27437264046442,0.00021285889787464783,1,1,14,26.745331732307086,0
boston-seaport,22651754-fd44-448d-a0f3-392210d63c81,-0.009043367958835716,-0.01517866133420113,0.006135293375365413,1,1,14,27.06460451406699,0
boston-seaport,3e062bd9-cafc-468c-a799-26135ddf0a85,79.5378301226736,87.69413280107165,8.156302678398049,1,1,8,14.577880200272713,0
boston-seaport,30d9b1e0-ac6b-4f74-b706-918dfbaa681c,97.32484308214563,97.8674161872002,0.542573105054574,1,1,12,22.35871269766584,0
boston-seaport,cc39fc4f-8cec-45e9-933f-c3608e1f2d4c,-0.2999770567790762,-0.29997705678714215,8.065886672191478e-12,1,1,11,20.306063332435784,0
boston-seaport,d547f252-1d17-4897-a648-1a475e162ae2,-0.0014673397123730525,-0.013417006454845882,0.01194966674247283,1,1,8,14.44273397928892,0
boston-seaport,c259cbe4-0085-44b7-9f65-732f95e390be,0.40853993066729505,0.3476444928266433,0.060895437840651774,1,1,18,34.63833185002277,0
boston-seaport,20323046-17a0-40d3-88fe-d06b66e381d6,99.27969059826496,101.82887038462309,2.5491797863581307,1,1,24,45.016267176601445,0
singapore-hollandvillage,9559cfba-9850-47d9-a0c2-974ece01adc6,-0.8410394117638811,-0.9372726131252146,0.09623320136133348,1,1,13,25.768924542306564,0
singapore-hollandvillage,b7d95bc0-cbb3-4bd9-94d9-56ca6d63a803,-89.29947296419978,-89.2995774678621,0.0001045036623130203,1,1,20,38.048392675210984,0
singapore-hollandvillage,46c37dd7-e870-4147-ad7d-d1b8cf28b18f,-0.6204425652082854,-0.6204425652137051,5.419665177213832e-12,1,1,16,31.951214547382232,0
singapore-hollandvillage,33532c75-8fe8-47cd-9585-0c93fc3a50cf,0.11733959444353756,0.3296722057010057,0.21233261125746813,1,1,10,18.961727321467297,0
singapore-hollandvillage,6402c018-6c97-471d-8b5d-b7c23019063e,-1.6198931579103522,-1.6198931579161788,5.826776176441163e-12,1,1,11,20.038890036497268,0
singapore-hollandvillage,7504f8f1-43e4-4fb5-9c14-9af3bdc69a41,-16.30582615256534,-16.856179823356527,0.5503536707911832,1,1,17,31.889074632500844,0
singapore-hollandvillage,912ecb2a-a128-4b5d-b8cc-3b0ecb2063c6,-0.6538183625201752,-0.7249527251055984,0.07113436258542317,1,1,7,13.746026268405803,0
singapore-hollandvillage,4c03a21c-ffcf-4053-bcbe-277cbaf19502,-0.12186045536079607,-0.1218604553660885,5.292442989955292e-12,1,1,12,22.279008192477058,0
singapore-hollandvillage,2a81f3a1-2404-46e1-a6fc-eccf686a206b,90.11631075573145,98.53295945225274,8.416648696521285,1,1,9,16.034309168396632,0
singapore-hollandvillage,94d1ab30-b7e7-4ca5-ac55-42ffb4510d1b,1.488022170147436,1.6334413521758415,0.14541918202840523,1,1,12,22.12488975057945,0
singapore-hollandvillage,b28a0c3b-3db6-47a6-9188-032ace5acd2a,-2.8875015947558276,-2.391543111522128,0.49595848323369934,1,1,20,37.38728147772311,0
singapore-hollandvillage,24df4d10-fad3-4873-8f80-2bdca59dda18,-34.19706861098816,-34.60706786903045,0.4099992580422903,1,1,14,26.066857309796656,0
singapore-hollandvillage,992041e5-2503-4a06-bea8-eae4a7ae62f9,-88.42803063174708,-93.59078653750541,5.162755905758324,1,1,11,20.033694707873675,0
singapore-hollandvillage,57777d33-97ec-4b3b-96f1-c4ae677b18cc,-110.38902718582062,-118.27100653537464,7.881979349554009,1,1,10,18.858156509133064,0
singapore-hollandvillage,08ad7edf-d689-43f6-bb24-ed151b811b9f,-29.78037703503037,-54.35488703945462,24.574510004424248,1,1,8,14.673140110519334,0
singapore-hollandvillage,f721cf4a-f084-45b0-bb4a-e298f6b11d9b,-4.0314166698486366e-10,-1.8380774092970753e-07,1.8340459926272264e-07,1,1,4,6.540361949406256,0
singapore-hollandvillage,be9be12c-7426-4104-b911-fbdac421c7d9,-8.617275610543665,-9.040946347993264,0.4236707374495986,1,1,12,22.921446019348505,0
singapore-hollandvillage,b12d90e5-8264-4887-a12f-1e9ef15dc23f,0.5353776547640569,0.5353776547824787,1.8421772715036688e-11,1,1,12,23.033038312881057,0
singapore-hollandvillage,e1aed78e-9e88-4b67-8bae-5798af53624a,-0.03187648593927741,-0.10294735868323021,0.0710708727439528,1,1,10,18.193473485345432,0
singapore-hollandvillage,6d74b046-f06e-4ab0-ba87-40a4e05abb0c,82.4024519683978,90.01001816242861,7.607566194030811,1,1,7,13.538117146562069,0
singapore-hollandvillage,01791f3e-d627-4425-a17b-4dd7bda4732f,66.99838254569705,71.4716158783328,4.473233332635753,1,1,9,16.8609220105225,0
singapore-hollandvillage,80f22224-702d-4963-b582-04b542cadaf0,-87.33105914149439,-91.91963853471981,4.588579393225409,1,1,11,20.90673786142346,0
singapore-hollandvillage,baa86582-8dbc-4e5d-a006-656eea789213,-9.044578835775303,-10.00020446868998,0.9556256329146771,1,1,17,31.511450749132678,0
singapore-hollandvillage,a74e8665-5978-4fab-8568-e4fa190f96bd,-3.8896251845244145,-4.5990263138372995,0.709401129312885,1,1,9,16.218145601429505,0
singapore-hollandvillage,9d3aaa36-7ca9-48d9-8179-434c64abe57e,-49.59310102107007,-54.37837494940202,4.785273928331947,1,1,8,15.63157483290554,0
singapore-hollandvillage,0cc4daa4-126d-46e9-8607-7bb862b54b72,0.30644952075996396,0.4149259395915083,0.10847641883154437,1,1,6,11.35961167867127,0
singapore-hollandvillage,7f999633-6746-4e84-ad28-97373961a242,-0.45565487446438896,-0.45565487446041963,3.969332242466469e-12,1,1,11,20.998289844921196,0
singapore-hollandvillage,02e94337-0847-4a00-93ca-7e4b611d12c7,81.65501478652084,92.00004385538801,10.345029068867182,1,1,8,14.813761378185243,0
singapore-hollandvillage,0728fe6c-669d-443d-8734-9d54b0e280df,75.75858743687438,89.20188401981538,13.443296582941002,1,1,6,9.980407972836053,0
singapore-hollandvillage,1b1bd943-dbd4-4003-8aa0-0a7f49881f2e,1.3093554161674015,1.5480746049268423,0.2387191887594409,1,1,7,12.007555677836686,0
singapore-hollandvillage,ed52fbdb-5403-4c24-b657-e2fc2e8ca206,3.1839898435503793,3.3758406543725434,0.19185081082216415,1,1,13,24.237386642342386,0
singapore-hollandvillage,af3d5a0d-abd0-4a97-9c29-71b24c3353ba,0.43379123010196263,0.4337912301017591,2.0355549961366507e-13,1,1,8,14.904356727796829,0
singapore-hollandvillage,77edd035-87e7-4f17-9b12-f21ec01776e9,-0.026536920330509313,-0.0265369203252932,5.216109677600168e-12,1,1,13,25.279795936671597,0
singapore-hollandvillage,a90d0e17-6056-424a-a324-f2fef6c49d07,-53.63324428449985,-56.435972414467344,2.8027281299674915,1,1,13,24.89155141095479,0
singapore-hollandvillage,f4503cd8-96bf-40c6-bcf1-7e2400f76495,81.68788879385286,88.92303190380684,7.235143109953977,1,1,8,15.859710601102602,0
singapore-hollandvillage,015fdfa3-75a9-45bc-9875-83c581b4a4ff,81.86785862429625,90.56862233693988,8.700763712643639,1,1,10,19.675176126393332,0
singapore-hollandvillage,cd9bdb99-fb2d-41f6-9fc3-a1683c758931,-0.928481870773601,-1.0594911669543203,0.13100929618071933,1,1,8,15.567912868836766,0
singapore-hollandvillage,18e61f37-7b9a-4c86-bd63-455c341a9570,41.35886357867,45.791096960231044,4.432233381561048,1,1,11,21.69438445319003,0
singapore-hollandvillage,40bd6905-524c-4cfa-8e1d-ff7a3a14b4dc,-90.64055754466735,-90.64062927924128,7.173457393830038e-05,1,1,13,25.802768573664174,0
singapore-hollandvillage,d4ba7c46-5911-405f-9c03-88d0e333d720,-3.440072443006759,-3.4400724430136544,6.895442549412905e-12,1,1,12,23.202851174866517,0
singapore-hollandvillage,d94af81a-d1bb-4fe0-902e-3ddc91f17f7e,75.0046990792811,84.1668708061611,9.162171726879997,1,1,7,13.286141567075585,0
singapore-hollandvillage,c5468818-dee8-44d5-9f2e-8c8dc0f82f72,14.140017708457846,13.87236896899835,0.2676487394594945,1,1,17,31.234236165747234,0
singapore-hollandvillage,49ee1048-c35a-4d42-88ff-b559ddfc4ae1,0.6982700962809232,0.9014785498534913,0.20320845357256814,1,1,15,28.66242854053062,0
singapore-hollandvillage,667ae2cd-8edf-4caf-9f3c-d344bc0f3f3e,0.291979845242987,0.29197984524199466,9.923330606166172e-13,1,1,7,13.36694849497322,0
singapore-hollandvillage,28842c1e-b7d1-40cb-9285-89e1096efdd5,-0.0001302959093982532,-0.0001302959113574749,1.9592216837815263e-12,1,1,5,9.767714539947697,0
singapore-hollandvillage,c8c0e5b5-611c-432f-b0c1-f8206efad1d8,9.38520564213376,11.102386862005854,1.7171812198720944,1,1,7,12.130789449236877,0
singapore-hollandvillage,ac3057b6-067f-42b7-a734-0fb362821762,-6.61057171659107e-08,-2.6499375456563868e-05,2.643326973939796e-05,1,1,13,25.185495173141685,0
singapore-hollandvillage,51539bb2-e207-4d66-bc18-a46eb5b50be9,0.08835319989940978,0.08835319989251433,6.895442549412905e-12,1,1,7,12.310208197663254,0
singapore-hollandvillage,0789f1e3-3176-495d-bd88-29072932b9f4,-17.527442588776488,-18.735570014605354,1.2081274258288683,1,1,21,39.49242262837151,0
singapore-hollandvillage,49c71c05-36a3-4e4c-82e8-cec606ec6eb0,0.35468849595059987,0.35468849594932766,1.2722218725854068e-12,1,1,4,6.792966960469411,0
singapore-hollandvillage,6f9fc367-aaa8-45c1-9bf1-edbb44303ab5,1.2627599783118184,1.41705998995066,0.15430001163884147,1,1,8,15.448965885921725,0
singapore-hollandvillage,07d6e451-a00f-4928-8eb9-dbf9e6fdeedd,-84.94085949200642,-90.84878777663509,5.907928284628667,1,1,9,16.922665392397764,0
singapore-hollandvillage,3d7449c9-7ea9-4aec-8da7-4c7ff2d64f1c,1.487878338599144,1.4878783386028844,3.740332305401095e-12,1,1,9,17.792784095161988,0
singapore-hollandvillage,53f58a71-e6d9-4f4c-8256-873140ceddb6,47.328328075772475,54.17382052876043,6.845492452987949,1,1,6,10.042378350347692,0
singapore-hollandvillage,78479a6b-87df-4f02-b18a-241a4cfd0e97,-10.38968659213938,-11.912548846423533,1.5228622542841517,1,1,15,26.874035777898655,0
singapore-hollandvillage,ba629945-4841-4b59-b0e8-b37a80d59b60,9.099943632379354,5.641361986605536,3.4585816457738185,1,1,20,36.54937409772326,0
singapore-hollandvillage,8a868064-7c24-4f60-adb2-f6adcb965110,-88.8683723147596,-88.86853193172374,0.00015961696414235253,1,1,18,32.93469244737581,0
singapore-hollandvillage,f3bcb66b-45f1-4a96-a760-669472f5a588,-86.99213521899055,-91.20087673726538,4.208741518274822,1,1,13,24.437083330005635,0
singapore-hollandvillage,e5854f56-535d-439b-9309-4b7bae2fc0cb,48.72026069723003,54.679342082781396,5.959081385551358,1,1,9,17.04493852998644,0
singapore-hollandvillage,eaf1228e-282a-4c28-ac84-36b795b828ac,84.885879477494,91.40053573238812,6.5146562548941205,1,1,8,14.268602060939758,0
singapore-hollandvillage,1f958bda-2ecc-42ca-af0e-be0f0f070b4b,1.1860550586039857,1.2764202278089223,0.09036516920493656,1,1,12,22.33616846462621,0
singapore-hollandvillage,3ae993ef-300c-4b86-9c6f-167a1d8737e3,-83.86426057328367,-90.23867276176173,6.374412188478068,1,1,10,19.51420496806196,0
singapore-hollandvillage,f6467728-eb2e-40dd-9753-c43d59dcfe10,1.779091031895274,1.7790910318979456,2.671665932429354e-12,1,1,19,37.50546913335563,0
singapore-hollandvillage,e681966e-636f-496f-abbc-03fdfc8c3e7f,89.01179711097603,98.9446401750942,9.932843064118163,1,1,6,11.307486297323045,0
singapore-hollandvillage,d1255247-0fb9-4dfc-b3d8-75279f2c6209,-82.79398519657202,-91.31660594170033,8.522620745128298,1,1,9,17.331014366383897,0
singapore-hollandvillage,3cd26ef4-d4c3-4241-a2ef-3823e72ef958,85.54075524222914,90.61402408606097,5.073268843831829,1,1,11,21.670351282757522,0
singapore-hollandvillage,948632db-6b9e-491e-b73b-30e886a0becb,8.454281804382548,8.860413974230426,0.4061321698478773,1,1,12,23.31960815511467,0
singapore-hollandvillage,7d9d6d0a-b1e1-41d3-ab5b-50bded24b0df,-85.7619632551966,-94.43922642448649,8.677263169289894,1,1,15,27.33569833256283,0
singapore-hollandvillage,9a782d06-6ecb-4458-b12b-8a2f683b7039,-71.95150880733041,-75.42079498520496,3.469286177874545,1,1,14,27.411484799079343,0
singapore-hollandvillage,810e97ae-8eab-4553-9d4e-0dc344f5453b,1.3781726627156035,1.6102178553859021,0.2320451926702987,1,1,13,25.863673742337586,0
singapore-hollandvillage,a16137f8-9632-400b-adc3-d0410147171a,0.0,0.0,0.0,1,1,6,11.86772161245287,0
singapore-hollandvillage,fe32c77e-1c98-4efa-9391-64d01ae0c381,1.2528362157771664,1.4685768311582517,0.21574061538108513,1,1,6,11.610307122761148,0
singapore-hollandvillage,75c34a75-ab09-4d3e-ab76-2f0330cd0e21,68.47803218804485,82.78323495723669,14.305202769191844,1,1,5,9.291647755384409,0
singapore-hollandvillage,42970dba-5403-4ceb-8c1e-b9a4d4645c6e,74.24368490552811,84.66285475501714,10.419169849489016,1,1,6,11.695085179011881,0
singapore-hollandvillage,010e32f3-940f-4748-ae50-deb7e6e820d0,0.009914145194194209,0.009914145190835543,3.358665743625474e-12,1,1,10,19.669632208967954,0
singapore-hollandvillage,bfbb91fc-37f6-476c-8206-0cd1194a1a45,5.449781157763875,5.893631925833714,0.4438507680698398,1,1,10,19.301459711837403,0
singapore-hollandvillage,ed3ac551-0d9e-4bfb-a3a5-ad6d07d505cd,0.3353496605516776,1.489865055933982,1.1545153953823046,1,1,14,25.54971010432052,0
singapore-hollandvillage,e2b7504d-0f49-4684-bc47-ba08c732d877,1.4522660349715368,1.5502612498783899,0.09799521490685305,1,1,16,30.431246173874776,0
singapore-hollandvillage,87a6fe96-14c0-4792-8fed-204e9533804a,12.277972309787879,13.031183550873266,0.7532112410853871,1,1,15,27.747364603494887,0
singapore-hollandvillage,dd969699-60a8-44cf-8a3c-b7d84823e7ae,79.74441241361899,85.61265230403927,5.868239890420277,1,1,10,18.58980847826962,0
singapore-hollandvillage,69573a51-e9b0-4536-880a-ba5f77d7d4c7,77.23095613783491,90.7051591567509,13.474203018915984,1,1,5,9.76440018530096,0
singapore-hollandvillage,c83ca4dc-ad13-4a02-8832-129d53e40375,-17.171248678308803,-18.082615255709936,0.9113665774011296,1,1,12,22.971703322220375,0
singapore-hollandvillage,9d7e694b-6ab0-4327-a145-82c3c63373e9,-83.08065808885182,-87.9715910972592,4.890933008407377,1,1,10,19.248696968391695,0
singapore-hollandvillage,e3cf546e-f745-4969-8909-b4ff13d244c0,-86.66269939135613,-98.09854920110799,11.435849809751868,1,1,7,12.955554112344048,0
singapore-hollandvillage,7ce34450-bb80-4bbb-a42b-d27c0b4dcde6,0.4283860940979096,0.42838609409834216,4.325554366790383e-13,1,1,4,6.176804549319952,0
singapore-hollandvillage,85f06ecc-de45-4e7a-9a73-e5d9538df9d9,-3.994483783898409,-4.300007657091976,0.3055238731935668,1,1,9,16.97628235849159,0
singapore-hollandvillage,b4a7076f-fcbb-48cf-8ebe-19c4eafb1ec6,78.71333946889848,88.0551506927943,9.341811223895823,1,1,6,10.936460860784411,0
singapore-hollandvillage,78a6c389-3df7-481e-ba3e-0a71877f73d4,-73.98929213132301,-82.93996302523216,8.950670893909148,1,1,7,12.31524163546039,0
singapore-hollandvillage,211e7ceb-4c23-4e14-8857-ec71edb9fc10,84.93833603482238,89.9720724853676,5.033736450545221,1,1,11,21.433293813831963,0
singapore-hollandvillage,ddea21c2-a59e-41d2-81ec-b7a3d984f780,-1.4533736067804872,-1.6918194078346527,0.23844580105416543,1,1,7,13.73682447672064,0
singapore-hollandvillage,cceea3c8-5418-4d82-a56d-a6fbd6b661d9,126.05141710646373,134.53408764304731,8.482670536583573,1,1,9,16.36995913236837,0
singapore-hollandvillage,cd042a01-1cf1-45ee-a379-dd5efa656671,0.002601480308314921,0.0026014803067119213,1.6029995594576124e-12,1,1,9,16.77471904646173,0
singapore-hollandvillage,b1f516f9-ad49-49c5-b92f-f0d05dd5b0de,34.39204188007124,38.48945166465307,4.097409784581833,1,1,9,17.258871394713594,0
singapore-hollandvillage,dc57a085-c922-470e-a994-126ccd5980f8,1.7199953051258776,1.9207976982316006,0.20080239310572287,1,1,6,11.3448462388607,0
singapore-hollandvillage,46d8b079-5d33-4839-83d2-9da3b1899fbe,0.41088030221065075,0.6671626845861606,0.2562823823755099,1,1,15,28.71766692384507,0
singapore-hollandvillage,24a3383c-14ac-421d-854f-b3b143bcec2b,0.22981806882529893,0.22981806882300893,2.289999370653732e-12,1,1,11,20.449479915007462,0
singapore-hollandvillage,6c719863-eac2-4fc7-8867-56e0bfed277a,0.08707542166064361,0.08707542166232295,1.679332871812737e-12,1,1,13,25.190783020661318,0
singapore-hollandvillage,df0d6023-92df-4b0d-b589-22a4b7127fe9,85.1721417557502,94.55886300531068,9.38672124956048,1,1,6,10.799161368275284,0
singapore-hollandvillage,8e789fc7-7f1b-47ee-a2cd-c4815e112515,82.29793027052096,92.1292373098461,9.831307039325143,1,1,6,11.443986540415231,0
singapore-hollandvillage,f7c97ab9-08e6-4038-af44-4c540690a550,-85.25581236000237,-97.06536328592085,11.809550925918478,1,1,7,12.30671772773526,0
singapore-hollandvillage,91d6f5c5-c200-4d44-9731-0051a947d2df,8.740479775686146e-08,0.0001943187486801438,0.00019423134388238695,1,1,7,13.291539271962785,0
singapore-hollandvillage,80cfdfe1-19ca-4314-8b6e-1f8d2bcf1c9e,-72.89646481306337,-79.35258119247003,6.456116379406654,1,1,8,15.55029497947536,0
singapore-hollandvillage,0b25f78c-b460-45dc-8d0a-735a5d5cb762,-5.729222961859126,-6.63032858167538,0.9011056198162553,1,1,7,12.239038542687844,0
singapore-hollandvillage,b4f479bd-43cb-4b52-904e-b9be167fc788,99.84719365876495,105.87852423435793,6.0313305755929685,1,1,11,21.63320522945952,0
singapore-hollandvillage,89f196ce-57c8-4de1-89ee-742eac3e42f5,-0.2794550524268289,-0.27945505242769403,8.651108733580766e-13,1,1,11,20.919565107402466,0
singapore-hollandvillage,8d840030-cc70-4824-8513-504bd9816391,50.41907026732461,57.93065928497016,7.511589017645553,1,1,5,9.20498699425905,0
singapore-hollandvillage,420610b5-23d0-4f1b-bc95-2a789c6e6c2d,0.07798313645939252,0.07798313645654274,2.849776994591311e-12,1,1,10,18.928813017439335,0
singapore-hollandvillage,e90444d1-11b6-4c1b-a537-2a520c7c9dca,-0.14088837995149603,-0.14088837995879858,7.302553548640235e-12,1,1,21,41.574231511799205,0
singapore-hollandvillage,c44d5291-8ada-4680-9b1d-116baccd7b98,-49.73885075900672,-57.31973939141487,7.580888632408146,1,1,8,14.847345484463384,0
singapore-hollandvillage,cbddcef7-a018-4872-8d78-a361fa428016,0.3072847202703007,0.30728472027154746,1.2467774351336986e-12,1,1,11,20.719880166110354,0
singapore-hollandvillage,622ef955-5dec-43d1-8069-1ca9042e55d2,-5.646744826694918,-6.069186785738443,0.4224419590435255,1,1,12,22.346081330482495,0
singapore-hollandvillage,d8839787-4359-43a6-a156-916f84dea612,-0.3099729612345865,-0.6560678013719522,0.3460948401373657,1,1,20,36.70512851213508,0
singapore-hollandvillage,0723d1fa-08aa-4220-84f2-2c0e55461198,0.4304688659205834,0.43046886592065975,7.63333123551244e-14,1,1,9,16.332399547625602,0
singapore-hollandvillage,f144aff9-032f-40cb-a16c-7e0486c13d77,2.1297483639432806,2.3482660485029956,0.2185176845597153,1,1,14,27.455095931279196,0
singapore-hollandvillage,f47ad20f-ebfa-42bc-bb32-6e784850d3a2,-3.142459269710819e-07,-3.142510921918846e-07,5.1652208026967515e-12,1,1,3,4.736868612025277,0
singapore-hollandvillage,ff99064e-28c9-4547-b37f-eeb8ab5dba90,-142.45592702317936,-142.4560222106679,9.518748855265967e-05,1,1,18,34.61297413254291,0
singapore-hollandvillage,17294b1c-64dc-472a-926e-46bdd0089bbe,-0.7938510720551738,-0.7938510720585834,3.40955461852889e-12,1,1,8,14.93157807332153,0
singapore-hollandvillage,63e0ab46-3fa6-488e-b04c-52fa424bf7c6,-96.6373353438166,-97.11781881086041,0.48048346704381656,1,1,23,43.32328555871818,0
singapore-hollandvillage,d06ce7e1-9b7b-4d6f-b213-33c4a108fdfa,11.087337977680273,11.626568726630088,0.5392307489498163,1,1,12,23.06626990026121,0
singapore-hollandvillage,83b841fd-b1f2-4f2c-a99c-258b79afe3c2,-2.3847375988494735,-2.4950062326047733,0.11026863375529988,1,1,14,27.51207317088214,0
singapore-hollandvillage,85dad6af-5b48-46e9-8e34-3f5cd4ae8a55,-80.31865049825763,-88.94839576552008,8.62974526726245,1,1,9,17.157139918095424,0
singapore-hollandvillage,56b4ecdb-707f-454e-8440-af46dc67c0b0,-102.0930292469498,-106.3332491490623,4.240219902112496,1,1,15,27.076227179661984,0
singapore-hollandvillage,fcd8653a-88e5-4cce-9c30-71c15fd4cc82,-1.1483831370045026,-1.1483831370063855,1.8828883714264018e-12,1,1,6,11.297393176641478,0
singapore-hollandvillage,d76e69b1-7a73-472c-a234-ff708c73be49,-14.805271489138317,-16.315764790330785,1.5104933011924706,1,1,14,25.927979491477775,0
singapore-hollandvillage,b25a7caf-54a5-4051-af90-53d3d8feac59,-20.470056191961632,-21.127843663287177,0.6577874713255456,1,1,23,43.10956894254093,0
singapore-hollandvillage,fd83a873-ba0d-496f-b1b7-e55d701fc886,-0.30067415410036796,-0.30067415409983367,5.343331864858708e-13,1,1,7,13.516636243651984,0
singapore-hollandvillage,4e2acc87-2c0e-4ddf-9da8-4ba5b70a1f03,-102.58082193073402,-102.58089065391307,6.872317906768107e-05,1,1,12,22.174586868320613,0
singapore-hollandvillage,d3365ff0-c05a-4594-a747-461895b72ea9,-9.484755443717395,-10.184875894361637,0.7001204506442419,1,1,11,20.71347310061788,0
singapore-hollandvillage,ef1009a2-b49b-45c6-844e-136b0d0d5184,-0.14936336613816878,-0.14936336613567525,2.493554870267397e-12,1,1,4,7.781277701141667,0
singapore-hollandvillage,b179ef4a-202e-408b-bf18-b1f9184e0159,77.2847573887775,87.37549930940563,10.09074192062813,1,1,6,11.649024922430899,0
singapore-hollandvillage,f432cca7-59e7-4e35-8427-f4a90f40670a,-26.396050244756346,-28.613570595278436,2.2175203505220917,1,1,10,19.85233643177832,0
singapore-hollandvillage,b9158a7f-6375-44e3-acf6-e18be98d44da,0.11501483755105903,0.21314208419884306,0.09812724664778404,1,1,10,19.201397476431005,0
singapore-hollandvillage,bffd5ff9-ad60-40c8-8250-d98a56bef53f,-0.0017524816861329258,-0.03005110586104392,0.02829862417491099,1,1,11,20.490085661789486,0
singapore-hollandvillage,bf603aba-d749-4879-ada0-6e6a3bf2fca1,19.804596271419015,22.685833682791834,2.88123741137282,1,1,5,8.728789632375177,0
singapore-hollandvillage,744a3e0f-9d3c-46dc-8cd2-3b1501641a10,79.25713876444972,84.16286597210174,4.905727207652028,1,1,10,19.49114618544107,0
singapore-hollandvillage,516c7bac-9192-4b75-b28d-1b8d001b7093,0.3221534697679211,0.32215346976234877,5.572331801924081e-12,1,1,8,14.94802512753694,0
singapore-hollandvillage,74208218-5e60-4539-b3ff-e6b64b49b799,-0.06581280182625791,-0.06581280182317914,3.078776931656684e-12,1,1,11,21.727668149935525,0
singapore-hollandvillage,56d49fe3-58fc-4c54-ae12-3357891bf57c,0.18293569966052187,0.18293569965507675,5.4451096146655405e-12,1,1,19,36.173828217295146,0
singapore-hollandvillage,5ca54089-999f-491e-871c-2e7143b28fc2,-84.30022414350984,-90.37245317827305,6.072229034763222,1,1,9,17.830550540233855,0
singapore-hollandvillage,ba692814-93c5-4762-aac8-bf82dff4c946,0.2089778544696665,0.20897785446775816,1.90833280887811e-12,1,1,6,11.430051340306125,0
singapore-hollandvillage,a1256eac-d9a9-46a3-90cd-7fa40f6baf3b,-0.7504314514713695,-0.7504314514718529,4.834443115824545e-13,1,1,10,19.182536092424666,0
singapore-hollandvillage,ba00d68d-ec8f-438f-8a1e-e46788c3cf45,0.13557812080302614,0.16522121942677126,0.029643098623745118,1,1,7,12.697065936189833,0
singapore-hollandvillage,75ab432c-0828-4229-97f1-9fe413d471c5,78.4691189505351,84.61435803108375,6.145239080548644,1,1,9,17.04692541592214,0
singapore-hollandvillage,57223a2a-a01b-4dc0-a841-081407b9116f,82.31844006179574,91.84350710094988,9.525067039154132,1,1,6,10.651681368757325,0
singapore-hollandvillage,c4594861-82c1-457b-be32-edf00903089b,102.98891738886817,112.06040630043675,9.071488911568576,1,1,8,14.59081137158505,0
singapore-hollandvillage,feec5ac2-9655-4baa-befb-f1294c7107e1,22.67832657382337,24.520792317365395,1.8424657435420217,1,1,20,37.54211687332359,0
singapore-hollandvillage,0820a3ed-8641-4008-a556-1649e49e6d9a,-1.0259700685796858,-1.025970068581136,1.4503329347473637e-12,1,1,7,13.351305257510804,0
singapore-hollandvillage,8100ebdf-4db4-45a2-b1cf-0f553381929c,-1.9848189121709423,-2.1551802858793665,0.17036137370842422,1,1,15,28.75549175241342,0
singapore-hollandvillage,4f57768e-c030-443a-a57c-7c48b69c4b18,37.75070254435801,41.979581138768296,4.2288785944102845,1,1,7,12.859733823985827,0
singapore-hollandvillage,3ad52503-b53c-4b0b-ba4e-9d246819ac5a,-2.226925414610587,-2.2269254146059816,4.605443178759172e-12,1,1,17,32.99586659594397,0
singapore-hollandvillage,d6b11b32-b144-42a6-ac95-6ec24da869e7,-0.3062022605586739,-0.3062022605566129,2.060999433588359e-12,1,1,9,16.433490997195882,0
singapore-hollandvillage,d42d8861-56a1-4421-a212-c0692e625e84,-1.5604264232357088,-1.8538328636479189,0.29340644041221015,1,1,9,17.652430308843993,0
singapore-hollandvillage,2b1d4aa8-b78c-48fc-977a-d2661cf128db,30.66182183976679,33.58213000502583,2.920308165259044,1,1,7,13.307119506903092,0
singapore-hollandvillage,7e908f62-6372-4164-bc28-92ca7a50c6cd,-10.125122851370374,-11.332872369423452,1.2077495180530782,1,1,18,33.821098571842654,0
singapore-hollandvillage,c6f74d9e-ae6f-4452-a5ff-ecd9b1d8fc7e,86.24614378606205,98.26356868998613,12.01742490392408,1,1,6,10.88563544479835,0
singapore-hollandvillage,cb56cfc5-b77f-47ee-a2fe-0eb03cc4ba7a,76.2660199076466,85.48499963859317,9.218979730946574,1,1,7,13.365180010417836,0
singapore-hollandvillage,467031fe-c74a-4a7b-91cd-1cc1657361d7,-1.1606235476298892,-1.1606235476196605,1.022866385558667e-11,1,1,20,39.70615753325435,0
singapore-hollandvillage,22e74993-515c-4191-8d35-5d8b4bd0f3b9,0.12436385765218526,0.2538174340475377,0.12945357639535243,1,1,8,14.719783886328251,0
singapore-hollandvillage,a57c6323-08be-41a6-9a65-3cbd77d9c557,3.114072670441339,3.277435150540726,0.16336248009938725,1,1,14,26.10035677446191,0
singapore-hollandvillage,35cfc1df-2dc3-47e1-9b0c-d8a89719bca2,-0.21308073295748062,-0.21308073295419827,3.2823324312703493e-12,1,1,9,16.227612817425555,0
singapore-hollandvillage,e3ad7a34-3389-487f-9f9b-18dab423702e,73.77521566962892,78.10116532190168,4.325949652272757,1,1,10,18.790446437406924,0
singapore-hollandvillage,492b0199-8037-41d8-9d4a-098b906deb76,-0.3940577383540266,-0.9912538764479807,0.5971961380939541,1,1,9,16.344243637639217,0
singapore-hollandvillage,be064928-3392-4913-8b26-d05f53284f64,-0.09804478158067306,-0.09804478158398083,3.3077768687220575e-12,1,1,6,10.918315038272112,0
singapore-hollandvillage,7bf04b34-2722-4a74-a76d-90a4bc6ce803,54.9034401542793,67.70054946400127,12.797109309721968,1,1,4,7.85150169772923,0
singapore-hollandvillage,3148cc83-a69c-48f5-940c-9ab7f1392b38,85.16145324001495,100.9983337380542,15.836880498039251,1,1,6,10.305900699377737,0
singapore-hollandvillage,6474c953-feae-4528-b721-00dc0d4a4ca7,-43.94994689182245,-47.41442378508207,3.4644768932596244,1,1,10,18.902324432910287,0
singapore-hollandvillage,37f8a30b-0d28-42b4-b5e7-db19b3763a00,-55.75560990611001,-61.11272909482103,5.3571191887110166,1,1,11,20.11680952185008,0
singapore-hollandvillage,36f858ff-0be3-435f-a2b0-5d4d9dcd5d07,-0.3703059114941616,-0.3703059114862992,7.862331172577813e-12,1,1,4,7.03526659155573,0
singapore-hollandvillage,3b4e9ec3-120c-45a3-aa51-d7739c0aa726,-98.55227946948224,-98.5524146179781,0.00013514849584831374,1,1,12,22.68012407326477,0
singapore-hollandvillage,4c7d3af4-3380-431c-93f1-5dd0b3fe2437,-80.2174856884432,-80.21750596893297,2.028048976143928e-05,1,1,17,31.97245707988956,0
singapore-hollandvillage,29cb4985-7562-4a7b-9f22-765c377910e5,31.60866887210712,36.25124086353851,4.6425719914313905,1,1,7,12.64143138420744,0
singapore-hollandvillage,6e0ece4b-41e4-4068-bea9-abf9e57e16cc,-85.18846767937596,-89.86989231381688,4.681424634440912,1,1,13,25.69166728507196,0
singapore-hollandvillage,f85baaf6-3479-4a15-a5d6-1a9f32030c11,88.36236456241284,95.93575607392592,7.5733915115130745,1,1,8,14.72379365164853,0
singapore-hollandvillage,578a5af6-f413-478e-ae03-9a884ee8178d,-102.22002187553792,-106.2123941983199,3.9923723227819723,1,1,18,33.3937484156511,0
singapore-hollandvillage,00d01ead-32d3-498e-951e-ff090818c4c0,55.983500664834935,61.48320248956231,5.499701824727373,1,1,7,12.013950745422513,0
singapore-hollandvillage,f5fbd6a4-789c-467a-a591-6dd664dfa09c,-81.33612567847923,-87.45728195236337,6.121156273884146,1,1,11,21.468397563506375,0
singapore-hollandvillage,0e301a8e-9ab9-43ed-bf94-cf14942dd8b6,-6.472232892030987,-6.75617497365417,0.28394208162318274,1,1,13,25.617616787031153,0
singapore-hollandvillage,402f3afe-11ca-4599-9826-9a72c4d41e2b,76.58105939155362,85.79404401550606,9.212984623952444,1,1,6,10.52262282814122,0
singapore-hollandvillage,c11a61a7-0896-4bf8-99a2-c70f81885360,82.74143577752831,91.90515260367334,9.163716826145034,1,1,6,11.311553381505288,0
singapore-hollandvillage,47ce9e07-c496-4128-a915-2ca1ade9d253,53.79711797710903,61.354029849536005,7.556911872426976,1,1,5,9.075970498549374,0
singapore-hollandvillage,7c873280-40ae-492f-97c4-d5f7d49ab853,27.448456945466976,31.89469221928864,4.446235273821664,1,1,6,10.358916545788139,0
singapore-hollandvillage,8c87dda2-cd8f-4f69-b8c3-ed43c6161187,64.8713451047731,68.88842990415374,4.0170847993806404,1,1,17,31.29688311106751,0
singapore-hollandvillage,9b025299-c4c3-4fa6-b6c9-13ec7eda95e2,-96.00554339150774,-109.77537889735191,13.769835505844162,1,1,6,11.611475165011722,0
singapore-hollandvillage,a5fb7b7a-b1f8-49fe-953c-f899341e7cfe,78.44873317239004,84.69491645706441,6.246183284674365,1,1,9,16.69665710722651,0
singapore-hollandvillage,5612075e-401b-4051-a510-6b4577dc50d9,-5.490713745553782,-5.989401900042989,0.4986881544892071,1,1,7,13.149949573636553,0
singapore-hollandvillage,3bd43540-6d3d-4172-8eee-47c04486e031,-3.2103807090940104,-3.3692292070438543,0.15884849794984418,1,1,20,37.68577148519351,0
singapore-hollandvillage,27c242e0-1fe3-4e4d-bf0d-0a964506cce5,20.106684604188537,20.07195291908054,0.03473168510799469,1,1,29,53.536488850072836,0
singapore-hollandvillage,2dff4bca-33f1-4521-bdfa-7610762900a4,-0.21517923622878546,-0.4836774052606091,0.2684981690318236,1,1,15,26.88425448184117,0
singapore-hollandvillage,2bd86426-99e4-4dee-b374-efee83197e87,-3.153496246392522,-3.4615308860706344,0.30803463967811234,1,1,8,14.814274926618802,0
singapore-hollandvillage,484791d3-293a-4ca3-87f3-74b3eb489d94,-106.55702149503342,-106.55716843310414,0.00014693807070336942,1,1,19,36.219898525272576,0
singapore-hollandvillage,ee4ff271-ed82-4b54-9382-453fb740c650,-99.30527193175779,-107.77946910657069,8.47419717481289,1,1,9,16.976452981240932,0
singapore-hollandvillage,9c866231-89b1-44ff-9671-0ba93a9c0cc2,69.70864111907451,81.60490084316037,11.896259724085857,1,1,5,9.46967359577988,0
singapore-hollandvillage,11919215-61ff-437f-8e06-925b2d10653a,0.637382238657465,0.6373822386584828,1.0177774980683254e-12,1,1,15,29.979356837383698,0
singapore-hollandvillage,f0e17c07-fd11-4b97-b27d-6bc5b8be4046,85.56431883495178,96.34335326411409,10.779034429162307,1,1,8,15.106998444385361,0
singapore-hollandvillage,6900b876-dd47-4b44-84f7-070ca4ca3ed0,73.63468116762425,89.54081310233718,15.906131934712933,1,1,5,9.496319729029679,0
singapore-hollandvillage,71e78aa5-2861-41aa-a5de-a00a1c01acb3,-6.423406737499274,-7.407258305190781,0.9838515676915066,1,1,7,12.196869196893273,0
singapore-hollandvillage,ffd6cedd-695c-416f-9146-77c6231ffe1a,0.7188722124834426,0.8580702334995054,0.13919802101606285,1,1,19,35.931858871735265,0
singapore-hollandvillage,5fdb2290-6d46-472d-a8d8-24b65edb03b7,66.19701673788794,77.4923632316727,11.295346493784757,1,1,6,10.15443718449828,0
singapore-hollandvillage,c7f4088b-2614-4960-ae75-49b58bc743d7,-95.05306361468857,-103.94904825672836,8.8959846420398,1,1,8,14.191208683705591,0
singapore-hollandvillage,c635efea-8184-4c89-b55e-bdf81d45802c,-108.65148264870112,-117.25624187275793,8.604759224056808,1,1,11,21.40126849433721,0
singapore-hollandvillage,be16095a-77de-479a-a804-9e4c9ac8f71f,0.6513968752315853,0.6513968752288881,2.697110369881062e-12,1,1,5,9.121397951093877,0
singapore-hollandvillage,2e9cbd9f-061a-4600-9dfd-df50f2a68929,-83.12679478019695,-92.23279189735834,9.105997117161397,1,1,7,12.041505387522113,0
singapore-hollandvillage,31580ebb-fb97-4b62-8833-a85179d83266,-0.349918213579575,-0.4514877580765312,0.1015695444969562,1,1,16,30.694584587491686,0
singapore-hollandvillage,8ffdd52e-1c77-4e23-ab41-18847dac9eb9,2.2424327998482947,2.2424327998467932,1.50122180965078e-12,1,1,8,14.745808730819952,0
singapore-hollandvillage,5dc12651-5dce-41b1-b101-d40dcbf6a296,-8.14952904579225,-9.307134937616778,1.15760589182453,1,1,8,14.994784479537836,0
singapore-hollandvillage,1bcb5ccc-2a3a-4347-8b78-b465c355acd5,0.34371018880021165,0.39316529551685875,0.049455106716647074,1,1,5,8.498170721673922,0
singapore-hollandvillage,ee17c1c4-a05b-4a4e-9ed3-b14e63115d73,0.6798847064063425,0.7936533703081582,0.11376866390181573,1,1,11,20.072496732277195,0
singapore-hollandvillage,a75c3979-ce20-496f-9a10-c477e38e4a60,74.99287423990612,92.57126078697782,17.578386547071695,1,1,5,9.053772145304999,0
singapore-hollandvillage,d660f4c4-ba6e-47a0-b054-97205d523298,0.05745038352671782,0.9707968747141467,0.9133464911874288,1,1,11,21.37845515974021,0
singapore-hollandvillage,d28c6225-8469-4422-af78-13e5284dd5d9,12.276055865509282,14.022970775410052,1.7469149099007717,1,1,16,29.88241993220099,0
singapore-hollandvillage,5d846a6a-4a2c-49c5-a9fa-55ba65395ac9,-6.128481756345724,-9.0675773894416,2.9390956330958766,1,1,16,28.45674727890771,0
singapore-hollandvillage,cff7694f-8976-46c6-a8e2-4625f4c6eee1,-96.9240151737367,-102.2636353597896,5.339620186052905,1,1,12,22.34310952288014,0
singapore-hollandvillage,9d4927a3-0561-4c6e-bdf8-85c7cbad85d0,-93.32065297525874,-102.53432045348508,9.213667478226354,1,1,7,13.874675956552222,0
singapore-hollandvillage,ca65090b-17a0-41ae-9e39-6e2f80f10798,-1.7386715176018461,-1.8791098475802397,0.14043832997839367,1,1,10,19.125354739570845,0
singapore-hollandvillage,84be49e8-7d2c-4d09-bd7d-68b7a62a2afb,-0.3959194428310416,-0.39591944282994745,1.0941108104234498e-12,1,1,11,21.77149631231891,0
singapore-hollandvillage,f610019f-0d4c-47f7-b4da-6f6d86091a0b,-0.5445592343200926,-0.5445592343199145,1.7811106216195694e-13,1,1,8,15.261621732303295,0
singapore-hollandvillage,b57773bc-32a3-42e9-a50b-98aae0c6ba96,0.0015779578861792151,0.18876567975734773,0.1871877218711685,1,1,5,9.257390322355228,0
singapore-hollandvillage,d83df1c3-7184-4996-b489-56dbaca802fb,78.97527424321947,87.9403232853377,8.96504904211822,1,1,6,10.938491864996989,0
singapore-hollandvillage,a3a7fbb1-73a9-4846-8690-4fa35cd561f5,80.4892480755876,89.48175205456752,8.99250397897992,1,1,6,10.088747690203355,0
singapore-hollandvillage,d2127477-00fb-4e50-8790-fbe631aa81b1,1.508951558606373,1.508951558607798,1.4248884972956555e-12,1,1,11,21.262234446522566,0
singapore-hollandvillage,86ed4f74-ad18-490a-9cd8-8c3a2c2cbaab,40.39758396435476,43.75196504944789,3.3543810850931353,1,1,9,16.43916824471803,0
singapore-hollandvillage,d71740ca-c0c5-44d4-af3a-a2b87bbc442f,-85.16242382574475,-88.87979228038121,3.7173684546364476,1,1,16,28.812212360754856,0
singapore-hollandvillage,8fd4b419-2993-4320-a1c0-c5d81267e396,-55.78884949038631,-55.788911814284425,6.23238981123556e-05,1,1,10,17.90930043129282,0
singapore-hollandvillage,0348f6a4-165f-44ec-9396-c50f0ccf7efe,1.5459380406532135,1.6205310602284988,0.07459301957528534,1,1,13,24.988785589545596,0
singapore-hollandvillage,0a51828c-a279-47b0-9d11-c10a24c73e1a,1.9136381384019812,2.061523954071615,0.14788581566963346,1,1,10,19.260657360456026,0
singapore-hollandvillage,25599af8-adc8-47c9-bed8-022193288b4e,-86.8030840009003,-92.62235801251403,5.8192740116137305,1,1,9,17.618922416816012,0
singapore-hollandvillage,b9548f21-a426-468c-b1a8-ca447bca72c3,-38.90155236444078,-41.568036163626594,2.6664837991858104,1,1,11,21.1001672174059,0
singapore-hollandvillage,d3d86aad-d015-4101-b3cb-055dfc58f2f7,42.15916458490859,50.61944173043052,8.460277145521937,1,1,5,8.619726388134671,0
singapore-hollandvillage,fd1a1534-0d50-46e6-927b-9fcaaaf6cd28,0.39165129952455424,0.3916512995230276,1.526666247102488e-12,1,1,5,8.662505776606197,0
singapore-hollandvillage,4a147d9a-86ea-4201-9641-67493918e85b,-78.66040077410256,-80.35407489904472,1.693674124942157,1,1,16,28.77437859598923,0
singapore-hollandvillage,cb962fb2-f68a-403a-86c2-ef47ecf24501,9.136917910017191,9.56462102912965,0.42770311911245984,1,1,13,25.148140864869898,0
singapore-hollandvillage,d4eb2b36-3527-42e5-af61-28c7f225300f,-0.6262146958145562,-0.6262146958157268,1.1704441227785741e-12,1,1,14,26.11475189397759,0
singapore-hollandvillage,1ca3adf1-9c4b-455d-ae94-627c8ca545db,-0.34494996063125666,-0.1866383814428311,0.15831157918842556,1,1,16,30.7064844767928,0
singapore-hollandvillage,5972e566-f682-4087-9498-d48d7aa39d71,74.01873324182387,83.18141055547471,9.162677313650848,1,1,13,24.474442477467996,0
singapore-hollandvillage,d55c7562-6ddb-4ac5-bcbd-f7b2834900da,1.8968675453623702e-08,6.556720549390652e-06,6.537751873937027e-06,1,1,6,10.232588315572553,0
singapore-hollandvillage,14398de9-3f77-4a67-aa7a-c187adb4941c,0.7136437866164473,0.7136437866228847,6.437442675282158e-12,1,1,16,30.86691017297268,0
singapore-hollandvillage,d3d30b6a-ff2a-48d3-9058-83d4fe2ced0d,-88.78990876477162,-93.75305057186235,4.963141807090711,1,1,17,32.344893556244955,0
singapore-hollandvillage,aa90bb3b-7a9c-474a-94eb-e8e99e9946b3,0.43548441294037454,0.43548441293866974,1.704777309264445e-12,1,1,17,33.154528099425285,0
singapore-hollandvillage,7a96caf9-5a5e-4d9d-93fe-c6475a2e246f,78.97722551715185,88.46798783464243,9.490762317490582,1,1,7,12.246307290920383,0
singapore-hollandvillage,afa197da-4331-4c88-8ef3-3e4009aa2b37,-0.3870880598543377,-0.38708805984996125,4.376443241693799e-12,1,1,12,23.656261218806783,0
singapore-hollandvillage,1ceb8aaf-4ad6-44be-9eb0-b5bb037cf4aa,75.06225049467956,90.2693021202658,15.20705162558624,1,1,5,9.579839008547347,0
singapore-hollandvillage,6ce00baf-cb60-49e5-a4d3-b8e51ea8cc11,0.054382363792018246,0.054382363789601026,2.4172215579122727e-12,1,1,9,16.75309234503605,0
singapore-hollandvillage,ab154484-d1d4-44ce-84c4-4696bce266f3,-81.49745729977582,-91.35372094180397,9.856263642028146,1,1,8,14.22572773026806,0
singapore-hollandvillage,01217ce0-cb26-4814-a63c-ac03460fb8a8,-1.2138848934602922,-1.213884893460623,3.3077768687220577e-13,1,1,8,14.44744158420899,0
singapore-hollandvillage,e589f355-4c1f-4f60-a4c0-5545c01034e3,-92.97069227055931,-96.66120634153974,3.690514070980435,1,1,20,36.72824598323432,0
singapore-hollandvillage,30eeebcb-cdd6-4592-94d2-ca5e782c7053,0.4081150876099581,0.5020103199792998,0.09389523236934172,1,1,13,24.0955202903686,0
singapore-hollandvillage,07409ca4-b7fe-4b60-8706-4923cb9b10c0,-104.24127094108496,-112.73227329172927,8.49100235064432,1,1,11,18.80960528810199,0
singapore-hollandvillage,1c295a20-ef85-4269-adc9-ada8df15b400,-4.2052977803220655,-4.503902115655283,0.2986043353332165,1,1,9,16.265621582495335,0
singapore-hollandvillage,6f0cbb4c-434f-42ed-a8ec-f021b35fb736,-0.3661296363706617,-0.4962684320573067,0.130138795686645,1,1,15,27.670073568740886,0
singapore-hollandvillage,02ac8726-0cfb-44e0-93f9-a3c80c161536,8.092286717535922,8.855570935892258,0.7632842183563372,1,1,7,13.089433179556318,0
singapore-hollandvillage,259a82f1-f382-497b-b993-10f75aa8207c,18.900633738272926,19.73573017256433,0.8350964342914058,1,1,19,34.59473350752709,0
singapore-hollandvillage,fd8801e3-2e85-40c6-bc14-594632a335a7,-81.95500723415938,-87.10664861294504,5.151641378785651,1,1,11,20.454888563515496,0
singapore-hollandvillage,28ea99a1-cee1-4f9b-a0c9-0c17e9c431b9,-0.002569602158673239,-0.0040136270744361964,0.0014440249157629571,1,1,7,13.545193085272215,0
singapore-hollandvillage,82c5f3a2-bcb6-4c37-9f28-0ae8ae3f8325,-1.4828158017066895,-1.5395200529279576,0.05670425122126816,1,1,15,28.72181869950885,0
singapore-hollandvillage,cef2f86e-bfe0-49e8-98af-9c4333a40ef6,62.27951091278265,68.7563970743989,6.476886161616254,1,1,17,32.12985027785642,0
singapore-hollandvillage,a5594652-406c-4b5c-8008-1dee4d0c47df,7.108416032248902,7.684727772122492,0.5763117398735894,1,1,9,16.431480235444752,0
singapore-hollandvillage,85118d8c-76aa-4a32-b01a-00dd92dbbc6c,-84.90759845480385,-90.98211705947708,6.07451860467322,1,1,12,23.754505481756507,0
singapore-hollandvillage,cd97d572-2a84-451c-b2ae-6b65c2b629f2,-98.43303276950057,-95.97087687218065,2.462155897319915,1,1,25,46.422039204046406,0
singapore-hollandvillage,4c804fb2-cfd4-465c-b5e9-6274eea1f664,-40.754015482922455,-45.18025195911442,4.426236476191966,1,1,11,20.97359059533677,0
singapore-hollandvillage,a59ad826-df4c-4c22-a586-dc1810c428c9,0.7521029641165232,0.7521029641202381,3.714887867949387e-12,1,1,4,7.164200819988018,0
singapore-hollandvillage,966968b4-6c11-461b-a319-a46e5f23df0b,0.669894905646124,0.6698949056448772,1.2467774351336986e-12,1,1,15,28.080588972096386,0
singapore-hollandvillage,502a838e-ba09-449b-8664-a658f271903c,105.3978492660608,115.3544334084248,9.956584142363988,1,1,9,17.052058622428966,0
singapore-hollandvillage,f4af0758-0cc6-49fd-99ca-ecfad9043bff,-85.86935385094117,-91.96647471651302,6.097120865571864,1,1,9,16.09434476151547,0
singapore-hollandvillage,96af7b71-1445-454f-9336-d547eadb7f5e,0.20030619049904436,0.20030619049789936,1.144999685326866e-12,1,1,5,8.713586025116397,0
singapore-hollandvillage,1bdb386c-665f-4466-8eab-830e2ad106f2,1.69147476255213,1.923849165808484,0.232374403256354,1,1,9,16.161198227490907,0
singapore-hollandvillage,8a6cc609-4038-4c22-9b81-8ca344bb014e,87.21690012420038,98.61827260954486,11.401372485344485,1,1,6,11.231264478520064,0
singapore-hollandvillage,0e2d7e05-c40e-495e-a40f-2ab6fd4686fb,2.6019543296415746,2.6019543296383176,3.256887993818641e-12,1,1,3,4.739671997390612,0
singapore-hollandvillage,bb1c8742-e088-49b7-8488-3d86f2499ad2,-9.692972830560766,-10.685492934477075,0.9925201039163085,1,1,15,28.28679723113192,0
singapore-hollandvillage,f414cc79-8ef8-443d-825b-2f22de03a49c,-86.33699069426848,-91.60236666097845,5.265375966709962,1,1,10,18.331245215720998,0
singapore-hollandvillage,7ef7b720-ba83-4929-a3cc-ffe5045da52b,0.9168364721840303,0.9168364721832161,8.142219984546603e-13,1,1,6,10.399649814586196,0
singapore-hollandvillage,1c970793-c9e4-4c83-a626-c24bd3d9ece1,0.08663594029717255,0.14869873171767992,0.06206279142050737,1,1,18,32.456003595661365,0
singapore-hollandvillage,8496cce5-4ecb-4998-b552-ffda1c172d6b,0.00017463669562501767,0.006390568623051595,0.0062159319274265774,1,1,10,19.81112030382332,0
singapore-hollandvillage,73c522de-cf55-4b00-8e62-f5b731c15256,-95.937846217343,-95.93791164182366,6.542448067246402e-05,1,1,20,38.725834875954405,0
singapore-hollandvillage,e5274c34-8ba5-450c-8bd8-bf882a2195d7,0.2367679285289967,0.24091641953688586,0.004148491007889159,1,1,7,12.500418335201585,0
singapore-hollandvillage,b45a6d02-2452-4144-ae5f-3cc079f57f18,-53.6772733613702,-54.256413601416554,0.5791402400463582,1,1,19,36.99891944028539,0
singapore-hollandvillage,b5fa290c-b908-41ba-bbe6-1744492859de,1.6072254198055302,1.731869960030691,0.1246445402251608,1,1,13,25.83323820165112,0
singapore-hollandvillage,6b1a3447-c2e2-48d9-b128-a9f34622d951,55.34057955090214,61.80390307001303,6.463323519110888,1,1,16,29.855858555926115,0
singapore-hollandvillage,6119807e-8b31-41c1-bcb9-4b4293bc7ac7,-4.766547102722343,-5.168086976903603,0.4015398741812601,1,1,11,21.256028581642084,0
singapore-hollandvillage,e60471b4-53bc-48b1-b1cb-81d970f35ea1,3.097256184828445,3.4968941389792674,0.3996379541508226,1,1,10,19.650218420477277,0
singapore-hollandvillage,78f1976b-e5c9-4d52-9dc1-936b047a5b70,-0.6599493282545519,-0.659949328240761,1.379088509882581e-11,1,1,14,27.673511582645293,0
singapore-hollandvillage,21afca90-e2e7-4306-b784-f9fcfcacf432,-15.857255012595344,-16.454104898561113,0.5968498859657673,1,1,16,30.006873724821325,0
singapore-hollandvillage,99465b2b-f41d-400a-b38e-313e53114d76,69.24416890138102,83.70909950172793,14.464930600346916,1,1,5,8.980589008276485,0
singapore-hollandvillage,0ce5bfa4-6725-4274-9af5-7d88035644a0,71.71364394947032,79.59935104017131,7.885707090700987,1,1,6,10.529438403005294,0
singapore-hollandvillage,8b283661-1cf1-4e28-9a3b-36bbab0daa58,-83.39894942780984,-90.46053773042719,7.0615883026173485,1,1,10,18.240285566719,0
singapore-hollandvillage,24986bd0-d733-4484-b686-03d79cf5f2f0,-17.561141035395792,-19.095501398182755,1.534360362786962,1,1,20,37.87596323484606,0
singapore-hollandvillage,8cdea9cc-86f1-4ec6-a38d-8c3bc6c2ed70,-6.922694783620806,-6.7172645516390785,0.20543023198172794,1,1,19,36.32545559414016,0
singapore-hollandvillage,aa244831-a017-40c0-bd91-141ab2925dec,-8.72008021770177,-10.558273739669461,1.838193521967691,1,1,5,8.632049791192317,0
singapore-hollandvillage,cacfe66b-7994-4cd6-8f8a-a10f662ac8a8,41.60279953184928,45.86278282911794,4.259983297268659,1,1,7,12.56376488057496,0
singapore-hollandvillage,91a0de69-934c-4004-9050-d8bdf804bb21,-15.939863154836953,-16.706904331537867,0.7670411767009135,1,1,12,22.142885365383787,0
singapore-hollandvillage,d9b4e148-f180-4ef0-91e4-a616c0196c0f,6.807777816371923e-05,6.807777465238687e-05,3.5113323683357224e-12,1,1,5,8.368058770759928,0
singapore-hollandvillage,405f67b9-bd39-498d-bf8a-1fea39f47616,-7.300407259452308e-06,-7.300407310341183e-06,5.088887490341627e-14,1,1,7,13.658609744942577,0
singapore-hollandvillage,0f6e608c-bc48-4e6e-aedb-cab326701c83,-90.77077708890305,-90.92006190145034,0.14928481254730586,1,1,17,31.140015254455317,0
singapore-hollandvillage,5bf030e9-b99c-49a7-9874-6a14f9c37f47,-67.0208568562769,-76.52837028231193,9.507513426035027,1,1,8,15.165562401030408,0
singapore-hollandvillage,d0f4d372-8721-43b0-b5ee-c17729eac294,0.00010350597581909716,0.00010350597106098736,4.758109803469421e-12,1,1,9,17.061095820695073,0
singapore-hollandvillage,ca414e13-6ddb-4c23-94e5-2af772b0eddc,-93.24944781560117,-97.34013109255342,4.090683276952247,1,1,12,22.950668218426454,0
singapore-hollandvillage,017c14cf-55a9-4d8c-88d2-981c745d0627,-3.5150828784161045e-06,-6.97303724431026e-06,3.4579543658941556e-06,1,1,12,22.560152291009796,0
singapore-hollandvillage,3ab9df23-3da1-464e-88e9-9d1168dcd13b,-86.24806028023188,-92.0614501871382,5.813389906906324,1,1,9,17.39632036056085,0
singapore-hollandvillage,43b98164-3fd1-4aef-a1bd-eee90d4d64ee,-97.68831001545665,-102.86775277980375,5.1794427643471,1,1,11,21.403025701031673,0
singapore-hollandvillage,76f55cad-9df4-432b-a2f1-4dee7b53e636,65.20429639047171,72.75562347731824,7.551327086846515,1,1,6,10.136405360649341,0
singapore-hollandvillage,b714bfc3-763d-41d3-8376-47cd02e1c102,28.27068414211365,35.97163801194857,7.70095386983492,1,1,7,13.629864578608204,0
singapore-hollandvillage,28c2a5dc-fd6e-4ef9-9733-9ea9da8628e6,0.4315395966884726,0.7001695571441896,0.26862996045571697,1,1,7,12.351262904714002,0
singapore-hollandvillage,616e7128-3e6d-4d66-ac69-50366b3fb965,7.620491357377929,7.620491357385868,7.938664484932938e-12,1,1,13,25.33949228174103,0
singapore-hollandvillage,75b38000-939c-4221-a5a9-7153b8f45854,-10.740499740219303,-11.76942021332637,1.0289204731070676,1,1,11,21.21846548939418,0
singapore-hollandvillage,be1adde9-3747-4fad-873d-ed7de75e3365,-5.336934517543993,-5.75941265749957,0.4224781399555773,1,1,11,20.381340158432668,0
singapore-hollandvillage,5da0a67e-aaff-4a05-bf1e-cc737857c9b9,-93.85478444874492,-100.74192662711035,6.887142178365431,1,1,10,19.533084010432727,0
singapore-hollandvillage,ab757bdf-81b9-4963-b277-0157f1323341,99.33266872300985,110.33255077825702,10.99988205524717,1,1,7,13.096647205613744,0
singapore-hollandvillage,5c82db65-765a-44c4-b5eb-bf57edef7247,-82.6405149506656,-87.19500483404398,4.5544898833783884,1,1,17,31.554468233758737,0
singapore-hollandvillage,c258bb30-5184-48d6-9b27-c7ad90f8326d,-13.30324345192327,-15.010162291465509,1.7069188395422388,1,1,14,25.92512934629639,0
singapore-hollandvillage,c69076e1-08ba-47d9-86ba-ee500c8118d5,71.20860614939343,80.11072235309145,8.902116203698016,1,1,6,11.30776952946446,0
singapore-hollandvillage,1efbcdbb-1c22-4800-abaa-c51013d53ba6,-0.4757510155892354,-0.6761202973093816,0.20036928172014618,1,1,5,9.666923133941621,0
singapore-hollandvillage,001468a6-9fa6-4759-976d-56a94941d765,-10.777438803507792,-11.60837542921942,0.8309366257116274,1,1,10,18.55503568027055,0
singapore-hollandvillage,69e4b160-c4c4-4250-94d4-9d6109d33f7b,2.9169768678386427,2.9169768678424086,3.7657767428528035e-12,1,1,12,23.590012992226285,0
singapore-hollandvillage,3c7f3a88-879e-4bab-afa9-1e7acf85531a,-91.69986661029967,-97.52097064898514,5.821104038685477,1,1,10,18.74097114067324,0
singapore-hollandvillage,e7e95ec9-690b-40bb-a246-edd80d848a22,0.8166235909484902,0.8166235909455896,2.9006658694947273e-12,1,1,6,11.959698266647827,0
singapore-hollandvillage,8fa97eb6-a92f-4b5f-989f-a3847fbaf005,0.30321284650130553,0.3032128465090152,7.709664547867564e-12,1,1,14,26.98204430985195,0
singapore-hollandvillage,151eb04d-09d1-47f7-a349-26a3b8c9ce7e,2.4652854335425856,2.630671340815946,0.16538590727336025,1,1,12,23.235632587869734,0
singapore-hollandvillage,45202dd4-d6fe-4358-bb7f-ed1cef297672,43.14213102874048,47.913721314466535,4.771590285726057,1,1,6,11.446089617516138,0
singapore-hollandvillage,4ebba321-2ee2-49a7-85e7-5781a7081137,-1.390441817873533e-08,-6.965369466395325e-05,6.963979024577451e-05,1,1,6,10.462102201102173,0
singapore-hollandvillage,8e75a561-8d58-4587-8321-854732083946,-0.7446931886329597,-0.7446931886330106,5.088887490341627e-14,1,1,17,33.37516014728799,0
singapore-hollandvillage,770fb65e-2ada-4f9a-8a5e-28c41c4024ef,2.7291384394528735,2.729138439452619,2.5444437451708134e-13,1,1,12,23.903275467912504,0
singapore-hollandvillage,a6f9210b-314f-4b70-ad84-e3b57651fa12,-2.6480433166991882e-08,-9.381055022496395e-05,9.378406979179696e-05,1,1,6,10.919468986752392,0
singapore-hollandvillage,3423e505-fd34-48c7-8e05-4c0b1836fab1,4.206287534214812,4.336782627253888,0.1304950930390767,1,1,19,36.71837947780705,0
singapore-hollandvillage,ed7c6258-5ea1-4c3b-a97a-5cac814fa734,7.636231901381935e-09,5.6249269757141215e-05,5.6241633525239836e-05,1,1,4,7.282293043061846,0
singapore-hollandvillage,fc3792a5-1535-4c06-9096-0ff64c843c60,83.79905891054285,89.86526813276839,6.066209222225535,1,1,9,17.552503896896127,0
singapore-hollandvillage,c0a58f5a-3be9-4a16-950a-7cea687aea48,72.52151668466152,86.1404322830788,13.618915598417269,1,1,6,10.749072164868045,0
singapore-hollandvillage,c9fa2376-184c-4a54-8a72-01e8148c6696,-2.6468005253513063,-2.5116148082061365,0.13518571714517,1,1,22,40.791891343110656,0
singapore-hollandvillage,0969237f-d69e-4b46-96b7-2333ccdde38d,-87.11884713299433,-96.21340033355422,9.094553200559883,1,1,14,25.671319580856746,0
singapore-hollandvillage,050cf17e-29e6-4943-9ac2-bc0dd3070d4d,-1.1875816129576733e-06,-0.00022501057442741158,0.0002238229928144539,1,1,5,8.977161272172246,0
singapore-hollandvillage,bc722789-8dda-49d0-ab43-07af5626edcf,-80.16716236931006,-88.95674637165051,8.789584002340453,1,1,7,13.649643298614317,0
singapore-hollandvillage,30144390-5542-4dbd-9910-952c72744a2d,-1.5139949172515374e-09,-2.88745791645792e-07,2.8723179672854046e-07,1,1,7,13.441666948958765,0
singapore-hollandvillage,8d605418-93f6-44a0-b1a0-68b64b4ee175,-0.3499154671462063,-0.3499154671536361,7.429775735898774e-12,1,1,15,28.494787716513088,0
singapore-hollandvillage,09c84f36-7f6c-4c19-b4b3-a4498b3f5052,-0.7767330447565978,-0.8852252761922136,0.1084922314356158,1,1,9,17.041900569961133,0
singapore-hollandvillage,e34eed7b-a621-44fc-8b47-cfc5e1c913f3,-5.075739600763077,-5.542987267002365,0.46724766623928865,1,1,7,13.443775263050483,0
singapore-hollandvillage,4c4a6f70-a848-47c7-88d4-e23d9dc545ab,-77.20295382972253,-86.83378192380171,9.630828094079183,1,1,11,20.668679549510635,0
singapore-hollandvillage,cd076f06-77e5-49ba-aac4-2a042c8a8cfa,-84.24846012804183,-90.76331063960598,6.514850511564149,1,1,19,37.32118418301161,0
singapore-hollandvillage,3cabc057-126f-4082-84d7-ea9f84a3d15a,91.80120943214014,99.7286179335385,7.92740850139836,1,1,9,15.975634806533979,0
singapore-hollandvillage,68706d06-20a5-4922-b79b-dd8ddc25c4ae,60.96367176565463,70.75728235988792,9.793610594233286,1,1,5,9.241790394614108,0
singapore-hollandvillage,a11492e1-2c8c-4b9a-9a32-2fde46d314b5,73.16863629245967,88.81633571484733,15.647699422387666,1,1,5,9.87065357184799,0
singapore-hollandvillage,66e33b37-d68e-4e35-b57d-7425e17c830b,-0.13120078173464655,-0.1415028536448736,0.010302071910227058,1,1,13,24.3945400760726,0
singapore-hollandvillage,f7b45eaa-aed3-47e4-9a93-4e164c636270,87.79627275276896,87.83904990277863,0.04277715000967689,1,1,10,18.39125400799952,0
singapore-hollandvillage,6c1e6364-fc13-4087-a0a6-17fed6e66500,3.6315093671666325,4.1715358449157085,0.5400264777490761,1,1,9,16.1555538783631,0
singapore-hollandvillage,14c2c256-041f-4b4f-bc88-36bb20914623,84.13196486039041,89.83637571677174,5.704410856381329,1,1,10,19.75221690902757,0
singapore-hollandvillage,52468757-6c27-400c-8c13-e5a41393fe2c,80.8131992926966,89.7451626472368,8.931963354540201,1,1,7,12.36252487358971,0
singapore-hollandvillage,60855865-7d02-40d2-9c5a-632e666399ca,130.80868657456867,140.5009382765449,9.692251701976232,1,1,9,16.982495330897702,0
singapore-hollandvillage,5f07039e-4810-4455-8df7-1b4893fc4dc7,-83.8310380059454,-83.87768497682144,0.04664697087603812,1,1,15,27.25098425790585,0
singapore-hollandvillage,41f6d93b-3735-4368-8fb4-68c79ff959d4,-79.41745242188941,-79.41760214329226,0.00014972140285733247,1,1,19,35.48882870563908,0
singapore-hollandvillage,f39b2c1d-ba88-4edd-9018-18dffc93da7b,36.853150926710164,39.69783887532361,2.844687948613446,1,1,12,22.930115373653827,0
singapore-hollandvillage,4b899bb1-ccad-4d11-8a28-27ac9e83b7d3,3.6101005113234947,4.159428352269864,0.5493278409463693,1,1,6,11.095913583723322,0
singapore-hollandvillage,9c300f0f-ce23-418c-ba84-0420ccafbf9b,1.2874077508898496,1.734895327074642,0.44748757618479224,1,1,5,9.494548738059116,0
singapore-hollandvillage,1f23133c-751c-48d5-aed6-4969672e7fae,0.06775170438249262,0.1689983728656076,0.10124666848311498,1,1,10,18.793681491363557,0
singapore-hollandvillage,8e2de418-c326-4ab6-b1a1-180d36017a25,-7.940925272770383,-8.098778813459537,0.15785354068915533,1,1,17,30.96064824725189,0
singapore-hollandvillage,a99155a8-a405-46cd-9385-87d978b807d0,-0.5373220863684337,-0.5978148390645435,0.06049275269610978,1,1,6,11.4669965619025,0
singapore-hollandvillage,ceb8d38d-9099-4f25-805e-9debc4773938,0.5918981504546253,0.670705653781867,0.07880750332724168,1,1,11,21.991724371174854,0
singapore-hollandvillage,be6a85b4-d629-4f57-a4f4-eb7917b2e67c,-87.70100609667482,-87.70108591361807,7.98169432626287e-05,1,1,17,32.22176133722692,0
singapore-hollandvillage,15059f1c-d54a-4231-92e7-95da04fe4195,13.046156467356042,17.822355754477936,4.7761992871218935,1,1,6,11.894568019882112,0
singapore-hollandvillage,6224ef3f-5077-4b3b-80d4-32ed821bd33d,5.759638280225586e-06,5.759633776560157e-06,4.503665428952339e-12,1,1,6,11.796769478364023,0
singapore-hollandvillage,2c68aa40-277f-4508-92c3-a6752e3c688c,-0.974351013492543,-1.064494419432055,0.09014340593951192,1,1,7,13.357704502109215,0
singapore-hollandvillage,5f24fb98-ca9f-4319-aae4-4ced90c118c2,41.35968805115989,48.260314621370235,6.9006265702103375,1,1,5,9.588618447779949,0
singapore-hollandvillage,4f67dd17-c0cb-4a56-af61-b996a2008b56,21.771544007696733,24.635921951330644,2.8643779436339134,1,1,19,34.38655615374591,0
singapore-hollandvillage,bff9b126-8743-423e-b279-3ebc1394a0c6,48.008969863428725,54.93448897294494,6.925519109516211,1,1,5,8.833280762879872,0
singapore-hollandvillage,fd872757-2c05-4b0f-8417-e9113a71ee00,84.28059295291597,91.50993282162938,7.229339868713414,1,1,8,15.108604898543323,0
singapore-hollandvillage,381fe10a-15f6-4cfb-a535-cc42b6f92624,-66.60559239001473,-72.31412637096253,5.708533980947796,1,1,12,22.222071964609913,0
singapore-hollandvillage,29a859ca-bf8d-44d6-be51-28fa31d53129,-82.24523051660128,-90.83391022752484,8.588679710923556,1,1,7,13.674286111278164,0
singapore-hollandvillage,9a2fefa7-c32d-4aef-9c78-3d160be2b91e,-0.0004421538756600479,-0.0004421538763724922,7.124442486478278e-13,1,1,9,16.325746683408045,0
singapore-hollandvillage,becd0709-958e-497e-ba6c-674327cba0ad,-87.58357721814338,-94.44403208805363,6.8604548699102486,1,1,8,14.446221497767848,0
singapore-hollandvillage,1481a549-bda5-49e2-90ea-39a837ff4e57,-3.2224968259941473,-3.2224968259940963,5.088887490341627e-14,1,1,11,21.773853523612164,0
singapore-hollandvillage,cacf0d88-8721-4d35-a311-ee6b3a2db5a5,-0.4529452817249728,-0.45294528172616866,1.1958885602302823e-12,1,1,5,8.13691002006881,0
singapore-hollandvillage,e093ed52-aecf-4707-900d-827cdd2dd753,46.47108417527752,54.566812196327426,8.095728021049911,1,1,5,9.710324602589802,0
singapore-hollandvillage,008dbb5a-8bc6-4e3e-8a31-03637952a6b6,-20.599804724270676,-21.951553007719426,1.3517482834487518,1,1,19,37.45806767976035,0
singapore-hollandvillage,7cb63778-108a-4b49-8ddf-2fe363a4b8ae,82.88484954380391,90.37061759468892,7.485768050885008,1,1,7,13.375710480296695,0
singapore-hollandvillage,ab2a7bda-ced2-4fe8-b927-28230f1a4484,-0.5794576264771176,-0.6593754246755301,0.07991779819841248,1,1,6,10.417217701118284,0
singapore-hollandvillage,6dcc298e-71b8-4caa-8987-5a30df147a1b,30.10024739846556,33.8497428369778,3.749495438512243,1,1,9,16.798680977230706,0
singapore-hollandvillage,315cb05b-c96d-425a-b154-862ad84b2bed,7.73140312280613,8.14880484495774,0.4174017221516093,1,1,12,23.436081711860098,0
singapore-hollandvillage,84f32d53-6b77-4f35-9b69-46659f44f96e,0.01819658550188949,0.01819658550585882,3.969332242466469e-12,1,1,7,13.510165672623506,0
singapore-hollandvillage,afea8e84-9ee2-4bad-9ff0-acf1dc23372f,-0.6915729662847401,-0.6915729662833406,1.3994440598439474e-12,1,1,5,8.356785558389493,0
singapore-hollandvillage,332e5333-489f-49e2-99ee-7cfc52aa1c51,-86.30011010896395,-91.45935780304687,5.159247694082916,1,1,12,22.597007706916248,0
singapore-hollandvillage,a8e71107-2922-48d9-aa6b-08c53915389b,72.24355656496559,79.89128548280422,7.647728917838624,1,1,10,19.453506920198517,0
singapore-hollandvillage,79a3da20-872f-4433-9728-c8b5c022f3f9,3.2038532246225757,3.5113274616796137,0.30747423705703797,1,1,9,17.684977412748157,0
singapore-hollandvillage,274adea0-a0d2-4cd3-bd24-9b96a9fb995f,-4.111973973195041,-4.587746186288562,0.47577221309352014,1,1,8,15.286572915142857,0
singapore-hollandvillage,df401c30-37b2-4baf-836b-9184b98ac527,0.9161538353162243,0.9161538353132982,2.9261103069464355e-12,1,1,7,12.019837864804236,0
singapore-hollandvillage,5fb4d12e-c2cf-47cb-a652-9909a7765fdb,0.8232025907921433,0.8232025907977666,5.6232206768274976e-12,1,1,8,15.162360948712557,0
singapore-hollandvillage,d7a48256-4e02-4002-a469-d8499b937cbc,-75.17696912723227,-80.75491171944854,5.577942592216268,1,1,15,27.48755621578391,0
singapore-hollandvillage,6c72ad74-05ee-4ab3-af98-36c091a9b27a,41.017061344946676,47.16289184413308,6.145830499186403,1,1,5,8.820148734295703,0
singapore-hollandvillage,b6c4bd3c-11d0-4fa2-9e37-2b6a10a6fb4a,158.20326738576674,139.97296901090814,18.23029837485859,1,1,13,23.921221754184728,0
singapore-hollandvillage,11095d91-9899-48aa-a15c-c5e3ef6376d3,49.75562379746534,53.81611625376447,4.060492456299131,1,1,8,14.051136086448864,0
singapore-hollandvillage,2a5bd066-0a55-4d0a-806f-801e4332c3fc,0.6385119368817957,0.6385119368796075,2.1882216208468997e-12,1,1,15,29.69291923832614,0
singapore-hollandvillage,8c0f38e2-0178-4d83-abd1-f76087cbf776,-82.50471958469329,-90.04932382499074,7.544604240297446,1,1,14,26.674487896724447,0
singapore-hollandvillage,21850749-0e83-4878-a1eb-61bd6569cdc4,-0.6767775779122687,-0.7370411423399837,0.06026356442771505,1,1,9,17.802771126373123,0
singapore-hollandvillage,7606ab4b-ed63-48e3-95d4-da6f007fb533,0.22254600705895117,0.3331389656310784,0.11059295857212727,1,1,12,23.162511081005125,0
singapore-hollandvillage,647ec0af-98b4-4bc7-a1ba-d66411b3f361,4.94142323609713,5.382855413997142,0.4414321779000121,1,1,19,36.0154145685243,0
singapore-hollandvillage,439d4581-f52d-49de-9d38-21699a2d38c3,89.7317911743002,99.06007308206875,9.32828190776855,1,1,12,22.37642364618305,0
singapore-hollandvillage,b61cf754-2a52-4ecf-a70e-c307651f9fad,-0.4431983676649175,-0.5372522940062929,0.0940539263413754,1,1,13,24.38122049824819,0
singapore-hollandvillage,6a2a4a2d-001f-4ddd-a80c-52f8e2316e40,72.87198104167582,76.83598419692275,3.964003155246929,1,1,12,22.77382206968587,0
singapore-hollandvillage,97ffeba0-4cc0-4a7e-bc12-2f602125de92,0.6309753159723822,0.6309753159747995,2.4172215579122727e-12,1,1,5,8.284406021456196,0
singapore-hollandvillage,c744fbdc-3208-4a83-bf39-7428d92a367b,0.39872237559486823,0.5053190762515679,0.10659670065669972,1,1,7,13.02322950824184,0
singapore-hollandvillage,7ee0e6f8-7c65-4009-bbfd-cbb42a051618,1.0659584054071192,1.0659584054089004,1.7811106216195693e-12,1,1,13,25.923281144228717,0
singapore-hollandvillage,fdf65b5c-399b-41ee-84da-606d91555f77,0.24396524607014108,0.3543458030483879,0.11038055697824684,1,1,21,40.45654579649402,0
singapore-hollandvillage,88a21539-0362-4d74-a2be-227a13f8a28f,-1.4393718564227616,-1.6774513937136577,0.2380795372908961,1,1,10,19.941727365593735,0
singapore-hollandvillage,1b0f394c-fe31-40ae-af38-84041d885718,-1.3057811061344526,-1.5644553863489103,0.2586742802144577,1,1,5,8.689224383565792,0
singapore-hollandvillage,cfdb9b6e-8c5c-4edd-be14-fca900a81b2b,0.8247206107326663,0.9849961562073701,0.1602755454747037,1,1,6,11.791732527534263,0
singapore-hollandvillage,b9642f25-f83b-45af-9c28-fee9bd8fb0b9,-79.6774963344729,-86.47364763969803,6.796151305225117,1,1,9,16.39127825176203,0
singapore-hollandvillage,f6f1667c-2cfc-4879-a348-ac02ed2ce412,-5.807196193175036,-6.364527104186802,0.5573309110117662,1,1,15,28.27706160507431,0
singapore-hollandvillage,e8fd4f80-c5f5-42d7-b5f9-8e9c55e50b7b,1.5411080429638593,1.5411080429672943,3.4349990559805983e-12,1,1,9,16.366181144550744,0
singapore-hollandvillage,6afeca34-58de-404c-be5a-dfe3ec43807a,80.42496570569679,89.14652515868197,8.721559452985181,1,1,7,12.383185076060297,0
singapore-hollandvillage,0ac32277-6241-4e0b-9df9-102b52c336ac,83.24301616421762,91.90519791584286,8.66218175162524,1,1,7,12.518345996761486,0
singapore-hollandvillage,3ff11593-cdb0-447b-85c9-57b24c8dadf1,-7.862331172577813e-12,0.0,7.862331172577813e-12,1,1,10,18.694021746638537,0
singapore-hollandvillage,664f5e83-4d63-469d-bb0c-bdc137ebdbd5,179.46367238510905,161.35152515241984,18.11214723268921,1,1,11,21.120117662774053,0
singapore-hollandvillage,1a6962f0-2099-4cec-9e80-5255affbb409,-74.53704039012831,-80.58755896255349,6.050518572425181,1,1,9,17.761264093926396,0
singapore-hollandvillage,843da2db-170c-4757-984a-63d583abf770,82.69298450798011,89.31441859650229,6.621434088522181,1,1,9,16.10035110836136,0
singapore-hollandvillage,85640091-9d1f-45b9-9f8c-25b3e19f2bcb,-77.70265721873749,-81.55218407082836,3.8495268520908765,1,1,12,22.426017357584865,0
singapore-hollandvillage,e43bfa80-2fca-4804-95ce-337f8e671eab,-7.014281478696153,-7.232122402111627,0.21784092341547368,1,1,18,32.798616940487015,0
singapore-hollandvillage,5e555684-8d67-4d94-b595-d4714deba5ca,-0.3385383569059939,-0.33853835690362755,2.3663326830088564e-12,1,1,8,14.162563938052743,0
singapore-hollandvillage,01c8d015-40e0-4b1a-b737-da3d9f3f3871,-1.3399804095193054e-09,-4.769965842655544e-06,4.7686258622460245e-06,1,1,4,7.42640399776222,0
singapore-hollandvillage,b7450525-66e2-4695-a7b2-36e3eeb485e7,0.06001403571078526,0.060014035711014255,2.2899993706537323e-13,1,1,10,19.77577968382198,0
singapore-hollandvillage,52510311-dd2c-43c2-bb0b-62edb0f1e4fd,3.727864531049759e-10,1.666405570921022e-07,1.6626777063899724e-07,1,1,4,7.706204107768761,0
singapore-hollandvillage,33104b25-04d4-4c1b-a0c9-dba360bad6e3,-5.883669938583182e-09,-5.79041320010124e-06,5.784529530162656e-06,1,1,13,24.35723416271506,0
singapore-hollandvillage,3106ad18-3a1e-4dd5-bcb0-7fd4855c213a,80.16874576104374,87.70720899960807,7.538463238564342,1,1,9,17.348886575363842,0
singapore-hollandvillage,f448fff5-7e90-4610-90f0-c8d21adde44e,-2.1039830224085296,-2.249750004257685,0.14576698184915546,1,1,9,16.171309289062826,0
singapore-hollandvillage,c1ae102c-ca7a-439f-8233-0d3947a4e0ac,-3.292522815883466,-3.4261309533722892,0.13360813748882328,1,1,14,27.984564120508022,0
singapore-hollandvillage,41ee6bc9-d6cf-404a-a840-5ca3e8c506c6,-7.171985517886283,-8.601514057444055,1.429528539557773,1,1,4,6.836679815887411,0
singapore-hollandvillage,2392cb33-8f80-47d8-a1b6-2d0bb7fed55c,93.46029891442453,100.2620304058505,6.8017314914259615,1,1,9,15.996540930452575,0
singapore-hollandvillage,e797212e-1faa-4b0e-911c-88167cb96823,56.43873382137276,63.244789225650905,6.80605540427815,1,1,8,15.702330622579142,0
singapore-hollandvillage,4c9cc35e-8aaa-48a6-a03a-c4606ee2c687,-86.44642327837207,-91.91417625582581,5.467752977453746,1,1,11,21.71810753138925,0
singapore-hollandvillage,9bc175eb-6670-4231-a2fd-a8e7d903455d,0.0022181299564127113,0.00248047087482019,0.00026234091840747893,1,1,16,30.778299370223706,0
singapore-hollandvillage,5560fb04-9711-4a38-a20c-9881ca118a03,0.8430885374159789,0.8430885374180399,2.060999433588359e-12,1,1,5,8.590722646423451,0
singapore-hollandvillage,90f69801-2551-4477-8cf8-c68eb6c4543e,82.42083353559256,91.48329337453461,9.062459838942058,1,1,6,10.79074681420229,0
singapore-hollandvillage,e3a0d95a-80f5-4438-9c17-69f858f2a636,83.36623345554423,89.22532208821283,5.859088632668608,1,1,10,19.505570193857807,0
singapore-hollandvillage,01269543-d100-4041-9715-8b298d1454cf,-41.34947634740444,-49.4480032729124,8.098526925507956,1,1,8,15.133564782878917,0
singapore-hollandvillage,7daf6e46-8696-41b0-a147-ff9587ac60b6,-8.50173623734299e-05,-8.501736853098375e-05,6.157553863313368e-12,1,1,14,26.63439443272654,0
singapore-hollandvillage,c02624cb-4e7c-44a6-869b-2d481066e14d,-3.436275113263769,-3.4362751132604616,3.3077768687220575e-12,1,1,10,19.848470989999186,0
singapore-hollandvillage,79fe2ea8-4988-4d09-af56-b1387db7e76e,-3.4696722487988274,-3.704794388004006,0.23512213920517852,1,1,13,25.43254555986647,0
singapore-hollandvillage,92a237a9-2c77-42e7-b608-22d04af689d2,-6.530060427606376e-10,-2.9956105156239035e-07,2.9890804551962975e-07,1,1,6,11.926556401097203,0
singapore-hollandvillage,7453f8e1-5a17-4d04-894b-de68b9e362d3,-93.63448736528203,-94.18834350140864,0.5538561361266174,1,1,23,44.67922024345177,0
singapore-hollandvillage,67d94a81-7a13-4947-be54-272283b0df6c,-92.1654868113968,-97.27077994583921,5.1052931344424035,1,1,12,22.76756611397505,0
singapore-hollandvillage,eff9e5ec-6f7e-41ca-a50a-2daa7e5b62f2,67.24011376459792,82.27834190378154,15.038228139183614,1,1,5,9.368255603830894,0
singapore-hollandvillage,f587992d-8422-4210-a076-ef067273ea34,5.931879502406791,9.392007529604998,3.4601280271982064,1,1,14,25.755236555352052,0
singapore-hollandvillage,99ce9aaf-89f9-46ad-9ce2-ee8f5b4c4485,3.035784534360906e-06,3.4545961072615294e-06,4.1881157290062325e-07,1,1,13,25.633808737313245,0
singapore-hollandvillage,58ba79f8-2d31-4748-a9ee-43e7cf696179,-1.7420458099887957,-1.9646107849290795,0.22256497494028388,1,1,10,19.103785642943663,0
singapore-hollandvillage,82bb5974-8bc4-43f1-889d-a123ae40b9ef,35.800200222364985,38.400276353256345,2.600076130891363,1,1,18,33.349646635031945,0
singapore-hollandvillage,fde82888-e8c0-47f5-9231-7fca57df9a7e,79.64293259335076,89.23543213089087,9.5924995375401,1,1,17,32.648447694711216,0
singapore-hollandvillage,109d2d44-9d3e-4a00-9ac8-19ce412f1ef9,0.17087191969552573,0.1708719197047875,9.26177523242176e-12,1,1,9,16.61578614695802,0
singapore-hollandvillage,22a15fbe-0b39-4c5a-9868-544bad4a99c5,-80.36262332505198,-89.3372765834663,8.974653258414321,1,1,8,15.769674540168864,0
singapore-hollandvillage,b0944e9e-f1ba-415e-bf1e-382de1bf5cee,-60.525004418113014,-64.43133503886436,3.906330620751354,1,1,12,23.669361898592477,0
singapore-hollandvillage,2d320694-4710-49a2-9f9e-f4328c78d79b,1.3023480865282292e-09,4.435183761106063e-06,4.433881413019535e-06,1,1,6,11.162443021705192,0
singapore-hollandvillage,b9424db7-3a5a-4824-ac5b-b546d560d20e,0.1738326154343047,0.30519540163473435,0.13136278620042965,1,1,9,17.32153060728168,0
singapore-hollandvillage,5c07163e-b208-4532-a3e8-1d1060d74e2a,86.90733607987201,94.82332162337241,7.915985543500403,1,1,8,15.041375049909716,0
singapore-hollandvillage,311da397-9ced-49ca-9eb4-aa459cde6286,32.02005382746231,36.53243956799505,4.512385740532735,1,1,5,9.485367023723583,0
singapore-hollandvillage,98cfe08f-3963-4f86-aa3d-f85aca73576e,3.8217090051323273,4.168809589245227,0.34710058411289996,1,1,8,14.840789042086676,0
singapore-hollandvillage,80be8519-d00b-40e1-a7e7-8e25f1fb1abf,-7.815111750457351,-9.362029232164753,1.546917481707401,1,1,6,10.672833350480566,0
singapore-hollandvillage,4e309b06-7eb3-451d-996b-5db9d696aeb6,-0.3930210474213961,-0.3930210474198185,1.5775551220059043e-12,1,1,5,8.539786344940211,0
singapore-hollandvillage,f8044ec8-b14d-460f-993e-b967c0f4e3f0,2.375538652980135,2.692650055566993,0.317111402586858,1,1,7,13.725222722738776,0
singapore-hollandvillage,01349888-0576-46ed-a41b-822c9183d214,81.78080983960976,90.62831490950725,8.847505069897489,1,1,7,13.017195527224333,0
singapore-hollandvillage,b1652ea4-0f71-4807-98e9-c937ad675674,-3.8928165410731657,-3.892816541076168,3.00244361930156e-12,1,1,4,7.891471661646996,0
singapore-hollandvillage,fdbbfb27-acba-4490-a40a-5d5986284d58,2.658551001410368,2.4926880782305925,0.16586292317977538,1,1,21,39.68199934534485,0
singapore-hollandvillage,c5e94bab-ff0a-4f09-9152-a939c80cbef4,74.35574213548671,82.55718801070725,8.201445875220546,1,1,8,15.19032695003911,0
singapore-hollandvillage,bc96fead-d2da-4c81-99ac-168374a36510,1.852757522167995,1.852757522172448,4.452776554048924e-12,1,1,11,20.21932360154543,0
singapore-hollandvillage,96c4f6bf-c0d5-4b47-bf29-ad0f7c120cd2,78.41049298814589,86.73703559760735,8.326542609461457,1,1,7,13.601875824632495,0
singapore-hollandvillage,4f0a0d20-efe2-44aa-8995-cb0f6d0a81a6,9.580050834721089,10.291847221887373,0.7117963871662842,1,1,16,29.919120701251373,0
singapore-hollandvillage,11a5357a-6b66-41d9-9e93-1489e2ea8e8f,79.56884039993311,89.26915043998689,9.70031004005378,1,1,6,11.632613910039288,0
singapore-hollandvillage,a192bfb6-e3c8-42c0-b740-2b6d50bbe3f3,-1.3358593785843556,-1.51894820649593,0.1830888279115747,1,1,18,34.85526076334074,0
singapore-hollandvillage,364310eb-74ac-46ca-9a33-4aefb185cf28,-0.07381536920071281,-0.07381536918811782,1.2594996538595526e-11,1,1,7,12.58899915579593,0
singapore-hollandvillage,e6669321-125a-4fe5-963a-d4339f3c7608,-0.9126377992984176,-0.9126377992979341,4.834443115824545e-13,1,1,8,15.36597160680299,0
singapore-hollandvillage,635707de-1551-4f42-b3a9-592bbf36239e,75.89844293403569,80.53499510755461,4.636552173518923,1,1,11,21.431770416096946,0
singapore-hollandvillage,bf04af80-3a7b-4454-a77c-99488702e786,41.47338268316005,46.81030947952227,5.336926796362223,1,1,7,13.044217286063867,0
singapore-hollandvillage,56ccb8be-84b6-4c46-aa43-6868285700e4,-90.45832454849949,-95.12629262421162,4.667968075712133,1,1,12,21.994258211438325,0
singapore-hollandvillage,d804178c-2528-4ee0-b0b3-bf7dd981cc88,-9.979911812424342,-10.984332839700464,1.0044210272761207,1,1,18,34.09554573312941,0
singapore-hollandvillage,457e33c0-5e42-4014-9ae5-1e630a14e82d,-86.48889750326202,-91.23564625537163,4.746748752109609,1,1,14,25.969719369861632,0
singapore-hollandvillage,6c3b3ad3-0660-4b55-b0a5-f49a1cc683a6,83.03506390277167,88.22855580085142,5.193491898079761,1,1,10,19.02482493045664,0
singapore-hollandvillage,83675f7a-1212-4575-a813-83bacef27824,6.196572393692471,9.59484998380686,3.398277590114389,1,1,11,20.581550344019643,0
singapore-hollandvillage,e2dcfca7-64ac-4195-b681-4cbe61a82143,2.7360218171378796,7.187511528907991,4.451489711770111,1,1,3,5.632681265994812,0
singapore-hollandvillage,4a06904d-8ea6-4058-8206-8cf5f472ef0d,-0.9974161001916965,-1.4711981514538048,0.47378205126210826,1,1,8,15.685610923464054,0
singapore-hollandvillage,65f1c154-d2a8-49d4-b913-4c6813fe23e3,-86.17195876024688,-89.3967757837664,3.224817023519532,1,1,18,32.98606465922727,0
singapore-hollandvillage,ee34d5d5-80eb-4561-8e0d-01cd203f4282,0.147395038893701,0.24641931187358712,0.0990242729798861,1,1,6,10.36978676668565,0
singapore-hollandvillage,9a7afc90-35a1-4ec2-b384-9124d0d5293e,5.802099732107023,6.010243225394869,0.20814349328784623,1,1,14,25.951806309635003,0
singapore-hollandvillage,78585a9f-2538-4888-9379-4e4ca1158b4e,73.86853542793826,81.84158414069583,7.973048712757576,1,1,10,19.38475461532223,0
singapore-hollandvillage,54838a77-b47e-407b-bc1e-9d0a9419dd7d,-90.17297515903184,-97.12666960019794,6.953694441166116,1,1,8,14.514098463547686,0
singapore-hollandvillage,a0e20db8-f568-402a-9f0b-56543a914bdb,-0.00039398211055612754,-0.00039398210918212793,1.3739996223922392e-12,1,1,8,15.471312836277674,0
singapore-hollandvillage,608f4a5c-848d-4345-9818-36c900688e19,87.22565996639548,97.30518497408247,10.079525007686982,1,1,7,12.63302973790435,0
singapore-hollandvillage,091ed3f8-b9d6-4d82-828f-32119fa368ad,-6.496567880338978,-6.783021772153486,0.2864538918145076,1,1,14,27.958458072283776,0
singapore-hollandvillage,8744be06-b520-40d7-b0b6-9ce85216d4e7,58.301192289604074,63.731356285092936,5.43016399548886,1,1,9,17.40652192940504,0
singapore-hollandvillage,5aa54df2-2f36-4c12-956d-9e0b09b04ecc,10.34157058686345,10.836007624984745,0.4944370381212964,1,1,13,24.785590950674447,0
singapore-hollandvillage,a9125bfc-7fef-450a-bd70-8ec4427b2ee6,0.26705987117314584,1.3514806852087693,1.0844208140356235,1,1,18,35.54638409678638,0
singapore-hollandvillage,3cb44a16-645a-4c28-8fe2-08f292f2197b,0.0448999538173626,0.04489995381369861,3.663998993045972e-12,1,1,8,14.008800587372503,0
singapore-hollandvillage,112045eb-f83d-4a23-b808-adb51e98b2c2,0.19349346350705135,0.19349346350857802,1.526666247102488e-12,1,1,7,13.902829092822154,0
singapore-hollandvillage,984cb994-f932-45f5-b459-034d85ec02bf,0.025190707447939838,0.04844986345263026,0.023259156004690428,1,1,9,16.624888627787524,0
singapore-hollandvillage,695b26fb-c2bb-4123-81f4-ecb609bdecce,-6.231212925374347,-6.902201425384232,0.6709885000098844,1,1,22,40.32771096531226,0
singapore-hollandvillage,a2451334-8e4d-40f8-b805-120d461664de,-0.04935303488326362,-0.11271644063803503,0.06336340575477141,1,1,7,12.199313218329738,0
singapore-hollandvillage,afd643e7-db07-4e8f-b657-97c45cb0f297,-0.1456753432610215,-0.23926048151868723,0.09358513825766573,1,1,7,13.198312635150927,0
singapore-hollandvillage,9492cd19-2f98-4cef-8344-91a6043c4306,-1.951412770843982,-2.018379394042257,0.06696662319827493,1,1,17,33.26896891829484,0
singapore-hollandvillage,7e58debb-c870-41eb-bab8-d9f58ed1affe,54.994139534078535,61.08047425814614,6.086334724067609,1,1,6,10.246007628741596,0
singapore-hollandvillage,e4e8f43a-4456-4376-9994-875a336fedbf,72.424663403569,77.90369279527671,5.479029391707718,1,1,9,16.531820260641084,0
singapore-hollandvillage,71ebfdaf-1a9a-4af7-a9f9-3187ab77a725,0.33584088086659614,0.33584088086886066,2.2645549332020238e-12,1,1,9,16.282053702720003,0
singapore-hollandvillage,7f071577-4dfe-41f6-9c2d-0a2dc8c531fe,0.809850395494741,0.9752530807202878,0.16540268522554682,1,1,5,9.949505739134885,0
singapore-hollandvillage,0c53e4d6-f21c-4d8e-91bb-4322dad18d5d,66.99697570560105,73.72071282029432,6.723737114693277,1,1,7,12.536636056680306,0
singapore-hollandvillage,058dc7ab-bab4-472d-a072-8e65cdfdf440,24.82197243423357,26.91738358509483,2.095411150861259,1,1,10,18.656127377832878,0
singapore-hollandvillage,a1f4c3a4-361e-4eed-a2e0-54b1a77a86b2,0.0013446473935050406,0.02332863753590403,0.021983990142398987,1,1,5,9.377746912120767,0
singapore-hollandvillage,60b199f2-fb8e-4942-b5ac-11cdad27eeff,-1.2397731131783511,-1.5910785484715315,0.35130543529318026,1,1,10,18.703913696077304,0
singapore-hollandvillage,36c849c4-556b-4ded-9a64-8bbff3b22feb,-2.049728959011171,-2.23326141828455,0.18353245927337902,1,1,8,14.310598225319431,0
singapore-hollandvillage,0b6ec032-7990-45e2-a169-0132a5918770,86.36179785756622,92.78453427603667,6.422736418470452,1,1,12,23.043255461588014,0
singapore-hollandvillage,7d8e6986-916b-4eae-b5c9-4799ecfd6323,19.207083598450797,20.019235585021843,0.8121519865710477,1,1,19,34.3755582886952,0
singapore-hollandvillage,1dc94cbd-8bac-4e60-b843-686d1091aa46,-78.88379014194742,-87.95034000851754,9.066549866570126,1,1,9,17.253195062147928,0
singapore-hollandvillage,7eda2790-cabd-433b-a8cd-cf60eac888db,18.825107418071052,22.176185191654753,3.3510777735836994,1,1,6,10.107591206900267,0
singapore-hollandvillage,72eab9c7-f2f3-4a03-aac0-7f709594b298,-1.310961412820531,-1.3109614128245766,4.045665554821593e-12,1,1,6,11.749630070836037,0
singapore-hollandvillage,80cdf8db-3b45-4d7e-860a-01f66aabf99f,-84.15112487383422,-90.39130144589855,6.240176572064338,1,1,13,24.505749082369842,0
singapore-hollandvillage,fb5a078f-454a-4f7a-a124-e5736ad475c1,-0.6220555261265622,-0.7324492344292147,0.11039370830265254,1,1,14,26.974242740433592,0
singapore-hollandvillage,691e4a76-79ac-4250-ad1c-2447821ae27b,-78.30310053519078,-86.07395532387828,7.7708547886875055,1,1,7,12.970964255789358,0
singapore-hollandvillage,196d7575-1f4f-4fb8-bdfc-93eb7b69ce3f,-100.15212612805406,-108.490567254317,8.338441126262941,1,1,9,16.881688191067347,0
singapore-hollandvillage,49df4f03-80a5-4d19-be8b-656ff37ec834,-0.2134735873789401,-0.27513137250569114,0.06165778512675106,1,1,9,16.104066860188304,0
singapore-hollandvillage,fada27ae-4c35-4246-a385-578f6e5c0755,-1.5227604637608556,-1.691589540977589,0.1688290772167334,1,1,6,11.489546104803306,0
singapore-hollandvillage,e70764dc-9231-4c80-a935-1b6d8ae7681e,-75.50727369547435,-81.91484051316506,6.4075668176907135,1,1,8,15.868138849886144,0
singapore-hollandvillage,9adbac24-7a0e-4413-b248-2fa6651c6de7,-74.88012880002306,-81.28415753576017,6.404028735737112,1,1,8,14.760641288526823,0
singapore-hollandvillage,e7335bd0-dd97-4f4c-a7b8-d5ad2bc0d4fb,-75.32859465183053,-77.47476089091795,2.1461662390874086,1,1,23,42.52712720185994,0
singapore-hollandvillage,72febc2c-037a-4bbb-9241-f74a901c39ba,67.3492868029832,71.83548833944363,4.486201536460435,1,1,9,17.74128169301572,0
singapore-hollandvillage,822a38df-cc22-46ab-abed-0655fcc959b4,0.39348677668500975,0.3934867766863837,1.3739996223922392e-12,1,1,9,17.165590065762395,0
singapore-hollandvillage,4eb06382-7d77-4033-a401-79dd27961ffc,0.0001604496763845034,0.00016044967429805954,2.086443871040067e-12,1,1,5,9.786956973364152,0
singapore-hollandvillage,44f47ff4-0b49-4faf-aedf-85ec10270d5b,0.15294157715631868,0.21858469143883297,0.0656431142825143,1,1,8,14.84974301052185,0
singapore-hollandvillage,45a13144-2bec-4549-8818-23415400086d,-9.41444185713201e-12,0.0,9.41444185713201e-12,1,1,7,13.211749994442247,0
singapore-hollandvillage,a2729f6e-2e94-42e5-8d22-227683cc0e14,-0.4563998361379613,-0.519204339713367,0.06280450357540568,1,1,10,19.261631204583722,0
singapore-hollandvillage,3359008c-d57d-4db6-ad07-dac026c452f4,82.3051139356102,88.02829877957258,5.723184843962393,1,1,9,17.50424055606629,0
singapore-hollandvillage,4170cb16-cff5-4725-82f7-a0417d76e14c,0.5245530188801607,0.5690347821319953,0.044481763251834644,1,1,20,37.43695418126761,0
singapore-hollandvillage,02a26206-657c-4353-a907-54328290bd4e,28.56034385706968,32.775400701199565,4.215056844129884,1,1,6,11.386768717207278,0
singapore-hollandvillage,e64d03b4-edce-4a10-b045-bbd55e95ec07,66.66423385075751,77.1763661227681,10.512132272010593,1,1,5,9.297000227701611,0
singapore-hollandvillage,6642f8ea-f82c-4fd0-b887-0bef622c6ad1,-6.0949329952993105,-6.530613093150109,0.435680097850798,1,1,9,16.177644250103974,0
singapore-hollandvillage,fb5c3219-e4b0-4317-b6d6-7ca616a44664,-9.843942694339171,-9.843942694342681,3.5113323683357224e-12,1,1,10,19.118973869613747,0
singapore-hollandvillage,177d9c14-9e06-45b8-a4d1-96f97baadaa6,3.6278387940333428,3.7982715874027777,0.17043279336943506,1,1,13,25.42948829264519,0
singapore-hollandvillage,2d581c9a-5fbb-4bd2-a0b3-cdbc4ead8e14,9.303423982887175,9.30342398288575,1.4248884972956555e-12,1,1,9,17.742440133023294,0
singapore-hollandvillage,75c47c4e-97fe-4ba6-b3da-8987ebeb9892,78.63299646471953,86.98507600523536,8.35207954051582,1,1,7,12.750641353332652,0
singapore-hollandvillage,c3a51e44-9be4-4a4b-b4e5-811f665f36ed,-21.63022496156216,-22.97758459226173,1.3473596306995734,1,1,21,38.937389932453456,0
singapore-hollandvillage,049a17f6-d8e9-406e-ac82-3cd24dec5955,87.40514437236585,99.18280976627112,11.777665393905268,1,1,7,12.536151888055809,0
singapore-hollandvillage,f7777b79-c806-4a90-b3a5-f8688e017bd7,85.14755979208726,89.15571896484,4.008159172752746,1,1,11,20.744692103443995,0
singapore-hollandvillage,5712c4b6-4a22-44bb-a15e-c3b4dbddd658,-85.09113208864923,-87.2462577398278,2.1551256511785764,1,1,16,30.23476390784098,0
singapore-hollandvillage,e8f90a1f-a891-42c6-b370-8b4720e46fab,-51.26532617179678,-54.14788899680224,2.882562825005455,1,1,18,32.688157107727186,0
singapore-hollandvillage,a3af642f-32d5-4cfd-a398-c0d31662692d,57.01538848756229,64.53658982699885,7.521201339436563,1,1,9,17.36051585765205,0
singapore-hollandvillage,4c411416-aa15-42a3-8a36-189ab08de624,9.718144711641422,10.691643076488122,0.9734983648466998,1,1,8,14.33363812321587,0
singapore-hollandvillage,84cfe815-6a70-4731-bb06-2e54e6851039,-1.512174502822875,-1.7412169760866019,0.2290424732637267,1,1,17,33.077667516424455,0
singapore-hollandvillage,7ccea251-c1eb-40c2-ba27-bf425cd47b7e,-0.0003088632958926903,-0.00030886329454413505,1.348555184940531e-12,1,1,6,10.207763081189503,0
singapore-hollandvillage,a4c787e1-daf5-469b-9bdd-17b3bf5a8138,75.53342449391951,82.00554828921699,6.472123795297471,1,1,10,19.874730380831345,0
singapore-hollandvillage,b6a51b70-49d2-4006-9ce2-d29b56ac3662,7.930072834902036,8.645903175153329,0.715830340251293,1,1,7,12.50203038497968,0
singapore-hollandvillage,21f43e2c-c1a4-49bd-a7a7-2c7745c3403f,-0.41948665983724065,-0.8325972597377218,0.41311059990048116,1,1,7,12.236733481954824,0
singapore-hollandvillage,241b1eca-635b-4360-a336-4b59d6472f98,22.47652827932164,23.24777153421568,0.7712432548940357,1,1,20,38.26775192625155,0
singapore-hollandvillage,345e76e7-e1b2-42fb-af27-29b7429f879d,81.7651721242974,92.023868404706,10.258696280408598,1,1,7,12.560765702021417,0
singapore-hollandvillage,f78e3a6f-29b6-4742-af5a-816acbc0e994,37.973987680740066,41.853950580221124,3.8799628994810567,1,1,8,14.618981086443057,0
singapore-hollandvillage,5d2c9466-a5ad-4ee9-b4db-06a683e4a7ed,-89.28508272052206,-90.34978216005226,1.0646994395302054,1,1,17,32.61721245057329,0
singapore-hollandvillage,e8ff244e-db2b-46f7-aac1-89f3b51e4cd2,1.838869494634947e-10,1.7546707977747504e-07,1.7528319282801156e-07,1,1,10,18.9774304088629,0
singapore-hollandvillage,fa5d88b6-3959-412a-8a47-ea5a21914530,76.1181329544875,84.89268543185645,8.77455247736894,1,1,6,10.303030330149232,0
singapore-hollandvillage,46ba3ae7-8aea-49a9-8696-2d0b91c8148f,5.327010784899684e-07,0.00016869480667621226,0.00016816210559772226,1,1,6,11.150857919531788,0
singapore-hollandvillage,b9ffc59c-9a40-4bfb-a719-60cbbb31c629,-9.509908108813098,-10.488757412682165,0.9788493038690681,1,1,14,26.126720182304677,0
singapore-hollandvillage,315dde8d-acc8-4e56-a0b3-121deda29578,4.3062268950477804,4.641750207021506,0.3355233119737248,1,1,8,14.125864297238538,0
singapore-hollandvillage,1a05f289-9959-4965-a57a-1041bf002523,-0.8950621124390568,-1.0076789834122077,0.11261687097315091,1,1,11,21.620862730156777,0
singapore-hollandvillage,e2645969-dbaf-42f8-93b2-21ede485da4d,-25.68911469916827,-27.13809151112058,1.448976811952312,1,1,14,26.743476205258016,0
singapore-hollandvillage,402a32c0-7c1e-4508-8568-38486b8d6d0a,82.0694384425008,88.35543615153432,6.285997709033513,1,1,8,15.77501865655239,0
singapore-hollandvillage,8da5f12c-d2a7-4b23-a51c-01ec74d3f73d,76.80707369777743,90.04384919116673,13.236775493389308,1,1,6,10.060233712905179,0
singapore-hollandvillage,4157ffd0-29c3-4dce-b9aa-225a678b6ad5,0.10351755346275446,0.10351755346395035,1.1958885602302823e-12,1,1,9,16.440074798198925,0
singapore-hollandvillage,986c3215-6cbe-49ca-8477-2a30acb31014,-2.1557876242499363,-2.1557876242494274,5.088887490341627e-13,1,1,9,16.522108181749555,0
singapore-hollandvillage,8b51efc8-238f-474b-b2a7-47ef0eb03482,-0.47262342037277894,-0.4726234203712777,1.50122180965078e-12,1,1,16,30.576981261288935,0
singapore-hollandvillage,122ddc5c-e253-46b0-b927-45483e46fa39,-0.29461126971477297,-0.29461126971599433,1.2213329976819904e-12,1,1,7,13.86482334236491,0
singapore-hollandvillage,492440af-f103-4518-aee9-6f0783fc48de,0.8952388153153916,1.033550476420022,0.1383116611046304,1,1,11,20.82240328578674,0
singapore-hollandvillage,b381acac-8eb1-4bd6-b1eb-0b6559c94a8d,0.001664910952884334,0.1483792832691496,0.14671437231626527,1,1,15,28.261230270427852,0
singapore-hollandvillage,5687ec43-0283-47e7-9fda-9f369c3f29c4,-7.136131752891829,-7.136131752887884,3.943887805014761e-12,1,1,11,20.91062952767789,0
singapore-hollandvillage,2af3f8a6-e366-4e76-ad6c-33fb8f72e724,-59.14544931092892,-64.09778978731468,4.952340476385758,1,1,9,17.716617349848793,0
singapore-hollandvillage,89d3438f-7800-4c56-840e-7618dab4d9b7,-0.379202612277515,-0.37920261228390156,6.3865538003787415e-12,1,1,9,16.461567690745774,0
singapore-hollandvillage,d94ae2df-bbff-42b7-844c-62fb57362613,-0.4140289763674379,-0.4140289763627816,4.656332053662588e-12,1,1,8,14.982093974412937,0
singapore-hollandvillage,3f89eef1-ab10-441b-87cc-65a7e0c2b858,-82.33424619182934,-89.96656500479183,7.632318812962487,1,1,8,14.470023807526987,0
singapore-hollandvillage,45c2e888-010b-47e4-a340-e8077edd1180,-64.96545947255932,-74.1430039497055,9.177544477146174,1,1,8,15.51655449042632,0
singapore-hollandvillage,7667da01-ebfe-4270-afb9-1ffcc59fa923,0.10294058072579074,0.21187449588470011,0.10893391515890939,1,1,19,37.72099156871619,0
singapore-hollandvillage,d437e0c7-e03c-4d01-bb0b-29bde4a463d3,-80.81935523181,-89.4546196317147,8.635264399904699,1,1,7,13.222892093543573,0
singapore-hollandvillage,69a02a88-acd2-4cac-997b-90bc2b15a502,-80.80511489796837,-87.14027055055332,6.335155652584953,1,1,10,18.611277804745754,0
singapore-hollandvillage,3d8bd4c3-52b5-4e05-846a-9842f5e83ecd,2.9060069359483203,3.0910783295025124,0.1850713935541923,1,1,13,25.442421796947293,0
singapore-hollandvillage,37e77bd3-2b18-4e26-b632-dcf16f8a27ac,-91.32675423142673,-100.52533728386402,9.198583052437279,1,1,7,13.771665651515157,0
singapore-hollandvillage,7fba1f3f-fe4a-4728-a090-5093c15369a8,-1.054981855397166,-1.0549818553988197,1.6538884343610287e-12,1,1,12,22.64263680775109,0
singapore-hollandvillage,2bba0ee6-e076-46fd-8de8-613abfd20447,-84.44445137564253,-92.61608997074516,8.171638595102634,1,1,8,14.061069901915435,0
singapore-hollandvillage,c29bb6d0-fd33-4764-91a4-d6fe526a20fb,-3.4847484760083103,-3.890965339426644,0.40621686341833413,1,1,15,29.52601652259865,0
singapore-hollandvillage,45e86352-0c72-436e-8526-85ddd039af12,4.008336834858191e-06,0.0006979863444148703,0.0006939780075800121,1,1,11,20.25798414554957,0
singapore-hollandvillage,9d8e9cf6-f35e-4c7e-8801-f8b5f5b5f87a,8.437015132409506,9.09649292204531,0.6594777896358047,1,1,10,19.288176470924395,0
singapore-hollandvillage,d8dfdb62-f9d4-427e-b96b-f6e46b980474,1.3851797897182527,1.445085155919128,0.05990536620087522,1,1,16,30.106015135606206,0
singapore-hollandvillage,2b0979c5-bc51-4ddf-90a0-dee72b6de73d,1.3297008567888154e-09,3.3627441561712956e-06,3.361414455314507e-06,1,1,5,9.759059333737422,0
singapore-hollandvillage,a1ac1df1-3315-472a-8264-e91b3bd80610,0.22076107768422673,0.22076107768682207,2.59533262007423e-12,1,1,10,19.132344213833388,0
singapore-hollandvillage,db01a435-be59-4d9e-a7e3-c7a376ac2e2d,-1.6180081831287685,-2.001552379172022,0.38354419604325335,1,1,6,10.451887650275557,0
singapore-hollandvillage,b2e30b64-41e4-4777-8efb-d81c6de43085,-123.6390047736126,-132.59002331320104,8.951018539588437,1,1,10,18.859367924352384,0
singapore-hollandvillage,85597c88-39e8-403c-961a-8854c04343d2,42.130933629562634,45.52254508007088,3.3916114505082446,1,1,8,14.391665766676796,0
singapore-hollandvillage,b7fc9c50-6118-4632-8154-a867931b68ad,7.244291033307509,8.124448039062411,0.8801570057549019,1,1,12,22.980669045087097,0
singapore-hollandvillage,f481b3bd-cbeb-4036-a807-fd4af97959f6,-0.27165242805586926,-0.27165242805352835,2.3408882455571482e-12,1,1,10,18.283998054857253,0
singapore-hollandvillage,8bd96291-611a-4aa5-b6e1-1f3303fa6e90,-50.860114264336445,-54.20969110195694,3.3495768376204977,1,1,16,31.26352212563421,0
singapore-hollandvillage,6638e127-94d1-4ce0-8c10-d337423bba7d,-90.82704144200503,-90.86149068084428,0.034449238839257525,1,1,20,37.473250547990794,0
singapore-hollandvillage,70c73140-ac26-4dab-84e3-8b3f42d6e153,81.16309304343058,88.96845598311462,7.805362939684046,1,1,10,17.478408569830506,0
singapore-hollandvillage,3e9879c5-1e3d-4999-9805-01b9460294cb,-86.03208676973723,-91.06047291848854,5.028386148751308,1,1,13,25.58133456752138,0
singapore-hollandvillage,83f30b57-72fa-4d9b-b10a-eae4a5df48db,-8.544165762971237e-09,-2.2988806803018258e-05,2.2980262637255287e-05,1,1,8,15.052750926043432,0
singapore-hollandvillage,d474ee38-7171-43e6-891e-bdd0e78f9098,-0.06692041491578028,-1.2017403478986244,1.1348199329828441,1,1,5,8.181575394671594,0
singapore-hollandvillage,fca58f5f-c9c6-4c98-a101-9a30d25d8f19,-69.0704867132189,-78.37886120358077,9.30837449036188,1,1,7,13.342487208654031,0
singapore-hollandvillage,0acc6fca-a32b-416c-9cdb-2d12787ebbc8,-18.557518616849876,-19.755443758354705,1.1979251415048273,1,1,21,38.37943937741235,0
singapore-hollandvillage,eabdf743-4174-4767-9ac3-5d75889c7d0c,0.0023198152239842936,0.06720589724751573,0.06488608202353144,1,1,8,14.347236080103738,0
singapore-hollandvillage,74c2b445-7df3-4ce1-a1a7-2318b604041f,72.99237822457263,80.35556359638075,7.363185371808113,1,1,9,17.23916551769731,0
singapore-hollandvillage,07b96ffd-ca65-49b4-b8a8-1b41da1861ac,1.3067812150858646,1.4877173925232348,0.1809361774373701,1,1,2,3.7877886729985812,0
singapore-hollandvillage,4ef04a6d-0834-41a5-b0b2-4334bf55ec9e,8.401096780067772e-08,0.000179170038707925,0.00017908602774012434,1,1,5,8.409387263657212,0
singapore-hollandvillage,61c19988-bcb8-43cb-853b-d83402fe101e,7.598419277834549,8.409719298527238,0.8113000206926897,1,1,7,12.884039966947816,0
singapore-hollandvillage,86bfb73c-17f2-41d3-9e71-a00f0578c89b,7.340211316068763e-10,3.0182942316121014e-07,3.010954020296033e-07,1,1,8,15.312748383690693,0
singapore-hollandvillage,1e7c3e98-de9d-4c3e-9fd9-ba19197331ac,2.5655386487877196,2.7681238035810467,0.20258515479332712,1,1,22,42.15815116713126,0
singapore-hollandvillage,227949f5-1d63-40d8-b505-9dbd0fa24572,-0.1093740728095746,-0.15538683054838623,0.04601275773881163,1,1,11,21.84686453976297,0
singapore-hollandvillage,fd0e9050-dc72-4b67-beaf-67fe32ef531f,-66.14658880038343,-74.25154474821603,8.104955947832602,1,1,7,13.733370522395214,0
singapore-hollandvillage,fa54d70b-8e51-4555-86a9-150a3092d9e8,-88.65914862768453,-94.12968438628218,5.470535758597653,1,1,10,19.85991724197163,0
singapore-hollandvillage,4ad3ff7e-5776-4bb4-893d-139a1304cb66,-0.12463892278856438,-0.1246389227870886,1.4757773721990718e-12,1,1,7,12.291780270322484,0
singapore-hollandvillage,2d54b0fc-6b32-4ad2-a1e4-7036eb14fa48,-6.100887427262687,-6.7534373224666835,0.6525498952039973,1,1,15,27.9126277567132,0
singapore-hollandvillage,1dffbc68-5add-4b6b-9f87-cf07a183feb3,0.09468254152532012,0.09468254152844978,3.1296658065601004e-12,1,1,10,18.298754347256427,0
singapore-hollandvillage,4d672a4b-7fbb-4ad3-b807-0e619d43a9c4,-79.10946454147751,-88.68936488093767,9.57990033946017,1,1,6,10.21920508769766,0
singapore-hollandvillage,ff7d207d-b3ed-4c85-b3eb-ff79ee6881d1,2.4227964761747742,2.4762490574722427,0.05345258129746836,1,1,28,52.4442815338786,0
singapore-hollandvillage,cbd5796a-0b72-492a-a919-ee002087efe5,-25.271736208987072,-32.46382432450026,7.192088115513188,1,1,7,13.093331621668456,0
singapore-hollandvillage,f5baf290-d553-48b3-8fe9-605fed93fd8a,-0.23746918522212349,-0.2374691852206477,1.4757773721990718e-12,1,1,9,16.81875047635989,0
singapore-hollandvillage,d034e72c-f486-4f23-ab62-5a5605e06b5c,-0.306543418773229,-0.4165000148250763,0.10995659605184738,1,1,6,11.514615153313347,0
singapore-hollandvillage,4857a130-f20d-4dbb-935a-2c0378266b70,0.3309330281248863,0.3309330281179145,6.971775861768028e-12,1,1,9,16.084766788018854,0
singapore-hollandvillage,b677c1b3-bd7c-4639-a7f0-49c8794e1967,-50.54205647474814,-53.98882924728169,3.4467727725335506,1,1,9,17.80353505560311,0
singapore-hollandvillage,66806430-e22d-4c8c-a747-771d18fe1847,79.53948629494413,89.16839461113346,9.628908316189342,1,1,8,15.512277421141661,0
singapore-hollandvillage,8420a9e8-94e9-414c-b75f-d93a76e4ec60,66.27389343119096,76.18268955374603,9.908796122555083,1,1,5,9.5291137457698,0
singapore-hollandvillage,3d8e616e-9e55-495d-a651-6a40ca988c7f,-42.51348776758921,-46.83987319568049,4.326385428091277,1,1,7,13.831097449333082,0
singapore-hollandvillage,72e9c0a7-1a91-48ae-b122-b596cfba29d3,5.585037199131529,6.085539115538506,0.5005019164069772,1,1,8,14.126126129184078,0
singapore-hollandvillage,0810abce-1f25-4342-98f6-2077452fff05,-95.66940200228926,-101.03102568049975,5.361623678210491,1,1,13,24.40093479067985,0
singapore-hollandvillage,17f09c56-12dc-451b-987b-c9010fd490a4,-0.7141421567605818,-1.087993686186364,0.37385152942578226,1,1,5,9.283154233270587,0
singapore-hollandvillage,6d505ca0-17cf-4d61-bc5f-bf35c7d7d534,0.31842971153323824,0.31842971153507027,1.831999496522986e-12,1,1,19,37.07519295932949,0
singapore-hollandvillage,086476c0-4c20-4b36-b092-16ae5cb0478e,61.4017077012429,66.94254607686175,5.5408383756188435,1,1,7,12.043871931245214,0
singapore-hollandvillage,3a21b712-dacb-43dd-b4e8-f07ebc31eea2,86.76122655132113,90.02828300629282,3.267056454971694,1,1,13,23.25189821667147,0
singapore-hollandvillage,5f20e525-37aa-42c4-b2a8-5ee70cc52cb2,65.19168377463832,74.35743514314741,9.165751368509097,1,1,5,9.063182962985616,0
singapore-hollandvillage,46ea47e9-9af7-446c-9f34-1e75d7c87c03,1.3476391851922696e-09,4.052117500826223e-07,4.0386411089743003e-07,1,1,5,9.920121101825147,0
singapore-hollandvillage,19d59920-08a4-49f6-8e0c-4b5941807675,-0.6418084952296507,-0.8462680831831579,0.20445958795350722,1,1,8,15.71445438568134,0
singapore-hollandvillage,cca504f6-d3e0-442c-958c-7ef338b62157,-98.26034656637935,-105.74184224253268,7.481495676153332,1,1,16,29.989435264388202,0
singapore-hollandvillage,304e3953-b894-44d8-9090-0491a619bd83,63.17189231377998,70.91857491841445,7.746682604634474,1,1,6,10.365668585491763,0
singapore-hollandvillage,df8797f5-6bd9-4c2a-9065-00188b8f37fa,-0.031693696420410984,-0.054045708587799654,0.022352012167388673,1,1,7,13.44770033689204,0
singapore-hollandvillage,baccdcb0-a162-4719-9827-85ad7a860297,4.5491830644994335,5.548065336749795,0.9988822722503619,1,1,26,46.87355137946858,0
singapore-hollandvillage,6bf18302-6a67-457a-8753-b1070913748a,27.545430871686847,28.548700273768258,1.0032694020814112,1,1,16,28.61392629595894,0
singapore-hollandvillage,2e2a4eee-6ab0-4a41-8ac1-fa2afc0adc43,6.319477174368549e-08,2.6823571863355878e-05,2.6760377091612193e-05,1,1,11,20.098906157332934,0
singapore-hollandvillage,58c8d6bd-49c7-466e-b43b-8d3428216851,92.04600103862695,108.69448737110184,16.64848633247488,1,1,6,10.697801166892607,0
singapore-hollandvillage,33382a3a-a191-41e0-a45b-5f1d8fede989,2.3655864305461476,2.78501409992632,0.4194276693801726,1,1,7,12.640482097486077,0
singapore-hollandvillage,09c89c91-4284-48e1-b253-4729803443ae,-0.0002334173517799182,-0.0002532557115409764,1.9838359761058226e-05,1,1,8,15.09283677054411,0
singapore-hollandvillage,4de61fbe-c896-4ce1-ae3e-ff75c94b1ef0,-10.286989658607252,-12.187959286415387,1.9009696278081347,1,1,9,16.841804553781085,0
singapore-hollandvillage,ee311e33-a409-4159-b6e3-a72c987633bb,1.078822031854713,1.0788220318486064,6.106664988409952e-12,1,1,11,20.352096028744945,0
singapore-hollandvillage,de191836-8257-4894-8ea4-63241fa63d8c,-1.044637479487626,-1.0446374794871172,5.088887490341627e-13,1,1,14,27.148757757980498,0
singapore-hollandvillage,0f7c650c-579a-40e0-90f6-c7c3e7125eb5,-86.15897052305478,-91.01969572104271,4.860725197987921,1,1,14,27.30526559210204,0
singapore-hollandvillage,f36262fc-16d6-4c4f-a4da-d19942c2e838,2.8233982773107344,3.2436375521072014,0.42023927479646694,1,1,7,13.680008499929594,0
singapore-hollandvillage,df599c1c-0751-44d1-b4e7-a5d5f1f2da49,107.87227630281542,115.21601893640918,7.343742633593758,1,1,9,16.240172839066165,0
singapore-hollandvillage,3a7c5768-a24b-46d1-815f-7aab39f4d64b,1.9672788593512753,2.123650007260367,0.15637114790909176,1,1,13,25.759879342083224,0
singapore-hollandvillage,19f10458-1ae4-480e-ace1-3bf4320954b0,0.06827295830210009,0.06827295830545876,3.358665743625474e-12,1,1,5,8.931060964528116,0
singapore-hollandvillage,2eecb073-b6b8-4c98-bcee-93180707901d,-121.03044670027859,-130.655712988837,9.625266288558414,1,1,8,15.792256704568572,0
singapore-hollandvillage,47787585-0e9b-454a-8ec4-5689c8207485,-0.4582129428748762,-0.45821294287304415,1.831999496522986e-12,1,1,5,8.536027766176936,0
singapore-hollandvillage,f87015f0-6119-48dd-9181-fa16c0cb294c,2.2478520586448916,2.3752307500968493,0.1273786914519575,1,1,15,28.59642257058745,0
singapore-hollandvillage,ced7f6d4-a26a-4721-ad7f-caf937b63f07,18.624607453959666,19.380369221607793,0.755761767648129,1,1,15,29.976938194703703,0
singapore-hollandvillage,5fedd07b-9628-4ed1-a04c-157fb981748c,-3.4349990559805983e-12,0.0,3.4349990559805983e-12,1,1,6,10.471866041145528,0
singapore-hollandvillage,15b69e8d-282f-4ddc-9cfa-8d95f018f3fa,-87.53864670706106,-90.53936757408088,3.000720867019831,1,1,15,26.565350542809508,0
singapore-hollandvillage,e804cb3a-32d8-44b6-a88a-de1b1b8dd6b9,16.06295134994901,16.936593926337316,0.8736425763883082,1,1,11,21.408259335890317,0
singapore-hollandvillage,3406d231-acb3-4b0a-ba40-32b47c7cddcb,96.69756014671457,104.18984936551537,7.492289218800799,1,1,9,17.35197466061803,0
singapore-hollandvillage,a29ddeb4-a909-4bf4-8b0b-5158e9ebd0f4,68.3953192398951,81.9943116600738,13.598992420178705,1,1,5,9.735845481824633,0
singapore-hollandvillage,8c49e42b-6e3d-4efa-86a3-e035ed1ca007,0.49281637350473434,0.49281637350939067,4.656332053662588e-12,1,1,9,17.07472752648195,0
singapore-hollandvillage,b8f4290a-c785-4df7-bd17-1c0c2e5621e4,80.1534499365227,89.0154872779929,8.8620373414702,1,1,6,10.701512065180887,0
singapore-hollandvillage,0961b0bc-72ac-4ad8-9cd8-ff734f986ccb,-0.3446722024538874,-0.445226788548282,0.10055458609439456,1,1,24,45.530632483052536,0
singapore-hollandvillage,d0d4c239-a724-4447-88c0-36439eafbe39,-90.36657972131312,-96.64043065908308,6.273850937769957,1,1,11,21.0596977674361,0
singapore-hollandvillage,669ff49c-6877-4769-9746-87e83502e674,-108.98855443271987,-118.04666400984443,9.058109577124572,1,1,11,20.157231214491947,0
singapore-hollandvillage,09a2c14f-7d6a-48b4-9425-30209d289213,61.67178486181369,73.24323794212668,11.571453080312988,1,1,6,10.972136027735562,0
singapore-hollandvillage,62927252-4b14-4e0c-b068-ce5a25bfddae,99.96500105532871,110.35473466199541,10.389733606666686,1,1,9,16.057193361020964,0
singapore-hollandvillage,b217943c-2e92-4c5f-972a-064c598dc898,77.59865079338714,87.67842738095021,10.079776587563066,1,1,6,10.547485906870723,0
singapore-hollandvillage,3a2cd451-ce80-45bf-8886-c66d59ca3dfe,-92.32199556300631,-96.68742198360688,4.365426420600559,1,1,17,33.430899665083956,0
singapore-hollandvillage,c77f8c61-0f95-40e8-a3af-281927c47ae4,80.5488057088798,92.16116979793368,11.612364089053877,1,1,6,10.23978101696439,0
singapore-hollandvillage,572d6ec8-8f4f-40be-a134-ef61e32f9ee4,-12.186989980624938,-13.02534069902643,0.8383507184014922,1,1,9,17.297270877132405,0
singapore-hollandvillage,2727e7d1-3750-473d-b785-3cdf7f1e5cbd,-83.95174745411795,-90.1179092303812,6.166161776263258,1,1,10,19.163002167790633,0
singapore-hollandvillage,fa9c387e-c761-4246-96ec-3144a9e1bcff,0.731868456443247,0.8428189075848366,0.11095045114158959,1,1,9,17.428036398524107,0
singapore-hollandvillage,ac35dcec-456a-4063-b315-7e74e0c42b2d,-84.2212497894684,-89.22928341513591,5.008033625667498,1,1,10,18.101967212895588,0
singapore-hollandvillage,0a8d3528-8553-4c5c-92a0-785b41782631,79.18184589743981,89.89814442264421,10.716298525204397,1,1,6,11.802392187282162,0
singapore-hollandvillage,f2a14094-53f5-4b38-9616-a18a3d983a01,-73.21417766961767,-75.87813564080568,2.6639579711880055,1,1,21,39.30376463616242,0
singapore-hollandvillage,19e73f16-11c6-40a5-bd80-457be775977b,-0.9260234933029551,-0.926023493303871,9.15999748261493e-13,1,1,16,31.17291076683498,0
singapore-hollandvillage,1552e88a-fd0c-4671-a37e-ce20401894e7,81.55821431561608,90.04343687815023,8.48522256253414,1,1,10,18.953433468503608,0
singapore-hollandvillage,d2aab197-36f9-406d-b258-5b795d50343a,-9.780739358551866,-9.780739358548152,3.714887867949387e-12,1,1,9,16.858206992594795,0
singapore-hollandvillage,f5709677-2986-48fe-90b9-bb7d558e96be,-3.2900807013580153,-3.4418900824006475,0.1518093810426323,1,1,20,37.39504891360602,0
singapore-hollandvillage,20ab782e-c493-4475-8ae3-76c6ccabd14d,1.1583427483265417e-08,2.0877263750098266e-05,2.0865680322615e-05,1,1,6,11.12686838157936,0
singapore-hollandvillage,2ca77bbe-4fc5-4fe4-9668-c6b2b0d4ed8f,-24.442242826208737,-26.56094764500629,2.1187048187975552,1,1,15,28.427994978228867,0
singapore-hollandvillage,2fa3f586-2d9e-4a4e-98fe-b7db7a701bc2,84.37366036764145,92.10446314751233,7.730802779870881,1,1,8,14.110692511415932,0
singapore-hollandvillage,a432b7b6-b6ee-4533-851a-e107908addee,47.16141167824046,50.56853165908856,3.407119980848102,1,1,9,16.160496803972766,0
singapore-hollandvillage,91d97b04-e9e5-4ddd-988b-d8c5de13bb07,3.488073759993847,3.6968574508262613,0.20878369083241438,1,1,18,34.168696214142194,0
singapore-hollandvillage,c2eebc4d-3161-4a7b-82bc-0b720857795d,-93.28264730604158,-103.58300875984182,10.300361453800242,1,1,6,11.935546293016065,0
singapore-hollandvillage,8e720670-3c50-4bee-b4af-664ac30d19b5,65.04446173523084,73.37647117516981,8.332009439938975,1,1,8,14.462641951181979,0
singapore-hollandvillage,0fe26700-bbb7-468b-9cc6-678c9d1e8732,6.112293842529429,6.633220994306586,0.520927151777158,1,1,9,17.79515738007595,0
singapore-hollandvillage,74b5a0d7-731d-4fe8-82d6-7ce0b4a58bd1,0.18239132527192065,0.18239132527179344,1.2722218725854067e-13,1,1,5,9.710552675265085,0
singapore-hollandvillage,05c77fa0-fe5a-4d23-ad70-93ca4147cb6e,-79.9793834426411,-87.67910196606626,7.699718523425165,1,1,7,13.189911106389559,0
singapore-hollandvillage,fcd36acd-fd35-42da-9b87-4d6834bb6d1f,63.02726559105998,72.16476881685266,9.137503225792681,1,1,6,11.714220546712003,0
singapore-hollandvillage,88cccff1-ac5d-4f70-9c01-b901bd1af0f5,-1.4246050432121389,-1.424605043210943,1.1958885602302823e-12,1,1,16,31.524101463649615,0
singapore-hollandvillage,15295c1d-9cfa-40d4-a269-a030df137514,-0.49838973000588316,-0.606150786365485,0.10776105635960187,1,1,5,8.792786690333564,0
singapore-hollandvillage,42130ae4-c1d6-4e4a-b3e7-32588a5f91a0,-122.65452178753236,-130.8005525009268,8.146030713394449,1,1,9,16.369967817250807,0
singapore-hollandvillage,e6987883-6f3e-4700-82b4-61b746a4034b,1.4682573311874325,1.6033256951023833,0.1350683639149507,1,1,12,23.982726632054927,0
singapore-hollandvillage,9fbb6527-f9ed-4f22-97bc-bda5c78c66b1,2.7715432341449553,2.7715432341459985,1.0432219355200335e-12,1,1,10,19.336326749631628,0
singapore-hollandvillage,f73c9646-b8b4-4800-bd0a-8859b3399b30,-87.17339512770684,-88.60332617189121,1.4299310441843618,1,1,18,35.033300637506194,0
singapore-hollandvillage,045902d1-898f-41d0-a19e-178857171f08,78.81469792120828,85.98124147914383,7.166543557935555,1,1,9,16.00378574346464,0
singapore-hollandvillage,f4ba3259-b65e-4a79-af4a-da3000cdd5cf,-0.707206892924877,-0.7072068929263019,1.4248884972956555e-12,1,1,6,10.17261795159513,0
singapore-hollandvillage,c71b4e34-3a55-4781-8a31-ceda34a2014e,-69.12028807856254,-73.24228713307704,4.121999054514493,1,1,16,30.311531068009874,0
singapore-hollandvillage,9d3ed4e5-2b21-493e-bc91-9682966dcaab,-1.2807748972186022,-1.2807748972162611,2.3408882455571482e-12,1,1,7,12.817136810885895,0
singapore-hollandvillage,fd869724-2714-4f69-aa28-33b68b2b5e35,0.46755500844330156,0.46755500844760167,4.300109929338675e-12,1,1,8,15.309911009073659,0
singapore-hollandvillage,8fc722c6-43f6-475b-90c2-2e3228a703a9,-77.04845372932338,-85.2643023469486,8.215848617625214,1,1,11,20.678735545276286,0
singapore-hollandvillage,a6e5fb6a-a93f-43f0-a424-48ab03410334,-10.822112702138151,-11.876734553788879,1.0546218516507284,1,1,10,19.2410654169009,0
singapore-hollandvillage,5e5744f3-1cba-4b4e-8688-9e499d67cfd1,-80.98059256792821,-84.50350017955357,3.5229076116253504,1,1,22,40.97438258878766,0
singapore-hollandvillage,4be96c6d-80a2-4811-a896-cbcb4156dce4,52.14414560426854,62.01391726154042,9.869771657271887,1,1,6,10.672685100231753,0
singapore-hollandvillage,df11262e-5222-4b42-83a6-dee1e660673c,40.64870615441877,44.33743085988596,3.688724705467198,1,1,7,12.621104350748864,0
singapore-hollandvillage,66a7510a-7017-4295-be9f-728cc152a0b6,76.49931273147466,80.5854181388468,4.086105407372154,1,1,12,22.620328046944447,0
singapore-hollandvillage,12f98e73-ad2c-4add-af2b-4b1a767ebc3d,-0.38585973628483533,-0.38585973627669307,8.142219984546603e-12,1,1,7,13.739777612712288,0
singapore-hollandvillage,4cfc7e88-950a-4bdd-ada2-9ec590b39098,-6.366500408329445,-6.722382972415478,0.35588256408603364,1,1,12,22.641608659544065,0
singapore-hollandvillage,6c0ede23-fcf2-4751-a0b6-f150f120fa98,47.82250221246469,54.902143827487855,7.079641615023169,1,1,6,10.99618697415428,0
singapore-hollandvillage,405eac45-87e5-4ab8-bcbe-ea5cbbef06f9,-0.4992963440448078,-0.49929634404516404,3.562221243239139e-13,1,1,10,18.108379835429513,0
singapore-hollandvillage,0af0de06-0b78-4657-89c3-55d1a88a6096,-0.9031494112429761,-0.9031494112457495,2.7734436822361865e-12,1,1,9,17.67257944639983,0
singapore-hollandvillage,e3d8f294-728a-4b05-b117-7f97ef86e07f,-0.9031441851747527,-0.9031441851766611,1.90833280887811e-12,1,1,10,19.453536244496203,0
singapore-hollandvillage,e68d9221-46e0-45a9-b0a0-0113ae2552ce,-2.912689000351483,-2.912689000352145,6.615553737444115e-13,1,1,4,6.166627944804251,0
singapore-hollandvillage,907adec0-e3c2-45a4-b6a8-89fcdda0a4e2,-2.9126879818384883,-2.9126879818337557,4.732665366017713e-12,1,1,4,6.3454807315329225,0
singapore-hollandvillage,7f8ca676-7aa0-499f-b5ab-d3ab52e107f8,9.541732674755282,13.201660237553076,3.6599275627977947,1,1,3,5.990991835984895,0
singapore-hollandvillage,b4cf7e40-3bf8-41bd-abe2-6484d1c6bbfe,-5.393586409936453e-07,-5.393590989935195e-07,4.579998741307465e-13,1,1,9,16.78632595941751,0
singapore-hollandvillage,b846fcb1-9e13-431b-80ba-0e7876e4330f,7.435882400887185e-10,1.410989982226409e-06,1.4102463939863202e-06,1,1,7,12.834335773658129,0
singapore-hollandvillage,2331cb6f-c7f1-4ad1-9790-9d312ec6eec5,1.8564261564766255e-10,3.821191165401381e-07,3.8193347392449044e-07,1,1,7,13.39895163685218,0
singapore-hollandvillage,4648dd96-5c39-479e-a038-490e8ce29a16,1.9467539094301894e-10,3.833048782142626e-07,3.8311020282331956e-07,1,1,6,11.309278268316842,0
singapore-hollandvillage,69cb26db-6941-4ccc-b829-84264dabf9a6,3.4543368284438965e-10,6.634718487732742e-07,6.631264150904297e-07,1,1,6,11.03158765166484,0
singapore-hollandvillage,5240391d-20ef-4c8c-b278-14b3e49733ab,5.47503227310875e-07,6.789291918585621e-07,1.3142596454768717e-07,1,1,6,10.737032092305459,0
singapore-hollandvillage,8e39d760-0ac3-4a6e-9c7a-59108ecfc132,1.070246349245835,1.2914377259622716,0.22119137671643657,1,1,11,20.66459126362598,0
singapore-hollandvillage,6b48621a-6b7b-4b63-86a4-1c2392ba96fe,1.2861502307492312,1.3932134681058168,0.10706323735658568,1,1,11,20.915985267541327,0
singapore-hollandvillage,e043ee5b-d79c-4853-b5fc-f0eca109a165,1.1088707631150567,1.1645277248444081,0.05565696172935143,1,1,17,32.175406241076026,0
singapore-hollandvillage,fd1c44d2-43f9-4cb0-aecc-09b83f37f318,6.005390392007128,9.237110438962201,3.231720046955073,1,1,14,26.619619759506424,0
singapore-hollandvillage,62db7286-0546-4f25-b6dd-ec9d1247f234,82.99349748624608,94.04370181530172,11.050204329055624,1,1,7,13.602788816552554,0
singapore-hollandvillage,c7208206-4018-428d-b46f-9c3e39ac032a,-1.9917682876449605,-2.0641022581938264,0.07233397054886583,1,1,23,45.748612559186626,0
singapore-hollandvillage,dc2f94a3-170c-4b9d-8af7-b4954fa240db,-1.9498538368303833,-2.0641051249271722,0.11425128809678868,1,1,23,45.863354772026554,0
singapore-hollandvillage,71819e05-d3c9-4eae-860b-19b74b4f1a33,-1.9563287889459673,-2.064102853167036,0.10777406422106844,1,1,23,45.98595433210704,0
singapore-onenorth,345b7add-6ef7-46ea-9589-00c1173aaf16,-5.268483614454422,-5.54636407634976,0.27788046189533794,1,1,17,32.198579979588,0
singapore-onenorth,2ed27d5e-ed15-4643-8329-b6a800c8fa5d,3.395652222066074,3.968881128317606,0.5732289062515321,1,1,5,9.893776479712468,0
singapore-onenorth,e1108c56-6b96-4386-945a-e2a1aebf6e20,-95.43383113402778,-100.1491752352901,4.71534410126232,1,1,12,22.15803853782772,0
singapore-onenorth,849042ee-2461-42f7-93bd-7ac7da4b831b,101.3897816397229,106.84496320918225,5.455181569459354,1,1,14,26.187257152304134,0
singapore-onenorth,d98ade05-8b95-4124-807c-6d7f1ab205e3,63.38278500753463,73.55258840916254,10.169803401627915,1,1,5,8.334248930013306,0
singapore-onenorth,1850290f-05ea-41fb-9492-d9c6cb0001bd,0.02378372809124999,0.070690002881075,0.046906274789825016,1,1,8,15.961932742327607,0
singapore-onenorth,b9c3098b-10b4-4164-87ac-0fc95909c6c6,71.66752497348169,81.95194293873047,10.284417965248787,1,1,7,13.921416374201769,0
singapore-onenorth,45df1a62-9561-4579-907f-4be0c3eef6c5,-65.05752741123223,-68.10310053204826,3.045573120816031,1,1,17,32.40978137387953,0
singapore-onenorth,366f9693-2ba9-499d-9371-8b0e40472555,67.7856016630231,77.00171547868644,9.216113815663334,1,1,8,14.346263196764319,0
singapore-onenorth,4f63c85f-8fa6-425b-8c02-ef60bb153f58,2.1567402907432593,2.365679095820615,0.20893880507735554,1,1,7,12.676844781649649,0
singapore-onenorth,fba5e722-7794-41b3-8b0b-dabfb6d1ec94,82.87360156551514,90.29209502628726,7.418493460772114,1,1,12,22.994051358567297,0
singapore-onenorth,7a397472-cfd9-4f21-a8ad-c0d7e7a1dddc,-9.536575156900208e-11,-1.1508231537264385e-07,1.1498694962107485e-07,1,1,7,13.498965481439093,0
singapore-onenorth,5db837c3-4836-49d6-a161-2079dd16059e,112.904938801261,116.77857562944133,3.8736368281803477,1,1,18,32.60746084026893,0
singapore-onenorth,1ed998ee-2e17-4b90-8d74-8c31f67a85d6,-93.39884306664612,-98.4218399153471,5.022996848700974,1,1,16,29.369491976553288,0
singapore-onenorth,cbdb7cdd-aa68-4a33-bbf4-4b5e8892ea3a,-1.8450928082613536,-1.4704655182105393,0.37462729005081447,1,1,22,41.82972452236568,0
singapore-onenorth,c4173049-a5b7-44ec-8713-8de06877fc7b,-76.1952022557779,-76.19530388837359,0.00010163259567772434,1,1,21,39.71515467093886,0
singapore-onenorth,940a223e-713f-4fa8-9e9b-710fde9d9beb,-0.031098628954422447,-0.08037932826931571,0.04928069931489326,1,1,17,32.36457593406831,0
singapore-onenorth,111111f4-5271-4344-8d76-42c0e8e2dab5,-104.13283506804243,-104.13309809811868,0.00026303007626319306,1,1,21,38.56278399998896,0
singapore-onenorth,9557f8ae-b6c5-4673-be48-f2ac5673f4f3,-1.9874445162327754,-2.14761784120123,0.16017332496845446,1,1,8,15.747649659103,0
singapore-onenorth,9b76cd1e-5d2e-4848-b4e8-16681d8a4f14,0.03169688097195557,0.0470023250570139,0.015305444085058326,1,1,8,15.083937619889085,0
singapore-onenorth,2cfb9e03-b838-4132-bf8a-f7bdb36a85ef,51.49089168690271,56.59227766258492,5.101385975682215,1,1,20,37.88146851672694,0
singapore-onenorth,433e8386-c936-4914-aebc-88002a3f21d4,10.625616465034465,11.296852078271495,0.6712356132370302,1,1,10,18.608438966560566,0
singapore-onenorth,a3fe7b8f-8274-414d-a0ca-5f0b199babb9,5.899995598540947e-05,0.0035044748872076546,0.003445474931222245,1,1,18,35.32473462988494,0
singapore-onenorth,8a786acb-4142-46e0-ada9-c7d8769bd901,4.056062151964361e-08,3.7369081660310195e-05,3.732852103879055e-05,1,1,9,17.324831072557426,0
singapore-onenorth,f3b40393-5301-4a20-a3da-823c5c1d129f,-0.0004988412006690234,-0.0004988412035951337,2.9261103069464355e-12,1,1,4,6.365941234329615,0
singapore-onenorth,75f44502-0089-487d-9f7c-6b847dc65e65,45.19960248114168,51.546639082510424,6.3470366013687425,1,1,5,9.149971923145834,0
singapore-onenorth,a45c6a73-32c0-4be6-b3cc-7d48e6075a56,83.14607883644007,90.39559813004685,7.249519293606787,1,1,9,16.207724733740953,0
singapore-onenorth,724d64b7-13bb-410a-8643-eeb40fadf30f,9.388997419680301e-12,1.0380821591547885e-08,1.0371432594128203e-08,1,1,22,42.697856571962554,0
singapore-onenorth,3713d00f-8a9a-41db-afdc-27e4f73de78b,0.09000096304345417,0.12367413765879927,0.033673174615345094,1,1,13,25.978408207745968,0
singapore-onenorth,2c9a9c48-7cd0-42ae-9cbf-1ccb4d872113,47.79014382632204,56.75631322480795,8.966169398485913,1,1,6,10.576834587279892,0
singapore-onenorth,495981b7-1e5d-4e0f-a6c4-2db0c60c87fd,38.26991016419943,41.57528838033595,3.3053782161365186,1,1,12,23.674111418772966,0
singapore-onenorth,1a0233ca-f0c9-4416-84c8-e823c9084770,-2.293928979855918,-3.5017922854220336,1.2078633055661159,1,1,6,10.970847099620121,0
singapore-onenorth,1c229225-fcf4-470b-a247-be14d91295cf,-2.188192738130197,-2.4754070252494618,0.287214287119265,1,1,20,39.23863505702864,0
singapore-onenorth,557d3a49-3673-4cae-9666-9c513893195b,-6.22609627152276,-6.714167238341866,0.48807096681910606,1,1,13,24.51542467423369,0
singapore-onenorth,9bc140ea-b31a-49c0-bba8-26b4d05319fa,23.44616896594431,26.387275201497324,2.9411062355530166,1,1,6,11.418344442484914,0
singapore-onenorth,2ea9b9e0-846e-4898-8464-f7dd775f5b33,2.4273894095623496e-07,0.0001888643305233698,0.00018862159158241357,1,1,5,9.174065820951135,0
singapore-onenorth,3b4dee7a-61be-4981-b92a-02db8a6ea8f0,68.00399556564673,76.17627816264199,8.17228259699527,1,1,8,15.018733035451168,0
singapore-onenorth,c5a58331-94b2-4870-a081-c1294f8ab043,5.824705303791212,6.299927580216842,0.47522227642562903,1,1,8,14.958616917371078,0
singapore-onenorth,8b570550-3baf-45c9-9add-fa134dc79bd2,-10.581696542895715,-11.04175951499382,0.4600629720981048,1,1,13,25.382627413751333,0
singapore-onenorth,a4988610-c52e-4ddd-acc5-a0613df4b44b,13.587353544694249,14.412251377964436,0.8248978332701872,1,1,10,18.18347690746755,0
singapore-onenorth,0dfd397f-f0e0-4d7b-acba-66072007e62b,16.324558921326346,23.014375481752907,6.68981656042656,1,1,3,5.540942736935908,0
singapore-onenorth,fbcfb7a4-cfa9-4002-9dfb-208fbaeec2bf,38.989702444315256,42.227014786993415,3.2373123426781616,1,1,8,15.537984256026295,0
singapore-onenorth,b50a5ae8-8602-4fe5-9dfb-dc4c4cfef841,23.64625643657119,27.131019359110706,3.484762922539516,1,1,6,11.734738393180756,0
singapore-onenorth,7b3161b5-129b-4efa-9b49-a0fc4c125be4,14.818532096551937,12.265564226611154,2.552967869940783,1,1,24,44.313230591110504,0
singapore-onenorth,80e93c85-cf03-42cf-8f53-787b6b37f5be,32.52502086902251,36.80591782061208,4.280896951589564,1,1,7,12.580052452804134,0
singapore-onenorth,f426af22-d65d-4ab4-9d53-991fb082ccf0,36.81932959610354,42.518857321561114,5.699527725457566,1,1,6,11.689806604118802,0
singapore-onenorth,945d0efa-019f-424f-960b-bb78f086c282,3.6048905586986293,3.8835621667566356,0.27867160805800617,1,1,18,33.9313662004664,0
singapore-onenorth,4d9b88e6-bc24-4c1c-a64c-cea608a567c2,-71.38852335498194,-71.5598866796633,0.17136332468136228,1,1,23,43.98412306977715,0
singapore-onenorth,e4d2789f-a3e9-42aa-a3aa-8cf5b0f88661,-0.10453170539544895,-0.10453170539687384,1.4248884972956555e-12,1,1,16,31.099452542570383,0
singapore-onenorth,55c8414b-e49c-4f3c-8442-c425be936a76,-5.211823104111553e-06,-0.0011599069841252082,0.0011546951610210967,1,1,15,28.74782105966398,0
singapore-onenorth,c60e35eb-c0f3-4875-8f74-a25c187c5d20,-35.28740721849367,-38.3205682727811,3.0331610542874325,1,1,9,17.187788004320335,0
singapore-onenorth,5761dcb2-6868-48c1-843c-3a58384b5181,5.983304180981495,6.253590197030671,0.2702860160491752,1,1,23,43.79004839997564,0
singapore-onenorth,fa2e8070-4046-4bff-85a2-ed8f7766cb25,35.16831487843679,38.55053003043107,3.3822151519942794,1,1,7,12.98609466064937,0
singapore-onenorth,91aeaaa7-1d38-4cdf-8e63-7c2b2ca30908,-2.0623150845179152,-2.0623150845176608,2.5444437451708134e-13,1,1,17,33.72844032166196,0
singapore-onenorth,2460a678-3bf4-46ea-a7a9-2ad057b22baa,-82.38675342718777,-88.23675109546446,5.84999766827668,1,1,9,16.299617672971763,0
singapore-onenorth,2e278f90-5065-4396-96b0-3bccb9d21fc8,41.783591540860265,44.6392668614472,2.855675320586933,1,1,9,17.42635447851088,0
singapore-onenorth,799e33e5-f8b3-4e7b-84e7-bda5571c7d70,-0.08133651537238394,-0.11616627708829318,0.03482976171590924,1,1,6,10.268606077992116,0
singapore-onenorth,d117b06b-f99c-4474-82b9-277fd650ae63,3.5971824317454457,3.913615210042386,0.3164327782969402,1,1,11,20.190708014361473,0
singapore-onenorth,09901f41-8268-4bf1-ada5-eaed98b0b17b,-6.554487087560015e-11,-5.110031817863996e-08,5.103477330776436e-08,1,1,5,9.162246711163617,0
singapore-onenorth,897a331b-a3e0-43fa-8f6d-cbb911d23655,-1.9446642030550338,-2.230478093112057,0.2858138900570233,1,1,6,11.536553972589077,0
singapore-onenorth,93a49773-ef27-4c32-9257-26f23adfccac,106.00632246746926,106.19265858985258,0.18633612238332084,1,1,21,40.1723904209001,0
singapore-onenorth,3647ea8d-7f47-484f-8a4c-cb8978b9d1b7,-12.6682313682747,-13.240713682508726,0.5724823142340267,1,1,21,40.41980180173712,0
singapore-onenorth,7c754603-7bb5-406d-ae90-afca151a2145,1.0862322192808183,1.0862322192808693,5.088887490341627e-14,1,1,7,12.327691813794278,0
singapore-onenorth,1d479f70-42a2-4026-9a2c-34914e19bdf6,-4.318407037269559,-4.574875883525201,0.2564688462556419,1,1,11,20.320311333833047,0
singapore-onenorth,c4aac720-2f18-475d-8a59-aa98cc64c884,-1.4935884784152675e-11,-5.301587720775436e-08,5.3000941322970205e-08,1,1,6,11.057648048585971,0
singapore-onenorth,b7f7e3a8-f382-4368-9737-39ee4f428fc2,-73.35586919971514,-77.51750234416626,4.161633144451114,1,1,11,21.798350611225743,0
singapore-onenorth,499785fd-f471-4478-b7a4-eb794bd41760,95.72657368702873,97.96867678390741,2.242103096878686,1,1,16,29.426051199622204,0
singapore-onenorth,a215b390-1b12-4b7a-90dc-fe08e4455996,35.64734472779977,42.40798456375518,6.76063983595541,1,1,5,8.226202475884389,0
singapore-onenorth,c7a6f934-182f-4b8f-b3af-a07826caeafa,30.910483485526136,33.77611656687873,2.865633081352593,1,1,9,17.89956344560427,0
singapore-onenorth,af28223b-2476-4dac-af97-606399f260f1,-75.42444043877846,-75.42452783109616,8.739231769284682e-05,1,1,22,41.5255420206196,0
singapore-onenorth,e99b6f54-344d-44a4-8ab7-ab246be25a7e,-11.193854098685577,-13.797941158769074,2.604087060083496,1,1,5,8.181289941385756,0
singapore-onenorth,a1110a4a-db6f-4c9a-b18e-d81972397e1d,-2.5556865685727828,-2.9013784730631857,0.34569190449040316,1,1,7,13.56745864441053,0
singapore-onenorth,b3a3f4b6-6a50-40fc-8390-ad08f00961c9,77.37567355033936,86.3794460118069,9.003772461467548,1,1,6,11.016412779289631,0
singapore-onenorth,eb3103fc-a7c6-42e2-9c65-320ab6643e5f,2.3075732038784458,2.45159135016437,0.14401814628592427,1,1,10,19.97712373638851,0
singapore-onenorth,77bec862-68c6-4360-ac7a-95a707a9a09a,-4.207022966480264,-4.9055126501922075,0.6984896837119442,1,1,7,12.963269652258713,0
singapore-onenorth,0d978208-0441-4fc4-a688-33e57e650e87,0.0001421377016331805,0.004455706983930794,0.004313569282297613,1,1,18,34.98517514967786,0
singapore-onenorth,a2207822-0442-4689-a586-baf3fe3aac71,-3.269135012230647e-06,-0.0005952820699972242,0.0005920129349849936,1,1,5,8.083338993984917,0
singapore-onenorth,f28ef433-d0c5-4b1a-b837-ec9960713db3,4.7366978398599695,5.001166960645983,0.26446912078601265,1,1,11,20.182686406980423,0
singapore-onenorth,8eedc923-b442-436e-ac9d-2502f00fd284,1.195865179336708e-05,0.0017738052876300266,0.0017618466358366594,1,1,19,36.99665052638232,0
singapore-onenorth,645ed1ba-d46c-40a0-a43f-274c35335df5,68.28434910112199,72.15798115099322,3.8736320498712233,1,1,12,23.200680183844057,0
singapore-onenorth,6a216d9b-f3a6-4ae3-88f0-5cf6969612a6,6.494036193062247e-08,7.547094169501325e-05,7.540600133308263e-05,1,1,4,7.617941454576469,0
singapore-onenorth,8a702c0e-0c56-494e-a823-d8f1e3868bec,-87.95955009481101,-87.95960520043292,5.510562190933172e-05,1,1,17,31.805909487791126,0
singapore-onenorth,0bb6554c-d75a-4dc7-b953-972158f21865,74.26113888358866,77.61661776359335,3.3554788800047004,1,1,13,25.91750786434001,0
singapore-onenorth,78d44cb7-3213-4622-ace1-f1e43a1ac510,13.410783710528255,14.436826879774209,1.0260431692459548,1,1,16,28.54637912215923,0
singapore-onenorth,70eaff4d-03cc-464b-80e3-991dcd83209f,92.91181813700419,98.82810516159958,5.916287024595396,1,1,10,18.341354422822082,0
singapore-onenorth,06d4e467-bc0a-434e-b9fa-a77f56d651fc,94.05882646021139,98.62928931090592,4.570462850694529,1,1,12,22.33052407898982,0
singapore-onenorth,41edc1fb-33aa-4017-94cd-758e38e1e446,12.99167528766172,13.941223332603451,0.9495480449417323,1,1,9,16.635474854395213,0
singapore-onenorth,e6ef7e96-2671-403c-bfca-3b943f2b935c,-8.04197207173074,-11.059447461059518,3.0174753893287787,1,1,3,5.606640910093175,0
singapore-onenorth,f46f90a1-f70b-4f71-93ca-0fbae535e5d5,-8.099937820107842,-8.679467737487808,0.5795299173799663,1,1,16,29.65727457738329,0
singapore-onenorth,a955fe29-c4b5-446b-9cd4-a5da4f2f4227,15.629364593460155,16.938233903361294,1.3088693099011377,1,1,8,15.886244500383816,0
singapore-onenorth,67f20a6d-1d57-413a-94f3-2210a5cc92bc,94.34224503782528,101.1190158635426,6.776770825717325,1,1,15,28.47577917288929,0
singapore-onenorth,7bbeb740-8eda-4134-8896-f00f66246375,-0.2065777948878788,-0.6328713373716028,0.42629354248372403,1,1,21,41.94571874901856,0
singapore-onenorth,0e46854a-010b-4e72-907d-234aedbd3f40,-92.587450670965,-99.18848330964175,6.6010326386767595,1,1,9,16.858643097041735,0
singapore-onenorth,96d889bf-089b-4a8e-b6ff-928d4a5c0287,0.9093643021356964,0.9093643021386988,3.00244361930156e-12,1,1,15,28.591363112858964,0
singapore-onenorth,ca83e919-a389-4701-9cab-4c5a45e879e5,17.83058485232189,20.735456968786757,2.9048721164648645,1,1,5,9.417215768959263,0
singapore-onenorth,af612e02-bf02-4f9f-98fd-c3caf4996e6a,-8.771620225503192,-8.964228010743968,0.19260778524077546,1,1,27,52.13534561948393,0
singapore-onenorth,4ea60f3d-cdba-4905-b6c1-b5a4fd2ae31d,105.89925756475726,112.35042870284646,6.4511711380891805,1,1,11,21.46464631986533,0
singapore-onenorth,6489282e-f0da-4b21-8f85-6892c55a022a,58.913145673325,60.55900269283826,1.6458570195132667,1,1,15,27.048159752089934,0
singapore-onenorth,aec04e64-d0b6-4e90-b7de-3b734c9719c1,2.331191145983246,2.610846255475182,0.2796551094919359,1,1,6,10.161429950573103,0
singapore-onenorth,6d894a52-53a6-4185-af3b-89d1ca37165f,5.2723605109392615,5.5868678971064005,0.31450738616713875,1,1,17,33.00780224243999,0
singapore-onenorth,b9dfee76-caf7-41a7-861f-b1204c29f9b2,-6.048579622784499,-4.621797513747439,1.426782109037059,1,1,18,32.32424842822269,0
singapore-onenorth,006d2ff1-e0bb-4679-b200-a4593b3aae29,-4.990847647002083,-5.22501596777329,0.23416832077120728,1,1,16,30.373373496444955,0
singapore-onenorth,5276822f-4d45-4859-8e81-14d8813101e1,3.101681354481945,3.240788901261911,0.1391075467799663,1,1,15,29.974601322502686,0
singapore-onenorth,d4fd877b-dd15-4ab7-a234-41e98531de55,0.3552824432095558,0.35528244320825814,1.297666310037115e-12,1,1,19,36.751289605881944,0
singapore-onenorth,ac1b4a5c-9c27-4e1f-aea5-87b507ed64a9,-1.77881486391708,-2.2169578580782776,0.43814299416119756,1,1,18,34.36990294730435,0
singapore-onenorth,7fc021a0-acea-4af7-bbd7-662da4123037,24.97519871340444,24.975264757415893,6.604401145353557e-05,1,1,20,38.56885839398169,0
singapore-onenorth,149ba4e0-dde8-450d-961a-186e57666409,-99.39324270853433,-99.39335362713703,0.0001109186026911533,1,1,16,28.700180771177532,0
singapore-onenorth,d480fccd-799e-484f-aa5f-df8a27fa361f,81.06497443826656,87.8223966923956,6.757422254129038,1,1,11,20.128147759162257,0
singapore-onenorth,e6393721-d3df-4a29-9d36-9365e6858fe4,-1.482872943437444,-1.4828729434382837,8.396664359063685e-13,1,1,8,14.897221483862344,0
singapore-onenorth,042d878f-d58f-444e-86d9-578cc82dc45e,-1.5252635684929834,-1.7227456949095037,0.1974821264165202,1,1,8,14.35763779882961,0
singapore-onenorth,90b7c4f9-d7c3-43ba-bec5-378e126028c8,-0.014293016360648534,-0.06799778889123574,0.05370477253058721,1,1,23,45.931168912168246,0
singapore-onenorth,4f1644f2-9255-4935-bd0a-bcf8654b0ee7,42.55445546423094,55.811429412963285,13.256973948732343,1,1,4,7.603171605221547,0
singapore-onenorth,90a6ba20-5eea-464b-b075-be34b59f0cb0,-76.02716442177126,-76.02724043750568,7.601573442818015e-05,1,1,20,38.153556578700716,0
singapore-onenorth,d22273ef-f55d-4974-b562-0070893333a7,0.6966072117950707,0.7045321568524013,0.007924945057330697,1,1,29,54.91629897055091,0
singapore-onenorth,14f61aaf-265a-4e70-918e-1519343a221d,-5.711932616188203,-6.21423015954398,0.502297543355777,1,1,9,16.805519346642495,0
singapore-onenorth,beb55667-14ed-4cf2-9e78-296ba57af72b,7.255268615972247,8.002885597266154,0.7476169812939074,1,1,19,35.31570551253978,0
singapore-onenorth,c2d081c0-b73f-4939-904c-e84c217aba9b,5.859395081959934,6.334857973990453,0.47546289203051906,1,1,25,47.84957440327216,0
singapore-onenorth,cede50b9-fd06-4f84-8091-9278fd1d608d,97.69063381386405,99.38913333294695,1.6984995190828998,1,1,30,55.24119317878001,0
singapore-onenorth,cbc24325-2600-4817-b171-ff27290f8342,2.726901936249748,2.865993510893728,0.13909157464397928,1,1,15,28.18247315422582,0
singapore-onenorth,3d51c431-b799-4962-9502-82028b8f116d,-74.79213917897589,-77.73767494275647,2.9455357637805877,1,1,22,41.76866528199826,0
singapore-onenorth,e442465e-62b8-4170-bf60-0d2c2d1de2ed,3.1546143064814373e-06,0.0008180010281617598,0.0008148464138552783,1,1,13,25.65605600975524,0
singapore-onenorth,44337035-c60c-4f45-9db2-a7f6cb5917e8,-103.42063075734232,-107.61195028092938,4.191319523587052,1,1,17,32.21222902716913,0
singapore-onenorth,5aabfb64-4b2f-41ef-a600-d93ee2485f52,1.0205763861880133e-10,1.240349661344648e-07,1.23932908495846e-07,1,1,7,12.608075191800392,0
singapore-onenorth,31a33616-43bc-4b5f-be67-01d6c98d76ad,1.364759729376026e-07,6.480502205181709e-05,6.466854607887949e-05,1,1,7,12.857615022560863,0
singapore-onenorth,dd70cb79-acf0-4096-b204-66f98ef5d173,14.72743149782171,16.428163012293897,1.7007315144721857,1,1,6,10.435596675014015,0
singapore-onenorth,a2a25289-aa01-4a9f-aac6-32d71f1ac27c,-94.6740878809557,-105.78983985480326,11.115751973847564,1,1,6,11.719570346413581,0
singapore-onenorth,5646841a-29e0-45fb-9247-0f9119219091,10.014214601232704,10.7771816815953,0.762967080362597,1,1,19,34.678134054121394,0
singapore-onenorth,78984bff-5824-4eaa-8241-90773a470377,-1.377239978601094,-1.5366864971121537,0.1594465185110597,1,1,8,14.867516206087533,0
singapore-onenorth,1e3e594d-6c10-4ad2-8e24-198bed9a36ff,63.96451524259201,75.0698586815624,11.10534343897039,1,1,5,8.205094304372688,0
singapore-onenorth,399b6151-df16-4b0c-8d1f-20d03d159d83,0.17464407103011276,0.1746440710249984,5.114331927793335e-12,1,1,12,22.415270906020844,0
singapore-onenorth,c3c04047-f5de-4167-931e-c9b700fdac96,14.653127970436776,18.489510751408606,3.836382780971828,1,1,4,7.7027444830039915,0
singapore-onenorth,80944a94-4480-469a-be00-cdde0d47b511,-5.607077140840459,-6.053076514663904,0.44599937382344507,1,1,8,15.802825117147561,0
singapore-onenorth,eb6798f5-1615-43e7-bdde-b95b55e58c02,-9.004738569195279,-9.592642490621682,0.5879039214264028,1,1,11,20.524509361924714,0
singapore-onenorth,fd6d65c1-2251-4114-86a3-14ef068b94e5,-103.66236958390334,-116.98219106258603,13.31982147868268,1,1,7,13.378262066113392,0
singapore-onenorth,c37e3c30-4ca9-4d99-a0ac-909ca60346b5,81.426915411828,88.33224240817444,6.905326996346432,1,1,8,15.781859106676036,0
singapore-onenorth,752c2a6d-9823-4275-991b-5b5f19945263,-89.1325048210348,-89.13267633228088,0.0001715112460889655,1,1,17,31.16270423734601,0
singapore-onenorth,ed6bcadf-1232-4a58-bfcd-4e17b0ed6a37,15.752551930153443,16.44067757526209,0.6881256451086477,1,1,15,27.438415751450915,0
singapore-onenorth,e86ebeca-69a2-4848-8f40-a1605a3609ae,-1.0501413162093303,-1.1107326462637512,0.06059133005442093,1,1,16,31.722481613667483,0
singapore-onenorth,97fc26db-0e23-4668-8a40-a404ef4bcace,10.28378814615075,11.121550911347175,0.8377627651964239,1,1,20,36.437590155424154,0
singapore-onenorth,aac5ca80-41aa-459d-878d-175578545cbe,-82.67390140342273,-82.99887111151638,0.3249697080936414,1,1,19,35.1347752581308,0
singapore-onenorth,8be6ab73-d549-4802-959a-2d5b05a6329e,7.5828315556144155,8.23027567930169,0.6474441236872733,1,1,9,17.445445637451872,0
singapore-onenorth,2417a646-f7aa-4e06-9a0b-39cd6b79343b,76.3830500355742,88.56435517968825,12.181305144114038,1,1,6,10.30476070747124,0
singapore-onenorth,c9f34b32-516d-4e65-a9dc-3c388aef5141,-0.0003954237829931439,-0.2827788601004568,0.2823834363174636,1,1,4,6.626611628728928,0
singapore-onenorth,cddba705-97b0-44b1-9cba-a5769f669f64,6.441684053942206,7.573159287267632,1.1314752333254265,1,1,5,9.084520304056234,0
singapore-onenorth,137ad1d4-5f89-4e06-a571-cea5e5192dd3,3.335223376290216e-05,0.6371597445384359,0.637126392304673,1,1,10,18.702213021396304,0
singapore-onenorth,afa0bb7f-47ec-4465-b4a7-aef0131ad146,6.392954244297525e-05,0.0036723454939001543,0.0036084159514571793,1,1,13,24.916113683423966,0
singapore-onenorth,1cdb6b20-50f2-4204-89ad-7e7ae3e421ee,11.385847902863645,11.961277183207638,0.5754292803439941,1,1,29,55.40391411706404,0
singapore-onenorth,a4d6b95f-94ab-47a7-ac79-16dae01c44d5,-107.85753909180958,-107.85778316201875,0.00024407020916492639,1,1,24,44.56643181346342,0
singapore-onenorth,af82d54f-77b6-4bcd-84da-8ae8fe416f13,66.18408931366291,69.66243090940917,3.4783415957462545,1,1,13,25.077875570281783,0
singapore-onenorth,86203c5e-72c0-4519-a75f-e78b66ee9265,3.3077768687220575e-12,2.063576955102217e-08,2.0632461774153445e-08,1,1,4,7.8881310627965515,0
singapore-onenorth,3c9656be-19fb-475e-85dd-1558de242a30,-99.19698417426211,-99.1970451711079,6.099684579250557e-05,1,1,14,26.990445950136703,0
singapore-onenorth,0b017756-14bc-4451-949b-2bef62b9f50e,-2.478288207796372e-11,-1.1921884301360548e-07,1.1919406013152752e-07,1,1,4,6.473529579104137,0
singapore-onenorth,dc2cbfb7-e2df-4aea-8c20-93fc427f1263,-14.410253621490437,-15.141973872459292,0.7317202509688552,1,1,23,42.92149468934889,0
singapore-onenorth,d039fc56-1169-4c65-851b-a0a4106168ae,3.1139556700861557,3.4118547051505947,0.2978990350644392,1,1,11,20.53262150512052,0
singapore-onenorth,60e2d81a-cb0b-448d-82b6-4eee61d0e3ca,-8.186890274799332,-9.06707376613911,0.8801834913397787,1,1,9,16.998882265728447,0
singapore-onenorth,a39f817c-e46b-4cf6-90d6-1032d2055267,93.21923308995173,99.53890409637596,6.3196710064242225,1,1,12,22.180353934685158,0
singapore-onenorth,72bc71be-0818-4953-85db-dc0bbf32906d,-15.928386280644569,-16.258354079407418,0.3299677987628505,1,1,16,28.97130887461908,0
singapore-onenorth,4a061dbb-abd8-468c-9d8a-07f617545850,-76.9720298955873,-84.14973841359257,7.177708518005269,1,1,9,16.112780155943028,0
singapore-onenorth,4f2719a3-c740-4dd3-9b88-458fcf34cc46,-122.65489751775176,-128.03354103263607,5.378643514884297,1,1,14,27.583179311884663,0
singapore-onenorth,a00ae725-7f6e-4ad9-9f31-bd070c12839c,0.6298581793827343,0.6298581793848207,2.086443871040067e-12,1,1,8,14.613884682503892,0
singapore-onenorth,c7797683-fceb-4473-9f99-9ff6234300dc,89.68206609488826,92.32079754413884,2.6387314492505842,1,1,15,26.283016158355576,0
singapore-onenorth,a3df1568-109c-4269-9b69-c245903bcb8d,4.7143741835532,4.871366678737299,0.15699249518409952,1,1,20,38.935693991203365,0
singapore-onenorth,1ac4e389-c7d0-4ea6-9506-fe6d8f241352,-4.1189959474214595,-4.63060571532791,0.5116097679064504,1,1,10,18.42404883984345,0
singapore-onenorth,e190a0c9-ab91-4fd2-8089-28feac62938f,-1.4489034984370135,-0.3782083942057739,1.0706951042312396,1,1,20,37.94310431613267,0
singapore-onenorth,5e53e894-e41a-431a-ad8b-5b97fe24ae87,2.6971103698810623e-11,2.225032088508286e-08,2.2223349781384048e-08,1,1,4,7.869629658356914,0
singapore-onenorth,b6ab8d9e-e874-456a-ad2c-c8504d93120e,-68.66253805473492,-71.91383958604563,3.2513015313106983,1,1,21,40.366552137705156,0
singapore-onenorth,2956f3c4-5ed5-4b26-9055-4ced2e22d4ac,4.0645436781662925,4.335844808838352,0.2713011306720589,1,1,9,17.220238124876122,0
singapore-onenorth,62a3f6cc-0f9f-4290-b8ba-ac006a20d416,6.570408807719936,7.289959144539056,0.7195503368191203,1,1,18,33.02963077920137,0
singapore-onenorth,72119307-c9bc-4586-b363-80c07b808569,-9.954578750343384,-11.051247279969745,1.0966685296263605,1,1,10,19.934582075828335,0
singapore-onenorth,8dc9fabd-3987-4a33-ae98-d7caec70fad1,0.010459582312141455,1.0563094794438566,1.0458498971317152,1,1,20,39.50265948778356,0
singapore-onenorth,efb1a7a8-17bf-4d14-a944-9aae68becbd8,3.9565602619879314,4.402646443558437,0.446086181570505,1,1,15,27.392060118616524,0
singapore-onenorth,6ec042df-8212-4d7c-8900-d6733cdd602e,-93.42657107523729,-97.61167580502777,4.185104729790483,1,1,13,25.105817362600163,0
singapore-onenorth,67e95eb1-de21-49dd-bedc-55f2924785b9,72.9355171108344,78.9217042538557,5.986187143021295,1,1,9,16.946533143936968,0
singapore-onenorth,79575047-a180-4c6d-8da6-8ab0d4f27e58,18.94606024335364,20.446043572850265,1.4999833294966278,1,1,8,15.012675600182256,0
singapore-onenorth,25ba9eea-c5b8-4d77-8a3f-f2edf9911917,3.83970135361789,4.07139903451216,0.2316976808942695,1,1,15,28.524877595122028,0
singapore-onenorth,c2355843-ac4e-4773-a548-13b14993e77b,0.023441692385932314,1.368475268145356,1.3450335757594236,1,1,5,9.176979960870966,0
singapore-onenorth,891da66c-1482-4093-b47e-4e989c473c45,45.30330418436428,50.757771828704016,5.45446764433974,1,1,8,14.389000883888173,0
singapore-onenorth,934fb57c-939f-43e1-b07f-405072413f52,6.1753727984776345,6.518722050857106,0.3433492523794718,1,1,17,31.610855978080146,0
singapore-onenorth,dfa7187c-fb36-42ce-ba4b-05f84a905193,1.908830507163553e-05,1.9088305784079777e-05,7.124442486478278e-13,1,1,8,14.387076157253247,0
singapore-onenorth,9c0d6c30-56a6-4046-b0d0-502360380f6e,32.89343645844262,36.8036714690628,3.9102350106201764,1,1,19,36.47205137152169,0
singapore-onenorth,c290b52f-7678-469f-b6e0-665486d4108a,-0.0004703061553346878,-0.04906541676257258,0.048595110607237896,1,1,5,9.627659697130701,0
singapore-onenorth,e6d0da38-e9f0-4d79-80f4-d827800293e7,63.38488263530052,75.14720277602271,11.762320140722185,1,1,6,11.622334637905876,0
singapore-onenorth,77e915ec-34f1-482a-9477-4c90838e3c79,7.684220110415857e-11,2.4536808923368256e-07,2.452912470325784e-07,1,1,5,9.256446573918202,0
singapore-onenorth,7833d138-92ab-408d-915a-5eff6913d59c,7.348859653903105e-05,7.348860127169641e-05,4.732665366017713e-12,1,1,7,13.249379948367093,0
singapore-onenorth,ea8da0dc-cdb2-4b7f-9c5d-6bce6aaa876e,-59.17617354492336,-59.221153729400456,0.0449801844771022,1,1,23,42.82657281952697,0
singapore-onenorth,cb519059-e6e4-41af-be6c-6e5b41e1b65f,8.652851677546208e-08,0.0001595149530161654,0.0001594284244993899,1,1,10,18.26869872667851,0
singapore-onenorth,09476805-ee59-4d83-88c5-ceb38951e759,7.531553485705607e-12,1.0924365664391274e-08,1.0916834110905569e-08,1,1,10,19.24927865016813,0
singapore-onenorth,73f670f7-725c-49b4-a6b1-703901a903bc,2.386113417414015,2.512664797836133,0.126551380422118,1,1,18,32.36851163465541,0
singapore-onenorth,0ebad5f9-b399-417e-af8b-78af948c13dd,-0.0001509335797759752,-0.0054240412198074146,0.005273107640031439,1,1,6,10.945310885190692,0
singapore-onenorth,988bdb4e-589d-4ca1-973c-8afaa122a431,26.93260692968415,30.523845616416686,3.5912386867325328,1,1,6,10.990461507666529,0
singapore-onenorth,594d53a6-35d6-44f2-9ed3-cf74e6a7dd3f,2.5240160582281934,2.690623802971009,0.16660774474281503,1,1,24,45.01461337867604,0
singapore-onenorth,45fd3344-14af-45b8-b0b4-6e0981b01f82,-75.12185008028337,-74.87831510879813,0.24353497148522665,1,1,26,48.10465159550745,0
singapore-onenorth,5cf0a294-e89c-4a22-9625-05c8eceef92e,-83.96733151080238,-90.61095787730116,6.643626366498783,1,1,8,14.607782801129478,0
singapore-onenorth,a993ca29-77df-438b-9617-44203098c785,1.1430743736637494,1.1430743736647673,1.0177774980683254e-12,1,1,7,13.480307679308144,0
singapore-onenorth,8e7b4e47-09fd-4fbc-95f2-1439121393d4,-12.581663169136013,-13.598198179446532,1.01653501031052,1,1,11,21.728568552174732,0
singapore-onenorth,066aaaf5-cb01-4846-a9c5-2fcd60bca00e,2.2289327207696325e-11,1.9257826040824914e-08,1.923553671361722e-08,1,1,5,9.782150338959006,0
singapore-onenorth,b98db0b1-822e-4b13-b48c-dc856126d129,-88.2007196697592,-91.72282724513497,3.522107575375772,1,1,19,36.62552643920034,0
singapore-onenorth,4fa8d8b7-804f-4388-8ec7-8759c63092cf,-7.409420185937408e-11,-5.3604839601449046e-08,5.353074539958967e-08,1,1,7,12.548300017438518,0
singapore-onenorth,37290996-ea92-4ed7-a472-8925708d8991,79.12362937065282,86.68662839289534,7.562999022242524,1,1,16,28.898149444519,0
singapore-onenorth,dc732962-4e53-4996-9860-a31a58ccb2eb,2.646221494977646e-12,4.1953551803499924e-09,4.1927089588550145e-09,1,1,6,11.954668879193004,0
singapore-onenorth,2b11904e-e7ca-4358-a7a8-74ca78203a4a,-78.73304528961422,-78.7331615163856,0.00011622677136123124,1,1,18,34.29181906871166,0
singapore-onenorth,de29d1f4-e7b6-4a2b-807a-8a732704e004,84.14488088292815,84.14497987534679,9.899241863608553e-05,1,1,17,32.17500130349521,0
singapore-onenorth,a17be044-ed45-4925-a826-7d0434794a3b,-116.49126656365189,-124.28381907585559,7.792552512203689,1,1,10,18.01586032515775,0
singapore-onenorth,8a89ac2b-84df-488d-a068-dfd14fd9a386,-86.16104359813282,-89.96108570423849,3.8000421061056766,1,1,14,27.732126093045935,0
singapore-onenorth,34e32298-1f2b-4ff4-91c8-19ee2dbdd3bc,-1.3708611935214208e-05,-0.001791672441402708,0.0017779638294674938,1,1,11,20.324394647891133,0
singapore-onenorth,b26929bd-f977-4fde-a50e-87aa016f1d7e,-68.67527700076204,-75.173746572494,6.49846957173196,1,1,8,15.239132317421667,0
singapore-onenorth,1c4ec44e-24a5-4835-9090-bd6eb5935af7,-4.053855131854987,-4.451717498867278,0.3978623670122905,1,1,7,12.437866516097065,0
singapore-onenorth,2941f360-b2d4-4ec3-ab99-15646b4f36ed,4.314103097715242e-07,0.0003330518352488824,0.00033262042493911086,1,1,4,7.0761905860075505,0
singapore-onenorth,3193fdae-0d0d-40cc-8771-fe650159c503,7.193290409028179,7.670160304839605,0.4768698958114262,1,1,19,34.89335796013419,0
singapore-onenorth,d8f4e605-ad2c-46a7-b593-21121127e1ff,7.236527386115766,7.631680902882134,0.3951535167663675,1,1,12,22.895688287123754,0
singapore-onenorth,2ecd656c-19a9-4f7c-9584-84c62180e268,-24.406703108245775,-24.42094008942904,0.014236981183263333,1,1,26,46.86570286303062,0
singapore-onenorth,b800d942-e446-4b0e-818c-4f76097ab732,-1.024027568433829,-1.1476902854747113,0.12366271704088226,1,1,6,10.289459521030338,0
singapore-onenorth,6654dd3d-6c64-46ae-a8b2-5085bbef0355,-0.004168975980141957,-0.004168975980727179,5.852220613892871e-13,1,1,20,38.25020994304676,0
singapore-onenorth,946ffbdb-e32e-447e-a7b9-e71295dd963d,68.59318821530813,70.570296108823,1.9771078935148703,1,1,14,26.250316084039806,0
singapore-onenorth,04911e0d-bd5a-41ec-9d45-59e334dc1022,70.16435887409723,87.26253245760768,17.098173583510448,1,1,5,8.529493095943552,0
singapore-onenorth,5ae17249-06a6-430e-8748-52a44dd89d99,-101.78539423462823,-107.94356630441405,6.158172069785819,1,1,11,20.21328843527772,0
singapore-onenorth,dbf75989-acdc-4c22-aa02-6e085253153b,37.61228799888766,41.21987927331032,3.6075912744226555,1,1,7,12.320182296431145,0
singapore-onenorth,bfdbd392-4753-485b-96a7-f26ed396ccba,31.508247501770963,34.73463742862912,3.226389926858161,1,1,7,13.86274514912444,0
singapore-onenorth,407155cc-6dd3-4c28-b65c-6cfb87f0bc7e,83.32764629484247,92.2593614591858,8.931715164343323,1,1,7,12.175214535601581,0
singapore-onenorth,a58e5d32-1921-41dc-b65d-1eb16d398181,-41.88528614270546,-43.64592900644883,1.7606428637433738,1,1,26,48.89350311530079,0
singapore-onenorth,42245e79-88fd-4fcf-a7c5-fcd728e20c74,-84.39844399443498,-84.39851095877974,6.696434474571721e-05,1,1,21,38.09156232009185,0
singapore-onenorth,9d48d4b9-4002-4449-96f3-d2da7c68a003,-0.007386458202889352,-0.007386458202482241,4.0711099922733015e-13,1,1,6,11.710723727666828,0
singapore-onenorth,8b560272-107f-4405-b27c-9db28ffa4a14,-91.50225676076202,-91.94313723207425,0.4408804713122174,1,1,15,27.084791286506064,0
singapore-onenorth,9d3ac98a-dabb-4d69-852c-beae83cf2af1,8.197299558298316e-08,5.520785989812318e-05,5.51258869025402e-05,1,1,7,12.205098580964522,0
singapore-onenorth,f35d186d-dc85-457a-bb10-63160fe6dfe1,74.43020476898998,82.65507552699994,8.224870758009962,1,1,11,20.917523218353974,0
singapore-onenorth,f51be9ce-75ed-4408-91df-0abd4a585d51,-4.7453598483113915,-5.2495964892660085,0.5042366409546168,1,1,9,16.154405428465058,0
singapore-onenorth,2a733423-5396-4a21-9273-0e6659950bef,0.0019387389798748826,0.03124113356100157,0.029302394581126687,1,1,13,24.597741386294405,0
singapore-onenorth,1c7d1d8b-950e-4ffd-aac8-ecd420fd6928,6.537743385468095,7.237163420731926,0.6994200352638316,1,1,25,48.20260629592016,0
singapore-onenorth,8114627e-6e8b-401f-b140-21d2739aee12,3.1332164785731804e-05,0.0023510234182292063,0.0023196912534434746,1,1,6,10.097435881599184,0
singapore-onenorth,9f77f6c0-1a58-454d-9755-c4931b703a9e,-4.971518592188793,-5.246360852562174,0.2748422603733807,1,1,21,39.67433206543273,0
singapore-onenorth,630e5d97-123e-4d56-800f-378bef9cfcca,-1.6757594252099801,-1.8218374069357384,0.1460779817257583,1,1,15,28.236603509576373,0
singapore-onenorth,82d0cfc8-d47e-4b12-9ba9-3b8c52c7e99e,-0.00033736039397823245,-0.008376516475634246,0.008039156081656014,1,1,10,18.376198102522007,0
singapore-onenorth,8fb1d7da-03b4-4c9c-8572-ce901b91802b,-0.0004991743654512396,-0.9593201261497801,0.9588209517843289,1,1,6,10.072943938400751,0
singapore-onenorth,9bdc1f6d-0a45-48cb-9772-a76c91e50026,-0.07128099451478723,-0.0712809945110469,3.740332305401095e-12,1,1,7,13.958422436598724,0
singapore-onenorth,44f39d77-1fdc-4909-998c-00f5fbc4d362,-2.9324882546649644,-3.4815483709665918,0.5490601163016277,1,1,5,8.111683271610334,0
singapore-onenorth,c21c7588-04d7-4351-a5dd-1307d62e5935,-0.9074589375009023,-1.015231841463409,0.10777290396250665,1,1,24,46.06520462126904,0
singapore-onenorth,182c054c-f8dd-4dc8-b747-8b0e60e276cf,-0.3430851922327649,-0.359528438265239,0.01644324603247408,1,1,16,30.314480668676516,0
singapore-onenorth,049d3c5c-4856-4f78-94fd-96c34fddf234,-81.59275461017259,-88.52227662482274,6.929522014650138,1,1,10,19.233162043606576,0
singapore-onenorth,5ccbb53a-d75d-4ecc-9d18-767a4e65785e,0.0020721974067236673,0.633964344646927,0.6318921472402034,1,1,8,14.764589753928911,0
singapore-onenorth,df2e1a44-b489-4efe-a541-88091eb50c59,77.97360021443988,82.6140003723516,4.640400157911711,1,1,10,18.02120492781598,0
singapore-onenorth,63b6d6e0-46a7-4b19-99b4-ecf4596d6c6b,-82.74159226260652,-87.50862709385918,4.7670348312526585,1,1,13,24.912424768727096,0
singapore-onenorth,83dcd949-acc1-40ee-80c5-317136ad6dd2,-23.12084962968803,-24.81243229232731,1.6915826626392738,1,1,13,24.801497303912594,0
singapore-onenorth,e4d33d53-fb4f-40c9-9183-fd7d8070475e,113.04806176561567,118.35341908352679,5.30535731791111,1,1,15,28.32580955968222,0
singapore-onenorth,9089bcdd-267c-44b9-bf2e-7cc1c0029fef,102.73190152676665,106.88355367881795,4.151652152051291,1,1,16,30.869406080732425,0
singapore-onenorth,bc7229dc-5f74-42ff-8ea1-1b71b11ddaa7,-0.43227118550287114,-0.43227118550322735,3.562221243239139e-13,1,1,14,27.86694193994027,0
singapore-onenorth,36bcd9da-6fd3-46f5-bcb9-df458815f81b,-9.084348735384076,-10.502536010915522,1.4181872755314469,1,1,7,12.777718682943757,0
singapore-onenorth,d4e297ec-b5a3-41b2-8cca-d408046c3b63,0.00010837412719132455,0.0048659864884990104,0.004757612361307686,1,1,12,22.778866749733567,0
singapore-onenorth,bee327a4-5a94-4dd8-8654-2019168c370e,0.0003776467074652624,0.00844016247317948,0.008062515765714217,1,1,6,10.240609779368276,0
singapore-onenorth,4ffeb3c0-8800-43dc-96bc-cb8bcbcb0901,3.096753976858462,3.244717238073884,0.14796326121542147,1,1,12,22.86848086700983,0
singapore-onenorth,2a5170f5-2685-4ffb-b21e-ae8d56b95549,11.101030795426954,12.486641855563064,1.3856110601361102,1,1,6,11.348209373293225,0
singapore-onenorth,752a1b85-0c08-44f6-8993-d39867e76608,74.97850253714556,84.40218435195472,9.423681814809154,1,1,6,11.743893700101024,0
singapore-onenorth,7009e98c-4969-4fd8-8289-12075aa068fd,-87.0566985143789,-90.362128124529,3.3054296101500933,1,1,17,33.11413860026537,0
singapore-onenorth,4c0b0f1d-aee6-4eac-b995-1f63c4896dd7,-2.0114849146031464,-2.208149127456784,0.1966642128536376,1,1,11,21.419285833966853,0
singapore-onenorth,c80e93e5-1613-4c37-a80e-32a44b99c361,99.49646404963282,104.71601542088936,5.219551371256542,1,1,14,26.196402966583207,0
singapore-onenorth,2017488a-749c-4774-ac37-07cdb7d5680f,44.43916404736788,47.34572495383043,2.9065609064625453,1,1,11,21.37266981967926,0
singapore-onenorth,0b5bf641-4b16-4c38-963c-74257c3f6271,75.67733375078748,76.46482422473262,0.7874904739451403,1,1,15,27.629717973765903,0
singapore-onenorth,8a2f986a-10fa-4346-b82e-64ab55fa1b69,36.6730211687773,51.45100736126012,14.777986192482816,1,1,3,5.821604373479252,0
singapore-onenorth,5282e4e2-72d9-4eab-83bd-6c4fbb23a877,-7.138164292385777,-7.361214283749131,0.22304999136335452,1,1,22,40.68793167087158,0
singapore-onenorth,d57e42ad-ebd1-4b1b-b864-4322d574550b,15.380006347926763,16.22782679819843,0.8478204502716645,1,1,18,34.33928456980462,0
singapore-onenorth,da39f5a7-d29e-487c-9122-b3dc316614ff,-111.00608351909769,-111.00614903971997,6.55206222758198e-05,1,1,17,31.819638638715244,0
singapore-onenorth,092b05cd-12bd-4b45-ab0c-510c886fa06b,-0.7434972531579958,-0.7434972531600568,2.060999433588359e-12,1,1,21,41.72618857228416,0
singapore-onenorth,5c7f1c12-306b-48bf-a8c2-1b3590c14764,-1.6126755969340787,-1.7177152451033326,0.10503964816925376,1,1,21,38.47546471240329,0
singapore-onenorth,5eead98d-11e2-4b8d-a1e4-2bb87c2a8415,7.109004379387703e-06,0.001113924706681009,0.0011068157023016213,1,1,11,20.03073204090022,0
singapore-onenorth,14c8c18b-b59a-4396-b098-ebe75b00d9c3,-2.3103549206150986e-11,-3.0560474156810736e-08,3.053737060760458e-08,1,1,7,13.209353379662833,0
singapore-onenorth,dcfb8bc1-a65c-437b-8c48-8fa88580c1c9,1.969538673177563,2.338592189040249,0.369053515862686,1,1,5,9.728013022833531,0
singapore-onenorth,60af38a4-858f-4f31-950d-8fe60d6918b8,7.205864686323743e-11,5.696571901113282e-08,5.689366036426958e-08,1,1,7,12.984512233982102,0
singapore-onenorth,43150cc7-fdfe-4e2f-811c-43a13cb923c2,69.50290486370831,73.5787234482877,4.075818584579389,1,1,10,19.239781214048907,0
singapore-onenorth,3986a590-4094-4d2f-b257-9cb1e9268458,-1.3233002067700885e-06,-0.000458929596725681,0.0004576062965189109,1,1,4,6.458777008741026,0
singapore-onenorth,ac022ad2-7185-4aa7-b47b-12e6495ea917,0.4347365640900976,0.5493277879766992,0.11459122388660158,1,1,16,31.999872844364692,0
singapore-onenorth,60f0e483-b420-4f02-a59a-d292c77491e1,42.16446571933113,46.66419159536569,4.499725876034558,1,1,7,12.548365619165974,0
singapore-onenorth,cc24f40a-65a6-45c0-9634-eb7339d8c77c,-4.577007176975495,-4.810075753530804,0.23306857655530935,1,1,18,32.43283861539776,0
singapore-onenorth,3eda1e2e-c8e5-498f-b7ff-c62d4e5d92d0,-109.69560877158891,-121.44034164416459,11.744732872575677,1,1,7,13.718281215022099,0
singapore-onenorth,5265b1e8-6105-43d2-8ca6-8abd97641355,69.02922151292432,72.60838570479963,3.5791641918753156,1,1,14,26.56858730336394,0
singapore-onenorth,86d8f7ae-ee89-484e-96f3-deb2f3d0da59,-6.973430772299768,-7.44091341678316,0.4674826444833918,1,1,23,42.88005336719965,0
singapore-onenorth,d587c1d0-6212-4f0b-b620-05247200f019,4.930452633366555,5.421486231150518,0.49103359778396305,1,1,29,57.2540159622564,0
singapore-onenorth,795cb8d0-73ed-440c-afaf-1f7259dc622a,4.921693745734887e-06,1.5339647422633547e-05,1.041795367689866e-05,1,1,5,8.120602506501573,0
singapore-onenorth,737626b2-b2d9-4922-b3a9-c50cbc749068,-0.4437472402722605,-0.4437472402737108,1.4503329347473637e-12,1,1,25,48.08830566230414,0
singapore-onenorth,38f33ff3-80e3-42fe-82b1-447baa87eae5,-108.52963508402529,-114.68813219228349,6.158497108258203,1,1,13,25.633818884255234,0
singapore-onenorth,251490ea-7144-4bfe-8630-8ae058bf36bc,-8.794110980813682e-05,-0.004637291315338325,0.004549350205530188,1,1,5,9.985793154050459,0
singapore-onenorth,914c7e43-4fb9-415e-b6e9-ce50ea279864,68.11407327237501,73.96960609804785,5.855532825672844,1,1,9,17.536828684473324,0
singapore-onenorth,39604cc2-9266-45cf-a73c-9eae28ff3583,85.0207126734953,91.41634530615596,6.39563263266066,1,1,11,21.00959167100093,0
singapore-onenorth,9420fc03-eeda-47da-9643-65acc6886d04,-4.0621888632772984,-4.404838706915963,0.34264984363866413,1,1,18,34.51333678874771,0
singapore-onenorth,0a73738e-b9ab-469d-85d0-6e44a0184f67,80.83806296888075,89.63319410293052,8.795131134049766,1,1,7,12.014447931986663,0
singapore-onenorth,74ee76d4-03d6-413a-809f-1daf175c3c46,35.71442156260951,40.15736698558781,4.442945422978298,1,1,9,16.33880915547647,0
singapore-onenorth,21b2caeb-335c-46f2-9b78-cee2c80663b9,-22.39272240986323,-24.976908985278016,2.5841865754147877,1,1,9,17.56145853541841,0
singapore-onenorth,b7967676-b5c8-422d-a8ec-ab27bac1e511,-3.4616218288657414,-3.732789006650827,0.27116717778508553,1,1,8,14.331373089853358,0
singapore-onenorth,bce7773a-b2ed-4343-8d60-f23e779c200a,-7.1498869239299855e-12,-1.7761642229789572e-08,1.7754492342865642e-08,1,1,7,13.835810423111633,0
singapore-onenorth,114794ac-5be2-4adb-b9a0-cdf1d8bba222,-62.15800308770104,-70.3750974380619,8.217094350360854,1,1,7,13.54421704078201,0
singapore-onenorth,e127ad90-246a-400f-9e1b-fe4e0beed408,0.2402711439316645,0.3137785137723084,0.07350736984064392,1,1,23,44.961101430347455,0
singapore-onenorth,f78e012a-bcb4-478b-acac-55ad6581c293,-1.9701627918857607e-10,-2.1053063414117672e-07,2.1033361786198816e-07,1,1,6,10.02796645688175,0
singapore-onenorth,95ebf69d-c6ac-49ce-b5ba-473ad8cd822a,-0.734426276154332,-0.7344262761545102,1.7811106216195694e-13,1,1,8,14.120103179741557,0
singapore-onenorth,741c132d-d848-4194-af18-e9068f5e91b7,-1.5899928719210484e-07,-6.25078195135874e-05,6.23488202263953e-05,1,1,8,14.279489487192981,0
singapore-onenorth,92b7b8ee-f5e1-4076-89c6-cc10f5c60d42,91.76570464916719,95.51386903745993,3.7481643882927393,1,1,14,26.921330589746812,0
singapore-onenorth,7ad26b17-9aa5-4a35-9612-33678fccb087,-118.73009410283521,-123.88574412750972,5.155650024674524,1,1,14,27.535119937842538,0
singapore-onenorth,8752d662-4b4d-430c-98ec-f199d87b9b73,9.673246971349206,10.33551437691722,0.6622674055680148,1,1,22,40.34357772986606,0
singapore-onenorth,5d6fb8cb-4cd0-405b-8385-bd05e841381c,-0.03704832617779487,-0.08538850662322942,0.04834018044543454,1,1,8,15.262106889367274,0
singapore-onenorth,bffba7d2-415d-497c-9da5-e7ad0dc8d5c2,-0.0008755385993274007,-0.01348266701450502,0.01260712841517762,1,1,8,14.882768048014839,0
singapore-onenorth,361960f6-5946-4ef4-a2a0-bdc20703c563,59.68389245454785,59.683912160323565,1.9705775718384362e-05,1,1,15,26.507148939141352,0
singapore-onenorth,54d5887e-b534-4c8f-902b-5cbd64d6171c,85.28197119708668,85.32318677185687,0.041215574770191554,1,1,19,36.22571642176601,0
singapore-onenorth,bb48997e-1b8c-44d0-ae8c-eb9374de39a5,15.343589679071712,15.770031998480775,0.42644231940906246,1,1,23,43.64348376656564,0
singapore-onenorth,340e421d-90e2-47dc-9a62-ce0fbf487e5e,34.23081744383418,37.086718929392916,2.855901485558745,1,1,9,17.06161269297592,0
singapore-onenorth,fe980175-368f-47d0-97b1-b5ed89f8ccd2,-0.0011155148959585426,-1.6042628440158162,1.6031473291198577,1,1,9,17.463251927699567,0
singapore-onenorth,6bfa0a6e-fb82-48ce-bcf6-882fa4857e8b,-97.79425580887411,-103.57617126691545,5.781915458041334,1,1,13,24.066827543134853,0
singapore-onenorth,cb9ab5ef-2fd3-410a-86bb-5a7026558f79,-93.84100154953866,-93.84107169690841,7.01473697512796e-05,1,1,14,24.894885802915226,0
singapore-onenorth,bd973523-9fe1-41cf-bb35-50655533e23c,-112.00422012745814,-112.30654162346157,0.30232149600343006,1,1,19,36.614996076774375,0
singapore-onenorth,f5b490c1-fca1-40c7-ae70-aec57510c530,1.89168542486537,2.1488184803900903,0.2571330555247201,1,1,7,12.601333460853485,0
singapore-onenorth,4ce828fe-6d24-41f8-a689-79d645dbe457,-0.16282682553975453,-0.16282682553950006,2.5444437451708134e-13,1,1,5,9.122422930289385,0
singapore-onenorth,ee1b08ea-d720-41ff-9681-70caa04fd9fb,71.78529821324825,76.90089914404494,5.1156009307967,1,1,9,17.6405802818434,0
singapore-onenorth,ce36c8ad-53a5-43e5-91b2-27074dbabbb1,-1.1522366940046306e-06,-0.0005176102617628392,0.0005164580250688346,1,1,5,8.195183906322951,0
singapore-onenorth,304aea59-4706-4dff-b629-8d08d2d26d47,-24.07539870468087,-26.439648913950062,2.3642502092691924,1,1,7,12.14353339645412,0
singapore-onenorth,e1726dae-4aa5-48bd-9737-3db018c86ffa,-0.9243901786083724,-0.9243901786135376,5.1652208026967515e-12,1,1,17,33.466338156602305,0
singapore-onenorth,dfb47d67-eed3-47d8-8bed-10762c6fbe0d,-4.764223923678005e-06,-0.001025895210174274,0.001021130986250596,1,1,4,7.863666913853017,0
singapore-onenorth,3e93a552-29c7-403c-b6f5-ac9d6b4ca24d,0.07252574486637035,0.4769385793561771,0.40441283448980675,1,1,22,43.42728128498314,0
singapore-onenorth,26c04569-f75f-4198-8284-e3a1a5ee9f16,-2.2774126305458626,-2.352128942740629,0.07471631219476649,1,1,23,42.90370704789754,0
singapore-onenorth,c3871bb1-3e6a-4773-bb36-49e817824585,30.577158226143737,34.35540527269661,3.7782470465528717,1,1,6,11.743442281988187,0
singapore-onenorth,95e26a46-95d0-4ebc-9b85-aa13439e8b68,2.191147731153846e-08,7.172503726136573e-05,7.17031257840542e-05,1,1,12,23.4857465905662,0
singapore-onenorth,b843a45f-787b-4249-9961-3a0f69f279bf,-21.92458355374647,-24.90982411517299,2.9852405614265254,1,1,6,10.034533318764622,0
singapore-onenorth,60f0f6ce-0302-439f-8b9f-97726259d6f9,34.945563813495305,39.852108640722136,4.906544827226827,1,1,5,9.191428702422394,0
singapore-onenorth,19b173a7-15e6-4122-8215-2781416e17ac,-5.524531014441489,-5.7993888099851105,0.2748577955436213,1,1,12,23.205164595540133,0
singapore-onenorth,6bfc2a40-a65b-4126-bb34-a4760db82f3d,10.128010501132012,10.427296922123622,0.29928642099160935,1,1,20,38.181449280228506,0
singapore-onenorth,f82f09be-0292-447e-abbd-2724ffa8b5dc,-0.6802359703987051,-0.6289747113285361,0.05126125907016903,1,1,20,37.22204452103098,0
singapore-onenorth,fac06475-cf64-46c1-a4de-a2da7353f349,-1.2597540982340698e-10,-9.563795616086046e-08,9.551198075103706e-08,1,1,3,5.592382973554451,0
singapore-onenorth,49005ede-ee00-4836-866a-e0a68b262651,-99.09234320933568,-102.15640070383171,3.064057494496026,1,1,19,36.24393508774405,0
singapore-onenorth,feefc074-2445-46c6-8145-b5a96636d085,52.010927743521066,52.18196351609625,0.17103577257519006,1,1,18,32.52020781489925,0
singapore-onenorth,4f3bbb5e-0ff3-418a-979c-d71d42f87d62,-82.12350518355049,-87.15778481784709,5.0342796342965865,1,1,10,18.495820262137936,0
singapore-onenorth,8403b2e1-5cf8-4c04-8438-eda468a45c0e,5.300979026438862,5.742663934673288,0.4416849082344269,1,1,8,15.933969976640224,0
singapore-onenorth,935332cb-f5df-4a63-9e0c-926e21f758ac,2.0470049929899194e-10,1.142428524922371e-07,1.140381519929381e-07,1,1,4,6.204532846611647,0
singapore-onenorth,27a29d99-c58a-4438-b5a6-7bf91e1a2888,-105.85581298257615,-105.85588896558944,7.598301328872825e-05,1,1,16,30.20914856403192,0
singapore-onenorth,46393d4a-40a3-4488-88f6-1021f8c3bc88,104.07730015991987,109.83532496741162,5.758024807491763,1,1,13,24.525762199447684,0
singapore-onenorth,67329c50-48af-4d18-b987-b1195d90e7a6,21.25759881894201,24.386440606741267,3.128841787799254,1,1,7,13.332788837874823,0
singapore-onenorth,8a8588b2-ed45-4a89-bec1-9065b8eaea3f,2.150319586818835e-08,2.2293148631423885e-05,2.2271645435555697e-05,1,1,4,6.756815832940812,0
singapore-onenorth,231ce3b9-9f4f-4f59-9fc0-2ebf86f4316b,16.033313108428434,15.695001723693535,0.3383113847348989,1,1,24,45.356816945552545,0
singapore-onenorth,36673daa-f6e3-4663-b10c-8401275b331a,39.16832560032186,44.87097815133668,5.702652551014818,1,1,7,13.926379412956589,0
singapore-onenorth,d31bb58b-f8b7-49e8-aab6-b57400c226cd,35.07236194518554,37.30784163343314,2.235479688247606,1,1,13,24.903591984684642,0
singapore-onenorth,40fac561-9519-4ab2-bd89-3c96a6d8cd89,-7.467674196586224,-8.10080935225312,0.6331351556668962,1,1,8,14.243266208221511,0
singapore-onenorth,9691e029-f25b-45d4-bff5-ccc45efd9a5a,-1.558089792097913,-1.7493881506065316,0.1912983585086185,1,1,7,12.176264908758322,0
singapore-onenorth,70680506-34b0-4aaf-9739-43f2ccefd99e,8.736164001201475,9.393271549572836,0.6571075483713615,1,1,17,31.894075288289933,0
singapore-onenorth,7936519e-05fb-4976-8d07-71fb56549769,3.939566842361585,3.939566842357692,3.892998930111344e-12,1,1,7,12.148796987025174,0
singapore-onenorth,224c317c-cd67-434a-8ac2-9edddabec26c,3.2896772225851594e-06,0.0007098467483143493,0.0007065570710917641,1,1,6,10.419794152298136,0
singapore-onenorth,0f41ec1b-3ff8-46ef-a1c0-01364290f479,-0.3594086626484954,-0.5384214877351675,0.17901282508667216,1,1,5,8.95084341724668,0
singapore-onenorth,b8126ea8-8104-4362-a774-e3830d0c8b1c,8.392486991986248,8.854383713620251,0.46189672163400364,1,1,21,39.724549114170216,0
singapore-onenorth,bf74bb69-3bad-4647-b31e-e2384c93ae14,-49.25412887311544,-54.497709299531174,5.243580426415733,1,1,7,13.642228795699529,0
singapore-onenorth,8dde07ba-5ffe-462d-9632-815a8dcc49fa,-8.060797784701137e-11,-3.193717088957285e-08,3.185656291172584e-08,1,1,6,11.232003315667075,0
singapore-onenorth,03622c54-0a96-48b1-9eda-ee5b5c305218,-2.205921548234672,-2.3947316610808946,0.1888101128462229,1,1,26,49.08835105861504,0
singapore-onenorth,2bba602b-0033-4169-a08c-0a2ae8ec7eb2,-4.43139473816717,-4.926719409800148,0.4953246716329775,1,1,8,15.18656549291345,0
singapore-onenorth,98053670-65a8-4894-b8f6-5c030b30086c,-99.73267558763129,-99.73271522128736,3.9633656083951305e-05,1,1,15,28.440255153568867,0
singapore-onenorth,24ea250f-a99b-48cc-bd91-a3c714b315c1,0.7687330094938852,0.768733009499025,5.139776365245043e-12,1,1,9,16.24952381602309,0
singapore-onenorth,927e9fe7-eb6f-47f7-8aa9-ad694b2983f9,-7.1599304550079035,-7.5598754766424054,0.39994502163450124,1,1,11,20.883103296649836,0
singapore-onenorth,ded3ac2c-099b-40e7-9699-be5677902ca2,4.610532066249514e-11,3.5005897268436116e-08,3.495979194777362e-08,1,1,12,23.674439052770104,0
singapore-onenorth,28d15254-0ef9-48c3-9e06-dc5a25b31127,0.49771361986622487,0.6094914218741267,0.1117778020079019,1,1,23,44.87043906284619,0
singapore-onenorth,876c71b1-a712-49a8-8aed-019d26a207ea,80.78060535414845,88.40232709786588,7.621721743717442,1,1,9,16.246908237813024,0
singapore-onenorth,fafe2e6e-048b-4e96-a3ab-1f69a9249c24,0.5289798275249367,0.6369957506599481,0.10801592313501143,1,1,13,24.50809921464188,0
singapore-onenorth,c379e0d8-f24a-45ac-8c21-c420762ddea3,-63.910757083541576,-64.99562576519162,1.0848686816500377,1,1,20,37.15670087360429,0
singapore-onenorth,84395c05-5f6b-4811-b1a6-dddeef91d960,-7.322469061266841,-7.62528437416474,0.30281531289789876,1,1,16,31.189649822179636,0
singapore-onenorth,735e5600-711d-4eda-b3ad-9e7308d6bfa2,81.04797704274554,89.9858210193858,8.937843976640254,1,1,6,11.49821837386107,0
singapore-onenorth,495bcf26-81ca-467a-822d-56008f236350,80.55088200305349,89.23664782539898,8.685765822345482,1,1,7,12.713737027459265,0
singapore-onenorth,2a35fed7-781c-4c3f-a7d4-8368e415c8fb,30.997431363443205,34.42728253961437,3.4298511761711645,1,1,7,12.561750190988164,0
singapore-onenorth,66c33b96-dc98-43ef-baa2-850a06633f9a,-76.60608431550722,-79.26667686505122,2.660592549544011,1,1,20,38.147755678179855,0
singapore-onenorth,fba98b7f-895d-4371-ad90-ccb466365ebc,-89.5074431040207,-94.75622426149074,5.248781157470044,1,1,10,19.33813004023155,0
singapore-onenorth,70f14d4f-e210-471c-a11b-bb6d81091098,-4.5291098664040475e-12,-2.3229753615911458e-09,2.318446251724742e-09,1,1,10,19.29549446435749,0
singapore-onenorth,4c9e7918-0aef-41da-a4c3-d49347a16089,-2.8155415040000376e-08,-2.770819518524036e-05,2.768003977020036e-05,1,1,10,18.622831384433038,0
singapore-onenorth,c9cc74b1-0297-457d-9ad2-21594ba78480,-3.113763033152783e-08,-2.657699205912187e-05,2.654585442879034e-05,1,1,8,15.530172072474434,0
singapore-onenorth,bc40cbe9-eace-48d3-a686-60b7c7db8db9,-76.71200677487894,-77.33850816386533,0.6265013889863851,1,1,22,40.44149324899055,0
singapore-onenorth,7859cb3a-8270-41ef-b171-b7c190dbbd1b,-9.30936007615774,-9.860711626268198,0.5513515501104577,1,1,24,45.44720793937283,0
singapore-onenorth,1e8e31a4-a3d1-4ed7-960e-9020f36ba614,0.4535382692508666,0.5637895794151683,0.1102513101643017,1,1,20,38.48492742563901,0
singapore-onenorth,8d0c7354-85ea-4de5-856e-b990cdb794b3,74.51777043686825,85.08924690538836,10.57147646852012,1,1,5,9.819429676278768,0
singapore-onenorth,7d858288-43fa-41a4-b11f-b2e38f8403de,72.72862678536615,77.76030062553431,5.031673840168167,1,1,9,17.727038124518437,0
singapore-onenorth,8954bb7c-88aa-4939-8da5-ea12006f0b7c,-12.031200187365206,-14.213618148636824,2.182417961271618,1,1,6,10.838210340147937,0
singapore-onenorth,b9c96243-0849-47f6-8779-2962bf64ac5f,11.538130717669015,13.573346420655959,2.035215702986944,1,1,5,9.677992321326878,0
singapore-onenorth,1657aec3-3ba3-48d2-a2fd-0fba3386a8da,8.601522008137168,11.061030245308194,2.4595082371710246,1,1,4,7.014628413473231,0
singapore-onenorth,82028cd2-4eab-4d17-b961-96604c9c6489,-0.0004093399329149884,-0.31279821199679464,0.31238887206387966,1,1,6,10.28498571352048,0
singapore-onenorth,352996ac-7f8b-4281-a2df-472a7022781e,-0.015582833865877797,-0.05732893876836295,0.041746104902485155,1,1,19,36.115761231705704,0
singapore-onenorth,6d2213b5-d65c-44ad-88a1-f4799e093f56,12.081539895895453,13.917973959261449,1.8364340633659963,1,1,6,10.899458035722343,0
singapore-onenorth,639b9bd4-8cbc-4f3a-8a8c-2189ae997d92,-101.70677985084716,-105.71867928351536,4.011899432668214,1,1,15,26.887258854361917,0
singapore-onenorth,0b725bc8-918b-4736-8dd7-be0ff397a6b8,2.437111754557085e-06,0.0005901634721568255,0.0005877263604022684,1,1,9,16.889223337730627,0
singapore-onenorth,3c6e207e-a1a0-4897-af21-b980da3a6998,-4.236187002699225,-4.722939324328875,0.4867523216296501,1,1,6,11.415746216574991,0
singapore-onenorth,848b6d10-4d3c-4103-9bf2-75e099815e21,44.43209755920935,47.154667535739016,2.722569976529662,1,1,10,18.36416756036856,0
singapore-onenorth,5de09b06-8104-4be6-8145-62f9e25076d3,-72.11144314349121,-72.11165789211931,0.00021474862810263838,1,1,18,32.53158377312493,0
singapore-onenorth,7f6cc3cb-2c92-4bcc-8da8-f511ef7988f5,80.4037763183686,90.29986279022259,9.896086471854003,1,1,6,11.252221494550701,0
singapore-onenorth,5aa11704-3096-49ac-b26b-309e51a1d0b0,-3.7480414578376764,-4.268683268386016,0.5206418105483392,1,1,6,10.708355491795752,0
singapore-onenorth,d5deaa6e-1222-453e-bda2-47613279c74d,13.279569148570848,13.483940428413522,0.20437127984267495,1,1,16,30.096796543357826,0
singapore-onenorth,a42fbae9-f292-4316-81a3-b8c7859fb030,-79.51819408477927,-84.62750606932106,5.109311984541781,1,1,11,21.818301127977044,0
singapore-onenorth,a7e9f1cb-0281-4128-9e84-d2774e1269b5,-29.02680617030638,-30.805262052402956,1.7784558820965763,1,1,12,22.937391216869138,0
singapore-onenorth,4c811d49-2ba2-44f0-8544-470d553c96ff,-67.65710774047135,-70.03051794158296,2.373410201111615,1,1,16,31.365464473604845,0
singapore-onenorth,16385705-3c61-487b-8359-f6a4b31f4399,-3.8307777525032938,-4.232690446493357,0.40191269399006335,1,1,12,23.926796486143257,0
singapore-onenorth,065ac816-ecd5-4c07-b9c2-4633014d7b52,-103.46160888955934,-110.07317870673982,6.611569817180491,1,1,17,31.96550152748318,0
singapore-onenorth,738f747e-c1d7-44e7-92f9-dc763048a2ce,92.58585457247774,102.7890154470763,10.203160874598547,1,1,6,11.526431293202446,0
singapore-onenorth,35fe8ade-7d13-4794-8ee6-68905a7c509a,76.85612417801534,84.20755797270272,7.351433794687381,1,1,11,21.450374236525008,0
singapore-onenorth,138c204c-f89e-47fa-8edf-be3940495d84,-16.50947914206107,-17.66218018957901,1.152701047517943,1,1,9,17.74934207813145,0
singapore-onenorth,cdbc3011-7163-4119-8f8d-da14627b9c75,-16.27896640396692,-16.201261025539328,0.07770537842759091,1,1,28,54.040809615393606,0
singapore-onenorth,901ba24f-9d15-41f8-b258-74b850208a62,-6.89984443709205e-09,-7.552028777189622e-06,7.54512893275253e-06,1,1,9,16.85498904808347,0
singapore-onenorth,d2f0e25d-edfe-480a-b346-1aa1f8ae676d,9.026628955246391,9.80213235854671,0.77550340330032,1,1,8,15.516071231844586,0
singapore-onenorth,0a5a2981-3db5-48dd-833a-4323f88e61e8,0.5208232651482799,0.520823265145939,2.3408882455571482e-12,1,1,16,31.669709170155947,0
singapore-onenorth,da853c25-df5e-4c2d-b310-23b91328e8ec,0.0024474277221960116,2.372220723070894,2.369773295348698,1,1,7,13.073633193447618,0
singapore-onenorth,c605e9f5-b055-4c32-a497-c13d16d91420,-15.390685370808805,-15.852783504188697,0.46209813337989125,1,1,14,26.27265923349726,0
singapore-onenorth,afc678c8-16d8-4fb8-8590-807be0cfca24,-2.2880062935359753,-2.6228542210281973,0.3348479274922222,1,1,23,43.90101606990388,0
singapore-onenorth,8828e24b-6c62-4e6a-a78d-62da75c4f176,53.143489413152814,54.10387186855753,0.96038245540472,1,1,19,34.5277714470625,0
singapore-onenorth,6f4bbf8f-ee54-46e9-801b-1787585a7181,-78.83344816304486,-88.44853808915565,9.615089926110791,1,1,8,15.612003777838481,0
singapore-onenorth,281f3301-fe42-478b-a249-b209d0bcf85a,92.77030059484896,97.44829291317593,4.677992318326973,1,1,12,22.210643772381232,0
singapore-onenorth,35ccc6f5-a151-4831-a47a-326375e514a7,1.7279190251267734e-08,2.0987417605158703e-05,2.0970138414907432e-05,1,1,6,10.490214997284397,0
singapore-onenorth,fea4c05c-c4ce-499d-8bd9-9070f080eb70,0.22655949557590677,0.19784673351378948,0.028712762062117276,1,1,19,34.385176652622285,0
singapore-onenorth,26f99203-0b10-424f-a329-e0ae2e7b9b5c,-1.6128849826874874,-1.7624537497262243,0.14956876703873695,1,1,10,18.457496425502615,0
singapore-onenorth,d3425d1f-137b-4b85-b2b5-474d2179de54,-0.0025737325360628907,-0.2074043050839976,0.20483057254793471,1,1,17,33.189865012444045,0
singapore-onenorth,afc1e4d8-1c3f-49cf-8f6d-4ac1967e5a3e,6.062813803028871,6.62086033244118,0.5580465294123083,1,1,9,17.961739895676605,0
singapore-onenorth,acb9d4ef-9cd2-44a2-9c52-a23059c814ed,12.200842847618027,12.833522257309774,0.6326794096917463,1,1,15,28.533653524791884,0
singapore-onenorth,de53b06b-ab83-4365-ae63-119120d2e06a,81.77389658071345,86.540463925776,4.766567345062547,1,1,11,20.206268944416625,0
singapore-onenorth,0bded406-e18f-489e-a6d6-ccd21e42b3bf,-71.71160805735275,-70.59284160607505,1.1187664512776956,1,1,26,47.47641453973971,0
singapore-onenorth,1886ad3c-1c3c-4ca5-9d36-28a23d765b31,8.347126656045559,8.676407840543721,0.32928118449816207,1,1,15,29.18703496446521,0
singapore-onenorth,2cdb056b-ee11-48f6-9ba5-793ac451d275,3.933982078202949,4.526101331054981,0.5921192528520323,1,1,6,11.084236190617107,0
singapore-onenorth,73f4cbaf-4eb6-44db-8584-70183bc68f87,-9.165514972615288,-9.679969478755067,0.5144545061397802,1,1,11,20.143945959054797,0
singapore-onenorth,25e628c0-3791-40e4-b919-b5f0bafd6640,-2.1031920140660385,-2.5411508768796764,0.43795886281363766,1,1,4,7.318420394812335,0
singapore-onenorth,94254c13-1dcb-46c1-a216-71fc8387c1b6,-10.338846401938104,-11.066584956809066,0.7277385548709621,1,1,21,39.85850313725744,0
singapore-onenorth,ea78ffe6-7890-46c1-b8f1-54f1aa966fcc,99.31693009357045,108.27099137076343,8.954061277192979,1,1,9,16.857060646454308,0
singapore-onenorth,b9be04d5-daeb-4ad9-a2b6-89cf0fbd0270,0.22024739539706328,0.40561858581458715,0.18537119041752387,1,1,6,10.159625532953902,0
singapore-onenorth,c7d8a1f5-4026-4f9f-8487-9e345a4a738c,14.89900570805386,16.29292088591366,1.393915177859798,1,1,7,12.646219557530262,0
singapore-onenorth,3d893d52-0ebb-4458-8738-6bbe98e15ddc,-13.048074093373906,-13.402913898042895,0.35483980466898907,1,1,26,46.607446840056156,0
singapore-onenorth,dcf6554a-2ffd-459e-b363-0ff273d7819c,-0.718534016081735,-0.7185340160864422,4.707220928566005e-12,1,1,16,30.319945371393548,0
singapore-onenorth,6405637f-4b0d-474f-beb3-d18e86067eb0,86.8664345491133,86.86651154051421,7.699140092426602e-05,1,1,12,22.309506182475015,0
singapore-onenorth,45d70af8-7c95-4602-9b17-9d3820ce4ef7,-8.630395258350408,-9.295480419720597,0.6650851613701892,1,1,20,37.84874951429293,0
singapore-onenorth,b6d62d76-5fb8-4406-9c29-9267cbb3c9ef,-1.2921812589436321,-1.2921812589442938,6.615553737444115e-13,1,1,18,34.362410642440196,0
singapore-onenorth,9b492da6-2ed3-413b-a5ba-0631507bba90,0.13848039714417018,0.13848039714467905,5.088887490341627e-13,1,1,8,15.912147793371474,0
singapore-onenorth,3844dd00-12ab-4ebd-8270-c3d016478112,9.55776865391542,11.25006935275044,1.6923006988350187,1,1,6,11.780999336527548,0
singapore-onenorth,6433be56-86f2-467d-a82d-b46f306e3c7f,-9.37265445750507e-08,-0.00019808841300226156,0.0001979946864576865,1,1,10,18.75151406879808,0
singapore-onenorth,02a09992-d89d-413c-b527-105a590c02c8,-1.0027093656777997,-1.0027093656747208,3.078776931656684e-12,1,1,23,44.88803091695605,0
singapore-onenorth,4bfca2e8-223e-4843-90fc-f8a176b38da1,3.687328800273123,4.16574476252072,0.47841596224759647,1,1,6,10.909204303483437,0
singapore-onenorth,19981c76-562a-4400-8133-39689197338e,-1.2401618813962545e-10,-6.075386141450567e-08,6.062984522636605e-08,1,1,4,7.611023575870023,0
singapore-onenorth,eb9972cf-010b-4fd1-8cc2-13b601bc72f8,0.0016211503221716848,0.09381209500057695,0.09219094467840527,1,1,16,30.67122288565932,0
singapore-onenorth,4409c629-bc51-4a67-9589-ac74b9d58fd6,103.22554531299524,109.81282786423742,6.587282551242174,1,1,15,29.549726183619622,0
singapore-onenorth,b46dd86c-25e9-48c0-a8a9-eb6a94ee8ec6,71.55879306587,88.25383437852412,16.695041312654112,1,1,5,8.81676981852167,0
singapore-onenorth,ac11ff67-0f9f-4573-b4c9-681c5b00d5d5,-0.0001548784171928401,-1.4233224639044788,1.4231675854872858,1,1,10,19.449586386117232,0
singapore-onenorth,470a6174-29a8-462f-a4eb-da381094a9ae,79.36608462478402,84.7337344853543,5.3676498605702765,1,1,9,17.614172396765913,0
singapore-onenorth,04fbe7d8-85ac-4b9b-870a-0f07f839a111,-119.39317358630208,-126.92532966526942,7.532156078967336,1,1,10,18.136925313005925,0
singapore-onenorth,9cb6ed18-e973-4eeb-ad55-ae0ea3d4b294,-0.546295377378561,-0.6504036224437121,0.10410824506515104,1,1,26,48.23992973550965,0
singapore-onenorth,2fe4c1e6-3835-46cf-b37d-0240ef86a65f,-9.66888623164909e-13,-3.2851313193900373e-09,3.284164430766872e-09,1,1,7,13.446079661445173,0
singapore-onenorth,90f074fc-451d-4e03-a027-b8f11260ef7e,-1.102131507774727e-06,-0.0006123199042381557,0.0006112177727303809,1,1,7,13.197553864727823,0
singapore-onenorth,1bbc982c-5b11-4de2-a392-14c4368fd2de,-12.537620327188737,-13.133309729753568,0.5956894025648318,1,1,13,24.520276083724834,0
singapore-onenorth,046d20b6-405f-4f1a-9731-c3e77646ef0d,-59.51127206577321,-64.37511896575141,4.863846899978195,1,1,16,29.164902958541465,0
singapore-onenorth,1edd7bf8-0e3f-47a9-8051-3ab0cc5236f3,-113.45456305545315,-113.45470867965872,0.00014562420557389521,1,1,18,35.77452899460428,0
singapore-onenorth,edc43bb6-a014-4ae1-9a71-630a09d00b92,-88.19093071701909,-93.1114923050751,4.920561588056016,1,1,11,20.280619974976574,0
singapore-onenorth,cc097b61-f499-4d60-9500-45110c00f55b,6.936250041931626,7.3314568118674295,0.39520676993580356,1,1,13,24.242121706742765,0
singapore-onenorth,919162be-8b6c-45f7-a626-ae752c288166,-114.41637883599641,-119.7346809984485,5.318302162452075,1,1,14,26.383475143420668,0
singapore-onenorth,069536dc-1ad8-4864-9065-5676e0c9da2d,-0.0010894734838378974,-0.33040587968903806,0.3293164062052002,1,1,5,9.831007684777946,0
singapore-onenorth,f000fa5e-9d0f-464f-a1f6-b0b393c716b9,0.0,-2.8970018705016814e-09,2.8970018705016814e-09,1,1,6,11.849146945353775,0
singapore-onenorth,1c31fe78-f37b-4cfc-8fa5-bfc55f7644f0,-89.49484485544863,-96.79617726348782,7.30133240803919,1,1,8,14.697129314623803,0
singapore-onenorth,d3798fce-ecc2-4e1d-b9e1-f86f707ca7c2,-47.92587479962869,-53.33877058485491,5.412895785226221,1,1,7,13.48805692134736,0
singapore-onenorth,30946b2b-d010-495e-9738-382a5a5e1ed1,23.326209194755716,29.040971990887027,5.71476279613131,1,1,4,6.6194958512897735,0
singapore-onenorth,c4a2093c-fae1-4d8b-8e4c-c065bcbc24e6,14.533607644651006,16.159378553695788,1.6257709090447832,1,1,9,17.034007224444608,0
singapore-onenorth,ec9fb873-66d4-4d2b-92cd-dec76eab468b,8.455724969499091e-07,0.0005115306995276475,0.0005106851270306976,1,1,3,5.2678879587545,0
singapore-onenorth,3f934472-578c-4ed9-9984-013588f9ac00,-0.31900061692213644,-0.34690647790010465,0.02790586097796821,1,1,19,37.657638263017304,0
singapore-onenorth,9655a0d8-82d6-4150-9601-84b993e920e3,-1.0829289017287105,-1.0829289017277182,9.923330606166172e-13,1,1,9,17.48672145362315,0
singapore-onenorth,e0002b7a-0fb9-4568-8899-c07283dc28db,0.5472849169598075,0.6456131283450931,0.0983282113852856,1,1,6,10.977972827024246,0
singapore-onenorth,2e01cd05-e673-447c-a5a4-05e1a572f5a2,-0.0013994976533353298,-0.017606094882738014,0.016206597229402684,1,1,23,44.94929852379798,0
singapore-onenorth,c119fed8-400d-486a-93a0-6738464a3680,-85.65566346763926,-89.41814241182156,3.7624789441823094,1,1,15,28.239837769363493,0
singapore-onenorth,90a27e84-c8f6-4e84-816e-adbdc64fbc63,0.045131922837209223,-0.30473960129706046,0.3498715241342697,1,1,24,45.85752129508514,0
singapore-onenorth,81e6cda2-e87b-4fac-b2fa-9c9665911f45,11.395636392584159,10.30417667181922,1.0914597207649375,1,1,28,50.69834275656919,0
singapore-onenorth,6255f48a-688a-4524-8425-940a96216c38,-5.489022174588295,-5.895955565007168,0.40693339041887305,1,1,9,17.42277224048218,0
singapore-onenorth,66344d61-27b5-4e16-a5a5-3e31b7e1eb54,58.86212944652632,70.25609715242777,11.393967705901456,1,1,5,8.685392756147955,0
singapore-onenorth,97784f7b-b4e9-4cb8-8a11-23406ff8037d,2.198947064232752,2.3132567312000645,0.11430966696731244,1,1,12,22.8778535333605,0
singapore-onenorth,298bd338-775b-4bb3-9f0e-71d7bf8b02b6,2.1626542492033076,2.1626542492093126,6.00488723860312e-12,1,1,13,24.066372668096797,0
singapore-onenorth,3b54dc6c-dd1a-4e5c-8ad8-4ce28c3ea482,-0.0007952573877244751,-0.012411621752300277,0.011616364364575802,1,1,7,12.264289954256148,0
singapore-onenorth,1ba067c9-a69c-4cd1-bc3c-8bdc9daec466,81.054922565907,88.4243230956708,7.369400529763792,1,1,7,12.95006429812894,0
singapore-onenorth,6f489965-2ef5-4299-aa17-9a5bcf4e3d2a,-0.16517866236059497,-0.16517866235761797,2.976999181849852e-12,1,1,21,40.95587809289636,0
singapore-onenorth,a57e29b0-6400-45cc-8913-610ef9422146,2.610599282545255e-10,1.4242920796817874e-07,1.4216814803992422e-07,1,1,5,8.981837042480688,0
singapore-onenorth,2381c23b-b84a-46cd-a862-2fb484bb8abc,-2.646221494977646e-12,-1.2689548068166075e-08,1.2686901846671097e-08,1,1,12,22.805530558403625,0
singapore-onenorth,66acee8b-a394-4da8-b155-1f32673046a6,-81.62359907825535,-91.58335743383417,9.959758355578813,1,1,9,17.88526991468065,0
singapore-onenorth,fe8de4b2-142b-4f28-9810-a6d523ca89dd,-96.4425792200456,-99.25797857171898,2.8153993516733746,1,1,18,32.41410163930424,0
singapore-onenorth,2b6de0aa-86b0-4c02-a709-08e4e397ffd1,-167.58026718285103,179.47567396909614,12.944058848052794,1,1,10,18.918048442268603,0
singapore-onenorth,81e6ac43-9c9b-4213-a64c-b40b44c3e975,-2.5444437451708135e-12,7.163016253655067e-09,7.1655606974002375e-09,1,1,13,25.677469120046716,0
singapore-onenorth,274d236d-6d4c-4579-b0b4-1dd6fcc30550,3.485887930884014e-12,2.920176664132697e-08,2.9198280753396086e-08,1,1,4,6.840971594259247,0
singapore-onenorth,f8bbb431-966e-4258-ac18-7595990be22c,-3.343366812253487,-3.5401889380615654,0.19682212580807848,1,1,15,28.249577791055557,0
singapore-onenorth,bb7f5c88-9e2b-4d0a-ab0d-39a3ab9fdf02,-102.32506164150882,-102.3252899156408,0.00022827413196806394,1,1,18,32.751428205155825,0
singapore-onenorth,0e1cb0ca-9a89-4c50-ba40-bee87ba6970e,2.2103734387047864,2.3209320686027874,0.11055862989800117,1,1,13,25.523922403190383,0
singapore-onenorth,16233dfa-88a2-4ae6-84e0-f9c5aa584bdc,0.5425060713599962,0.5425060713591311,8.651108733580766e-13,1,1,4,6.524792717478723,0
singapore-onenorth,a1b71fa5-4d9e-4122-a016-464eb87bf548,37.978237439687874,44.57723654663477,6.598999106946897,1,1,5,8.741851761794234,0
singapore-onenorth,1fcfb454-4bea-4a14-b4a7-fe99ba6b414e,-7.307083719239487,-7.789111400280486,0.4820276810409992,1,1,10,18.950475474557827,0
singapore-onenorth,f3bfc117-bdad-4af2-b598-c89899379e84,-96.81889242709978,-107.03116926496965,10.212276837869874,1,1,7,13.728187140591325,0
singapore-onenorth,84f70b7f-8026-4d28-ab2c-214f8eeb320f,1.3739622196465449,0.17435180017750151,1.1996104194690436,1,1,15,29.120692628734925,0
singapore-onenorth,eb722cc2-1b36-4b3f-9505-7342cd934e5d,-0.00073826625437666,-1.9323127325546556,1.9315744663002792,1,1,9,16.547349544425273,0
singapore-onenorth,a172b4fe-53f4-41fd-ac12-85a3fe91149b,100.99032675993384,107.40156869925266,6.411241939318816,1,1,13,25.59277900293583,0
singapore-onenorth,17c7accb-10c3-400c-871c-b23abd849939,5.999919042501873,6.884956953974104,0.8850379114722309,1,1,5,8.580965074643292,0
singapore-onenorth,d19780ef-1f3e-4ea5-9f5b-03065c49b6ec,89.2453749744952,94.97043474858877,5.725059774093555,1,1,12,22.09891406713961,0
singapore-onenorth,5b6d1b1d-df69-4809-a329-7c9b5fe0c293,-73.49745213934379,-76.77516270817904,3.277710568835236,1,1,15,27.545390698534124,0
singapore-onenorth,2a599689-f4f5-40fa-a38b-2dad5e97363d,-7.160064698910669e-11,-8.803444580604143e-08,8.796284515905231e-08,1,1,9,17.03833009543458,0
singapore-onenorth,cc28bab5-f07e-41f8-b8df-efcd0df1559d,-8.766173290805185,-9.642005827126985,0.8758325363218004,1,1,9,16.24142473235681,0
singapore-onenorth,fb2f6e0a-4484-4cd2-bbef-deceac7e441f,-8.905553108097847e-13,-9.124996114456358e-08,9.124907058925278e-08,1,1,6,11.083040372698294,0
singapore-onenorth,ce7ae474-8fc0-4064-9c96-63626ff14ea5,-6.793968040927276,-6.84609995224418,0.05213191131690387,1,1,17,30.204291767320342,0
singapore-onenorth,a55f5e8f-a4fd-4cd8-9b8d-f2532c12955d,71.40997466975941,78.64750239290038,7.237527723140963,1,1,10,18.71482012963342,0
singapore-onenorth,de11a0dc-fe5f-45db-b2cd-717a915328f7,-14.887912891737564,-13.802452460338607,1.0854604313989573,1,1,20,37.87913522868053,0
singapore-onenorth,e578f733-3573-4d07-a3a4-8a528fb13079,-1.408946732832387e-05,-0.0018064049563807515,0.0017923154890524277,1,1,6,11.46464974104097,0
singapore-onenorth,34a6481e-23ac-417b-9d4b-f6f90a8e66fd,-6.065531553646601,-6.306579101187539,0.24104754754093888,1,1,20,39.29301738020249,0
singapore-onenorth,8f74cf95-642c-4683-abd0-b7f661ba7fbd,3.3568454056328685,3.3330741969724524,0.023771208660415964,1,1,18,33.94714281847539,0
singapore-onenorth,d9d953ea-d3d5-4e12-abd2-31add7778c0d,-78.93903712536243,-78.93907645884724,3.933348479844551e-05,1,1,24,45.4603606141953,0
singapore-onenorth,72689b3a-70fc-4553-b69c-142ba93ffb9f,-1.1653552352882326e-11,-1.452259078662458e-08,1.4510937234271697e-08,1,1,16,31.689028597028138,0
singapore-onenorth,48cd0905-d4dd-47e9-9615-5a450dcf1ca2,5.7397845100510105,6.305659461134018,0.5658749510830077,1,1,15,28.183299062958454,0
singapore-onenorth,09bc3f89-71af-42eb-aacb-ea6beb442d11,-0.043838549932975625,-0.09279079451618083,0.04895224458320521,1,1,8,15.389363239292845,0
singapore-onenorth,d42ac26c-fcf3-4656-8985-b6690fbf9d1e,-2.8118412028746884,-3.1364441499761737,0.3246029471014856,1,1,6,10.281604676911341,0
singapore-onenorth,d2ffcc2d-8e91-47ca-9f0f-960bcb9ab660,-86.33693376158368,-86.34120159624617,0.004267834662484019,1,1,22,41.01120301996142,0
singapore-onenorth,2e4a5e83-a23c-4ac1-9678-d68a0bc60c56,-168.58276811938111,-179.3937589269805,10.810990807599381,1,1,10,18.931474258632587,0
singapore-onenorth,2828ff09-a053-47e1-a908-fee1bd5cee13,-7.541260077490178,-8.039700572720058,0.49844049522987877,1,1,11,21.363657976548538,0
singapore-onenorth,2ac56653-d5a5-4dd5-8a65-5d3a77ca983b,81.55516469278484,92.81874989168794,11.263585198903101,1,1,8,14.143034567000022,0
singapore-onenorth,49b90c27-2d4f-477a-a564-39026c728192,7.461726044553337,7.786752727761653,0.3250266832083164,1,1,13,25.986780963586817,0
singapore-onenorth,6bca4b71-7f9d-4afe-a834-132a0290334d,-9.96861742519448,-10.972625322307975,1.0040078971134934,1,1,9,17.967740914708987,0
singapore-onenorth,2fabe399-9630-4f1a-a35f-4070eefcd867,-0.008876845741990203,-0.04263500436131334,0.03375815861932314,1,1,12,23.589384814273973,0
singapore-onenorth,3ac41e13-50c3-44f8-9f92-19af077edad4,101.01612380735901,101.70082272373376,0.6846989163747584,1,1,16,29.99599638156215,0
singapore-onenorth,2a515cde-b01b-4046-a70a-b7cee017c23f,9.892517392412154e-09,1.064004410064071e-05,1.0630151583248298e-05,1,1,7,13.12955400685519,0
singapore-onenorth,95006ad1-388e-4186-a0d2-aa5706eb6601,0.001185776128244308,0.09483736999126557,0.09365159386302127,1,1,9,16.50019228083706,0
singapore-onenorth,513bc776-d0a9-461e-85f6-61552f6f1d53,1.5815972253394827e-07,1.7089005803534943e-07,1.2730335501401161e-08,1,1,6,11.802365908090469,0
singapore-onenorth,2ca09b50-df04-494d-9fbc-2b9402e4bb6e,-0.00031222728570674146,-0.01003411101624997,0.009721883730543229,1,1,22,43.08294646827407,0
singapore-onenorth,f24305b4-7d48-4b7a-b249-987f0a21ba2a,14.56744626579823,16.028414754400583,1.4609684886023533,1,1,7,13.48635278462356,0
singapore-onenorth,01176d9d-7824-47af-b88e-5f2b56dabaf6,-18.37947482556684,-18.301833026999937,0.07764179856690684,1,1,27,49.30398414319531,0
singapore-onenorth,5b467cda-77cd-41ad-9d8a-0a93ce657f5f,-88.09785303883659,-88.09791502476756,6.198593097245922e-05,1,1,24,45.01245249618538,0
singapore-onenorth,7dc86313-ebc5-41e0-9d43-6967bf01cb49,56.34837656389112,63.38862779150573,7.040251227614609,1,1,6,11.488436112941848,0
singapore-onenorth,23bfb52d-b32e-4c80-a6b1-6d692c70214d,0.1691738531849401,1.1792381630568023,1.0100643098718622,1,1,6,11.655439235590178,0
singapore-onenorth,031b4f95-4d79-47dd-b12a-a71159380fc7,4.080466799915264,4.446664613606088,0.3661978136908234,1,1,9,16.682104691841705,0
singapore-onenorth,be5fbbee-8eb1-4f6d-a6c0-f60bda1e44dc,-0.010585806941833037,-0.04666783070294423,0.03608202376111119,1,1,8,15.246378346606903,0
singapore-onenorth,d891a552-2867-4843-a841-a643548475d6,-69.37164538764058,-73.03133627520427,3.659690887563678,1,1,21,38.88450895132357,0
singapore-onenorth,217feaf1-0631-4141-98fe-b7e31ec404f9,-6.323647110481485,-7.155655730666748,0.8320086201852631,1,1,7,12.601118783018352,0
singapore-onenorth,8f6be8d8-23e0-48fd-8542-287774cc2411,-5.6104709335512535,-5.8866360483679125,0.2761651148166593,1,1,16,28.71946993510703,0
singapore-onenorth,0cc76b8c-3d5e-41fc-b187-47f5e4dd1a99,49.34595989549134,56.27741724694961,6.931457351458276,1,1,5,8.268389336300366,0
singapore-onenorth,b6e22e1d-5607-448a-95c3-f33629f917aa,117.64601748765115,122.3166376697537,4.670620182102555,1,1,18,33.95655637738731,0
singapore-onenorth,14616ef7-6c86-434f-99f4-8c029d861666,-4.323009923045212e-11,-2.9201995641264035e-08,2.9158765542033583e-08,1,1,6,10.877701017225856,0
singapore-onenorth,dd4b2ea6-c1f3-4907-b829-6e3646a70775,-12.077262246000204,-12.398184828901416,0.3209225829012105,1,1,21,41.19939576989503,0
singapore-onenorth,272d0dac-be19-4d53-bd7f-d4e75b91c37d,-10.240240106864608,-10.313205795323876,0.07296568845926807,1,1,18,33.35431271513178,0
singapore-onenorth,8b3bdce3-0dac-442a-b221-0164f5d2b1d2,64.46179315806614,69.04089827692165,4.579105118855515,1,1,9,17.83729570843021,0
singapore-onenorth,be972308-6e43-4d3b-b89d-9619ba664aa8,-0.20240671534612054,-0.30710119460612467,0.10469447926000416,1,1,8,14.618091673389806,0
singapore-onenorth,2e7750fd-46f3-4ffe-81a6-03a15501d962,10.754060544301469,11.271233161847666,0.517172617546198,1,1,27,49.550996124942664,0
singapore-onenorth,2f76b88e-a043-4969-b1d5-d58b35a9ec86,14.878600712401402,15.549776342320891,0.6711756299194893,1,1,13,25.75042750293166,0
singapore-onenorth,46a62e99-e564-428a-aefc-2dd5f3b026ae,-2.9172156985175177,-2.917215698515991,1.526666247102488e-12,1,1,17,33.04370966337594,0
singapore-onenorth,fc0e704e-ace3-4054-a048-1978c68ff2bc,9.286183140751431,9.310799452642838,0.02461631189140728,1,1,21,38.89636819842896,0
singapore-onenorth,3d4d78c9-4322-4efe-ba42-c8c22ad3259b,57.182682205472865,63.95672043882408,6.774038233351215,1,1,8,15.214034548302639,0
singapore-onenorth,57601c3a-3b18-43e1-9531-8294d0a19491,-3.0857186830822594e-07,-0.00015074802507085894,0.0001504394532025507,1,1,7,13.062135541661032,0
singapore-onenorth,ede288dd-2724-4789-ab83-473098fab3e6,-2.7745154741003977,-2.8991872991229894,0.1246718250225914,1,1,13,24.205938044767635,0
singapore-onenorth,ea5b3aaa-0433-4dbd-93f6-eaf5f56d9706,6.7911203558609e-11,1.2104646606688678e-07,1.2097855486332818e-07,1,1,8,15.815076299239404,0
singapore-onenorth,83aae2ee-ee2c-46ce-9bbb-d4bf382b0a63,3.6921068487047135,4.340827037934041,0.6487201892293272,1,1,6,11.552090564935192,0
singapore-onenorth,665a9411-b5be-46ff-b1d3-c3ca1fea8bf3,1.1047974741531671e-10,8.043813622702121e-08,8.03276564796059e-08,1,1,5,9.436484857686073,0
singapore-onenorth,b6d52a0f-b041-45cd-846f-5c44d3083344,-2.4491604373838363,-3.6219563274080064,1.1727958900241704,1,1,6,11.469100933647725,0
singapore-onenorth,c7795ced-43be-4425-85fe-c565f4dbeb8f,-81.29860665016865,-87.33577894143289,6.037172291264251,1,1,10,19.212032276457236,0
singapore-onenorth,c1057b86-5f3f-4a73-856f-26274270ca1a,-5.690393991700007e-10,-7.095239905614952e-07,7.089549511623253e-07,1,1,16,31.869120073483227,0
singapore-onenorth,bd23f1a8-95ec-42ba-82d4-79ca85de54d0,90.05645973006484,90.05671067376998,0.0002509437051491485,1,1,17,31.716253027095863,0
singapore-onenorth,f3978ff6-91b5-4ece-ac6c-523b728fc975,6.1821910454201365,6.834602617771309,0.6524115723511728,1,1,15,29.921510318761236,0
singapore-onenorth,6c1c67fc-91ef-424c-ba66-36a99992d102,4.050290515530973,4.24560278049161,0.19531226496063703,1,1,12,22.191944553577898,0
singapore-onenorth,d24ea9ca-416e-4b5e-b9c8-f444591f9907,-2.8311322013820103e-06,-0.0009595342134965201,0.0009567030812951381,1,1,7,12.558149814796103,0
singapore-onenorth,f6d413e4-3ea2-481e-9bf3-85b805d0c5d4,23.916283690566736,26.48704605017822,2.5707623596114795,1,1,9,16.330080774395757,0
singapore-onenorth,4b44a32a-3090-4573-8c7c-cb0abdf0807d,7.766331091183141e-06,0.0017879303018043591,0.001780163970713176,1,1,3,5.944390403763672,0
singapore-onenorth,69c2a83c-4294-44f3-bae9-60444a00a7d4,38.61236069315002,40.44764741719215,1.8352867240421276,1,1,12,22.391052803194302,0
singapore-onenorth,bb42723a-6306-4bbf-bd9c-09a2201ad4c0,-40.328866218860206,-44.73433128609906,4.405465067238847,1,1,10,18.431088591163252,0
singapore-onenorth,9283585f-720e-4c92-b1ac-da6c8a367681,0.02477048650144032,0.03577361637073554,0.01100312986929522,1,1,6,10.162310777278183,0
singapore-onenorth,828f03f8-1b63-4598-8d5f-91122d0ea239,-11.250626424104494,-11.658262699136081,0.4076362750315869,1,1,23,43.424436432965415,0
singapore-onenorth,105d042f-b131-470e-9e66-e745a71902bb,-76.97861127870507,-80.18528342718906,3.2066721484839915,1,1,14,27.162496940092375,0
singapore-onenorth,4cc6899b-6006-4e98-8211-4e4769451034,-107.27713299211493,-108.98727116237247,1.7101381702575416,1,1,20,37.003154869903376,0
singapore-onenorth,e8d1d4bf-061f-4989-ae9b-e430e1a9b44a,-13.384589013539326,-14.249964892255472,0.8653758787161453,1,1,10,19.487145329598768,0
singapore-onenorth,323f2d0c-2d68-4f63-8b87-56eb13ef2808,-11.091631265204759,-11.482566037965611,0.3909347727608522,1,1,21,40.141924471512915,0
singapore-onenorth,3a8ecfd8-caa4-48da-8d89-2da24d417cf0,-14.30951905986194,-15.16656130826553,0.8570422484035911,1,1,26,47.09740842184611,0
singapore-onenorth,c3276328-0806-484c-be8a-112be5de4440,20.5161870061682,22.849153964614413,2.332966958446215,1,1,6,10.080759056727903,0
singapore-onenorth,2ab9daa7-3e58-400e-adca-cfc8d64e3252,-11.216668225520658,-12.801841898993546,1.585173673472887,1,1,7,13.58513394690488,0
singapore-onenorth,31ab8812-c445-4f4a-b953-def883386db2,-0.23411693996583982,-0.2531563596420049,0.019039419676165067,1,1,10,18.445202455654588,0
singapore-onenorth,0ed57935-16e7-457e-95cd-652e248fe43e,82.24922926864532,91.80867092465964,9.559441656014307,1,1,20,38.72669439427305,0
singapore-onenorth,b71be202-69e7-45bf-9377-2ca4af4229eb,-0.519304674233003,-0.5193046742306875,2.31544380810544e-12,1,1,26,50.14677202159419,0
singapore-onenorth,3aa1f6c9-448d-4649-ba72-e20e89a37889,77.20718508400645,80.5595734840222,3.352388400015739,1,1,13,25.155228228683086,0
singapore-onenorth,e6c7f4bd-e87c-4eb1-aea8-1bd8cbe787b1,41.9552844941145,48.2219868615474,6.266702367432897,1,1,10,19.08487606394673,0
singapore-onenorth,265bcf42-f44d-4f06-b30d-e41451859ab8,74.9783638492836,80.0457104689793,5.067346619695691,1,1,10,18.871391457787436,0
singapore-onenorth,8c076ba1-c097-45b1-b640-f23ec54e68ae,54.300009299461834,59.21116739795903,4.911158098497197,1,1,7,12.026817980291463,0
singapore-onenorth,1931e3c5-b516-46cc-b258-79921d382ce2,-4.768476528143153,-4.811221100159941,0.04274457201678798,1,1,26,50.232190873596494,0
singapore-onenorth,6de4c224-cff5-40d3-bb02-ad25ebec6859,30.397302631047324,33.30228022954959,2.9049775985022595,1,1,7,12.538233052287271,0
singapore-onenorth,4dc2ccaf-1afd-4b2c-964b-5c111b872a9c,-91.73635303837554,-96.42795235168553,4.691599313310005,1,1,20,37.1339342439255,0
singapore-onenorth,a572fcda-400a-4d54-98e8-be09bf19ad01,8.958461198340839,10.046221100121016,1.0877599017801776,1,1,9,16.461055787338882,0
singapore-onenorth,aca5b28b-390b-447a-bfdc-2b4482c8009e,-0.0004581586335023378,-0.013754881804926481,0.013296723171424144,1,1,11,20.319899337411332,0
singapore-onenorth,036e68ba-688e-40e3-bc4c-d824c6f8cb47,-90.35499869387839,-90.53254941794283,0.17755072406443917,1,1,29,54.47851713295812,0
singapore-onenorth,e3a198e3-ad91-4ba6-ae83-251e52ecf120,32.274561854023176,35.84928404142057,3.5747221873973927,1,1,6,11.815426686626456,0
singapore-onenorth,d67214b0-1da7-42f8-899f-a87f602b376b,-7.203320242578572e-11,-5.179950587537545e-08,5.1727472672949666e-08,1,1,6,11.16863511441435,0
singapore-onenorth,5578cb99-b689-44be-9ee2-0a95f15ff30b,68.4081325798762,76.20058691091128,7.79245433103509,1,1,7,12.592623794274365,0
singapore-onenorth,eb789176-76ac-43c2-a5c8-66005eddaa10,-82.31384937870679,-89.82549332097578,7.511643942268991,1,1,9,17.250777054009067,0
singapore-onenorth,7a419642-f630-499a-a891-f45f7eb7c995,-0.0019547817309695085,-0.0265309804535794,0.02457619872260989,1,1,18,34.94837034628824,0
singapore-onenorth,e6c02d87-72ec-45d7-be42-e7dc32917784,-3.272154656289666e-11,-3.436563888883878e-08,3.4332917342275886e-08,1,1,6,10.431959083014036,0
singapore-onenorth,077beeac-81b3-4020-8d0c-8b8566f5f352,-6.590109299992407e-12,-9.316404439630578e-09,9.309814330330586e-09,1,1,6,10.94429855471105,0
singapore-onenorth,adbc0464-2373-4bdb-afdb-a9ab54981f95,-72.75612072452029,-73.3366317180041,0.5805109934838065,1,1,21,39.54973122501191,0
singapore-onenorth,d5659e36-334c-4dc9-919b-d9dca00c98a8,-1.1608927958463764,-1.3737151596983719,0.2128223638519956,1,1,17,31.033643812813057,0
singapore-onenorth,5332a1c8-a350-4621-b5cf-ff568a5e4058,71.2570706290148,81.29016104306571,10.03309041405091,1,1,5,9.787140862086138,0
singapore-onenorth,d8f00bbd-afa6-42d1-b3bf-129e914379bd,1.4047866732539962,1.5692555679580713,0.16446889470407533,1,1,10,19.82587305026186,0
singapore-onenorth,47613aa6-88e2-4d2a-b9bb-1e2283ddd125,-111.39793696293941,-112.11924406957671,0.7213071066372899,1,1,17,32.49436203793876,0
singapore-onenorth,7629899c-3c2d-4505-bc1c-1b5dee4b69e7,63.080992273209546,67.42478432429975,4.343792051090208,1,1,9,17.894039220329933,0
singapore-onenorth,86b6ca83-13ee-4976-bf22-55196dc59f83,-0.1135688338506311,-0.11356883385019854,4.325554366790383e-13,1,1,16,31.513856799904097,0
singapore-onenorth,276ab68a-51c5-4105-b755-c49ee6b4ee88,-1.7459860640651994,-2.132069859150522,0.3860837950853224,1,1,8,15.609851769504994,0
singapore-onenorth,0954f070-35c5-4b74-b5c4-c969e8f33943,-25.186543760953516,-25.186543760953363,1.526666247102488e-13,1,1,9,16.93773126358566,0
singapore-onenorth,4746dc41-97c7-4da5-b505-9b0161efec56,-4.101099262299143,-4.263337298817722,0.16223803651857896,1,1,16,30.171559296634257,0
singapore-onenorth,ced4338d-a5dc-4453-9f8f-21faadba28fa,-94.29910497476058,-94.29917132503054,6.635026996447956e-05,1,1,17,32.36795373852618,0
singapore-onenorth,78310ce4-ad5c-4965-8361-ce302a7ab05e,3.343280510075924e-07,0.0002114777625887722,0.0002111434345377646,1,1,5,8.491321833271414,0
singapore-onenorth,c02d4468-1f07-4721-95ba-feff625a9e3d,0.9300415343848666,1.026733676995893,0.0966921426110263,1,1,8,14.17013540297248,0
singapore-onenorth,3081ced4-e7f2-4040-99bc-97a49d2926a7,1.7073217530096157e-11,3.0196287923564435e-08,3.017921470603434e-08,1,1,8,15.398970544440736,0
singapore-onenorth,4aeb7f4e-d5b2-445c-b5f8-3392c201f566,-2.2133811977266116,-2.553801598181917,0.34042040045530525,1,1,6,11.349442349272522,0
singapore-onenorth,291f4275-a883-4ed2-a45e-2abc655bb82a,-84.18900564725608,-84.18903156436164,2.591710556058548e-05,1,1,17,31.879571630951645,0
singapore-onenorth,97f54fa0-4754-4563-8de9-1f55cd90e503,-0.402759969046509,-0.49917305203642576,0.09641308298991673,1,1,6,10.096343369314328,0
singapore-onenorth,a761d785-e713-46fb-8156-031c68359b5c,-1.1831663415044283e-11,-2.390278443094659e-08,2.3890952767531546e-08,1,1,16,30.65698210986872,0
singapore-onenorth,df0d7cde-5821-4ee0-8158-4e6c26b30d8e,1.3855334970222126,1.3855334970206858,1.526666247102488e-12,1,1,9,16.897713990050885,0
singapore-onenorth,07694d68-e77f-4690-b257-f528eae18533,1.2959036771659726e-05,0.001530271717070286,0.001517312680298626,1,1,12,22.08673365853074,0
singapore-onenorth,6d2ac007-1de2-4ac8-b6c2-3ae5c23ce4b5,-1.1621473449045352,-1.2931306789614616,0.13098333405692622,1,1,17,31.065124126915926,0
singapore-onenorth,27f46d10-5265-430c-8bf4-f6e6ac9cf8e1,98.78103275205267,106.70553387932256,7.924501127269898,1,1,8,15.765620979451775,0
singapore-onenorth,2be79e09-f17d-4570-aa75-5c1c098d6afd,-0.005545788320850639,-0.005545788321664861,8.142219984546603e-13,1,1,10,19.255835646045742,0
singapore-onenorth,3225ea05-b4aa-4c02-9605-4e3fadd3f743,2.0635438773335296e-11,3.0335443551987826e-08,3.031480811321449e-08,1,1,7,13.191777231849429,0
singapore-onenorth,c3c204fe-ffb8-48fd-b2ad-92158b7be586,24.460682002321633,26.136981559421884,1.6762995571002526,1,1,9,16.52657881621836,0
singapore-onenorth,6378690e-cb8d-4092-b8fc-573acbd2eb77,106.94722387824739,114.59435420324763,7.647130325000255,1,1,9,17.74636027272403,0
singapore-onenorth,66e49751-c5e8-4e91-af54-f4f7d3979fb5,-3.929689808916707e-09,-2.4499060064853647e-06,2.445976316676448e-06,1,1,17,33.42043017023428,0
singapore-onenorth,5fe1794d-dddb-4595-8a88-09af33dd54bd,-8.025742728779544e-07,-0.0005466962351966556,0.0005458936609237776,1,1,11,21.293259620602498,0
singapore-onenorth,1e5a2b63-1b6e-4364-b003-d36c89b4714a,-75.56665419527498,-83.26309358274553,7.69643938747056,1,1,7,12.862450369202975,0
singapore-onenorth,7d82ca81-9144-45dd-832d-35bb6c089e2e,-11.296447870514031,-12.050006398335428,0.753558527821397,1,1,22,41.74103487817219,0
singapore-onenorth,73b75558-e98c-499a-bee1-bb97d029cce6,-6.525564064239462,-10.47889232755042,3.9533282633109597,1,1,4,7.5421517250815135,0
singapore-onenorth,446aed4d-9ae7-4112-8d57-f9634bdd2005,-3.295903204779486,-3.743419346417547,0.44751614163806136,1,1,7,13.946799186611727,0
singapore-onenorth,e8b58454-b4c8-4d47-aed3-28af9bef06b5,1.5063771503784142e-05,1.5063772648783827e-05,1.144999685326866e-12,1,1,10,18.13983039973211,0
singapore-onenorth,33f13d52-b977-4abc-819f-3eed9b2e6249,-112.28432152120884,-119.03914480159743,6.7548232803885915,1,1,11,21.633642920344222,0
singapore-onenorth,eed76dfa-85a7-4374-bed7-f1b67169f14c,55.501337231131544,63.77430417072105,8.272966939589507,1,1,5,9.112122600430606,0
singapore-onenorth,8026b697-f9b1-4eda-81ef-20ef5bffbb8a,0.00028553002481445007,0.09661279795626698,0.09632726793145253,1,1,13,24.187859785346006,0
singapore-onenorth,53a6ef72-04ff-466c-a216-6bf1a970d574,0.8332220499464806,1.4934820581177528,0.6602600081712722,1,1,9,16.220315779413838,0
singapore-onenorth,8e969a16-78d8-4167-9788-03af313eaaf3,3.349002483635596,3.8428427066387503,0.4938402230031546,1,1,5,9.92604235560075,0
singapore-onenorth,392686de-8e37-40f9-924b-b9413c78e255,-82.09014015626333,-89.98782025645721,7.897680100193889,1,1,8,14.686419532866447,0
singapore-onenorth,00645d3e-0ab6-49dd-96c2-d499232d219f,-56.73894463331228,-57.708911759214196,0.9699671259019136,1,1,28,53.62733521599199,0
singapore-onenorth,166a2062-a02a-4565-8243-63f9b9fa0200,-2.3192519921760666,-2.4536450564290813,0.13439306425301464,1,1,11,21.44529276558991,0
singapore-onenorth,ecbb6ebc-bd62-4f8d-b12b-090bb6fc9a52,0.15487654064211825,1.7803645435650954,1.625488002922977,1,1,8,15.30753191163749,0
singapore-onenorth,a37a62ac-aa3b-404a-8d33-ff4c0576049b,10.35335111999949,10.881264804851316,0.5279136848518271,1,1,14,25.85475170235005,0
singapore-onenorth,90162bb7-daca-4a2c-991e-155e80d4dba7,62.5985137431752,69.9505228117515,7.352009068576302,1,1,8,15.949770032802524,0
singapore-onenorth,0db7830e-2efc-4488-9dc6-e72d10b18144,-2.057805094277439,-2.806495418983004,0.7486903247055652,1,1,7,13.769012968793449,0
singapore-onenorth,a12d7a4c-0748-43b2-af78-bf1e1d094a70,-88.25623720626315,-91.6834090951472,3.4271718888840437,1,1,20,36.69081446234851,0
singapore-onenorth,4a9473ae-8aa6-4705-9dac-bdb2d2b8a6c8,-19.982555339506764,-21.15929987543784,1.1767445359310753,1,1,12,23.046272597447143,0
singapore-onenorth,78e8810d-648d-4a5d-b85d-bdddffeb3de8,1.3256551912339938e-11,1.0242887296122176e-08,1.0229630744209835e-08,1,1,18,35.271843389632544,0
singapore-onenorth,b6b61079-c116-4966-ae21-01a721911f4f,67.36707707939148,70.74924923959036,3.3821721601988717,1,1,12,23.20107475494108,0
singapore-onenorth,df82a4d7-54eb-4f95-ade5-9144c3fd4ce9,-4.962740571914408,-5.45650210460043,0.4937615326860218,1,1,7,13.534044415163148,0
singapore-onenorth,74809f3d-7600-4497-a519-6366a2b5dcb7,86.41282953877943,92.15167049509375,5.738840956314315,1,1,13,25.59249613157563,0
singapore-onenorth,648b01c1-1a2a-4b03-a895-5c3ec25843db,79.04433612900678,83.16630358705572,4.121967458048946,1,1,17,31.29983884354534,0
singapore-onenorth,aa2c92b7-f73b-4f83-b447-11d5b26d3e39,10.515127603173978,10.515141139148916,1.3535974938436736e-05,1,1,21,38.392257216293295,0
singapore-onenorth,a8de709b-590d-47f1-8d95-8a16405fde69,4.261185258286198,4.58688155994444,0.3256963016582422,1,1,10,19.22996585833936,0
singapore-onenorth,0468ad44-a8fe-46ba-81f1-e6a724560692,33.5516811226625,39.37400654759605,5.822325424933557,1,1,6,11.520822251591419,0
singapore-onenorth,c202b21c-f215-4765-ba74-1b445a750825,1.2606955424197829e-09,5.564244033035681e-07,5.551637077611483e-07,1,1,2,2.8936135512437193,0
singapore-onenorth,1c840f23-f9a7-4ec7-a9de-0e08880017f0,50.92572924340741,58.563012450405346,7.637283206997931,1,1,5,9.760584561852198,0
singapore-onenorth,ce1d134b-0d81-4f4f-a249-10d97de8a7d9,80.92909200999654,85.14848949588868,4.219397485892142,1,1,12,23.853975185060612,0
singapore-onenorth,b61ff515-bf14-45ec-9fda-737717922cae,27.92731734456948,31.127535191535035,3.200217846965552,1,1,6,10.299641390293713,0
singapore-onenorth,349bd97f-67bc-4f5d-92cb-8f1fb9551767,-86.1313140383266,-90.12855896124819,3.9972449229216007,1,1,16,30.34359024700884,0
singapore-onenorth,ab6d8c97-7af0-47a7-9ecf-977c4403598b,4.136042187462219,4.780834666593192,0.6447924791309732,1,1,6,10.389551003601714,0
singapore-onenorth,e004e099-3bd5-4db2-8991-877551539d90,1.7971660616515973e-08,1.799979119778502e-05,1.7981819537168505e-05,1,1,8,14.414566545964457,0
singapore-onenorth,c164503e-bbc0-4517-b074-610e1f542f60,6.9185907603911865,7.705412029864701,0.7868212694735147,1,1,14,27.718797062747754,0
singapore-onenorth,f5d20d62-e599-43e7-bd00-c07c61f961c6,83.54817407355391,91.3993265286694,7.851152455115488,1,1,7,12.826380486899264,0
singapore-onenorth,29e68e0b-0305-4d72-82d9-2e8e2bc47448,5.256132340778167,5.581264940707945,0.3251325999297787,1,1,10,18.778210099247616,0
singapore-onenorth,5999c811-b5ba-4e3d-a97e-1aecf4edfe65,-16.756276721785138,-16.772169552805263,0.015892831020125432,1,1,24,45.13309949534582,0
singapore-onenorth,4bc276e4-73de-4fa5-ac98-fb581dd896fd,-6.6918870497992395e-12,-4.963497302579609e-09,4.95680541552981e-09,1,1,8,15.119995064774518,0
singapore-onenorth,f54e1080-e6e5-44dd-b768-d7a89c6dec92,-0.0008355969484549825,-0.01863447026912279,0.017798873320667808,1,1,16,30.175587330069334,0
singapore-onenorth,eb0c5dde-5470-47f8-9f4c-55e0c4b9f6a9,0.31384812858662514,0.3138481285839281,2.697110369881062e-12,1,1,9,16.75833241789767,0
singapore-onenorth,6021f6f7-3707-4996-a779-8d3934302d22,5.430990669128136,7.052482818195388,1.6214921490672518,1,1,4,7.045007011752487,0
singapore-onenorth,71740ab0-8d31-48a0-80ee-b36e358f12c6,-1.6950580286543517,-1.7712206677922444,0.0761626391378928,1,1,15,29.5252893595195,0
singapore-onenorth,df93dccf-22e0-4df0-a661-bd87ef4e261c,-47.90211539701275,-54.1409208750245,6.238805478011748,1,1,6,10.34246013672228,0
singapore-onenorth,6184cec1-027c-48c2-b41d-65a83786f8eb,11.24424838102113,14.269584068112533,3.0253356870914025,1,1,8,15.854875821809614,0
singapore-onenorth,2e07ae81-e1bb-4d1f-8782-7eb0cfb8c011,-13.563564712404192,-14.575053573086022,1.0114888606818304,1,1,9,16.509179922629276,0
singapore-onenorth,aef4c897-c8a1-43c8-a3b3-bc270a2ffd66,-5.193681574251879,-5.9749138719644055,0.781232297712527,1,1,6,10.718792143395016,0
singapore-onenorth,340892d1-a6f7-48da-8df2-d7b6382c6d3d,-0.002461722460996811,-0.0024617224600299225,9.66888623164909e-13,1,1,9,17.733787968340582,0
singapore-onenorth,65c8ef6a-6cd5-4b04-928e-08d86ea61707,0.0006543013271659959,1.674336011689142,1.673681710361976,1,1,8,14.314231459411687,0
singapore-onenorth,21f86f37-af4e-4744-a793-5662298387db,98.05201075667861,108.21755989560728,10.165549138928675,1,1,9,16.257364878538617,0
singapore-onenorth,53c871ff-f405-4a94-8015-48cf7c683c99,3.538341530297356,3.601950673276945,0.06360914297958853,1,1,18,32.643908642705846,0
singapore-onenorth,527e83b0-ed2a-4e27-bc8f-3be9c09e2a63,30.612176089600865,33.35238440667671,2.7402083170758478,1,1,9,16.69388454964204,0
singapore-onenorth,07fe730d-8e91-4957-835d-0f50b836dfbd,-0.06571389921742782,-0.17061422512464744,0.10490032590721961,1,1,24,47.51130805203484,0
singapore-onenorth,a0d89376-efe7-458b-8cf2-ad03ac1a8663,-0.23225426915120093,-0.23225426915580638,4.605443178759172e-12,1,1,17,32.75095111160795,0
singapore-onenorth,3bdb4f38-5e01-40ce-b808-de27d0652264,-7.109586949448555,-7.476249464358816,0.36666251491026114,1,1,12,23.875635986487108,0
singapore-onenorth,07cc3a5a-f57d-49a8-8d40-bf1ac6f65bd0,5.931399189334601,6.576838248230704,0.6454390588961031,1,1,18,35.16092418059755,0
singapore-onenorth,9dc7c383-4603-48a0-a023-9e6228a83186,0.41532633518518874,0.6468379694220212,0.23151163423683244,1,1,29,56.26780020986191,0
singapore-onenorth,d20aa983-8209-4069-92c1-cdb06839d032,5.7733428577925754e-11,4.514843170324875e-08,4.509069827467083e-08,1,1,5,9.604285111532759,0
singapore-onenorth,d9982ec0-bb8e-487c-ace9-153a45b664c8,-1.0691752617207758e-10,-1.2769960123844707e-07,1.27592683712275e-07,1,1,8,14.262217454869653,0
singapore-onenorth,256a570d-978d-4bc0-8321-90c0e5ce5dac,101.54615868138613,109.0627355113372,7.5165768299510765,1,1,15,27.50197676373332,0
singapore-onenorth,6738af02-e5d0-47b0-9ec0-f50da6587a13,-0.00020641745482490953,-0.6509376411093692,0.6507312236545444,1,1,8,14.120757608194907,0
singapore-onenorth,5194beef-58d4-4b54-9d40-55903e75628b,55.94260179646393,64.07717176144833,8.13456996498439,1,1,14,26.334951927163605,0
singapore-onenorth,a6bb73e8-5c00-4f61-a1c6-e6b02fc26d37,0.0014112179296797635,0.11719586223982015,0.11578464431014038,1,1,6,11.90927023360962,0
singapore-onenorth,95889ebb-cdbd-4afe-a67f-6162f0d3e05e,51.522653893259886,65.59636403067078,14.073710137410906,1,1,4,6.879528306089657,0
singapore-onenorth,864df3f6-53dc-4993-974e-f47f5d5bd313,6.493273711097519,7.788917434349923,1.2956437232524034,1,1,6,10.913678703516558,0
singapore-onenorth,4dfc2a57-ac10-4f6e-ad8f-ef2b98c399d4,-0.0011430724675801779,-0.941453466483851,0.9403103940162708,1,1,10,18.21586712980517,0
singapore-onenorth,9f93352d-b867-465a-9b36-1cbde9607cd2,1.3608144037582408,1.3608144037604037,2.1627771833951915e-12,1,1,13,24.19171423168468,0
singapore-onenorth,553fa5ea-8ae3-4e93-b307-729f4ee079a6,-9.819813646502825,-10.72957099714613,0.9097573506433045,1,1,10,19.08391871727135,0
singapore-onenorth,bac525d8-093f-48c1-80a9-34f4a0027202,3.820160612922136,4.409523900188883,0.5893632872667465,1,1,5,9.115188824921418,0
singapore-onenorth,b55b7e15-1d03-4adb-aad6-38703337a1aa,-53.55003197644204,-60.739403989065735,7.189372012623694,1,1,8,15.767841262170187,0
singapore-onenorth,3aeab693-d33a-4314-8505-c32c889f86f4,-2.5172225234551333,-2.944719381890247,0.4274968584351138,1,1,9,16.737289839844497,0
singapore-onenorth,c40ad2db-68dd-491f-a96b-07220e1c3d60,3.485887930884014e-12,-3.6385545555942632e-09,3.642040443525147e-09,1,1,7,12.253452683987376,0
singapore-onenorth,2c53387f-0248-4a39-b945-2620934d0d6a,0.00377251693820266,0.0037725169380499936,1.526666247102488e-13,1,1,13,24.22822254049288,0
singapore-onenorth,92f44dc6-d417-4ac0-bf56-fc35e275b86a,0.15866277259634115,0.15866277259478903,1.5521106845541961e-12,1,1,10,19.651453086178943,0
singapore-onenorth,9769e87b-c984-4eb9-84f3-f5a5c329a1d6,-1.5484886027970242,-1.8393822703262699,0.2908936675292458,1,1,7,13.216137193292028,0
singapore-onenorth,81a70c59-4fa2-4eb1-9daf-3b91e02eb22f,2.689287651602518,2.8612059563182473,0.17191830471572914,1,1,20,36.9316936178982,0
singapore-onenorth,61e997f7-8eb4-4a3c-8e21-6bff44381636,-7.634435133707454,-7.9356581173366125,0.30122298362915884,1,1,18,34.30960165541942,0
singapore-onenorth,0a5f0ec5-be99-4fa1-8fde-0b80440ce52e,-14.330131039034141,-14.494183122268069,0.16405208323392725,1,1,28,50.90538490853689,0
singapore-onenorth,fd382904-6d4f-45a7-b46e-20d63434fbfc,6.80953206784537e-05,0.00015964867345830472,9.155335277985102e-05,1,1,8,15.008437998586938,0
singapore-onenorth,2f606c8d-0b49-4d40-aaff-c3f564d8305c,-1.6347677029491936e-07,-0.00010604058531463733,0.00010587710854434241,1,1,11,21.632737217391508,0
singapore-onenorth,4850a562-faba-43d6-8266-7f702a49e8ac,-5.601985577718084,-5.862630556667102,0.26064497894901784,1,1,15,28.356638195657766,0
singapore-onenorth,048a3cb8-ccc7-41c8-9bd8-edc0c51fc711,7.873060454042076,8.265177706835285,0.39211725279320925,1,1,24,44.562639730001266,0
singapore-onenorth,7cd63426-9c6c-497f-a1ee-7ed9f6b12424,-80.91976704944625,-80.91980155330778,3.4503861520629696e-05,1,1,14,26.098785620790256,0
singapore-onenorth,a8c9f4fa-7bd5-4ecc-b4fa-9d3f3e9a1c5a,-102.82691953682577,-110.98351964112011,8.15660010429435,1,1,9,16.440647466862803,0
singapore-onenorth,c45b32c8-9bc7-4c17-87a1-b7f606ef144d,-42.2777082842344,-43.84215755103774,1.564449266803337,1,1,15,27.94488283963768,0
singapore-onenorth,1429cbea-6221-4b45-8033-4137a4f6d15c,0.9178390994836014,2.9979557258721403,2.080116626388539,1,1,20,37.716139084294895,0
singapore-onenorth,e58a4442-d3be-43d9-89ca-06af425bdd86,-0.0010279838684747055,-0.021778999598471595,0.02075101572999689,1,1,9,17.745763545704538,0
singapore-onenorth,3eabe5bf-f07e-4eff-b3dd-eec9f9a18560,12.82125942932675,13.502243137311888,0.6809837079851389,1,1,22,40.31599560962306,0
singapore-onenorth,76fb7188-ac25-4666-948a-50bec98aaa41,0.010924838076351,0.0487036735894051,0.037778835513054096,1,1,16,31.269733624556622,0
singapore-onenorth,9ed8d57f-8efa-44ac-a79c-5f11b24aca86,-110.35229395876328,-114.28816605089649,3.935872092133211,1,1,18,33.99323787534331,0
singapore-onenorth,77be0801-e717-4642-a5b7-44199067e886,72.0989284338091,76.05541860369722,3.9564901698881036,1,1,12,23.567790512281196,0
singapore-onenorth,09c34bd0-e571-47c5-8673-bf2cdb59caef,6.013299778417119,6.687530882884444,0.6742311044673248,1,1,8,14.033166112462778,0
singapore-onenorth,1dedb582-31a1-4cfb-a28b-21b6af99017a,-1.431696536266787,-1.5375219397026922,0.10582540343590509,1,1,19,36.29742173218167,0
singapore-onenorth,040a4ab8-ab41-4186-bee9-54e9d18a38fc,-0.022719597176557242,-0.022719597176760798,2.0355549961366507e-13,1,1,9,17.05748065665384,0
singapore-onenorth,974593b8-725f-4ad0-99c4-c3d77f882477,-5.356054083584562e-11,-7.200551887783827e-08,7.195195833700242e-08,1,1,22,43.215037706071,0
singapore-onenorth,b15ae8e8-bcf0-46c3-a73f-680a747aa4b3,1.326129741439081,1.5339088009009845,0.20777905946190353,1,1,7,12.617268851696636,0
singapore-onenorth,3fdb3a0c-264e-4fc3-a43d-bc0500a3aa3c,92.23269196697146,99.30908458342942,7.076392616457959,1,1,8,14.169907068386731,0
singapore-onenorth,e7c36b23-6384-4971-a30e-6cbea08a819c,0.0025834871850100812,1.053845983919754,1.051262496734744,1,1,10,18.090797531782222,0
singapore-onenorth,7d9100d8-0f90-4681-b057-4b2913d34b4f,2.1983993958275827e-11,1.3135589056694518e-08,1.3113605062736242e-08,1,1,6,10.67106418063546,0
singapore-onenorth,3c028eb9-0d95-47dd-bfa6-bb2923c63088,27.45672379650546,29.1987220226055,1.7419982261000404,1,1,10,18.91178097968206,0
singapore-onenorth,5345dc45-7167-4b8f-8af2-36de7a650b25,-16.81048110535327,-17.79428908958106,0.9838079842277911,1,1,12,22.35643986348838,0
singapore-onenorth,a2de3a57-f7c4-48a7-abe9-c04762b45603,-2.668459933310439e-09,-3.452058228181221e-06,3.4493897682479106e-06,1,1,26,51.63976744730466,0
singapore-onenorth,b174588b-c7ad-46e2-bf8e-b9df611d5734,2.359662488289383,2.6206751555551153,0.26101266726573213,1,1,15,27.25212365272074,0
singapore-onenorth,c29efe70-f7a5-43f6-b70a-47d9afcf08ac,9.644032515277363,9.975661459826945,0.33162894454958214,1,1,18,35.214718050413936,0
singapore-onenorth,d3cd7de4-b855-4902-a7d0-38fb048ad01f,-55.75701360980173,-62.12366192893942,6.366648319137685,1,1,12,23.868736922541796,0
singapore-onenorth,d18051f3-6984-4fb6-9b45-2129d2030fcd,3.892998930111345e-11,2.069253609097693e-08,2.0653606101675818e-08,1,1,9,16.443472522304088,0
singapore-onenorth,4ea10f22-45fa-4304-878b-3c599f5a714e,-2.4548747453420595e-07,-1.0677923463675005e-05,1.04324359891408e-05,1,1,6,10.318229484950855,0
singapore-onenorth,a0849dd1-cb87-4b29-ad4c-428bb237f9f6,1.820756105595892,1.888993450870747,0.06823734527485519,1,1,16,30.685960087661783,0
singapore-onenorth,c88a1f6f-db80-45fd-bade-2bb7637a0c00,7.852333845899569,8.273925101927025,0.42159125602745645,1,1,11,20.701156316468502,0
singapore-onenorth,d59d1844-07be-4918-9b90-95229beae41c,-10.045792387876011,-10.644742791372407,0.5989504034963972,1,1,16,29.18779775767474,0
singapore-onenorth,eb75fe65-6d65-4539-aa10-c76e8a07bf7e,0.09472919907431829,0.12116056465781533,0.026431365583497044,1,1,30,59.42730386270738,0
singapore-onenorth,7da300d1-d234-408f-bf6f-c986f3e128f5,-81.74409080890736,-84.81387876849385,3.069787959586487,1,1,19,34.96738954299169,0
singapore-onenorth,56b404f6-a227-4cb2-9482-ed58c108555d,-8.07352000342699e-11,-5.243556592279325e-08,5.235483072275898e-08,1,1,6,11.125029727858792,0
singapore-onenorth,de79f400-e135-4747-b6f0-a3f1dd1d24d5,-92.99691547829559,-93.29174140253556,0.2948259242399824,1,1,16,30.46984472162487,0
singapore-onenorth,94f94d80-0d8f-453c-a8ce-70b9a342dde3,13.16208796648635,14.676817341372864,1.5147293748865145,1,1,6,10.988934182365831,0
singapore-onenorth,471a4c8f-4624-4bf1-a46e-c24b22cd969f,-1.936445757214902,-1.9364457572186935,3.791221180304512e-12,1,1,14,27.670146236550014,0
singapore-onenorth,389f367d-bac5-4851-93c7-0ceb8755c23c,-4.379623796375263e-08,-3.066660198942206e-05,3.0622805751458304e-05,1,1,22,43.97604927823509,0
singapore-onenorth,91ce6fc9-518a-4426-98f6-a66075b3f310,-5.483121271914363,-5.186326095678219,0.29679517623614343,1,1,18,32.934782961669235,0
singapore-onenorth,0c2e8063-e2ab-4c13-bcbb-d79e956e68f0,57.874744147648514,69.86871481964165,11.99397067199313,1,1,4,7.792896037483976,0
singapore-onenorth,c58d6604-0c15-499d-9586-a8348eedb71f,0.84127866231839,0.8412786623197639,1.3739996223922392e-12,1,1,15,28.39241998875281,0
singapore-onenorth,bfc07d6f-125b-45c9-8639-d106355a2d84,-62.9846792721215,-67.41891972095699,4.434240448835502,1,1,13,25.769776635525595,0
singapore-onenorth,d9728a8c-0890-414d-a6c8-0096d112a029,-0.22458392127228477,-0.22458392127276822,4.834443115824545e-13,1,1,7,13.965038651704546,0
singapore-onenorth,95f1aeeb-3889-4d15-bc11-61d12a34ba14,6.558314363508189e-06,0.0006528877419274828,0.0006463294275639746,1,1,5,8.025134669774548,0
singapore-onenorth,3f698990-af68-4f9c-a3ec-ab05a6d83baf,3.2899657625058616e-11,3.972891919265963e-08,3.969601953503457e-08,1,1,8,14.143634835643505,0
singapore-onenorth,dffa2160-736e-4998-ae58-939fb331cf71,26.77915119074994,31.17171690818206,4.392565717432118,1,1,6,10.667303684223121,0
singapore-onenorth,f3b46160-57ff-4d83-b607-0380332a2dbc,3.0773633894607446,2.540248955095593,0.537114434365152,1,1,17,31.847459946191783,0
singapore-onenorth,400ab14f-b7a8-45a8-ae38-05627adbf040,34.58323146250971,37.636270914519194,3.053039452009485,1,1,9,17.16132687957709,0
singapore-onenorth,ad3b432e-a3c9-4556-b399-6a53a031d192,58.20074722757369,65.84288829912775,7.642141071554059,1,1,6,10.222701248444068,0
singapore-onenorth,d73efb02-5567-4485-bfc8-98d061c8a2fd,57.81813109900774,57.81819629973533,6.520072758195669e-05,1,1,20,36.81344692395601,0
singapore-onenorth,ec8e9a44-a5dc-460d-a530-113ff26ff241,3.4037460787072735,3.715217556359689,0.31147147765241545,1,1,8,14.79387613807221,0
singapore-onenorth,b9e64223-55b5-4d5d-b772-ececb990628d,0.0014864691590136035,0.4237536257227404,0.4222671565637268,1,1,16,30.608344864776853,0
singapore-onenorth,9c982cca-3933-4c72-9816-d322de47732f,-84.93939956887279,-91.31091821807938,6.371518649206585,1,1,9,16.657012128098806,0
singapore-onenorth,259c3866-cc3c-42ab-a3ba-f31edd1cb31d,3.2024734760300944,3.5809701698299152,0.37849669379982065,1,1,9,17.091052074004033,0
singapore-onenorth,8b1e70a5-052f-4d65-807c-bc9d0aca38ac,-0.5408536560437583,-0.5408536560429695,7.887775610029521e-13,1,1,10,18.464904162208946,0
singapore-onenorth,2dfb9d48-ce42-4700-97d8-f7ba403a813b,62.00018228069333,73.73783257842953,11.737650297736204,1,1,5,8.448301215157535,0
singapore-onenorth,bc610ae8-7dbe-414c-baf7-c5b040cbb4e0,74.22902939199489,83.67707708085896,9.448047688864085,1,1,9,17.068494226380267,0
singapore-onenorth,1bdf6c26-8902-4a98-985a-8251cddb3e2a,0.9614442223666243,1.015703321920574,0.054259099553949634,1,1,26,46.79887611846025,0
singapore-onenorth,d687406b-10cb-4015-844e-a85851bfd097,71.30935717372303,86.53820171303558,15.228844539312538,1,1,5,8.664519250597898,0
singapore-onenorth,d8b21c56-002f-41bb-bd0d-1686af74474b,-3.791221180304512e-12,-1.1573020708347669e-08,1.1569229487167364e-08,1,1,7,12.414637648070013,0
singapore-onenorth,4f06575b-1849-41f8-8708-a0560053a959,6.469818177495711e-08,6.470026821882815e-08,2.086443871040067e-12,1,1,7,12.643291503805115,0
singapore-onenorth,b8070ed8-dbb0-401e-ac46-18f6479a2f3a,2.060534086428239,2.1663584612369853,0.10582437480874624,1,1,12,22.481313111327538,0
singapore-onenorth,88cce915-af1c-4ba3-9419-0ad5a27a24f4,3.3962091906897633,3.499666541257802,0.10345735056803865,1,1,21,39.19662692954057,0
singapore-onenorth,5a2dde3c-8df7-4524-8de0-4762fba3b8c3,32.32391131393097,36.5427424738285,4.218831159897527,1,1,6,11.691660144889797,0
singapore-onenorth,2eb92598-eb17-4134-9e33-8e99a7a8f786,70.73420170716415,75.19544956926535,4.4612478621012,1,1,10,18.534442518292153,0
singapore-onenorth,d57b6845-6b52-4006-af64-499ef7e2a7cb,0.10550043484565086,0.6580001914084166,0.5524997565627657,1,1,15,26.60462999876863,0
singapore-onenorth,20b38bd6-c182-4dda-a584-9d47d0dd3710,0.17325865495317502,0.28409450324610186,0.11083584829292684,1,1,29,56.099007229516694,0
singapore-onenorth,affb21e1-df26-44c6-a2e1-4c73cc494016,1.6558169359190726,1.8374492747212523,0.18163233880217974,1,1,9,17.595403634510397,0
singapore-onenorth,63883a03-212d-4699-a915-81b91fc9bd5a,-88.43730602141883,-90.46069743914346,2.0233914177246124,1,1,14,26.107439750451793,0
singapore-onenorth,f3ee3c69-4b7b-4941-98ba-f05e79d7c07a,5.226345340250072,5.449943518315883,0.22359817806581134,1,1,14,26.777753762871914,0
singapore-onenorth,d79ec187-417a-4b7a-a855-2cba2107377c,-101.27665343920185,-105.93339728830607,4.656743849104222,1,1,17,31.461583029627537,0
singapore-onenorth,c8ebee91-cf9c-4212-a7d0-662f3f0c3a28,0.16325373025334775,0.2382127565015354,0.07495902624818768,1,1,13,25.339243741243262,0
singapore-onenorth,cae68dd8-751a-4aad-9747-c60595588697,-2.075420831847238e-07,-0.00011230454320993057,0.00011209700112674584,1,1,5,9.418982624825533,0
singapore-onenorth,c956b8d5-1ffd-4ce5-8ecf-9671a25f77fc,98.91781866356104,107.92825858138335,9.010439917822312,1,1,7,12.330405794790837,0
singapore-onenorth,6b829ad4-15ca-4a8a-89c0-f67f12921489,13.719686824624999,14.958688723339952,1.2390018987149534,1,1,7,13.425002188795972,0
singapore-onenorth,256732eb-510a-4fff-af12-a74cd4fa4a06,-3.9205013043584547,-4.391492759802228,0.470991455443773,1,1,6,11.93540520292434,0
singapore-onenorth,d4434a21-898b-444e-a42a-bf5d5a79034e,-77.19753995426007,-81.21486906398142,4.017329109721353,1,1,21,39.6340302897739,0
singapore-onenorth,bd5760fc-1381-409f-9a28-3af9e6d2fb9c,0.0005908451261426019,0.011896088675915578,0.011305243549772977,1,1,17,33.88764668783594,0
singapore-onenorth,6fe66e1e-802b-41de-b114-9b49a3f48b5d,-0.13955041391961845,-0.20314527294831333,0.06359485902869488,1,1,5,8.31171417980201,0
singapore-onenorth,b80d9718-f242-4d12-b445-973b1943e34f,-3.2695671351118896e-06,-0.0009827581230340376,0.0009794885558989258,1,1,12,22.93934764337234,0
singapore-onenorth,a9d3c3b6-009d-4d9e-b07d-564680c5b83f,2.179840247917617,2.458634183463165,0.2787939355455481,1,1,6,10.150492055450547,0
singapore-onenorth,995789d7-f9fe-4ce6-923f-26e3e9c962d9,0.026424382105407714,0.02642438210624738,8.396664359063685e-13,1,1,10,19.789314010924176,0
singapore-onenorth,d53cf772-4361-44e8-ba0d-45ba8b5ecb84,-109.43983604031547,-109.43989638565337,6.034533789277765e-05,1,1,16,29.76291320818787,0
singapore-onenorth,648c4b94-5500-46a9-96f8-73ac5667a68e,-89.39196734237262,-97.90277404861696,8.510806706244342,1,1,7,12.994890239159966,0
singapore-onenorth,f8ef5a84-ea5b-4d61-8ac8-0f0c28235de1,68.22933997143213,77.81859275590551,9.589252784473388,1,1,5,9.077981490603255,0
singapore-onenorth,fd33b3be-45e2-4b4e-b1f5-90333544f50b,111.29429218438477,119.79214600798377,8.497853823599002,1,1,9,16.4380349006686,0
singapore-onenorth,d32f7376-85c3-4fbd-9be1-19c37a4e9ee5,0.007848592335806016,0.00784859233651846,7.124442486478278e-13,1,1,8,14.514964840879799,0
singapore-onenorth,3c3bab86-9b92-4d0d-aadf-2637370c5f11,34.473772079188535,35.56355907644339,1.0897869972548566,1,1,15,27.764014731380072,0
singapore-onenorth,20caedd2-dbd6-4821-9285-31d45fde65fc,-3.5232912539380255e-09,-1.6857833420399943e-06,1.6822600507860562e-06,1,1,8,15.223830468900163,0
singapore-onenorth,92d9ddcc-21a9-4561-8e63-95b989b7e85c,3.6861360451855174,3.7049437239023897,0.018807678716872323,1,1,18,33.6154951145681,0
singapore-onenorth,a830b3a4-86bb-4508-9e19-eb1e1b75470a,0.0827954898805365,0.1279865713746823,0.045191081494145795,1,1,17,33.65995532119172,0
singapore-onenorth,726230ae-fb8a-4c47-bc10-a1603974b08f,-6.245093923699723e-07,-0.000201621921393725,0.00020099741200135503,1,1,10,19.03654919970233,0
singapore-onenorth,91da635c-b931-4517-89c9-ff90792d75f0,0.026415534545541346,0.026415534546482787,9.414441857132009e-13,1,1,19,36.27514408321971,0
singapore-onenorth,f59a93c1-280e-417a-b0b3-50b11b6b5260,-1.123465294578362e-06,-0.00048002722179732985,0.0004789037565027515,1,1,4,7.852645087246829,0
singapore-onenorth,f24a067b-d650-47d0-8664-039d648d7c0d,1.482425494816454e-07,0.00011990790415501288,0.00011975966160553124,1,1,17,32.22259195098823,0
singapore-onenorth,a9a1640a-3a1a-4f8c-9788-0deab85caddc,74.92329227995977,82.24288992429385,7.319597644334082,1,1,12,22.68206688597869,0
singapore-onenorth,b479232a-a646-4746-a875-00f90e12b278,0.011812210496120185,0.011812210497341517,1.2213329976819904e-12,1,1,19,37.43908677171347,0
singapore-onenorth,6899bbe6-e300-4c18-9e12-f77de371840c,78.05389814858073,87.33740858464768,9.28351043606694,1,1,9,16.603911210672173,0
singapore-onenorth,9b3f643d-300d-466f-935b-803d9f6d19d5,-5.557309406052593e-08,-6.454536752162077e-05,6.448979442756025e-05,1,1,10,19.68327419915724,0
singapore-onenorth,cc2b182a-8e18-4dc6-ad1a-c224c4213b44,-0.47211339943085545,-0.5278902003407174,0.055776800909862,1,1,7,13.542243681389225,0
singapore-onenorth,46fe6640-b041-4357-be05-e6dbff3df28b,-4.86833580801962,-5.130730720032592,0.26239491201297094,1,1,12,22.094770779437553,0
singapore-onenorth,71ea88af-13a9-4841-abb2-d6807bbe6370,0.2899897561274009,0.28998975612651035,8.905553108097847e-13,1,1,24,46.21219894282148,0
singapore-onenorth,33e62345-472b-44b5-b67f-a4375bf001da,-101.06863649723688,-106.190905068558,5.122268571321127,1,1,12,22.83543216720278,0
singapore-onenorth,29832077-5956-4ee6-a2ca-cb0fc7bc1b06,7.777743029145337,8.177553665636985,0.3998106364916486,1,1,13,25.08645294076896,0
singapore-onenorth,5ac95b7c-64d5-4fad-9ed3-32e76ef4e305,-1.963034201955978e-06,-0.00041555835188279683,0.00041359531768084083,1,1,12,23.795358575419456,0
singapore-onenorth,2bf169a1-721b-4fea-ba71-002d3c355203,0.2623560928713184,0.2729224020846901,0.010566309213371698,1,1,18,35.775515472291566,0
singapore-onenorth,1256004b-6d84-4b29-ae5e-0c4a85216ad9,-6.104370751643877,-6.104370751642732,1.144999685326866e-12,1,1,9,16.08506078732494,0
singapore-onenorth,b32d2baf-33fa-4414-97c9-d80c681690b8,-7.947252080904622,-8.199942184042236,0.2526901031376127,1,1,20,39.94551237652994,0
singapore-onenorth,0bbaf05b-f351-4e6f-bf55-3e008d722ee9,-5.187600944191278,-5.655741310209455,0.46814036601817705,1,1,7,13.89555336640058,0
singapore-onenorth,1d50e506-350b-4982-9841-38e7f6fa9007,-5.675130372798242,-5.497054502437357,0.1780758703608857,1,1,22,40.37997923381021,0
singapore-onenorth,88d1f54a-8cce-4576-be6f-bbf59942795c,-0.4696598652985989,-0.4696598652977083,8.905553108097847e-13,1,1,4,6.521950649737284,0
singapore-onenorth,7ead08e0-c1bb-4c07-b465-e2118c57f797,-0.9784496247770318,-1.0949992984688024,0.11654967369177067,1,1,11,21.9175933488636,0
singapore-onenorth,fc4be07b-1181-4948-be2c-2e7deb8b245d,33.290178243412896,41.49951765445858,8.209339411045681,1,1,5,9.77004098218579,0
singapore-onenorth,fb096aaa-ea47-48b0-aa87-d34a08883e48,0.026017867391050623,0.06879272732153766,0.04277485993048703,1,1,5,9.191410064036738,0
singapore-onenorth,4d9fbfdd-54d3-4c7a-a58d-77c71867b2d4,42.1894864680617,45.3836753408044,3.1941888727427035,1,1,9,17.327702679525203,0
singapore-onenorth,76cb3d6d-c774-4a86-b30e-b4b551580339,-0.0002471512100421941,-0.007382407546001013,0.007135256335958819,1,1,9,16.921135727637413,0
singapore-onenorth,d2d9965b-6e0a-496f-be64-4c9956601a4a,3.015708339782719,3.0157083397825915,1.2722218725854067e-13,1,1,11,20.408010570459325,0
singapore-onenorth,af49a79a-4f23-4ccd-ad97-782c65da6262,84.89500145713396,89.53734383328077,4.642342376146813,1,1,13,24.961444579132092,0
singapore-onenorth,78f90f5b-6b05-4a52-88db-09979ed1d080,-102.87120802083564,-107.34528217179901,4.474074150963379,1,1,14,26.19102515474232,0
singapore-onenorth,7299f083-060e-46ba-8257-4c12d5356d9c,7.965682914544441,9.412875779596463,1.447192865052023,1,1,6,10.633970535935934,0
singapore-onenorth,ebaedddd-6c73-4945-94ca-7cdae88e8f24,1.4431138183671322,0.17465776442976025,1.268456053937372,1,1,19,36.87447123865953,0
singapore-onenorth,1c765039-f220-4d41-9d39-a8d0460fd44b,-8.08035058289984,-8.337147001651733,0.25679641875189224,1,1,20,39.471680541592875,0
singapore-onenorth,e23e22e1-7527-479c-80db-e49cc7787ebe,67.25584151788652,83.31918196089839,16.063340443011874,1,1,5,9.51173915230679,0
singapore-onenorth,efce425b-a528-4d6e-b91c-0a05c8de2e33,0.0002112885678024341,0.5079691928531657,0.5077579042853633,1,1,6,11.813863090030233,0
singapore-onenorth,44f254dc-d1ae-4d51-a500-a78abeed69fe,0.967051669924491,0.9670516699305722,6.0812205509582444e-12,1,1,14,26.632065361868648,0
singapore-onenorth,262c4c35-2aad-4a32-94fd-d275e902571b,0.6689185868817823,0.6689185868852426,3.4604434934323064e-12,1,1,7,12.797716219611395,0
singapore-onenorth,ef6260da-5be4-4a74-b224-acba49380159,6.083642191761369,0.06740542001289569,6.016236771748473,1,1,18,35.14769074202645,0
singapore-onenorth,a63684e7-65dc-4a6a-b11f-75f734d6d592,-0.013100052431919938,-0.035873683961836364,0.02277363152991643,1,1,17,32.42387527359708,0
singapore-onenorth,bf28aa80-9c7e-4d89-abe0-6d7b478b6948,60.0218765177817,67.95054400548227,7.928667487700567,1,1,6,10.074340221440242,0
singapore-onenorth,e1b59f13-d160-4dce-a347-ce9d46ca1f2a,47.90191400264918,52.48112021426185,4.57920621161267,1,1,8,14.347296066266688,0
singapore-onenorth,c3c363b7-f417-483c-a49e-2d19d6e04b7a,2.4375771078736394e-11,1.532457401066497e-08,1.5300198239586232e-08,1,1,8,14.824250633174303,0
singapore-onenorth,4b2b2789-114d-4fac-9d5d-539abd353c88,9.89469070728164,10.495817917839108,0.6011272105574695,1,1,13,24.112530261394223,0
singapore-onenorth,736250f7-de28-4d04-af6c-25b81101f4c4,4.530296180042904,4.708386232766291,0.17809005272338704,1,1,15,28.249829213631024,0
singapore-onenorth,6816ae3c-80d4-4113-8b8f-9f964209752e,-1.6902208226682809,-2.147938662258157,0.4577178395898762,1,1,6,10.223484967711808,0
singapore-onenorth,795693a1-380d-45aa-928c-5ab1d6723f79,-5.5311176140961305,-5.419386358065048,0.11173125603108262,1,1,29,55.3214030598893,0
singapore-onenorth,31341dd8-8f2a-4863-bae3-3e8b955f8b81,9.994336582834391,10.160034299541598,0.16569771670720737,1,1,34,66.44798852111923,0
singapore-onenorth,b0a65cfb-fac5-4004-b99b-58e2f8876d58,-99.90687614830657,-106.67822635267005,6.771350204363494,1,1,15,29.11762081915531,0
singapore-onenorth,0c4e3d5a-b412-4a9d-a80c-c436dd4366b9,22.336724173974897,24.210962739004685,1.8742385650297884,1,1,8,14.344373956110543,0
singapore-onenorth,8b1456f4-6713-4efa-8368-db7a6f2c1583,0.05915296481123945,0.059152964811748344,5.088887490341627e-13,1,1,19,36.63583121001096,0
singapore-onenorth,e2647153-dca2-4891-8d9b-4807a6480434,-7.05155728978664e-05,-0.004144184451000925,0.004073668878103059,1,1,7,13.951344964356077,0
singapore-onenorth,ae343f62-5073-49aa-8731-7d899520348c,1.373056184642078,1.537609676006992,0.16455349136491393,1,1,7,13.339470817517903,0
singapore-onenorth,589595f0-b893-4b36-aaec-3d4c1103abc2,0.00011155893770939623,0.0001115589362590633,1.4503329347473637e-12,1,1,6,11.726445792184055,0
singapore-onenorth,a8f20c8a-1cfe-4e48-a461-9af93dc07743,0.032688197165425203,0.08269622192406181,0.05000802475863661,1,1,19,36.236870450706625,0
singapore-onenorth,7ac6383f-660b-41de-890f-aac419201024,-87.47766505094326,-88.10649108630037,0.6288260353571075,1,1,16,28.72739142887531,0
singapore-onenorth,a8ce035c-07eb-4a48-bcf5-39bf82f0e247,-3.7794367747815714,-4.166391523665936,0.38695474888436504,1,1,7,12.17379471682631,0
singapore-onenorth,794f1e67-b6b2-4709-aff2-254059095e96,-61.58019220427813,-61.222213594265426,0.35797861001270165,1,1,34,64.3272321715474,0
singapore-onenorth,8f164e7b-3d29-42f7-90c7-6f021f44edb1,14.919148093354753,15.739739373489686,0.8205912801349319,1,1,25,46.096421120670826,0
singapore-onenorth,37ab749a-3f56-41d1-bb25-67e51d9ca973,8.463393707725668,8.900222899880207,0.43682919215453825,1,1,12,23.293088130596487,0
singapore-onenorth,c655f5e0-d808-4f82-8568-094c09e2f5bb,5.027078622530136,5.043643965755374,0.016565343225236978,1,1,25,46.83106269765321,0
singapore-onenorth,aa6a0284-132d-4c87-9045-dbbb9bb52461,0.45427589207027835,0.4542758920700239,2.5444437451708134e-13,1,1,6,11.078540408032943,0
singapore-onenorth,4f5ca27c-269c-463c-bb63-e131391f4b55,52.93560858483256,57.71220498696457,4.776596402132015,1,1,7,12.833036226575116,0
singapore-onenorth,fc2fd9a9-0ed9-4563-a831-8c1f4b8221e3,0.0005102455224925113,0.0005102455215765116,9.15999748261493e-13,1,1,3,5.7135922468421185,0
singapore-onenorth,4859e293-c5e8-4296-870f-c4567bb7c954,8.702586642535671,9.578023299533708,0.8754366569980362,1,1,7,13.466962037107459,0
singapore-onenorth,55f2c61d-c011-40d9-93b6-f69d1fcbe542,-7.118428421431086e-05,-0.004095185890173561,0.004024001605959251,1,1,8,15.500218456988371,0
singapore-onenorth,d3f92516-06f4-4790-a9e0-4c1777756239,-4.686384975263955,-5.074418229597376,0.388033254333421,1,1,15,27.15780195459785,0
singapore-onenorth,f8594b53-c5b4-4a4d-af46-28e6a1bf8973,86.42715045727134,94.61832450705431,8.191174049782969,1,1,10,18.171370592366678,0
singapore-onenorth,8afee301-8caa-400e-bf07-ae117ee7c3c5,26.964330811329905,29.42156032159671,2.457229510266804,1,1,7,12.56203950303293,0
singapore-onenorth,5196f7b2-2278-4a02-947a-1a7fbade1818,35.306526326035296,39.08886220052811,3.7823358744928126,1,1,9,16.769122020606158,0
singapore-onenorth,c3cdcddb-a4c9-431c-b7ee-943ca85a180a,58.88153209572717,67.81322873139872,8.931696635671555,1,1,5,9.14096931488191,0
singapore-onenorth,ebe3cf3c-2508-4dbf-92b5-d3be35a240f6,45.010936228837764,53.55259539176549,8.54165916292773,1,1,6,10.694269253396666,0
singapore-onenorth,02a1769a-b83e-4256-b13d-bb674b32fbe7,-85.56897265816804,-85.26323410261217,0.30573855555585583,1,1,27,50.44114435657374,0
singapore-onenorth,53078c6b-01ea-420d-ad45-43bc8cf55faa,-50.31493571753639,-52.68387992554971,2.3689442080133167,1,1,18,34.16332153212552,0
singapore-onenorth,12920bba-4b97-4924-9a02-724c3199970e,-0.0001246312609534777,-0.005139920316895482,0.005015289055942004,1,1,8,15.21661869720717,0
singapore-onenorth,876e01f4-d698-4d0a-a151-6ec14a79e969,9.947578039017017,10.363881029199394,0.4163029901823775,1,1,16,30.30766487494536,0
singapore-onenorth,c61107e0-de72-4d12-a1e6-7d03230467f8,17.871565364061567,18.94128674648996,1.0697213824283944,1,1,10,18.0685471765051,0
singapore-onenorth,016dee1c-a69d-485e-8d87-c6eaef2b5753,7.6166813819158055,8.025924642992205,0.4092432610764,1,1,11,20.485957019535597,0
singapore-onenorth,de97bf70-09f3-4725-ab17-fbfff96ad68b,-2.808661073668721e-07,-0.00012645284090197535,0.00012617197479460846,1,1,10,18.125319555162324,0
singapore-onenorth,d80832df-a91c-48c4-b7e7-5ad4eff12ca6,-7.281809838844894,-7.657699259786655,0.37588942094176164,1,1,18,32.847845500116165,0
singapore-onenorth,d27ea74b-6cb5-4300-baef-3f7622cd4598,-11.616221313510845,-11.643850961139524,0.02762964762867843,1,1,25,46.341697800666296,0
singapore-onenorth,ad87e7af-c929-4024-8165-f38d42fd8d5b,58.68168735511844,67.48501358504367,8.803326229925233,1,1,5,8.977279985113967,0
singapore-onenorth,c6a0a7a8-cf07-414e-9618-1f83f52fa1e8,12.077364708128233,14.120871811641445,2.043507103513213,1,1,6,10.7582624877583,0
singapore-onenorth,a285fcbd-86ed-4722-ad6e-4912941aacd1,74.6172427600005,79.10982676411732,4.492584004116822,1,1,10,19.28307184780294,0
singapore-onenorth,340db207-b5f6-4c9e-8da1-b60d355e15d5,59.83931192378284,68.28834842541264,8.449036501629795,1,1,5,8.491397712743405,0
singapore-onenorth,7000a4dd-8780-48ea-972d-44b7b056f7aa,6.971775861768028e-12,9.056133288937056e-09,9.049161513075288e-09,1,1,11,21.540712255371105,0
singapore-onenorth,8bee3ea3-4a7f-47cf-bee7-0fd48fa84cc8,5.708540717402687,5.839188685536261,0.13064796813357432,1,1,24,44.79410749474652,0
singapore-onenorth,85be2751-b636-457f-a2af-6eea78f331b6,27.359083706652527,29.478231512200928,2.1191478055484034,1,1,9,17.687373053660234,0
singapore-onenorth,95814d8a-9da8-406a-b3ff-dc282b9867fa,-0.4001084419258547,-0.5002515222094663,0.10014308028361159,1,1,7,12.234771972300692,0
singapore-onenorth,ca2650ba-1aef-408d-b855-a408ca7d9045,-6.802215020108626,-7.419309560516822,0.617094540408196,1,1,9,16.95241350124744,0
singapore-onenorth,02961994-c01c-40b9-a6b5-9c0240b77697,1.0406774917748627e-11,8.756804926755161e-09,8.746398151837413e-09,1,1,21,41.847744639545134,0
singapore-onenorth,ac3ce586-041a-47eb-b6f2-bf1ed3471085,43.66238509127996,47.13878035781376,3.4763952665337974,1,1,12,23.83804409106386,0
singapore-onenorth,86d70484-b596-4902-b172-ca172d0e15d3,-1.368900994606972,-1.4616904058763092,0.09278941126933743,1,1,17,33.27935344778185,0
singapore-onenorth,9734cb57-e0f3-4555-9567-61fca2330fa4,2.3534966058706175,2.3302213174768527,0.02327528839376475,1,1,27,51.220959336700666,0
singapore-onenorth,4b65514a-8771-4ef7-a0f9-aab9136f787d,-1.6683361050809042,-1.6683361050831433,2.2391104957503156e-12,1,1,23,45.75789190143795,0
singapore-onenorth,be1af076-1a7e-484c-acc9-e2cfb98aecd7,-2.166155672335118,-2.453189527821766,0.2870338554866479,1,1,8,14.478926101117835,0
singapore-onenorth,b8c7b147-24e7-4fff-a83d-eb7784273d08,-68.36259078740397,-73.26177927196397,4.899188484559995,1,1,9,17.575869620675313,0
singapore-onenorth,bff9e511-5562-4ba3-890d-4a8281fde4f9,2.010038688248802,2.2746579091028587,0.2646192208540568,1,1,18,34.24749216814713,0
singapore-onenorth,3615a7ef-f021-4fd3-856c-6763f7a039be,-109.47038231030325,-109.47053257008967,0.00015025978641659406,1,1,18,34.44953308394697,0
singapore-onenorth,51947187-3a3d-4292-ab59-26f650ff0b5e,0.18870652773726188,0.18870652774229987,5.037998615438211e-12,1,1,22,42.312597475076586,0
singapore-onenorth,86a13313-eee5-4889-9c63-322a83c8bb93,-5.659235010335461,-6.656649255007866,0.9974142446724051,1,1,6,11.557868095053657,0
singapore-onenorth,75b23220-cf4c-44d4-bf17-4a82d5a86c4a,13.603035720313486,15.356202026132106,1.7531663058186202,1,1,6,10.355913115489999,0
singapore-onenorth,30ec1dee-99fe-49d2-8deb-aaf5849bf1d1,79.00566671829839,83.6856082425679,4.679941524269514,1,1,14,26.42151922322195,0
singapore-onenorth,6da61038-9acf-4776-b370-48847e81796e,-0.5328913293349862,-0.732420589452028,0.19952926011704183,1,1,16,29.524728831329618,0
singapore-onenorth,1abb9d07-6ebb-425c-9545-68a637363327,-69.9373084387805,-73.0142751982078,3.0769667594273007,1,1,18,33.295480009802,0
singapore-onenorth,1dfcaa86-9029-44b4-873a-4d4479822f68,68.10007742958894,76.26384228457874,8.163764854989813,1,1,8,15.055660869869762,0
singapore-onenorth,e31065b6-e007-4991-9b5e-79c6dad51181,19.079694332525943,20.54010396362514,1.460409631099196,1,1,8,15.361521377031519,0
singapore-onenorth,eb4fe5d5-6805-4e30-9abb-e0fa4d792f8e,18.352765512671976,18.996173949054793,0.6434084363828152,1,1,22,41.55339317413411,0
singapore-onenorth,30529bf0-ca7d-44f7-9502-f910aec28da4,30.543652558154392,33.344711170589115,2.8010586124347236,1,1,7,12.888624836690779,0
singapore-onenorth,91405abe-c8e5-4d16-9a00-4c7ecb02b6d8,69.85771334188048,76.3433954982975,6.485682156417011,1,1,7,12.396228356924118,0
singapore-onenorth,405df992-ce4c-4c5b-9001-85789d4f760b,6.897669904960778,7.453919990012217,0.5562500850514389,1,1,9,17.685741644406143,0
singapore-onenorth,bf02b5e8-310e-4f84-8e4d-24793218413c,10.68234521050026,11.093779194731601,0.4114339842313401,1,1,20,36.391312818299305,0
singapore-onenorth,0a3f11ca-70af-4ab0-af23-bf61152ab0af,53.56319612099985,53.56323050983632,3.438883648068575e-05,1,1,13,22.4204727286885,0
singapore-onenorth,4de05887-b4b8-48b9-84b5-9d79cc319cc3,-0.0069924503414938565,-0.6422800486603681,0.6352875983188743,1,1,15,29.582495646167715,0
singapore-onenorth,f04be3d6-4fa3-4d10-bedd-3c917468ba41,24.186707329134514,29.089502271553684,4.902794942419171,1,1,12,22.70012226316888,0
singapore-onenorth,da3704b9-a68e-47e7-b28e-2a70dce7039f,-0.05008907983769097,-0.050089079837334745,3.562221243239139e-13,1,1,27,52.05346612785318,0
singapore-onenorth,71922645-baa9-468f-bfd2-f71bb74b39e4,-3.4053324205243465,-3.9178279852730875,0.5124955647487411,1,1,6,10.761225160840564,0
singapore-onenorth,28789d60-f97d-4823-a25d-eaa35d663674,41.57198154931589,50.14872085416433,8.576739304848438,1,1,4,6.790254689522283,0
singapore-onenorth,f4b9455f-c456-4a0f-9f4f-c2af7d84ecb2,1.5543803283748884e-08,1.790310772968927e-05,1.7887563926405518e-05,1,1,5,8.124237664633945,0
singapore-onenorth,fbfed65a-9f81-4a27-bfdb-30e102e5380c,3.1738330651614204,3.28413037583548,0.11029731067405935,1,1,21,40.19213285556911,0
singapore-onenorth,9d9f3886-6ad7-49e6-81e2-fc3fe5eee72e,72.9072972890588,90.5280301641687,17.620732875109894,1,1,5,8.777783152210091,0
singapore-onenorth,47b5a46c-88c0-445f-9193-972d8f7d705e,-1.6293540982588255,-1.6293540982576042,1.2213329976819904e-12,1,1,19,36.63152360409782,0
singapore-onenorth,f66befa7-8167-455f-9674-fb9f0ebfea50,3.582145066345978,3.8303024084507906,0.2481573421048123,1,1,10,19.7795200243916,0
singapore-onenorth,e45eeef4-c4a3-4d83-a6e1-618cdfd697b6,-14.762180842690142,-15.4218976721252,0.6597168294350559,1,1,13,25.303614914531995,0
singapore-onenorth,3883ba57-1beb-4937-abcd-e6b2b1537467,74.82887858208758,79.84123159018411,5.012353008096532,1,1,10,18.0852709830561,0
singapore-onenorth,4853f36d-601a-446c-b482-c9609fb07791,0.1265889545934503,0.13237106540775412,0.0057821108143038214,1,1,24,44.3323499050994,0
singapore-onenorth,17a4181e-ce22-493c-8669-0dcc422334a0,48.077373546427545,52.70451520619088,4.627141659763332,1,1,7,13.936011995634782,0
singapore-onenorth,74b2fec3-c1f7-4b50-9bea-2af5a0f244c4,9.85483674635915,9.786438069646273,0.06839867671287658,1,1,15,26.82336922101976,0
singapore-onenorth,dab7c5c2-8558-483c-9c8c-31815fbf2898,-0.01008724105277613,-0.062314397884959266,0.05222715683218313,1,1,9,16.51961991626198,0
singapore-onenorth,5eb007cd-a7d3-4982-a440-3a7da6f5993e,-1.5083442955094821,-1.59362552507875,0.08528122956926804,1,1,17,33.86879996271597,0
singapore-onenorth,6b06cef1-41e0-4e80-8f59-e5c60623ddf8,55.23756949023182,71.80507757540205,16.56750808517022,1,1,4,7.8780647981700085,0
singapore-onenorth,bc455fc4-e366-49c7-9aac-b21a7f4d596b,25.838439064802433,30.48874724111026,4.650308176307828,1,1,6,11.06086120877239,0
singapore-onenorth,77a30923-0944-4dd4-bc2e-e12f97930dc5,89.9547663734349,93.57196313001317,3.617196756578272,1,1,14,26.65546759784122,0
singapore-onenorth,16b5fddc-841c-4e5b-9639-b77a7da52ed1,0.28587814413016205,0.3139424638451947,0.02806431971503265,1,1,16,31.834502990909513,0
singapore-onenorth,d7435315-15d5-4169-a8b2-cc46368597d7,-0.938652756478296,-1.2022579837935206,0.26360522731522457,1,1,15,29.628842490179373,0
singapore-onenorth,703d4f5f-9026-49df-b90a-9a1be720d992,-10.17730668834647,-10.507297641706124,0.32999095335965395,1,1,16,29.81136187153124,0
singapore-onenorth,187dbd3c-bc87-423b-b8e6-59843a028d43,6.778190582156265,7.102330727793471,0.3241401456372061,1,1,12,22.934737712465044,0
singapore-onenorth,2b1c22a2-4c6d-4fa0-9519-d5abc49d89fc,-0.019597035449860106,-0.01959703545423655,4.376443241693799e-12,1,1,7,13.778554584117582,0
singapore-onenorth,c464d12b-e30d-4d40-8afe-100920ceb47d,-7.251664673736818e-12,-1.0446544573485647e-08,1.043929290881191e-08,1,1,6,11.203066408380089,0
singapore-onenorth,01397c2c-1f86-493f-8e33-d3b235f43172,-0.19117720477157676,-0.1911772047705081,1.0686663729717417e-12,1,1,9,16.817788349429044,0
singapore-onenorth,28565835-5eaf-4895-8fd1-540f8d8465a0,63.50649680589735,73.0976652609215,9.591168455024148,1,1,5,9.10175040086076,0
singapore-onenorth,5c91b7e0-8c02-4df9-9dd2-40adbbc4708d,-9.926872149367234,-10.32374663604946,0.39687448668222436,1,1,16,31.81760043174455,0
singapore-onenorth,c798dcab-cedb-47f2-8745-aa9c1b68ff4a,4.742082465963779,4.8472990842161625,0.10521661825238407,1,1,18,33.63585110563515,0
singapore-onenorth,ca9bdb30-849c-4c9e-aa0a-54573b57e7fe,3.8832423970957715,3.607274455818435,0.27596794127733626,1,1,20,36.82188010767825,0
singapore-onenorth,53f0b134-a073-4ec1-aaae-d773dcb6b7ef,26.81157712663105,28.799480101324605,1.9879029746935546,1,1,9,17.39133758091771,0
singapore-onenorth,5c75d004-bc96-4ccf-8daf-cc780e948404,10.915894471603977,12.237413101539795,1.3215186299358173,1,1,8,14.472175796449987,0
singapore-onenorth,6bec3cc7-d9db-4742-857a-ed5160d5158a,-1.0351891266165293e-08,-1.090437893155077e-05,1.0894027040284604e-05,1,1,10,19.88122989210324,0
singapore-onenorth,df8d99e5-c8b2-4a85-9c52-1ede34c47f5b,0.004596873720869152,0.004596873722930151,2.060999433588359e-12,1,1,19,37.37308379981827,0
singapore-onenorth,e4a227aa-c7a2-4573-a8da-d9a47c164d26,-4.0176766736247147e-11,-6.773629849556597e-08,6.769612172882973e-08,1,1,8,14.784706738959343,0
singapore-onenorth,f942ab05-bf28-408c-a7e3-067a0c774d7a,-99.96439999154683,-109.43659533287925,9.47219534133242,1,1,16,30.71000775101721,0
singapore-onenorth,c75533ad-0974-456a-8458-153b8b9f4f9d,-1.1432876489269688,-1.0188501714863687,0.12443747744060002,1,1,22,41.248819965675786,0
singapore-onenorth,8ada2e75-5ea9-4dd2-a972-d731aabe84ea,15.991802960866254,22.60532127091058,6.613518310044326,1,1,3,4.313682813602167,0
singapore-onenorth,1411cd2c-920b-44f5-a424-d932e7c3c1e5,39.84810253429079,48.14402865184151,8.29592611755072,1,1,5,8.252101145821046,0
singapore-onenorth,1b350956-01f8-4e8d-9856-e586c0ca2ab2,1.5470217970638545e-11,1.4252879749636473e-08,1.4237409531665834e-08,1,1,8,15.896503789169513,0
singapore-onenorth,acfbaf4b-eb93-4a62-9775-0d084b74a7d9,92.70335626911331,97.81734585820254,5.113989589089218,1,1,11,20.86557417618564,0
singapore-onenorth,3d51e56d-2af9-4a35-9c38-0aa6934b7349,-3.248915848460147,-3.696425758721482,0.44750991026133563,1,1,6,10.377793423784718,0
singapore-onenorth,fa36a8c7-4b19-49cc-8687-3769becc4c57,54.38936025406743,63.28265066363681,8.893290409569378,1,1,7,12.211863164676442,0
singapore-onenorth,bf8a3541-5f32-4c2c-8875-9d6475432990,-13.888624892634178,-13.88865572464137,3.0832007193631445e-05,1,1,20,36.91174942476857,0
singapore-onenorth,3d7d5356-6535-418a-ab7f-61e5a58c7d1c,0.8283265815233011,0.8283265815271178,3.81666561775622e-12,1,1,6,10.636264631442504,0
singapore-onenorth,56d05483-2351-423f-889a-f45c71817463,0.3384951338826325,0.3393641635147674,0.0008690296321348862,1,1,12,22.749738321488763,0
singapore-onenorth,ced43384-8e85-4dbd-b466-aba764339b0a,21.72843087505555,23.185775271807703,1.4573443967521538,1,1,9,17.29745672388804,0
singapore-onenorth,6a323ddd-6d28-4643-bc4e-b1fa2dbdd434,-0.3471961319996961,-0.34719613199677,2.9261103069464355e-12,1,1,22,43.97269070893025,0
singapore-onenorth,99839371-aad5-484d-a7a5-c3d373c6e5ea,-5.820987457873674,-6.3819020197173515,0.5609145618436783,1,1,8,15.208231135105866,0
singapore-onenorth,811f65d6-6ce7-413b-a3e7-12eb34f2c53d,1.0668852623501221e-10,3.929755964454082e-08,3.919087111830581e-08,1,1,12,22.915338302489,0
singapore-onenorth,b6035dc6-8ab4-48cd-bd6b-b7602775f381,-7.030282801244486e-08,-4.815280619913077e-05,4.8082503371118325e-05,1,1,6,11.27173482563604,0
singapore-onenorth,6ccc64bd-5b1d-44ef-b549-802bf5f8141b,95.50354063784103,100.91292712546527,5.409386487624257,1,1,12,23.581679183362688,0
singapore-onenorth,1d954aac-9380-41b1-8d2b-22d42b89daad,-41.402131675153264,-41.411497205617835,0.009365530464570912,1,1,29,54.48964175153084,0
singapore-onenorth,2ba5ce69-ff37-44c9-9b57-e8902ca44c86,-0.08225141143684886,-0.12263841881919721,0.04038700738234835,1,1,8,14.2218535326937,0
singapore-onenorth,3faae508-d43d-4817-b1b9-06ebf575e3cf,-0.0021616767921088273,-0.5862842187416839,0.584122541949575,1,1,13,24.527851612357274,0
singapore-onenorth,a071549f-2f1d-42bc-9f8f-93f4705078c5,8.85211978944926e-11,6.20539449461007e-08,6.196542374820621e-08,1,1,8,15.792993083591798,0
singapore-onenorth,88d9c726-ee5e-4055-a6e9-03992e0c2250,-0.15235787466057543,-0.1523578746601429,4.325554366790383e-13,1,1,11,20.45583834833864,0
singapore-onenorth,aa88cf31-9f5c-450a-87a8-6379f7ff3ce6,-0.22640322634647594,-0.22640322635054705,4.0711099922733015e-12,1,1,15,29.285594508944833,0
singapore-onenorth,6fbd47bd-3f3c-461c-9c4d-d53f053827b7,8.539440222047705e-07,0.00031974497685936787,0.0003188910328371631,1,1,3,5.831054516321813,0
singapore-onenorth,f5af5e7f-8885-4cdc-9b79-bede5cb256af,-5.7881731542792405,-6.344865315904892,0.5566921616256513,1,1,9,16.96359965209143,0
singapore-onenorth,b2a49604-8f64-4727-a5df-02962844822b,3.50818659226881,3.7202067741319698,0.2120201818631597,1,1,12,22.324572990232884,0
singapore-onenorth,402be13b-54d2-4596-bfc2-1c00beffbb08,-0.0003453085679908853,-0.008390908388828118,0.008045599820837232,1,1,10,18.208892036216543,0
singapore-onenorth,80710c40-a935-4c2f-ae33-4544cbeb062f,1.018414754560875,1.1698186288974093,0.15140387433653418,1,1,19,35.08137135951517,0
singapore-onenorth,82b12b50-e68b-4e31-b561-12661960677e,-3.480799043393673e-11,-2.2857539662649146e-07,2.2854058863605752e-07,1,1,4,6.761297180983741,0
singapore-onenorth,cbcc1a66-d6f7-4825-a5e1-f55bca97aa3e,1.5082661021592854e-07,0.00010567754181652143,0.0001055267152063055,1,1,9,16.036666485566915,0
singapore-onenorth,b59c1023-4b6e-4f93-907b-6354c415407a,-86.94236094604389,-91.50700449644654,4.564643550402655,1,1,11,21.18453607159536,0
singapore-onenorth,339717f2-e108-4780-94d5-0f20f8c90afc,-8.309084605354905e-08,-5.980295067672744e-05,5.9719859830673893e-05,1,1,15,29.249743068915134,0
singapore-onenorth,fbcf32e6-1bf7-43b9-b062-f781c9f4abd6,6.7367566299534944,7.676781628775814,0.9400249988223192,1,1,7,13.735020520735377,0
singapore-onenorth,3d90f833-7bc9-4ca2-a82f-b87ac931f652,0.00022837343102255196,0.00022837342990299672,1.1195552478751578e-12,1,1,6,10.54391038943723,0
singapore-onenorth,a6a9c22b-10a7-4add-a026-1af540108716,11.767729723378928,12.455723999245116,0.6879942758661886,1,1,16,30.199129827785722,0
singapore-onenorth,368238a4-0296-4d75-8d86-374ecdedf3f3,0.00015821493342644166,0.006046578430572945,0.0058883634971465025,1,1,16,31.393927275821206,0
singapore-onenorth,8ea52712-f2da-4e9c-8e58-1781fbdd9413,5.001853548503238,5.350884755005243,0.34903120650200525,1,1,9,17.870978072389335,0
singapore-onenorth,d8c15516-9546-4236-87fa-6195c143feaa,62.566238048152336,67.79238353695548,5.226145488803143,1,1,12,22.643491066697006,0
singapore-onenorth,24e61126-ce2f-4aee-b880-1316e877da27,-85.69644888705916,-88.7823907584799,3.085941871420755,1,1,16,30.008412443540443,0
singapore-onenorth,35e51c10-8b22-4dc1-a0f7-2eaf07668ff2,65.77060645644454,81.16204649853474,15.391440042090192,1,1,5,9.74289712992844,0
singapore-onenorth,3a636aff-f13c-4f10-acf7-3e2bd12fbbe7,8.463868207261136e-07,0.0002594200521736468,0.0002585736653529207,1,1,5,8.540227601559952,0
singapore-onenorth,5a0e0700-5225-448c-b8ff-25a794b06202,-9.847967232502365,-10.807656468782497,0.9596892362801333,1,1,10,18.078154889570143,0
singapore-onenorth,0d26b2f9-ddeb-43ae-8fd0-a4b657e0c9bd,-78.2556993156937,-79.60797809364884,1.3522787779551435,1,1,22,40.825197890770966,0
singapore-onenorth,2c1f1364-131c-46f5-aa1f-67d546a1377b,-1.745268646475076,-1.745268646471641,3.4349990559805983e-12,1,1,8,14.588561499118551,0
singapore-onenorth,4f5f28f4-19c3-4070-850c-3eb923427946,-0.0183570129885872,-0.06039336431643051,0.042036351327843315,1,1,6,11.495121631442276,0
singapore-onenorth,ef734831-8b18-4376-9f35-5ab1917619b3,0.19512286019555464,0.21895487020098006,0.023832010005425418,1,1,9,16.57713557306467,0
singapore-onenorth,4960d80a-9865-4076-857d-9d3da26fe886,1.353119456211089,1.2627598207057413,0.09035963550534769,1,1,22,40.525517594418794,0
singapore-onenorth,ed0fc1ea-9416-4a1f-ab2e-0e488e5474b5,10.34231806913709,10.992502079110341,0.6501840099732527,1,1,20,37.0585120295216,0
singapore-onenorth,d7efef09-8bfe-4b57-9c54-b138401f5e0a,68.98358692505774,68.98365846580367,7.154074592345782e-05,1,1,17,31.4463273778718,0
singapore-onenorth,27b7ec4e-6a00-40b6-8cd6-6d2c1191bff9,63.597426974710665,72.61612782111057,9.018700846399897,1,1,8,14.920273156725232,0
singapore-onenorth,35be8067-4c28-44aa-905b-4386c6461849,12.710515100298307,12.172583078254613,0.5379320220436947,1,1,17,32.146400200460356,0
singapore-onenorth,3da7c2e1-cff6-46e0-b0d2-fd101cf6ad5a,8.445732734446896,8.962333843864963,0.5166011094180664,1,1,11,21.146385940615833,0
singapore-onenorth,be8d43f3-8dd6-4c30-98c4-7e45ebd19597,-0.0011288273916903967,-1.2896310951585703,1.28850226776688,1,1,5,8.05784045589547,0
singapore-onenorth,ca7136a3-2732-4b2e-8a9f-e34ef1fb3107,15.970159183922028,16.39105044937785,0.42089126545582206,1,1,21,41.88295963010024,0
singapore-onenorth,801203f0-462f-4211-85d7-a36ed2128973,8.60544445210366,9.560253738044812,0.9548092859411527,1,1,6,11.473461441961684,0
singapore-onenorth,03c11ccb-f5d1-4920-b534-aa743355e6a6,39.89291068895895,42.08445515333679,2.1915444643778423,1,1,11,21.856530376773417,0
singapore-onenorth,0282d0e3-b6bf-4bcd-be24-35c9ce4c6591,81.86513343893844,88.60226589148338,6.737132452544939,1,1,12,22.554444647000896,0
singapore-onenorth,c13c44f0-c779-49d8-9501-390d1aad0a58,-3.280403763071901,-3.406622073316486,0.12621831024458482,1,1,16,31.996164353502852,0
singapore-onenorth,5e479fe8-4129-4ae1-a80c-70f19fd637d6,-92.90046516889997,-92.23935555277973,0.6611096161202525,1,1,28,51.98649041719037,0
singapore-onenorth,ffbf7f10-9f45-4855-9679-641b027134cd,-105.57887489343425,-114.05692892996528,8.478054036531033,1,1,8,15.05186047771222,0
singapore-onenorth,e218e490-3bba-403a-a5d1-224f1047a699,99.7040910146517,104.83145351869754,5.127362504045847,1,1,12,23.136744672575595,0
singapore-onenorth,e7896bf5-e217-498d-ab2d-502ed4db6054,-0.0019349988775617516,-1.0910638143885965,1.0891288155110348,1,1,6,11.145368807694005,0
singapore-onenorth,68a2cd68-98e8-4551-9e77-a55733113ccb,22.63800052624938,25.30018843926349,2.662187913014107,1,1,7,13.979232297198639,0
singapore-onenorth,56da5c27-80fd-4dcb-b67d-a5cd11124ebc,31.272121082642673,36.23958189097609,4.9674608083334215,1,1,6,11.817761270269225,0
singapore-onenorth,a1047601-fbbc-438f-a9be-e85c99129bfe,83.47136466563987,91.00888537820605,7.537520712566183,1,1,7,12.596979355893106,0
singapore-onenorth,90dd2b5c-ee2f-4ae9-b66f-cd979939e15a,-1.282482099962151,-1.36884715649633,0.08636505653417906,1,1,11,20.294013543648557,0
singapore-onenorth,ac86fc6f-5b95-4eed-97b8-488363dc3383,-85.42501771454191,-85.49021190193194,0.06519418739003753,1,1,21,39.54403082179871,0
singapore-onenorth,1bee33ca-4bef-492c-bafc-bee1ba692919,-2.97880944887638,-3.334715784160784,0.3559063352844037,1,1,7,12.156219268919154,0
singapore-onenorth,ddbe1c62-44b6-4a39-89dd-81da29cd7dc0,0.6987093117837622,0.6987093117791313,4.63088761621088e-12,1,1,22,43.43442667437441,0
singapore-onenorth,a1849e25-bc15-4594-86a1-6a8d1ea1653e,92.46898150588795,97.24146231465556,4.77248080876762,1,1,12,22.80956026774325,0
singapore-onenorth,b53a2a15-b206-4851-817d-cca3c527e33b,48.099831137002425,55.325344243905626,7.225513106903202,1,1,9,17.196853829801935,0
singapore-onenorth,b6c87076-3f71-4d9e-b840-8bd28ddfa7ef,-94.32689538817041,-99.29733497481092,4.970439586640515,1,1,15,26.92022465273459,0
singapore-onenorth,230d3689-1792-4a45-8362-a6f93087aef0,6.29982868359608,7.470884764602778,1.1710560810066983,1,1,5,9.44488291928749,0
singapore-onenorth,e0798319-bd67-4c6d-957c-7f0a0518d6af,16.30975756908605,17.09516204722005,0.785404478134003,1,1,21,39.39406403446389,0
singapore-onenorth,e59e95a1-a46b-4420-88d8-6ba01caec548,-8.679915659248291,-9.307092975770674,0.6271773165223841,1,1,12,22.140162395080253,0
singapore-onenorth,0b9dabc1-9c02-4c7d-b702-f1c8e9ab0986,9.453515170083906,10.25883831052036,0.8053231404364563,1,1,9,17.91581234222516,0
singapore-onenorth,ed5dad24-79b4-4de8-9a03-23487d7a7b7e,0.8530232355285902,0.8530232355304476,1.8574439339746936e-12,1,1,9,16.2710290431845,0
singapore-onenorth,39759dfc-e801-4c7a-a1b5-d7924346323e,45.971473999638604,49.65836058819539,3.686886588556786,1,1,8,15.511791879234089,0
singapore-onenorth,5d071884-65b2-4044-b099-4299123ab81d,3.4800357102701216e-10,2.0625306798342028e-07,2.0590506441239325e-07,1,1,17,32.77612364514842,0
singapore-onenorth,87ae0b76-6f3c-4552-8c82-25524e340eaf,-94.96923003293867,-94.96953623236602,0.0003061994273572291,1,1,20,36.636159191249064,0
singapore-onenorth,dff0bb1c-6f49-4f3b-8d9d-93565b1d7a27,0.16557600472327905,0.16557600472439862,1.1195552478751578e-12,1,1,11,21.17297848205395,0
singapore-onenorth,c8382375-c8fe-4989-b537-cdb389a9b6f9,6.41199823783045e-12,2.1519480308157445e-08,2.1513068309919615e-08,1,1,4,7.7932573709352635,0
singapore-onenorth,0128e7b9-17fd-47a6-bd82-e1818615892e,26.180638971763525,41.95796802448138,15.777329052717855,1,1,7,12.538107309925545,0
singapore-onenorth,349c7495-cdd9-49d8-8609-827df1c7cc79,-3.3876280690636102,-3.66143781315871,0.2738097440950996,1,1,9,17.66953635986764,0
singapore-onenorth,12071031-8b71-4200-9ffb-6735d8146ae7,66.09989682395873,70.55653249686128,4.4566356729025545,1,1,9,17.286712312705493,0
singapore-onenorth,784c9d65-fbcf-45bc-b84b-cd3835ac3ca0,-119.89472089087857,-128.7463661016138,8.851645210735233,1,1,10,19.285535870720423,0
singapore-onenorth,5570e275-7e88-4f1b-ad75-3eaddcad7c26,2.893379849276266,3.791822003862106,0.8984421545858399,1,1,4,7.080344288505677,0
singapore-onenorth,68db4c8f-2044-4da7-b2f3-6f1154886b02,-7.520097743857689,-8.164679540725698,0.6445817968680095,1,1,10,19.44914729577199,0
singapore-onenorth,c64cd7f8-8c61-4a4a-97de-4cfdf9072639,-78.05403459613068,-79.25823555029316,1.2042009541624792,1,1,26,47.0533297247289,0
singapore-onenorth,f107c194-1efb-4e21-988b-1173c879c647,-2.2543771582213407e-11,-3.6468468977597745e-08,3.644592520601553e-08,1,1,6,10.009749473327316,0
singapore-onenorth,e4821c6e-e0e5-4351-ae21-f10c69a02378,1.1526330165623785e-11,2.564534672982682e-08,2.56338203996612e-08,1,1,5,9.149849386864016,0
singapore-onenorth,2d8820a4-2879-4d20-81e7-a04d4d06f057,7.020274311880113,7.872417952143504,0.8521436402633906,1,1,9,16.049630929097003,0
singapore-onenorth,82caf5ac-e379-4fd2-a15d-3f26c7377aa9,-8.230739691158366,-8.571305648308716,0.34056595715034915,1,1,27,52.177216942751976,0
singapore-onenorth,d47e23d9-37e3-441b-86a2-1e44582c5eba,95.76945818960512,102.46586263770433,6.6964044480992095,1,1,14,27.124552780909262,0
singapore-onenorth,4205d713-0751-435b-8f47-1efe407e83f5,5.674912105761597,4.33271380875633,1.3421982970052668,1,1,25,47.92813559672646,0
singapore-onenorth,5b7a7bc1-f71f-4a3f-8d3c-53da3cb9e975,-5.840264268830221,-6.405959993169861,0.5656957243396407,1,1,15,26.543837321469997,0
singapore-onenorth,35164ee9-7b84-41bb-911c-281396aa2a15,0.08455460401439378,0.13065972664685246,0.046105122632458674,1,1,8,15.857285070386496,0
singapore-onenorth,5a9398eb-e385-4b11-b03e-4029d2cb3060,-119.52953385362804,-123.32638422503078,3.796850371402739,1,1,18,34.21357658388023,0
singapore-onenorth,aa6e1624-c511-4c92-8b53-fe5a7f32393f,-70.34998585505825,-72.90029241922447,2.5503065641662124,1,1,19,35.64518125062464,0
singapore-onenorth,3fdf45fb-0ee4-4181-a9c9-3ead161de06c,79.6972674045869,88.82142368247983,9.124156277892938,1,1,7,13.693700166516084,0
singapore-onenorth,4e8de1f3-6bfc-4414-b875-41e5189baf24,7.731964052850242e-08,8.302960683949015e-05,8.295228719896165e-05,1,1,4,6.8362017536892274,0
singapore-onenorth,da475282-0e97-44d4-b099-2e9d90e78c0f,-102.26837939989898,-104.22171549264118,1.9533360927422174,1,1,24,44.72395975197512,0
singapore-onenorth,39ef2a20-6c6c-4c0d-ac0b-61e17230f48d,6.264069075719135,5.880287645444649,0.3837814302744861,1,1,15,27.92569029759694,0
singapore-onenorth,dad98625-fa0f-428d-96e3-e77a477b3fef,102.32981169289177,107.50329880674259,5.173487113850836,1,1,14,26.980188563264818,0
singapore-onenorth,423631c8-0e15-4ccb-95ca-dce4819a19df,3.3077768687220575e-12,9.335564101031715e-10,9.302486332344494e-10,1,1,16,31.532192110937547,0
singapore-onenorth,85074954-6051-4a2f-900b-762c83c9b2e5,-103.93448101129599,-108.64529490586388,4.710813894567894,1,1,17,33.11770557039478,0
singapore-onenorth,179ad944-fe8a-419b-a2d3-0168798d0ffa,1.5722681085631605,1.3508591325728774,0.22140897599028322,1,1,16,29.008635655666108,0
singapore-onenorth,f8c84604-55f4-485c-b365-6d929cb3765b,1.4693970127425922,1.3956304376480007,0.07376657509459149,1,1,19,36.13158078991563,0
singapore-onenorth,3d406756-c334-4123-a901-c47fe0a7c1b6,2.840949816054724,2.894983481129231,0.05403366507450728,1,1,21,40.015419028762715,0
singapore-onenorth,e6a2a7e7-a24a-4d35-bc9c-4d38efd82dcd,-1.2722218725854067e-11,-1.151495650208287e-08,1.1502234283357016e-08,1,1,9,16.55539579177076,0
singapore-onenorth,9e95f0fe-c0b2-4d2d-b384-3d915ada2149,-0.007171539065275684,-0.010023687301799767,0.0028521482365240817,1,1,23,44.83722137049866,0
singapore-onenorth,e967c005-75da-4af9-9bab-f5fa0c1c3111,16.723927757235398,18.048191071053864,1.3242633138184663,1,1,8,15.888084098630015,0
singapore-onenorth,66dfa2af-cd47-4e92-b8b2-bfcc3d8e5fc4,6.214642966259183,6.628532582895948,0.4138896166367648,1,1,9,16.336120478539677,0
singapore-onenorth,8f62b4a8-d644-480b-a813-cd79281b96a7,-0.4131878936247305,-0.4131878936225423,2.1882216208468997e-12,1,1,7,12.180758764263231,0
singapore-onenorth,5512a462-9ac4-4869-a475-a4c6cbc83905,-0.13263535315317287,-0.1326353531539871,8.142219984546603e-13,1,1,13,25.61149789947174,0
singapore-onenorth,f959e609-0a3f-4983-8e09-310182998c84,-13.376680269381108,-13.419239356615671,0.04255908723456339,1,1,19,34.49183711289076,0
singapore-onenorth,7e55826a-6581-498a-b40d-c95c2b9301ab,2.976862782759521,3.104798240920631,0.1279354581611101,1,1,15,27.832997183767,0
singapore-onenorth,7dac0579-fb20-4454-ab76-b6fa18acced4,0.0009879114654064434,0.019396863430601357,0.018408951965194913,1,1,6,10.40935443496535,0
singapore-onenorth,86de9247-2301-4d17-8292-85548fb4d7f3,-83.13827790986986,-88.04752525951956,4.909247349649698,1,1,10,18.582351580926122,0
singapore-onenorth,fd537da9-8f68-43aa-a762-a5527ea7c033,-20.974175802698227,-22.017593013533975,1.0434172108357498,1,1,16,29.422124441666057,0
singapore-onenorth,9532d72d-6c4e-4026-a963-25577ac06010,-1.9241336239498836,-2.2018670900049586,0.2777334660550749,1,1,9,16.14772159961799,0
singapore-onenorth,a6c80212-4f75-4599-b7b6-2ce8016dfab1,-34.96000163557209,-36.31147542098619,1.3514737854141015,1,1,16,29.986201722161173,0
singapore-onenorth,07e1d306-6153-4629-8843-1e6934f5b5f0,12.555360156041099,13.024965548452247,0.46960539241114896,1,1,23,44.064726257603276,0
singapore-onenorth,fc1857ef-3d14-4299-862e-4be06a64e856,4.740298697253225e-11,1.0808611285092218e-07,1.0803870986394965e-07,1,1,3,5.988573786877975,0
singapore-onenorth,d348f5f0-6b75-4f44-90bc-3a7549f0da11,-0.026978058937670937,-0.07343907080805889,0.04646101187038796,1,1,6,11.86592791479095,0
singapore-onenorth,7cc63cbc-c60a-4550-bc89-499ce4006a1a,60.76303726343014,60.76308291387952,4.565044938550458e-05,1,1,14,26.910691471494683,0
singapore-onenorth,52a2543f-4617-4dde-aad3-48421834cc96,-3.206027966011929,-3.5115389913810677,0.30551102536913877,1,1,7,12.536974485036058,0
singapore-onenorth,29f775b4-2ffc-4717-aa13-02d400f55006,-0.32928434658921474,-0.5017018247167121,0.17241747812749741,1,1,15,28.77732006707374,0
singapore-onenorth,40e98668-15a3-415d-a56f-c68b4c6858f1,0.0793098372538815,0.07930983725187138,2.0101105586849426e-12,1,1,23,45.53780219816999,0
singapore-onenorth,8bb87db4-4090-44ea-87ab-53e08d4df3e7,-90.46953899403532,-98.72498434531555,8.255445351280228,1,1,7,13.445557756435798,0
singapore-onenorth,af73a37f-8dd3-4f22-88dd-9958ec74d1eb,-87.06698667843905,-92.37153684051259,5.304550162073538,1,1,10,18.19071383842058,0
singapore-onenorth,73287cb7-4090-4f59-9a22-722dde687f0e,88.07446324004509,89.52434163162292,1.4498783915778188,1,1,15,27.818770483583428,0
singapore-onenorth,3465c09c-47ad-4d98-b9e8-0dda8e59de09,2.495775808097582,2.911157243387868,0.41538143529028604,1,1,11,21.740532445328302,0
singapore-onenorth,ff5b79af-d764-481f-9f6b-aa5b076eb234,-10.784674842387133,-11.255649300031477,0.4709744576443443,1,1,14,27.66011487650744,0
singapore-onenorth,aa8beea9-dff6-4e95-980e-697045208788,-3.0444681381855563e-05,-3.044467769241213e-05,3.689443430497679e-12,1,1,9,17.38001657759104,0
singapore-onenorth,e5df7f16-3320-4718-b80c-7cd0da7101bb,-5.412869260581512e-05,-0.003465940345989863,0.0034118116533840477,1,1,26,51.71422204608787,0
singapore-onenorth,e2d9cdbb-c74f-4549-9c38-b33c2463e226,-3.027888056753268e-11,-5.0477133016572724e-08,5.0446854136005197e-08,1,1,6,10.076901655880043,0
singapore-onenorth,b3848198-6bf2-491b-ba9b-64f8cbdd2fbe,-54.92966443170589,-59.92295446638724,4.993290034681355,1,1,7,11.987702497587767,0
singapore-onenorth,b804c0a3-cbc2-4cbf-a7ec-04a567693fc9,67.12751748008684,71.55033770923953,4.42282022915269,1,1,14,27.091236413111464,0
singapore-onenorth,307fd087-208d-41fb-9146-c9582f62137a,-6.7344994771046185,-7.158099281230245,0.4235998041256266,1,1,10,18.494026013060605,0
singapore-onenorth,2f987f0c-01f9-4a55-86dd-ed2d780f3f5d,-0.00038885131017419347,-0.0003888513080877496,2.086443871040067e-12,1,1,7,12.493761889889777,0
singapore-onenorth,68253662-812c-4aa3-83c6-111cce7649b0,2.245936835652041,2.395059801311957,0.14912296565991623,1,1,9,17.965234663660464,0
singapore-onenorth,b9222efb-568b-4409-b96c-c178932e7849,-5.292442989955292e-12,-5.987483243386151e-09,5.982190800396196e-09,1,1,5,9.43902221529657,0
singapore-onenorth,962798ee-d0fb-437c-bdd2-c9a3729a7ca1,-9.555399536949045e-06,-0.0013532861403385743,0.0013437307408016253,1,1,7,12.649453671781407,0
singapore-onenorth,07c47d48-d94f-424a-bb7e-aa17de5ae29a,-102.05275701815786,-104.24786391803693,2.1951068998790713,1,1,15,27.906142990970004,0
singapore-onenorth,498b4159-ec43-4e9a-8cdf-3660cfa3ad7e,-11.699713161609473,-13.291263280336477,1.5915501187270016,1,1,7,12.56928331289418,0
singapore-onenorth,de421f24-ba18-4584-9486-3ac8574c291c,2.5469881889159843e-11,2.509671376949309e-08,2.507124388760393e-08,1,1,6,11.921068670828177,0
singapore-queenstown,dfdfb0ee-5eb9-4721-b385-5b98e82e0fd7,94.1349667905381,104.60129019454351,10.466323404005404,1,1,8,15.404902145013834,0
singapore-queenstown,fee9d7bd-1255-42a4-9901-01f302946b7f,-90.04943442824894,-94.66095584015777,4.61152141190883,1,1,12,22.649259599165873,0
singapore-queenstown,d0a3d35b-08ea-4881-b9c9-b24f175dd872,22.110285145219756,24.39939544956625,2.289110304346491,1,1,9,17.910940353269044,0
singapore-queenstown,08ca1ea7-eb50-4376-acbf-af24a3ac2d25,0.3612305389379747,0.3612305389367025,1.2722218725854068e-12,1,1,7,13.135837957148954,0
singapore-queenstown,60cabec7-2f12-48d1-9af2-1767f08069d6,9.454021541872113,10.22729436902532,0.7732728271532071,1,1,10,19.673586734491725,0
singapore-queenstown,dc358d72-117e-4585-b6d8-ab2112d178e2,-11.090106726469028,-11.474541787752038,0.3844350612830105,1,1,40,75.28001367734181,0
singapore-queenstown,644e26fc-6130-4c2c-ac73-a09eba137430,18.538011479170272,18.53801147917663,6.361109362927033e-12,1,1,11,20.376872744650015,0
singapore-queenstown,9c86cfce-5978-4ab4-ae10-87e8ee25799c,-26.609960533856835,-28.206876753309174,1.5969162194523405,1,1,12,22.41112604696154,0
singapore-queenstown,84269261-b35c-45c9-991f-00786dfc33bf,91.94868055616762,99.29214189263685,7.343461336469223,1,1,11,20.72560186934985,0
singapore-queenstown,dbc28784-2930-4f24-87b1-8a3ebcf5e60d,-76.06825108130249,-86.24445658757337,10.176205506270882,1,1,10,18.782521493314363,0
singapore-queenstown,975fbd57-20df-4a18-bd85-a09d0fe57e82,-0.22047501182210333,-0.2204750118247241,2.620777057525938e-12,1,1,6,10.895441083395333,0
singapore-queenstown,c05285f4-a8b8-4fa8-a298-b6f6b81c5b3a,2.2872638805434358,2.2872638805481427,4.707220928566005e-12,1,1,7,12.468909815711763,0
singapore-queenstown,c5405797-e3e4-4e75-acaa-0ec90a4abbc8,-88.34144181046126,-92.63515860706643,4.2937167966051595,1,1,12,23.786639803655486,0
singapore-queenstown,cedc576c-a47c-4870-a5bd-68e9f8dbf14b,0.6515427532385527,0.6515427532373315,1.2213329976819904e-12,1,1,11,21.86019891012524,0
singapore-queenstown,a5cb3fd2-54f4-41c8-90f5-0a6c5c7c9b9a,51.31416482413306,63.05040685538746,11.736242031254402,1,1,7,12.614453288585404,0
singapore-queenstown,0c514814-f443-4c8b-856b-fddb6b4a627f,1.0862304394222921,1.1944880387329861,0.10825759931069406,1,1,13,24.562842508952656,0
singapore-queenstown,44a8a509-0f94-4d23-bb0d-257e0828c097,83.21197295400847,92.27294060646118,9.060967652452705,1,1,10,19.730259911009338,0
singapore-queenstown,207ec29e-75a0-4d3c-bb18-a0596729097c,-7.012594794831809,-7.83893747170513,0.8263426768733202,1,1,7,12.70708600609677,0
singapore-queenstown,cd6bb8d5-dc9a-43a1-a65f-514a05a39186,0.013229816569928556,0.03273528977020859,0.01950547320028003,1,1,14,27.63736110270307,0
singapore-queenstown,f3df5ce5-62f5-4f4c-9e32-47e468049876,83.20631345753125,87.3450079855659,4.138694528034643,1,1,12,23.461212062272413,0
singapore-queenstown,8d72c374-b660-4d3b-a819-8f66534c66d8,-85.27691636077009,-85.16289745796205,0.11401890280803179,1,1,21,38.212011586494505,0
singapore-queenstown,c1853704-e210-45b6-9891-99f7d7f27c8d,-14.314587584214483,-15.093463508362259,0.7788759241477765,1,1,23,43.683501823535636,0
singapore-queenstown,b988a272-4c7f-4098-9796-97dcb0e796c1,-1.8342166281083983,-2.0087256236536946,0.17450899554529659,1,1,12,22.59097120985979,0
singapore-queenstown,07a93729-7860-450c-bb99-2310b26b7060,-75.49514636863226,-81.15017907605274,5.655032707420477,1,1,16,29.878139141198915,0
singapore-queenstown,218afff5-e1df-4df1-92c6-dee20119a22c,14.430887339788924,18.68236392396634,4.251476584177414,1,1,5,9.004645299170747,0
singapore-queenstown,254ee10c-01b8-4e4a-91bb-0a53eb61782a,-53.147295554015294,-57.36770124194005,4.220405687924758,1,1,8,15.116501773191878,0
singapore-queenstown,7e6ce26f-06e9-4264-8507-069f0635b181,92.32777373378224,99.39190109779939,7.064127364017157,1,1,8,14.497019432686232,0
singapore-queenstown,c04d4423-f8f0-4780-bffb-85810f3b0c68,-0.6904821484701554,-0.6904821484697993,3.562221243239139e-13,1,1,10,19.4648634545897,0
singapore-queenstown,e1b9922a-cbb7-485b-b673-e12dcc00441e,6.017038698223988,6.584941354246688,0.5679026560226992,1,1,15,27.20562510023602,0
singapore-queenstown,db9940a8-696b-46d1-bc8a-6d5cb32aa64d,-2.6805242707301598,-2.6805242707266994,3.4604434934323064e-12,1,1,8,14.121928684239396,0
singapore-queenstown,dee820bd-5937-4129-aa06-32534826e4b5,-79.20914747069315,-84.94906522735948,5.739917756666326,1,1,17,30.850877074027935,0
singapore-queenstown,2b962924-4bf9-4fb7-9498-db2b8b024a1a,1.5887862156669619,2.10406700297351,0.5152807873065481,1,1,20,37.7038650920747,0
singapore-queenstown,d24c9a60-f18e-4aee-a9a1-ba2bbd3aa2bd,-84.63675685059064,-88.69933862978668,4.062581779196029,1,1,14,27.61365512657929,0
singapore-queenstown,14a91510-ce5d-42fa-8fef-33dd3a109e62,-84.98133685282423,-85.10238017267253,0.12104331984830322,1,1,16,29.82009372465384,0
singapore-queenstown,671762d6-c1d0-4d0d-a28c-ff6021406f43,-153.10135861567642,-159.7074209510975,6.606062335421091,1,1,15,27.54257342220892,0
singapore-queenstown,47e77c87-463c-48c4-83c6-f3469fcfeab0,-1.7920108681614062,-1.7920108681634672,2.060999433588359e-12,1,1,7,12.476000072874816,0
singapore-queenstown,e8f7212b-8c13-461c-8eeb-a0206006c579,-6.469180924595382,-7.034768147570759,0.5655872229753771,1,1,38,74.37984159488708,0
singapore-queenstown,5377c62e-7d50-4b68-a71c-b58fce051b52,-0.47091488530629855,-0.4709148853058405,4.579998741307465e-13,1,1,15,28.4132630019353,0
singapore-queenstown,b18b20fa-25c8-43b4-986e-f7ba821183a8,19.14595385200926,20.302328285109404,1.1563744331001433,1,1,12,22.435037134168613,0
singapore-queenstown,640536b4-8e21-4926-98df-8b7602696beb,-17.943477861216945,-17.943477861215392,1.5521106845541961e-12,1,1,10,18.1707922129125,0
singapore-queenstown,3fed054d-7566-432e-a659-76b4849473d4,1.4086023964895065,1.4841322734723987,0.07552987698289221,1,1,19,35.66133945726303,0
singapore-queenstown,7758658f-8e08-4e1e-a021-b16cf2a1c710,-81.10950462170919,-90.7221120677769,9.612607446067722,1,1,7,13.636218486176686,0
singapore-queenstown,a173fd69-402e-4bf0-a5a1-a942deffd4d4,0.012135912757051885,0.024985879859985995,0.01284996710293411,1,1,8,15.54615134580417,0
singapore-queenstown,ae06b002-ed20-4aaf-ac29-f4442afab862,-82.8308946488443,-95.78872647322237,12.95783182437805,1,1,7,12.930158442791683,0
singapore-queenstown,b295e336-09e6-401e-b6bb-008f55e4310b,18.38759860103707,18.38759860103361,3.4604434934323064e-12,1,1,9,17.701538445626227,0
singapore-queenstown,59b264d1-bb3c-4a69-92bb-77e83e508eed,2.492831452123681,3.2951468600463776,0.8023154079226968,1,1,7,13.162008573195559,0
singapore-queenstown,85ac1425-b4b9-4efa-8430-d72a3bd31db3,84.3627117940295,90.03989509715512,5.677183303125623,1,1,10,19.476422980510424,0
singapore-queenstown,01fbc1b1-3566-45d0-91c6-aeb954fc6012,-37.6436127438988,-40.816185216088165,3.17257247218937,1,1,22,42.91016554769722,0
singapore-queenstown,6d7d03da-49b0-4b63-bc98-9457219ac471,-4.0122890647399085,-4.267559926736009,0.25527086199610105,1,1,14,26.447316425211564,0
singapore-queenstown,dcd3bdfe-958f-467e-a128-ae9e3c046994,0.09688021531729045,0.09688021531431344,2.976999181849852e-12,1,1,11,20.469482688483293,0
singapore-queenstown,d4174a47-5f0a-41ef-863c-5ebb9db19c6f,0.1095775729230345,0.2066807250411425,0.09710315211810801,1,1,11,20.78269853969724,0
singapore-queenstown,22486f31-389a-4e46-beea-ca7b1b4c5083,45.88187372011854,52.46854332019612,6.586669600077574,1,1,5,8.35886888925779,0
singapore-queenstown,25dee1ed-831a-4d7b-9622-a4d34d48b53c,-0.5136207347836325,-0.7538217947670274,0.2402010599833949,1,1,8,15.07680531538813,0
singapore-queenstown,b9eab658-ddf9-4325-8479-7a6d216f3689,-0.508022683701204,-0.508022683701204,0.0,1,1,9,17.199975379717795,0
singapore-queenstown,38fe9378-c262-4110-804f-6b98ca12003b,-10.915716120001605,-11.359046165223964,0.4433300452223579,1,1,14,27.983798492780664,0
singapore-queenstown,c19912b5-48bd-40a2-b378-15fb00188bf1,-87.9663084270207,-91.68083994420478,3.714531517184069,1,1,14,24.658463974289972,0
singapore-queenstown,cc1d72e8-f443-4a71-b231-eedd48bfbbe3,-10.77847095615407,-11.39435549154078,0.6158845353867101,1,1,18,33.98068905072777,0
singapore-queenstown,65f461d2-c7a8-4eb3-8637-7fd3007686ff,-5.819458666894114,-6.306030870163774,0.48657220326965933,1,1,17,30.434156160479397,0
singapore-queenstown,96e85b2b-d107-48b5-b226-528bf35eaa6d,-8.340177510925427,-8.851340663622826,0.5111631526973993,1,1,31,58.53646671183067,0
singapore-queenstown,d20fdfcb-06ea-4014-9f12-c5731c266362,61.99114388818203,73.04324008023346,11.052096192051426,1,1,6,10.339287977591164,0
singapore-queenstown,c02ef4fe-8c00-4838-8998-d2d33d79496a,3.4571418678287786,3.627407548775657,0.17026568094687888,1,1,16,29.14926838213966,0
singapore-queenstown,c0a550e7-78bb-4881-b927-d1598dc0ad06,6.13634740396063,7.317678284657361,1.181330880696731,1,1,6,11.910232124147196,0
singapore-queenstown,c0d60099-851f-4598-b949-2d22224b70fa,-87.47125993003642,-94.25268710361632,6.781427173579896,1,1,8,15.347716115743735,0
singapore-queenstown,d5560e4e-1d2d-4845-bbad-e32c3fe3d765,-77.42271139131654,-83.57587348604523,6.153162094728682,1,1,8,15.200017074546892,0
singapore-queenstown,e15caad8-7cd0-4712-9001-840c0aa042eb,-86.42435727924438,-92.61037700501136,6.186019725766988,1,1,9,16.903697194906787,0
singapore-queenstown,b0c39e34-ccc7-4555-af19-1a0b110dfadc,85.00396386273296,90.66653508101872,5.66257121828576,1,1,9,16.27209187943981,0
singapore-queenstown,81d943a0-473a-4397-9c32-a3a4f0075a7c,72.8088053741386,81.79579233042452,8.986986956285918,1,1,6,10.741319294042421,0
singapore-queenstown,9c151c68-0e67-4190-80dd-0f7d57305938,1.5488184929792208,1.5488184929812565,2.0355549961366507e-12,1,1,11,21.32238471855459,0
singapore-queenstown,98dadae6-da2d-49e7-97e2-d1d6276a0b61,7.403340576306965,8.200562119115215,0.7972215428082501,1,1,8,15.843262936556673,0
singapore-queenstown,87a8c00a-d107-4b28-a5eb-afebd0d5ab68,-84.55438639795643,-89.40953344978475,4.855147051828308,1,1,16,31.90825267277506,0
singapore-queenstown,f0ba3dd1-d0c0-460f-b432-a48977790df2,10.15145435401472,10.718963684867685,0.5675093308529645,1,1,11,21.62362972778432,0
singapore-queenstown,9f869d49-8ada-4a60-ac9b-b7066fbfcd6a,-87.16419128971755,-88.64135003471804,1.4771587450005015,1,1,16,29.190256779242162,0
singapore-queenstown,67557577-f2a7-487a-a96a-f700f3170a0f,-99.48863403765473,-104.69919770333453,5.210563665679809,1,1,13,24.170950974320196,0
singapore-queenstown,15ed52b8-2de3-418c-841e-c200c4bb660a,-8.882109991667969,-7.456250194876021,1.4258597967919482,1,1,24,44.723566903718385,0
singapore-queenstown,45b706c1-6167-4067-8ac7-db7eaa86ec3e,-0.5979198774354503,-0.6679324862823587,0.07001260884690844,1,1,7,13.211242485966462,0
singapore-queenstown,260ffaf3-48e4-4348-bae4-c5acf52387a9,10.788269098424315,10.870778605454037,0.08250950702971983,1,1,22,41.62963831188841,0
singapore-queenstown,614d0219-304a-4093-9155-938c27ade810,-0.4004106497910041,-0.5121460105203903,0.11173536072938622,1,1,10,19.501478427817517,0
singapore-queenstown,7d68eccd-d9a4-4563-8e6f-9770e8186cfa,4.439221717312001,5.4487252232821275,1.009503505970127,1,1,7,13.452248871492293,0
singapore-queenstown,c476b995-d846-4c6e-b027-22fb0e4f70de,35.508231646918695,38.64761795242057,3.1393863055018674,1,1,10,16.740975523295177,0
singapore-queenstown,c29d6afa-cf76-48f3-9f8f-ce0c292bfb2d,-34.530481255385595,-37.33003316498213,2.799551909596538,1,1,9,16.89505848633691,0
singapore-queenstown,43eb5925-0065-467d-aaa8-26fd0a4996a8,-85.19329278340548,-89.73188729202965,4.538594508624163,1,1,11,21.294325564550704,0
singapore-queenstown,365fc9ff-0517-4aed-a56c-51d8103cced7,82.64826537809715,88.03113981542616,5.382874437329003,1,1,10,18.595384083022825,0
singapore-queenstown,55a3c654-97eb-4e6a-9e75-e8a4e1335b7e,-76.00815877618403,-76.00820163551688,4.285933286212531e-05,1,1,15,27.586302663849633,0
singapore-queenstown,c04a24a9-9c74-4c56-8896-f49f30c6d257,1.4673524995149907,1.89138068787764,0.42402818836264927,1,1,29,52.97324263340698,0
singapore-queenstown,e4541a1e-7adb-497c-93e5-0400eae6342b,50.08818241780405,53.066144586833126,2.9779621690290776,1,1,10,18.105876103283833,0
singapore-queenstown,bd6441e1-5f29-43f7-8160-56a0da2da906,78.04122425785661,89.21466049042158,11.173436232564974,1,1,6,11.20295038388386,0
singapore-queenstown,8b846d7e-5aae-4722-bb9e-8a943bc31b2b,-13.207572539559102,-12.963357913411693,0.24421462614741005,1,1,27,49.77211174171783,0
singapore-queenstown,e5294f60-d752-4106-9966-c0afb84d04f9,-88.32062648866317,-93.26587316924001,4.94524668057685,1,1,12,22.41293157206306,0
singapore-queenstown,e27177a6-7679-473e-9d87-30f631e1a2b3,24.506117146877905,27.110539798550068,2.6044226516721642,1,1,8,14.316882467115494,0
singapore-queenstown,4a18c2aa-8a68-4cea-808f-46e41996f99e,-88.39627488226077,-88.83002442431608,0.43374954205530697,1,1,31,57.64172688158549,0
singapore-queenstown,1c784295-a2c4-4acc-9f16-5e4ed00df379,-9.54837290476419,-9.880867170223276,0.3324942654590871,1,1,17,31.932614202519904,0
singapore-queenstown,188d29fb-df46-499c-9467-a9353981eea3,-25.906854684976565,-25.90687151589145,1.6830914884908906e-05,1,1,25,48.21891052230758,0
singapore-queenstown,22387609-cfb4-40fe-9447-32e062c66fb9,45.493616021694706,49.35715697600596,3.8635409543112513,1,1,8,15.719544486363638,0
singapore-queenstown,86a855a8-34fc-4e7e-842f-24e47d232ec0,27.068857319398,30.148969175086535,3.0801118556885365,1,1,6,11.487578600924449,0
singapore-queenstown,a24f49a9-9f7b-4cf4-badf-d6070b976d92,80.36210947019973,87.49896708408498,7.136857613885249,1,1,14,27.462982971305852,0
singapore-queenstown,6e96d5a7-8d91-4065-bd16-e53921b084eb,0.17385453726706973,0.17385453726673894,3.3077768687220577e-13,1,1,19,37.927825215515576,0
singapore-queenstown,61a9a76c-f6fa-439e-8303-8caeb43e8984,-88.96863995786414,-94.06445764198172,5.09581768411758,1,1,11,20.540088799154454,0
singapore-queenstown,4c77c53e-71cc-4c14-8720-fa8b2645c3d0,-58.116666035545364,-64.22944226049599,6.112776224950619,1,1,9,16.599383152720957,0
singapore-queenstown,34da2606-09ab-4ae5-8ffc-ba9cb2d431a7,-0.10247291279985322,-0.17594861189436822,0.07347569909451501,1,1,18,34.22375526386306,0
singapore-queenstown,9f0b4d83-02d8-4034-b838-803a0b77b0dd,14.567479436931412,17.86321492762098,3.295735490689568,1,1,5,9.287998274984972,0
singapore-queenstown,e129afb0-6535-4d82-ad36-0092d2144e7e,17.373818857261057,17.373855796783083,3.693952202625228e-05,1,1,22,40.7148121012032,0
singapore-queenstown,f69f1205-7de1-4ecd-b13a-43d6723f43bf,-0.6601540723658202,-0.7345135267477805,0.07435945438196027,1,1,10,18.739728288829717,0
singapore-queenstown,47706638-846f-41df-8c50-462a40349e7f,-8.741292708957557,-9.200222279335701,0.45892957037814414,1,1,11,21.322648697570287,0
singapore-queenstown,34b22338-4a03-4182-b668-8ad1a59ae938,0.15677561583196015,0.1567756158307897,1.1704441227785741e-12,1,1,13,25.648950830586255,0
singapore-queenstown,c7db624e-49f1-4b3d-90cb-ddfe0371982f,76.12032509858588,88.30713399670216,12.186808898116283,1,1,5,9.411980568684282,0
singapore-queenstown,e6650300-33f8-4368-b1b1-43e9c1f58b39,6.33044969139906,6.6707399189307575,0.3402902275316972,1,1,21,39.79596073239893,0
singapore-queenstown,07d1c7d7-baa2-4ba9-8232-29ca9ed33632,-65.15006105986339,-65.14054781150084,0.009513248362550856,1,1,15,27.168408782236437,0
singapore-queenstown,20a0a6e5-5c73-4d78-acf5-03906a6d8d28,53.48300052133687,56.48544294823443,3.0024424268975642,1,1,11,20.873369976408387,0
singapore-queenstown,2df478f2-5d83-4625-b996-8a1a44eadfb2,-4.80719380893691,-5.200107339690871,0.39291353075396124,1,1,10,18.50243900570007,0
singapore-queenstown,9fb06f39-869a-42e8-a4a5-39b4ae83e5d3,76.18626480660234,85.48716710730204,9.3009023006997,1,1,6,11.134611842560311,0
singapore-queenstown,6686845b-434b-4956-adbc-914700ded222,1.959175210874516,2.1490420818855145,0.18986687101099853,1,1,9,16.21300758220091,0
singapore-queenstown,8fda1467-a94b-40c3-b616-3dd3f8570899,16.702270920954543,19.136743247338256,2.4344723263837125,1,1,6,11.71298616027243,0
singapore-queenstown,d8a6bb78-b75b-46f2-97a1-a02ef3748188,5.04214118874359,4.161477036456087,0.8806641522875034,1,1,17,32.05476137429044,0
singapore-queenstown,131c81df-e756-48de-a72c-8947d3f74d01,2.07240163162834,7.86202624329189,5.78962461166355,1,1,9,17.422885717226734,0
singapore-queenstown,2fb469c5-5a6e-4611-b823-a9ac7d86ca2f,63.37210460302126,67.65890395950824,4.286799356486978,1,1,9,17.248442906278733,0
singapore-queenstown,57a502ae-8714-4551-b5aa-1c56dd8967d2,0.5532658471616809,0.6632683748188333,0.11000252765715239,1,1,15,28.79856384998404,0
singapore-queenstown,8a6f53fe-4191-44a1-9d9c-35671cb1781f,-0.1658093166822907,-0.1658093166766166,5.674109551730914e-12,1,1,7,13.236772795956409,0
singapore-queenstown,fda2d81b-5adb-4800-8cde-5e3db91afc46,1.1490577694047934,1.263085423048767,0.11402765364397341,1,1,22,43.78342849869661,0
singapore-queenstown,7aa3c040-e248-4f5c-bac0-da0ea0953ce4,48.82623436283273,55.55576657375731,6.729532210924586,1,1,6,10.781755201695876,0
singapore-queenstown,c0bca0cc-f6b5-40f9-8020-a7cf555edbdb,19.51394538316418,20.766890520206612,1.252945137042432,1,1,12,23.22146840637977,0
singapore-queenstown,6ff74632-cd1d-4152-9552-3bfcac9408a1,84.49863948202076,90.04025893718118,5.541619455160403,1,1,12,22.85130974455056,0
singapore-queenstown,12cd1572-afb8-4e6e-94b5-f251337ec970,42.83155934484461,48.433864387306144,5.602305042461538,1,1,7,13.87801936863344,0
singapore-queenstown,045f7d17-bd27-46f4-805b-7362f21ca3f7,8.690462518115984,9.347628292597584,0.6571657744815996,1,1,17,30.977802611266167,0
singapore-queenstown,02ac87f3-5aa8-45bb-b147-71de1951564d,81.17138242579695,88.64955093131286,7.478168505515911,1,1,8,14.295739951782878,0
singapore-queenstown,633ac33c-6d5b-4f37-865d-b9a79d38d3dc,-0.003960430615282403,-0.003960430618539291,3.256887993818641e-12,1,1,12,22.182310655048614,0
singapore-queenstown,719b6dd4-f722-4392-9ad5-795b4caeb183,1.2493291157252626,1.249329115725746,4.834443115824545e-13,1,1,6,10.486860677444053,0
singapore-queenstown,62c29d00-0807-4fe2-a230-4bbe9321cd3f,-157.08063576351105,-159.94148153946588,2.8608457759548194,1,1,10,17.617468081186733,0
singapore-queenstown,134d205d-0d08-48e4-a0c0-8ecae2d5db9f,95.35043329074227,104.5426601215153,9.19222683077303,1,1,7,13.033707783150238,0
singapore-queenstown,a4ccd047-e2d7-4d3c-b919-148c26e2374e,-80.90894567340077,-87.17573875548123,6.266793082080481,1,1,8,15.684402911876457,0
singapore-queenstown,cb0016b0-8703-446e-9310-c6c94cd39e08,-82.86824977931036,-91.67348500070484,8.805235221394494,1,1,9,16.143804546961043,0
singapore-queenstown,0cfec890-614c-432a-9596-44f6bd4ba8a2,-33.220569642871276,-41.34320426009306,8.122634617221786,1,1,6,10.151289633741605,0
singapore-queenstown,b0884cb4-8c80-4e45-b14d-0a42e34330cb,-4.594812872668954,-4.7431805805590015,0.14836770789004725,1,1,17,32.419622354462646,0
singapore-queenstown,9a3ee9af-1669-4e9e-a529-c7f3c3f02199,-1.138780299261332,-1.1387802992666753,5.343331864858708e-12,1,1,9,16.953159850373346,0
singapore-queenstown,f91d51fd-d505-4feb-b3d3-0e55a41a4ccd,93.45558405419342,98.77277658590967,5.317192531716242,1,1,13,24.02941419400467,0
singapore-queenstown,3866d724-92ae-4738-a19a-958771d5dd21,-7.148166635085895,-7.518474010523424,0.37030737543752945,1,1,33,63.16959219621629,0
singapore-queenstown,45525d52-65a3-4948-be9e-5df3b0bfb4a9,-117.8568473378615,-125.52825396473288,7.671406626871393,1,1,10,19.583701432189212,0
singapore-queenstown,bbf737c0-c7ad-485d-b512-d71d6ede8ffe,-86.57627148112302,-92.72983073985664,6.153559258733621,1,1,9,17.35330794542603,0
singapore-queenstown,4f54c927-ef36-4289-937d-b95602e374e3,76.05466632516024,85.28593199788601,9.231265672725762,1,1,7,12.469866056017059,0
singapore-queenstown,d537d74d-87e0-4f3f-b6aa-491780e2715a,60.186373195449875,65.74268946597458,5.556316270524698,1,1,11,19.986740199935856,0
singapore-queenstown,b0b3d931-83e7-4602-b938-2ad5496ef270,-2.6946793815622274,-3.106472684138537,0.41179330257630964,1,1,7,13.464741992575014,0
singapore-queenstown,cca806c9-c9db-455e-a80f-b98170945f3d,2.2352837801382206,2.235283780147508,9.287219669873468e-12,1,1,9,16.40223882377709,0
singapore-queenstown,2b0c5724-ce56-4fc5-94af-314cfa1ef9b4,-1.9552221301319805,-1.8359445621394836,0.11927756799249681,1,1,15,26.652657424760125,0
singapore-queenstown,baf78724-ef8a-4f9b-bf77-4c3afe9163a4,-82.6288284707788,-86.99232376216352,4.363495291384722,1,1,13,25.21404019067645,0
singapore-queenstown,779796ee-f031-4ff6-ac9f-f4fa255058ac,74.28436898294908,84.79065965256245,10.506290669613367,1,1,5,9.61615512759814,0
singapore-queenstown,2dfa72aa-88a9-4fd4-8ab1-f1d0bbb6e050,55.83476719120251,65.36678381068215,9.532016619479638,1,1,5,9.046977868791,0
singapore-queenstown,7049cd96-206b-4edc-a3b5-163470873964,-47.30121268365597,-55.46537453748126,8.16416185382529,1,1,5,9.503266651760821,0
singapore-queenstown,410ed7c9-5a24-43bf-895a-04412a370e0e,122.33080999358431,129.61656740778662,7.285757414202308,1,1,20,38.32067511557605,0
singapore-queenstown,8a765161-5d13-4a91-aa83-07d053951e8b,27.890218969225533,31.21467210852561,3.3244531393000734,1,1,10,18.945635005730498,0
singapore-queenstown,96a4b80e-2db4-4b85-8f39-2eed279004b3,-1.1177109761853439,-1.065987574418093,0.05172340176725078,1,1,25,47.379147868575146,0
singapore-queenstown,726ed067-ce01-47aa-9ae1-dce4a52404d3,-1.5795261769111146,-1.5795261769106312,4.834443115824545e-13,1,1,9,16.22504173742947,0
singapore-queenstown,839e3d2f-913e-41b0-bc61-1eeaaaa01720,-0.0005004474758944697,-0.0005004474823828012,6.488331550185574e-12,1,1,19,37.36556677481234,0
singapore-queenstown,9a9714a0-efa4-4d2e-b883-b518756145bc,13.212615253395125,13.283728252642295,0.07111299924716999,1,1,17,31.806410829048588,0
singapore-queenstown,5268232d-c356-470e-9649-3ca36746c89c,68.40390860719599,78.17431748052199,9.770408873326005,1,1,6,11.857084522440063,0
singapore-queenstown,71e11d97-3d81-4130-99fc-e87b844d35f7,-10.24882312759948,-10.720752026262213,0.47192889866273446,1,1,16,29.864326708100467,0
singapore-queenstown,1fda9495-1185-433f-b3bf-0529c2f7c29d,-90.06967024121084,-90.14514079916017,0.0754705579493356,1,1,15,28.036236943306676,0
singapore-queenstown,2815d5ad-eaec-44bd-b2bc-31b80e71b6bd,81.96231638116575,89.61394516869466,7.6516287875289075,1,1,9,16.202084338812295,0
singapore-queenstown,da5db63a-57ca-4d04-a7b6-190cf0bf8713,77.82210134956503,83.85898055774264,6.036879208177615,1,1,9,17.917961946060956,0
singapore-queenstown,f179a037-7b35-4341-8899-a1225ecd22fa,24.647672190535683,34.60470046665467,9.957028276118985,1,1,3,4.847075318987642,0
singapore-queenstown,5a059c19-c7d0-418b-9001-e5dd745066f9,3.999185844897776,4.022981673666529,0.023795828768753437,1,1,30,58.94713954286157,0
singapore-queenstown,0154d2b1-fae7-43f9-9d45-cb89e2ce329f,-10.131355310192598,-10.918170999985627,0.7868156897930284,1,1,15,26.43663852118686,0
singapore-queenstown,f856fdf0-556c-4f09-90a1-444772eea776,9.203510585637034,9.658467499227372,0.4549569135903394,1,1,23,45.23411495781989,0
singapore-queenstown,78cf09ee-23bb-48e9-b7fc-cb6998cebb9d,-14.008312225176132,-15.19057843498952,1.1822662098133871,1,1,8,14.640070153759243,0
singapore-queenstown,61749010-1eb1-4f65-9016-94154c914ed7,74.5518572361663,77.76649323053006,3.2146359943637663,1,1,14,26.38367275001762,0
singapore-queenstown,00c1f1d9-5ab6-47dc-b73d-2af4497b957d,0.013849243906690532,0.02187170130433552,0.008022457397644987,1,1,16,30.489887945565613,0
singapore-queenstown,20ee55c3-d9ea-4ace-b7f5-abc1ba32221e,-103.40711196553683,-113.59647928998591,10.189367324449089,1,1,8,15.737967165819079,0
singapore-queenstown,3f7fc66d-9648-46df-ab74-5a85dcc98fde,0.9696190795980479,0.9696190795966739,1.3739996223922392e-12,1,1,8,14.641694322960609,0
singapore-queenstown,0f9f2e9b-9c95-4c66-b532-6c76bf9ec1d2,-97.48071684181784,-105.45159445406627,7.970877612248425,1,1,16,28.709076575296955,0
singapore-queenstown,c8efad55-a3a8-48e4-bcfd-d3369e6238e2,0.45138238606811,0.451382386061927,6.182998300765076e-12,1,1,17,32.603556681535174,0
singapore-queenstown,4c2dec81-29f8-4ef0-9a61-5a0858086a30,-0.32461937505406135,-0.32461937505238203,1.679332871812737e-12,1,1,6,11.92882746886832,0
singapore-queenstown,58102292-f1c1-4511-850c-a9efabf6be64,-0.6919298067229903,-0.7769991839252114,0.0850693772022211,1,1,16,30.990142828863068,0
singapore-queenstown,5ba799ac-4138-4a6b-9a83-8064ee9c7e7f,7.648712062488539,8.023839337352733,0.3751272748641925,1,1,12,22.845016524465642,0
singapore-queenstown,9f2c61ee-6127-4640-9df8-f927146891ae,0.0033783436897448396,0.003378343692849061,3.1042213691083922e-12,1,1,17,32.33788593900735,0
singapore-queenstown,5fd86cb7-655a-40c5-8603-5f072c71ba58,-44.193040142535374,-48.3215318460637,4.128491703528325,1,1,8,14.768712411614011,0
singapore-queenstown,cc864cc0-6c41-4157-8adf-9704ec0e1d01,82.23046368609485,91.70376367471447,9.47329998861961,1,1,7,12.150481185400603,0
singapore-queenstown,010b285f-b9b0-4ea6-a7ee-aca3269380eb,-81.46025336206188,-92.35736547766865,10.897112115606765,1,1,6,11.782771775827172,0
singapore-queenstown,8ab53775-52d0-4fe4-9afc-00309a618d65,1.5740308433273922,1.5740308433258654,1.526666247102488e-12,1,1,12,22.87241967093187,0
singapore-queenstown,3e947d1a-e78c-4f45-a12a-b379350fd205,-2.4714365181949787,-2.471436518194724,2.5444437451708134e-13,1,1,13,24.57089556980091,0
singapore-queenstown,b8c319fd-c1cc-443d-9138-be0dc07062d5,-63.2124581235741,-66.57025415252632,3.357796028952215,1,1,18,35.402903794241254,0
singapore-queenstown,18eaed45-a515-49d0-9fe2-9034faec13e7,24.327083483448618,31.440429298501947,7.1133458150533295,1,1,4,6.7034863042824515,0
singapore-queenstown,0c14a44a-6d9e-4a38-9843-bcd816fcec05,12.28118201761665,14.261261592654053,1.980079575037402,1,1,6,11.908903454733917,0
singapore-queenstown,c9341bc8-22d1-42b1-a3f1-31702326cd13,77.56290583385815,82.38243599604678,4.819530162188625,1,1,10,18.615703275669432,0
singapore-queenstown,ca27a695-b1bc-4acc-a84b-6d23563892f4,73.54797896632553,82.06266645708341,8.51468749075787,1,1,6,11.718332279002208,0
singapore-queenstown,df8d098b-60da-47e3-a39f-de65acb594e9,81.9399919145988,89.52156191413678,7.581569999537966,1,1,7,12.60006038542371,0
singapore-queenstown,4dfb1108-9fbf-43fc-97a6-200ad1574de8,-130.0134958590383,-139.69625075857536,9.682754899537052,1,1,12,23.108335701213683,0
singapore-queenstown,ce9d7278-e091-4df7-9a61-c3616626c012,-11.309667296300184,-12.131465998475475,0.8217987021752909,1,1,10,19.49391601870332,0
singapore-queenstown,5611ef3c-fb57-4670-999a-4381bdd2c4da,-82.33145534242271,-92.31281082850658,9.98135548608387,1,1,6,11.931975281868807,0
singapore-queenstown,013161d3-d4e7-4854-8b94-d180717f1bde,-84.91089837361477,-87.31488457655605,2.403986202941285,1,1,13,25.74514638641201,0
singapore-queenstown,ed125afd-1be0-4227-b14f-59db73650a73,-81.12841556444674,-88.22580399807529,7.0973884336285495,1,1,8,15.600287872651998,0
singapore-queenstown,8e2d0312-616f-4d62-a93f-d53ed089e896,12.430347153536864,15.452264178160299,3.021917024623435,1,1,5,8.999292216025879,0
singapore-queenstown,20b27ccf-53dc-4b43-ae75-0863cd355300,-83.22771535059985,-87.79995094602988,4.572235595430042,1,1,13,24.724480833210098,0
singapore-queenstown,d7cca682-24cc-44f6-97ad-c25664123c18,-2.3339180738081593,-2.294228185597717,0.039689888210442385,1,1,15,26.72041493099673,0
singapore-queenstown,a03a1ad1-84a0-40ef-8f9b-f3e758777d9c,85.26954745023525,91.9059088035137,6.636361353278439,1,1,8,15.273709059086409,0
singapore-queenstown,01c54d39-f5a8-4799-8a85-52badde1da5b,67.92842074374911,82.9230709969434,14.994650253194289,1,1,5,9.028383264376528,0
singapore-queenstown,727e01b3-e16a-410a-8269-29c07aede9f9,54.86315538894594,59.09319154820072,4.230036159254781,1,1,8,14.94500308465133,0
singapore-queenstown,5e1532bb-53dd-4199-949a-d63a29be16a4,63.83134670637242,67.706735304366,3.8753885979935867,1,1,10,19.638832446541844,0
singapore-queenstown,ce80ca2d-3e15-439e-b121-3e4ab251df75,23.778000289277404,26.90323685624476,3.1252365669673576,1,1,8,14.283882054639326,0
singapore-queenstown,be4b966f-37ba-4b41-8555-12cbd029da8c,77.31355152539638,85.29058166518067,7.977030139784283,1,1,7,13.387135611626382,0
singapore-queenstown,fa348012-2621-4e9b-bde5-cd8a7ddafe8d,60.031088172134275,69.91013580099784,9.879047628863566,1,1,5,8.249707276333389,0
singapore-queenstown,3329e7c9-c200-4917-a1f9-5f39aa995c1a,-103.50671617659414,-109.28091855722568,5.77420238063153,1,1,17,31.871863567747937,0
singapore-queenstown,d79511ab-e8e1-4e0f-9cca-f21cfe0dc923,-97.76810999784787,-97.76821804876094,0.00010805091306704036,1,1,16,29.15069913282717,0
singapore-queenstown,bd8ad9fc-40ae-4d98-9031-2ff666bd4635,-8.987416595962399,-9.476841341580325,0.4894247456179249,1,1,12,22.35126207083237,0
singapore-queenstown,1340aad8-6926-4f7e-984a-0c489d2417a9,79.5145512599053,87.57784508239703,8.06329382249172,1,1,16,30.312586502742565,0
singapore-queenstown,9ec89f4b-5794-4d60-917c-765b07847f69,77.0104530762135,83.17885251884124,6.168399442627748,1,1,8,14.386885479912793,0
singapore-queenstown,a4b25a4f-461c-4f03-a193-8fe4406ec42e,-4.871031801786445,-5.339615252752882,0.46858345096643755,1,1,7,13.234666825562025,0
singapore-queenstown,e402ebdc-7e67-4d16-97dd-2227524dd3e1,-0.016137948830137232,-0.07131143097837912,0.055173482148241894,1,1,7,13.242986425112903,0
singapore-queenstown,244def94-d847-4087-a736-31735d9838ea,72.67911661484602,79.49095902725185,6.811842412405824,1,1,13,23.492091819899507,0
singapore-queenstown,a27cb9e1-9cae-4de2-bded-4622d3f70d14,1.756289211013112,1.9519049666726027,0.1956157556594907,1,1,8,14.688748204783177,0
singapore-queenstown,e6200c5b-4d00-4110-96e2-40a06df34ec0,0.05197989316408851,0.05197989315892329,5.1652208026967515e-12,1,1,14,27.605368405123023,0
singapore-queenstown,ccf90dd2-7f5b-451b-a020-9addbbd0ef62,23.210624535261914,27.956402680363585,4.745778145101671,1,1,10,18.0014216887,0
singapore-queenstown,10044fd5-d17a-46e1-8510-516bc5b33fb6,1.3815656192674775,1.6357351400675626,0.25416952080008515,1,1,13,24.102496681456145,0
singapore-queenstown,56fb8577-4c23-4faf-b504-87771fc4a6bc,-65.28827358349461,-71.7235679817149,6.435294398220279,1,1,11,21.034579642002285,0
singapore-queenstown,e4935fc0-d632-4c3c-9a95-2ffe2fc3b5e6,81.80560514225766,93.42071961158445,11.615114469326778,1,1,7,12.286102469623327,0
singapore-queenstown,793f5724-08c1-46e9-98e7-48e339734569,44.76927956619597,52.53461539762195,7.765335831425977,1,1,6,11.272201333861403,0
singapore-queenstown,8f910eee-3d58-48f9-87cf-a33125dd7409,-107.78815549812529,-114.62278228811758,6.834626789992283,1,1,15,29.463555888490752,0
singapore-queenstown,96fb9431-9af0-48a6-957b-ac152ff2b78f,63.74585975231954,78.11457845515886,14.36871870283932,1,1,5,8.077035230228661,0
singapore-queenstown,c489f4bf-d888-4793-9d72-4a824aab3ff8,-0.044410390201420104,-0.04441039020248877,1.0686663729717417e-12,1,1,8,14.920851335577854,0
singapore-queenstown,91909c15-83f4-4525-bcf3-656d2e10c772,-2.048466712883893,-2.1610501042301835,0.11258339134629047,1,1,14,27.97358000946914,0
singapore-queenstown,b4f41ce1-0cf7-4a14-beed-bbc21d18f96f,80.60367260664881,89.9309782135226,9.327305606873786,1,1,6,10.596931277424254,0
singapore-queenstown,57ba7382-25f7-4bcb-910b-b25522f40868,-110.83960190360243,-120.30400448035506,9.464402576752624,1,1,10,19.372528756277724,0
singapore-queenstown,840d9091-3aca-4836-8ceb-c0d2e603c42f,13.230825826361409,14.847066605807775,1.616240779446367,1,1,8,14.114637243697127,0
singapore-queenstown,3bfd7211-cc29-45a9-a33f-7819f7b53f3f,-1.3505474435872975,-1.3505474435821068,5.19066524014846e-12,1,1,7,12.27312870256112,0
singapore-queenstown,e158cfac-1512-4443-9553-a35cd7f3502f,-2.729532153729174,-4.393132494375317,1.6636003406461433,1,1,11,20.34920932412497,0
singapore-queenstown,bb9cd475-e409-4c0c-95c4-b1918f14990a,-86.27882694832041,-94.33737820566873,8.0585512573483,1,1,7,13.685279918272197,0
singapore-queenstown,bbe47b8e-12c2-4955-9e0b-f0241566e6db,32.58070973249354,34.49501522211966,1.914305489626122,1,1,11,21.183827044974556,0
singapore-queenstown,37209e7f-8118-4871-beb9-e95218b32e0c,-1.9681454724543481,-1.9681454724522363,2.1118883084917752e-12,1,1,12,22.31532008109406,0
singapore-queenstown,6ed62706-e5a5-47ed-98b6-ae01da389369,80.40551272178826,88.97744554345223,8.57193282166397,1,1,11,20.09063657968004,0
singapore-queenstown,0e56dd2a-ca2e-4fb1-99fd-b52dae49c2d3,-9.487894903322275,-9.993538378547745,0.5056434752254704,1,1,11,21.040725858138543,0
singapore-queenstown,93d25ff4-bfac-4279-91a5-2a03f6e6bf05,-80.42981814750179,-85.6338343520405,5.204016204538707,1,1,10,19.415304157739445,0
singapore-queenstown,a541fea8-d095-49ca-b0e1-7f93da6ba4ae,-0.16551261825563718,-0.272497393018327,0.10698477476268985,1,1,14,26.14128524690374,0
singapore-queenstown,8324feda-ac38-4c5d-9d14-c188086ccf20,79.73448883646228,87.44841854860275,7.71392971214046,1,1,7,12.984836296276038,0
singapore-queenstown,c6b509aa-ee64-4a86-a543-5768be7ac13c,82.36599565202641,93.18312900368022,10.817133351653805,1,1,6,11.18129993435912,0
singapore-queenstown,11099c67-f9af-4658-b802-c01b5c031675,-38.84193053645029,-45.5990270190755,6.757096482625209,1,1,6,11.019359759498265,0
singapore-queenstown,d4d16fd4-5b70-4a2e-901a-904af0373de5,61.9510900257485,66.27866483964314,4.327574813894641,1,1,9,17.25163152654998,0
singapore-queenstown,ba571c16-34b5-44c5-8e38-7e866d6d00fe,1.067849435734137,1.1712917239095568,0.10344228817541982,1,1,8,15.000711337845107,0
singapore-queenstown,d1a5e3f2-18b1-49b0-8c05-e8f8da0a91bd,-10.52716815809861,-9.686126624778195,0.8410415333204143,1,1,18,32.79379284955699,0
singapore-queenstown,4d77f88b-37c2-4702-ac8a-03e16f8f9279,-4.813069043908859,-5.021577166246417,0.2085081223375584,1,1,17,31.91252669631074,0
singapore-queenstown,f853c23e-95aa-4085-9bd8-8eede5dabb2f,-80.59508029939762,-87.40886279696228,6.813782497564653,1,1,10,19.695393101201947,0
singapore-queenstown,38a36e79-7531-42ec-90c6-4e70bf16fd50,3.62544000983266,3.875256253438691,0.2498162436060313,1,1,16,30.404340959526078,0
singapore-queenstown,df46e2f6-9a53-48ee-ac3c-34ab7c807582,-83.83092242295673,-92.47211452205005,8.641192099093313,1,1,8,15.614365716535024,0
singapore-queenstown,da328eb5-0a12-4e44-85a3-72a8ee0807a2,-0.0667523114707301,-0.06675231146772766,3.00244361930156e-12,1,1,7,12.186656896749339,0
singapore-queenstown,01ad7b35-c40f-4d18-8b58-fb4b3678d7a0,3.425034805898586,3.422709897088542,0.002324908810044455,1,1,19,35.610519526915624,0
singapore-queenstown,d566f366-2419-4c41-9238-bd91cf6e5b12,-1.992800458372794,-2.277399259542275,0.2845988011694813,1,1,7,12.885617763322495,0
singapore-queenstown,334b27a7-34d0-493e-92d2-7ed48d32815c,-85.95812235406156,-89.81932559134108,3.861203237279519,1,1,13,24.719762518567677,0
singapore-queenstown,c0558f62-c3df-448b-98e8-5fc73b4a1987,70.15263638900699,83.3664918393671,13.213855450360125,1,1,6,10.355088107909957,0
singapore-queenstown,1709d09c-75d9-41ab-a305-c530b2da53e5,-1.9761737276666238,-1.9761737276569296,9.694330669100799e-12,1,1,8,14.938463168747356,0
singapore-queenstown,999e1279-18b4-42fa-a15a-930ca216e164,17.54729099415193,18.933356595863312,1.3860656017113828,1,1,20,36.61455339335747,0
singapore-queenstown,74370a6c-6091-4179-843a-6ae084ec2bc3,78.27990559306268,82.92487482656175,4.644969233499069,1,1,13,25.426725174035024,0
singapore-queenstown,e68e5ca4-265f-4dd3-bbcc-2bcd6184bcc8,-63.675807753658916,-69.96107988519978,6.285272131540869,1,1,9,16.103375248237757,0
singapore-queenstown,118d3b0f-303b-4cd9-baf0-4658ec1db9ec,-85.61983687813121,-89.39623910622055,3.776402228089348,1,1,17,30.580498795945527,0
singapore-queenstown,048c4f7a-9bc5-4e85-bb91-f4af9ec231be,0.4592766237731415,0.45927662377823036,5.088887490341627e-12,1,1,15,28.50056966098935,0
singapore-queenstown,d00045f7-8682-4562-83a2-f9ca5e712798,14.805233248417377,16.051993051221928,1.2467598028045528,1,1,14,26.29582205981894,0
singapore-queenstown,9762d2eb-7920-4f5d-80d9-ee3e21906100,15.876110223643035,15.8761460955642,3.587192116454327e-05,1,1,24,45.221474083862375,0
singapore-queenstown,f507212e-771a-459f-b698-e25f483c03c8,24.38178742204256,27.792951922496822,3.411164500454263,1,1,6,11.188418883703532,0
singapore-queenstown,1fbf10aa-0db9-4431-aa47-2e76553a661d,0.9996231913088367,0.9996231913172079,8.371219921611976e-12,1,1,9,16.597013131489515,0
singapore-queenstown,d01a6997-8d45-464e-8621-c72b1b5604ca,51.43159859408905,62.91055384770594,11.478955253616885,1,1,5,9.248868889101354,0
singapore-queenstown,aac6fa51-961b-42f2-a349-0a143be2f78d,-0.5554101437506739,-0.5554101437559663,5.292442989955292e-12,1,1,8,14.170786050552904,0
singapore-queenstown,9535a472-095d-4625-86ab-6313da627a39,12.358586550537478,13.264254106787217,0.9056675562497384,1,1,9,17.936735203550615,0
singapore-queenstown,2bdb155f-f075-4f2e-9dbd-82bf3642bf27,-4.3011491438738165,-4.55039074471824,0.2492416008444229,1,1,11,20.419604782668298,0
singapore-queenstown,f38c6f2b-52c7-4389-bb85-1a73fb393884,18.535336747398034,18.53533674740287,4.8344431158245454e-12,1,1,7,12.984906123706857,0
singapore-queenstown,8202de9a-4d10-45de-a5c4-1b913066f075,26.380473017535518,28.243530041844995,1.8630570243094757,1,1,9,16.865743061163652,0
singapore-queenstown,8b9ba398-f715-44c6-973c-75c65d2cd0f1,37.33751163995605,44.16946714006833,6.8319555001122785,1,1,6,11.744653989077058,0
singapore-queenstown,fd6db02f-46e8-4c5a-8f88-c379f343072e,-102.71880136291576,-111.90989360451425,9.191092241598502,1,1,10,18.93403700717571,0
singapore-queenstown,ce22ba37-fcf9-44a8-a428-4d098431578a,85.07732611597784,90.72927175772435,5.651945641746509,1,1,9,16.043519713632183,0
singapore-queenstown,07b31d1f-d494-490a-804d-6b2fcee309b2,-0.009772317353978871,-0.017107651777264365,0.007335334423285493,1,1,11,21.78180751732154,0
singapore-queenstown,10bc9060-bb22-4264-bd1f-caffa670d6b9,-0.391782826832617,-0.3917828268295382,3.078776931656684e-12,1,1,6,10.166962282490474,0
singapore-queenstown,9739857f-736e-4078-bf8a-f2b07a91ca6f,-84.26174612750478,-88.79580916873483,4.534063041230047,1,1,11,20.541315462695415,0
singapore-queenstown,54819fd3-6371-4c93-b194-2d54e9fae859,-80.62836053216334,-88.25607793889134,7.6277174067279985,1,1,7,12.937152346251779,0
singapore-queenstown,d5d4e1df-cc41-4974-875b-27ec8e458210,1.4762646211538006,1.6351851890223938,0.1589205678685932,1,1,8,14.286034145790097,0
singapore-queenstown,0ef8cd8f-8ba7-4eb0-85f1-bee5c04693c2,-5.234337051748545,-5.61343423845664,0.37909718670809506,1,1,11,20.678930037488747,0
singapore-queenstown,aa613fe9-4566-4eef-8072-5d752b631240,0.4672074216867899,0.46720742168948703,2.697110369881062e-12,1,1,10,19.405082646912103,0
singapore-queenstown,9830a9fc-2e44-4b2c-9437-58909651d449,-87.25034405882235,-91.24745348210726,3.9971094232849076,1,1,20,37.36790898777008,0
singapore-queenstown,359106c9-3331-4070-ab31-ed9d40fba7dd,75.76973456711264,83.24689067683367,7.477156109721039,1,1,8,14.801936215938552,0
singapore-queenstown,d9515c36-3572-4a76-b38b-2cc33a5fad86,59.09485934712822,58.38322143426878,0.7116379128594378,1,1,34,64.26015418293285,0
singapore-queenstown,bef628bb-83d0-4f24-a41e-83a973d36032,-0.9079511678088986,-0.9079511678150053,6.106664988409952e-12,1,1,18,35.69460551583499,0
singapore-queenstown,2ca6c8ff-0af7-4c10-bb3b-f89f204fc522,82.42338069779369,88.777288590123,6.353907892329313,1,1,8,14.92175230687734,0
singapore-queenstown,ec329bab-c73e-4153-9c24-a09aab6a272d,63.12616893618793,71.98504283031656,8.858873894128632,1,1,8,14.194130827010595,0
singapore-queenstown,0c0da108-aa5d-4b59-b77b-62dfee2ec3d6,-4.294635071559396,-4.818229557971705,0.5235944864123092,1,1,8,15.686591372491982,0
singapore-queenstown,0db33984-5aa6-4ec4-863f-035edf5aeb93,70.39481757308943,80.29264884999243,9.897831276903002,1,1,6,10.08315287981214,0
singapore-queenstown,bf19d757-1961-4c9c-a68d-5193353ebf76,-0.20336389299619856,-0.20336389299350147,2.697110369881062e-12,1,1,12,23.250469846014916,0
singapore-queenstown,bacaa64f-a3af-4f8a-a99c-5a309c41b2fb,-5.148953496196878,-5.275392798682521,0.12643930248564314,1,1,18,32.84943386241269,0
singapore-queenstown,a5311732-abf1-4b1c-aae2-92c0582cc5a4,-0.7024808992548829,-0.7024808992557225,8.396664359063685e-13,1,1,12,22.28923098804347,0
singapore-queenstown,a748b599-fe49-4236-92f8-79ff4b193cc8,-81.44551987190454,-87.1123294409365,5.666809569031976,1,1,10,18.273700844164434,0
singapore-queenstown,c8b79112-5ac6-46db-96d1-87e03b584966,-2.286222311471855,-2.406631517640836,0.12040920616898085,1,1,13,24.91469924067619,0
singapore-queenstown,780dd96c-0d67-40af-974f-d314aa400e3a,-81.6814916574634,-89.4572042534544,7.775712595991003,1,1,8,14.944602293907614,0
singapore-queenstown,dae1f924-815a-4e43-9ae0-4680c21d2e66,9.03228770783286,9.916995829362833,0.884708121529973,1,1,16,29.444550908561077,0
singapore-queenstown,1efbaf76-10d2-471c-bbfc-7fc341821b32,66.06909240536366,74.20046400321543,8.131371597851768,1,1,7,13.173358836596517,0
singapore-queenstown,0e254d51-5d06-4000-9b3c-556339de2d68,-0.21994116118606596,-0.21994116118761806,1.5521106845541961e-12,1,1,8,15.994924703961322,0
singapore-queenstown,760bb5f1-9808-4ca3-8e4a-9cd3f2479622,-101.21167900982803,-102.48073893702907,1.2690599272010428,1,1,19,35.64709465650235,0
singapore-queenstown,78eb06b0-b3b0-4bb5-8c8a-ef9cae6bbbcc,0.5661178529085404,0.6760765071538597,0.10995865424531928,1,1,14,26.867939205051062,0
singapore-queenstown,8533f394-1b0b-4dbf-a7d1-88b0ee5399b6,-108.90576318560308,-115.8026496716075,6.8968864860044095,1,1,18,33.403581818804064,0
singapore-queenstown,034c3db9-b979-4571-b874-f973a4edb595,68.98836159847397,73.87087766637325,4.882516067899272,1,1,10,19.783536029421604,0
singapore-queenstown,c0aa9aa8-66d0-47d0-aa90-1c8813db0cc3,-75.16327889646105,-77.58482044336095,2.4215415468999026,1,1,20,36.479350326329,0
singapore-queenstown,4a308193-2249-46d7-9ebe-35eb1b7fddc1,-87.77331143010323,-93.82307290363757,6.049761473534341,1,1,11,20.435040579842305,0
singapore-queenstown,5b39eab2-c682-4573-a1fb-02651e7416ca,78.91847832725864,88.0612361376414,9.142757810382767,1,1,6,10.233714259164591,0
singapore-queenstown,a3e4e6ca-f958-4fc1-94d8-da78cebcde0b,-79.82958296880614,-85.81233530869407,5.982752339887941,1,1,9,16.37995541582279,0
singapore-queenstown,aa3a8079-da4f-4437-b2e1-7ac73f63d781,-1.784174936787479,-1.7841749367831534,4.325554366790383e-12,1,1,4,6.893125394262885,0
singapore-queenstown,e876b478-ab92-4f33-8e18-c7b372f7ac69,2.4933278040707854,2.4933278040708364,5.088887490341627e-14,1,1,10,18.825013450559705,0
singapore-queenstown,018c8603-69f4-404a-9dfc-6b10fb492802,2.261873223597893,2.410404502527128,0.14853127892923493,1,1,15,27.91745341086957,0
singapore-queenstown,d5ca0032-f7e8-4892-9db9-d8fdbd986b1d,77.65983599323953,93.15043119280661,15.490595199567073,1,1,6,10.7003268443822,0
singapore-queenstown,2ab1b208-f71f-44d5-afee-382c31beaa10,80.05627397961965,88.25257077097957,8.196296791359925,1,1,8,15.720885593446074,0
singapore-queenstown,39747567-e089-4e4b-810b-152c615ea5fc,-4.6025952896358895,-4.602595289634668,1.2213329976819904e-12,1,1,16,31.134743824935278,0
singapore-queenstown,436379d4-8071-4597-8521-89637a0731db,67.02950950678807,74.4301026331324,7.40059312634433,1,1,6,10.97663870394396,0
singapore-queenstown,02b30bea-076a-48e8-a601-bc8a1be8d059,-18.858526705896196,-27.264774246009015,8.40624754011282,1,1,3,5.74533957765057,0
singapore-queenstown,2b700bf8-545b-4f0f-ba9e-0492d0cd0aef,80.6062871334624,88.66412557557086,8.057838442108457,1,1,7,13.54818146539968,0
singapore-queenstown,5d139a8d-e38f-42f5-93f1-120e9217be69,9.142459002458258,12.040671116737574,2.898212114279316,1,1,4,7.733434853513232,0
singapore-queenstown,2a7fd60d-30b9-40c6-b5af-d1626ec77ffc,-84.11920991882486,-91.6821156940257,7.56290577520084,1,1,9,16.5479794133607,0
singapore-queenstown,ece66472-662b-4614-acf3-8d9ef504f872,13.37863076716901,17.09381501163699,3.71518424446798,1,1,4,7.933548062142729,0
singapore-queenstown,388a6a27-77e0-4035-aa82-4837f973cce5,7.3280047435560505,7.708198050328058,0.38019330677200674,1,1,20,38.898592095486855,0
singapore-queenstown,31d53799-0a24-4323-9e73-97670d7edaa1,-13.923022506417421,-14.53741939081003,0.6143968843926079,1,1,21,40.11333147580919,0
singapore-queenstown,c5f61b4f-88c8-484a-a91b-213204a9e261,-23.919700325442417,-33.01245994169958,9.092759616257164,1,1,3,5.856676678463131,0
singapore-queenstown,ea83e721-142b-4305-9f5c-b3f239210288,0.0011819050229804019,0.015148420960431013,0.013966515937450612,1,1,9,17.051021952584243,0
singapore-queenstown,b5ad8e25-02c1-490f-ad04-47cf31cc6489,-0.10608509793282432,-0.10608509792715021,5.674109551730914e-12,1,1,12,22.288398894916376,0
singapore-queenstown,44e3ddab-c77e-4a86-8e09-83efd3948e5f,50.83096093466657,58.0355692891105,7.204608354443926,1,1,5,9.37290969166987,0
singapore-queenstown,34cf8477-a097-4549-bd4f-1aa538721ba0,-22.699458539223997,-27.897704391781513,5.198245852557518,1,1,5,8.671399345824721,0
singapore-queenstown,317ebe62-43b7-41a4-8574-e7bda9065fa1,1.352181287571343,0.78523361454261,0.5669476730287332,1,1,23,44.52396263212699,0
singapore-queenstown,71676be6-55d5-4cfc-b58a-4c7989c807f6,-55.778172576951995,-62.32627392943984,6.548101352487845,1,1,6,11.518293484432405,0
singapore-queenstown,6b8f36ba-c2e1-4e36-a813-4f198bf60949,-0.18290067352787753,-0.18290067352657988,1.297666310037115e-12,1,1,8,14.529227435743412,0
singapore-queenstown,f5e7ef87-d045-4714-aaef-58770c49f4c3,0.09326317270823718,0.09326317270505663,3.1805546814635167e-12,1,1,4,7.357314648858683,0
singapore-queenstown,45962eb2-f7b0-4368-964a-a71adece42b5,5.674862511426162,6.099650262593584,0.424787751167422,1,1,13,24.166098158984145,0
singapore-queenstown,15c9eb67-928a-4dcc-a7ea-29aca1e1a3b4,40.20664434242692,46.44037050580962,6.233726163382697,1,1,5,9.684061801552932,0
singapore-queenstown,5d790960-b70b-4fa0-ae22-8c01dacf22cf,110.4578708112553,118.96568239828498,8.507811587029686,1,1,20,37.60851012845437,0
singapore-queenstown,ca165377-affc-4358-bbe1-60399d423d32,6.744869066421766,8.60644004669957,1.8615709802778024,1,1,10,18.91641020175494,0
singapore-queenstown,794e0868-67d6-4754-9540-140b23a3ca09,83.60128715748648,93.32697949512533,9.725692337638849,1,1,7,12.326924359487489,0
singapore-queenstown,d684e623-a24b-45dc-8a85-756089b88706,-90.50147631701672,-90.50153983933018,6.352231345789146e-05,1,1,24,44.96869564241183,0
singapore-queenstown,4285dbbe-5e6c-463c-a5c0-6ff8bbe0fb21,-93.09553462078922,-101.51898235372573,8.423447732936513,1,1,9,17.215620852759102,0
singapore-queenstown,b5286882-7510-48be-adc8-e1e0584ca905,-92.83622819667367,-97.19972465355883,4.363496456885169,1,1,15,27.985715009139703,0
singapore-queenstown,dff27ffa-0271-4f98-864e-6da0bad9e30f,81.49479422564482,86.44715286763791,4.952358641993088,1,1,10,19.08657717370067,0
singapore-queenstown,d5549fea-ac14-46b4-811b-132cc5d21ff4,-85.26749828035294,-91.81270957201313,6.545211291660192,1,1,12,23.731612335949855,0
singapore-queenstown,6642e490-a8d0-437a-9082-50ecf19da204,-10.355139145365198,-11.02042431575132,0.6652851703861223,1,1,13,24.39512233312929,0
singapore-queenstown,d38ffcd1-9648-4bfc-a26c-2c582296e5a8,3.1521190887576678,3.3852293175190056,0.23311022876133755,1,1,18,32.60395980825066,0
singapore-queenstown,8fb30b75-898c-4346-9c01-0bc5511d4452,26.008493376713325,28.07825210986129,2.0697587331479634,1,1,15,27.92019855271553,0
singapore-queenstown,29d97312-29b5-4360-84c7-2ada1a844bfc,0.5496964979148027,1.9348557917098477,1.385159293795045,1,1,5,9.649309248734793,0
singapore-queenstown,cc6fc078-5441-4f78-bde6-964ad08c0e22,-4.174658745493536,-4.899119330654717,0.7244605851611808,1,1,6,11.966302393168798,0
singapore-queenstown,cc9c88aa-a3f9-4c06-90b3-ee3599426414,-52.79792934796095,-58.36734863800688,5.5694192900459285,1,1,7,12.502239975261794,0
singapore-queenstown,59d34343-99d6-4a63-b82b-e5cec6d25ab4,12.182433012571137,13.253758270193376,1.0713252576222394,1,1,10,18.75747803009532,0
singapore-queenstown,9a5e56fc-da12-49ee-a9d3-da6f274d8f4a,0.6258211571571877,0.6258211571514626,5.72499842663433e-12,1,1,9,16.431177463293892,0
singapore-queenstown,fa30275a-79b4-426e-bd68-3bda25e1dad4,-84.24515028575898,-92.30000341003394,8.054853124274944,1,1,7,13.573075491694922,0
singapore-queenstown,0fd850e0-f98a-4fca-8b4c-b85cc972fd77,-11.030931920012328,-11.904785611611187,0.8738536915988582,1,1,18,32.95278413916269,0
singapore-queenstown,f2ce3cb3-a07f-4a97-a476-788eb54f6bf2,0.19411183753929048,0.19411183753883246,4.579998741307465e-13,1,1,19,37.39026223054477,0
singapore-queenstown,bf7c0dce-7156-498a-ac2b-e4c9def886a8,-15.739485251517921,-20.82656051312709,5.087075261609172,1,1,3,5.357675178080136,0
singapore-queenstown,1fb437c7-3a40-443b-b5be-12734818ef39,-0.7035748331482499,-0.7035748331563667,8.116775547094895e-12,1,1,20,39.02665053910086,0
singapore-queenstown,624989ff-7a06-49e3-ab5d-1910435197ce,-73.03221908483445,-79.53065049466373,6.498431409829287,1,1,8,15.33483960328319,0
singapore-queenstown,fb42b56a-ad63-441b-907f-94d30862b223,-5.597089449015442,-6.933309968094187,1.3362205190787455,1,1,5,8.813027974938729,0
singapore-queenstown,3d337e1e-3ef9-4dd6-9a09-33cedf102fbd,-1.0743050054974583,-1.0743050055025727,5.114331927793335e-12,1,1,15,29.026458121999084,0
singapore-queenstown,56945876-ec36-4e6d-8ff2-93a5d80cdde5,-88.58518555487575,-93.89310093610592,5.307915381230164,1,1,22,41.9669193015357,0
singapore-queenstown,e50695d8-8937-4a12-88f5-ee622c112f93,84.05418350329218,91.22215228319423,7.167968779902051,1,1,12,20.889749803427414,0
singapore-queenstown,8b339319-1528-40e9-a308-c407fb3b564a,-13.73154390064223,-15.240786076623706,1.5092421759814776,1,1,6,10.446983870495554,0
singapore-queenstown,d01f3810-d18d-41db-a89d-9c03aca0b6bd,-0.9342023887078443,-1.0035509783687009,0.06934858966085647,1,1,10,19.8461591947256,0
singapore-queenstown,2e093afe-09d1-4c92-870b-3eec2406d05f,-11.135203456894857,-13.685344629280733,2.5501411723858776,1,1,11,20.03634113420098,0
singapore-queenstown,d84e1da2-dc80-42c7-9adc-1dc938ee53e2,-7.049872793687342,-7.144756026298496,0.09488323261115376,1,1,22,42.449522949943436,0
singapore-queenstown,11d9f65b-82e3-409b-8263-9edec86e1d8f,-0.11209472660062104,-0.1120947266031146,2.493554870267397e-12,1,1,9,16.191130147952872,0
singapore-queenstown,36c2bc5e-e5d1-4655-8ccc-6e21c36ead95,0.02844976640950629,0.028449766413322957,3.81666561775622e-12,1,1,27,53.06195041112987,0
singapore-queenstown,67d9a851-d963-483a-b51e-c743921d893b,14.603431668133842,15.74568330411318,1.142251635979338,1,1,19,34.98396588152799,0
singapore-queenstown,9c6a7680-7a91-4e4a-a4b2-e9e6459e35c9,-0.24645416173024753,-0.832093653667909,0.5856394919376615,1,1,8,14.33098999430312,0
singapore-queenstown,0e378fe5-ad8c-4608-b925-45e471542af9,-83.56636938791713,-86.59606717111295,3.029697783195802,1,1,15,27.056494797661376,0
singapore-queenstown,77509039-ded7-4d17-869a-d3967950ddd3,80.21292444999766,86.719525183012,6.50660073301434,1,1,8,15.154443637229482,0
singapore-queenstown,55a13368-e23f-44c8-ae25-aca9cdc1e079,-78.78695723151326,-96.09806535419348,17.311108122680224,1,1,5,9.777392044633395,0
singapore-queenstown,72c17254-a221-4664-b821-242541c384ad,78.04156417524165,86.00639729910921,7.964833123867557,1,1,7,12.108350098481424,0
singapore-queenstown,6af0e7b0-d5e4-4fcd-8a64-60c3aa3c3337,-16.074849457140417,-16.889213820047946,0.8143643629075275,1,1,13,24.104757398427548,0
singapore-queenstown,0728861c-9a4a-4696-8400-b660c95bb9ab,-0.3400087033678212,-0.45054179254455834,0.11053308917673714,1,1,20,38.58328706832744,0
singapore-queenstown,59d1bd1c-f4e1-4c8d-9475-642719090896,0.9332946486498942,1.0606192600844038,0.12732461143450963,1,1,7,13.349616501600012,0
singapore-queenstown,0074c852-8324-4a77-bbe0-8e94f264bc65,83.19992846220507,97.32939589472512,14.129467432520059,1,1,6,10.488911784620944,0
singapore-queenstown,aa471d9b-ae9f-4b9b-8e91-e9bbce188763,-87.74648223761564,-89.79820392822859,2.0517216906129576,1,1,16,29.307611040164794,0
singapore-queenstown,bb7dbe96-e9d3-4d2b-a2a0-5f1857148e34,14.77183879010305,17.615776094116647,2.8439373040135956,1,1,6,10.86047450572153,0
singapore-queenstown,063992b3-632c-487d-b2cd-131e01496620,-0.004901240536613026,-0.04438947513749006,0.03948823460087703,1,1,8,14.75673558298754,0
singapore-queenstown,cfcc8b3a-b66d-4b15-935c-b3110edd953c,29.733059453617113,32.86997586129891,3.136916407681796,1,1,7,13.408903465025286,0
singapore-queenstown,da159709-5253-4cac-a644-9cfe5e4fd530,-94.36780141031569,-94.42818440447887,0.0603829941631827,1,1,17,32.377191723357456,0
singapore-queenstown,504a4d2d-1e48-47ed-8c56-dd74b5361423,6.436894773931434,7.458344663955635,1.0214498900242008,1,1,7,13.970354419700369,0
singapore-queenstown,7ee287fd-ebf5-4da4-bfba-7e4d3cd26758,92.19762503302069,99.74281440639025,7.545189373369562,1,1,9,16.5650431505075,0
singapore-queenstown,362ddbe2-9151-44b6-9fb3-cf7051c49a64,-39.69812919236759,-42.747911362844185,3.049782170476603,1,1,11,20.64220003607084,0
singapore-queenstown,b766fdcf-dc31-4192-914b-fae110232901,0.08322434283875241,0.08322434283381618,4.936220865631378e-12,1,1,8,14.815408723264174,0
singapore-queenstown,e17f601e-3ee0-490f-9689-3c8781d9682b,80.39786919089896,89.06029998544952,8.66243079455056,1,1,7,12.95663274657574,0
singapore-queenstown,70abb874-02c7-4c28-a758-129ced31227e,-2.7884834011549766,-2.7884834011497097,5.266998552503584e-12,1,1,10,19.780525316032872,0
singapore-queenstown,5a7cbc5d-b0c6-4bdb-953b-543d3aa5ebbd,0.03839003082760798,0.03839003083068676,3.078776931656684e-12,1,1,9,17.308597342432147,0
singapore-queenstown,3d419945-0acf-40de-8c5b-49b1dcbabda4,0.7983695240432674,0.7983695240477456,4.478220991500631e-12,1,1,10,18.06094349923353,0
singapore-queenstown,a3e5236d-bb5d-43e1-a839-2fd1aabfe238,11.145459483773438,14.713643288058618,3.56818380428518,1,1,13,24.770928826880915,0
singapore-queenstown,cabaca69-e1c6-416f-b576-10a1b92affc6,-100.882176058288,-111.06691342175847,10.184737363470488,1,1,9,16.146389547922045,0
singapore-queenstown,8b475eb2-6bd4-44f3-9cec-238346a64d7a,77.38439623119869,87.0367242765816,9.652328045382907,1,1,7,12.511218773369759,0
singapore-queenstown,627b77cf-21d1-47fe-b081-e1c6f9901899,49.53684964057944,51.691121477419294,2.1542718368398504,1,1,17,32.123377161128026,0
singapore-queenstown,75c221e7-1b82-40b8-b617-8018617272ad,-13.259386218192951,-13.752762394274042,0.4933761760810903,1,1,15,26.35347514798516,0
singapore-queenstown,42940978-367b-4073-975e-996020fe5d00,-87.31687053636497,-91.17081220976308,3.8539416733981056,1,1,15,27.43796753842114,0
singapore-queenstown,dff329b3-0684-4bd1-8441-7d60b41f43ff,3.2937059412991703,5.508929215768171,2.2152232744690004,1,1,7,13.073838043048703,0
singapore-queenstown,39a0fe68-5b7f-4cb1-8aa9-e67e376041b0,76.18940325179307,90.82156092252774,14.632157670734669,1,1,6,10.605373607071655,0
singapore-queenstown,0e86acfb-8a9c-4bab-8e66-ef46f87696c8,0.004977965713711346,0.0049779657194109,5.699553989182622e-12,1,1,6,11.044154754856887,0
singapore-queenstown,523c4b36-8c26-49ab-afda-500abe825d0e,0.6469150093569377,1.0312977871252764,0.38438277776833873,1,1,10,19.45479284305083,0
singapore-queenstown,ce459e46-aedd-4bef-a195-75c0db4f65f4,12.11506427442707,13.036827808980675,0.9217635345536045,1,1,27,50.87026923793764,0
singapore-queenstown,8a044c6f-5040-4807-906e-aa44f1f0efd3,-86.31426609470948,-88.86145998892174,2.5471938942122505,1,1,15,26.906032581481767,0
singapore-queenstown,3c28b39a-ddc2-4479-a0e9-36a6e22bd886,-8.32157181354998,-8.65496855845026,0.33339674490028054,1,1,22,40.41511611342794,0
singapore-queenstown,d2959199-ad7f-4bf6-8a36-762e426f3947,13.049142962249867,14.858819494262704,1.8096765320128376,1,1,15,26.686530443713007,0
singapore-queenstown,ccec379b-fd97-407e-b1c1-0c49be0d7362,-87.2467627870961,-92.39716372259223,5.150400935496131,1,1,10,18.883873948385798,0
singapore-queenstown,c3e3a82b-ee02-4110-bb2f-342964f77e14,-111.20406397871709,-116.8068381896424,5.602774210925313,1,1,15,29.1630223485206,0
singapore-queenstown,3dc4243b-375c-46cd-84f9-a5e9327ab86c,-0.3125502452547471,-0.31255024526006503,5.317887427407e-12,1,1,11,20.45983970233442,0
singapore-queenstown,9f094dd7-f69c-400d-a981-b31d26e1168f,-1.0324181457876251,-1.0466855983475818,0.01426745255995663,1,1,20,36.62262479427942,0
singapore-queenstown,bf160aff-88e6-4390-ac05-517aecdae6f1,-76.3173979341289,-76.47391609374748,0.156518159618567,1,1,14,25.932874387477252,0
singapore-queenstown,e07744f6-4b7a-469d-8288-50efec93b576,-91.59855109254013,-91.59861710719639,6.60146562569364e-05,1,1,23,42.759854026076255,0
singapore-queenstown,d1bc03d6-0148-4f2e-9236-1ca654e3a0a7,-12.379623795361136,-13.587513235041778,1.2078894396806426,1,1,16,28.73269831782201,0
singapore-queenstown,be1f01a1-3818-4f0d-9a73-eab8ae57785b,0.3698677023972944,0.42852217552357336,0.05865447312627893,1,1,21,40.1876826427125,0
singapore-queenstown,e3f33eb7-9a8f-4959-8263-81fe0ac96d97,-89.85113290479687,-98.90591173852965,9.054778833732778,1,1,7,13.950801424733818,0
singapore-queenstown,1858a3d5-c7cc-40d6-8d77-f55e552908c3,-79.47418130493885,-83.4442892098152,3.9701079048763543,1,1,16,28.21588897838799,0
singapore-queenstown,35734e6e-a752-4165-8b1c-da4bbba45429,-88.43345072464318,-86.84642440395655,1.5870263206866255,1,1,30,56.0586973858729,0
singapore-queenstown,b66e10c6-cdfc-4fdd-b5ec-bd67b0ae11df,3.11380031961063,3.1138003196014954,9.13455304516322e-12,1,1,6,10.37714160048382,0
singapore-queenstown,b3ef0c1e-a118-4413-b518-a8c24b437512,-13.204115646892156,-13.20411564688974,2.4172215579122727e-12,1,1,10,18.08111980761539,0
singapore-queenstown,3b10625b-8cfc-4b6f-b401-e1566a26e8e1,92.92173219896009,102.07784982400383,9.156117625043755,1,1,8,15.09459227570916,0
singapore-queenstown,b4ecdc4e-bf3c-4158-a6f9-ae2daf72dd5e,2.8690918582683738,3.0759850027879865,0.2068931445196127,1,1,13,25.831311150380913,0
singapore-queenstown,0b9bae3f-0983-428e-a35e-9f4485dd4b29,0.49411626179876905,0.49411626180077917,2.0101105586849426e-12,1,1,8,15.851995478576715,0
singapore-queenstown,ac15d52f-41f1-4d48-9494-1a0a090d11cb,14.774041797044633,17.333935606604093,2.559893809559461,1,1,15,27.336031333746668,0
singapore-queenstown,c4b5fce4-b986-496d-8782-88bab092a58f,23.80050733992887,25.398501964192658,1.5979946242637864,1,1,9,17.031096796202597,0
singapore-queenstown,9ad520b6-8900-44a4-9f70-70084ccc42e2,-22.43333827342259,-23.814009850631024,1.380671577208435,1,1,11,21.702488300859216,0
singapore-queenstown,8cad487c-e2d3-4c7f-872a-7832f09c4961,40.51641750809756,45.54664210750765,5.030224599410096,1,1,6,11.003654421958348,0
singapore-queenstown,1fa1b348-843a-41c8-b2b1-6064ae82598a,22.486339181721885,24.020988085738537,1.5346489040166535,1,1,10,19.594249869305184,0
singapore-queenstown,df04f416-a12d-42b7-b44e-bdb94f0f7c05,6.745405803023939,7.108039000778164,0.3626331977542259,1,1,11,20.389194587525523,0
singapore-queenstown,1b76a87e-1159-4f36-a628-baf9ccf06330,-71.8633121935667,-77.23507112445317,5.371758930886476,1,1,9,16.74693237019452,0
singapore-queenstown,155533be-f64a-42f0-bb48-d0565d3e0d7f,-5.91259906219474,-6.184838437089348,0.2722393748946081,1,1,14,26.858821416701627,0
singapore-queenstown,74dfab1c-1c1a-4325-94d2-379191dcb397,-12.286656041811147,-12.297941293062872,0.011285251251725113,1,1,20,37.609672768236884,0
singapore-queenstown,9cfa2af2-f502-4179-b71a-bf490a75d1c5,74.80239590077905,82.7876409398464,7.985245039067353,1,1,12,22.00704277566726,0
singapore-queenstown,6367f097-9c74-45fc-9a21-e8e675a5d544,-0.10804766136729456,-0.7943070186626899,0.6862593572953954,1,1,14,27.051851487392007,0
singapore-queenstown,3563ca27-d496-4e36-a1c0-754e2936320a,-3.401356040202425,-4.900217036097636,1.4988609958952102,1,1,6,10.700122548533132,0
singapore-queenstown,6e613f3d-2a49-4b7c-9712-f9613e453c0d,86.32335287179629,90.4920374918274,4.168684620031103,1,1,12,23.55117593133541,0
singapore-queenstown,0fd7dec0-7af0-4fe9-972f-5a106ef2e82a,-68.63228350066424,-67.28046604457741,1.3518174560868355,1,1,14,25.203785527002832,0
singapore-queenstown,3ff3d59d-696a-4440-ab23-65655ef541fb,-85.03604352521769,-94.87722893449897,9.841185409281286,1,1,7,13.532784475146263,0
singapore-queenstown,340668a6-7adc-4f7d-8d35-e8332c64629d,-0.1649005763719786,-0.24658414300151826,0.08168356662953967,1,1,9,17.447294238878193,0
singapore-queenstown,59d66a7f-43e1-467c-9158-c07d806fc8e6,33.73796823623663,45.579954565629244,11.841986329392611,1,1,6,11.72796925518378,0
singapore-queenstown,0ba2387d-19af-41c3-bfb9-5a07dfd10998,76.88324553334745,87.484568259753,10.601322726405549,1,1,6,11.688940151294348,0
singapore-queenstown,565c70c4-c2cb-488e-af25-944b1e15f28f,-54.913538479942105,-55.95769068716961,1.0441522072275051,1,1,23,43.60806850290639,0
singapore-queenstown,271660b7-3a05-4f70-8277-bf64c7d343f9,8.677344266188129,8.196755756183789,0.48058851000434005,1,1,22,41.130674730885914,0
singapore-queenstown,9171536c-08b5-4de1-83c2-620ed90cc9f9,79.31042515145438,86.18224702127755,6.871821869823163,1,1,15,27.432960001941435,0
singapore-queenstown,7097548b-1f8d-4947-8a46-48d6a9fd478c,7.454341499301752,8.712543221722163,1.258201722420411,1,1,6,10.70269021778361,0
singapore-queenstown,174e6f5c-691d-4bad-94dc-e23a7f183905,73.7432243994162,78.5854061826675,4.842181783251286,1,1,10,18.438182283395186,0
singapore-queenstown,9db2c4d9-69cc-41a4-8692-b0b3e5a8feef,0.04095473182729062,0.13244197806750974,0.09148724624021912,1,1,13,25.47195445172192,0
singapore-queenstown,2680ba1b-4f6f-49bb-9bd2-a48d3326e8a9,19.676371758216018,21.03107194834197,1.3547001901259528,1,1,9,17.211272811868962,0
singapore-queenstown,7d80526f-e0e2-4acb-8073-7a09ea4a1dd2,-97.8948410496294,-101.65184147245166,3.757000422822268,1,1,15,29.425414926092586,0
singapore-queenstown,8fd6e072-387b-4676-9a46-2ac02254fdf2,-18.933666453991037,-21.572375226609417,2.638708772618378,1,1,8,14.818896918740705,0
singapore-queenstown,81186c8b-1c3d-4bc0-96ab-d33f84529379,83.64418300408065,92.99599021148265,9.35180720740201,1,1,6,10.787651598853211,0
singapore-queenstown,296dd590-ca7c-4b3c-a684-f674ff46f78a,1.0152328305816667,1.0152328305730411,8.625664296129058e-12,1,1,6,10.301456473810385,0
singapore-queenstown,0e8a4703-5923-4c42-94e5-e61c62c7372a,7.353298589072887,7.668884799017518,0.31558620994463077,1,1,14,26.73661022410376,0
singapore-queenstown,7f786a89-fdcd-48f1-a2ee-d10da5ec0c4e,-9.460706140858742,-10.450425473975152,0.9897193331164101,1,1,19,35.41954129946647,0
singapore-queenstown,b5dcee2c-886a-4c1a-ae43-b39acd38b4c9,80.24981869905996,89.90544994857198,9.655631249512032,1,1,6,11.18424356203382,0
singapore-queenstown,1533dc92-cce7-4295-87a8-d03b434b1801,-50.402849912106355,-54.22018505430772,3.8173351422013666,1,1,9,16.17349808715177,0
singapore-queenstown,6f2de2ea-1f31-4b5a-adba-6dc29fd35281,65.3050319607942,70.71860199215742,5.413570031363209,1,1,11,19.684234829513507,0
singapore-queenstown,e34fdda5-3910-405d-994e-81f63b5340e5,-27.223864179679556,-34.70404556419373,7.480181384514172,1,1,4,6.580074299748703,0
singapore-queenstown,305744b8-a57a-43e5-a1bc-17480274e5c2,83.63733029303022,92.41347670777704,8.776146414746815,1,1,7,13.505580654677647,0
singapore-queenstown,ee0b2032-87ef-4e12-9d10-037807f68c13,-5.124805607199876,-5.5205683932946386,0.3957627860947618,1,1,9,16.68422515513892,0
singapore-queenstown,d6e53024-d3d9-49f2-bf6a-ec95bc42e26b,-78.93798634468183,-88.32707118285745,9.389084838175613,1,1,7,12.900163791804347,0
singapore-queenstown,452cf74d-6fcf-43aa-9ad1-d9a61eb58414,4.824765541769137,5.429434021032723,0.6046684792635851,1,1,8,14.346634213387944,0
singapore-queenstown,90332de7-791c-4317-a305-56e02008088b,4.944200335932083,5.120445736612231,0.17624540068014774,1,1,19,36.09098781483808,0
singapore-queenstown,a8655bbc-00b7-4f70-a6f9-712557eda477,21.547131465317808,21.54713146531384,3.969332242466469e-12,1,1,11,20.924928244462283,0
singapore-queenstown,c61dd871-899f-4245-a844-ffca33c4df98,-111.67510064918667,-116.70031349823849,5.025212849051812,1,1,13,24.981018880971128,0
singapore-queenstown,552a3125-9ee9-4d9f-8c0d-8141bf81fcae,-140.5514560146583,-148.2525710818563,7.701115067198007,1,1,11,21.501528611208816,0
singapore-queenstown,134ce44d-f612-433f-99a5-7a4baaad9a2f,80.05113441114008,87.60176111260239,7.550626701462297,1,1,9,16.281428725281348,0
singapore-queenstown,a1c4f0a3-4c94-42d9-8cbf-4c6ff3c84905,2.056645057767896,2.1775010213554737,0.12085596358757818,1,1,17,31.365373348306587,0
singapore-queenstown,42bef0ac-1b2a-465a-8d36-7046c7d11a9a,42.225998288675285,45.12411428654116,2.898115997865877,1,1,13,25.761436175924192,0
singapore-queenstown,b3e7c785-2f14-4b22-9c4b-bf3434e5c46c,-8.089095011207068,-8.089095011202819,4.2492210544352586e-12,1,1,13,24.100956037450363,0
singapore-queenstown,ae31bedc-41eb-4877-b98c-1a63a550f99e,10.819327465362985,17.60107295934029,6.781745493977306,1,1,7,12.9439523444155,0
singapore-queenstown,58071bfe-1227-44cd-ba92-7b44a04c3781,-72.2655068750839,-76.75547768974344,4.48997081465955,1,1,12,23.834400550323817,0
singapore-queenstown,62cf13d3-8ad8-42a4-9e37-a029497331bc,18.726695500927583,18.726695500929974,2.3917771204605646e-12,1,1,8,15.770253024827356,0
singapore-queenstown,7fa9979c-fcc0-4c4d-9543-295dda350a7a,-0.2566158871764255,-0.4165163462186582,0.1599004590422327,1,1,15,29.127440307483266,0
singapore-queenstown,8ea5f54a-c87d-457f-928e-cdd2d88a3f2a,11.65869951033456,12.290782763437381,0.6320832531028204,1,1,23,43.2079925796318,0
singapore-queenstown,00355be2-5a47-4402-9b1e-8d7450ffd66d,-6.371222449493298,-6.426455003458418,0.05523255396512,1,1,37,71.34504724143808,0
singapore-queenstown,949a7cd6-14fb-488c-ad29-3c4428c6d790,1.113640854913708,1.113640854913301,4.0711099922733015e-13,1,1,13,25.75779532393317,0
singapore-queenstown,dc081035-391d-4662-a607-89ed9d7ce3e6,-84.54659963214908,-92.10830022211886,7.5617005899697824,1,1,8,15.712476167549447,0
singapore-queenstown,0988f62a-3b88-4540-9820-331ae3ae9c63,1.563692660340247,1.8009411976414702,0.2372485373012231,1,1,6,11.272265233741866,0
singapore-queenstown,c96389f9-258c-488b-98d9-c3cf0c040aed,-4.087210129960274,-4.4419255513433855,0.354715421383111,1,1,16,30.006702328443033,0
singapore-queenstown,83e397fb-c467-46ea-aff3-8b1f482f05eb,-96.29965055704757,-102.97293998954268,6.673289432495102,1,1,11,21.611841773467955,0
singapore-queenstown,864d83f4-c3c7-4491-9bba-245348bdd78a,1.0838159910304886e-07,8.424272408276336e-05,8.41343424836603e-05,1,1,8,14.61737031831517,0
singapore-queenstown,6bcb1d8f-5f38-4298-8e72-8a32d79e6aeb,83.30129564993507,93.24700189577551,9.94570624584045,1,1,7,12.490070577224696,0
singapore-queenstown,ced09370-f030-40f8-af4a-b7e31a06c5f2,1.7601085168991026,1.7601085168932504,5.852220613892871e-12,1,1,14,27.79236092838612,0
singapore-queenstown,15561115-b7a9-4a9d-95b4-3a6054906281,-97.37905895106897,-101.65731579558162,4.278256844512648,1,1,13,25.231399953982923,0
singapore-queenstown,dafa9137-01c7-4b34-bfbb-56cf0452acd4,-73.72437217267704,-76.92481555027017,3.2004433775931367,1,1,13,24.413136462975334,0
singapore-queenstown,6fe91243-6f90-4053-ae2a-9908094d4e7c,-109.49656079731615,-115.59372657067253,6.097165773356388,1,1,17,31.733181918696523,0
singapore-queenstown,2b55016a-8dd7-480e-a5cd-c74caae80481,-0.6282984625742489,-0.6282984625786763,4.427332116597216e-12,1,1,19,37.4084154957572,0
singapore-queenstown,017d5ce0-925a-4d8a-a8bd-61a0987ca2b1,-95.87598287802136,-103.1763206280311,7.300337750009742,1,1,11,20.10140346298899,0
singapore-queenstown,6574861e-9fcb-46c6-aa7f-e352c55aa23f,0.15504913924542785,0.2672417912094792,0.11219265196405138,1,1,10,19.581291497749234,0
singapore-queenstown,ee2a1ea6-9159-4be5-a08c-2f416a0e9f39,-84.01372531585314,-91.01747959605342,7.003754280200284,1,1,11,21.909190079409573,0
singapore-queenstown,25901800-3842-4721-8fdc-4f5d26a11463,-82.87101849710722,-85.75177344354915,2.8807549464419346,1,1,19,36.09329747379224,0
singapore-queenstown,4fcf7301-f70e-43dc-bc6e-231f9b8310ea,-0.21985479178043144,-0.21985479177959177,8.396664359063685e-13,1,1,8,15.82445495096034,0
singapore-queenstown,f4b7cbf3-285a-431c-9d42-707d713a275c,1.6702365364784475,7.157685014109138,5.48744847763069,1,1,7,13.180880008202866,0
singapore-queenstown,7f5c50e6-e2a9-4491-a2ca-0a2e686c3377,62.00136628283463,67.24843419459071,5.2470679117560834,1,1,8,14.644540882080562,0
singapore-queenstown,c62f2359-6f79-4568-a5bb-f38994b93f78,75.67113199983255,84.00047646802031,8.329344468187768,1,1,8,15.39048871162019,0
singapore-queenstown,d6d6d05f-4f11-4431-806f-0c520fe2db9e,-75.8986780285746,-75.89879007443945,0.00011204586485557708,1,1,19,34.94300574430748,0
singapore-queenstown,f2bce5f5-e274-46a0-a02b-a69541fff3e0,-81.45179663133842,-85.95160106237779,4.499804431039369,1,1,12,22.49175800416796,0
singapore-queenstown,5844a3c6-4c5e-4a15-bf54-486be8e5b45e,83.82242042593315,85.931265673898,2.108845247964856,1,1,14,26.31902872913915,0
singapore-queenstown,9a281641-a504-470b-a438-39f92c4656e9,-1.012277073339173,-1.0122770733466537,7.48066461080219e-12,1,1,15,28.835583142696525,0
singapore-queenstown,5de4ad2f-8fbd-4a74-8f48-93883bbd2965,54.48600525374798,63.278008499472165,8.792003245724178,1,1,5,9.176389717989109,0
singapore-queenstown,69ad54a2-a21a-4539-8dae-a25bbcc9abee,-78.38659061702778,-80.9908371800828,2.6042465630550318,1,1,16,30.026021436826383,0
singapore-queenstown,eaf41d60-8c31-485f-b74c-d0507830d9a1,85.31092598197611,95.14144866437377,9.830522682397653,1,1,8,15.742032968299835,0
singapore-queenstown,f8ebfd3a-a455-41d3-902d-fbf3598190fe,-74.11021271851757,-79.5286640433616,5.418451324844019,1,1,17,31.96780822578002,0
singapore-queenstown,76bc3d9c-9fee-428c-9916-6dc696fb2df4,73.5219785738602,82.28501134033112,8.763032766470925,1,1,11,20.062513802175946,0
singapore-queenstown,9f99ccb1-63d3-44a6-b107-55a2df5c0cd5,4.5895237365187995,4.950019338549229,0.36049560203042885,1,1,10,19.153718180121,0
singapore-queenstown,d846f46b-472c-449c-974a-ac8d8b0f9d6e,-24.210028025696776,-26.373206603015248,2.1631785773184737,1,1,15,28.23092448873763,0
singapore-queenstown,2b1ba532-2f57-4b78-a3ad-f8539d0765d8,84.67345113571407,93.4610885078602,8.787637372146126,1,1,8,14.07877508376551,0
singapore-queenstown,be1e545b-cd03-4f6e-82a8-f1270002fd10,70.87590835352935,78.76200029112218,7.886091937592821,1,1,6,10.614220352981546,0
singapore-queenstown,2c45d31f-9277-45c1-a840-71152a36a28a,-51.90572288906639,-55.07008928364874,3.164366394582355,1,1,15,28.25205710604924,0
singapore-queenstown,53ee8993-0681-441b-8443-1f87b39f6dca,18.16868660999806,20.324659109623855,2.155972499625798,1,1,8,14.283161515216888,0
singapore-queenstown,f1b97096-9cc4-4964-94be-1885801df34e,77.6074209012844,83.07585190933293,5.468431008048529,1,1,13,25.452724282881682,0
singapore-queenstown,aca51599-e322-43c5-833b-5a09d1a1e4c5,-1.3145392130191802,-1.425186551793221,0.11064733877404086,1,1,13,24.38714315712033,0
singapore-queenstown,2307f99f-3492-4da0-b886-768f7b7aa6d6,64.86407144205882,69.1717658433422,4.307694401283387,1,1,9,17.588878629268052,0
singapore-queenstown,a257c15c-c2cb-4580-b540-96c58cf6d9a9,-41.021752803334984,-47.8140699271901,6.792317123855111,1,1,11,21.47926084050188,0
singapore-queenstown,2d457060-3dbe-4748-8c1c-8e9a80d7e462,70.53887956736791,76.18251890943694,5.64363934206903,1,1,8,14.015236802291385,0
singapore-queenstown,3164c39e-372f-4643-be7d-37346981a01f,-3.2013934449011705,-3.2013934449002543,9.15999748261493e-13,1,1,18,35.860318066930716,0
singapore-queenstown,1ce27fca-921f-4b38-a6fb-1b59897347b0,-1.139881357671458,-1.139881357671458,0.0,1,1,8,15.22603721773191,0
singapore-queenstown,ba22a804-d089-45b9-a04c-6fc40592e735,-0.33285686549561894,-0.3328568654948556,7.63333123551244e-13,1,1,6,10.961977139612145,0
singapore-queenstown,41baec00-385d-4e9a-9684-e8e5f432a507,-89.04900917763128,-89.0833994808286,0.03439030319731922,1,1,12,21.62535795174295,0
singapore-queenstown,01737e79-25d7-4954-abbb-970fb1e35492,20.218631078927316,21.061621450303857,0.8429903713765409,1,1,10,17.22224807253526,0
singapore-queenstown,a8e4e98d-c54c-452e-909b-e12201e998f9,82.12061292329177,90.06114344609006,7.94053052279828,1,1,7,12.94820196719142,0
singapore-queenstown,e6314b2d-70f2-4200-8be9-a0ab4e0517bf,-125.13669603529893,-133.63170869266932,8.495012657370403,1,1,9,16.252244549089742,0
singapore-queenstown,9f3345b1-01f4-44be-b528-36f0310c0a8b,55.96891452827218,63.820377164552575,7.851462636280396,1,1,7,12.97824015867495,0
singapore-queenstown,1b28b97f-1b72-45e9-8b8e-b399d4ad17d8,-0.861857275726114,-0.8618572757250199,1.0941108104234498e-12,1,1,9,16.468132871738433,0
singapore-queenstown,1fcf9846-c71b-4c7d-903d-1ecd2ff1211e,-8.655664396434666,-9.119384934876924,0.4637205384422584,1,1,12,22.7148804097503,0
singapore-queenstown,16a3c502-4e83-4ee2-bbf5-523bfae509fd,-7.139122377449302,-7.534005191204641,0.3948828137553398,1,1,11,20.15836611178506,0
singapore-queenstown,12aad2c7-10bc-432e-89ee-7b8786935474,-0.3314868422901674,-0.33148684228823366,1.933777246329818e-12,1,1,12,22.393824532286853,0
singapore-queenstown,1e5b3802-9d2a-49ef-9fb4-ce48eaa30f79,83.98230115398829,88.99821925384833,5.015918099860038,1,1,11,19.997748885739444,0
singapore-queenstown,4415347c-bf43-423e-b418-e72c853ac7e7,-9.504837268962499,-9.92278975091296,0.41795248195046153,1,1,13,24.167881788572085,0
singapore-queenstown,97425f05-1d06-41f3-aa49-bdb0ccc76348,-70.3057696366207,-73.02432180758146,2.718552170960751,1,1,16,29.908636462316903,0
singapore-queenstown,ffa664d9-f981-4aad-97dd-d64176d89378,-79.4394867441119,-83.33209641196727,3.8926096678553637,1,1,12,23.526192491083705,0
singapore-queenstown,480403dc-bb46-426c-977d-a44eeb39d3a9,-0.12734868337172875,-0.12734868336890443,2.824332557139603e-12,1,1,18,35.81104409961145,0
singapore-queenstown,e030aedc-f9cd-457f-b491-a6ddba6fa6a8,8.942001595168243,9.167809376946163,0.22580778177791982,1,1,20,36.823555327502646,0
singapore-queenstown,80a33690-5f29-49d7-89bc-ec2a131aa76e,75.67383228343196,91.40946513988824,15.735632856456272,1,1,5,9.514310959366945,0
singapore-queenstown,17bcd963-1cf6-4b8a-b805-e1066447c210,-81.18214141864154,-88.32411281036318,7.14197139172164,1,1,8,15.221112722451586,0
singapore-queenstown,260be427-5465-40de-a006-be63104bfd4d,0.3570509444027554,0.35705094439733576,5.419665177213832e-12,1,1,14,26.046452953159257,0
singapore-queenstown,ba8362e2-7086-4b6b-ba87-92dc961fe193,-3.390932251295563,-3.458137930030804,0.06720567873524144,1,1,19,36.43732650460165,0
singapore-queenstown,49e4cf92-d84d-47b7-91d4-3d4c2436beea,1.0554824442957882,1.0554824442912083,4.579998741307464e-12,1,1,15,28.735401100505364,0
singapore-queenstown,cf07a1ee-f8ce-4b4c-90c8-82e33ed4f3c4,7.035406510313075,7.696136090131188,0.6607295798181125,1,1,8,15.047279718540349,0
singapore-queenstown,914cfe00-ed27-4cd8-b9d3-3b79b2351a45,85.10341555770857,93.41004075775906,8.306625200050483,1,1,9,16.843948972267476,0
singapore-queenstown,5e940376-1ceb-4a9f-a9e8-f172958c3ab3,-9.497565591966604,-10.585986782829067,1.0884211908624648,1,1,6,10.746598472118878,0
singapore-queenstown,97b0fc48-cee0-45ee-9595-b787ba28bb14,-74.0982930969407,-80.15780949668849,6.059516399747785,1,1,8,15.007247016055985,0
singapore-queenstown,8ae4b29e-b06e-485e-88ac-0606c967064d,1.2513053581608058,1.3472189124984508,0.09591355433764509,1,1,22,42.078685492249825,0
singapore-queenstown,9a915fc9-34b1-4fc2-a177-67bc877fb12a,-58.23863518983399,-57.59967487877872,0.6389603110552663,1,1,36,66.29746415124022,0
singapore-queenstown,8fc361d8-b670-481e-aec7-3368b7a0e7f6,1.3021136066607093,1.3021136066616252,9.15999748261493e-13,1,1,13,24.168872919488777,0
singapore-queenstown,52ff4c1d-99dd-4498-ad77-b61a37d5b543,-18.772276702080724,-22.62717666120154,3.854899959120815,1,1,11,20.065326701950514,0
singapore-queenstown,75677468-f13b-41bf-b960-8fabb2198ed0,-3.045890634911991,-3.233862549250478,0.1879719143384869,1,1,10,18.59824715812241,0
singapore-queenstown,75b89fcf-43ba-45ef-937e-2b47be062799,-86.96128989939716,-99.23412766775301,12.272837768355853,1,1,14,25.76886904361433,0
singapore-queenstown,b3ab0386-460e-4e5e-8f7b-2322f7ee2057,22.5661531896721,23.00039152383526,0.43423833416315893,1,1,28,50.772820453354996,0
singapore-queenstown,63be0c22-37e0-47f6-a841-b41cbfd566d7,4.88081442977674,3.1390029186315487,1.7418115111451915,1,1,20,38.11866336825294,0
singapore-queenstown,dfc18e0a-89a5-4228-bfa6-2111abd5319a,71.68855634797112,80.22402585989553,8.535469511924424,1,1,16,29.814973844813203,0
singapore-queenstown,cc07a228-42ec-464c-9174-58737c5bdf7b,-105.87098513398305,-114.00194908919698,8.13096395521392,1,1,9,17.870236888345264,0
singapore-queenstown,40ccce1d-7853-4b8b-8cf5-e75dbd04c66b,0.6393373556412382,0.6393373556343427,6.895442549412905e-12,1,1,12,23.263850146128686,0
singapore-queenstown,3dcadb8c-0250-41e1-bb7a-132da879ef07,-0.000151018975022951,-0.00015101897883961662,3.81666561775622e-12,1,1,7,13.38367943178727,0
singapore-queenstown,2add1aa0-7314-4e11-9fd3-e35e5ddb9498,9.547717599662947,9.66607352561623,0.1183559259532834,1,1,26,49.26716022824836,0
singapore-queenstown,06304a4f-b1f2-460c-9c09-7f406582810c,72.18912734599725,80.12701345204793,7.937886106050687,1,1,7,12.169404174636327,0
singapore-queenstown,c5b34f04-0168-41ee-9843-10ab950f9528,-86.86003228970814,-91.69377348021798,4.833741190509845,1,1,11,20.136130494707075,0
singapore-queenstown,11d19f3d-6ea5-467a-879f-aaa313951992,82.29856612114926,91.2962757538298,8.997709632680543,1,1,7,13.69479757423078,0
singapore-queenstown,36abc5fe-e5fd-4b7c-a9c9-6dee6674a664,13.90044587928063,15.923590511990298,2.023144632709667,1,1,11,20.016162182095552,0
singapore-queenstown,77f22677-e005-4e9a-88c3-ea37d065cdd1,34.92561045503428,37.806051119107366,2.8804406640730837,1,1,9,17.36387306680985,0
singapore-queenstown,eb1296e5-6446-4894-ab03-66ba7e02ad9b,42.282825102466646,44.875651303816134,2.592826201349488,1,1,11,21.126927376668174,0
singapore-queenstown,8ba5bdaf-f3a4-4141-80b5-0b1e4abac721,25.268843878686816,25.268843878684297,2.5189993077191054e-12,1,1,8,15.869293699068184,0
singapore-queenstown,29c0aaf3-58ca-454f-995e-c199924652ad,-102.78782373155143,-102.78802430949116,0.00020057793973819155,1,1,23,42.42132313788941,0
singapore-queenstown,063bb707-3203-4ec3-a68e-373cb5108bca,84.64393084254161,93.94734714383988,9.303416301298274,1,1,6,11.268924487111644,0
singapore-queenstown,5edf1793-646c-4b3d-8d25-215e1d9a4494,-6.356637352131444,-6.762478860942096,0.4058415088106524,1,1,12,22.093962863750377,0
singapore-queenstown,bac7cdbb-3a6e-479f-ba25-d0ed1bced086,-0.6677143004693702,-0.6677143004665459,2.824332557139603e-12,1,1,13,24.295346875645958,0
singapore-queenstown,c3062891-0e51-44ce-a81c-92c2729b64e8,0.9078424351179314,0.8710213654301745,0.03682106968775691,1,1,20,36.287964228321925,0
singapore-queenstown,76ccf377-36bb-4715-9d2e-5421949ddbca,-107.5699184958616,-117.29936827519064,9.72944977932904,1,1,7,12.687440850121988,0
singapore-queenstown,f73a507f-5fc1-4a69-b141-170838d0c57d,-93.08658585448197,-98.47717609212543,5.390590237643476,1,1,14,26.29084927133414,0
singapore-queenstown,da0a6199-7130-42d2-952c-8b20e80c8a32,-0.9117515606296278,-0.9117515606318923,2.2645549332020238e-12,1,1,7,13.643736223814745,0
singapore-queenstown,581730ef-3d6e-4a94-a107-1c5f146b198d,6.52158211910775,7.906846638501888,1.3852645193941373,1,1,10,19.870454846847196,0
singapore-queenstown,780b99fd-b58d-4ecc-8028-71202581ec77,-88.63305421008955,-90.75273969332018,2.1196854832306258,1,1,14,27.65177356455847,0
singapore-queenstown,8aa76138-df2a-4b16-9526-9870fe08bb90,64.12389370800508,72.5948220800881,8.470928372083003,1,1,7,13.745767999594179,0
singapore-queenstown,442ad3cd-3879-415b-8b9f-ed39dbdfb655,3.866236081218762,3.6697969892566076,0.19643909196215453,1,1,15,28.023479613017876,0
singapore-queenstown,12271809-981b-4051-a880-2083baa46afb,0.5879204594313612,0.5879204594325316,1.1704441227785741e-12,1,1,11,21.896790501143467,0
singapore-queenstown,5f9a5fb5-9f8d-4482-b937-4a05e18caae9,1.6666520818119233,1.6666520818098114,2.1118883084917752e-12,1,1,10,19.656453189879755,0
singapore-queenstown,8b3fc894-73fd-42bf-b44d-da3e1d14cd2d,-135.51880179193594,-145.86820502895407,10.349403237018114,1,1,10,19.922935216498136,0
singapore-queenstown,1904636c-e5bd-4966-993d-61efabf63399,-76.90168366226989,-78.71227104815075,1.8105873858808679,1,1,27,48.637272606207766,0
singapore-queenstown,acfcc71e-0277-42ec-8cc1-873c7193b815,0.3238515965736049,0.32385159657408835,4.834443115824545e-13,1,1,6,11.692025865271006,0
singapore-queenstown,5b6cb312-b4e4-4625-a2d6-47c14998bfa9,-15.417334367740033,-16.87541209220463,1.458077724464598,1,1,23,43.46521170494864,0
singapore-queenstown,1b117661-7990-4366-9061-38f6f25c0142,-91.13917874880606,-97.11606656287485,5.976887814068788,1,1,11,20.164309957069918,0
singapore-queenstown,45358a8d-3aa8-4912-a695-0309e3c5f92a,-107.47612099458587,-116.03007155886631,8.553950564280447,1,1,9,16.48158538815593,0
singapore-queenstown,e1ae9f32-461a-46f1-8238-bbfb501845e1,12.503119307923674,14.544936134953518,2.041816827029843,1,1,11,20.95494134304074,0
singapore-queenstown,0e4028d8-f973-4825-a5f3-db06589aa532,0.9493017772764986,0.9493017772776945,1.1958885602302823e-12,1,1,6,10.305711632833578,0
singapore-queenstown,ce76cd39-5d15-4819-8d8c-6cec397ff495,-9.805184845426181,-10.459948641382269,0.6547637959560874,1,1,10,18.92393303631909,0
singapore-queenstown,257f8a4d-0004-4fe0-b614-afac593fa667,-0.14482586603487413,-0.14482586603098113,3.892998930111344e-12,1,1,8,15.101319580670058,0
singapore-queenstown,6e0a1ed6-8ec2-4936-a3c4-d1c6b757ba78,-89.3336943228655,-89.06396707790219,0.269727244963317,1,1,24,44.392978474502456,0
singapore-queenstown,1590f933-1b71-483a-89e6-3f8b3667b502,-0.3308221572424742,-0.3894540321155924,0.058631874873118134,1,1,8,14.948959997537479,0
singapore-queenstown,52d25248-1f1d-41fc-bdbd-d031ab430df5,-0.8525573846052741,-0.9634520942729151,0.11089470966764112,1,1,16,30.967611444374263,0
singapore-queenstown,44ebc83a-8e1b-44c6-965e-68861b8250ef,19.82907389653006,21.647668129710645,1.8185942331805869,1,1,15,28.261114401384617,0
singapore-queenstown,c680f7cd-7081-4d1e-8067-b1c2db8c0d73,-119.24814990958802,-128.47463424444166,9.226484334853632,1,1,11,20.13202850953008,0
singapore-queenstown,d706f118-f523-4f12-a040-8cc6b6cfe67e,82.61098930489878,86.56155642843441,3.9505671235356306,1,1,12,22.794242272243,0
singapore-queenstown,e09e3ffe-eeeb-46da-b2f4-4665a077319b,-0.07306512748749952,-0.07306512748757585,7.63333123551244e-14,1,1,9,16.60462049345066,0
singapore-queenstown,29d7c449-4468-4a06-a288-075276fd0712,-5.489542473521195,-5.694749360867237,0.20520688734604237,1,1,16,30.469916152248523,0
singapore-queenstown,d11ff95e-529c-4684-840f-40baf984f82c,75.97004094309997,83.97931861189473,8.00927766879475,1,1,7,13.561458301387159,0
singapore-queenstown,1ddaf783-e298-41ab-8992-bcd58b0d86ce,17.69985581869325,18.592479105851883,0.8926232871586295,1,1,12,22.734342126339037,0
singapore-queenstown,f04806e8-a0f2-4192-b345-10176168299d,62.3678557357351,73.03277791256195,10.66492217682685,1,1,6,10.321831708507844,0
singapore-queenstown,b5fc09a8-8a7f-4ca9-b069-52b49ae14a7b,19.52734748615809,18.767806179841084,0.759541306317003,1,1,18,32.798004945867184,0
singapore-queenstown,72c00640-e8cc-408f-89e9-99db71453e29,-88.81086221681497,-93.18083777826088,4.369975561445925,1,1,14,27.327688964731216,0
singapore-queenstown,39f017ef-f49f-4411-a115-8bf1c530993e,-0.0035212901091085432,-0.0035212901067422104,2.3663326830088564e-12,1,1,9,17.129317152324717,0
singapore-queenstown,3785d801-bcd0-443e-9ffb-a4cced7463d3,7.393760971773834,7.696414189074127,0.30265321730029304,1,1,36,70.57942259281556,0
singapore-queenstown,0ea1a190-093d-4a1d-9579-92823d2586b3,7.8552865136945735,8.610695391583581,0.7554088778890077,1,1,17,31.80965196943837,0
singapore-queenstown,db73ab75-2fca-469a-a014-e364c749638c,-6.118603223161302,-6.633181974291583,0.5145787511302808,1,1,8,15.148492917393114,0
singapore-queenstown,2f8e9ce6-e340-45bc-aa9c-0c889220422d,87.42912541563186,96.54588617056284,9.116760754930969,1,1,10,19.08558867759594,0
singapore-queenstown,b863b622-591b-4044-821c-087d10754bca,-17.54905168891564,-17.54905168892073,5.088887490341627e-12,1,1,8,15.43372506994686,0
singapore-queenstown,dbe680bc-def5-403c-bd94-67b7fa8d775d,-75.03769861804284,-80.01680350309641,4.979104885053577,1,1,12,22.135821312707613,0
singapore-queenstown,c3d27a22-983e-4b00-a52d-92f237717875,79.21918351452913,88.03255641331975,8.813372898790618,1,1,6,10.698834924511239,0
singapore-queenstown,58849185-eb91-4038-a1bf-4fcdca92496b,-108.32232589179127,-116.86395643820998,8.54163054641872,1,1,9,17.657836182361663,0
singapore-queenstown,79dcea79-c735-4092-9690-fec7c51130e1,2.6039955354970266,1.9410871742039206,0.6629083612931062,1,1,23,43.657326790593835,0
singapore-queenstown,80774a1c-f88e-4ccc-b3f1-0eea8deac934,-79.96341486586935,-85.49278595321739,5.52937108734805,1,1,9,17.035488779218362,0
singapore-queenstown,876fe1eb-dfd2-4d2f-8be0-25f6b5f0f548,74.09570029828251,91.50700749011477,17.411307191832268,1,1,5,9.2955563315602,0
singapore-queenstown,fd2c2fc0-33cc-4e63-9bcc-dd8ac730901b,1.7589990581865722,1.8699534477307822,0.11095438954421,1,1,16,30.843016979400684,0
singapore-queenstown,eeb7553f-0db0-4ac5-921c-632273cb5622,-79.02287833913212,-85.81424747055725,6.791369131425128,1,1,16,30.08794153644525,0
singapore-queenstown,6b434beb-865c-45cc-9a57-e48f7428033f,12.058076986789647,12.840815122725754,0.7827381359361074,1,1,19,35.76879675721954,0
singapore-queenstown,067ed574-4d6d-4f33-bbd7-895d07abe183,0.13091599874218035,0.13091599873999213,2.1882216208468997e-12,1,1,6,11.32305717282518,0
singapore-queenstown,1e46360f-02ee-4832-b128-3830802c18ac,-4.899696188215399,-4.899696188215908,5.088887490341627e-13,1,1,11,20.723156152919646,0
singapore-queenstown,31062a83-a32f-44c3-8d87-f091cec82753,20.511156228324808,25.242042825216608,4.730886596891799,1,1,6,10.775876999292716,0
singapore-queenstown,daf38315-d8da-4b81-a6d7-8d911fd9d999,-75.87418215929821,-80.23831924937845,4.364137090080235,1,1,15,27.04929390520216,0
singapore-queenstown,4f4a2c22-e3f7-4f04-b490-4a3d84917bbc,-84.25877690425449,-89.45695601739475,5.1981791131402515,1,1,10,18.844010714926,0
singapore-queenstown,f8d20277-ea2e-4c08-86f4-b19653199240,-7.3349457024367615,-8.075832772334616,0.740887069897855,1,1,8,15.586267442604461,0
singapore-queenstown,5f923e9c-08e8-4c16-a6c5-a8cbc69f335f,2.092966748984186,2.3292023678434206,0.23623561885923472,1,1,12,22.201969602959423,0
singapore-queenstown,305511d9-898a-43c1-8354-5f8b147bcbec,-9.631280894637015,-10.058295213646902,0.42701431900988723,1,1,19,34.6084701361863,0
singapore-queenstown,9181440f-c7b1-4ed1-aaa9-eb09e4a7dfa2,-72.17468772110881,-80.15040883054327,7.975721109434453,1,1,7,13.246355413369638,0
singapore-queenstown,5eea887b-4901-4946-9a72-e6ba30787148,83.0642791709756,86.76287841071513,3.6985992397395315,1,1,20,36.76776789138513,0
singapore-queenstown,cfd64ed3-ad11-43ef-a263-19e5b043b4ec,-26.108969660433655,-29.34599813694711,3.2370284765134563,1,1,7,12.345646352497557,0
singapore-queenstown,7ef61b6c-80a0-48c8-be3a-20f013cb48bd,71.51073931167973,80.64839650879948,9.13765719711975,1,1,7,13.371029389074952,0
singapore-queenstown,9dd550c7-15d9-437d-b5a9-280e7a47e00e,0.5258031664690489,0.6334848874248019,0.10768172095575301,1,1,15,28.19097883789148,0
singapore-queenstown,fbce749a-326d-4ff0-9b9b-5a3d67f163fa,-1.26763988871293,-1.2676398887066962,6.2338871756684926e-12,1,1,9,16.348038232308564,0
singapore-queenstown,1bec9c48-c3c9-4194-a079-18344861bfba,-0.9103619044054783,-0.9103619044069795,1.50122180965078e-12,1,1,12,22.297594301945878,0
singapore-queenstown,6a261e6b-5867-4b15-98ed-86ccabe88235,74.13020311565025,82.29174635148473,8.161543235834486,1,1,6,10.419865246209433,0
singapore-queenstown,0c74461f-63c9-4143-93d9-856e662af135,-97.97337698428578,-106.9349116221358,8.961534637850026,1,1,8,14.274374625167306,0
singapore-queenstown,6e3873e0-8f87-46c6-b8e0-48b60f01b32c,71.16013930775543,81.33825600603522,10.178116698279798,1,1,5,9.730366445082877,0
singapore-queenstown,018c8fd0-2926-4ddf-962b-d373a0907258,-84.80902002595742,-91.60541940036202,6.796399374404612,1,1,19,34.905260893391045,0
singapore-queenstown,7f5f702a-f5af-4f3e-86dc-4d282cf95b6e,-84.8070091432569,-90.48678877912579,5.6797796358688775,1,1,10,18.914100062432997,0
singapore-queenstown,3f12b547-e124-4b84-bb7a-c560e6078a4c,-20.850645516656613,-23.67818304067733,2.8275375240207175,1,1,7,13.322417805758642,0
singapore-queenstown,ff9fd32c-32ca-4a8a-941b-2bded00d4405,-0.10503456379372374,-0.10503456379260419,1.1195552478751578e-12,1,1,5,9.266512984217572,0
singapore-queenstown,422d3e32-b11d-4f9f-b90c-bb62e06808cb,83.36519185590355,90.89680615080265,7.531614294899106,1,1,8,15.033666606396388,0
singapore-queenstown,68811806-9325-4fec-b724-b461e8e13956,68.4673303743326,75.19697824190283,6.729647867570223,1,1,11,20.47978785741608,0
singapore-queenstown,a51208cb-c9d2-4753-bd55-d3056843f3e8,91.78121982989532,100.95079002352735,9.169570193632035,1,1,11,21.37547591731676,0
singapore-queenstown,be221a50-de66-4382-928b-ad5470311e0f,26.576357991336195,28.585900875116923,2.009542883780727,1,1,20,37.99588692345412,0
singapore-queenstown,4b2d5b81-3379-4c0d-956f-5286c8a6703c,-0.07107317433135638,-0.07107317433415528,2.7988881196878947e-12,1,1,11,20.778968358601755,0
singapore-queenstown,ddb185be-c6f4-4374-864d-f43819346bfe,13.210327093687576,14.376505076598665,1.1661779829110885,1,1,14,25.594991171105264,0
singapore-queenstown,1e528ed0-9376-4333-8550-7670b8165d2f,0.012117646925406214,0.06792183194368674,0.05580418501828053,1,1,17,33.367590317131494,0
singapore-queenstown,8c57bbda-5176-4fbd-8de4-ab93e7737aa3,1.2210125621174506,1.312823095038523,0.09181053292107236,1,1,23,44.1718532418819,0
singapore-queenstown,da9ce279-a58f-44af-9fbf-29ada88b428f,69.67937382413305,74.35787866340286,4.67850483926981,1,1,10,19.626291153300716,0
singapore-queenstown,20e8c63a-3a16-4e1f-98c9-8b833907561f,-62.02529465539291,-75.82452914859842,13.799234493205491,1,1,5,8.859133720911856,0
singapore-queenstown,614d08a0-8d25-4f64-b529-6824eba3a6e5,78.92209356074561,85.01437646997958,6.092282909233964,1,1,11,21.714910748748714,0
singapore-queenstown,ebb970eb-36ec-4ca7-bdf8-cc770cd656fd,71.17934998782705,81.26279489248638,10.083444904659329,1,1,5,9.50685296601788,0
singapore-queenstown,53e37e43-38fc-484f-951f-08835a4c039f,64.60324973594219,73.75050034728429,9.147250611342107,1,1,5,9.786034533452263,0
singapore-queenstown,6d80d283-e90e-4a11-b56d-39420f39a4d8,4.436882875396829,5.148435745473958,0.7115528700771299,1,1,9,16.893039252484055,0
singapore-queenstown,831ca76f-c987-4e29-ad13-322b8d48dcba,-8.263634447240477,-8.912335931885323,0.648701484644845,1,1,10,18.9862166131807,0
singapore-queenstown,972c23ef-1600-4002-b65c-83ac9cdad0f8,-0.9165608869278038,-0.916560886930221,2.4172215579122727e-12,1,1,15,28.700759669967628,0
singapore-queenstown,3a3d36c3-8961-43d2-a71c-01e824c0ca22,-69.95594625400679,-73.31133355375331,3.3553872997465146,1,1,14,26.438236993400945,0
singapore-queenstown,fe4021eb-7ded-4502-89bc-f6706e019856,-0.5292479430719602,-0.5292479430710443,9.15999748261493e-13,1,1,18,34.22840244758712,0
singapore-queenstown,eb148e2b-c4c6-472b-9182-06c9161db24b,4.281540039121099,4.2815400391216585,5.597776239375789e-13,1,1,9,16.160169226293544,0
singapore-queenstown,4001127f-4e9e-4d34-8863-ab62d280e8ef,-4.0684739154553835,-4.777147837920234,0.7086739224648504,1,1,8,15.307353467412396,0
singapore-queenstown,7c7ce2cd-ac5f-44ad-a287-8cc0d0dd9a5b,0.417548359744269,0.4175483597343711,9.897886168714464e-12,1,1,7,13.452656375152772,0
singapore-queenstown,72aeadbe-6bbc-4535-8992-eb36b56791b7,-94.72264804190664,-99.55783864713598,4.835190605229346,1,1,13,24.37141351396315,0
singapore-queenstown,3d65f1d9-6f13-4e01-96a1-1b2b42afe14d,39.76901871945878,45.868418938112846,6.099400218654072,1,1,6,10.077066547117973,0
singapore-queenstown,209b1ad9-c420-4153-af72-fd852c450bdf,14.20287498055185,14.731560463176478,0.5286854826246281,1,1,22,40.680170149621645,0
singapore-queenstown,b6b6de06-02bd-476f-9d97-3b5cdc26e5d9,-87.42151941661733,-92.76446198930088,5.342942572683555,1,1,22,42.653833330683725,0
singapore-queenstown,8ddff20d-8eee-4048-95f2-870c0e72ea09,4.07472140826024,4.358644661919779,0.2839232536595393,1,1,11,21.51844484014932,0
singapore-queenstown,f85b6752-197b-41a9-bc1a-23c1b434b9de,-1.8417285683804143,-1.9131602640588194,0.07143169567840509,1,1,19,36.19436715359468,0
singapore-queenstown,3a13a3e9-0db4-4e5a-bfa5-1f2ecd5bd7dc,97.9676591839757,106.02051048376416,8.052851299788458,1,1,9,16.389499301407955,0
singapore-queenstown,8db49ff5-3bb9-4ba7-beac-cb933e1c3e50,35.676956131210034,38.22654118038923,2.549585049179194,1,1,9,17.528419798486407,0
singapore-queenstown,5ad7bc76-e829-47e5-8d16-691944d477b5,1.0059029741303318,1.0059029741325962,2.2645549332020238e-12,1,1,9,17.54812725531057,0
singapore-queenstown,2acd37f9-0d9b-430f-8e94-82e4d76e5404,-78.99001683763127,-78.99024446886581,0.00022763123454230298,1,1,22,41.935801198182325,0
singapore-queenstown,8a253146-056c-4f20-bbdb-1115c4f40413,-79.88138971071592,-84.82332226657466,4.9419325558587515,1,1,11,20.36438419619831,0
singapore-queenstown,a9aa485c-ae15-42ae-a5a3-3abfe9497e19,-75.52963284219409,-83.37318494732345,7.843552105129363,1,1,7,13.499490447690071,0
singapore-queenstown,d026f3b7-81eb-4529-9745-9be015547ff2,-88.87637755728969,-97.50798840970482,8.631610852415145,1,1,11,20.480125481444183,0
singapore-queenstown,b48522bf-ec0c-4ae9-a160-ff2da29365b5,80.60173375452348,86.86447709100646,6.26274333648299,1,1,8,15.881020661172462,0
singapore-queenstown,52752b33-45c6-494a-9bc3-07c2882db8c7,0.9867142442512551,0.9867142442496266,1.6284439969093206e-12,1,1,16,30.622737959111824,0
singapore-queenstown,9b87c647-24c2-437d-ae34-66bedb11cfe5,96.59330810307593,103.9976272544338,7.404319151357867,1,1,8,15.32035403408877,0
singapore-queenstown,922b908b-ce98-4a91-927d-ccfe7b3c7726,-24.83770239465198,-26.68078208575349,1.8430796911015046,1,1,11,20.38721294772389,0
singapore-queenstown,9c8dded1-7e0a-4118-916c-c4b7ce854e31,84.4980932765101,88.7542312918257,4.256138015315603,1,1,14,26.539920159586714,0
singapore-queenstown,fe9fd669-9a3c-4253-b57c-1c278d1ec161,-81.15708605571082,-90.63701875889087,9.479932703180063,1,1,9,17.551096361588485,0
singapore-queenstown,8929b9e3-6afd-4c53-b0c8-7cf7fd48c425,1.3725541752866415,1.4340708511377291,0.061516675851087575,1,1,13,24.75284838783124,0
singapore-queenstown,c962e70f-4a4d-4bc4-975a-4769c9b5eb86,-51.3544454175418,-55.84823405276594,4.4937886352241385,1,1,10,18.529400764729818,0
singapore-queenstown,f446b197-c372-43e7-a770-37f6b9b1eb29,81.61877006374797,90.62717675953344,9.008406695785476,1,1,6,10.805031339348151,0
singapore-queenstown,aff0f1cc-4e1b-428b-9dc9-ec658201cdc2,94.50608887931826,95.9645063140877,1.4584174347694445,1,1,14,24.798696695723084,0
singapore-queenstown,cad31730-f1df-42ee-86e1-7229fece6e0e,-87.52753443629442,-92.28143170870345,4.753897272409037,1,1,13,25.498242670276078,0
singapore-queenstown,15efd13d-7e22-4c1b-b3bc-919bbb3c2035,-2.21524318583987,-2.4643279534313756,0.24908476759150575,1,1,12,22.730348666477845,0
singapore-queenstown,e58b015f-d0eb-4ad1-8f8d-48da89bfec3c,60.82634574487685,68.05763338922449,7.231287644347639,1,1,8,15.647355874090904,0
singapore-queenstown,53b1e19e-da9b-4c94-83aa-59496953efbf,-26.972049635237617,-28.39906192355516,1.427012288317541,1,1,16,29.591554753180777,0
singapore-queenstown,f61a399e-a96f-4ba2-8b41-63cd3e1c88a0,94.0244765867389,100.42078760197431,6.396311015235419,1,1,9,17.1929533979648,0
singapore-queenstown,fa66f2de-6f81-4969-bb48-f24770c9fa8b,52.13161982344543,59.168425589764595,7.036805766319163,1,1,6,10.068609645714162,0
singapore-queenstown,c0b028d5-614b-4592-a3f0-a9694218eacf,-19.001167095893035,-20.761898195016148,1.7607310991231138,1,1,13,24.885308565741205,0
singapore-queenstown,df2560ba-8086-441a-bb45-4829eae0c56b,-104.8265600386967,-111.65679746379816,6.830237425101466,1,1,10,19.478988980649913,0
singapore-queenstown,44ea0d80-895b-4c48-bc3e-067caa3a8b74,-78.38325069987769,-78.38335747082543,0.00010677094773969415,1,1,20,36.829774886077374,0
singapore-queenstown,40a2e801-2831-497c-ba14-d48bb6280ebb,84.504770744341,93.76480249791413,9.260031753573125,1,1,8,15.776637104096805,0
singapore-queenstown,d14831f6-e093-45af-8199-66dde5cc9090,3.1591812873549734,2.9600516643222705,0.19912962303270307,1,1,17,31.452261396842665,0
singapore-queenstown,ecb46d69-d63f-4842-8005-4445fe8e630b,4.800927802577742,6.108672358176758,1.3077445555990168,1,1,15,28.100325765016287,0
singapore-queenstown,8b825f62-ef86-4758-9b9c-4e654cf18ecd,93.87498211033478,99.16234311884452,5.2873610085097384,1,1,13,25.254154525914768,0
singapore-queenstown,1e40f055-a3f5-43b7-b696-621147681d40,-79.8173978412347,-84.5503620105588,4.732964169324107,1,1,10,18.6677726643849,0
singapore-queenstown,1f45fc94-ae5c-4544-b6ae-866f939ed361,-94.21426556464472,-94.21433812153506,7.255689034664162e-05,1,1,10,18.009300248561473,0
singapore-queenstown,00a13f16-5792-491f-babf-82ad49d0f517,76.56655077853115,88.71839020024571,12.151839421714556,1,1,5,9.893189547124475,0
singapore-queenstown,854b0c83-2486-4850-ab93-8fba00be242c,0.17637466909308702,0.17637466909120414,1.8828883714264018e-12,1,1,4,7.582406847317696,0
singapore-queenstown,17423f03-a4c0-46c0-afb9-c42bc1cb07af,-1.3191314998693506,-1.3191314998666026,2.7479992447844784e-12,1,1,7,13.161392549962047,0
singapore-queenstown,9495a451-290a-44e8-928e-372c1a503ca8,-2.4228925059315327,-2.4951043953207357,0.07221188938920274,1,1,20,36.95883124123622,0
singapore-queenstown,291968c0-1900-45fa-a2b4-d5740ad5950a,5.634122424913016,6.042443007778947,0.40832058286593015,1,1,9,16.979883185353295,0
singapore-queenstown,9a3dc436-eb26-4551-a6c7-5a6238f42c18,53.98938116435704,57.60275009239976,3.6133689280427164,1,1,10,19.39374480910743,0
singapore-queenstown,e78a2009-d341-42f7-9f2c-2ed225a7c491,-7.402666576389794,-7.420743855923887,0.01807727953409416,1,1,40,77.35665921046031,0
singapore-queenstown,716e677c-cfc0-43fe-84b2-eba0a56952c5,-23.855578253171632,-30.160130711346206,6.304552458174575,1,1,10,18.90754815845257,0
singapore-queenstown,66250cfb-9ed2-46a7-95ca-546b8f55ca5c,26.541748825651,28.783888609692532,2.242139784041535,1,1,8,14.93877225258943,0
singapore-queenstown,c7f1f570-dd17-41ac-800a-5ade26b7c904,85.22277633251562,90.11630687594622,4.893530543430606,1,1,16,29.778337800812785,0
singapore-queenstown,42f9040d-2823-405f-9fb9-52d7dba26a31,-0.5758535134580649,-0.5758535134703291,1.226421885172332e-11,1,1,7,12.443770306977505,0
singapore-queenstown,d2da4004-b5f7-4c2f-b4b7-18294d7c016c,0.00344414142540428,0.0034441414195775038,5.826776176441163e-12,1,1,11,20.31170612146593,0
singapore-queenstown,66256ff2-81af-4273-833e-fe54e45a66d8,1.05927668049532,1.1614298592641545,0.10215317876883462,1,1,8,15.110912097724318,0
singapore-queenstown,3cb93bc4-6e84-4171-9fe4-21d3626ec303,-82.42941151010282,-88.95131256835518,6.521901058252355,1,1,15,27.350219358057448,0
singapore-queenstown,4e070ead-8ae6-49d3-936f-5dc62d2c7a94,7.383942421025761,7.747761209761121,0.36381878873535956,1,1,12,22.475033849575745,0
singapore-queenstown,aaec5652-5994-433f-abec-595edc9a24e1,7.301991700870504,6.915825394345049,0.38616630652545497,1,1,16,30.256392742632777,0
singapore-queenstown,2f3832c8-3a73-472f-91e0-fd4993f3fb23,-0.6513398498795402,-0.853419451608797,0.2020796017292568,1,1,13,25.874965732962394,0
singapore-queenstown,03bd2927-0509-40f2-b30c-36a7b2a3f2dd,0.3970397457928451,0.397039745791751,1.0941108104234498e-12,1,1,11,20.367666441842466,0
singapore-queenstown,fd06194f-93dc-4897-80b4-716328cf0a5e,80.09154344297944,87.95543150556672,7.863888062587285,1,1,7,13.732106472962974,0
singapore-queenstown,a2083659-d1d1-40d7-812e-b9019f951b69,-55.409213090401295,-56.61802514578662,1.208812055385325,1,1,26,48.51658672811337,0
singapore-queenstown,cb4bd12a-2932-4bbb-9731-c774ef85998b,-1.3153527305160455,-1.5627052741038292,0.24735254358778375,1,1,5,9.33741042767412,0
singapore-queenstown,bca76c5f-db46-4900-955e-ff3741c84b30,-80.40137678374653,-80.40144836668107,7.158293453097449e-05,1,1,17,32.81020458308351,0
singapore-queenstown,0d3f6a9c-7ef4-4e42-8890-7b8c1826d30d,-81.45515037517805,-88.20775876482449,6.752608389646441,1,1,12,23.24376200422971,0
singapore-queenstown,e0cd6fe6-8204-46ac-bd8d-2449c6bd2dfa,6.26582271143755,7.168027820203957,0.9022051087664068,1,1,7,13.544998670684048,0
singapore-queenstown,90f7d0af-8eab-4709-92b1-f187e17c6c96,-66.75106426212166,-73.98047822229084,7.2294139601691825,1,1,7,13.601826374014692,0
singapore-queenstown,6b0f0f8c-e6e8-488d-816a-2e457d200d9e,-70.74964330423524,-71.17522966532023,0.4255863610849895,1,1,12,21.548029435495334,0
singapore-queenstown,8b2f7df9-26a8-4f69-b79c-d8d4a9ddc8eb,33.854067916948324,35.89321818368862,2.0391502667402954,1,1,11,20.325815916614516,0
singapore-queenstown,e3a5d33f-0b28-467a-be5e-a30f1bb0d1ed,59.301362626108336,69.09942113604261,9.798058509934268,1,1,5,8.643628720391883,0
singapore-queenstown,78a0bfbc-178a-43f1-b515-93b4b6015970,74.95680513364587,80.09465330857677,5.137848174930889,1,1,16,30.44160060277373,0
singapore-queenstown,0925a6ee-ac71-47f4-bb10-d5e9c16befd7,-68.59883117694216,-71.41766924495398,2.8188380680118246,1,1,18,33.89356630661499,0
singapore-queenstown,a6eb16c5-bfba-4d33-888a-b17e7c81c816,1.1313337977719504,1.131333797774444,2.493554870267397e-12,1,1,11,20.731674860227464,0
singapore-queenstown,d4c6ad31-5ea0-4491-8e83-c7f17579e721,-95.64273070551404,-101.72782240208656,6.085091696572524,1,1,12,21.999351907022568,0
singapore-queenstown,825c1f5a-5cb2-4b9e-9a2a-83b6a223ff52,83.12521363688795,89.78066181353327,6.655448176645319,1,1,8,15.842965382824907,0
singapore-queenstown,bf5d1315-581c-4975-89a6-ef8397fbf9ec,-11.902847439667879,-12.297897437480898,0.3950499978130202,1,1,25,48.119787802358736,0
singapore-queenstown,15aee3dd-fea4-437f-a532-28cf86da3487,84.6221322349004,92.3635064775595,7.741374242659086,1,1,9,16.705887343055554,0
singapore-queenstown,2baccf7f-53eb-4c80-9e18-86ce41cbc550,67.32351157812856,76.93269625545001,9.609184677321451,1,1,8,15.750270236824544,0
singapore-queenstown,7ba88a37-5e3b-46bf-9400-bd11b2dea807,83.45823817284702,90.34473880934871,6.886500636501693,1,1,8,15.830278087339277,0
singapore-queenstown,c2e901a3-c065-46d8-949c-776e942755cb,-89.79822810324343,-96.97436178373853,7.176133680495107,1,1,8,15.596959950653085,0
singapore-queenstown,e36d8c49-34c5-4995-a9de-c54b4d9ae2f2,-77.40319924947883,-84.27474601475599,6.8715467652771665,1,1,8,15.634766086696036,0
singapore-queenstown,d1572e54-3279-4551-975e-4aa703704558,0.33823786564483005,0.4140929030526232,0.07585503740779317,1,1,15,28.10112693991989,0
singapore-queenstown,3c721cd6-75fd-4afa-a54e-181ed3f0a6bc,20.18234522400489,23.724702651639745,3.5423574276348546,1,1,6,11.52989710737838,0
singapore-queenstown,5297c106-7922-4cfd-b094-66ce5255c210,63.569093505611214,65.98437191103704,2.4152784054258216,1,1,13,23.803526192301085,0
singapore-queenstown,5ca5a8be-517d-4086-b95c-d5f352589e6b,-89.78452324579979,-93.47441569152201,3.6898924457222257,1,1,14,26.780563073033502,0
singapore-queenstown,d3c7cd4c-c0b7-4b3d-8f8c-1372b7bb533b,3.2260795256358143,3.414035647220886,0.18795612158507144,1,1,11,21.959064852619917,0
singapore-queenstown,5c30f8e7-7298-4f55-8130-c585ef1043c0,53.49404409988152,60.078418461386356,6.584374361504838,1,1,6,10.265926350667838,0
singapore-queenstown,bf3e082f-fccc-45a6-974a-47a7f2c26c87,-99.9199253223039,-109.16260139221657,9.242676069912669,1,1,7,12.508030840587079,0
singapore-queenstown,b80c4137-d73d-47a8-ae9f-5d64b7788edf,-1.276241168989479,-1.3825328466348554,0.10629167764537652,1,1,8,15.12334831579199,0
singapore-queenstown,c49bd37d-42d2-4df4-863c-eb993ea4bb80,-6.260989842311776,-6.439089363511795,0.17809952120001846,1,1,23,45.537381541206464,0
singapore-queenstown,e5a6e48f-7876-4de3-9fa2-6c98505c8d89,-0.4116723413964349,-0.5165539594080877,0.10488161801165276,1,1,8,14.791625334196967,0
singapore-queenstown,db8b1321-3b5c-42d8-9f90-cfe93333655a,25.639425839799483,29.847458843332674,4.20803300353319,1,1,11,21.113039907249423,0
singapore-queenstown,80c34464-31f1-4480-bb7e-607ce37eb5a6,-84.84271276266674,-88.5976959391897,3.7549831765229778,1,1,13,24.83539914428912,0
singapore-queenstown,bf11ed1b-6fb4-46c3-9e8f-803bbc0283e6,0.23668504723292325,0.23668504723483155,1.90833280887811e-12,1,1,8,15.575199465309844,0
singapore-queenstown,06ce125b-8f4a-4a6d-850e-2b80d6844d3b,-84.64988472710371,-89.52511004699703,4.875225319893321,1,1,12,22.98884511232649,0
singapore-queenstown,fb9220fe-f53b-4b46-a879-13cd36ff093b,4.735023096213356,4.735023096226181,1.28239964756609e-11,1,1,7,13.634649762660342,0
singapore-queenstown,0c0f41b1-4763-41b7-a37a-1c6216efa8ad,0.13186367639925622,0.13186367639467622,4.579998741307464e-12,1,1,11,20.143194636623743,0
singapore-queenstown,5968a02c-159a-4fd3-bf2a-c66a5770eef2,0.47779968649381793,0.4777996864940724,2.5444437451708134e-13,1,1,10,19.054332878195066,0
singapore-queenstown,88176d5b-4aee-4f1f-997a-76f24dea5686,-0.05147489142375322,-0.05147489142141233,2.3408882455571482e-12,1,1,5,9.249300738986868,0
singapore-queenstown,0679dad1-21d4-422c-958e-f96cf734eba8,54.10556051171191,71.01723056211917,16.911670050407267,1,1,4,7.6092866758529665,0
singapore-queenstown,1d55863e-243b-4329-bbf8-ca30b6902ca4,-0.4978393241470182,-0.4978393241515982,4.579998741307464e-12,1,1,12,22.794639552537433,0
singapore-queenstown,ab2da44c-356e-4822-90bf-1b1c7f5efa60,-39.15418358726218,-41.04628926583341,1.8921056785712265,1,1,12,22.196667411159506,0
singapore-queenstown,ea6f9fe3-1667-492f-a2d7-c22aefa43e0a,-0.6465353830617047,-0.6465353830699486,8.243997734353436e-12,1,1,14,27.97917664074636,0
singapore-queenstown,dcf8ee1b-1fbf-4606-bef6-b536405d8236,9.828313002945189,11.125789725260342,1.2974767223151535,1,1,7,12.981301336746077,0
singapore-queenstown,bca35f1f-dc5c-4fa4-bb06-2d19c3c2f46d,60.43782492168017,67.84343551832947,7.405610596649303,1,1,6,11.43993737030662,0
singapore-queenstown,a62a5668-1694-47c1-9806-fc34c2b4f432,80.36281982454966,92.55466990229752,12.191850077747862,1,1,6,11.18101521902615,0
singapore-queenstown,07ee403a-48ea-4733-9cf4-3dfe3883d43d,0.4645714698196346,0.4645714698251815,5.546887364472373e-12,1,1,10,19.61079073698319,0
singapore-queenstown,f6989660-602d-451c-b047-3e2ae894f55a,-0.35414852681366144,-0.3541485268134833,1.7811106216195694e-13,1,1,24,47.03949707047476,0
singapore-queenstown,a3999344-d085-47da-bf48-9da697445fc0,-79.63316463627083,-88.8231859236444,9.190021287373568,1,1,9,16.313622884552572,0
singapore-queenstown,6ba7e5f7-9f2f-4df0-91f0-5441a6ebd299,-10.35320390970366,-12.149473990701193,1.7962700809975314,1,1,10,19.36360799600514,0
singapore-queenstown,976bcba0-846d-4404-9364-0e77ac0ea715,-88.13189821041281,-93.22287856827612,5.090980357863312,1,1,15,26.614826798215965,0
singapore-queenstown,84ba972f-ae86-4a98-be61-231fb571c7de,-1.0926213120281805,-1.0926213120303432,2.1627771833951915e-12,1,1,21,41.18721324549471,0
singapore-queenstown,4f3c7885-1a4b-4284-ac5b-fc1de7b6cf4f,9.293062967314158,9.504949942863448,0.21188697554928798,1,1,18,33.31711728143036,0
singapore-queenstown,59d3e8c6-43b8-4a8c-a062-ef25f5cecd1a,-0.40840115212897143,-0.5153687872757012,0.10696763514672977,1,1,15,28.00403210755572,0
singapore-queenstown,a6bd216e-0c65-4f0f-b8af-6b3c94b5f337,5.052695404438708,5.052695404443645,4.936220865631378e-12,1,1,9,17.24153998680933,0
singapore-queenstown,8d3dbf17-ea3f-45ed-b98a-1259ffc89ba5,-1.0101701535839462,-1.0954367892385144,0.08526663565456812,1,1,8,15.965875104381965,0
singapore-queenstown,1b7ea378-7199-45d1-9a93-befb28e7fb61,-73.5963915021985,-79.972863418664,6.376471916465509,1,1,16,28.987228183484326,0
singapore-queenstown,4d6ae60e-5fce-4992-8cb9-5c95d25f26f6,78.34943906417011,86.65124733101332,8.301808266843212,1,1,8,15.687820718915784,0
singapore-queenstown,2e49f43b-b60d-41e7-a2e5-32f68830f0a1,-89.32047950338647,-97.20875301999129,7.888273516604834,1,1,10,18.03513067302652,0
singapore-queenstown,fb515424-cae0-4a2d-bc76-44bfbc2ba677,80.5616500046268,90.15586519159214,9.594215186965334,1,1,6,11.486525088528788,0
singapore-queenstown,2dcb62de-ee7d-42af-8064-de3c8ae9c747,31.08550322012594,32.95360798633166,1.868104766205719,1,1,11,21.111721879703587,0
singapore-queenstown,3166ff0c-c686-4815-a2f4-ed9d10221f67,-6.5261634360503775,-6.759856369751646,0.2336929337012695,1,1,20,39.94795747013389,0
singapore-queenstown,b72c2519-546f-4621-b6c3-b9177d99e198,103.07842195998727,110.83393520628577,7.75551324629851,1,1,12,21.979503351345304,0
singapore-queenstown,23f30fff-b63c-4a7c-a414-e19335107220,-23.44699314360358,-25.020388496079235,1.5733953524756532,1,1,18,33.6319186219758,0
singapore-queenstown,71698cf0-bf2f-4dea-8b2f-4094792354e3,7.9055222576533195,8.760864502250062,0.8553422445967426,1,1,10,18.221856478386208,0
singapore-queenstown,d9d0bc9c-fcb8-4262-98d4-73b36c2ab73a,-0.6041919905433448,-0.8900721941066827,0.2858802035633379,1,1,6,10.003927729828497,0
singapore-queenstown,d960879b-b03d-460b-b373-19e95d8aa4b4,83.89929415119556,91.60926244767435,7.7099682964787934,1,1,9,16.468105063096957,0
singapore-queenstown,a019841a-68cf-45ed-a02a-10dfa71563c9,17.044830450640372,17.044830450644138,3.7657767428528035e-12,1,1,7,12.651453407072925,0
singapore-queenstown,a83d0464-f220-4ebc-b855-f1abe7b996a5,88.63963770044195,100.50047095458567,11.860833254143708,1,1,7,12.198297133576897,0
singapore-queenstown,5983610a-5a97-49f0-bb59-4c72740148f0,-86.08356207439746,-90.03410497955737,3.950542905159898,1,1,14,26.442264402201328,0
singapore-queenstown,9f0b6ed4-1d05-4137-a96f-61d8ff3168e3,1.8590345303501739,1.8590345303457974,4.376443241693799e-12,1,1,14,27.57418307842856,0
singapore-queenstown,193f765b-f6d6-4b76-8618-0a995aceb0dd,33.33838979235806,36.24422492056208,2.9058351282040285,1,1,8,14.605615084912708,0
singapore-queenstown,d644755c-2e8b-4050-b116-5a78a29e7a8b,-0.5702509220084893,-0.6351583991309876,0.06490747712249834,1,1,13,25.958967375946443,0
singapore-queenstown,1c0ca7fb-88c4-45e6-98c2-58d39ae0e7ee,0.012936453806432952,0.054428478503586494,0.041492024697153546,1,1,14,27.72532497023842,0
singapore-queenstown,04ca4d58-edb4-4051-ab24-35183f915abd,0.27187538221666313,0.2718753822129737,3.689443430497679e-12,1,1,11,20.54922904280539,0
singapore-queenstown,b4dad48c-52e7-4153-a78f-ab202b4476a7,-19.97520928904646,-20.98264449320367,1.007435204157208,1,1,23,44.428963046688565,0
singapore-queenstown,6d4ca0c1-5d44-471f-bed8-fecd9f0b3999,-74.68065864718714,-83.83114651687843,9.150487869691288,1,1,10,18.381092861279935,0
singapore-queenstown,edd2aa67-7c5c-43c3-8789-e0aa03543eac,-67.14918722577183,-72.4061191551744,5.256931929402561,1,1,16,28.420615541705992,0
singapore-queenstown,424dd9b1-0a61-4741-98ef-820fda0be1e1,20.52921074610719,22.316960515425553,1.7877497693183633,1,1,10,19.265398765542024,0
singapore-queenstown,5a40e25b-59a1-47a7-8af0-7b68a365d25f,21.289698914921566,23.063061809908742,1.7733628949871751,1,1,8,15.95339255804169,0
singapore-queenstown,74fb295d-31d6-4b99-b067-9ccedda1cf7c,-14.54416335643686,-16.064252923443913,1.520089567007053,1,1,7,12.137645041444989,0
singapore-queenstown,ba0c3696-cab3-43f6-92ae-585144a512b8,0.9438395426335506,1.0577855214837508,0.11394597885020014,1,1,10,19.8699263799812,0
singapore-queenstown,1f129fee-b418-432f-aa6d-6cecc8e19b16,12.834436501535407,13.572400548014553,0.7379640464791453,1,1,20,39.52999716537638,0
singapore-queenstown,a8aa8e69-cead-4514-8aa8-9b9b1410d336,85.02697416046422,90.34720074741207,5.320226586947859,1,1,10,18.26568977340498,0
singapore-queenstown,fd9db6ce-dfcf-4c16-a0c5-a2411043dea3,-91.29700332743505,-99.1162980145137,7.819294687078642,1,1,9,16.493634626601875,0
singapore-queenstown,159eafad-3773-4626-aa49-fdcffa81962d,-89.9267299340755,-96.99637512596946,7.069645191893971,1,1,17,30.64482442390097,0
singapore-queenstown,c1ea2305-cd2d-4c30-b43c-0dbab1847f1c,0.1231317620435551,0.12313176204060354,2.9515547443981437e-12,1,1,13,25.455385409934763,0
singapore-queenstown,7d9a33ee-aacc-4dbd-894c-cdb1123b3cb3,-1.4711740198391001,-1.4711740198384131,6.869998111961196e-13,1,1,8,14.876909101971757,0
singapore-queenstown,991008d4-5737-4209-bdd3-619e3058ef43,-73.31223123604835,-79.38190769350305,6.069676457454697,1,1,12,23.633764666075677,0
singapore-queenstown,90f66616-7b15-4f03-a6b8-e558857ea00a,-3.7159157927693127,-3.7900773758447395,0.07416158307542713,1,1,30,59.66371808035859,0
singapore-queenstown,14f5f873-39d9-4f83-ac99-7b857e99f77c,-84.74712343939608,-88.68192560769037,3.9348021682943086,1,1,13,25.001977953602513,0
singapore-queenstown,80b3ef5c-3a61-4c04-a70a-34fa589cee8c,9.282852959106659,10.04101727130265,0.7581643121959916,1,1,11,21.742300412681885,0
singapore-queenstown,ed7f2aa0-605d-4783-a234-ef42a800db7f,83.67982592602534,89.3610218902975,5.681195964272142,1,1,9,16.824508985777218,0
singapore-queenstown,aa51ccff-fcdc-4022-9ed7-0bb0bdc7eff3,9.636853418567927,10.349534604486688,0.7126811859187612,1,1,13,25.768447494754525,0
singapore-queenstown,35b4324c-cc2b-4ae4-b27c-86303f34f78c,0.9223834900856167,0.9223834900839374,1.679332871812737e-12,1,1,18,35.39608415149691,0
singapore-queenstown,8e07c441-bbc2-47ae-a5ae-28278ea0b5b2,0.8498029328680656,0.8498029328686254,5.597776239375789e-13,1,1,6,11.969244924835317,0
singapore-queenstown,149a925d-c989-45ac-a806-eb0bcbbe909f,56.07554838396692,61.350842243566646,5.275293859599726,1,1,7,13.332699267962012,0
singapore-queenstown,a88ff7a0-bb93-4446-83a8-1944a379c151,68.8776851039892,79.85755994430822,10.979874840319024,1,1,5,9.57131645415292,0
singapore-queenstown,16c6ca3b-91cd-47dd-84ec-d9b5a1dfe820,-6.504526425839821,-7.4424015861021315,0.9378751602623104,1,1,6,11.511158025029617,0
singapore-queenstown,39ad67a4-f688-4dea-8c01-74ab5af32483,0.36340166796881285,0.4685555725966664,0.1051539046278536,1,1,9,17.82573380392119,0
singapore-queenstown,50e29c2d-e987-47fb-90c4-7f9a130a15d4,-135.84801552590136,-148.34943317289984,12.501417646998474,1,1,8,15.300230134505721,0
singapore-queenstown,abedbe4d-5d63-43c6-9931-559f7f3c37d8,-0.9505710066755876,-1.3563529222540365,0.40578191557844884,1,1,10,18.54401930150928,0
singapore-queenstown,bb51e106-7479-4db3-98ad-acca1f87c32a,-83.45445288578297,-91.72248919783775,8.268036312054768,1,1,7,13.646521850310032,0
singapore-queenstown,8f2f58a1-3294-480f-bad5-08ec94a2dc3f,12.56887352051597,13.374760355949029,0.8058868354330595,1,1,20,37.47132245567872,0
singapore-queenstown,bbacc375-085c-49ae-91e4-ee98133c0396,-86.7110400475019,-86.71115465806898,0.00011461056708018038,1,1,16,29.176477773132955,0
singapore-queenstown,414f82b4-e0d7-4d5c-b15e-11e23be37b61,0.6463719426181278,0.7308562262518675,0.08448428363373972,1,1,13,24.47142845052895,0
singapore-queenstown,350e4cc5-17d8-4447-ae0e-3d12e06ea80b,0.9844463114998234,0.9844463114895947,1.022866385558667e-11,1,1,11,21.686343014037963,0
singapore-queenstown,5a26308f-79d8-4daf-adaa-c225bf1a6bf4,91.42265577136598,98.78974569498956,7.367089923623579,1,1,15,28.290169908525847,0
singapore-queenstown,c308d2b4-53ea-4711-bed2-6a3b27bab7d4,77.5211017266868,84.1729291771992,6.651827450512407,1,1,13,24.197695355443013,0
singapore-queenstown,4bcd9310-f413-4f28-af91-0243ebe33203,13.243766965321674,15.725745715616695,2.48197875029502,1,1,21,38.89751303874143,0
singapore-queenstown,59a7cf19-0684-4886-927d-ae4fadc492b1,-0.2364484518033506,-0.2364484518059714,2.620777057525938e-12,1,1,8,15.66576769079495,0
singapore-queenstown,371a8171-788f-49e0-8a4b-98e49f457651,0.9484829539293077,1.2786647983208346,0.330181844391527,1,1,7,13.398748100700429,0
singapore-queenstown,d6a06df9-c169-45d0-b7e3-d5268b5c47b6,-0.15312615517433703,-0.15312615516502437,9.312664107325177e-12,1,1,17,32.08987886063423,0
singapore-queenstown,0df5f653-2900-4923-a21d-fe9e5b8554dd,-84.83242198174364,-88.86749818345022,4.035076201706578,1,1,13,25.542559092520268,0
singapore-queenstown,d11c3a77-65eb-423b-8c88-9a40244348da,84.65838945854911,93.74185943968264,9.083469981133536,1,1,8,15.599544688542021,0
singapore-queenstown,ac756679-5b4d-4b4e-923c-84c88499453b,-0.3346647828432558,-0.33466478284345935,2.0355549961366507e-13,1,1,8,14.755015430200256,0
singapore-queenstown,f62e0e94-ced9-4edb-bd60-25bed6c97eca,8.352997587123507,9.128643316210793,0.7756457290872857,1,1,16,28.63162621729075,0
singapore-queenstown,9dafb5fb-7a65-49be-a182-b75e51f8d808,75.88783647452543,90.22169307478627,14.333856600260848,1,1,5,9.535811634878545,0
singapore-queenstown,5008954b-516b-48eb-970e-fa2e355ba739,-80.30771176379012,-87.24693368171366,6.9392219179235255,1,1,15,27.916498835129325,0
singapore-queenstown,f65a8393-7194-4a23-b340-eb889c69df0b,-3.684213569254651,-3.7920128962092785,0.1077993269546271,1,1,20,38.20163700182512,0
singapore-queenstown,fac283c6-a198-4fc8-a33f-e8d54450a802,56.018816265990324,62.00369946735886,5.98488320136853,1,1,8,13.993986692363176,0
singapore-queenstown,5efeee66-ed1f-4ff8-8211-cb5c850e7686,-1.3285227197664726,-1.512587372493087,0.18406465272661438,1,1,6,11.150365777050013,0
singapore-queenstown,1f8ce9c4-44d8-46c5-a9a9-2bcd227bfcdb,1.458572604445271,1.556264633890238,0.09769202944496706,1,1,11,21.924348264246156,0
singapore-queenstown,f3813cfb-fe97-4461-9d12-ab1056c0dfdb,-9.874953997489849,-9.874981057873752,2.7060383904274298e-05,1,1,25,46.55045777668702,0
singapore-queenstown,aaa50cf9-da14-4098-ba7c-7dada16e609a,0.12927413968682847,0.12927413968456392,2.2645549332020238e-12,1,1,8,14.105759708288348,0
singapore-queenstown,c9f6b1e5-6c0f-46be-8220-5d81bf4e002e,8.119077279349103,8.788418957792915,0.6693416784438126,1,1,9,16.764983139447885,0
singapore-queenstown,559b6f39-4793-45d8-880d-60715aaada36,-69.44755882067722,-77.47064906113883,8.023090240461602,1,1,7,12.743823280778937,0
singapore-queenstown,40e07383-5edb-444d-8653-8bd668bcafd0,81.44733329615757,88.28331927672772,6.8359859805701575,1,1,8,15.020019107925878,0
singapore-queenstown,3b8aec78-387f-427e-96c0-dcb92af58590,-7.059455472673301,-7.589132448753914,0.5296769760806134,1,1,11,21.520192615345884,0
singapore-queenstown,6f6ff9ce-ae57-4cc0-ad6e-2dc1b4b688a0,0.10900307402702344,0.1090030740272779,2.5444437451708134e-13,1,1,8,15.445258744710523,0
singapore-queenstown,995c7f60-7e2b-4b3c-92ca-fb14f5c88466,80.74301420779192,85.89559452452077,5.152580316728854,1,1,10,19.69742817874193,0
singapore-queenstown,b046cb8e-145f-48b8-9652-e4fe308556f6,-5.868393393401356,-6.184663178663983,0.31626978526262645,1,1,12,22.101835541507235,0
singapore-queenstown,aeda6cbc-18ff-48af-8091-1c9bd9ee91b1,10.148646022950851,11.02686567757707,0.8782196546262195,1,1,8,14.071532258431445,0
singapore-queenstown,7c19ab7d-a2d0-491e-bae1-141a494c8b13,-5.9973109951337635,-6.58706975540452,0.589758760270757,1,1,7,13.661807584443137,0
singapore-queenstown,80eac292-9edd-46eb-b382-ec8638251c15,56.46077130803135,63.32490780921384,6.864136501182493,1,1,19,36.17685710733442,0
singapore-queenstown,f4dedfab-1b5f-493c-b13e-ddc6c32424b7,1.431423597259332,1.514356106455537,0.08293250919620511,1,1,21,38.624937650535564,0
singapore-queenstown,93a1fb0e-45d9-4d83-b9c3-fc2f3a7867f4,10.714252124672592,11.240821714992181,0.5265695903195882,1,1,12,23.126396510663085,0
singapore-queenstown,d39db195-039d-444b-9c48-f19520d89dab,77.98600777080544,83.2601850203979,5.274177249592457,1,1,9,16.81081978900246,0
singapore-queenstown,6f16d073-4fff-4b2c-ba33-1b73c307da1e,45.03219596637269,49.535229364795434,4.50303339842275,1,1,7,13.661615720778325,0
singapore-queenstown,ac2dabc8-1379-436b-bcda-24ac64f971f2,-1.8293783592146158,-1.8293783592010795,1.3536440724308728e-11,1,1,11,20.167145152361787,0
singapore-queenstown,086f090d-0a33-4b74-813a-9ad87e766868,-0.3931510681648262,-0.39315106816490253,7.63333123551244e-14,1,1,10,19.903159645804138,0
singapore-queenstown,e1fa9b0c-880d-414c-b42d-d3ea023140df,-3.8936499648380187,-3.893649964837866,1.526666247102488e-13,1,1,10,18.694358511692947,0
singapore-queenstown,d6f4a2fe-b0b6-4fa7-bc72-36136798935a,0.26175864475462934,0.2617586447538151,8.142219984546603e-13,1,1,7,12.235536989865402,0
singapore-queenstown,d10e0bd5-e795-4a20-af27-64cefbd0c7b4,0.43550810793540234,0.43550810793471534,6.869998111961196e-13,1,1,5,9.092620009173693,0
singapore-queenstown,91ca3d81-a2b9-45c0-a735-942ec12b7437,18.827997625003974,19.185824649570183,0.35782702456620846,1,1,28,51.15187054839468,0
singapore-queenstown,e6410557-8d2c-4f23-bf48-8a3ec14f65e2,14.686207256982499,15.470476520751916,0.784269263769417,1,1,17,31.732713611909723,0
singapore-queenstown,18e2ef32-3029-4727-9084-0b2bc19cd98d,0.018571596728440266,0.018571596725743156,2.697110369881062e-12,1,1,6,11.239140895791927,0
singapore-queenstown,b2e291e3-c854-49ab-8d03-49b55b68cd54,93.95429919347791,101.10091231782307,7.146613124345164,1,1,10,18.319447018470203,0
singapore-queenstown,16d94829-9f9a-44a3-bba7-2c2e920fc79e,-0.3971387472346385,-0.49929143943616217,0.10215269220152368,1,1,14,26.93766350541066,0
singapore-queenstown,b1384ff1-6159-4ec4-aeb7-0142cabaf0d2,8.688753768173061,9.344262593228548,0.6555088250554852,1,1,9,17.798829344790192,0
singapore-queenstown,74d61c0c-8f2b-472e-a130-cbcf469ffb7d,-101.60630321996884,-108.42098042365515,6.814677203686313,1,1,9,16.85476398415969,0
singapore-queenstown,ddd6992a-8b47-42e9-af3a-eedc0c9386e3,74.1833827247501,83.9892082988416,9.8058255740915,1,1,6,10.838400499941688,0
singapore-queenstown,330f82e1-2472-4f9b-92ad-177c9da9305f,102.02157230788164,108.43626131066907,6.414689002787438,1,1,15,28.94183068055923,0
singapore-queenstown,a7f85823-7b55-4fb2-9502-7dbffc5b28d0,-90.32642863279548,-96.34592791197896,6.019499279183478,1,1,9,16.47726834248508,0
singapore-queenstown,5b99f463-a914-43c5-ab66-1e5e6e3aed56,76.08903114374658,85.82645564644098,9.737424502694399,1,1,7,13.499766248534709,0
singapore-queenstown,9c793991-a349-4ca5-b47f-54ece0c90e22,-91.95826838275319,-101.56918454434977,9.610916161596576,1,1,7,13.365268706076098,0
singapore-queenstown,9eae2aa1-dfde-4c0f-bd17-0df41311c25c,2.4489045934007607,2.5781537506449412,0.12924915724418023,1,1,15,29.635650559036907,0
singapore-queenstown,993c3b4f-f99e-43a2-93d2-d9308cc68467,-2.33536784733583,-2.517486548579404,0.182118701243574,1,1,13,24.659426074087,0
singapore-queenstown,f3fb1c00-b7b9-47e2-b75a-55e91b828fcb,-6.427640743857023,-6.4693083777819504,0.04166763392492706,1,1,15,26.395828408632266,0
singapore-queenstown,4a50d98b-c138-414d-8ea2-897969a1e81b,-0.17144745709991568,-0.1714474571055389,5.6232206768274976e-12,1,1,6,10.039106124911891,0
singapore-queenstown,0c04588d-fde9-45ab-ac8f-0de6aee1df91,-5.0841995552960215,-5.557533755770326,0.4733342004743041,1,1,9,17.411756551682,0
singapore-queenstown,1750ae45-d8e7-44d6-96be-a7bb5a4c457b,77.59740390463209,87.69828916933642,10.100885264704331,1,1,6,9.97528402178823,0
singapore-queenstown,9755001b-dcb8-4c7e-88d3-f7792752e2f1,-75.45607596176326,-81.25509060296967,5.799014641206404,1,1,8,14.77841065073006,0
singapore-queenstown,9086eeb1-9e5e-4d79-ba0a-311be03b82d8,-25.543293688362777,-27.220446246380746,1.6771525580179711,1,1,10,19.467933988169367,0
singapore-queenstown,8bdd91ca-0d48-4e45-ae3b-f07a2a9f65c3,-89.03783535655339,-100.19923119999304,11.161395843439655,1,1,8,14.983654424695535,0
singapore-queenstown,f30561ca-c5f6-432a-9b1c-1e0ec174561a,0.6211536544788598,0.8892598514322663,0.26810619695340643,1,1,10,19.32075598149144,0
singapore-queenstown,67b4fe73-8399-4903-9847-92bc6b4f22d3,-0.018259390496962295,-0.018259390491695296,5.266998552503584e-12,1,1,8,15.499454332227483,0
singapore-queenstown,730b43a2-4e82-4421-86b3-3b044c740d51,1.1069626388310023,1.1069626388243867,6.615553737444115e-12,1,1,6,11.90689080337683,0
singapore-queenstown,d85d02d1-c4d2-49bd-b898-12d531309dbc,-75.60098759340494,-76.44428188868437,0.8432942952794353,1,1,12,22.643464334930446,0
singapore-queenstown,939a0e0a-ef32-4bbc-aecf-b1b1d1659fcf,55.605399705270294,64.18067807637846,8.575278371108169,1,1,7,13.159565315338787,0
singapore-queenstown,e814bc44-a026-4e50-9bf7-a1759c259a5a,-44.37180983292716,-51.30134165467922,6.929531821752056,1,1,7,12.655256072664384,0
singapore-queenstown,cd2037d5-d0c9-401d-ae94-04559ccd185a,-52.55266354226957,-55.65725833198695,3.104594789717385,1,1,11,21.629667581803048,0
singapore-queenstown,fb9fe924-159b-457c-8579-c3ef4969c61d,-59.22376927122259,-66.08032784754022,6.856558576317637,1,1,9,16.69811575321992,0
singapore-queenstown,1ee4a1f7-861e-43be-a69b-089d2ec283fb,4.214515669104645,4.423225254508681,0.20870958540403667,1,1,12,23.52330460933367,0
singapore-queenstown,1d16ca04-24e8-4692-b3c4-973fa18a3d8f,1.7546805940109005,1.7546805940106969,2.0355549961366507e-13,1,1,12,23.67231157046817,0
singapore-queenstown,0236977b-a459-439b-a77e-4e8739663ac6,-4.402021531099511,-4.7013725869356096,0.2993510558360983,1,1,14,26.252293219476094,0
singapore-queenstown,244758fc-2a7d-4754-b080-f9d9c33cf1de,79.9338475114837,87.46877275848894,7.5349252470052335,1,1,8,14.210470284096672,0
singapore-queenstown,8df1caac-3a8a-4454-bd3b-3d36756ef181,0.2103075004510986,0.21030750045333774,2.2391104957503156e-12,1,1,8,14.282971679044804,0
singapore-queenstown,b1b66e67-c7dd-4702-a9b9-e8de00893a0c,-20.696514697125544,-26.57629360848507,5.879778911359526,1,1,21,40.11193138699887,0
singapore-queenstown,432b2c40-75ca-4786-9a2c-f4da0a61141c,-106.84636817475739,-105.45547690440905,1.3908912703483454,1,1,14,25.516978599200847,0
singapore-queenstown,6e189063-3f8b-4b5b-8a5b-0fd41a30fb0e,63.41656722380608,68.92704040054556,5.510473176739481,1,1,9,16.42487471572507,0
singapore-queenstown,3b76b1a0-d13f-4860-920c-d08f2058274e,-84.555073628154,-89.77937256640158,5.224298938247579,1,1,10,19.134093600705313,0
singapore-queenstown,5094bee0-5811-4c8b-94aa-a41447d20ee3,-6.325604898346484,-6.814638533743107,0.4890336353966227,1,1,20,36.603609611526025,0
singapore-queenstown,eb54298f-7eac-419d-88aa-fb9c1cd2d26e,0.8034076676743153,0.8034076676742135,1.0177774980683254e-13,1,1,18,35.634438392114696,0
singapore-queenstown,c25de824-b450-42d2-98ef-5ca55e11b744,4.6934045478951605,5.216378800006939,0.5229742521117782,1,1,16,30.184070167814365,0
singapore-queenstown,b59face2-5a45-4a7f-9251-b8189f2bc647,-7.35759933081234,-8.61855447196109,1.2609551411487503,1,1,7,12.265039408446635,0
singapore-queenstown,1e3daf6d-760e-4844-adc8-df5d74bfa5f9,-2.6585088172864157,-3.3453531516312824,0.6868443343448667,1,1,8,15.418238687487394,0
singapore-queenstown,9f4b2273-fafb-43f1-a438-8362f24d6d10,0.7545052983687057,1.3023929074249865,0.5478876090562808,1,1,12,23.42299108989915,0
singapore-queenstown,6470b99a-a9ff-4158-a31c-df1331a23fb9,-103.2819046651349,-103.7098773083081,0.42797264317318756,1,1,15,27.28236121717604,0
singapore-queenstown,474de6cb-873b-4015-8e8b-caad209b207a,5.649942460184411,6.443436776046111,0.7934943158617004,1,1,6,10.464773301965447,0
singapore-queenstown,41675019-56fd-4748-8a9a-64804056c270,1.0801500436951132,1.1576191270933662,0.07746908339825286,1,1,14,26.497838275004867,0
singapore-queenstown,ec73c36d-f6b3-47b3-8e05-daec3e7c86f9,-3.019558634392392,-4.336290576928189,1.3167319425357973,1,1,3,4.3096180294452395,0
singapore-queenstown,a9d8459e-0b8c-491a-8127-c2734e836b0d,82.75548826963579,90.49150228295777,7.736014013321986,1,1,7,12.216131904555755,0
singapore-queenstown,e7388c27-7079-4820-a34b-f0b6e5551cf6,7.4950698532389675,7.873068400063667,0.37799854682469963,1,1,12,23.374001350070976,0
singapore-queenstown,faef11f8-3404-4ff1-8799-572ced994fc4,85.11405247220402,90.14385121982272,5.029798747618698,1,1,10,19.08544586948983,0
singapore-queenstown,cbd75a0e-6be5-48e7-a023-c5e7f4a27080,-7.538307583980818,-8.165319842473508,0.6270122584926896,1,1,22,40.45008593774862,0
singapore-queenstown,5ea7d0cc-4080-4f49-b0ba-89c5eef2e10d,0.4442470724728288,0.44424707247234535,4.834443115824545e-13,1,1,14,26.604810992269584,0
singapore-queenstown,292588ae-c753-4c5a-8ea5-785be60e07a1,-108.30313895044193,-108.30336041954038,0.0002214690984411378,1,1,18,34.58142514486377,0
singapore-queenstown,fdd10b21-67da-4173-b704-978a21ccb9ae,88.8867669005848,97.10378882807882,8.217021927494018,1,1,8,15.190186273141874,0
singapore-queenstown,36b5e45b-64ea-48c1-9aea-4ac536100691,10.03139394497091,9.558872057799109,0.4725218871718013,1,1,24,44.5849920847996,0
singapore-queenstown,f9a8a224-cb56-4365-aaca-fcd8d9b16c5b,23.867915335493066,23.867915335493475,4.0711099922733015e-13,1,1,6,10.355249512157037,0
singapore-queenstown,2e436329-9cb8-42c1-8a32-dca03b744dfc,-2.6188257632506073,-2.715515021635593,0.09668925838498595,1,1,21,40.44236652789352,0
singapore-queenstown,37a1a125-ae16-4bb3-9462-3eb7da7123e2,-7.393259781491785,-7.393267472836745,7.691344960013335e-06,1,1,18,34.65908116364794,0
singapore-queenstown,ec99ba33-d1d4-4e87-886f-ad585f45b843,-93.5487021018183,-100.75457807053516,7.205875968716866,1,1,8,14.907892696304124,0
singapore-queenstown,2f2657a4-0ed4-4559-bbc6-b1cb55981113,72.86252321463343,82.67074139091434,9.808218176280922,1,1,7,13.087724562850328,0
singapore-queenstown,b89af926-4e0f-4a9c-8980-43d89a20fe50,0.1752930081921446,0.2807960410346008,0.1055030328424562,1,1,8,15.9107551598484,0
singapore-queenstown,209e35d2-3aaf-43d1-9e7a-b6a9c7cad057,79.40115258745229,88.36638819142789,8.965235603975595,1,1,6,11.464503069557505,0
singapore-queenstown,755dab4e-7096-46b2-aca5-cf894bf324a1,-1.1281760433754326,-1.1281760433763486,9.15999748261493e-13,1,1,7,12.31673307491473,0
singapore-queenstown,67557bc1-c667-4369-ad59-d17bf07e01a5,-53.2093846866622,-63.22835693656552,10.018972249903324,1,1,6,11.36077323759471,0
singapore-queenstown,4e4d3904-d2ee-40c7-a3bb-8f806a8bbb1f,-42.37757957562875,-44.96855929613923,2.5909797205104863,1,1,13,25.634973784520657,0
singapore-queenstown,9815be27-4d78-4f3e-afb8-07aecea07b89,4.516504224209199,5.032992712878398,0.5164884886691989,1,1,15,26.434868877526988,0
singapore-queenstown,b9d09a58-5d35-4e64-b62f-2b9cdee343e9,12.823746504255032,12.875436133804161,0.051689629549129965,1,1,18,33.72691722053896,0
singapore-queenstown,b338cd3e-2efe-4841-9597-9b663d6830a1,21.38297320946285,23.09489030278719,1.711917093324337,1,1,13,24.120407988242462,0
singapore-queenstown,d99ba21b-95d1-4a2a-a86a-26320b5fc60d,12.99312848766769,20.871145233247475,7.878016745579787,1,1,6,11.425639476562647,0
singapore-queenstown,f430e5a0-bb91-4a48-ba55-2af347500c2e,66.58893053572079,74.50931639019181,7.9203858544710135,1,1,7,12.61450460101596,0
singapore-queenstown,6e13088a-2a4c-4b3a-a63d-a36b5e899ca5,0.13071490138867792,0.13071490138745656,1.2213329976819904e-12,1,1,8,14.571869735774968,0
singapore-queenstown,a6c0c62a-207b-4c56-b23d-57cc52e7ce04,-6.818501900634091,-7.268198183262116,0.4496962826280242,1,1,15,28.258295876578345,0
singapore-queenstown,bedbe17e-90e2-4e14-9464-8395b70730bf,-0.8347611396790667,-0.8426677394483129,0.007906599769246084,1,1,15,27.703437004615683,0
singapore-queenstown,9210b686-0a86-4aa3-8350-02c133cf34a6,0.1124703126077012,0.11247031260027142,7.429775735898774e-12,1,1,10,19.711750049627042,0
singapore-queenstown,2b5e8c8f-670d-4d0b-9dd9-9175676c2d4e,-77.37628080874383,-80.81086577106645,3.4345849623226177,1,1,19,35.83719377954063,0
singapore-queenstown,bf8dd3c6-5b0a-4403-b950-6f3fe906e803,-98.42919659353784,-110.65809478481559,12.228898191277741,1,1,8,15.651515870000852,0
singapore-queenstown,4a9fe2d4-420e-4651-af6c-570803f6317a,-81.48425161359928,-89.6354083708824,8.151156757283117,1,1,7,12.457232922788759,0
singapore-queenstown,f36fbf87-6f8e-4249-b52d-9f5150daa0b3,61.34376913135479,66.41769766281402,5.073928531459237,1,1,9,16.438178824459335,0
singapore-queenstown,8a3197ff-c083-4974-9422-a92ea4c969f8,7.47422474199817,7.97069429279569,0.49646955079752036,1,1,9,16.30728054564474,0
singapore-queenstown,610d4a55-c26a-43a2-bd2e-3967b3564655,25.169929355569256,27.953905780945444,2.7839764253761885,1,1,10,19.568392569230973,0
singapore-queenstown,b499d03a-1055-4b50-86f4-c22251630454,10.808645943181455,12.784868249408035,1.9762223062265798,1,1,6,11.681427122226514,0
singapore-queenstown,f91f128b-0d52-46aa-833a-adc33374b86b,1.3984209858345271,1.4719284131486083,0.07350742731408123,1,1,15,28.253258724794303,0
singapore-queenstown,6a5330b4-f042-4560-9ffb-70ad6208ea00,64.48718835785742,68.56792182529013,4.080733467432711,1,1,10,19.414193900633865,0
singapore-queenstown,316827c5-067e-4756-a8da-7bc2cba3c454,9.643556444634267,9.643556444633123,1.144999685326866e-12,1,1,11,20.735147577928174,0
singapore-queenstown,2935a01e-e874-47ff-b6cd-b86650be064d,1.101414195455315,1.2280669935527257,0.1266527980974109,1,1,14,27.09948805566534,0
singapore-queenstown,7d5247c6-4d68-4e3a-a39c-ad6b93ae92c5,-0.26594437349526,-0.36545614236704643,0.09951176887178641,1,1,16,31.112562095790427,0
singapore-queenstown,08614bef-d627-48e0-b15f-60483d8f06fa,0.6073314510546051,0.6073314510578874,3.2823324312703493e-12,1,1,9,16.659939401921726,0
singapore-queenstown,0c6cf3cb-bfef-42c2-9660-ab5fc23a5522,0.034946915098112485,0.03494691510027526,2.1627771833951915e-12,1,1,17,32.459070496853144,0
singapore-queenstown,bd1e0174-2932-461b-824a-f2668a0861ac,64.2263560105761,72.11380172604918,7.88744571547307,1,1,6,10.661519715415512,0
singapore-queenstown,efbe29da-75ba-43d4-a027-92fdea96e6a4,-1.429062924447117,-1.524457350557808,0.09539442611069131,1,1,16,31.47710141917594,0
singapore-queenstown,666133ee-e41d-4bb1-8f75-18c7e4db7b6d,-2.865210972694958,-3.033330395121938,0.1681194224269802,1,1,11,20.402507023542842,0
singapore-queenstown,c5503ed0-cbc0-4494-a199-470b303c8b14,55.56336094518254,61.792066236029626,6.228705290847083,1,1,6,11.452288105142733,0
singapore-queenstown,794e67ee-e061-46ca-96d5-9533c40c971b,23.279247133051,25.497279294115607,2.2180321610646057,1,1,9,16.236937156193324,0
singapore-queenstown,5fefd14d-d187-47f5-9eab-eb9e4eefc9b9,-64.14161023693876,-70.79734364518153,6.655733408242758,1,1,8,14.821863631720733,0
singapore-queenstown,adbd4dcc-d2f4-45d4-9181-f795f1e5e3a3,0.00019176604946179735,0.0001917660585963504,9.13455304516322e-12,1,1,12,22.985104689279176,0
singapore-queenstown,6755564e-97e4-4381-ad29-eb35ecf4f8c2,0.2316243671396659,0.32327341937343274,0.09164905223376686,1,1,10,19.918886625265518,0
singapore-queenstown,ea04849c-145d-4d8f-b888-0640e9eab691,-8.807791340687562,-10.209914729786203,1.40212338909864,1,1,16,29.83613011646528,0
singapore-queenstown,1671a577-a227-4c7d-b616-f4e4a761eb9f,1.330057238814788,1.3300572388121419,2.646221494977646e-12,1,1,10,18.678170479546875,0
singapore-queenstown,b4535266-d99c-4f09-94b0-c653e24ca8dc,-78.66832943100987,-82.85596705804053,4.1876376270306706,1,1,12,22.35911064381608,0
singapore-queenstown,9be55685-f264-4beb-94e2-80f4f1a80176,-0.7331633543762001,-0.8092131284923665,0.07604977411616645,1,1,12,23.843437815337193,0
singapore-queenstown,b7e88242-aa8d-4524-ad19-674eed0bc4ec,-27.782145162363943,-30.996058109746507,3.2139129473825627,1,1,7,12.84698875178693,0
singapore-queenstown,41e5a44f-cbd9-4aba-8fec-6814d8997b2b,-6.979765216354545,-7.816051978917945,0.8362867625633987,1,1,7,12.355492656762554,0
singapore-queenstown,90a0d563-9b4d-48d1-b097-382e89b7cb46,-166.07795246438337,-178.5883121646295,12.51035970024614,1,1,10,18.105215866973523,0
singapore-queenstown,e189dc8a-abbc-46f8-917f-5ad3c1aeee85,0.37362752241915237,0.3736275224166334,2.5189993077191054e-12,1,1,10,18.96629173027316,0
singapore-queenstown,ce27f9b8-e119-46d7-a4a4-f0c391cb2f10,78.98191062549546,91.02953914770472,12.047628522209267,1,1,7,12.461937551317577,0
singapore-queenstown,a0a4f680-c77d-4d2f-bbbf-b4838a469264,-66.86997550540862,-71.52802063113964,4.658045125731011,1,1,10,19.143060976032082,0
singapore-queenstown,db0f174f-56d1-4db4-bb1c-d24bb8b779a3,-26.854553182567145,-26.854553182569664,2.5189993077191054e-12,1,1,7,12.293486003226684,0
singapore-queenstown,7e5148f4-5dfa-4b2c-a355-736b8d4b18a3,-0.8450907276032028,-0.8450907276100728,6.8699981119611966e-12,1,1,18,34.05628005104101,0
singapore-queenstown,1c274f5d-d87d-4241-9d1b-2c1c8928d027,89.96354383329829,98.8015557334057,8.838011900107414,1,1,7,12.692774346249278,0
singapore-queenstown,1a739bc5-ae21-4872-a3e4-ba75a7b6bd04,-2.995578839834967,-3.3843784423708847,0.3887996025359175,1,1,8,15.350287098548545,0
singapore-queenstown,65abe001-c77d-49cd-91e8-be004e61e0c1,-94.72441643721993,-98.85193282815113,4.127516390931209,1,1,13,25.259339887453244,0
singapore-queenstown,6432ec4e-12c3-461a-b3d6-ce764f12dd6e,-103.57679711531748,-111.61278753225226,8.035990416934771,1,1,8,15.275806769063234,0
singapore-queenstown,9938d87f-5191-4d6a-8fe9-baf50604654b,0.9936820537717234,1.105114448167991,0.11143239439626779,1,1,12,23.338319827000994,0
singapore-queenstown,2b0f4166-fa53-465d-a34f-93c328d2dd81,6.112759778562047,6.626154437880732,0.5133946593186849,1,1,9,17.65591060455364,0
singapore-queenstown,d78800aa-e34f-4e8e-be7b-b92cb9fabf44,4.1114629825392965,10.953047924047995,6.841584941508699,1,1,12,22.3445757527518,0
singapore-queenstown,983000f7-f363-4bfe-b990-9ddc12852fbc,3.7801840920684415,4.950776503482709,1.1705924114142676,1,1,3,4.505398682045223,0
singapore-queenstown,c3b98cb0-9b14-445e-84a1-d453af7e9092,14.726264172859977,14.726264172860638,6.615553737444115e-13,1,1,9,17.83731158557158,0
singapore-queenstown,0d8af726-03cb-45e2-ac0d-1375959151ef,-0.19385978160643344,-0.1938597816044742,1.9592216837815263e-12,1,1,12,22.580120566733843,0
singapore-queenstown,066cd2ae-0640-456b-99a8-12b4f0b33345,-4.202803682951406,-4.427618849073881,0.2248151661224753,1,1,22,40.23031673746469,0
singapore-queenstown,478814d6-31de-41cf-b188-86762a8d160c,-0.06828936128884827,-0.06828936128706717,1.7811106216195693e-12,1,1,6,11.528366824411666,0
singapore-queenstown,6c4312a4-c11d-4f91-9538-09390f84340a,-98.09734152494535,-103.09899548844267,5.001653963497329,1,1,14,25.9425634437488,0
singapore-queenstown,c3772809-6125-4d1d-8ded-b3aaab0efd8c,80.74430403617617,89.64143970953985,8.89713567336368,1,1,6,11.326760132669765,0
singapore-queenstown,d0ad4b7b-4cf4-4ce0-9986-7ee2a5241d3b,-89.94219501616959,-89.94234201117999,0.00014699501039272102,1,1,16,30.385714831352196,0
singapore-queenstown,6b4bb053-7a5b-4ba8-bc34-c08f31d0f6c7,23.45647562752893,28.125865917880542,4.66939029035161,1,1,4,6.260212042843715,0
singapore-queenstown,5ea084e1-f405-44e6-b0b2-f54ac9f958cb,-6.437646111989225,-6.785864685273856,0.3482185732846312,1,1,12,23.984334345486925,0
singapore-queenstown,82caf46c-74bd-4e82-8f9d-bc37fff57c7b,82.48225051706746,86.36629285505225,3.884042337984789,1,1,13,24.541202397230723,0
singapore-queenstown,75bab171-3039-4446-a9cf-8ae4939c8798,76.04317143920916,88.24399368204506,12.200822242835908,1,1,6,10.502679512870937,0
singapore-queenstown,f28ab7e3-559f-42d1-a22d-30923cce6668,15.333896484073907,15.333896484069989,3.9184433675630525e-12,1,1,7,11.993409532047771,0
singapore-queenstown,e138c663-5b93-4d4f-8cf4-379f5866c0f6,0.03805449646673647,0.07430321036851502,0.036248713901778556,1,1,13,24.175794168562554,0
singapore-queenstown,11d52a38-0f47-4276-bd21-f2a14ed81479,0.32485035810564616,0.32485035809549384,1.0152330543231546e-11,1,1,7,12.012925233018441,0
singapore-queenstown,2bd3399d-7765-438d-8c54-ddca82e6eac9,-38.84703083643559,-44.44989346225209,5.6028626258165,1,1,11,20.810384085038304,0
singapore-queenstown,23bea441-3491-403a-ab49-eea4955f5e52,-63.833584944025446,-69.99425066951443,6.1606657254889825,1,1,8,15.423098599540339,0
singapore-queenstown,97cbd002-cdd4-4b47-ba5f-ff58a21abc78,-5.73676752867105,-5.9129286458402674,0.17616111716921695,1,1,16,29.639328366608712,0
singapore-queenstown,9eee6870-6364-4a92-aece-fcdd10d9e652,-89.11672816311312,-89.4939604200926,0.3772322569794784,1,1,15,27.519782929347794,0
singapore-queenstown,585e6630-9e9d-4098-be47-325942b718bb,-0.9282102384510078,-0.9282102384549772,3.969332242466469e-12,1,1,13,24.02718023300173,0
singapore-queenstown,d30e95f7-72fb-4758-b743-e8c6f8e8d610,66.71481471829772,72.2761467260121,5.561332007714382,1,1,9,16.155539739886667,0
singapore-queenstown,6960966c-5cd9-4791-8850-43d2639e0fb3,74.47877984013353,86.14533613801319,11.666556297879666,1,1,5,9.870176721962638,0
singapore-queenstown,f4792d0d-3e2d-4aa3-bc3c-fa0754713e6a,54.48754186733797,61.415072397434685,6.9275305300967185,1,1,6,11.511340538589812,0
singapore-queenstown,e00cf786-cc80-428d-8402-53cfb667e1b2,-57.36583952096303,-62.19491058225193,4.829071061288903,1,1,12,22.555228655663154,0
singapore-queenstown,80499437-cabd-4a6f-b89b-cae8a5fba723,-0.7479250226416492,-0.9061658350932263,0.15824081245157728,1,1,21,40.24293413115034,0
singapore-queenstown,0b567cc3-24a9-4235-ba47-4bbe2d442156,-85.7152733179475,-90.93613793237574,5.220864614428243,1,1,10,18.102535058673297,0
singapore-queenstown,6904ce07-5e0d-4ac4-8520-0e6b050075a5,-82.37407473824184,-85.68509930810954,3.311024569867693,1,1,15,28.795718424424003,0
singapore-queenstown,b9595cbc-326b-42e1-9e5f-d7a1d82367bf,95.89082813025166,110.63560357418852,14.744775443936861,1,1,6,11.320449072218741,0
singapore-queenstown,b46dc78d-b1f4-4419-be93-80a07f150540,-82.31249742597349,-90.85870646917981,8.546209043206309,1,1,8,15.618772065270122,0
singapore-queenstown,478e7521-5cad-4258-b7a3-b57e18c3aeb2,81.15240897015634,90.66861000371627,9.516201033559925,1,1,6,10.806077437288252,0
singapore-queenstown,6d947fba-b283-4d69-9afc-4333f449965a,-8.194295920340426,-8.758293291942664,0.5639973716022373,1,1,10,19.601202642847497,0
singapore-queenstown,39746b42-4d30-407b-baa6-943fa2109ba9,80.69081388994887,88.08417239229915,7.393358502350286,1,1,8,14.601536003789354,0
singapore-queenstown,b13c8dfb-6c88-4912-8f79-6e38f9ad36c9,1.4435274731666816,1.6351452369713622,0.19161776380468057,1,1,14,26.995661144834703,0
singapore-queenstown,82f4d7ff-98a8-4fc4-b84c-6e23902a809e,0.48543565126331284,0.48543565125977606,3.5367768057874305e-12,1,1,10,19.316844091920366,0
singapore-queenstown,07d6685a-65fa-482e-a07a-7921d66ef9db,-79.0007821751339,-83.26129991590894,4.2605177407750245,1,1,12,23.44208464760514,0
singapore-queenstown,22d235a8-cb02-403b-acad-23e2bfad76a0,-0.469535066084995,-0.5794318221552982,0.10989675607030326,1,1,11,21.09863994575578,0
singapore-queenstown,623370b0-d205-4bb7-aa1c-d283571b2cff,52.64325470844904,59.133217030790014,6.489962322340979,1,1,8,15.081786919512286,0
singapore-queenstown,9d487d54-7e46-4a12-be2e-a2708fb295ff,-84.78979167206161,-86.66103416191008,1.8712424898484585,1,1,15,26.71192256790172,0
singapore-queenstown,864716bb-574d-4668-8438-7972e5016444,4.570351510266168,5.287307162887492,0.7169556526213242,1,1,6,10.893628287121208,0
singapore-queenstown,e6b9cbab-5a85-4ad0-a888-f68ca1711b92,-73.404286966115,-79.97051716620454,6.566230200089563,1,1,14,26.12971596152768,0
singapore-queenstown,aea19e65-118f-40a2-81f7-363bb035bc43,-92.35255676959186,-92.35284092595016,0.00028415635831063294,1,1,26,50.384192486081005,0
singapore-queenstown,10278b5b-9e73-4dd9-81c0-56227db94c5e,-88.04042657155027,-91.1637313478326,3.1233047762823274,1,1,16,28.76138968235594,0
singapore-queenstown,7c5c08bb-f158-4933-a49a-c2403b73c09c,9.019981888624791,9.838241636900008,0.8182597482752186,1,1,7,12.770880669371452,0
singapore-queenstown,796e174e-e1bf-4f9f-ab27-acdcd6236ff4,57.54507152135755,71.64493285698126,14.099861335623705,1,1,4,7.841629461424717,0
singapore-queenstown,48c07a9f-bc50-49ca-935d-6cb8042d5cc6,-77.09778239706209,-82.53223182641673,5.434449429354656,1,1,9,16.3325940751748,0
singapore-queenstown,282d0d56-3b32-4169-b555-79775e01e827,-87.68548346045691,-92.28960543145527,4.604121970998362,1,1,11,21.73093262483728,0
singapore-queenstown,8c7efa64-d96c-4b49-9b23-10a73adee66c,0.704674870920821,0.7046748709167499,4.0711099922733015e-12,1,1,14,27.827395821147963,0
singapore-queenstown,71b0a5a4-bdbf-4ef8-bb90-5e8e3ed9c8e0,64.31585016016855,78.53265089415916,14.216800733990597,1,1,5,9.094240613003565,0
singapore-queenstown,c4ba82d8-e3e8-49f4-ae23-3e53a6ff9d81,0.4451679908677629,0.4451679908747092,6.94633142431632e-12,1,1,11,20.61046744321329,0
singapore-queenstown,aa8ea752-50a6-4d0a-b24c-26cefb982d16,-93.31048851578734,-98.60944918254164,5.298960666754294,1,1,12,22.94994319488507,0
singapore-queenstown,e3c05666-be48-4b09-9a95-9fbf5481c6c7,-6.4512286110219845,-6.723113601132884,0.2718849901108989,1,1,20,36.673297948511504,0
singapore-queenstown,06ce06e0-bedd-4848-a0bf-46f067ef64d7,-11.30987409081567,-12.163318343870882,0.8534442530552129,1,1,16,29.989249577315384,0
singapore-queenstown,b6175c4e-2ca2-45f3-950a-92162a82df2f,0.0876098761500246,0.08760987614821804,1.8065550590712775e-12,1,1,8,14.944043065707945,0
singapore-queenstown,4fbe356f-a4c2-4fbb-a40a-9fb16b8c959a,2.1400867191715323,2.223647528913809,0.08356080974227674,1,1,16,31.36850399732343,0
singapore-queenstown,3455e12d-5cf6-482c-9ac9-e97f7b8d139e,-113.25200284209096,-120.03485996990726,6.7828571278163,1,1,23,45.443470094250486,0
singapore-queenstown,5ec101c6-071e-4db5-8c25-2dd245fd0dd2,54.454463593110994,60.053348233096884,5.598884639985892,1,1,7,12.437512768320397,0
singapore-queenstown,df111a02-6e6a-468b-b7e3-ce2e60926043,-87.72986929171171,-95.80705091756164,8.077181625849937,1,1,8,14.17258306991982,0
singapore-queenstown,9f21880a-37db-41cd-8eb2-8442be5d1a72,89.02683246234996,97.29995495452978,8.273122492179818,1,1,7,12.893913332685566,0
singapore-queenstown,92ab71de-3420-4ed5-83da-9f61b57e802b,-1.284949204855149,-1.2849492048398823,1.526666247102488e-11,1,1,12,23.379538347306813,0
singapore-queenstown,440aed54-3de5-43c9-9785-e67c8e4886bc,-86.32386510562637,-90.80087908431881,4.477013978692447,1,1,12,22.24181999075991,0
singapore-queenstown,1edda7a6-0e8f-4d97-a964-3f26dda19ecb,81.62467266796057,87.60323113222071,5.978558464260154,1,1,9,17.63185844942687,0
singapore-queenstown,374781e0-7d90-489b-8ec8-2c4d6083c8a5,-6.3927113549512935,-6.720501110877073,0.32778975592577986,1,1,14,27.637705490376973,0
singapore-queenstown,c87eb16a-b9d2-4287-a5b0-e1e49c617f2a,-7.024848719853165,-7.024848719854463,1.297666310037115e-12,1,1,12,22.225139795225065,0
singapore-queenstown,24bd8a13-38a5-4c80-b2fb-b632d5380684,-75.08607806660808,-78.38232365258455,3.296245585976474,1,1,13,24.04387680779425,0
singapore-queenstown,7df184ad-c4d9-470e-b843-1cc3b0b6b110,19.866808943835718,22.16081695778294,2.294008013947222,1,1,11,20.443464875469232,0
singapore-queenstown,ea2c9bd3-dac3-4332-9c46-4f2bc6da7c48,-1.291814748701064,-1.3545119581747354,0.0626972094736712,1,1,12,23.07557745534274,0
singapore-queenstown,34fe6eaa-7f0a-4010-babd-e035984172fc,-140.13635744150417,-145.32541073611412,5.189053294609949,1,1,15,28.803531143491345,0
singapore-queenstown,85931b75-32d4-414a-a783-7d2fdc1cfa60,-0.0959537099209457,-0.159959631697681,0.06400592177673528,1,1,6,11.724028783220815,0
singapore-queenstown,be71481d-5dee-4368-a78c-f3f039e0d73b,80.6528982483842,89.76905621555072,9.116157967166515,1,1,6,10.587561014504876,0
singapore-queenstown,38e32665-3a1f-4401-9382-af89e199e30d,71.86213874917804,79.29325268779596,7.431113938617914,1,1,8,14.78517196045984,0
singapore-queenstown,5bd72a99-9b35-4a39-bb85-c949ff8cffdf,0.5061398072409293,0.7145103021050655,0.20837049486413614,1,1,4,7.994666880268102,0
singapore-queenstown,40f7cc58-c53a-4569-a551-9d2778f03c31,49.046567240920446,54.77727287623076,5.730705635310316,1,1,12,23.3260500601034,0
singapore-queenstown,9a12ad88-2cca-4e6c-86a0-b4682edbafea,-19.364183004836676,-19.36418300483721,5.343331864858708e-13,1,1,8,14.698480934682346,0
singapore-queenstown,a68af9b2-8738-49e7-9d57-fff3c651f429,-5.907538052780311,-6.30632207698838,0.3987840242080683,1,1,18,32.34208730773321,0
singapore-queenstown,369f59cb-b769-4987-9c44-ff8d748b0159,6.268335563866518,6.792003416156895,0.5236678522903773,1,1,15,26.979123714369344,0
singapore-queenstown,f1ecb720-66d3-465d-8c58-2c90f45b0cda,-1.6328728145456088,-1.73882398598528,0.10595117143967128,1,1,11,21.269876904817135,0
singapore-queenstown,04ea441d-32ca-4449-ab1c-617cbb851925,-171.12807338675793,175.81347392936985,13.05845268387222,1,1,11,21.105388366218463,0
singapore-queenstown,e21e41a2-4358-405a-9413-d0af14e2d8d8,0.6562129528903085,1.1346417149679409,0.47842876207763246,1,1,6,11.063038034695573,0
singapore-queenstown,e180ee75-5367-44d9-b999-557180ea1990,1.9786339831955746,2.0606112285396194,0.08197724534404488,1,1,15,28.532616705155867,0
singapore-queenstown,7aa378bf-16f5-4e22-89aa-1dfe746080ea,13.233525317650862,13.841298965548308,0.607773647897447,1,1,27,50.0704221310674,0
singapore-queenstown,91ff831f-e150-4214-ae43-24f949901ca6,-1.9689656301420617,-2.1342226679407794,0.16525703779871775,1,1,8,15.99258966652769,0
singapore-queenstown,37683251-bd15-4bca-9c9f-121c6588309c,8.295038615794281,8.994122250012731,0.69908363421845,1,1,16,30.24692827574926,0
singapore-queenstown,c0a47b93-a0aa-48f5-b715-b1fade6ed808,33.278615774654,37.44332190741781,4.164706132763811,1,1,12,23.235217982193603,0
singapore-queenstown,4afe09db-34a7-4f76-941d-4d6cd4104669,2.589529341007559,3.3140586296662042,0.7245292886586453,1,1,16,29.692694473465007,0
singapore-queenstown,9f068e00-9625-4270-aca0-15fcc54b117e,-82.32612834025073,-88.00222991265264,5.676101572401913,1,1,9,17.35914387653991,0
singapore-queenstown,37a6326e-330c-4721-89c4-94ce97a6a098,-11.426152811752898,-11.779772379205799,0.353619567452901,1,1,16,28.296911749598124,0
singapore-queenstown,a8f25972-2cc7-4267-93bd-218c3dea9e62,81.85018747755352,89.4899972488813,7.639809771327782,1,1,7,12.546359533015552,0
singapore-queenstown,981b3df7-2398-4915-a993-2ab4df1715c8,76.94536706127242,85.11227545779674,8.16690839652432,1,1,7,13.704354013770295,0
singapore-queenstown,f575b615-7f1f-47f6-95d6-62ee044c9ec4,45.3694125740866,50.712834933916305,5.343422359829706,1,1,6,11.765214707565544,0
singapore-queenstown,f42beacf-3ebc-4c43-9545-35391d948cbb,64.6666922279472,68.07830438084099,3.411612152893797,1,1,11,20.143395508087927,0
singapore-queenstown,d20a1723-745d-48d9-b79e-dbb61b64a135,-28.854529473739404,-28.8545294737379,1.50122180965078e-12,1,1,13,24.505310414811966,0
singapore-queenstown,6fd59f74-7f49-4e2d-9521-734adbe24e4e,-90.35829936233993,-96.24015481216163,5.881855449821698,1,1,11,21.102126824661422,0
singapore-queenstown,c3185593-92a7-4b9f-b317-a9860f0895a1,68.39030390749613,76.12251900057669,7.732215093080543,1,1,6,11.334480936622114,0
singapore-queenstown,b60d8f86-27b8-4ae3-a151-8e0d89fdec91,-89.15584948992773,-98.62013716378831,9.464287673860586,1,1,15,28.205300008513184,0
singapore-queenstown,cea32529-4269-4a4c-8213-eecf13d92839,-9.876327335681239,-10.602124313074748,0.7257969773935099,1,1,18,33.77728012656341,0
singapore-queenstown,48316371-42ca-4245-ba92-03fedc476b3a,-0.32039842151486797,-0.43050705710425724,0.1101086355893893,1,1,25,48.04390648803064,0
singapore-queenstown,7cdcc4fb-a388-4f7b-b071-7e9d1cef1cac,0.20651934529217483,0.2065193452916914,4.834443115824545e-13,1,1,10,19.45503166315681,0
singapore-queenstown,5ed0082a-08e5-4539-bec8-17199e7b2456,21.833321317109743,24.07686052037267,2.243539203262926,1,1,7,13.748982447144368,0
singapore-queenstown,3c916494-bdc9-4534-be41-ffb042a5f1ab,-15.239840964410943,-15.764689145916677,0.5248481815057342,1,1,21,41.58240969402365,0
singapore-queenstown,25a4d0ce-8c59-4073-93a7-35490cd96b79,0.001636134450906912,0.0177194138263585,0.016083279375451585,1,1,8,14.07023311423427,0
singapore-queenstown,66713bb3-a2da-4391-b2d7-7196afc683ae,9.785668512096093,9.936396076048732,0.15072756395263903,1,1,14,25.851992090628364,0
singapore-queenstown,dcb27088-7f37-48f6-99dc-019bb51b7092,77.36926431177422,87.32087652842083,9.951612216646616,1,1,7,13.71371688507323,0
singapore-queenstown,88f4df67-5095-4f2a-b255-d1ff27e4ac9b,-84.04491992604913,-91.24134075136516,7.19642082531603,1,1,9,17.475495152801148,0
singapore-queenstown,790942c2-90ec-47fa-b21c-d8fc4738b7c3,73.35025399852982,86.11943017994751,12.769176181417688,1,1,6,11.608174738617139,0
singapore-queenstown,8b8c59b2-cda1-4bce-bb50-ddcddfdf6a2a,-85.34506958857783,-91.72590173198017,6.3808321434023485,1,1,14,26.943683806462246,0
singapore-queenstown,945de56a-05c4-4a6e-b39e-7f632e429654,61.80030595569539,68.59295191740611,6.792645961710717,1,1,6,10.147860220993733,0
singapore-queenstown,a4b200ea-80ad-42b1-a288-3bdf1bb557f5,-70.85636342767384,-75.22221093351797,4.365847505844143,1,1,15,27.669477316697154,0
singapore-queenstown,1be5c91b-7ad3-4fba-95e1-20031772254b,-86.52128727946922,-87.27354496114488,0.7522576816756619,1,1,27,50.09986254431991,0
singapore-queenstown,f6b5d105-9c8b-4683-89b1-329ba45bc452,-81.6377046632135,-93.19850022441412,11.560795561200612,1,1,12,21.020498655682754,0
singapore-queenstown,7b237bf3-a7fb-421f-8549-8931d7d05382,57.1394551865799,62.614196417261475,5.47474123068157,1,1,14,25.097429629409202,0
singapore-queenstown,cd7a0851-fb4a-44bd-8890-fce8757c5c47,-0.5195349361484175,-0.6325183512401734,0.11298341509175598,1,1,12,23.66316566324523,0
singapore-queenstown,d85fafd7-2e41-4633-8a0c-6b082a74308c,78.99939193588588,87.17515786044164,8.175765924555769,1,1,7,13.3179531929958,0
singapore-queenstown,4824ff63-fdb7-4290-a235-1fbfdf739b12,-153.943353149809,-171.07048196598717,17.12712881617816,1,1,9,16.891928170355772,0
singapore-queenstown,ad3240eb-2ff6-4147-b9bb-bf92e9910ed7,40.772210088944384,44.34329210524135,3.571082016296969,1,1,15,27.532149773360477,0
singapore-queenstown,c624c30e-c4fd-48bb-a69e-36e3467114db,83.65820395649293,100.31786895401851,16.659664997525585,1,1,6,10.317886544162162,0
singapore-queenstown,30bad0d4-72b8-42ed-bead-7523ac45a0fa,-75.35959015012192,-77.16664702964496,1.8070568795230375,1,1,19,36.72858167876337,0
singapore-queenstown,03457870-fec6-463e-b666-95dc06345a57,-1.1360904527543407,-1.229032873896674,0.09294242114233323,1,1,8,14.12084133646334,0
singapore-queenstown,4e460e67-711d-4bf4-b8b1-025780083b66,0.42294565029268916,0.5741514880460312,0.15120583775334212,1,1,12,22.907061116937257,0
singapore-queenstown,13e8c3c4-4234-4d93-97a5-185f53bb16d5,-2.4264613540324804,-2.5751918175699364,0.14873046353745592,1,1,13,25.336707065797956,0
singapore-queenstown,316dddad-aebd-4800-a553-e7948616f237,48.418934505842,59.97317297941442,11.554238473572413,1,1,4,7.80759748004372,0
singapore-queenstown,12c99083-f6b3-4979-b512-821a854e04e2,0.38567945806339804,0.38567945806220216,1.1958885602302823e-12,1,1,18,35.68434263909777,0
singapore-queenstown,2b59033d-2f95-4034-99fb-f5949aef4cae,83.45682385324336,89.77823309946142,6.321409246218048,1,1,10,19.004993940539052,0
singapore-queenstown,ae43c159-29a9-43cd-a080-6c1c4761ae9a,-2.99157566012411,-3.168605272541921,0.17702961241781082,1,1,15,28.81141920580138,0
singapore-queenstown,a1e027c6-5116-4bff-94e9-c8b4ec27afe9,81.98484940803763,87.49874026935818,5.513890861320544,1,1,9,16.145954317126186,0
singapore-queenstown,674bef49-14b1-4acb-8b04-6a3901dde77a,-14.206776991159646,-14.744853367638715,0.5380763764790694,1,1,16,31.029967955621892,0
singapore-queenstown,6e1d04cf-83af-44a0-bf01-65539872606d,-0.15062423854754498,-0.17149633542699777,0.020872096879452802,1,1,11,21.515525719143486,0
singapore-queenstown,1b153b4a-a1e7-4fe5-86f9-cca41ccbd5ad,-0.10043487240030262,-0.21000553000433106,0.10957065760402843,1,1,6,11.54710453295166,0
singapore-queenstown,716454bb-9a7f-49bf-99fb-5ac5dda99a55,-0.23648589920268406,-0.32275448493604725,0.0862685857333632,1,1,7,12.367234455547353,0
singapore-queenstown,b4ee21a1-605c-45c8-be45-cb4f95b4c306,-8.095752269138641,-15.216936742847162,7.121184473708522,1,1,10,19.821044639862638,0
singapore-queenstown,4072d19f-902a-4419-b51b-b17f022260de,-81.77538145392323,-87.94691319642736,6.171531742504125,1,1,10,18.35584554876274,0
singapore-queenstown,0f848a32-c14a-4e38-9995-b021eae6ee46,-90.61332436940751,-90.72540703842961,0.11208266902210165,1,1,17,31.891891686991805,0
singapore-queenstown,0311e403-73ef-47fe-b428-011f83a1a00e,36.65495493919208,39.57049445150976,2.915539512317683,1,1,10,19.824707586832314,0
singapore-queenstown,7af4eb34-592e-4e05-bd47-dd82fff4a56d,-0.006736731487292033,-0.006736731487495588,2.0355549961366507e-13,1,1,16,30.382172002342422,0
singapore-queenstown,d32379ca-797e-4fd3-b7e2-15e65b277b21,104.68019014174698,114.14580238555072,9.465612243803738,1,1,7,13.438109219405531,0
singapore-queenstown,0108907a-5390-48a5-8843-fe976d4a7809,-179.30407816043038,-179.30438677849116,0.00030861806077608667,1,1,16,28.488430784072968,0
singapore-queenstown,26489946-326c-4801-9477-0f5e95b9f568,-124.30815191396286,-125.53196719170276,1.2238152777398985,1,1,11,21.653289940626777,0
singapore-queenstown,481edf59-81b0-42bd-a382-832c76be21b4,-86.38863597964725,-94.87347004511291,8.484834065465675,1,1,7,13.534280884133207,0
singapore-queenstown,da36101d-e04e-4827-8b64-47161464dbcc,74.49620041730383,85.31240158846235,10.816201171158527,1,1,6,11.176337540968905,0
singapore-queenstown,30a639b0-3012-4362-a43f-c0931d71cf7f,-54.35864154488634,-61.01260156372228,6.653960018835935,1,1,6,10.219254181422144,0
singapore-queenstown,5da63c67-544c-4650-b615-7ed0776134c6,-87.18299386759395,-91.80726733599151,4.624273468397559,1,1,11,20.06674416079534,0
singapore-queenstown,bc5d71dd-3d2f-483a-a5cf-d11f29532f37,-42.71413061676534,-45.01905052318644,2.304919906421108,1,1,18,33.354787631806516,0
singapore-queenstown,962eb6c8-81a5-475a-aa84-8b6f1a97fdba,20.078368129456724,21.300049236031573,1.2216811065748465,1,1,13,24.908050081299525,0
singapore-queenstown,4cc7bf18-750e-4dd1-85ba-2eb94fe9b811,1.1540953451231473,1.1540953451169897,6.157553863313368e-12,1,1,4,7.553508794341423,0
singapore-queenstown,2f963bc0-1ae0-4cca-963d-b0974774bc75,0.3931198130015492,0.39311981300404275,2.493554870267397e-12,1,1,6,11.450638681647415,0
singapore-queenstown,c9be712d-8ec5-47cc-80b7-e37cfca7a2c5,31.53933896649215,34.09668118879111,2.5573422222989586,1,1,9,17.089401747629296,0
singapore-queenstown,6ec81aba-46e6-45af-9e1e-95451e20eacd,0.45319827869083346,0.453198278690808,2.5444437451708134e-14,1,1,5,9.524249935071044,0
singapore-queenstown,ac179934-2ebc-45e8-8c24-b75d01a262ac,-86.5686825480177,-91.27117992130061,4.702497373282913,1,1,13,24.854782745783332,0
singapore-queenstown,bcb160fe-187f-4ba9-a4e3-aaf7cba9d78a,-6.7198482681224885,-6.91529100616601,0.19544273804352083,1,1,19,36.82987786312626,0
singapore-queenstown,067836c0-952e-4beb-8d28-0fa2c2d694dd,-80.43838362411981,-85.67836850579874,5.239984881678935,1,1,12,22.50992797142523,0
singapore-queenstown,9519c0fc-5b45-4bb2-afb2-4e4d098a556d,6.504797934777528,6.708713409143338,0.2039154743658099,1,1,16,29.84962502412327,0
singapore-queenstown,ba90da6f-b07a-4f16-a6ba-8b2b13704547,-96.43839688175638,-100.52917322912593,4.0907763473695615,1,1,14,27.563244064216324,0
singapore-queenstown,e88d4297-8c30-4e4a-ad9c-00b2d0f5806d,71.83565171278504,77.37576913587402,5.540117423088978,1,1,9,17.448288816711525,0
singapore-queenstown,866d9264-1a0e-40c6-bfb3-810e9ca43433,-2.570955838829088,-2.8624791884773866,0.29152334964829846,1,1,12,23.8693357055618,0
singapore-queenstown,6b4a591e-9e86-48d3-aa51-516ee1c1af8b,-1.24026891570527,-1.2402689157194935,1.4223440535504847e-11,1,1,12,22.868089788093634,0
singapore-queenstown,2585381c-30e5-4c65-a505-e6a5991f4ce3,0.5806772835964682,0.6699262233577822,0.08924893976131405,1,1,8,15.81741221710243,0
singapore-queenstown,9137be73-06ff-49f7-bd00-24f46019a439,0.6699287751245129,0.6699287751340799,9.567108481842258e-12,1,1,8,15.860942566608832,0
singapore-queenstown,faa7878e-46d9-4589-b4df-494885592b0a,0.12359505448151144,0.12359505448375054,2.2391104957503156e-12,1,1,7,12.452124628919137,0
singapore-queenstown,8d85dce9-ac25-4aa9-983a-095c1449bb38,-1.3535013342203384,-1.35350133422044,1.0177774980683254e-13,1,1,8,15.28706623219948,0
singapore-queenstown,12773436-da7d-46fa-bb7f-695504d739d8,0.12359729003881871,0.12359729004897105,1.0152330543231546e-11,1,1,7,12.459846106964159,0
singapore-queenstown,550f4067-8eef-47ca-82d2-da581d5f1f36,-1.3535014251394708,-1.3535014251336441,5.826776176441163e-12,1,1,8,15.201611513710944,0
singapore-queenstown,5f7d2f88-2b1a-4fc3-8916-a99a7fa80b09,82.3036414085658,91.7746256923727,9.470984283806892,1,1,6,11.666146278741937,0
singapore-queenstown,54993ae4-394a-4ccc-9859-e3f2b56830ec,73.54049243214178,80.2846386771745,6.744146245032726,1,1,7,11.99924375531186,0
singapore-queenstown,848d6b51-e74d-48d2-ac8b-75051fe3d21a,56.22403658159037,68.18461943559839,11.96058285400802,1,1,5,9.341926654996366,0
singapore-queenstown,fd8f4f3e-61c9-4266-8dfb-9dd492e97b92,0.6699260279352154,0.6699260279334343,1.7811106216195693e-12,1,1,9,16.26366436717136,0
singapore-queenstown,50951189-e80a-41fd-92b4-0717c90ad831,0.12359748527436895,0.12359748527495416,5.852220613892871e-13,1,1,7,12.981680849373106,0
singapore-queenstown,689c805f-b5c0-4d7d-8bda-24c6e35a9a78,6.918543181589436,7.7205441016839025,0.8020009200944666,1,1,8,14.95525066576759,0
singapore-queenstown,0d96cee9-bed2-49bd-b8a2-1e9a944c65d9,7.961972021060233,7.961972021059521,7.124442486478278e-13,1,1,8,15.301070942203799,0
singapore-queenstown,fb4a4dc6-6d43-4fc2-94c7-efad9da133c6,2.8270220987147052,3.1199560006890237,0.2929339019743182,1,1,8,15.128992651191805,0
singapore-queenstown,756876c4-8be3-4136-9791-dbc197f7fbf1,22.35120096312844,31.097048296003315,8.745847332874874,1,1,5,9.052119141397624,0
singapore-queenstown,03a7a5ec-71d5-4c51-a307-01b63d019734,-6.918714516828819,-7.2283450752610365,0.3096305584322174,1,1,17,32.361672592921906,0
singapore-queenstown,cc2fd623-4244-4d9e-9226-8334ba06a372,-3.368140465473204,-3.3681404654725675,6.361109362927034e-13,1,1,19,37.711616715865354,0
singapore-queenstown,80bea845-fdfa-4652-97cf-02192d23517b,-12.85305357580757,-13.720042969753921,0.8669893939463519,1,1,16,31.4305144559645,0
singapore-queenstown,489f2040-170d-4d43-8c49-ca22a2453bb6,-11.422276645098796,-11.791275365228191,0.3689987201293946,1,1,18,34.20801437258789,0
singapore-queenstown,2e9b2072-3ae3-4230-a9d3-44f486d2d83d,6.404227750482849,6.906580122972627,0.5023523724897779,1,1,16,31.922259697118754,0
singapore-queenstown,04b856a0-458e-49d6-acd0-58bb97c352c5,8.076083082084583,8.07608308208499,4.0711099922733015e-13,1,1,8,15.084881005573571,0
singapore-queenstown,4b5b042e-6b91-4f7a-9875-182b742e0a80,-8.423423840495628,-8.423423840492015,3.613110118142555e-12,1,1,5,8.91752382830322,0
singapore-queenstown,d0a9024d-11ac-4b81-84c0-4d31c20937b8,-8.343380585390525,-13.75693389779613,5.413553312405605,1,1,5,8.471706385216452,0
singapore-queenstown,1103a87e-36f5-4e85-9647-b7afc551cc11,6.366357897903927,11.89902441289936,5.532666514995434,1,1,3,5.347523643572847,0
singapore-queenstown,409cc677-0439-4b67-8180-1c1ebc4c6da1,8.423424668753897,8.423424668753846,5.088887490341627e-14,1,1,5,8.280543659951512,0
singapore-queenstown,437eed6c-4796-425b-b07a-2ba9e32fbfda,-38.633662263873696,-43.04568849300098,4.412026229127288,1,1,6,11.044983445121616,0
singapore-queenstown,29468be0-65d3-4de1-a6f6-0a9db8890da3,-32.19260262006085,-46.70372436582978,14.511121745768923,1,1,4,7.746920840729363,0
singapore-queenstown,ab59177b-6497-4d64-823b-66d354ae865a,-36.58883444135136,-42.44679611323554,5.8579616718841825,1,1,6,10.791033199520307,0
singapore-queenstown,c6978ceb-9385-4482-9da1-4d62195c9779,-31.25445241524168,-42.44680046137831,11.192348046136631,1,1,5,9.409979252695617,0
singapore-queenstown,a23c3756-a706-491d-a4e6-ac37bfaf065f,3.3477871117301103,3.6067736320498187,0.25898652031970815,1,1,8,14.717080668220946,0
singapore-queenstown,a88781ec-da34-4974-8dfd-c4ee978ecb00,-5.756712549836379,-5.75671254983381,2.5698881826225217e-12,1,1,9,16.380069960606335,0
singapore-queenstown,b7e11c31-36ee-439a-af75-2dfb9c7aadff,76.40946848955359,84.9022527878749,8.492784298321318,1,1,6,10.081166471601755,0
singapore-queenstown,12f83ad5-6abe-4cf0-8c31-5e1446bd4f55,-81.8791006444747,-90.87881664907079,8.999716004596076,1,1,6,10.372895956105953,0
singapore-queenstown,fed17876-6306-47e0-8a7e-40833527e3cb,68.76816672155786,80.69775705732705,11.929590335769202,1,1,5,8.593026641686512,0
singapore-queenstown,ed73c415-930a-4862-be98-3d619cc6aaf5,52.29513561275653,69.12623742547275,16.83110181271622,1,1,4,6.025447577593402,0
singapore-queenstown,f7ee8fad-5176-4f08-9445-21c9775c0359,-75.81077789872573,-85.19330748548802,9.382529586762292,1,1,6,10.407133098999454,0
singapore-queenstown,04b4b270-25ed-42ee-9c1c-d5095f4bd632,-19.442747725349395,-25.68045140825677,6.237703682907374,1,1,3,5.940052443563255,0
singapore-queenstown,f620116d-32c8-4314-9d9d-3d3988c7ddac,20.546206158160338,28.104482115095948,7.558275956935611,1,1,4,7.2481318680232505,0
singapore-queenstown,9edaa059-d9f2-4f47-b77c-81590b2b8fba,3.361252138770001,3.3612521387735126,3.5113323683357224e-12,1,1,5,8.33075180171171,0
singapore-queenstown,d762ec3e-c6d7-49b2-937d-c1e03c8bfd66,2.7863184295170402,3.3148053260421357,0.5284868965250957,1,1,5,9.01367835021032,0
singapore-queenstown,f1a0f3ff-21f9-498c-bb53-160a1c19abec,-81.17067412932528,-92.57494856576513,11.404274436439843,1,1,5,9.339056211493988,0
singapore-queenstown,f3bc31d0-f681-46cb-8379-a93354c25d88,62.82092518601724,82.37236829879231,19.551443112775075,1,1,4,6.628842581036981,0
singapore-queenstown,e2c2b2bf-9ffa-40de-80aa-92331e27873e,81.3071801049849,90.26630053610174,8.959120431116842,1,1,6,11.089198527059727,0
singapore-queenstown,36b62b19-248e-46f7-8b0b-0e03455c0a78,-83.92189112279073,-90.67941539015109,6.75752426736037,1,1,9,16.10523320510255,0
singapore-queenstown,3a58379c-5a38-4cbf-9b6d-9036f7dcd1d2,74.61559003355583,85.65035003154289,11.034759997987058,1,1,5,9.509368589810192,0
singapore-queenstown,74e7576e-eee5-4bcd-8638-4024317fc659,-77.84752945320066,-84.0404478603206,6.192918407119938,1,1,9,17.061467023125793,0
singapore-queenstown,84afdef1-85e4-4985-af6c-25ad8be94247,-0.5838424057362774,-0.5838424057366337,3.562221243239139e-13,1,1,3,5.74107948854316,0
singapore-queenstown,470acf4d-dca0-4c19-b9b8-970c4dd91ede,0.5114106389404814,0.5220879082751235,0.010677269334641998,1,1,2,3.5494922390667716,0
singapore-queenstown,8957d157-d8da-4468-b808-b5c663d52c2e,2.0912547487006576,2.539809557363586,0.4485548086629282,1,1,4,7.61619269244334,0
singapore-queenstown,5ec0e016-b24b-42e9-a253-1d1e7e621b26,-1.7494673151412377,-1.9152229182745273,0.16575560313328946,1,1,7,12.244146092322326,0
singapore-queenstown,56b5c7fb-b7e8-4d41-84c6-0040ec1b6c58,74.33960066270231,89.03408489469916,14.694484231996856,1,1,5,9.681643301596482,0
singapore-queenstown,8a5d55ff-a3d5-4347-911d-5507377d671c,-11.200032409290559,-13.400734945150456,2.200702535859896,1,1,16,29.761160805550634,0
singapore-queenstown,c0b17965-23b9-4b53-8352-edbd175c0298,-13.45604568841461,-14.38163917136774,0.9255934829531294,1,1,15,29.41232368160601,0
singapore-queenstown,d219a627-9044-4aaa-9fe8-dc4a0b1982eb,-10.966284898975427,-12.215107537873418,1.24882263889799,1,1,16,30.416720329294233,0
singapore-queenstown,27bbe219-5d24-4a11-b6f4-9005be161ff3,45.691734062879995,60.25143817162559,14.559704108745592,1,1,4,6.2955838839051355,0
singapore-queenstown,a968f35d-a35b-4e88-95d1-97e06c257caf,26.700254413453973,26.700254413454253,2.7988881196878945e-13,1,1,4,7.710553311773019,0
singapore-queenstown,661091be-bb71-448a-bcf7-b791fa186fb6,-66.15979135863107,-81.54202445482,15.38223309618894,1,1,4,6.9055702784995,0
singapore-queenstown,ceac2055-de87-4f6c-92af-f4c8a0351f99,52.84600350580001,66.15315177427959,13.307148268479583,1,1,4,7.34459392360157,0
singapore-queenstown,3c581ef7-0086-45be-987c-eda21f24f310,12.453565670012102,14.201969720225547,1.7484040502134448,1,1,5,8.050097338357581,0
singapore-queenstown,f94f383d-40c8-404a-9d52-edaa63983db2,-24.383431197666933,-27.37645801206984,2.9930268144029064,1,1,6,11.527652683856253,0
singapore-queenstown,7a65e4a1-9f4f-48b0-b998-72787ab75b41,71.36247346648261,86.47039044785139,15.107916981368778,1,1,4,7.620750025903651,0
singapore-queenstown,7ac72ed5-8a8d-4cee-b06a-5c6675c8c552,-67.41953369296363,-75.81397830907879,8.394444616115173,1,1,6,10.027536704352473,0
singapore-queenstown,63446d2d-4d95-48ac-9570-36536d2abf0a,-80.79304822787064,-89.98405173649488,9.191003508624238,1,1,6,10.296112811563715,0
