Group,Weighting,Layer,Head,TargetCount,EdgeCount,GateMean,A_MeanAbsBase,A_MeanAbsRawBias,A_NormalizedInteraction,F_MeanAbsBase,F_MeanAbsRawBias,F_MeanAbsEffectiveBias,F_NormalizedInteraction,RawAmplification,EffectiveRetention,CompensationIndex,ExpectedRetentionWithoutCompensation,NormalizedInteractionRetention,A_AttentionL1Shift,F_AttentionL1Shift,AttentionShiftRetention,A_TopNeighborSwitchRate,F_TopNeighborSwitchRate,DeltaSwitchRate,A_EntropyBase,A_EntropyFinal,F_EntropyBase,F_EntropyFinal,A_DeltaEntropy,F_DeltaEntropy
Overall,EdgeWeighted,1,1,54972,1803580,0.20515883392387446,18.231153543863435,6.548346404379413,0.3591844248929452,9.82078893096435,1.3799108611506843,0.28168881954229275,0.028682911447909843,0.21072661307602164,0.043016786485781604,0.2096755161173713,0.20515883392387446,0.0798556637245675,0.3551844774674723,0.05570934890786783,0.15684623308040635,0.19817751361181649,0.03356490979052773,-0.16461260382128876,0.9273849838703297,0.8324574285867797,1.4017069593857807,1.3948901892434418,-0.09492755528355001,-0.006816770142338946
Overall,EdgeWeighted,1,2,54972,1803580,0.20515883392387446,10.054505295343901,10.548038548903643,1.049085780808871,7.148399811164121,3.2210378825259167,0.6577349408699494,0.09201149310683589,0.305368421298292,0.06235613732325169,0.30394077160226807,0.20515883392387446,0.08770635720448827,0.7665140391243257,0.1405304197466804,0.1833370437335414,0.4239889553000144,0.09203805764091418,-0.33195089765910024,1.5384283536369885,1.364433662561263,1.4874325607249717,1.471746933761628,-0.17399469107572552,-0.015685626963343635
Overall,EdgeWeighted,1,3,54972,1803580,0.20515883392387446,7.658380266170851,17.79424437824591,2.323499713589952,30.739173098366134,1.2807383506566923,0.2560166656197353,0.008328677701159647,0.07197486573257875,0.014387610961938264,0.07012912866323658,0.20515883392387446,0.00358454000084464,1.32654689390876,0.02624539660276396,0.019784748300591657,0.6907916477228623,0.01419787311901884,-0.6765937746038434,1.5998114302233484,1.177276835649211,0.6872636906309963,0.6846446750965848,-0.42253459457413745,-0.002619015534411573
Overall,EdgeWeighted,1,4,54972,1803580,0.20515883392387446,9.389341890411632,16.06539144245891,1.7110242243659906,5.348670274401214,0.9162589216355158,0.18722554879600478,0.035004129781943505,0.057033090313854534,0.011653967433663044,0.05680460666851547,0.20515883392387446,0.020457997659462768,0.5638564645743058,0.04562574428385345,0.08091730137230306,0.32438871577640027,0.03254416216635802,-0.29184455361004225,1.1081253069498112,1.0006190996349504,1.5124593053930484,1.5114732732310525,-0.10750620731486071,-0.0009860321619958867
Overall,EdgeWeighted,1,5,54972,1803580,0.20515883392387446,12.201560086172533,10.31576205138724,0.845446153613025,8.166751446431883,0.1323132549010821,0.029596372036934417,0.0036240079295697457,0.012826318997443888,0.002869043688756268,0.013984499200145842,0.20515883392387446,0.004286503488385944,0.9395864856857992,0.0071467593609276184,0.00760628147993042,0.449427804699542,0.004022555140332006,-0.44540524955921,1.4486683887783434,0.8724561644516268,0.8893559347911084,0.8879562496374538,-0.5762122243267166,-0.0013996851536546284
Overall,EdgeWeighted,1,6,54972,1803580,0.20515883392387446,22.489634033068786,1.25898719086401,0.055980777119493626,4.53922184546,0.18543765501964088,0.03811483384228534,0.008396777037112415,0.14729113599596555,0.03027420280057504,0.14756469778026476,0.20515883392387446,0.14999390807401652,0.1615946267982273,0.01324304751575737,0.08195227130151046,0.1290993468545892,0.01592166690692955,-0.11317767994765966,1.5557485023145354,1.5550294494622867,1.8949299294271338,1.89467900965587,-0.0007190528522487138,-0.00025091977126368015
Overall,EdgeWeighted,1,7,54972,1803580,0.20515883392387446,6.9534910795693525,12.524572203073296,1.8011919540474992,11.254795512507549,1.3340002205008399,0.2725629792652478,0.024217497218867397,0.10651064146593324,0.021762258592811924,0.10607516681507015,0.20515883392387446,0.013445261639102427,1.2769007988819585,0.04629303704184009,0.036254215456542636,0.706884640548243,0.02847614189556327,-0.6784084986526797,1.802538728801934,1.0418837226287978,1.021863275193882,1.0221187918944352,-0.7606550061731363,0.0002555167005531267
Overall,EdgeWeighted,1,8,54972,1803580,0.20515883392387446,6.012815790436115,8.81435645228394,1.4659282347622602,6.87026613469389,1.679778568901637,0.3393707218734663,0.04939702694568424,0.1905730243710134,0.038502041904659924,0.18766942320530117,0.20515883392387446,0.03369675638775574,0.45791027485992203,0.06461519122691016,0.14110884459971543,0.3196797480566429,0.08613424411448342,-0.23354550394215948,1.7617768884317373,1.578240778862554,1.6652804117834803,1.6618968814395223,-0.1835361095691832,-0.0033835303439579967
Overall,EdgeWeighted,2,1,54972,1803580,0.20515883392387446,5.321683447485255,11.964677027180599,2.2482879943472756,6.838449943529313,1.4792853600099891,0.30112113710991745,0.044033536716095924,0.12363771754248482,0.025167510679492168,0.12267329157319067,0.20515883392387446,0.01958536300996712,0.4246729966904597,0.0971239359858334,0.22870287128144726,0.2684976546646115,0.09593253418201576,-0.17256512048259576,1.40088931811016,1.3098793958775015,1.6129241762102073,1.6030019704080085,-0.09100992223265858,-0.009922205802198825
Overall,EdgeWeighted,2,2,54972,1803580,0.20515883392387446,4.4394900516039275,8.910220530444334,2.0070369359550257,9.941245488166404,2.10577515026152,0.4294989987162292,0.043203741301373895,0.2363325509961518,0.048202959373080896,0.23495433319446332,0.20515883392387446,0.021526131538558143,1.1740955412918617,0.11618718363406809,0.09895888244038308,0.565946617283403,0.0819004424533428,-0.4840461748300602,2.675422741536437,1.5269781427345708,1.3754322931256662,1.3554546548604995,-1.1484445988018661,-0.01997763826516663
Overall,EdgeWeighted,2,3,54972,1803580,0.20515883392387446,19.270740177662198,0.8512368170191058,0.044172502391169044,8.696827075680151,1.544456423173302,0.313299864427571,0.03602461694833948,1.8143674875789144,0.3680525260222782,1.7939881068877856,0.20515883392387446,0.8155437623589078,0.03165323867924975,0.030859711105031783,0.974930296025565,0.02508954412889919,0.019948103216935208,-0.005141440911963981,1.3687356013440342,1.3565234964356125,0.9932170104503084,0.9921006776843259,-0.012212104908421617,-0.0011163327659825528
Overall,EdgeWeighted,2,4,54972,1803580,0.20515883392387446,4.207988656981056,17.26736155787864,4.10347149776589,6.588163593403082,1.2238546974028472,0.24854358536961585,0.03772577615425821,0.07087676322707606,0.014393836857621922,0.07015947537198469,0.20515883392387446,0.0091936244915705,1.3925632516454136,0.04859892810560325,0.03489890150353394,0.746668847514388,0.030381796205324964,-0.716287051309063,1.9807139240771818,1.1223795883315015,1.101357702930098,1.103629873816885,-0.8583343357456803,0.002272170886786995
Overall,EdgeWeighted,2,5,54972,1803580,0.20515883392387446,16.139803665467326,8.819159909389471,0.5464229978704567,5.106430757102334,0.34837190139193297,0.06936309644658525,0.013583479265683972,0.03950171043230724,0.007865045773133806,0.03833637206520906,0.20515883392387446,0.024858907970625344,0.437327325226695,0.018934465802257553,0.043295866224421116,0.23185719513412215,0.04330775457700795,-0.1885494405571142,0.7594050204478745,0.707720115392384,2.779055594332605,2.777416646766759,-0.051684905055490504,-0.0016389475658460384
Overall,EdgeWeighted,2,6,54972,1803580,0.20515883392387446,1.691189066326975,7.128044762585225,4.214812443128084,6.507438835662789,2.604976084604971,0.5291808040587284,0.08131936643729316,0.36545450649017025,0.0742392648954705,0.36186236710817826,0.20515883392387446,0.019293709350445908,0.5381494864189278,0.08988839390542876,0.16703238505951187,0.5608911165570698,0.05445780059659122,-0.5064333159604786,3.262532930409285,2.9068721122084145,0.9787071529454708,0.9744746726742259,-0.3556608182008705,-0.004232480271244898
Overall,EdgeWeighted,2,7,54972,1803580,0.20515883392387446,7.894853753331514,2.333570824650813,0.2955812602241387,6.916438662584291,0.6606528245077725,0.13077599424346548,0.01890799592597294,0.28310810826817273,0.05604115045559966,0.2731598081942502,0.20515883392387446,0.06396885672639219,0.08227510543818935,0.026150202677259565,0.31783854131332545,0.05619212898790184,0.018146686035551515,-0.03804544295235032,1.7605730511276667,1.743671205205349,1.5459400853988314,1.5453456203737466,-0.016901845922317804,-0.0005944650250848671
Overall,EdgeWeighted,2,8,54972,1803580,0.20515883392387446,2.823372873701685,10.320350940117084,3.655326931732168,9.151201684574831,1.5669027767368855,0.3153154780825469,0.03445618276225706,0.15182650127989192,0.03055278639327373,0.1489225899742862,0.20515883392387446,0.009426292999643184,1.270163777192758,0.014934690986754784,0.011758082805810869,0.7094761529846195,0.00859568192151166,-0.7008804710631079,2.9701940466359265,1.7607420317639195,0.6866212026306011,0.6862341714165782,-1.209452014872007,-0.00038703121402294816
Overall,EdgeWeighted,3,1,54972,1803580,0.20515883392387446,0.7475951374885473,5.695193502984008,7.6180182845170945,1.2552249089981073,2.7800027826254428,0.5644994701614974,0.4497197766055093,0.488131399975706,0.0991185758437428,0.48313089481300353,0.20515883392387446,0.05903369606360561,0.46346943212725417,0.18485338614215172,0.39884697746997694,0.37354927422127104,0.1307810022289003,-0.24276827199237075,3.231975223187407,2.9089535649155716,2.95363323161114,2.9007142111018327,-0.3230216582718355,-0.0529190205093073
Overall,EdgeWeighted,3,2,54972,1803580,0.20515883392387446,2.1236272518948813,14.388567447184823,6.7754674774452255,2.5653468289592856,0.7991889281903405,0.164544887144904,0.06414138027887756,0.05554332844937051,0.011435807465512472,0.05574123565326681,0.20515883392387446,0.009466709182463048,1.3749579502598215,0.0696198200191039,0.0506341444839143,0.7142344670045132,0.07031570543031082,-0.6439187615742024,2.4133257961517103,1.4885022778914623,2.2918618584571093,2.2813684074369056,-0.924823518260248,-0.010493451020203715
Overall,EdgeWeighted,3,3,54972,1803580,0.20515883392387446,11.805128100532306,8.539784069104922,0.7233961367590659,6.483254285198743,1.2595661790269916,0.25101631402461494,0.038717641263972674,0.14749391405678375,0.029393754186221137,0.14327315178831815,0.20515883392387446,0.05352204519948592,0.9462748747163157,0.05782434679528937,0.061107346004036195,0.5066789385555396,0.03843245101409419,-0.4682464875414454,1.8724590303974664,1.2126599404826375,1.1925662854123638,1.1826727216277217,-0.6597990899148289,-0.009893563784642012
Overall,EdgeWeighted,3,4,54972,1803580,0.20515883392387446,5.751297274348452,9.656968273261455,1.6790939149575652,3.148506928160097,0.7531712956912857,0.15330562107894224,0.04869153033168475,0.07799252038517791,0.015875129396942186,0.07737969805889898,0.20515883392387446,0.02899869364539289,1.377166977506556,0.07016013310535861,0.05094526207921072,0.7619850519522283,0.11700395879306712,-0.6449810931591612,2.3733217599359784,1.371358666371817,2.7183666576816785,2.710260556106341,-1.0019630935641615,-0.008106101575337643
Overall,EdgeWeighted,3,5,54972,1803580,0.20515883392387446,5.169335861836858,9.751054532196854,1.8863263626033144,3.9044328824812076,0.23950595130513233,0.051447317977360234,0.013176642906690156,0.024562056367205293,0.00527607734678607,0.025717035862922843,0.20515883392387446,0.006985346278388243,1.1341646150414024,0.022876425128871256,0.02017028623868088,0.6184422093835593,0.035354683462890474,-0.5830875259206688,1.9667843248638301,1.3063464083186207,1.9755969434555627,1.9736560870703508,-0.6604379165452094,-0.0019408563852119087
Overall,EdgeWeighted,3,6,54972,1803580,0.20515883392387446,5.930633384279625,3.047804837034268,0.5139088246415667,4.032645211982639,0.6059580430258056,0.12241501889271018,0.030356010051517793,0.1988178618507829,0.04016497939880526,0.1957750328019432,0.20515883392387446,0.059068862034041575,0.3422099726870978,0.03949925083932077,0.11542401694177695,0.3143786247352488,0.027718204903580658,-0.2866604198316681,1.9177044993736592,2.018616521555237,1.891143282559609,1.8909452845899228,0.1009120221815778,-0.00019799796968622552
Overall,EdgeWeighted,3,7,54972,1803580,0.20515883392387446,1.0259220821337218,14.664215236061034,14.293692814005272,2.2697452583769087,0.1587008989864113,0.03267482876780298,0.01439581314389905,0.010822324708377426,0.0022282016609500997,0.010860860874108301,0.20515883392387446,0.0010071444322437286,1.076388960887145,0.01822096912102008,0.016927866797076717,0.6021651382250857,0.022565120482595725,-0.5796000177424899,3.1580772096752434,1.8570074175620357,2.548662835445986,2.5511629536796905,-1.3010697921132077,0.0025001182337045513
Overall,EdgeWeighted,3,8,54972,1803580,0.20515883392387446,10.46780026056482,10.586979456694927,1.0113853133466097,1.6945211546235814,1.492160975183281,0.3061890214123345,0.18069353620634826,0.14094303100118394,0.02892128225765998,0.14097019511569978,0.20515883392387446,0.17865944070499742,0.39997841367885334,0.1274738597375915,0.3187018403771238,0.21635136783508355,0.12104259306490425,-0.0953087747701793,0.8639401192162875,0.8179767317499802,3.008646828755007,2.9942357769678427,-0.04596338746630735,-0.014411051787164286
Overall,TargetWeighted,1,1,54972,1803580,0.20709225666481343,18.632816525252252,6.534519420891871,0.35069949884006657,9.774162387455831,1.3779907296493645,0.2843472370491012,0.029091724230315166,0.21087866433374244,0.043514636394660126,0.2101219765250346,0.20709225666481343,0.08295342165301461,0.3386719157057879,0.05195676809607768,0.15341327152464868,0.1861129302190206,0.0308702612238958,-0.1552426689951248,0.8513095175832739,0.7684230780874913,1.2747432070368252,1.2689504499324245,-0.08288643949578256,-0.0057927571044007475
Overall,TargetWeighted,1,2,54972,1803580,0.20709225666481343,9.986287815479761,10.528061925997562,1.0542518010682085,7.0975954895799305,3.2183874204888383,0.6642387363508611,0.09358644577451249,0.305696094879963,0.06309221396957165,0.30465750839305245,0.20709225666481343,0.08877048613242325,0.7470953129317163,0.1311525277462445,0.17554992478280004,0.41008149603434474,0.08487957505639235,-0.3252019209779524,1.3890249345013188,1.2189898270239967,1.3671682726400407,1.353031630735839,-0.1700351074773221,-0.014136641904201719
Overall,TargetWeighted,1,3,54972,1803580,0.20709225666481343,8.000435093317968,17.751881987521113,2.218864569023126,30.25065090877032,1.2818805586518187,0.2597946720358056,0.008588068823160587,0.07221096663614716,0.014634767855717129,0.07066786264599657,0.20709225666481343,0.0038704790298385665,1.2866326665317491,0.02568799251053881,0.019965288445637365,0.6697773411918795,0.013770646874772611,-0.6560066943171069,1.4530775496768513,1.073957733862417,0.6258834649552443,0.6236995688570801,-0.3791198158144342,-0.002183896098164162
Overall,TargetWeighted,1,4,54972,1803580,0.20709225666481343,9.590207052693557,16.03401622044779,1.6719155400534582,5.548962134695574,0.9145887581740536,0.18886413923356127,0.034035939389873544,0.05704052840094396,0.011778966449773063,0.05687786723990887,0.20709225666481343,0.020357451301164866,0.562597974007346,0.04203577690513363,0.07471725477172125,0.31928982027213854,0.02874190496980281,-0.2905479153023357,1.008842976143514,0.8927302320274383,1.3659215473348159,1.364834985830723,-0.11611274411607575,-0.00108656150409292
Overall,TargetWeighted,1,5,54972,1803580,0.20709225666481343,12.636552318972868,10.286189782907323,0.8140028636864286,8.259274204195032,0.1335201809287456,0.0298000985493851,0.003608077147767818,0.012980528613307552,0.002897097870966106,0.013989406353136146,0.20709225666481343,0.004432511560343369,0.8913202100219247,0.006435700130261421,0.007220413029677611,0.4297096703776468,0.0036745979771520046,-0.42603507240049476,1.289889040815554,0.7889542416140428,0.8252460446162371,0.8243089297406776,-0.5009347992015113,-0.0009371148755594749
Overall,TargetWeighted,1,6,54972,1803580,0.20709225666481343,22.494505334169684,1.266986801710074,0.056324279299542916,4.539420842726016,0.185715734039232,0.038625689100607465,0.008508946483208742,0.14658063708537603,0.030486259796559133,0.1472110006208116,0.20709225666481343,0.15107064090869574,0.14970521333793188,0.012935136469939061,0.08640404243438041,0.11655024376045987,0.015062213490504257,-0.10148803026995562,1.3728565851461803,1.3706736254818315,1.7217374992069674,1.7214702916940092,-0.0021829596643487825,-0.00026720751295816747
Overall,TargetWeighted,1,7,54972,1803580,0.20709225666481343,7.194225944372001,12.502678151579936,1.7378767682410554,11.08855394383361,1.3316014469902255,0.27490316346869015,0.024791615265004754,0.10650529668772614,0.021987542182238435,0.10617268590635542,0.20709225666481343,0.014265462071538186,1.2474575758137296,0.044224292992022206,0.035451540392993995,0.6874954522302263,0.02752310267045041,-0.6599723495597759,1.6168089923367035,0.9492332537661772,0.9433025442703881,0.9434392125560443,-0.6675757385705263,0.00013666828565628286
Overall,TargetWeighted,1,8,54972,1803580,0.20709225666481343,6.0781016080093515,8.793644340602942,1.4467748144498713,7.38918621079901,1.6806831760769088,0.34376675684149555,0.04652295213157089,0.19112476114202542,0.03909263817542552,0.188769183924663,0.20709225666481343,0.03215631855445163,0.44706330056006044,0.06089833660046663,0.1362185962524547,0.2987157098159063,0.08125955031652478,-0.21745615949938152,1.580827493427398,1.4017871621769182,1.5072469035106228,1.5034907998820597,-0.1790403312504798,-0.0037561036285631566
Overall,TargetWeighted,2,1,54972,1803580,0.20709225666481343,5.159760447372855,11.937460224651415,2.3135686866226144,6.896209737902782,1.476986522743753,0.3039028390823735,0.04406809685201264,0.12372703185694695,0.025457914255514812,0.12293029897016579,0.20709225666481343,0.01904767164093462,0.4176383578699234,0.0943393973138727,0.22588776456299006,0.2658990031288656,0.09115549734410246,-0.17474350578476316,1.360634026782669,1.2498659551632363,1.4764467580099252,1.4675731820183509,-0.1107680716194328,-0.008873575991574345
Overall,TargetWeighted,2,2,54972,1803580,0.20709225666481343,4.455926942872907,8.90200530587258,1.9977897752864004,9.952716750272828,2.1037019579244474,0.43383499450629665,0.043589605225980946,0.23631776024369192,0.048734524313612124,0.23532759140876455,0.20709225666481343,0.021818914856315576,1.133263131496486,0.10789673542353277,0.09520889850970886,0.5479516844939242,0.07452885105144437,-0.4734228334424798,2.4279661544413593,1.3803508545613359,1.2437380853187614,1.2250773306174971,-1.0476152998800234,-0.01866075470126427
Overall,TargetWeighted,2,3,54972,1803580,0.20709225666481343,19.086118552208372,0.8502437695241463,0.044547756881678315,8.593765632618672,1.5445874977469118,0.3169890444238591,0.03688593075564334,1.8166407505049518,0.37282136259940357,1.8002669467268368,0.20709225666481343,0.8280085251773608,0.031054980239588973,0.03155044029780008,1.0159539595533187,0.02395765116786728,0.02033762642799971,-0.0036200247398675695,1.2130806353258983,1.2017083883865909,0.9220887420030459,0.9204528159480319,-0.011372246939307384,-0.0016359260550140586
Overall,TargetWeighted,2,4,54972,1803580,0.20709225666481343,4.233238866206021,17.230563978754006,4.070302782959569,6.5592061897193155,1.2218030167549871,0.25093257049063267,0.038256545510243406,0.07090905541759572,0.014563224433884497,0.07032239623633857,0.20709225666481343,0.009398943384854811,1.3714011975851739,0.0472601816645824,0.034461236728674245,0.7337917485265226,0.030742923670232118,-0.7030488248562905,1.8095720337709236,1.031974535354826,1.028607867708904,1.029881688485731,-0.7775974984160976,0.0012738207768270282
Overall,TargetWeighted,2,5,54972,1803580,0.20709225666481343,16.01010132592274,8.799075497885115,0.5495952407335578,5.071141053842614,0.35175353957560207,0.07113560144207234,0.014027533556357028,0.03997619286939692,0.008084440391303108,0.03903786713768543,0.20709225666481343,0.025523389326298117,0.4363813066377119,0.01915562424859253,0.043896527001167925,0.23099032234592157,0.0403478134322928,-0.19064250891362877,0.7061475196622667,0.6639081405021258,2.5661685792463422,2.5647610736490805,-0.04223937916014098,-0.0014075055972617712
Overall,TargetWeighted,2,6,54972,1803580,0.20709225666481343,1.7157827479979317,7.1156276600090544,4.14716118741743,6.511912275374255,2.602909629123555,0.5347696040675142,0.0821217455997689,0.3658018308201113,0.07515424202441914,0.36290221375605053,0.20709225666481343,0.019801917912163323,0.5374071851326377,0.08723287600879275,0.1623217493157358,0.5446954813359528,0.05337262606417813,-0.49132285527177466,3.003044071838055,2.6495849292632108,0.9145911849881011,0.9109084294145722,-0.35345914257484434,-0.0036827555735289286
Overall,TargetWeighted,2,7,54972,1803580,0.20709225666481343,7.864537514538814,2.338289926191888,0.29732071579492,6.7778901507311105,0.6628461936183254,0.13327303201931295,0.019662908199878117,0.2834747664773467,0.05699593962088374,0.2752200289213783,0.20709225666481343,0.06613366137630382,0.08348320964843839,0.02524137917764301,0.30235272769711835,0.05626500764025322,0.01682674816270101,-0.03943825947755221,1.6452010935451782,1.6271386806746,1.4007409481530328,1.40010085300835,-0.018062412870578193,-0.000640095144682773
Overall,TargetWeighted,2,8,54972,1803580,0.20709225666481343,2.9975141886518477,10.30021551966363,3.436252453548417,9.203216203051172,1.563633549395035,0.3185556303374876,0.03461351151195825,0.151805905895068,0.030927083944998827,0.14933963707614187,0.20709225666481343,0.01007304087203619,1.2389812287925168,0.01632678248695101,0.013177586532999259,0.6921887506366877,0.009313832496543694,-0.682874918140144,2.7089206299168653,1.5968519008382995,0.658307535645545,0.6578935935991014,-1.1120687290785658,-0.0004139420464436272
Overall,TargetWeighted,3,1,54972,1803580,0.20709225666481343,0.7951306977263253,5.683173747087407,7.147471091059269,1.255522439999698,2.776933529248178,0.5703046019545427,0.4542368811921124,0.48862372468994153,0.10034966839493932,0.48456502027359144,0.20709225666481343,0.06355211161676382,0.45316169416764895,0.17960487526325403,0.3963372756600114,0.3562359019137015,0.12697373208178708,-0.22926216983191444,2.9840016667459213,2.65668074426443,2.730167487059189,2.677835030374281,-0.32732092248149147,-0.05233245668490838
Overall,TargetWeighted,3,2,54972,1803580,0.20709225666481343,2.07038522545087,14.360261386426176,6.936033517114474,2.568284859625337,0.8011017750389102,0.16659152334580274,0.06486489303272079,0.05578601620986367,0.011600869841217668,0.05601788047447522,0.20709225666481343,0.009351871322298215,1.3335298044729689,0.06830343458733519,0.05122002811337949,0.6925343811394892,0.06521501855490068,-0.6273193625845885,2.2326772811853166,1.371779760802341,2.1076265549880455,2.0973711922268308,-0.8608975203829756,-0.010255362761214748
Overall,TargetWeighted,3,3,54972,1803580,0.20709225666481343,11.826224328918912,8.524244712970397,0.7207917310445369,6.480981981616173,1.265464410151762,0.2559776276995404,0.039496734913115665,0.14845472546578795,0.030029361664119524,0.1450047466655197,0.20709225666481343,0.054796320024254004,0.9107923088919536,0.05439353506295893,0.059721117465211714,0.4870297606053991,0.03620024739867569,-0.45082951320672343,1.6940048773129128,1.0944914838239372,1.0827146537404444,1.073387049095803,-0.5995133934889756,-0.00932760464464133
Overall,TargetWeighted,3,4,54972,1803580,0.20709225666481343,6.296591787858064,9.630922071430328,1.5295452493373505,3.1469294628500464,0.7546352965850365,0.15536019547063867,0.04936882024557584,0.07835545653931429,0.01613139366688402,0.0778947177829353,0.20709225666481343,0.03227679595892706,1.3202511791996174,0.06921745196697651,0.052427486930679126,0.728243469402605,0.11074728952921488,-0.6174961798733901,2.1309913825975366,1.2437507603485352,2.5053593611506555,2.4975503865913833,-0.8872406222490015,-0.007808974559272208
Overall,TargetWeighted,3,5,54972,1803580,0.20709225666481343,5.090231226240883,9.733104907458356,1.9121144906269953,3.8315644800116204,0.23600297173973933,0.05086881769416815,0.013276252514286631,0.024247449682415188,0.005226371042494805,0.02523692036725776,0.20709225666481343,0.006943230915268546,1.083738932268134,0.02139432174303296,0.019741213412759022,0.5921560066943171,0.03278032452885105,-0.5593756821654661,1.79022561829651,1.2090933172631386,1.7960404176934952,1.7944185666951153,-0.5811323010333713,-0.001621850998379859
Overall,TargetWeighted,3,6,54972,1803580,0.20709225666481343,6.087662247502099,3.0497687193424374,0.5009753482273217,3.9772552114770994,0.6070439072869243,0.12416793912075658,0.031219504961676126,0.19904588221606212,0.04071388690103348,0.19659781389582465,0.20709225666481343,0.06231744625553023,0.3292071630703359,0.03815709456325956,0.11590602418346216,0.29285818234737687,0.0270501346139853,-0.26580804773339156,1.7181070270133907,1.812418538302627,1.7326842799794915,1.7329928844422529,0.09431151128923632,0.0003086044627613749
Overall,TargetWeighted,3,7,54972,1803580,0.20709225666481343,1.0449543873937202,14.638047880953213,14.008312628247507,2.250671287546437,0.16019403112334366,0.03331998858133177,0.014804466835141791,0.010943674478777237,0.0022762590223471394,0.010991521117644386,0.20709225666481343,0.0010568344109283018,1.0286626729853645,0.017870743611119958,0.01737279275967885,0.5738375900458416,0.020828785563559632,-0.553008804482282,2.9082665673326584,1.6969598245340536,2.3457189877233464,2.3481402994812948,-1.2113067427986048,0.0024213117579483523
Overall,TargetWeighted,3,8,54972,1803580,0.20709225666481343,10.439984714615237,10.56680846509661,1.0121478856364943,1.6685628022659222,1.488845072856556,0.3085197473744057,0.18490148833859799,0.14089827371863517,0.02919706059795741,0.14098575996183355,0.20709225666481343,0.18268228302971648,0.4044523710486805,0.12442943948212024,0.3076491703658526,0.2174561594993815,0.11955177181110384,-0.09790438768827765,0.8064944763432411,0.7658752786748809,2.7879920410701526,2.7751351343006894,-0.040619197668360196,-0.012856906769463272
Vehicle,EdgeWeighted,1,1,42314,1374095,0.1983302521618504,17.847487575147163,6.688919709585542,0.37478214665643583,7.092485535676728,1.3653309586088844,0.268092683183011,0.03779953888611429,0.20411830547332133,0.040080116733651354,0.2020877514947435,0.1983302521618504,0.1008573599750248,0.1691151733000594,0.056153365434271955,0.33204212855707693,0.09275705100447931,0.03462933785509736,-0.058127713149381956,0.7626691391294069,0.7155526033869624,1.6343491805933394,1.6263394348500941,-0.047116535742444565,-0.008009745743245311
Vehicle,EdgeWeighted,1,2,42314,1374095,0.1983302521618504,10.020598369860679,11.153166789428594,1.1130240297669391,4.712825049453734,3.204529257165338,0.6298233579823076,0.13364030067674754,0.28732012304608534,0.056470361226425396,0.28472891938367884,0.1983302521618504,0.12006955456661211,0.8594261477698107,0.14191365040018541,0.16512605430633825,0.4872479704823902,0.09502981962673614,-0.3922181508556541,1.419630644122255,1.3110302072922397,1.7528836769589387,1.7288966465658338,-0.1086004368300153,-0.023987030393104902
Vehicle,EdgeWeighted,1,3,42314,1374095,0.1983302521618504,8.192255415655643,19.399390482925654,2.3680158240882827,25.90955304970003,1.449682011339488,0.28379531728080853,0.010953308095546678,0.0747282246763444,0.014629084217068558,0.07376123067457185,0.1983302521618504,0.004625521475773344,1.5274846398161828,0.030169456727083387,0.019751070317278786,0.7868138665812772,0.01599889381738526,-0.7708149727638919,1.4221962549259457,1.0409691991208174,0.7853481127633382,0.7818732382238075,-0.3812270558051283,-0.003474874539530659
Vehicle,EdgeWeighted,1,4,42314,1374095,0.1983302521618504,10.144131935483754,17.053027922537638,1.6810731577806197,4.899580525181818,0.9031985094521064,0.17755054653484315,0.036237907563704215,0.05296411364745256,0.01041167276786499,0.052496641986830975,0.1983302521618504,0.021556413045094338,0.3374910940873367,0.040709518901191066,0.1206239761823653,0.21953722268111012,0.031019689322790638,-0.18851753335831947,0.9896747484328311,0.9496549934071145,1.6510360100784773,1.6480920193989237,-0.04001975502571664,-0.002943990679553643
Vehicle,EdgeWeighted,1,5,42314,1374095,0.1983302521618504,11.736583869724118,11.471372195646135,0.9774029916374424,8.318008015165896,0.04888949162075845,0.009994545394579309,0.001201555151707127,0.00426186952566105,0.0008712597948534926,0.004392974553436973,0.1983302521618504,0.0012293344195732597,1.0223777061902095,0.0031910949506232206,0.003121248536709626,0.4738820823887722,0.0018972487346216964,-0.4719848336541505,1.5301474242036872,0.8653298866579983,0.8720654590232664,0.8720062566768916,-0.664817537545689,-5.9202346374798154e-05
Vehicle,EdgeWeighted,1,6,42314,1374095,0.1983302521618504,24.438697237167794,1.2496946166153446,0.051135893373374146,4.153780371615304,0.1675604081051763,0.032667503270367056,0.007864523462760316,0.13408108231928192,0.02614038867946745,0.13180232000165054,0.1983302521618504,0.15379650976998832,0.11430181638726902,0.014214383416042234,0.12435832274352387,0.08416739745068573,0.018944832780848485,-0.06522256466983725,1.4459579259173938,1.4502702981083095,2.1367563663654754,2.1358285511912536,0.004312372190915736,-0.0009278151742218022
Vehicle,EdgeWeighted,1,7,42314,1374095,0.1983302521618504,6.464038753582716,12.88966019566834,1.9940567603471797,11.240589045620684,1.31136918567722,0.2575827704941036,0.022915415661895696,0.10173807259096977,0.019983674230669737,0.10075958158297475,0.1983302521618504,0.011491857204198834,1.508804664633648,0.04672261354955229,0.030966641564055986,0.8382761017251354,0.03096292468861323,-0.8073131770365222,1.8435058332497343,0.9625660856216718,1.0701440248066374,1.077476818420567,-0.8809397476280625,0.007332793613929578
Vehicle,EdgeWeighted,1,8,42314,1374095,0.1983302521618504,5.807183244111191,9.210197397683245,1.5860008190998438,5.481923267297178,1.7900801236767538,0.35100357334376653,0.06402927505341269,0.1943584968312894,0.03811032031202236,0.19215585103660004,0.1983302521618504,0.04037152684828883,0.22328732954399924,0.06695936022593997,0.29987978880793414,0.19551996041030642,0.1002550769779382,-0.09526488343236822,1.7729985229487204,1.6538427636580746,1.9332523361289355,1.931296308487451,-0.11915575929064581,-0.0019560276414845035
Vehicle,EdgeWeighted,2,1,42314,1374095,0.1983302521618504,5.6750988708280685,12.570630222118544,2.2150504310304333,7.447954191810246,1.5036514321728176,0.29555826248444195,0.039683147140271845,0.1196162327908523,0.023511809434126608,0.11854877403902911,0.1983302521618504,0.017915234075577706,0.2115768291785656,0.07589110654360139,0.3586928835795263,0.18664357267874493,0.0728326644082105,-0.11381090827053443,1.2551313424314263,1.1877007832493307,1.4709191128667864,1.468381223840896,-0.06743055918209562,-0.002537889025890472
Vehicle,EdgeWeighted,2,2,42314,1374095,0.1983302521618504,4.461782918257247,8.404972678597023,1.8837699667921697,9.283966936424655,2.1166892739431953,0.416056475265877,0.04481451492307438,0.25183773372814106,0.04950122869885566,0.2495898919271303,0.1983302521618504,0.023789802085808814,1.128131938486241,0.10409425157959055,0.09227134442851932,0.4810060439780365,0.07576550384070971,-0.4052405401373268,2.7846696840655256,1.483147610622124,1.4609301348287416,1.4333308459155045,-1.3015220734434017,-0.02759928891323704
Vehicle,EdgeWeighted,2,3,42314,1374095,0.1983302521618504,22.137095692720436,0.9198353746734502,0.041551763927207996,8.177179066465307,1.6076595145103434,0.31558867732508644,0.038593832221845356,1.7477687217708817,0.3430925604553941,1.7299052434842659,0.1983302521618504,0.9288131064983055,0.028296521625665344,0.02913793914679519,1.0297353588157312,0.02298603808324752,0.02048111666223951,-0.00250492142100801,1.3487857952994855,1.335473386325943,1.0872661162347035,1.0907045483748765,-0.013312408973542578,0.003438432140173031
Vehicle,EdgeWeighted,2,4,42314,1374095,0.1983302521618504,4.6282471731937695,18.453214911929706,3.9870849981689775,7.524408011492884,1.262558070842014,0.24802912560992652,0.03296327430695553,0.06841940963585681,0.013440970945131624,0.06777065082565624,0.1983302521618504,0.008267512290161462,1.6606461185999957,0.02732250300846476,0.016452935118392107,0.8802753812509324,0.016813975744035165,-0.8634614055068972,1.958442630053531,0.9660197495596169,0.9172363258259792,0.9066352666165646,-0.992422880493914,-0.010601059209414676
Vehicle,EdgeWeighted,2,5,42314,1374095,0.1983302521618504,17.275673907258337,9.431163867927713,0.5459216186354394,5.806496460883516,0.40979715578232867,0.08017311547707638,0.01380748543964537,0.043451387451913556,0.008500871845171735,0.04286220243199432,0.1983302521618504,0.025292065225841893,0.3187320272944876,0.01929397908286894,0.06053354173820489,0.16366553986441987,0.036813320767486966,-0.1268522190969329,0.6776622167838747,0.5841235103636522,2.6443391158533283,2.642856966072957,-0.09353870642022255,-0.0014821497803714223
Vehicle,EdgeWeighted,2,6,42314,1374095,0.1983302521618504,1.9195115966609047,7.66977803859742,3.995692452175071,6.424517145624646,2.6485636120860483,0.5191340755729592,0.08080515048799564,0.3453246750172117,0.06768567125197238,0.34127757667529557,0.1983302521618504,0.020223065526922216,0.35662425207271997,0.06925749888764743,0.19420299248603842,0.46921064409665997,0.04536876999043007,-0.4238418741062299,3.2934914995019877,3.052252758099461,0.9416603071500171,0.9572673578890438,-0.24123874140252655,0.015607050739026684
Vehicle,EdgeWeighted,2,7,42314,1374095,0.1983302521618504,8.803789434359734,2.5977246976491664,0.295068926178537,7.4091701437399955,0.7828386462803787,0.15261467234626064,0.02059807902632981,0.3013555069847318,0.05874936320114175,0.2962198635788544,0.1983302521618504,0.06980768390294584,0.09653387060781492,0.02749845941126909,0.28485811652994864,0.0634155571485232,0.02019219922931093,-0.04322335791921228,1.6486762921688372,1.6243961627653174,1.572305097080727,1.5752252859527134,-0.024280129403519757,0.0029201888719863067
Vehicle,EdgeWeighted,2,8,42314,1374095,0.1983302521618504,2.9790344640440236,10.577389485304487,3.5506099635516257,8.709485023966105,1.6996361391037502,0.3331448055351638,0.03825080406429691,0.1606857854537977,0.03149593816915349,0.15880550867951132,0.1983302521618504,0.01077302332535138,1.4429774853918849,0.01621039990074594,0.011233993567130101,0.8095058929695546,0.009222797550387709,-0.8002830954191669,2.962363879613772,1.5890610449006373,0.710241755927507,0.7086567513717046,-1.3733028347131346,-0.0015850045558024606
Vehicle,EdgeWeighted,3,1,42314,1374095,0.1983302521618504,0.8191988576934097,6.099121853988224,7.445227397788419,1.2379598754830767,2.8732484994826417,0.5644468180147743,0.4559491988664203,0.4710921610613336,0.09254558780789497,0.46662363473493396,0.1983302521618504,0.06124046639454611,0.24212889350308198,0.12735967961607847,0.5259994894184838,0.24620277346180577,0.06533754944163249,-0.1808652240201733,3.1679164405315245,2.995880436548461,3.008385330173554,2.9249341899344303,-0.1720360039830635,-0.08345114023912359
Vehicle,EdgeWeighted,3,2,42314,1374095,0.1983302521618504,2.036342234321941,15.214530795772395,7.471499861182969,2.7520166839326645,0.7552205384876151,0.1485956138811571,0.05399517168946102,0.049638108997819654,0.009766690526189602,0.049244580326422135,0.1983302521618504,0.007226818258769764,1.3527939269986267,0.05163802002425613,0.038171386352324074,0.6995899119056542,0.05498382571801804,-0.6446060861876362,2.482170172103676,1.375887480544264,2.1998515197613524,2.194466460290697,-1.1062826915594122,-0.005385059470655484
Vehicle,EdgeWeighted,3,3,42314,1374095,0.1983302521618504,13.477691675552832,8.44091205357383,0.6262876648693421,6.609459620205859,1.4608779670452827,0.2857918193143309,0.04323981615807669,0.17307110369619888,0.03385793112898849,0.17071490129609274,0.1983302521618504,0.06904146112582768,0.9881369613588766,0.06036841174003889,0.06109316166666734,0.5414167142737584,0.04039895349302632,-0.501017760780732,1.7941782045812402,1.1208451585190093,1.1807641227511592,1.165431767707021,-0.6733330460622309,-0.015332355044138213
Vehicle,EdgeWeighted,3,4,42314,1374095,0.1983302521618504,6.093998704791864,10.07591608988008,1.653416182288154,3.4603436615976486,0.7789238486924775,0.15318226867862234,0.04426793498459005,0.07730551157544355,0.015202813040537867,0.07665402583964409,0.1983302521618504,0.026773618881358534,1.3867528693989695,0.058723967540539726,0.04234638226674618,0.7714117291744749,0.09140197730142384,-0.680009751873051,2.4245146284014725,1.206264326298632,2.575554058584879,2.5681653002898717,-1.2182503021028406,-0.007388758295007403
Vehicle,EdgeWeighted,3,5,42314,1374095,0.1983302521618504,5.962025247535427,9.902369872656887,1.6609070651187268,4.094010702997725,0.16238236358009472,0.03275728653571819,0.008001270351276776,0.01639833348019981,0.0033080249398772343,0.016679375622352936,0.1983302521618504,0.004817409999114382,1.3167911501178222,0.011780579677845609,0.008946429801967627,0.6997129019463719,0.020117240802127945,-0.679595661144244,1.7467836396590826,1.0375079337210704,1.9928157987787662,1.990794323028013,-0.7092757059380121,-0.0020214757507532877
Vehicle,EdgeWeighted,3,6,42314,1374095,0.1983302521618504,5.516602522881618,3.3614635299949347,0.6093358203638901,4.341538743187082,0.6440080431083757,0.12619674827241173,0.02906728592017563,0.19158561009093858,0.037542203498837266,0.18929135215986548,0.1983302521618504,0.04770322779610202,0.4195093213491488,0.03248212208291085,0.07742884283037953,0.3795065115585167,0.023650475403811235,-0.3558560361547055,1.8997606813517558,2.045044586571791,1.7714302043492083,1.780351952648574,0.1452839052200352,0.008921748299365762
Vehicle,EdgeWeighted,3,7,42314,1374095,0.1983302521618504,0.8664507538757842,15.207633528217611,17.55164189617796,2.3537412103638617,0.15389677215423075,0.030352141948280797,0.01289527569372673,0.010119705460253219,0.0019958491156434176,0.01006326061332322,0.1983302521618504,0.0007347048078269961,1.2082554407166972,0.015179062121974488,0.012562792175256292,0.6859402006411492,0.017014107467096525,-0.6689260931740527,3.2394727269581702,1.7369269704887131,2.459722671879629,2.4653699118080525,-1.502545756469457,0.005647239928423531
Vehicle,EdgeWeighted,3,8,42314,1374095,0.1983302521618504,11.418589382240368,11.670252702783833,1.0220397898460631,1.7815870286286764,1.4273928568386736,0.28069928626976876,0.15755575236213476,0.12231036396281961,0.024052545662724596,0.12127521741032214,0.1983302521618504,0.15415813785907886,0.14772931592807914,0.09381910122795321,0.6350743201361949,0.08009053231399575,0.11399866821435199,0.03390813590035624,0.7315187133367638,0.6659089884214681,2.9882800539449335,3.0009515447390496,-0.06560972491529571,0.012671490794116114
Vehicle,TargetWeighted,1,1,42314,1374095,0.20151800631500627,18.182897160877175,6.676073460254366,0.3671622512911291,7.177577356080449,1.366941652241972,0.2733102670326714,0.03807834497532159,0.20475233808202684,0.04093877460312881,0.20315193326999942,0.20151800631500627,0.10370985525968485,0.17416158554028485,0.052849384238148264,0.30345027601635527,0.09524034598478046,0.032093396984449594,-0.06314694900033085,0.7209893718849392,0.6862777627973394,1.4767547732205375,1.469944688272401,-0.03471160908759974,-0.006810084948136508
Vehicle,TargetWeighted,1,2,42314,1374095,0.20151800631500627,9.997573104744356,11.130087208989842,1.1132789009139887,4.705810240308904,3.209272346435208,0.6420233836146401,0.1364320594041155,0.2883420662651805,0.05768358962355998,0.28624532276752324,0.20151800631500627,0.12254975645959773,0.8202813253073603,0.13393936217517344,0.16328466394397015,0.46152573616297204,0.08862315073025476,-0.37290258543271726,1.2814670555350365,1.177605119044766,1.5999721430572138,1.578435034952904,-0.10386193649027042,-0.021537108104309866
Vehicle,TargetWeighted,1,3,42314,1374095,0.20151800631500627,8.598981154775684,19.370903917451006,2.2526975633811985,25.56486554188768,1.449804212262486,0.28907323007747104,0.011307441828346568,0.07484442737893769,0.014923063536948212,0.07405324749535533,0.20151800631500627,0.005019511700975734,1.4840546904690126,0.029625620566464984,0.019962620351596384,0.7624190575223331,0.01581037009027745,-0.7466086874320557,1.2849558585489358,0.938335133307252,0.708988255514222,0.7061041947010581,-0.34662072524168375,-0.0028840608131638357
Vehicle,TargetWeighted,1,4,42314,1374095,0.20151800631500627,10.276044347931569,17.017424634024962,1.656028724797208,5.14379002105562,0.9051863898418622,0.1811626675606571,0.035219685575594635,0.05319173780855758,0.010645715867721832,0.05282761344316134,0.20151800631500627,0.021267557039043483,0.3454978824437239,0.03813591174039238,0.11037957849946685,0.22054166469726333,0.02746136030628161,-0.19308030439098173,0.9028790464969296,0.8601593871642735,1.479553414162878,1.476789843742194,-0.04271965933265609,-0.0027635704206838696
Vehicle,TargetWeighted,1,5,42314,1374095,0.20151800631500627,12.289638649786527,11.457057829224013,0.932253432862364,8.38985318288418,0.04916541877940869,0.010143006987170359,0.0012089612003906229,0.004291277871626653,0.0008853064311541735,0.004393187504239283,0.20151800631500627,0.0012968160210582473,0.9800686044722284,0.0029785905446194786,0.0030391653203010317,0.4596351089473933,0.001961525736162972,-0.4576735832112303,1.351840932217983,0.7699889390468987,0.8131438934202899,0.8131871078737097,-0.5818519931710843,4.3214453419815335e-05
Vehicle,TargetWeighted,1,6,42314,1374095,0.20151800631500627,24.483458007667885,1.2481665737432077,0.05097999526220924,4.172178252955061,0.16718371105680024,0.03331944728847314,0.007986103466459681,0.1339434280922841,0.02669471184571317,0.1324681154263889,0.20151800631500627,0.15665167991615855,0.10761135070341599,0.014091388751645163,0.13094703625653392,0.07824833388476628,0.017984591388193034,-0.06026374249657324,1.2603131595539798,1.264675613360896,1.9220443593161567,1.9213111195708104,0.004362453806916244,-0.0007332397453463368
Vehicle,TargetWeighted,1,7,42314,1374095,0.20151800631500627,6.767475864459378,12.853461308727349,1.899299169611617,11.118227836513329,1.314594969372619,0.2628322679563626,0.023639762701821825,0.10227556117178094,0.0204483649531367,0.1014716466897555,0.20151800631500627,0.01244657132251058,1.4679312998404264,0.044808011601483386,0.030524596962479333,0.8073687195727183,0.030060972727702414,-0.7773077468450159,1.6379424450967528,0.8642613668594312,0.975655319082888,0.9816096409829449,-0.7736810782373216,0.005954321900056847
Vehicle,TargetWeighted,1,8,42314,1374095,0.20151800631500627,5.905463479665627,9.18974291719435,1.556142533651441,6.141881259070278,1.7908690135225622,0.3575593741715718,0.05821658845347511,0.19487694353484147,0.038908528454422775,0.19307717079549977,0.20151800631500627,0.03741083276142022,0.2196138221391295,0.06409721481657248,0.2918632865345462,0.18012950796426713,0.09524034598478046,-0.08488916197948668,1.5801922661830443,1.4663578665914117,1.7356329408561642,1.732659334703828,-0.11383439959163266,-0.0029736061523362167
Vehicle,TargetWeighted,2,1,42314,1374095,0.20151800631500627,5.463024163356518,12.545692226333815,2.2964738628688255,7.499481191236796,1.5044447437420794,0.30089442486566237,0.04012203201683333,0.11991723656228619,0.023983883806286622,0.11901607729601611,0.20151800631500627,0.017471146739723914,0.2237409037907615,0.07485726793703786,0.3345712085856726,0.19352932835468167,0.07125301318712483,-0.12227631516755684,1.2461227894347255,1.1731998919568227,1.3502319253796082,1.348443499326649,-0.07292289747790281,-0.0017884260529592577
Vehicle,TargetWeighted,2,2,42314,1374095,0.20151800631500627,4.478163124213146,8.364925155451868,1.8679366750942765,9.32132974022409,2.11787313888864,0.42380018684491677,0.04546563614861156,0.25318494750385895,0.05066395436450068,0.2514115377421365,0.20151800631500627,0.02434003063991265,1.0928458193744335,0.09895376401523655,0.09054686521691686,0.46944273762820815,0.07028406673914071,-0.3991586708890674,2.514119857278546,1.3206229943546242,1.317827427006151,1.2919375027121605,-1.1934968629239218,-0.025889924293990507
Vehicle,TargetWeighted,2,3,42314,1374095,0.20151800631500627,21.821571962890648,0.9201373697638474,0.042166410875758696,8.109312700647822,1.6100951291022874,0.3217389396867103,0.03967524143744702,1.7498421045730335,0.3496640249190663,1.7351501930848858,0.20151800631500627,0.9409203013542028,0.028189816921496743,0.03061275173821234,1.085950326103916,0.021931275700713713,0.021056860613508532,-0.0008744150872051805,1.179039032852335,1.1675789638295615,0.9993027013391107,1.0008664021934561,-0.011460069022773522,0.001563700854345429
Vehicle,TargetWeighted,2,4,42314,1374095,0.20151800631500627,4.661878644977248,18.413323335821985,3.9497646117757754,7.4341345162596575,1.2636394338992096,0.2526570882856662,0.033986079669826176,0.0686263641911188,0.01372142787809103,0.06809032824460792,0.20151800631500627,0.008604583544663572,1.6247747333035392,0.029407939470549965,0.01809970249214786,0.8579193647492556,0.019378928959682375,-0.8385404357895732,1.776076419025972,0.8805397195563961,0.8635040194620348,0.8543577728005257,-0.8955366994695758,-0.009146246661509094
Vehicle,TargetWeighted,2,5,42314,1374095,0.20151800631500627,17.071901063882375,9.41343024836858,0.5513990625666062,5.73779249166998,0.4093957775810078,0.0816145375615402,0.014224030851200414,0.04349060505516075,0.008670010327955053,0.04302349976690114,0.20151800631500627,0.02579625458017473,0.31260005838308047,0.019605017718963096,0.06271597386516829,0.16122323580847947,0.03504750200879141,-0.12617573379968805,0.638372651309625,0.553743935092992,2.4371148166145837,2.4357872232402036,-0.08462871621663293,-0.0013275933743801538
Vehicle,TargetWeighted,2,6,42314,1374095,0.20151800631500627,1.9335051889269876,7.653818326510927,3.9585196516453474,6.429772205758279,2.6530527077299473,0.5295334053200463,0.08235647975557361,0.34663126182053716,0.06918552048642425,0.34332176225015903,0.20151800631500627,0.0208048681817946,0.3545645330276395,0.07117267114694156,0.20073262413436926,0.453608734697736,0.04639126530226403,-0.407217469395472,3.018808609798142,2.7888062830178693,0.8818544543908987,0.8942644715324061,-0.23000232678027288,0.012410017141507357
Vehicle,TargetWeighted,2,7,42314,1374095,0.20151800631500627,8.770037920248264,2.596718379926376,0.2960897547512508,7.2138100420885305,0.7832643607865617,0.15562121435355575,0.02157267979470856,0.30163623588338717,0.05992995426738131,0.2973925377158378,0.20151800631500627,0.07285857994055307,0.09658195886751053,0.027032818378030014,0.2798950849212151,0.06222526823273621,0.01878810795481401,-0.0434371602779222,1.5353732940235123,1.5100448209829453,1.4221432917763552,1.4242708908411434,-0.025328473040566957,0.0021275990647882104
Vehicle,TargetWeighted,2,8,42314,1374095,0.20151800631500627,3.1967361815268465,10.545564428706683,3.2988535171148547,8.831602630509689,1.7014421531683777,0.3395099875280003,0.038442624894682365,0.1613419711251647,0.03219457711356397,0.15976029191969854,0.20151800631500627,0.011653328824303366,1.4004566456975962,0.017648269376307042,0.012601796210191224,0.7808290400340313,0.010091222763151676,-0.7707378172708796,2.6829190359917816,1.424144338477085,0.6748289054294629,0.6731323513760035,-1.2587746975146965,-0.0016965540534594759
Vehicle,TargetWeighted,3,1,42314,1374095,0.20151800631500627,0.8811944226526871,6.089187431901269,6.910151955421232,1.234043617528754,2.8766726142098236,0.5752094181051527,0.4661175709460483,0.47242306821016833,0.09446406825104255,0.46876239642702444,0.20151800631500627,0.06745402608778003,0.2342580099431159,0.12992315654065467,0.554615618164123,0.23824266200311953,0.07186746703218792,-0.16637519497093162,2.90895147362455,2.7474725661633155,2.7714401848716887,2.692271442316258,-0.1614789074612344,-0.0791687425554306
Vehicle,TargetWeighted,3,2,42314,1374095,0.20151800631500627,1.96913566893706,15.180430406417278,7.709184577170263,2.7457862067780887,0.7566422098445866,0.1515603047548902,0.05519741625505404,0.04984326459059395,0.009983926713367845,0.04954359364951917,0.20151800631500627,0.007159955197714993,1.3133513509911783,0.052556228821164425,0.04001688381508248,0.6771045044193411,0.052606702273479224,-0.6244978021458619,2.2932498363696925,1.2551386118728471,2.0198291511869826,2.013576211178341,-1.0381112244968453,-0.0062529400086415166
Vehicle,TargetWeighted,3,3,42314,1374095,0.20151800631500627,13.464662644322903,8.413684798102155,0.6248715630020553,6.586337836667517,1.4608999343551041,0.29119134052346124,0.04421141874323909,0.17363378444463431,0.03460925232700085,0.17174272037742183,0.20151800631500627,0.07075280850244994,0.9565854855908751,0.056922495070912495,0.05950591487460504,0.5205842038096138,0.03785980999196483,-0.482724393817649,1.6136957429930356,0.9905133037888875,1.067719077662299,1.0537625529201067,-0.6231824392041482,-0.013956524742192222
Vehicle,TargetWeighted,3,4,42314,1374095,0.20151800631500627,6.772052798679418,10.054041062624407,1.4846371324421186,3.4490647454575147,0.7789781495004029,0.15586644588119095,0.045190930565905084,0.07747910953153349,0.015502865440403966,0.07693041904586041,0.20151800631500627,0.030439040809372004,1.3226677396450177,0.059380353450802295,0.044894383692910794,0.7298293708937941,0.08997022262135464,-0.6398591482724394,2.1728339285344793,1.085901018650954,2.3636557741515194,2.3562893642247307,-1.0869329098835254,-0.0073664099267887195
Vehicle,TargetWeighted,3,5,42314,1374095,0.20151800631500627,5.858137821012554,9.86870411547224,1.6846145311276293,4.0013093749271595,0.1617633958532535,0.033080413905197364,0.008267397174987399,0.01639155392608477,0.0033520524563922303,0.01663400879826255,0.20151800631500627,0.004907589821380419,1.2518486555420276,0.011623812825564031,0.009285317902648506,0.6635628869877582,0.019426194640071844,-0.6441366923476863,1.570121316846154,0.9508740081975791,1.8024330739142707,1.8004340482003804,-0.619247308648575,-0.0019990257138902123
Vehicle,TargetWeighted,3,6,42314,1374095,0.20151800631500627,5.760220545600389,3.3580615476096836,0.5829744738410754,4.255979377571266,0.6436753069667669,0.1284475381603352,0.03018048878136968,0.19168061571359168,0.03825050135524198,0.18981181958167984,0.20151800631500627,0.05176982804207461,0.40048783967625284,0.0329090573840615,0.08217242398405993,0.3513730680153141,0.02412912983882403,-0.32724393817649006,1.7054560842812236,1.8400812690071766,1.6253050718533684,1.6330586972771755,0.13462518472595297,0.007753625423807087
Vehicle,TargetWeighted,3,7,42314,1374095,0.20151800631500627,0.8889971236398774,15.170807214648743,17.06508001047646,2.3285477822214413,0.15399681981690416,0.030906731445620363,0.01327296418345584,0.010150865246425259,0.0020372502918239383,0.010109519382323495,0.20151800631500627,0.0007777850538954142,1.1580654495058704,0.015053686859538049,0.012998994776997525,0.6491941201493595,0.01592853429125112,-0.6332655858581084,2.976974189008386,1.5756566812385437,2.264593555796051,2.2698625522417597,-1.4013175077698423,0.0052689964457086624
Vehicle,TargetWeighted,3,8,42314,1374095,0.20151800631500627,11.373125686861037,11.653413348752787,1.0246447335026911,1.7431400008693874,1.4284384772791119,0.28587782479304563,0.1640016424443523,0.12257683077947483,0.024531681490412852,0.12173443317378503,0.20151800631500627,0.16005707683984383,0.16054516999534416,0.0969106402283454,0.6036346916871366,0.08647256227253391,0.11438294654251548,0.02791038426998156,0.69015525632783,0.6237879260537452,2.7637509806946325,2.7740094943272533,-0.06636733027408481,0.010258513632620758
Pedestrian,EdgeWeighted,1,1,12002,412728,0.22780344024287866,19.633957392563357,6.289398663655396,0.32033270393233454,18.913026496453075,1.4664939051240986,0.3346317856310916,0.017693190749609327,0.23316917581753058,0.053205688332777244,0.23355962465033167,0.22780344024287866,0.055233792803774474,0.9829650013987862,0.05612626854258782,0.05709894847907007,0.551254094706441,0.0310664650811188,-0.5201876296253223,1.462214450759598,1.2064980461199004,0.6372702930194205,0.6341525094105631,-0.2557164046396976,-0.003117783608857394
Pedestrian,EdgeWeighted,1,2,12002,412728,0.22780344024287866,10.152310659304375,8.885502545593761,0.8752197243588277,15.32909978522344,3.3782888976347705,0.7714301264361845,0.05032455504507595,0.38020234381768414,0.08681896399326787,0.38111347260413986,0.22780344024287866,0.057499337674261804,0.4746890601110235,0.14127869972757745,0.29762366277895175,0.22119168071950535,0.08540491558605183,-0.1357867651334535,1.9394261368913797,1.5408743231861344,0.6040019862811427,0.6153404910355255,-0.3985518137052453,0.011338504754382805
Pedestrian,EdgeWeighted,1,3,12002,412728,0.22780344024287866,5.851160739715233,13.031158246116517,2.227106518437512,46.884034655643276,0.7480576378434763,0.1693076133924065,0.003611199731418923,0.05740530681471509,0.012992522235154154,0.057033913320021425,0.22780344024287866,0.0016214759758045611,0.6920549711422562,0.014041546597781696,0.02028964024593209,0.3858933728751139,0.008678839332441705,-0.3772145335426722,2.1976773283121447,1.622283217108999,0.36617018355980635,0.36631454836009775,-0.5753941112031458,0.00014436480029139664
Pedestrian,EdgeWeighted,1,4,12002,412728,0.22780344024287866,6.879967779538931,13.294818054546202,1.932395392135574,6.902160051462023,0.985586983495219,0.22464480565357664,0.03254702928549474,0.07413316817952713,0.01689717035336087,0.07417433904247503,0.22780344024287866,0.016842841402709613,1.3298218999072502,0.0635724997978375,0.04780527326570475,0.6789483630865849,0.03858231086817468,-0.6403660522184103,1.5092789448717714,1.175980323270203,1.046609177602833,1.052077950744457,-0.3332986216015683,0.005468773141624084
Pedestrian,EdgeWeighted,1,5,12002,412728,0.22780344024287866,13.793401042713763,6.78498504971524,0.4919008026943679,7.732839063987138,0.40899589901338695,0.09472579431500913,0.012249808047042088,0.06027955779029411,0.013961091068192374,0.0612856875227631,0.22780344024287866,0.024903004286462208,0.6903540345617912,0.02024627951428631,0.029327385960544097,0.3774059428970169,0.011213196100094977,-0.36619274679692193,1.1753533016108495,0.8739131811003658,0.9382674526446191,0.9324328589795297,-0.30144012051048374,-0.005834593665089427
Pedestrian,EdgeWeighted,1,6,12002,412728,0.22780344024287866,15.95020227676631,1.322145887855133,0.0828921078293848,5.8724723661154,0.24556878568077148,0.05639080098662414,0.009602565559265561,0.18573501311704585,0.04265096694555782,0.18722704550824126,0.22780344024287866,0.11584413344378933,0.32229270223863576,0.010089286953919916,0.03130473191230426,0.2815873892733229,0.005897346436393945,-0.27569004283692894,1.9349770407662898,1.9170533510456984,1.0965379602072642,1.0986557740720602,-0.01792368972059144,0.0021178138647959255
Pedestrian,EdgeWeighted,1,7,12002,412728,0.22780344024287866,8.610453554776754,11.737417309575758,1.3631590044908484,11.340355885182538,1.4547101559420534,0.33171688480923167,0.029251011861995205,0.1239378405261161,0.028261488518090908,0.1240608449431261,0.22780344024287866,0.021458253623419504,0.5382095989789457,0.046295213826865016,0.0860170704025391,0.28388430152545985,0.021156790913143764,-0.2627275106123161,1.6836794857538502,1.29395755498059,0.8616688285963292,0.8385562475421884,-0.38972193077326023,-0.023112581054140824
Pedestrian,EdgeWeighted,1,8,12002,412728,0.22780344024287866,6.682723662851004,7.793880752574848,1.1662730847660203,11.483097724903356,1.3645456392486224,0.31104796099877713,0.02708746090816016,0.17507910126120793,0.03990925323009649,0.17519161008117387,0.22780344024287866,0.023225658749844086,1.2494864264150485,0.05907253865744767,0.04727745490934264,0.7409019984105755,0.0423256963423853,-0.6985763020681902,1.735808326567703,1.3351016526985873,0.7876133310086032,0.7793395964261913,-0.4007066738691156,-0.008273734582411874
Pedestrian,EdgeWeighted,2,1,12002,412728,0.22780344024287866,4.133115238361904,10.354849479387445,2.5053377070700917,4.803464033889498,1.4363983157082554,0.32730330510159406,0.06813901428448448,0.1387174499426961,0.031608697493579516,0.1387542526677233,0.22780344024287866,0.027197536611619277,1.1433643350425058,0.17092416673623842,0.14949230092519997,0.5438400108546064,0.17569198115950457,-0.36814802969510185,1.8880352656547457,1.7163927781310409,2.0879203652679625,2.0529411408468867,-0.1716424875237048,-0.034979224421075816
Pedestrian,EdgeWeighted,2,2,12002,412728,0.22780344024287866,4.35763928778127,10.913308300271527,2.504408362993269,12.188838773540764,2.1369894363254667,0.4879838923371784,0.040035306152061745,0.19581499720979637,0.044714570363405884,0.19628574683891867,0.22780344024287866,0.015985933677506257,1.3503877671185065,0.16039782140511225,0.1187790826627396,0.8493899129693163,0.10526787617995387,-0.7441220367893624,2.311587846873814,1.6432299976267901,1.0869471959565797,1.0916042228224645,-0.6683578492470239,0.004657026865884761
Pedestrian,EdgeWeighted,2,3,12002,412728,0.22780344024287866,9.631161991674295,0.6453393132454212,0.06700534298283368,10.45441071345602,1.388754678923943,0.3167434295049095,0.030297588059578398,2.1519759123616935,0.4908168743104047,2.154562952348208,0.22780344024287866,0.45216668088205486,0.043230184669575886,0.0376153863248529,0.8701183654702689,0.032452365722703574,0.018922874144715163,-0.013529491577988412,1.4424875563210704,1.433820815256229,0.6769161483521143,0.6605369089393744,-0.008666741064841332,-0.016379239412739888
Pedestrian,EdgeWeighted,2,4,12002,412728,0.22780344024287866,2.810120876558187,13.896586125240368,4.945191572260364,3.486339082135869,1.132748541849663,0.2578678367736812,0.07396521966418969,0.08151272052184994,0.018556200369222613,0.08145706462934793,0.22780344024287866,0.014956997809654411,0.5325214874647654,0.12128019874076472,0.22774704743030452,0.31223469209745885,0.07678664883409897,-0.23544804326335989,2.0681082287909645,1.6252494537795463,1.7153869983011594,1.7605877408081372,-0.4428587750114181,0.04520074250697781
Pedestrian,EdgeWeighted,2,5,12002,412728,0.22780344024287866,12.27331686469068,7.070599748750983,0.5760952659286066,2.770102000486625,0.14696649251665045,0.03388191526343841,0.012231287921951422,0.020785576546707544,0.004791943600188116,0.021035430302214733,0.22780344024287866,0.021231362993275438,0.8462176327959209,0.017523161994666244,0.020707630175104064,0.466491248473571,0.0647545114457948,-0.4017367370277762,1.0341589467092114,1.1203060621686922,3.23917149547705,3.2368594910651267,0.08614711545948084,-0.002312004411923141
Pedestrian,EdgeWeighted,2,6,12002,412728,0.22780344024287866,0.9316985261775331,5.5479280837849485,5.954638617922871,6.8153998405421135,2.534950901000357,0.5777390626511609,0.08476965039772481,0.45691848527022705,0.10413600408743069,0.45713093448059433,0.22780344024287866,0.014235901738892696,1.147594465185359,0.16189705704666937,0.14107514505114696,0.8668566222790797,0.08672539784070865,-0.780131224438371,3.1663378990569333,2.4233743666249317,1.0989190360673238,1.028462131967049,-0.7429635324320016,-0.07045690410027472
Pedestrian,EdgeWeighted,2,7,12002,412728,0.22780344024287866,4.814466432356041,1.5091952549958396,0.3134709262315035,5.294944990958883,0.27731583236079266,0.06269231442173942,0.011840031277073929,0.18375079672778932,0.04154022734885286,0.18235117731783101,0.22780344024287866,0.03777074653048495,0.03544822822109956,0.02244734001274624,0.6332427544843426,0.032978135721346745,0.011981256420693531,-0.020996879300653214,2.148118568154935,2.155902545154577,1.4643540935642034,1.452065338865108,0.0077839769996419506,-0.012288754699095517
Pedestrian,EdgeWeighted,2,8,12002,412728,0.22780344024287866,2.2952285194472513,9.819939963003316,4.278414910330609,10.64560142199944,1.1752535916826563,0.26599348188404187,0.024986233383160143,0.11968032339440242,0.02708707819144548,0.11890547822065856,0.22780344024287866,0.005840067840177914,0.7204444539125333,0.011050111664415128,0.015337909051872017,0.3803546161152139,0.006721133531042236,-0.3736334825841716,3.0087616244620206,2.3058245876242505,0.5977693264710144,0.6013498816364446,-0.7029370368377701,0.0035805551654302104
Pedestrian,EdgeWeighted,3,1,12002,412728,0.22780344024287866,0.5075277167987934,4.53674547189142,8.938911575347268,1.3200164234766447,2.55590912699212,0.5820436496568892,0.44093666934426645,0.5633794395551,0.1282954161700578,0.5631846929151962,0.22780344024287866,0.04932778058427753,1.2098440048028087,0.3831519470901626,0.3166953279945036,0.800776782772189,0.352932197476304,-0.447844585295885,3.4575925590734315,2.6239234311028925,2.775821758709082,2.822643823580549,-0.833669127970539,0.046822064871467006
Pedestrian,EdgeWeighted,3,2,12002,412728,0.22780344024287866,2.4214226543563697,12.141714549333312,5.014289627358659,1.9391426413406836,0.9671041157067282,0.22203313635297395,0.11450067183013317,0.07965136315639351,0.018286802516066195,0.08027447563489157,0.22780344024287866,0.02283487395244441,1.4790137154625542,0.13163501765535235,0.08900189050928797,0.7735118528425501,0.12330154484309279,-0.6502103079994573,2.1902890770862404,1.8438224827927556,2.608625010657592,2.5807233607777094,-0.3464665942934848,-0.02790164987988275
Pedestrian,EdgeWeighted,3,3,12002,412728,0.22780344024287866,6.208800623465309,9.178147651684075,1.4782480858241842,6.081525456262744,0.619726266215596,0.141120914699806,0.023204854683693116,0.06752193242681868,0.015375751175691161,0.06749569051433549,0.22780344024287866,0.015697537341156156,0.8331451489579637,0.050763890263019924,0.060930426969667134,0.3993792521951503,0.03264135217382877,-0.36673790002132156,2.136368975449138,1.4955530477240184,1.2355201135098575,1.2434702796877248,-0.6408159277251195,0.007950166177867368
Pedestrian,EdgeWeighted,3,4,12002,412728,0.22780344024287866,4.623635174060264,8.602940477311469,1.86064430579853,2.083846254170702,0.6954665621500958,0.1594267978800145,0.0765060266782496,0.08084056412756124,0.01853166346031965,0.08134935375457057,0.22780344024287866,0.04111802886163959,1.3921857933382775,0.11093504553083063,0.07968408043295877,0.7458108003333915,0.20658399720881548,-0.539226803124576,2.211139039499959,1.8878896730320478,3.2104467021419523,3.1996860513073564,-0.32324936646791125,-0.010760650834595875
Pedestrian,EdgeWeighted,3,5,12002,412728,0.22780344024287866,2.512906362277117,9.590450774673986,3.8164775578102503,3.2773358948487443,0.5036029605662431,0.11527326347834947,0.035172855888163705,0.05251087481425017,0.012019587615481206,0.052762974409150544,0.22780344024287866,0.009216052043598032,0.5585035082982777,0.06049238281605586,0.10831155191353502,0.3631059680952104,0.08718090364598477,-0.2759250644492256,2.718395910289676,2.193682341068735,1.9237003682081792,1.9220372510705366,-0.5247135692209413,-0.0016631171376426668
Pedestrian,EdgeWeighted,3,6,12002,412728,0.22780344024287866,7.3046530951644035,2.091591983709708,0.2863369353201658,3.006729080933726,0.49097899017213126,0.11211563025273961,0.03728823810259627,0.23473937156420108,0.05360301176803038,0.23530377485889753,0.22780344024287866,0.13022503282244166,0.09460128473470117,0.06403493252396002,0.6768927709027543,0.10703174972378904,0.041780543117985694,-0.06525120660580334,1.9861763351702175,1.9418486716599608,2.290997678725189,2.260392649127128,-0.04432766351025674,-0.030605029598060884
Pedestrian,EdgeWeighted,3,7,12002,412728,0.22780344024287866,1.5627386571087207,13.351042750188366,8.543362387576686,1.9856802850212218,0.17460820327790266,0.04036794710800742,0.020329529989910076,0.013078244629593198,0.003023580092813505,0.013272758114900522,0.22780344024287866,0.002379570132208897,0.6477305218302749,0.028409831039787628,0.04386057109197975,0.31595869434591306,0.0416230544087147,-0.27433563993719834,2.892532548670358,2.2337181692996575,2.8496489736976214,2.841590212102844,-0.6588143793707006,-0.008058761594777586
Pedestrian,EdgeWeighted,3,8,12002,412728,0.22780344024287866,7.222781768194606,7.3177485217730345,1.0131482227339514,1.4075696907803077,1.7470983104646514,0.3990797725568976,0.2835239862975607,0.23874806614068533,0.05453586862463605,0.23939878244377422,0.22780344024287866,0.27984452534895055,1.2515841489997868,0.24415412705699066,0.19507607642789945,0.6757307476110175,0.14869599348723614,-0.5270347541237813,1.3098527361005476,1.3281480033591164,3.08557160332141,2.980313879118346,0.01829526725856878,-0.10525772420306412
Pedestrian,TargetWeighted,1,1,12002,412728,0.2270929919277364,20.43541509133294,6.315142762251546,0.30902933612734046,18.93529547771022,1.467770391837818,0.33384799099746276,0.01763098923986392,0.23242077729218336,0.052864678287936076,0.23278867177403478,0.2270929919277364,0.05705279922703131,0.928777334318381,0.05119987424774235,0.05512610160115107,0.5086652224629229,0.02791201466422263,-0.4807532077987003,1.296960612400039,1.0422603032274016,0.5800730530424014,0.5775458184511779,-0.2547003091726374,-0.002527234591223504
Pedestrian,TargetWeighted,1,2,12002,412728,0.2270929919277364,9.921361619391917,8.876891015698797,0.8947250737641809,15.617857821750098,3.387813753037813,0.771083417022838,0.04937190652710867,0.3816441751092828,0.08686413010935183,0.3825046539170458,0.2270929919277364,0.05518109129051916,0.5120307757865886,0.12807755401871979,0.2501364323669822,0.23929345109148475,0.0758206965505749,-0.16347275454090987,1.7784421078131227,1.3661697813642686,0.5532561378170737,0.5644622154175184,-0.41227232644885414,0.011206077600444675
Pedestrian,TargetWeighted,1,3,12002,412728,0.2270929919277364,5.883188758436683,12.820736276680252,2.1792155209201383,46.821265797395235,0.7295279828403789,0.16465892001930135,0.0035167549868609944,0.0569021908358182,0.01284317190038213,0.05655467932239046,0.2270929919277364,0.0016137710735643033,0.6345219717413766,0.012968051694426356,0.02043751369942606,0.36268955174137646,0.0071654724212631225,-0.3555240793201133,2.05577831574037,1.5450658371008386,0.3407367597821793,0.3409265754012057,-0.5107124786395314,0.0001898156190263678
Pedestrian,TargetWeighted,1,4,12002,412728,0.2270929919277364,7.191216783666109,13.25858912458299,1.8437198467248146,7.069173006991284,0.9823706139471802,0.22320739225591757,0.031574753046703194,0.07409314852247872,0.016834927909012237,0.07413230599844421,0.2270929919277364,0.017125569772184702,1.3455019347889088,0.05775606440728875,0.04292529240182548,0.6753874354274287,0.034494250958173635,-0.6408931844692551,1.392226722622708,1.0148851092798048,0.9634000003160808,0.9681310963923374,-0.3773416133429033,0.004731096076256658
Pedestrian,TargetWeighted,1,5,12002,412728,0.2270929919277364,13.951628176704693,6.5804188273132755,0.47165956111016016,7.890606146898457,0.4296779240000417,0.09901714263120331,0.012548737151788572,0.06529644003260364,0.015047240164978784,0.06626025477335928,0.2270929919277364,0.026605496676876946,0.6111604568496075,0.018544107486170393,0.030342452583297846,0.33594400933177804,0.009831694717547076,-0.32611231461423096,1.0691931138065816,0.8301151372933167,0.8610820587145215,0.8567127624138193,-0.2390779765132649,-0.004369296300702152
Pedestrian,TargetWeighted,1,6,12002,412728,0.2270929919277364,15.423157289876757,1.376326501363428,0.08923766221164235,5.899204312682086,0.25159503312765036,0.05755771847561523,0.009756861320146052,0.182801850469634,0.04181981383080162,0.184152807333575,0.2270929919277364,0.10933567716788929,0.3025242283628938,0.008985545403678678,0.029701902407238006,0.25562406265622395,0.004999166805532411,-0.25062489585069153,1.7854476795716179,1.7596760585990807,1.025591142428347,1.0270573345867862,-0.025771620972537157,0.001466192158439128
Pedestrian,TargetWeighted,1,7,12002,412728,0.2270929919277364,8.758809965373338,11.838474448219856,1.3516076363690317,11.022131397257603,1.4522380061178288,0.3301088876115982,0.0299496418083199,0.12267104272962218,0.027884411017366544,0.12278850858750673,0.2270929919277364,0.02215853238828356,0.5142944137764747,0.04403044282042608,0.08561330005701717,0.28520246625562407,0.019830028328611898,-0.26537243792701215,1.564646611840639,1.2373107646740662,0.8342018494019967,0.8140277986624612,-0.3273358471665728,-0.020174050739535487
Pedestrian,TargetWeighted,1,8,12002,412728,0.2270929919277364,6.668293765054073,7.795266645026245,1.169004682155449,11.79479243711051,1.3617930556723672,0.3094503507878781,0.026236184500532455,0.17469486496581974,0.03969721171608032,0.1748059666264504,0.2270929919277364,0.022443181517224985,1.2629621328035605,0.05255517407166502,0.04161262819406566,0.726628895184136,0.03616063989335111,-0.6904682552907848,1.5995714606912739,1.1860314415156832,0.7212873990252319,0.7145606811378742,-0.4135400191755907,-0.0067267178873576805
Pedestrian,TargetWeighted,2,1,12002,412728,0.2270929919277364,4.064508337361188,10.338807398244608,2.543679706047818,4.76093649264185,1.4312759607309071,0.32512428640309066,0.06828998585103556,0.13843723982995818,0.031446981606778224,0.13847622489390937,0.2270929919277364,0.026846927866036336,1.1137236834846505,0.16714088283828457,0.15007392211916531,0.5257457090484919,0.16505582402932845,-0.3606898850191635,1.7741032200674185,1.5260368336839083,1.9276679727246304,1.893242449092624,-0.2480663863835102,-0.03442552363200635
Pedestrian,TargetWeighted,2,2,12002,412728,0.2270929919277364,4.368322096542768,11.224354758134773,2.5694888070005653,12.242588521902706,2.143893520269622,0.487971655885191,0.03985853601251041,0.19100372044155256,0.04347436141901995,0.19143857824757624,0.2270929919277364,0.015512243427094721,1.3029825273565516,0.144453113640258,0.11086343024467524,0.826778870188302,0.09306782202966173,-0.7337110481586403,2.127785933594792,1.561449826160686,0.9828178337970522,0.9887186355163051,-0.566336107434106,0.0059008017192528905
Pedestrian,TargetWeighted,2,3,12002,412728,0.2270929919277364,9.302544262805986,0.6336610327654486,0.06811695963843162,10.329558333780067,1.3873129215630111,0.3154129824588234,0.030534992103389294,2.1893612324791896,0.49776293818266865,2.1918902562266647,0.2270929919277364,0.44827290857873753,0.041780900761740146,0.03629383718637431,0.8686703215576982,0.03157807032161306,0.018830194967505414,-0.012747875354107648,1.34222772252553,1.3309563145085097,0.6466525921026179,0.6335846699499234,-0.011271408017020201,-0.013067922152694589
Pedestrian,TargetWeighted,2,4,12002,412728,0.2270929919277364,2.729183897154968,13.832562958751142,5.06838799777728,3.4883720117731682,1.1250219502518892,0.2553393579293226,0.07319728410146219,0.08133141723579376,0.018459294818043082,0.08128517682776082,0.2270929919277364,0.014441925911975028,0.5211089444029589,0.11261072860145101,0.21609824135620648,0.311614730878187,0.07248791868021996,-0.239126812197967,1.9474282984579698,1.5485654068088701,1.61452236242068,1.652592504751384,-0.3988628916490997,0.03807014233070416
Pedestrian,TargetWeighted,2,5,12002,412728,0.2270929919277364,12.116419862342855,7.019612344905275,0.5793470694200983,2.7129862995388225,0.15250550660014955,0.03500189661699551,0.012901611959459332,0.021725630831106985,0.004986300503123414,0.021957085690866476,0.2270929919277364,0.022269227580077378,0.8919058838102092,0.017365276462347607,0.01946985279821775,0.48725212464589235,0.058990168305282455,-0.4282619563406099,0.9531228223469251,1.058653439580094,3.0393938694247034,3.0375189507592832,0.10553061723316881,-0.001874918665420111
Pedestrian,TargetWeighted,2,6,12002,412728,0.2270929919277364,0.9547127016805985,5.51660370607228,5.778286639088841,6.835453481939086,2.52713176679397,0.5741559090745465,0.08399675453159576,0.4580955777975006,0.10407778746219874,0.45830468829381843,0.2270929919277364,0.014536619526281365,1.1889580374891586,0.14821182266840383,0.12465689851832663,0.8647725379103482,0.08065322446258957,-0.7841193134477586,2.9582233069627284,2.1599508926986406,1.030528234460157,0.9698692966857269,-0.7982724142640878,-0.0606589377744301
Pedestrian,TargetWeighted,2,7,12002,412728,0.2270929919277364,4.596546473866578,1.5003035293223357,0.326397989139945,5.256672126263663,0.26989618897319845,0.06085450026206722,0.011576620851480644,0.17989438930145193,0.040561458842891404,0.1786116634972245,0.2270929919277364,0.03546780581371488,0.038397393126382545,0.019956825020349723,0.5197441335983878,0.03641059823362773,0.010748208631894685,-0.025662389601733046,2.054752840988483,2.0623787996703666,1.3353787094434282,1.324982480782231,0.007625958681883649,-0.01039622866119716
Pedestrian,TargetWeighted,2,8,12002,412728,0.2270929919277364,2.2965533392595345,9.91013379607695,4.315220371114924,10.54159174708382,1.1453337258791665,0.258503346632898,0.024522230853721586,0.11557197393004333,0.02608474836882447,0.11486372608313547,0.2270929919277364,0.0056827296610482214,0.7010173743104452,0.012225537422452106,0.017439706483852378,0.38526912181303113,0.0068321946342276285,-0.3784369271788035,2.818346799972954,2.1777138535553107,0.5880992674301853,0.5921645151085075,-0.6406329464176435,0.004065247678322281
Pedestrian,TargetWeighted,3,1,12002,412728,0.2270929919277364,0.49254071330390203,4.500914360639166,9.138156801426675,1.341634690233192,2.541119209465113,0.5769054249153068,0.43000186624200604,0.5645784390037737,0.1281751611802785,0.5644170454053239,0.2270929919277364,0.04705564536869366,1.2374536535384026,0.36377395640687316,0.2939697599396892,0.7762872854524246,0.3268621896350608,-0.44942509581736384,3.266747942071312,2.3430055835834973,2.593113994423866,2.632836898665738,-0.9237423584878148,0.03972290424187186
Pedestrian,TargetWeighted,3,2,12002,412728,0.2270929919277364,2.4354244703792576,12.142254770418699,4.985683139937824,1.9386096688308259,0.9866692145852414,0.22565336977574504,0.11639958896307401,0.08125914275628618,0.018584140578210125,0.08183493291494649,0.2270929919277364,0.023346768228647986,1.4440177677441135,0.12670429528903804,0.0877442765884636,0.7610398266955507,0.11248125312447925,-0.6485585735710715,2.031238417925048,1.7645239310783043,2.432853899566459,2.407958786904864,-0.2667144868467437,-0.02489511266159461
Pedestrian,TargetWeighted,3,3,12002,412728,0.2270929919277364,6.018649075923029,9.327797750025722,1.5498158501784787,6.13346734651524,0.616871284798013,0.14005627822191558,0.022834763777317836,0.06613257498373463,0.015014935124572143,0.06611800010178238,0.2270929919277364,0.014733856043187065,0.7833808325072114,0.04732117329095122,0.060406344811164574,0.38035327445425765,0.03141143142809532,-0.3489418430261623,1.9838882010536694,1.4368094217800937,1.144809841938086,1.1514919132778683,-0.5470787792735756,0.0066820713397821585
Pedestrian,TargetWeighted,3,4,12002,412728,0.2270929919277364,4.6826658295464165,8.595757116963954,1.8356546060516197,2.052392099320554,0.7066142833239912,0.16139406435669232,0.07863705167436155,0.08220500799253845,0.0187760149539843,0.0826798483202888,0.2270929919277364,0.042838696880519396,1.371712465442456,0.10748589503065108,0.07835891045314049,0.7426262289618397,0.18963506082319614,-0.5529911681386436,1.9939109963445725,1.7617133644548566,3.0288734530205774,3.019157161447829,-0.23219763188971587,-0.009716291572748226
Pedestrian,TargetWeighted,3,5,12002,412728,0.2270929919277364,2.3582400091970768,9.713589566171665,4.118999545041605,3.234664204423312,0.5073627224799675,0.11572069905683534,0.03577518140548831,0.05223225857972991,0.01191327862366235,0.052459910796605225,0.2270929919277364,0.008685405503795193,0.5326043124333524,0.056705745572128145,0.10646880467107743,0.3606898850191635,0.08140309948341944,-0.27928678553574404,2.5942418525666966,2.115283045217965,1.7845342230514196,1.7842526464575748,-0.4789588073487314,-0.0002815765938448678
Pedestrian,TargetWeighted,3,6,12002,412728,0.2270929919277364,7.254214599776224,2.08032825003822,0.2867751179065811,2.994132240665832,0.4935435094230964,0.11234308598744146,0.03752108343325807,0.23724309230603297,0.05400257649020135,0.2377993862945437,0.2270929919277364,0.13083799737849236,0.09038516572437105,0.058173493765085814,0.643617643035684,0.09806698883519413,0.0380769871688052,-0.05999000166638893,1.7758445890574346,1.7311112321495357,2.1175233620155764,2.091567250056319,-0.044733356907898925,-0.02595611195925729
Pedestrian,TargetWeighted,3,7,12002,412728,0.2270929919277364,1.6029466719340313,13.423650771393458,8.37435887461783,1.9700430403325293,0.18184475723615715,0.04183814657619251,0.021237173760812248,0.013546594752614723,0.003116748733823173,0.013724547684718872,0.2270929919277364,0.0025359760733231844,0.5803644692590137,0.02791588286943813,0.0481006055110058,0.29778370271621396,0.03866022329611731,-0.25912347942009667,2.6759298091993187,2.102496608425659,2.643570408637309,2.6358734339195453,-0.5734332007736596,-0.007696974717763538
Pedestrian,TargetWeighted,3,8,12002,412728,0.2270929919277364,7.035315093941003,7.186477024449046,1.0214861620659133,1.4078400668254678,1.7543890597795653,0.3994393192458947,0.2837249243156855,0.24412365772126426,0.055582076910723456,0.24475468833870234,0.2270929919277364,0.27775698983948427,1.2813770880715496,0.22755697708404887,0.1775878290836618,0.6881353107815364,0.14330944842526247,-0.544825862356274,1.2286767100464213,1.2773409159453135,2.8885939712421216,2.793415370602414,0.0486642058988922,-0.09517860063970751
Bicycle,EdgeWeighted,1,1,656,16757,0.2073702667255977,15.140926320435085,1.3990898140782653,0.09240450574453468,9.601598623551167,0.4429248021970577,0.09259402230588716,0.009643604762058368,0.31658067593255573,0.06618161372654473,0.31914705796587917,0.2073702667255977,0.10436291651286257,0.150750535162811,0.009030629814499685,0.05990445875168531,0.14644626126394938,0.00781762845378051,-0.13862863281016888,1.261342283446626,1.2061102178513403,1.1529693265081464,1.1528713302709754,-0.055232065595285595,-9.799623717099415e-05
Bicycle,EdgeWeighted,1,2,656,16757,0.2073702667255977,10.425951527676897,1.8753328086129952,0.17987162148567357,5.376433665605725,0.7016443515237237,0.14618633071379367,0.027190204424371308,0.37414390904898853,0.07795220627659774,0.3759082907515615,0.2073702667255977,0.15116449547819305,0.33530773781609174,0.008673498771377122,0.025867278128432415,0.23160470251238288,0.01008533747090768,-0.2215193650414752,1.4033400662732927,1.397817913294417,1.479166317815141,1.4785968280009911,-0.005522152978875594,-0.0005694898141499483
Bicycle,EdgeWeighted,1,3,656,16757,0.2073702667255977,8.392099140889687,3.485941963229901,0.41538379141532655,29.123152328534005,0.5471706363907889,0.11379236254988705,0.0039072817814204755,0.15696492959227537,0.0326432176507094,0.1574151231610906,0.2073702667255977,0.00940643753585791,0.4770529711842869,0.005050624765936521,0.010587135947454546,0.3265500984663126,0.0024467386763740526,-0.32410335978993854,1.4389310765738055,1.3940846179721833,0.5528104446161185,0.5523103728586786,-0.044846458601622174,-0.0005000717574399349
Bicycle,EdgeWeighted,1,4,656,16757,0.2073702667255977,9.301959366625313,3.3176958019898617,0.356666339602259,3.9118528397092254,0.2796661403459248,0.05894466246426179,0.015068220796864392,0.08429529293651211,0.017766747105397954,0.08567644016267464,0.2073702667255977,0.04224738558506545,0.2602306106138037,0.0067304890122902,0.025863555166625106,0.18947305603628334,0.008832129856179507,-0.18064092618010383,0.9407314735137925,0.8605604040822888,1.6229704062994903,1.623556381406822,-0.08017106943150365,0.0005859751073316044
Bicycle,EdgeWeighted,1,5,656,16757,0.2073702667255977,11.12285625072095,2.517970631123538,0.22637806082376996,6.450865247656334,0.1584218462654664,0.032821041258272315,0.0050878510009673555,0.06291647872223695,0.0130347195961059,0.06285722236535406,0.2073702667255977,0.02247501704760144,0.2892438795217489,0.008872601338722896,0.030675155673619666,0.21805812496270216,0.0011935310616458794,-0.21686459390105628,1.4990863701404384,1.4209332855012804,1.1024969122684998,1.1004085714493739,-0.07815308463915804,-0.0020883408191259
Bicycle,EdgeWeighted,1,6,656,16757,0.2073702667255977,23.731418748635306,0.4653795713896166,0.019610271771900528,3.307699563044132,0.17035346951056662,0.03466232651229239,0.010479284997576749,0.3660527369978151,0.07448183783394878,0.35917316121686393,0.2073702667255977,0.5343770742036181,0.08164111729628189,0.0112699906000731,0.1380430546870506,0.05776690338366056,0.014919138270573491,-0.04284776511308707,1.2182445252470624,1.2286956920490726,1.7294004675530519,1.7263134728655665,0.010451166802010192,-0.0030869946874854115
Bicycle,EdgeWeighted,1,7,656,16757,0.2073702667255977,6.2779038867083194,1.9746694578661796,0.31454279809882946,10.312375844517318,0.21666546852742744,0.04398727024978857,0.004265483616030153,0.10972239762310972,0.022275763597702784,0.10742023374535563,0.2073702667255977,0.013560900157952225,0.45459365222790116,0.011013610444338419,0.02422737349738275,0.3511965148893,0.004833800799665811,-0.34636271408963415,1.370709897778229,1.3374043853014386,1.0084000607865806,1.0038705580806422,-0.03330551247679048,-0.004529502705938437
Bicycle,EdgeWeighted,1,8,656,16757,0.2073702667255977,6.374987860394937,1.4894075187681541,0.23363299649319708,7.101228467543253,0.3991580330728666,0.08305714600704783,0.011696165849290115,0.2679978618095201,0.055765225032628915,0.26891619142901635,0.2073702667255977,0.050062129597389246,0.20061924214767385,0.008906950430060762,0.044397286574991535,0.12615623321596944,0.00722086292295757,-0.11893537029301188,1.481199262328871,1.367344793053374,1.308348832776226,1.308354924022646,-0.11385446927549703,6.0912464199258665e-06
Bicycle,EdgeWeighted,2,1,656,16757,0.2073702667255977,5.6158299938131195,1.9261050123397205,0.34297779865699374,6.980415956073377,0.5375527164571402,0.11241220219460163,0.016103940329767443,0.2790879574178943,0.05836244695424231,0.28144075359204107,0.2073702667255977,0.04695330112704965,0.19732559571718855,0.02052926720672044,0.10403752281466928,0.1989019514232858,0.025660917825386407,-0.17324103359789939,1.3547314707694178,1.3161791803581784,1.5582736061474038,1.5599871597175157,-0.03855229041123942,0.0017135535701118254
Bicycle,EdgeWeighted,2,2,656,16757,0.2073702667255977,4.627446454719188,1.0047564210506974,0.21712977745095755,8.480273361269004,0.4419897090147773,0.09130905338737841,0.010767229945290635,0.43989736751680036,0.09087680413440538,0.43823447395336185,0.2073702667255977,0.049588912105035785,0.601058542796474,0.018906606289004983,0.031455514942829534,0.5499194366533389,0.009428895387002447,-0.5404905412663364,2.678357091947967,2.2578320818101356,1.469943267012234,1.468194188578196,-0.4205250101378315,-0.0017490784340381538
Bicycle,EdgeWeighted,2,3,656,16757,0.2073702667255977,21.650584068725117,0.29736260668672887,0.013734622844606366,8.019005960332409,0.19668639928943568,0.04079869562341366,0.005087749750325032,0.6614362002895763,0.13720183148103995,0.6616272768087782,0.2073702667255977,0.3704321628315683,0.021765929199618405,0.005653643003701348,0.25974725702626544,0.01623202243838396,0.0014919138270573491,-0.014740108611326611,1.188120447261992,1.178811689367598,1.0716210326047,1.0729364746664758,-0.009308757894394004,0.0013154420617758067
Bicycle,EdgeWeighted,2,4,656,16757,0.2073702667255977,4.176004855767525,3.0487208839590942,0.7300568322969991,6.2134576920595554,0.2940909833288665,0.06107189890981866,0.009828971538596834,0.09646372808727582,0.02003197440304553,0.09660002734891847,0.2073702667255977,0.013463296238237634,0.592419441820923,0.003139351638602289,0.00529920418540081,0.49095900220803246,0.0,-0.49095900220803246,1.6544501039125896,1.5583048035037945,1.0758865954513102,1.076441131999982,-0.0961453004087951,0.0005545365486718801
Bicycle,EdgeWeighted,2,5,656,16757,0.2073702667255977,18.229303242786546,1.7014275332123177,0.09333475391892644,5.244373815123381,0.27207642264905557,0.05683602403834936,0.01083752339813652,0.1599106725023222,0.03340490417302296,0.16108819788684536,0.2073702667255977,0.11611454235369728,0.09124670517165091,0.024214599273522475,0.26537502449234046,0.044578385152473594,0.047621889359670586,0.003043504207196991,0.6951774930084477,0.6807286697801579,2.4932361665390896,2.4953171182929426,-0.014448823228289775,0.002080951753852922
Bicycle,EdgeWeighted,2,6,656,16757,0.2073702667255977,1.674847497764442,1.6238023985524663,0.9695225332602908,5.721984998528343,0.7554773917991819,0.15702626722727916,0.027442621222047783,0.4652520453351526,0.09670281704241328,0.4663292086472696,0.2073702667255977,0.028305294614155426,0.4127039826082983,0.008060988552378422,0.019532131253281067,0.542817926836546,0.005012830458912693,-0.5378050963776333,3.093192827918396,2.8941155879797957,1.0557540871333972,1.0557749716974183,-0.19907723993860005,2.0884564021050878e-05
Bicycle,EdgeWeighted,2,7,656,16757,0.2073702667255977,9.23149656463983,0.9771444950502428,0.10584897986471564,6.4495278494300985,0.08292311908362951,0.016890610093613097,0.002618890942368238,0.08486269805034187,0.017285682932581824,0.08335660831207295,0.2073702667255977,0.024741766035891434,0.06639311309463294,0.006793651079777466,0.10232461982687856,0.0356269021901295,0.002267709017127171,-0.03335919317300233,1.3909299676351414,1.371040243042032,1.3934541100377502,1.392686131965187,-0.019889724593109337,-0.0007679780725631247
Bicycle,EdgeWeighted,2,8,656,16757,0.2073702667255977,3.067220224735941,1.5680827544594846,0.5112390485368854,8.565180316273397,0.32899236840387086,0.06809814449137604,0.007950579193585371,0.2098054872232933,0.043427646827589074,0.20942078832760888,0.2073702667255977,0.015551587972051912,0.6389114343463133,0.006002866339145263,0.009395459092592949,0.6132362594736528,0.003341886972608462,-0.6098943725010443,2.6623510015407867,2.4133142421116647,0.9381443249722442,0.938270224943005,-0.24903675942912207,0.00012589997076084547
Bicycle,EdgeWeighted,3,1,656,16757,0.2073702667255977,0.7889051865152391,1.1053511388164974,1.4011203674396706,1.0751523447049034,0.6532052053346364,0.13670063604903462,0.12714536265565338,0.5909481399047037,0.12367168224812576,0.5963809481325719,0.2073702667255977,0.09074549532138826,0.230327628077963,0.015279250317994758,0.06633702514165028,0.29342961150563945,0.02560124127230411,-0.26782837023333533,2.9278790930901035,2.8011859091208478,2.8434218998583987,2.8375336350404936,-0.12669318396925577,-0.005888264817905053
Bicycle,EdgeWeighted,3,2,656,16757,0.2073702667255977,1.9463524028631716,1.9989389544361964,1.0270179959320254,2.681709398500754,0.26886995315322815,0.05645910366336953,0.021053401045019925,0.1345063345788866,0.028244536060306323,0.1362033966790759,0.2073702667255977,0.020499544237215034,0.6295229489185294,0.01670420110805433,0.026534697220178947,0.4550933938055738,0.022498060512024826,-0.43259533329354893,2.2614362104702694,1.9714546221240976,2.034890089567555,2.0342692776065325,-0.2899815883461718,-0.0006208119610224827
Bicycle,EdgeWeighted,3,3,656,16757,0.2073702667255977,12.491396605461587,0.92440049629746,0.07400297378703488,6.028913788839774,0.5111223154373361,0.10612524948188186,0.017602714688391297,0.5529230154628059,0.11480440432356506,0.5536203458679846,0.2073702667255977,0.2378649317579982,0.2999373147521595,0.023108179426090864,0.07704336045934039,0.3009488571940085,0.019812615623321598,-0.2811362415706869,1.791434237692372,1.7738777274840447,1.102397707439318,1.0989974834994922,-0.01755651020832727,-0.003400223939825864
Bicycle,EdgeWeighted,3,4,656,16757,0.2073702667255977,5.4238759735554485,1.263621259492466,0.23297384809748906,3.8002927144837195,0.06270790420203394,0.012654959132555378,0.003329995884534024,0.04962555293740869,0.010014835487565233,0.04829445977360267,0.2073702667255977,0.01429343151084604,0.22119562580428964,0.003646429354668654,0.016485087246002252,0.38736050605717015,0.010025660917825386,-0.3773348451393448,2.1700327013916394,2.187047507214987,2.309156522568181,2.3076094107836895,0.01701480582334769,-0.0015471117844914062
Bicycle,EdgeWeighted,3,5,656,16757,0.2073702667255977,5.596161251395826,1.298707148146749,0.23207107291665466,3.804328462174354,0.05897875889093117,0.012008511452951237,0.003156539068795972,0.0454134394508872,0.009246512100608844,0.0445893801494236,0.2073702667255977,0.01360160442707807,0.33719908111805874,0.006261683272387166,0.01856969202267171,0.24312227725726562,0.008354717431521155,-0.23476755982574446,1.4947842715592043,1.496190586871423,1.841851446253392,1.8396807099910584,0.0014063153122185756,-0.00217073626233355
Bicycle,EdgeWeighted,3,6,656,16757,0.2073702667255977,6.039324036462562,0.8790978383564783,0.14556229001677692,3.971492032725704,0.3177656256916994,0.06598431188052471,0.01661448925760368,0.3614678687768144,0.07505912112501015,0.36195698973933466,0.2073702667255977,0.11414005725169747,0.10221415371256709,0.010594238498288354,0.10364746052298628,0.08080205287342603,0.014919138270573491,-0.06588291460285253,1.7026461225867526,1.7422883693005233,1.8592782102241552,1.8601803853397232,0.0396422467137707,0.0009021751155680047
Bicycle,EdgeWeighted,3,7,656,16757,0.2073702667255977,0.8808796190621263,2.4469147400510582,2.777808294484334,2.378544606567892,0.160845481778461,0.03365513544295015,0.014149465689448637,0.06573399493182373,0.01375411033108035,0.06632633445959302,0.2073702667255977,0.005093751669835011,0.8211087576096562,0.01670760729280472,0.02034761769922701,0.7818225219311332,0.008354717431521155,-0.773467804499612,3.0239567541234815,2.4252992823449784,2.428523621227952,2.433022973739529,-0.5986574717785031,0.0044993525115768485
Bicycle,EdgeWeighted,3,8,656,16757,0.2073702667255977,12.427304597268689,2.278976486228282,0.18338461623410407,1.6226778430568796,0.5240742687753741,0.10846291723679855,0.06684192862586423,0.22996036582330698,0.04759281959085811,0.22950646709043657,0.2073702667255977,0.3644903610433273,0.1095142522133119,0.013349733945397521,0.12189950126673828,0.07531180998985498,0.017544906606194427,-0.057766903383660556,0.7397513724600687,0.7221097615481236,2.784076504439586,2.7864333147146914,-0.01764161091194516,0.002356810275105481
Bicycle,TargetWeighted,1,1,656,16757,0.20072031257356085,14.674127491814682,1.417508804148465,0.09659918819522101,9.65218017462238,0.4481052964633095,0.0906129388584581,0.009387820899035892,0.31612170026081865,0.06392407437190555,0.31847335412924305,0.20072031257356085,0.09718321760873923,0.1536793492958525,0.008228232321906602,0.053541557952920656,0.14634146341463414,0.006097560975609756,-0.14024390243902438,1.103843366802322,1.0569939547004383,0.9538800618286654,0.9539629284690293,-0.04684941210188365,8.286664036394331e-05
Bicycle,TargetWeighted,1,2,656,16757,0.20072031257356085,10.446224515938432,1.9049757078200447,0.18236021091542753,5.490602390420099,0.7065587623382898,0.14239510564275437,0.025934332020082055,0.3709017158217844,0.07474903974403618,0.3724039438838677,0.20072031257356085,0.14221485305235246,0.3270520921280143,0.007652104959779364,0.023397204634948925,0.21646341463414634,0.009146341463414634,-0.2073170731707317,1.2021639230560912,1.1956647072696474,1.2417269148861219,1.2412793084943297,-0.006499215786443857,-0.0004476063917921991
Bicycle,TargetWeighted,1,3,656,16757,0.20072031257356085,8.128960195033848,3.5389503997989977,0.43535093179660384,29.326568776130227,0.5559874732966391,0.11181660911975683,0.003812809126604665,0.15710518908577123,0.031595980777280146,0.15741296333210464,0.20072031257356085,0.008758012813455705,0.48315254152093023,0.00441960244426288,0.009147426481243413,0.3125,0.003048780487804878,-0.3094512195121951,1.2705876778660161,1.2027614912183582,0.4823387207095158,0.48188879064869977,-0.06782618664765794,-0.00044993006081600617
Bicycle,TargetWeighted,1,4,656,16757,0.20072031257356085,9.242892873073501,3.379644867493853,0.3656479535409301,3.8704284872368278,0.28095153350738566,0.057297598978776475,0.014803941997554616,0.08313048964946959,0.01695373361868275,0.08446445980809678,0.20072031257356085,0.04048687118121331,0.2424149513294526,0.005974807362436261,0.024647023969433288,0.17378048780487804,0.006097560975609756,-0.16768292682926828,0.8295533325801496,0.7587361661080798,1.4007459289750892,1.401393253168347,-0.07081716647206981,0.0006473241932578588
Bicycle,TargetWeighted,1,5,656,16757,0.20072031257356085,10.953266577287328,2.5614222481426596,0.23385007821461395,6.581583837453472,0.15623690843688792,0.03136596637492853,0.004765717052600425,0.06099615474965793,0.01224552737262174,0.061007909989452845,0.20072031257356085,0.020379368205440777,0.2925058728324055,0.007897635985808041,0.026999921879633033,0.2149390243902439,0.001524390243902439,-0.21341463414634146,1.3315966370960342,1.2592053740582394,0.9502255941558728,0.9488485192771873,-0.07239126303779475,-0.001377074878685547
Bicycle,TargetWeighted,1,6,656,16757,0.20072031257356085,23.57648064087218,0.48049907449990764,0.02038044106816817,3.3494539786357103,0.17577773528844134,0.0345191334295932,0.010305898676832827,0.36582324703362706,0.07184016482678614,0.35791176451730666,0.20072031257356085,0.5056756910022177,0.0689519895381955,0.010613997642421692,0.1539331377408735,0.042682926829268296,0.010670731707317074,-0.03201219512195122,1.0835946876059999,1.0907844221463914,1.5378413031662181,1.5359207801422552,0.0071897345403915125,-0.00192052302396295
Bicycle,TargetWeighted,1,7,656,16757,0.20072031257356085,6.095697684261045,2.028187810402341,0.33272447423234786,10.389746488278975,0.22143698245092613,0.043483607897929946,0.004185242431577406,0.10917972202741985,0.02143963564937684,0.10681347745203802,0.20072031257356085,0.012578702890571683,0.43998671042565823,0.01011929378277468,0.02299908909292746,0.3155487804878049,0.004573170731707317,-0.31097560975609756,1.2079857768258004,1.1595901693998965,0.8525269747489619,0.8490067142247439,-0.048395607425903986,-0.003520260524217944
Bicycle,TargetWeighted,1,8,656,16757,0.20072031257356085,6.415789860884608,1.510128993688651,0.2353769409658728,7.24036883162718,0.4076888154383473,0.08194464670541397,0.01131774478591314,0.269969528724052,0.054263342075581256,0.2703430394084515,0.20072031257356085,0.048083487951860224,0.19078196720144874,0.007205202201669965,0.037766681671727906,0.11890243902439024,0.004573170731707317,-0.11432926829268292,1.2788669911675055,1.1841886450746504,1.1553554227084322,1.1554754076864786,-0.09467834609285508,0.00011998497804643904
Bicycle,TargetWeighted,2,1,656,16757,0.20072031257356085,5.636764938573795,1.9531649553558812,0.346504594953896,7.04974817273446,0.5421557330417001,0.10969282143382822,0.015559821229143608,0.2775780554423959,0.05616157538123841,0.27980014510317497,0.20072031257356085,0.0449050921883532,0.18922493390283965,0.019039691806852162,0.10061935500759549,0.1798780487804878,0.022865853658536585,-0.15701219512195122,1.1822365257731535,1.1423124711861787,1.3622659789148395,1.363870209442997,-0.03992405458697479,0.001604230528157613
Bicycle,TargetWeighted,2,2,656,16757,0.20072031257356085,4.624420217909946,1.0562299382724134,0.22840267238208742,8.784224280906368,0.4542835393498416,0.09064085047277096,0.010318594729713863,0.43009908977952677,0.08581545204339698,0.42753743588642834,0.20072031257356085,0.045177204672457484,0.6351624546974717,0.01591996837092129,0.02506440360657014,0.510670731707317,0.009146341463414634,-0.5015243902439024,2.362806442167309,1.9196417381761017,1.2384765831893485,1.2367476607864758,-0.4431647039912072,-0.0017289224028727013
Bicycle,TargetWeighted,2,3,656,16757,0.20072031257356085,21.638684103727236,0.3044331079931771,0.014068928886486658,8.084859175413593,0.19659900717954462,0.03944152544829673,0.004878443092670765,0.6457871879233283,0.1295572758584718,0.6454616762136335,0.20072031257356085,0.34675273892592945,0.01962818532328611,0.0052502943431117985,0.26748736991031763,0.01524390243902439,0.001524390243902439,-0.013719512195121951,1.0460273220577063,1.0384749453860929,0.9808588574883321,0.9819939743028234,-0.007552376671613459,0.0011351168144912993
Bicycle,TargetWeighted,2,4,656,16757,0.20072031257356085,4.102452493683983,3.107894477397009,0.7575698864535627,6.306819900819641,0.2939069879890686,0.05907051436525405,0.009366133043360862,0.09456787840800476,0.019006602252680742,0.0946919674549403,0.20072031257356085,0.012363391268854338,0.5847546004914185,0.0031481570638972264,0.005383723372871853,0.45121951219512196,0.0,-0.45121951219512196,1.4479600727098059,1.3485738592957162,0.958575046347933,0.9587593584301413,-0.09938621341408971,0.00018431208220826
Bicycle,TargetWeighted,2,5,656,16757,0.20072031257356085,18.7585324446123,1.7279014889004138,0.09211282881969596,5.214257549155292,0.27904200422611275,0.0563048428314153,0.010798247342529944,0.1614918468464128,0.032585678562838255,0.1623436936780336,0.20072031257356085,0.11722847195782025,0.08649375087872871,0.02292409806757452,0.2650375915520192,0.042682926829268296,0.041158536585365856,-0.0015243902439024404,0.5592392828523213,0.5476811712164401,2.232526779367415,2.2345163558503023,-0.011558111635881163,0.001989576482887223
Bicycle,TargetWeighted,2,6,656,16757,0.20072031257356085,1.5963548980423514,1.6560021002348528,1.0373646185394,5.890774081073698,0.7549396223091813,0.15191911794862895,0.025789330162708547,0.4558808335106025,0.09173848089304905,0.4570463006277221,0.20072031257356085,0.024860429450944063,0.4107161046264656,0.007510605758399096,0.018286610850976166,0.5640243902439024,0.004573170731707317,-0.5594512195121951,2.8062119998724637,2.627596124493776,0.90505696353415,0.9057622477642197,-0.1786158753786875,0.0007052842300696582
Bicycle,TargetWeighted,2,7,656,16757,0.20072031257356085,9.247287976362786,1.0004410601971216,0.1081875098593769,6.4915249781074085,0.08481514208466397,0.016697164426878647,0.0025721482174786594,0.08477774914613656,0.01668980305215651,0.08314954279749108,0.20072031257356085,0.02377490694695618,0.06345195270014163,0.006372874102426258,0.10043620135980497,0.0350609756097561,0.001524390243902439,-0.03353658536585366,1.2363801120601385,1.2170131788531184,1.2160745166219902,1.2154053081914897,-0.0193669332070201,-0.0006692084305004453
Bicycle,TargetWeighted,2,8,656,16757,0.20072031257356085,2.9716799019058358,1.6112934300984718,0.5422163482826441,8.68686472293333,0.3276598020979413,0.06563617738492415,0.007555795952029347,0.20335203628577853,0.04073508632972086,0.20294450411114745,0.20072031257356085,0.013935020285925597,0.6657668851528795,0.006122128566076756,0.009195603762591613,0.5899390243902439,0.004573170731707317,-0.5853658536585367,2.384070862130709,2.109721774683238,0.8771404534563442,0.8775088427941624,-0.274349087447471,0.00036838933781824235
Bicycle,TargetWeighted,3,1,656,16757,0.20072031257356085,0.7798632228843464,1.124353772909917,1.441731992866829,1.0654853466053869,0.6578539941394798,0.13316212059501523,0.12497789835354176,0.5850951934691778,0.11843435991328378,0.59004667985166,0.20072031257356085,0.08668594309138451,0.22392144707787226,0.014719104138793028,0.06573333494196684,0.2820121951219512,0.024390243902439025,-0.25762195121951215,2.6519179400422175,2.5392480105207453,2.5754465775638136,2.569916191735701,-0.11266992952147215,-0.005530385828112383
Bicycle,TargetWeighted,3,2,656,16757,0.20072031257356085,1.9226302204121513,2.036913053218109,1.0594408747965327,2.6392751591608357,0.2737871899740526,0.05557125292472509,0.021055497954157662,0.13441280087894256,0.027282093638757634,0.13592093361029337,0.20072031257356085,0.019874160282384614,0.6136434408265712,0.015559737404285966,0.025356316250629195,0.4344512195121951,0.013719512195121951,-0.42073170731707316,2.011034197005656,1.7099475110318947,1.8205545348777292,1.8199756385072774,-0.30108668597376154,-0.0005788963704518313
Bicycle,TargetWeighted,3,3,656,16757,0.20072031257356085,12.395796445455522,0.9541055163161958,0.07697008576615372,6.043242652100315,0.5257630677053757,0.10545170086886035,0.01744952284146916,0.5510533721939003,0.1105241484933115,0.5506375591480337,0.20072031257356085,0.22670522451321012,0.288078986835782,0.020661937823795225,0.07172316639096554,0.27439024390243905,0.01676829268292683,-0.2576219512195122,1.570561368282505,1.5384439512843355,0.9138981254209949,0.9102412430980306,-0.0321174169981695,-0.00365688232296435
Bicycle,TargetWeighted,3,4,656,16757,0.20072031257356085,5.155863342376544,1.2775574222265724,0.24778729281832013,3.683644537282886,0.06302664246641292,0.012311454247182442,0.0033421938759708955,0.049333705770524816,0.009636712946615326,0.048010648961983524,0.20072031257356085,0.013488156325836526,0.22285377649618432,0.003591130264501433,0.016114288749421453,0.3628048780487805,0.007621951219512195,-0.3551829268292683,1.9400055701477057,1.9490355099028798,2.067599375874466,2.0661393935983035,0.009029939755174077,-0.0014599822761627301
Bicycle,TargetWeighted,3,5,656,16757,0.20072031257356085,5.5416930186082745,1.3435900267014707,0.2424511822948981,3.8032285412218254,0.0599567608808211,0.011762472895004228,0.0030927599371395696,0.04462429702739956,0.008754510359336422,0.0436154657739155,0.20072031257356085,0.012756216654846497,0.32356039056918495,0.005573598476229955,0.017225836247035387,0.22103658536585366,0.004573170731707317,-0.21646341463414634,1.2775588010118066,1.2856218673937883,1.594208851790506,1.5923946189477935,0.00806306638198162,-0.0018142328427124266
Bicycle,TargetWeighted,3,6,656,16757,0.20072031257356085,5.865721458290496,0.9005641115527655,0.15352998201860166,3.985650838867793,0.3207797748311135,0.06446509391548029,0.016174295330910117,0.3561987060710573,0.07158301377177746,0.3566306234165373,0.20072031257356085,0.1053494181706884,0.1008093921002086,0.010456823191702061,0.10372865004503805,0.08231707317073171,0.013719512195121951,-0.06859756097560976,1.4777804585936853,1.5156647294861871,1.6180579843266092,1.6186722435923677,0.03788427089250179,0.0006142592657585322
Bicycle,TargetWeighted,3,7,656,16757,0.20072031257356085,0.8957962462770025,2.4917302939731965,2.781581499714028,2.3616990731911836,0.16381717809706048,0.033136498011471366,0.014030787515358032,0.06574434554006317,0.013298589321096854,0.0662543241789736,0.20072031257356085,0.005044176295520646,0.8837327270020313,0.015796319842986403,0.017874544171096032,0.7637195121951219,0.010670731707317074,-0.7530487804878049,2.7271864873473532,2.1017901982287164,2.129146994982387,2.1330054171122006,-0.6253962891186369,0.0038584221298134658
Bicycle,TargetWeighted,3,8,656,16757,0.20072031257356085,12.540468994683781,2.323117769398089,0.18524967196445524,1.62821934045087,0.5269331128169252,0.10555269021891121,0.06482707025296232,0.2268215229937466,0.04543578941841662,0.22636367277541175,0.20072031257356085,0.34994429985256875,0.09323110833922205,0.01268213052767018,0.13602894348565212,0.054878048780487805,0.018292682926829267,-0.03658536585365854,0.5865959806522623,0.5733046388745284,2.5110284172983595,2.5132920454938046,-0.013291341777733834,0.002263628195445122
vehicle.moving,EdgeWeighted,1,1,10446,287346,0.3085815343121724,24.30883518745476,6.566017799707542,0.27010828558313776,10.313233381113577,1.3209417664444894,0.4047554066724158,0.03924621806980285,0.20117852322781402,0.06164397027281959,0.1997655770704754,0.3085815343121724,0.14529808492210153,0.13087492194018624,0.07077520709721653,0.5407850536996873,0.09876594767284042,0.04297258357520202,-0.055793364097638395,1.1863061117225533,1.1341494572313475,0.8588851165540528,0.868881008219206,-0.05215665449120577,0.009995891665153245
vehicle.moving,EdgeWeighted,1,2,10446,287346,0.3085815343121724,9.265627504884064,10.903780214338585,1.1767988942813679,5.645316592107771,3.1156289103702024,0.9545751718408007,0.1690915211884475,0.28573841789434945,0.08754534227588986,0.28370245690171864,0.3085815343121724,0.143687694280873,0.5361065013255929,0.18735517867751508,0.34947379805974577,0.3119723260459516,0.09936800929889401,-0.2126043167470576,1.5944947640804816,1.340292156901401,1.3425082706579141,1.2788454587248654,-0.2542026071790806,-0.06366281193304868
vehicle.moving,EdgeWeighted,1,3,10446,287346,0.3085815343121724,16.55460186951755,18.73598613931095,1.1317690558594677,23.4166327378385,1.384264313344376,0.4236230943058209,0.01809069215320567,0.07388265033464944,0.022610130629361104,0.0732711694724292,0.3085815343121724,0.015984437725789547,1.468896961108577,0.06373087283680424,0.04338689104158649,0.7663826884661697,0.0378567998162494,-0.7285258886499204,1.2349361319269787,0.8199949213013418,0.8572066785203178,0.8615737273044043,-0.41494121062563694,0.004367048784086447
vehicle.moving,EdgeWeighted,1,4,10446,287346,0.3085815343121724,10.32854646083204,16.630919544745122,1.610189738867039,9.100954037147082,0.8804469954228638,0.26953523221008574,0.029616151319276047,0.05294036764020395,0.01620687487079944,0.05252055791905679,0.3085815343121724,0.018392957314573983,0.4473493731482202,0.03854661201413787,0.08616668194078235,0.36428904526250583,0.01939473665894079,-0.344894308603565,1.4337490373841686,1.274874395867856,0.7291850747495795,0.7226228086753997,-0.1588746415163127,-0.006562266074179757
vehicle.moving,EdgeWeighted,1,5,10446,287346,0.3085815343121724,22.458052651756216,11.0308767440552,0.4911769025655401,12.809563623243953,0.0545247947917737,0.01713462832703341,0.0013376434059443566,0.004942924846996331,0.0015533333123982488,0.005033785529399127,0.3085815343121724,0.002723343405856578,0.6088198480420108,0.002672462654345759,0.004389578656222723,0.30101689252677954,0.001559096002728418,-0.29945779652405113,0.531017569631409,0.4713904850237429,0.5477908469316968,0.5484468220649305,-0.05962708460766608,0.0006559751332336772
vehicle.moving,EdgeWeighted,1,6,10446,287346,0.3085815343121724,23.30675718130864,1.1812159619523144,0.050681266049006746,4.618233036228692,0.15548626093838838,0.04804144250132731,0.010402559165037928,0.1316323725977059,0.04067117584087895,0.13180041577513948,0.3085815343121724,0.20525448402244398,0.06933416170165776,0.01948637450049217,0.2810500799568397,0.05063233871360659,0.023689210916456118,-0.02694312779715047,0.8079468480571204,0.795747103908462,1.8334312210680712,1.8307826457323637,-0.01219974414865832,-0.0026485753357075037
vehicle.moving,EdgeWeighted,1,7,10446,287346,0.3085815343121724,9.870849774834788,12.748448395235606,1.2915249115452911,9.756008242129775,1.276095954452192,0.39025806886821784,0.04000181824190472,0.10009813852547872,0.03061220130192035,0.09920295580267083,0.3085815343121724,0.030972548477069352,1.385011230455024,0.09185412298776366,0.06632012817281283,0.7376298956658524,0.06808516561914904,-0.6695447300467033,1.0653478798439793,0.7440869050983008,1.533133030378283,1.547747840464146,-0.3212609747456785,0.014614810085862961
vehicle.moving,EdgeWeighted,1,8,10446,287346,0.3085815343121724,7.661272175124268,9.030897087583313,1.1787725157602957,12.109620917218162,1.7211712231531577,0.5271107836983907,0.0435282645812332,0.19058695991716557,0.05836748863404131,0.18914769761795805,0.3085815343121724,0.03692677223975672,0.13293523463532275,0.06864799851636941,0.5164017917497304,0.0870970885274199,0.04421498820237623,-0.04288210032504367,0.9795366338511823,0.9118715830758658,0.85993977390791,0.847725703030022,-0.06766505077531648,-0.01221407087788795
vehicle.moving,EdgeWeighted,2,1,10446,287346,0.3085815343121724,2.3560228437827546,12.278562975516904,5.211563612722533,6.5162927711563965,1.4604908118184021,0.44760636941424997,0.06869034042003508,0.11894639572571433,0.03645429599068075,0.11813504943057207,0.3085815343121724,0.01318037068962253,0.41609468044174314,0.13891275084617186,0.33384889073853935,0.43835306564211785,0.1522067472663618,-0.28614631837575605,2.3870195774261376,2.1269630898508534,1.7103933774142797,1.6936236408627232,-0.2600564875752842,-0.016769736551556447
vehicle.moving,EdgeWeighted,2,2,10446,287346,0.3085815343121724,4.501609132034915,8.610252430286193,1.9127054701141826,11.170046828111458,2.054096327919309,0.6301278004057225,0.05641227915497796,0.23856400752067072,0.07318342926363466,0.23716074604124615,0.3085815343121724,0.029493447758413033,0.953068778528512,0.13462051487147628,0.14124952625856446,0.41651528122890175,0.07689336200956338,-0.3396219192193384,2.3703962940579366,1.4388730887605277,1.0853217664036683,1.0466759149539082,-0.931523205297409,-0.03864585144976007
vehicle.moving,EdgeWeighted,2,3,10446,287346,0.3085815343121724,21.939924750953583,0.8619281550797021,0.03928583003227399,8.82695041575241,1.5571160115065708,0.4765123777874635,0.05398380582236537,1.806549634403216,0.5528446535256225,1.7915674599331988,0.3085815343121724,1.3741288407735905,0.037331217482931355,0.052672616296433314,1.410953238023485,0.02799760567399581,0.03210415318118227,0.004106547507186458,1.2254113830294966,1.204103473940683,0.8574626377418265,0.8618367615515202,-0.021307909088813526,0.0043741238096937085
vehicle.moving,EdgeWeighted,2,4,10446,287346,0.3085815343121724,5.019870719450974,18.02446570297955,3.590623479053393,5.373358447457768,1.2245172737809649,0.37511438092604915,0.06981004224749272,0.06793639785390038,0.020811400842574018,0.06744214366080313,0.3085815343121724,0.01944231759757606,1.5573551208067147,0.06452682215389789,0.04143359525227416,0.8213164616873038,0.04566968045492194,-0.7756467812323818,1.877906322639055,0.9960929634214033,1.2555699377157676,1.234320525688481,-0.8818133592176518,-0.021249412027286585
vehicle.moving,EdgeWeighted,2,5,10446,287346,0.3085815343121724,12.853084252187292,9.180829522484984,0.7142899972650317,4.192830103806939,0.3876666422111729,0.11892038822578317,0.02836279672629229,0.042225666083818766,0.012953120173400591,0.041976328176959087,0.3085815343121724,0.03970767676688006,0.32387194751977677,0.03351419822333724,0.10347977787268212,0.17943176518900558,0.09011087678269404,-0.08932088840631154,0.8287918405200754,0.7226832140010196,2.7491712613960515,2.7470010974708443,-0.10610862651905573,-0.0021701639252071914
vehicle.moving,EdgeWeighted,2,6,10446,287346,0.3085815343121724,3.522546706504308,7.468249126694024,2.1201277733813386,6.228676537803146,2.5504751549664655,0.7798989110308463,0.12521101473890414,0.34150911522690397,0.10442861462654482,0.33841497183286184,0.3085815343121724,0.05905823965912481,0.3962399757661336,0.1531359880681987,0.3864728285110067,0.3902786188079876,0.10841285418972249,-0.28186576461826507,2.88393850757704,2.6081307323895304,1.1042602077414796,1.1193009185345766,-0.27580777518750965,0.01504071079309699
vehicle.moving,EdgeWeighted,2,7,10446,287346,0.3085815343121724,6.569874128343503,2.4508256672413484,0.37303997240033704,5.540702919513619,0.7353501069945617,0.22456087369119626,0.04052931127114389,0.30004178339696214,0.09162662027597254,0.2969283872119056,0.3085815343121724,0.1086460250463149,0.11842597210282377,0.05048910164893046,0.42633466704201045,0.08773047127852833,0.03684408343947715,-0.05088638783905118,1.9907419383187355,1.9485969087263166,1.5825678056100707,1.586426262632608,-0.04214502959241884,0.003858457022537287
vehicle.moving,EdgeWeighted,2,8,10446,287346,0.3085815343121724,7.852371082424587,10.497440418235625,1.336849761005668,9.356568196800445,1.6366183480690424,0.5003469861315462,0.053475481081609495,0.15590641921309953,0.04766371284048742,0.15446067245119838,0.3085815343121724,0.04000111474109889,1.074150322596762,0.02889133304137666,0.02689691765167709,0.5757379605075414,0.01653407390393463,-0.5592038866036069,2.18214125646715,1.4016892727139687,0.6772007873361746,0.6765577385478618,-0.7804519837531811,-0.0006430487883127833
vehicle.moving,EdgeWeighted,3,1,10446,287346,0.3085815343121724,1.2804008270749923,5.921190233169467,4.624481694885573,1.2814613566127646,2.7890865569101475,0.8539938662493464,0.6664218590582048,0.47103478225979417,0.14422672320560748,0.46738609571446843,0.3085815343121724,0.14410736198916255,0.20457615052323044,0.22645386597197742,1.1069416172089255,0.18631197232604596,0.11942744983399804,-0.06688452249204792,2.514029864818365,2.3505194253927244,2.7199471409836438,2.570647438595129,-0.1635104394256408,-0.14929970238851498
vehicle.moving,EdgeWeighted,3,2,10446,287346,0.3085815343121724,1.1896235874474144,14.89761880163881,12.522968469694751,2.1256074941908607,0.7366795001180426,0.2260001427820597,0.10632261239973817,0.04944947977474826,0.015170219190028972,0.049161135750497846,0.3085815343121724,0.008490208417607531,1.0769559130729143,0.09939964588954574,0.09229685612938124,0.5155387581521929,0.11711664682995414,-0.3984221113222387,2.7460458069412943,1.5223351117899635,2.4821155947518676,2.470603636217439,-1.2237106951513308,-0.011511958534428768
vehicle.moving,EdgeWeighted,3,3,10446,287346,0.3085815343121724,13.355955085235118,8.460822024808087,0.6334868576959034,6.753587880466536,1.3901976124905568,0.4255661688554107,0.0630133457589478,0.16430999337549476,0.050298442291377615,0.16299886762020308,0.3085815343121724,0.09947064252197961,0.9022999244209359,0.09053780031143666,0.10034113586580343,0.5140492646495862,0.0562527405984423,-0.4577965240511439,1.8590548996052212,1.213955219301677,1.0969021573597166,1.0697468803339585,-0.6450996803035443,-0.02715527702575815
vehicle.moving,EdgeWeighted,3,4,10446,287346,0.3085815343121724,17.108133505718275,9.855229269097274,0.5760551997120363,2.404296535686921,0.7552987571127958,0.23194400311390112,0.09647063026812835,0.07663938968064071,0.023535119939406105,0.07626872174700479,0.3085815343121724,0.1674676812945637,0.7461248258921228,0.10723685435250357,0.14372508351673235,0.40000208807500365,0.1800686280651201,-0.21993346000988354,1.025070120245606,0.7766844000573221,2.81269534564236,2.795270957921894,-0.24838572018828398,-0.017424387720465617
vehicle.moving,EdgeWeighted,3,5,10446,287346,0.3085815343121724,3.541383348322196,9.900489393582141,2.795655932113688,3.335456825655775,0.1722550319091397,0.05409651479482085,0.016218622353775743,0.017398638076095038,0.005464024311287879,0.017706905717473083,0.3085815343121724,0.005801365650707886,0.46524740951265886,0.019369015055538803,0.04163164424603927,0.30497031453369805,0.02691180667209566,-0.2780585078616024,1.6390703369720132,1.2670358277883271,1.8269233408784464,1.8242710636046784,-0.3720345091836861,-0.0026522772737680445
vehicle.moving,EdgeWeighted,3,6,10446,287346,0.3085815343121724,9.933228918289837,3.207633312852804,0.3229194993903205,3.338133827528112,0.6152811415759928,0.18868689869373606,0.05652466553991098,0.19181779201270244,0.05882433548418239,0.19062817128387152,0.3085815343121724,0.17504258459524746,0.12332985511965956,0.06183598417314171,0.5013869439745675,0.1040383370570671,0.04884703458548231,-0.05519130247158478,1.0360254300976135,1.0368064934320913,1.9734632499730353,1.9869696582143623,0.0007810633344778051,0.013506408241326984
vehicle.moving,EdgeWeighted,3,7,10446,287346,0.3085815343121724,1.1073555737105414,14.958963471596357,13.508726276948611,2.0302124895158213,0.1514159391786719,0.046568659130442974,0.022937825051096365,0.010122087627592325,0.0031130939779173365,0.010088399761095292,0.3085815343121724,0.0016980005785784283,0.8011734330562599,0.02483361252537907,0.030996549799061683,0.36398975451198207,0.03274797630730896,-0.3312417782046731,2.6851634781925116,1.5934927206175569,2.58578023688645,2.5931718479705475,-1.0916707575749547,0.007391611084097249
vehicle.moving,EdgeWeighted,3,8,10446,287346,0.3085815343121724,8.707705578522866,11.240808696193348,1.2909036234538316,1.3474308503614254,1.387694191869785,0.4257712841442472,0.3159874815617933,0.12345145515243997,0.03787728225547153,0.12274642781991357,0.3085815343121724,0.24478006984639447,0.1574932247887738,0.18524418607249227,1.1762040847083837,0.0910122291592714,0.256868026699519,0.16585579754024762,0.9071211142761119,0.8472853647249203,3.029084534155285,3.0342305323502967,-0.05983574955119153,0.005145998195011714
vehicle.moving,TargetWeighted,1,1,10446,287346,0.3081528941790263,24.711066072139232,6.58382849741211,0.2664323941155577,9.97667743060099,1.3399560441881875,0.4104715448118901,0.04114311074561146,0.20352231876630103,0.06234541867999432,0.2023197504696362,0.3081528941790263,0.15442232292347882,0.1267073132358484,0.061867690439398645,0.4882724128284233,0.09084817154891825,0.0376220562894888,-0.05322611525942945,1.0096467839576446,0.9662491701389677,0.7621094267726627,0.7692801606280433,-0.043397613818676906,0.007170733855380584
vehicle.moving,TargetWeighted,1,2,10446,287346,0.3081528941790263,9.303902968985417,10.947433455647134,1.1766495717306955,5.5546529731796195,3.154403908407409,0.9660905414200781,0.17392455376520466,0.28814095269963286,0.08824813089311337,0.2863777355213379,0.3081528941790263,0.14781338171164324,0.4802893870569293,0.16327195057270733,0.33994494064035,0.2775224966494352,0.0871146850469079,-0.1904078116025273,1.3789532526015584,1.1716288882316388,1.1997499454100038,1.1491435831804453,-0.20732436436991963,-0.0506063622295585
vehicle.moving,TargetWeighted,1,3,10446,287346,0.3081528941790263,16.583720679790407,18.91628294064534,1.1406537347370393,22.412714286539906,1.4061119778598155,0.4302726951452134,0.01919770579557333,0.07433341854361748,0.022746154530879144,0.0738145064427639,0.3081528941790263,0.016830441213340402,1.3678942333506925,0.05787137854632406,0.04230690992935727,0.7084051311506797,0.03340991767183611,-0.6749952134788436,1.046191218124166,0.6957424937634525,0.7507847324911037,0.7548542076750815,-0.3504487243607134,0.004069475183977822
vehicle.moving,TargetWeighted,1,4,10446,287346,0.3081528941790263,10.69614853991965,16.71493766208661,1.5627062006550172,9.164741937361875,0.892836648567092,0.27327565799549297,0.02981815086175525,0.053415493738759166,0.01634918797524769,0.053055440184167045,0.3081528941790263,0.019081098327021304,0.43524508180873744,0.03463013512390829,0.07956467695016774,0.33582232433467357,0.017997319548152403,-0.31782500478652115,1.2234522638690817,1.0921050093189981,0.6463294074969766,0.6414993479174778,-0.13134725455008356,-0.004830059579498891
vehicle.moving,TargetWeighted,1,5,10446,287346,0.3081528941790263,22.417486457209012,11.160328323887464,0.4978403060580471,12.460438661578992,0.05283578086022882,0.016523125286910644,0.00132604683690617,0.004734249681507765,0.001480523224100806,0.00480450842430053,0.3081528941790263,0.0026635987366510428,0.5401488170880342,0.0025865642853622273,0.004788614092353967,0.2671836109515604,0.0015316867700555237,-0.26565192418150485,0.46671771926678124,0.4176891168275556,0.5161883424605489,0.516750631949918,-0.04902860243922563,0.0005622894893690944
vehicle.moving,TargetWeighted,1,6,10446,287346,0.3081528941790263,23.755214075275994,1.203341083745273,0.050655871987747327,4.657530258513777,0.16032865025255394,0.04953718177040894,0.010635933405584996,0.13323624621972133,0.04116636756435339,0.1335907174849702,0.3081528941790263,0.20996443035297702,0.06028011745493923,0.018379934856682847,0.3049086926769069,0.045376220562894885,0.020582040972621098,-0.024794179590273788,0.6880521949984234,0.6785417447908295,1.5910887404623837,1.589092526883883,-0.00951045020759389,-0.0019962135785007717
vehicle.moving,TargetWeighted,1,7,10446,287346,0.3081528941790263,10.26902615243782,12.72703400237603,1.239361337779929,9.960023747417843,1.293493646598541,0.39549337034562004,0.03970807499842274,0.10163354991750011,0.031075061947743215,0.10084299555940471,0.3081528941790263,0.032039142635480695,1.2731101829285019,0.08287508102328517,0.06509654975949082,0.6761439785563852,0.061171740379092475,-0.6149722381772927,0.9199034553462314,0.6505548087379911,1.3177161394160075,1.3280967819078897,-0.2693486466082403,0.010380642491882197
vehicle.moving,TargetWeighted,1,8,10446,287346,0.3081528941790263,7.631045148546618,9.052151663798863,1.1862269814588418,12.91526251648935,1.745360216773636,0.5344025043745025,0.04137759517303167,0.1928116407754766,0.05903596444603462,0.1915801008052053,0.3081528941790263,0.03488168408825769,0.1265861136889772,0.06435235158763225,0.5083681347708089,0.07802029484970324,0.039728125598315144,-0.0382921692513881,0.8628664759216179,0.8043443510874959,0.7502831450290423,0.737824461093687,-0.058522124834122,-0.012458683935355208
vehicle.moving,TargetWeighted,2,1,10446,287346,0.3081528941790263,2.2891271075229835,12.33445026138895,5.388276678464147,6.760111548347893,1.4750229367776435,0.45185183653866257,0.0668408845976339,0.11958562435482947,0.03663331778853414,0.1188803262657276,0.3081528941790263,0.01240487236684313,0.4117600004463525,0.12519002973733628,0.30403639635045876,0.41556576680068924,0.136607313804327,-0.27895845299636224,2.14661216780354,1.914696393507674,1.5232701069198715,1.5090383511772594,-0.23191577429586618,-0.014231755742612151
vehicle.moving,TargetWeighted,2,2,10446,287346,0.3081528941790263,4.50471362828691,8.456209169415377,1.8771912819371077,11.096116878504297,2.0792026614166224,0.6375670329183191,0.057458572158594116,0.24587881133285405,0.07539631759232301,0.24467177355732572,0.3081528941790263,0.03060879964944946,0.8912064845151701,0.12307370521897601,0.13809785496001123,0.396994064713766,0.06969174803752633,-0.3273023166762397,2.0509090748374343,1.2322754338503779,0.9650566080024711,0.9307421887861522,-0.8186336409870565,-0.03431441921631884
vehicle.moving,TargetWeighted,2,3,10446,287346,0.3081528941790263,21.616420845673574,0.8838713566451715,0.040888885470287524,8.585475706381102,1.5778984072116304,0.48275108763025526,0.056228810560743345,1.785212720716039,0.5461779913321423,1.7724252600742376,0.3081528941790263,1.375160906500954,0.035254198121004686,0.05189150424001072,1.4719236938155311,0.02469844916714532,0.031208117939881295,0.006509668772735976,1.038902928504136,1.0222867564548281,0.7948129203857411,0.7955869650897313,-0.016616172049307876,0.0007740447039901177
vehicle.moving,TargetWeighted,2,4,10446,287346,0.3081528941790263,5.047425866663899,18.098591329463957,3.5857072043673552,5.508553960609452,1.238797627072784,0.3793554318623012,0.06886660889342804,0.06844718485750807,0.020960494921785273,0.06801978705223541,0.3081528941790263,0.019205865057105205,1.4615588918363627,0.06334393591723078,0.04333998160296028,0.7726402450698832,0.04642925521730806,-0.726210989852575,1.6796606173948956,0.9044304673127119,1.112976991007097,1.095753811206434,-0.7752301500821837,-0.017223179800663013
vehicle.moving,TargetWeighted,2,5,10446,287346,0.3081528941790263,12.723829166137902,9.235418807896703,0.725836434932393,4.280749221365841,0.39462697453766443,0.12103602624085044,0.028274495818161244,0.04272973238343485,0.013105634798749221,0.0425296488237388,0.3081528941790263,0.03895436226103916,0.3123011615621216,0.0320682005069698,0.10268357414916367,0.17193183993873254,0.07668006892590465,-0.09525177101282789,0.7380735552723492,0.6413460422190546,2.4589775943175027,2.456517367211591,-0.09672751305329463,-0.002460227105911539
vehicle.moving,TargetWeighted,2,6,10446,287346,0.3081528941790263,3.4116084248211234,7.509345642763126,2.2011159211935922,6.256580461062808,2.5907045452316977,0.792129709067168,0.1266074515833101,0.3449973759402627,0.10548584999222899,0.3423165855706014,0.3081528941790263,0.057519665270268194,0.3831402237594505,0.14554756818565967,0.37988066864583003,0.3678920160827111,0.09955964005360904,-0.2683323760291021,2.539876342965377,2.3035475840482893,0.9827459940516287,0.9934991485396103,-0.2363287589170877,0.010753154487981642
vehicle.moving,TargetWeighted,2,7,10446,287346,0.3081528941790263,6.574485314006023,2.503489714754137,0.38078869924812436,5.51207292352491,0.7510385791354663,0.2293916937996321,0.04161622978615753,0.2999966693329347,0.09162877383974893,0.29734840268296076,0.3081528941790263,0.10928955816029758,0.11434297684747194,0.04703479254227727,0.41134829375254495,0.08050928585104346,0.032069691748037525,-0.04843959410300593,1.816699297848887,1.7765705439890467,1.407674352965664,1.4100545468188326,-0.04012875385984027,0.0023801938531686773
vehicle.moving,TargetWeighted,2,8,10446,287346,0.3081528941790263,7.764950691002884,10.46321052186929,1.3474922024318725,9.455664992853446,1.6591519140594224,0.5071880465439429,0.053638537997157065,0.15857005925723344,0.04847346280562052,0.1573032807682354,0.3081528941790263,0.03980619516928671,1.0003113697579689,0.03022731650856031,0.03021790726391015,0.5360903695194332,0.0170400153168677,-0.5190503542025655,1.8874832966721442,1.2105455851863556,0.6359963334398846,0.6347845442760124,-0.6769377114857886,-0.0012117891638722122
vehicle.moving,TargetWeighted,3,1,10446,287346,0.3081528941790263,1.3875587365534938,5.965520519557607,4.2992922169062355,1.2660228946262315,2.8234370228744115,0.8642644626378548,0.6826610004287498,0.47329265047115554,0.14487662197383255,0.4701452428618495,0.3081528941790263,0.15878450786770354,0.19201634001736972,0.22047433460707486,1.148206049053275,0.17825004786521156,0.1218648286425426,-0.05638521922266897,2.251723456875086,2.117156340222315,2.4385009605448844,2.306770240140997,-0.1345671166527711,-0.13173072040388734
vehicle.moving,TargetWeighted,3,2,10446,287346,0.3081528941790263,1.160102890780782,14.94499247056947,12.88247142603563,2.1246354726338166,0.7463850126369973,0.228871154590142,0.10772255121448908,0.04994214708420895,0.015314236851420684,0.04969687659514523,0.3081528941790263,0.008361947608372802,1.0187711000699164,0.0942690420433631,0.092532111591674,0.4876507754164273,0.10549492628757419,-0.38215584912885314,2.476442504649761,1.3611013747021923,2.209392848990877,2.1984168134963453,-1.1153411299475688,-0.010976035494531633
vehicle.moving,TargetWeighted,3,3,10446,287346,0.3081528941790263,13.36582873671878,8.398290600114938,0.6283404313538479,6.774498871694108,1.4146764265996126,0.433050620582039,0.06392363895021345,0.16844813930298744,0.05156413854748857,0.1673329631108444,0.3081528941790263,0.10173408353675434,0.841489169923488,0.08021108291570865,0.09532039725454557,0.47185525560022973,0.049205437488033694,-0.42264981811219604,1.60512070865018,1.0317675487575089,0.9570899667209525,0.9348605596368994,-0.5733531598926711,-0.022229407084053077
vehicle.moving,TargetWeighted,3,4,10446,287346,0.3081528941790263,17.353684322976466,9.890639097199156,0.5699446242896326,2.3848762606516507,0.7625099473518989,0.2339725949819883,0.0981068065715866,0.07709410272556466,0.02365596322402314,0.076766965046287,0.3081528941790263,0.1721339243659429,0.6590851841985373,0.10305196458771541,0.15635606063496685,0.35477694811411065,0.16570936243538195,-0.1890675856787287,0.9056274214812042,0.7024551095452446,2.5273345562167453,2.5113751938286097,-0.20317231193595964,-0.015959362388135556
vehicle.moving,TargetWeighted,3,5,10446,287346,0.3081528941790263,3.660151759944707,9.833843091581196,2.6867309635441026,3.2702338340547383,0.16827979579083913,0.052700286435954605,0.016115143120961625,0.017112312455318836,0.005359073344121268,0.017390955176615274,0.3081528941790263,0.0059980486619782124,0.4303457298803514,0.0184869246331589,0.04295830751873784,0.2771395749569213,0.026517327206586252,-0.2506222477503351,1.4309574916558452,1.107465013974873,1.6221277806112677,1.6193743975666817,-0.3234924776809722,-0.002753383044586055
vehicle.moving,TargetWeighted,3,6,10446,287346,0.3081528941790263,10.010444658241113,3.2553773953147758,0.32519808092468705,3.3105439401464363,0.6242036095478675,0.191347030051985,0.05779927194246163,0.1917453898060433,0.058778754727359446,0.1907454186873767,0.3081528941790263,0.17773558195902023,0.11514285234862565,0.0584012981159271,0.5072072808047939,0.09525177101282788,0.045376220562894885,-0.04987555044993299,0.9420918181164196,0.9423214265319205,1.747198248942759,1.7569970824298389,0.00022960841550090372,0.009798833487079772
vehicle.moving,TargetWeighted,3,7,10446,287346,0.3081528941790263,1.123038233560535,14.97757416372051,13.336655496463667,1.9832534316384522,0.15256985449271365,0.046894673559618925,0.023645325693158605,0.01018655309084772,0.0031309925770155633,0.010160516206579588,0.3081528941790263,0.0017729576715615693,0.7500819075496258,0.02342558113511902,0.03123069705725731,0.3378326632203714,0.0295807007466973,-0.30825196247367415,2.388117250530139,1.4100823529712543,2.3024919165658937,2.3090460587666453,-0.9780348975588848,0.006554142200751567
vehicle.moving,TargetWeighted,3,8,10446,287346,0.3081528941790263,8.78491763053238,11.363127253510791,1.2934813641374294,1.3260135542356284,1.4026626457121811,0.4301260068120048,0.32437526916245996,0.1234398430277555,0.03785278443489962,0.12283766896744365,0.3081528941790263,0.25077691542235986,0.16841327753295213,0.1795298856474411,1.0660078446144807,0.09515604058969941,0.2356883017422937,0.14053226115259426,0.796372502015642,0.7343192737075473,2.7317980162820406,2.7318234368196697,-0.06205322830809468,2.542053762910612e-05
vehicle.stopped,EdgeWeighted,1,1,5599,160435,0.1713356012946875,15.001080025965189,6.4949285042656575,0.4329640591673415,6.259252728024355,1.2858973241849514,0.217523523428919,0.0347523150978526,0.1979848309893739,0.03349128831074026,0.19547184649860766,0.1713356012946875,0.08026604878480288,0.17506610547721627,0.06412145979355655,0.36626996388630984,0.08318010409199987,0.03282326175709789,-0.05035684233490198,0.7506604273229666,0.6711803940560631,1.7888261786929434,1.7712183062210796,-0.07948003326690345,-0.017607872471863795
vehicle.stopped,EdgeWeighted,1,2,5599,160435,0.1713356012946875,10.222689776888691,10.779136394280593,1.0544325044574454,4.2889133639481525,3.0363623801733173,0.5140894600023068,0.11986473383328387,0.28168883538457884,0.04769300997046038,0.2783601704868646,0.1713356012946875,0.11367700842851935,0.994784171358732,0.15324851282603497,0.15405202022484873,0.5262629725433976,0.09903699317480599,-0.42722597936859164,1.2267259622656093,0.9103514156011252,1.7680993123445383,1.7294856998966346,-0.31637454666448406,-0.038613612447903733
vehicle.stopped,EdgeWeighted,1,3,5599,160435,0.1713356012946875,5.989862878157381,18.34575879590624,3.062801125577987,26.94576433071465,1.3444690686663259,0.2267468230126217,0.008414933796107265,0.07328500733550945,0.012359631749852874,0.07213696940442235,0.1713356012946875,0.002747463326416479,1.5768972157173762,0.019160952391670965,0.012151047055684998,0.8333780035528408,0.012054726213108113,-0.8213232773397326,1.3369480655351413,1.2578134351793289,0.6551368493059094,0.6554728146897462,-0.07913463035581247,0.0003359653838367338
vehicle.stopped,EdgeWeighted,1,4,5599,160435,0.1713356012946875,10.080809016935339,16.410732549342562,1.6279182063159843,3.8228069395272435,0.8536561845494077,0.14446705391965303,0.03779083166559559,0.052018164421516015,0.008803205670267811,0.051379894720933406,0.1713356012946875,0.02321420774510227,0.30119855074124496,0.04431260895212406,0.14712091864938337,0.16723283572786488,0.03049833265808583,-0.13673450306977905,0.7445832222629846,0.6741507353082771,1.741786304877843,1.7385031701670257,-0.0704324869547075,-0.0032831347108173148
vehicle.stopped,EdgeWeighted,1,5,5599,160435,0.1713356012946875,9.156601600495721,10.76409151783039,1.1755552961365152,6.513799667811889,0.06106815143781496,0.010752715817365269,0.0016507593646136371,0.005673321457730474,0.0009989431796974496,0.005830330146482649,0.1713356012946875,0.0014042379426952604,1.1338721306142447,0.0036597327273374188,0.0032276414564298733,0.5421198616262037,0.0037522984386200017,-0.5383675631875837,1.480179387724143,0.9069267181508474,1.0560313522685127,1.0567641516110435,-0.5732526695732956,0.0007327993425307877
vehicle.stopped,EdgeWeighted,1,6,5599,160435,0.1713356012946875,24.60311052003271,1.1450997456497582,0.046542885065363956,3.817360778247497,0.1494849130350768,0.025126481255461595,0.00658216046353765,0.13054313591243003,0.021942613411181984,0.12806802535312953,0.1713356012946875,0.14142138030506674,0.16522648197082088,0.013799742537352768,0.08352015692368397,0.10280799077508025,0.01881758967806277,-0.08399040109701748,1.2955875720088568,1.3363450007716955,1.8797765520995537,1.8788518437568922,0.04075742876283872,-0.0009247083426615621
vehicle.stopped,EdgeWeighted,1,7,5599,160435,0.1713356012946875,5.786849188402915,12.721478857907552,2.198342901594618,10.68448481221455,1.2347523566570309,0.20873462597769266,0.01953623683789638,0.09706044159472198,0.01640804722037994,0.0957655393201302,0.1713356012946875,0.008886801387926021,1.533218455894496,0.03808508555342717,0.024839960123496117,0.8546888147848039,0.023373952067815625,-0.8313148627169882,1.7108809297884642,1.02567361430671,0.9780956267796485,0.9871625863545415,-0.6852073154817542,0.009066959574893008
vehicle.stopped,EdgeWeighted,1,8,5599,160435,0.1713356012946875,5.389049323474293,8.949278044706443,1.660641328539646,4.475160742754156,1.6758158296165548,0.28311048122834864,0.06326263946029502,0.18725709709457958,0.03163500781825192,0.1846376686037645,0.1713356012946875,0.03809530570636502,0.32505293088524273,0.08572728525575485,0.263733301480943,0.18437373391092965,0.13031445756848567,-0.05405927634244398,1.6726814880126897,1.4459282476943776,2.0390091017654424,2.0383472562423868,-0.22675324031831212,-0.0006618455230555931
vehicle.stopped,EdgeWeighted,2,1,5599,160435,0.1713356012946875,6.580319910693097,12.120327404654587,1.8419054925490563,7.60270749073981,1.432628318846577,0.24271615892936624,0.03192496342990281,0.11820046355467245,0.020025544741959705,0.11687905736955587,0.1713356012946875,0.017332574003238007,0.18403121462006938,0.0707636715252621,0.38451991867876223,0.15318976532552123,0.06597064231620282,-0.0872191230093184,1.2764410915557345,1.2359794082909867,1.31098787334748,1.3161527229969927,-0.04046168326474775,0.005164849649512693
vehicle.stopped,EdgeWeighted,2,2,5599,160435,0.1713356012946875,4.717511085283085,8.828550474089846,1.8714424398317329,8.197852407947325,2.00370625562472,0.3394872286903147,0.04141172728934287,0.22695755766879844,0.038453337193020895,0.22443283624723728,0.1713356012946875,0.022128239793356364,1.084934277111834,0.1038984429327256,0.09576473355755956,0.4987565057499922,0.08292454888272509,-0.4158319568672671,2.637146858858781,1.5538687965631348,1.5152546963072966,1.496805013861808,-1.0832780622956462,-0.018449682445488502
vehicle.stopped,EdgeWeighted,2,3,5599,160435,0.1713356012946875,20.734505843368837,0.8202066706904283,0.03955757019196893,7.944357050671995,1.5127473624047505,0.2557173459271188,0.03218855144276311,1.8443489891247407,0.3117718398877984,1.8196558061217558,0.1713356012946875,0.8137138643606441,0.033554748536395174,0.032961504104592865,0.9823198122210047,0.027356873500171408,0.02385389721694144,-0.0035029762832299687,1.0018793426938841,0.9787691206379202,1.09355456406845,1.0995697565461011,-0.023110222055963914,0.006015192477651032
vehicle.stopped,EdgeWeighted,2,4,5599,160435,0.1713356012946875,4.476058588452811,17.817904936865133,3.98071306372621,7.860845004579735,1.1952715209544524,0.20233549465364853,0.025739662120086465,0.06708260732779066,0.011355739928854388,0.06627775652151591,0.1713356012946875,0.006466093296192394,1.6992602196050435,0.028697778685305816,0.016888395423681514,0.9005952566459937,0.014697541060242465,-0.8858977155857513,1.6383236308593678,0.9844315611034963,0.8847606460608395,0.873265410364069,-0.6538920697558716,-0.011495235696770467
vehicle.stopped,EdgeWeighted,2,5,5599,160435,0.1713356012946875,18.39669260208782,9.045678615066103,0.49170135120497177,6.063295802457329,0.37838288388765984,0.06386378271209531,0.010532849573475226,0.04183023735103066,0.007060142788527224,0.041206511216072765,0.1713356012946875,0.021421233302391606,0.302911530602719,0.017649765073228973,0.058267060535595,0.15242933275158163,0.02622869074703151,-0.1262006420045501,0.6802738342593951,0.6614725713676705,2.4164694266922693,2.4158967365788877,-0.01880126289172468,-0.0005726901133815687
vehicle.stopped,EdgeWeighted,2,6,5599,160435,0.1713356012946875,1.2889481389932345,7.366976992695326,5.715495226436758,6.260439006809257,2.47176635654888,0.41702864501304515,0.06661332278668072,0.33551976009217144,0.05660783858297217,0.3303915523178069,0.1713356012946875,0.011654864544723132,0.507387815097511,0.06508762977644143,0.12827984148798355,0.4821641163087855,0.037124068937575964,-0.4450400473712095,3.1302619644598426,2.713740537917694,0.9514552907318488,0.9731632771199207,-0.41652142654214863,0.02170798638807192
vehicle.stopped,EdgeWeighted,2,7,5599,160435,0.1713356012946875,9.649775021796838,2.3512090450595426,0.24365428596128993,7.300646520180349,0.7093435242818931,0.11901269299266957,0.016301664859499722,0.30169308967038216,0.05061765679090398,0.29542986661333637,0.1713356012946875,0.06690489406388146,0.10116751084588192,0.02608585854838858,0.2578481545290375,0.05545548041262817,0.02086203135226104,-0.034593449060367126,1.4481433570906577,1.413215397787523,1.4003663952655416,1.4023436369614717,-0.03492795930313464,0.0019772416959300543
vehicle.stopped,EdgeWeighted,2,8,5599,160435,0.1713356012946875,1.7481735256142796,10.505641639108548,6.009495868164506,9.203325881109874,1.5887670787284869,0.2681339763688262,0.029134465033758637,0.15122989454559407,0.025522855749755994,0.14896410359115675,0.1713356012946875,0.004848071389751455,1.4916015494198598,0.019486108096242277,0.013063882893646989,0.8695982796771278,0.01077071711284944,-0.8588275625642783,2.9300892050531675,1.7169837818686522,0.7549861341320084,0.7501688062426614,-1.2131054231845153,-0.004817327889347078
vehicle.stopped,EdgeWeighted,3,1,5599,160435,0.1713356012946875,0.7959992555620283,5.8160456649718295,7.3065967728818375,1.1469839375481,2.7142788936796323,0.45931777278703306,0.40045701927120575,0.4666880291810602,0.07897423755862402,0.46093300138750976,0.1713356012946875,0.054807598006422244,0.34249240895712546,0.1495923723227035,0.4367757183595648,0.3136285723190077,0.08741858073363044,-0.22620999158537725,3.0918843321208334,2.7718142385792497,2.8539389696685995,2.7588540707488147,-0.32007009354158367,-0.09508489891978478
vehicle.stopped,EdgeWeighted,3,2,5599,160435,0.1713356012946875,2.173835481459922,14.744762491714729,6.782832716477696,3.0586550134102595,0.7177855286177052,0.12165791152797631,0.03977496991221107,0.0486807114413834,0.008250923778109563,0.048156502409288655,0.1713356012946875,0.005864064693346211,1.2989902575803276,0.04668477809260136,0.03593928242400357,0.719923956742606,0.03763517935612554,-0.6822887773864805,2.214710199394248,1.4241183772115087,1.9093023569865548,1.8994350421709576,-0.7905918221827393,-0.009867314815597217
vehicle.stopped,EdgeWeighted,3,3,5599,160435,0.1713356012946875,13.412620376694386,8.517779237095095,0.6350570575713094,6.229042514953896,1.3458226773044408,0.2267990349487705,0.03640993524128319,0.15800159152556348,0.02662654529654758,0.15540578572863897,0.1713356012946875,0.057333328137781546,1.046364408228484,0.05347138379984556,0.05110206622887053,0.6043319724499018,0.03887555707919095,-0.5654564153707108,1.6709502269518317,1.103428245448396,1.2665806638332917,1.256703757430389,-0.5675219815034358,-0.00987690640290273
vehicle.stopped,EdgeWeighted,3,4,5599,160435,0.1713356012946875,3.5049733345444456,9.750541449641473,2.7819160065278004,4.059331639493353,0.7452914980806877,0.12645539984748586,0.031151778363137393,0.07643590883291235,0.012969064371542665,0.0756939218504705,0.1713356012946875,0.011197957874378587,1.5849129405750728,0.051386794621706554,0.03242247128024367,0.8889893103125877,0.06329666219964472,-0.825692648112943,2.552050372260221,1.3102955018714568,2.2936306680435927,2.291179142171463,-1.241754870388764,-0.0024515258721296007
vehicle.stopped,EdgeWeighted,3,5,5599,160435,0.1713356012946875,6.554599826613053,9.962799632097147,1.5199706893541203,4.095591804592795,0.18015098989063352,0.031344485561886216,0.0076532249747653745,0.01808236603789737,0.003146152355552969,0.018362512800341117,0.1713356012946875,0.005035113491343913,1.5421203110781672,0.009978488864269533,0.006470629254981293,0.813182908966248,0.01764577554772961,-0.7955371334185184,1.5522066040404883,1.0120251907946607,1.8493064622026019,1.8478501499622866,-0.5401814132458276,-0.0014563122403152828
vehicle.stopped,EdgeWeighted,3,6,5599,160435,0.1713356012946875,4.735618882690087,3.1194568724193426,0.6587221106906521,4.536982943324453,0.6040482304835545,0.10209472894532587,0.022502779930111138,0.19363890999354852,0.032728366761762946,0.19101905619300602,0.1713356012946875,0.03416126348773226,0.5657459272836989,0.0317979910669891,0.05620542538875305,0.4553245862810484,0.02206501075201795,-0.43325957552903044,1.8299825801056877,2.031678835882865,1.5999389716406003,1.6121933429384976,0.2016962557771773,0.012254371297897304
vehicle.stopped,EdgeWeighted,3,7,5599,160435,0.1713356012946875,0.8017151075244466,14.846358119445394,18.518246438071795,2.5673343132749973,0.14840335334124818,0.025216431584541815,0.00982202876965969,0.009995943250682716,0.0016984927458087533,0.009913249983317492,0.1713356012946875,0.0005303973460555389,1.1661228711853269,0.013766892597179796,0.011805696311512376,0.7270795026023,0.014248761180540406,-0.7128307414217596,3.2044926771351565,1.892467509939175,2.376717919562473,2.3804764717577145,-1.3120251671959815,0.0037585521952414602
vehicle.stopped,EdgeWeighted,3,8,5599,160435,0.1713356012946875,12.374179508647126,10.983989513159683,0.8876539649847076,1.7927682490535226,1.36122437607567,0.23077876281144036,0.12872760416523557,0.12392804756464267,0.02101046822057182,0.12262756155481892,0.1713356012946875,0.14502002784075096,0.11117218937133966,0.09649264332607635,0.8679565923110836,0.07546358338267835,0.12273506404462867,0.04727148066195032,0.7670815068496352,0.7380560067007238,2.7283796632437056,2.744961905525005,-0.029025500148911365,0.016582242281299564
vehicle.stopped,TargetWeighted,1,1,5599,160435,0.16680769857061103,14.925184230013498,6.550968544720248,0.4389204474379288,6.296256294422574,1.31586071596874,0.2176339301399718,0.03456560845324909,0.20086506368903378,0.033221641704135094,0.19916130968295215,0.16680769857061103,0.07875141809296343,0.16536670038370996,0.05819736135643694,0.35192912298610907,0.08126451151991428,0.029648151455617073,-0.051616360064297206,0.6908177596436238,0.6275387630529626,1.6534771625586,1.638645886101113,-0.06327899659066116,-0.014831276457486942
vehicle.stopped,TargetWeighted,1,2,5599,160435,0.16680769857061103,10.294952826141913,10.885029770193746,1.0573171090187303,4.31201358252773,3.1036979573392927,0.5136079323238665,0.11911092609121071,0.28513453982337644,0.04718479808465205,0.28286940986710063,0.16680769857061103,0.11265392751964008,0.932170577565045,0.1348589127581447,0.14467192438501447,0.49276656545811753,0.08394356135024111,-0.4088230041078764,1.111377513216455,0.8549781108324349,1.6036617309028245,1.5746540742053636,-0.25639940238402004,-0.02900765669746086
vehicle.stopped,TargetWeighted,1,3,5599,160435,0.16680769857061103,5.814667423198993,18.67960808240747,3.2124981001932746,27.06853335432622,1.383408083378287,0.22831246887979995,0.008434608030174783,0.07405980235423612,0.012222551337819557,0.07327330039214378,0.16680769857061103,0.0026255604644285155,1.5398681450741107,0.017599949375715206,0.011429517077628088,0.8033577424540096,0.011966422575459903,-0.7913913198785497,1.2311241352258786,1.1091156589384215,0.5866337976321437,0.5863418869449376,-0.12200847628745715,-0.00029191068720613167
vehicle.stopped,TargetWeighted,1,4,5599,160435,0.16680769857061103,10.204942516204973,16.59289638579289,1.6259666669542212,3.8529245875224953,0.8730688640404047,0.14446619990197,0.03749520558872721,0.052617026178851466,0.008706508885247979,0.052194883317172626,0.16680769857061103,0.023060254628934736,0.2990504521018189,0.04085076407660497,0.13660157482952273,0.1664582961243079,0.026254688337203073,-0.14020360778710483,0.6782317575400111,0.6298250638882751,1.604230469815459,1.600931966613807,-0.048406693651736,-0.0032985032016519256
vehicle.stopped,TargetWeighted,1,5,5599,160435,0.16680769857061103,9.164003142108966,10.992443370433664,1.199524180423695,6.596257455996651,0.05761595337136266,0.009799198033792205,0.0014855693678281266,0.0052414146134168805,0.000891448579233493,0.005344168964806178,0.16680769857061103,0.0012384655346578673,1.1043080596780361,0.003342221691980146,0.0030265301719243796,0.5284872298624754,0.0033934631184140023,-0.5250937667440614,1.3722583240625248,0.8249822610127141,0.9642548731950107,0.9647290492389664,-0.5472760630498107,0.00047417604395572077
vehicle.stopped,TargetWeighted,1,6,5599,160435,0.16680769857061103,24.376735533112914,1.178503539261294,0.04834542086970513,3.7950596809239725,0.1539738968969624,0.025342817121128663,0.006677844140827866,0.13065204342700187,0.02150423487227847,0.12891631361973632,0.16680769857061103,0.1381277200491852,0.15183521784924922,0.013196157470651873,0.0869110394048592,0.0926951241293088,0.01821753884622254,-0.07447758528308626,1.1581783595378536,1.1948457693111811,1.7385533082197582,1.7378868750101415,0.0366674097733275,-0.0006664332096166792
vehicle.stopped,TargetWeighted,1,7,5599,160435,0.16680769857061103,5.775766315169654,12.745311325604492,2.206687495313467,10.595267108524165,1.266527335480328,0.2093829141888427,0.0197619287788195,0.09937202019869358,0.016428230639131104,0.09848603988332412,0.16680769857061103,0.008955472277445217,1.5131651999836355,0.03405308239212154,0.022504536958320512,0.8331844972316486,0.02143239864261475,-0.8117520985890339,1.5965193928604842,0.9243038686887143,0.8848922220150235,0.8917593048186139,-0.6722155241717699,0.006867082803590385
vehicle.stopped,TargetWeighted,1,8,5599,160435,0.16680769857061103,5.440788303887428,9.021550681035018,1.6581330058381092,4.634806953640252,1.7193131373155441,0.28408082037599813,0.06129291308237711,0.19057844889394418,0.03148913419710623,0.18877505402441655,0.16680769857061103,0.036965015771908014,0.3037131174317374,0.07875397548391976,0.2593038244671216,0.1803893552420075,0.1202000357206644,-0.0601893195213431,1.5580571294912677,1.359861206757364,1.8928324208206146,1.8913287128332148,-0.19819592273390363,-0.0015037079873998493
vehicle.stopped,TargetWeighted,2,1,5599,160435,0.16680769857061103,6.568325491311881,12.250288087955644,1.8650549649996662,7.604895849323938,1.4617668719673962,0.24198619795222462,0.031819791148821434,0.11932510160404629,0.01975351077601251,0.11842085084245786,0.16680769857061103,0.01706104730174355,0.1830162426225686,0.0641255318861427,0.35038162440353166,0.14931237721021612,0.055724236470798355,-0.09358814073941776,1.17865960752398,1.142520385982177,1.194005471790426,1.199989717298927,-0.036139221541802824,0.005984245508500852
vehicle.stopped,TargetWeighted,2,2,5599,160435,0.16680769857061103,4.68014972067931,8.647231029640011,1.8476398250585224,8.263861557123963,2.045208360026247,0.3385852711206555,0.04097179851942896,0.23651598420936723,0.03915533996588473,0.23473339632448678,0.16680769857061103,0.022175208469745522,1.08841515017196,0.0943360990653919,0.08667290067007853,0.498303268440793,0.07626361850330417,-0.4220396499374888,2.419693418928092,1.3730277271375566,1.3723698980932182,1.3548422001937563,-1.0466656917905353,-0.017527697899461847
vehicle.stopped,TargetWeighted,2,3,5599,160435,0.16680769857061103,20.514186086105,0.8539763920874799,0.04162857780887652,7.941573778955808,1.5509514248530356,0.2563802423071948,0.032283304181312,1.8161525553421074,0.3002193522918115,1.799793036331569,0.16680769857061103,0.7755080313925082,0.030492923045302132,0.030950180099508447,1.0149951811302311,0.024825861761028755,0.02250401857474549,-0.0023218431862832636,0.9013526309813321,0.8852252771667075,1.02263651704272,1.0259513946872787,-0.0161273538146246,0.0033148776445586225
vehicle.stopped,TargetWeighted,2,4,5599,160435,0.16680769857061103,4.4952996278716455,17.99775228255338,4.003682453317981,7.813791956833629,1.2219736508134735,0.20217853316412993,0.025874573321416235,0.06789590338561713,0.011233543493527346,0.06734427077614401,0.16680769857061103,0.006462693672258199,1.666962132010003,0.026220953517318294,0.01572978345249124,0.8776567244150741,0.015717092337917484,-0.8619396320771566,1.5340113826215034,0.8833504361419026,0.8219795621333511,0.8137481843592416,-0.6506609464796008,-0.008231377774109538
vehicle.stopped,TargetWeighted,2,5,5599,160435,0.16680769857061103,18.498323530258318,9.160770720685521,0.4952216724260839,6.040786806614838,0.38873438052452985,0.0641866447198417,0.010625543769116303,0.04243468065655213,0.007006686075532693,0.042004570026011157,0.16680769857061103,0.021456136001682957,0.29640317830113916,0.016984207427994353,0.05730102812098893,0.14841936060010716,0.02303982854081086,-0.1253795320592963,0.6295053449311625,0.6068809438518125,2.238013461872647,2.2374905893871544,-0.022624401079350043,-0.0005228724854924316
vehicle.stopped,TargetWeighted,2,6,5599,160435,0.16680769857061103,1.2615465750807497,7.454930657739523,5.909358200404739,6.27440863655574,2.54255718141783,0.41977511613322926,0.06690273773667256,0.3410571197423063,0.056308386334129795,0.337564653436229,0.16680769857061103,0.011321489636366165,0.4546211949617548,0.058277025023529765,0.12818809238876647,0.4691909269512413,0.03393463118414002,-0.4352562957671013,2.9251253871767116,2.575945990243346,0.8819678020950326,0.8985722347219728,-0.34917939693336564,0.016604432626940224
vehicle.stopped,TargetWeighted,2,7,5599,160435,0.16680769857061103,9.777900622634117,2.4329908666038076,0.24882548493933423,7.25750952528443,0.7371189842636833,0.1212162741574558,0.016702186000325414,0.3029682484024033,0.049821918907752186,0.2986787561239244,0.16680769857061103,0.06712409435535353,0.09924751918171221,0.0222750411200806,0.22443925106989063,0.05161636006429719,0.016252902303982852,-0.03536345776031434,1.3522332894036921,1.318986085397193,1.2591218714772217,1.260158185763951,-0.033247204006499054,0.0010363142867293451
vehicle.stopped,TargetWeighted,2,8,5599,160435,0.16680769857061103,1.67754707998143,10.499912493403242,6.259086589050369,9.216207991681365,1.6334024764034454,0.26971228534004915,0.029264995461348527,0.1555634369214053,0.025687098368927335,0.1539922740324305,0.16680769857061103,0.004675601623052895,1.494005926370978,0.018968880596545657,0.012696656776760944,0.8540810859081979,0.010894802643329166,-0.8431862832648687,2.720226086801139,1.531517063835941,0.7117745962435632,0.707611376685064,-1.188709022965198,-0.004163219558499187
vehicle.stopped,TargetWeighted,3,1,5599,160435,0.16680769857061103,0.7912451192837372,5.903104204858963,7.460525172777568,1.144343776494029,2.7767581107993253,0.45935563501039284,0.40141401599054316,0.47038947810032317,0.07781594535534857,0.46650089508548376,0.16680769857061103,0.05380506146098095,0.30788616346701203,0.13182168758597168,0.42815072239707286,0.29969637435256297,0.08662261118056797,-0.213073763171995,2.8969210161088386,2.632127541202293,2.6657189694258503,2.5895763924701494,-0.2647934749065457,-0.07614257695570092
vehicle.stopped,TargetWeighted,3,2,5599,160435,0.16680769857061103,2.1818099930978874,14.871500693508052,6.816130035334171,3.0566317486111605,0.73237954460848,0.12129806294793463,0.03968357084762109,0.04924718488132931,0.008156410396384645,0.0488970831520773,0.16680769857061103,0.005822009055532265,1.301017222645022,0.04345437008486887,0.03340030323543396,0.7119128415788534,0.03304161457403108,-0.6788712270048223,2.057814501070445,1.2689930705569046,1.7505260165718501,1.7408301622566902,-0.7888214305135406,-0.009695854315159957
vehicle.stopped,TargetWeighted,3,3,5599,160435,0.16680769857061103,13.418591318940232,8.467924882036357,0.6310591532639762,6.221673195177891,1.3872937722894747,0.22883194399159465,0.0367798076892166,0.16382924860306122,0.027023379034313257,0.16200317878519413,0.16680769857061103,0.05828266164298031,0.9999929373058273,0.05042468353882374,0.05042503917120366,0.567065547419182,0.03679228433648866,-0.5302732630826934,1.4858711258491728,0.957602476696962,1.1521588259477367,1.1430146197871223,-0.5282686491522108,-0.009144206160614399
vehicle.stopped,TargetWeighted,3,4,5599,160435,0.16680769857061103,3.403046580563882,9.840626245108963,2.8917107019326407,4.054800213165042,0.7585491965796902,0.12567271879872152,0.030993566114738344,0.0770834271026068,0.012770804981387841,0.07656004084476623,0.16680769857061103,0.010718072864911221,1.551729147768946,0.04746807963584417,0.03059044124948525,0.8622968387212002,0.05893909626719057,-0.8033577424540097,2.388802228909852,1.2030310525232548,2.102783289840618,2.099794051306747,-1.1857711763865972,-0.002989238533870786
vehicle.stopped,TargetWeighted,3,5,5599,160435,0.16680769857061103,6.575867239347283,9.9111922389662,1.5072068615664314,4.0808844992183895,0.17358329413659296,0.02922899895296514,0.007162417580536569,0.017513866119860482,0.0029490901012452775,0.017679579238371376,0.16680769857061103,0.004752113140973614,1.5119053383358623,0.009181600842143724,0.006072867492829371,0.7892480800142883,0.015181282371852116,-0.7740667976424361,1.4347032902733592,0.9122409186789906,1.6873528980381314,1.6859114491475753,-0.5224623715943686,-0.0014414488905560852
vehicle.stopped,TargetWeighted,3,6,5599,160435,0.16680769857061103,4.649376714938684,3.1994511159950054,0.6881462409431233,4.513121031231632,0.6186500028940121,0.10223061449716465,0.022651866316722117,0.1933612918377106,0.03195254763123525,0.19155318363305424,0.16680769857061103,0.03291722694947057,0.5472290500360059,0.028406063703649585,0.05190890940949035,0.43418467583497056,0.020539382032505805,-0.41364529380246473,1.6726307181375752,1.868364251986826,1.4699187535223344,1.4796035261351643,0.19573353384925074,0.009684772612829962
vehicle.stopped,TargetWeighted,3,7,5599,160435,0.16680769857061103,0.8098648080627312,14.932687654892835,18.43849408178164,2.567730854318242,0.15079502348448998,0.025018003789320467,0.009743234439783468,0.01009831765510058,0.0016753851919195021,0.010043811561683902,0.16680769857061103,0.0005284181230465127,1.172780347476886,0.012894753653324485,0.010995028669363286,0.7170923379174853,0.011252009287372746,-0.7058403286301125,2.9933395600204618,1.7025895580487704,2.1888689597299065,2.1923795698638346,-1.2907500019716913,0.0035106101339281715
vehicle.stopped,TargetWeighted,3,8,5599,160435,0.16680769857061103,12.372862218887322,11.20120845101159,0.9053045482766118,1.7906425824833945,1.387650610345143,0.22980692133801245,0.12833768296514123,0.12388400904912923,0.02051626144963812,0.12299348528580394,0.16680769857061103,0.14176188752374339,0.1321217325061034,0.08835080293422112,0.6687075212479864,0.0843007679942847,0.10430434006072513,0.020003572066440434,0.7102234056384582,0.6745559805722096,2.5347560956964563,2.5481001325830093,-0.03566742506624865,0.013344036886552946
vehicle.parked,EdgeWeighted,1,1,25195,893352,0.16773499615357262,16.310700118096513,6.7711013901942385,0.4151324797229558,6.211815492877087,1.3975723037484584,0.23393716296045022,0.037660030767510566,0.2064025069405056,0.034549351594961995,0.20597579710540417,0.16773499615357262,0.09071810012423621,0.18027351882530013,0.049735300637543084,0.27588798511699786,0.09331036366404284,0.03242954624828735,-0.06088081741575549,0.6349305113979234,0.597070837474445,1.8601949994361129,1.848786843233629,-0.03785967392347844,-0.011408156202483921
vehicle.parked,EdgeWeighted,1,2,25195,893352,0.16773499615357262,10.199609618592277,11.314794631201956,1.1093360474780831,4.5049233597443585,3.2713445150240994,0.5477266503862968,0.12158401052166591,0.28912097998771885,0.048408006309879646,0.28859811329758367,0.16773499615357262,0.10960070188115023,0.9267841341636688,0.1231529763603381,0.13288204932710787,0.5312194969060348,0.09036639532905283,-0.44085310157698193,1.3893180762576256,1.3739438313956434,1.8822331325691857,1.8730162264177754,-0.015374244861982245,-0.009216906151410242
vehicle.parked,EdgeWeighted,1,3,25195,893352,0.16773499615357262,5.919724470024755,19.84246229699451,3.351923280205016,26.531540045976516,1.494410465469937,0.24997341664653136,0.009421745444069016,0.07531376108211904,0.012597903061577959,0.07510598622474629,0.16773499615357262,0.0028108475726760286,1.5401529884001603,0.021444367139885605,0.01392353042987354,0.7854888106815678,0.009760990068864233,-0.7757278206127036,1.489425521914331,1.0543691622307991,0.7882002686668526,0.7813954267215069,-0.43505635968353196,-0.0068048419453456965
vehicle.parked,EdgeWeighted,1,4,25195,893352,0.16773499615357262,10.08611420940648,17.327861702732907,1.7179918178392954,3.747454234496193,0.9216636260729983,0.15435699518931242,0.04118982784540019,0.053189691916558805,0.008908023260359204,0.05310771713450985,0.16773499615357262,0.023975566808838847,0.3067513329948337,0.040303244242537464,0.13138734405872268,0.18268834681066365,0.03449592098075563,-0.14819242582990802,0.8856652985264544,0.8910323192807784,1.9327892673763634,1.9309262797124,0.005367020754324048,-0.0018629876639633114
vehicle.parked,EdgeWeighted,1,5,25195,893352,0.16773499615357262,8.73072297473069,11.76754932541484,1.3478321722032995,7.208363858713923,0.044613670213509427,0.007512550593365368,0.001042199135641819,0.0037912456486792084,0.0006384125002778692,0.003806077901790875,0.16773499615357262,0.0007732410231800055,1.139131491638125,0.0032261253846086945,0.002832092150879309,0.5169921822529081,0.0017305608539523055,-0.5152616213989558,1.8594064426895813,0.9769198722682377,0.9407064590401273,0.9402933224431603,-0.8824865704213436,-0.0004131365969669565
vehicle.parked,EdgeWeighted,1,6,25195,893352,0.16773499615357262,24.823701862329273,1.2944378276009785,0.052145237412953106,4.077263304485787,0.17536378334399128,0.029198792183253074,0.0071613702454572875,0.13547485885378505,0.022557121968381343,0.13448070552266703,0.16773499615357262,0.1373350516250187,0.12031849617021727,0.012572208245630503,0.10449105998577078,0.09242717316354583,0.017702988295766955,-0.07472418486777888,1.6806743503454276,1.6835242840192035,2.2840583225446585,2.2836757455226304,0.0028499336737759506,-0.0003825770220280411
vehicle.parked,EdgeWeighted,1,7,25195,893352,0.16773499615357262,5.508122236860416,12.97125640949888,2.3549325574414017,11.832106513043076,1.3398633160437716,0.22435659673985395,0.01896167823564794,0.10329479833808841,0.017296442956951548,0.10311766967186026,0.16773499615357262,0.008051898596930746,1.54732015085871,0.03294073443159145,0.021288893704655452,0.8670490467363369,0.019811899452847254,-0.8472371472834896,2.1131844898136096,1.0095311380524805,0.9348980684647975,0.9391784357832225,-1.103653351761129,0.00428036731842496
vehicle.parked,EdgeWeighted,1,8,25195,893352,0.16773499615357262,5.284207559327797,9.324665726016761,1.7646289635066228,3.5234186728209154,1.83816906800476,0.3075836336628009,0.08729692987168464,0.19712975457176815,0.03298602248815753,0.19665556549332713,0.16773499615357262,0.049470416264451644,0.22805284024833208,0.062262044205026075,0.27301585635622394,0.23060674851570265,0.11285585077326743,-0.11775089774243522,2.042248741934627,1.9340948310439563,2.2610114252627906,2.261807190433219,-0.10815391089067061,0.000795765170428453
vehicle.parked,EdgeWeighted,2,1,25195,893352,0.16773499615357262,6.584548751769246,12.762518549516944,1.938252568439891,7.7265393193791265,1.5340257774048052,0.25687282814188017,0.033245521337755414,0.12019773136869524,0.020127126706533282,0.11999359685303586,0.16773499615357262,0.01715231632221787,0.1519772447332317,0.05623616419604642,0.37003013572497234,0.11309427862701377,0.048180336530281455,-0.06491394209673232,0.8953536252827974,0.8860368731791208,1.421390509907519,1.422510237802279,-0.009316752103676551,0.001119727894759892
vehicle.parked,EdgeWeighted,2,2,25195,893352,0.16773499615357262,4.402270311070985,8.245864272143502,1.8730935791642724,8.901021381790132,2.162510965403039,0.36198538114746864,0.040667847566499084,0.26225400896859014,0.04389902243860009,0.2617165220622319,0.16773499615357262,0.021711594018451616,1.197180416508876,0.0939096259558496,0.07844233323267866,0.49973134889718723,0.07402569200046566,-0.4257056568967216,2.941400413060645,1.4713382454870798,1.569409932600273,1.544093720294,-1.4700621675735652,-0.025316212306273123
vehicle.parked,EdgeWeighted,2,3,25195,893352,0.16773499615357262,22.471571362902143,0.9600975367500816,0.04272498441777138,8.02763749000947,1.645371572167845,0.27544296048328315,0.034311833398426146,1.713754584351775,0.28689059920593923,1.7103799963096058,0.16773499615357262,0.8030857315724821,0.023997261477337068,0.020740968911308576,0.8643052994960809,0.020755536451477135,0.01633286767142179,-0.004422668780055344,1.4539008816387744,1.4450113724553482,1.1557355429815659,1.1581212637277822,-0.008889509183426236,0.0023857207462163466
vehicle.parked,EdgeWeighted,2,4,25195,893352,0.16773499615357262,4.526287420802376,18.729285334925088,4.137891289772763,8.166672929576182,1.2901559228833788,0.21599602817903338,0.026448472931039493,0.06888441812506002,0.01153252909554074,0.06875445597195101,0.16773499615357262,0.006391775669044748,1.6904811819555623,0.015219912882014307,0.00900330210974296,0.895036894751453,0.007964385818803786,-0.8870725089326492,2.0407395265901638,0.9420645405107237,0.8166779153091877,0.8097976746532213,-1.09867498607944,-0.006880240655966374
vehicle.parked,EdgeWeighted,2,5,25195,893352,0.16773499615357262,18.505423352193606,9.595703100283417,0.5185346431947805,6.283663889333343,0.4238437253141085,0.07087853217165559,0.0112798095676593,0.04417015829302683,0.007386486571859154,0.044036642924115264,0.16773499615357262,0.021753241559001827,0.3242070264334402,0.014932647045522763,0.04605898505410274,0.16283279155360933,0.02107567901566236,-0.14175711253794698,0.6263468733571768,0.5227680301472952,2.652235992880487,2.6508557436430387,-0.10357884320988153,-0.0013802492374481723
vehicle.parked,EdgeWeighted,2,6,25195,893352,0.16773499615357262,1.5167902351144995,7.800441010483045,5.142728887931505,6.5319062897011095,2.7200622596705344,0.4551933395642429,0.06968767135944248,0.34870621449838146,0.05835482101190926,0.34789888139677605,0.16773499615357262,0.013550718449784914,0.3116766744274312,0.04314468243025007,0.13842768672128763,0.4943717593960723,0.026740859146226797,-0.4676309002498455,3.4531718530616278,3.260741673721119,0.8881181694197708,0.9027041147950374,-0.192430179340509,0.014585945375266585
vehicle.parked,EdgeWeighted,2,7,25195,893352,0.16773499615357262,9.357897587567793,2.6988654227264743,0.2884051032389941,8.04139147986567,0.8144780929457108,0.13610271205065783,0.01692526874511508,0.3017853662021603,0.05042960289915708,0.3006504369933692,0.16773499615357262,0.058685744351174296,0.08921926837989742,0.020067549983796982,0.22492392169267458,0.05790774521129409,0.014668350213577626,-0.043239394997716465,1.570805483619947,1.55443608236964,1.5993437296216713,1.6020040465394692,-0.01636940125030706,0.002660316917797889
vehicle.parked,EdgeWeighted,2,8,25195,893352,0.16773499615357262,1.6369504962718877,10.618191727516068,6.486568583981641,8.403569853238738,1.7450137950041815,0.29204884406286613,0.03475295009332027,0.16434189908614283,0.027504574345837307,0.16397635160698076,0.16773499615357262,0.0053576786539441985,1.5529485368968976,0.011478288521028899,0.007391287073847243,0.8741235257770733,0.006595384574053676,-0.8675281412030196,3.214772185012258,1.612158787315049,0.7102535065542493,0.7090996490559348,-1.602613397697209,-0.0011538574983145367
vehicle.parked,EdgeWeighted,3,1,25195,893352,0.16773499615357262,0.6751877552704875,6.218003047848766,9.209294610600308,1.242919439767379,2.9362261374624263,0.49164033829277315,0.39555285612819646,0.47221368502804634,0.07906723971005336,0.4713818631136664,0.16773499615357262,0.042951482434211916,0.2334774044878699,0.08993478683993152,0.38519694522574044,0.25468348422570275,0.04443713116442343,-0.2102463530612793,3.3891385902795474,3.246136817630744,3.1275256094400103,3.06833345971344,-0.14300177264880354,-0.059192149726570165
vehicle.parked,EdgeWeighted,3,2,25195,893352,0.16773499615357262,2.2786067205805147,15.41834995534284,6.766569126834251,2.9042555719164733,0.769606923908224,0.12887186921826907,0.044373460111671204,0.0499149990523069,0.008358343759737295,0.04983064627597576,0.16773499615357262,0.0065577487223357316,1.4532724755865338,0.036969173217334166,0.025438569562137952,0.7552543678191799,0.03811711397075285,-0.7171372538484271,2.444064520405603,1.3069401659556628,2.1619271107206144,2.1590494764847112,-1.1371243544499403,-0.002877634235903148
vehicle.parked,EdgeWeighted,3,3,25195,893352,0.16773499615357262,13.531097041537693,8.417702669207982,0.6221005316232937,6.6504025383955785,1.5094825541543768,0.252400731759394,0.03795269984375398,0.17932238897946004,0.02998451494168742,0.17876122360668464,0.16773499615357262,0.06100734094318765,1.0075902175224183,0.05128503690407401,0.050898704158911616,0.540539451414448,0.034966060410677985,-0.5055733910037701,1.7987110766903107,1.0935972492536195,1.1917554586507741,1.1789100339712788,-0.7051138274366913,-0.012845424679495343
vehicle.parked,EdgeWeighted,3,4,25195,893352,0.16773499615357262,3.031943972734815,10.217298181877942,3.3698835598743266,3.6917620301947105,0.7941855813624112,0.13296059357393783,0.03601548315582259,0.07772950993969568,0.013013283069259196,0.07758239241571711,0.16773499615357262,0.010687456230769932,1.55220937628432,0.04393366105294707,0.028303952701971155,0.8673747861984974,0.06748627640616464,-0.7998885097923327,2.850504496913114,1.3198738573805655,2.5476469462905915,2.542682257057299,-1.5306306395325486,-0.0049646892332924075
vehicle.parked,EdgeWeighted,3,5,25195,893352,0.16773499615357262,6.628732432490879,9.88938226699255,1.4918964300928124,4.339201160950031,0.15542267040500501,0.026055116309287665,0.006004588237051733,0.015716115127493123,0.002634655591169164,0.015707249497799884,0.16773499615357262,0.0040248023091188434,1.5501886091338801,0.00965403596593638,0.006227652459047385,0.8050958636685204,0.018343273424137406,-0.7867525902443829,1.8148594894847137,0.9580695955472475,2.071486949762168,2.0695711800428906,-0.8567898939374662,-0.001915769719277538
vehicle.parked,EdgeWeighted,3,6,25195,893352,0.16773499615357262,4.238533420334834,3.4638633819030225,0.8172315822997733,4.6305892645814035,0.6623992170995919,0.11079648606350456,0.023927081305115398,0.1912313339631083,0.03198639020305987,0.1906959729907196,0.16773499615357262,0.029278213826489676,0.4886972724967848,0.022853799992122163,0.046764737211880285,0.4550949681648443,0.01574071586563863,-0.43935425229920566,2.1910732594148246,2.373162358926482,1.7326810144983258,1.739445275892555,0.18208909951165753,0.006764261394229143
vehicle.parked,EdgeWeighted,3,7,25195,893352,0.16773499615357262,0.8001782967047086,15.365502723601828,19.20259846443474,2.417938771736505,0.15611273719692298,0.026138747268017966,0.010810342869493889,0.010159949850227164,0.0017011319265758107,0.010141782360077602,0.16773499615357262,0.0005629625013451264,1.3482655136659454,0.012241643512758993,0.0090795494640209,0.7811221108812652,0.012467649929702961,-0.7686544609515622,3.420912099296891,1.7408614618682303,2.4331395454218865,2.4385079053410825,-1.6800506374286608,0.005368359919196042
vehicle.parked,EdgeWeighted,3,8,25195,893352,0.16773499615357262,12.120083388946934,11.958078024030373,0.9866333118689069,1.9194817306978202,1.455470307391575,0.24366465126521036,0.1269429378247834,0.12171440119805109,0.020376573105794087,0.12148074258952225,0.16773499615357262,0.128662731139391,0.15438917573650512,0.06298068227301847,0.4079345452375604,0.07909760094565188,0.06485685373738459,-0.01424074720826729,0.6691758561192198,0.5929738114923393,3.020657013224948,3.034978565198426,-0.07620204462688052,0.014321551973477842
vehicle.parked,TargetWeighted,1,1,25195,893352,0.16510522401410924,16.201545780165645,6.749467368931926,0.41659403715840865,6.2264401183957006,1.3922654120402234,0.2294061176340417,0.03684386469691314,0.206277819252242,0.033988773447534495,0.20586127175489755,0.16510522401410924,0.08844068931907559,0.19610461988223707,0.048001072298247856,0.24477276404475007,0.10081365350267911,0.030561619368922405,-0.0702520341337567,0.6161770823472861,0.592010867429099,1.7423819013956658,1.73197395121377,-0.024166214918187046,-0.010407950181895886
vehicle.parked,TargetWeighted,1,2,25195,893352,0.16510522401410924,10.203623827359978,11.273421820986435,1.1048449061508376,4.457129887154196,3.2615483178379043,0.537518441982513,0.12059743700216359,0.2893130734160167,0.04768014982860617,0.2887864222677012,0.16510522401410924,0.10915327141325161,0.928612725284319,0.12059053788606941,0.12986095635350883,0.5278428259575313,0.08878745782893431,-0.43905536812859697,1.2775794816986723,1.2569266760982383,1.771400728547692,1.7631276973495889,-0.020652805600434032,-0.008273031198103187
vehicle.parked,TargetWeighted,1,3,25195,893352,0.16510522401410924,5.912528898320831,19.74712804462273,3.3398784768446825,26.547488138767786,1.4865578983184808,0.24478929554242265,0.009220808167261,0.07527970113965424,0.012396197303491854,0.07508058346855634,0.16510522401410924,0.0027608214501157703,1.5247535871102,0.020933662497133843,0.013729210107658388,0.7775749156578686,0.009644770787854733,-0.7679301448700139,1.3957438895830603,0.992969161218367,0.7233881780000567,0.7169187019091846,-0.4027747283646933,-0.006469476090872117
vehicle.parked,TargetWeighted,1,4,25195,893352,0.16510522401410924,10.100992775613497,17.258623857758057,1.7086066908530944,3.7649447662015545,0.9190012593885157,0.1514861748405758,0.040235961971641435,0.05324881441476692,0.008777419103708311,0.053162573289216426,0.16510522401410924,0.023548989917663278,0.3182345622406022,0.03877386371743463,0.12184051356971842,0.18567176026989482,0.03151418932327843,-0.1541575709466164,0.8213615084823966,0.8180393345796273,1.8025080792249506,1.8005698102294097,-0.003322173902769343,-0.0019382689955409482
vehicle.parked,TargetWeighted,1,5,25195,893352,0.16510522401410924,8.743100054859216,11.706027312662,1.3388874913729463,7.111132280206791,0.045514915982442464,0.007543804960915035,0.0010608444131048028,0.003888160750686867,0.0006444376689870515,0.0039031934561927968,0.16510522401410924,0.000792332747909718,1.1399627833955914,0.0030522982219290716,0.0026775419685735823,0.5251041873387577,0.0018654494939472118,-0.5232387378448106,1.71984049566504,0.9025156684200015,0.9048557845407339,0.9045912705964522,-0.8173248272450384,-0.00026451394428173014
vehicle.parked,TargetWeighted,1,6,25195,893352,0.16510522401410924,24.833756565051715,1.2854035212387376,0.05176033345394346,4.066817091039004,0.1735016587952844,0.028464917400205885,0.006999310933588228,0.1349783586078075,0.022144732536073224,0.1341249577477406,0.16510522401410924,0.13522535722384146,0.11845850134606462,0.01252422854718776,0.10572670891160778,0.09001786068664418,0.01702718793411391,-0.07299067275253027,1.5281135571607392,1.531016097627107,2.109898916438223,2.109659911776619,0.0029025404663678422,-0.00023900466160409195
vehicle.parked,TargetWeighted,1,7,25195,893352,0.16510522401410924,5.539459377337283,12.93781051435747,2.335572771583481,11.72510949368478,1.3364889326619274,0.22025479297928102,0.018784881532241796,0.1033010129608697,0.0170241164503543,0.10311070119618067,0.16510522401410924,0.008042944189264762,1.5452027621590296,0.03098384060194366,0.02005163410278613,0.8583846001190713,0.01869418535423695,-0.8396904147648343,1.9493531749043729,0.9358671268795178,0.8544973312309081,0.8582142021029743,-1.013486048024855,0.0037168708720661803
vehicle.parked,TargetWeighted,1,8,25195,893352,0.16510522401410924,5.298256238707107,9.293859076085436,1.7541354437798937,3.63728219399304,1.829991516477641,0.301437438839998,0.08287436111200758,0.19690329921372107,0.032434044463973376,0.19644467758788126,0.16510522401410924,0.04724513202981332,0.233324264688086,0.060629540905813656,0.2598509777298775,0.22040087318912482,0.1136733478864854,-0.10672752530263942,1.8850126234677522,1.7731944171077945,2.115857303829778,2.1160799067210214,-0.11181820635995776,0.0002226028912435396
vehicle.parked,TargetWeighted,2,1,25195,893352,0.16510522401410924,6.54400039695557,12.714425781304799,1.9429133543131705,7.779569620095892,1.5291646897311,0.25204337437834645,0.03239811279576396,0.12027005504069811,0.019823417786646334,0.12006535047188331,0.16510522401410924,0.01667501669958241,0.15656682458415133,0.05626818405355944,0.3593876327832156,0.11371303830125025,0.04786664020639016,-0.06584639809486009,0.8963462568532257,0.8814063305030146,1.318453320592794,1.3205338658532186,-0.014939926350211019,0.002080545260424671
vehicle.parked,TargetWeighted,2,2,25195,893352,0.16510522401410924,4.418142688725723,8.254661390750163,1.8683555406960861,8.828181958585771,2.154292308408535,0.35499206234348035,0.04021123076151863,0.26097888257569934,0.04300504225542425,0.26047049636081926,0.16510522401410924,0.021522258301712054,1.1856394168168214,0.09034524049963825,0.07619959193006526,0.4963683270490177,0.06969636832704902,-0.42667195872196867,2.7354210334620697,1.3415555513121344,1.4545887016056391,1.4303927679018154,-1.3938654821499352,-0.02419593370382378
vehicle.parked,TargetWeighted,2,3,25195,893352,0.16510522401410924,22.21146658304928,0.9527383337631588,0.04289398585059227,7.960876962918635,1.639953526420528,0.27022058999448384,0.03394357065355011,1.7213052640906452,0.28362518603707837,1.7178449110392278,0.16510522401410924,0.7913361760881837,0.024348030654364226,0.02171227252961329,0.8917461917298674,0.02032149235959516,0.016669974201230404,-0.0036515181583647548,1.3062003974373897,1.2979596787588605,1.0786587825267246,1.0799937372508528,-0.008240718678529158,0.0013349547241281456
vehicle.parked,TargetWeighted,2,4,25195,893352,0.16510522401410924,4.540893647388606,18.65846717067339,4.108985714808298,8.151975858989784,1.2857819475127656,0.2118907379979571,0.025992561975556383,0.06891144567569785,0.011356277873534834,0.06878205855402726,0.16510522401410924,0.006325785416732993,1.6881450628470076,0.016157843983625797,0.009571359857346895,0.8899781702718793,0.00904941456638222,-0.8809287557054971,1.8756967347058842,0.8664773744390423,0.7729640530742498,0.7669506669401883,-1.009219360266842,-0.006013386134061438
vehicle.parked,TargetWeighted,2,5,25195,893352,0.16510522401410924,18.549937587268648,9.556495238278863,0.5151766785288804,6.276685508641408,0.42117840680056184,0.06934584333877876,0.011048162781586787,0.044072475929542956,0.007256409545253322,0.04395020902022535,0.16510522401410924,0.021445385685318008,0.32155510287637196,0.014987353988071977,0.04660897428750932,0.16229410597340743,0.02016273070053582,-0.14213137527287162,0.5995176820205611,0.5056726715515819,2.480629158126671,2.479633753870788,-0.0938450104689792,-0.000995404255882626
vehicle.parked,TargetWeighted,2,6,25195,893352,0.16510522401410924,1.4728719048212104,7.768251690246491,5.274220800923797,6.539064903290616,2.7097085389036457,0.4463430765562326,0.06825793633720359,0.3488183240532313,0.05745733966653911,0.3480043501324073,0.16510522401410924,0.012941804824672857,0.3155547498521131,0.04363729162253275,0.1382875404667756,0.48688231792022224,0.02746576701726533,-0.4594165509029569,3.2470832068104074,3.051357776544171,0.8425225672451141,0.854648818489482,-0.19572543026623634,0.012126251244367947
vehicle.parked,TargetWeighted,2,7,25195,893352,0.16510522401410924,9.440413234487687,2.679329488666402,0.2838148520914461,7.9174440835606195,0.8094416766818242,0.1331596643953257,0.016818516534095457,0.30210605940206764,0.04969887595445204,0.3010133279615168,0.16510522401410924,0.05925875907328798,0.0889251995301006,0.019694775309718852,0.22147572565519008,0.057709863068069064,0.013971025997221671,-0.04373883707084739,1.460131311846304,1.4430188288614851,1.4678746112730152,1.4700625303760515,-0.017112482984818822,0.0021879191030362843
vehicle.parked,TargetWeighted,2,8,25195,893352,0.16510522401410924,1.6455582846532564,10.594344078311337,6.438145711844091,8.466558464052314,1.7382392671834435,0.28634481875014955,0.03382068636597953,0.16407238170612468,0.02702808369855305,0.16370216159375867,0.16510522401410924,0.005253171926697583,1.5480830743259177,0.01199324439717424,0.007747158094164218,0.8673546338559238,0.0070252034133756695,-0.8603294304425482,3.010691584793542,1.4840404022290938,0.6808814267600702,0.6796828202028026,-1.5266511825644482,-0.0011986065572676674
vehicle.parked,TargetWeighted,3,1,25195,893352,0.16510522401410924,0.6896404049021198,6.19112830080273,8.977328136549875,1.2445115874716852,2.926573534582825,0.48232386788927717,0.3875607659013808,0.47270439048667867,0.07790564880519169,0.47185450703842724,0.16510522401410924,0.043171059314605346,0.2334329027713928,0.09083217893048466,0.3891147047436241,0.2506846596546934,0.047787259376860486,-0.2028974002778329,3.1904413798937434,3.0446371321475287,2.9399204855048784,2.8820483039208926,-0.1458042477462147,-0.05787218158398577
vehicle.parked,TargetWeighted,3,2,25195,893352,0.16510522401410924,2.257054502790156,15.36328747857178,6.806786185939207,2.9411439784515605,0.7675047051427601,0.12650554570901348,0.04301236056641196,0.04995706197086271,0.008234275756612418,0.04987289352625096,0.16510522401410924,0.006319040928900084,1.4432366112614208,0.03722976807882384,0.025796025080270065,0.7509426473506648,0.035522921214526694,-0.7154197261361381,2.2731963238247803,1.203155278921708,2.008660095088332,2.0048744064797397,-1.0700410449030724,-0.003785688608592519
vehicle.parked,TargetWeighted,3,3,25195,893352,0.16510522401410924,13.522180042020675,8.408204412374221,0.6218083459935699,6.605744354245696,1.5006399129427472,0.24703422836117342,0.03739687985782084,0.17847329079554086,0.02938014062833863,0.17794796636082366,0.16510522401410924,0.06014213140970971,0.9981574299342157,0.04846936584302124,0.04855883841953394,0.5322484619964278,0.03330025798769597,-0.49894820400873185,1.653687123399106,0.9854750626649357,1.0966650196988703,1.0848584167494606,-0.6682120607341703,-0.011806602949409717
vehicle.parked,TargetWeighted,3,4,25195,893352,0.16510522401410924,3.1314075825348904,10.180426135319221,3.251070272547342,3.7569872336066648,0.7916789827734245,0.13047461638342386,0.03472852259625181,0.07776481764836773,0.012816223458721692,0.07762457401941884,0.16510522401410924,0.010682181428892592,1.5472866338285691,0.04374487235135466,0.028271989890065484,0.8562810081365351,0.06533042270291725,-0.7909505854336178,2.6557665090626434,1.2187436430985747,2.3588908147162146,2.3541310944455818,-1.4370228659640687,-0.004759720270632872
vehicle.parked,TargetWeighted,3,5,25195,893352,0.16510522401410924,6.60788427293522,9.874601820259235,1.4943666380115452,4.287410645166282,0.15597154690031578,0.025757436571934276,0.0060076905721398195,0.015795223906888516,0.002608453182689805,0.015798731023069182,0.16510522401410924,0.004020225277467117,1.5380245227781613,0.009349686790563066,0.006079023182858182,0.7967453859892836,0.017463782496527087,-0.7792816034927564,1.663474718453608,0.8923936474147742,1.9086005377822814,1.906803886725239,-0.7710810710388338,-0.0017966510570424088
vehicle.parked,TargetWeighted,3,6,25195,893352,0.16510522401410924,4.235046179145945,3.443626149521483,0.8131259957322773,4.589883830273211,0.6589309748071467,0.10851198098546738,0.023641552762914422,0.19134799896476276,0.03151096430297356,0.1908538181186961,0.16510522401410924,0.029074894415194032,0.4872551351723533,0.02319062642402807,0.047594420815864374,0.44096050803730896,0.016114308394522724,-0.42484619964278625,2.035694662621203,2.213855589669177,1.6104851779641975,1.6169272252254758,0.17816092704797404,0.006442047261278283
vehicle.parked,TargetWeighted,3,7,25195,893352,0.16510522401410924,0.8089706823475923,15.317131655079653,18.93409959096306,2.417567246758695,0.15567332411627977,0.025661138736945786,0.010614446677835324,0.010163346997348555,0.0016753227234736537,0.01014699947871118,0.16510522401410924,0.0005605994951719506,1.3278241048596382,0.012034816139991763,0.009063561962243729,0.763603889660647,0.011430839452272277,-0.7521730502083747,3.2235878314255113,1.6103823863249342,2.2722488781283205,2.2773955476438883,-1.613205445100577,0.005146669515567748
vehicle.parked,TargetWeighted,3,8,25195,893352,0.16510522401410924,12.209252448292208,11.896309619774312,0.9743683866324384,1.9074629481662877,1.4509345883615232,0.2391141326594271,0.12535715654960664,0.12196509955743721,0.020099857863565322,0.12173967702227823,0.16510522401410924,0.1286547849692781,0.16714603432910083,0.06409690271364851,0.38347843032076456,0.08497717801151022,0.06556856519150625,-0.019408612820003973,0.6453791383118562,0.5680520833127708,2.8351570384712796,2.848908824585387,-0.07732705499908543,0.013751786114107212
unknown,EdgeWeighted,1,1,1074,32962,0.19781314266041916,17.025727744978013,6.477196588602572,0.3804358134828485,6.939553042986998,1.26509801726265,0.24856955058263308,0.03581924494051401,0.19531567368753167,0.038376100956432437,0.19400176601154384,0.19781314266041916,0.09415318623938389,0.1710906350968899,0.06385017052118457,0.37319498377614824,0.07199199077725867,0.03030762696438323,-0.041684363812875436,0.5901003239207564,0.4935589859100118,1.5215879950003235,1.4954362783682158,-0.0965413380107446,-0.02615171663210769
unknown,EdgeWeighted,1,2,1074,32962,0.19781314266041916,10.766768693388794,10.76718431104337,1.0000386009643212,4.281781628358813,2.9871719281734626,0.5871345387890056,0.13712388635821504,0.2774329703203221,0.05452999793469781,0.27566416692376405,0.19781314266041916,0.13711859207714858,1.1935700332058174,0.19906842368996194,0.16678403150541782,0.6335780595837631,0.16409805230265154,-0.4694800072811116,1.6557191808360365,1.3010364524392084,1.750578482114694,1.7433493178332324,-0.35468272839682813,-0.007229164281461475
unknown,EdgeWeighted,1,3,1074,32962,0.19781314266041916,7.604430282573718,18.302578790226008,2.4068310295512623,25.740655408930277,1.3198081672622894,0.2591756138744668,0.010068726287515702,0.07211050320657501,0.014160606366096694,0.07158576755715455,0.19781314266041916,0.004183395561240954,1.4543742086230353,0.027651009803054964,0.019012307457728618,0.7741945270311268,0.013712760148049268,-0.7604817668830776,1.647481141934357,1.5486988871882035,0.715394634092697,0.715259837202634,-0.09878225474615343,-0.00013479689006301587
unknown,EdgeWeighted,1,4,1074,32962,0.19781314266041916,10.417133812285714,16.4103031157516,1.5753184509010052,4.740567816059254,0.8422201277551281,0.1653038421271107,0.03487005105557675,0.051322642933602364,0.010073174204059055,0.050922671564470834,0.19781314266041916,0.022135239268149493,0.38957179878407944,0.05303847857910701,0.13614557671575164,0.2109398701535101,0.04068321097020812,-0.17025665918330196,1.1303014840924315,1.044331117571666,1.6093461673294804,1.6102973082627507,-0.0859703665207654,0.0009511409332703114
unknown,EdgeWeighted,1,5,1074,32962,0.19781314266041916,12.296019856194144,10.726779948364152,0.8723782219851193,8.018586102163585,0.05637230495370935,0.01132892066202068,0.001412832699375214,0.005255286784339538,0.0010561343391021097,0.005339050133411244,0.19781314266041916,0.0016195185156790035,0.9205744353788411,0.004481869352577764,0.0048685572091167,0.48031066076087614,0.00033371761422243797,-0.4799769431466537,1.5595262981226652,1.0726652066193874,0.9431737035532203,0.9426175559856897,-0.48686109150327783,-0.0005561475675305294
unknown,EdgeWeighted,1,6,1074,32962,0.19781314266041916,23.071551747126115,1.1430963703235273,0.049545708167221945,3.81616545292905,0.1493042060243973,0.029360177009743256,0.007693633123341623,0.13061383851302213,0.02568477821741814,0.12984363209412345,0.19781314266041916,0.15528351203578908,0.09537590360702598,0.01478103082996997,0.15497655824165135,0.061919786420726895,0.011862144287361204,-0.05005764213336569,1.3783106870524533,1.3888150471308902,2.0395330955024007,2.0388135659628186,0.010504360078436914,-0.0007195295395820978
unknown,EdgeWeighted,1,7,1074,32962,0.19781314266041916,5.968963218840316,12.727797387369549,2.1323296692250486,10.85753054460967,1.2195165830505943,0.23925574405725616,0.022035926388038373,0.09581521020303414,0.018797890678767647,0.09502851769941462,0.19781314266041916,0.010334202352821389,1.42527923797279,0.06885332063086931,0.04830865300873572,0.8559553425156241,0.046508100236636124,-0.809447242278988,1.9636528045340886,1.2871258430064478,1.1475662544152874,1.1657057926097172,-0.6765269615276408,0.018139538194429816
unknown,EdgeWeighted,1,8,1074,32962,0.19781314266041916,5.853286379209779,8.940836110364778,1.5274899459638147,5.685537526001478,1.6436185726206407,0.3230324466174526,0.0568165181518852,0.1838327590947481,0.03613000420415637,0.18264712794997934,0.19781314266041916,0.03719600114557555,0.386453105094908,0.08819900440879987,0.22822692058553937,0.24400825192646078,0.10096474728475213,-0.14304350464170865,1.8809180015320501,1.538421106019267,1.8920153666844366,1.8986042080296799,-0.3424968955127832,0.00658884134524329
unknown,EdgeWeighted,2,1,1074,32962,0.19781314266041916,5.554815286641861,12.10782051711911,2.179698130456082,7.266131371032317,1.402372466732877,0.2757481080885371,0.037949782852585975,0.11582369127390363,0.022774380200872333,0.11513076807369091,0.19781314266041916,0.017410568072809076,0.17806254442736866,0.08415470370014273,0.47261314413227323,0.14856501425884353,0.08242825071294217,-0.06613676354590135,1.0350523665378217,0.9405437365825386,1.5040807202470008,1.4889870454208725,-0.09450862995528309,-0.015093674826128334
unknown,EdgeWeighted,2,2,1074,32962,0.19781314266041916,4.482839133114091,8.866012481196934,1.9777672582375971,8.507267978336454,1.9703802970324997,0.38803536470173183,0.04561221830953627,0.2222397384380961,0.04376661606184428,0.22125230538627189,0.19781314266041916,0.02306248012193146,0.9931134209613107,0.11496345182869103,0.11576064550593085,0.44930526060311876,0.07824161155269704,-0.3710636490504217,2.86633693052845,1.8449543351686324,1.5308092961014754,1.4930976775960993,-1.0213825953598175,-0.03771161850537608
unknown,EdgeWeighted,2,3,1074,32962,0.19781314266041916,21.61759672437736,0.818356581803518,0.03785603884922727,7.698957732247976,1.4881449949040835,0.29219603888777723,0.03795267472171636,1.8184554383859317,0.35705222126191605,1.8049973748452337,0.19781314266041916,1.0025524552991234,0.040464026686181355,0.03294296219056385,0.8141294069608733,0.018475820641951336,0.015168982464656271,-0.0033068381772950652,1.26390951292945,1.2481148742586534,1.2042773376308982,1.2155481836412645,-0.015794638670796557,0.01127084601036632
unknown,EdgeWeighted,2,4,1074,32962,0.19781314266041916,4.718377164955699,17.800865586060688,3.772666941622322,7.231663940798752,1.1737100697091378,0.23074405687887647,0.031907463959714326,0.06593556158127943,0.012962518908627672,0.06552910529099196,0.19781314266041916,0.008457535310927322,1.5645350888795846,0.024310502895216832,0.015538483548644188,0.8952733450640131,0.015411686184090771,-0.8798616588799224,1.9881732383684583,1.2634870518737478,0.8512658990630383,0.8370005627218687,-0.7246861864947105,-0.014265336341169554
unknown,EdgeWeighted,2,5,1074,32962,0.19781314266041916,17.044003698813153,9.030291562394194,0.5298222012076181,5.691287861120853,0.374924644396002,0.07368226394998824,0.012946500971049478,0.041518553569427935,0.008159455689696287,0.04124829709227383,0.19781314266041916,0.02443555724389254,0.20254139683849998,0.021535077430269427,0.10632432037682452,0.10348279837388508,0.05023966992294157,-0.053243128450943505,0.7382525016316805,0.6626371854646526,2.62554429155431,2.622871555553561,-0.07561531616702799,-0.002672736000749243
unknown,EdgeWeighted,2,6,1074,32962,0.19781314266041916,1.9289362504454406,7.359128965699251,3.815122934129426,6.019856774801818,2.4263784799549186,0.47584594794892116,0.07904605789796819,0.329710008883812,0.06466063436586354,0.32687732588168605,0.19781314266041916,0.02071913777237544,0.4956581823646718,0.06606538089211247,0.1332881851037903,0.41232328135428675,0.04077422486499606,-0.3715490564892907,3.3305153833359555,2.9209471909634943,0.9276467945985645,0.9461704895397207,-0.4095681923724612,0.018523694941156243
unknown,EdgeWeighted,2,7,1074,32962,0.19781314266041916,9.142582678620588,2.337009889249248,0.25561812989211813,7.090966621131816,0.6970328320119359,0.1364892291064327,0.019248324834472835,0.29825839943418897,0.058403359416782596,0.295245076635739,0.19781314266041916,0.07530109108295858,0.08138031990503897,0.035349297766480915,0.43437152205857715,0.03946969237303562,0.02147927916995328,-0.017990413203082336,1.7532618403589708,1.7221443643898706,1.5868982929703837,1.5932718906234948,-0.031117475969100195,0.006373597653111185
unknown,EdgeWeighted,2,8,1074,32962,0.19781314266041916,2.860497587913049,10.517719126898292,3.676884446458466,8.955944896016977,1.558776004099888,0.30578887946433553,0.03414367581235273,0.1482047565456835,0.029073687506216635,0.14697550246381594,0.19781314266041916,0.00928603447203221,1.4410707262177818,0.017972656642473016,0.012471737986744393,0.8035920150476306,0.009162065408652388,-0.7944299496389782,3.080147170659542,1.9738323137528255,0.780174660414879,0.7744256028874266,-1.1063148569067163,-0.0057490575274524724
unknown,EdgeWeighted,3,1,1074,32962,0.19781314266041916,0.8146509979079545,5.806072755114639,7.127067540276895,1.1671241050018406,2.673827572746565,0.525250365181525,0.45003813941475856,0.46052257367700616,0.09046568763957855,0.45732898153076157,0.19781314266041916,0.06314492408554119,0.3154750162242969,0.1696017366619786,0.5376074889091059,0.21027243492506523,0.052788058977003824,-0.15748437594806142,3.242567656357308,2.9298324731386822,3.045578309826749,2.93530735649772,-0.3127351832186256,-0.11027095332902892
unknown,EdgeWeighted,3,2,1074,32962,0.19781314266041916,2.182420259689156,14.739693646546772,6.753829155301128,2.594190689991113,0.709151514506978,0.1394977210819998,0.05377311740516134,0.0481116861063121,0.009464085504927748,0.04784356033784318,0.19781314266041916,0.007961871123632988,1.2960688895167187,0.05694731121031366,0.04393849064007964,0.6964383229172987,0.054911716522055704,-0.641526606395243,2.516394209157954,1.7331217632825278,2.181243689620339,2.1831287359189284,-0.7832724458754263,0.0018850462985895433
unknown,EdgeWeighted,3,3,1074,32962,0.19781314266041916,13.408231254476156,8.522245490849723,0.6355980384548265,6.094961147953334,1.3197338455226404,0.2594251536337167,0.042563873158599545,0.15485752497872235,0.03044093878870895,0.15388733448359795,0.19781314266041916,0.06696665174173305,0.9257804137345349,0.07711868859239383,0.08330127383910572,0.4975426248407257,0.056853346277531705,-0.440689278563194,1.7055480067234077,1.1324176711356855,1.1962453323342752,1.1900240816474437,-0.5731303355877222,-0.006221250686831548
unknown,EdgeWeighted,3,4,1074,32962,0.19781314266041916,5.669128422687391,9.751633005142013,1.720129138178539,3.478977809565726,0.734942364902268,0.1447219129964392,0.041598975475648343,0.07536608112313843,0.014840787463158199,0.07502427044694547,0.19781314266041916,0.024183635001882208,1.5226424826305716,0.07237924466774785,0.04753528488667283,0.836053637521995,0.10342212244402646,-0.7326315150779685,2.4580284795020404,1.365676073813973,2.6368262348181672,2.6271938670547477,-1.0923524056880674,-0.00963236776341958
unknown,EdgeWeighted,3,5,1074,32962,0.19781314266041916,6.110313199804378,9.97663123968135,1.6327528388680999,4.053733183784388,0.17845767762486758,0.0352546476490841,0.008696834735729587,0.017887568775338616,0.0035337226330992354,0.01786394173275974,0.19781314266041916,0.0053264857211908325,1.317729107230225,0.012034325377707801,0.009132624619393032,0.7324494872883927,0.020993871731084277,-0.7114556155573084,1.787808358727614,1.3136076818254727,2.005297582290228,2.0031594143482536,-0.4742006769021412,-0.0021381679419745225
unknown,EdgeWeighted,3,6,1074,32962,0.19781314266041916,5.4547971408518325,3.1050993282252755,0.5692419428906493,4.303447524730571,0.5904834001493976,0.11613570078217385,0.026986665887038595,0.19016570351880896,0.03740160559518569,0.18907542340924155,0.19781314266041916,0.04740807621433815,0.4145132803452022,0.040871312660245955,0.09860072912549744,0.36323645409865907,0.026090649839208786,-0.3371458042594503,1.8737017329416463,2.0066018086596826,1.8951021491169346,1.9063096256861567,0.1329000757180363,0.011207476569222052
unknown,EdgeWeighted,3,7,1074,32962,0.19781314266041916,0.877598718830384,14.855191469525229,16.927088635740645,2.394571697223898,0.1422032243305736,0.028175117204122427,0.011766244927693863,0.009572628163465343,0.0018966512308478773,0.009588094650631299,0.19781314266041916,0.0006951133283427683,1.167440158773997,0.017500334098001297,0.014990347742085582,0.7126387961895516,0.016534190886475335,-0.6961046053030763,3.3244597887756715,2.1236215209999485,2.4852921018550544,2.49248389479454,-1.200838267775723,0.007191792939485353
unknown,EdgeWeighted,3,8,1074,32962,0.19781314266041916,11.387354677235306,10.953376480432784,0.961889462590553,1.7746297511165416,1.334557051639571,0.26274243081164267,0.14805478673271733,0.12183978637137494,0.02398734591485418,0.12126264402667222,0.19781314266041916,0.15392078918794835,0.060047238507614766,0.11960640460692053,1.9918715274980983,0.03431223833505249,0.15787876949214247,0.12356653115708999,0.7172584106685824,0.7103268962262039,3.020077083400703,3.0345965605675267,-0.006931514442378495,0.01451947716682378
unknown,TargetWeighted,1,1,1074,32962,0.1995208224271263,18.15201288703901,6.5037212952607115,0.35829201599573623,6.860091275307496,1.3016359686356327,0.25944634401504807,0.037819663503707836,0.200137107286988,0.03989198365637037,0.19993893956382053,0.1995208224271263,0.10555541502382725,0.16680138092046828,0.050991534016770895,0.3057020911839033,0.08007448789571694,0.027001862197392923,-0.05307262569832402,0.5295193209808072,0.48083341203487806,1.2749308781722437,1.2583584399691066,-0.04868590894592917,-0.01657243820313714
unknown,TargetWeighted,1,2,1074,32962,0.1995208224271263,10.360330294436814,10.8216720860643,1.0445296402789317,4.336497202211097,3.066975892707612,0.6111058657030011,0.1409215400812883,0.28341053632765595,0.05647055836456662,0.2830308879409479,0.1995208224271263,0.13491387252018797,1.002477080571633,0.156999740060921,0.15661179845157014,0.5325884543761639,0.12383612662942271,-0.40875232774674114,1.3112044444474993,1.0568506461326583,1.4518528347169122,1.4408339877984293,-0.25435379831484095,-0.011018846918482872
unknown,TargetWeighted,1,3,1074,32962,0.1995208224271263,8.474165611174937,18.57068903851924,2.1914474968621662,25.333170572738787,1.3586979608770668,0.2713484819010345,0.01071119309818735,0.07316357283928591,0.014611653945208395,0.07323372585940473,0.1995208224271263,0.004887725151821783,1.3681365357661512,0.021497528104812706,0.01571299894834267,0.7188081936685289,0.00931098696461825,-0.7094972067039106,1.288898885419025,1.1258753720841046,0.6025176448537174,0.6025986234636547,-0.1630235133349205,8.097860993727668e-05
unknown,TargetWeighted,1,4,1074,32962,0.1995208224271263,10.667212998663011,16.514350266018127,1.5481410423328532,5.110920412734864,0.8686554644146335,0.17273665119295722,0.03379756225993546,0.052600038747881044,0.010459790927639618,0.05242455537298337,0.1995208224271263,0.021831061329332234,0.3543053968153103,0.043115133568837914,0.12168917758376928,0.19925512104283055,0.030726256983240222,-0.16852886405959033,0.8683601568099002,0.7930761766093253,1.3575313962803213,1.358294981341028,-0.07528398020057492,0.0007635850607068395
unknown,TargetWeighted,1,5,1074,32962,0.1995208224271263,13.276579907091417,10.924680391879468,0.822853510474918,8.14625886943068,0.05504928516021083,0.010855451700747209,0.0013325689572863005,0.005038983579852846,0.0009936630914053697,0.00498024732213514,0.1995208224271263,0.0016194485702840467,0.8601910917569007,0.0031667381985421555,0.003681435662464118,0.4366852886405959,0.000931098696461825,-0.43575418994413406,1.221422966204873,0.8009064312828488,0.7621627135200889,0.7621295827308007,-0.42051653492202423,-3.3130789288238205e-05
unknown,TargetWeighted,1,6,1074,32962,0.1995208224271263,23.90524860311307,1.1737769149288,0.0491012218247725,3.8891934384400417,0.15451054659774943,0.03104810505714721,0.007983173238554289,0.13163535874341872,0.026451452910467254,0.13257489249965151,0.1995208224271263,0.16258600735402787,0.0829546187877402,0.013810987150488077,0.16648844497667373,0.04655493482309125,0.013966480446927373,-0.032588454376163874,1.0763837026964738,1.0815128450466867,1.6906972670856986,1.690305481654113,0.00512914235021289,-0.00039178543158557844
unknown,TargetWeighted,1,7,1074,32962,0.1995208224271263,6.688577215754679,12.66818492306881,1.894002938964265,10.872672602126933,1.2568079067903324,0.2500059534626026,0.022993974193958183,0.09920978525578536,0.019734946622857658,0.0989117095332174,0.1995208224271263,0.01214041097799369,1.3142835225989775,0.0549274061978387,0.0417926610472099,0.7523277467411545,0.03910614525139665,-0.7132216014897579,1.5323275651166586,0.9500096114479686,0.9641010874385303,0.9747338874106481,-0.58231795366869,0.010632799972117857
unknown,TargetWeighted,1,8,1074,32962,0.1995208224271263,5.788961274825517,8.962349937642497,1.5481792841032325,6.874415584696707,1.688759869917794,0.33716388560598826,0.04904618886674448,0.18842824480001633,0.03762003130603905,0.1885518963027559,0.1995208224271263,0.031679915274383,0.36436325240549927,0.06655501974637607,0.182661169808901,0.2271880819366853,0.07262569832402235,-0.15456238361266295,1.521692204376441,1.2623737800969133,1.5801871808645365,1.5868250047342167,-0.25931842427952767,0.006637823869680259
unknown,TargetWeighted,2,1,1074,32962,0.1995208224271263,5.212326122841518,12.181967290674125,2.337146022755311,7.57062705146383,1.4331920067059867,0.2857438263369817,0.03774374619395547,0.11764864995382779,0.023456295628142852,0.11756314036385206,0.1995208224271263,0.0161495027118432,0.18316438593882128,0.07733671749691025,0.42222571204690607,0.13687150837988826,0.06517690875232775,-0.07169459962756052,1.0448509528132512,0.9663478245269138,1.2271565221019105,1.2151121385306618,-0.07850312828633743,-0.012044383571248707
unknown,TargetWeighted,2,2,1074,32962,0.1995208224271263,4.57494650683518,8.592031442434509,1.8780616146695932,9.140879338997477,2.018451284577038,0.4030651178236406,0.04409478589911008,0.23492131002443198,0.046911503997047646,0.23512083137575007,0.1995208224271263,0.02347888126773671,0.9002919285394764,0.09037755378751446,0.1003869410783928,0.3919925512104283,0.05865921787709497,-0.3333333333333333,2.3201816149701324,1.4156590703616643,1.2563380100245913,1.2290533701408821,-0.9045225446084681,-0.027284639883709216
unknown,TargetWeighted,2,3,1074,32962,0.1995208224271263,21.48606650635269,0.8529947245914306,0.03969990151255608,7.8346477814229,1.5311288688864202,0.30499338075309634,0.038928792828056995,1.7950038925150034,0.3575559946441906,1.792073490745813,0.1995208224271263,0.9805763122606659,0.03759781301382371,0.03068767132104451,0.8162087286213746,0.017690875232774673,0.017690875232774673,0.0,1.006597067653313,0.9940953299544342,1.00496168848263,1.010442678023117,-0.012501737698878745,0.005480989540487036
unknown,TargetWeighted,2,4,1074,32962,0.1995208224271263,4.6185515065058835,17.890114719975763,3.87353365141423,7.343724688013604,1.203028263612472,0.2398514352343355,0.0326607334966155,0.06724541914740989,0.013406925492347607,0.0671956172659033,0.1995208224271263,0.008431767050835709,1.5057151260042583,0.026786590553578928,0.017789945729484367,0.8324022346368715,0.017690875232774673,-0.8147113594040968,1.638783820433444,0.963408278222558,0.7775219235254248,0.7686707156734607,-0.6753755422108859,-0.008851207851964138
unknown,TargetWeighted,2,5,1074,32962,0.1995208224271263,17.252803715543685,9.105819244528504,0.5277877955017166,5.687884921489136,0.38434432089870363,0.07685816160164272,0.013512608382096895,0.0422086481353736,0.008440554271206253,0.042304125180958795,0.1995208224271263,0.02560235049245173,0.18986845853422565,0.020373683561996724,0.10730419705431062,0.09869646182495345,0.04189944134078212,-0.05679702048417133,0.6263832256641242,0.552393620238763,2.241626990653887,2.2393276606521733,-0.07398960542536115,-0.002299330001713784
unknown,TargetWeighted,2,6,1074,32962,0.1995208224271263,1.8661732241413047,7.411346364279554,3.971413922721804,6.360323485762806,2.5064136861820385,0.4992131124139858,0.07848863548317273,0.3381860136614764,0.06735795187585111,0.3375985908662103,0.1995208224271263,0.01976339832936544,0.4701442085898148,0.06096451034248603,0.12967193455095008,0.425512104283054,0.038175046554934824,-0.3873370577281192,2.810317316565786,2.4590411706205035,0.8226544912127864,0.835970036058339,-0.35127614594528245,0.01331554484555253
unknown,TargetWeighted,2,7,1074,32962,0.1995208224271263,9.143979458313279,2.4190555296264407,0.2645517236788662,7.030954231299265,0.7231721860171842,0.1443973624558531,0.02053737764465519,0.2989481531824851,0.059691627616847306,0.2991749126680759,0.1995208224271263,0.07763085638888718,0.08955773678943679,0.029435209303198186,0.3286729552542743,0.04562383612662942,0.015828677839851025,-0.0297951582867784,1.518977754787689,1.4861435449337752,1.3399262269286176,1.343871083859897,-0.03283420985391383,0.003944856931279439
unknown,TargetWeighted,2,8,1074,32962,0.1995208224271263,3.074108737669433,10.440230001146038,3.3961810912060497,9.32036140113494,1.604249136714766,0.31970436129686297,0.03430171290513643,0.15366032501219437,0.030622348449751115,0.15347945413637812,0.1995208224271263,0.010100083559429509,1.3415062366516701,0.02107799543181434,0.015712185824273216,0.749534450651769,0.010242085661080074,-0.739292364990689,2.5358149283478335,1.5367992373211414,0.7179321169847932,0.7126985228563751,-0.9990156910266921,-0.005233594128418062
unknown,TargetWeighted,3,1,1074,32962,0.1995208224271263,0.9187623963774065,5.870662629833155,6.38975059175595,1.145061660993118,2.74470483291297,0.5467622803471702,0.4774959237548843,0.467528965859802,0.09313467897768851,0.4667917522432419,0.1995208224271263,0.07472841328481035,0.28062768187571696,0.1563381467489209,0.5571016377747895,0.20949720670391062,0.07355679702048418,-0.13594040968342644,2.760556879716759,2.5082163752552007,2.6084560583780467,2.5251458500279655,-0.2523405044615581,-0.08331020835008118
unknown,TargetWeighted,3,2,1074,32962,0.1995208224271263,1.9749809582434181,14.791229482316933,7.489302287035457,2.5838470287844024,0.7280693752542579,0.1451392699867447,0.05617177325443652,0.04922304637572163,0.009812522350635892,0.04918044011379039,0.1995208224271263,0.007500267852276625,1.1958326854650168,0.05384062225571159,0.0450235408848517,0.6061452513966481,0.040968342644320296,-0.5651769087523278,2.2092834286005356,1.3717698400079914,1.8420360709791035,1.8417905179564753,-0.8375135885925442,-0.00024555302262818657
unknown,TargetWeighted,3,3,1074,32962,0.1995208224271263,13.316824203587684,8.409211688827527,0.6314727561130735,6.202054731856304,1.3619454677851965,0.2724079723846906,0.043922213479714894,0.1619587562500167,0.03239399626753024,0.16235896709864592,0.1995208224271263,0.06955519831848146,0.8745116062413226,0.06258846251795093,0.07156961823669997,0.478584729981378,0.04003724394785847,-0.43854748603351956,1.4253177269814998,0.8790276083174523,1.0244793501316585,1.015464238457365,-0.5462901186640475,-0.009015111674293363
unknown,TargetWeighted,3,4,1074,32962,0.1995208224271263,6.82177266198268,9.79103788530226,1.435262996305122,3.418238804740388,0.7477035244839383,0.14926029003769106,0.043665846105906805,0.076366114857209,0.015244583019059312,0.0764059714146757,0.1995208224271263,0.030423585025240944,1.3133525731215798,0.06351360992598667,0.04835990787411204,0.7206703910614525,0.0931098696461825,-0.62756052141527,2.042988763236462,1.0884103146560122,2.243441281763999,2.2356825560964673,-0.9545784485804496,-0.007758725667531774
unknown,TargetWeighted,3,5,1074,32962,0.1995208224271263,5.906306838206572,9.847916946025059,1.667356132879439,3.9854364469684507,0.17263463433825182,0.03412072840504177,0.00856135300950098,0.017530066013872317,0.0034647660573707767,0.01736543505368674,0.1995208224271263,0.005134687658700175,1.1728553775946882,0.01095201059547758,0.009337903642100456,0.6424581005586593,0.0186219739292365,-0.6238361266294228,1.4396482211470665,1.001125136492082,1.6654812549376663,1.6631650174573258,-0.4385230846549846,-0.0023162374803404884
unknown,TargetWeighted,3,6,1074,32962,0.1995208224271263,5.9916373892189,3.1764026242539707,0.5301393279686889,4.277915853054184,0.6056413009172029,0.1210144155446129,0.02828817102031914,0.19066893295769086,0.03809794584590977,0.1909472077800437,0.1995208224271263,0.053359879175745854,0.3753553357618312,0.036425056424656044,0.09704152834356676,0.3091247672253259,0.024208566108007448,-0.28491620111731847,1.5541817529209803,1.6560951272141546,1.5974643781825282,1.6060266397936465,0.10191337429317437,0.008562261611118283
unknown,TargetWeighted,3,7,1074,32962,0.1995208224271263,0.902530260552724,14.858981877974783,16.463693643067398,2.351744575986358,0.14523835763713566,0.029159665449214136,0.012399163422325525,0.00977444879683685,0.001962426878843748,0.009835699134628019,0.1995208224271263,0.000753121607071169,1.0671325294844836,0.01570127270482702,0.014713516947400066,0.6396648044692738,0.01303538175046555,-0.6266294227188082,2.833714548736209,1.7097145175221595,2.111167010741411,2.115972878143509,-1.1240000312140495,0.004805867402098318
unknown,TargetWeighted,3,8,1074,32962,0.1995208224271263,11.72013011827191,11.136143539592334,0.9501723460159496,1.6977203080707381,1.3640400459854,0.27222391639565396,0.16034673879912376,0.12248764932949648,0.02444507967981603,0.12251893390001989,0.1995208224271263,0.16875542398586912,0.07734572704874478,0.10773746336122862,1.3929334372149096,0.048417132216014895,0.13221601489757914,0.08379888268156424,0.6028436892582186,0.5915754148976243,2.593217835141646,2.604971735739315,-0.0112682743605943,0.01175390059766901
Pedestrian 0-1m,EdgeWeighted,1,1,3192,119354,0.18373454570076606,6.621007358856795,6.207737509714383,0.937582027005995,13.31510877337025,1.4523791366359295,0.26711866323193745,0.020061320382568124,0.2339627170162235,0.04302995453393904,0.2341963076560216,0.18373454570076606,0.021396869383963943,0.928632409810308,0.0659998855449172,0.07107213159583532,0.5232585418167803,0.04138110159693014,-0.4818774402198502,2.0696343693747057,1.8212407146298102,0.828597150107392,0.8289553409652277,-0.2483936547448955,0.00035819085783572735
Pedestrian 0-1m,EdgeWeighted,1,2,3192,119354,0.18373454570076606,11.748961552925687,8.83220674760791,0.7517436073225643,10.298509362440944,3.3321316751423473,0.6129075724850733,0.05951420252383598,0.3772705696990287,0.06939461329493055,0.37768950446070726,0.18373454570076606,0.07916821793020842,0.4578210701190284,0.16461702161721362,0.35956627766990334,0.22544698962749468,0.11661946813680313,-0.10882752149069155,1.5838389481537782,1.3384032744373375,0.8364975955934681,0.8484158336692413,-0.2454356737164407,0.011918238075773191
Pedestrian 0-1m,EdgeWeighted,1,3,3192,119354,0.18373454570076606,7.736964843735767,13.22568759922863,1.7094154942222146,39.67295017874165,0.7681660165443311,0.14099213707361202,0.00355386066331973,0.05808136705182116,0.01066047688705655,0.05802107745272711,0.18373454570076606,0.0020789917106413163,0.5256528812473642,0.013106507305198894,0.024933768126143858,0.2443738793840173,0.007808703520619334,-0.23656517586339798,1.205249681306998,0.8076031809990379,0.4180823055662856,0.41930008364731713,-0.39764650030796,0.0012177780810315175
Pedestrian 0-1m,EdgeWeighted,1,4,3192,119354,0.18373454570076606,4.483667037313852,13.24431955861742,2.9539034497559404,4.124749319475162,0.9794051292344919,0.18008719528940925,0.04366015505536763,0.07394907108366702,0.013597315766687485,0.07400521755326395,0.18373454570076606,0.014780494911291027,1.5609198891470824,0.0840153910548095,0.053824280862020644,0.8690282688472946,0.06708614709184443,-0.8019421217554501,1.4574917288889286,1.6609467196233323,1.6611951484418048,1.6580740698139298,0.20345499073440365,-0.003121078627875029
Pedestrian 0-1m,EdgeWeighted,1,5,3192,119354,0.18373454570076606,7.356889943047711,7.0240315884829325,0.9547555602042292,4.700280064677918,0.3786318312296019,0.06990280553329706,0.014872051116674589,0.05390520044234706,0.009951949183770022,0.054164820252854205,0.18373454570076606,0.01557681524025395,1.2457638406872105,0.03169065609372606,0.025438734697787464,0.7257905055549039,0.02142366405817987,-0.704366841496724,1.8585991633418273,1.3457338040111022,1.6026772770928541,1.59356492393113,-0.5128653593307251,-0.009112353161724096
Pedestrian 0-1m,EdgeWeighted,1,6,3192,119354,0.18373454570076606,26.943867749502513,1.2436160340707678,0.046155809743839454,5.3944934279438215,0.2378728068558443,0.04379713251701056,0.008118859170158595,0.1912751190288666,0.03521756793491344,0.19167634417267435,0.18373454570076606,0.1759010936262754,0.2757692644400476,0.01138386960848729,0.0412804132425643,0.14931213030145618,0.008227625383313505,-0.14108450491814267,1.3903650290826355,1.504021697204349,1.10513570321747,1.1088082445540313,0.11365666812171349,0.0036725413365612525
Pedestrian 0-1m,EdgeWeighted,1,7,3192,119354,0.18373454570076606,7.723357703059582,11.506803792466163,1.489870626218578,15.161624080624772,1.4440615504421501,0.26550537179477063,0.017511670927057642,0.12549632158781185,0.02307377238307191,0.125582105636407,0.18373454570076606,0.011753819762166598,0.46990658845217576,0.04482946202422973,0.09540079277859342,0.21502421368366373,0.023702598991236154,-0.1913216146924276,1.4730185596033343,1.0995045934022605,0.7024317668488494,0.6844980500988991,-0.3735139662010738,-0.017933716749950368
Pedestrian 0-1m,EdgeWeighted,1,8,3192,119354,0.18373454570076606,6.762593043648133,7.731182011890177,1.143227449967514,6.380481670496045,1.358313042650535,0.24972597541357555,0.039139047476139895,0.17569280335200857,0.03230113774407302,0.17580328110232749,0.18373454570076606,0.03423557327537608,1.204759733773755,0.08987824840319908,0.07460263248975021,0.7522077182163983,0.08100273137054477,-0.6712049868458535,1.8099644537233717,1.4942527835843895,1.3390527515349104,1.3141128835322877,-0.31571167013898216,-0.02493986800262271
Pedestrian 0-1m,EdgeWeighted,2,1,3192,119354,0.18373454570076606,6.202285929920033,10.296108694674125,1.660050632042752,6.268574417795674,1.432097946535005,0.2632802253234915,0.04200001584986736,0.1390911836318196,0.025570847479880445,0.13917277227657526,0.18373454570076606,0.025300442520346748,1.9627403170428295,0.12061631183144046,0.06145301554646687,0.9884964056504181,0.1091040099200697,-0.8793923957303483,1.2699268223492224,1.9829577087617074,1.8125172468337858,1.794647688284936,0.713030886412485,-0.01786955854884975
Pedestrian 0-1m,EdgeWeighted,2,2,3192,119354,0.18373454570076606,4.521879414568929,10.399477577216377,2.299813108839752,10.90472668111478,2.1053587433057417,0.38722872912776324,0.035510172799037586,0.2024485100957155,0.037235402055557726,0.20265867742483937,0.18373454570076606,0.015440460143540858,1.3087989542563396,0.14277662720942086,0.10908980760887646,0.8268093235249762,0.10354072758349113,-0.7232685959414851,2.9559436268624473,1.9424482955456337,1.288249846042769,1.2998820431111422,-1.0134953313168136,0.011632197068373262
Pedestrian 0-1m,EdgeWeighted,2,3,3192,119354,0.18373454570076606,17.283942084188727,0.6575437557700673,0.03804362177255553,10.35980339336884,1.3758981462460076,0.2529846646521239,0.024419832578083226,2.0924814710008786,0.3847419408742271,2.094009694620678,0.18373454570076606,0.641890151920237,0.04049374097094812,0.03200866971872901,0.7904594894578509,0.01916986443688523,0.014234964894347906,-0.004934899542537325,1.1760526356344585,1.1946326025019514,0.6743280958075349,0.661608273816157,0.01857996686749286,-0.012719821991377889
Pedestrian 0-1m,EdgeWeighted,2,4,3192,119354,0.18373454570076606,3.4468617503119376,13.883619923783556,4.027901578079853,4.990497856442407,1.1313862236791783,0.2079430010860884,0.04166778679224753,0.08149072281402142,0.01497757804361185,0.08151748040256862,0.18373454570076606,0.010344787696789544,0.5059734534416385,0.0753436742189241,0.14890835125311785,0.3005596796085594,0.03758566952092096,-0.26297401008763843,2.019904668386615,1.5840259975884936,1.276426258563069,1.312401269794242,-0.43587867079812126,0.03597501123117297
Pedestrian 0-1m,EdgeWeighted,2,5,3192,119354,0.18373454570076606,18.18528311976514,7.089369078478774,0.3898410064826047,4.500988050284726,0.1378532864770167,0.025398037017616656,0.005642769249205698,0.01944507117016206,0.0035825525093469957,0.019498523267346704,0.18373454570076606,0.014474539647260249,0.29874920298926805,0.012726034092188438,0.04259771587296397,0.17043417061849625,0.02290664745211723,-0.14752752316637902,0.8294197083923708,0.8399900341027402,3.0725249053295376,3.0698947959488248,0.010570325710369421,-0.0026301093807128417
Pedestrian 0-1m,EdgeWeighted,2,6,3192,119354,0.18373454570076606,0.5036357824479978,5.550835393963383,11.021526819971848,6.928601781726717,2.5235292093947703,0.46392971504280983,0.06695863451075765,0.45462151653657956,0.0835783591622185,0.45488644661016275,0.18373454570076606,0.006075259403141032,1.129557206233222,0.12090454495713578,0.10703711438391836,0.8878546173567706,0.06864453642106674,-0.8192100809357039,3.6242451288052546,2.7096233159961467,0.9641658136431976,0.9182800953584773,-0.9146218128091079,-0.04588571828472032
Pedestrian 0-1m,EdgeWeighted,2,7,3192,119354,0.18373454570076606,9.17589409452154,1.5139088253149957,0.16498760862649858,6.676774808289329,0.2857331213265765,0.05238957417021614,0.007846539024606343,0.1887386576135046,0.03460550130108433,0.18834508930069516,0.18373454570076606,0.04755835068066201,0.01740492571300057,0.021110802249533014,1.2129204380665626,0.009048712234194078,0.013707123347353252,0.004658411113159174,1.4554916274776288,1.4515544887679954,1.4863044511809775,1.4772764913642469,-0.003937138709633414,-0.009027959816730657
Pedestrian 0-1m,EdgeWeighted,2,8,3192,119354,0.18373454570076606,1.4248155216170972,9.619600342532296,6.751470719591688,11.14788759968098,1.2055165613479313,0.22123399214787973,0.01984537339215342,0.12531877803328773,0.022998251906550495,0.12517107529846444,0.18373454570076606,0.00293941486040533,0.5397683785277296,0.009443097091306986,0.017494720498664146,0.29659667878747253,0.005010305477822276,-0.29158637330965026,3.018757933783008,2.366523767596132,0.5322282998676033,0.5361093152029182,-0.6522341661868762,0.003881015335314819
Pedestrian 0-1m,EdgeWeighted,3,1,3192,119354,0.18373454570076606,0.8092676111959483,4.55355483410031,5.626760190122268,1.0828320535635272,2.552194019831013,0.46913693257348854,0.43324994554519436,0.5604838652899271,0.10302652512933123,0.5607357023091638,0.18373454570076606,0.07699811794641256,1.443479731764995,0.3310443028411397,0.2293376853604886,0.9960788913651826,0.3440437689562143,-0.6520351224089682,3.3776409693434917,2.7921827808663324,3.0369941938249374,3.0954747317631623,-0.5854581884771592,0.05848053793822494
Pedestrian 0-1m,EdgeWeighted,3,2,3192,119354,0.18373454570076606,2.2737855362220727,12.04875004524128,5.298982599858835,2.4047143455548703,0.9339442598403125,0.17203152475767305,0.07153927632206364,0.077513788198639,0.014277956133950864,0.07770969418079549,0.18373454570076606,0.013500568239073621,1.1246858990688193,0.10971694258559861,0.09755340731212545,0.5591014963888935,0.13357742513866314,-0.4255240712502304,2.453151286852217,1.704412320710028,2.3794802212537522,2.3810358508795524,-0.7487389661421893,0.0015556296258001368
Pedestrian 0-1m,EdgeWeighted,3,3,3192,119354,0.18373454570076606,10.809673236132044,8.897198753494061,0.8230774928074434,6.037372509260095,0.61775047597651,0.11353494917595679,0.018805357597823195,0.06943201926781618,0.012760752254046522,0.0694521082622528,0.18373454570076606,0.022847614633712876,1.1152404211214595,0.039145818019299936,0.0351007880694711,0.5054627410895319,0.020133384721081823,-0.4853293563684501,2.1074166256638422,1.1785190215199717,1.2372940228763694,1.2444183814267613,-0.9288976041438706,0.0071243585503919515
Pedestrian 0-1m,EdgeWeighted,3,4,3192,119354,0.18373454570076606,2.579202732509204,8.546999271098919,3.3138144319681837,2.889053123712086,0.675789196320674,0.12441062408416839,0.04306276773951737,0.07906742168741417,0.014556058798237369,0.07922330528800293,0.18373454570076606,0.012994924276430208,0.8463255597931424,0.08406808018313927,0.09933302641876585,0.4422725673207433,0.17993531846440003,-0.2623372488563433,2.8200924695921534,2.1450672031814855,2.8700901130956296,2.863183695244535,-0.675025266410668,-0.006906417851094471
Pedestrian 0-1m,EdgeWeighted,3,5,3192,119354,0.18373454570076606,5.53115645864853,9.347892019987528,1.6900429544839057,3.6831340441009996,0.4882258248004454,0.08986239694994408,0.024398350869115515,0.052228440725913775,0.009613118835954716,0.05232069057064498,0.18373454570076606,0.014436526988866301,0.411918888024795,0.04921867563379161,0.11948632575441817,0.1784774703822243,0.07437538750272299,-0.10410208287950132,1.7114423309462585,1.3297727993515305,2.028970123943524,2.027483794082224,-0.38166953159472805,-0.0014863298612999287
Pedestrian 0-1m,EdgeWeighted,3,6,3192,119354,0.18373454570076606,5.878258905003494,2.0950972125390503,0.3564145851404378,3.7912021125989823,0.4843475226642039,0.08909111750752599,0.02349943754685687,0.2311814065016146,0.04252361969128878,0.2314405122602176,0.18373454570076606,0.06593287106437772,0.1021838918137789,0.055415222001555395,0.542308729828547,0.10167233607587513,0.032173199054912276,-0.06949913702096286,2.073240575631695,2.032492527374289,2.097411173713689,2.0697078044803874,-0.040748048257405856,-0.027703369233301522
Pedestrian 0-1m,EdgeWeighted,3,7,3192,119354,0.18373454570076606,0.9130778194606338,13.145175217865182,14.396555029301496,2.259385689592422,0.16293219581901058,0.030067951394777477,0.013308020582852027,0.012394828748545429,0.0022873754722599164,0.01244934826514172,0.18373454570076606,0.0009243892407956034,1.0191854301265073,0.02112891857539463,0.02073118172957022,0.43620657874893176,0.022596645273723546,-0.4136099334752082,3.3479921803831743,2.3559556842291345,2.8242884231303376,2.817978864908498,-0.9920364961540398,-0.006309558221839762
Pedestrian 0-1m,EdgeWeighted,3,8,3192,119354,0.18373454570076606,11.739288705791523,7.445950054784999,0.6342760822270954,1.6295294288387032,1.7205011691938372,0.31646118188188554,0.19420402868414213,0.2310653649600478,0.04250111525439344,0.2313180288394506,0.18373454570076606,0.3061821674568329,0.4966557377705923,0.2206920618876595,0.4443562022151372,0.3099602862074166,0.14466209762555088,-0.16529818858186573,0.991141336113614,1.0251371005504564,3.050605711688574,2.9625743857029496,0.03399576443684238,-0.08803132598562424
Pedestrian 0-1m,TargetWeighted,1,1,3192,119354,0.18132583782973147,7.117277540322371,6.240169477457694,0.8767635424271252,13.013613556255965,1.4561132220199706,0.2643570029067577,0.02031388142585008,0.2333451398951033,0.04236375365093798,0.23363328592136726,0.18132583782973147,0.023169167296719407,0.9690196973132092,0.06076003038818224,0.06270257449835663,0.5216165413533834,0.039160401002506263,-0.48245614035087714,1.819842842473343,1.5517287043057337,0.7601529528324675,0.7600001152518574,-0.2681141381676093,-0.0001528375806101323
Pedestrian 0-1m,TargetWeighted,1,2,3192,119354,0.18132583782973147,11.510317496257251,8.816104711272578,0.765930627585204,10.271458245476433,3.349156317424866,0.6081314923878357,0.05920595472055764,0.37989071401835905,0.06897961306204331,0.3804179817033947,0.18132583782973147,0.0772993686572192,0.5143926428718921,0.15523442871031407,0.30178197111414556,0.25877192982456143,0.1074561403508772,-0.15131578947368424,1.3887665808402425,1.1524734171573943,0.7781982025420848,0.7917883064819131,-0.23629316368284825,0.01359010393982829
Pedestrian 0-1m,TargetWeighted,1,3,3192,119354,0.18132583782973147,7.870250561911664,12.940446946588535,1.6442229924383884,39.30336229690581,0.7451097887463591,0.13492989051520304,0.0034330368343955943,0.057579911362102665,0.010426988416076652,0.05750414814476863,0.18132583782973147,0.0020879386976732405,0.4782324625259096,0.012392747543633035,0.025913647139387052,0.2349624060150376,0.006892230576441102,-0.22807017543859648,1.0699273669797082,0.7529823353870075,0.39245942902114084,0.39389110638699576,-0.3169450315927007,0.001431677365854922
Pedestrian 0-1m,TargetWeighted,1,4,3192,119354,0.18132583782973147,4.736210872825095,13.190594321737972,2.785052154153646,4.0863385377415975,0.9770793422409627,0.1773295099943066,0.04339569713143605,0.07407394372594765,0.013443633056596467,0.07414074285327651,0.18132583782973147,0.015581646078296577,1.5768193978761578,0.07811666097183581,0.049540651631788536,0.8605889724310777,0.06109022556390977,-0.7994987468671679,1.309139814407237,1.4250999664533595,1.562985359468268,1.5606013142708102,0.11596015204612242,-0.00238404519745794
Pedestrian 0-1m,TargetWeighted,1,5,3192,119354,0.18132583782973147,7.394406981374225,6.749355074256765,0.9127648886692428,4.717449163780124,0.40576451590046386,0.07398666167210165,0.015683616070168625,0.06011900556942566,0.010962034260825829,0.06045489041981149,0.18132583782973147,0.017182536371670745,1.1481023343524488,0.02977003338794126,0.025929773189978213,0.6744987468671679,0.019110275689223057,-0.6553884711779449,1.7117058794903197,1.2992785869368677,1.4631304971371761,1.4560833707411898,-0.412427292553452,-0.0070471263959863695
Pedestrian 0-1m,TargetWeighted,1,6,3192,119354,0.18132583782973147,27.1366977517416,1.3139272081442699,0.0484188319330695,5.397174790014122,0.24529693449954432,0.04460259000090837,0.008264062524117556,0.18668989508109163,0.03394601267481391,0.18721000387484682,0.18132583782973147,0.1706786489346681,0.2672135995408521,0.009882086258414934,0.03698197212108743,0.1475563909774436,0.006892230576441102,-0.1406641604010025,1.2400456160540485,1.3455913280542386,1.0253991262335542,1.0281969008829708,0.10554571200019014,0.002797774649416551
Pedestrian 0-1m,TargetWeighted,1,7,3192,119354,0.18132583782973147,7.948798689756194,11.636383206696319,1.4639172089051935,15.020810770934505,1.4429215260808863,0.26187054183495867,0.017433848655316504,0.12400085999320891,0.022504461821025022,0.12411061131316013,0.18132583782973147,0.011909039958116346,0.46693585267372506,0.04091773136678028,0.08763030351209466,0.2299498746867168,0.021303258145363407,-0.20864661654135339,1.3677539366904174,1.0464974570880365,0.6575228362090059,0.642592431312694,-0.3212564796023809,-0.014930404896311922
Pedestrian 0-1m,TargetWeighted,1,8,3192,119354,0.18132583782973147,6.739335386435934,7.730536949299214,1.1470770475954457,6.344317490783132,1.3564783819244133,0.24616172622118343,0.03880034790043179,0.17547013733537345,0.03184277205027403,0.17561077161031682,0.18132583782973147,0.033825406622434606,1.2239511524816857,0.08353766013028023,0.06825244559668468,0.7274436090225563,0.07330827067669173,-0.6541353383458646,1.6211648652142534,1.301214947682676,1.2822915849350744,1.261215189438439,-0.3199499175315774,-0.021076395496635536
Pedestrian 0-1m,TargetWeighted,2,1,3192,119354,0.18132583782973147,6.15431454693209,10.270815077316582,1.6688804223937097,6.288658308054623,1.4275221142642411,0.2590398555015031,0.041191593246178514,0.13898820124092065,0.025220963798811946,0.1390919391839542,0.18132583782973147,0.02468217162034584,1.9457358201176567,0.11710071824939373,0.060183256347966195,0.981829573934837,0.09617794486215539,-0.8856516290726817,1.201613532814638,1.7937072371971923,1.6340291916348437,1.6166814968887213,0.5920937043825543,-0.01734769474612241
Pedestrian 0-1m,TargetWeighted,2,2,3192,119354,0.18132583782973147,4.508663410817563,10.808404394236984,2.3972524416730754,10.828858083701771,2.116623457555822,0.3842872294757645,0.035487327117092037,0.19583126041491267,0.03555448289158395,0.19608061022259943,0.18132583782973147,0.014803333329506013,1.2142180303973995,0.1262138152806465,0.10394658214708966,0.7810150375939849,0.09241854636591479,-0.6885964912280702,2.7075835898179808,1.8322959075096699,1.1840334927826242,1.1956090610460854,-0.8752876823083109,0.011575568263461289
Pedestrian 0-1m,TargetWeighted,2,3,3192,119354,0.18132583782973147,17.07297123175297,0.641737639379374,0.03758792949934609,10.200224245415187,1.3760697152525703,0.24974613788414982,0.02448437716960608,2.1442870253652258,0.3891717092267843,2.1462561123234023,0.18132583782973147,0.6513891821612628,0.03872796580464455,0.03209759563303397,0.8287961083983271,0.020050125313283207,0.015977443609022556,-0.004072681704260651,1.0859127062305425,1.1006581294338245,0.6650176337860056,0.6558924575955567,0.014745423203281982,-0.009125176190448947
Pedestrian 0-1m,TargetWeighted,2,4,3192,119354,0.18132583782973147,3.3688628483115157,13.792684719723352,4.0941662809736,5.1020079836432695,1.1225877215681024,0.2036367263964177,0.039913055144197,0.08139008058010028,0.014764110859257067,0.08142309017697719,0.18132583782973147,0.00974876258255392,0.4425201856425476,0.06683245916354388,0.15102691317059982,0.27537593984962405,0.03634085213032581,-0.23903508771929824,1.8848194063131443,1.5291124133707854,1.1728079072376492,1.1998877269112826,-0.35570699294235886,0.027079819673633487
Pedestrian 0-1m,TargetWeighted,2,5,3192,119354,0.18132583782973147,18.354292622955313,7.01845446638559,0.382387630334709,4.520823660131423,0.14521523218578866,0.026420250775502106,0.0058441232623288875,0.0206904857293557,0.0037643972564609667,0.020760400690340682,0.18132583782973147,0.015283243091260607,0.33782095096896736,0.012591139416843098,0.03727163459818509,0.19016290726817042,0.020989974937343357,-0.16917293233082706,0.7440186441527927,0.7594044265190535,2.842824304955959,2.8407187602460047,0.015385782366260758,-0.0021055447099542768
Pedestrian 0-1m,TargetWeighted,2,6,3192,119354,0.18132583782973147,0.49723958417201214,5.505950021615726,11.07303216829316,6.948365784429776,2.5172138947976728,0.4567766338029692,0.06573871429871302,0.4571806646162014,0.08296054834862489,0.4575219106463325,0.18132583782973147,0.005936830421894993,1.207166788517388,0.10801084819045485,0.08947466772869422,0.8994360902255639,0.06234335839598997,-0.837092731829574,3.3980803635522236,2.3875724871337507,0.8890229624513786,0.8519075234104809,-1.010507876418473,-0.037115439040897646
Pedestrian 0-1m,TargetWeighted,2,7,3192,119354,0.18132583782973147,9.153850116067654,1.5002546409637223,0.1638932930190116,6.749088749306853,0.27613875645788455,0.04994432720067858,0.007400158596492954,0.18406125672098442,0.03329056648389373,0.18359526169238832,0.18132583782973147,0.04515229396307022,0.01744019213666968,0.018061127517006195,1.0356031068602674,0.009085213032581453,0.011278195488721804,0.0021929824561403508,1.3673475893793914,1.362872653264006,1.351363086376933,1.3441803733839899,-0.004474936115385297,-0.007182712992943152
Pedestrian 0-1m,TargetWeighted,2,8,3192,119354,0.18132583782973147,1.4391892637553676,9.735435690663213,6.764527688050318,10.916326970123361,1.1685350458615003,0.21157405769306445,0.019381432791295294,0.12002904459447002,0.0217323666036489,0.11985255750220465,0.18132583782973147,0.002865156838204896,0.47813142297126887,0.01061669207517152,0.0222045474174242,0.2816416040100251,0.005325814536340852,-0.27631578947368424,2.7955585469161424,2.2312457188583275,0.5284378293100409,0.532497517555606,-0.5643128280578149,0.0040596882455651295
Pedestrian 0-1m,TargetWeighted,3,1,3192,119354,0.18132583782973147,0.7927224895344078,4.503687470188168,5.681291338183705,1.0936325976366523,2.5367560529404383,0.46023501101361664,0.4208314636925354,0.56326200787681,0.10219070773409607,0.5635749616351176,0.18132583782973147,0.07407320587898986,1.490979043898954,0.3157921848535472,0.2118018922048176,0.9915413533834586,0.32362155388471175,-0.6679197994987469,3.1693921051901954,2.4648819794818375,2.8426147139748865,2.892596615095743,-0.7045101257083579,0.04998190112085643
Pedestrian 0-1m,TargetWeighted,3,2,3192,119354,0.18132583782973147,2.248824604608849,12.043573885459095,5.355497181603868,2.43563337569718,0.961270007523562,0.17484228548942515,0.07178514078356582,0.07981600942275106,0.014517475211851162,0.08006291097275528,0.18132583782973147,0.01340401053633408,1.0316457378986268,0.1053281316088525,0.10209718968298644,0.5159774436090225,0.11591478696741854,-0.400062656641604,2.2806953510215906,1.6196971163867846,2.180596335656591,2.1857329107460393,-0.660998234634806,0.005136575089448314
Pedestrian 0-1m,TargetWeighted,3,3,3192,119354,0.18132583782973147,10.640675959781566,9.092077376305065,0.8544642654400563,6.087384842141193,0.614025288272026,0.11137342774152861,0.01829577568146588,0.06753410273398036,0.012249502837413676,0.06755519405548954,0.18132583782973147,0.021411984336084034,1.0234107577902303,0.03607712364227472,0.03525185075018626,0.46647869674185466,0.019423558897243107,-0.44705513784461154,1.8993928028185914,1.1230759800826582,1.1295031337993613,1.1352558097606051,-0.7763168227359332,0.005752675961243847
Pedestrian 0-1m,TargetWeighted,3,4,3192,119354,0.18132583782973147,2.6484939151248335,8.534188938395287,3.2222799748325035,2.9128551193777246,0.6912003755540236,0.12564042046200416,0.04313308245056623,0.08099192316148476,0.014722010635308086,0.08119091023984812,0.18132583782973147,0.013385889076553453,0.7907510436221217,0.07886319349589953,0.09973201190774017,0.4342105263157895,0.15319548872180452,-0.28101503759398494,2.605433283676293,2.0167737532090855,2.6533198576854673,2.6477896296938863,-0.5886595304672073,-0.005530227991580983
Pedestrian 0-1m,TargetWeighted,3,5,3192,119354,0.18132583782973147,5.430650740155536,9.507547893522775,1.7507198181084422,3.6761367373978486,0.49486981787570494,0.08991797793543034,0.024459911073514536,0.05205020504733337,0.009457536143689958,0.05215768329163292,0.18132583782973147,0.013971345203728083,0.3857203650995111,0.04437339648237919,0.11504032285287341,0.18327067669172933,0.06390977443609022,-0.11936090225563911,1.565804920132898,1.2587247060752182,1.8749324589792908,1.8747152713579087,-0.3070802140576798,-0.00021718762138212
Pedestrian 0-1m,TargetWeighted,3,6,3192,119354,0.18132583782973147,5.906035446337293,2.078182472689021,0.35187436446205045,3.8257429175910054,0.4875974059262796,0.08853111061643444,0.02314089375372138,0.23462684821371563,0.04260025832855711,0.23493759350051177,0.18132583782973147,0.06576464622949438,0.09735854220332499,0.05045611355591871,0.5182504506696591,0.09398496240601503,0.03038847117794486,-0.06359649122807018,1.8460102809086787,1.8039432027486009,1.9053505742404948,1.8840591156250006,-0.04206707816007782,-0.021291458615494196
Pedestrian 0-1m,TargetWeighted,3,7,3192,119354,0.18132583782973147,0.9269704335159611,13.236593154176084,14.27941230140006,2.259046655725731,0.17294112723790303,0.03152334298102682,0.013954268169533263,0.013065380577379692,0.0023815299443018727,0.013133979368116212,0.18132583782973147,0.0009772298652930404,0.9311057503939999,0.020650334403491632,0.022178290890127655,0.4182330827067669,0.021929824561403508,-0.3963032581453634,3.1166415080834375,2.2406013408022383,2.5830672846309164,2.5770115760656314,-0.8760401672811993,-0.006055708565285034
Pedestrian 0-1m,TargetWeighted,3,8,3192,119354,0.18132583782973147,11.720554675883786,7.267598708302501,0.6200729319624764,1.6421562369069433,1.7316380375158593,0.31442595945375673,0.19147140233822976,0.23826825126639897,0.043264078224615775,0.2385985161102988,0.18132583782973147,0.3087885140290747,0.5582674110885961,0.20396035961599018,0.36534526628524505,0.33051378446115287,0.1400375939849624,-0.19047619047619047,0.8928821222065166,0.9384725058441977,2.8319942531726796,2.7581562830567017,0.04559038363768109,-0.07383797011597792
Pedestrian 1-2m,EdgeWeighted,1,1,313,10472,0.20531394262495753,11.988665040690355,6.3048608550200775,0.5259018271310381,16.61435094811923,1.4775401080198856,0.3037057038338745,0.01827972122410579,0.23434935990695813,0.048170088180511716,0.23461672996234675,0.20531394262495753,0.03475880845715902,1.2285396890758926,0.05748830882922003,0.04679401803007483,0.674942704354469,0.039820473644003054,-0.6351222307104659,1.9848850416600603,1.464843040367711,0.664271557805248,0.6713251369718674,-0.5200420012923492,0.007053579166619306
Pedestrian 1-2m,EdgeWeighted,1,2,313,10472,0.20531394262495753,10.451745672789507,8.91742172272284,0.8531992638709933,13.473263084091322,3.4019387435008213,0.6993710899206312,0.05190807045305448,0.3814935354035426,0.07842749966105793,0.3819881632901964,0.20531394262495753,0.06083932797732686,0.4971389977581723,0.11232473899694645,0.22594231642266455,0.2747326203208556,0.05166157372039725,-0.22307104660045834,1.5018399762162282,1.2659203574563336,0.6055086004588489,0.6066670618042553,-0.23591961875989464,0.0011584613454064252
Pedestrian 1-2m,EdgeWeighted,1,3,313,10472,0.20531394262495753,5.412564782094464,13.136943195674997,2.4271198036950397,45.87951136885013,0.7603826433115758,0.15602032071662197,0.0034006534949399076,0.05788124614736097,0.011876455448876656,0.05784534025591098,0.20531394262495753,0.0014011065608511364,0.7298733182013871,0.012086647621010945,0.01655992506370364,0.37881970970206263,0.0,-0.37881970970206263,1.9108794883427387,1.4300847206807037,0.34667749491123245,0.3493934850734924,-0.480794767662035,0.002715990162259929
Pedestrian 1-2m,EdgeWeighted,1,4,313,10472,0.20531394262495753,3.9740343003763474,13.354393028836874,3.3604121116841066,5.639763886519027,0.9928225694954214,0.20409041220699156,0.03618775820260138,0.07434426758356762,0.01528264231953197,0.07443547856413069,0.20531394262495753,0.010768845276175679,1.3370301938009765,0.06926794052723999,0.0518073117049425,0.7591673032849503,0.053762414056531704,-0.7054048892284186,1.781746880377219,1.5252575039567853,1.0906892434821527,1.0831958902730352,-0.2564893764204337,-0.0074933532091174815
Pedestrian 1-2m,EdgeWeighted,1,5,313,10472,0.20531394262495753,10.703877850626561,6.858366900889916,0.6407366554618416,6.638463281982567,0.40424820233486464,0.08336190305448087,0.012557409657617457,0.05894234117060543,0.012154774472931215,0.059200917996713426,0.20531394262495753,0.019598394058760637,0.9950364778061469,0.0242833221143561,0.024404453918967218,0.5538579067990833,0.017857142857142856,-0.5360007639419404,1.3521272387112269,0.9814442545268456,1.0487646761060687,1.0419991877156458,-0.3706829841843813,-0.006765488390422902
Pedestrian 1-2m,EdgeWeighted,1,6,313,10472,0.20531394262495753,23.43623732754407,1.311056631578117,0.0559414300467869,5.711683017159092,0.2460493372072502,0.05049997217392755,0.008841522180730239,0.18767254549054493,0.038518528164535146,0.18760794223710694,0.20531394262495753,0.15804959924763445,0.30863226523126613,0.011601059493558318,0.037588614103516375,0.1881207028265852,0.01413292589763178,-0.1739877769289534,1.8033153389238863,1.844099318184673,1.026026001778969,1.029210113958963,0.040783979260786696,0.0031841121799938144
Pedestrian 1-2m,EdgeWeighted,1,7,313,10472,0.20531394262495753,7.626333035176468,11.757778104173939,1.5417341512000375,13.632214222614909,1.4674455396253583,0.3015134027331646,0.02211771305734012,0.12480636438072942,0.02564373981251541,0.12490013213743084,0.20531394262495753,0.014345996614698079,0.4135046595562319,0.05475131464580641,0.1324079718484554,0.2407372039724981,0.03762414056531704,-0.20311306340718105,1.5110867332224243,1.1386234846539856,0.7224994861437504,0.6968899308307538,-0.3724632485684387,-0.02560955531299658
Pedestrian 1-2m,EdgeWeighted,1,8,313,10472,0.20531394262495753,6.463189263842978,7.825719003132398,1.2108138368782857,9.45806746899132,1.376624310293223,0.28284193032879934,0.029904833197379948,0.17591026562327364,0.03614261256431009,0.17603583245183052,0.20531394262495753,0.024698126202042075,1.1939157839898193,0.08201793606466945,0.06869658352586366,0.7164820473644004,0.05032467532467533,-0.666157372039725,1.619173687922375,1.3073270928225296,0.8903788479299326,0.8965136573093595,-0.31184659509984547,0.006134809379426898
Pedestrian 1-2m,EdgeWeighted,2,1,313,10472,0.20531394262495753,4.948525069668924,10.39859519056748,2.101352427875982,5.198084304390346,1.4479783524787706,0.29756273443821224,0.05724469178278646,0.13924749685416643,0.028615666702938237,0.1393751683072891,0.20531394262495753,0.027241832807755276,1.768452448423431,0.15218061869444094,0.08605298828904308,0.9230328495034378,0.14849121466768525,-0.7745416348357526,1.4677855994793338,1.7803607764105969,1.9598351314847406,1.940242673820057,0.312575176931263,-0.019592457664683538
Pedestrian 1-2m,EdgeWeighted,2,2,313,10472,0.20531394262495753,3.9889589306000888,10.873172197362065,2.725817026265588,11.58806399479219,2.153850199244888,0.442783933193896,0.03821034583609348,0.1980884840384067,0.0407226083381714,0.19834311218272874,0.20531394262495753,0.014017942263814687,1.2578624038878905,0.15181963100899773,0.1206965319360667,0.7705309396485867,0.12433155080213903,-0.6461993888464477,2.4981255129375466,1.7386323223592857,1.1593395469268926,1.1676955862608789,-0.7594931905782609,0.00835603933398632
Pedestrian 1-2m,EdgeWeighted,2,3,313,10472,0.20531394262495753,12.403057025940512,0.6509122898907281,0.052479988441927694,10.760538608217527,1.402509935341887,0.2882870718544812,0.026791137700710718,2.1546834121544993,0.4428969492554947,2.1571692697598825,0.20531394262495753,0.5105018768313558,0.047943853075204594,0.029713611171884743,0.6197583854533387,0.04258976317799847,0.019385026737967916,-0.023204736440030557,1.804704701222133,1.8165625007281103,0.5778754865499185,0.5672593058394494,0.011857799505977429,-0.010616180710469103
Pedestrian 1-2m,EdgeWeighted,2,4,313,10472,0.20531394262495753,3.13436724434149,13.965386152244688,4.455567908610864,3.843159048573665,1.1428631036774752,0.23486319661861998,0.06111201567228034,0.08183541009178798,0.016817522543957342,0.0819112502045954,0.20531394262495753,0.013715875683774461,0.417326554945913,0.10796426623811983,0.2587045141785124,0.24255156608097786,0.03848357524828113,-0.20406799083269672,1.9150244349040708,1.6118256763686862,1.5485458880674066,1.6008458507596224,-0.3031987585353846,0.05229996269221582
Pedestrian 1-2m,EdgeWeighted,2,5,313,10472,0.20531394262495753,16.86127287502087,7.108285447512344,0.4215746637863364,3.286956470732445,0.14597659549591077,0.03001987509434104,0.009133030896609742,0.02053611892325404,0.004223223064658262,0.020569586288043125,0.20531394262495753,0.021664088154495185,0.38951665560165716,0.015138060423089232,0.03886370407208792,0.20645530939648588,0.04402215431627196,-0.16243315508021391,0.7755069382125473,0.8133627357710748,3.154998154626795,3.152533503767633,0.037855797558527415,-0.002464650859161921
Pedestrian 1-2m,EdgeWeighted,2,6,313,10472,0.20531394262495753,0.677979748703758,5.576623664254634,8.225354212516143,6.627089299627526,2.5577732444743524,0.5256058180701723,0.07931171491933822,0.4586598260669296,0.09425162047364155,0.45906096136490493,0.20531394262495753,0.0096423464295592,1.1701820686210713,0.1554343767377266,0.13282922339819853,0.919022154316272,0.09310542398777692,-0.8259167303284951,3.393281355194731,2.5449976114961146,0.9946574141339208,0.933927993176393,-0.8482837436986164,-0.06072942095752787
Pedestrian 1-2m,EdgeWeighted,2,7,313,10472,0.20531394262495753,7.152698953559807,1.5150091906148953,0.21180944400613982,5.691382072862606,0.28609341298409496,0.05866315668805568,0.010307365738929578,0.1888393897990709,0.03872132041458635,0.1885956600588063,0.20531394262495753,0.04866338845588447,0.017185123537748374,0.0211228734937602,1.2291364188333072,0.0038197097020626434,0.016711229946524065,0.012891520244461422,1.6829580740791417,1.6823202958053054,1.3757332658043966,1.3635617452864237,-0.0006377782738362647,-0.012171520517972878
Pedestrian 1-2m,EdgeWeighted,2,8,313,10472,0.20531394262495753,1.800907541314628,9.833761415888276,5.460447655244612,10.459697190751678,1.1936352727807098,0.24492397853473802,0.023415972167639493,0.12138135359256894,0.024906438943083694,0.12130904219928851,0.20531394262495753,0.004288287994532135,0.5538671105654919,0.009729148912354827,0.017565853886436656,0.257257448433919,0.003533231474407945,-0.2537242169595111,3.0510985364123626,2.404570267066829,0.5316043629677847,0.5360578211015364,-0.6465282693455334,0.004453458133751753
Pedestrian 1-2m,EdgeWeighted,3,1,313,10472,0.20531394262495753,0.659274218359029,4.560943514058858,6.918128023009946,1.1906812630246297,2.5779806128712397,0.5297270670502087,0.44489409470980323,0.5652296721659585,0.11614418469685324,0.5656906567329657,0.20531394262495753,0.06430845057896944,1.3906339326722632,0.3707430466130078,0.26660002696366114,0.9690603514132926,0.36468678380443087,-0.6043735676088617,3.3739490725273997,2.6811369210810025,2.8985779067991584,2.9459722722877086,-0.6928121514463972,0.04739436548855025
Pedestrian 1-2m,EdgeWeighted,3,2,313,10472,0.20531394262495753,2.1554754360198873,12.186978868726737,5.65396320854879,2.0682989720299405,0.9676890436234048,0.19902715327545406,0.09622745792782726,0.07940352184515366,0.01633113138670245,0.07954223849819972,0.20531394262495753,0.017019470097035066,1.1656003533432113,0.11479285642699733,0.09848388867840165,0.5893812070282658,0.14772727272727273,-0.4416539343009931,2.3506753560295843,1.754943572723213,2.5318998303359446,2.5122233112258536,-0.5957317833063713,-0.01967651911009094
Pedestrian 1-2m,EdgeWeighted,3,3,313,10472,0.20531394262495753,7.278752371380387,9.172913395163508,1.2602315499327237,5.844120931771813,0.6273943901309605,0.12888555936940438,0.022053882979760686,0.06839641479421305,0.01405066783873198,0.06843503648482198,0.20531394262495753,0.017499865644483633,0.9195567936307775,0.040828647948755986,0.04440035437457281,0.48710847975553856,0.06101986249045072,-0.42608861726508784,2.5133983350733473,1.6624602957780354,1.1174218558666706,1.12242775572767,-0.8509380392953119,0.005005899860999419
Pedestrian 1-2m,EdgeWeighted,3,4,313,10472,0.20531394262495753,3.418874456197577,8.6365557291219,2.5261400541352295,2.3242811811184763,0.6983099924833824,0.14363554659563238,0.06179783545316777,0.08085514799842897,0.016631114408836797,0.08100333268249181,0.20531394262495753,0.02446334482024177,0.9756698442574135,0.09486224998083159,0.09722781693714586,0.6057104660045837,0.20798319327731093,-0.3977272727272727,2.7592068779295458,2.146205799535947,3.0770729204035763,3.0653117932408107,-0.6130010783935989,-0.011761127162765561
Pedestrian 1-2m,EdgeWeighted,3,5,313,10472,0.20531394262495753,4.02993786526313,9.591482731059045,2.3800572187313884,3.4836188436316204,0.5075812045922392,0.10448124921998622,0.029992158617199494,0.052919993529195936,0.010893128001234343,0.05305595582747647,0.20531394262495753,0.012601444307784915,0.42596639154441124,0.05269100770831106,0.1236975675012657,0.20148968678380444,0.08508403361344538,-0.11640565317035906,1.9629508135659919,1.656604708253358,1.8394168415975751,1.8328909174405703,-0.30634610531263395,-0.006525924157004814
Pedestrian 1-2m,EdgeWeighted,3,6,313,10472,0.20531394262495753,6.753401237504195,2.1018346118371394,0.3112260822076726,3.1680954252864733,0.49366455947776805,0.101563617283467,0.03205825687958897,0.23487316953903506,0.04832141226919834,0.23535376749317177,0.20531394262495753,0.10300632781841883,0.10533432219599258,0.05814522076066032,0.5520063548935894,0.06369365928189458,0.03638273491214668,-0.0273109243697479,2.1288483196629686,2.0738703009926085,2.240376491723672,2.2077361003314677,-0.05497801867036012,-0.032640391392204204
Pedestrian 1-2m,EdgeWeighted,3,7,313,10472,0.20531394262495753,1.256893955145979,13.385393568311699,10.649580584752895,2.231852772990507,0.1731140007231802,0.03564892266099079,0.015972793068019495,0.012933052712299482,0.0026632704113200376,0.0129716971363606,0.20531394262495753,0.0014998518416668328,0.7966958173117592,0.02494419930254423,0.03130956438759304,0.40832696715049654,0.052998472116119175,-0.35532849503437736,3.0720188240392035,2.2748318588928873,2.7961659649453354,2.788372935731775,-0.7971869651463162,-0.0077930292135603985
Pedestrian 1-2m,EdgeWeighted,3,8,313,10472,0.20531394262495753,10.192875682647415,7.37997513075196,0.7240326825603761,1.5021844794231878,1.7609452800907106,0.3620019350639354,0.2409836725201029,0.23861127530997137,0.04905191794820197,0.23891176084756416,0.20531394262495753,0.332835347072408,0.8841696918912886,0.22682096893755765,0.2565355592397872,0.48491214667685256,0.16396103896103897,-0.3209511077158136,0.9448712600548399,0.9963939931854688,3.0372550634801203,2.946872775689055,0.05152273313062894,-0.09038228779106516
Pedestrian 1-2m,TargetWeighted,1,1,313,10472,0.20074223600827848,12.200644614209818,6.333265437513102,0.5190926899834425,16.46651485197749,1.477705422637785,0.2968970694433472,0.01803035262360868,0.23332440979843014,0.04687898713608009,0.23352825859160126,0.20074223600827848,0.03473435982471684,1.1940207386682469,0.048900117192155146,0.04095416034159874,0.6325878594249201,0.02875399361022364,-0.6038338658146964,1.7608827133868459,1.2304804033483305,0.5839482909788221,0.5874596524848786,-0.5304023100385153,0.003511361506056576
Pedestrian 1-2m,TargetWeighted,1,2,313,10472,0.20074223600827848,10.32944197588531,8.892007023749452,0.8608409859796836,13.878377733724523,3.412626266809712,0.6857188995884338,0.04940915373906001,0.3837858262883903,0.0771163244682331,0.38415593130831505,0.20074223600827848,0.05739637629923714,0.547919918645248,0.1061271018520317,0.19369089588406616,0.2971246006389776,0.04153354632587859,-0.25559105431309903,1.3654802512885322,1.1290391526779815,0.5321289915634881,0.5380129927942434,-0.23644109861055074,0.005884001230755276
Pedestrian 1-2m,TargetWeighted,1,3,313,10472,0.20074223600827848,5.302580145531683,12.81230059183339,2.4162389282258223,45.728792474414135,0.7341112666938173,0.14725159222161197,0.0032201067253590857,0.057297380814556355,0.011492986060640883,0.05725245327865326,0.20074223600827848,0.001332693830239952,0.6521976943036717,0.01004538737283376,0.015402365427763751,0.35782747603833864,0.0,-0.35782747603833864,1.7282556586207394,1.307127468758084,0.2925965440306039,0.29540953707351364,-0.4211281898626553,0.002812993042909717
Pedestrian 1-2m,TargetWeighted,1,4,313,10472,0.20074223600827848,4.017273666371173,13.281842773080596,3.306183208577954,5.7893890049266234,0.9859115297250357,0.19811509663272522,0.034220380790085186,0.07423002559411133,0.014916235635999172,0.07430541369644751,0.20074223600827848,0.010350418754107632,1.3330679581133498,0.061554977987229004,0.04617542350398373,0.7380191693290735,0.04792332268370607,-0.6900958466453675,1.6934956169199618,1.3555174253421414,1.01763608222034,1.0101266032113518,-0.3379781915778204,-0.00750947900898824
Pedestrian 1-2m,TargetWeighted,1,5,313,10472,0.20074223600827848,10.629696150221603,6.550482636806149,0.6162436383947956,6.745625402953474,0.43258390827164217,0.08717634891790324,0.012923390135257206,0.06603847862761063,0.013308385598183096,0.06629588869716177,0.20074223600827848,0.02097123462273457,0.8655198552342557,0.019439161382723103,0.02245952076150422,0.48562300319488816,0.012779552715654952,-0.4728434504792332,1.2398240499712538,0.9807641235089517,0.9037079569631189,0.8992231408050839,-0.25905992646230214,-0.004484816158034977
Pedestrian 1-2m,TargetWeighted,1,6,313,10472,0.20074223600827848,23.304835992274963,1.3886206183999867,0.059585084326035716,5.680630651522435,0.2570758649639808,0.05155706005545492,0.009075939473529757,0.1851303802538148,0.03712825447138908,0.18495486231561808,0.20074223600827848,0.15231895789017866,0.3090477495735591,0.009888685643965422,0.03199727335868853,0.18849840255591055,0.009584664536741214,-0.17891373801916932,1.5539733632271666,1.5893640160944777,0.9442227592446308,0.9468921989768517,0.035390652867311134,0.0026694397322208907
Pedestrian 1-2m,TargetWeighted,1,7,313,10472,0.20074223600827848,7.7143938126616405,11.886638795821753,1.5408389912508502,13.42907835082061,1.4641152817714818,0.294029135471234,0.021894960143286166,0.1231731951890721,0.024736104148064673,0.12322321105764938,0.20074223600827848,0.014209765021207198,0.372948346536837,0.048145243933418215,0.12909359456759745,0.22044728434504793,0.03194888178913738,-0.18849840255591055,1.3108391074010384,1.0241805101062398,0.6577268286064683,0.6376443019238969,-0.2866585972947986,-0.020082526682571378
Pedestrian 1-2m,TargetWeighted,1,8,313,10472,0.20074223600827848,6.51120264719741,7.817299614510629,1.2005922755098821,9.435539662716609,1.372139513022416,0.2755669867713019,0.029205217330400216,0.17552602291463446,0.03525091783705971,0.17560288647764752,0.20074223600827848,0.02432567465482005,1.169187649776553,0.06921836728963704,0.059202102169694105,0.6805111821086262,0.04792332268370607,-0.6325878594249201,1.5234331674584138,1.181915255744231,0.7932707490586063,0.794863144552905,-0.3415179117141829,0.0015923954942986818
Pedestrian 1-2m,TargetWeighted,2,1,313,10472,0.20074223600827848,4.907187398751348,10.359871233971557,2.1111627437533844,5.1464524542312455,1.4388550281407475,0.28905138418046245,0.0561651712882652,0.13888734659497065,0.02790105951834704,0.13898947567417583,0.20074223600827848,0.02660390402796304,1.7479355506834011,0.14679288235960833,0.08398071740254304,0.9073482428115016,0.14376996805111822,-0.7635782747603834,1.3187320576012194,1.5833389349861873,1.7164498071396093,1.6976732275959008,0.2646068773849679,-0.018776579543708483
Pedestrian 1-2m,TargetWeighted,2,2,313,10472,0.20074223600827848,4.0324970591774365,11.30893966655827,2.8044508086561635,11.64803041147072,2.1609796830186716,0.43421530702352373,0.03727800248728216,0.19108596781164702,0.03839575764327284,0.1912689451610969,0.20074223600827848,0.01329244294080544,1.143592779584354,0.12443339241974216,0.10880917889047576,0.7124600638977636,0.10862619808306709,-0.6038338658146966,2.2879710104377087,1.6227647396807503,1.0001901860729283,1.0039720798130753,-0.6652062707569584,0.0037818937401470354
Pedestrian 1-2m,TargetWeighted,2,3,313,10472,0.20074223600827848,12.27841130701846,0.6332698828593017,0.05157588115504484,10.577812142543946,1.398741456210925,0.28101884664904186,0.026566821436837227,2.2087603910797218,0.4437584193055549,2.21058809557832,0.20074223600827848,0.5151015492291425,0.04449192332668957,0.031121606360517792,0.6994887394980596,0.04153354632587859,0.025559105431309903,-0.01597444089456869,1.5850372922641713,1.592314552803182,0.5626972044286452,0.556125189884822,0.007277260539010566,-0.006572014543823279
Pedestrian 1-2m,TargetWeighted,2,4,313,10472,0.20074223600827848,3.0755683965948117,13.85085757993059,4.503511464817619,3.8656044393383713,1.129369645153241,0.22688855598124488,0.05869419878696556,0.08153788585439498,0.01638083089860011,0.08160131324785803,0.20074223600827848,0.01303298528607447,0.3726590149934685,0.09511057744515676,0.25522145196087426,0.23003194888178913,0.03194888178913738,-0.19808306709265175,1.802928336747576,1.5285082410529887,1.4253427934591296,1.4587643552388108,-0.27442009569458725,0.03342156177968114
Pedestrian 1-2m,TargetWeighted,2,5,313,10472,0.20074223600827848,17.358835560436418,7.023338133808066,0.4045973075388427,3.26865385123026,0.15291700914353903,0.030737865288720405,0.009403830014950328,0.021772696403398167,0.004376532164526295,0.021801749514876952,0.20074223600827848,0.023242442812408236,0.4251508381556881,0.014719063735108645,0.03462080294314407,0.22044728434504793,0.038338658146964855,-0.18210862619808307,0.7092951132726244,0.7572089264521502,2.864929778758925,2.8629181210581183,0.04791381317952581,-0.0020116577008066905
Pedestrian 1-2m,TargetWeighted,2,6,313,10472,0.20074223600827848,0.69662221834373,5.522267660171254,7.927205643869342,6.62324451985336,2.5452074307678534,0.5112318527535438,0.07718752500368012,0.46089896085912163,0.09257643477062562,0.46117066343278745,0.20074223600827848,0.009737040815385454,1.211859775896812,0.13655943932839093,0.11268584114896835,0.9009584664536742,0.07348242811501597,-0.8274760383386582,3.1051375097252976,2.198064194675515,0.9350169355108447,0.889868981324535,-0.9070733150497827,-0.04514795418630979
Pedestrian 1-2m,TargetWeighted,2,7,313,10472,0.20074223600827848,7.108225150629491,1.499057489316429,0.21089054657684414,5.668783013064038,0.27618275004264564,0.055334032474380034,0.009761183705435139,0.1842375960685865,0.03691254838430973,0.1838803197548536,0.20074223600827848,0.04628554196014162,0.019392614189481218,0.018014468494479803,0.9289340276212363,0.006389776357827476,0.012779552715654952,0.006389776357827476,1.5231772045549221,1.5208939744519416,1.2226359130817264,1.2141451222395583,-0.0022832301029804825,-0.008490790842168083
Pedestrian 1-2m,TargetWeighted,2,8,313,10472,0.20074223600827848,1.7709583532592006,9.949374053754195,5.618073389056853,10.316199074128193,1.1511796601787896,0.2308996441101063,0.02238224003115187,0.11570372696836922,0.023207454321300388,0.11560822289665589,0.20074223600827848,0.003983970738956408,0.49398495456307356,0.0110748700598321,0.022419447664014935,0.24920127795527156,0.003194888178913738,-0.2460063897763578,2.7656669223471138,2.2130007187306657,0.5467130008061991,0.5517178016669423,-0.552666203616448,0.005004800860743175
Pedestrian 1-2m,TargetWeighted,3,1,313,10472,0.20074223600827848,0.642943034950809,4.502788025759514,7.003401096132891,1.2130812275741771,2.5536265039392636,0.5129302528021493,0.42283256629033866,0.5671211888410659,0.11391392371318453,0.5674636304930393,0.20074223600827848,0.06037531763246623,1.405656482633456,0.33116143686876715,0.23559200886152915,0.9424920127795527,0.329073482428115,-0.6134185303514377,3.0856561758034764,2.319026701122445,2.624736625707791,2.6507075318580156,-0.7666294746810314,0.025970906150224682
Pedestrian 1-2m,TargetWeighted,3,2,313,10472,0.20074223600827848,2.1876639063513768,12.168769293197595,5.562449150549997,2.1043305726555124,0.9971166092282513,0.20039789389387055,0.09523118446579006,0.08194062886591484,0.016468213744607014,0.08203661198414545,0.20074223600827848,0.017120369412306484,1.0577208705658494,0.11157592367173667,0.10548711453256635,0.549520766773163,0.12460063897763578,-0.4249201277955272,2.1548524498116377,1.6526184189984536,2.2630776823218377,2.247534194639917,-0.5022340308131841,-0.015543487681920709
Pedestrian 1-2m,TargetWeighted,3,3,313,10472,0.20074223600827848,7.253250298105133,9.376758683594575,1.2927664543875634,5.975791897313943,0.62256714852306,0.12502265410622163,0.02092152070308921,0.06639470726151311,0.013333248534125841,0.06641974372238511,0.20074223600827848,0.016183526784940692,0.839927861809734,0.037787731097842635,0.044989257251844786,0.4472843450479233,0.05750798722044728,-0.389776357827476,2.210368557029803,1.5087738867344354,1.026947006341225,1.0324374163058783,-0.7015946702953677,0.005490409964653331
Pedestrian 1-2m,TargetWeighted,3,4,313,10472,0.20074223600827848,3.347235328568666,8.613629244531882,2.5733563294104127,2.341759299280872,0.7142047519468756,0.14357256688193748,0.06130970262952729,0.08291565968794298,0.016668069014741927,0.08303219350277942,0.20074223600827848,0.02382480097706721,0.8833652545974903,0.08843339996455928,0.10010966415444734,0.5463258785942492,0.15335463258785942,-0.3929712460063898,2.454558004043856,1.9510413877842634,2.7867723688498733,2.7779945353970366,-0.5035166162595925,-0.00877783345283678
Pedestrian 1-2m,TargetWeighted,3,5,313,10472,0.20074223600827848,3.9638886768617483,9.755497083257838,2.4610925921286064,3.4101730220628204,0.5110070705488272,0.1027727169264891,0.03013709743177509,0.052381448701572714,0.01053485188340805,0.05247949593516852,0.20074223600827848,0.012245413848186542,0.3830354921937305,0.0449278687568177,0.11729426776240241,0.18849840255591055,0.0670926517571885,-0.12140575079872205,1.820606728744341,1.5408421945980353,1.6471033293873363,1.642915124316066,-0.27976453414630575,-0.004188205071270268
Pedestrian 1-2m,TargetWeighted,3,6,313,10472,0.20074223600827848,6.532434865860271,2.0828859634410097,0.3188529243725082,3.1585980143117145,0.4954024350402482,0.09965728528831323,0.031551113665383046,0.23784424176702476,0.047845770992290794,0.23834430441870053,0.20074223600827848,0.09895193132681866,0.09683024300935458,0.05234761542779231,0.5406121929964915,0.0670926517571885,0.03194888178913738,-0.03514376996805112,1.8125877274444067,1.7616407160924634,2.012740335279811,1.98672095227465,-0.05094701135194324,-0.026019383005160934
Pedestrian 1-2m,TargetWeighted,3,7,313,10472,0.20074223600827848,1.3174570261898118,13.471026708391367,10.225021642717568,2.1851932025509804,0.18389880359103397,0.03699208414110907,0.016928518690539383,0.013651431879350775,0.0027460478636424568,0.013679471652066759,0.20074223600827848,0.0016555973439958617,0.7096496283618402,0.02333107657924351,0.03287689490422501,0.34185303514376997,0.04153354632587859,-0.3003194888178914,2.77349211797624,2.0867381010834403,2.4901411809108187,2.4828892472285853,-0.6867540168927997,-0.007251933682233425
Pedestrian 1-2m,TargetWeighted,3,8,313,10472,0.20074223600827848,10.362224877049584,7.175863934365799,0.6925022389095212,1.5105724698947085,1.7700190483100358,0.3556441758184797,0.23543668413929345,0.2466628495234757,0.049561164840328006,0.24688956024873876,0.20074223600827848,0.3399796672285672,0.9025898155467766,0.20281391198510776,0.2247021916763197,0.48562300319488816,0.15335463258785942,-0.33226837060702874,0.9020232975259959,0.9336977257038441,2.750508799292028,2.6751518097970957,0.03167442817784827,-0.07535698949493241
Pedestrian 2-5m,EdgeWeighted,1,1,916,31926,0.21991284618816123,17.222839194925605,6.348283681726427,0.36859681532130106,19.659048170910847,1.4832333577407344,0.32642697050095665,0.016604413779194093,0.2336432065368784,0.0514197200932248,0.23381861790394465,0.21991284618816123,0.045047631011797894,1.2044875322682365,0.06546286427382429,0.05434914183549594,0.6549207542441897,0.029255152540249327,-0.6256656017039404,1.505439092711884,1.0468786561853203,0.6634201061468994,0.6717131980577454,-0.45856043652656364,0.00829309191084604
Pedestrian 2-5m,EdgeWeighted,1,2,916,31926,0.21991284618816123,10.673318905355705,8.96019762288477,0.8394949775176054,14.724621060163392,3.4157788821152053,0.7519072010665554,0.051064621458419085,0.38121691307108835,0.08391636344124653,0.38158916625341016,0.21991284618816123,0.06082778601146584,0.4395418102829381,0.12456734048621333,0.2834027042205629,0.20607028753993611,0.06630959092902336,-0.13976069661091275,1.7007323359103923,1.4020262791968134,0.550678314710241,0.5535122705630628,-0.29870605671357886,0.002833955852821868
Pedestrian 2-5m,EdgeWeighted,1,3,916,31926,0.21991284618816123,3.8930428602628684,13.090094120945313,3.3624325642377104,50.22215477040116,0.7505711445305783,0.16461027149221052,0.003277642550622868,0.057338865329945116,0.012575178592724378,0.05718255317444851,0.21991284618816123,0.0009747831304441651,0.7791008269917213,0.01348785811509656,0.01731208269160142,0.4828979515128735,0.008237799912297188,-0.47466015160057634,2.4450378093987744,1.8437796086119869,0.323874508364516,0.3240127554148813,-0.6012582007867875,0.00013824705036530327
Pedestrian 2-5m,EdgeWeighted,1,4,916,31926,0.21991284618816123,5.499021328637037,13.390291898283241,2.435031812697439,6.895294338373769,0.9971682063117717,0.21929422453736797,0.03180346094856527,0.07446948977228218,0.01637710559556304,0.07447088760263523,0.21991284618816123,0.013060798898855686,1.3092224588306698,0.0651470820812537,0.049760131400311,0.6455240243062081,0.03348368101234104,-0.6120403432938671,1.6982784412777885,1.1236804062605836,1.0050998980178545,1.0076347194846138,-0.5745980350172049,0.0025348214667593183
Pedestrian 2-5m,EdgeWeighted,1,5,916,31926,0.21991284618816123,13.25524077690542,6.7990635022124755,0.5129339867540641,7.514085142549749,0.4193099085690648,0.09286819156658142,0.012359214685645202,0.0616717152025276,0.013658968091674922,0.06211082120632399,0.21991284618816123,0.024095136535804744,0.6011276984357631,0.016596682120669913,0.027609244903811392,0.3205224581845518,0.010399047798032952,-0.3101234103865188,1.1439825607565708,0.9371235240489915,0.8098803258227136,0.804534949559309,-0.20685903670757932,-0.005345376263404589
Pedestrian 2-5m,EdgeWeighted,1,6,916,31926,0.21991284618816123,17.600013404608397,1.345243697273644,0.07643424272376191,6.136396407206485,0.24444465330071607,0.05402309578981056,0.008803716728327644,0.18171031165507037,0.04015859393930724,0.18261139723885383,0.21991284618816123,0.11518025511605141,0.35450937871333166,0.010082485754561762,0.02844067343647929,0.28973250642109877,0.0010023178600513688,-0.2887301885610474,1.7385289275116569,1.7717062668729906,1.05667110781654,1.0583413570986158,0.03317733936133371,0.0016702492820757087
Pedestrian 2-5m,EdgeWeighted,1,7,916,31926,0.21991284618816123,7.811966357375992,11.851912634191962,1.5171484459645685,11.672726597120015,1.465226682761452,0.3223115538983738,0.02761236211098899,0.12362786722693972,0.027194897867925377,0.12366215572525216,0.21991284618816123,0.018200171514153953,0.536582676520199,0.0391449535380116,0.0729523231393677,0.27347616362839067,0.020766773162939296,-0.2527093904654514,1.5080778810560058,1.2088355584515351,0.7068336634192154,0.69363975974221,-0.2992423226044707,-0.013193903677005347
Pedestrian 2-5m,EdgeWeighted,1,8,916,31926,0.21991284618816123,6.807488883052509,7.855762303882085,1.1539882660549632,11.214365664360942,1.3761423955147174,0.3027231950692944,0.026994232563808854,0.1751761752112722,0.03853517748803904,0.17522930744470744,0.21991284618816123,0.023392120287470883,1.2952618119417607,0.050168758594629215,0.03873252322022425,0.7363277579402367,0.03984213493704191,-0.6964856230031948,1.694028083401844,1.1771476800917826,0.6538365185576337,0.6416032567754038,-0.5168804033100614,-0.012233261782229943
Pedestrian 2-5m,EdgeWeighted,2,1,916,31926,0.21991284618816123,3.925792729692643,10.43639546246983,2.658417332364549,4.518311925019252,1.4520717113892745,0.319295983415242,0.07066709603215598,0.139135366728838,0.0305944695424309,0.13912087757276795,0.21991284618816123,0.026582393556498777,1.4335895116417432,0.17322090566769865,0.12083019794210445,0.7441896886550147,0.21120716657269936,-0.5329825220823153,1.7086047281463421,1.6795920260612114,2.0478006465478256,2.013598306244814,-0.029012702085130737,-0.034202340303011614
Pedestrian 2-5m,EdgeWeighted,2,2,916,31926,0.21991284618816123,4.033498655830713,11.0702881315964,2.7445870319425123,12.003960497089128,2.1572596699798465,0.47493904309356255,0.03956519540472328,0.19486933333505418,0.042902139223367455,0.1950869993096704,0.21991284618816123,0.014415718940624513,1.2254088701456654,0.15972494897801606,0.130344207199665,0.8143206164254839,0.12193823216187434,-0.6923823842636095,2.2351033633918194,1.5365923865941264,1.0873598128026392,1.085944861699021,-0.6985109767976929,-0.0014149511036181117
Pedestrian 2-5m,EdgeWeighted,2,3,916,31926,0.21991284618816123,7.456580155390334,0.6461909782926855,0.08666050172597574,10.93404455509936,1.402587721657922,0.30854550970440486,0.02821879020772045,2.170546706885727,0.4774834612281104,2.1712394150325043,0.21991284618816123,0.32562455085598246,0.0568666597413801,0.03542500803240615,0.6229485249182523,0.07583161059951136,0.018730815009709953,-0.05710079558980141,1.9190835993166597,1.90923120348994,0.6431003254404781,0.6274148568067045,-0.009852395826719818,-0.015685468633773625
Pedestrian 2-5m,EdgeWeighted,2,4,916,31926,0.21991284618816123,2.8767404258868208,13.992851422671752,4.864134159659815,3.305395274195483,1.1452266865096419,0.2517360780638058,0.07615914479804105,0.08184369654891532,0.017990334512952098,0.08180665207476209,0.21991284618816123,0.015657287019976963,0.4107581895901623,0.11313792831027902,0.2754368103257912,0.273444841195264,0.07426548894318111,-0.19917935225208291,2.070795846070596,1.7465372950076876,1.7050352872540788,1.7530752406994932,-0.3242585510629086,0.04803995344541434
Pedestrian 2-5m,EdgeWeighted,2,5,916,31926,0.21991284618816123,13.840949831351217,7.118477206715978,0.5143055417662751,2.6395491154082444,0.14854570203728437,0.032792025302406824,0.01242334343647992,0.020867623441775108,0.004606606764913553,0.02094741910392024,0.21991284618816123,0.024155569376637175,0.6012593930744303,0.017524810686510475,0.029146838447599407,0.3255653699179352,0.058917496711144525,-0.2666478732067907,0.9449335645176536,1.0821004009055333,3.2161309593925833,3.2139044547619395,0.13716683638787963,-0.0022265046306437775
Pedestrian 2-5m,EdgeWeighted,2,6,916,31926,0.21991284618816123,0.8586215818035507,5.5835758676125415,6.502953013194247,6.541020292600876,2.5587605807502465,0.5627078544904709,0.08602753522515806,0.45826556974172195,0.10077911840450834,0.458268425736238,0.21991284618816123,0.013228995337706035,1.1957551235824897,0.16356796406746046,0.13679051795279343,0.913424794838063,0.0937793647810562,-0.8196454300570069,3.192935857945307,2.462620021260117,1.109959871709461,1.0451085689488713,-0.7303158366851901,-0.0648513027605897
Pedestrian 2-5m,EdgeWeighted,2,7,916,31926,0.21991284618816123,5.6519760959456224,1.5194938308119748,0.26884293251231833,5.119912864000239,0.27556981057048485,0.06041097246110749,0.011799218843719855,0.18135631956443346,0.039757299989334326,0.1807866110170353,0.21991284618816123,0.04388889190639333,0.018507049015921536,0.021648961732556093,1.1697678012444652,0.024086951074359455,0.005293491198396292,-0.01879345987596316,1.929247778999658,1.9303687073811395,1.3250820186201486,1.3120009358284095,0.0011209283814814786,-0.01308108279173914
Pedestrian 2-5m,EdgeWeighted,2,8,916,31926,0.21991284618816123,2.2386701547477807,9.91913340764429,4.430815027528554,10.711393778501073,1.1776165894145283,0.2581276472111043,0.0240984182178243,0.11872172092370163,0.026023205490102928,0.11833417082190513,0.21991284618816123,0.005438822883309988,0.5781944037527758,0.008767173788452534,0.015163020568720332,0.39268934410825035,0.0010023178600513688,-0.39168702624819896,3.007563875525717,2.3324597386996335,0.5830181057794862,0.5867730263574488,-0.6751041368260835,0.0037549205779625616
Pedestrian 2-5m,EdgeWeighted,3,1,916,31926,0.21991284618816123,0.5284380255495714,4.565125034212126,8.63890319602833,1.3340365223240054,2.5800746330967437,0.5672569904024485,0.4252184828958458,0.5651706378487661,0.1242588066939465,0.5650365733398893,0.21991284618816123,0.049221350529674086,1.3112808403682337,0.3752831246144121,0.28619584012763183,0.9285535300382134,0.30138445154419596,-0.6271690784940174,3.404255702239674,2.6682501685742848,2.7241698809904924,2.7817860928072524,-0.7360055336653892,0.05761621181676002
Pedestrian 2-5m,EdgeWeighted,3,2,916,31926,0.21991284618816123,2.4342136855099143,12.241598228248428,5.028974346348044,1.9973030177305355,0.9767067602545781,0.21553569798990943,0.10791336867636704,0.0797858858986969,0.01760682664102437,0.08006274369862064,0.21991284618816123,0.021458325501331827,1.3771764109848204,0.14364964462611352,0.1043073657356038,0.7492639228215248,0.1169892877278707,-0.6322746350936541,2.277035936914813,1.8976479647772202,2.5602304545688184,2.543133338317658,-0.3793879721375928,-0.017097116251160394
Pedestrian 2-5m,EdgeWeighted,3,3,916,31926,0.21991284618816123,4.772618809353962,9.289769339963263,1.9464720924896235,5.790561873629332,0.6225353060693365,0.1369899185278114,0.02365744832381459,0.06701299920560443,0.014746320749971379,0.06705529183502656,0.21991284618816123,0.012154013557941917,0.9011835624901743,0.05239874531792644,0.05814436360966594,0.4193134122658648,0.030977886362212617,-0.3883355259036522,2.50020748014414,1.8032407095051597,1.258561470547599,1.2664355768974522,-0.6969667706389804,0.007874106349853305
Pedestrian 2-5m,EdgeWeighted,3,4,916,31926,0.21991284618816123,4.330792686319792,8.674728722815702,2.0030348555328654,2.1119091569092783,0.7041585954401516,0.15527438502276103,0.07352323075996724,0.08117355794382183,0.017899624277053446,0.08139416943290582,0.21991284618816123,0.03670591661938342,1.3329866309517506,0.11618868205189707,0.0871641759057229,0.8027626386017666,0.19921067468520956,-0.603551963916557,2.3873336059180046,1.9491041193577605,3.191389486942335,3.1804934297084175,-0.4382294865602441,-0.0108960572339174
Pedestrian 2-5m,EdgeWeighted,3,5,916,31926,0.21991284618816123,2.7283905891420783,9.69446698189564,3.5531814927613343,3.235781938339276,0.5097746859450215,0.11225039527288348,0.03469034597046769,0.05258408599164676,0.01157881040460732,0.052651812201012435,0.21991284618816123,0.009763178701540658,0.4220427980621452,0.05584260568263629,0.13231502732872907,0.25220823153542565,0.07727244252333522,-0.17493578901209045,2.4750398700327882,2.104191847139649,1.7811247522317448,1.7800296414510537,-0.37084802289313945,-0.001095110780691133
Pedestrian 2-5m,EdgeWeighted,3,6,916,31926,0.21991284618816123,7.3875879556420765,2.1086445920591514,0.2854307254094244,2.8557796780561384,0.5004433400057102,0.11021953238281552,0.03859525048230851,0.23732939136211625,0.052270322023532566,0.23768652242326924,0.21991284618816123,0.1352175701293946,0.08926478310095563,0.06001925047912265,0.6723731540075693,0.08529098540374616,0.0493015097412767,-0.03598947566246946,1.9281007990289094,1.8830663655762399,2.3515445852502617,2.323446198849472,-0.04503443345266955,-0.028098386400789543
Pedestrian 2-5m,EdgeWeighted,3,7,916,31926,0.21991284618816123,1.5270726454341588,13.469084989633377,8.820199184173074,2.002757444273568,0.17697404435138897,0.039163971763340584,0.01955502483826529,0.013139277416112982,0.00290769356377264,0.013222026279740404,0.21991284618816123,0.0022170729263330025,0.6189547972608922,0.02976130656337875,0.04808316570814552,0.29208168890559416,0.03295119964918875,-0.2591304892564054,2.8543296127558078,2.2245941066475328,2.8229420433088404,2.8144063179936634,-0.629735506108275,-0.00853572531517699
Pedestrian 2-5m,EdgeWeighted,3,8,916,31926,0.21991284618816123,7.935030824801543,7.35044882015127,0.926328954881132,1.3739317219364353,1.765207013440295,0.3886315984079905,0.28286092341738744,0.2401495547046707,0.052871818767561245,0.2404216819517055,0.21991284618816123,0.3053568809150695,1.3255695779324665,0.24707938865891307,0.1863948833077038,0.706947315667481,0.16666666666666666,-0.5402806490008144,1.1711585898992116,1.2105113395927836,3.0422731005216272,2.9412708081391714,0.03935274969357194,-0.10100229238245584
Pedestrian 2-5m,TargetWeighted,1,1,916,31926,0.21746640211565005,16.957475514681676,6.3471743827905485,0.3742994865923415,19.211640675911532,1.4796829719884452,0.3219924078682027,0.01676027639348519,0.23312467570910708,0.05073003953285709,0.23327758544100377,0.21746640211565005,0.04477771556219646,1.1622470367230853,0.05934364482818891,0.05105940685803955,0.6222707423580786,0.025109170305676855,-0.5971615720524017,1.433517626529768,0.9812821213766536,0.6238471732401007,0.6305299985247275,-0.4522355051531144,0.0066828252846267144
Pedestrian 2-5m,TargetWeighted,1,2,916,31926,0.21746640211565005,10.581548536367832,8.942553875156957,0.8451082406295373,14.623001610112766,3.4102775385293977,0.7423123109989901,0.050763333704210156,0.3813538707538402,0.0830089838464486,0.3817094467089653,0.21746640211565005,0.060067256078017904,0.47322759858689717,0.11704995226763698,0.2473438788095211,0.2292576419213974,0.0611353711790393,-0.16812227074235808,1.612907035184376,1.316133445225916,0.5271426156002093,0.531642450350863,-0.29677358995846004,0.004499834750653742
Pedestrian 2-5m,TargetWeighted,1,3,916,31926,0.21746640211565005,4.0928145310681305,12.986294487030136,3.172949655236763,49.92416115774408,0.7414268721207306,0.16070758923875617,0.0032190343408832088,0.057093027752473116,0.012375169011877,0.05690611663421294,0.21746640211565005,0.0010145242378570814,0.760372796384015,0.012217756482836004,0.016068113404710066,0.4683406113537118,0.006550218340611353,-0.46179039301310043,2.3155211186388795,1.7359790147362448,0.31137497195203123,0.311637523371451,-0.5795421039026347,0.00026255141941977644
Pedestrian 2-5m,TargetWeighted,1,4,916,31926,0.21746640211565005,5.506480115097551,13.353714438206564,2.4250908265958726,6.7842191888424335,0.9925066006150418,0.21581876798362326,0.03181188013801907,0.07432438401049812,0.016161703084238723,0.07431815758124444,0.21746640211565005,0.013117809715809971,1.298822104731028,0.05999253111812427,0.04618995198626417,0.6331877729257642,0.03384279475982533,-0.5993449781659389,1.5877804946684453,1.0491017169097343,0.9647206777398967,0.9647108053623249,-0.538678777758711,-9.872377571773505e-06
Pedestrian 2-5m,TargetWeighted,1,5,916,31926,0.21746640211565005,13.04388156594445,6.707204191611818,0.5142030884411934,7.4104311499148094,0.42637818558368346,0.0934429884151858,0.01260965609135488,0.06357018107205084,0.013931734535938293,0.06406384508026604,0.21746640211565005,0.02452271510922639,0.5972051271271959,0.016078393409044957,0.026922731251758297,0.31222707423580787,0.009825327510917031,-0.30240174672489084,1.0753505751598034,0.8853849093403013,0.7824251020934893,0.7778370684452744,-0.18996566581950203,-0.0045880336482148065
Pedestrian 2-5m,TargetWeighted,1,6,916,31926,0.21746640211565005,17.753382328376098,1.3654953028623926,0.07691465642074909,6.102085270684355,0.24793153906078402,0.05417652575499846,0.008878362602779376,0.18156894185236158,0.03967536559421211,0.18244364823158296,0.21746640211565005,0.11543133469775124,0.3292976390095122,0.009294896794865596,0.028226429258828692,0.2663755458515284,0.001091703056768559,-0.26528384279475986,1.6223569323013787,1.6510639605841149,1.0057195104054355,1.006854719252177,0.02870702828273619,0.0011352088467415644
Pedestrian 2-5m,TargetWeighted,1,7,916,31926,0.21746640211565005,7.85059763915027,11.87130551646428,1.5121530929239766,11.702219465696917,1.4606738273537867,0.3176931690477735,0.027148112348051267,0.1230423919338575,0.02676143481772509,0.1230600834279327,0.21746640211565005,0.01795328283594848,0.5330297913203433,0.036733103709888734,0.06891378984608153,0.28820960698689957,0.017467248908296942,-0.27074235807860264,1.4200948989073996,1.15144529553966,0.6945867925529416,0.6823254790150763,-0.2686496033677397,-0.012261313537865304
Pedestrian 2-5m,TargetWeighted,1,8,916,31926,0.21746640211565005,6.7183988507457775,7.842944695889771,1.1673830117045423,11.196045245581637,1.371428973860957,0.2982893204074454,0.026642382519732784,0.17486148701661292,0.03803282205769483,0.1748905575242062,0.21746640211565005,0.022822314548340085,1.2476523125299124,0.044273723401063995,0.035485625764145955,0.6954148471615721,0.03275109170305677,-0.6626637554585153,1.591248056430981,1.110123978312458,0.6337102671629588,0.6222759684939025,-0.4811240781185231,-0.011434298669056209
Pedestrian 2-5m,TargetWeighted,2,1,916,31926,0.21746640211565005,3.9657689773367437,10.412420793805756,2.625574214497636,4.579828621912349,1.4452211626240081,0.3142263929506836,0.06861094992968668,0.13879780599106956,0.030178034375621214,0.13877101333502637,0.21746640211565005,0.02613178834919982,1.446067284550884,0.16665892337258675,0.11524977018745679,0.7434497816593887,0.1888646288209607,-0.554585152838428,1.6081260641708843,1.5769792223459531,1.937539743065596,1.904907097301879,-0.031146841824931215,-0.03263264576371716
Pedestrian 2-5m,TargetWeighted,2,2,916,31926,0.21746640211565005,4.049808625171868,11.173139733222184,2.7589302951713455,11.99991572172689,2.1554151553352376,0.4692214554555633,0.039102062543237406,0.19291042669029076,0.04199548795048419,0.19311252501903933,0.21746640211565005,0.014172906966857557,1.239875786683662,0.1464815010035278,0.11814207632355342,0.8122270742358079,0.10698689956331878,-0.7052401746724891,2.1283124569769254,1.4554943800943836,1.0344333949547744,1.033598396181975,-0.6728180768825418,-0.0008349987727993557
Pedestrian 2-5m,TargetWeighted,2,3,916,31926,0.21746640211565005,7.829826882010433,0.6409573880255174,0.08186099090894988,10.834553246996606,1.3977560063607921,0.3040270547017508,0.028060875930017683,2.1807315285955173,0.4743327023579296,2.1811768435563117,0.21746640211565005,0.3427868657656467,0.053811015543209766,0.0343570866351137,0.6384767115714096,0.07314410480349345,0.017467248908296942,-0.05567685589519651,1.7753739593180027,1.7648632527802663,0.6398948792187974,0.6256400168719296,-0.010510706537736336,-0.014254862346867792
Pedestrian 2-5m,TargetWeighted,2,4,916,31926,0.21746640211565005,2.8606620782193186,13.944191235259524,4.874462905872043,3.368393125981618,1.138347668087215,0.24741498629587647,0.07345193280824529,0.08163597644820085,0.01774322956019323,0.08159066674975658,0.21746640211565005,0.015068723278019794,0.4074483778368824,0.10725061584428246,0.2632250342519924,0.2740174672489083,0.06768558951965066,-0.20633187772925765,1.9654043862020045,1.644322545333992,1.6219225874630403,1.6683068031640977,-0.3210818408680125,0.04638421570105744
Pedestrian 2-5m,TargetWeighted,2,5,916,31926,0.21746640211565005,14.044656936373546,7.086479690771788,0.5045676599884186,2.695369060872846,0.14998965738785824,0.032749687938456555,0.01215035383924294,0.021165608838408567,0.004621432547797998,0.021251247504558497,0.21746640211565005,0.024080722095257964,0.5656358964516748,0.017082059179636445,0.030199743306246158,0.3067685589519651,0.05458515283842795,-0.2521834061135371,0.8829451435109864,1.013137549733446,3.0629537984087385,3.0609448466577422,0.13019240622245964,-0.0020089517509962462
Pedestrian 2-5m,TargetWeighted,2,6,916,31926,0.21746640211565005,0.8589974080387452,5.562450938442411,6.475515317778889,6.523844894391515,2.548195613909136,0.5540809390394614,0.08493165413335974,0.458106621977975,0.09961093485141012,0.45805204528980953,0.21746640211565005,0.01311581392897288,1.200577070040474,0.15268007859746127,0.12717224169589686,0.898471615720524,0.08296943231441048,-0.8155021834061136,3.0623180571426007,2.3026360129681582,1.0452256144272691,0.9835731451923496,-0.7596820441744425,-0.061652469234919516
Pedestrian 2-5m,TargetWeighted,2,7,916,31926,0.21746640211565005,5.6971253601038425,1.5139742800483644,0.2657435428739334,5.19177768580602,0.27250269148733663,0.05902766685336422,0.011369451912597774,0.17999162421617573,0.03898855300341894,0.17928540147470948,0.21746640211565005,0.042783547482679096,0.019150815085763214,0.02021702580358041,1.0556738789604325,0.02074235807860262,0.006550218340611353,-0.014192139737991267,1.8292181576075306,1.8289575129900377,1.2682671683599518,1.2566795923978014,-0.0002606446174928667,-0.011587575962150432
Pedestrian 2-5m,TargetWeighted,2,8,916,31926,0.21746640211565005,2.203820988998288,9.937617668638387,4.509267165144253,10.695952966470196,1.1622143938850518,0.2518026221561842,0.02354185949677598,0.11695100691821883,0.025338328591313367,0.11651605572008186,0.21746640211565005,0.0052207728179297485,0.5611640205978004,0.01052713602607318,0.018759463280030197,0.3722707423580786,0.002183406113537118,-0.3700873362445415,2.865017405120777,2.2199893079397954,0.56992260401521,0.5740063142750563,-0.6450280971809814,0.004083710259846329
Pedestrian 2-5m,TargetWeighted,3,1,916,31926,0.21746640211565005,0.5228795949897392,4.5441202815803745,8.69056707933664,1.312969918189593,2.5665581949555567,0.5579265095735454,0.4249347205863657,0.5648085944623943,0.12277987240067256,0.5645923487962704,0.21746640211565005,0.048896086552022856,1.3160298677661058,0.35884164205566477,0.272669829247935,0.9148471615720524,0.2925764192139738,-0.6222707423580786,3.266562666537598,2.495314244819122,2.616912581229137,2.6630830780559016,-0.7712484217184761,0.04617049682676466
Pedestrian 2-5m,TargetWeighted,3,2,916,31926,0.21746640211565005,2.424369421972188,12.222224837313759,5.0414036227849826,1.9921291797190936,0.9827399397515669,0.21447568859113333,0.1076615360579984,0.08040597780096942,0.01754800711576432,0.08069295366142416,0.21746640211565005,0.021355468417140762,1.3731039761468316,0.1380078172518463,0.10050791392654844,0.7489082969432315,0.11135371179039301,-0.6375545851528385,2.1570435747932892,1.8107310004947041,2.426958018025947,2.4128314770840587,-0.3463125742985851,-0.014126540941888255
Pedestrian 2-5m,TargetWeighted,3,3,916,31926,0.21746640211565005,4.905214493388962,9.333030877699555,1.902675381729272,5.741803803050154,0.6210791313364604,0.1351117921161038,0.023531244973751527,0.06654634907026935,0.01447673255792757,0.06656997012590961,0.21746640211565005,0.01236745115642918,0.8920578946820829,0.049532157216720135,0.05552571975063963,0.42248908296943233,0.02947598253275109,-0.39301310043668125,2.3396398373927023,1.6901157187695728,1.1842222435809455,1.1917543909687542,-0.6495241186231295,0.007532147387808719
Pedestrian 2-5m,TargetWeighted,3,4,916,31926,0.21746640211565005,4.254673881061929,8.656969365874598,2.0346963333807695,2.1420133885519768,0.7066997622045085,0.154120043752763,0.07195101760658909,0.08163362159671632,0.01780300207394375,0.0818655253505355,0.21746640211565005,0.035362042026889466,1.3025192628353848,0.11179106490632724,0.08582680290248239,0.7849344978165939,0.17358078602620086,-0.611353711790393,2.259568732400909,1.8491291023317358,3.0417815002272133,3.0329566749792054,-0.4104396300691733,-0.008824825248007873
Pedestrian 2-5m,TargetWeighted,3,5,916,31926,0.21746640211565005,2.7704637246635815,9.726450490910947,3.510766219104483,3.25298365405221,0.5091201650880285,0.11085692614017191,0.034078537610016314,0.05234388074460934,0.01139746983031368,0.05241025370047689,0.21746640211565005,0.009706866075987343,0.4147371357703904,0.05258616923719725,0.12679397004460835,0.2445414847161572,0.07205240174672489,-0.1724890829694323,2.3509561957165372,1.9880945228265288,1.6765518476716734,1.6761449938183155,-0.3628616728900085,-0.0004068538533579247
Pedestrian 2-5m,TargetWeighted,3,6,916,31926,0.21746640211565005,7.260286595614054,2.101267589569938,0.28941937194946576,2.8971609139635026,0.5000581672336487,0.10892484204649416,0.037597097608743794,0.23797928799549117,0.05183768220134721,0.23837098196929649,0.21746640211565005,0.129905251526342,0.08811550185756566,0.055227296638026585,0.6267602091139046,0.08406113537117904,0.04475982532751092,-0.039301310043668124,1.8032609614005766,1.7586436118962905,2.2091989796227893,2.1831037695611273,-0.044617349504286086,-0.026095210061662044
Pedestrian 2-5m,TargetWeighted,3,7,916,31926,0.21746640211565005,1.5244180866993011,13.475352616024457,8.839669802662108,2.0233314209562563,0.1794135333130431,0.03927585519374364,0.01941147880808696,0.013314199508705122,0.002914643963965114,0.01340273164765825,0.21746640211565005,0.0021959506655193834,0.6130360108410837,0.028729692966244023,0.04686460826041994,0.29694323144104806,0.036026200873362446,-0.2609170305676856,2.730510016664938,2.11935010734698,2.676531106117094,2.668729721007447,-0.611159909317958,-0.007801385109647008
Pedestrian 2-5m,TargetWeighted,3,8,916,31926,0.21746640211565005,8.007723279088559,7.286330775058215,0.9099129068291703,1.3813751351844432,1.7638294946549564,0.38400009165474935,0.27798392999425015,0.24207376067416134,0.05270143546628474,0.24234287471601718,0.21746640211565005,0.30550608179402255,1.294289804330549,0.2353835340534866,0.1818630815504293,0.6888646288209607,0.1703056768558952,-0.5185589519650655,1.0955283544247778,1.1476374012340556,2.9018538333985227,2.8106856444314174,0.05210904680927775,-0.09116818896710521
Pedestrian 5-10m,EdgeWeighted,1,1,7321,242779,0.2500868057046605,26.283462623058064,6.321193280680451,0.24050078062127023,21.589867351287463,1.4705912436414095,0.3681571809876631,0.017052313236893775,0.23264456187561164,0.05824172178541821,0.23288601448785948,0.2500868057046605,0.07090335625443737,0.9831871164250904,0.049626855971224834,0.05047549407168314,0.5530420670651086,0.024742667199387097,-0.5282993998657215,1.1494616834511056,0.9181290982402346,0.5441797345434182,0.5371236370725022,-0.23133258521087097,-0.007056097470915956
Pedestrian 5-10m,EdgeWeighted,1,2,7321,242779,0.2500868057046605,9.363697613141488,8.903093234516923,0.9508095618672878,17.81649748285605,3.394225385828681,0.8501334128367085,0.04771607961540082,0.38124113637909557,0.09548742099946816,0.3818170931179108,0.2500868057046605,0.05018468579538126,0.4740365580274208,0.1329253816122713,0.28041166141550117,0.21321036827732218,0.07421152570856622,-0.13899884256875594,2.1569694698867083,1.6727008167957094,0.5040288009670555,0.5164372292972531,-0.484268653090999,0.012408428330197618
Pedestrian 5-10m,EdgeWeighted,1,3,7321,242779,0.2500868057046605,5.121520067890797,12.93578871221614,2.5257713560587085,50.011709603522306,0.7378572308053684,0.18353556113756903,0.0036698517718327345,0.057039987792793796,0.014188200277449025,0.056733099813644515,0.2500868057046605,0.0014529627745203575,0.766590915463426,0.014805131148583173,0.019312948610281357,0.4476499202978841,0.00943244679317404,-0.43821747350471,2.6696357506746438,2.006493922155597,0.3453894903744493,0.3449449356446059,-0.6631418285190467,-0.00044455472984344935
Pedestrian 5-10m,EdgeWeighted,1,4,7321,242779,0.2500868057046605,8.20646111054026,13.309049451896879,1.621776945800079,8.250452622550963,0.986911416397436,0.24681257349160024,0.02991503429979551,0.07415341112247816,0.018544718328548697,0.07415312269179772,0.2500868057046605,0.01844583756897531,1.2235942297544886,0.05313308570851673,0.043423778882105364,0.5918839767854716,0.025010400405306884,-0.5668735763801647,1.4999176413169844,0.9414041895865226,0.7598114630782972,0.7708546473500538,-0.5585134517304617,0.011043184271756656
Pedestrian 5-10m,EdgeWeighted,1,5,7321,242779,0.2500868057046605,17.00414665004568,6.673672979762952,0.3924732662676895,9.218863187251568,0.42206807849600714,0.10690156501556072,0.011595959580724815,0.06324374585680724,0.01601840023919989,0.0640513583015779,0.2500868057046605,0.029545857723101886,0.425129631936159,0.015196028889995673,0.03574445860982245,0.21233302715638502,0.006067246343382253,-0.20626578081300276,0.8490428355839336,0.6415652149326356,0.6404187427453589,0.6361785382903696,-0.20747762065129793,-0.004240204454989294
Pedestrian 5-10m,EdgeWeighted,1,6,7321,242779,0.2500868057046605,10.379570633772788,1.3561179562089345,0.1306526062349733,6.111139631604218,0.24906838427532008,0.06268278803169036,0.01025713560936331,0.18366277158881517,0.04622222372506563,0.1848247121497667,0.2500868057046605,0.07850692856326948,0.34214286415589606,0.009401923754464431,0.027479525264584297,0.35101058987803724,0.004778007982568509,-0.34623258189546874,2.2220043594390835,2.1347487235881415,1.1031507450562925,1.1045326172591319,-0.08725563585094198,0.0013818722028393626
Pedestrian 5-10m,EdgeWeighted,1,7,7321,242779,0.2500868057046605,9.133313773899484,11.832603345516077,1.2955432853270619,9.480497530263769,1.457772491291391,0.36472221231758706,0.03847078813834486,0.12319964148986809,0.030823496855200697,0.12325118686625064,0.2500868057046605,0.02969471439287782,0.5734968764970008,0.047335422959989985,0.08253823878473232,0.31770046008921693,0.019445668694574078,-0.29825479139464284,1.8034793395884874,1.395282648405332,0.9527113089928546,0.9265239413322489,-0.4081966911831554,-0.026187367660605698
Pedestrian 5-10m,EdgeWeighted,1,8,7321,242779,0.2500868057046605,6.646428195432853,7.816552851724251,1.176053153682594,13.977672441202452,1.3654489384284763,0.34158407203144153,0.02443783635823117,0.1746868424717942,0.04370009108543169,0.1747396837466203,0.2500868057046605,0.0207795337089257,1.2658084044778721,0.044736989555368485,0.03534262297807671,0.7353477854344898,0.023626425679321522,-0.7117213597551683,1.7082895633419113,1.28186759398902,0.5355663899972604,0.5349736674810305,-0.42642196935289123,-0.0005927225162298821
Pedestrian 5-10m,EdgeWeighted,2,1,7321,242779,0.2500868057046605,3.1409003530479214,10.374016593267623,3.302879873336926,4.13628092195814,1.436053841755962,0.35915525024766437,0.08683047794764708,0.13842794904566005,0.034620655044501965,0.13843454700701677,0.2500868057046605,0.026289323564477177,0.6866464640566118,0.1961942275445471,0.2857281511772119,0.29189097903854944,0.2060433563034694,-0.08584762273508004,2.2198739429655627,1.595424778551581,2.2329681265799146,2.188515763487543,-0.6244491644139818,-0.04445236309237144
Pedestrian 5-10m,EdgeWeighted,2,2,7321,242779,0.2500868057046605,4.342972805934019,11.134805354709885,2.5638671542813203,12.863894661653129,2.148656869330829,0.5380895118101269,0.041829440114731394,0.19296761810859114,0.048325003822295966,0.19323291268327106,0.2500868057046605,0.01631497945661184,1.3892643961141466,0.16991016718428087,0.12230225321868679,0.8655526219318804,0.10307316530671928,-0.7624794566251611,2.0032111961689996,1.5084951499564256,0.9884355763363294,0.9898267370812965,-0.4947160462125739,0.001391160744967146
Pedestrian 5-10m,EdgeWeighted,2,3,7321,242779,0.2500868057046605,6.150328403649741,0.6396208142468383,0.10399783088449306,10.42593397634897,1.3925120270711793,0.34843420627326477,0.033419951318460435,2.1770898855753797,0.544751191744813,2.1782483423201957,0.2500868057046605,0.3213523572626749,0.04249437868797496,0.04093928298021276,0.9634044457215061,0.03140304556819165,0.020986164371712544,-0.010416881196479107,1.4874611883014075,1.46470777014471,0.6786887415086754,0.6597236778123619,-0.022753418156697514,-0.018965063696313567
Pedestrian 5-10m,EdgeWeighted,2,4,7321,242779,0.2500868057046605,2.46916297142925,13.8934038865044,5.626766637519547,2.7921888430702397,1.1317152130898318,0.28275203966550955,0.10126537084144598,0.08145701525128575,0.020351530969070174,0.08137786436972459,0.2500868057046605,0.01799708023898359,0.5669702874795516,0.14425663344543493,0.25443419891081276,0.3281791258716775,0.09694413437735554,-0.23123499149432197,2.1026760069584656,1.6348264984337664,1.935835376845982,1.984577079869098,-0.4678495085246992,0.04874170302311609
Pedestrian 5-10m,EdgeWeighted,2,5,7321,242779,0.2500868057046605,9.06595552243449,7.057486921801157,0.7784603505446495,1.9483428476807887,0.15096987875531512,0.038075350767209366,0.019542428385798786,0.021391449989803347,0.005395029581371406,0.02157262695424398,0.2500868057046605,0.025103947967403163,1.1527348745340649,0.019898595854986958,0.017262074846489932,0.6328183244844077,0.08506089900691576,-0.547757425477492,1.1496383753389146,1.2708161597224246,3.3260323542795893,3.323879590054353,0.12117778438351001,-0.0021527642252361368
Pedestrian 5-10m,EdgeWeighted,2,6,7321,242779,0.2500868057046605,1.153029740043447,5.543446871449363,4.807722325673281,6.823164841970099,2.5363645827229924,0.634381572884967,0.09297468061346893,0.45754286763542446,0.11443810799520183,0.4575935267629113,0.2500868057046605,0.01933861278210623,1.145505691679507,0.18121360397591268,0.15819528764476912,0.8484547675046029,0.09377664460270452,-0.7546781229018984,2.9320734834621662,2.2811215430355225,1.1717856423690334,1.0879479787529154,-0.6509519404266437,-0.083837663616118
Pedestrian 5-10m,EdgeWeighted,2,7,7321,242779,0.2500868057046605,2.541302023810373,1.506308852293098,0.5927311402787379,4.637207811173753,0.27310731805584865,0.06787258383170233,0.014636519744013256,0.1813089764605709,0.0450588757264416,0.18017293554432626,0.2500868057046605,0.024693353364557073,0.04609216790925564,0.023277242615688927,0.505015030131928,0.04634255845851577,0.011776142088071867,-0.03456641637044391,2.5227941456290655,2.5369441924485443,1.4690587659351604,1.4553611129629926,0.014150046819478845,-0.01369765297216774
Pedestrian 5-10m,EdgeWeighted,2,8,7321,242779,0.2500868057046605,2.742449810022789,9.902774038336466,3.6109226014039435,10.433250964988897,1.1601248529414576,0.28855398149457456,0.027657149452870476,0.11715150192044856,0.029138701952211844,0.11651434670839718,0.2500868057046605,0.007659302740392226,0.8205976477659152,0.012198240386507351,0.014865068491320308,0.4150770865684429,0.008336800135102294,-0.4067402864333406,3.0008140746031935,2.264804504714399,0.6311251234744039,0.6343443226361705,-0.7360095698887945,0.003219199161766606
Pedestrian 5-10m,EdgeWeighted,3,1,7321,242779,0.2500868057046605,0.35085655410245387,4.52641110811604,12.901030139468276,1.4418315520188685,2.55396860384875,0.6383167928863173,0.44271245664267406,0.5642369942109345,0.14102050746817585,0.5638862131569291,0.2500868057046605,0.03431605472691037,1.0744593988560796,0.4085893150170862,0.38027431436622605,0.6807714011508409,0.3630627031168264,-0.31770869803401447,3.512689518794582,2.5424233539688474,2.6541261275990506,2.693450594904367,-0.9702661648257345,0.03932446730531636
Pedestrian 5-10m,EdgeWeighted,3,2,7321,242779,0.2500868057046605,2.500542006469355,12.175162878405656,4.869009518022977,1.707889473665109,0.9809431278446258,0.24678297281983216,0.14449586766600322,0.0805691995118006,0.020269377509096183,0.08104936460558265,0.2500868057046605,0.029676645082408505,1.6740778899392108,0.14213439951354556,0.08490309771051081,0.8885859155857797,0.11834219598894467,-0.770243719596835,2.0498933144568166,1.910755936315334,2.725494862901009,2.681791911113493,-0.13913737814148264,-0.04370295178751604
Pedestrian 5-10m,EdgeWeighted,3,3,7321,242779,0.2500868057046605,4.140861951963366,9.296937049842983,2.2451695166952375,6.146718795792021,0.6200633320479261,0.15491725277895527,0.025203243823839407,0.06669544260186681,0.016663257133158613,0.06662989044907129,0.2500868057046605,0.011225541556738104,0.6892613347834136,0.056537217821732134,0.08202580668367208,0.3452522664645624,0.03734260376721216,-0.30790966269735026,2.088870744533429,1.6028434354389143,1.2375447648668878,1.245941416509217,-0.48602730909451486,0.008396651642329278
Pedestrian 5-10m,EdgeWeighted,3,4,7321,242779,0.2500868057046605,5.686677097482588,8.62165811454537,1.5161152904568653,1.689979578107528,0.7032688593792287,0.17673575548700576,0.10457863321587091,0.08157002391188095,0.02049904472364186,0.08196771455497343,0.2500868057046605,0.06897802112039714,1.6895250121598706,0.12404268637902521,0.07341867374088984,0.8954975512709089,0.2216995703911788,-0.6737979808797301,1.8741670372071542,1.744732322613039,3.3801624330361344,3.3679665748219834,-0.12943471459411526,-0.012195858214151034
Pedestrian 5-10m,EdgeWeighted,3,5,7321,242779,0.2500868057046605,0.9812515427508526,9.692418678865339,9.877608500790133,3.0790119451401203,0.509900075807098,0.1278584150723852,0.04152579364264489,0.05260813551037283,0.013191590167196253,0.052748043234613504,0.2500868057046605,0.00420403315208158,0.6371701311041634,0.0667098302423712,0.1046970439116443,0.4633349671923848,0.0950370501567269,-0.36829791703565795,3.2708532484751593,2.6446774789104306,1.8932592697647264,1.8916454601766783,-0.6261757695647288,-0.0016138095880480208
Pedestrian 5-10m,EdgeWeighted,3,6,7321,242779,0.2500868057046605,8.048293237610904,2.0882646238052742,0.2594667663762332,2.647484929683488,0.4929955730102463,0.12349820906194893,0.046647369815336286,0.23607907016645718,0.05913915653348408,0.23647450732998393,0.2500868057046605,0.1797816678760307,0.09163736434940295,0.06886617389101464,0.7515074976770472,0.11528591846906033,0.046569101940447895,-0.06871681652861245,1.9466478187433836,1.9009257965597495,2.380324360476904,2.3485601025887286,-0.04572202218363408,-0.03176425788817561
Pedestrian 5-10m,EdgeWeighted,3,7,7321,242779,0.2500868057046605,1.8940365995409052,13.43446791901712,7.093034976907599,1.8368469028701004,0.17970334432031346,0.04543761499378683,0.024736745711045612,0.013376290394960267,0.0033821670671189056,0.013523971895875824,0.2500868057046605,0.0034874698569378223,0.46953605970275664,0.031788227700261865,0.06770135406292778,0.25643074565757334,0.051314158143826276,-0.20511658751374706,2.6714190598883625,2.1727281795265867,2.8703211625181293,2.861478978695391,-0.4986908803617758,-0.008842183822738381
Pedestrian 5-10m,EdgeWeighted,3,8,7321,242779,0.2500868057046605,4.860624521650441,7.255773517569979,1.492765686862519,1.3021543051618854,1.756729150615047,0.44012076795270333,0.33799432435009596,0.24211466137138252,0.060658007899552446,0.2425478037642192,0.2500868057046605,0.2264215509912167,1.6151062120973967,0.25645970254686057,0.15878813358406785,0.8524378138142096,0.14762397077177186,-0.7048138430424378,1.4942967036854566,1.5039146529616574,3.1101472955572955,2.994870089686732,0.009617949276200743,-0.11527720587056356
Pedestrian 5-10m,TargetWeighted,1,1,7321,242779,0.24791787697462547,26.597984764945902,6.342518692786164,0.23845861806645324,21.515003892315846,1.4706971379374494,0.36500006051406353,0.016964907939188215,0.23187903841598392,0.05754812521935884,0.232125749060006,0.24791787697462547,0.07114403063017063,0.8862368057022806,0.04564818496422493,0.05150788610384228,0.49118972817921047,0.02253790465783363,-0.46865182352137685,1.0399262883552363,0.8196473912480841,0.501992132484711,0.4968604932805837,-0.2202788971071522,-0.005131639204127292
Pedestrian 5-10m,TargetWeighted,1,2,7321,242779,0.24791787697462547,9.212590383915265,8.898426392637468,0.9658984077393372,17.96675025715266,3.3994813054631043,0.8440786886757984,0.04698004236297355,0.38203173815715413,0.09485707365356372,0.3826148843518999,0.24791787697462547,0.048638698956489895,0.5004964986779937,0.11842026223137843,0.23660557102420648,0.22360333287802212,0.0657014069116241,-0.15790192596639802,1.9796880436791249,1.4830260377122957,0.4666519610363361,0.4781306529296936,-0.4966620059668292,0.011478691893357484
Pedestrian 5-10m,TargetWeighted,1,3,7321,242779,0.24791787697462547,5.17744863815897,12.770654254427237,2.4665921619460787,49.75675590169287,0.7223004296295157,0.1781273050032418,0.0035799621928603626,0.056559391137969296,0.013948173783031374,0.0562612643776646,0.24791787697462547,0.0014513798566205061,0.6947331900998278,0.013583715272407246,0.01955241993682664,0.41114601830351044,0.007649228247507171,-0.40349679005600325,2.4734179410761294,1.8792567198813104,0.31979629375529045,0.3193247301833322,-0.5941612211948191,-0.0004715635719582667
Pedestrian 5-10m,TargetWeighted,1,4,7321,242779,0.24791787697462547,8.4434996027176,13.282483877885264,1.5731017335370259,8.371547948436994,0.9834470388605033,0.24383002134019255,0.02912603768750513,0.07404089831100712,0.01835726084054097,0.07404572967508329,0.24791787697462547,0.018515037445713436,1.2546350957548915,0.0484389280389321,0.03860798077205664,0.6025133178527523,0.022401311296271,-0.5801120065564813,1.3910630966608166,0.8305594788265124,0.7114606768567031,0.7208553016183894,-0.5605036178343042,0.009394624761686288
Pedestrian 5-10m,TargetWeighted,1,5,7321,242779,0.24791787697462547,16.908771864617147,6.51254118980132,0.38515755242861355,9.283824347768924,0.438890824852288,0.11010837984185258,0.011860239444287986,0.06739163889906406,0.016907129868938362,0.06819649068188781,0.24791787697462547,0.030793214521099285,0.37721333371564214,0.014186084693049031,0.03760758978808301,0.19054773937986613,0.005873514547193006,-0.18467422483267312,0.7911043430984981,0.6215313986201444,0.6215510617094301,0.6183605046231712,-0.1695729444783537,-0.003190557086258927
Pedestrian 5-10m,TargetWeighted,1,6,7321,242779,0.24791787697462547,10.070862507640454,1.4002769822410404,0.13904240871010493,6.139375714587665,0.2539626627015809,0.06334263546737283,0.010317439151621083,0.18136601837264524,0.04523578964615965,0.18246279120146566,0.24791787697462547,0.07420353621100567,0.3147976982564066,0.008570068247619776,0.02722404904116821,0.30555934981559896,0.004097800846878842,-0.3014615489687201,2.0406100952244173,1.951824775967256,1.0351440290547733,1.0360655267071033,-0.08878531925716127,0.0009214976523299612
Pedestrian 5-10m,TargetWeighted,1,7,7321,242779,0.24791787697462547,9.210108348115753,11.914894739890169,1.2936758479492823,9.26627524870377,1.45448707318385,0.3607639193816013,0.03893300266930203,0.12207301060693442,0.03027839749779802,0.12213075009346555,0.24791787697462547,0.030094866832421307,0.5358714710112154,0.04598192800939657,0.08580775361029934,0.30788143696216363,0.019123070618767928,-0.2887583663433957,1.6645039498067202,1.32411649114621,0.9221390251809608,0.8992077244777005,-0.34038745866051023,-0.022931300703260327
Pedestrian 5-10m,TargetWeighted,1,8,7321,242779,0.24791787697462547,6.64961197805201,7.818412396367607,1.1757697156489268,14.216880555523547,1.3624139791653394,0.3378860021130157,0.02376653588357502,0.17425711363802435,0.043216702388048596,0.17431861377743935,0.24791787697462547,0.02021359741207648,1.2821309345867231,0.03993252755624177,0.031145436216823752,0.7302281109138096,0.019942630788143696,-0.7102854801256658,1.592120366921843,1.150026570978892,0.4870216098645346,0.4863972290754181,-0.4420937959429512,-0.0006243807891164743
Pedestrian 5-10m,TargetWeighted,2,1,7321,242779,0.24791787697462547,3.1622476734680536,10.36280134493972,3.277036583540092,4.136742224248225,1.431059298517847,0.354814572203291,0.08577149653313408,0.13809579567359864,0.03423925250040218,0.13810722944692808,0.24791787697462547,0.026173493668704355,0.692461866061049,0.1896166571323025,0.2738297423836593,0.2935391339980877,0.1942357601420571,-0.09930337385603058,2.050561658245488,1.4114250040991791,2.0660035635417926,2.0230674734574343,-0.6391366541463088,-0.04293609008435828
Pedestrian 5-10m,TargetWeighted,2,2,7321,242779,0.24791787697462547,4.369840761763388,11.384262889210225,2.605189407076786,12.905958732961547,2.1528336769321883,0.5344872409338511,0.041413989582551665,0.18910611042560685,0.04694965722997584,0.18937583650340312,0.24791787697462547,0.015896728779522376,1.3552074069811242,0.1536411178731088,0.11337092458906516,0.8500204890042344,0.09138095888539817,-0.7586395301188362,1.8720856757373867,1.451247421142531,0.8921505363846692,0.8959469553255295,-0.4208382545948557,0.0037964189408602467
Pedestrian 5-10m,TargetWeighted,2,3,7321,242779,0.24791787697462547,6.085547599285667,0.6304278827901002,0.10359427339425596,10.314568360063987,1.3902366647069255,0.34486965693862215,0.033435200055441844,2.205227085613425,0.5470406066779882,2.206539485123871,0.24791787697462547,0.32275140055938395,0.04136374489331182,0.03853906799926698,0.9317110619833604,0.029913946182215545,0.019532850703455812,-0.010381095478759733,1.3805092805866541,1.3570930746643473,0.6331508423658144,0.6177846166932489,-0.023416205922306865,-0.015366225672565514
Pedestrian 5-10m,TargetWeighted,2,4,7321,242779,0.24791787697462547,2.4121933343731836,13.845072312251704,5.739619647217538,2.8199976277126177,1.1248720445218805,0.27862867489512877,0.09880457741132458,0.08124710498723751,0.02012475402149534,0.08117507884195188,0.24791787697462547,0.017214481675119082,0.5750369946888942,0.1329283568318789,0.231164874169786,0.337112416336566,0.09015161863133452,-0.2469607977052315,1.9831282729665354,1.5494170881030882,1.8127084256831156,1.8545980139351579,-0.4337111848634472,0.041889588252042254
Pedestrian 5-10m,TargetWeighted,2,5,7321,242779,0.24791787697462547,9.027995079957417,7.018392745129084,0.7774032523495964,1.938003003618016,0.15540823478674645,0.03883419586611096,0.020038253600861148,0.022142994872034364,0.005533203572531716,0.022318694467971335,0.24791787697462547,0.025775880513156366,1.1800571011637695,0.019473917737785194,0.016502521406425885,0.6419887993443518,0.07553612894413332,-0.5664526704002185,1.057258147598956,1.2000321686582616,3.129008080170297,3.1272548180119646,0.1427740210593056,-0.0017532621583322694
Pedestrian 5-10m,TargetWeighted,2,6,7321,242779,0.24791787697462547,1.1673875056347416,5.519962803870826,4.728475103547314,6.851588079189801,2.5281137359097277,0.626862376078623,0.09149154443006649,0.45799470415941257,0.11356278968101258,0.45806614063565243,0.24791787697462547,0.019349059101091325,1.1742725287997384,0.1653024868468797,0.14077012055126545,0.8436006010107909,0.08837590493102035,-0.7552246960797706,2.7519749010116215,2.053501124753416,1.1003305317194019,1.028529867216907,-0.6984737762582056,-0.0718006645024949
Pedestrian 5-10m,TargetWeighted,2,7,7321,242779,0.24791787697462547,2.448575079990645,1.500344427511509,0.612741848777544,4.609533191693392,0.2669045930167441,0.06576910904944365,0.01426806276724121,0.1778955460783629,0.043836006856218405,0.17681663631113895,0.24791787697462547,0.02328560153488915,0.0492291365512765,0.020918720938309713,0.42492552489247437,0.04999317033192187,0.010790875563447617,-0.039202294768474255,2.391342774196116,2.4051999956365124,1.3334470010721162,1.3216873275211198,0.013857221440396472,-0.011759673550996386
Pedestrian 5-10m,TargetWeighted,2,8,7321,242779,0.24791787697462547,2.6963731680431544,9.976226190515053,3.6998685017906627,10.411986648655738,1.1347145938532832,0.2798098373512784,0.02687381827546481,0.1137418670192843,0.028047663688382723,0.113132876496537,0.24791787697462547,0.00726345225237705,0.8100214043038346,0.013248774274851527,0.016356079038031435,0.42726403496790055,0.008059008332195056,-0.41920502663570547,2.8248364332167797,2.1408148134893854,0.616458237266156,0.6204168325619513,-0.6840216197273943,0.003958595295795342
Pedestrian 5-10m,TargetWeighted,3,1,7321,242779,0.24791787697462547,0.3521363880111701,4.498876609523224,12.775948850878278,1.4598288586759631,2.5401325009614815,0.6294012225485858,0.4311472639388483,0.564614839610933,0.139901863460147,0.5643072598245645,0.24791787697462547,0.033746790053228906,1.1085864479100385,0.3848285387914019,0.3471344395789387,0.658106816008742,0.33274142876656193,-0.32536538724218006,3.3229647808899516,2.285123571202705,2.4865182507138766,2.521685023085196,-1.0378412096872465,0.0351667723713196
Pedestrian 5-10m,TargetWeighted,3,2,7321,242779,0.24791787697462547,2.525021690576852,12.178157161467078,4.822991089021107,1.7180599834669028,0.9957796339971715,0.24829062866833948,0.14451802009969952,0.08176767798088878,0.02038819381064273,0.08223768788707639,0.24791787697462547,0.02996439701682872,1.6427173726644901,0.1362079681535351,0.08291625180991605,0.8766561945089468,0.11159677639666712,-0.7650594181122797,1.911387270897702,1.825848358373143,2.5474049270820767,2.5080630240205792,-0.08553891252455892,-0.03934190306149743
Pedestrian 5-10m,TargetWeighted,3,3,7321,242779,0.24791787697462547,4.140799774916567,9.417582074252874,2.2743389111827415,6.19799875913005,0.6175909296637339,0.15299258036598984,0.024684190182158405,0.06557850243709654,0.01624542042716129,0.06552742371841858,0.24791787697462547,0.010853347296770396,0.6695996885017352,0.05217892033204731,0.07792554334895968,0.33861494331375497,0.035241087283158036,-0.3033738560305969,1.9659162557853065,1.533095421160061,1.152764509451262,1.1596993190154512,-0.43282083462524557,0.006934809564189237
Pedestrian 5-10m,TargetWeighted,3,4,7321,242779,0.24791787697462547,5.657461361282272,8.617329720414258,1.5231795950311768,1.6706302457888216,0.7119022595228707,0.17732729067608127,0.10614394780750133,0.08261286057214008,0.020577986014648723,0.08300323250478046,0.24791787697462547,0.06968577274597158,1.6583746150348098,0.12018381212492185,0.072470846038421,0.882119928971452,0.2099439967217593,-0.6721759322496926,1.6828762749227217,1.6295512525424793,3.196545778045515,3.185240572461159,-0.05332502238024239,-0.011305205584355882
Pedestrian 5-10m,TargetWeighted,3,5,7321,242779,0.24791787697462547,0.9419233033202247,9.79217462870909,10.395936155558402,3.038549988047679,0.5119198449476636,0.12725977136839722,0.04188174341385326,0.05227846355231573,0.012996068397854266,0.05242085819803886,0.24791787697462547,0.004028664927032442,0.6021873490306614,0.06279812737162524,0.10428337033296603,0.4467968856713564,0.09097117880071029,-0.3558257068706461,3.1015922640867086,2.518157002112543,1.762753579511789,1.7623674103649396,-0.5834352619741656,-0.0003861691468494133
Pedestrian 5-10m,TargetWeighted,3,6,7321,242779,0.24791787697462547,7.91122638074564,2.0803947351136016,0.26296741268170465,2.649346030608216,0.49531835931455304,0.12300524771681356,0.046428532109974954,0.23808864182047615,0.05912591733166331,0.23848992121215876,0.24791787697462547,0.17655621231140853,0.08771707639557777,0.06209751446093871,0.7079295153614376,0.10340117470290944,0.0413877885534763,-0.062013386149433136,1.739957693663909,1.69426286973704,2.2052692404395855,2.1776535977425824,-0.045694823926868855,-0.027615642697003118
Pedestrian 5-10m,TargetWeighted,3,7,7321,242779,0.24791787697462547,1.9114984982824337,13.494007074294682,7.059386662257794,1.824902105061495,0.18524142575403835,0.04640614595753733,0.025429389102315524,0.013727681080709963,0.0034390189413453184,0.013871604761205891,0.24791787697462547,0.003602209410379624,0.42635521164036816,0.030969749585572536,0.07263837291922651,0.24395574375085372,0.0457587761234804,-0.19819696762737332,2.477587649002172,2.037328014970576,2.6775291349660915,2.6692265326248026,-0.4402596340315963,-0.008302602341288878
Pedestrian 5-10m,TargetWeighted,3,8,7321,242779,0.24791787697462547,4.803558140056725,7.153299709903498,1.489166881391667,1.3077391590668397,1.7616372285225714,0.4375272472155667,0.3345676703465049,0.2462691761147591,0.06116439466365169,0.24671231031390609,0.24791787697462547,0.22466767981514976,1.5982870940963405,0.2392109367842415,0.14966706305216018,0.8456495014342303,0.14192050266357056,-0.7037289987706598,1.4012546011701814,1.4501500595506678,2.918926046690472,2.812656765761615,0.04889545838048637,-0.10626928092885679
Pedestrian 10-20m,EdgeWeighted,1,1,260,8197,0.2689515164389441,31.32436474346435,6.2876464233045075,0.2007270210518513,21.170848673883988,1.471350160983471,0.3961791941928483,0.018713429967237644,0.23400650411734342,0.06300913996918782,0.23427693757109724,0.2689515164389441,0.09322825067045225,0.5909802292366444,0.06675476186574167,0.11295599655238432,0.3441502988898377,0.06404782237403928,-0.28010247651579845,1.044794758326334,1.087984956359741,0.472233183909209,0.47771004734102956,0.04319019803340707,0.005476863431820578
Pedestrian 10-20m,EdgeWeighted,1,2,260,8197,0.2689515164389441,7.849348996799741,8.808821338595838,1.1222359116615817,19.631414461050703,3.4021315273407398,0.9166889871156677,0.046695004502475115,0.38621869972230205,0.10406488573659081,0.38692803537672077,0.2689515164389441,0.04160890201530756,0.8478367033745945,0.15094331846755216,0.17803347753927917,0.3861168720263511,0.07990728315237282,-0.30620958887397826,2.1625249593906264,1.4766076209600856,0.38547609612732986,0.4028135244094912,-0.6859173384305408,0.017337428282161338
Pedestrian 10-20m,EdgeWeighted,1,3,260,8197,0.2689515164389441,8.189945407422796,12.6586435368198,1.5456322223943721,47.52872485456184,0.7318462821143924,0.19546722072887654,0.004112612347288534,0.05781395766517592,0.0154414033388264,0.05741333222115705,0.2689515164389441,0.0026607961849486003,0.5200326808789186,0.009694486289235893,0.018642070891449206,0.24862754666341344,0.01183359765767964,-0.2367939490057338,2.0725988628853207,1.4878729607754486,0.41541450010223,0.4141103325603621,-0.5847259021098721,-0.0013041675418679066
Pedestrian 10-20m,EdgeWeighted,1,4,260,8197,0.2689515164389441,11.574659272236701,13.160640428556666,1.137021842945643,9.048916887438228,0.9820212108506067,0.26396757988146713,0.02917117958682956,0.07461804122948179,0.020057350636836984,0.0745760803160576,0.2689515164389441,0.025655777425259506,1.1821520971064265,0.061695825503337964,0.05218941380932093,0.5176284006343784,0.025985116506038793,-0.49164328412833963,1.4563885153573688,0.8197007580096557,0.6975530816138721,0.6909798804539888,-0.6366877573477131,-0.006573201159883246
Pedestrian 10-20m,EdgeWeighted,1,5,260,8197,0.2689515164389441,18.460538959127124,6.452564532811414,0.3495328356123566,10.12601181822629,0.4298395118226769,0.11729625457727583,0.01158365766967723,0.06661529830051009,0.018178238094177866,0.06758927281383023,0.2689515164389441,0.03314039814880198,0.4169050539908298,0.012243816458642762,0.029368356290611228,0.18994754178357937,0.00963767231914115,-0.18030986946443822,0.7878417307563468,0.5019977780807753,0.4445749115032685,0.4385279308335137,-0.2858439526755715,-0.006046980669754787
Pedestrian 10-20m,EdgeWeighted,1,6,260,8197,0.2689515164389441,4.876492590556314,1.3836139144440227,0.28373136755835104,4.940795565434407,0.2577407417945701,0.07015467791088331,0.014199065077634817,0.1862808238925017,0.05070394036333044,0.1885244565616584,0.2689515164389441,0.05004404236085836,0.3037564594805834,0.009692749818747655,0.03190960783591552,0.23911187019641333,0.013663535439795047,-0.2254483347566183,2.297058344644837,2.142677457855427,1.020848079273398,1.0225060796692045,-0.1543808867894101,0.001658000395806436
Pedestrian 10-20m,EdgeWeighted,1,7,260,8197,0.2689515164389441,10.408327105212981,11.804134294669637,1.1341048531628604,6.562912856160447,1.4618307334571077,0.39346801035974477,0.05995325831438906,0.12384057108523554,0.03333306790690203,0.12393708393571477,0.2689515164389441,0.05286394606155535,0.6532613034937528,0.05387473434981563,0.08247041916761359,0.3806270586800049,0.0152494815176284,-0.3653775771623765,2.1072470838679007,1.654259758872747,1.2646243924889664,1.2217314122480294,-0.4529873249951537,-0.04289298024093702
Pedestrian 10-20m,EdgeWeighted,1,8,260,8197,0.2689515164389441,6.389293995278557,7.753621556455736,1.2135333810042284,15.530058578159403,1.3679441239444974,0.36797705668958824,0.023694505374895706,0.17642647532123487,0.0474587331269244,0.1764583148320529,0.2689515164389441,0.01952521912502789,1.3100191787082993,0.040475914904404595,0.030897192387169932,0.7898011467610101,0.032450896669513236,-0.7573502500914968,1.782828138190046,1.2451274162918133,0.613159471719364,0.6170739587829441,-0.5377007218982326,0.003914487063580108
Pedestrian 10-20m,EdgeWeighted,2,1,260,8197,0.2689515164389441,3.1577761606192003,10.268968392964519,3.25196208917838,3.837570014852364,1.4333779824637407,0.3853138310700228,0.1004056808278948,0.13958344462818123,0.03752215567814851,0.1395127076427528,0.2689515164389441,0.0308754154463432,0.8108103925010575,0.16999216347831828,0.20965710720281067,0.2668049286324265,0.14273514700500184,-0.12406978162742466,2.2954534367083883,1.4794679485605355,2.121845467388168,2.095630308983006,-0.8159854881478528,-0.026215158405161976
Pedestrian 10-20m,EdgeWeighted,2,2,260,8197,0.2689515164389441,4.134061420248596,11.274597298054127,2.7272447418315564,12.380159812510046,2.1514982356575914,0.5795714717898716,0.046814538753859554,0.19082705810882006,0.051405070704906554,0.19113135881969515,0.2689515164389441,0.017165506954379493,1.4094781572515291,0.1488173835678055,0.10558331943374347,0.9368061485909479,0.10613639136269366,-0.8306697572282542,2.122415746998899,1.5704411819610378,0.9794700819647311,0.9982160629249047,-0.5519745650378611,0.018745980960173658
Pedestrian 10-20m,EdgeWeighted,2,3,260,8197,0.2689515164389441,6.225257076633405,0.6265680512668568,0.10064934548842903,10.416196061455242,1.3932190692948887,0.37478055187419623,0.03598055847866118,2.2235717959800594,0.5981481901845238,2.2239999828382166,0.2689515164389441,0.3574842412458133,0.04573404009558047,0.039431801413577265,0.8621978882510511,0.07502744906673173,0.02622910821032085,-0.04879834085641088,1.6709219731800238,1.661140924953985,0.9203349359717524,0.9171943997691212,-0.009781048226038758,-0.0031405362026312167
Pedestrian 10-20m,EdgeWeighted,2,4,260,8197,0.2689515164389441,2.963523988428384,13.716801933239868,4.6285442400716725,2.3930034551137918,1.1216678669719728,0.30105852422726886,0.12580780956493642,0.08177327861213093,0.021948157119498345,0.08160636754921298,0.2689515164389441,0.027180859200598182,0.5201883430568984,0.15835555283936298,0.3044196432095856,0.25009149688910576,0.10930828351836037,-0.1407832133707454,1.931258863545754,1.4865910719473705,1.8311771738803497,1.8857068654349272,-0.44466779159838343,0.05452969155457743
Pedestrian 10-20m,EdgeWeighted,2,5,260,8197,0.2689515164389441,9.219740369591745,6.951061389997956,0.7539324431937802,1.7542697652839925,0.15620253551568752,0.04239061814601577,0.02416425269548596,0.02247175309309359,0.006098438167447094,0.022674859846283594,0.2689515164389441,0.032050951770443446,1.2768272379839731,0.020057637292856915,0.01570896714847417,0.7320971086983042,0.12187385628888618,-0.6102232524094181,1.272987814783237,1.2850264105047995,3.290287765046187,3.287753212719487,0.012038595721562517,-0.00253455232670019
Pedestrian 10-20m,EdgeWeighted,2,6,260,8197,0.2689515164389441,1.2179529494703771,5.462818151544627,4.4852455992390015,6.24635575882899,2.5374968237036253,0.6823888822661717,0.10924591994447024,0.4645032561336695,0.12491517419888351,0.46445237122400596,0.2689515164389441,0.02435673081523972,1.2556601946943287,0.18840677421749524,0.1500459865759304,0.8581188239599854,0.10552641210198853,-0.7525924118579969,3.04381779977129,2.1604056908642484,0.9930500942669661,0.9268712761527071,-0.8834121089070415,-0.06617881811425896
Pedestrian 10-20m,EdgeWeighted,2,7,260,8197,0.2689515164389441,2.3865586942079196,1.4785131303877788,0.6195167660367633,4.830683104534825,0.2749889389373411,0.07331084511848104,0.015176082425671712,0.18599018935010483,0.04958416879491065,0.18436098672288806,0.2689515164389441,0.024496644824951654,0.07223371236766331,0.02212978999577305,0.30636369372097927,0.05746004635842381,0.012931560326948885,-0.044528486031474926,2.5828219184708643,2.6094336484270717,1.661057635887746,1.6459544602771696,0.02661172995620742,-0.015103175610576391
Pedestrian 10-20m,EdgeWeighted,2,8,260,8197,0.2689515164389441,2.575031724617688,9.879641429170466,3.83670666902957,9.602618560893617,1.150000395558928,0.30707840074051196,0.031978610675143716,0.11640102554728814,0.031081937804242364,0.11556706227245903,0.2689515164389441,0.008334911514067624,1.1517233476393172,0.0110233056262882,0.00957114011205141,0.6807368549469318,0.010125655727705258,-0.6706111992192265,3.0491771295339256,2.407045301794078,0.7061411232431565,0.7142551291896282,-0.6421318277398478,0.008114005946471714
Pedestrian 10-20m,EdgeWeighted,3,1,260,8197,0.2689515164389441,0.47897251012080083,4.456625193950139,9.30455298944111,1.276285829199564,2.5451601481350505,0.6837722097507434,0.5357516229903313,0.5710958475662576,0.153428250853287,0.570468042642314,0.2689515164389441,0.0575795122046714,1.1917247116938108,0.434971278055775,0.36499308115178297,0.7987068439673051,0.36806148590947907,-0.430645358057826,3.3044760943754516,2.3420844299187484,2.621704919583788,2.6780630071055644,-0.9623916644567032,0.0563580875217764
Pedestrian 10-20m,EdgeWeighted,3,2,260,8197,0.2689515164389441,2.5177013198405884,12.057810590789188,4.789214053262086,1.6178317152369424,1.001902275310899,0.2717473823850793,0.1679701158940248,0.08309155853263478,0.022537041871207805,0.08379592475123594,0.2689515164389441,0.035072584702888605,1.6578937317438391,0.11452786082234785,0.06908033846721856,0.8168842259363182,0.1139441258997194,-0.7029401000365988,1.9783141241787843,1.7951987400672311,2.770185584369985,2.7287791190279864,-0.18311538411155315,-0.041406465341998544
Pedestrian 10-20m,EdgeWeighted,3,3,260,8197,0.2689515164389441,4.691969930467483,9.322588619505376,1.986924199812014,6.230074996167546,0.6177748159870252,0.16589204943480398,0.026627616725412927,0.06626644599889442,0.017794633661059184,0.06616297701176581,0.2689515164389441,0.013401425476582325,0.6118046919909113,0.05526165508337732,0.09032564624552078,0.2681468830059778,0.0457484445528852,-0.22239843845309257,2.0659764177912576,1.5224332640076828,1.2108575026662969,1.2216656402886508,-0.5435431537835749,0.010808137622353886
Pedestrian 10-20m,EdgeWeighted,3,4,260,8197,0.2689515164389441,5.586484753589024,8.540555096483969,1.5287887567775464,1.6085658165557433,0.713407289848607,0.19297625557092507,0.11996789462084079,0.0835317237525919,0.022595282527293564,0.08401247178800832,0.2689515164389441,0.07847251185244827,1.296374104352806,0.11398574213355432,0.08792657989045075,0.6892765645968038,0.17384408930096376,-0.51543247529584,1.938373871501627,1.8148156891082834,3.384243919794982,3.3616765179179726,-0.1235581823933436,-0.022567401877009452
Pedestrian 10-20m,EdgeWeighted,3,5,260,8197,0.2689515164389441,1.1523476336317175,9.695740968178027,8.413902715695334,3.140909697010933,0.5118763099926702,0.13808650105602216,0.043963855677797585,0.05279393407319131,0.01424197504520904,0.05295368735690063,0.2689515164389441,0.005225144277403606,1.063740798962709,0.06857352996849382,0.06446450995460283,0.7212394778577529,0.08222520434305233,-0.6390142735147005,2.9305837101862906,2.4499055144337905,1.9554899521168687,1.9537924367832964,-0.48067819575250015,-0.0016975153335723192
Pedestrian 10-20m,EdgeWeighted,3,6,260,8197,0.2689515164389441,6.43001275446102,2.059600725032919,0.3203105188867475,2.6061342112514634,0.4875174912738701,0.1311045400832406,0.0503061350463693,0.2367048539949555,0.06365531816589934,0.23667951994446115,0.2689515164389441,0.15705426612484563,0.07905168424312486,0.06961681716317844,0.880649274246681,0.08063925826521898,0.01744540685616689,-0.0631938514090521,1.9331431375110406,1.8943509701449484,2.292921038820563,2.2472371671903737,-0.038792167366092256,-0.04568387163018928
Pedestrian 10-20m,EdgeWeighted,3,7,260,8197,0.2689515164389441,1.7395003087596017,13.374087289155941,7.688464983261802,2.027483523739253,0.18640525026510335,0.050907477372518925,0.02510870077382633,0.013937792246717848,0.003806426280448444,0.01415283389853732,0.2689515164389441,0.0032657625151225485,0.43862638670617704,0.03352720952315525,0.0764368259067959,0.3031596925704526,0.05087227034280834,-0.2522874222276443,2.729164178034417,2.243271010222581,2.778992556716218,2.7701858190255906,-0.4858931678118359,-0.008806737690627564
Pedestrian 10-20m,EdgeWeighted,3,8,260,8197,0.2689515164389441,4.85324636199972,7.079763527147419,1.4587686229970414,1.3080185202879928,1.7609040371011444,0.4745726324240883,0.36281797347289824,0.24872356652333175,0.0670322716195269,0.2492355128341099,0.2689515164389441,0.24871522821784867,1.658282700641858,0.23206152540869734,0.13994087010584294,0.8900817372209345,0.14968891057704037,-0.7403928266438942,1.4941145094953387,1.4163397798518171,3.0971826622713943,3.0022757640412676,-0.07777472964352161,-0.09490689823012666
Pedestrian 10-20m,TargetWeighted,1,1,260,8197,0.26822958932473107,32.58387006770605,6.330074207819098,0.1942701770146741,20.99513980177077,1.474544968010026,0.3960644742564266,0.018864579031494518,0.23294276137540318,0.06256869360891677,0.23326543292177176,0.26822958932473107,0.09710485855490318,0.49072408183647037,0.06423075482872544,0.13088975230123773,0.2923076923076923,0.05,-0.24230769230769234,1.0754774023472373,1.044064593980854,0.4089397288030067,0.4108789383983531,-0.03141280836638338,0.0019392095953463806
Pedestrian 10-20m,TargetWeighted,1,2,260,8197,0.26822958932473107,7.554079651844658,8.767240628683528,1.160596792878224,20.714825072884892,3.4248646716907962,0.920381827555034,0.04443106924013935,0.39064339771619033,0.10497964701619467,0.3913798002922917,0.26822958932473107,0.03828294988401868,0.9013145126169801,0.1318777997561532,0.14631718057004567,0.4076923076923077,0.06538461538461539,-0.3423076923076923,1.9761727741305002,1.161051752541358,0.3476672560384356,0.3519622068711693,-0.8151210215891422,0.004294950832733679
Pedestrian 10-20m,TargetWeighted,1,3,260,8197,0.26822958932473107,8.366786573703983,12.18813271992497,1.4567280518023293,46.84479241282543,0.6943042989093329,0.18527787503974547,0.003955143473951389,0.056965600415938934,0.01520149797719556,0.05667345444151348,0.26822958932473107,0.002715087034884128,0.39320630742942214,0.008857136853691515,0.02252541849173446,0.2,0.007692307692307693,-0.19230769230769232,1.8784195295257604,1.4732093879161836,0.4567739780696737,0.4569263084366899,-0.4052101416095768,0.00015233036701622904
Pedestrian 10-20m,TargetWeighted,1,4,260,8197,0.26822958932473107,11.82613729616904,13.057407364955496,1.104114304350599,9.561906736189894,0.9770489295992719,0.2619989346273258,0.027400281301815016,0.07482717675434415,0.020065157431623654,0.07480590315959819,0.26822958932473107,0.02481652573984687,1.2436609556582814,0.057687093872901524,0.04638490349527631,0.5269230769230769,0.03461538461538462,-0.49230769230769234,1.3934109440915476,0.6382766051800435,0.6264218713780456,0.6186293695504597,-0.7551343389115042,-0.0077925018275859514
Pedestrian 10-20m,TargetWeighted,1,5,260,8197,0.26822958932473107,18.384942546058518,6.00704312697752,0.326737117000019,10.687475037793554,0.47197384256516267,0.1279034553097571,0.011967602706699462,0.07857007712493956,0.02129224851448503,0.07938068195340238,0.26822958932473107,0.03662761809954571,0.3495335561035743,0.011045536774683007,0.03160078986923384,0.17692307692307693,0.0038461538461538464,-0.17307692307692307,0.7843447471615834,0.5673904283839284,0.4402192884922612,0.43644462681039986,-0.21695431877765503,-0.0037746616818613576
Pedestrian 10-20m,TargetWeighted,1,6,260,8197,0.26822958932473107,4.627301048966789,1.4913664730753597,0.32229726444649376,4.848273548906666,0.26855801355319303,0.07285299313792881,0.015026584670349726,0.18007513015807974,0.048849825958069026,0.18211944573249422,0.26822958932473107,0.046623368739794814,0.2882594122795143,0.0075005495638780185,0.02602013666913208,0.21923076923076923,0.015384615384615385,-0.20384615384615384,2.1497627844534613,2.020576255261889,0.926925571548174,0.9270989229029812,-0.12918652919157214,0.0001733513548072274
Pedestrian 10-20m,TargetWeighted,1,7,260,8197,0.26822958932473107,10.45275334356933,11.994065172502122,1.1474551026698123,6.077913072758538,1.459268716717493,0.3918668597470592,0.06447391636097656,0.12166589846838484,0.03267173004184979,0.12180508834260269,0.26822958932473107,0.0561886174448807,0.5923044300849685,0.04805114192993773,0.08112574999951815,0.3923076923076923,0.015384615384615385,-0.3769230769230769,1.984942634018672,1.6947488174388425,1.2314919256212442,1.1965924715980025,-0.29019381657982946,-0.03489945402324168
Pedestrian 10-20m,TargetWeighted,1,8,260,8197,0.26822958932473107,6.334746721156405,7.743719449452155,1.22241973958737,15.459051897116005,1.363153499903546,0.36586913167715884,0.02366698384062896,0.17603343032264046,0.04724720899212986,0.17614465037070806,0.26822958932473107,0.019360766912198363,1.3689754400770748,0.03672643936919287,0.026827682970593177,0.7807692307692308,0.03461538461538462,-0.7461538461538462,1.6652592850485832,1.0581295490366707,0.6521502653584702,0.6563359418563868,-0.6071297360119126,0.004185676497916568
Pedestrian 10-20m,TargetWeighted,2,1,260,8197,0.26822958932473107,3.147106825741119,10.213226451055494,3.2452747822430883,3.7550384838825375,1.4252083028463571,0.38224817060578115,0.10179607245798274,0.13954535408383256,0.0374267790950635,0.1395326212665774,0.26822958932473107,0.03136747393511867,0.8265697304682911,0.17480803969073205,0.2114861349650847,0.23846153846153847,0.13076923076923078,-0.1076923076923077,2.1510305449223996,1.2186156438892082,1.8569328691166973,1.8273266976650906,-0.9324149010331915,-0.02960617145160671
Pedestrian 10-20m,TargetWeighted,2,2,260,8197,0.26822958932473107,4.129029608949509,11.906908682912071,2.8837062897943997,12.490585510756228,2.1657910840969947,0.5818986241348144,0.04658697730125177,0.18189365014499892,0.04887067156912073,0.18219716128329166,0.26822958932473107,0.01615524344645406,1.33641597378418,0.12661708014967066,0.09474376368287904,0.9230769230769231,0.08076923076923077,-0.8423076923076923,2.0148907206704973,1.6388141959181446,0.8627312976098307,0.884499572251019,-0.37607652475235276,0.021768274641188357
Pedestrian 10-20m,TargetWeighted,2,3,260,8197,0.26822958932473107,6.0948228194356,0.6003084603050617,0.09849481717594934,10.26147073757511,1.3924690522045855,0.3736865530345288,0.03641647111091115,2.319589213020712,0.6224908884671086,2.3207389864289087,0.26822958932473107,0.36972978333021933,0.045361021120039036,0.03764014491915297,0.82979032860928,0.06153846153846154,0.03076923076923077,-0.03076923076923077,1.59275425028701,1.5790359361022976,0.9262418156153331,0.9258456361309585,-0.013718314184712366,-0.000396179484374648
Pedestrian 10-20m,TargetWeighted,2,4,260,8197,0.26822958932473107,2.9214159581320227,13.55461159062784,4.639740365113007,2.466332600447355,1.1069463032009386,0.29648372628447245,0.1202123853970754,0.08166566005843101,0.0218732734673666,0.08154682974001616,0.26822958932473107,0.02590929139955325,0.5465934394013253,0.14248107617193334,0.26067102766780403,0.2692307692307692,0.08461538461538462,-0.1846153846153846,1.8214685368842958,1.450192907932781,1.6586260960596602,1.7003818569920064,-0.37127562895151467,0.04175576093234623
Pedestrian 10-20m,TargetWeighted,2,5,260,8197,0.26822958932473107,9.393061041774915,6.8281045658880615,0.7269307128156929,1.73317592016636,0.16864166221146734,0.0455173415345516,0.026262389606450737,0.024698166282776046,0.006666175221639986,0.02485249666115188,0.26822958932473107,0.03612777501647752,1.2920661957105408,0.020785946794505714,0.016087369751362688,0.7346153846153847,0.1,-0.6346153846153847,1.1288406968838276,1.2748606004191043,3.0563584015198733,3.054526116201529,0.14601990353527672,-0.00183228531834434
Pedestrian 10-20m,TargetWeighted,2,6,260,8197,0.26822958932473107,1.2305568616786375,5.384471872679573,4.375638376903671,6.348212771567365,2.5252728619264513,0.6775963087307674,0.10673812174321444,0.4689917445849404,0.12584266823092088,0.46916025877729467,0.26822958932473107,0.024393725510472412,1.3104157216989103,0.15880809819685307,0.12118909621984138,0.8730769230769231,0.08846153846153847,-0.7846153846153846,2.822015301981726,1.8142646927155583,0.8655068749924211,0.8143589771158647,-1.0077506092661674,-0.05114789787655638
Pedestrian 10-20m,TargetWeighted,2,7,260,8197,0.26822958932473107,2.2276990240194507,1.4530890633784999,0.6522824857344767,4.888837045978699,0.2607421453901018,0.0694956821831733,0.014215176613052596,0.17943989130952873,0.0478261680280842,0.1783030961105215,0.26822958932473107,0.02179297575208754,0.0813764440416566,0.017566979214371607,0.2158729993983158,0.08076923076923077,0.015384615384615385,-0.06538461538461539,2.450889788310858,2.4713337710301877,1.5656962967831887,1.556142799335121,0.02044398271932968,-0.009553497448067771
Pedestrian 10-20m,TargetWeighted,2,8,260,8197,0.26822958932473107,2.523781131343333,10.049812660999525,3.9820460246605656,9.31788837526294,1.0929936599125036,0.2915467860828128,0.031288933074570806,0.10875761526048401,0.029010171196934,0.10815425020194344,0.26822958932473107,0.007857501596472104,1.1100184222902671,0.010534044790473679,0.009489972854539997,0.6846153846153846,0.011538461538461539,-0.6730769230769231,2.814377669822103,2.3680794430142544,0.6358954883986591,0.6418359511964447,-0.4462982268078486,0.005940462797785595
Pedestrian 10-20m,TargetWeighted,3,1,260,8197,0.26822958932473107,0.4727464573062178,4.369774089387164,9.243377564060522,1.3140090648597444,2.517788419858226,0.6749790480899688,0.5136791373849645,0.5761827413941905,0.1544654329349956,0.5758701997239039,0.26822958932473107,0.055572666297489616,1.2742246867501168,0.4166314014923186,0.3269685500170639,0.7730769230769231,0.3192307692307692,-0.4538461538461539,3.0977009788558534,1.9688340968556601,2.4095899705334047,2.445494043934965,-1.1288668820001933,0.03590407340156032
Pedestrian 10-20m,TargetWeighted,3,2,260,8197,0.26822958932473107,2.5406590986648268,12.029163820496295,4.734662662720576,1.6588022048351956,1.0432310209334095,0.28182771056576517,0.1698983206347872,0.0867251486166157,0.023428703319450725,0.08734570449507648,0.26822958932473107,0.03588393352998097,1.626631896838848,0.09992537076770112,0.06143084390978987,0.8115384615384615,0.08461538461538462,-0.7269230769230769,1.7513730381989856,1.7877232001760395,2.529464111286199,2.493464132864896,0.036350161977053874,-0.03599997842130298
Pedestrian 10-20m,TargetWeighted,3,3,260,8197,0.26822958932473107,4.586729131501399,9.616221127307716,2.0965312820194097,6.451840821988588,0.6098663158512315,0.16345498729026298,0.025334627983976912,0.06342057936720637,0.016997839895352695,0.06337048535338687,0.26822958932473107,0.012084068613912377,0.5894147734181701,0.0522678906799892,0.08867760387154537,0.2692307692307692,0.046153846153846156,-0.22307692307692306,2.0012923247802554,1.5982474943353777,1.111779838675849,1.1211951940841631,-0.4030448304448777,0.009415355408314063
Pedestrian 10-20m,TargetWeighted,3,4,260,8197,0.26822958932473107,5.323546731904921,8.507019425427982,1.5979984468745214,1.573990311473469,0.7375135314632025,0.19877719131975338,0.12628869987819932,0.08669470395139618,0.02336625569373147,0.08711289042132599,0.26822958932473107,0.07902930026929045,1.2640544341630844,0.10910938580502541,0.08631699869325285,0.6884615384615385,0.16538461538461538,-0.5230769230769231,1.7538381299180719,1.8158424921838812,3.164226733429286,3.143588149483101,0.0620043622658093,-0.02063858394618512
Pedestrian 10-20m,TargetWeighted,3,5,260,8197,0.26822958932473107,1.1334499867305732,9.934613090594041,8.76493283272341,3.0610371930772793,0.5218402591578328,0.1403078983839172,0.045836717777511755,0.052527486865757186,0.014123136649934304,0.05265316238584164,0.26822958932473107,0.005229557213956875,0.9719024798141109,0.06525397059654671,0.06714045007645508,0.7307692307692307,0.07692307692307693,-0.6538461538461537,2.7229179334196014,2.426816325498961,1.833890560884518,1.8409079118427616,-0.2961016079206402,0.007017350958243629
Pedestrian 10-20m,TargetWeighted,3,6,260,8197,0.26822958932473107,6.15329043757702,2.027949729867027,0.3295715921658748,2.6365418991078555,0.4913781864764147,0.1317734953422608,0.04997967029731376,0.24230294115111278,0.06497867908250093,0.24225021864136168,0.26822958932473107,0.15165041517187147,0.08013811636693252,0.05982094992385886,0.7464730289544534,0.08461538461538462,0.023076923076923078,-0.06153846153846154,1.7840948713861184,1.7407720888703015,2.054793301538613,2.018864377106011,-0.04332278251581689,-0.03592892443260176
Pedestrian 10-20m,TargetWeighted,3,7,260,8197,0.26822958932473107,1.8340954239605607,13.499888704684691,7.360515955013814,2.0620549224799425,0.2016042239266337,0.05470893908946014,0.026531271416549564,0.014933769321174914,0.004052547413220505,0.015108501908151847,0.26822958932473107,0.003604539619594422,0.3401422337008136,0.03377690900266106,0.09930230551536832,0.2846153846153846,0.05,-0.23461538461538461,2.5404634218128472,2.2015872804442274,2.498745353876956,2.4877838420358716,-0.3388761413686199,-0.010961511841084626
Pedestrian 10-20m,TargetWeighted,3,8,260,8197,0.26822958932473107,4.925158379008582,6.785733049702001,1.3777695078488523,1.3193330130688323,1.777534424942288,0.47778984292593035,0.3621449888479014,0.2619517168304804,0.07041093994152972,0.2625024983029073,0.26822958932473107,0.26284874513215234,1.6459936381836766,0.19131550471826744,0.11623101032581781,0.8846153846153846,0.11538461538461539,-0.7692307692307692,1.354138230570479,1.442344618749151,2.848900897416752,2.766021821333561,0.0882063881786721,-0.082879076083191
Pedestrian <5m,EdgeWeighted,1,1,4421,161752,0.19227235584191246,9.061064943569773,6.241765854091565,0.6888556572627267,14.78084813523194,1.460097975075793,0.2811933980547167,0.019024172042889507,0.2339238617513087,0.04505029572999563,0.2343045789899744,0.19227235584191246,0.0276170654420032,1.0024959766784824,0.06534284159821058,0.06518015280510758,0.5590657302537217,0.038886690736436025,-0.5201790395172857,1.9527888690868218,1.6453264784981276,0.7853565106836414,0.787714329103347,-0.3074623905886942,0.002357818419705615
Pedestrian <5m,EdgeWeighted,1,2,4421,161752,0.19227235584191246,11.452672098309327,8.862986014037334,0.7738793122005927,11.377655605050675,3.353161030882403,0.6459405371264846,0.05677272708729351,0.3783331059970402,0.07288069002643432,0.3790492185775531,0.19227235584191246,0.07336121467343946,0.4567586640202479,0.15332670741159102,0.3356842817281542,0.22481329442603493,0.10248404965626391,-0.12232924476977101,1.601602221951862,1.3462683205778856,0.7651291851965158,0.7745578022711873,-0.2553339013739764,0.009428617074671464
Pedestrian <5m,EdgeWeighted,1,3,4421,161752,0.19227235584191246,6.827781830914513,13.193179260650519,1.9322789696636564,42.15693191977815,0.764189303005058,0.14662673632776513,0.0034781168746341627,0.057923059129884616,0.011113828844420406,0.057802528177961186,0.19227235584191246,0.0018000076134138683,0.5888989340418689,0.013115750067847723,0.02227164813342785,0.3001570305158514,0.007387853009545477,-0.29276917750630593,1.495637627772796,1.0524199085295634,0.394865100767313,0.3959668009589192,-0.4432177192432327,0.0011017001916061586
Pedestrian <5m,EdgeWeighted,1,4,4421,161752,0.19227235584191246,4.651079663331302,13.280257304650293,2.8553063454916923,4.769672738162043,0.9837797980681489,0.18937972523235433,0.03970497248586506,0.07407836872128065,0.014260245170358073,0.0741668991688745,0.19227235584191246,0.013905678600651504,1.4967459373570198,0.07933646940800168,0.05300596908118937,0.8178013254859291,0.059591226074484395,-0.7582100994114447,1.526009932843823,1.5461184529751353,1.494762369856241,1.4924745656670502,0.020108520131312257,-0.002287804189190723
Pedestrian <5m,EdgeWeighted,1,5,4421,161752,0.19227235584191246,8.737771824507645,6.968902924041413,0.7975606431515496,5.381138388332341,0.3883191484519794,0.07530698343366599,0.013994619327576528,0.05572170428076044,0.010806146124637423,0.056202284074053074,0.19227235584191246,0.0175467775049797,1.102295627486693,0.028231905571347665,0.025611918083716885,0.6346691231020327,0.019016766407834215,-0.6156523566941985,1.68476129024679,1.2414993465684125,1.410337100626513,1.4021201977364428,-0.44326194367837757,-0.008216902890070266
Pedestrian <5m,EdgeWeighted,1,6,4421,161752,0.19227235584191246,24.872525202926038,1.268041096589389,0.050981598600627766,5.561462639416955,0.2396992905805519,0.04624944371152221,0.008316057596174065,0.18903116731386074,0.03647314229103969,0.1896951864680759,0.19227235584191246,0.16311877605352107,0.2934382776984584,0.011141068478090382,0.037967330594360305,0.1795402838913893,0.007183836985014095,-0.1723564469063752,1.4858191580325248,1.5788732626758535,1.0904482961607778,1.0936940112061078,0.09305410464332864,0.00324571504533
Pedestrian <5m,EdgeWeighted,1,7,4421,161752,0.19227235584191246,7.7345654629366365,11.591168423958457,1.4986192132597667,14.37398299370497,1.449752949306786,0.27904876087080366,0.019413461167922443,0.1250739265473417,0.024074256401389098,0.1252091339073817,0.19227235584191246,0.012954232046813513,0.4794153412852872,0.044349826673335264,0.09250814884094914,0.2282259261091053,0.024024432464513575,-0.20420149364459173,1.4824030111763422,1.1236165266046407,0.7045998025229768,0.6871046700918302,-0.3587864845717015,-0.017495132431146643
Pedestrian <5m,EdgeWeighted,1,8,4421,161752,0.19227235584191246,6.752070689591951,7.761891627687339,1.1495572207436178,7.533821714946643,1.3630176244442447,0.26233032970038933,0.0348203527078081,0.17560379454747924,0.033797216187180734,0.17577781413980736,0.19227235584191246,0.03029022981768707,1.2219206437189472,0.0815316538483405,0.06672418016685192,0.7467604728225926,0.07089247737276819,-0.6758679954498245,1.7747293687887027,1.4195620015986106,1.1747597191607604,1.1543396415269518,-0.3551673671900921,-0.020420077633808598
Pedestrian <5m,EdgeWeighted,2,1,4421,161752,0.19227235584191246,5.671790445233542,10.330433055013664,1.8213707182149939,5.853809513423793,1.437068407659322,0.2765558913324842,0.0472437461837213,0.13911018043631468,0.02677098719792328,0.13923471051443012,0.19227235584191246,0.02593856673540691,1.8457201183842789,0.13304271573547718,0.07208173855260558,0.9360378851575251,0.13180671645481973,-0.8042311687027053,1.3693210056334169,1.9099641886724543,1.8684941170260208,1.8472893132262702,0.5406431830390375,-0.021204803799750538
Pedestrian <5m,EdgeWeighted,2,2,4421,161752,0.19227235584191246,4.390982811054919,10.562547139393676,2.4055086457514445,11.165929307095457,2.118742142037085,0.40813736445006316,0.03655202830499648,0.2005900766235829,0.0386400513699474,0.20096518395013402,0.19227235584191246,0.01519513480760192,1.289042046268951,0.1467072769483621,0.11381108648463872,0.8207008259557842,0.10851797813937386,-0.7121828478164103,2.784027251543527,1.8491467189320943,1.2402531359336788,1.2490980340732347,-0.9348805326114327,0.008844898139555912
Pedestrian <5m,EdgeWeighted,2,3,4421,161752,0.19227235584191246,15.028260638093517,0.6548736590514405,0.04357614459757973,10.499088981796211,1.3828889101315411,0.26623657094918485,0.025358064033671593,2.111688063645318,0.4065464585479797,2.114430000212536,0.19227235584191246,0.581925235667307,0.04420769429839142,0.03253438911570644,0.7359438729527121,0.03186977595331124,0.01545575943419556,-0.016414016519115678,1.3634089031140075,1.375941797005681,0.6619200296266881,0.6487510514999217,0.012532893891673558,-0.013168978126766318
Pedestrian <5m,EdgeWeighted,2,4,4421,161752,0.19227235584191246,3.314102119085623,13.910473259618348,4.197358052890276,4.5836187017066585,1.1348610277228226,0.218329556202608,0.047632573722807645,0.08158320753913205,0.015695336310336632,0.0816307441873443,0.19227235584191246,0.011348227387112202,0.4814411271967097,0.08491525414217467,0.17637722990729718,0.2914523468025125,0.0448835253969039,-0.24656882140560857,2.0231593170692292,1.617901646220913,1.3786408130054164,1.41805405212145,-0.4052576708483162,0.03941323911603356
Pedestrian <5m,EdgeWeighted,2,5,4421,161752,0.19227235584191246,17.24209713227277,7.09633899735842,0.41157052641584957,4.0549865285975875,0.14048962699350467,0.0271566573643182,0.006697101730382143,0.019797479636729093,0.003826854570526943,0.019903299955613,0.19227235584191246,0.016272063079888238,0.36433390730461357,0.013829355728319793,0.037957914625767045,0.20338542954646618,0.03138137395519066,-0.17200405559127552,0.8487290266161484,0.8860529854258572,3.1062087345783738,3.103668999145978,0.037323958809708846,-0.00253973543239594
Pedestrian <5m,EdgeWeighted,2,6,4421,161752,0.19227235584191246,0.5849887588863459,5.5589671458317556,9.50269037885029,6.832582163209639,2.5327000406503237,0.48741914967674677,0.0713374734939747,0.4556062249789225,0.08768160271740572,0.4560281054090637,0.19227235584191246,0.00750708173946996,1.145253199285662,0.13156078857033698,0.11487484820269261,0.8949193827587912,0.07518917849547456,-0.8197302042633167,3.524162085512287,2.650212690067153,0.9949161545240661,0.944326083252268,-0.8739493954451341,-0.050590071271798154
Pedestrian <5m,EdgeWeighted,2,7,4421,161752,0.19227235584191246,8.349372595321002,1.5150824114896155,0.18146062981116245,6.305691871702689,0.2837504510352574,0.05437896606621627,0.008623790550884424,0.18728383816655764,0.03589175433291039,0.1866714136259228,0.19227235584191246,0.047524303671908116,0.017608228424496074,0.02121780364503072,1.204992977350484,0.011678371828478164,0.012240961471882882,0.0005625896434047171,1.5637262553171811,1.5610010629973012,1.447324476681742,1.4372930092004172,-0.0027251923198798877,-0.010031467481324663
Pedestrian <5m,EdgeWeighted,2,8,4421,161752,0.19227235584191246,1.609799686558506,9.692586070046945,6.0209888787829575,11.017179900874801,1.1992405625484004,0.23004963813056736,0.020880991323695343,0.12372761537987723,0.023734598406522808,0.12344258782376216,0.19227235584191246,0.00346803352562175,0.548265529742146,0.009328205203126798,0.01701402792434106,0.3130162223651021,0.004123596617043375,-0.30889262574805876,3.0186422584702597,2.362263509645119,0.5422126059431254,0.5461057937385146,-0.6563787488251407,0.0038931877953892746
Pedestrian <5m,EdgeWeighted,3,1,4421,161752,0.19227235584191246,0.7441277912176206,4.556316867740054,6.123030022913437,1.1393961194861968,2.5593664421901736,0.49242617075593814,0.43218171276217565,0.5617182717677061,0.10807548815616681,0.5620957940728059,0.19227235584191246,0.07058298104680968,1.4139655185569229,0.342346134464319,0.2421177373494484,0.9810017805034869,0.3369602848805579,-0.644041495622929,3.3826550675863905,2.760532199583204,2.9662888895981805,3.0238810992706227,-0.6221228680031863,0.05759220967244216
Pedestrian <5m,EdgeWeighted,3,2,4421,161752,0.19227235584191246,2.2977907152915527,12.095762776646305,5.264083732042894,2.3025211371637977,0.9445692348885492,0.18236594075531498,0.07920272132134375,0.07809091923754916,0.015076845005314303,0.07841399849269333,0.19227235584191246,0.01504587031714025,1.1771703706586067,0.11674307156757474,0.09917262062120437,0.5985953805826203,0.1312193975963203,-0.4673759829863,2.411755900027471,1.7458238917791387,2.425023831812669,2.421523260424388,-0.6659320082483324,-0.003500571388280971
Pedestrian <5m,EdgeWeighted,3,3,4421,161752,0.19227235584191246,9.389506543139088,8.99253292105414,0.9577215661080472,5.976146639579318,0.6193192451698986,0.11915821776906904,0.019938971507243216,0.0688703894573672,0.01325079581944893,0.06891679811306746,0.19227235584191246,0.020819173342915023,1.0603219149160024,0.04187057908535922,0.039488553524606375,0.4872706365299965,0.024920866511696917,-0.46234977001829963,2.2112279002142285,1.3331551164965136,1.2337310573577154,1.240866246988095,-0.8780727837177149,0.007135189630379513
Pedestrian <5m,EdgeWeighted,3,4,4421,161752,0.19227235584191246,2.9792862131203957,8.578008011046037,2.879215815008786,2.6990994287532186,0.6828466621554354,0.13174703921514394,0.048811480349164604,0.07960433943172814,0.015358698533727665,0.07987990612418887,0.19227235584191246,0.016953046702921498,0.9507547767717264,0.09110674975991981,0.09582570714081956,0.5240058855531925,0.1855556654631782,-0.3384502200900143,2.7307343571882803,2.106462462386118,2.946907263842193,2.9388990868607765,-0.6242718948021624,-0.008008176981416426
Pedestrian <5m,EdgeWeighted,3,5,4421,161752,0.19227235584191246,4.880766576237217,9.432068006437273,1.932497250131529,3.581920541282708,0.49373214607054655,0.09522769602154779,0.026585652768721005,0.05234611807401294,0.010096162989451984,0.05250969345097211,0.19227235584191246,0.013757149009831736,0.41482655784470385,0.050750884522854936,0.12234241598010243,0.19452000593501162,0.07564048667095306,-0.11887951926405856,1.8784412667422359,1.5037841640932528,1.9677794535963422,1.9660440722791306,-0.3746571026489831,-0.0017353813172116261
Pedestrian <5m,EdgeWeighted,3,6,4421,161752,0.19227235584191246,6.2328222475070465,2.0982073297803105,0.3366384028123296,3.566231355670156,0.48812764948771503,0.0940688475569977,0.026377662555082303,0.23264033074006102,0.0448329608678459,0.23317423006438606,0.19227235584191246,0.07835606856246503,0.09983792911901744,0.05650069086858756,0.5659240501873014,0.09598026608635442,0.0358264503684653,-0.060153815717889116,2.0481935393519275,2.005678196817426,2.156826798292782,2.128725833888246,-0.04251534253450151,-0.028100964404535578
Pedestrian <5m,EdgeWeighted,3,7,4421,161752,0.19227235584191246,1.0565248333270945,13.224659304240296,12.517130465758497,2.2069508630511425,0.16636290404642773,0.03222460774144727,0.014601415978460937,0.012579749700416733,0.002436706078828651,0.012673199646547886,0.19227235584191246,0.0011665146422128463,0.9257851976084319,0.02307975218906922,0.02492992110847269,0.40595479499480686,0.026608635441911072,-0.3793461595528958,3.23268810920195,2.324775986761463,2.8222020012975655,2.815357009085135,-0.9079121224404871,-0.006844992212430512
Pedestrian <5m,EdgeWeighted,3,8,4421,161752,0.19227235584191246,10.888302169075741,7.422829092933582,0.6817251184668786,1.570836066773065,1.7319434358287131,0.33365426441152884,0.21240552680515695,0.23332659445766177,0.044949743525641066,0.23378161145943888,0.19227235584191246,0.31157062859459583,0.6853517006554997,0.22629708506589272,0.3301911727183879,0.3996426628418814,0.15025471091547554,-0.24938795192640584,1.0236768881183584,1.0598647090828914,3.0480967168560227,2.9573530266015675,0.03618782096453299,-0.09074369025445517
Pedestrian <5m,TargetWeighted,1,1,4421,161752,0.19018855882402838,9.515991686135484,6.268931189464532,0.658778547695706,14.542261135347882,1.462525402468846,0.27860243872911356,0.019158123756994928,0.23329740843124414,0.044441776415238166,0.23367217435848017,0.19018855882402838,0.029081280095100158,1.02498476604055,0.0596269016835205,0.05817345103783431,0.5503279800950012,0.035512327527708665,-0.5148156525672924,1.7356246976625795,1.410792312502363,0.7194363382052793,0.7209592213889043,-0.3248323851602166,0.0015228831836250345
Pedestrian <5m,TargetWeighted,1,2,4421,161752,0.19018855882402838,11.234278951779697,8.847677852625955,0.7875608112213314,11.428431672716552,3.3663137778838497,0.6414258801511475,0.05612545080189688,0.3804742702154327,0.0724965228289601,0.381182335390711,0.19018855882402838,0.07126490969276356,0.5082372157630942,0.14384615145898272,0.28302954637571953,0.25537208776294956,0.09319158561411445,-0.16218050214883512,1.4335582648550649,1.1847235101066649,0.7087599350290661,0.7199210191260474,-0.2488347547484,0.011161084096981355
Pedestrian <5m,TargetWeighted,1,3,4421,161752,0.19018855882402838,6.905805358432895,12.940873668598531,1.8739123068472967,41.95882744101085,0.743568035968364,0.14114320530029276,0.003363850085302906,0.05745887444972655,0.010906775601535603,0.05734716691425906,0.19018855882402838,0.001795094709106938,0.5490064194045472,0.01219030114120138,0.02220429577559408,0.2920153811354897,0.006333408731056322,-0.2856819724044334,1.3746142323503105,0.9958849332221225,0.36858916309095757,0.3698764008368119,-0.3787292991281881,0.0012872377458543194
Pedestrian <5m,TargetWeighted,1,4,4421,161752,0.19018855882402838,4.844905575449278,13.230851908699172,2.7308792040107934,4.76589372268556,0.9809010665913748,0.18677580018567408,0.0391900891336968,0.07413740797786925,0.014116687370803667,0.07422468899203456,0.19018855882402838,0.014350722262863842,1.5019630936086392,0.07318892749068193,0.048728845145954054,0.8047952951820855,0.05451255372087763,-0.7502827414612079,1.3940839965618952,1.3422694457680497,1.4004192494836971,1.3981642433090868,-0.05181455079384545,-0.0022550061746102745
Pedestrian <5m,TargetWeighted,1,5,4421,161752,0.19018855882402838,8.793991742585629,6.726541846157955,0.7649019962044201,5.419007784490525,0.4119342945120919,0.07895168483532294,0.01456939864814232,0.06124012952286589,0.011737336438789115,0.06171420559796664,0.19018855882402838,0.01904740545843025,1.0139539159443245,0.02620181236140824,0.02584122581014294,0.5860665007916761,0.016738294503505995,-0.5693282062881702,1.5464490436146723,1.1909724037811542,1.2824868877875968,1.2761306756782935,-0.35547663983351807,-0.006356212109303261
Pedestrian <5m,TargetWeighted,1,6,4421,161752,0.19018855882402838,24.921251097474276,1.3298999320012796,0.05336409180526341,5.563295505903309,0.2466767361311799,0.047078607706816517,0.008462359688108783,0.18548518451694357,0.035400112609953946,0.18613165254273423,0.19018855882402838,0.15857775923952913,0.2830387678542494,0.009760891971843131,0.03448605892747846,0.17507351277991404,0.005881022393123728,-0.1691924903867903,1.3414834243661362,1.4261418330879314,1.0155744867931353,1.0180187036265977,0.0846584087217952,0.0024442168334624093
Pedestrian <5m,TargetWeighted,1,7,4421,161752,0.19018855882402838,7.9118566203407745,11.70277516216874,1.479143987176204,14.22052986546213,1.4481001629271033,0.2757133752063885,0.019388403781081226,0.12373989430908153,0.023559657529957805,0.12387525536172647,0.19018855882402838,0.013107854149491283,0.4739758794503492,0.040562402821122,0.08557904257147045,0.24134811128703912,0.02126215788283194,-0.22008595340420717,1.3745691323075107,1.0666619030541946,0.6652166687426968,0.6504745184415562,-0.30790722925331604,-0.014742150301140566
Pedestrian <5m,TargetWeighted,1,8,4421,161752,0.19018855882402838,6.718846036950774,7.759969704351951,1.1549557245583373,7.568415016956072,1.3606848230570863,0.2590440430786365,0.03422698704497723,0.1753466666938815,0.03338209459755214,0.17552103580125714,0.19018855882402838,0.02963489077619573,1.2249846938201758,0.07438866562607668,0.060726199595874074,0.7174847319610947,0.06310789414159693,-0.6543768378194978,1.6080470596854048,1.2531760127087197,1.1132881900677165,1.0958144845222704,-0.35487104697668514,-0.01747370554544614
Pedestrian <5m,TargetWeighted,2,1,4421,161752,0.19018855882402838,5.612568666106505,10.306459821342148,1.8363178102778857,5.853734439076317,1.43199158504933,0.27259888666639,0.04656837255564342,0.13894116975982532,0.02644932315530997,0.13906894257026645,0.19018855882402838,0.02535964746483609,1.8282040709857659,0.12947098815650587,0.0708186736388288,0.9271657995928523,0.11875141370730603,-0.8084143858855463,1.2941318718737904,1.7339089697925827,1.7027496887539446,1.682133897180464,0.43977709791879227,-0.02061579157348059
Pedestrian <5m,TargetWeighted,2,2,4421,161752,0.19018855882402838,4.379880092175893,10.91941210985496,2.4930847089696075,11.129489102707138,2.1278011761117677,0.40541983279400606,0.03642753307796639,0.19486407809837575,0.037128357126188505,0.19521865775509067,0.19018855882402838,0.014611430089315976,1.2145339772993957,0.13028708552871135,0.10727331379043095,0.7826283646233884,0.09658448314860892,-0.6860438814747795,2.5578547739327897,1.7393908058035283,1.140021584931358,1.1484739911203992,-0.8184639681292614,0.008452406189041195
Pedestrian <5m,TargetWeighted,2,3,4421,161752,0.19018855882402838,14.818409485359402,0.640976472668017,0.04325541637034312,10.35838538028282,1.3821680861132566,0.2632068204555882,0.02541002391188321,2.1563475782451245,0.4106341302258225,2.1590894382604087,0.19018855882402838,0.5874413002967157,0.04226114659291092,0.032496647683612434,0.7689483749023464,0.0325718163311468,0.01696448767247229,-0.015607328658674511,1.2641014651666735,1.2730852620961115,0.6525682473185948,0.6425609962754231,0.00898379692943796,-0.010007251043171683
Pedestrian <5m,TargetWeighted,2,4,4421,161752,0.19018855882402838,3.2428024391751764,13.828194349552756,4.264272821512772,4.655279750441384,1.1263332210238062,0.21435346666512442,0.04604523845948214,0.08145193737790615,0.015501189894474207,0.0815043195830379,0.19018855882402838,0.010797910987123066,0.43030749114737693,0.0772088632670732,0.1794271841908463,0.27188418909748924,0.04252431576566388,-0.22935987333182536,1.8957182836721527,1.552940365178702,1.2837403809933097,1.3152689208751147,-0.34277791849345074,0.03152853988180504
Pedestrian <5m,TargetWeighted,2,5,4421,161752,0.19018855882402838,17.390889693871987,7.032894568950862,0.4044010794562757,4.053950653321445,0.14674973335585714,0.028037345953946673,0.006916055049119758,0.020866192676209382,0.003986601198013289,0.020961308151500338,0.19018855882402838,0.017101969379999728,0.3912054216207675,0.01367228006699823,0.034949105922057,0.21646686270074644,0.02917891879665234,-0.1872879439040941,0.7703448618064044,0.8118207009690533,2.889998616040119,2.8879197317654186,0.041475839162648964,-0.0020788842747005987
Pedestrian <5m,TargetWeighted,2,6,4421,161752,0.19018855882402838,0.5863092360963891,5.518811876553762,9.412800349470304,6.837389966495493,2.5256149876419967,0.4807927448928032,0.07031816914723266,0.45763744797960926,0.08711888623423177,0.45806583840923876,0.19018855882402838,0.007470483433390245,1.2061337016422256,0.11928719383148503,0.09890047237720281,0.8993440398099978,0.06740556435195658,-0.8319384754580412,3.3077728797433474,2.3565573534818394,0.9246433521318886,0.8818753238808034,-0.9512155262615081,-0.04276802825108528
Pedestrian <5m,TargetWeighted,2,7,4421,161752,0.19018855882402838,8.292814040373244,1.5030124968641807,0.1812427588191891,6.349940902753866,0.2753885041346568,0.05220791391692563,0.008221795231521912,0.18322435966232598,0.03473551529245084,0.1826372400151442,0.19018855882402838,0.045363438691030565,0.017932849617759847,0.01850451104029307,1.03187731542643,0.011309658448314861,0.010404885772449673,-0.0009047726758651883,1.4740764086616656,1.470629813418013,1.325032512718266,1.3168445333044716,-0.0034465952436526504,-0.008187979413794455
Pedestrian <5m,TargetWeighted,2,8,4421,161752,0.19018855882402838,1.621104302284482,9.792472876700911,6.040618609484313,10.828178899824174,1.165996716766471,0.22127735414109648,0.020435324904018375,0.11907071178619275,0.022596677744353186,0.11881196585090621,0.19018855882402838,0.003382985450878032,0.496457596871775,0.01063057499039989,0.021412855485051625,0.29812259669757973,0.004523863379325944,-0.2935987333182538,2.807833651106448,2.2276217520088952,0.5383270358941259,0.5424586138509844,-0.5802118990975527,0.004131577956858479
Pedestrian <5m,TargetWeighted,3,1,4421,161752,0.19018855882402838,0.7262087911205678,4.512001184083008,6.213090748997834,1.1475345218160087,2.544125248427547,0.4842067421515278,0.42195396193023993,0.5638573969714119,0.10731529565783617,0.5642573385003462,0.19018855882402838,0.06791369678918077,1.4486901031584452,0.3257998479790626,0.2248927117123422,0.9721782402171455,0.3175752092286813,-0.6546030309884642,3.1835967847414683,2.4608610007264566,2.780425391373053,2.827917654909834,-0.7227357840150117,0.047492263536781376
Pedestrian <5m,TargetWeighted,3,2,4421,161752,0.19018855882402838,2.2808661685424023,12.089452744206213,5.300377925693138,2.320286707326231,0.9682563102275711,0.1848633446777891,0.07967262980792963,0.0800909958385578,0.015291291379046968,0.08040068587505492,0.19018855882402838,0.015031499786346976,1.1042395544017247,0.1125414659143637,0.10191761782719541,0.5666138882605746,0.11558470934177788,-0.4510291789187967,2.246166091780731,1.6616087665926877,2.237480290091458,2.2371615668474654,-0.5845573251880434,-0.00031872324399273566
Pedestrian <5m,TargetWeighted,3,3,4421,161752,0.19018855882402838,9.21250429379639,9.162156240014387,0.9945348124547136,6.007882280834183,0.6160915453418276,0.11725819354547787,0.019517391964281774,0.06724307341308004,0.012798100179233872,0.06729163723333599,0.19018855882402838,0.019624644128708225,0.9832050647232888,0.03898602002042114,0.03965197192599243,0.4560054286360552,0.024202669079393804,-0.4318027595566614,2.0126254865412787,1.2678694307542766,1.1335797310998619,1.1396825329533957,-0.7447560557870021,0.006102801853533846
Pedestrian <5m,TargetWeighted,3,4,4421,161752,0.19018855882402838,3.0307528862187767,8.56525242796594,2.826113748386451,2.7127094471029687,0.6960404135505878,0.13281076580554058,0.048958713753066464,0.08126326907369961,0.015505762003796846,0.08152835945752093,0.19018855882402838,0.017323688265478417,0.9033427506645647,0.08636317197059809,0.09560398968279,0.5148156525672924,0.15743044560054287,-0.3573852069667496,2.5230908517619737,1.9773852142853945,2.743254601083498,2.7368118303196347,-0.5457056374765792,-0.006442770763863237
Pedestrian <5m,TargetWeighted,3,5,4421,161752,0.19018855882402838,4.7756342660543005,9.570457388115534,2.004018070668256,3.569632582852619,0.4989648819184953,0.09516647598106368,0.0266600199055816,0.05213594932429705,0.009943775101052368,0.05228376848585904,0.19018855882402838,0.013303283120425542,0.391542350332495,0.046114280821965795,0.11777596881932742,0.196335670662746,0.06582221216919248,-0.1305134584935535,1.7465222995787197,1.4298184690365001,1.8176994443852936,1.8171618173315887,-0.3167038305422196,-0.0005376270537049699
Pedestrian <5m,TargetWeighted,3,6,4421,161752,0.19018855882402838,6.2309748426386316,2.083298545900576,0.33434552299924003,3.586114446645703,0.49073177178699595,0.09354426389900232,0.02608513058629467,0.2355551826199297,0.044901996228075274,0.23609198231898346,0.19018855882402838,0.078018480917925,0.09540604670356746,0.05157858444239396,0.5406216987109301,0.09002488124858629,0.03347658900701199,-0.0565482922415743,1.8347866582206593,1.7915624962242658,1.97590884941251,1.9532873576238319,-0.04322416199639356,-0.022621491788678227
Pedestrian <5m,TargetWeighted,3,7,4421,161752,0.19018855882402838,1.078403221080508,13.30265996474439,12.33551567850531,2.204979411687605,0.17505795073108507,0.03351678726285325,0.015200498894996858,0.01315962003564996,0.0025195552864228777,0.01324766941568445,0.19018855882402838,0.001232254838698089,0.8495251922337336,0.022514112902584944,0.026501995283231793,0.38769509160823346,0.026238407600090476,-0.36145668400814296,3.0123433390621983,2.2045856602148164,2.595853303634976,2.589351212310985,-0.8077576788473819,-0.006502091323990822
Pedestrian <5m,TargetWeighted,3,8,4421,161752,0.19018855882402838,10.855114552269331,7.264985179441646,0.6692684022602202,1.5788083047077486,1.7410251967825427,0.3317594149656922,0.21013280198432693,0.23964607654160272,0.045665532181379406,0.24010660821382676,0.19018855882402838,0.31397388272767396,0.7351435533200029,0.21038985287006856,0.28618879817150394,0.4157430445600543,0.14725175299705948,-0.2684912915629948,0.9355161725541578,0.9814719489550745,2.840699620379698,2.7631634069854467,0.04595577640091675,-0.07753621339425143
Heterogeneous-20m,EdgeWeighted,1,1,25113,865396,0.21942378505521676,17.866139859400356,6.277686029126254,0.3513733842349547,12.204824761269316,1.326703497323972,0.290423305320183,0.02379577837150534,0.2113363887673214,0.04626279548070628,0.21083764169270935,0.21942378505521676,0.06772219741712628,0.5252927940921085,0.06760284175702214,0.12869554128742297,0.28981067626843665,0.03836278420515001,-0.25144789206328666,1.0891965320900745,0.926786147905647,1.1543627768218145,1.1472578508793478,-0.16241038418442755,-0.0071049259424667
Heterogeneous-20m,EdgeWeighted,1,2,25113,865396,0.21942378505521676,10.30461819794558,9.775432890746925,0.9486458104007565,8.935597053063887,3.090346344396218,0.6768222977769114,0.07574449619876199,0.3161339631475645,0.06923706649607266,0.3155403746373521,0.21942378505521676,0.07984486366762639,0.8650370997377831,0.17587657524186706,0.20331679792925897,0.4552516997998604,0.10756694045269449,-0.3476847593471659,1.6723613740693262,1.346840094213843,1.261474829841162,1.2381152516549978,-0.3255212798554832,-0.023359578186164187
Heterogeneous-20m,EdgeWeighted,1,3,25113,865396,0.21942378505521676,7.503938596935904,15.699222488061856,2.092130987525809,34.51774465999943,1.061719278310828,0.22827439983980846,0.006613247824334528,0.06762878088019342,0.01454049077067288,0.06626669986732227,0.21942378505521676,0.003161010391871002,1.2253614528500616,0.0288528326869956,0.02354638493354194,0.6488301309458329,0.01694137712677202,-0.6318887538190608,1.7383265428799997,1.4199553232320756,0.5886016180188186,0.5881218215528147,-0.31837121964792403,-0.00047979646600393444
Heterogeneous-20m,EdgeWeighted,1,4,25113,865396,0.21942378505521676,8.809451602349887,14.788822962983012,1.6787450131686632,5.8850937882420995,0.8846985516587931,0.19368041112502735,0.032910335461922534,0.059822107092295726,0.013096404729358972,0.059685435328758835,0.21942378505521676,0.019604129875425425,0.8217838288219664,0.058273551659659945,0.07091104607653946,0.44743793592759845,0.0391000189508618,-0.40833791697673666,1.2069835689413668,1.0274383180712394,1.339233906449157,1.339851390794348,-0.1795452508701274,0.0006174843451909329
Heterogeneous-20m,EdgeWeighted,1,5,25113,865396,0.21942378505521676,13.026401049274309,8.846132232979777,0.6790925745896379,8.043885199990145,0.20675119585896687,0.04744249550549145,0.0058979577986232315,0.023371931391037368,0.005363077806477678,0.024441641824343115,0.21942378505521676,0.008685056989964409,0.9123180873194056,0.010863470113797858,0.011907546442098606,0.44777304263019474,0.0063023170895174,-0.44147072554067734,1.3140603274390128,0.8548418066253028,0.922398648898986,0.91985389678737,-0.45921852081370995,-0.0025447521116160887
Heterogeneous-20m,EdgeWeighted,1,6,25113,865396,0.21942378505521676,20.883186380670878,1.1914158361686862,0.05705143908024141,4.774512796614069,0.1895245402312919,0.04181738530014625,0.008758461228173309,0.1590750541389544,0.035098899712154366,0.15995940505596454,0.21942378505521676,0.1535186462285078,0.2175773041208687,0.013713914974730198,0.06303007751585643,0.17356447221849883,0.014744694914235796,-0.15881977730426303,1.5820770352704838,1.5871654686413406,1.6409630265891655,1.6406745429049039,0.0050884333708567375,-0.00028848368426159787
Heterogeneous-20m,EdgeWeighted,1,7,25113,865396,0.21942378505521676,7.489902731694566,12.100656900863394,1.615595998797397,11.110156311816942,1.284826601513883,0.28133927570292566,0.025322710820050436,0.10617825222037547,0.023249917568553873,0.10595896202917812,0.21942378505521676,0.015673912712188445,1.146964095303355,0.05701839115575387,0.04971244600603551,0.6262023397381083,0.03322294071153553,-0.5929793990265728,1.7275120218305071,1.120137323374279,1.0230295483177727,1.0212769589377204,-0.607374698456228,-0.001752589380052294
Heterogeneous-20m,EdgeWeighted,1,8,25113,865396,0.21942378505521676,6.342882717035017,8.290527192460981,1.3070598258303905,8.293986818722642,1.4982167008006952,0.3254705193438332,0.039241745383137884,0.18071428561937058,0.039258120912650726,0.17891460177676557,0.21942378505521676,0.03002291425947393,0.7025474387820045,0.0778945372009099,0.11087441472594403,0.42575537672926617,0.08490679411506409,-0.3408485826142021,1.7135092038884352,1.420246671560863,1.3674290286309578,1.3634394086505852,-0.29326253232757216,-0.003989619980372616
Heterogeneous-20m,EdgeWeighted,2,1,25113,865396,0.21942378505521676,4.933059148211691,11.130475727508804,2.256302908709445,6.41342492341577,1.3963376765175664,0.30493756125171817,0.047546757686818264,0.12545175151966068,0.02739663321165179,0.1248571660368812,0.21942378505521676,0.021072860958764327,0.6478521377116234,0.13449045727785777,0.20759436817939378,0.3566193973625947,0.1366565133187581,-0.21996288404383657,1.572275124254539,1.4333308541628669,1.7520764681448557,1.7340327647606222,-0.1389442700916721,-0.018043703384233556
Heterogeneous-20m,EdgeWeighted,2,2,25113,865396,0.21942378505521676,4.455463292974247,9.63503523113279,2.1625215103221516,10.469573312770764,2.0053024180254155,0.4389526117140133,0.04192650437428187,0.20812611140897624,0.045557966393323296,0.20762546004574797,0.21942378505521676,0.019387785962026435,1.1627697331510196,0.14605932745624692,0.12561328527558432,0.6039385437418245,0.09863114689691194,-0.5053073968449127,2.5867946233538,1.6411962916024954,1.289397422139171,1.2693503948104814,-0.9455983317513046,-0.02004702732868968
Heterogeneous-20m,EdgeWeighted,2,3,25113,865396,0.21942378505521676,16.8527654132161,0.7211449468268699,0.04279089684791032,9.198443555690824,1.41259284305654,0.3078161952432537,0.033463943442711766,1.9588195544930789,0.42684371890733913,1.9452936669877865,0.21942378505521676,0.7820339859038525,0.03959486371952104,0.04196932764849672,1.0599687208449164,0.02865971185445738,0.025413799000688703,-0.0032459128537686774,1.3309737117838294,1.314834498194617,0.8914832613799332,0.8882519074780625,-0.016139213589212442,-0.0032313539018706816
Heterogeneous-20m,EdgeWeighted,2,4,25113,865396,0.21942378505521676,3.977326670350816,15.829563338673749,3.9799505071777306,5.666866443463915,1.1345327230855866,0.24732691415882613,0.043644387279965925,0.07167176365484783,0.01562436743901391,0.07120634949861353,0.21942378505521676,0.010966062791884938,1.2404728948427806,0.07466328195087586,0.06018936944079307,0.664046286324411,0.04472634493341777,-0.6193199413909932,1.928207777008966,1.2398896809869138,1.2713712466453302,1.2809495183144093,-0.6883180960220523,0.009578271669079097
Heterogeneous-20m,EdgeWeighted,2,5,25113,865396,0.21942378505521676,15.064848291123546,8.031718750846585,0.5331430221071375,4.5361309653894795,0.27793699328129207,0.05964057890842584,0.013147896132629858,0.034604921008463706,0.007425630887272179,0.03384150240133966,0.21942378505521676,0.024661104695799022,0.48905303543481116,0.022752141017803824,0.04652284906553474,0.26595107904358234,0.05998525530508576,-0.2059658237384966,0.8810635094673055,0.877501704243366,2.909306009185502,2.9080751692717324,-0.0035618052239394515,-0.0012308399137697101
Heterogeneous-20m,EdgeWeighted,2,6,25113,865396,0.21942378505521676,1.5432160180475283,6.464225511805145,4.188801434355021,6.568893287487559,2.419696123273539,0.5276738123868308,0.08032918004447615,0.37432111783715044,0.08162985814880373,0.3720191701554612,0.21942378505521676,0.01917712766088033,0.7601509281015675,0.12585345177553534,0.16556376565139413,0.6261295406958202,0.07507776786580941,-0.5510517728300107,3.2123779797482577,2.6775650110290328,1.0323852604622563,1.0141856918647656,-0.5348129687192249,-0.018199568597490723
Heterogeneous-20m,EdgeWeighted,2,7,25113,865396,0.21942378505521676,7.4234263667161455,1.9384282588324733,0.2611231203036412,6.310858672541552,0.5049386741424055,0.10757812454568995,0.017046511411085086,0.26048870740341246,0.055497604051392056,0.25292427394862255,0.21942378505521676,0.06528150681735062,0.07336943439849507,0.03325061189625626,0.4531942713871538,0.047941058197634376,0.02279765563973025,-0.025143402557904124,1.8266254338131285,1.811506722657313,1.5152340112519351,1.5126333914614118,-0.015118711155815534,-0.002600619790523284
Heterogeneous-20m,EdgeWeighted,2,8,25113,865396,0.21942378505521676,2.9395787854547395,10.057529510893156,3.4214185809356072,9.913127323052668,1.3643184970761681,0.29492825476882056,0.029751282805120564,0.13565145339538712,0.029324125189605164,0.1336415003770485,0.21942378505521676,0.008695598627990415,1.1425792391444853,0.016478632676349667,0.014422310477534199,0.6314924034777143,0.009722716536706895,-0.6217696869410074,2.956678104294924,2.013159648345328,0.6617056677607215,0.6615753034454924,-0.9435184559495959,-0.000130364315229059
Heterogeneous-20m,EdgeWeighted,3,1,25113,865396,0.21942378505521676,0.7395974324054642,5.154250264257378,6.968994169982135,1.2359629606994154,2.570157319574121,0.5601835360328281,0.45323650409674293,0.4986481414010165,0.10868380583508609,0.49531458430812586,0.21942378505521676,0.06503614329290555,0.6902717146779397,0.27166443676042795,0.3935615889339499,0.4762825342386607,0.1981093048731448,-0.2781732293655159,3.2400218686071103,2.7273838953607457,2.8980092265863204,2.843179096197273,-0.5126379732463646,-0.05483013038904749
Heterogeneous-20m,EdgeWeighted,3,2,25113,865396,0.21942378505521676,2.173889156829724,13.368677141607517,6.149659028433191,2.4139049731946676,0.8047106423940009,0.17746684975325383,0.07351857301292217,0.06019373744074884,0.013274825006295728,0.06049856626969374,0.21942378505521676,0.011954902304901318,1.3645373432763113,0.09786705188504022,0.07172178295453571,0.7162709326135087,0.0968146374607694,-0.6194562951527394,2.3421993243163235,1.657123083941695,2.364393997149722,2.347667736780766,-0.6850762403746284,-0.01672626036895597
Heterogeneous-20m,EdgeWeighted,3,3,25113,865396,0.21942378505521676,10.75167756386343,8.667725048201026,0.8061741982731749,6.321494013792898,1.0103713094365676,0.2168791883808191,0.03430821694436904,0.11656706951965418,0.02502146606226479,0.11403260095819727,0.21942378505521676,0.04255682778274094,0.986385543597435,0.06594971061038402,0.06685997211725132,0.5220985537256932,0.04205589117583164,-0.4800426625498616,1.9814168835581003,1.2950110648802404,1.2163600819363907,1.2073886109871828,-0.6864058186778599,-0.008971470949207916
Heterogeneous-20m,EdgeWeighted,3,4,25113,865396,0.21942378505521676,6.041654812494363,9.070068729019404,1.501255698231818,2.9169062127944523,0.7049001681255675,0.15424143495946263,0.052878434607917,0.07771718036635042,0.017005542008288924,0.077500901868959,0.21942378505521676,0.03522280336252465,1.4475215065978364,0.0948503169453798,0.06552601523209826,0.7775607929780124,0.15453272259173834,-0.6230280703862741,2.2461171708408614,1.461541206637317,2.847980417585523,2.8370894587184243,-0.7845759642035444,-0.010890958867098455
Heterogeneous-20m,EdgeWeighted,3,5,25113,865396,0.21942378505521676,4.581392743522418,9.671813337329274,2.111107660414635,3.6426563923242377,0.3134099315726006,0.07056262588067964,0.019371200049408,0.03240446442849768,0.007295697647035801,0.03324934583872219,0.21942378505521676,0.009175846557178855,1.0140643593304293,0.03299734560455611,0.03253969531179144,0.5748270156090391,0.04804621236982838,-0.5267808032392107,2.121189862633612,1.554016912849012,1.9393397253358902,1.937618040207257,-0.5671729497845999,-0.0017216851286332435
Heterogeneous-20m,EdgeWeighted,3,6,25113,865396,0.21942378505521676,6.493444721105075,2.6144314154726547,0.40262626752622294,3.712943083567273,0.5437701347341437,0.11818403656006182,0.031830284920018666,0.20798791256719892,0.045204488979356465,0.20601452530697964,0.21942378505521676,0.07905665053852717,0.33865449315855506,0.05552519234543417,0.16395822830514012,0.2790156182834217,0.03906650828060217,-0.23994911000281952,1.8653745455420065,1.9628983731911875,2.0216978708672295,2.0168695400286882,0.097523827649181,-0.004828330838541284
Heterogeneous-20m,EdgeWeighted,3,7,25113,865396,0.21942378505521676,1.1597840541753135,13.953485454148957,12.03110638019574,2.1971232499770106,0.15802028829321094,0.034915925223697575,0.01589165517462271,0.01132478968779639,0.0025023084958527347,0.01140399789012419,0.21942378505521676,0.0013208806122413617,0.9266140459490944,0.023093121009985895,0.024922049111733492,0.5033533781066702,0.030047515819347444,-0.4733058622873228,3.076216410709593,2.063360414119651,2.6716790073590326,2.6724145281966774,-1.0128559965899422,0.0007355208376447209
Heterogeneous-20m,EdgeWeighted,3,8,25113,865396,0.21942378505521676,9.928022758660402,9.197270609030795,0.9263949955940513,1.5743381455913503,1.486141294559854,0.32661648540127564,0.20746272599776538,0.16158503496513,0.03551232739911423,0.16184355662145827,0.21942378505521676,0.22394629153330745,0.5639626057360543,0.1839020805425503,0.3260891332354202,0.308417187045006,0.15604070275342155,-0.15237648429158443,1.0462251518641619,1.02303321724063,3.0432840884874315,3.011903822040019,-0.023191934623531862,-0.03138026644741254
Heterogeneous-20m,TargetWeighted,1,1,25113,865396,0.21883448493673882,18.31054613318838,6.268692804037958,0.3423542233539519,11.904108546583855,1.3252853898363912,0.2897340261298529,0.024338993949245234,0.2114133566839612,0.046219209446829106,0.21120623355193732,0.21883448493673882,0.07109301296146593,0.4965628459183751,0.06324915525617174,0.1273739155120548,0.26982041173894,0.03567873213076892,-0.2341416796081711,0.9839734440047505,0.8340217734063229,1.0971920042181955,1.0910101390721347,-0.14995167059842762,-0.006181865146060783
Heterogeneous-20m,TargetWeighted,1,2,25113,865396,0.21883448493673882,10.161109344597207,9.77140149413469,0.9616471148117107,8.842444556322093,3.088355472418845,0.6754602495571415,0.07638840645150811,0.31606064607129614,0.06912624041406198,0.31588365643197686,0.21883448493673882,0.0794349657796407,0.8602022655694539,0.1636389289088483,0.19023308070246536,0.45167841357066063,0.09998805399593835,-0.3516903595747223,1.5232191487889184,1.2187471522239257,1.1984661840070976,1.1773848681559727,-0.3044719965649927,-0.021081315851124938
Heterogeneous-20m,TargetWeighted,1,3,25113,865396,0.21883448493673882,7.706340056420912,15.685415227032374,2.0353910016739265,33.826836073934395,1.0684981632495443,0.22966782752267875,0.006789515488613977,0.06812048945487148,0.014642126080312241,0.06690958884039293,0.21883448493673882,0.003335730309150874,1.2147531629083963,0.028165259899445225,0.023185994099534778,0.6409827579341377,0.016366025564448692,-0.6246167323696891,1.5919799565362283,1.295809668731989,0.5560325775363117,0.5554929092393919,-0.29617028780423915,-0.0005396682969198707
Heterogeneous-20m,TargetWeighted,1,4,25113,865396,0.21883448493673882,9.035828285456416,14.785369066864636,1.636304783956477,5.941020560595967,0.8818032013373639,0.192778426617808,0.032448705458441064,0.05964025630697058,0.013038458872119567,0.0595813693626718,0.21883448493673882,0.01983047753590102,0.8128392658112042,0.05394612015149421,0.06636751170476674,0.4385776291163939,0.035081431927686854,-0.40349619718870705,1.1004888147862828,0.9150744966353703,1.2575379946587233,1.2580713261389795,-0.18541431815091247,0.0005333314802562494
Heterogeneous-20m,TargetWeighted,1,5,25113,865396,0.21883448493673882,13.109887053668293,8.830445812754048,0.6735714632680588,8.076678739668775,0.20849592714710483,0.0476286362868752,0.005897057164596084,0.023611030669579362,0.005393684219674056,0.02464732180926629,0.21883448493673882,0.008754909313460863,0.8790844984313684,0.009745763600022155,0.011086264752193643,0.43101182654402104,0.005495161868355036,-0.425516664675666,1.2160301330491026,0.7921527811418774,0.8645029399859028,0.8627391529579761,-0.4238773519072252,-0.0017637870279266776
Heterogeneous-20m,TargetWeighted,1,6,25113,865396,0.21883448493673882,20.980045391428845,1.2128549311592152,0.05780992881343401,4.768885430704867,0.19153377717746073,0.042211053784369325,0.008851345730404105,0.15791977315473335,0.03480305216386809,0.15903823651718635,0.21883448493673882,0.15311114164935266,0.2015817443174534,0.013299386307024074,0.0659751491500567,0.1566121132481185,0.014175924819814438,-0.14243618842830405,1.442232244948777,1.444987627882314,1.5541376813884205,1.5538137036139812,0.002755382933536943,-0.0003239777744392658
Heterogeneous-20m,TargetWeighted,1,7,25113,865396,0.21883448493673882,7.611617107485144,12.094916059652588,1.5890074176049351,11.017749806579554,1.280126033215429,0.2799202331586547,0.02540629782112402,0.10584000962415929,0.02314362758258438,0.10575858979305248,0.21883448493673882,0.01598878480978418,1.1537899124206494,0.05441133365535441,0.04715878739970229,0.6298729741568112,0.03225421096643173,-0.5976187631903794,1.5950890005938816,1.0304810035529597,0.9644673108610106,0.9633121103664366,-0.5646079970409219,-0.0011552004945739602
Heterogeneous-20m,TargetWeighted,1,8,25113,865396,0.21883448493673882,6.319831973153601,8.277803679360833,1.3098138845188416,8.430738449955037,1.5043348526751525,0.3265469012692425,0.03873289425597767,0.18173115830333358,0.03944849546129508,0.18026634910871314,0.21883448493673882,0.02957129590551958,0.6871518695694616,0.07414660806933067,0.1079042498083358,0.4066419782582726,0.08429896866164935,-0.3223430095966232,1.5780238559492998,1.2955874280389057,1.3006395507839208,1.2963272268762644,-0.28243642791039414,-0.004312323907656346
Heterogeneous-20m,TargetWeighted,2,1,25113,865396,0.21883448493673882,4.904001909401456,11.117228273942462,2.2669706204559037,6.504362464770435,1.3940525362487435,0.30399298183923923,0.046736783661486876,0.12539569222144062,0.02734431407496791,0.12495431345443353,0.21883448493673882,0.020616404568103198,0.6237494162877734,0.12939748430398082,0.20745106744880903,0.34201409628479273,0.12730458328355831,-0.21470951300123442,1.4869298496113985,1.32437625814852,1.6149362246859384,1.598139089681227,-0.16255359146287862,-0.01679713500471136
Heterogeneous-20m,TargetWeighted,2,2,25113,865396,0.21883448493673882,4.4711500216829405,9.633062981257273,2.1544933435461995,10.409231788002948,2.005883669658321,0.4385156385255548,0.042127569741475614,0.20822906187562676,0.045521932008909374,0.20801991030741732,0.21883448493673882,0.019553353307929924,1.143362845679174,0.1357820195893141,0.11875671744527475,0.5904909807669335,0.09063035081431928,-0.49986062995261427,2.4092752857726265,1.502219928580499,1.1967778451841393,1.1778707509455288,-0.9070553571921276,-0.018907094238610478
Heterogeneous-20m,TargetWeighted,2,3,25113,865396,0.21883448493673882,16.907027928829624,0.7232051175441956,0.042775413878819134,9.046662410219453,1.4145131423297421,0.30792931144056546,0.03403789122851958,1.955894791748832,0.42578419277281415,1.9456904767043277,0.21883448493673882,0.7957347500505758,0.03822522452955247,0.042394243459845195,1.1090643126615638,0.027475809341775174,0.02612192888145582,-0.0013538804603193538,1.2216950821530412,1.2067367163689853,0.8617521972853719,0.8583820873497041,-0.01495836578405596,-0.0033701099356677755
Heterogeneous-20m,TargetWeighted,2,4,25113,865396,0.21883448493673882,3.9852071826180624,15.818149091961276,3.9692162357986764,5.764532002068404,1.1324719835033092,0.2465711000303783,0.042773827869142966,0.07159320450221923,0.015587860402694408,0.07123127643656263,0.21883448493673882,0.010776391413397562,1.2545117621274469,0.06952085198533077,0.055416659715703406,0.6690160474654562,0.04161191414805081,-0.6274041333174054,1.7973581242454082,1.1401632276690357,1.1842480769563832,1.1915337134957635,-0.6571948965763725,0.007285636539380302
Heterogeneous-20m,TargetWeighted,2,5,25113,865396,0.21883448493673882,15.107988867453676,8.02367133303781,0.5310879825316719,4.574484709454876,0.2863056853115453,0.061482053252840806,0.013440213930841896,0.03568262869589923,0.007662583700688234,0.03501542891080015,0.21883448493673882,0.025306943707714077,0.5013653358347414,0.022807790433540774,0.04549135799477176,0.2705769919961773,0.0553896388324772,-0.21518735316370008,0.8036058534083844,0.8066579215107638,2.727208562470628,2.726306240464859,0.003052068102379346,-0.0009023220057691184
Heterogeneous-20m,TargetWeighted,2,6,25113,865396,0.21883448493673882,1.563701022824306,6.466501044215579,4.135381961432867,6.571631647739046,2.4189650410493155,0.5269420693681005,0.08018435859038904,0.37407633908485444,0.08148797393678325,0.3723726186785131,0.21883448493673882,0.019389831252421403,0.7566452186906103,0.11793542563964984,0.15586621202084291,0.6165730896348505,0.07131764424799904,-0.5452554453868514,3.019116983321386,2.4842757624911527,0.9689202019471645,0.9541192115342144,-0.5348412208302333,-0.014800990412950132
Heterogeneous-20m,TargetWeighted,2,7,25113,865396,0.21883448493673882,7.427224596125455,1.9591495505925975,0.2637794942914246,6.300175437562715,0.5120137338700655,0.1092133058103203,0.017334962608473156,0.26134489380953296,0.0557452621316393,0.2547370886283457,0.21883448493673882,0.06571762523793898,0.07598671820810714,0.031162218463422243,0.4101008057364615,0.048421136463186396,0.020626767013100785,-0.02779436945008561,1.7265350640259098,1.7098712965734535,1.3978949011573116,1.3955576406966381,-0.016663767452456346,-0.002337260460673507
Heterogeneous-20m,TargetWeighted,2,8,25113,865396,0.21883448493673882,2.9978981065629733,10.047572698077072,3.3515390808532217,9.819305813728183,1.360579523623649,0.2938767372885358,0.02992846363725506,0.13541375247077359,0.02924853054830778,0.1336559419334827,0.21883448493673882,0.00892976713860616,1.150266467281479,0.01811912519917767,0.015752110973450355,0.6387130171624258,0.010592123601322024,-0.6281208935611038,2.7638437433872993,1.847789217294937,0.6487409188962874,0.6485959480243618,-0.9160545260923623,-0.0001449708719255538
Heterogeneous-20m,TargetWeighted,3,1,25113,865396,0.21883448493673882,0.7595857472460228,5.151041566116308,6.781382506159779,1.2427264972960295,2.5675744939488,0.558968218864773,0.44979182111516786,0.4984573422691445,0.10851557119176158,0.4958796428466706,0.21883448493673882,0.06632745167277188,0.6790828736343334,0.2568416456867642,0.3782184058478877,0.45669573527655,0.18560108310436826,-0.27109465217218176,3.053217616568976,2.5279000618106378,2.7327244822012147,2.678124531119186,-0.5253175547583382,-0.05459995108202875
Heterogeneous-20m,TargetWeighted,3,2,25113,865396,0.21883448493673882,2.1451924935106903,13.362012858458083,6.228817617342329,2.4315933355426242,0.8089497856908302,0.17810953583473302,0.07324807668240547,0.060541012320113066,0.013329543803626501,0.06091152954418743,0.21883448493673882,0.011759547487932872,1.3435682878892172,0.09391811497345655,0.06990200283901049,0.7016684585672759,0.08808186994783579,-0.61358658861944,2.196264124054482,1.5291157701235305,2.2063590177979076,2.191006564837457,-0.6671483539309515,-0.015352452960450513
Heterogeneous-20m,TargetWeighted,3,3,25113,865396,0.21883448493673882,10.825659517495938,8.655684550827786,0.7995526303818568,6.3609617210129645,1.0273224677258352,0.22059972529903413,0.03468024720593693,0.11868760471876383,0.025486109590613024,0.11646294428115918,0.21883448493673882,0.04337456404293038,0.9613123998900994,0.06251438569020644,0.06503024932066913,0.5100147334050094,0.03989965356588221,-0.47011507983912715,1.8245441392396917,1.1932649306392284,1.118066071133088,1.1090278261858855,-0.6312792086004633,-0.009038244947202623
Heterogeneous-20m,TargetWeighted,3,4,25113,865396,0.21883448493673882,6.236699089804464,9.051443909706862,1.4513196427883857,2.93701432051352,0.70937754390813,0.15502801142107162,0.0527842202914842,0.07837175484937477,0.017127434340452975,0.07826661123697255,0.21883448493673882,0.03636981018624749,1.4126558793840456,0.09194605172188655,0.0650873665786913,0.7611993788077888,0.1425954684824593,-0.6186039103253295,2.0714098004731114,1.34401997499651,2.669513574103234,2.6591981602274366,-0.7273898254766014,-0.010315413875797486
Heterogeneous-20m,TargetWeighted,3,5,25113,865396,0.21883448493673882,4.576097979860119,9.661409108066021,2.1112767098681267,3.619510073648485,0.3063317960164899,0.06874585311904544,0.01899313761539497,0.031706740939442805,0.00711550999227395,0.0325154861637829,0.21883448493673882,0.008996043690843761,1.0010803444720158,0.030142696445612172,0.03011016679226501,0.5675944729821208,0.04384183490622387,-0.523752638075897,1.9664559257171288,1.4408895792630867,1.7996743088413378,1.7985113199983487,-0.5255663464540421,-0.0011629888429891544
Heterogeneous-20m,TargetWeighted,3,6,25113,865396,0.21883448493673882,6.4944812938065475,2.6315151599523943,0.4051925068149799,3.709558617485828,0.5482539269858809,0.11905474704433866,0.032094046489037055,0.20834154149899853,0.04524190033321846,0.20674025978535557,0.21883448493673882,0.07920690821566165,0.33441875691576334,0.052133179441809216,0.1558919073908942,0.2691434715087803,0.03683351252339426,-0.23230995898538606,1.704356273437537,1.8000803915011891,1.8694526969957346,1.8660686354880034,0.09572411806365211,-0.003384061507731184
Heterogeneous-20m,TargetWeighted,3,7,25113,865396,0.21883448493673882,1.1674441542071978,13.94848865311175,11.947885030188198,2.1877866852233887,0.16112946932356526,0.03552221769118349,0.01623660010765191,0.011551751104740769,0.0025466714386860947,0.01163743147268575,0.21883448493673882,0.0013589518189234399,0.9082258741778725,0.022604311575306832,0.024888424751038987,0.49436546808425913,0.027475809341775174,-0.46688965874248395,2.884718751568634,1.896575268087319,2.4882630626861157,2.4891769313535703,-0.988143483481315,0.000913868667454576
Heterogeneous-20m,TargetWeighted,3,8,25113,865396,0.21883448493673882,9.984786504203953,9.201642208008431,0.9215662442976169,1.5802842245325999,1.4820929500761133,0.3251710612020335,0.20576745252300085,0.16106830878248293,0.03533837259675722,0.16148447075024858,0.21883448493673882,0.2232801511160248,0.5587884306471819,0.1745614488756201,0.3123927343118358,0.30402580336877316,0.15231155178592762,-0.15171425158284554,0.9663170660830249,0.9498019034379944,2.8704210555340435,2.8437435507355837,-0.0165151626450305,-0.02667750479845976
non-heterogeneous,EdgeWeighted,1,1,29859,938184,0.19200061373544755,18.567848032875865,6.798007884539574,0.3661171649424308,7.621715965104124,1.4289901886879055,0.27363198948097955,0.03590162509004297,0.21020719758735884,0.04025179048420516,0.20964406105090058,0.19200061373544755,0.09806047775739621,0.19827383224895737,0.044738599952772934,0.22564045486442977,0.11365361165826746,0.02913927331951941,-0.08451433833874805,0.7781274111733097,0.7454471018452414,1.6298612086739175,1.6233102380728317,-0.03268030932806831,-0.0065509706010857816
non-heterogeneous,EdgeWeighted,1,2,29859,938184,0.19200061373544755,9.823797134194393,11.26070242522875,1.1462678086633262,5.49986035157934,3.3415898577581613,0.6401284560888649,0.11638994701768131,0.2967479051132817,0.05684622782378507,0.29607314141912344,0.19200061373544755,0.10153817905609942,0.6756347845616273,0.10792655783802428,0.15974097057575365,0.39515169732163413,0.07771396655666692,-0.31743773076496723,1.414886383032033,1.3806622527670307,1.6958596032623856,1.687252552241955,-0.03422413026500237,-0.008607051020430578
non-heterogeneous,EdgeWeighted,1,3,29859,938184,0.19200061373544755,7.800839744044294,19.72672624073526,2.528795214708528,27.25375796108888,1.4827650630412788,0.28160657744607814,0.010332761366150306,0.07516528815753261,0.014275383247414508,0.07435071287624655,0.19200061373544755,0.0040860411571448105,1.4198819709836479,0.02384025565221544,0.01679030790692878,0.7294976251993213,0.011667220928943576,-0.7178304042703777,1.4720428641077277,0.9534262983982974,0.7782711720954669,0.7736789065110731,-0.5186165657094303,-0.004592265584393851
non-heterogeneous,EdgeWeighted,1,4,29859,938184,0.19200061373544755,9.92424201205886,17.242918724809197,1.7374544762696165,4.853864603888974,0.9453707141371742,0.18127148004180854,0.037345804727044435,0.054826606137666475,0.010512807189415453,0.054754026236397885,0.19200061373544755,0.02149455138086947,0.3259401184092874,0.033959203486107634,0.1041884705999275,0.2108861374740989,0.026496934503253092,-0.18438920297084582,1.0169368572486188,0.9758806215135226,1.672245197440306,1.6697800558805083,-0.0410562357350962,-0.0024651415597978232
non-heterogeneous,EdgeWeighted,1,5,29859,938184,0.19200061373544755,11.440713525045483,11.67137221563065,1.020161214584965,8.280085246843873,0.06365050180234058,0.013134820928415003,0.001586314696163118,0.0054535576941469105,0.001125387887087568,0.005861376203851344,0.19200061373544755,0.0015549647035530906,0.9647392945939611,0.003718405627874436,0.003854311325523776,0.4509541838274795,0.001919666078295942,-0.4490345177491835,1.5728330279651457,0.8887039312068414,0.8588768042388026,0.8585333472505567,-0.6841290967583042,-0.00034345698824589377
non-heterogeneous,EdgeWeighted,1,6,29859,938184,0.19200061373544755,23.971447166307595,1.3213160944350735,0.055120414079172016,4.32218569054271,0.18166784641640132,0.03469954087051532,0.008028239246212468,0.1374900720627129,0.026261347117502252,0.1367774052322197,0.19200061373544755,0.14564908344466176,0.1099553054877954,0.012808711803865492,0.11649015554220485,0.08808400057984361,0.017007324789167156,-0.07107667579067646,1.5314626403663745,1.5253866688846263,2.1291930823356986,2.12897681212155,-0.00607597148174821,-0.0002162702141483841
non-heterogeneous,EdgeWeighted,1,7,29859,938184,0.19200061373544755,6.458696350494321,12.915598490956306,1.9997221993522856,11.388213035851408,1.3793587569679266,0.26446758237936957,0.023222921920635475,0.10679789688923785,0.020476602951058572,0.10664862724234025,0.19200061373544755,0.011613073961986665,1.396756502592646,0.03639979803034081,0.026060231473541407,0.7813072915334306,0.02409761837763168,-0.7572096731557989,1.8717445691340993,0.9697013436170576,1.0207874861201798,1.022895312143566,-0.9020432255170416,0.0021078260233862167
non-heterogeneous,EdgeWeighted,1,8,29859,938184,0.19200061373544755,5.708356752538476,9.297544980476443,1.6287603188175426,5.55700329384848,1.8472541540822462,0.35219249208947323,0.06337813257112224,0.1986819268930029,0.037880160026138844,0.19729185920944137,0.19200061373544755,0.03891188374973124,0.23225302307401008,0.05236610907616348,0.22547007624859058,0.22183388333205425,0.0872664637214022,-0.13456741961065205,1.8062997764078708,1.7239770827032153,1.9400233146411925,1.9371988511189036,-0.0823226937046555,-0.0028244635222889336
non-heterogeneous,EdgeWeighted,2,1,29859,938184,0.19200061373544755,5.680156747066303,12.73415771319823,2.241867303636738,7.230499853041887,1.5557976363903252,0.2976008061443311,0.041159091595519344,0.1221751505053277,0.02337027800450296,0.12171980251847635,0.19200061373544755,0.018359289751520316,0.21880897009956332,0.06265645619505188,0.2863523067770879,0.18721274291610174,0.05836808131453958,-0.12884466160156216,1.2428002960269573,1.1960057866554863,1.4845678656878745,1.4821370597832784,-0.046794509371471005,-0.0024308059045961006
non-heterogeneous,EdgeWeighted,2,2,29859,938184,0.19200061373544755,4.424756077043594,8.24163980137947,1.8626201397885713,9.45390741151907,2.198452813263869,0.42077883414954453,0.04450845723237821,0.2667494410794805,0.05105523218432368,0.2659118037797174,0.19200061373544755,0.023895616740445134,1.184542648748243,0.08863263807036456,0.07482435302416754,0.530902253715689,0.0664677717803757,-0.4644344819353133,2.7571747421704607,1.421621486516037,1.4547922408675205,1.4348786081897973,-1.3355532556544236,-0.01991363267772317
non-heterogeneous,EdgeWeighted,2,3,29859,938184,0.19200061373544755,21.501118961837406,0.9712356489080349,0.045171400157367564,8.23412797258812,1.6660895087713574,0.31835808901617135,0.03866324274888259,1.7154328030382966,0.3277866562005177,1.7072166216093447,0.19200061373544755,0.8559228639129948,0.024327756105095473,0.020612022252686442,0.8472632531751131,0.021796364039463473,0.014906457581881593,-0.00688990645758188,1.4035677751797329,1.3949780984345614,1.0870578556475248,1.087892452369701,-0.008589676745171415,0.0008345967221761175
non-heterogeneous,EdgeWeighted,2,4,29859,938184,0.19200061373544755,4.420754980625327,18.593609743423308,4.205980603506188,7.4379828915031965,1.3062467220869816,0.24966586244866698,0.03356633992775248,0.07025245444050937,0.01342750900764175,0.06993471555667002,0.19200061373544755,0.007980621646225544,1.5328538411412578,0.02455674921501826,0.016020280861567454,0.8228812258576143,0.01715015391437074,-0.8057310719432436,2.029146438006484,1.0139863902556427,0.9445344777664068,0.9400673838686716,-1.0151600477508411,-0.0044670938977351415
non-heterogeneous,EdgeWeighted,2,5,29859,938184,0.19200061373544755,17.131359779337924,9.545508289705468,0.5571950158706213,5.632484450779818,0.41334219265602923,0.0783313028831191,0.013907060628139598,0.04330227156879462,0.008206090280759176,0.042739914699788294,0.19200061373544755,0.02495905380061445,0.38961469880026817,0.015412980826141428,0.03955954556644505,0.2004084486625225,0.027924159866294884,-0.17248428879622762,0.6471852748932152,0.551110849123424,2.658910518300586,2.6568951256773916,-0.0960744257697912,-0.0020153926231945007
non-heterogeneous,EdgeWeighted,2,6,29859,938184,0.19200061373544755,1.8276817842680522,7.740362308341793,4.235071078902793,6.450752261609806,2.775881298738206,0.530570877397107,0.08224945790155126,0.3586242070555787,0.06854600024857369,0.3570092581731472,0.19200061373544755,0.01942103359659546,0.3333717886257575,0.056713646499205385,0.17012130820001367,0.5007141456260179,0.03543761138539988,-0.46527653424061804,3.308796662984399,3.1183886677371855,0.9291936038627728,0.9378445903413325,-0.19040799524721352,0.008650986478559664
non-heterogeneous,EdgeWeighted,2,7,29859,938184,0.19200061373544755,8.329705951479612,2.698056678053694,0.32390779344802173,7.475035378221128,0.8042860594271353,0.15217408208654948,0.020357640356638246,0.29809828050993464,0.056401365753483784,0.29375615899663793,0.19200061373544755,0.06285010777736662,0.09048983953626331,0.019600671096586534,0.2166062955904427,0.0638030492952342,0.013856556922735838,-0.04994649237249836,1.6996452717512718,1.6810986336619185,1.5742638616968805,1.5755199060701552,-0.018546638089353307,0.0012560443732747562
non-heterogeneous,EdgeWeighted,2,8,29859,938184,0.19200061373544755,2.716182673050817,10.56278165047313,3.888833294014308,8.448389230049768,1.753769772210338,0.33412098052855455,0.039548483271183446,0.1660329474359108,0.031631912053892486,0.16474900674008872,0.19200061373544755,0.01016975534290938,1.3878498056145057,0.013510534358195114,0.009734867711325798,0.78140961687686,0.007556087078867259,-0.7738535297979927,2.982661369078196,1.5279079653984124,0.7096036924345762,0.7089799075479918,-1.4547534036797833,-0.0006237848865844331
non-heterogeneous,EdgeWeighted,3,1,29859,938184,0.19200061373544755,0.7549723491955059,6.194168240371423,8.204496714253077,1.2729924396849424,2.973567610359408,0.5684805571670463,0.44657025052092153,0.4800592250914565,0.09177673808472321,0.4780022913424484,0.19200061373544755,0.054429938304543166,0.2542633615587591,0.10477747783327754,0.41208246862668513,0.2787864640624867,0.06867629377606099,-0.2101101702864257,3.224552868127379,3.076436346282605,3.004941707829542,2.9537855257884646,-0.14811652184477397,-0.051156182041077525
non-heterogeneous,EdgeWeighted,3,2,29859,938184,0.19200061373544755,2.0772648629786508,15.329330656624945,7.379574389395884,2.705039230675024,0.7940956102644425,0.15262546115446338,0.056422642178150705,0.05180236681783826,0.00995643348517231,0.051856255940558864,0.19200061373544755,0.007645785396888152,1.3845700856203884,0.043564119359262,0.031464004240061315,0.712355998396903,0.045872664637214025,-0.6664833337596889,2.4789339969102735,1.3329637363338829,2.2249570479976692,2.2202128404939168,-1.1459702605763906,-0.0047442075037524845
non-heterogeneous,EdgeWeighted,3,3,29859,938184,0.19200061373544755,12.776847806508005,8.421769253731973,0.6591429572207034,6.632464559338525,1.4894275317723746,0.2825049473669426,0.04259426407989355,0.17685446907059507,0.033544607851409475,0.17471093165629337,0.19200061373544755,0.06462067593544019,0.9092761490856668,0.05032938062220573,0.05535103952666594,0.49245563770006734,0.03509013157333743,-0.4573655061267299,1.7719545554822673,1.1366979397991768,1.1706185050870626,1.1598743880512339,-0.6352566156830906,-0.01074411703582867
non-heterogeneous,EdgeWeighted,3,4,29859,938184,0.19200061373544755,5.483466814565178,10.198333845461462,1.859833235385747,3.3621391502770503,0.7976973595666674,0.15244241131524228,0.04534089876954426,0.07821840026736138,0.014947776124587796,0.07785274773473617,0.19200061373544755,0.024379012947550644,1.3122708291417977,0.047385510713142905,0.03610955094005762,0.7476177380982835,0.08238682390661108,-0.6652309141916724,2.4906573173367694,1.2881728418261065,2.598808842406875,2.5932715379554874,-1.202484475510663,-0.005537304451387559
non-heterogeneous,EdgeWeighted,3,5,29859,938184,0.19200061373544755,5.711664043533479,9.82414788389932,1.7200150064536242,4.145899724247725,0.17133573212899458,0.033815050748009313,0.008156263517102415,0.017440263927153626,0.0034420339670383077,0.017927202006286152,0.19200061373544755,0.004741972272962611,1.2449470211485751,0.013540725419671813,0.010876547419996883,0.6586735651002362,0.023647813222139793,-0.6350257518780964,1.8243581752345006,1.0778911544040446,2.0090411841715947,2.0068981606967546,-0.746467020830456,-0.002143023474840078
non-heterogeneous,EdgeWeighted,3,6,29859,938184,0.19200061373544755,5.411487161743957,3.447555446217261,0.63708096070497,4.327543593453801,0.6633211691119157,0.12631774499627257,0.029189248352219657,0.19240333550420313,0.03663980075171042,0.19083167564182194,0.19200061373544755,0.045817171905040456,0.34548960414755037,0.024716664826742604,0.07154097783149772,0.346998030237139,0.01725034747981206,-0.3297476827573269,1.9659744898298344,2.070011837102764,1.7707176320442575,1.7747907275311354,0.10403734727292968,0.004073095486877953
non-heterogeneous,EdgeWeighted,3,7,29859,938184,0.19200061373544755,0.9024456477062478,15.319803809675157,16.975874036131554,2.336732966098682,0.15932870522852668,0.030607605378206316,0.013098460838819324,0.010400179212732575,0.001997911052809769,0.010405752929025045,0.19200061373544755,0.0007715927205411958,1.2145437495935545,0.01372681791389742,0.01130203650998222,0.6933106938510996,0.01566323876766178,-0.6776474550834378,3.233586926299751,1.6666640970525985,2.4351907413696647,2.4393185526019434,-1.5669228292471524,0.0041278112322786775
non-heterogeneous,EdgeWeighted,3,8,29859,938184,0.19200061373544755,10.965699703571767,11.868869233042783,1.082363145358905,1.8053798937242862,1.4977136253380374,0.28734640032076414,0.1591611824901797,0.12618840048439808,0.024210090652839484,0.12609381251905677,0.19200061373544755,0.1470497048076279,0.2487167593876607,0.07542356195834024,0.3032508107275301,0.13142837652315537,0.0887597742020755,-0.04266860232107987,0.6957974754349378,0.6288293338859815,2.976696863691267,2.9779384882341775,-0.06696814154895625,0.0012416245429105466
non-heterogeneous,TargetWeighted,1,1,29859,938184,0.19721642095052755,18.903862988827886,6.758093680882251,0.3574980246789389,7.982764889408868,1.4223187111196929,0.27981666220784857,0.03505259966112359,0.21046152601267254,0.04140467341927591,0.20994535404437178,0.19721642095052755,0.09804976884027784,0.20587728325230759,0.04245927257541606,0.2062358208847306,0.11571050604507853,0.026826082588164372,-0.08888442345691416,0.739732131059159,0.7132511019482318,1.4240731697410036,1.418607673102459,-0.0264810291109272,-0.005465496638544565
non-heterogeneous,TargetWeighted,1,2,29859,938184,0.19721642095052755,9.839253652891163,11.16445341350123,1.1346849868916449,5.63008503668152,3.3277511738591024,0.654800849578057,0.11630390023397766,0.2980666448797367,0.05865050663382212,0.2973915832019839,0.19721642095052755,0.10249884377830012,0.6519663768792194,0.10382974425060049,0.15925628428116423,0.37509628587695504,0.0721725442915034,-0.30292374158545166,1.276160494854874,1.2191939293802045,1.5090556617635709,1.5007598583612785,-0.056966565474669384,-0.008295803402292412
non-heterogeneous,TargetWeighted,1,3,29859,938184,0.19721642095052755,8.247784591345265,19.489889950150513,2.363045459137183,27.242889829940776,1.4613464515396306,0.2851329434534023,0.010466325163322767,0.07497971792183197,0.014629787240276462,0.07418138118495003,0.19721642095052755,0.004429167910655705,1.3470871350167435,0.023604479467984763,0.017522607616964066,0.6939951103519877,0.011587795974413074,-0.6824073143775746,1.3362532707840646,0.8873685098302437,0.684631759799407,0.6810649810603948,-0.4488847609538209,-0.003566778739012233
non-heterogeneous,TargetWeighted,1,4,29859,938184,0.19721642095052755,10.056468949663616,17.0841945910539,1.6988263633665466,5.219220239466706,0.942163147431548,0.18557201628635256,0.03555550588333844,0.0551482331729836,0.010862204547523993,0.05507758402873043,0.19721642095052755,0.020929452497772602,0.3521317976092784,0.03201854759585127,0.09092773474010818,0.2189624568806725,0.023410027127499247,-0.19555242975317327,0.9317639733022907,0.8739375223888297,1.4570778539209286,1.4546288766455004,-0.05782645091346095,-0.0024489772754281436
non-heterogeneous,TargetWeighted,1,5,29859,938184,0.19721642095052755,12.238452744559579,11.51054754178937,0.9405231014599439,8.412846658083014,0.07046160847884188,0.014805354311413055,0.0017598507253890868,0.006121481898390514,0.0012862424002680472,0.006521983964869062,0.19721642095052755,0.0018711403302544335,0.901611091336543,0.003651761488106718,0.004050262338932349,0.428614488094042,0.0021434073478683144,-0.4264710807461737,1.3520082929920947,0.7862641005121095,0.7922289170025173,0.7919870771784443,-0.5657441924799852,-0.00024183982407299798
non-heterogeneous,TargetWeighted,1,6,29859,938184,0.19721642095052755,23.768246334941434,1.3125145710641588,0.05522134666630547,4.346428974347548,0.18082245170123437,0.035610207560593035,0.008192980418829635,0.13776795649357845,0.027131285301014364,0.13757112006463776,0.19721642095052755,0.14836615602073325,0.10607430398099855,0.012628783070336873,0.11905599571069683,0.08285609029103452,0.01580762919052882,-0.0670484611005057,1.314507981890098,1.3081716146213465,1.8626978202116027,1.862478359494472,-0.0063363672687515304,-0.0002194607171306373
non-heterogeneous,TargetWeighted,1,7,29859,938184,0.19721642095052755,6.843177875807789,12.845627661428496,1.8771436130674486,11.148103972262712,1.3748949955392913,0.27068354221131286,0.02428067971396627,0.1070321381490264,0.021072037049102134,0.10684726900056381,0.19721642095052755,0.012934907811842925,1.3262370403232544,0.035656452401972696,0.026885429262650945,0.7359590073344721,0.023543990086741014,-0.712415017247731,1.6350766554411866,0.8808995942197949,0.9255018549174034,0.9267250532502241,-0.7541770612213917,0.0012231983328206963
non-heterogeneous,TargetWeighted,1,8,29859,938184,0.19721642095052755,5.874793571575895,9.227493649882316,1.5706924033588034,6.513185628665643,1.8290014535004386,0.3582495671494753,0.05500373964818696,0.19821216041060546,0.038824146659348045,0.19686060878511297,0.19721642095052755,0.0350187848240546,0.24513610160721794,0.04975583881428619,0.20297229358851082,0.20794400348303693,0.07870323855453967,-0.12924076492849726,1.583185500995918,1.491106761741811,1.681014626777471,1.6777263338549053,-0.09207873925410692,-0.0032882929225657165
non-heterogeneous,TargetWeighted,2,1,29859,938184,0.19721642095052755,5.374866919929749,12.627318725543958,2.349326762906296,7.225774042473515,1.5467383966460662,0.30382702425089336,0.04204767849707227,0.12249143535850059,0.024061087758533176,0.12200346412601386,0.19721642095052755,0.017897756490067192,0.24428804439500512,0.06485368986946417,0.2654803978445792,0.20188217957734686,0.06075220201614254,-0.14112997756120432,1.254412552563925,1.1871988451170348,1.3599697836760687,1.357760340357926,-0.06721370744689015,-0.0022094433181427675
non-heterogeneous,TargetWeighted,2,2,29859,938184,0.19721642095052755,4.443123527549011,8.287147092203954,1.8651624295766143,9.568763431590979,2.1859723177230945,0.4298983250513352,0.04492726021240805,0.2637786310251134,0.05187531001314124,0.26303746479498125,0.19721642095052755,0.02408758575612663,1.1247687371004922,0.08444373494611188,0.07507653032127437,0.5121738839210959,0.06098663719481563,-0.45118724672628024,2.443686164651978,1.2778525104827294,1.2832341337631386,1.2647805636561942,-1.1658336541692484,-0.018453570106944372
non-heterogeneous,TargetWeighted,2,3,29859,938184,0.19721642095052755,20.91884914683355,0.9570900023910562,0.045752517034542695,8.212855462288466,1.653986917941541,0.32460875956533797,0.03952446998009664,1.7281414459748228,0.33916220560528265,1.7197461893545916,0.19721642095052755,0.8638751243238667,0.025024425135471404,0.022430227671507867,0.8963330261035013,0.020998693861147392,0.015472721792424395,-0.005525972068722997,1.2058354294191111,1.1974792983092004,0.9728349708618291,0.9726575852735243,-0.008356131109910736,-0.00017738558830482365
non-heterogeneous,TargetWeighted,2,4,29859,938184,0.19721642095052755,4.441846645098363,18.418479684304465,4.146581616716482,7.227569258625737,1.2969351456959688,0.2546007980825948,0.035226338014883535,0.07041488587665676,0.013823116908032578,0.07009110164609031,0.19721642095052755,0.008495271813273796,1.4697114019674375,0.028537779247723646,0.019417267237192767,0.7882715429183831,0.021601527177735357,-0.7666700157406477,1.8198445783944635,0.940982116650754,0.8977062107601884,0.8939237761619081,-0.8788624617437094,-0.0037824345982803154
non-heterogeneous,TargetWeighted,2,5,29859,938184,0.19721642095052755,16.768825669321185,9.451231457287905,0.5636191608183322,5.488855336859753,0.4067986504009222,0.07925474661358382,0.01443921211349221,0.04304186727506482,0.008385652905433126,0.042520052031246314,0.19721642095052755,0.025618738433839237,0.3817262972527693,0.01608395910901639,0.04213479344604355,0.19769583710104155,0.027696841823235875,-0.16999899527780568,0.6241799006741671,0.5438480162357548,2.430725426471231,2.428893034724623,-0.08033188443841222,-0.0018323917466078754
non-heterogeneous,TargetWeighted,2,6,29859,938184,0.19721642095052755,1.8436915314229179,7.661577514405371,4.155563629961846,6.461685121142687,2.75761676735022,0.5413529752087614,0.08377891590533572,0.35992806423560186,0.07065816060521775,0.3582772503521403,0.19721642095052755,0.020160662466982438,0.35301639050651706,0.061410406104252364,0.1739590739017766,0.48424260691918686,0.03827991560333568,-0.4459626913158512,2.98952590223824,2.788618691450275,0.8688976050660305,0.8745658736903088,-0.20090721078796525,0.005668268624278272
non-heterogeneous,TargetWeighted,2,7,29859,938184,0.19721642095052755,8.232340834144615,2.657167057121434,0.3227717495457427,7.179673518954963,0.7897042786733415,0.15350853569614384,0.02138099108226273,0.2971978271313008,0.057771503190592724,0.2929345334572296,0.19721642095052755,0.06624182708039131,0.0897881558804312,0.02026163983661439,0.22566047137655473,0.06286211862420041,0.013630731102850062,-0.049231387521350346,1.5767949178299085,1.5575561701059755,1.4031346243714,1.4039219351203767,-0.01923874772393308,0.000787310748976644
non-heterogeneous,TargetWeighted,2,8,29859,938184,0.19721642095052755,2.997191293360617,10.512701509767417,3.5075176876364194,8.685052219229611,1.7344127365478876,0.33931188611089846,0.03906849114492848,0.16498259113384012,0.032276374010322455,0.16365965987093184,0.19721642095052755,0.011138501502431543,1.313595040568762,0.01481932736346554,0.01128150365445504,0.737164673967648,0.008238721993368834,-0.7289259519742791,2.6627273833719696,1.3858003308534999,0.666353566873122,0.665713405827173,-1.2769270525184697,-0.0006401610459489948
non-heterogeneous,TargetWeighted,3,1,29859,938184,0.19721642095052755,0.8250258831448457,6.130725087076295,7.430948698721572,1.2662845053440526,2.9530155632571056,0.5798391003816021,0.45790586029874847,0.4816747638326469,0.09457920412352593,0.47957061015494934,0.19721642095052755,0.06162145349776302,0.263150019967346,0.11464466173816575,0.43566273487558366,0.27174386282192975,0.07766502562041595,-0.1940788372015138,2.92578738803912,2.7649921169984144,2.7280169187547685,2.677591544919081,-0.16079527104070568,-0.05042537383568746
non-heterogeneous,TargetWeighted,3,2,29859,938184,0.19721642095052755,2.00746835205303,15.199841254568486,7.571646727734064,2.6832496690392653,0.7945011825374302,0.15690426497698928,0.05847546212440755,0.05227036050629345,0.010322756813437268,0.05234227576112443,0.19721642095052755,0.0077229517104897664,1.3250869083936447,0.04676013211449088,0.03528835087374986,0.6848521383837369,0.04598278575973743,-0.6388693526239995,2.2633026743674964,1.2394518462009625,2.0245873259936404,2.0186188859750933,-1.023850828166534,-0.005968440018547128
non-heterogeneous,TargetWeighted,3,3,29859,938184,0.19721642095052755,12.667752314091207,8.413696849742655,0.6641822980499628,6.581925375719438,1.4657543930762347,0.2857323168379592,0.043411661496178935,0.17421050669052351,0.033960376942639064,0.17219851702497418,0.19721642095052755,0.06536106272332884,0.8683022373812751,0.04756346969566346,0.054777549913190705,0.46769818145282827,0.0330888509327171,-0.4346093305201112,1.584214446127487,1.0114177851109314,1.052982239896006,1.043411268424543,-0.5727966610165556,-0.00957097147146313
non-heterogeneous,TargetWeighted,3,4,29859,938184,0.19721642095052755,6.346964718171447,10.118293888147788,1.5941941260894412,3.3234792123224643,0.7926994629326987,0.15563957984509008,0.046830315291193046,0.07834319411079835,0.015381998330131604,0.07799552124533798,0.19721642095052755,0.02937554105302873,1.2425339336210048,0.05010149611965918,0.04032203416001087,0.7005258046150239,0.08396128470477913,-0.6165645199102447,2.181102647941037,1.1594190416890167,2.3672969762791634,2.361596049898189,-1.0216836062520203,-0.005700926380974192
non-heterogeneous,TargetWeighted,3,5,29859,938184,0.19721642095052755,5.5226445092161995,9.793404870958065,1.7733179886703976,4.00991346380198,0.17685270669194741,0.035833284333206226,0.0089361739517115,0.018058347310424515,0.0036589199332378404,0.018552814872487444,0.19721642095052755,0.005039239413580466,1.1532591812826336,0.014036475401699678,0.012171136816250795,0.6128135570514752,0.023477008607120133,-0.5893365484443551,1.642006598562022,1.0141403875734436,1.7929841228277403,1.7909763444604736,-0.6278662109885784,-0.0020077783672667326
non-heterogeneous,TargetWeighted,3,6,29859,938184,0.19721642095052755,5.745505888955527,3.4015421088385143,0.5920352652421572,4.2024022212531005,0.6564893935825228,0.12846840439471446,0.030570230388538247,0.19299757893537026,0.0377676947415195,0.191503793875033,0.19721642095052755,0.051635825882223416,0.3248239366983839,0.026402467162642215,0.0812823913723279,0.31280350982953214,0.018821795773468635,-0.2939817140560635,1.729672138857382,1.8227955730533996,1.6176547995371247,1.6210691316035089,0.09312343419601765,0.003414332066384196
non-heterogeneous,TargetWeighted,3,7,29859,938184,0.19721642095052755,0.9419340078101208,15.21800370294254,16.15612496756673,2.303560567768082,0.15940727806657384,0.031467797294426926,0.013660503482359492,0.010474913863439385,0.00206780060565134,0.010484930670761684,0.19721642095052755,0.000845530936491734,1.1299563977736193,0.013889562316213138,0.012292122262999581,0.6406778525737633,0.015238286613751298,-0.625439565960012,2.9280715272201956,1.5290726670957724,2.2258318731334414,2.2295210243479042,-1.3989988601244232,0.0036891512144627825
non-heterogeneous,TargetWeighted,3,8,29859,938184,0.19721642095052755,10.82283051179742,11.71498557130405,1.0824326914950584,1.7428097603896822,1.4945239656321125,0.2945151107772918,0.16898867322245958,0.12757369228155294,0.025140031862037334,0.12747432727014416,0.19721642095052755,0.15611933470695413,0.2746475730079896,0.08226576514945798,0.2995320921759754,0.1446465052413008,0.09199906225928531,-0.052647442982015485,0.6720752159482186,0.6111832485440621,2.7186648753837,2.7174318233415313,-0.06089196740415648,-0.0012330520421688362
Vehicle hetero-20m,EdgeWeighted,1,1,14813,497012,0.2134317175295853,16.93093457655083,6.413826664433119,0.3788229546127934,7.611095058921821,1.25281084644529,0.2642129572487069,0.034714184339591364,0.1953297009785533,0.04119427771597198,0.19300915657097767,0.2134317175295853,0.09163695863864484,0.20200962020356727,0.07660283123719228,0.37920385854871763,0.10188486394694696,0.044061310390895995,-0.05782355355605096,0.7828315097796071,0.6852889616373661,1.5174317830975428,1.5074226257188628,-0.09754254814224106,-0.010009157378680023
Vehicle hetero-20m,EdgeWeighted,1,2,14813,497012,0.2134317175295853,10.376726742526,10.646833532711481,1.0260300561658067,4.619531684548821,2.9554744033322526,0.6239676792216852,0.13507163073650622,0.2775918672416444,0.058605939194835595,0.27458869341116027,0.2134317175295853,0.1316449051451857,1.1510379761995135,0.20043624023193105,0.1741352089462569,0.624586529097889,0.12363886586239367,-0.5009476632354953,1.484380467003973,1.202196073861632,1.7120013022043248,1.662958124300087,-0.2821843931423411,-0.049043177904237734
Vehicle hetero-20m,EdgeWeighted,1,3,14813,497012,0.2134317175295853,8.611586256878411,17.981055232168885,2.088007328141971,25.955815129708384,1.3009510545696201,0.2735088708090488,0.010537479533463871,0.07235120725944105,0.015210946583803387,0.07126844148180775,0.2134317175295853,0.005046667864127684,1.6360659415850243,0.03987915536212607,0.02437502921168371,0.8519955252589475,0.0226674607454146,-0.8293280645135329,1.4274023239120681,1.2719581453138997,0.7416951947325447,0.740680522618596,-0.1554441785981684,-0.001014672113948789
Vehicle hetero-20m,EdgeWeighted,1,4,14813,497012,0.2134317175295853,10.217996397609694,16.19921659641871,1.5853613516985186,5.290389375097189,0.8309105694054184,0.1753201104971628,0.03313935851130966,0.05129325630945522,0.010822752405674646,0.050708264094308224,0.2134317175295853,0.020903346903702096,0.4523061560354439,0.05433619648678265,0.1201314520273967,0.27813412955824,0.0389487577764722,-0.23918537178176782,0.9824064193321675,0.8979543369105034,1.5183780198348846,1.5159279820081877,-0.08445208242166413,-0.002450037826696949
Vehicle hetero-20m,EdgeWeighted,1,5,14813,497012,0.2134317175295853,12.726563709214151,10.518391408362385,0.8264910812085167,8.369539421028705,0.0625581911469914,0.013748889873726801,0.0016427295655905543,0.005947505531861175,0.0013071285643282682,0.0061243404598647485,0.2134317175295853,0.001987595006243216,1.0740061295547823,0.003907809447011126,0.003638535482330731,0.49533411668128735,0.0026377632733213686,-0.49269635340796597,1.3833197692605148,0.8080523476786784,0.8929686210884605,0.8930205216357786,-0.5752674215818364,5.1900547318073365e-05
Vehicle hetero-20m,EdgeWeighted,1,6,14813,497012,0.2134317175295853,24.01413712025454,1.1156380378438018,0.046457552557166416,4.063034499823641,0.14981963135571041,0.03149686867791449,0.007752055416157821,0.1342905359361555,0.028232157139843537,0.13227722732052608,0.2134317175295853,0.16686315401542756,0.1456795961499443,0.016121739278395008,0.11066572531642702,0.09921893233966182,0.02057696796053214,-0.07864196437912968,1.334823852020104,1.3496527328148182,2.0107052430081715,2.0088285381609468,0.014828880794714339,-0.0018767048472247971
Vehicle hetero-20m,EdgeWeighted,1,7,14813,497012,0.2134317175295853,6.759521888880489,12.655779692227387,1.8722891768903709,10.88878171593953,1.1961810021922639,0.25217712386265906,0.023159351542690616,0.09451657901264975,0.019925846514085296,0.09335934607624459,0.2134317175295853,0.012369537625304183,1.6136208712495312,0.06764260226672233,0.041919761359522245,0.8854434098170668,0.04392248074493171,-0.841520929072135,1.7597935515165635,0.9872928130309909,1.143083937967022,1.15638573725583,-0.7725007384855725,0.013301799288808036
Vehicle hetero-20m,EdgeWeighted,1,8,14813,497012,0.2134317175295853,6.097995914760844,8.848220305533394,1.4510046275375972,6.148184752779416,1.6258519605782766,0.34245265706459244,0.05569979925420776,0.18374903682314853,0.0387029984395171,0.18133666858013037,0.2134317175295853,0.0383870580515388,0.31307873048040785,0.09095804598095257,0.29052769869132855,0.2005283574642061,0.11492881459602584,-0.08559954286818026,1.6862234441880855,1.4676429989565003,1.75355988087645,1.7527376640551997,-0.21858044523158515,-0.0008222168212503878
Vehicle hetero-20m,EdgeWeighted,2,1,14813,497012,0.2134317175295853,5.423245372707699,11.96073016925731,2.2054562029213582,7.500958965992915,1.3929796769561917,0.2941813098274621,0.03921915994594822,0.11646276239655858,0.024595597878935598,0.11523871433560048,0.2134317175295853,0.017782787849593407,0.27303161287296707,0.10919306267054861,0.3999282629666406,0.2161054461461695,0.10745615800020925,-0.10864928814596025,1.3540978936827657,1.2274211725330952,1.5024919289074188,1.4957367364772851,-0.12667672114967043,-0.006755192430133672
Vehicle hetero-20m,EdgeWeighted,2,2,14813,497012,0.2134317175295853,4.515497229995948,8.960914039381104,1.9844800169536023,9.31832910351648,1.9579866040129337,0.4136766274590192,0.04439386315074131,0.2185030001652749,0.04616455700605567,0.2162966000434798,0.2134317175295853,0.02237052655999306,1.0620626050514457,0.13691331657913436,0.12891265979878444,0.43466757341875045,0.09383676852872767,-0.34083080489002276,2.743881071976243,1.6022430666236789,1.4115166733358007,1.3743410683517463,-1.1416380053525643,-0.03717560498405437
Vehicle hetero-20m,EdgeWeighted,2,3,14813,497012,0.2134317175295853,21.59091746433434,0.7888920486599961,0.03653814385598813,8.325907226169711,1.4659485787908897,0.3089988651353949,0.03711293632879197,1.8582372109068188,0.39168712847769965,1.8351869846689268,0.2134317175295853,1.0157310211968917,0.037693121966653434,0.04560002337794229,1.2097700827377245,0.02566537628870128,0.030653183424142676,0.004987807135441398,1.2510959539113466,1.2287190834013546,1.027155559736346,1.0337657470423633,-0.022376870509992042,0.006610187306017368
Vehicle hetero-20m,EdgeWeighted,2,4,14813,497012,0.2134317175295853,4.784645073056039,17.593922996121005,3.6771636538782624,7.160064715044418,1.1612666149262347,0.24508383182968513,0.03422927602489861,0.06600384772186538,0.013930027529643011,0.06526690146249259,0.2134317175295853,0.009308608251827818,1.7879150299413595,0.04352759378477111,0.02434544864402435,0.9294222272299261,0.027166346084199173,-0.9022558811457269,1.832071905113805,0.9396872784568592,0.9621085707590814,0.9455895104176446,-0.8923846266569458,-0.016519060341436798
Vehicle hetero-20m,EdgeWeighted,2,5,14813,497012,0.2134317175295853,16.74887100842583,8.909782263585564,0.5319631546379275,5.728758351652375,0.370998145655998,0.0779364318560268,0.0136044194807943,0.04163941769440087,0.008747288032736947,0.04098400989386371,0.2134317175295853,0.02557398779679404,0.2605151674939497,0.02636891544457272,0.10121834627153391,0.13660635960499948,0.054702904557636434,-0.08190345504736304,0.7798620235023166,0.7093368111605692,2.6623430773995116,2.661808844297962,-0.07052521234174736,-0.0005342331015496526
Vehicle hetero-20m,EdgeWeighted,2,6,14813,497012,0.2134317175295853,1.9810128797190825,7.263973432652096,3.6667976621202927,6.406119970365526,2.387150288293223,0.5022187573765337,0.07839671422262023,0.32862871913552427,0.06913829756420092,0.3239363629974703,0.2134317175295853,0.021380158174172735,0.47902155196103285,0.10490858562592115,0.21900597792809834,0.44910384457518127,0.07022164454781776,-0.3788822000273635,3.214941407358396,2.8312484034648104,0.9831738545804731,1.003092902415568,-0.3836930038935855,0.019919047835094794
Vehicle hetero-20m,EdgeWeighted,2,7,14813,497012,0.2134317175295853,9.095670339150734,2.2730856183177393,0.24990853131896737,6.9864751777784235,0.6800121710472675,0.14223099703233083,0.02035804797262263,0.2991581850572561,0.06257177259863847,0.29316996738437096,0.2134317175295853,0.08146199351641571,0.1024131400895371,0.04132899191812239,0.40355161306911813,0.061942166386324674,0.030693423901233773,-0.0312487424850909,1.6022006718495518,1.5713761059688043,1.5304495978025014,1.5349375642959109,-0.030824565880747556,0.004487966493409434
Vehicle hetero-20m,EdgeWeighted,2,8,14813,497012,0.2134317175295853,3.4169708541751462,10.475066502715805,3.0656001818863845,9.450458810566825,1.531862136776579,0.3223141174537778,0.03410565810332221,0.1462388935590083,0.030769648771443784,0.1441662358619038,0.2134317175295853,0.011125279217292734,1.4802794122425285,0.020777977871650123,0.014036524158508411,0.8189419973763209,0.011921241338237305,-0.8070207560380835,2.9040793071255475,1.7514816619097953,0.6959509009687919,0.693508513825425,-1.1525976452157523,-0.0024423871433668642
Vehicle hetero-20m,EdgeWeighted,3,1,14813,497012,0.2134317175295853,0.8915359282343975,5.718207700915047,6.413883563953031,1.1837588756011082,2.637967981269245,0.5564996215522252,0.4701123077691931,0.46132776468294967,0.09732063780928521,0.4559801812773825,0.2134317175295853,0.07329604635767524,0.3118446180550005,0.19652504725133543,0.630201804267329,0.23581925587309763,0.09501782653135135,-0.14080142934174628,3.0728786343437777,2.7779105147570866,2.9669837394401313,2.8357991418711572,-0.2949681195866911,-0.13118459756897405
Vehicle hetero-20m,EdgeWeighted,3,2,14813,497012,0.2134317175295853,2.0201467524784307,14.583997464181348,7.2192762105506,2.730402217584768,0.7033548293409624,0.14868583870145494,0.05445565389571849,0.048227849091865276,0.010195136070523846,0.04776766879287254,0.2134317175295853,0.007543090502715973,1.3255503859989144,0.07527932891225206,0.05679099726383675,0.6941321336305764,0.07735628113606915,-0.6167758524945072,2.4349271017508167,1.5008748926728863,2.18689577139991,2.17784330858133,-0.9340522090779304,-0.009052462818579965
Vehicle hetero-20m,EdgeWeighted,3,3,14813,497012,0.2134317175295853,13.808064252764664,8.5265215582299,0.6175030327185566,6.508913310366698,1.303166646904177,0.27384047219293983,0.04207161145257228,0.1528368440138378,0.032116317304969756,0.1504758344820963,0.2134317175295853,0.06813182857747882,1.126315206284839,0.07740404666119156,0.0687232539719294,0.6230573909684273,0.04884791514088191,-0.5742094758275453,1.8570032917293244,1.1360026275614692,1.1991732115326807,1.1776233734982537,-0.7210006641678552,-0.021549838034427005
Vehicle hetero-20m,EdgeWeighted,3,4,14813,497012,0.2134317175295853,7.145645598291493,9.63806131101241,1.3488020312438707,3.4612313053318893,0.7297145909633158,0.15434376047516637,0.04459215418267031,0.07571176055628835,0.016013984071534593,0.07503094435345738,0.2134317175295853,0.033060562498517014,1.550885764787124,0.08555376867074962,0.05516445508857209,0.8250303815602038,0.12187230891809453,-0.7031580726421093,2.238649753117295,1.106924269832592,2.586448669655813,2.575015093711997,-1.1317254832847028,-0.011433575943815999
Vehicle hetero-20m,EdgeWeighted,3,5,14813,497012,0.2134317175295853,5.934502660001384,9.972330654537897,1.6803987139390015,3.8922968417574113,0.18573934929751093,0.04034742933839584,0.010365969214341545,0.018625470368527717,0.004045937774794542,0.018956590107877497,0.2134317175295853,0.006168755704623964,1.3763629861115767,0.013985151957351274,0.010160947364075712,0.7447144133340845,0.02118661118846225,-0.7235278021456223,1.7282667412139778,1.0949871296124671,1.935675113417523,1.9337970408323062,-0.6332796116015107,-0.0018780725852167723
Vehicle hetero-20m,EdgeWeighted,3,6,14813,497012,0.2134317175295853,5.978768866787526,3.039090711993102,0.5083137974763204,4.192541715388583,0.5873146649602029,0.12372632618072642,0.029511054220756484,0.1932534164610358,0.04071162643660206,0.19074777170118126,0.2134317175295853,0.058056762941918,0.5179815514441778,0.04976595921644031,0.09607670025490572,0.4063342534989095,0.03816406847319582,-0.3681701850257137,1.7634051450447785,1.9638143099270842,1.8178809621643037,1.8312769752505347,0.20040916488230565,0.013396013086230951
Vehicle hetero-20m,EdgeWeighted,3,7,14813,497012,0.2134317175295853,0.9024029984786552,14.722805497558964,16.315111274263007,2.339936907609052,0.14553344499562798,0.030889656009250147,0.013201063574317723,0.009884898969894588,0.0020980821891174763,0.009830226337022203,0.2134317175295853,0.00080913107758272,1.1228542191528268,0.019339945915847017,0.017223915102887982,0.6289707290769639,0.021973312515593185,-0.6069974165613707,3.173758606756946,1.8980311162563759,2.5253156602837405,2.5322505429591846,-1.27572749050057,0.006934882675444065
Vehicle hetero-20m,EdgeWeighted,3,8,14813,497012,0.2134317175295853,11.646809341519779,10.752425686900974,0.923207838505393,1.6899974690834347,1.328208313287782,0.28079397070115686,0.16615052636258645,0.12352638843815432,0.026114476734499667,0.12235517669639698,0.2134317175295853,0.17997087723157051,0.11522360103433867,0.14411550929217617,1.2507463357421356,0.06493203383419313,0.16790137863874513,0.102969344804552,0.8675656704409191,0.8232672026352927,2.9924575891937875,3.0132913383166517,-0.04429846780562641,0.020833749122864287
Vehicle hetero-20m,TargetWeighted,1,1,14813,497012,0.21340075367304054,17.25336712370251,6.414641373951103,0.3717906959402042,7.491814870800088,1.2627941262176015,0.2670025248939642,0.035639231500264955,0.1968612196119033,0.04162392079500847,0.19505047722688598,0.21340075367304054,0.09585831741043274,0.20684280625658946,0.07256030945803411,0.3507992724679532,0.1064605414163235,0.041787618983325454,-0.06467292243299805,0.7336456617116115,0.6523598952329166,1.4360832519471525,1.427332042313093,-0.0812857664786949,-0.008751209634059398
Vehicle hetero-20m,TargetWeighted,1,2,14813,497012,0.21340075367304054,10.286840220643734,10.65354885101947,1.0356483246705182,4.641280762815316,2.977210968689536,0.6299320157305238,0.13572374664772083,0.27945720318446426,0.05912884278734548,0.2770788715542698,0.21340075367304054,0.13105196243172648,1.1009101542555746,0.18768860214855204,0.17048493895545544,0.5958954971984068,0.11678930669006954,-0.4791061905083373,1.3540595155356399,1.111985692394884,1.6070646749585145,1.5638379043426804,-0.24207382314075576,-0.04322677061583402
Vehicle hetero-20m,TargetWeighted,1,3,14813,497012,0.21340075367304054,8.829003791347171,18.04890827420087,2.044274606773516,25.532343738507056,1.3119684477026823,0.276683413616858,0.0108365850131967,0.07268962903707119,0.015329648157116134,0.07183502014361708,0.21340075367304054,0.00530094387724684,1.63381661276208,0.038896784385394644,0.023807313405611544,0.8416931074056572,0.022412745561331264,-0.819280361844326,1.2995372378319916,1.121114820587989,0.6911330070880728,0.6900369029913968,-0.17842241724400254,-0.0010961040966760427
Vehicle hetero-20m,TargetWeighted,1,4,14813,497012,0.21340075367304054,10.28470714078931,16.217770391674495,1.5768820787891704,5.353299494346888,0.8377272197654922,0.17719420999087504,0.03309999932695584,0.05165489453957224,0.010925929126027066,0.051199109778103234,0.21340075367304054,0.020990789078194242,0.4583963035096974,0.05135821123199653,0.11203888364366185,0.2803618443259299,0.03537433335583609,-0.24498751097009383,0.899830275611955,0.8260920654858114,1.419000798067866,1.4171288336972838,-0.07373821012614368,-0.0018719643705822353
Vehicle hetero-20m,TargetWeighted,1,5,14813,497012,0.21340075367304054,12.830281171049604,10.569929695405142,0.8238268161275363,8.329343659014333,0.06208378221203946,0.013554432722246513,0.001627311017633938,0.005873622998674408,0.001282357886951243,0.0060091532236313475,0.21340075367304054,0.001975307147113967,1.0639139995556754,0.003777125572961078,0.0035502169715187102,0.49213528657260514,0.002700330790521839,-0.4894349557820833,1.2787600791165037,0.7286597519797487,0.8480566880572357,0.8481766800361499,-0.5501003271367549,0.00011999197891421343
Vehicle hetero-20m,TargetWeighted,1,6,14813,497012,0.21340075367304054,24.236709453789697,1.1252811047718179,0.04642879044504859,4.107390485480441,0.15181663392024342,0.032074557213839894,0.007808986569242215,0.13491440665564575,0.028503595050863275,0.13356838354400044,0.21340075367304054,0.16819272723801346,0.1373068038613775,0.015952979866630506,0.116184910406095,0.0930939040032404,0.01977992304057247,-0.07331398096266793,1.2131504901878407,1.2265728308737958,1.8783989860313703,1.8769906648394599,0.013422340685955048,-0.0014083211919104777
Vehicle hetero-20m,TargetWeighted,1,7,14813,497012,0.21340075367304054,6.935471106427836,12.624839418996896,1.8203290313029823,10.951603843288034,1.2063989757283955,0.25494241440559284,0.02327900258454388,0.09555756986164296,0.02019371540045395,0.09462813090675491,0.21340075367304054,0.012788348730557465,1.6160996543168464,0.06441842612032563,0.039860429119980306,0.875042192668602,0.04259771822048201,-0.83244447444812,1.6079757538765163,0.8760565595903945,1.053583158243257,1.0645306627570041,-0.7319191942861217,0.010947504513747042
Vehicle hetero-20m,TargetWeighted,1,8,14813,497012,0.21340075367304054,6.0868075721455455,8.846458496186823,1.453382315244558,6.340658455584135,1.638460714248256,0.34604121784132463,0.05457496563165628,0.1852109194998641,0.03911635572577644,0.1832999800586848,0.21340075367304054,0.037550316034339455,0.310361394411745,0.08794229447085394,0.2833544803598844,0.19611152366164855,0.11604671572267602,-0.08006480793897253,1.552826621983632,1.353217426361201,1.6520539995387014,1.64959394243603,-0.19960919562243107,-0.002460057102671387
Vehicle hetero-20m,TargetWeighted,2,1,14813,497012,0.21340075367304054,5.36310130109037,11.972406473650048,2.2323662707792375,7.593344555526684,1.4006238117021381,0.29637890447059523,0.03903140466141062,0.11698765938283841,0.024755165544649772,0.11600317224064909,0.21340075367304054,0.017484319216551768,0.27777326141558667,0.10487812342814362,0.377567369580465,0.21346114899075136,0.10065483021670155,-0.11280631877404981,1.3013227724826373,1.1803131991911575,1.3944336796981809,1.3886393771222028,-0.12100957329147977,-0.0057943025759781275
Vehicle hetero-20m,TargetWeighted,2,2,14813,497012,0.21340075367304054,4.526132718841073,8.86534499796439,1.9587019491216693,9.291317493429528,1.9714905137050702,0.41745200817928035,0.04492925874346606,0.22238170222748638,0.047088072466920636,0.22065559493060705,0.21340075367304054,0.022938282434563684,1.0838703022598577,0.13140548038556957,0.12123727248474091,0.44548707216634037,0.0888408830081685,-0.35664618915817187,2.5498447577342294,1.4201941041926047,1.3142869939973247,1.2792982066243446,-1.1296506535416246,-0.03498878737298017
Vehicle hetero-20m,TargetWeighted,2,3,14813,497012,0.21340075367304054,21.442624008559424,0.7992786347140435,0.037275224992157525,8.218294854391063,1.477590942285049,0.31221787352262154,0.037990590344406605,1.8486555997172727,0.3906245657724574,1.830474076329681,0.21340075367304054,1.0191911694828908,0.03653933811564382,0.04731165771467584,1.2948139513857393,0.02450550192398569,0.03172888678863161,0.00722338486464592,1.1372673655750993,1.1187246896789576,0.9828453221987421,0.9860962481194285,-0.01854267589614178,0.0032509259206864316
Vehicle hetero-20m,TargetWeighted,2,4,14813,497012,0.21340075367304054,4.787252096628621,17.60507101938406,3.6774898474653908,7.200047463612076,1.169063494898121,0.24726878122085752,0.03434265984038147,0.06640492917903452,0.014045315739320172,0.06581661423123836,0.21340075367304054,0.009338614427627874,1.793389160157585,0.04352931979143236,0.02427209917165243,0.9246607709444407,0.02700330790521839,-0.8976574630392222,1.6990323318461364,0.8384844318417446,0.9025411041926567,0.8890078137594729,-0.8605479000043919,-0.013533290433183742
Vehicle hetero-20m,TargetWeighted,2,5,14813,497012,0.21340075367304054,16.711116073516877,8.924798630896161,0.5340635889483885,5.734185988194719,0.37398685936347914,0.07884412169723407,0.013749836807186997,0.04190423497621075,0.008834274572419611,0.041397577123739544,0.21340075367304054,0.02574569177577626,0.27456834223820614,0.026318791350883622,0.09585515277467352,0.1434550732464727,0.05042867751299534,-0.09302639573347735,0.713104256753361,0.6458807946277715,2.502408082673843,2.5020497069495757,-0.0672234621255895,-0.0003583757242671126
Vehicle hetero-20m,TargetWeighted,2,6,14813,497012,0.21340075367304054,1.9681878333498082,7.274031048492464,3.695801228053639,6.415194091260177,2.409278542077844,0.5083353544358349,0.07923927887637561,0.33121642218794217,0.06988358316704615,0.3274757876411233,0.21340075367304054,0.021440351840486496,0.46368889563071236,0.10305217869114901,0.22224421900061817,0.44366434888273815,0.06825086073043948,-0.3754134881522987,3.0201095965817664,2.6636756528473766,0.9247683295079593,0.9410317593166835,-0.35643394373438975,0.016263429808724195
Vehicle hetero-20m,TargetWeighted,2,7,14813,497012,0.21340075367304054,9.08532963134511,2.2974387064522768,0.25287345612614825,6.933808851258991,0.6880546161212152,0.14450738442278888,0.020840981820279117,0.2994876908767842,0.06289934237982127,0.2947475036977457,0.21340075367304054,0.08241664156998743,0.10318553757184541,0.03919410152693982,0.3798409995319353,0.060419901437926145,0.027543374063322756,-0.03287652737460339,1.5099004711539559,1.477885644193336,1.4164771546158448,1.4195598412212451,-0.03201482696061997,0.003082686605400342
Vehicle hetero-20m,TargetWeighted,2,8,14813,497012,0.21340075367304054,3.4799647733462917,10.440275464654457,3.000109516802413,9.435227959487092,1.5440424944184257,0.3257616217489418,0.03452609971931081,0.14789288828315414,0.031202397153196147,0.14621502105307613,0.21340075367304054,0.011508279751409455,1.492237397120981,0.022451184103461416,0.015045316513527944,0.8169850806723824,0.012961587794504827,-0.8040234928778776,2.7062174206528034,1.5652855280846503,0.6725303057589882,0.6699841300218842,-1.140931892568153,-0.0025461757371040283
Vehicle hetero-20m,TargetWeighted,3,1,14813,497012,0.21340075367304054,0.9210401067228235,5.733146200346185,6.224643309506907,1.184375056264677,2.65652513724968,0.5617178624392327,0.4742736304056095,0.4633625307611457,0.09797724352913625,0.4591232095085233,0.21340075367304054,0.07619290071116552,0.301532362891652,0.19220584875890193,0.6374302265314851,0.23310605549179775,0.09903463174238844,-0.1340714237494093,2.892009225320248,2.6192534329861608,2.7978392962773433,2.6772860690993143,-0.2727557923340873,-0.12055322717802897
Vehicle hetero-20m,TargetWeighted,3,2,14813,497012,0.21340075367304054,1.9816294996847295,14.586193533940959,7.360706662196191,2.7335039016786205,0.7088209895797991,0.1501560916278632,0.05493172736513616,0.0485953369153147,0.010294398684311808,0.048239746227357695,0.21340075367304054,0.007462833367974213,1.3321077536321437,0.07434191100031856,0.055807730447885735,0.6876392358063863,0.07250388172551138,-0.6151353540808749,2.284312797392378,1.3448361069437489,2.0475339101019037,2.0383023650276417,-0.9394766904486289,-0.009231545074261938
Vehicle hetero-20m,TargetWeighted,3,3,14813,497012,0.21340075367304054,13.793977380906188,8.481434870407533,0.6148650697368113,6.5246683496949345,1.3158445130334417,0.27744047789098475,0.0425217746858718,0.15514409195938025,0.03271150245247815,0.1532867169238283,0.21340075367304054,0.06915626872821098,1.1200098258227202,0.07343073498338228,0.06556258046559263,0.613717680415851,0.04583811516910822,-0.5678795652467428,1.7038687562674009,1.0109137397018677,1.0983823880297277,1.0786677236920614,-0.6929550165655332,-0.01971466433766622
Vehicle hetero-20m,TargetWeighted,3,4,14813,497012,0.21340075367304054,7.378191520770234,9.641625113866073,1.3067734923465115,3.4688469112345657,0.7335106802176974,0.1553994539253409,0.044798590844139674,0.07607749428071273,0.016117558184322898,0.07552718137886903,0.21340075367304054,0.03428183289888949,1.514311986311008,0.08470775740738454,0.055938114215392735,0.8018632282454601,0.11834199689461959,-0.6835212313508405,2.083935504577234,1.0051081412415142,2.4223827996707428,2.411187635594373,-1.07882736333572,-0.011195164076369668
Vehicle hetero-20m,TargetWeighted,3,5,14813,497012,0.21340075367304054,5.906508882803795,9.921173428315043,1.6797017677231505,3.8603393431777415,0.18284778030421037,0.03959790877749039,0.010257623787632638,0.01843005582364501,0.003991252549276618,0.018703084659021037,0.21340075367304054,0.006106812485212066,1.3540915469704853,0.013512393221689855,0.009978936174686141,0.7260514413015594,0.020049956119624655,-0.7060014851819347,1.5827551854462762,0.984845670914234,1.792266046613584,1.7903457147212685,-0.5979095145320422,-0.0019203318923155521
Vehicle hetero-20m,TargetWeighted,3,6,14813,497012,0.21340075367304054,6.068475270652379,3.0598149457919215,0.5042147828380018,4.160219587708505,0.591666486195992,0.12497750742652959,0.030041084248381648,0.19336675411564577,0.040844792653215764,0.19139946807217445,0.21340075367304054,0.05957993433570975,0.5026177009758775,0.048543433935601586,0.09658122440880591,0.3879700263282252,0.03672449875109701,-0.3512455275771282,1.6372456679201524,1.8278540066241717,1.6872992281797163,1.6985988043761107,0.1906083387040194,0.011299576196394323
Vehicle hetero-20m,TargetWeighted,3,7,14813,497012,0.21340075367304054,0.9158385692932078,14.710383143381273,16.062200780768496,2.3235216014733022,0.14635858828685963,0.031108731812207312,0.013388613068454241,0.009949338964241607,0.0021147465356846787,0.009909742117534138,0.21340075367304054,0.0008335478582828538,1.1202978640752395,0.019118344276986263,0.017065411547591915,0.6133801390670357,0.0201174643893877,-0.593262674677648,2.980001135380078,1.7055914973815223,2.358352650508381,2.3649343887821592,-1.2744096379985557,0.0065817382737782815
Vehicle hetero-20m,TargetWeighted,3,8,14813,497012,0.21340075367304054,11.682704324990853,10.799846807216408,0.924430379948057,1.6875823789206308,1.3365318463669018,0.28308345604325597,0.1677449693133588,0.12375470402379136,0.026211802892609815,0.12282900230277488,0.21340075367304054,0.1814576534235144,0.13117022625462813,0.14399165873161734,1.0977464312262137,0.07270640653480051,0.16546276918922567,0.09275636265442516,0.8017094718492666,0.7522382624408223,2.8286156749169096,2.846500495276534,-0.049471209408444294,0.017884820359624243
Pedestrian hetero-20m,EdgeWeighted,1,1,9732,353017,0.22831073468202825,19.284244211722843,6.298097219762961,0.3265928987078703,18.79271730049802,1.4691240562639898,0.3358846600510672,0.01787312896275169,0.2332647469018643,0.0533311328481521,0.2335901138705809,0.22831073468202825,0.054726016659286336,0.9969602907799017,0.0574722167237295,0.05764744762531683,0.5609021661846313,0.031638702951982484,-0.5292634632326488,1.5135162250869363,1.2550328031551081,0.6413384586947823,0.6380263832045396,-0.25848342193182816,-0.003312075490242705
Pedestrian hetero-20m,EdgeWeighted,1,2,9732,353017,0.22831073468202825,10.202332662804702,8.89214930735238,0.8715800192494465,15.168548082267247,3.384195600191564,0.7742726373154758,0.05104461103368167,0.3805824080785006,0.08707373320919604,0.3813825465396511,0.22831073468202825,0.05856560421380729,0.48562721079680654,0.14856386462495147,0.30592161695794384,0.22696640671695698,0.08922233206899384,-0.13774407464796312,1.947696433311944,1.5471279283491695,0.6151100605591924,0.6269180107230078,-0.4005685049627745,0.011807950163815417
Pedestrian hetero-20m,EdgeWeighted,1,3,9732,353017,0.22831073468202825,5.895054615152689,13.017981935409153,2.208288601748448,46.8125913946223,0.747297607682347,0.16953041592115559,0.003621470438494376,0.05740502720130785,0.01302278775866187,0.057039749823421144,0.22831073468202825,0.0016399443529380967,0.6807647971230067,0.014355225888946154,0.02108690951521576,0.37727644844299285,0.00950095887733452,-0.3677754895656583,2.189648541802524,1.6293442289323106,0.37349554629711196,0.3737748380471071,-0.5603043128702136,0.0002792917499951364
Pedestrian hetero-20m,EdgeWeighted,1,4,9732,353017,0.22831073468202825,6.802105180589194,13.301837495355253,1.9555471611580673,6.807449191648418,0.9866590460539307,0.22535015341560324,0.03310346456364814,0.07417464283838279,0.016941279979166668,0.07420272752717372,0.22831073468202825,0.016927980593812217,1.3660447266484974,0.06605465548406646,0.04835467954448351,0.6970117586405187,0.0405957786735483,-0.6564159799669704,1.5342441038773686,1.2164627294064043,1.072911992097513,1.0778498215265455,-0.31778137447096433,0.004937829429032536
Pedestrian hetero-20m,EdgeWeighted,1,5,9732,353017,0.22831073468202825,13.524852940405477,6.766938340838997,0.5003335981287783,7.658203191973545,0.41187242330617424,0.09550652240825253,0.012471139755555216,0.06086540204036414,0.01411369772511836,0.06181793040347144,0.22831073468202825,0.024925648713058933,0.7116049800881465,0.020742739942317838,0.029149233396674794,0.39047694586946236,0.011679324225178957,-0.3787976216442834,1.20659278582544,0.8945940712978027,0.9551858786529198,0.9489705099257804,-0.3119987145276373,-0.006215368727139459
Pedestrian hetero-20m,EdgeWeighted,1,6,9732,353017,0.22831073468202825,16.34308581833423,1.3297079988366267,0.08136211317762854,5.84089682270966,0.24635081447177842,0.05666694666767886,0.009701754420714602,0.18526685019165443,0.04261608284758492,0.18665824469600398,0.22831073468202825,0.11924165744217222,0.32466750107392234,0.010416812867911258,0.03208455577663111,0.2832243206417821,0.006467110649062227,-0.27675720999271985,1.9444999526965365,1.9355587700289298,1.1154054955781303,1.1174814826886328,-0.008941182667606684,0.0020759871105024974
Pedestrian hetero-20m,EdgeWeighted,1,7,9732,353017,0.22831073468202825,8.566197347995534,11.759660919541558,1.3727982707012116,11.452808112698335,1.4562127969254037,0.3327284432423131,0.029052127624741932,0.12383118915165635,0.028294050758424737,0.12392781074684102,0.22831073468202825,0.021162706883565148,0.5203337084000423,0.04408181936066304,0.08471836016356739,0.2730690023426634,0.019375837424260023,-0.2536931649184034,1.6968770523380887,1.2971855672464334,0.8544411521070608,0.8316016443548995,-0.3996914850916553,-0.02283950775216137
Pedestrian hetero-20m,EdgeWeighted,1,8,9732,353017,0.22831073468202825,6.6877858620197035,7.801188607166854,1.166483011934547,11.367450148874852,1.3663845728644626,0.312084979968235,0.027454264202300675,0.17515081866597534,0.0400047986638188,0.17522083211429262,0.22831073468202825,0.023535931244647958,1.2725944088917522,0.06249048937757558,0.049104796037056225,0.7558077939589312,0.04599211935969089,-0.7098156745992402,1.7615406550603672,1.3554257740146474,0.823973872355434,0.8153486135110314,-0.4061148810457198,-0.008625258844402572
Pedestrian hetero-20m,EdgeWeighted,2,1,9732,353017,0.22831073468202825,4.213688169375831,10.361915144945586,2.4591081978164993,4.855610807469549,1.4383710223950052,0.3284036222195687,0.06763384351934383,0.13881324068828071,0.031693332488138215,0.13881664891539813,0.22831073468202825,0.027503402780066168,1.1949201933496,0.17507754084773897,0.1465181861993476,0.5613837293954682,0.18249829328332628,-0.3788854361121419,1.8879230114876784,1.7273379503663586,2.111487239399993,2.076676893969861,-0.16058506112131976,-0.03481034543013184
Pedestrian hetero-20m,EdgeWeighted,2,2,9732,353017,0.22831073468202825,4.36181284024437,10.960018139350481,2.5127208607165366,12.181881211824258,2.1399970093710583,0.4896428298883139,0.040194352659678044,0.19525487825016785,0.04467536670250235,0.1956778984043103,0.22831073468202825,0.01599634608368421,1.3294544267658417,0.16447457145823363,0.12371583930198485,0.8443219448355178,0.10934034338289657,-0.7349816014526213,2.359604098447292,1.6670508430248967,1.1081246494249655,1.1113849400079758,-0.6925532554223954,0.0032602905830103612
Pedestrian hetero-20m,EdgeWeighted,2,3,9732,353017,0.22831073468202825,9.962668321205879,0.64418875079577,0.06466026263044305,10.48081992830996,1.3904339046406493,0.3177623337327836,0.030318461303898994,2.158426208683055,0.4932751905516793,2.160543040752072,0.22831073468202825,0.4688885473338477,0.043043537275909205,0.03842976701132441,0.8928113374343788,0.03340632320823077,0.019072735873909754,-0.014333587334321014,1.4479725204316294,1.4403128977449433,0.6907123404449704,0.6734194723982175,-0.007659622686686074,-0.017292868046752896
Pedestrian hetero-20m,EdgeWeighted,2,4,9732,353017,0.22831073468202825,2.834449007748105,13.901310985334831,4.904413837853769,3.538591691917088,1.1334746008384722,0.2585684116939172,0.07307099362546791,0.08153724502810254,0.01860028969790624,0.08146918238040499,0.22831073468202825,0.014899026854645364,0.49858323236011326,0.12161387696242197,0.24391890186029064,0.29796298761816004,0.0713959950937207,-0.22656699252443935,2.075608161524922,1.6490537045915474,1.7148184533215833,1.761531035507637,-0.42655445693337435,0.046712582186053675
Pedestrian hetero-20m,EdgeWeighted,2,5,9732,353017,0.22831073468202825,12.550939170523929,7.070771182235169,0.5633659027849742,2.8247169639863245,0.14714479663381191,0.03397729581748432,0.012028566447680085,0.020810289660539476,0.004805316830899124,0.021047265373303214,0.22831073468202825,0.021351250004135684,0.8280659476333355,0.017602399636799777,0.02125724342914487,0.4577145010013682,0.06807887438848555,-0.38963562661288265,1.0309958970553368,1.1222772422822456,3.274046952785021,3.2716790930149195,0.09128134522690878,-0.0023678597701013437
Pedestrian hetero-20m,EdgeWeighted,2,6,9732,353017,0.22831073468202825,0.9208610153430552,5.54868277906594,6.025537650481893,6.836030188834861,2.537975583520441,0.5795889158999532,0.08478442883396549,0.4574014554448303,0.10445522621009673,0.4575134050549091,0.22831073468202825,0.01407084871280762,1.1711533354717094,0.1604620013360389,0.13701194805656222,0.87893784152038,0.08494491766685457,-0.7939929238535255,3.212272862286396,2.450181762949357,1.0998259081652597,1.0271675768961137,-0.7620910993370389,-0.072658331269146
Pedestrian hetero-20m,EdgeWeighted,2,7,9732,353017,0.22831073468202825,4.994658272507871,1.5090076458937256,0.3021243017121958,5.352305201846824,0.2768663348220508,0.06273936166664297,0.011721932734287144,0.18347576550767983,0.04157656949028859,0.18210518102506693,0.22831073468202825,0.03879837629701737,0.03276020429316492,0.02303226607740485,0.7030560261692272,0.028701167365877564,0.012673610619318616,-0.01602755674655895,2.160814102528885,2.167965813986305,1.4984455377578225,1.4857794327318774,0.007151711457419996,-0.012666105025945118
Pedestrian hetero-20m,EdgeWeighted,2,8,9732,353017,0.22831073468202825,2.259775603197015,9.839036147593733,4.353988108436115,10.628975371982262,1.1735734890577723,0.26623247345982687,0.02504780224734847,0.11927728186586777,0.027058796125507635,0.11851740119893533,0.22831073468202825,0.005752841203513722,0.6900105144928526,0.010882179698538804,0.015771034371594612,0.36832220544619665,0.006892019364506525,-0.36143018608169014,3.042684309903371,2.361993322089409,0.6003429102025086,0.6034538427442233,-0.680690987813962,0.003110932541714684
Pedestrian hetero-20m,EdgeWeighted,3,1,9732,353017,0.22831073468202825,0.5235836408717908,4.536344086450664,8.664029289106798,1.3165989779026126,2.5580570843087913,0.5837333991178315,0.44336461176211206,0.5639027882188813,0.1286792594888376,0.5636145581674271,0.22831073468202825,0.051173027751397364,1.2430758582572659,0.38861452046949263,0.31262333248759144,0.822175702586561,0.350705490103876,-0.471470212482685,3.487309652370299,2.6514185011271487,2.8017334670468594,2.852260232660301,-0.8358911512431502,0.050526765613441604
Pedestrian hetero-20m,EdgeWeighted,3,2,9732,353017,0.22831073468202825,2.401199080489589,12.152218063803899,5.060895663310509,1.9555723846421005,0.9707148641821218,0.223229718149207,0.11415057747839677,0.07987964487525591,0.01836946282509654,0.08045816175090648,0.22831073468202825,0.022555410118487364,1.451714702896672,0.1332036452301678,0.0917560757956228,0.7590031074990723,0.12735647291773483,-0.6316466345813374,2.214497293919734,1.862131438720771,2.6277773319215836,2.5995540928197576,-0.352365855198963,-0.028223239101826003
Pedestrian hetero-20m,EdgeWeighted,3,3,9732,353017,0.22831073468202825,6.374825569432749,9.203548040078504,1.4437333108802426,6.069402834725834,0.6198844701143911,0.14146843747398735,0.02330846066626143,0.06735277164213899,0.015371076100676267,0.0673252418412624,0.22831073468202825,0.01614457485268144,0.8190468901601751,0.05167368313074919,0.06309001733678955,0.3894713285762442,0.033383661410073734,-0.35608766716617046,2.162507330384495,1.4958918610805265,1.244369764503076,1.252849595112786,-0.6666154693039685,0.008479830609710026
Pedestrian hetero-20m,EdgeWeighted,3,4,9732,353017,0.22831073468202825,4.511498105963901,8.610080258916431,1.9084747544168819,2.110353553636894,0.6979569901001346,0.16026380114212957,0.07594168290262117,0.08106277390001285,0.01861350836887129,0.08152708009776148,0.22831073468202825,0.03979181926768861,1.3555496843584875,0.11191104339307686,0.08255768405896668,0.7279592767487119,0.206766246384735,-0.5211930303639769,2.259855356361017,1.9290080197379142,3.2388505346406467,3.228316752730172,-0.33084733662310284,-0.010533781910474715
Pedestrian hetero-20m,EdgeWeighted,3,5,9732,353017,0.22831073468202825,2.634835274862066,9.613114196011333,3.648468749163036,3.283653166485996,0.5042921944199629,0.11565834643141167,0.035222461147734106,0.05245877492068238,0.01203130889250098,0.05269707700028381,0.22831073468202825,0.009654039399206529,0.5334042779432046,0.06093591548684173,0.1142396431078747,0.3497480291317415,0.08755668990445219,-0.2621913392272893,2.7011029406964173,2.2026103438026627,1.9477518716650837,1.9462671442196675,-0.4984925968937546,-0.0014847274454161674
Pedestrian hetero-20m,EdgeWeighted,3,6,9732,353017,0.22831073468202825,7.2346773331850445,2.0922103105706085,0.28919193093544643,3.026174478152006,0.492254817303281,0.11262196449682453,0.03721595200070548,0.2352797959475835,0.05382917930837333,0.2357715550502979,0.22831073468202825,0.12868945061305442,0.09653212567680768,0.06558760534838094,0.6794380429743118,0.10837155151168357,0.04132945438888212,-0.06704209712280144,2.015524906284107,1.970720698488474,2.3146435235896647,2.283893605356133,-0.04480420779563299,-0.03074991823353157
Pedestrian hetero-20m,EdgeWeighted,3,7,9732,353017,0.22831073468202825,1.5345795740417851,13.370875031366706,8.713054161811806,1.9878940333425075,0.1754719660222636,0.04062682290398848,0.020437116877556144,0.013123446706321748,0.003038456554137073,0.01330842557746801,0.22831073468202825,0.002345574407613997,0.6554285124216156,0.028654209733752642,0.04371828315906022,0.31374126458499163,0.04235773348025732,-0.2713835311047343,2.939677577020456,2.27826994277796,2.886981211531669,2.8788221407639147,-0.6614076342424959,-0.00815907076775435
Pedestrian hetero-20m,EdgeWeighted,3,8,9732,353017,0.22831073468202825,7.396513807753482,7.308639543292712,0.9881195010749726,1.4093045311243257,1.7503846677574666,0.40059014065718634,0.284246682649302,0.23949527884007876,0.054810493490092996,0.2400697066028512,0.22831073468202825,0.28766427488115354,1.2154909683564505,0.24733573942967896,0.2034862815387727,0.6612995974698103,0.14538393335165162,-0.5159156641181586,1.3103095862932381,1.3165543532290322,3.124556956404022,3.018195676962391,0.0062447669357941216,-0.10636127944163087
Pedestrian hetero-20m,TargetWeighted,1,1,9732,353017,0.22792063510765817,20.081039033683208,6.328866808998071,0.31516630166549625,18.757475076605704,1.4713893887736926,0.3358029518731117,0.01790235361223543,0.23248860038527872,0.0530589379547527,0.2327956641650007,0.22792063510765817,0.056802878193517724,0.9580831487653024,0.05227898556891664,0.05456622954972868,0.5262022194821209,0.028051787916152898,-0.49815043156596794,1.3575088599852154,1.0971339290257085,0.5860402641271204,0.5834101647334565,-0.2603749309595069,-0.002630099393663876
Pedestrian hetero-20m,TargetWeighted,1,2,9732,353017,0.22792063510765817,9.966396120173814,8.886762100110257,0.8916725749245602,15.43067525229164,3.3965369568604764,0.7756863928448057,0.05026911523051564,0.3822018542609931,0.08728560337654653,0.38296488383190225,0.22792063510765817,0.05637620364291972,0.5252403471030563,0.13611467226802262,0.2591473987618888,0.2463008631319359,0.07983970406905055,-0.16646115906288533,1.7962987845094673,1.379504344262914,0.5686929641128584,0.5801176081845146,-0.4167944402465533,0.01142464407165622
Pedestrian hetero-20m,TargetWeighted,1,3,9732,353017,0.22792063510765817,5.9467664661793265,12.79586611591079,2.1517350928721632,46.72287846391697,0.7276987671065088,0.16482644018535406,0.0035277458403460385,0.05686983279959193,0.012881225746148696,0.05651627451328184,0.22792063510765817,0.00163948891089668,0.6215289881356397,0.01320261322989337,0.021242151644567497,0.3553226469379367,0.007912042745581587,-0.3474106041923551,2.0548772420983794,1.5654951802007733,0.3525070229673907,0.3528160051465652,-0.48938206189760614,0.00030898217917446624
Pedestrian hetero-20m,TargetWeighted,1,4,9732,353017,0.22792063510765817,7.117891001761703,13.26885201775593,1.8641549857718098,6.951581200378741,0.983742821544895,0.22429093309803716,0.03226473608093218,0.07413925631901622,0.016903567288930714,0.07416426572918099,0.22792063510765817,0.01730796857241676,1.3854464357039977,0.06067790082460762,0.04379664115690512,0.6952322235922729,0.036272092067406496,-0.6589601315248664,1.4211390101605328,1.0587716994965115,0.9993610068299184,1.0035521150649855,-0.3623673106640213,0.004191108235067187
Pedestrian hetero-20m,TargetWeighted,1,5,9732,353017,0.22792063510765817,13.637502687435024,6.5477257294534175,0.4801264479811931,7.778832717610016,0.43436909891939024,0.1004003546017346,0.012906866379241684,0.06633892685854156,0.015333622481584834,0.06727614549503406,0.22792063510765817,0.026882222724220826,0.6317099971517538,0.01893956843568527,0.029981428537248854,0.35008220304151255,0.009967118783394985,-0.34011508425811754,1.1090824387384475,0.857295216068654,0.8828364911442644,0.8782021713631412,-0.2517872226697935,-0.004634319781123275
Pedestrian hetero-20m,TargetWeighted,1,6,9732,353017,0.22792063510765817,15.866029936703832,1.3888099180071938,0.08753354951883971,5.858757014028632,0.2530007183212307,0.05807095711220416,0.009911822059531849,0.18217087393972045,0.04181346629306596,0.18345624756070428,0.22792063510765817,0.11323453671958289,0.3070717837997519,0.009389249202044531,0.03057672307137223,0.25986436498150434,0.005754212905877518,-0.2541101520756268,1.8083714977496113,1.7944729884319923,1.0573112764190125,1.0587463989294466,-0.013898509317618934,0.0014351225104340948
Pedestrian hetero-20m,TargetWeighted,1,7,9732,353017,0.22792063510765817,8.718834680413437,11.875052901990083,1.3620000061529989,11.153532370874567,1.4543878497782965,0.33173089009458767,0.029742226835995082,0.12247422058303592,0.027935108378308225,0.12256506366552751,0.22792063510765817,0.021837170692554544,0.4925060972835751,0.04176883349457767,0.08480876252470107,0.2750719276613235,0.018084669132757913,-0.2569872585285656,1.5946036289881322,1.2549012680987117,0.8334743770752081,0.814045921916947,-0.3397023608894205,-0.019428455158261082
Pedestrian hetero-20m,TargetWeighted,1,8,9732,353017,0.22792063510765817,6.672026586278306,7.806534250901094,1.1700394382803605,11.676348215383618,1.3642035958697363,0.3110495480215834,0.02663928327740192,0.17475150307125775,0.03984476819367466,0.1748186004600593,0.22792063510765817,0.022767850534060555,1.2895744489464496,0.05703606614367805,0.04422859474921294,0.7438347718865598,0.04058775174681463,-0.7032470201397452,1.630817333423244,1.2113908644991598,0.7699109268055635,0.7625168491170852,-0.4194264689240843,-0.007394077688478329
Pedestrian hetero-20m,TargetWeighted,2,1,9732,353017,0.22792063510765817,4.164218267377498,10.349484891642188,2.4853367912692583,4.814331516364708,1.4335633608332048,0.32674618425938146,0.06786948145760682,0.1385154309086181,0.0315712508752523,0.1385186096693419,0.22792063510765817,0.02730796140907179,1.1748446579226657,0.17315150056200757,0.14738246279669484,0.5466502260583641,0.17375667899712288,-0.3728935470612412,1.7831646411615543,1.5504009143783397,1.963220889034368,1.9285861167836162,-0.23276372678321455,-0.034634772250751844
Pedestrian hetero-20m,TargetWeighted,2,2,9732,353017,0.22792063510765817,4.37375221675171,11.30278521464382,2.5842307997035645,12.210816063678354,2.1488285923283255,0.4907762880867357,0.04019193190082139,0.19011496278308168,0.043420827551131434,0.19050853217189534,0.22792063510765817,0.01555276399844168,1.2642997325977794,0.14943349379513446,0.11819467232358269,0.8147348951911221,0.0981298808055898,-0.7166050143855323,2.1916616076860826,1.5958478222268122,1.0120537275067802,1.0165980029858457,-0.5958137854592704,0.0045442754790654405
Pedestrian hetero-20m,TargetWeighted,2,3,9732,353017,0.22792063510765817,9.710748580622107,0.631778596585528,0.06505972126553158,10.368218592315902,1.3897378358459895,0.3170452977313004,0.030578569944549917,2.1997228480984523,0.5018297460953671,2.201773980844641,0.22792063510765817,0.47000762760221143,0.0418523737228631,0.037070868577632934,0.8857528599352366,0.032675709001233046,0.01900945334977394,-0.013666255651459104,1.3561076252754036,1.346187202287872,0.6672897341637896,0.6535667554045153,-0.009920422987531596,-0.013722978759274307
Pedestrian hetero-20m,TargetWeighted,2,4,9732,353017,0.22792063510765817,2.758521784975741,13.838343716748891,5.016579438289553,3.548094640780856,1.1257427857355171,0.25638260431729615,0.07225923475882248,0.08134953199345,0.018526971824071703,0.08128694008969876,0.22792063510765817,0.014404084596618898,0.47450899441284894,0.11295768903978844,0.23805172923864903,0.292334566378956,0.06627620221948212,-0.2260583641594739,1.9641547930003769,1.5848757163278069,1.6245184081452535,1.6639053629891376,-0.37927907667257,0.0393869548438841
Pedestrian hetero-20m,TargetWeighted,2,5,9732,353017,0.22792063510765817,12.455460701882844,7.01865406500654,0.563500156867787,2.7733160359495517,0.15313666698723108,0.0352638088587068,0.01271539495479062,0.02181852323119207,0.005024297889859167,0.022044066642080376,0.22792063510765817,0.02256502429354916,0.8705960241940808,0.01743518241130197,0.020026719312409787,0.4773941635840526,0.06381011097410604,-0.4135840526099466,0.953378935419606,1.0644158440872977,3.0936812816673878,3.0917506272314337,0.11103690866769167,-0.0019306544359540823
Pedestrian hetero-20m,TargetWeighted,2,6,9732,353017,0.22792063510765817,0.9438210149818406,5.517191312403915,5.845590600728636,6.852463255476329,2.530906742183072,0.5769741464130164,0.08419952417985122,0.4587310090019358,0.10457751284971226,0.4588329977756738,0.22792063510765817,0.014403937905832236,1.2236479446755335,0.1470135633879857,0.12014367598642235,0.8832716810521989,0.07983970406905055,-0.8034319769831484,3.0249002678998544,2.197705622606955,1.0377655028302748,0.9747824684148844,-0.8271946452928995,-0.06298303441539044
Pedestrian hetero-20m,TargetWeighted,2,7,9732,353017,0.22792063510765817,4.810525986923194,1.4998156263972156,0.31177788610985485,5.324020515170766,0.2691355066991959,0.06089550632021366,0.011437879706194497,0.17944572663990901,0.04060199456680816,0.1781409250909668,0.22792063510765817,0.036685986559369055,0.03524345477869857,0.020390572145193093,0.5785632108883152,0.030826140567200986,0.011302918207973694,-0.019523222359227294,2.0826488155123375,2.0894628961105433,1.3777940177111956,1.367107375276213,0.006814080598205763,-0.010686642434982518
Pedestrian hetero-20m,TargetWeighted,2,8,9732,353017,0.22792063510765817,2.257643616084791,9.941547287747772,4.403506015246711,10.483353045352455,1.1417950309909253,0.25861492849192697,0.024669104162230487,0.11485083727857891,0.026013549073041715,0.11413423764553769,0.22792063510765817,0.005602150654681658,0.6600722834272392,0.012226051291071514,0.018522291289627065,0.37053020961775585,0.007295519934237567,-0.3632346896835183,2.870246314194978,2.2569465804676425,0.5968847827056548,0.6003582005423341,-0.6132997337273354,0.0034734178366793156
Pedestrian hetero-20m,TargetWeighted,3,1,9732,353017,0.22792063510765817,0.5121255337242542,4.4995358673791905,8.786001640648282,1.3408810239840372,2.5435248180396686,0.5794383762095765,0.4321325766596491,0.5652860400173485,0.12877736548843288,0.5650096568812578,0.22792063510765817,0.04918421300635242,1.2804675044003169,0.3693591221964843,0.28845645675709847,0.8058980682285245,0.32675709001233044,-0.47914097821619406,3.3176232727023054,2.383526650336188,2.638416361473257,2.681321131047458,-0.9340966223661176,0.04290476957420086
Pedestrian hetero-20m,TargetWeighted,3,2,9732,353017,0.22792063510765817,2.4092245518326862,12.158613106700978,5.046691495396335,1.958847691494277,0.992469064367158,0.227717535344631,0.11625076067471717,0.08162683151780774,0.018728907084956913,0.08217292942510901,0.22792063510765817,0.0230350439590794,1.4038118162013842,0.1282785243564355,0.09137871754759906,0.7389025893958077,0.11600904233456638,-0.6228935470612413,2.0690921692204016,1.7947395499688443,2.4668165142599774,2.441289282305676,-0.2743526192515573,-0.0255272319543014
Pedestrian hetero-20m,TargetWeighted,3,3,9732,353017,0.22792063510765817,6.221414979731632,9.37022465481594,1.506124357606972,6.128490739689438,0.6173077573035196,0.14065471419812253,0.022950954801596174,0.06587971787073958,0.015010815559872747,0.06585983271845514,0.22792063510765817,0.015238419412908204,0.7584989402322208,0.048300711508632396,0.06367933863829967,0.36508425811755035,0.032059186189889025,-0.33302507192766134,2.0170998546380154,1.4449672282100412,1.1569996891157743,1.163886339582416,-0.5721326264279742,0.006886650466641608
Pedestrian hetero-20m,TargetWeighted,3,4,9732,353017,0.22792063510765817,4.547907514078591,8.606460928378315,1.8924001604720382,2.083636764410617,0.7104659662060008,0.16279571524659078,0.07813056346763683,0.08255030392781534,0.018915523629537995,0.08299170801575811,0.22792063510765817,0.041286491455001316,1.3280735688823786,0.10812134014764482,0.08141216109323762,0.7232840115084258,0.18732018084669133,-0.5359638306617345,2.0583665361399497,1.8226033730870916,3.0770265962292633,3.0675376842879767,-0.23576316305285805,-0.009488911941286648
Pedestrian hetero-20m,TargetWeighted,3,5,9732,353017,0.22792063510765817,2.501157074112514,9.75116644275976,3.8986621450926457,3.2408633751417506,0.5087470161898456,0.1164392168731712,0.03592845579576268,0.05217293937648462,0.011941055199628629,0.052391283790848696,0.22792063510765817,0.00921558585137493,0.5034582732671304,0.056895374758461625,0.11300911445779797,0.3460748047677764,0.08230579531442664,-0.2637690094533498,2.5873530671477964,2.141683163057642,1.8195518087425075,1.8195788013567396,-0.4456699040901544,2.6992614232002055e-05
Pedestrian hetero-20m,TargetWeighted,3,6,9732,353017,0.22792063510765817,7.170399331632351,2.080855587067333,0.2902007946734001,3.0080183102303737,0.4953153836747404,0.11312533076076468,0.03760792612197282,0.23803448176452813,0.05436481556922959,0.2385251917111344,0.22792063510765817,0.1295927699590558,0.0921383241524065,0.06002012939956152,0.6514132250348906,0.09905466502260583,0.03822441430332922,-0.06083025071927661,1.8172642898985998,1.7719166799973571,2.1575047133596192,2.1315185537998125,-0.04534760990124265,-0.025986159559806765
Pedestrian hetero-20m,TargetWeighted,3,7,9732,353017,0.22792063510765817,1.5667111283150472,13.456375625810837,8.588932124579635,1.9715835475529802,0.18335983993903113,0.04232312549044334,0.021466564441718336,0.013626242674963974,0.0031452098719517564,0.013799583054295579,0.22792063510765817,0.0024993286831656823,0.5881049821285592,0.02830362977922078,0.04812683136182872,0.29623921085080146,0.0396629675297986,-0.2565762433210029,2.7440735573442705,2.1697800216901433,2.702968026113274,2.6950748541437632,-0.5742935356541272,-0.007893171969510782
Pedestrian hetero-20m,TargetWeighted,3,8,9732,353017,0.22792063510765817,7.2505404735785355,7.169573782170816,0.9888330116091211,1.4136038076654833,1.7593945328642384,0.4019235909068754,0.2843254848947975,0.2453973672445494,0.05605962119335134,0.24596113777613965,0.22792063510765817,0.2875363976337649,1.2365943956831158,0.2305316277062279,0.18642460830063218,0.6703658035347307,0.1402589395807645,-0.5301068639539662,1.236531359050069,1.2699418034151977,2.949942627153564,2.85373799096319,0.03341044436512863,-0.0962046361903739
VP-context-20m,EdgeWeighted,1,1,23209,812105,0.22037507078903557,17.951027193851644,6.364800787660051,0.35456471183411686,12.416857232333298,1.341300264060102,0.29474296361627156,0.023737324015564287,0.2107371945643949,0.046308277821456814,0.21013391194527842,0.22037507078903557,0.06694778852440315,0.5389341539987423,0.06861444561650161,0.12731507890945604,0.2962905043067091,0.03866618232863977,-0.25762432197806934,1.0979612984731495,0.9305442389928639,1.1491052756519684,1.1415608862004571,-0.16741705948028562,-0.0075443894515112575
VP-context-20m,EdgeWeighted,1,2,23209,812105,0.22037507078903557,10.280310950824962,9.89069712680139,0.9621009680049302,9.136673769788421,3.130129249146666,0.6881332639355636,0.07531551202559174,0.31647205508902443,0.0695737878147286,0.3157062384985868,0.22037507078903557,0.07828233599946074,0.8754648061576251,0.17951199129568032,0.20504763638994677,0.45856754976265385,0.1083776112694787,-0.35018993849317515,1.6892177669825785,1.3503227992876552,1.2501131428556727,1.2256075599706058,-0.33889496769492333,-0.02450558288506688
VP-context-20m,EdgeWeighted,1,3,23209,812105,0.22037507078903557,7.489271659426444,15.813341832702033,2.111465911599529,34.91868562655589,1.0572065553061039,0.22823532648070044,0.006536194656816178,0.066855353272086,0.01443308623509158,0.06549327711379642,0.22037507078903557,0.003095571938885341,1.2179239535302349,0.02906907459934241,0.02386772530124437,0.6455187444973248,0.017463259061328278,-0.6280554854359965,1.7580490590998674,1.4443336755915823,0.5850688801035399,0.584864551333776,-0.3137153835082851,-0.00020432876976383962
VP-context-20m,EdgeWeighted,1,4,23209,812105,0.22037507078903557,8.715861057133816,14.946730286512514,1.7148885430120444,5.95110820163416,0.8949352798058835,0.19665038467284268,0.03304433017843629,0.0598749868400781,0.013156749387438044,0.05970162025729653,0.22037507078903557,0.0192690831835089,0.8480798202120935,0.05983711822933313,0.07055599732205477,0.45736204062282587,0.04024110182796559,-0.4171209387948603,1.22358710727143,1.035444161400586,1.332430348890264,1.3331521760818095,-0.1881429458708439,0.0007218271915454544
VP-context-20m,EdgeWeighted,1,5,23209,812105,0.22037507078903557,13.101896191729193,8.878272123617224,0.6776326103427278,8.029209069824235,0.21322393529217992,0.04907397239546921,0.006111931064142057,0.024016377520668236,0.005527423766348924,0.025081891049380082,0.22037507078903557,0.009019534893480794,0.911414878652364,0.011144313758969552,0.012227487061844856,0.4467993670769174,0.006516398741542042,-0.4402829683353754,1.3040678735022135,0.8539003500224267,0.9260078868145556,0.9234219958506888,-0.45016752347978684,-0.0025858909638667438
VP-context-20m,EdgeWeighted,1,6,23209,812105,0.22037507078903557,20.76558418741463,1.2041566857020631,0.057988095796119424,4.810399470784164,0.190082066683081,0.04215150109941143,0.008762578091027927,0.1578549264904904,0.035004996650237215,0.15884280802032874,0.22037507078903557,0.15110992109030608,0.2214363131718767,0.013547866212352535,0.06118177008311692,0.17632202732405292,0.01426785945167189,-0.16205416787238103,1.600219713590974,1.6057904546238206,1.6274031202965813,1.6271082936474879,0.0055707410328467155,-0.00029482664909341594
VP-context-20m,EdgeWeighted,1,7,23209,812105,0.22037507078903557,7.527343815138517,12.288893256586807,1.6325670172719484,11.12743377554324,1.3033713317267972,0.2864712551328114,0.02574459310690258,0.10606092049563415,0.023311395820461683,0.10578054350336287,0.22037507078903557,0.015769394258759655,1.1363806473277818,0.058041120931505805,0.051075421389158875,0.6210773237450822,0.03372347171855856,-0.5873538520265236,1.7284107478710278,1.1354105435152715,1.0255031812016284,1.0235389786984044,-0.5930002043557563,-0.001964202503224044
VP-context-20m,EdgeWeighted,1,8,23209,812105,0.22037507078903557,6.3346019330839445,8.399821235815889,1.3260219523322583,8.396390738378606,1.5081024390494322,0.32892357021365587,0.03917440005721184,0.17953982530290707,0.039158401183536966,0.1776897870817944,0.22037507078903557,0.02954279881481782,0.7309422890820914,0.07931877094639078,0.10851577620558879,0.439150109899582,0.08459004685354726,-0.3545600630460347,1.7144841838600569,1.4099405680253907,1.3606593373594174,1.3565565596943467,-0.30454361583466616,-0.004102777665070612
VP-context-20m,EdgeWeighted,2,1,23209,812105,0.22037507078903557,4.898179941223645,11.269270538469355,2.3007057010337295,6.371458616021408,1.4085317339035812,0.3087884390496529,0.048464324603559844,0.12498872290317802,0.027400925172711733,0.12433767499757634,0.22037507078903557,0.021064982092726822,0.6678928971164022,0.13791046793419034,0.20648589985722804,0.3638618158981905,0.139743013526576,-0.2241188023716145,1.5867522333616269,1.442694513435853,1.7693631089248512,1.7503101210749434,-0.14405771992577376,-0.01905298784990772
VP-context-20m,EdgeWeighted,2,2,23209,812105,0.22037507078903557,4.460543918547152,9.872959940501458,2.213398208526822,10.523911287287955,2.0302076317352737,0.4461175647075506,0.042390851852059645,0.20563312744240975,0.04518579706027186,0.20504041064210926,0.22037507078903557,0.019151931856290123,1.1572184428878385,0.1498331000094648,0.12947693638617352,0.602568633366375,0.10087858097167238,-0.5016900523947027,2.5889779369901214,1.6575625439290762,1.2866024969528909,1.2660869716216168,-0.9314153930610451,-0.020515525331274098
VP-context-20m,EdgeWeighted,2,3,23209,812105,0.22037507078903557,16.646271182247208,0.7215641164061034,0.04334689180975033,9.259732005840526,1.4281314697433314,0.3123987570813824,0.033737343213277135,1.9792162851227513,0.4329466303117754,1.9645897746770833,0.22037507078903557,0.7783103706315719,0.04019851885014896,0.04210897210945118,1.0475252033830371,0.02930655518682929,0.02520856293213316,-0.0040979922546961305,1.3412590143750693,1.32477683403241,0.882377100470585,0.8795957859969037,-0.01648218034265936,-0.002781314473681351
VP-context-20m,EdgeWeighted,2,4,23209,812105,0.22037507078903557,3.9361886509491377,16.002102608421573,4.065379987290286,5.61101326927892,1.1455158648958899,0.2506839636317223,0.04467712891671111,0.07158533426583424,0.0156656890415848,0.0710864812187251,0.22037507078903557,0.01098965630432824,1.2279248352693906,0.07757682816810114,0.06317717934201568,0.6561577628508629,0.04659003453986861,-0.6095677283109943,1.9300892797358533,1.2578235841235192,1.2903212882098023,1.3005016801093818,-0.6722656956123341,0.010180391899579533
VP-context-20m,EdgeWeighted,2,5,23209,812105,0.22037507078903557,14.959076597722094,8.1121998947046,0.5422928237774358,4.493483668777139,0.27345050016979505,0.05894259452997105,0.013117349197986126,0.033708550501968,0.0072659198765291505,0.032970696371450434,0.22037507078903557,0.024188682536361267,0.4990843074861285,0.022589441110378798,0.0452617730490132,0.2722258821211543,0.06101058360679961,-0.21121529851435467,0.8953766613227871,0.8947738992182666,2.929966086393831,2.9285689460247917,-0.0006027621045205933,-0.0013971403690393736
VP-context-20m,EdgeWeighted,2,6,23209,812105,0.22037507078903557,1.5245683071897536,6.522118884442461,4.27801024782197,6.5861649015272485,2.441316906187832,0.5344747893978552,0.08115113978734512,0.3743134624957686,0.08194802916783449,0.37185705785983625,0.22037507078903557,0.018969365405089273,0.7818300526803537,0.12917601684926872,0.16522262703280255,0.6316412286588556,0.07709224792360594,-0.5545489807352497,3.2179886196905145,2.663901923320042,1.038081033598201,1.0187105137122885,-0.5540866963704727,-0.01937051988591243
VP-context-20m,EdgeWeighted,2,7,23209,812105,0.22037507078903557,7.357983858831479,1.933289124388485,0.26274712731811284,6.283570425716643,0.502479656875884,0.10749224399800643,0.017106873408628688,0.2599092127183668,0.05560070766756112,0.2523003393509247,0.22037507078903557,0.06510774421080401,0.07187911125881932,0.0339695226811329,0.472592347906103,0.04752956822085814,0.02335289155958897,-0.02417667666126917,1.847694272410093,1.8336318507090288,1.5192970936393504,1.516531933571404,-0.01406242170106431,-0.0027651600679463595
VP-context-20m,EdgeWeighted,2,8,23209,812105,0.22037507078903557,2.932248083063436,10.221365475502255,3.485846064554377,9.978230524588868,1.3712657685031258,0.29757856640699626,0.02982277923680557,0.1341568081532841,0.029113386741631997,0.13210834290970566,0.22037507078903557,0.008555391890222247,1.1283616880322476,0.01622656564414404,0.014380642016156329,0.6210009789374527,0.009639147647163853,-0.6113618312902888,2.971175493630964,2.043585754685834,0.6532826333247478,0.6531222958852182,-0.9275897389451297,-0.0001603374395295898
VP-context-20m,EdgeWeighted,3,1,23209,812105,0.22037507078903557,0.7349472806606436,5.2031723467441235,7.079653755940776,1.2366450117319088,2.594958012237277,0.5677449466658473,0.45910098426687257,0.4987261298145941,0.10911515278365923,0.4951338072933702,0.22037507078903557,0.06484794305556907,0.7149888171409481,0.2815487702708558,0.393780657240051,0.4846799367076917,0.20504491414287562,-0.2796350225648161,3.2566251198160985,2.7222213349442055,2.903739343029401,2.848745042960658,-0.534403784871893,-0.054994300068743396
VP-context-20m,EdgeWeighted,3,2,23209,812105,0.22037507078903557,2.1786103273290216,13.539840355373002,6.214897691146026,2.4008445577803474,0.8162690611017458,0.18070299769247952,0.07526642920476308,0.06028646121923896,0.01334602128357526,0.060560482772330185,0.22037507078903557,0.01211064651810503,1.3677122677522824,0.10019725419573312,0.07325901494457497,0.7171350995253077,0.0990044390811533,-0.6181306604441544,2.342228875262064,1.6793960786176279,2.3812598212996323,2.3640362411105533,-0.6628327966444363,-0.01722358018907899
VP-context-20m,EdgeWeighted,3,3,23209,812105,0.22037507078903557,10.601539698914758,8.843011577923985,0.8341252139524563,6.313271986711754,1.0033320280126004,0.21629478934511667,0.0342603311654833,0.1134604447858861,0.02445940358604627,0.11098987915725912,0.22037507078903557,0.04107336666207336,0.9893950934039375,0.06660202658273458,0.0673159047923276,0.5224853928987016,0.04137765436735397,-0.4811077385313476,2.0034119813141644,1.309374085818662,1.223474076126216,1.2145691025542662,-0.6940378954955024,-0.008904973571949748
VP-context-20m,EdgeWeighted,3,4,23209,812105,0.22037507078903557,6.039429600423265,9.195555623661582,1.522586770080283,2.8889220099318864,0.7144236762110062,0.15693473740446115,0.05432293994843145,0.0776922792567054,0.01706636810830443,0.07744236801728965,0.22037507078903557,0.03567805832753067,1.4622750270778473,0.09751179160241905,0.06668498683892106,0.7816452306044169,0.15880335670879997,-0.622841873895617,2.246082692174563,1.4739583142400685,2.871807119673557,2.8606350663066764,-0.7721243779344944,-0.01117205336688043
VP-context-20m,EdgeWeighted,3,5,23209,812105,0.22037507078903557,4.509323769269716,9.845852978563721,2.183443341067484,3.6261792539091418,0.3234725494033006,0.07301801784910884,0.02013635083511922,0.03285368467100052,0.007416119043613757,0.033652257855384234,0.22037507078903557,0.00922229139825156,1.0045023814058012,0.034318124661382045,0.03416430359449302,0.573555143731414,0.049966445225678946,-0.5235886985057351,2.146770244598113,1.587892932202304,1.9405603705216106,1.9388487949434126,-0.5588773123958088,-0.0017115755781980102
VP-context-20m,EdgeWeighted,3,6,23209,812105,0.22037507078903557,6.535028792246957,2.6222518050054027,0.4012609407480785,3.6893894451643923,0.5442763703918473,0.11880109603138403,0.03220074689189745,0.20756068020520216,0.045304991439633825,0.20558128113860644,0.22037507078903557,0.0802488924772395,0.338708269636904,0.057059719156937826,0.16846272319680514,0.27782860590687164,0.03982120538600304,-0.2380074005208686,1.8775157177705797,1.9758259013955815,2.037850401688659,2.0327200152232097,0.09831018362500177,-0.005130386465449277
VP-context-20m,EdgeWeighted,3,7,23209,812105,0.22037507078903557,1.1714008782452672,14.151456725775873,12.080797332307341,2.1925278244235105,0.15808684391171984,0.03509630962995718,0.016007235611303055,0.011171065061596467,0.0024800492475966275,0.01125376443977698,0.22037507078903557,0.0013250148278909704,0.9075168355901624,0.0233916059333382,0.02577539584747491,0.49269737287666004,0.03004660727368998,-0.4626507656029701,3.0809965556350716,2.0923225514730475,2.688103195629911,2.6885402374139242,-0.9886740041620241,0.0004370417840133811
VP-context-20m,EdgeWeighted,3,8,23209,812105,0.22037507078903557,9.856639332536504,9.24843355692184,0.9382948118036599,1.565933656920629,1.5058086369410393,0.332207490549266,0.21214659188121557,0.16281769513128674,0.03592040621207973,0.16299667858756786,0.22037507078903557,0.22609800987008713,0.5819699227933196,0.1893279309044871,0.3253225299729099,0.31836523602243555,0.15825416664101316,-0.1601110693814224,1.0661316431646068,1.0453409990048175,3.055531124237686,3.022365856608183,-0.020790644159789373,-0.03316526762950334
VP-context-20m,TargetWeighted,1,1,23209,812105,0.21999326687174708,18.430924443986967,6.3862128186366425,0.3464944384412134,12.162497620454376,1.3445466228986953,0.2952702315598584,0.02427710496078653,0.21053896244571843,0.04623557646494754,0.2101681338739375,0.21999326687174708,0.07006491754774942,0.512803476045342,0.06439625804021443,0.1255768726083124,0.27734930414925246,0.03584816235081219,-0.2415011417984403,0.9956019127761494,0.8398627629557011,1.0940092898509515,1.0873271523937533,-0.15573914982044834,-0.006682137457198145
VP-context-20m,TargetWeighted,1,2,23209,812105,0.21999326687174708,10.13335583700564,9.929905167887545,0.979922674956864,9.090017359567904,3.14089575004105,0.6899529911669898,0.07590227423292446,0.3163067213406396,0.06948233430299161,0.31583844420617824,0.21999326687174708,0.0774574110775542,0.8723483053669129,0.16805728707909356,0.19264929400179795,0.45602998836658193,0.1016846912835538,-0.35434529708302814,1.5464814211240208,1.2274679381500215,1.189871325366624,1.1680762193974095,-0.31901348297399923,-0.021795105969214523
VP-context-20m,TargetWeighted,1,3,23209,812105,0.21999326687174708,7.673099018130925,15.851680641022288,2.065877239809789,34.317246509581615,1.064216453194375,0.2298621800918744,0.006698153360314434,0.06713587515565693,0.014500808157338849,0.06591477868568052,0.21999326687174708,0.0032422804215164053,1.2090042042444569,0.028320492973813116,0.0234246437193037,0.6386746520746263,0.01684691283553794,-0.6218277392390883,1.618833187337843,1.3275392928702117,0.5530347688597735,0.552860391604792,-0.2912938944676313,-0.00017437725498159473
VP-context-20m,TargetWeighted,1,4,23209,812105,0.21999326687174708,8.934030731404977,15.004081408842502,1.6794302418622458,6.021493333685046,0.8951259794566663,0.1965438453766697,0.032640382403277456,0.05965883245158511,0.013099358760466667,0.059544359476509844,0.21999326687174708,0.019435390286130658,0.8441135143282351,0.05579034188736945,0.06609341075510984,0.4508595803352148,0.03645137662113835,-0.41440820371407644,1.1213622542525126,0.9251839228903589,1.2534878490412824,1.2540650903227037,-0.19617833136215368,0.0005772412814213368
VP-context-20m,TargetWeighted,1,5,23209,812105,0.21999326687174708,13.201244284415411,8.88314462358623,0.6729020708558594,8.05459869320355,0.21657757138895406,0.0496619206019317,0.006165660442174443,0.024380732310728924,0.005590578860346957,0.02541249869015854,0.21999326687174708,0.009162789977306032,0.8791368581737558,0.010059509748652148,0.011442484228364714,0.4300056012753673,0.005730535568098582,-0.4242750657072687,1.2058155069456535,0.7908422323217646,0.8722344222966059,0.870454592978468,-0.4149732746238889,-0.0017798293181379155
VP-context-20m,TargetWeighted,1,6,23209,812105,0.21999326687174708,20.81481510171089,1.2311542782834952,0.05914798049735352,4.8159537033665805,0.19226093658399296,0.04264627769420214,0.00885520921346031,0.1561631538903607,0.03463926341324823,0.1574560091372357,0.21999326687174708,0.14971276520132193,0.20664552478473758,0.013084213809912846,0.06331718623169215,0.16015338877159724,0.013701581283122927,-0.1464518074884743,1.4646556999307494,1.4679245993889578,1.5418712157926622,1.5415393525189358,0.0032688994582084074,-0.0003318632737263627
VP-context-20m,TargetWeighted,1,7,23209,812105,0.21999326687174708,7.667575308833522,12.347535853335351,1.6103572954812264,11.026417002171756,1.304341909258644,0.28644412968895133,0.02597798807833529,0.10563580650385018,0.02319848533823786,0.1054508831729537,0.21999326687174708,0.01613181620620042,1.1450732600318378,0.05567309438622753,0.04861967862080964,0.6261364125985609,0.03283209099918135,-0.5933043215993795,1.6008215741846188,1.049894355480764,0.9723842994908396,0.970960046255869,-0.5509272187038547,-0.0014242532349706405
VP-context-20m,TargetWeighted,1,8,23209,812105,0.21999326687174708,6.310061783956943,8.426441165666407,1.335397566745906,8.563960032814624,1.5186064017245737,0.3311683300728042,0.03866999944151569,0.18021918981763665,0.039301090836442426,0.17864678137120707,0.21999326687174708,0.028957667824848585,0.7198884878573405,0.07569305011063594,0.10514551952965909,0.4219052953595588,0.08367443664095825,-0.33823085871860054,1.58271264647288,1.2875208264432045,1.294855974718039,1.2904030349583602,-0.2951918200296755,-0.0044529397596788645
VP-context-20m,TargetWeighted,2,1,23209,812105,0.21999326687174708,4.856447695342526,11.307100991133089,2.328265777204657,6.447647548072178,1.4105413766773234,0.3089788302029494,0.04792117239971053,0.12474827778897282,0.02732608740047396,0.12421328410142586,0.21999326687174708,0.020582346166433705,0.6462889094404239,0.1336716204306252,0.2068295098519746,0.35059675126028694,0.1311560170623465,-0.21944073419794044,1.5085281196114884,1.338815110915772,1.6372280995958421,1.6194177396940446,-0.16971300869571637,-0.01781035990179758
VP-context-20m,TargetWeighted,2,2,23209,812105,0.21999326687174708,4.471390086882257,9.94356840726836,2.2238203761737676,10.465009269180857,2.038874843904597,0.4477230525922861,0.04278286245603132,0.20504458342779774,0.045026396340246834,0.2046716926103909,0.21999326687174708,0.019238452314776246,1.1354792611239881,0.14017078951520986,0.123446365847311,0.5871860054289284,0.09315351803179801,-0.4940324873971304,2.4137732178527336,1.5246877093694535,1.1979346886586422,1.178192526629988,-0.88908550848328,-0.019742162028654198
VP-context-20m,TargetWeighted,2,3,23209,812105,0.21999326687174708,16.630443085745146,0.7247537740691525,0.04357994371506426,9.114758411770923,1.435675511891647,0.31389846636210533,0.034438484470674255,1.980914820245577,0.4331104897441344,1.968744208472478,0.21999326687174708,0.7902368298929587,0.038698383745159624,0.04257936325353009,1.10028761229543,0.0281356370373562,0.025895126890430435,-0.0022405101469257643,1.2349040620749336,1.2195380567880618,0.854297111542112,0.8513692146058359,-0.01536600528687182,-0.002927896936276042
VP-context-20m,TargetWeighted,2,4,23209,812105,0.21999326687174708,3.940798099259047,16.0570918209158,4.074578645170654,5.688656956141864,1.1473594701992609,0.25092375938518885,0.04410949032058954,0.07145499834472967,0.01562697417611254,0.07103387157246101,0.21999326687174708,0.010825534135809221,1.242355434386298,0.07279635158009945,0.0585954300832638,0.6610366668102892,0.04368994786505235,-0.6173467189452368,1.8046364646297273,1.1619009047415214,1.2069550982840107,1.2148801082495415,-0.6427355598882059,0.007925009965530805
VP-context-20m,TargetWeighted,2,5,23209,812105,0.21999326687174708,14.965652011382339,8.135991188455003,0.5436442847148,4.521154079584457,0.2811907362048849,0.06072010868785725,0.013430223231661207,0.03456133731539459,0.007463148276191324,0.03392443797517609,0.21999326687174708,0.024704063598619767,0.5142747864872338,0.022566607339818,0.04388044581216063,0.27868499289068893,0.056443621009091303,-0.22224137188159762,0.8216777318416507,0.8285100705797558,2.755275930293335,2.7542002738952798,0.00683233873810507,-0.0010756563980551803
VP-context-20m,TargetWeighted,2,6,23209,812105,0.21999326687174708,1.5422519246515098,6.548263411947093,4.245910324260187,6.585530700484141,2.448476214714701,0.5358098495631967,0.08136168110342107,0.373912296580558,0.08182472436392553,0.37194193171470497,0.21999326687174708,0.019162364416157093,0.7815467276981373,0.12169058011912957,0.15570480209224677,0.6226463871773881,0.0733767073118187,-0.5492696798655694,3.029452269136691,2.471107083322177,0.9775420687821392,0.9615878340323469,-0.5583451858145141,-0.015954234749792295
VP-context-20m,TargetWeighted,2,7,23209,812105,0.21999326687174708,7.354351576766205,1.956042118966427,0.2659707107947122,6.257677051946253,0.5100518638238666,0.10930344449349401,0.017467095762768337,0.26075709529496593,0.05587990303217547,0.2540073216180722,0.21999326687174708,0.06567300231610909,0.07394193028656224,0.03188093402129656,0.43116171820406524,0.04782627429014606,0.02111249946141583,-0.026713774828730233,1.7564799538344429,1.7413144083415173,1.4053656018494718,1.402870134834531,-0.015165545492925592,-0.0024954670149408553
VP-context-20m,TargetWeighted,2,8,23209,812105,0.21999326687174708,2.9823155361771674,10.266391207551392,3.442422858543992,9.890577761755049,1.3709588913314086,0.29743616675960016,0.03007267862641973,0.13353853971467805,0.028971832502457547,0.13169417226939945,0.21999326687174708,0.008735904848069779,1.1345263968519061,0.017790352655585803,0.015680862559163018,0.6277737084751605,0.010513162997113188,-0.6172605454780473,2.7860284550922163,1.8869534495360984,0.6404682326313424,0.6402712990139459,-0.8990750055561179,-0.00019693361739658855
VP-context-20m,TargetWeighted,3,1,23209,812105,0.21999326687174708,0.7531965941183637,5.219755185415684,6.930136377241827,1.2447072824292342,2.6011580178323683,0.5687657271127594,0.45694737274554503,0.49832950405736814,0.10896406168861811,0.49530632589350715,0.21999326687174708,0.06593627415281053,0.7090777871832395,0.26771785685126975,0.37755780524331695,0.4672756258348055,0.19354560730751003,-0.27373001852729545,3.078088165073074,2.5244328689493396,2.7430970273768813,2.68811123029367,-0.5536552961237344,-0.054985797083211274
VP-context-20m,TargetWeighted,3,2,23209,812105,0.21999326687174708,2.153129393823657,13.59622425916817,6.3146340554465406,2.416532548219868,0.8240291403127178,0.18224138241831223,0.07541441219089548,0.06060720417662929,0.01340382291512921,0.06092832974592876,0.21999326687174708,0.011942800075076487,1.3485843353067926,0.0967340542119137,0.07173007350156319,0.7033478392003102,0.09061140074970916,-0.612736438450601,2.1996248670023033,1.5595146199758645,2.2282577974080437,2.2122520887997865,-0.6401102470264388,-0.01600570860825723
VP-context-20m,TargetWeighted,3,3,23209,812105,0.21999326687174708,10.648031896157674,8.886850310360169,0.8346002706116021,6.352814226412202,1.0201125849887291,0.22017596589525268,0.0346580204774882,0.11478899139907936,0.02477547814559448,0.11261925136029602,0.21999326687174708,0.0415264903243149,0.9675967850220824,0.06335787313917622,0.06547962277792609,0.5116118747037787,0.03933818777198501,-0.47227368693179367,1.8518836895399602,1.2106199624350087,1.130479987596481,1.121508967560674,-0.6412637271049515,-0.008971020035807076
VP-context-20m,TargetWeighted,3,4,23209,812105,0.21999326687174708,6.2343009561282585,9.221708258423682,1.479188814997284,2.907809652839773,0.7222489297565725,0.1585274692366284,0.054517828750115,0.07832051380649786,0.017190683615469257,0.07814185896913195,0.21999326687174708,0.03685657154029345,1.432897602519354,0.09498903821435593,0.06629157406951358,0.76789176612521,0.14727045542677408,-0.620621310698436,2.075278187106019,1.359012085116611,2.701526552376515,2.6909559410428163,-0.7162661019894081,-0.010570611333698743
VP-context-20m,TargetWeighted,3,5,23209,812105,0.21999326687174708,4.491542481283465,9.89247930026848,2.2024681541956626,3.594074177230122,0.31901791152380227,0.07180392681887443,0.019978420889027952,0.032248529566562635,0.007258435885161904,0.032993898669882844,0.21999326687174708,0.009070923799856166,0.9930184537602282,0.03168034070970206,0.031903073171206935,0.5676246283769227,0.04627515188073592,-0.5213494764961868,2.0023518415040087,1.482670113560443,1.8053726194287574,1.8042347224240878,-0.5196817279435657,-0.0011378970046695969
VP-context-20m,TargetWeighted,3,6,23209,812105,0.21999326687174708,6.543746577300289,2.6457496735075474,0.40431725743204355,3.6778986668241105,0.5494929211156513,0.11993741810069909,0.032610310571216126,0.20768893011343859,0.04533211091296232,0.20606134677193017,0.21999326687174708,0.0806552507102536,0.33581008920763694,0.05380378722699831,0.160220872909872,0.269076651299065,0.03770089189538541,-0.23137575940367958,1.7201582398965727,1.8174356150932733,1.8918883201303975,1.888345467668467,0.09727737519670066,-0.0035428524619305346
VP-context-20m,TargetWeighted,3,7,23209,812105,0.21999326687174708,1.1842689489495681,14.21634780097573,12.00432359012893,2.1826438002269732,0.1613155574287768,0.03577398974036052,0.016390209695571163,0.01134718702536478,0.0025163980380911344,0.011438522457930195,0.21999326687174708,0.0013653588691490393,0.8818625738785246,0.023009138986401934,0.026091524243159647,0.4800292989788444,0.027618596234219483,-0.4524107027446249,2.8932406314373718,1.935493291903964,2.512969997514606,2.5135801003690186,-0.9577473395334077,0.000610102854412542
VP-context-20m,TargetWeighted,3,8,23209,812105,0.21999326687174708,9.896397662017481,9.279774255832637,0.9376921343886193,1.5706557694977417,1.5077932684379522,0.3323020047626766,0.21156895680155893,0.16248167522668333,0.03580927673921823,0.1627744140567283,0.21999326687174708,0.2256273106985482,0.5800263634506864,0.1805502244754827,0.31127933614700193,0.3157395837821535,0.15433667973630918,-0.16140290404584431,0.9910934259416726,0.9784630209176386,2.888742098218999,2.8602852714201483,-0.012630405024034008,-0.028456826798850532
Partial targets (auxiliary),EdgeWeighted,1,1,30027,1052730,0.2128711515516882,16.826727827682888,6.468612051047123,0.38442483371965436,11.933909691972728,1.3887559352294367,0.2940628185226845,0.024640945496183418,0.21469148592049409,0.04545995582166391,0.21355619751539512,0.2128711515516882,0.06409821295044363,0.4053583295693006,0.056972856272294904,0.1405493626523866,0.22919742004122615,0.03549818092008397,-0.19369923912114217,1.062932090552559,0.9651913752780573,1.2753909351314734,1.271609713022496,-0.09774071527450168,-0.0037812221089774667
Partial targets (auxiliary),EdgeWeighted,1,2,30027,1052730,0.2128711515516882,9.577369981734655,10.27828730134462,1.0731847375860868,7.722519775556337,3.2365267199954713,0.6862913122053774,0.08886883184021994,0.31488969143946455,0.06677097958216113,0.3136685077276105,0.2128711515516882,0.08280851180573756,0.6465055130531279,0.15024795221259035,0.23240010619405554,0.3564437225119451,0.09959818756946226,-0.25684553494248286,1.504231136157043,1.3246399965981617,1.3551318544819713,1.3384060247684137,-0.1795911395588814,-0.016725829713557516
Partial targets (auxiliary),EdgeWeighted,1,3,30027,1052730,0.2128711515516882,7.6644944168870985,17.215288443807026,2.246108808353448,33.42293992602197,1.2261748337367975,0.25571618611970903,0.007650918399434632,0.0712259243884838,0.014854016928375045,0.06977937650219602,0.2128711515516882,0.0034062990790638898,1.316040226673909,0.024207908951379503,0.01839450518060246,0.6892631538951108,0.01318001766834801,-0.6760831362267629,1.6491038660892496,1.1592534475154734,0.6139746994245214,0.6144690670868792,-0.4898504185737762,0.0004943676623577753
Partial targets (auxiliary),EdgeWeighted,1,4,30027,1052730,0.2128711515516882,8.397055688521974,15.627429226365429,1.8610605654451147,6.163792314036639,0.9278500606228024,0.1964608090849383,0.03187336606374775,0.059373173065706254,0.012571537270363633,0.059057023876440316,0.2128711515516882,0.017126452778746613,0.6224462117802896,0.05146567905878213,0.08268293269028539,0.3635813551432941,0.034466577375015434,-0.3291147777682787,1.2091198167502588,1.068667739646502,1.4106649169576908,1.4133479311864305,-0.14045207710375673,0.002683014228739733
Partial targets (auxiliary),EdgeWeighted,1,5,30027,1052730,0.2128711515516882,11.76945531876234,9.934696683986358,0.8441084490722203,8.309353002543299,0.15822862034822208,0.035680139092625324,0.004293973193672808,0.01592686975979856,0.003591467378588731,0.016871554382516352,0.2128711515516882,0.005086992254991042,0.900841718733621,0.00930264598728749,0.010326615309400574,0.45254053745974754,0.005257758399589639,-0.4472827790601579,1.3252800220622178,0.8536034028315982,0.8526391893217855,0.850486946545276,-0.47167661923061965,-0.0021522427765094942
Partial targets (auxiliary),EdgeWeighted,1,6,30027,1052730,0.2128711515516882,22.429437891175827,1.2422027536556661,0.05538269657620558,4.485877492206172,0.18309067220385333,0.03897628092931264,0.008688663680660909,0.14739193758113822,0.031376746268547764,0.14739782523772735,0.2128711515516882,0.1568840567353903,0.18139262828909164,0.013727805013307948,0.07568005594267545,0.14729987746145734,0.01390100025647602,-0.1333988772049813,1.6452921379106573,1.6439381741782364,1.781172880068756,1.780868036441629,-0.0013539637324209153,-0.0003048436271271271
Partial targets (auxiliary),EdgeWeighted,1,7,30027,1052730,0.2128711515516882,7.005441702185001,12.271147609247251,1.7516593690164148,11.069172688060208,1.3548253721543568,0.2874220412486888,0.025965991234291375,0.11040738928356775,0.023422588511433792,0.11003175977759885,0.2128711515516882,0.014823653242944814,1.2225255672735156,0.04350797444003931,0.03558860055678432,0.6598843008178735,0.026773246701433415,-0.6331110541164401,1.673837931720079,1.0316222244774895,0.9728904769267414,0.9683232653854553,-0.6422157072425896,-0.0045672115412860315
Partial targets (auxiliary),EdgeWeighted,1,8,30027,1052730,0.2128711515516882,6.080787884801618,8.626295698385203,1.4186147992038507,7.615254584518562,1.6426194596727395,0.345544050888807,0.04537524604069425,0.19042002676491007,0.040057060709490916,0.18817514038774333,0.2128711515516882,0.03198560014057626,0.4910442029112906,0.06418841532344559,0.13071819937126827,0.34709279682349703,0.07331889468334711,-0.2737739021401499,1.69724578747893,1.4944207209978246,1.46650325083803,1.4617870856727782,-0.20282506648110532,-0.004716165165251862
Partial targets (auxiliary),EdgeWeighted,2,1,30027,1052730,0.2128711515516882,5.136140992676754,11.691481695571872,2.2763163412917855,6.587615019542909,1.4784962932358834,0.3134097806800179,0.047575606539619585,0.1264592744075602,0.026806677594222682,0.12592911787026462,0.2128711515516882,0.020900261298312482,0.5516861392750583,0.10586779435365543,0.19189859033577464,0.34525376877261976,0.10943356796139561,-0.23582020081122415,1.5722153627947177,1.5006753046472718,1.7596833275032027,1.7488171530216996,-0.0715400581474459,-0.010866174481503066
Partial targets (auxiliary),EdgeWeighted,2,2,30027,1052730,0.2128711515516882,4.34700781244942,8.897151296994123,2.046729994605996,10.163044411876113,2.0969219929622693,0.443506290775284,0.04363911760738049,0.23568465013221274,0.04984812278359704,0.23417038935775805,0.2128711515516882,0.02132138460333033,1.2496790558513526,0.1231122839623593,0.09851512066299055,0.6342110512667065,0.08666704663113999,-0.5475440046355665,2.6854530877142664,1.5278223443481813,1.3203126192107633,1.3031351793756916,-1.157630743366085,-0.017177439835071695
Partial targets (auxiliary),EdgeWeighted,2,3,30027,1052730,0.2128711515516882,18.822170177942354,0.8313020957772386,0.04416611301866657,9.258776258596468,1.5293356215986762,0.3228208209315893,0.0348664673998571,1.8396869332705472,0.38833153277022325,1.8242561835973763,0.2128711515516882,0.7894391677784571,0.03470313220987943,0.03205448361606595,0.923676692508281,0.025953473350241753,0.018870935567524436,-0.007082537782717318,1.474485712482703,1.4641223080577994,0.9126669804575638,0.9081710655242523,-0.010363404424903688,-0.004495914933311473
Partial targets (auxiliary),EdgeWeighted,2,4,30027,1052730,0.2128711515516882,3.9882443511651258,16.761225080134437,4.202657500965616,6.031570211556046,1.2163166847083589,0.2570265242589866,0.042613534256868514,0.07256729016927742,0.015334590572992838,0.07203695635056408,0.2128711515516882,0.01013966380693189,1.3151475622815603,0.060073758783708686,0.04567834062871804,0.7060518841488321,0.039197135067871154,-0.666854749080961,2.0354648966076136,1.1722332354951464,1.3140644760584117,1.320009468273893,-0.8632316611124673,0.005944992215481282
Partial targets (auxiliary),EdgeWeighted,2,5,30027,1052730,0.2128711515516882,16.275464997775106,8.573473889271346,0.5267728992797214,4.760131721869613,0.32259265010735955,0.06685656138749876,0.014045107394798893,0.03762683060536015,0.007798071373749776,0.036632822017351054,0.2128711515516882,0.026662546891417317,0.4708507897148197,0.019240939789939224,0.04086419689972469,0.2556790440093851,0.04407112934940583,-0.2116079146599793,0.8035979701398136,0.7674897810895311,2.8972220074491837,2.895212866718467,-0.03610818905028246,-0.002009140730716563
Partial targets (auxiliary),EdgeWeighted,2,6,30027,1052730,0.2128711515516882,1.5897099904929481,6.901990688548692,4.341666521823777,6.666370570425469,2.608810410599038,0.5512176178384931,0.08268631501780578,0.3779794155833334,0.07986357007904976,0.3751732714609993,0.2128711515516882,0.019044833225151506,0.5956169358295299,0.11098745294848895,0.1863403211168112,0.6014068184624738,0.0676346261624538,-0.53377219230002,3.3220516695850777,2.929984271140714,1.1317159589346186,1.1139151902684115,-0.39206739844436367,-0.017800768666207167
Partial targets (auxiliary),EdgeWeighted,2,7,30027,1052730,0.2128711515516882,7.55455928200145,2.238507744462207,0.29631215507597836,6.345047212501395,0.6187688619723256,0.12816290364797037,0.020198888858299933,0.27642024502210516,0.0572537233308629,0.2689595101258508,0.2128711515516882,0.06816759903570166,0.07975569439105924,0.026504658117074822,0.33232303970530847,0.059175667075128474,0.015770425465219003,-0.04340524160990947,1.838544533200328,1.8229574274847609,1.5553485202530948,1.5532770786659766,-0.015587105715567207,-0.002071441587118139
Partial targets (auxiliary),EdgeWeighted,2,8,30027,1052730,0.2128711515516882,2.974541220936326,10.119223902330953,3.401944406447385,9.572582957451338,1.5377123872115317,0.3229965016955377,0.03374183360894224,0.1519595178971903,0.031919098193088184,0.1499456195025166,0.2128711515516882,0.009918396504602061,1.2247375101014415,0.015108063934661393,0.012335756590040645,0.6643279853333713,0.008612844699020641,-0.6557151406343507,2.9951131253417564,1.7792576954760984,0.6932575886678888,0.6945987389627951,-1.215855429865658,0.0013411502949063348
Partial targets (auxiliary),EdgeWeighted,3,1,30027,1052730,0.2128711515516882,0.7368115855425281,5.538153336040809,7.516376465225093,1.2808153915448883,2.7640029999249807,0.58366828706634,0.4557005532275249,0.4990838691566656,0.10539041637111779,0.4950901550162654,0.2128711515516882,0.060627691378893844,0.5220554962919979,0.20438390214862673,0.3914984128800856,0.43689360044835807,0.17217330179628204,-0.264720298652076,3.2976138441518255,2.9515733585903496,3.021897871532331,2.9813066791260927,-0.3460404855614758,-0.0405911924062381
Partial targets (auxiliary),EdgeWeighted,3,2,30027,1052730,0.2128711515516882,2.0851592910303296,14.002344791484004,6.715239830628334,2.645454752624698,0.8111922698321464,0.17277580392913502,0.06531043598633109,0.05793260209862666,0.01233906223412123,0.057964931201472905,0.2128711515516882,0.00972570415001292,1.3743067405066036,0.07878674706280156,0.0573283563031025,0.7106922002792739,0.08408708785728534,-0.6266051124219886,2.487759559012094,1.5219509143057164,2.4275753375284266,2.416634798823345,-0.9658086447063776,-0.010940538705081604
Partial targets (auxiliary),EdgeWeighted,3,3,30027,1052730,0.2128711515516882,11.114147173624604,8.46641406452434,0.7617691150427277,6.45062165435366,1.1833656658858838,0.2455448646046654,0.03806530244387981,0.13977176824444032,0.0290022272054371,0.13624310119806876,0.2128711515516882,0.04996960521568096,0.9775838109414942,0.06355443018390024,0.06501174510303583,0.5081720859099674,0.04224350023272824,-0.46592858567723916,2.0146436793197693,1.2620531724595243,1.3103056081455722,1.2993097104913445,-0.752590506860245,-0.010995897654227704
Partial targets (auxiliary),EdgeWeighted,3,4,30027,1052730,0.2128711515516882,6.46550425163615,9.455516840688366,1.4624562072897882,3.0089968672458096,0.7385397093802489,0.1566608642165736,0.05206414981725344,0.07810675196739593,0.016568196819951583,0.07783204027816884,0.2128711515516882,0.03560048444645974,1.3578289627448807,0.07423259824396694,0.05467006503323032,0.7412897894046907,0.1422188025419623,-0.5990709868627284,2.3990758069543605,1.399007158328208,2.8425169798730128,2.8348429724045,-1.0000686486261525,-0.007674007468512656
Partial targets (auxiliary),EdgeWeighted,3,5,30027,1052730,0.2128711515516882,4.6040963086451105,9.575400606866236,2.079756795723178,3.5150552816238543,0.259925559263181,0.05806516058868625,0.01651898925375419,0.027145136758596262,0.006063992819935859,0.028486680749676998,0.2128711515516882,0.007942750425576881,1.0494450042980736,0.02755950734562577,0.02626103032568989,0.5670447313176218,0.041588061516248234,-0.5254566698013735,1.9712448758178327,1.377910015307672,1.9722913745662418,1.9697667869515794,-0.5933348605101607,-0.0025245876146624546
Partial targets (auxiliary),EdgeWeighted,3,6,30027,1052730,0.2128711515516882,5.951226865404949,2.9301034582360157,0.49235284078068997,3.616764770131614,0.5901777600734699,0.12422585232684484,0.03434723015698142,0.2014187439014805,0.042396404657215545,0.1991646230902023,0.2128711515516882,0.06976141217120889,0.315397071351179,0.04533209699072828,0.14373023617251943,0.2961785073095666,0.03211079764042062,-0.26406770966914594,2.0163898216571585,2.113842271739306,2.1289631792811887,2.1251479378962963,0.09745245008214765,-0.0038152413848924205
Partial targets (auxiliary),EdgeWeighted,3,7,30027,1052730,0.2128711515516882,1.0604925385738826,14.350474064712799,13.531895234917842,2.1513751356421342,0.1580579406539301,0.033644265870196984,0.015638493332205423,0.01101412676898574,0.002344470691005399,0.011013566487427314,0.2128711515516882,0.0011556764997924997,1.0778664233766737,0.019543527194305334,0.018131678090281163,0.5726368584537346,0.02612255754086993,-0.5465143009128647,3.192258139410865,1.8500068915343473,2.7198130247027525,2.7211334137270593,-1.3422512478765176,0.0013203890243067562
Partial targets (auxiliary),EdgeWeighted,3,8,30027,1052730,0.2128711515516882,10.543975553027979,10.194805506675666,0.9668844019729461,1.5576695051095542,1.5157704952648152,0.3227393469994094,0.20719372361646976,0.14868066808979005,0.03165723431128764,0.14871546751813447,0.2128711515516882,0.21429006513166035,0.48277023292413224,0.14639570655770826,0.3032409488849015,0.269136435743258,0.13698859156668852,-0.1321478441765695,0.9510728638357738,0.8930210953875074,3.1047565609374854,3.0776599960514894,-0.05805176844826643,-0.02709656488599599
Partial targets (auxiliary),TargetWeighted,1,1,30027,1052730,0.21389323214624384,17.163152428485446,6.464888756504002,0.3766725710602902,11.861303883460604,1.385258044436885,0.2950875808188355,0.02487817388959436,0.21427407252762165,0.045644649347680755,0.21339921210073778,0.21389323214624384,0.06604721219570894,0.3628112818094835,0.05439204579427792,0.14991828265047447,0.20225130715689213,0.03327005694874613,-0.168981250208146,0.9580592437323274,0.8705997166626085,1.1668462234742392,1.1645885898411323,-0.08745952706971893,-0.002257633633106826
Partial targets (auxiliary),TargetWeighted,1,2,30027,1052730,0.21389323214624384,9.630229346206665,10.291262715584383,1.0686414969911056,7.60049108153915,3.232569134789632,0.6899182601825392,0.09077285294769369,0.31410811491124113,0.06703922332751082,0.3134237559580051,0.21389323214624384,0.08494228640180379,0.6336857154208348,0.14013906305407814,0.2211491555392239,0.347021014420355,0.09211709461484664,-0.25490391980550836,1.3401554818905161,1.1709745258335087,1.2566843952141766,1.2408191501047945,-0.16918095605700745,-0.015865245109382142
Partial targets (auxiliary),TargetWeighted,1,3,30027,1052730,0.21389323214624384,7.800814692365117,17.23754727164465,2.209711155735878,32.893315958815165,1.2363955968248406,0.2603776514021351,0.007915822523000986,0.07172688646611647,0.015105261041366216,0.07062056234127488,0.21389323214624384,0.003582288330594944,1.2842608055106315,0.024053546858945,0.018729487475159894,0.6726279681619876,0.01342125420454924,-0.6592067139574384,1.496535963676444,1.0600777180203333,0.569047289862422,0.5697741678022308,-0.4364582456561106,0.0007268779398087455
Partial targets (auxiliary),TargetWeighted,1,4,30027,1052730,0.21389323214624384,8.71078234924214,15.64677048375306,1.7962531766336507,6.384059872561085,0.9235879764925936,0.19669161837826715,0.03080980159906655,0.059027386952555744,0.01257074860635272,0.05877113498404874,0.21389323214624384,0.017152259953290356,0.6029842427683515,0.047507332199966126,0.07878701969720761,0.34672128417757353,0.03097212508742132,-0.3157491590901522,1.1024436511455198,0.957483710160532,1.2854683437153966,1.2867864841805634,-0.14495994098498777,0.0013181404651667616
Partial targets (auxiliary),TargetWeighted,1,5,30027,1052730,0.21389323214624384,11.941693716539195,9.944838066558125,0.832782877730044,8.42337812403829,0.15708835307263772,0.03527629812419901,0.004187903898276859,0.015795968910034326,0.0035471968324302786,0.01658395934736908,0.21389323214624384,0.0050288063791656765,0.8558174833699747,0.00761446502562574,0.008897300048918215,0.4309454823991741,0.004396043560795284,-0.4265494388383788,1.1820073554906636,0.766741935011743,0.7708756240711099,0.769455355404833,-0.41526542047892057,-0.0014202686662768693
Partial targets (auxiliary),TargetWeighted,1,6,30027,1052730,0.21389323214624384,22.372630022236663,1.2571663185594755,0.05619215607409714,4.461548403552439,0.18385242152372147,0.039295633437125776,0.00880762233079462,0.14624351396237986,0.03125730664625157,0.14613508277592155,0.21389323214624384,0.1567411072778464,0.1645613567627551,0.013032472723925173,0.07919521440724198,0.13031604888933293,0.01278849035867719,-0.11752755853065575,1.4348793800177346,1.430330893123176,1.616347653046356,1.6159287805973142,-0.004548486894558668,-0.00041887244904192933
Partial targets (auxiliary),TargetWeighted,1,7,30027,1052730,0.21389323214624384,7.180049097580647,12.28361484981283,1.710798166664887,10.821862177371466,1.3495566730804065,0.28818755263627044,0.026630125910545217,0.10986641053812478,0.02346113549840341,0.1096861932756271,0.21389323214624384,0.015565907348848874,1.1942833180717,0.039447606673640244,0.033030358664834315,0.646351616878143,0.02391181270190162,-0.6224398041762415,1.5053857922054819,0.9341968356473795,0.8894871389330544,0.886313732447018,-0.5711889565581023,-0.0031734064860363675
Partial targets (auxiliary),TargetWeighted,1,8,30027,1052730,0.21389323214624384,6.192690772908304,8.629352848708594,1.393473879323254,7.978200711980624,1.650313263423784,0.35003752990245424,0.04387424459478325,0.19124415126428818,0.0405635898350364,0.1896440926698475,0.21389323214624384,0.03148551611260614,0.47230850894233845,0.060708693993715375,0.1285360978236494,0.32240983115196326,0.06840510207479934,-0.2540047290771639,1.522191794786154,1.3327846635916563,1.3233797525525526,1.3189817842289069,-0.1894071311944978,-0.004397968323645696
Partial targets (auxiliary),TargetWeighted,2,1,30027,1052730,0.21389323214624384,5.029633708543478,11.694722155278349,2.325163781243498,6.638022934796095,1.4776798842643073,0.31543585193995627,0.04751954829973034,0.12635442410522085,0.026972496437451577,0.12610261159634883,0.21389323214624384,0.020437075649761806,0.5207943287985913,0.10127897198647064,0.19447018610092573,0.33193459220035304,0.09997668764778365,-0.23195790455256937,1.498162592478671,1.3978914806085672,1.592446167914165,1.5834070048305804,-0.10027111187010385,-0.009039163083584656
Partial targets (auxiliary),TargetWeighted,2,2,30027,1052730,0.21389323214624384,4.370848791241889,8.900531577389811,2.03633938901316,10.199374177248488,2.095349761217713,0.44593288599296926,0.04372159289444304,0.23541849614762161,0.05010182612292087,0.23423753654014498,0.21389323214624384,0.02147068063193747,1.1931036389921974,0.11295410581048115,0.09467250050395232,0.6043560795284244,0.07716388583608086,-0.5271921936923436,2.425262375584039,1.3795859660953365,1.1906106079582595,1.1744595521325956,-1.0456764094887026,-0.016151055825663896
Partial targets (auxiliary),TargetWeighted,2,3,30027,1052730,0.21389323214624384,18.43620204558044,0.8322308772764205,0.0451411236852068,9.217073743553895,1.5327244778605262,0.32610748558105246,0.03538080461332023,1.8417058310303267,0.391847371404683,1.8319763984725042,0.21389323214624384,0.7837819240440316,0.03365750931396564,0.0320243912914378,0.9514780632733618,0.024444666466846506,0.0189496120158524,-0.005495054450994106,1.2963475998555731,1.2863651854526543,0.8572140687132687,0.8540620665802334,-0.009982414402918804,-0.0031520021330352366
Partial targets (auxiliary),TargetWeighted,2,4,30027,1052730,0.21389323214624384,4.065574205609713,16.78516144034662,4.128607805485443,6.065388505777349,1.215473784519246,0.25872379285284736,0.04265576593813446,0.07241358911648395,0.015413839993031739,0.07206323976562538,0.21389323214624384,0.01033175536270184,1.299181845518785,0.05718017398879325,0.04401244810023941,0.6973390615113065,0.03816565091417724,-0.6591734105971293,1.8748759095457261,1.0726049090473766,1.208828245269298,1.2129545081389859,-0.8022710004983495,0.004126262869687869
Partial targets (auxiliary),TargetWeighted,2,5,30027,1052730,0.21389323214624384,16.06612641306476,8.581431836308726,0.5341319749600064,4.761933932625821,0.3310423122193098,0.06934215812843748,0.01456176397318962,0.03857658234059232,0.008080488124865174,0.037778136624533255,0.21389323214624384,0.0272624826507627,0.46758362875172166,0.019443466237382256,0.04158286267092074,0.2515402804142938,0.04069670629766543,-0.2108435741166284,0.736675400223622,0.7054516786385526,2.664553986459023,2.662793095190177,-0.031223721585069364,-0.0017608912688462652
Partial targets (auxiliary),TargetWeighted,2,6,30027,1052730,0.21389323214624384,1.6175327258097163,6.917511773742891,4.276582241953869,6.661212984715036,2.6083051650126494,0.5551689185642449,0.08334351701480082,0.3770582901127147,0.08025557974024253,0.3752132556173509,0.21389323214624384,0.0194883465591532,0.590008700437861,0.1074326674746055,0.18208657867928235,0.5804442668265228,0.06664002397841942,-0.5138042428481034,3.054821475139711,2.669877746256159,1.051628898735417,1.036953249103252,-0.384943728883552,-0.014675649632164944
Partial targets (auxiliary),TargetWeighted,2,7,30027,1052730,0.21389323214624384,7.546184807591265,2.2568760376104366,0.299075107774902,6.291781704441485,0.628936481648818,0.13194684360588824,0.02097130027620499,0.2786756863828349,0.058464373240875396,0.2733343636958008,0.21389323214624384,0.0701205116367754,0.08081965350906077,0.025292609386653515,0.3129511840125137,0.059712925034135944,0.015186332300929164,-0.04452659273320678,1.7164730173491045,1.6999815307271253,1.4025117732000782,1.401099369096945,-0.01649148662197919,-0.001412404103133147
Partial targets (auxiliary),TargetWeighted,2,8,30027,1052730,0.21389323214624384,3.127123606665518,10.125541296014715,3.2379728265464855,9.594365258631404,1.5392182694138723,0.32623927080225945,0.034003215602901066,0.15201343048193924,0.032219440022279965,0.15063327713855856,0.21389323214624384,0.010501390011402248,1.192583023966518,0.015927912617534633,0.013355810173282922,0.6501815033136844,0.009125120724681121,-0.6410563825890033,2.7214033351361904,1.6089289488100356,0.6596731370313266,0.6607894472682193,-1.1124743863261548,0.001116310236892737
Partial targets (auxiliary),TargetWeighted,3,1,30027,1052730,0.21389323214624384,0.7780412484982723,5.543772351963643,7.125293538627878,1.287310469244714,2.763207494645382,0.5877819023811988,0.4565968442407616,0.4984345161074822,0.10602562010194126,0.4956941090707721,0.21389323214624384,0.06408112748262683,0.5030029062440262,0.1942993728593474,0.3862788198330946,0.40866553435241615,0.1577580177839944,-0.25090751656842175,3.040138009281182,2.688966107409054,2.785903609253082,2.7431229986869177,-0.351171901872128,-0.042780610566164334
Partial targets (auxiliary),TargetWeighted,3,2,30027,1052730,0.21389323214624384,2.054673639002528,14.01976932124184,6.823355781122684,2.665167710186824,0.8121840460713812,0.17388784219304698,0.06524461514221616,0.05793134158502162,0.01240304587647908,0.05798708623061044,0.21389323214624384,0.009561954138035811,1.3233410488684454,0.07536074076555264,0.05694733059215412,0.6818863023279049,0.07539880773970094,-0.606487494588204,2.3085124679301763,1.4010260026513721,2.213093822625312,2.203308053461927,-0.9074864652788042,-0.009785769163384916
Partial targets (auxiliary),TargetWeighted,3,3,30027,1052730,0.21389323214624384,11.23003856907231,8.463539301484044,0.7536518456184323,6.477060935409726,1.2022589129649992,0.252115786468561,0.03892441164186276,0.1420515541687947,0.02978845813671226,0.13926787886241487,0.21389323214624384,0.05164773542542681,0.9330118560141829,0.062284921857813404,0.06675683785662229,0.4873613747627136,0.04149598694508276,-0.4458653878176308,1.8052065378061666,1.1328093841121416,1.205484341404827,1.1935681321870486,-0.672397153694025,-0.011916209217778473
Partial targets (auxiliary),TargetWeighted,3,4,30027,1052730,0.21389323214624384,7.026296589488347,9.450862396379971,1.345070231886906,3.0087558770500586,0.7436576711379668,0.15899075223996695,0.05284268920728221,0.07868675250588215,0.016822882971255344,0.07865083909361262,0.21389323214624384,0.039286193063904865,1.3019907288095967,0.07240645926773492,0.05561211543941993,0.7131248542977986,0.12805142038831718,-0.5850734339094814,2.1508652809889237,1.2649727597244909,2.612676008653557,2.6052158638482403,-0.8858925212644329,-0.007460144805316649
Partial targets (auxiliary),TargetWeighted,3,5,30027,1052730,0.21389323214624384,4.578372151903653,9.582337913192163,2.0929574037091596,3.4772782209031625,0.2536833580076912,0.05678678382790498,0.016330813946158,0.02647405675327944,0.0059261929899658145,0.027706312413152058,0.21389323214624384,0.007802745454441125,0.9997736542199069,0.024854530861784994,0.024860157604949744,0.5476071535617943,0.03603423585439771,-0.5115729177073967,1.7974636942049949,1.2689196860766234,1.7938374461857165,1.7917052252292385,-0.5285440081283714,-0.002132220956478026
Partial targets (auxiliary),TargetWeighted,3,6,30027,1052730,0.21389323214624384,6.03655422548323,2.9498693633350643,0.4886677479008727,3.5954750752314375,0.5949021819757293,0.12622197422163559,0.0351057846959078,0.20167068662540288,0.042789004612408144,0.2000484175332304,0.21389323214624384,0.07183978097247226,0.31073983063027677,0.04303451996859564,0.13849051309709207,0.27898224930895527,0.03043927132247644,-0.24854297798647884,1.7984990218973367,1.8894126965525666,1.9361557841255699,1.9335909249072747,0.09091367465522993,-0.00256485921829519
Partial targets (auxiliary),TargetWeighted,3,7,30027,1052730,0.21389323214624384,1.0772991158014695,14.362391147209035,13.331850739713508,2.1350785079939287,0.16030131691513125,0.03428487178365884,0.016057897400359837,0.011161185847154,0.002387128397241148,0.011160373152925571,0.21389323214624384,0.0012044762352822552,1.0284596703107036,0.019143075953197194,0.01861334607440708,0.54494288473707,0.024644486628700835,-0.5202983981083691,2.93579719428519,1.686300716515838,2.49257497160689,2.4942176025377836,-1.2494964777693522,0.0016426309308936737
Partial targets (auxiliary),TargetWeighted,3,8,30027,1052730,0.21389323214624384,10.496487294063526,10.219411653300888,0.9736030118708977,1.5283867911568385,1.5099229405985322,0.32327036918053,0.211510835435013,0.14775047628434848,0.03163297260461989,0.14789140735447678,0.21389323214624384,0.21724545906664192,0.4702949223765837,0.13991805508434874,0.2975112965331951,0.2586005927998135,0.13171479002231326,-0.12688580277750025,0.8705535743708899,0.8239796983003985,2.8746449482378913,2.852983181546615,-0.04657387607049135,-0.021661766691276174
All current-valid (auxiliary),EdgeWeighted,1,1,91064,3058206,0.2064381705654725,17.23958766992953,6.515938394947963,0.37796370284040326,10.697770788297566,1.3829450701205654,0.2841033249043557,0.026557245454311623,0.21224035344938316,0.04360129075017317,0.2112074938402438,0.2064381705654725,0.07026400829522365,0.37897518514551304,0.05576883857395507,0.14715696248283958,0.21149948695411624,0.0340238688956859,-0.17747561805843035,1.0046344105760883,0.9012932189869931,1.343312538485482,1.337874687631021,-0.10334119158909516,-0.005437850854461024
All current-valid (auxiliary),EdgeWeighted,1,2,91064,3058206,0.2064381705654725,9.962680440669201,10.442857996285985,1.0481976259295287,7.344975853188905,3.2255940896479816,0.6631602712722261,0.09028760388387547,0.3088803934427112,0.06350371429670332,0.30761613051788605,0.2064381705654725,0.08613604990990992,0.7245309202770823,0.14497914188725824,0.20010069388178345,0.40055738560450144,0.09553705669271462,-0.3050203289117868,1.5309374108772458,1.3534962525806267,1.4350417768458126,1.4188232164985821,-0.1774411582966191,-0.01621856034723046
All current-valid (auxiliary),EdgeWeighted,1,3,91064,3058206,0.2064381705654725,7.446645386231642,17.571622256734432,2.3596695319514627,31.877168633079958,1.2602732626692534,0.25404678017559845,0.007969552848939992,0.0717220779924873,0.014457787466587246,0.07003446468567337,0.2064381705654725,0.00337740209264604,1.317973554365155,0.025157744169976133,0.019088200894298045,0.6903076509561488,0.013823136832508994,-0.6764845141236397,1.6633614074289094,1.183241496831699,0.6578974561859176,0.6565186200218031,-0.48011991059721026,-0.0013788361641144942
All current-valid (auxiliary),EdgeWeighted,1,4,91064,3058206,0.2064381705654725,8.92707630025001,15.895216720391195,1.7805624336537162,5.78477979791286,0.9198274382120606,0.189104911137025,0.03269007938354939,0.05786819102965592,0.011896969657259334,0.05762969633171212,0.2064381705654725,0.018359411937538855,0.579749051156075,0.04742039698289835,0.08179469387727432,0.3374311606216193,0.03306709881544932,-0.30436406180617,1.1659179902228207,1.0392055357369823,1.4580764783261497,1.4586311966282213,-0.12671245448583845,0.000554718302071544
All current-valid (auxiliary),EdgeWeighted,1,5,91064,3058206,0.2064381705654725,12.029461970365691,10.169938623489056,0.8454192415328531,8.352837961931268,0.14234005567882085,0.031650134092726656,0.0037891473771050287,0.013996156791949831,0.0031121263591998953,0.015075342897690745,0.2064381705654725,0.004481974322485347,0.9270811736322829,0.007846092231909095,0.008463220234034181,0.45219517586454283,0.004364650386533804,-0.447830525478009,1.402254888172707,0.86638445680259,0.8648152755531379,0.8631513791126141,-0.535870431370117,-0.0016638964405237822
All current-valid (auxiliary),EdgeWeighted,1,6,91064,3058206,0.2064381705654725,22.32321396946666,1.252935872490413,0.056127037694611914,4.569176501153892,0.18564821840792667,0.03831546167409723,0.0083856383268549,0.14817056563095693,0.03058054463085457,0.14813415109108588,0.2064381705654725,0.14940458604702103,0.16742246937439306,0.013232370735686757,0.07903580681120066,0.134228694862282,0.01483059022184902,-0.11939810464043299,1.5752536303907938,1.5745907122478924,1.844538321547658,1.8442679422568122,-0.0006629181429014253,-0.0002703792908458347
All current-valid (auxiliary),EdgeWeighted,1,7,91064,3058206,0.2064381705654725,6.871955075405783,12.42446523859317,1.8079956990666968,11.12070721567334,1.34102219934445,0.2759028680678415,0.024809831107763563,0.10793399736027229,0.022206417946163286,0.10756933569815325,0.2064381705654725,0.013722284286045466,1.2488187638614463,0.04515489368613669,0.03615808364772912,0.6874000639590662,0.027907864937809945,-0.6594921990212562,1.756598568648267,1.0428613811977265,1.0061806690567334,1.0047174322008172,-0.7137371874505405,-0.0014632368559162057
All current-valid (auxiliary),EdgeWeighted,1,8,91064,3058206,0.2064381705654725,6.10413464643386,8.740892746489395,1.4319626349127714,7.142875010701842,1.6657020950958814,0.33912536173860985,0.04747743181222401,0.19056429835032973,0.03879756578489504,0.18793793705515763,0.2064381705654725,0.03315549604655792,0.4714640023048538,0.06364567585275488,0.13499583041685245,0.33246190740584514,0.07916732881957592,-0.25329457858626925,1.757644912333908,1.5648033906203807,1.5768864610548639,1.5729887106032003,-0.1928415217135273,-0.0038977504516635175
All current-valid (auxiliary),EdgeWeighted,2,1,91064,3058206,0.2064381705654725,5.2534589954946345,11.85752540007072,2.257089164999449,6.711954158625651,1.4789375010028891,0.30343017170329784,0.04520742604615082,0.12472564467345032,0.025589670796369653,0.12395803298728363,0.2064381705654725,0.020029082832388252,0.4801285131499087,0.10015298834792921,0.20859620605514168,0.300917269798045,0.10228545755256513,-0.19863181224547988,1.4575168455564143,1.3825483070644957,1.6793916365481938,1.6693199072958793,-0.07496853849191853,-0.010071729252314476
All current-valid (auxiliary),EdgeWeighted,2,2,91064,3058206,0.2064381705654725,4.3880404778216455,8.900946009845462,2.028455761643202,10.123372835710281,2.1017374660340074,0.43130288236227055,0.04260466239224139,0.23612517830666468,0.048455847434715565,0.23472328278609123,0.2064381705654725,0.0210034958552379,1.1994643740450242,0.11718486731011578,0.09769766311436975,0.5913342659062208,0.08211938633303316,-0.5092148795731877,2.675619982852234,1.5268049148881404,1.3434948415392376,1.324966233474687,-1.1488150679640936,-0.01852860806455059
All current-valid (auxiliary),EdgeWeighted,2,3,91064,3058206,0.2064381705654725,19.01442444497588,0.8436825294556637,0.044370658257546186,8.946727851998684,1.5379350377645598,0.31436282908533525,0.03513718467067658,1.8228835679790427,0.3726079590175699,1.8049372359169582,0.2064381705654725,0.7919011827075817,0.03244418176147832,0.030779509647585784,0.9486909051046526,0.02482697372250267,0.019004278979244695,-0.005822694743257976,1.3973988634036714,1.38628850747311,0.9603738664084768,0.957976800216578,-0.011110355930561422,-0.0023970661918987224
All current-valid (auxiliary),EdgeWeighted,2,4,91064,3058206,0.2064381705654725,4.175620025990484,17.071418984071958,4.088355462645084,6.33409725589296,1.2205917102279982,0.24976362988214437,0.0394316063359241,0.07149913610882891,0.014630513724071483,0.07087116193330027,0.2064381705654725,0.009644857596106398,1.361383988535096,0.0527606991971868,0.03875519269652019,0.7319794677009985,0.033744947201071476,-0.6982345204999271,2.014326597850092,1.145634988490354,1.1907371895243253,1.1942418005649023,-0.8686916093597381,0.003504611040576977
All current-valid (auxiliary),EdgeWeighted,2,5,91064,3058206,0.2064381705654725,16.191096097292544,8.723951756284972,0.5388116838090822,4.940195698238488,0.3389072468111432,0.0679614151029064,0.013756826473406905,0.03884790469852222,0.007790209864015243,0.03773628426038445,0.2064381705654725,0.025531788993208782,0.4411773643457789,0.018876071374783716,0.042785674135658036,0.23639283946208986,0.04305530758882822,-0.19333753187326164,0.7796868493524448,0.734116626031288,2.8349760041580647,2.8331961734420505,-0.04557022332115679,-0.0017798307160141746
All current-valid (auxiliary),EdgeWeighted,2,6,91064,3058206,0.2064381705654725,1.669742169975611,7.0409346783939055,4.216779550060087,6.573178780502254,2.6059276592568157,0.5333555159747877,0.08114118495383786,0.3701110398811623,0.07575066941807558,0.36694117924591485,0.2064381705654725,0.019242453582914265,0.5600078007566449,0.09832186747133556,0.17557231449770255,0.575065904651289,0.05998222487301379,-0.5150836797782753,3.28445221581277,2.913065796968125,1.0479950778973512,1.0385414919012126,-0.37138641884464496,-0.009453585996138658
All current-valid (auxiliary),EdgeWeighted,2,7,91064,3058206,0.2064381705654725,7.825685315440839,2.297322784019204,0.29356186563632247,6.693727651897522,0.6452825562010039,0.12894318867112037,0.01926328574810405,0.2808845835164816,0.056127588603050484,0.27188569696413034,0.2064381705654725,0.06561916702006723,0.08128202747655978,0.02604006194024134,0.32036674705344104,0.05750626347603791,0.016974330702379106,-0.04053193277365881,1.7848871887140894,1.76829325669005,1.559928980405228,1.558751572981119,-0.01659393202403936,-0.0011774074241091004
All current-valid (auxiliary),EdgeWeighted,2,8,91064,3058206,0.2064381705654725,2.8778263071685575,10.240527698677477,3.558424508659352,9.364384355358716,1.5555483538766501,0.3158087904251254,0.0337244583416913,0.15190119084962106,0.030839112925549694,0.14938667276119,0.2064381705654725,0.009477356668618363,1.2474439927263676,0.014829642367939537,0.011888022496824241,0.6889238331230794,0.008423565972992009,-0.6805002671500874,2.9824772730620084,1.7693685479627965,0.6824226909479943,0.6827025075544376,-1.2131087250992119,0.0002798166064432728
All current-valid (auxiliary),EdgeWeighted,3,1,91064,3058206,0.2064381705654725,0.751239466217343,5.63420802917201,7.499882803738553,1.26634814650605,2.772486020490037,0.5671495403410411,0.4478622544891995,0.49208087475901496,0.10066180311375016,0.4876123342979423,0.2064381705654725,0.05971590031630753,0.4891181122136888,0.1908683572528336,0.3902295756063725,0.3989633137859255,0.14580574362878107,-0.2531575701571444,3.2490326230147692,2.921589317768224,2.976775214175364,2.9285891304686076,-0.3274433052465451,-0.04818608370675648
All current-valid (auxiliary),EdgeWeighted,3,2,91064,3058206,0.2064381705654725,2.122736242746786,14.237673950309013,6.707227019789056,2.5887276450907692,0.8034518008507759,0.16629175794295278,0.06423686849249581,0.056431394839535846,0.011679699816594452,0.05657722706430364,0.2064381705654725,0.009577261692082022,1.3700146768326218,0.07254920001403085,0.052955052753309924,0.7108180416884932,0.07554952151686316,-0.63526852017163,2.4534608194443357,1.5023527055234904,2.3565786418447106,2.3461423145708244,-0.9511081139208453,-0.010436327273886103
All current-valid (auxiliary),EdgeWeighted,3,3,91064,3058206,0.2064381705654725,11.632171102722655,8.5080314568484,0.7314224811860585,6.502603611003444,1.2307295865556669,0.24710631426602714,0.03800113441758505,0.14465503464005894,0.02904388814602749,0.14069048693643244,0.2064381705654725,0.051955107855602374,0.9525297011542271,0.059802300116963,0.06278260868576752,0.5045458023429422,0.039539847871595306,-0.4650059544713469,1.9074876250946617,1.2212310834040963,1.2480972243671404,1.237716759861914,-0.6862565416905655,-0.010380464505226339
All current-valid (auxiliary),EdgeWeighted,3,4,91064,3058206,0.2064381705654725,6.035928845188071,9.578156272843994,1.5868570525994963,3.058001357124656,0.7478363442122821,0.1534251375514979,0.050171703388006916,0.0780772752217226,0.01601823284365351,0.07759336378462837,0.2064381705654725,0.031617027500774754,1.3613071451193963,0.07100282301515307,0.05215782694459254,0.7488681272615383,0.1259094384093158,-0.6229586888522225,2.3712302274551806,1.381954636086138,2.779252411443012,2.771429550449615,-0.9892755913690425,-0.007822860993397018
All current-valid (auxiliary),EdgeWeighted,3,5,91064,3058206,0.2064381705654725,4.992716905449957,9.680542230753536,1.9389327283501911,3.7446445463559406,0.24832710415070144,0.053682891446884914,0.014335911096225866,0.02565218951323656,0.0055454426117669845,0.02686248540157149,0.2064381705654725,0.007393712433998138,1.1027952571482547,0.02445070367595064,0.022171571101477716,0.5985306418207276,0.03770020724568587,-0.5608304345750417,1.9755088555692468,1.333161306455175,1.9858498235684316,1.9837660908042452,-0.6423475491140718,-0.0020837327641864967
All current-valid (auxiliary),EdgeWeighted,3,6,91064,3058206,0.2064381705654725,5.838629382091311,3.0033981583326357,0.514401233001854,3.867231601507741,0.6003529777100431,0.12223092005864765,0.03160682688229081,0.19989123787850435,0.04069754098788216,0.19714154075764495,0.2064381705654725,0.0614439162274281,0.32924106997496533,0.0412979247604903,0.12543369364366833,0.3037728655296602,0.029325689636342352,-0.27444717589331785,1.9690552040091318,2.0616319222484645,1.9794666897795536,1.9780023941025726,0.09257671823933267,-0.0014642956769810311
All current-valid (auxiliary),EdgeWeighted,3,7,91064,3058206,0.2064381705654725,1.0385863402011382,14.54008929425514,13.99988483522745,2.2119494820857066,0.1584172166614006,0.03277210353159515,0.014815936642700395,0.010895202453470488,0.002253913497079033,0.01091810386482358,0.2064381705654725,0.0010582898935594556,1.0755999229724889,0.01853057838480477,0.017228132706920442,0.5860877259412871,0.023507572740358237,-0.5625801532009289,3.1721643987518484,1.8510196877319085,2.6164986032735054,2.6185055683147387,-1.32114471101994,0.0020069650412333218
All current-valid (auxiliary),EdgeWeighted,3,8,91064,3058206,0.2064381705654725,10.49925105938167,10.436365815441322,0.9940105009848047,1.6368694601071996,1.5012541890866973,0.3100387297463331,0.18940956222124938,0.1438483677361141,0.029707537559725442,0.14390524794566092,0.2064381705654725,0.19055086453119494,0.4244091049844137,0.1334160880398276,0.31435726361514943,0.2338377467050944,0.12663044935494863,-0.10720729735014578,0.8996068102417523,0.8502338748758895,3.0477494038428885,3.0287142181848288,-0.049372935365862736,-0.019035185658059728
All current-valid (auxiliary),TargetWeighted,1,1,91064,3058206,0.20770459335948938,17.614537760518584,6.506773963215954,0.3693979398145961,10.602735314658736,1.3802923576111348,0.28566892250494064,0.026942945735951896,0.21213159751558563,0.043903311177067,0.21137379945826412,0.20770459335948938,0.07293745336018996,0.3524666048527737,0.05235045088353283,0.14852598424222324,0.19394052534481243,0.031505314943336554,-0.16243521040147588,0.9155331452008904,0.8238011390443046,1.2235935272322278,1.2193370896533828,-0.09173200615658572,-0.004256437578844974
All current-valid (auxiliary),TargetWeighted,1,2,91064,3058206,0.20770459335948938,9.943917724706116,10.438549903854518,1.0497421823414772,7.256401514658718,3.2220749912611173,0.667445694396259,0.09198025937899712,0.30867074621012563,0.06394046107021002,0.30784325448744937,0.20770459335948938,0.08762176089524683,0.7104184618820162,0.13508061808976482,0.19014232235813616,0.3900224018272863,0.08786128437143108,-0.3021611174558552,1.3753440254473352,1.2048047419224157,1.325258896456352,1.3101989377055532,-0.17053928352491954,-0.015059958750798907
All current-valid (auxiliary),TargetWeighted,1,3,91064,3058206,0.20770459335948938,7.696452781749397,17.560967280976435,2.2816962250196355,31.33742918304563,1.2655424797241117,0.25782987644691013,0.008227537583208244,0.07206564756682855,0.014681986030427491,0.07068685909197842,0.20770459335948938,0.0036058864703072276,1.2821776089806456,0.024720196606755854,0.01927985346243125,0.6715167354827374,0.013594834402178688,-0.6579219010805587,1.5118303116936238,1.08096463778644,0.6031411399027063,0.6020708374191092,-0.4308656739071839,-0.0010703024835971853
All current-valid (auxiliary),TargetWeighted,1,4,91064,3058206,0.20770459335948938,9.175161728195691,15.888426262379115,1.7316780581901323,5.972173672384752,0.916986994864844,0.18988253203776712,0.031794542847579245,0.05771414859752094,0.011950996831439764,0.05753843024246945,0.20770459335948938,0.018360539081498786,0.571016606105919,0.043533217952096324,0.0762380931206059,0.32695686550118597,0.029309057366247913,-0.2976478081349381,1.0608416529392495,0.9279466181856535,1.3210440949950788,1.3209491065289505,-0.132895034753596,-9.498846612832068e-05
All current-valid (auxiliary),TargetWeighted,1,5,91064,3058206,0.20770459335948938,12.359958745071467,10.160302691063864,0.8220337051606217,8.44542081247768,0.1423122465611963,0.03152390052510771,0.003732661899002845,0.014006693574817911,0.00310265367603732,0.014937818545443274,0.20770459335948938,0.0045407649712682395,0.8814276331685454,0.0067645881195974086,0.0076745813136517346,0.4321905473073882,0.0038324694720196784,-0.4283580778353685,1.2509190879469791,0.7822773825441259,0.7964937293694565,0.7953921074198248,-0.4686417054028532,-0.0011016219496317037
All current-valid (auxiliary),TargetWeighted,1,6,91064,3058206,0.20770459335948938,22.32045466440384,1.263743939915018,0.056618198793424515,4.561473790612891,0.1862080949891114,0.03870907782021867,0.008486090134951038,0.1473463789889029,0.030630475281659478,0.14747133566724616,0.20770459335948938,0.1498827023283822,0.15365330768679583,0.01276478769376128,0.08307524943770363,0.12011332689097777,0.013935254326627428,-0.10617807256435034,1.3834927553694223,1.3807085478905514,1.674588457749135,1.6742688948255358,-0.0027842074788708704,-0.0003195629235992481
All current-valid (auxiliary),TargetWeighted,1,7,91064,3058206,0.20770459335948938,7.077638860189648,12.418391375059073,1.754595226292793,10.931708287448856,1.33717147318269,0.2771448213936438,0.025352379870794885,0.10767670559904238,0.02231728835081529,0.10744724955464346,0.20770459335948938,0.014449132966051367,1.2210155086386254,0.042282525685805726,0.03462898303942013,0.6706272511640166,0.026168409031011156,-0.6444588421330054,1.5798432733793286,0.9481191866157893,0.9240905176562402,0.9231101585353073,-0.6317240867635393,-0.000980359120932861
All current-valid (auxiliary),TargetWeighted,1,8,91064,3058206,0.20770459335948938,6.182220900404951,8.73135500270894,1.4123330643221894,7.584913447201851,1.6695949473603915,0.3430552172984689,0.045228626435116284,0.19121830975034337,0.03929003193652465,0.18916302913384425,0.20770459335948938,0.03202405102409892,0.4571517967510918,0.06008327207720659,0.1314295846366861,0.30979311253623826,0.07448607572696125,-0.235307036809277,1.578931999820903,1.393668133605126,1.427513835024855,1.4235118400845754,-0.18526386621577706,-0.004001994940279641
All current-valid (auxiliary),TargetWeighted,2,1,91064,3058206,0.20770459335948938,5.1211740251369555,11.845073003062344,2.312960450434208,6.774244293402026,1.4771630934000366,0.3054182511273779,0.04508521356013052,0.12470696396477009,0.025784412708184493,0.12413982305224862,0.20770459335948938,0.019492427272910125,0.461820636284843,0.09653212985577157,0.20902514998481084,0.29281604146534307,0.09536150399718879,-0.19745453746815428,1.401910191749515,1.3034678131742028,1.528060612422064,1.5193808846671573,-0.09844237857531213,-0.008679727754906663
All current-valid (auxiliary),TargetWeighted,2,2,91064,3058206,0.20770459335948938,4.410384258487977,8.89664705336159,2.017204513658319,10.139831748814155,2.0999107934741525,0.43424357005809705,0.042825520224300195,0.23603395509776498,0.04880980069968275,0.23499623941990394,0.20770459335948938,0.021230132949847644,1.1508506059636028,0.1082081394934618,0.09402448762028036,0.567271369586225,0.07418958095405428,-0.4930817886321708,2.422519593703419,1.3790997124115694,1.214102012786798,1.1967748562178884,-1.0434198812918498,-0.017327156568909707
All current-valid (auxiliary),TargetWeighted,2,3,91064,3058206,0.20770459335948938,18.76155581290232,0.8437035619041217,0.044969807934276365,8.857428155046835,1.5393521060630722,0.31738498144861804,0.035832633980717114,1.8245177066027685,0.37618067769029856,1.8111330784480277,0.20770459335948938,0.7968151890916415,0.03169420149386709,0.031177359173482976,0.9836925326101226,0.023642712817359218,0.01932706667838004,-0.004315646138979178,1.2329500064395786,1.222439804784732,0.8956465197391138,0.893474873007416,-0.010510201654846618,-0.002171646731697785
All current-valid (auxiliary),TargetWeighted,2,4,91064,3058206,0.20770459335948938,4.224490077891079,17.063739608703283,4.039242430137107,6.341569945754225,1.2190297089516733,0.25148688251804163,0.039656880594662054,0.07143977441003113,0.014738087203486802,0.07095695986081989,0.20770459335948938,0.009817900554965439,1.3433950217089432,0.050699300583551495,0.03773968146886514,0.7211301941491698,0.033525871914258105,-0.6876043222349116,1.8442467471620352,1.0505920637282842,1.1005052186276862,1.1027056559981132,-0.793654683433751,0.0022004373704269664
All current-valid (auxiliary),TargetWeighted,2,5,91064,3058206,0.20770459335948938,16.03488088424408,8.717486104178967,0.5436576773893104,4.927052449123631,0.34452933339613806,0.06993190058192254,0.014193455653679247,0.03952163833513449,0.008022026036632109,0.03862228331428846,0.20770459335948938,0.026107339200586686,0.43859085189507413,0.0190674251342128,0.043474287293232244,0.23384652552051305,0.039949925327242376,-0.19389660019327068,0.7182900195242748,0.6804637529359098,2.6113335698515283,2.6098023631927414,-0.037826266588365076,-0.001531206658786921
All current-valid (auxiliary),TargetWeighted,2,6,91064,3058206,0.20770459335948938,1.693715229325289,7.04189324169099,4.15766067293355,6.574109217943367,2.6042637119417678,0.5374113272343292,0.08174663800078844,0.3698243666667907,0.07631631267703172,0.3674271607016122,0.20770459335948938,0.019661690607976668,0.556652363814939,0.09489799032425392,0.17047980892254863,0.555971624352104,0.05869498374769393,-0.49727664060441007,3.0203292857014796,2.653539308253499,0.9729182149157254,0.9652015434477137,-0.3667899774479806,-0.007716671468011693
All current-valid (auxiliary),TargetWeighted,2,7,91064,3058206,0.20770459335948938,7.813955208985962,2.3084433390016614,0.29542571902545844,6.598969898188178,0.6509853345360197,0.13176931905383218,0.019968164863174976,0.2820018671099523,0.05708146102472855,0.27482039445189155,0.20770459335948938,0.06759115033428321,0.08235780147607062,0.02501598651004519,0.30374758704356397,0.057684705262233155,0.01606562417640341,-0.04161908108582975,1.6650758736802607,1.6474328426133382,1.410712148072285,1.409765401367211,-0.017643031066922443,-0.0009467467050741085
All current-valid (auxiliary),TargetWeighted,2,8,91064,3058206,0.20770459335948938,3.0333266580551084,10.232603098085278,3.3733930492379716,9.399060604421829,1.554364808067328,0.31855813112959264,0.03389254992576599,0.15190316595384692,0.031131680547434145,0.14988440334927144,0.20770459335948938,0.01004702070900155,1.216062160989644,0.015965670482946445,0.013128991974113805,0.6733835544232628,0.009070543793376087,-0.6643130106298867,2.7157831590857207,1.6031510259303057,0.6524108495646413,0.6525751790162402,-1.112632133155415,0.0001643294515988325
All current-valid (auxiliary),TargetWeighted,3,1,91064,3058206,0.20770459335948938,0.7954930325589235,5.630797053628633,7.078373728468594,1.268652625056673,2.7703274405026144,0.571393665061574,0.4503941025874658,0.49199561078078397,0.10147651542130927,0.48856170628860124,0.20770459335948938,0.06362960183067538,0.47439800196376786,0.18360697393267889,0.38703149950531807,0.3768009312132127,0.1376065184924888,-0.23919441272072386,2.9966922330416272,2.664893414783895,2.7467593463356916,2.6981030159854265,-0.3317988182577323,-0.048656330350265176
All current-valid (auxiliary),TargetWeighted,3,2,91064,3058206,0.20770459335948938,2.0782857257038723,14.2312396891126,6.847585702306125,2.596498857114781,0.8048435949438,0.1676942660319796,0.06458476379707448,0.0565547072469018,0.011783531834014172,0.05673216502389965,0.20770459335948938,0.009431756900976954,1.3251117826336916,0.0702971090870304,0.05304994603309144,0.6865720811736801,0.06906131951155231,-0.6175107616621278,2.269490816325964,1.3826469310605454,2.1576037849853087,2.147724790917915,-0.8868438852654186,-0.009878994067393787
All current-valid (auxiliary),TargetWeighted,3,3,91064,3058206,0.20770459335948938,11.702862540243224,8.497750263283365,0.7261257856187291,6.511070747051671,1.2424991916703607,0.2523965246608355,0.03876421161411631,0.14621507478005508,0.029701570008989497,0.14299909356165227,0.20770459335948938,0.05338498074026618,0.9138877990655782,0.057033749809989924,0.0624078242911514,0.48469208468769215,0.03778661161381007,-0.44690547307388206,1.7167904726083698,1.098519363131046,1.1351649698395971,1.1247744111501918,-0.6182711094773239,-0.010390558689405305
All current-valid (auxiliary),TargetWeighted,3,4,91064,3058206,0.20770459335948938,6.5610070528687645,9.562576187173617,1.457486037668192,3.059245990000972,0.7508205611234039,0.15534782565802432,0.0507797756891649,0.07851655721659208,0.016245394803122197,0.07821393719909576,0.20770459335948938,0.03484065989544574,1.3053213389125125,0.06967710033547812,0.053379269705139974,0.7176491258894844,0.11644557673723974,-0.6012035491522446,2.1282193170489236,1.2525032101355578,2.556778234921956,2.5492218759083785,-0.8757161069133659,-0.0075563590135776515
All current-valid (auxiliary),TargetWeighted,3,5,91064,3058206,0.20770459335948938,4.945319019213211,9.673809372546806,1.9561547627971512,3.6929207402256656,0.24362792221363447,0.05273692863255864,0.014280547078985113,0.025184279799143092,0.0054515162070181995,0.026246487169005427,0.20770459335948938,0.007300315536160274,1.0552539378901946,0.022468946354457318,0.021292454199655215,0.5760344373188088,0.033877273126592285,-0.5421571641922165,1.798745456907104,1.2293431023873658,1.8054704430937991,1.8037245590683597,-0.5694023545197382,-0.0017458840254394037
All current-valid (auxiliary),TargetWeighted,3,6,91064,3058206,0.20770459335948938,5.962687491608846,3.013568947001134,0.5054044751109321,3.83228591051705,0.6030144384883722,0.1238988743095762,0.032330279337002034,0.20009976446281308,0.041113668237699984,0.19794298042851552,0.20770459335948938,0.06396911837833374,0.3201697839689329,0.03953598869748488,0.12348444307435569,0.2848985328999385,0.028210928577703593,-0.2566876043222349,1.7620456167515297,1.8486719194537933,1.805074338863239,1.8044227347038244,0.08662630270226357,-0.000651604159414676
All current-valid (auxiliary),TargetWeighted,3,7,91064,3058206,0.20770459335948938,1.0558821177503501,14.531947970159909,13.762850595001076,2.1953182799499675,0.1602110960658998,0.03336448937521598,0.015198019133697636,0.011024750176964014,0.0022959406007210907,0.011053874413882586,0.20770459335948938,0.0011042784354699784,1.027411442204199,0.018137451407058185,0.017653542179373476,0.5584643767020996,0.02178687516471932,-0.5366775015373803,2.919205866924441,1.690229271064012,2.401013697233261,2.403097824238128,-1.2289765958604288,0.0020841270048665983
All current-valid (auxiliary),TargetWeighted,3,8,91064,3058206,0.20770459335948938,10.464992997842234,10.438099254608645,0.9974301221975556,1.6130795913310918,1.4966440996531951,0.31114413096306864,0.192888268319999,0.1433828192003986,0.029808504697596813,0.14351393380533353,0.20770459335948938,0.19338524282901318,0.42116831553663414,0.12879311135733065,0.30579961395061733,0.22943204779056486,0.12345163840815251,-0.10598040938241235,0.8299846093934823,0.7883832321840936,2.821107521134718,2.8052275080791103,-0.041601377209388724,-0.015880013055607822
